cell,tag,env,engine,l_min,tau,n_qtn,a_n,a_TP,a_PR,C_n,C_TP,C_PR
V0.5_c1,bgs,1,emmax,2,0.01,22,18,8,0.161616161616162,73,12,0.0896637608966376
V0.5_c1,bgs,1,emmax,2,0.02,22,18,8,0.161616161616162,70,12,0.0935064935064935
V0.5_c1,bgs,1,emmax,2,0.05,22,18,8,0.161616161616162,54,11,0.101851851851852
V0.5_c1,bgs,1,emmax,2,0.1,22,18,8,0.161616161616162,44,10,0.103305785123967
V0.5_c1,bgs,1,emmax,2,0.15,22,18,8,0.161616161616162,37,10,0.122850122850123
V0.5_c1,bgs,1,emmax,2,0.2,22,18,8,0.161616161616162,29,10,0.156739811912226
V0.5_c1,bgs,1,emmax,2,0.3,22,18,8,0.161616161616162,22,10,0.206611570247934
V0.5_c1,bgs,1,emmax,2,0.4,22,18,8,0.161616161616162,19,10,0.239234449760766
V0.5_c1,bgs,1,emmax,2,0.5,22,18,8,0.161616161616162,15,9,0.245454545454545
V0.5_c1,bgs,1,emmax,2,0.7,22,18,8,0.161616161616162,11,8,0.264462809917355
V0.5_c1,bgs,1,emmax,3,0.01,22,13,7,0.171328671328671,52,11,0.105769230769231
V0.5_c1,bgs,1,emmax,3,0.02,22,13,7,0.171328671328671,45,11,0.122222222222222
V0.5_c1,bgs,1,emmax,3,0.05,22,13,7,0.171328671328671,35,11,0.157142857142857
V0.5_c1,bgs,1,emmax,3,0.1,22,13,7,0.171328671328671,31,10,0.146627565982405
V0.5_c1,bgs,1,emmax,3,0.15,22,13,7,0.171328671328671,25,9,0.147272727272727
V0.5_c1,bgs,1,emmax,3,0.2,22,13,7,0.171328671328671,22,9,0.167355371900826
V0.5_c1,bgs,1,emmax,3,0.3,22,13,7,0.171328671328671,19,9,0.19377990430622
V0.5_c1,bgs,1,emmax,3,0.4,22,13,7,0.171328671328671,17,9,0.216577540106952
V0.5_c1,bgs,1,emmax,3,0.5,22,13,7,0.171328671328671,13,8,0.223776223776224
V0.5_c1,bgs,1,emmax,3,0.7,22,13,7,0.171328671328671,11,8,0.264462809917355
V0.5_c1,bgs,1,emmax,5,0.01,22,11,6,0.148760330578512,35,11,0.157142857142857
V0.5_c1,bgs,1,emmax,5,0.02,22,11,6,0.148760330578512,29,11,0.189655172413793
V0.5_c1,bgs,1,emmax,5,0.05,22,11,6,0.148760330578512,23,10,0.197628458498024
V0.5_c1,bgs,1,emmax,5,0.1,22,11,6,0.148760330578512,19,8,0.15311004784689
V0.5_c1,bgs,1,emmax,5,0.15,22,11,6,0.148760330578512,18,8,0.161616161616162
V0.5_c1,bgs,1,emmax,5,0.2,22,11,6,0.148760330578512,16,8,0.181818181818182
V0.5_c1,bgs,1,emmax,5,0.3,22,11,6,0.148760330578512,15,8,0.193939393939394
V0.5_c1,bgs,1,emmax,5,0.4,22,11,6,0.148760330578512,14,8,0.207792207792208
V0.5_c1,bgs,1,emmax,5,0.5,22,11,6,0.148760330578512,12,8,0.242424242424242
V0.5_c1,bgs,1,emmax,5,0.7,22,11,6,0.148760330578512,9,6,0.181818181818182
V0.5_c1,bgs,1,emmax,10,0.01,22,9,5,0.126262626262626,24,10,0.189393939393939
V0.5_c1,bgs,1,emmax,10,0.02,22,9,5,0.126262626262626,21,10,0.216450216450216
V0.5_c1,bgs,1,emmax,10,0.05,22,9,5,0.126262626262626,19,9,0.19377990430622
V0.5_c1,bgs,1,emmax,10,0.1,22,9,5,0.126262626262626,15,8,0.193939393939394
V0.5_c1,bgs,1,emmax,10,0.15,22,9,5,0.126262626262626,13,8,0.223776223776224
V0.5_c1,bgs,1,emmax,10,0.2,22,9,5,0.126262626262626,13,8,0.223776223776224
V0.5_c1,bgs,1,emmax,10,0.3,22,9,5,0.126262626262626,12,8,0.242424242424242
V0.5_c1,bgs,1,emmax,10,0.4,22,9,5,0.126262626262626,13,8,0.223776223776224
V0.5_c1,bgs,1,emmax,10,0.5,22,9,5,0.126262626262626,10,7,0.222727272727273
V0.5_c1,bgs,1,emmax,10,0.7,22,9,5,0.126262626262626,8,5,0.142045454545455
V0.5_c1,bgs,1,lfmm,2,0.01,22,19,8,0.15311004784689,50,13,0.153636363636364
V0.5_c1,bgs,1,lfmm,2,0.02,22,19,8,0.15311004784689,46,11,0.119565217391304
V0.5_c1,bgs,1,lfmm,2,0.05,22,19,8,0.15311004784689,43,11,0.127906976744186
V0.5_c1,bgs,1,lfmm,2,0.1,22,19,8,0.15311004784689,38,11,0.144736842105263
V0.5_c1,bgs,1,lfmm,2,0.15,22,19,8,0.15311004784689,36,10,0.126262626262626
V0.5_c1,bgs,1,lfmm,2,0.2,22,19,8,0.15311004784689,32,9,0.115056818181818
V0.5_c1,bgs,1,lfmm,2,0.3,22,19,8,0.15311004784689,24,9,0.153409090909091
V0.5_c1,bgs,1,lfmm,2,0.4,22,19,8,0.15311004784689,20,8,0.145454545454545
V0.5_c1,bgs,1,lfmm,2,0.5,22,19,8,0.15311004784689,19,8,0.15311004784689
V0.5_c1,bgs,1,lfmm,2,0.7,22,19,8,0.15311004784689,14,8,0.207792207792208
V0.5_c1,bgs,1,lfmm,3,0.01,22,16,8,0.181818181818182,40,11,0.1375
V0.5_c1,bgs,1,lfmm,3,0.02,22,16,8,0.181818181818182,37,10,0.122850122850123
V0.5_c1,bgs,1,lfmm,3,0.05,22,16,8,0.181818181818182,34,10,0.133689839572193
V0.5_c1,bgs,1,lfmm,3,0.1,22,16,8,0.181818181818182,30,10,0.151515151515152
V0.5_c1,bgs,1,lfmm,3,0.15,22,16,8,0.181818181818182,28,8,0.103896103896104
V0.5_c1,bgs,1,lfmm,3,0.2,22,16,8,0.181818181818182,26,8,0.111888111888112
V0.5_c1,bgs,1,lfmm,3,0.3,22,16,8,0.181818181818182,20,8,0.145454545454545
V0.5_c1,bgs,1,lfmm,3,0.4,22,16,8,0.181818181818182,17,8,0.171122994652406
V0.5_c1,bgs,1,lfmm,3,0.5,22,16,8,0.181818181818182,17,8,0.171122994652406
V0.5_c1,bgs,1,lfmm,3,0.7,22,16,8,0.181818181818182,14,8,0.207792207792208
V0.5_c1,bgs,1,lfmm,5,0.01,22,13,8,0.223776223776224,32,10,0.142045454545455
V0.5_c1,bgs,1,lfmm,5,0.02,22,13,8,0.223776223776224,31,10,0.146627565982405
V0.5_c1,bgs,1,lfmm,5,0.05,22,13,8,0.223776223776224,25,9,0.147272727272727
V0.5_c1,bgs,1,lfmm,5,0.1,22,13,8,0.223776223776224,20,9,0.184090909090909
V0.5_c1,bgs,1,lfmm,5,0.15,22,13,8,0.223776223776224,19,8,0.15311004784689
V0.5_c1,bgs,1,lfmm,5,0.2,22,13,8,0.223776223776224,19,8,0.15311004784689
V0.5_c1,bgs,1,lfmm,5,0.3,22,13,8,0.223776223776224,17,8,0.171122994652406
V0.5_c1,bgs,1,lfmm,5,0.4,22,13,8,0.223776223776224,17,8,0.171122994652406
V0.5_c1,bgs,1,lfmm,5,0.5,22,13,8,0.223776223776224,16,8,0.181818181818182
V0.5_c1,bgs,1,lfmm,5,0.7,22,13,8,0.223776223776224,12,8,0.242424242424242
V0.5_c1,bgs,1,lfmm,10,0.01,22,10,7,0.222727272727273,23,9,0.160079051383399
V0.5_c1,bgs,1,lfmm,10,0.02,22,10,7,0.222727272727273,21,8,0.138528138528139
V0.5_c1,bgs,1,lfmm,10,0.05,22,10,7,0.222727272727273,16,8,0.181818181818182
V0.5_c1,bgs,1,lfmm,10,0.1,22,10,7,0.222727272727273,14,8,0.207792207792208
V0.5_c1,bgs,1,lfmm,10,0.15,22,10,7,0.222727272727273,15,8,0.193939393939394
V0.5_c1,bgs,1,lfmm,10,0.2,22,10,7,0.222727272727273,16,8,0.181818181818182
V0.5_c1,bgs,1,lfmm,10,0.3,22,10,7,0.222727272727273,12,8,0.242424242424242
V0.5_c1,bgs,1,lfmm,10,0.4,22,10,7,0.222727272727273,12,8,0.242424242424242
V0.5_c1,bgs,1,lfmm,10,0.5,22,10,7,0.222727272727273,12,8,0.242424242424242
V0.5_c1,bgs,1,lfmm,10,0.7,22,10,7,0.222727272727273,11,8,0.264462809917355
V0.5_c1,bgs,2,emmax,2,0.01,20,23,11,0.26304347826087,53,12,0.135849056603774
V0.5_c1,bgs,2,emmax,2,0.02,20,23,11,0.26304347826087,44,11,0.1375
V0.5_c1,bgs,2,emmax,2,0.05,20,23,11,0.26304347826087,33,11,0.183333333333333
V0.5_c1,bgs,2,emmax,2,0.1,20,23,11,0.26304347826087,31,11,0.195161290322581
V0.5_c1,bgs,2,emmax,2,0.15,20,23,11,0.26304347826087,28,11,0.216071428571429
V0.5_c1,bgs,2,emmax,2,0.2,20,23,11,0.26304347826087,27,11,0.224074074074074
V0.5_c1,bgs,2,emmax,2,0.3,20,23,11,0.26304347826087,27,11,0.224074074074074
V0.5_c1,bgs,2,emmax,2,0.4,20,23,11,0.26304347826087,26,11,0.232692307692308
V0.5_c1,bgs,2,emmax,2,0.5,20,23,11,0.26304347826087,26,11,0.232692307692308
V0.5_c1,bgs,2,emmax,2,0.7,20,23,11,0.26304347826087,16,10,0.3125
V0.5_c1,bgs,2,emmax,3,0.01,20,20,9,0.2025,39,12,0.184615384615385
V0.5_c1,bgs,2,emmax,3,0.02,20,20,9,0.2025,33,11,0.183333333333333
V0.5_c1,bgs,2,emmax,3,0.05,20,20,9,0.2025,28,11,0.216071428571429
V0.5_c1,bgs,2,emmax,3,0.1,20,20,9,0.2025,26,11,0.232692307692308
V0.5_c1,bgs,2,emmax,3,0.15,20,20,9,0.2025,24,11,0.252083333333333
V0.5_c1,bgs,2,emmax,3,0.2,20,20,9,0.2025,23,10,0.217391304347826
V0.5_c1,bgs,2,emmax,3,0.3,20,20,9,0.2025,23,10,0.217391304347826
V0.5_c1,bgs,2,emmax,3,0.4,20,20,9,0.2025,22,10,0.227272727272727
V0.5_c1,bgs,2,emmax,3,0.5,20,20,9,0.2025,21,9,0.192857142857143
V0.5_c1,bgs,2,emmax,3,0.7,20,20,9,0.2025,13,8,0.246153846153846
V0.5_c1,bgs,2,emmax,5,0.01,20,16,9,0.253125,31,12,0.232258064516129
V0.5_c1,bgs,2,emmax,5,0.02,20,16,9,0.253125,24,11,0.252083333333333
V0.5_c1,bgs,2,emmax,5,0.05,20,16,9,0.253125,21,9,0.192857142857143
V0.5_c1,bgs,2,emmax,5,0.1,20,16,9,0.253125,19,9,0.213157894736842
V0.5_c1,bgs,2,emmax,5,0.15,20,16,9,0.253125,19,9,0.213157894736842
V0.5_c1,bgs,2,emmax,5,0.2,20,16,9,0.253125,18,9,0.225
V0.5_c1,bgs,2,emmax,5,0.3,20,16,9,0.253125,17,9,0.238235294117647
V0.5_c1,bgs,2,emmax,5,0.4,20,16,9,0.253125,17,9,0.238235294117647
V0.5_c1,bgs,2,emmax,5,0.5,20,16,9,0.253125,14,9,0.289285714285714
V0.5_c1,bgs,2,emmax,5,0.7,20,16,9,0.253125,10,8,0.32
V0.5_c1,bgs,2,emmax,10,0.01,20,10,8,0.32,19,10,0.263157894736842
V0.5_c1,bgs,2,emmax,10,0.02,20,10,8,0.32,17,9,0.238235294117647
V0.5_c1,bgs,2,emmax,10,0.05,20,10,8,0.32,15,9,0.27
V0.5_c1,bgs,2,emmax,10,0.1,20,10,8,0.32,14,9,0.289285714285714
V0.5_c1,bgs,2,emmax,10,0.15,20,10,8,0.32,14,9,0.289285714285714
V0.5_c1,bgs,2,emmax,10,0.2,20,10,8,0.32,13,9,0.311538461538462
V0.5_c1,bgs,2,emmax,10,0.3,20,10,8,0.32,13,9,0.311538461538462
V0.5_c1,bgs,2,emmax,10,0.4,20,10,8,0.32,11,9,0.368181818181818
V0.5_c1,bgs,2,emmax,10,0.5,20,10,8,0.32,9,8,0.355555555555556
V0.5_c1,bgs,2,emmax,10,0.7,20,10,8,0.32,7,6,0.257142857142857
V0.5_c1,bgs,2,lfmm,2,0.01,20,27,13,0.312962962962963,63,14,0.155555555555556
V0.5_c1,bgs,2,lfmm,2,0.02,20,27,13,0.312962962962963,59,14,0.166101694915254
V0.5_c1,bgs,2,lfmm,2,0.05,20,27,13,0.312962962962963,51,15,0.220588235294118
V0.5_c1,bgs,2,lfmm,2,0.1,20,27,13,0.312962962962963,44,15,0.255681818181818
V0.5_c1,bgs,2,lfmm,2,0.15,20,27,13,0.312962962962963,39,15,0.288461538461539
V0.5_c1,bgs,2,lfmm,2,0.2,20,27,13,0.312962962962963,38,15,0.296052631578947
V0.5_c1,bgs,2,lfmm,2,0.3,20,27,13,0.312962962962963,34,15,0.330882352941176
V0.5_c1,bgs,2,lfmm,2,0.4,20,27,13,0.312962962962963,34,15,0.330882352941176
V0.5_c1,bgs,2,lfmm,2,0.5,20,27,13,0.312962962962963,31,14,0.316129032258065
V0.5_c1,bgs,2,lfmm,2,0.7,20,27,13,0.312962962962963,23,13,0.367391304347826
V0.5_c1,bgs,2,lfmm,3,0.01,20,21,11,0.288095238095238,48,14,0.204166666666667
V0.5_c1,bgs,2,lfmm,3,0.02,20,21,11,0.288095238095238,45,14,0.217777777777778
V0.5_c1,bgs,2,lfmm,3,0.05,20,21,11,0.288095238095238,39,14,0.251282051282051
V0.5_c1,bgs,2,lfmm,3,0.1,20,21,11,0.288095238095238,34,14,0.288235294117647
V0.5_c1,bgs,2,lfmm,3,0.15,20,21,11,0.288095238095238,29,14,0.337931034482759
V0.5_c1,bgs,2,lfmm,3,0.2,20,21,11,0.288095238095238,29,14,0.337931034482759
V0.5_c1,bgs,2,lfmm,3,0.3,20,21,11,0.288095238095238,27,13,0.312962962962963
V0.5_c1,bgs,2,lfmm,3,0.4,20,21,11,0.288095238095238,27,13,0.312962962962963
V0.5_c1,bgs,2,lfmm,3,0.5,20,21,11,0.288095238095238,26,13,0.325
V0.5_c1,bgs,2,lfmm,3,0.7,20,21,11,0.288095238095238,18,11,0.336111111111111
V0.5_c1,bgs,2,lfmm,5,0.01,20,17,10,0.294117647058824,40,13,0.21125
V0.5_c1,bgs,2,lfmm,5,0.02,20,17,10,0.294117647058824,38,12,0.189473684210526
V0.5_c1,bgs,2,lfmm,5,0.05,20,17,10,0.294117647058824,33,13,0.256060606060606
V0.5_c1,bgs,2,lfmm,5,0.1,20,17,10,0.294117647058824,28,13,0.301785714285714
V0.5_c1,bgs,2,lfmm,5,0.15,20,17,10,0.294117647058824,26,13,0.325
V0.5_c1,bgs,2,lfmm,5,0.2,20,17,10,0.294117647058824,23,13,0.367391304347826
V0.5_c1,bgs,2,lfmm,5,0.3,20,17,10,0.294117647058824,22,12,0.327272727272727
V0.5_c1,bgs,2,lfmm,5,0.4,20,17,10,0.294117647058824,20,11,0.3025
V0.5_c1,bgs,2,lfmm,5,0.5,20,17,10,0.294117647058824,20,11,0.3025
V0.5_c1,bgs,2,lfmm,5,0.7,20,17,10,0.294117647058824,14,10,0.357142857142857
V0.5_c1,bgs,2,lfmm,10,0.01,20,13,8,0.246153846153846,26,12,0.276923076923077
V0.5_c1,bgs,2,lfmm,10,0.02,20,13,8,0.246153846153846,25,11,0.242
V0.5_c1,bgs,2,lfmm,10,0.05,20,13,8,0.246153846153846,21,11,0.288095238095238
V0.5_c1,bgs,2,lfmm,10,0.1,20,13,8,0.246153846153846,19,11,0.318421052631579
V0.5_c1,bgs,2,lfmm,10,0.15,20,13,8,0.246153846153846,16,9,0.253125
V0.5_c1,bgs,2,lfmm,10,0.2,20,13,8,0.246153846153846,16,9,0.253125
V0.5_c1,bgs,2,lfmm,10,0.3,20,13,8,0.246153846153846,15,9,0.27
V0.5_c1,bgs,2,lfmm,10,0.4,20,13,8,0.246153846153846,14,8,0.228571428571429
V0.5_c1,bgs,2,lfmm,10,0.5,20,13,8,0.246153846153846,14,8,0.228571428571429
V0.5_c1,bgs,2,lfmm,10,0.7,20,13,8,0.246153846153846,11,8,0.290909090909091
V0.5_c1,bgs,3,emmax,2,0.01,19,17,13,0.523219814241486,47,17,0.323628219484882
V0.5_c1,bgs,3,emmax,2,0.02,19,17,13,0.523219814241486,43,17,0.353733170134639
V0.5_c1,bgs,3,emmax,2,0.05,19,17,13,0.523219814241486,35,17,0.434586466165414
V0.5_c1,bgs,3,emmax,2,0.1,19,17,13,0.523219814241486,31,17,0.490662139219015
V0.5_c1,bgs,3,emmax,2,0.15,19,17,13,0.523219814241486,30,16,0.449122807017544
V0.5_c1,bgs,3,emmax,2,0.2,19,17,13,0.523219814241486,27,16,0.499025341130604
V0.5_c1,bgs,3,emmax,2,0.3,19,17,13,0.523219814241486,21,13,0.423558897243108
V0.5_c1,bgs,3,emmax,2,0.4,19,17,13,0.523219814241486,19,13,0.46814404432133
V0.5_c1,bgs,3,emmax,2,0.5,19,17,13,0.523219814241486,17,13,0.523219814241486
V0.5_c1,bgs,3,emmax,2,0.7,19,17,13,0.523219814241486,15,13,0.592982456140351
V0.5_c1,bgs,3,emmax,3,0.01,19,15,12,0.505263157894737,36,17,0.422514619883041
V0.5_c1,bgs,3,emmax,3,0.02,19,15,12,0.505263157894737,33,16,0.40829346092504
V0.5_c1,bgs,3,emmax,3,0.05,19,15,12,0.505263157894737,27,15,0.43859649122807
V0.5_c1,bgs,3,emmax,3,0.1,19,15,12,0.505263157894737,26,15,0.455465587044534
V0.5_c1,bgs,3,emmax,3,0.15,19,15,12,0.505263157894737,25,14,0.412631578947368
V0.5_c1,bgs,3,emmax,3,0.2,19,15,12,0.505263157894737,21,14,0.491228070175439
V0.5_c1,bgs,3,emmax,3,0.3,19,15,12,0.505263157894737,19,13,0.46814404432133
V0.5_c1,bgs,3,emmax,3,0.4,19,15,12,0.505263157894737,17,13,0.523219814241486
V0.5_c1,bgs,3,emmax,3,0.5,19,15,12,0.505263157894737,16,13,0.555921052631579
V0.5_c1,bgs,3,emmax,3,0.7,19,15,12,0.505263157894737,14,12,0.541353383458647
V0.5_c1,bgs,3,emmax,5,0.01,19,13,11,0.489878542510122,28,15,0.422932330827068
V0.5_c1,bgs,3,emmax,5,0.02,19,13,11,0.489878542510122,27,15,0.43859649122807
V0.5_c1,bgs,3,emmax,5,0.05,19,13,11,0.489878542510122,24,14,0.429824561403509
V0.5_c1,bgs,3,emmax,5,0.1,19,13,11,0.489878542510122,21,13,0.423558897243108
V0.5_c1,bgs,3,emmax,5,0.15,19,13,11,0.489878542510122,20,13,0.444736842105263
V0.5_c1,bgs,3,emmax,5,0.2,19,13,11,0.489878542510122,17,13,0.523219814241486
V0.5_c1,bgs,3,emmax,5,0.3,19,13,11,0.489878542510122,16,12,0.473684210526316
V0.5_c1,bgs,3,emmax,5,0.4,19,13,11,0.489878542510122,15,12,0.505263157894737
V0.5_c1,bgs,3,emmax,5,0.5,19,13,11,0.489878542510122,14,12,0.541353383458647
V0.5_c1,bgs,3,emmax,5,0.7,19,13,11,0.489878542510122,13,11,0.489878542510122
V0.5_c1,bgs,3,emmax,10,0.01,19,13,11,0.489878542510122,19,13,0.46814404432133
V0.5_c1,bgs,3,emmax,10,0.02,19,13,11,0.489878542510122,20,13,0.444736842105263
V0.5_c1,bgs,3,emmax,10,0.05,19,13,11,0.489878542510122,17,12,0.445820433436533
V0.5_c1,bgs,3,emmax,10,0.1,19,13,11,0.489878542510122,16,12,0.473684210526316
V0.5_c1,bgs,3,emmax,10,0.15,19,13,11,0.489878542510122,15,12,0.505263157894737
V0.5_c1,bgs,3,emmax,10,0.2,19,13,11,0.489878542510122,14,12,0.541353383458647
V0.5_c1,bgs,3,emmax,10,0.3,19,13,11,0.489878542510122,13,11,0.489878542510122
V0.5_c1,bgs,3,emmax,10,0.4,19,13,11,0.489878542510122,13,11,0.489878542510122
V0.5_c1,bgs,3,emmax,10,0.5,19,13,11,0.489878542510122,13,11,0.489878542510122
V0.5_c1,bgs,3,emmax,10,0.7,19,13,11,0.489878542510122,13,11,0.489878542510122
V0.5_c1,bgs,3,lfmm,2,0.01,19,27,15,0.43859649122807,53,16,0.254220456802383
V0.5_c1,bgs,3,lfmm,2,0.02,19,27,15,0.43859649122807,47,16,0.286674132138858
V0.5_c1,bgs,3,lfmm,2,0.05,19,27,15,0.43859649122807,46,16,0.292906178489703
V0.5_c1,bgs,3,lfmm,2,0.1,19,27,15,0.43859649122807,40,16,0.336842105263158
V0.5_c1,bgs,3,lfmm,2,0.15,19,27,15,0.43859649122807,33,16,0.40829346092504
V0.5_c1,bgs,3,lfmm,2,0.2,19,27,15,0.43859649122807,33,16,0.40829346092504
V0.5_c1,bgs,3,lfmm,2,0.3,19,27,15,0.43859649122807,31,16,0.434634974533107
V0.5_c1,bgs,3,lfmm,2,0.4,19,27,15,0.43859649122807,30,15,0.394736842105263
V0.5_c1,bgs,3,lfmm,2,0.5,19,27,15,0.43859649122807,27,15,0.43859649122807
V0.5_c1,bgs,3,lfmm,2,0.7,19,27,15,0.43859649122807,23,15,0.51487414187643
V0.5_c1,bgs,3,lfmm,3,0.01,19,24,14,0.429824561403509,42,16,0.320802005012531
V0.5_c1,bgs,3,lfmm,3,0.02,19,24,14,0.429824561403509,38,16,0.354570637119114
V0.5_c1,bgs,3,lfmm,3,0.05,19,24,14,0.429824561403509,36,16,0.374269005847953
V0.5_c1,bgs,3,lfmm,3,0.1,19,24,14,0.429824561403509,32,16,0.421052631578947
V0.5_c1,bgs,3,lfmm,3,0.15,19,24,14,0.429824561403509,30,16,0.449122807017544
V0.5_c1,bgs,3,lfmm,3,0.2,19,24,14,0.429824561403509,29,16,0.464609800362976
V0.5_c1,bgs,3,lfmm,3,0.3,19,24,14,0.429824561403509,28,16,0.481203007518797
V0.5_c1,bgs,3,lfmm,3,0.4,19,24,14,0.429824561403509,25,14,0.412631578947368
V0.5_c1,bgs,3,lfmm,3,0.5,19,24,14,0.429824561403509,23,14,0.448512585812357
V0.5_c1,bgs,3,lfmm,3,0.7,19,24,14,0.429824561403509,19,13,0.46814404432133
V0.5_c1,bgs,3,lfmm,5,0.01,19,19,13,0.46814404432133,33,16,0.40829346092504
V0.5_c1,bgs,3,lfmm,5,0.02,19,19,13,0.46814404432133,29,16,0.464609800362976
V0.5_c1,bgs,3,lfmm,5,0.05,19,19,13,0.46814404432133,29,16,0.464609800362976
V0.5_c1,bgs,3,lfmm,5,0.1,19,19,13,0.46814404432133,28,16,0.481203007518797
V0.5_c1,bgs,3,lfmm,5,0.15,19,19,13,0.46814404432133,25,16,0.538947368421053
V0.5_c1,bgs,3,lfmm,5,0.2,19,19,13,0.46814404432133,23,15,0.51487414187643
V0.5_c1,bgs,3,lfmm,5,0.3,19,19,13,0.46814404432133,22,14,0.4688995215311
V0.5_c1,bgs,3,lfmm,5,0.4,19,19,13,0.46814404432133,20,14,0.51578947368421
V0.5_c1,bgs,3,lfmm,5,0.5,19,19,13,0.46814404432133,20,14,0.51578947368421
V0.5_c1,bgs,3,lfmm,5,0.7,19,19,13,0.46814404432133,16,12,0.473684210526316
V0.5_c1,bgs,3,lfmm,10,0.01,19,16,11,0.398026315789474,23,15,0.51487414187643
V0.5_c1,bgs,3,lfmm,10,0.02,19,16,11,0.398026315789474,23,15,0.51487414187643
V0.5_c1,bgs,3,lfmm,10,0.05,19,16,11,0.398026315789474,21,13,0.423558897243108
V0.5_c1,bgs,3,lfmm,10,0.1,19,16,11,0.398026315789474,20,13,0.444736842105263
V0.5_c1,bgs,3,lfmm,10,0.15,19,16,11,0.398026315789474,20,13,0.444736842105263
V0.5_c1,bgs,3,lfmm,10,0.2,19,16,11,0.398026315789474,20,13,0.444736842105263
V0.5_c1,bgs,3,lfmm,10,0.3,19,16,11,0.398026315789474,18,12,0.421052631578947
V0.5_c1,bgs,3,lfmm,10,0.4,19,16,11,0.398026315789474,17,12,0.445820433436533
V0.5_c1,bgs,3,lfmm,10,0.5,19,16,11,0.398026315789474,17,12,0.445820433436533
V0.5_c1,bgs,3,lfmm,10,0.7,19,16,11,0.398026315789474,15,11,0.424561403508772
V0.5_c1,bgs,4,emmax,2,0.01,15,11,8,0.387878787878788,21,9,0.257142857142857
V0.5_c1,bgs,4,emmax,2,0.02,15,11,8,0.387878787878788,20,9,0.27
V0.5_c1,bgs,4,emmax,2,0.05,15,11,8,0.387878787878788,18,10,0.37037037037037
V0.5_c1,bgs,4,emmax,2,0.1,15,11,8,0.387878787878788,14,9,0.385714285714286
V0.5_c1,bgs,4,emmax,2,0.15,15,11,8,0.387878787878788,13,9,0.415384615384615
V0.5_c1,bgs,4,emmax,2,0.2,15,11,8,0.387878787878788,13,9,0.415384615384615
V0.5_c1,bgs,4,emmax,2,0.3,15,11,8,0.387878787878788,12,9,0.45
V0.5_c1,bgs,4,emmax,2,0.4,15,11,8,0.387878787878788,12,9,0.45
V0.5_c1,bgs,4,emmax,2,0.5,15,11,8,0.387878787878788,12,9,0.45
V0.5_c1,bgs,4,emmax,2,0.7,15,11,8,0.387878787878788,11,9,0.490909090909091
V0.5_c1,bgs,4,emmax,3,0.01,15,9,7,0.362962962962963,19,8,0.224561403508772
V0.5_c1,bgs,4,emmax,3,0.02,15,9,7,0.362962962962963,17,8,0.250980392156863
V0.5_c1,bgs,4,emmax,3,0.05,15,9,7,0.362962962962963,15,8,0.284444444444444
V0.5_c1,bgs,4,emmax,3,0.1,15,9,7,0.362962962962963,13,8,0.328205128205128
V0.5_c1,bgs,4,emmax,3,0.15,15,9,7,0.362962962962963,12,8,0.355555555555556
V0.5_c1,bgs,4,emmax,3,0.2,15,9,7,0.362962962962963,11,8,0.387878787878788
V0.5_c1,bgs,4,emmax,3,0.3,15,9,7,0.362962962962963,9,7,0.362962962962963
V0.5_c1,bgs,4,emmax,3,0.4,15,9,7,0.362962962962963,9,7,0.362962962962963
V0.5_c1,bgs,4,emmax,3,0.5,15,9,7,0.362962962962963,9,7,0.362962962962963
V0.5_c1,bgs,4,emmax,3,0.7,15,9,7,0.362962962962963,9,7,0.362962962962963
V0.5_c1,bgs,4,emmax,5,0.01,15,8,7,0.408333333333333,13,8,0.328205128205128
V0.5_c1,bgs,4,emmax,5,0.02,15,8,7,0.408333333333333,13,8,0.328205128205128
V0.5_c1,bgs,4,emmax,5,0.05,15,8,7,0.408333333333333,12,8,0.355555555555556
V0.5_c1,bgs,4,emmax,5,0.1,15,8,7,0.408333333333333,9,8,0.474074074074074
V0.5_c1,bgs,4,emmax,5,0.15,15,8,7,0.408333333333333,8,7,0.408333333333333
V0.5_c1,bgs,4,emmax,5,0.2,15,8,7,0.408333333333333,8,7,0.408333333333333
V0.5_c1,bgs,4,emmax,5,0.3,15,8,7,0.408333333333333,8,7,0.408333333333333
V0.5_c1,bgs,4,emmax,5,0.4,15,8,7,0.408333333333333,8,7,0.408333333333333
V0.5_c1,bgs,4,emmax,5,0.5,15,8,7,0.408333333333333,8,7,0.408333333333333
V0.5_c1,bgs,4,emmax,5,0.7,15,8,7,0.408333333333333,8,7,0.408333333333333
V0.5_c1,bgs,4,emmax,10,0.01,15,5,5,0.333333333333333,9,7,0.362962962962963
V0.5_c1,bgs,4,emmax,10,0.02,15,5,5,0.333333333333333,9,7,0.362962962962963
V0.5_c1,bgs,4,emmax,10,0.05,15,5,5,0.333333333333333,9,7,0.362962962962963
V0.5_c1,bgs,4,emmax,10,0.1,15,5,5,0.333333333333333,8,7,0.408333333333333
V0.5_c1,bgs,4,emmax,10,0.15,15,5,5,0.333333333333333,7,7,0.466666666666667
V0.5_c1,bgs,4,emmax,10,0.2,15,5,5,0.333333333333333,7,7,0.466666666666667
V0.5_c1,bgs,4,emmax,10,0.3,15,5,5,0.333333333333333,7,7,0.466666666666667
V0.5_c1,bgs,4,emmax,10,0.4,15,5,5,0.333333333333333,6,6,0.4
V0.5_c1,bgs,4,emmax,10,0.5,15,5,5,0.333333333333333,6,6,0.4
V0.5_c1,bgs,4,emmax,10,0.7,15,5,5,0.333333333333333,5,5,0.333333333333333
V0.5_c1,bgs,4,lfmm,2,0.01,15,11,10,0.606060606060606,20,11,0.403333333333333
V0.5_c1,bgs,4,lfmm,2,0.02,15,11,10,0.606060606060606,20,11,0.403333333333333
V0.5_c1,bgs,4,lfmm,2,0.05,15,11,10,0.606060606060606,17,11,0.474509803921569
V0.5_c1,bgs,4,lfmm,2,0.1,15,11,10,0.606060606060606,14,11,0.576190476190476
V0.5_c1,bgs,4,lfmm,2,0.15,15,11,10,0.606060606060606,14,11,0.576190476190476
V0.5_c1,bgs,4,lfmm,2,0.2,15,11,10,0.606060606060606,13,10,0.512820512820513
V0.5_c1,bgs,4,lfmm,2,0.3,15,11,10,0.606060606060606,13,10,0.512820512820513
V0.5_c1,bgs,4,lfmm,2,0.4,15,11,10,0.606060606060606,13,10,0.512820512820513
V0.5_c1,bgs,4,lfmm,2,0.5,15,11,10,0.606060606060606,12,10,0.555555555555556
V0.5_c1,bgs,4,lfmm,2,0.7,15,11,10,0.606060606060606,11,10,0.606060606060606
V0.5_c1,bgs,4,lfmm,3,0.01,15,10,9,0.54,18,10,0.37037037037037
V0.5_c1,bgs,4,lfmm,3,0.02,15,10,9,0.54,16,10,0.416666666666667
V0.5_c1,bgs,4,lfmm,3,0.05,15,10,9,0.54,13,10,0.512820512820513
V0.5_c1,bgs,4,lfmm,3,0.1,15,10,9,0.54,12,10,0.555555555555556
V0.5_c1,bgs,4,lfmm,3,0.15,15,10,9,0.54,11,9,0.490909090909091
V0.5_c1,bgs,4,lfmm,3,0.2,15,10,9,0.54,11,9,0.490909090909091
V0.5_c1,bgs,4,lfmm,3,0.3,15,10,9,0.54,11,9,0.490909090909091
V0.5_c1,bgs,4,lfmm,3,0.4,15,10,9,0.54,11,9,0.490909090909091
V0.5_c1,bgs,4,lfmm,3,0.5,15,10,9,0.54,11,9,0.490909090909091
V0.5_c1,bgs,4,lfmm,3,0.7,15,10,9,0.54,10,9,0.54
V0.5_c1,bgs,4,lfmm,5,0.01,15,9,8,0.474074074074074,14,10,0.476190476190476
V0.5_c1,bgs,4,lfmm,5,0.02,15,9,8,0.474074074074074,12,10,0.555555555555556
V0.5_c1,bgs,4,lfmm,5,0.05,15,9,8,0.474074074074074,11,10,0.606060606060606
V0.5_c1,bgs,4,lfmm,5,0.1,15,9,8,0.474074074074074,11,10,0.606060606060606
V0.5_c1,bgs,4,lfmm,5,0.15,15,9,8,0.474074074074074,10,9,0.54
V0.5_c1,bgs,4,lfmm,5,0.2,15,9,8,0.474074074074074,10,9,0.54
V0.5_c1,bgs,4,lfmm,5,0.3,15,9,8,0.474074074074074,10,9,0.54
V0.5_c1,bgs,4,lfmm,5,0.4,15,9,8,0.474074074074074,9,8,0.474074074074074
V0.5_c1,bgs,4,lfmm,5,0.5,15,9,8,0.474074074074074,9,8,0.474074074074074
V0.5_c1,bgs,4,lfmm,5,0.7,15,9,8,0.474074074074074,8,8,0.533333333333333
V0.5_c1,bgs,4,lfmm,10,0.01,15,6,6,0.4,9,8,0.474074074074074
V0.5_c1,bgs,4,lfmm,10,0.02,15,6,6,0.4,9,8,0.474074074074074
V0.5_c1,bgs,4,lfmm,10,0.05,15,6,6,0.4,8,8,0.533333333333333
V0.5_c1,bgs,4,lfmm,10,0.1,15,6,6,0.4,7,7,0.466666666666667
V0.5_c1,bgs,4,lfmm,10,0.15,15,6,6,0.4,7,7,0.466666666666667
V0.5_c1,bgs,4,lfmm,10,0.2,15,6,6,0.4,6,6,0.4
V0.5_c1,bgs,4,lfmm,10,0.3,15,6,6,0.4,6,6,0.4
V0.5_c1,bgs,4,lfmm,10,0.4,15,6,6,0.4,6,6,0.4
V0.5_c1,bgs,4,lfmm,10,0.5,15,6,6,0.4,6,6,0.4
V0.5_c1,bgs,4,lfmm,10,0.7,15,6,6,0.4,6,6,0.4
V0.5_c1,bgs,5,emmax,2,0.01,14,20,10,0.357142857142857,41,11,0.210801393728223
V0.5_c1,bgs,5,emmax,2,0.02,14,20,10,0.357142857142857,36,11,0.240079365079365
V0.5_c1,bgs,5,emmax,2,0.05,14,20,10,0.357142857142857,31,11,0.278801843317972
V0.5_c1,bgs,5,emmax,2,0.1,14,20,10,0.357142857142857,29,11,0.298029556650246
V0.5_c1,bgs,5,emmax,2,0.15,14,20,10,0.357142857142857,28,11,0.308673469387755
V0.5_c1,bgs,5,emmax,2,0.2,14,20,10,0.357142857142857,27,11,0.32010582010582
V0.5_c1,bgs,5,emmax,2,0.3,14,20,10,0.357142857142857,25,11,0.345714285714286
V0.5_c1,bgs,5,emmax,2,0.4,14,20,10,0.357142857142857,22,11,0.392857142857143
V0.5_c1,bgs,5,emmax,2,0.5,14,20,10,0.357142857142857,20,11,0.432142857142857
V0.5_c1,bgs,5,emmax,2,0.7,14,20,10,0.357142857142857,17,10,0.420168067226891
V0.5_c1,bgs,5,emmax,3,0.01,14,17,10,0.420168067226891,33,11,0.261904761904762
V0.5_c1,bgs,5,emmax,3,0.02,14,17,10,0.420168067226891,31,11,0.278801843317972
V0.5_c1,bgs,5,emmax,3,0.05,14,17,10,0.420168067226891,23,11,0.375776397515528
V0.5_c1,bgs,5,emmax,3,0.1,14,17,10,0.420168067226891,23,11,0.375776397515528
V0.5_c1,bgs,5,emmax,3,0.15,14,17,10,0.420168067226891,22,11,0.392857142857143
V0.5_c1,bgs,5,emmax,3,0.2,14,17,10,0.420168067226891,21,11,0.41156462585034
V0.5_c1,bgs,5,emmax,3,0.3,14,17,10,0.420168067226891,20,11,0.432142857142857
V0.5_c1,bgs,5,emmax,3,0.4,14,17,10,0.420168067226891,19,11,0.454887218045113
V0.5_c1,bgs,5,emmax,3,0.5,14,17,10,0.420168067226891,16,11,0.540178571428571
V0.5_c1,bgs,5,emmax,3,0.7,14,17,10,0.420168067226891,15,10,0.476190476190476
V0.5_c1,bgs,5,emmax,5,0.01,14,12,7,0.291666666666667,24,11,0.360119047619048
V0.5_c1,bgs,5,emmax,5,0.02,14,12,7,0.291666666666667,23,11,0.375776397515528
V0.5_c1,bgs,5,emmax,5,0.05,14,12,7,0.291666666666667,20,11,0.432142857142857
V0.5_c1,bgs,5,emmax,5,0.1,14,12,7,0.291666666666667,19,11,0.454887218045113
V0.5_c1,bgs,5,emmax,5,0.15,14,12,7,0.291666666666667,18,11,0.48015873015873
V0.5_c1,bgs,5,emmax,5,0.2,14,12,7,0.291666666666667,17,11,0.508403361344538
V0.5_c1,bgs,5,emmax,5,0.3,14,12,7,0.291666666666667,17,11,0.508403361344538
V0.5_c1,bgs,5,emmax,5,0.4,14,12,7,0.291666666666667,15,11,0.576190476190476
V0.5_c1,bgs,5,emmax,5,0.5,14,12,7,0.291666666666667,15,11,0.576190476190476
V0.5_c1,bgs,5,emmax,5,0.7,14,12,7,0.291666666666667,11,8,0.415584415584416
V0.5_c1,bgs,5,emmax,10,0.01,14,9,7,0.388888888888889,18,10,0.396825396825397
V0.5_c1,bgs,5,emmax,10,0.02,14,9,7,0.388888888888889,18,10,0.396825396825397
V0.5_c1,bgs,5,emmax,10,0.05,14,9,7,0.388888888888889,16,10,0.446428571428571
V0.5_c1,bgs,5,emmax,10,0.1,14,9,7,0.388888888888889,16,10,0.446428571428571
V0.5_c1,bgs,5,emmax,10,0.15,14,9,7,0.388888888888889,14,10,0.510204081632653
V0.5_c1,bgs,5,emmax,10,0.2,14,9,7,0.388888888888889,14,10,0.510204081632653
V0.5_c1,bgs,5,emmax,10,0.3,14,9,7,0.388888888888889,13,10,0.54945054945055
V0.5_c1,bgs,5,emmax,10,0.4,14,9,7,0.388888888888889,12,10,0.595238095238095
V0.5_c1,bgs,5,emmax,10,0.5,14,9,7,0.388888888888889,10,8,0.457142857142857
V0.5_c1,bgs,5,emmax,10,0.7,14,9,7,0.388888888888889,10,7,0.35
V0.5_c1,bgs,5,lfmm,2,0.01,14,13,11,0.664835164835165,36,11,0.240079365079365
V0.5_c1,bgs,5,lfmm,2,0.02,14,13,11,0.664835164835165,31,11,0.278801843317972
V0.5_c1,bgs,5,lfmm,2,0.05,14,13,11,0.664835164835165,23,11,0.375776397515528
V0.5_c1,bgs,5,lfmm,2,0.1,14,13,11,0.664835164835165,24,11,0.360119047619048
V0.5_c1,bgs,5,lfmm,2,0.15,14,13,11,0.664835164835165,22,11,0.392857142857143
V0.5_c1,bgs,5,lfmm,2,0.2,14,13,11,0.664835164835165,19,11,0.454887218045113
V0.5_c1,bgs,5,lfmm,2,0.3,14,13,11,0.664835164835165,18,11,0.48015873015873
V0.5_c1,bgs,5,lfmm,2,0.4,14,13,11,0.664835164835165,15,11,0.576190476190476
V0.5_c1,bgs,5,lfmm,2,0.5,14,13,11,0.664835164835165,14,11,0.61734693877551
V0.5_c1,bgs,5,lfmm,2,0.7,14,13,11,0.664835164835165,14,11,0.61734693877551
V0.5_c1,bgs,5,lfmm,3,0.01,14,13,11,0.664835164835165,26,11,0.332417582417582
V0.5_c1,bgs,5,lfmm,3,0.02,14,13,11,0.664835164835165,23,11,0.375776397515528
V0.5_c1,bgs,5,lfmm,3,0.05,14,13,11,0.664835164835165,20,11,0.432142857142857
V0.5_c1,bgs,5,lfmm,3,0.1,14,13,11,0.664835164835165,18,11,0.48015873015873
V0.5_c1,bgs,5,lfmm,3,0.15,14,13,11,0.664835164835165,17,11,0.508403361344538
V0.5_c1,bgs,5,lfmm,3,0.2,14,13,11,0.664835164835165,17,11,0.508403361344538
V0.5_c1,bgs,5,lfmm,3,0.3,14,13,11,0.664835164835165,16,11,0.540178571428571
V0.5_c1,bgs,5,lfmm,3,0.4,14,13,11,0.664835164835165,15,11,0.576190476190476
V0.5_c1,bgs,5,lfmm,3,0.5,14,13,11,0.664835164835165,14,11,0.61734693877551
V0.5_c1,bgs,5,lfmm,3,0.7,14,13,11,0.664835164835165,14,11,0.61734693877551
V0.5_c1,bgs,5,lfmm,5,0.01,14,13,11,0.664835164835165,21,11,0.41156462585034
V0.5_c1,bgs,5,lfmm,5,0.02,14,13,11,0.664835164835165,20,11,0.432142857142857
V0.5_c1,bgs,5,lfmm,5,0.05,14,13,11,0.664835164835165,17,11,0.508403361344538
V0.5_c1,bgs,5,lfmm,5,0.1,14,13,11,0.664835164835165,16,11,0.540178571428571
V0.5_c1,bgs,5,lfmm,5,0.15,14,13,11,0.664835164835165,16,11,0.540178571428571
V0.5_c1,bgs,5,lfmm,5,0.2,14,13,11,0.664835164835165,15,11,0.576190476190476
V0.5_c1,bgs,5,lfmm,5,0.3,14,13,11,0.664835164835165,15,11,0.576190476190476
V0.5_c1,bgs,5,lfmm,5,0.4,14,13,11,0.664835164835165,14,11,0.61734693877551
V0.5_c1,bgs,5,lfmm,5,0.5,14,13,11,0.664835164835165,13,11,0.664835164835165
V0.5_c1,bgs,5,lfmm,5,0.7,14,13,11,0.664835164835165,12,11,0.720238095238095
V0.5_c1,bgs,5,lfmm,10,0.01,14,12,11,0.720238095238095,16,11,0.540178571428571
V0.5_c1,bgs,5,lfmm,10,0.02,14,12,11,0.720238095238095,16,11,0.540178571428571
V0.5_c1,bgs,5,lfmm,10,0.05,14,12,11,0.720238095238095,16,11,0.540178571428571
V0.5_c1,bgs,5,lfmm,10,0.1,14,12,11,0.720238095238095,14,11,0.61734693877551
V0.5_c1,bgs,5,lfmm,10,0.15,14,12,11,0.720238095238095,14,11,0.61734693877551
V0.5_c1,bgs,5,lfmm,10,0.2,14,12,11,0.720238095238095,14,11,0.61734693877551
V0.5_c1,bgs,5,lfmm,10,0.3,14,12,11,0.720238095238095,13,11,0.664835164835165
V0.5_c1,bgs,5,lfmm,10,0.4,14,12,11,0.720238095238095,12,11,0.720238095238095
V0.5_c1,bgs,5,lfmm,10,0.5,14,12,11,0.720238095238095,12,11,0.720238095238095
V0.5_c1,bgs,5,lfmm,10,0.7,14,12,11,0.720238095238095,11,10,0.649350649350649
V0.5_c1,bgs,6,emmax,2,0.01,17,25,8,0.150588235294118,44,8,0.0855614973262032
V0.5_c1,bgs,6,emmax,2,0.02,17,25,8,0.150588235294118,43,8,0.0875512995896033
V0.5_c1,bgs,6,emmax,2,0.05,17,25,8,0.150588235294118,38,8,0.0990712074303405
V0.5_c1,bgs,6,emmax,2,0.1,17,25,8,0.150588235294118,34,8,0.110726643598616
V0.5_c1,bgs,6,emmax,2,0.15,17,25,8,0.150588235294118,29,8,0.129817444219067
V0.5_c1,bgs,6,emmax,2,0.2,17,25,8,0.150588235294118,29,8,0.129817444219067
V0.5_c1,bgs,6,emmax,2,0.3,17,25,8,0.150588235294118,25,8,0.150588235294118
V0.5_c1,bgs,6,emmax,2,0.4,17,25,8,0.150588235294118,19,8,0.198142414860681
V0.5_c1,bgs,6,emmax,2,0.5,17,25,8,0.150588235294118,15,8,0.250980392156863
V0.5_c1,bgs,6,emmax,2,0.7,17,25,8,0.150588235294118,10,7,0.288235294117647
V0.5_c1,bgs,6,emmax,3,0.01,17,18,8,0.209150326797386,37,8,0.101748807631161
V0.5_c1,bgs,6,emmax,3,0.02,17,18,8,0.209150326797386,31,8,0.121442125237192
V0.5_c1,bgs,6,emmax,3,0.05,17,18,8,0.209150326797386,26,8,0.144796380090498
V0.5_c1,bgs,6,emmax,3,0.1,17,18,8,0.209150326797386,24,8,0.156862745098039
V0.5_c1,bgs,6,emmax,3,0.15,17,18,8,0.209150326797386,23,8,0.163682864450128
V0.5_c1,bgs,6,emmax,3,0.2,17,18,8,0.209150326797386,23,8,0.163682864450128
V0.5_c1,bgs,6,emmax,3,0.3,17,18,8,0.209150326797386,17,8,0.221453287197232
V0.5_c1,bgs,6,emmax,3,0.4,17,18,8,0.209150326797386,14,8,0.26890756302521
V0.5_c1,bgs,6,emmax,3,0.5,17,18,8,0.209150326797386,12,8,0.313725490196078
V0.5_c1,bgs,6,emmax,3,0.7,17,18,8,0.209150326797386,9,7,0.320261437908497
V0.5_c1,bgs,6,emmax,5,0.01,17,11,7,0.262032085561497,22,8,0.171122994652406
V0.5_c1,bgs,6,emmax,5,0.02,17,11,7,0.262032085561497,18,8,0.209150326797386
V0.5_c1,bgs,6,emmax,5,0.05,17,11,7,0.262032085561497,15,8,0.250980392156863
V0.5_c1,bgs,6,emmax,5,0.1,17,11,7,0.262032085561497,14,8,0.26890756302521
V0.5_c1,bgs,6,emmax,5,0.15,17,11,7,0.262032085561497,13,8,0.289592760180996
V0.5_c1,bgs,6,emmax,5,0.2,17,11,7,0.262032085561497,12,8,0.313725490196078
V0.5_c1,bgs,6,emmax,5,0.3,17,11,7,0.262032085561497,11,7,0.262032085561497
V0.5_c1,bgs,6,emmax,5,0.4,17,11,7,0.262032085561497,10,7,0.288235294117647
V0.5_c1,bgs,6,emmax,5,0.5,17,11,7,0.262032085561497,9,7,0.320261437908497
V0.5_c1,bgs,6,emmax,5,0.7,17,11,7,0.262032085561497,7,6,0.302521008403361
V0.5_c1,bgs,6,emmax,10,0.01,17,5,5,0.294117647058824,12,6,0.176470588235294
V0.5_c1,bgs,6,emmax,10,0.02,17,5,5,0.294117647058824,10,6,0.211764705882353
V0.5_c1,bgs,6,emmax,10,0.05,17,5,5,0.294117647058824,9,6,0.235294117647059
V0.5_c1,bgs,6,emmax,10,0.1,17,5,5,0.294117647058824,9,6,0.235294117647059
V0.5_c1,bgs,6,emmax,10,0.15,17,5,5,0.294117647058824,9,6,0.235294117647059
V0.5_c1,bgs,6,emmax,10,0.2,17,5,5,0.294117647058824,8,6,0.264705882352941
V0.5_c1,bgs,6,emmax,10,0.3,17,5,5,0.294117647058824,8,6,0.264705882352941
V0.5_c1,bgs,6,emmax,10,0.4,17,5,5,0.294117647058824,8,6,0.264705882352941
V0.5_c1,bgs,6,emmax,10,0.5,17,5,5,0.294117647058824,8,6,0.264705882352941
V0.5_c1,bgs,6,emmax,10,0.7,17,5,5,0.294117647058824,4,4,0.235294117647059
V0.5_c1,bgs,6,lfmm,2,0.01,17,29,9,0.164300202839757,61,10,0.0964320154291225
V0.5_c1,bgs,6,lfmm,2,0.02,17,29,9,0.164300202839757,57,9,0.0835913312693498
V0.5_c1,bgs,6,lfmm,2,0.05,17,29,9,0.164300202839757,48,9,0.099264705882353
V0.5_c1,bgs,6,lfmm,2,0.1,17,29,9,0.164300202839757,39,9,0.122171945701357
V0.5_c1,bgs,6,lfmm,2,0.15,17,29,9,0.164300202839757,35,9,0.136134453781513
V0.5_c1,bgs,6,lfmm,2,0.2,17,29,9,0.164300202839757,34,9,0.140138408304498
V0.5_c1,bgs,6,lfmm,2,0.3,17,29,9,0.164300202839757,31,9,0.153700189753321
V0.5_c1,bgs,6,lfmm,2,0.4,17,29,9,0.164300202839757,26,9,0.183257918552036
V0.5_c1,bgs,6,lfmm,2,0.5,17,29,9,0.164300202839757,21,9,0.226890756302521
V0.5_c1,bgs,6,lfmm,2,0.7,17,29,9,0.164300202839757,16,9,0.297794117647059
V0.5_c1,bgs,6,lfmm,3,0.01,17,22,9,0.216577540106952,47,9,0.101376720901126
V0.5_c1,bgs,6,lfmm,3,0.02,17,22,9,0.216577540106952,43,9,0.110807113543092
V0.5_c1,bgs,6,lfmm,3,0.05,17,22,9,0.216577540106952,36,9,0.132352941176471
V0.5_c1,bgs,6,lfmm,3,0.1,17,22,9,0.216577540106952,32,9,0.148897058823529
V0.5_c1,bgs,6,lfmm,3,0.15,17,22,9,0.216577540106952,30,9,0.158823529411765
V0.5_c1,bgs,6,lfmm,3,0.2,17,22,9,0.216577540106952,27,9,0.176470588235294
V0.5_c1,bgs,6,lfmm,3,0.3,17,22,9,0.216577540106952,24,9,0.198529411764706
V0.5_c1,bgs,6,lfmm,3,0.4,17,22,9,0.216577540106952,20,9,0.238235294117647
V0.5_c1,bgs,6,lfmm,3,0.5,17,22,9,0.216577540106952,17,9,0.280276816608997
V0.5_c1,bgs,6,lfmm,3,0.7,17,22,9,0.216577540106952,13,9,0.366515837104072
V0.5_c1,bgs,6,lfmm,5,0.01,17,17,9,0.280276816608997,32,9,0.148897058823529
V0.5_c1,bgs,6,lfmm,5,0.02,17,17,9,0.280276816608997,32,9,0.148897058823529
V0.5_c1,bgs,6,lfmm,5,0.05,17,17,9,0.280276816608997,28,9,0.170168067226891
V0.5_c1,bgs,6,lfmm,5,0.1,17,17,9,0.280276816608997,26,9,0.183257918552036
V0.5_c1,bgs,6,lfmm,5,0.15,17,17,9,0.280276816608997,22,9,0.216577540106952
V0.5_c1,bgs,6,lfmm,5,0.2,17,17,9,0.280276816608997,20,9,0.238235294117647
V0.5_c1,bgs,6,lfmm,5,0.3,17,17,9,0.280276816608997,17,9,0.280276816608997
V0.5_c1,bgs,6,lfmm,5,0.4,17,17,9,0.280276816608997,14,9,0.340336134453782
V0.5_c1,bgs,6,lfmm,5,0.5,17,17,9,0.280276816608997,14,9,0.340336134453782
V0.5_c1,bgs,6,lfmm,5,0.7,17,17,9,0.280276816608997,11,9,0.433155080213904
V0.5_c1,bgs,6,lfmm,10,0.01,17,11,9,0.433155080213904,24,9,0.198529411764706
V0.5_c1,bgs,6,lfmm,10,0.02,17,11,9,0.433155080213904,20,9,0.238235294117647
V0.5_c1,bgs,6,lfmm,10,0.05,17,11,9,0.433155080213904,17,9,0.280276816608997
V0.5_c1,bgs,6,lfmm,10,0.1,17,11,9,0.433155080213904,15,9,0.317647058823529
V0.5_c1,bgs,6,lfmm,10,0.15,17,11,9,0.433155080213904,14,9,0.340336134453782
V0.5_c1,bgs,6,lfmm,10,0.2,17,11,9,0.433155080213904,13,9,0.366515837104072
V0.5_c1,bgs,6,lfmm,10,0.3,17,11,9,0.433155080213904,12,9,0.397058823529412
V0.5_c1,bgs,6,lfmm,10,0.4,17,11,9,0.433155080213904,12,9,0.397058823529412
V0.5_c1,bgs,6,lfmm,10,0.5,17,11,9,0.433155080213904,11,9,0.433155080213904
V0.5_c1,bgs,6,lfmm,10,0.7,17,11,9,0.433155080213904,9,7,0.320261437908497
V0.5_c1,bgs,7,emmax,2,0.01,19,22,13,0.404306220095694,41,14,0.251604621309371
V0.5_c1,bgs,7,emmax,2,0.02,19,22,13,0.404306220095694,40,14,0.257894736842105
V0.5_c1,bgs,7,emmax,2,0.05,19,22,13,0.404306220095694,35,14,0.294736842105263
V0.5_c1,bgs,7,emmax,2,0.1,19,22,13,0.404306220095694,31,14,0.33276740237691
V0.5_c1,bgs,7,emmax,2,0.15,19,22,13,0.404306220095694,28,14,0.368421052631579
V0.5_c1,bgs,7,emmax,2,0.2,19,22,13,0.404306220095694,26,14,0.396761133603239
V0.5_c1,bgs,7,emmax,2,0.3,19,22,13,0.404306220095694,24,14,0.429824561403509
V0.5_c1,bgs,7,emmax,2,0.4,19,22,13,0.404306220095694,21,14,0.491228070175439
V0.5_c1,bgs,7,emmax,2,0.5,19,22,13,0.404306220095694,18,14,0.573099415204678
V0.5_c1,bgs,7,emmax,2,0.7,19,22,13,0.404306220095694,16,13,0.555921052631579
V0.5_c1,bgs,7,emmax,3,0.01,19,16,11,0.398026315789474,32,13,0.277960526315789
V0.5_c1,bgs,7,emmax,3,0.02,19,16,11,0.398026315789474,30,13,0.296491228070175
V0.5_c1,bgs,7,emmax,3,0.05,19,16,11,0.398026315789474,27,13,0.329434697855751
V0.5_c1,bgs,7,emmax,3,0.1,19,16,11,0.398026315789474,26,13,0.342105263157895
V0.5_c1,bgs,7,emmax,3,0.15,19,16,11,0.398026315789474,25,13,0.355789473684211
V0.5_c1,bgs,7,emmax,3,0.2,19,16,11,0.398026315789474,22,13,0.404306220095694
V0.5_c1,bgs,7,emmax,3,0.3,19,16,11,0.398026315789474,17,12,0.445820433436533
V0.5_c1,bgs,7,emmax,3,0.4,19,16,11,0.398026315789474,16,12,0.473684210526316
V0.5_c1,bgs,7,emmax,3,0.5,19,16,11,0.398026315789474,14,11,0.454887218045113
V0.5_c1,bgs,7,emmax,3,0.7,19,16,11,0.398026315789474,11,10,0.478468899521531
V0.5_c1,bgs,7,emmax,5,0.01,19,11,9,0.38755980861244,23,12,0.329519450800915
V0.5_c1,bgs,7,emmax,5,0.02,19,11,9,0.38755980861244,22,12,0.344497607655502
V0.5_c1,bgs,7,emmax,5,0.05,19,11,9,0.38755980861244,21,11,0.303258145363409
V0.5_c1,bgs,7,emmax,5,0.1,19,11,9,0.38755980861244,19,10,0.277008310249307
V0.5_c1,bgs,7,emmax,5,0.15,19,11,9,0.38755980861244,18,9,0.236842105263158
V0.5_c1,bgs,7,emmax,5,0.2,19,11,9,0.38755980861244,16,9,0.266447368421053
V0.5_c1,bgs,7,emmax,5,0.3,19,11,9,0.38755980861244,14,10,0.37593984962406
V0.5_c1,bgs,7,emmax,5,0.4,19,11,9,0.38755980861244,11,9,0.38755980861244
V0.5_c1,bgs,7,emmax,5,0.5,19,11,9,0.38755980861244,10,9,0.426315789473684
V0.5_c1,bgs,7,emmax,5,0.7,19,11,9,0.38755980861244,9,9,0.473684210526316
V0.5_c1,bgs,7,emmax,10,0.01,19,3,3,0.157894736842105,15,8,0.224561403508772
V0.5_c1,bgs,7,emmax,10,0.02,19,3,3,0.157894736842105,15,8,0.224561403508772
V0.5_c1,bgs,7,emmax,10,0.05,19,3,3,0.157894736842105,14,8,0.240601503759399
V0.5_c1,bgs,7,emmax,10,0.1,19,3,3,0.157894736842105,14,8,0.240601503759399
V0.5_c1,bgs,7,emmax,10,0.15,19,3,3,0.157894736842105,12,8,0.280701754385965
V0.5_c1,bgs,7,emmax,10,0.2,19,3,3,0.157894736842105,12,8,0.280701754385965
V0.5_c1,bgs,7,emmax,10,0.3,19,3,3,0.157894736842105,11,8,0.30622009569378
V0.5_c1,bgs,7,emmax,10,0.4,19,3,3,0.157894736842105,7,6,0.270676691729323
V0.5_c1,bgs,7,emmax,10,0.5,19,3,3,0.157894736842105,3,3,0.157894736842105
V0.5_c1,bgs,7,emmax,10,0.7,19,3,3,0.157894736842105,3,3,0.157894736842105
V0.5_c1,bgs,7,lfmm,2,0.01,19,19,13,0.46814404432133,38,15,0.311634349030471
V0.5_c1,bgs,7,lfmm,2,0.02,19,19,13,0.46814404432133,34,15,0.348297213622291
V0.5_c1,bgs,7,lfmm,2,0.05,19,19,13,0.46814404432133,32,15,0.370065789473684
V0.5_c1,bgs,7,lfmm,2,0.1,19,19,13,0.46814404432133,28,14,0.368421052631579
V0.5_c1,bgs,7,lfmm,2,0.15,19,19,13,0.46814404432133,25,13,0.355789473684211
V0.5_c1,bgs,7,lfmm,2,0.2,19,19,13,0.46814404432133,20,12,0.378947368421053
V0.5_c1,bgs,7,lfmm,2,0.3,19,19,13,0.46814404432133,20,12,0.378947368421053
V0.5_c1,bgs,7,lfmm,2,0.4,19,19,13,0.46814404432133,20,12,0.378947368421053
V0.5_c1,bgs,7,lfmm,2,0.5,19,19,13,0.46814404432133,19,12,0.398891966759003
V0.5_c1,bgs,7,lfmm,2,0.7,19,19,13,0.46814404432133,17,12,0.445820433436533
V0.5_c1,bgs,7,lfmm,3,0.01,19,16,10,0.328947368421053,32,14,0.322368421052632
V0.5_c1,bgs,7,lfmm,3,0.02,19,16,10,0.328947368421053,30,14,0.343859649122807
V0.5_c1,bgs,7,lfmm,3,0.05,19,16,10,0.328947368421053,29,14,0.355716878402904
V0.5_c1,bgs,7,lfmm,3,0.1,19,16,10,0.328947368421053,21,11,0.303258145363409
V0.5_c1,bgs,7,lfmm,3,0.15,19,16,10,0.328947368421053,21,11,0.303258145363409
V0.5_c1,bgs,7,lfmm,3,0.2,19,16,10,0.328947368421053,19,11,0.335180055401662
V0.5_c1,bgs,7,lfmm,3,0.3,19,16,10,0.328947368421053,19,11,0.335180055401662
V0.5_c1,bgs,7,lfmm,3,0.4,19,16,10,0.328947368421053,19,11,0.335180055401662
V0.5_c1,bgs,7,lfmm,3,0.5,19,16,10,0.328947368421053,15,9,0.284210526315789
V0.5_c1,bgs,7,lfmm,3,0.7,19,16,10,0.328947368421053,15,10,0.350877192982456
V0.5_c1,bgs,7,lfmm,5,0.01,19,14,10,0.37593984962406,27,12,0.280701754385965
V0.5_c1,bgs,7,lfmm,5,0.02,19,14,10,0.37593984962406,25,10,0.210526315789474
V0.5_c1,bgs,7,lfmm,5,0.05,19,14,10,0.37593984962406,23,10,0.22883295194508
V0.5_c1,bgs,7,lfmm,5,0.1,19,14,10,0.37593984962406,19,10,0.277008310249307
V0.5_c1,bgs,7,lfmm,5,0.15,19,14,10,0.37593984962406,17,9,0.25077399380805
V0.5_c1,bgs,7,lfmm,5,0.2,19,14,10,0.37593984962406,15,9,0.284210526315789
V0.5_c1,bgs,7,lfmm,5,0.3,19,14,10,0.37593984962406,14,9,0.304511278195489
V0.5_c1,bgs,7,lfmm,5,0.4,19,14,10,0.37593984962406,14,9,0.304511278195489
V0.5_c1,bgs,7,lfmm,5,0.5,19,14,10,0.37593984962406,11,8,0.30622009569378
V0.5_c1,bgs,7,lfmm,5,0.7,19,14,10,0.37593984962406,11,9,0.38755980861244
V0.5_c1,bgs,7,lfmm,10,0.01,19,7,4,0.120300751879699,17,8,0.198142414860681
V0.5_c1,bgs,7,lfmm,10,0.02,19,7,4,0.120300751879699,17,8,0.198142414860681
V0.5_c1,bgs,7,lfmm,10,0.05,19,7,4,0.120300751879699,16,8,0.210526315789474
V0.5_c1,bgs,7,lfmm,10,0.1,19,7,4,0.120300751879699,12,6,0.157894736842105
V0.5_c1,bgs,7,lfmm,10,0.15,19,7,4,0.120300751879699,12,6,0.157894736842105
V0.5_c1,bgs,7,lfmm,10,0.2,19,7,4,0.120300751879699,9,5,0.146198830409357
V0.5_c1,bgs,7,lfmm,10,0.3,19,7,4,0.120300751879699,9,5,0.146198830409357
V0.5_c1,bgs,7,lfmm,10,0.4,19,7,4,0.120300751879699,9,5,0.146198830409357
V0.5_c1,bgs,7,lfmm,10,0.5,19,7,4,0.120300751879699,8,5,0.164473684210526
V0.5_c1,bgs,7,lfmm,10,0.7,19,7,4,0.120300751879699,7,5,0.18796992481203
V0.5_c1,bgs,8,emmax,2,0.01,20,27,11,0.224074074074074,61,13,0.138524590163934
V0.5_c1,bgs,8,emmax,2,0.02,20,27,11,0.224074074074074,57,13,0.148245614035088
V0.5_c1,bgs,8,emmax,2,0.05,20,27,11,0.224074074074074,46,13,0.183695652173913
V0.5_c1,bgs,8,emmax,2,0.1,20,27,11,0.224074074074074,38,13,0.222368421052632
V0.5_c1,bgs,8,emmax,2,0.15,20,27,11,0.224074074074074,35,13,0.241428571428571
V0.5_c1,bgs,8,emmax,2,0.2,20,27,11,0.224074074074074,34,13,0.248529411764706
V0.5_c1,bgs,8,emmax,2,0.3,20,27,11,0.224074074074074,31,12,0.232258064516129
V0.5_c1,bgs,8,emmax,2,0.4,20,27,11,0.224074074074074,28,12,0.257142857142857
V0.5_c1,bgs,8,emmax,2,0.5,20,27,11,0.224074074074074,20,11,0.3025
V0.5_c1,bgs,8,emmax,2,0.7,20,27,11,0.224074074074074,17,11,0.355882352941177
V0.5_c1,bgs,8,emmax,3,0.01,20,21,11,0.288095238095238,46,13,0.183695652173913
V0.5_c1,bgs,8,emmax,3,0.02,20,21,11,0.288095238095238,42,13,0.201190476190476
V0.5_c1,bgs,8,emmax,3,0.05,20,21,11,0.288095238095238,32,13,0.2640625
V0.5_c1,bgs,8,emmax,3,0.1,20,21,11,0.288095238095238,29,13,0.291379310344828
V0.5_c1,bgs,8,emmax,3,0.15,20,21,11,0.288095238095238,28,13,0.301785714285714
V0.5_c1,bgs,8,emmax,3,0.2,20,21,11,0.288095238095238,27,13,0.312962962962963
V0.5_c1,bgs,8,emmax,3,0.3,20,21,11,0.288095238095238,25,11,0.242
V0.5_c1,bgs,8,emmax,3,0.4,20,21,11,0.288095238095238,23,11,0.26304347826087
V0.5_c1,bgs,8,emmax,3,0.5,20,21,11,0.288095238095238,17,11,0.355882352941177
V0.5_c1,bgs,8,emmax,3,0.7,20,21,11,0.288095238095238,15,11,0.403333333333333
V0.5_c1,bgs,8,emmax,5,0.01,20,16,8,0.2,28,13,0.301785714285714
V0.5_c1,bgs,8,emmax,5,0.02,20,16,8,0.2,25,13,0.338
V0.5_c1,bgs,8,emmax,5,0.05,20,16,8,0.2,22,12,0.327272727272727
V0.5_c1,bgs,8,emmax,5,0.1,20,16,8,0.2,22,12,0.327272727272727
V0.5_c1,bgs,8,emmax,5,0.15,20,16,8,0.2,21,12,0.342857142857143
V0.5_c1,bgs,8,emmax,5,0.2,20,16,8,0.2,20,11,0.3025
V0.5_c1,bgs,8,emmax,5,0.3,20,16,8,0.2,19,10,0.263157894736842
V0.5_c1,bgs,8,emmax,5,0.4,20,16,8,0.2,16,10,0.3125
V0.5_c1,bgs,8,emmax,5,0.5,20,16,8,0.2,14,9,0.289285714285714
V0.5_c1,bgs,8,emmax,5,0.7,20,16,8,0.2,12,9,0.3375
V0.5_c1,bgs,8,emmax,10,0.01,20,10,6,0.18,16,11,0.378125
V0.5_c1,bgs,8,emmax,10,0.02,20,10,6,0.18,16,11,0.378125
V0.5_c1,bgs,8,emmax,10,0.05,20,10,6,0.18,16,11,0.378125
V0.5_c1,bgs,8,emmax,10,0.1,20,10,6,0.18,15,11,0.403333333333333
V0.5_c1,bgs,8,emmax,10,0.15,20,10,6,0.18,14,10,0.357142857142857
V0.5_c1,bgs,8,emmax,10,0.2,20,10,6,0.18,14,10,0.357142857142857
V0.5_c1,bgs,8,emmax,10,0.3,20,10,6,0.18,12,7,0.204166666666667
V0.5_c1,bgs,8,emmax,10,0.4,20,10,6,0.18,11,7,0.222727272727273
V0.5_c1,bgs,8,emmax,10,0.5,20,10,6,0.18,11,7,0.222727272727273
V0.5_c1,bgs,8,emmax,10,0.7,20,10,6,0.18,9,6,0.2
V0.5_c1,bgs,8,lfmm,2,0.01,20,39,13,0.216666666666667,84,14,0.116666666666667
V0.5_c1,bgs,8,lfmm,2,0.02,20,39,13,0.216666666666667,79,14,0.124050632911392
V0.5_c1,bgs,8,lfmm,2,0.05,20,39,13,0.216666666666667,63,14,0.155555555555556
V0.5_c1,bgs,8,lfmm,2,0.1,20,39,13,0.216666666666667,57,14,0.171929824561404
V0.5_c1,bgs,8,lfmm,2,0.15,20,39,13,0.216666666666667,58,14,0.168965517241379
V0.5_c1,bgs,8,lfmm,2,0.2,20,39,13,0.216666666666667,55,14,0.178181818181818
V0.5_c1,bgs,8,lfmm,2,0.3,20,39,13,0.216666666666667,52,14,0.188461538461538
V0.5_c1,bgs,8,lfmm,2,0.4,20,39,13,0.216666666666667,44,14,0.222727272727273
V0.5_c1,bgs,8,lfmm,2,0.5,20,39,13,0.216666666666667,32,14,0.30625
V0.5_c1,bgs,8,lfmm,2,0.7,20,39,13,0.216666666666667,26,14,0.376923076923077
V0.5_c1,bgs,8,lfmm,3,0.01,20,30,12,0.24,66,14,0.148484848484848
V0.5_c1,bgs,8,lfmm,3,0.02,20,30,12,0.24,63,13,0.134126984126984
V0.5_c1,bgs,8,lfmm,3,0.05,20,30,12,0.24,52,13,0.1625
V0.5_c1,bgs,8,lfmm,3,0.1,20,30,12,0.24,46,13,0.183695652173913
V0.5_c1,bgs,8,lfmm,3,0.15,20,30,12,0.24,47,13,0.179787234042553
V0.5_c1,bgs,8,lfmm,3,0.2,20,30,12,0.24,45,13,0.187777777777778
V0.5_c1,bgs,8,lfmm,3,0.3,20,30,12,0.24,37,13,0.228378378378378
V0.5_c1,bgs,8,lfmm,3,0.4,20,30,12,0.24,34,13,0.248529411764706
V0.5_c1,bgs,8,lfmm,3,0.5,20,30,12,0.24,25,13,0.338
V0.5_c1,bgs,8,lfmm,3,0.7,20,30,12,0.24,21,13,0.402380952380952
V0.5_c1,bgs,8,lfmm,5,0.01,20,21,11,0.288095238095238,49,13,0.172448979591837
V0.5_c1,bgs,8,lfmm,5,0.02,20,21,11,0.288095238095238,40,13,0.21125
V0.5_c1,bgs,8,lfmm,5,0.05,20,21,11,0.288095238095238,33,12,0.218181818181818
V0.5_c1,bgs,8,lfmm,5,0.1,20,21,11,0.288095238095238,31,11,0.195161290322581
V0.5_c1,bgs,8,lfmm,5,0.15,20,21,11,0.288095238095238,30,11,0.201666666666667
V0.5_c1,bgs,8,lfmm,5,0.2,20,21,11,0.288095238095238,27,11,0.224074074074074
V0.5_c1,bgs,8,lfmm,5,0.3,20,21,11,0.288095238095238,25,11,0.242
V0.5_c1,bgs,8,lfmm,5,0.4,20,21,11,0.288095238095238,22,11,0.275
V0.5_c1,bgs,8,lfmm,5,0.5,20,21,11,0.288095238095238,19,11,0.318421052631579
V0.5_c1,bgs,8,lfmm,5,0.7,20,21,11,0.288095238095238,17,12,0.423529411764706
V0.5_c1,bgs,8,lfmm,10,0.01,20,14,10,0.357142857142857,27,10,0.185185185185185
V0.5_c1,bgs,8,lfmm,10,0.02,20,14,10,0.357142857142857,24,10,0.208333333333333
V0.5_c1,bgs,8,lfmm,10,0.05,20,14,10,0.357142857142857,23,10,0.217391304347826
V0.5_c1,bgs,8,lfmm,10,0.1,20,14,10,0.357142857142857,20,10,0.25
V0.5_c1,bgs,8,lfmm,10,0.15,20,14,10,0.357142857142857,21,10,0.238095238095238
V0.5_c1,bgs,8,lfmm,10,0.2,20,14,10,0.357142857142857,20,10,0.25
V0.5_c1,bgs,8,lfmm,10,0.3,20,14,10,0.357142857142857,18,10,0.277777777777778
V0.5_c1,bgs,8,lfmm,10,0.4,20,14,10,0.357142857142857,16,10,0.3125
V0.5_c1,bgs,8,lfmm,10,0.5,20,14,10,0.357142857142857,16,10,0.3125
V0.5_c1,bgs,8,lfmm,10,0.7,20,14,10,0.357142857142857,14,11,0.432142857142857
V0.5_c1,bgs,9,emmax,2,0.01,20,6,5,0.208333333333333,14,9,0.289285714285714
V0.5_c1,bgs,9,emmax,2,0.02,20,6,5,0.208333333333333,11,8,0.290909090909091
V0.5_c1,bgs,9,emmax,2,0.05,20,6,5,0.208333333333333,10,8,0.32
V0.5_c1,bgs,9,emmax,2,0.1,20,6,5,0.208333333333333,7,5,0.178571428571429
V0.5_c1,bgs,9,emmax,2,0.15,20,6,5,0.208333333333333,6,5,0.208333333333333
V0.5_c1,bgs,9,emmax,2,0.2,20,6,5,0.208333333333333,6,5,0.208333333333333
V0.5_c1,bgs,9,emmax,2,0.3,20,6,5,0.208333333333333,6,5,0.208333333333333
V0.5_c1,bgs,9,emmax,2,0.4,20,6,5,0.208333333333333,6,5,0.208333333333333
V0.5_c1,bgs,9,emmax,2,0.5,20,6,5,0.208333333333333,6,5,0.208333333333333
V0.5_c1,bgs,9,emmax,2,0.7,20,6,5,0.208333333333333,5,5,0.25
V0.5_c1,bgs,9,emmax,3,0.01,20,6,5,0.208333333333333,13,8,0.246153846153846
V0.5_c1,bgs,9,emmax,3,0.02,20,6,5,0.208333333333333,11,8,0.290909090909091
V0.5_c1,bgs,9,emmax,3,0.05,20,6,5,0.208333333333333,9,8,0.355555555555556
V0.5_c1,bgs,9,emmax,3,0.1,20,6,5,0.208333333333333,6,5,0.208333333333333
V0.5_c1,bgs,9,emmax,3,0.15,20,6,5,0.208333333333333,6,5,0.208333333333333
V0.5_c1,bgs,9,emmax,3,0.2,20,6,5,0.208333333333333,6,5,0.208333333333333
V0.5_c1,bgs,9,emmax,3,0.3,20,6,5,0.208333333333333,6,5,0.208333333333333
V0.5_c1,bgs,9,emmax,3,0.4,20,6,5,0.208333333333333,6,5,0.208333333333333
V0.5_c1,bgs,9,emmax,3,0.5,20,6,5,0.208333333333333,6,5,0.208333333333333
V0.5_c1,bgs,9,emmax,3,0.7,20,6,5,0.208333333333333,5,5,0.25
V0.5_c1,bgs,9,emmax,5,0.01,20,4,3,0.1125,12,8,0.266666666666667
V0.5_c1,bgs,9,emmax,5,0.02,20,4,3,0.1125,10,8,0.32
V0.5_c1,bgs,9,emmax,5,0.05,20,4,3,0.1125,9,8,0.355555555555556
V0.5_c1,bgs,9,emmax,5,0.1,20,4,3,0.1125,6,5,0.208333333333333
V0.5_c1,bgs,9,emmax,5,0.15,20,4,3,0.1125,6,5,0.208333333333333
V0.5_c1,bgs,9,emmax,5,0.2,20,4,3,0.1125,6,5,0.208333333333333
V0.5_c1,bgs,9,emmax,5,0.3,20,4,3,0.1125,5,4,0.16
V0.5_c1,bgs,9,emmax,5,0.4,20,4,3,0.1125,5,4,0.16
V0.5_c1,bgs,9,emmax,5,0.5,20,4,3,0.1125,4,4,0.2
V0.5_c1,bgs,9,emmax,5,0.7,20,4,3,0.1125,4,4,0.2
V0.5_c1,bgs,9,emmax,10,0.01,20,2,2,0.1,11,7,0.222727272727273
V0.5_c1,bgs,9,emmax,10,0.02,20,2,2,0.1,8,6,0.225
V0.5_c1,bgs,9,emmax,10,0.05,20,2,2,0.1,6,5,0.208333333333333
V0.5_c1,bgs,9,emmax,10,0.1,20,2,2,0.1,4,3,0.1125
V0.5_c1,bgs,9,emmax,10,0.15,20,2,2,0.1,3,3,0.15
V0.5_c1,bgs,9,emmax,10,0.2,20,2,2,0.1,3,3,0.15
V0.5_c1,bgs,9,emmax,10,0.3,20,2,2,0.1,3,3,0.15
V0.5_c1,bgs,9,emmax,10,0.4,20,2,2,0.1,3,3,0.15
V0.5_c1,bgs,9,emmax,10,0.5,20,2,2,0.1,2,2,0.1
V0.5_c1,bgs,9,emmax,10,0.7,20,2,2,0.1,2,2,0.1
V0.5_c1,bgs,9,lfmm,2,0.01,20,5,4,0.16,15,10,0.333333333333333
V0.5_c1,bgs,9,lfmm,2,0.02,20,5,4,0.16,14,10,0.357142857142857
V0.5_c1,bgs,9,lfmm,2,0.05,20,5,4,0.16,11,8,0.290909090909091
V0.5_c1,bgs,9,lfmm,2,0.1,20,5,4,0.16,10,7,0.245
V0.5_c1,bgs,9,lfmm,2,0.15,20,5,4,0.16,9,6,0.2
V0.5_c1,bgs,9,lfmm,2,0.2,20,5,4,0.16,8,6,0.225
V0.5_c1,bgs,9,lfmm,2,0.3,20,5,4,0.16,8,6,0.225
V0.5_c1,bgs,9,lfmm,2,0.4,20,5,4,0.16,8,6,0.225
V0.5_c1,bgs,9,lfmm,2,0.5,20,5,4,0.16,7,6,0.257142857142857
V0.5_c1,bgs,9,lfmm,2,0.7,20,5,4,0.16,7,6,0.257142857142857
V0.5_c1,bgs,9,lfmm,3,0.01,20,4,3,0.1125,11,9,0.368181818181818
V0.5_c1,bgs,9,lfmm,3,0.02,20,4,3,0.1125,11,9,0.368181818181818
V0.5_c1,bgs,9,lfmm,3,0.05,20,4,3,0.1125,10,8,0.32
V0.5_c1,bgs,9,lfmm,3,0.1,20,4,3,0.1125,9,7,0.272222222222222
V0.5_c1,bgs,9,lfmm,3,0.15,20,4,3,0.1125,8,6,0.225
V0.5_c1,bgs,9,lfmm,3,0.2,20,4,3,0.1125,8,6,0.225
V0.5_c1,bgs,9,lfmm,3,0.3,20,4,3,0.1125,8,6,0.225
V0.5_c1,bgs,9,lfmm,3,0.4,20,4,3,0.1125,8,6,0.225
V0.5_c1,bgs,9,lfmm,3,0.5,20,4,3,0.1125,7,6,0.257142857142857
V0.5_c1,bgs,9,lfmm,3,0.7,20,4,3,0.1125,7,6,0.257142857142857
V0.5_c1,bgs,9,lfmm,5,0.01,20,3,3,0.15,11,9,0.368181818181818
V0.5_c1,bgs,9,lfmm,5,0.02,20,3,3,0.15,11,9,0.368181818181818
V0.5_c1,bgs,9,lfmm,5,0.05,20,3,3,0.15,10,8,0.32
V0.5_c1,bgs,9,lfmm,5,0.1,20,3,3,0.15,8,7,0.30625
V0.5_c1,bgs,9,lfmm,5,0.15,20,3,3,0.15,7,6,0.257142857142857
V0.5_c1,bgs,9,lfmm,5,0.2,20,3,3,0.15,7,6,0.257142857142857
V0.5_c1,bgs,9,lfmm,5,0.3,20,3,3,0.15,6,5,0.208333333333333
V0.5_c1,bgs,9,lfmm,5,0.4,20,3,3,0.15,6,5,0.208333333333333
V0.5_c1,bgs,9,lfmm,5,0.5,20,3,3,0.15,5,5,0.25
V0.5_c1,bgs,9,lfmm,5,0.7,20,3,3,0.15,4,4,0.2
V0.5_c1,bgs,9,lfmm,10,0.01,20,2,2,0.1,10,9,0.405
V0.5_c1,bgs,9,lfmm,10,0.02,20,2,2,0.1,10,9,0.405
V0.5_c1,bgs,9,lfmm,10,0.05,20,2,2,0.1,6,5,0.208333333333333
V0.5_c1,bgs,9,lfmm,10,0.1,20,2,2,0.1,6,5,0.208333333333333
V0.5_c1,bgs,9,lfmm,10,0.15,20,2,2,0.1,5,4,0.16
V0.5_c1,bgs,9,lfmm,10,0.2,20,2,2,0.1,4,3,0.1125
V0.5_c1,bgs,9,lfmm,10,0.3,20,2,2,0.1,3,2,0.0666666666666667
V0.5_c1,bgs,9,lfmm,10,0.4,20,2,2,0.1,3,2,0.0666666666666667
V0.5_c1,bgs,9,lfmm,10,0.5,20,2,2,0.1,2,2,0.1
V0.5_c1,bgs,9,lfmm,10,0.7,20,2,2,0.1,2,2,0.1
V0.5_c1,bgs,10,emmax,2,0.01,17,23,9,0.207161125319693,38,10,0.154798761609907
V0.5_c1,bgs,10,emmax,2,0.02,17,23,9,0.207161125319693,36,10,0.163398692810458
V0.5_c1,bgs,10,emmax,2,0.05,17,23,9,0.207161125319693,32,10,0.183823529411765
V0.5_c1,bgs,10,emmax,2,0.1,17,23,9,0.207161125319693,31,10,0.189753320683112
V0.5_c1,bgs,10,emmax,2,0.15,17,23,9,0.207161125319693,29,9,0.164300202839757
V0.5_c1,bgs,10,emmax,2,0.2,17,23,9,0.207161125319693,29,9,0.164300202839757
V0.5_c1,bgs,10,emmax,2,0.3,17,23,9,0.207161125319693,23,9,0.207161125319693
V0.5_c1,bgs,10,emmax,2,0.4,17,23,9,0.207161125319693,21,9,0.226890756302521
V0.5_c1,bgs,10,emmax,2,0.5,17,23,9,0.207161125319693,18,9,0.264705882352941
V0.5_c1,bgs,10,emmax,2,0.7,17,23,9,0.207161125319693,13,9,0.366515837104072
V0.5_c1,bgs,10,emmax,3,0.01,17,18,9,0.264705882352941,29,10,0.202839756592292
V0.5_c1,bgs,10,emmax,3,0.02,17,18,9,0.264705882352941,29,10,0.202839756592292
V0.5_c1,bgs,10,emmax,3,0.05,17,18,9,0.264705882352941,26,9,0.183257918552036
V0.5_c1,bgs,10,emmax,3,0.1,17,18,9,0.264705882352941,24,9,0.198529411764706
V0.5_c1,bgs,10,emmax,3,0.15,17,18,9,0.264705882352941,24,9,0.198529411764706
V0.5_c1,bgs,10,emmax,3,0.2,17,18,9,0.264705882352941,23,9,0.207161125319693
V0.5_c1,bgs,10,emmax,3,0.3,17,18,9,0.264705882352941,19,9,0.25077399380805
V0.5_c1,bgs,10,emmax,3,0.4,17,18,9,0.264705882352941,17,9,0.280276816608997
V0.5_c1,bgs,10,emmax,3,0.5,17,18,9,0.264705882352941,14,9,0.340336134453782
V0.5_c1,bgs,10,emmax,3,0.7,17,18,9,0.264705882352941,13,9,0.366515837104072
V0.5_c1,bgs,10,emmax,5,0.01,17,13,9,0.366515837104072,21,10,0.280112044817927
V0.5_c1,bgs,10,emmax,5,0.02,17,13,9,0.366515837104072,20,10,0.294117647058824
V0.5_c1,bgs,10,emmax,5,0.05,17,13,9,0.366515837104072,14,9,0.340336134453782
V0.5_c1,bgs,10,emmax,5,0.1,17,13,9,0.366515837104072,14,9,0.340336134453782
V0.5_c1,bgs,10,emmax,5,0.15,17,13,9,0.366515837104072,14,9,0.340336134453782
V0.5_c1,bgs,10,emmax,5,0.2,17,13,9,0.366515837104072,14,9,0.340336134453782
V0.5_c1,bgs,10,emmax,5,0.3,17,13,9,0.366515837104072,14,9,0.340336134453782
V0.5_c1,bgs,10,emmax,5,0.4,17,13,9,0.366515837104072,14,9,0.340336134453782
V0.5_c1,bgs,10,emmax,5,0.5,17,13,9,0.366515837104072,12,9,0.397058823529412
V0.5_c1,bgs,10,emmax,5,0.7,17,13,9,0.366515837104072,12,9,0.397058823529412
V0.5_c1,bgs,10,emmax,10,0.01,17,9,7,0.320261437908497,15,10,0.392156862745098
V0.5_c1,bgs,10,emmax,10,0.02,17,9,7,0.320261437908497,15,10,0.392156862745098
V0.5_c1,bgs,10,emmax,10,0.05,17,9,7,0.320261437908497,14,9,0.340336134453782
V0.5_c1,bgs,10,emmax,10,0.1,17,9,7,0.320261437908497,14,9,0.340336134453782
V0.5_c1,bgs,10,emmax,10,0.15,17,9,7,0.320261437908497,14,9,0.340336134453782
V0.5_c1,bgs,10,emmax,10,0.2,17,9,7,0.320261437908497,12,9,0.397058823529412
V0.5_c1,bgs,10,emmax,10,0.3,17,9,7,0.320261437908497,12,9,0.397058823529412
V0.5_c1,bgs,10,emmax,10,0.4,17,9,7,0.320261437908497,11,9,0.433155080213904
V0.5_c1,bgs,10,emmax,10,0.5,17,9,7,0.320261437908497,11,9,0.433155080213904
V0.5_c1,bgs,10,emmax,10,0.7,17,9,7,0.320261437908497,9,8,0.418300653594771
V0.5_c1,bgs,10,lfmm,2,0.01,17,50,9,0.0952941176470588,95,11,0.0749226006191951
V0.5_c1,bgs,10,lfmm,2,0.02,17,50,9,0.0952941176470588,87,11,0.0818120351588912
V0.5_c1,bgs,10,lfmm,2,0.05,17,50,9,0.0952941176470588,74,10,0.0794912559618442
V0.5_c1,bgs,10,lfmm,2,0.1,17,50,9,0.0952941176470588,70,10,0.0840336134453781
V0.5_c1,bgs,10,lfmm,2,0.15,17,50,9,0.0952941176470588,68,10,0.0865051903114187
V0.5_c1,bgs,10,lfmm,2,0.2,17,50,9,0.0952941176470588,67,10,0.0877963125548727
V0.5_c1,bgs,10,lfmm,2,0.3,17,50,9,0.0952941176470588,58,10,0.101419878296146
V0.5_c1,bgs,10,lfmm,2,0.4,17,50,9,0.0952941176470588,47,10,0.125156445556946
V0.5_c1,bgs,10,lfmm,2,0.5,17,50,9,0.0952941176470588,39,10,0.150829562594268
V0.5_c1,bgs,10,lfmm,2,0.7,17,50,9,0.0952941176470588,20,10,0.294117647058824
V0.5_c1,bgs,10,lfmm,3,0.01,17,35,9,0.136134453781513,77,11,0.092436974789916
V0.5_c1,bgs,10,lfmm,3,0.02,17,35,9,0.136134453781513,71,11,0.100248550124275
V0.5_c1,bgs,10,lfmm,3,0.05,17,35,9,0.136134453781513,58,10,0.101419878296146
V0.5_c1,bgs,10,lfmm,3,0.1,17,35,9,0.136134453781513,56,10,0.105042016806723
V0.5_c1,bgs,10,lfmm,3,0.15,17,35,9,0.136134453781513,53,10,0.110987791342952
V0.5_c1,bgs,10,lfmm,3,0.2,17,35,9,0.136134453781513,51,10,0.115340253748558
V0.5_c1,bgs,10,lfmm,3,0.3,17,35,9,0.136134453781513,44,10,0.133689839572193
V0.5_c1,bgs,10,lfmm,3,0.4,17,35,9,0.136134453781513,37,10,0.158982511923688
V0.5_c1,bgs,10,lfmm,3,0.5,17,35,9,0.136134453781513,31,10,0.189753320683112
V0.5_c1,bgs,10,lfmm,3,0.7,17,35,9,0.136134453781513,16,10,0.367647058823529
V0.5_c1,bgs,10,lfmm,5,0.01,17,25,9,0.190588235294118,60,11,0.118627450980392
V0.5_c1,bgs,10,lfmm,5,0.02,17,25,9,0.190588235294118,57,11,0.124871001031992
V0.5_c1,bgs,10,lfmm,5,0.05,17,25,9,0.190588235294118,43,10,0.136798905608755
V0.5_c1,bgs,10,lfmm,5,0.1,17,25,9,0.190588235294118,38,10,0.154798761609907
V0.5_c1,bgs,10,lfmm,5,0.15,17,25,9,0.190588235294118,35,10,0.168067226890756
V0.5_c1,bgs,10,lfmm,5,0.2,17,25,9,0.190588235294118,33,10,0.17825311942959
V0.5_c1,bgs,10,lfmm,5,0.3,17,25,9,0.190588235294118,31,10,0.189753320683112
V0.5_c1,bgs,10,lfmm,5,0.4,17,25,9,0.190588235294118,27,10,0.217864923747277
V0.5_c1,bgs,10,lfmm,5,0.5,17,25,9,0.190588235294118,23,10,0.255754475703325
V0.5_c1,bgs,10,lfmm,5,0.7,17,25,9,0.190588235294118,14,10,0.420168067226891
V0.5_c1,bgs,10,lfmm,10,0.01,17,16,9,0.297794117647059,33,10,0.17825311942959
V0.5_c1,bgs,10,lfmm,10,0.02,17,16,9,0.297794117647059,30,10,0.196078431372549
V0.5_c1,bgs,10,lfmm,10,0.05,17,16,9,0.297794117647059,25,10,0.235294117647059
V0.5_c1,bgs,10,lfmm,10,0.1,17,16,9,0.297794117647059,25,10,0.235294117647059
V0.5_c1,bgs,10,lfmm,10,0.15,17,16,9,0.297794117647059,23,10,0.255754475703325
V0.5_c1,bgs,10,lfmm,10,0.2,17,16,9,0.297794117647059,23,10,0.255754475703325
V0.5_c1,bgs,10,lfmm,10,0.3,17,16,9,0.297794117647059,22,10,0.267379679144385
V0.5_c1,bgs,10,lfmm,10,0.4,17,16,9,0.297794117647059,19,10,0.309597523219814
V0.5_c1,bgs,10,lfmm,10,0.5,17,16,9,0.297794117647059,16,10,0.367647058823529
V0.5_c1,bgs,10,lfmm,10,0.7,17,16,9,0.297794117647059,14,10,0.420168067226891
V0.5_c1,nobgs,1,emmax,2,0.01,19,16,12,0.473684210526316,50,13,0.177894736842105
V0.5_c1,nobgs,1,emmax,2,0.02,19,16,12,0.473684210526316,42,13,0.211779448621554
V0.5_c1,nobgs,1,emmax,2,0.05,19,16,12,0.473684210526316,34,12,0.222910216718266
V0.5_c1,nobgs,1,emmax,2,0.1,19,16,12,0.473684210526316,29,12,0.261343012704174
V0.5_c1,nobgs,1,emmax,2,0.15,19,16,12,0.473684210526316,27,11,0.235867446393762
V0.5_c1,nobgs,1,emmax,2,0.2,19,16,12,0.473684210526316,25,11,0.254736842105263
V0.5_c1,nobgs,1,emmax,2,0.3,19,16,12,0.473684210526316,23,11,0.276887871853547
V0.5_c1,nobgs,1,emmax,2,0.4,19,16,12,0.473684210526316,20,12,0.378947368421053
V0.5_c1,nobgs,1,emmax,2,0.5,19,16,12,0.473684210526316,19,12,0.398891966759003
V0.5_c1,nobgs,1,emmax,2,0.7,19,16,12,0.473684210526316,14,12,0.541353383458647
V0.5_c1,nobgs,1,emmax,3,0.01,19,13,12,0.582995951417004,36,13,0.247076023391813
V0.5_c1,nobgs,1,emmax,3,0.02,19,13,12,0.582995951417004,33,13,0.269537480063796
V0.5_c1,nobgs,1,emmax,3,0.05,19,13,12,0.582995951417004,26,12,0.291497975708502
V0.5_c1,nobgs,1,emmax,3,0.1,19,13,12,0.582995951417004,21,12,0.360902255639098
V0.5_c1,nobgs,1,emmax,3,0.15,19,13,12,0.582995951417004,18,11,0.353801169590643
V0.5_c1,nobgs,1,emmax,3,0.2,19,13,12,0.582995951417004,17,11,0.374613003095975
V0.5_c1,nobgs,1,emmax,3,0.3,19,13,12,0.582995951417004,17,11,0.374613003095975
V0.5_c1,nobgs,1,emmax,3,0.4,19,13,12,0.582995951417004,17,12,0.445820433436533
V0.5_c1,nobgs,1,emmax,3,0.5,19,13,12,0.582995951417004,16,12,0.473684210526316
V0.5_c1,nobgs,1,emmax,3,0.7,19,13,12,0.582995951417004,12,12,0.631578947368421
V0.5_c1,nobgs,1,emmax,5,0.01,19,12,12,0.631578947368421,28,13,0.317669172932331
V0.5_c1,nobgs,1,emmax,5,0.02,19,12,12,0.631578947368421,24,12,0.315789473684211
V0.5_c1,nobgs,1,emmax,5,0.05,19,12,12,0.631578947368421,15,11,0.424561403508772
V0.5_c1,nobgs,1,emmax,5,0.1,19,12,12,0.631578947368421,13,11,0.489878542510122
V0.5_c1,nobgs,1,emmax,5,0.15,19,12,12,0.631578947368421,12,11,0.530701754385965
V0.5_c1,nobgs,1,emmax,5,0.2,19,12,12,0.631578947368421,12,11,0.530701754385965
V0.5_c1,nobgs,1,emmax,5,0.3,19,12,12,0.631578947368421,13,11,0.489878542510122
V0.5_c1,nobgs,1,emmax,5,0.4,19,12,12,0.631578947368421,14,12,0.541353383458647
V0.5_c1,nobgs,1,emmax,5,0.5,19,12,12,0.631578947368421,14,12,0.541353383458647
V0.5_c1,nobgs,1,emmax,5,0.7,19,12,12,0.631578947368421,12,12,0.631578947368421
V0.5_c1,nobgs,1,emmax,10,0.01,19,10,10,0.526315789473684,17,12,0.445820433436533
V0.5_c1,nobgs,1,emmax,10,0.02,19,10,10,0.526315789473684,17,12,0.445820433436533
V0.5_c1,nobgs,1,emmax,10,0.05,19,10,10,0.526315789473684,13,11,0.489878542510122
V0.5_c1,nobgs,1,emmax,10,0.1,19,10,10,0.526315789473684,12,11,0.530701754385965
V0.5_c1,nobgs,1,emmax,10,0.15,19,10,10,0.526315789473684,12,11,0.530701754385965
V0.5_c1,nobgs,1,emmax,10,0.2,19,10,10,0.526315789473684,12,11,0.530701754385965
V0.5_c1,nobgs,1,emmax,10,0.3,19,10,10,0.526315789473684,11,10,0.478468899521531
V0.5_c1,nobgs,1,emmax,10,0.4,19,10,10,0.526315789473684,11,10,0.478468899521531
V0.5_c1,nobgs,1,emmax,10,0.5,19,10,10,0.526315789473684,11,10,0.478468899521531
V0.5_c1,nobgs,1,emmax,10,0.7,19,10,10,0.526315789473684,10,10,0.526315789473684
V0.5_c1,nobgs,1,lfmm,2,0.01,19,21,14,0.491228070175439,60,15,0.197368421052632
V0.5_c1,nobgs,1,lfmm,2,0.02,19,21,14,0.491228070175439,55,15,0.215311004784689
V0.5_c1,nobgs,1,lfmm,2,0.05,19,21,14,0.491228070175439,48,14,0.214912280701754
V0.5_c1,nobgs,1,lfmm,2,0.1,19,21,14,0.491228070175439,40,15,0.296052631578947
V0.5_c1,nobgs,1,lfmm,2,0.15,19,21,14,0.491228070175439,36,14,0.286549707602339
V0.5_c1,nobgs,1,lfmm,2,0.2,19,21,14,0.491228070175439,29,14,0.355716878402904
V0.5_c1,nobgs,1,lfmm,2,0.3,19,21,14,0.491228070175439,26,14,0.396761133603239
V0.5_c1,nobgs,1,lfmm,2,0.4,19,21,14,0.491228070175439,24,14,0.429824561403509
V0.5_c1,nobgs,1,lfmm,2,0.5,19,21,14,0.491228070175439,22,14,0.4688995215311
V0.5_c1,nobgs,1,lfmm,2,0.7,19,21,14,0.491228070175439,18,14,0.573099415204678
V0.5_c1,nobgs,1,lfmm,3,0.01,19,19,14,0.542936288088643,45,15,0.263157894736842
V0.5_c1,nobgs,1,lfmm,3,0.02,19,19,14,0.542936288088643,41,15,0.288831835686778
V0.5_c1,nobgs,1,lfmm,3,0.05,19,19,14,0.542936288088643,34,14,0.303405572755418
V0.5_c1,nobgs,1,lfmm,3,0.1,19,19,14,0.542936288088643,30,15,0.394736842105263
V0.5_c1,nobgs,1,lfmm,3,0.15,19,19,14,0.542936288088643,28,14,0.368421052631579
V0.5_c1,nobgs,1,lfmm,3,0.2,19,19,14,0.542936288088643,24,14,0.429824561403509
V0.5_c1,nobgs,1,lfmm,3,0.3,19,19,14,0.542936288088643,24,14,0.429824561403509
V0.5_c1,nobgs,1,lfmm,3,0.4,19,19,14,0.542936288088643,23,14,0.448512585812357
V0.5_c1,nobgs,1,lfmm,3,0.5,19,19,14,0.542936288088643,21,14,0.491228070175439
V0.5_c1,nobgs,1,lfmm,3,0.7,19,19,14,0.542936288088643,16,14,0.644736842105263
V0.5_c1,nobgs,1,lfmm,5,0.01,19,14,13,0.635338345864662,34,15,0.348297213622291
V0.5_c1,nobgs,1,lfmm,5,0.02,19,14,13,0.635338345864662,31,15,0.382003395585739
V0.5_c1,nobgs,1,lfmm,5,0.05,19,14,13,0.635338345864662,25,14,0.412631578947368
V0.5_c1,nobgs,1,lfmm,5,0.1,19,14,13,0.635338345864662,23,15,0.51487414187643
V0.5_c1,nobgs,1,lfmm,5,0.15,19,14,13,0.635338345864662,20,14,0.51578947368421
V0.5_c1,nobgs,1,lfmm,5,0.2,19,14,13,0.635338345864662,19,14,0.542936288088643
V0.5_c1,nobgs,1,lfmm,5,0.3,19,14,13,0.635338345864662,18,14,0.573099415204678
V0.5_c1,nobgs,1,lfmm,5,0.4,19,14,13,0.635338345864662,17,14,0.606811145510836
V0.5_c1,nobgs,1,lfmm,5,0.5,19,14,13,0.635338345864662,14,13,0.635338345864662
V0.5_c1,nobgs,1,lfmm,5,0.7,19,14,13,0.635338345864662,14,13,0.635338345864662
V0.5_c1,nobgs,1,lfmm,10,0.01,19,10,10,0.526315789473684,21,14,0.491228070175439
V0.5_c1,nobgs,1,lfmm,10,0.02,19,10,10,0.526315789473684,21,14,0.491228070175439
V0.5_c1,nobgs,1,lfmm,10,0.05,19,10,10,0.526315789473684,16,13,0.555921052631579
V0.5_c1,nobgs,1,lfmm,10,0.1,19,10,10,0.526315789473684,15,13,0.592982456140351
V0.5_c1,nobgs,1,lfmm,10,0.15,19,10,10,0.526315789473684,14,12,0.541353383458647
V0.5_c1,nobgs,1,lfmm,10,0.2,19,10,10,0.526315789473684,14,12,0.541353383458647
V0.5_c1,nobgs,1,lfmm,10,0.3,19,10,10,0.526315789473684,13,12,0.582995951417004
V0.5_c1,nobgs,1,lfmm,10,0.4,19,10,10,0.526315789473684,11,11,0.578947368421053
V0.5_c1,nobgs,1,lfmm,10,0.5,19,10,10,0.526315789473684,10,10,0.526315789473684
V0.5_c1,nobgs,1,lfmm,10,0.7,19,10,10,0.526315789473684,10,10,0.526315789473684
V0.5_c1,nobgs,2,emmax,2,0.01,20,28,11,0.216071428571429,82,12,0.0878048780487805
V0.5_c1,nobgs,2,emmax,2,0.02,20,28,11,0.216071428571429,75,12,0.096
V0.5_c1,nobgs,2,emmax,2,0.05,20,28,11,0.216071428571429,63,11,0.096031746031746
V0.5_c1,nobgs,2,emmax,2,0.1,20,28,11,0.216071428571429,51,11,0.118627450980392
V0.5_c1,nobgs,2,emmax,2,0.15,20,28,11,0.216071428571429,40,11,0.15125
V0.5_c1,nobgs,2,emmax,2,0.2,20,28,11,0.216071428571429,40,12,0.18
V0.5_c1,nobgs,2,emmax,2,0.3,20,28,11,0.216071428571429,33,12,0.218181818181818
V0.5_c1,nobgs,2,emmax,2,0.4,20,28,11,0.216071428571429,28,11,0.216071428571429
V0.5_c1,nobgs,2,emmax,2,0.5,20,28,11,0.216071428571429,21,11,0.288095238095238
V0.5_c1,nobgs,2,emmax,2,0.7,20,28,11,0.216071428571429,15,11,0.403333333333333
V0.5_c1,nobgs,2,emmax,3,0.01,20,20,11,0.3025,56,12,0.128571428571429
V0.5_c1,nobgs,2,emmax,3,0.02,20,20,11,0.3025,45,11,0.134444444444444
V0.5_c1,nobgs,2,emmax,3,0.05,20,20,11,0.3025,39,11,0.155128205128205
V0.5_c1,nobgs,2,emmax,3,0.1,20,20,11,0.3025,30,11,0.201666666666667
V0.5_c1,nobgs,2,emmax,3,0.15,20,20,11,0.3025,25,11,0.242
V0.5_c1,nobgs,2,emmax,3,0.2,20,20,11,0.3025,26,12,0.276923076923077
V0.5_c1,nobgs,2,emmax,3,0.3,20,20,11,0.3025,24,12,0.3
V0.5_c1,nobgs,2,emmax,3,0.4,20,20,11,0.3025,20,11,0.3025
V0.5_c1,nobgs,2,emmax,3,0.5,20,20,11,0.3025,17,11,0.355882352941177
V0.5_c1,nobgs,2,emmax,3,0.7,20,20,11,0.3025,13,11,0.465384615384615
V0.5_c1,nobgs,2,emmax,5,0.01,20,16,11,0.378125,35,11,0.172857142857143
V0.5_c1,nobgs,2,emmax,5,0.02,20,16,11,0.378125,29,11,0.208620689655172
V0.5_c1,nobgs,2,emmax,5,0.05,20,16,11,0.378125,26,11,0.232692307692308
V0.5_c1,nobgs,2,emmax,5,0.1,20,16,11,0.378125,21,11,0.288095238095238
V0.5_c1,nobgs,2,emmax,5,0.15,20,16,11,0.378125,20,11,0.3025
V0.5_c1,nobgs,2,emmax,5,0.2,20,16,11,0.378125,22,12,0.327272727272727
V0.5_c1,nobgs,2,emmax,5,0.3,20,16,11,0.378125,21,12,0.342857142857143
V0.5_c1,nobgs,2,emmax,5,0.4,20,16,11,0.378125,17,11,0.355882352941177
V0.5_c1,nobgs,2,emmax,5,0.5,20,16,11,0.378125,16,11,0.378125
V0.5_c1,nobgs,2,emmax,5,0.7,20,16,11,0.378125,13,11,0.465384615384615
V0.5_c1,nobgs,2,emmax,10,0.01,20,11,8,0.290909090909091,19,11,0.318421052631579
V0.5_c1,nobgs,2,emmax,10,0.02,20,11,8,0.290909090909091,18,11,0.336111111111111
V0.5_c1,nobgs,2,emmax,10,0.05,20,11,8,0.290909090909091,17,11,0.355882352941177
V0.5_c1,nobgs,2,emmax,10,0.1,20,11,8,0.290909090909091,15,11,0.403333333333333
V0.5_c1,nobgs,2,emmax,10,0.15,20,11,8,0.290909090909091,15,11,0.403333333333333
V0.5_c1,nobgs,2,emmax,10,0.2,20,11,8,0.290909090909091,15,12,0.48
V0.5_c1,nobgs,2,emmax,10,0.3,20,11,8,0.290909090909091,14,11,0.432142857142857
V0.5_c1,nobgs,2,emmax,10,0.4,20,11,8,0.290909090909091,14,11,0.432142857142857
V0.5_c1,nobgs,2,emmax,10,0.5,20,11,8,0.290909090909091,14,11,0.432142857142857
V0.5_c1,nobgs,2,emmax,10,0.7,20,11,8,0.290909090909091,11,10,0.454545454545455
V0.5_c1,nobgs,2,lfmm,2,0.01,20,40,13,0.21125,80,12,0.09
V0.5_c1,nobgs,2,lfmm,2,0.02,20,40,13,0.21125,75,12,0.096
V0.5_c1,nobgs,2,lfmm,2,0.05,20,40,13,0.21125,62,12,0.116129032258065
V0.5_c1,nobgs,2,lfmm,2,0.1,20,40,13,0.21125,53,12,0.135849056603774
V0.5_c1,nobgs,2,lfmm,2,0.15,20,40,13,0.21125,52,13,0.1625
V0.5_c1,nobgs,2,lfmm,2,0.2,20,40,13,0.21125,50,13,0.169
V0.5_c1,nobgs,2,lfmm,2,0.3,20,40,13,0.21125,45,13,0.187777777777778
V0.5_c1,nobgs,2,lfmm,2,0.4,20,40,13,0.21125,40,13,0.21125
V0.5_c1,nobgs,2,lfmm,2,0.5,20,40,13,0.21125,33,13,0.256060606060606
V0.5_c1,nobgs,2,lfmm,2,0.7,20,40,13,0.21125,19,13,0.444736842105263
V0.5_c1,nobgs,2,lfmm,3,0.01,20,30,13,0.281666666666667,59,12,0.122033898305085
V0.5_c1,nobgs,2,lfmm,3,0.02,20,30,13,0.281666666666667,55,12,0.130909090909091
V0.5_c1,nobgs,2,lfmm,3,0.05,20,30,13,0.281666666666667,44,12,0.163636363636364
V0.5_c1,nobgs,2,lfmm,3,0.1,20,30,13,0.281666666666667,43,12,0.167441860465116
V0.5_c1,nobgs,2,lfmm,3,0.15,20,30,13,0.281666666666667,40,13,0.21125
V0.5_c1,nobgs,2,lfmm,3,0.2,20,30,13,0.281666666666667,38,13,0.222368421052632
V0.5_c1,nobgs,2,lfmm,3,0.3,20,30,13,0.281666666666667,32,13,0.2640625
V0.5_c1,nobgs,2,lfmm,3,0.4,20,30,13,0.281666666666667,30,13,0.281666666666667
V0.5_c1,nobgs,2,lfmm,3,0.5,20,30,13,0.281666666666667,27,13,0.312962962962963
V0.5_c1,nobgs,2,lfmm,3,0.7,20,30,13,0.281666666666667,17,13,0.497058823529412
V0.5_c1,nobgs,2,lfmm,5,0.01,20,22,12,0.327272727272727,34,12,0.211764705882353
V0.5_c1,nobgs,2,lfmm,5,0.02,20,22,12,0.327272727272727,32,12,0.225
V0.5_c1,nobgs,2,lfmm,5,0.05,20,22,12,0.327272727272727,25,12,0.288
V0.5_c1,nobgs,2,lfmm,5,0.1,20,22,12,0.327272727272727,25,12,0.288
V0.5_c1,nobgs,2,lfmm,5,0.15,20,22,12,0.327272727272727,27,13,0.312962962962963
V0.5_c1,nobgs,2,lfmm,5,0.2,20,22,12,0.327272727272727,25,13,0.338
V0.5_c1,nobgs,2,lfmm,5,0.3,20,22,12,0.327272727272727,22,13,0.384090909090909
V0.5_c1,nobgs,2,lfmm,5,0.4,20,22,12,0.327272727272727,22,13,0.384090909090909
V0.5_c1,nobgs,2,lfmm,5,0.5,20,22,12,0.327272727272727,20,13,0.4225
V0.5_c1,nobgs,2,lfmm,5,0.7,20,22,12,0.327272727272727,14,12,0.514285714285714
V0.5_c1,nobgs,2,lfmm,10,0.01,20,15,10,0.333333333333333,23,12,0.31304347826087
V0.5_c1,nobgs,2,lfmm,10,0.02,20,15,10,0.333333333333333,21,12,0.342857142857143
V0.5_c1,nobgs,2,lfmm,10,0.05,20,15,10,0.333333333333333,19,12,0.378947368421053
V0.5_c1,nobgs,2,lfmm,10,0.1,20,15,10,0.333333333333333,19,12,0.378947368421053
V0.5_c1,nobgs,2,lfmm,10,0.15,20,15,10,0.333333333333333,20,13,0.4225
V0.5_c1,nobgs,2,lfmm,10,0.2,20,15,10,0.333333333333333,20,13,0.4225
V0.5_c1,nobgs,2,lfmm,10,0.3,20,15,10,0.333333333333333,19,13,0.444736842105263
V0.5_c1,nobgs,2,lfmm,10,0.4,20,15,10,0.333333333333333,17,12,0.423529411764706
V0.5_c1,nobgs,2,lfmm,10,0.5,20,15,10,0.333333333333333,16,12,0.45
V0.5_c1,nobgs,2,lfmm,10,0.7,20,15,10,0.333333333333333,12,11,0.504166666666667
V0.5_c1,nobgs,3,emmax,2,0.01,21,28,12,0.244897959183673,99,16,0.123136123136123
V0.5_c1,nobgs,3,emmax,2,0.02,21,28,12,0.244897959183673,80,15,0.133928571428571
V0.5_c1,nobgs,3,emmax,2,0.05,21,28,12,0.244897959183673,68,15,0.157563025210084
V0.5_c1,nobgs,3,emmax,2,0.1,21,28,12,0.244897959183673,50,14,0.186666666666667
V0.5_c1,nobgs,3,emmax,2,0.15,21,28,12,0.244897959183673,43,14,0.217054263565891
V0.5_c1,nobgs,3,emmax,2,0.2,21,28,12,0.244897959183673,44,14,0.212121212121212
V0.5_c1,nobgs,3,emmax,2,0.3,21,28,12,0.244897959183673,38,13,0.211779448621554
V0.5_c1,nobgs,3,emmax,2,0.4,21,28,12,0.244897959183673,32,13,0.251488095238095
V0.5_c1,nobgs,3,emmax,2,0.5,21,28,12,0.244897959183673,22,12,0.311688311688312
V0.5_c1,nobgs,3,emmax,2,0.7,21,28,12,0.244897959183673,18,12,0.380952380952381
V0.5_c1,nobgs,3,emmax,3,0.01,21,19,11,0.303258145363409,66,16,0.184704184704185
V0.5_c1,nobgs,3,emmax,3,0.02,21,19,11,0.303258145363409,56,15,0.191326530612245
V0.5_c1,nobgs,3,emmax,3,0.05,21,19,11,0.303258145363409,41,14,0.227642276422764
V0.5_c1,nobgs,3,emmax,3,0.1,21,19,11,0.303258145363409,33,14,0.282828282828283
V0.5_c1,nobgs,3,emmax,3,0.15,21,19,11,0.303258145363409,28,14,0.333333333333333
V0.5_c1,nobgs,3,emmax,3,0.2,21,19,11,0.303258145363409,27,14,0.345679012345679
V0.5_c1,nobgs,3,emmax,3,0.3,21,19,11,0.303258145363409,23,12,0.298136645962733
V0.5_c1,nobgs,3,emmax,3,0.4,21,19,11,0.303258145363409,21,12,0.326530612244898
V0.5_c1,nobgs,3,emmax,3,0.5,21,19,11,0.303258145363409,17,12,0.403361344537815
V0.5_c1,nobgs,3,emmax,3,0.7,21,19,11,0.303258145363409,15,11,0.384126984126984
V0.5_c1,nobgs,3,emmax,5,0.01,21,15,11,0.384126984126984,43,16,0.283499446290144
V0.5_c1,nobgs,3,emmax,5,0.02,21,15,11,0.384126984126984,37,15,0.28957528957529
V0.5_c1,nobgs,3,emmax,5,0.05,21,15,11,0.384126984126984,28,13,0.287414965986395
V0.5_c1,nobgs,3,emmax,5,0.1,21,15,11,0.384126984126984,24,13,0.33531746031746
V0.5_c1,nobgs,3,emmax,5,0.15,21,15,11,0.384126984126984,21,13,0.383219954648526
V0.5_c1,nobgs,3,emmax,5,0.2,21,15,11,0.384126984126984,19,12,0.360902255639098
V0.5_c1,nobgs,3,emmax,5,0.3,21,15,11,0.384126984126984,19,12,0.360902255639098
V0.5_c1,nobgs,3,emmax,5,0.4,21,15,11,0.384126984126984,18,12,0.380952380952381
V0.5_c1,nobgs,3,emmax,5,0.5,21,15,11,0.384126984126984,16,12,0.428571428571429
V0.5_c1,nobgs,3,emmax,5,0.7,21,15,11,0.384126984126984,15,11,0.384126984126984
V0.5_c1,nobgs,3,emmax,10,0.01,21,14,11,0.41156462585034,25,14,0.373333333333333
V0.5_c1,nobgs,3,emmax,10,0.02,21,14,11,0.41156462585034,23,13,0.349896480331263
V0.5_c1,nobgs,3,emmax,10,0.05,21,14,11,0.41156462585034,20,12,0.342857142857143
V0.5_c1,nobgs,3,emmax,10,0.1,21,14,11,0.41156462585034,16,11,0.360119047619048
V0.5_c1,nobgs,3,emmax,10,0.15,21,14,11,0.41156462585034,16,11,0.360119047619048
V0.5_c1,nobgs,3,emmax,10,0.2,21,14,11,0.41156462585034,15,11,0.384126984126984
V0.5_c1,nobgs,3,emmax,10,0.3,21,14,11,0.41156462585034,15,11,0.384126984126984
V0.5_c1,nobgs,3,emmax,10,0.4,21,14,11,0.41156462585034,15,11,0.384126984126984
V0.5_c1,nobgs,3,emmax,10,0.5,21,14,11,0.41156462585034,14,11,0.41156462585034
V0.5_c1,nobgs,3,emmax,10,0.7,21,14,11,0.41156462585034,14,11,0.41156462585034
V0.5_c1,nobgs,3,lfmm,2,0.01,21,29,14,0.32183908045977,77,17,0.178726035868893
V0.5_c1,nobgs,3,lfmm,2,0.02,21,29,14,0.32183908045977,68,17,0.202380952380952
V0.5_c1,nobgs,3,lfmm,2,0.05,21,29,14,0.32183908045977,52,15,0.206043956043956
V0.5_c1,nobgs,3,lfmm,2,0.1,21,29,14,0.32183908045977,43,15,0.249169435215947
V0.5_c1,nobgs,3,lfmm,2,0.15,21,29,14,0.32183908045977,40,14,0.233333333333333
V0.5_c1,nobgs,3,lfmm,2,0.2,21,29,14,0.32183908045977,39,14,0.239316239316239
V0.5_c1,nobgs,3,lfmm,2,0.3,21,29,14,0.32183908045977,36,14,0.259259259259259
V0.5_c1,nobgs,3,lfmm,2,0.4,21,29,14,0.32183908045977,36,14,0.259259259259259
V0.5_c1,nobgs,3,lfmm,2,0.5,21,29,14,0.32183908045977,30,14,0.311111111111111
V0.5_c1,nobgs,3,lfmm,2,0.7,21,29,14,0.32183908045977,21,14,0.444444444444444
V0.5_c1,nobgs,3,lfmm,3,0.01,21,22,13,0.365800865800866,56,17,0.245748299319728
V0.5_c1,nobgs,3,lfmm,3,0.02,21,22,13,0.365800865800866,51,17,0.26984126984127
V0.5_c1,nobgs,3,lfmm,3,0.05,21,22,13,0.365800865800866,42,15,0.255102040816327
V0.5_c1,nobgs,3,lfmm,3,0.1,21,22,13,0.365800865800866,35,15,0.306122448979592
V0.5_c1,nobgs,3,lfmm,3,0.15,21,22,13,0.365800865800866,34,14,0.274509803921569
V0.5_c1,nobgs,3,lfmm,3,0.2,21,22,13,0.365800865800866,33,14,0.282828282828283
V0.5_c1,nobgs,3,lfmm,3,0.3,21,22,13,0.365800865800866,31,14,0.301075268817204
V0.5_c1,nobgs,3,lfmm,3,0.4,21,22,13,0.365800865800866,29,14,0.32183908045977
V0.5_c1,nobgs,3,lfmm,3,0.5,21,22,13,0.365800865800866,25,14,0.373333333333333
V0.5_c1,nobgs,3,lfmm,3,0.7,21,22,13,0.365800865800866,19,14,0.491228070175439
V0.5_c1,nobgs,3,lfmm,5,0.01,21,19,13,0.423558897243108,41,17,0.335656213704994
V0.5_c1,nobgs,3,lfmm,5,0.02,21,19,13,0.423558897243108,38,17,0.362155388471178
V0.5_c1,nobgs,3,lfmm,5,0.05,21,19,13,0.423558897243108,32,15,0.334821428571429
V0.5_c1,nobgs,3,lfmm,5,0.1,21,19,13,0.423558897243108,30,15,0.357142857142857
V0.5_c1,nobgs,3,lfmm,5,0.15,21,19,13,0.423558897243108,29,14,0.32183908045977
V0.5_c1,nobgs,3,lfmm,5,0.2,21,19,13,0.423558897243108,29,14,0.32183908045977
V0.5_c1,nobgs,3,lfmm,5,0.3,21,19,13,0.423558897243108,27,14,0.345679012345679
V0.5_c1,nobgs,3,lfmm,5,0.4,21,19,13,0.423558897243108,25,14,0.373333333333333
V0.5_c1,nobgs,3,lfmm,5,0.5,21,19,13,0.423558897243108,19,13,0.423558897243108
V0.5_c1,nobgs,3,lfmm,5,0.7,21,19,13,0.423558897243108,16,13,0.502976190476191
V0.5_c1,nobgs,3,lfmm,10,0.01,21,16,12,0.428571428571429,28,15,0.38265306122449
V0.5_c1,nobgs,3,lfmm,10,0.02,21,16,12,0.428571428571429,26,15,0.412087912087912
V0.5_c1,nobgs,3,lfmm,10,0.05,21,16,12,0.428571428571429,25,14,0.373333333333333
V0.5_c1,nobgs,3,lfmm,10,0.1,21,16,12,0.428571428571429,24,14,0.388888888888889
V0.5_c1,nobgs,3,lfmm,10,0.15,21,16,12,0.428571428571429,21,12,0.326530612244898
V0.5_c1,nobgs,3,lfmm,10,0.2,21,16,12,0.428571428571429,19,12,0.360902255639098
V0.5_c1,nobgs,3,lfmm,10,0.3,21,16,12,0.428571428571429,18,12,0.380952380952381
V0.5_c1,nobgs,3,lfmm,10,0.4,21,16,12,0.428571428571429,18,12,0.380952380952381
V0.5_c1,nobgs,3,lfmm,10,0.5,21,16,12,0.428571428571429,15,12,0.457142857142857
V0.5_c1,nobgs,3,lfmm,10,0.7,21,16,12,0.428571428571429,15,12,0.457142857142857
V0.5_c1,nobgs,4,emmax,2,0.01,19,24,12,0.315789473684211,48,16,0.280701754385965
V0.5_c1,nobgs,4,emmax,2,0.02,19,24,12,0.315789473684211,47,16,0.286674132138858
V0.5_c1,nobgs,4,emmax,2,0.05,19,24,12,0.315789473684211,40,16,0.336842105263158
V0.5_c1,nobgs,4,emmax,2,0.1,19,24,12,0.315789473684211,34,15,0.348297213622291
V0.5_c1,nobgs,4,emmax,2,0.15,19,24,12,0.315789473684211,32,15,0.370065789473684
V0.5_c1,nobgs,4,emmax,2,0.2,19,24,12,0.315789473684211,30,15,0.394736842105263
V0.5_c1,nobgs,4,emmax,2,0.3,19,24,12,0.315789473684211,29,14,0.355716878402904
V0.5_c1,nobgs,4,emmax,2,0.4,19,24,12,0.315789473684211,29,14,0.355716878402904
V0.5_c1,nobgs,4,emmax,2,0.5,19,24,12,0.315789473684211,26,13,0.342105263157895
V0.5_c1,nobgs,4,emmax,2,0.7,19,24,12,0.315789473684211,22,12,0.344497607655502
V0.5_c1,nobgs,4,emmax,3,0.01,19,20,12,0.378947368421053,40,16,0.336842105263158
V0.5_c1,nobgs,4,emmax,3,0.02,19,20,12,0.378947368421053,37,16,0.364153627311522
V0.5_c1,nobgs,4,emmax,3,0.05,19,20,12,0.378947368421053,31,16,0.434634974533107
V0.5_c1,nobgs,4,emmax,3,0.1,19,20,12,0.378947368421053,28,15,0.422932330827068
V0.5_c1,nobgs,4,emmax,3,0.15,19,20,12,0.378947368421053,26,14,0.396761133603239
V0.5_c1,nobgs,4,emmax,3,0.2,19,20,12,0.378947368421053,24,14,0.429824561403509
V0.5_c1,nobgs,4,emmax,3,0.3,19,20,12,0.378947368421053,22,13,0.404306220095694
V0.5_c1,nobgs,4,emmax,3,0.4,19,20,12,0.378947368421053,22,13,0.404306220095694
V0.5_c1,nobgs,4,emmax,3,0.5,19,20,12,0.378947368421053,22,13,0.404306220095694
V0.5_c1,nobgs,4,emmax,3,0.7,19,20,12,0.378947368421053,20,12,0.378947368421053
V0.5_c1,nobgs,4,emmax,5,0.01,19,15,11,0.424561403508772,26,15,0.455465587044534
V0.5_c1,nobgs,4,emmax,5,0.02,19,15,11,0.424561403508772,26,15,0.455465587044534
V0.5_c1,nobgs,4,emmax,5,0.05,19,15,11,0.424561403508772,24,14,0.429824561403509
V0.5_c1,nobgs,4,emmax,5,0.1,19,15,11,0.424561403508772,21,12,0.360902255639098
V0.5_c1,nobgs,4,emmax,5,0.15,19,15,11,0.424561403508772,21,12,0.360902255639098
V0.5_c1,nobgs,4,emmax,5,0.2,19,15,11,0.424561403508772,20,12,0.378947368421053
V0.5_c1,nobgs,4,emmax,5,0.3,19,15,11,0.424561403508772,20,12,0.378947368421053
V0.5_c1,nobgs,4,emmax,5,0.4,19,15,11,0.424561403508772,18,12,0.421052631578947
V0.5_c1,nobgs,4,emmax,5,0.5,19,15,11,0.424561403508772,18,12,0.421052631578947
V0.5_c1,nobgs,4,emmax,5,0.7,19,15,11,0.424561403508772,14,11,0.454887218045113
V0.5_c1,nobgs,4,emmax,10,0.01,19,13,10,0.404858299595142,18,13,0.494152046783626
V0.5_c1,nobgs,4,emmax,10,0.02,19,13,10,0.404858299595142,19,13,0.46814404432133
V0.5_c1,nobgs,4,emmax,10,0.05,19,13,10,0.404858299595142,17,12,0.445820433436533
V0.5_c1,nobgs,4,emmax,10,0.1,19,13,10,0.404858299595142,15,12,0.505263157894737
V0.5_c1,nobgs,4,emmax,10,0.15,19,13,10,0.404858299595142,17,12,0.445820433436533
V0.5_c1,nobgs,4,emmax,10,0.2,19,13,10,0.404858299595142,17,12,0.445820433436533
V0.5_c1,nobgs,4,emmax,10,0.3,19,13,10,0.404858299595142,16,12,0.473684210526316
V0.5_c1,nobgs,4,emmax,10,0.4,19,13,10,0.404858299595142,16,12,0.473684210526316
V0.5_c1,nobgs,4,emmax,10,0.5,19,13,10,0.404858299595142,16,12,0.473684210526316
V0.5_c1,nobgs,4,emmax,10,0.7,19,13,10,0.404858299595142,13,11,0.489878542510122
V0.5_c1,nobgs,4,lfmm,2,0.01,19,23,14,0.448512585812357,59,18,0.289027653880464
V0.5_c1,nobgs,4,lfmm,2,0.02,19,23,14,0.448512585812357,51,18,0.334365325077399
V0.5_c1,nobgs,4,lfmm,2,0.05,19,23,14,0.448512585812357,42,18,0.406015037593985
V0.5_c1,nobgs,4,lfmm,2,0.1,19,23,14,0.448512585812357,39,18,0.437246963562753
V0.5_c1,nobgs,4,lfmm,2,0.15,19,23,14,0.448512585812357,32,17,0.475328947368421
V0.5_c1,nobgs,4,lfmm,2,0.2,19,23,14,0.448512585812357,29,17,0.524500907441016
V0.5_c1,nobgs,4,lfmm,2,0.3,19,23,14,0.448512585812357,28,17,0.543233082706767
V0.5_c1,nobgs,4,lfmm,2,0.4,19,23,14,0.448512585812357,27,16,0.499025341130604
V0.5_c1,nobgs,4,lfmm,2,0.5,19,23,14,0.448512585812357,27,16,0.499025341130604
V0.5_c1,nobgs,4,lfmm,2,0.7,19,23,14,0.448512585812357,21,14,0.491228070175439
V0.5_c1,nobgs,4,lfmm,3,0.01,19,18,13,0.494152046783626,41,18,0.41591784338896
V0.5_c1,nobgs,4,lfmm,3,0.02,19,18,13,0.494152046783626,38,18,0.448753462603878
V0.5_c1,nobgs,4,lfmm,3,0.05,19,18,13,0.494152046783626,33,18,0.516746411483254
V0.5_c1,nobgs,4,lfmm,3,0.1,19,18,13,0.494152046783626,30,16,0.449122807017544
V0.5_c1,nobgs,4,lfmm,3,0.15,19,18,13,0.494152046783626,24,15,0.493421052631579
V0.5_c1,nobgs,4,lfmm,3,0.2,19,18,13,0.494152046783626,23,15,0.51487414187643
V0.5_c1,nobgs,4,lfmm,3,0.3,19,18,13,0.494152046783626,23,15,0.51487414187643
V0.5_c1,nobgs,4,lfmm,3,0.4,19,18,13,0.494152046783626,22,15,0.538277511961723
V0.5_c1,nobgs,4,lfmm,3,0.5,19,18,13,0.494152046783626,20,14,0.51578947368421
V0.5_c1,nobgs,4,lfmm,3,0.7,19,18,13,0.494152046783626,17,13,0.523219814241486
V0.5_c1,nobgs,4,lfmm,5,0.01,19,17,13,0.523219814241486,31,18,0.550084889643463
V0.5_c1,nobgs,4,lfmm,5,0.02,19,17,13,0.523219814241486,29,17,0.524500907441016
V0.5_c1,nobgs,4,lfmm,5,0.05,19,17,13,0.523219814241486,27,17,0.563352826510721
V0.5_c1,nobgs,4,lfmm,5,0.1,19,17,13,0.523219814241486,24,15,0.493421052631579
V0.5_c1,nobgs,4,lfmm,5,0.15,19,17,13,0.523219814241486,20,15,0.592105263157895
V0.5_c1,nobgs,4,lfmm,5,0.2,19,17,13,0.523219814241486,19,15,0.623268698060942
V0.5_c1,nobgs,4,lfmm,5,0.3,19,17,13,0.523219814241486,19,15,0.623268698060942
V0.5_c1,nobgs,4,lfmm,5,0.4,19,17,13,0.523219814241486,18,14,0.573099415204678
V0.5_c1,nobgs,4,lfmm,5,0.5,19,17,13,0.523219814241486,18,14,0.573099415204678
V0.5_c1,nobgs,4,lfmm,5,0.7,19,17,13,0.523219814241486,17,13,0.523219814241486
V0.5_c1,nobgs,4,lfmm,10,0.01,19,15,12,0.505263157894737,25,15,0.473684210526316
V0.5_c1,nobgs,4,lfmm,10,0.02,19,15,12,0.505263157894737,25,15,0.473684210526316
V0.5_c1,nobgs,4,lfmm,10,0.05,19,15,12,0.505263157894737,23,14,0.448512585812357
V0.5_c1,nobgs,4,lfmm,10,0.1,19,15,12,0.505263157894737,19,13,0.46814404432133
V0.5_c1,nobgs,4,lfmm,10,0.15,19,15,12,0.505263157894737,17,13,0.523219814241486
V0.5_c1,nobgs,4,lfmm,10,0.2,19,15,12,0.505263157894737,17,13,0.523219814241486
V0.5_c1,nobgs,4,lfmm,10,0.3,19,15,12,0.505263157894737,16,13,0.555921052631579
V0.5_c1,nobgs,4,lfmm,10,0.4,19,15,12,0.505263157894737,16,13,0.555921052631579
V0.5_c1,nobgs,4,lfmm,10,0.5,19,15,12,0.505263157894737,16,13,0.555921052631579
V0.5_c1,nobgs,4,lfmm,10,0.7,19,15,12,0.505263157894737,14,12,0.541353383458647
V0.5_c1,nobgs,5,emmax,2,0.01,17,25,9,0.190588235294118,71,13,0.140016570008285
V0.5_c1,nobgs,5,emmax,2,0.02,17,25,9,0.190588235294118,58,12,0.14604462474645
V0.5_c1,nobgs,5,emmax,2,0.05,17,25,9,0.190588235294118,49,13,0.202881152460984
V0.5_c1,nobgs,5,emmax,2,0.1,17,25,9,0.190588235294118,38,12,0.222910216718266
V0.5_c1,nobgs,5,emmax,2,0.15,17,25,9,0.190588235294118,34,12,0.249134948096886
V0.5_c1,nobgs,5,emmax,2,0.2,17,25,9,0.190588235294118,29,12,0.292089249492901
V0.5_c1,nobgs,5,emmax,2,0.3,17,25,9,0.190588235294118,26,12,0.32579185520362
V0.5_c1,nobgs,5,emmax,2,0.4,17,25,9,0.190588235294118,24,11,0.29656862745098
V0.5_c1,nobgs,5,emmax,2,0.5,17,25,9,0.190588235294118,21,10,0.280112044817927
V0.5_c1,nobgs,5,emmax,2,0.7,17,25,9,0.190588235294118,18,10,0.326797385620915
V0.5_c1,nobgs,5,emmax,3,0.01,17,18,8,0.209150326797386,45,12,0.188235294117647
V0.5_c1,nobgs,5,emmax,3,0.02,17,18,8,0.209150326797386,38,12,0.222910216718266
V0.5_c1,nobgs,5,emmax,3,0.05,17,18,8,0.209150326797386,33,12,0.25668449197861
V0.5_c1,nobgs,5,emmax,3,0.1,17,18,8,0.209150326797386,28,12,0.302521008403361
V0.5_c1,nobgs,5,emmax,3,0.15,17,18,8,0.209150326797386,25,12,0.338823529411765
V0.5_c1,nobgs,5,emmax,3,0.2,17,18,8,0.209150326797386,24,12,0.352941176470588
V0.5_c1,nobgs,5,emmax,3,0.3,17,18,8,0.209150326797386,23,12,0.368286445012788
V0.5_c1,nobgs,5,emmax,3,0.4,17,18,8,0.209150326797386,20,10,0.294117647058824
V0.5_c1,nobgs,5,emmax,3,0.5,17,18,8,0.209150326797386,19,10,0.309597523219814
V0.5_c1,nobgs,5,emmax,3,0.7,17,18,8,0.209150326797386,16,10,0.367647058823529
V0.5_c1,nobgs,5,emmax,5,0.01,17,14,8,0.26890756302521,35,12,0.242016806722689
V0.5_c1,nobgs,5,emmax,5,0.02,17,14,8,0.26890756302521,30,12,0.282352941176471
V0.5_c1,nobgs,5,emmax,5,0.05,17,14,8,0.26890756302521,24,12,0.352941176470588
V0.5_c1,nobgs,5,emmax,5,0.1,17,14,8,0.26890756302521,20,11,0.355882352941177
V0.5_c1,nobgs,5,emmax,5,0.15,17,14,8,0.26890756302521,19,11,0.374613003095975
V0.5_c1,nobgs,5,emmax,5,0.2,17,14,8,0.26890756302521,18,10,0.326797385620915
V0.5_c1,nobgs,5,emmax,5,0.3,17,14,8,0.26890756302521,18,10,0.326797385620915
V0.5_c1,nobgs,5,emmax,5,0.4,17,14,8,0.26890756302521,17,9,0.280276816608997
V0.5_c1,nobgs,5,emmax,5,0.5,17,14,8,0.26890756302521,15,9,0.317647058823529
V0.5_c1,nobgs,5,emmax,5,0.7,17,14,8,0.26890756302521,12,8,0.313725490196078
V0.5_c1,nobgs,5,emmax,10,0.01,17,9,5,0.163398692810458,26,12,0.32579185520362
V0.5_c1,nobgs,5,emmax,10,0.02,17,9,5,0.163398692810458,25,12,0.338823529411765
V0.5_c1,nobgs,5,emmax,10,0.05,17,9,5,0.163398692810458,18,10,0.326797385620915
V0.5_c1,nobgs,5,emmax,10,0.1,17,9,5,0.163398692810458,17,9,0.280276816608997
V0.5_c1,nobgs,5,emmax,10,0.15,17,9,5,0.163398692810458,15,9,0.317647058823529
V0.5_c1,nobgs,5,emmax,10,0.2,17,9,5,0.163398692810458,13,8,0.289592760180996
V0.5_c1,nobgs,5,emmax,10,0.3,17,9,5,0.163398692810458,12,7,0.240196078431373
V0.5_c1,nobgs,5,emmax,10,0.4,17,9,5,0.163398692810458,10,6,0.211764705882353
V0.5_c1,nobgs,5,emmax,10,0.5,17,9,5,0.163398692810458,10,6,0.211764705882353
V0.5_c1,nobgs,5,emmax,10,0.7,17,9,5,0.163398692810458,8,6,0.264705882352941
V0.5_c1,nobgs,5,lfmm,2,0.01,17,12,8,0.313725490196078,29,10,0.202839756592292
V0.5_c1,nobgs,5,lfmm,2,0.02,17,12,8,0.313725490196078,27,10,0.217864923747277
V0.5_c1,nobgs,5,lfmm,2,0.05,17,12,8,0.313725490196078,21,9,0.226890756302521
V0.5_c1,nobgs,5,lfmm,2,0.1,17,12,8,0.313725490196078,15,8,0.250980392156863
V0.5_c1,nobgs,5,lfmm,2,0.15,17,12,8,0.313725490196078,14,8,0.26890756302521
V0.5_c1,nobgs,5,lfmm,2,0.2,17,12,8,0.313725490196078,14,8,0.26890756302521
V0.5_c1,nobgs,5,lfmm,2,0.3,17,12,8,0.313725490196078,14,8,0.26890756302521
V0.5_c1,nobgs,5,lfmm,2,0.4,17,12,8,0.313725490196078,13,8,0.289592760180996
V0.5_c1,nobgs,5,lfmm,2,0.5,17,12,8,0.313725490196078,13,8,0.289592760180996
V0.5_c1,nobgs,5,lfmm,2,0.7,17,12,8,0.313725490196078,11,8,0.342245989304813
V0.5_c1,nobgs,5,lfmm,3,0.01,17,10,8,0.376470588235294,24,10,0.245098039215686
V0.5_c1,nobgs,5,lfmm,3,0.02,17,10,8,0.376470588235294,22,10,0.267379679144385
V0.5_c1,nobgs,5,lfmm,3,0.05,17,10,8,0.376470588235294,18,9,0.264705882352941
V0.5_c1,nobgs,5,lfmm,3,0.1,17,10,8,0.376470588235294,12,8,0.313725490196078
V0.5_c1,nobgs,5,lfmm,3,0.15,17,10,8,0.376470588235294,12,8,0.313725490196078
V0.5_c1,nobgs,5,lfmm,3,0.2,17,10,8,0.376470588235294,12,8,0.313725490196078
V0.5_c1,nobgs,5,lfmm,3,0.3,17,10,8,0.376470588235294,12,8,0.313725490196078
V0.5_c1,nobgs,5,lfmm,3,0.4,17,10,8,0.376470588235294,12,8,0.313725490196078
V0.5_c1,nobgs,5,lfmm,3,0.5,17,10,8,0.376470588235294,12,8,0.313725490196078
V0.5_c1,nobgs,5,lfmm,3,0.7,17,10,8,0.376470588235294,10,8,0.376470588235294
V0.5_c1,nobgs,5,lfmm,5,0.01,17,10,8,0.376470588235294,18,9,0.264705882352941
V0.5_c1,nobgs,5,lfmm,5,0.02,17,10,8,0.376470588235294,16,9,0.297794117647059
V0.5_c1,nobgs,5,lfmm,5,0.05,17,10,8,0.376470588235294,13,8,0.289592760180996
V0.5_c1,nobgs,5,lfmm,5,0.1,17,10,8,0.376470588235294,11,8,0.342245989304813
V0.5_c1,nobgs,5,lfmm,5,0.15,17,10,8,0.376470588235294,10,8,0.376470588235294
V0.5_c1,nobgs,5,lfmm,5,0.2,17,10,8,0.376470588235294,10,8,0.376470588235294
V0.5_c1,nobgs,5,lfmm,5,0.3,17,10,8,0.376470588235294,10,8,0.376470588235294
V0.5_c1,nobgs,5,lfmm,5,0.4,17,10,8,0.376470588235294,10,8,0.376470588235294
V0.5_c1,nobgs,5,lfmm,5,0.5,17,10,8,0.376470588235294,10,8,0.376470588235294
V0.5_c1,nobgs,5,lfmm,5,0.7,17,10,8,0.376470588235294,9,8,0.418300653594771
V0.5_c1,nobgs,5,lfmm,10,0.01,17,6,5,0.245098039215686,13,9,0.366515837104072
V0.5_c1,nobgs,5,lfmm,10,0.02,17,6,5,0.245098039215686,12,9,0.397058823529412
V0.5_c1,nobgs,5,lfmm,10,0.05,17,6,5,0.245098039215686,10,8,0.376470588235294
V0.5_c1,nobgs,5,lfmm,10,0.1,17,6,5,0.245098039215686,9,8,0.418300653594771
V0.5_c1,nobgs,5,lfmm,10,0.15,17,6,5,0.245098039215686,8,7,0.360294117647059
V0.5_c1,nobgs,5,lfmm,10,0.2,17,6,5,0.245098039215686,8,7,0.360294117647059
V0.5_c1,nobgs,5,lfmm,10,0.3,17,6,5,0.245098039215686,8,7,0.360294117647059
V0.5_c1,nobgs,5,lfmm,10,0.4,17,6,5,0.245098039215686,7,6,0.302521008403361
V0.5_c1,nobgs,5,lfmm,10,0.5,17,6,5,0.245098039215686,7,6,0.302521008403361
V0.5_c1,nobgs,5,lfmm,10,0.7,17,6,5,0.245098039215686,7,6,0.302521008403361
V0.5_c1,nobgs,6,emmax,2,0.01,16,59,7,0.051906779661017,122,9,0.0414959016393443
V0.5_c1,nobgs,6,emmax,2,0.02,16,59,7,0.051906779661017,109,9,0.0464449541284404
V0.5_c1,nobgs,6,emmax,2,0.05,16,59,7,0.051906779661017,93,9,0.0544354838709677
V0.5_c1,nobgs,6,emmax,2,0.1,16,59,7,0.051906779661017,81,9,0.0625
V0.5_c1,nobgs,6,emmax,2,0.15,16,59,7,0.051906779661017,79,9,0.0640822784810127
V0.5_c1,nobgs,6,emmax,2,0.2,16,59,7,0.051906779661017,72,9,0.0703125
V0.5_c1,nobgs,6,emmax,2,0.3,16,59,7,0.051906779661017,61,9,0.0829918032786885
V0.5_c1,nobgs,6,emmax,2,0.4,16,59,7,0.051906779661017,53,9,0.0955188679245283
V0.5_c1,nobgs,6,emmax,2,0.5,16,59,7,0.051906779661017,36,8,0.111111111111111
V0.5_c1,nobgs,6,emmax,2,0.7,16,59,7,0.051906779661017,22,7,0.139204545454545
V0.5_c1,nobgs,6,emmax,3,0.01,16,37,7,0.0827702702702703,84,9,0.0602678571428571
V0.5_c1,nobgs,6,emmax,3,0.02,16,37,7,0.0827702702702703,80,9,0.06328125
V0.5_c1,nobgs,6,emmax,3,0.05,16,37,7,0.0827702702702703,68,9,0.0744485294117647
V0.5_c1,nobgs,6,emmax,3,0.1,16,37,7,0.0827702702702703,59,9,0.0858050847457627
V0.5_c1,nobgs,6,emmax,3,0.15,16,37,7,0.0827702702702703,54,9,0.09375
V0.5_c1,nobgs,6,emmax,3,0.2,16,37,7,0.0827702702702703,53,9,0.0955188679245283
V0.5_c1,nobgs,6,emmax,3,0.3,16,37,7,0.0827702702702703,44,9,0.115056818181818
V0.5_c1,nobgs,6,emmax,3,0.4,16,37,7,0.0827702702702703,35,8,0.114285714285714
V0.5_c1,nobgs,6,emmax,3,0.5,16,37,7,0.0827702702702703,25,7,0.1225
V0.5_c1,nobgs,6,emmax,3,0.7,16,37,7,0.0827702702702703,15,7,0.204166666666667
V0.5_c1,nobgs,6,emmax,5,0.01,16,26,7,0.117788461538462,55,9,0.0920454545454545
V0.5_c1,nobgs,6,emmax,5,0.02,16,26,7,0.117788461538462,48,9,0.10546875
V0.5_c1,nobgs,6,emmax,5,0.05,16,26,7,0.117788461538462,42,9,0.120535714285714
V0.5_c1,nobgs,6,emmax,5,0.1,16,26,7,0.117788461538462,37,9,0.136824324324324
V0.5_c1,nobgs,6,emmax,5,0.15,16,26,7,0.117788461538462,35,9,0.144642857142857
V0.5_c1,nobgs,6,emmax,5,0.2,16,26,7,0.117788461538462,32,9,0.158203125
V0.5_c1,nobgs,6,emmax,5,0.3,16,26,7,0.117788461538462,25,9,0.2025
V0.5_c1,nobgs,6,emmax,5,0.4,16,26,7,0.117788461538462,21,8,0.19047619047619
V0.5_c1,nobgs,6,emmax,5,0.5,16,26,7,0.117788461538462,17,7,0.180147058823529
V0.5_c1,nobgs,6,emmax,5,0.7,16,26,7,0.117788461538462,14,7,0.21875
V0.5_c1,nobgs,6,emmax,10,0.01,16,15,7,0.204166666666667,34,9,0.148897058823529
V0.5_c1,nobgs,6,emmax,10,0.02,16,15,7,0.204166666666667,31,9,0.163306451612903
V0.5_c1,nobgs,6,emmax,10,0.05,16,15,7,0.204166666666667,25,9,0.2025
V0.5_c1,nobgs,6,emmax,10,0.1,16,15,7,0.204166666666667,23,9,0.220108695652174
V0.5_c1,nobgs,6,emmax,10,0.15,16,15,7,0.204166666666667,21,8,0.19047619047619
V0.5_c1,nobgs,6,emmax,10,0.2,16,15,7,0.204166666666667,19,8,0.210526315789474
V0.5_c1,nobgs,6,emmax,10,0.3,16,15,7,0.204166666666667,17,8,0.235294117647059
V0.5_c1,nobgs,6,emmax,10,0.4,16,15,7,0.204166666666667,15,8,0.266666666666667
V0.5_c1,nobgs,6,emmax,10,0.5,16,15,7,0.204166666666667,13,7,0.235576923076923
V0.5_c1,nobgs,6,emmax,10,0.7,16,15,7,0.204166666666667,11,7,0.278409090909091
V0.5_c1,nobgs,6,lfmm,2,0.01,16,47,8,0.0851063829787234,101,9,0.0501237623762376
V0.5_c1,nobgs,6,lfmm,2,0.02,16,47,8,0.0851063829787234,89,9,0.0568820224719101
V0.5_c1,nobgs,6,lfmm,2,0.05,16,47,8,0.0851063829787234,76,9,0.0666118421052632
V0.5_c1,nobgs,6,lfmm,2,0.1,16,47,8,0.0851063829787234,64,9,0.0791015625
V0.5_c1,nobgs,6,lfmm,2,0.15,16,47,8,0.0851063829787234,57,9,0.0888157894736842
V0.5_c1,nobgs,6,lfmm,2,0.2,16,47,8,0.0851063829787234,53,9,0.0955188679245283
V0.5_c1,nobgs,6,lfmm,2,0.3,16,47,8,0.0851063829787234,48,9,0.10546875
V0.5_c1,nobgs,6,lfmm,2,0.4,16,47,8,0.0851063829787234,44,8,0.0909090909090909
V0.5_c1,nobgs,6,lfmm,2,0.5,16,47,8,0.0851063829787234,39,8,0.102564102564103
V0.5_c1,nobgs,6,lfmm,2,0.7,16,47,8,0.0851063829787234,24,8,0.166666666666667
V0.5_c1,nobgs,6,lfmm,3,0.01,16,36,8,0.111111111111111,65,9,0.0778846153846154
V0.5_c1,nobgs,6,lfmm,3,0.02,16,36,8,0.111111111111111,59,9,0.0858050847457627
V0.5_c1,nobgs,6,lfmm,3,0.05,16,36,8,0.111111111111111,55,9,0.0920454545454545
V0.5_c1,nobgs,6,lfmm,3,0.1,16,36,8,0.111111111111111,51,9,0.099264705882353
V0.5_c1,nobgs,6,lfmm,3,0.15,16,36,8,0.111111111111111,47,9,0.107712765957447
V0.5_c1,nobgs,6,lfmm,3,0.2,16,36,8,0.111111111111111,43,9,0.117732558139535
V0.5_c1,nobgs,6,lfmm,3,0.3,16,36,8,0.111111111111111,38,8,0.105263157894737
V0.5_c1,nobgs,6,lfmm,3,0.4,16,36,8,0.111111111111111,36,8,0.111111111111111
V0.5_c1,nobgs,6,lfmm,3,0.5,16,36,8,0.111111111111111,29,8,0.137931034482759
V0.5_c1,nobgs,6,lfmm,3,0.7,16,36,8,0.111111111111111,20,8,0.2
V0.5_c1,nobgs,6,lfmm,5,0.01,16,28,8,0.142857142857143,51,9,0.099264705882353
V0.5_c1,nobgs,6,lfmm,5,0.02,16,28,8,0.142857142857143,47,9,0.107712765957447
V0.5_c1,nobgs,6,lfmm,5,0.05,16,28,8,0.142857142857143,43,9,0.117732558139535
V0.5_c1,nobgs,6,lfmm,5,0.1,16,28,8,0.142857142857143,39,9,0.129807692307692
V0.5_c1,nobgs,6,lfmm,5,0.15,16,28,8,0.142857142857143,35,9,0.144642857142857
V0.5_c1,nobgs,6,lfmm,5,0.2,16,28,8,0.142857142857143,32,9,0.158203125
V0.5_c1,nobgs,6,lfmm,5,0.3,16,28,8,0.142857142857143,29,8,0.137931034482759
V0.5_c1,nobgs,6,lfmm,5,0.4,16,28,8,0.142857142857143,27,8,0.148148148148148
V0.5_c1,nobgs,6,lfmm,5,0.5,16,28,8,0.142857142857143,23,8,0.173913043478261
V0.5_c1,nobgs,6,lfmm,5,0.7,16,28,8,0.142857142857143,16,8,0.25
V0.5_c1,nobgs,6,lfmm,10,0.01,16,20,6,0.1125,35,9,0.144642857142857
V0.5_c1,nobgs,6,lfmm,10,0.02,16,20,6,0.1125,34,9,0.148897058823529
V0.5_c1,nobgs,6,lfmm,10,0.05,16,20,6,0.1125,29,9,0.174568965517241
V0.5_c1,nobgs,6,lfmm,10,0.1,16,20,6,0.1125,27,9,0.1875
V0.5_c1,nobgs,6,lfmm,10,0.15,16,20,6,0.1125,26,9,0.194711538461538
V0.5_c1,nobgs,6,lfmm,10,0.2,16,20,6,0.1125,23,9,0.220108695652174
V0.5_c1,nobgs,6,lfmm,10,0.3,16,20,6,0.1125,21,8,0.19047619047619
V0.5_c1,nobgs,6,lfmm,10,0.4,16,20,6,0.1125,20,8,0.2
V0.5_c1,nobgs,6,lfmm,10,0.5,16,20,6,0.1125,17,7,0.180147058823529
V0.5_c1,nobgs,6,lfmm,10,0.7,16,20,6,0.1125,12,6,0.1875
V0.5_c1,nobgs,7,emmax,2,0.01,17,24,8,0.156862745098039,86,10,0.0683994528043776
V0.5_c1,nobgs,7,emmax,2,0.02,17,24,8,0.156862745098039,82,10,0.0717360114777618
V0.5_c1,nobgs,7,emmax,2,0.05,17,24,8,0.156862745098039,66,10,0.089126559714795
V0.5_c1,nobgs,7,emmax,2,0.1,17,24,8,0.156862745098039,44,10,0.133689839572193
V0.5_c1,nobgs,7,emmax,2,0.15,17,24,8,0.156862745098039,35,9,0.136134453781513
V0.5_c1,nobgs,7,emmax,2,0.2,17,24,8,0.156862745098039,31,9,0.153700189753321
V0.5_c1,nobgs,7,emmax,2,0.3,17,24,8,0.156862745098039,27,8,0.139433551198257
V0.5_c1,nobgs,7,emmax,2,0.4,17,24,8,0.156862745098039,25,8,0.150588235294118
V0.5_c1,nobgs,7,emmax,2,0.5,17,24,8,0.156862745098039,22,8,0.171122994652406
V0.5_c1,nobgs,7,emmax,2,0.7,17,24,8,0.156862745098039,12,8,0.313725490196078
V0.5_c1,nobgs,7,emmax,3,0.01,17,19,8,0.198142414860681,61,10,0.0964320154291225
V0.5_c1,nobgs,7,emmax,3,0.02,17,19,8,0.198142414860681,56,10,0.105042016806723
V0.5_c1,nobgs,7,emmax,3,0.05,17,19,8,0.198142414860681,44,10,0.133689839572193
V0.5_c1,nobgs,7,emmax,3,0.1,17,19,8,0.198142414860681,30,10,0.196078431372549
V0.5_c1,nobgs,7,emmax,3,0.15,17,19,8,0.198142414860681,26,9,0.183257918552036
V0.5_c1,nobgs,7,emmax,3,0.2,17,19,8,0.198142414860681,23,9,0.207161125319693
V0.5_c1,nobgs,7,emmax,3,0.3,17,19,8,0.198142414860681,22,8,0.171122994652406
V0.5_c1,nobgs,7,emmax,3,0.4,17,19,8,0.198142414860681,21,8,0.179271708683473
V0.5_c1,nobgs,7,emmax,3,0.5,17,19,8,0.198142414860681,19,8,0.198142414860681
V0.5_c1,nobgs,7,emmax,3,0.7,17,19,8,0.198142414860681,12,8,0.313725490196078
V0.5_c1,nobgs,7,emmax,5,0.01,17,17,8,0.221453287197232,40,10,0.147058823529412
V0.5_c1,nobgs,7,emmax,5,0.02,17,17,8,0.221453287197232,38,10,0.154798761609907
V0.5_c1,nobgs,7,emmax,5,0.05,17,17,8,0.221453287197232,29,9,0.164300202839757
V0.5_c1,nobgs,7,emmax,5,0.1,17,17,8,0.221453287197232,21,9,0.226890756302521
V0.5_c1,nobgs,7,emmax,5,0.15,17,17,8,0.221453287197232,19,8,0.198142414860681
V0.5_c1,nobgs,7,emmax,5,0.2,17,17,8,0.221453287197232,19,8,0.198142414860681
V0.5_c1,nobgs,7,emmax,5,0.3,17,17,8,0.221453287197232,17,8,0.221453287197232
V0.5_c1,nobgs,7,emmax,5,0.4,17,17,8,0.221453287197232,17,8,0.221453287197232
V0.5_c1,nobgs,7,emmax,5,0.5,17,17,8,0.221453287197232,15,8,0.250980392156863
V0.5_c1,nobgs,7,emmax,5,0.7,17,17,8,0.221453287197232,12,8,0.313725490196078
V0.5_c1,nobgs,7,emmax,10,0.01,17,14,8,0.26890756302521,25,9,0.190588235294118
V0.5_c1,nobgs,7,emmax,10,0.02,17,14,8,0.26890756302521,23,9,0.207161125319693
V0.5_c1,nobgs,7,emmax,10,0.05,17,14,8,0.26890756302521,18,8,0.209150326797386
V0.5_c1,nobgs,7,emmax,10,0.1,17,14,8,0.26890756302521,14,8,0.26890756302521
V0.5_c1,nobgs,7,emmax,10,0.15,17,14,8,0.26890756302521,15,8,0.250980392156863
V0.5_c1,nobgs,7,emmax,10,0.2,17,14,8,0.26890756302521,15,8,0.250980392156863
V0.5_c1,nobgs,7,emmax,10,0.3,17,14,8,0.26890756302521,14,8,0.26890756302521
V0.5_c1,nobgs,7,emmax,10,0.4,17,14,8,0.26890756302521,13,8,0.289592760180996
V0.5_c1,nobgs,7,emmax,10,0.5,17,14,8,0.26890756302521,12,8,0.313725490196078
V0.5_c1,nobgs,7,emmax,10,0.7,17,14,8,0.26890756302521,12,8,0.313725490196078
V0.5_c1,nobgs,7,lfmm,2,0.01,17,24,9,0.198529411764706,52,9,0.0916289592760181
V0.5_c1,nobgs,7,lfmm,2,0.02,17,24,9,0.198529411764706,45,9,0.105882352941177
V0.5_c1,nobgs,7,lfmm,2,0.05,17,24,9,0.198529411764706,36,9,0.132352941176471
V0.5_c1,nobgs,7,lfmm,2,0.1,17,24,9,0.198529411764706,34,10,0.173010380622837
V0.5_c1,nobgs,7,lfmm,2,0.15,17,24,9,0.198529411764706,31,10,0.189753320683112
V0.5_c1,nobgs,7,lfmm,2,0.2,17,24,9,0.198529411764706,30,10,0.196078431372549
V0.5_c1,nobgs,7,lfmm,2,0.3,17,24,9,0.198529411764706,24,9,0.198529411764706
V0.5_c1,nobgs,7,lfmm,2,0.4,17,24,9,0.198529411764706,20,9,0.238235294117647
V0.5_c1,nobgs,7,lfmm,2,0.5,17,24,9,0.198529411764706,20,9,0.238235294117647
V0.5_c1,nobgs,7,lfmm,2,0.7,17,24,9,0.198529411764706,14,9,0.340336134453782
V0.5_c1,nobgs,7,lfmm,3,0.01,17,21,9,0.226890756302521,37,9,0.128775834658188
V0.5_c1,nobgs,7,lfmm,3,0.02,17,21,9,0.226890756302521,34,9,0.140138408304498
V0.5_c1,nobgs,7,lfmm,3,0.05,17,21,9,0.226890756302521,31,9,0.153700189753321
V0.5_c1,nobgs,7,lfmm,3,0.1,17,21,9,0.226890756302521,29,10,0.202839756592292
V0.5_c1,nobgs,7,lfmm,3,0.15,17,21,9,0.226890756302521,27,10,0.217864923747277
V0.5_c1,nobgs,7,lfmm,3,0.2,17,21,9,0.226890756302521,27,10,0.217864923747277
V0.5_c1,nobgs,7,lfmm,3,0.3,17,21,9,0.226890756302521,20,9,0.238235294117647
V0.5_c1,nobgs,7,lfmm,3,0.4,17,21,9,0.226890756302521,20,9,0.238235294117647
V0.5_c1,nobgs,7,lfmm,3,0.5,17,21,9,0.226890756302521,20,9,0.238235294117647
V0.5_c1,nobgs,7,lfmm,3,0.7,17,21,9,0.226890756302521,13,9,0.366515837104072
V0.5_c1,nobgs,7,lfmm,5,0.01,17,18,8,0.209150326797386,32,9,0.148897058823529
V0.5_c1,nobgs,7,lfmm,5,0.02,17,18,8,0.209150326797386,29,9,0.164300202839757
V0.5_c1,nobgs,7,lfmm,5,0.05,17,18,8,0.209150326797386,27,9,0.176470588235294
V0.5_c1,nobgs,7,lfmm,5,0.1,17,18,8,0.209150326797386,23,9,0.207161125319693
V0.5_c1,nobgs,7,lfmm,5,0.15,17,18,8,0.209150326797386,22,9,0.216577540106952
V0.5_c1,nobgs,7,lfmm,5,0.2,17,18,8,0.209150326797386,20,9,0.238235294117647
V0.5_c1,nobgs,7,lfmm,5,0.3,17,18,8,0.209150326797386,17,8,0.221453287197232
V0.5_c1,nobgs,7,lfmm,5,0.4,17,18,8,0.209150326797386,17,8,0.221453287197232
V0.5_c1,nobgs,7,lfmm,5,0.5,17,18,8,0.209150326797386,15,8,0.250980392156863
V0.5_c1,nobgs,7,lfmm,5,0.7,17,18,8,0.209150326797386,12,8,0.313725490196078
V0.5_c1,nobgs,7,lfmm,10,0.01,17,13,8,0.289592760180996,22,9,0.216577540106952
V0.5_c1,nobgs,7,lfmm,10,0.02,17,13,8,0.289592760180996,20,9,0.238235294117647
V0.5_c1,nobgs,7,lfmm,10,0.05,17,13,8,0.289592760180996,17,9,0.280276816608997
V0.5_c1,nobgs,7,lfmm,10,0.1,17,13,8,0.289592760180996,15,9,0.317647058823529
V0.5_c1,nobgs,7,lfmm,10,0.15,17,13,8,0.289592760180996,15,9,0.317647058823529
V0.5_c1,nobgs,7,lfmm,10,0.2,17,13,8,0.289592760180996,15,9,0.317647058823529
V0.5_c1,nobgs,7,lfmm,10,0.3,17,13,8,0.289592760180996,14,8,0.26890756302521
V0.5_c1,nobgs,7,lfmm,10,0.4,17,13,8,0.289592760180996,14,8,0.26890756302521
V0.5_c1,nobgs,7,lfmm,10,0.5,17,13,8,0.289592760180996,13,8,0.289592760180996
V0.5_c1,nobgs,7,lfmm,10,0.7,17,13,8,0.289592760180996,11,8,0.342245989304813
V0.5_c1,nobgs,8,emmax,2,0.01,23,51,12,0.122762148337596,123,14,0.0692824319547543
V0.5_c1,nobgs,8,emmax,2,0.02,23,51,12,0.122762148337596,115,14,0.0741020793950851
V0.5_c1,nobgs,8,emmax,2,0.05,23,51,12,0.122762148337596,93,13,0.0790088826554465
V0.5_c1,nobgs,8,emmax,2,0.1,23,51,12,0.122762148337596,75,13,0.0979710144927536
V0.5_c1,nobgs,8,emmax,2,0.15,23,51,12,0.122762148337596,68,13,0.108056265984655
V0.5_c1,nobgs,8,emmax,2,0.2,23,51,12,0.122762148337596,60,12,0.104347826086957
V0.5_c1,nobgs,8,emmax,2,0.3,23,51,12,0.122762148337596,51,12,0.122762148337596
V0.5_c1,nobgs,8,emmax,2,0.4,23,51,12,0.122762148337596,41,12,0.15270413573701
V0.5_c1,nobgs,8,emmax,2,0.5,23,51,12,0.122762148337596,33,12,0.189723320158103
V0.5_c1,nobgs,8,emmax,2,0.7,23,51,12,0.122762148337596,19,12,0.329519450800915
V0.5_c1,nobgs,8,emmax,3,0.01,23,41,12,0.15270413573701,87,14,0.0979510244877561
V0.5_c1,nobgs,8,emmax,3,0.02,23,41,12,0.15270413573701,75,14,0.113623188405797
V0.5_c1,nobgs,8,emmax,3,0.05,23,41,12,0.15270413573701,61,13,0.120456165359943
V0.5_c1,nobgs,8,emmax,3,0.1,23,41,12,0.15270413573701,52,13,0.141304347826087
V0.5_c1,nobgs,8,emmax,3,0.15,23,41,12,0.15270413573701,48,13,0.153079710144928
V0.5_c1,nobgs,8,emmax,3,0.2,23,41,12,0.15270413573701,45,12,0.139130434782609
V0.5_c1,nobgs,8,emmax,3,0.3,23,41,12,0.15270413573701,38,12,0.164759725400458
V0.5_c1,nobgs,8,emmax,3,0.4,23,41,12,0.15270413573701,33,12,0.189723320158103
V0.5_c1,nobgs,8,emmax,3,0.5,23,41,12,0.15270413573701,28,12,0.22360248447205
V0.5_c1,nobgs,8,emmax,3,0.7,23,41,12,0.15270413573701,18,12,0.347826086956522
V0.5_c1,nobgs,8,emmax,5,0.01,23,25,12,0.250434782608696,57,13,0.128909229595728
V0.5_c1,nobgs,8,emmax,5,0.02,23,25,12,0.250434782608696,49,13,0.149955634427684
V0.5_c1,nobgs,8,emmax,5,0.05,23,25,12,0.250434782608696,42,13,0.174948240165631
V0.5_c1,nobgs,8,emmax,5,0.1,23,25,12,0.250434782608696,30,13,0.244927536231884
V0.5_c1,nobgs,8,emmax,5,0.15,23,25,12,0.250434782608696,29,13,0.253373313343328
V0.5_c1,nobgs,8,emmax,5,0.2,23,25,12,0.250434782608696,27,12,0.231884057971014
V0.5_c1,nobgs,8,emmax,5,0.3,23,25,12,0.250434782608696,25,12,0.250434782608696
V0.5_c1,nobgs,8,emmax,5,0.4,23,25,12,0.250434782608696,22,12,0.284584980237154
V0.5_c1,nobgs,8,emmax,5,0.5,23,25,12,0.250434782608696,19,12,0.329519450800915
V0.5_c1,nobgs,8,emmax,5,0.7,23,25,12,0.250434782608696,16,12,0.391304347826087
V0.5_c1,nobgs,8,emmax,10,0.01,23,15,11,0.350724637681159,26,13,0.282608695652174
V0.5_c1,nobgs,8,emmax,10,0.02,23,15,11,0.350724637681159,23,13,0.319470699432892
V0.5_c1,nobgs,8,emmax,10,0.05,23,15,11,0.350724637681159,22,13,0.33399209486166
V0.5_c1,nobgs,8,emmax,10,0.1,23,15,11,0.350724637681159,18,11,0.292270531400966
V0.5_c1,nobgs,8,emmax,10,0.15,23,15,11,0.350724637681159,16,11,0.328804347826087
V0.5_c1,nobgs,8,emmax,10,0.2,23,15,11,0.350724637681159,17,11,0.309462915601023
V0.5_c1,nobgs,8,emmax,10,0.3,23,15,11,0.350724637681159,16,11,0.328804347826087
V0.5_c1,nobgs,8,emmax,10,0.4,23,15,11,0.350724637681159,12,10,0.36231884057971
V0.5_c1,nobgs,8,emmax,10,0.5,23,15,11,0.350724637681159,12,10,0.36231884057971
V0.5_c1,nobgs,8,emmax,10,0.7,23,15,11,0.350724637681159,11,10,0.395256916996047
V0.5_c1,nobgs,8,lfmm,2,0.01,23,47,12,0.133209990749306,93,15,0.105189340813464
V0.5_c1,nobgs,8,lfmm,2,0.02,23,47,12,0.133209990749306,92,15,0.106332703213611
V0.5_c1,nobgs,8,lfmm,2,0.05,23,47,12,0.133209990749306,79,16,0.140891579526692
V0.5_c1,nobgs,8,lfmm,2,0.1,23,47,12,0.133209990749306,68,15,0.14386189258312
V0.5_c1,nobgs,8,lfmm,2,0.15,23,47,12,0.133209990749306,65,15,0.150501672240803
V0.5_c1,nobgs,8,lfmm,2,0.2,23,47,12,0.133209990749306,65,15,0.150501672240803
V0.5_c1,nobgs,8,lfmm,2,0.3,23,47,12,0.133209990749306,56,15,0.174689440993789
V0.5_c1,nobgs,8,lfmm,2,0.4,23,47,12,0.133209990749306,49,13,0.149955634427684
V0.5_c1,nobgs,8,lfmm,2,0.5,23,47,12,0.133209990749306,36,12,0.173913043478261
V0.5_c1,nobgs,8,lfmm,2,0.7,23,47,12,0.133209990749306,19,12,0.329519450800915
V0.5_c1,nobgs,8,lfmm,3,0.01,23,36,12,0.173913043478261,79,15,0.123830489818382
V0.5_c1,nobgs,8,lfmm,3,0.02,23,36,12,0.173913043478261,72,15,0.135869565217391
V0.5_c1,nobgs,8,lfmm,3,0.05,23,36,12,0.173913043478261,62,15,0.157784011220196
V0.5_c1,nobgs,8,lfmm,3,0.1,23,36,12,0.173913043478261,49,14,0.173913043478261
V0.5_c1,nobgs,8,lfmm,3,0.15,23,36,12,0.173913043478261,46,13,0.159735349716446
V0.5_c1,nobgs,8,lfmm,3,0.2,23,36,12,0.173913043478261,42,13,0.174948240165631
V0.5_c1,nobgs,8,lfmm,3,0.3,23,36,12,0.173913043478261,37,13,0.198589894242068
V0.5_c1,nobgs,8,lfmm,3,0.4,23,36,12,0.173913043478261,33,12,0.189723320158103
V0.5_c1,nobgs,8,lfmm,3,0.5,23,36,12,0.173913043478261,26,12,0.240802675585284
V0.5_c1,nobgs,8,lfmm,3,0.7,23,36,12,0.173913043478261,17,12,0.368286445012788
V0.5_c1,nobgs,8,lfmm,5,0.01,23,28,11,0.187888198757764,57,15,0.17162471395881
V0.5_c1,nobgs,8,lfmm,5,0.02,23,28,11,0.187888198757764,46,15,0.212665406427221
V0.5_c1,nobgs,8,lfmm,5,0.05,23,28,11,0.187888198757764,40,14,0.21304347826087
V0.5_c1,nobgs,8,lfmm,5,0.1,23,28,11,0.187888198757764,36,13,0.204106280193237
V0.5_c1,nobgs,8,lfmm,5,0.15,23,28,11,0.187888198757764,32,13,0.229619565217391
V0.5_c1,nobgs,8,lfmm,5,0.2,23,28,11,0.187888198757764,31,13,0.237026647966339
V0.5_c1,nobgs,8,lfmm,5,0.3,23,28,11,0.187888198757764,31,13,0.237026647966339
V0.5_c1,nobgs,8,lfmm,5,0.4,23,28,11,0.187888198757764,25,12,0.250434782608696
V0.5_c1,nobgs,8,lfmm,5,0.5,23,28,11,0.187888198757764,21,12,0.298136645962733
V0.5_c1,nobgs,8,lfmm,5,0.7,23,28,11,0.187888198757764,16,12,0.391304347826087
V0.5_c1,nobgs,8,lfmm,10,0.01,23,14,10,0.31055900621118,31,13,0.237026647966339
V0.5_c1,nobgs,8,lfmm,10,0.02,23,14,10,0.31055900621118,28,13,0.262422360248447
V0.5_c1,nobgs,8,lfmm,10,0.05,23,14,10,0.31055900621118,23,11,0.228733459357278
V0.5_c1,nobgs,8,lfmm,10,0.1,23,14,10,0.31055900621118,21,11,0.250517598343685
V0.5_c1,nobgs,8,lfmm,10,0.15,23,14,10,0.31055900621118,19,11,0.276887871853547
V0.5_c1,nobgs,8,lfmm,10,0.2,23,14,10,0.31055900621118,17,10,0.255754475703325
V0.5_c1,nobgs,8,lfmm,10,0.3,23,14,10,0.31055900621118,17,10,0.255754475703325
V0.5_c1,nobgs,8,lfmm,10,0.4,23,14,10,0.31055900621118,16,10,0.271739130434783
V0.5_c1,nobgs,8,lfmm,10,0.5,23,14,10,0.31055900621118,13,10,0.334448160535117
V0.5_c1,nobgs,8,lfmm,10,0.7,23,14,10,0.31055900621118,12,10,0.36231884057971
V0.5_c1,nobgs,9,emmax,2,0.01,19,24,10,0.219298245614035,71,12,0.106745737583395
V0.5_c1,nobgs,9,emmax,2,0.02,19,24,10,0.219298245614035,65,12,0.116599190283401
V0.5_c1,nobgs,9,emmax,2,0.05,19,24,10,0.219298245614035,49,12,0.154672395273899
V0.5_c1,nobgs,9,emmax,2,0.1,19,24,10,0.219298245614035,43,12,0.17625458996328
V0.5_c1,nobgs,9,emmax,2,0.15,19,24,10,0.219298245614035,38,12,0.199445983379501
V0.5_c1,nobgs,9,emmax,2,0.2,19,24,10,0.219298245614035,34,12,0.222910216718266
V0.5_c1,nobgs,9,emmax,2,0.3,19,24,10,0.219298245614035,29,10,0.181488203266788
V0.5_c1,nobgs,9,emmax,2,0.4,19,24,10,0.219298245614035,26,10,0.202429149797571
V0.5_c1,nobgs,9,emmax,2,0.5,19,24,10,0.219298245614035,23,10,0.22883295194508
V0.5_c1,nobgs,9,emmax,2,0.7,19,24,10,0.219298245614035,14,10,0.37593984962406
V0.5_c1,nobgs,9,emmax,3,0.01,19,17,9,0.25077399380805,44,12,0.172248803827751
V0.5_c1,nobgs,9,emmax,3,0.02,19,17,9,0.25077399380805,40,12,0.189473684210526
V0.5_c1,nobgs,9,emmax,3,0.05,19,17,9,0.25077399380805,31,12,0.244482173174873
V0.5_c1,nobgs,9,emmax,3,0.1,19,17,9,0.25077399380805,30,12,0.252631578947368
V0.5_c1,nobgs,9,emmax,3,0.15,19,17,9,0.25077399380805,26,11,0.244939271255061
V0.5_c1,nobgs,9,emmax,3,0.2,19,17,9,0.25077399380805,22,10,0.239234449760766
V0.5_c1,nobgs,9,emmax,3,0.3,19,17,9,0.25077399380805,19,9,0.224376731301939
V0.5_c1,nobgs,9,emmax,3,0.4,19,17,9,0.25077399380805,19,9,0.224376731301939
V0.5_c1,nobgs,9,emmax,3,0.5,19,17,9,0.25077399380805,14,9,0.304511278195489
V0.5_c1,nobgs,9,emmax,3,0.7,19,17,9,0.25077399380805,13,9,0.327935222672065
V0.5_c1,nobgs,9,emmax,5,0.01,19,12,8,0.280701754385965,26,12,0.291497975708502
V0.5_c1,nobgs,9,emmax,5,0.02,19,12,8,0.280701754385965,25,12,0.303157894736842
V0.5_c1,nobgs,9,emmax,5,0.05,19,12,8,0.280701754385965,22,12,0.344497607655502
V0.5_c1,nobgs,9,emmax,5,0.1,19,12,8,0.280701754385965,18,11,0.353801169590643
V0.5_c1,nobgs,9,emmax,5,0.15,19,12,8,0.280701754385965,16,10,0.328947368421053
V0.5_c1,nobgs,9,emmax,5,0.2,19,12,8,0.280701754385965,14,8,0.240601503759399
V0.5_c1,nobgs,9,emmax,5,0.3,19,12,8,0.280701754385965,13,8,0.259109311740891
V0.5_c1,nobgs,9,emmax,5,0.4,19,12,8,0.280701754385965,11,8,0.30622009569378
V0.5_c1,nobgs,9,emmax,5,0.5,19,12,8,0.280701754385965,11,8,0.30622009569378
V0.5_c1,nobgs,9,emmax,5,0.7,19,12,8,0.280701754385965,11,8,0.30622009569378
V0.5_c1,nobgs,9,emmax,10,0.01,19,6,6,0.315789473684211,16,11,0.398026315789474
V0.5_c1,nobgs,9,emmax,10,0.02,19,6,6,0.315789473684211,16,11,0.398026315789474
V0.5_c1,nobgs,9,emmax,10,0.05,19,6,6,0.315789473684211,12,9,0.355263157894737
V0.5_c1,nobgs,9,emmax,10,0.1,19,6,6,0.315789473684211,10,8,0.336842105263158
V0.5_c1,nobgs,9,emmax,10,0.15,19,6,6,0.315789473684211,9,7,0.286549707602339
V0.5_c1,nobgs,9,emmax,10,0.2,19,6,6,0.315789473684211,9,7,0.286549707602339
V0.5_c1,nobgs,9,emmax,10,0.3,19,6,6,0.315789473684211,8,6,0.236842105263158
V0.5_c1,nobgs,9,emmax,10,0.4,19,6,6,0.315789473684211,8,6,0.236842105263158
V0.5_c1,nobgs,9,emmax,10,0.5,19,6,6,0.315789473684211,7,6,0.270676691729323
V0.5_c1,nobgs,9,emmax,10,0.7,19,6,6,0.315789473684211,7,6,0.270676691729323
V0.5_c1,nobgs,9,lfmm,2,0.01,19,12,9,0.355263157894737,34,10,0.154798761609907
V0.5_c1,nobgs,9,lfmm,2,0.02,19,12,9,0.355263157894737,30,10,0.175438596491228
V0.5_c1,nobgs,9,lfmm,2,0.05,19,12,9,0.355263157894737,24,10,0.219298245614035
V0.5_c1,nobgs,9,lfmm,2,0.1,19,12,9,0.355263157894737,23,10,0.22883295194508
V0.5_c1,nobgs,9,lfmm,2,0.15,19,12,9,0.355263157894737,17,10,0.309597523219814
V0.5_c1,nobgs,9,lfmm,2,0.2,19,12,9,0.355263157894737,14,9,0.304511278195489
V0.5_c1,nobgs,9,lfmm,2,0.3,19,12,9,0.355263157894737,12,9,0.355263157894737
V0.5_c1,nobgs,9,lfmm,2,0.4,19,12,9,0.355263157894737,11,9,0.38755980861244
V0.5_c1,nobgs,9,lfmm,2,0.5,19,12,9,0.355263157894737,11,9,0.38755980861244
V0.5_c1,nobgs,9,lfmm,2,0.7,19,12,9,0.355263157894737,9,9,0.473684210526316
V0.5_c1,nobgs,9,lfmm,3,0.01,19,9,8,0.374269005847953,25,10,0.210526315789474
V0.5_c1,nobgs,9,lfmm,3,0.02,19,9,8,0.374269005847953,22,10,0.239234449760766
V0.5_c1,nobgs,9,lfmm,3,0.05,19,9,8,0.374269005847953,18,10,0.292397660818713
V0.5_c1,nobgs,9,lfmm,3,0.1,19,9,8,0.374269005847953,16,10,0.328947368421053
V0.5_c1,nobgs,9,lfmm,3,0.15,19,9,8,0.374269005847953,13,10,0.404858299595142
V0.5_c1,nobgs,9,lfmm,3,0.2,19,9,8,0.374269005847953,12,9,0.355263157894737
V0.5_c1,nobgs,9,lfmm,3,0.3,19,9,8,0.374269005847953,12,9,0.355263157894737
V0.5_c1,nobgs,9,lfmm,3,0.4,19,9,8,0.374269005847953,11,9,0.38755980861244
V0.5_c1,nobgs,9,lfmm,3,0.5,19,9,8,0.374269005847953,10,9,0.426315789473684
V0.5_c1,nobgs,9,lfmm,3,0.7,19,9,8,0.374269005847953,9,9,0.473684210526316
V0.5_c1,nobgs,9,lfmm,5,0.01,19,8,7,0.322368421052632,18,10,0.292397660818713
V0.5_c1,nobgs,9,lfmm,5,0.02,19,8,7,0.322368421052632,15,10,0.350877192982456
V0.5_c1,nobgs,9,lfmm,5,0.05,19,8,7,0.322368421052632,12,10,0.43859649122807
V0.5_c1,nobgs,9,lfmm,5,0.1,19,8,7,0.322368421052632,12,10,0.43859649122807
V0.5_c1,nobgs,9,lfmm,5,0.15,19,8,7,0.322368421052632,10,9,0.426315789473684
V0.5_c1,nobgs,9,lfmm,5,0.2,19,8,7,0.322368421052632,10,9,0.426315789473684
V0.5_c1,nobgs,9,lfmm,5,0.3,19,8,7,0.322368421052632,10,9,0.426315789473684
V0.5_c1,nobgs,9,lfmm,5,0.4,19,8,7,0.322368421052632,10,9,0.426315789473684
V0.5_c1,nobgs,9,lfmm,5,0.5,19,8,7,0.322368421052632,10,9,0.426315789473684
V0.5_c1,nobgs,9,lfmm,5,0.7,19,8,7,0.322368421052632,7,7,0.368421052631579
V0.5_c1,nobgs,9,lfmm,10,0.01,19,6,5,0.219298245614035,13,10,0.404858299595142
V0.5_c1,nobgs,9,lfmm,10,0.02,19,6,5,0.219298245614035,13,10,0.404858299595142
V0.5_c1,nobgs,9,lfmm,10,0.05,19,6,5,0.219298245614035,11,10,0.478468899521531
V0.5_c1,nobgs,9,lfmm,10,0.1,19,6,5,0.219298245614035,10,9,0.426315789473684
V0.5_c1,nobgs,9,lfmm,10,0.15,19,6,5,0.219298245614035,9,8,0.374269005847953
V0.5_c1,nobgs,9,lfmm,10,0.2,19,6,5,0.219298245614035,9,8,0.374269005847953
V0.5_c1,nobgs,9,lfmm,10,0.3,19,6,5,0.219298245614035,7,6,0.270676691729323
V0.5_c1,nobgs,9,lfmm,10,0.4,19,6,5,0.219298245614035,6,5,0.219298245614035
V0.5_c1,nobgs,9,lfmm,10,0.5,19,6,5,0.219298245614035,6,5,0.219298245614035
V0.5_c1,nobgs,9,lfmm,10,0.7,19,6,5,0.219298245614035,5,5,0.263157894736842
V0.5_c1,nobgs,10,emmax,2,0.01,21,36,9,0.107142857142857,91,11,0.0633176347462062
V0.5_c1,nobgs,10,emmax,2,0.02,21,36,9,0.107142857142857,80,12,0.0857142857142857
V0.5_c1,nobgs,10,emmax,2,0.05,21,36,9,0.107142857142857,67,12,0.102345415778252
V0.5_c1,nobgs,10,emmax,2,0.1,21,36,9,0.107142857142857,58,11,0.0993431855500821
V0.5_c1,nobgs,10,emmax,2,0.15,21,36,9,0.107142857142857,51,11,0.112978524743231
V0.5_c1,nobgs,10,emmax,2,0.2,21,36,9,0.107142857142857,47,11,0.122593718338399
V0.5_c1,nobgs,10,emmax,2,0.3,21,36,9,0.107142857142857,37,10,0.128700128700129
V0.5_c1,nobgs,10,emmax,2,0.4,21,36,9,0.107142857142857,36,10,0.132275132275132
V0.5_c1,nobgs,10,emmax,2,0.5,21,36,9,0.107142857142857,31,9,0.124423963133641
V0.5_c1,nobgs,10,emmax,2,0.7,21,36,9,0.107142857142857,18,9,0.214285714285714
V0.5_c1,nobgs,10,emmax,3,0.01,21,22,8,0.138528138528139,62,11,0.0929339477726575
V0.5_c1,nobgs,10,emmax,3,0.02,21,22,8,0.138528138528139,56,12,0.122448979591837
V0.5_c1,nobgs,10,emmax,3,0.05,21,22,8,0.138528138528139,45,11,0.128042328042328
V0.5_c1,nobgs,10,emmax,3,0.1,21,22,8,0.138528138528139,36,10,0.132275132275132
V0.5_c1,nobgs,10,emmax,3,0.15,21,22,8,0.138528138528139,34,10,0.140056022408964
V0.5_c1,nobgs,10,emmax,3,0.2,21,22,8,0.138528138528139,32,10,0.148809523809524
V0.5_c1,nobgs,10,emmax,3,0.3,21,22,8,0.138528138528139,28,9,0.137755102040816
V0.5_c1,nobgs,10,emmax,3,0.4,21,22,8,0.138528138528139,23,8,0.132505175983437
V0.5_c1,nobgs,10,emmax,3,0.5,21,22,8,0.138528138528139,22,8,0.138528138528139
V0.5_c1,nobgs,10,emmax,3,0.7,21,22,8,0.138528138528139,12,7,0.194444444444444
V0.5_c1,nobgs,10,emmax,5,0.01,21,15,8,0.203174603174603,36,9,0.107142857142857
V0.5_c1,nobgs,10,emmax,5,0.02,21,15,8,0.203174603174603,33,10,0.144300144300144
V0.5_c1,nobgs,10,emmax,5,0.05,21,15,8,0.203174603174603,27,9,0.142857142857143
V0.5_c1,nobgs,10,emmax,5,0.1,21,15,8,0.203174603174603,24,9,0.160714285714286
V0.5_c1,nobgs,10,emmax,5,0.15,21,15,8,0.203174603174603,24,9,0.160714285714286
V0.5_c1,nobgs,10,emmax,5,0.2,21,15,8,0.203174603174603,22,9,0.175324675324675
V0.5_c1,nobgs,10,emmax,5,0.3,21,15,8,0.203174603174603,19,9,0.203007518796992
V0.5_c1,nobgs,10,emmax,5,0.4,21,15,8,0.203174603174603,15,8,0.203174603174603
V0.5_c1,nobgs,10,emmax,5,0.5,21,15,8,0.203174603174603,15,8,0.203174603174603
V0.5_c1,nobgs,10,emmax,5,0.7,21,15,8,0.203174603174603,10,7,0.233333333333333
V0.5_c1,nobgs,10,emmax,10,0.01,21,10,6,0.171428571428571,22,7,0.106060606060606
V0.5_c1,nobgs,10,emmax,10,0.02,21,10,6,0.171428571428571,22,8,0.138528138528139
V0.5_c1,nobgs,10,emmax,10,0.05,21,10,6,0.171428571428571,20,8,0.152380952380952
V0.5_c1,nobgs,10,emmax,10,0.1,21,10,6,0.171428571428571,16,7,0.145833333333333
V0.5_c1,nobgs,10,emmax,10,0.15,21,10,6,0.171428571428571,14,7,0.166666666666667
V0.5_c1,nobgs,10,emmax,10,0.2,21,10,6,0.171428571428571,11,7,0.212121212121212
V0.5_c1,nobgs,10,emmax,10,0.3,21,10,6,0.171428571428571,11,7,0.212121212121212
V0.5_c1,nobgs,10,emmax,10,0.4,21,10,6,0.171428571428571,11,7,0.212121212121212
V0.5_c1,nobgs,10,emmax,10,0.5,21,10,6,0.171428571428571,8,6,0.214285714285714
V0.5_c1,nobgs,10,emmax,10,0.7,21,10,6,0.171428571428571,8,6,0.214285714285714
V0.5_c1,nobgs,10,lfmm,2,0.01,21,52,10,0.0915750915750916,92,11,0.0626293995859213
V0.5_c1,nobgs,10,lfmm,2,0.02,21,52,10,0.0915750915750916,85,11,0.0677871148459384
V0.5_c1,nobgs,10,lfmm,2,0.05,21,52,10,0.0915750915750916,76,11,0.0758145363408521
V0.5_c1,nobgs,10,lfmm,2,0.1,21,52,10,0.0915750915750916,73,11,0.0789302022178735
V0.5_c1,nobgs,10,lfmm,2,0.15,21,52,10,0.0915750915750916,66,11,0.0873015873015873
V0.5_c1,nobgs,10,lfmm,2,0.2,21,52,10,0.0915750915750916,64,11,0.0900297619047619
V0.5_c1,nobgs,10,lfmm,2,0.3,21,52,10,0.0915750915750916,58,10,0.0821018062397373
V0.5_c1,nobgs,10,lfmm,2,0.4,21,52,10,0.0915750915750916,49,10,0.0971817298347911
V0.5_c1,nobgs,10,lfmm,2,0.5,21,52,10,0.0915750915750916,39,10,0.122100122100122
V0.5_c1,nobgs,10,lfmm,2,0.7,21,52,10,0.0915750915750916,27,10,0.17636684303351
V0.5_c1,nobgs,10,lfmm,3,0.01,21,36,10,0.132275132275132,71,11,0.0811535881958417
V0.5_c1,nobgs,10,lfmm,3,0.02,21,36,10,0.132275132275132,69,11,0.0835058661145618
V0.5_c1,nobgs,10,lfmm,3,0.05,21,36,10,0.132275132275132,56,10,0.0850340136054422
V0.5_c1,nobgs,10,lfmm,3,0.1,21,36,10,0.132275132275132,49,9,0.0787172011661808
V0.5_c1,nobgs,10,lfmm,3,0.15,21,36,10,0.132275132275132,48,9,0.0803571428571429
V0.5_c1,nobgs,10,lfmm,3,0.2,21,36,10,0.132275132275132,47,9,0.0820668693009119
V0.5_c1,nobgs,10,lfmm,3,0.3,21,36,10,0.132275132275132,42,9,0.0918367346938775
V0.5_c1,nobgs,10,lfmm,3,0.4,21,36,10,0.132275132275132,36,9,0.107142857142857
V0.5_c1,nobgs,10,lfmm,3,0.5,21,36,10,0.132275132275132,31,9,0.124423963133641
V0.5_c1,nobgs,10,lfmm,3,0.7,21,36,10,0.132275132275132,19,9,0.203007518796992
V0.5_c1,nobgs,10,lfmm,5,0.01,21,20,9,0.192857142857143,47,9,0.0820668693009119
V0.5_c1,nobgs,10,lfmm,5,0.02,21,20,9,0.192857142857143,42,9,0.0918367346938775
V0.5_c1,nobgs,10,lfmm,5,0.05,21,20,9,0.192857142857143,38,9,0.101503759398496
V0.5_c1,nobgs,10,lfmm,5,0.1,21,20,9,0.192857142857143,33,8,0.0923520923520923
V0.5_c1,nobgs,10,lfmm,5,0.15,21,20,9,0.192857142857143,32,8,0.0952380952380952
V0.5_c1,nobgs,10,lfmm,5,0.2,21,20,9,0.192857142857143,31,8,0.0983102918586789
V0.5_c1,nobgs,10,lfmm,5,0.3,21,20,9,0.192857142857143,28,8,0.108843537414966
V0.5_c1,nobgs,10,lfmm,5,0.4,21,20,9,0.192857142857143,24,8,0.126984126984127
V0.5_c1,nobgs,10,lfmm,5,0.5,21,20,9,0.192857142857143,21,8,0.145124716553288
V0.5_c1,nobgs,10,lfmm,5,0.7,21,20,9,0.192857142857143,16,7,0.145833333333333
V0.5_c1,nobgs,10,lfmm,10,0.01,21,15,9,0.257142857142857,31,8,0.0983102918586789
V0.5_c1,nobgs,10,lfmm,10,0.02,21,15,9,0.257142857142857,29,8,0.105090311986864
V0.5_c1,nobgs,10,lfmm,10,0.05,21,15,9,0.257142857142857,26,8,0.117216117216117
V0.5_c1,nobgs,10,lfmm,10,0.1,21,15,9,0.257142857142857,23,8,0.132505175983437
V0.5_c1,nobgs,10,lfmm,10,0.15,21,15,9,0.257142857142857,22,8,0.138528138528139
V0.5_c1,nobgs,10,lfmm,10,0.2,21,15,9,0.257142857142857,22,8,0.138528138528139
V0.5_c1,nobgs,10,lfmm,10,0.3,21,15,9,0.257142857142857,20,8,0.152380952380952
V0.5_c1,nobgs,10,lfmm,10,0.4,21,15,9,0.257142857142857,16,8,0.19047619047619
V0.5_c1,nobgs,10,lfmm,10,0.5,21,15,9,0.257142857142857,16,8,0.19047619047619
V0.5_c1,nobgs,10,lfmm,10,0.7,21,15,9,0.257142857142857,11,7,0.212121212121212
V0.5_c2,bgs,1,emmax,2,0.01,33,72,8,0.0269360269360269,155,9,0.0158357771260997
V0.5_c2,bgs,1,emmax,2,0.02,33,72,8,0.0269360269360269,150,9,0.0163636363636364
V0.5_c2,bgs,1,emmax,2,0.05,33,72,8,0.0269360269360269,141,9,0.0174081237911025
V0.5_c2,bgs,1,emmax,2,0.1,33,72,8,0.0269360269360269,130,9,0.0188811188811189
V0.5_c2,bgs,1,emmax,2,0.15,33,72,8,0.0269360269360269,123,9,0.0199556541019956
V0.5_c2,bgs,1,emmax,2,0.2,33,72,8,0.0269360269360269,113,9,0.0217216411906677
V0.5_c2,bgs,1,emmax,2,0.3,33,72,8,0.0269360269360269,95,9,0.0258373205741627
V0.5_c2,bgs,1,emmax,2,0.4,33,72,8,0.0269360269360269,88,8,0.0220385674931129
V0.5_c2,bgs,1,emmax,2,0.5,33,72,8,0.0269360269360269,83,8,0.0233661920408908
V0.5_c2,bgs,1,emmax,2,0.7,33,72,8,0.0269360269360269,67,8,0.0289461781999095
V0.5_c2,bgs,1,emmax,3,0.01,33,58,8,0.0334378265412748,127,9,0.01932712956335
V0.5_c2,bgs,1,emmax,3,0.02,33,58,8,0.0334378265412748,121,9,0.0202854996243426
V0.5_c2,bgs,1,emmax,3,0.05,33,58,8,0.0334378265412748,114,9,0.0215311004784689
V0.5_c2,bgs,1,emmax,3,0.1,33,58,8,0.0334378265412748,103,9,0.0238305383936452
V0.5_c2,bgs,1,emmax,3,0.15,33,58,8,0.0334378265412748,97,9,0.0253045923149016
V0.5_c2,bgs,1,emmax,3,0.2,33,58,8,0.0334378265412748,88,9,0.0278925619834711
V0.5_c2,bgs,1,emmax,3,0.3,33,58,8,0.0334378265412748,74,9,0.0331695331695332
V0.5_c2,bgs,1,emmax,3,0.4,33,58,8,0.0334378265412748,71,8,0.0273154075970977
V0.5_c2,bgs,1,emmax,3,0.5,33,58,8,0.0334378265412748,67,8,0.0289461781999095
V0.5_c2,bgs,1,emmax,3,0.7,33,58,8,0.0334378265412748,55,8,0.0352617079889807
V0.5_c2,bgs,1,emmax,5,0.01,33,37,5,0.0204750204750205,84,9,0.0292207792207792
V0.5_c2,bgs,1,emmax,5,0.02,33,37,5,0.0204750204750205,81,9,0.0303030303030303
V0.5_c2,bgs,1,emmax,5,0.05,33,37,5,0.0204750204750205,76,9,0.0322966507177033
V0.5_c2,bgs,1,emmax,5,0.1,33,37,5,0.0204750204750205,67,8,0.0289461781999095
V0.5_c2,bgs,1,emmax,5,0.15,33,37,5,0.0204750204750205,61,8,0.0317933432687531
V0.5_c2,bgs,1,emmax,5,0.2,33,37,5,0.0204750204750205,57,8,0.0340244550770867
V0.5_c2,bgs,1,emmax,5,0.3,33,37,5,0.0204750204750205,48,7,0.0309343434343434
V0.5_c2,bgs,1,emmax,5,0.4,33,37,5,0.0204750204750205,44,5,0.0172176308539945
V0.5_c2,bgs,1,emmax,5,0.5,33,37,5,0.0204750204750205,40,5,0.0189393939393939
V0.5_c2,bgs,1,emmax,5,0.7,33,37,5,0.0204750204750205,35,5,0.0216450216450216
V0.5_c2,bgs,1,emmax,10,0.01,33,22,4,0.0220385674931129,46,7,0.0322793148880105
V0.5_c2,bgs,1,emmax,10,0.02,33,22,4,0.0220385674931129,43,7,0.0345313601127555
V0.5_c2,bgs,1,emmax,10,0.05,33,22,4,0.0220385674931129,37,7,0.0401310401310401
V0.5_c2,bgs,1,emmax,10,0.1,33,22,4,0.0220385674931129,33,6,0.0330578512396694
V0.5_c2,bgs,1,emmax,10,0.15,33,22,4,0.0220385674931129,32,6,0.0340909090909091
V0.5_c2,bgs,1,emmax,10,0.2,33,22,4,0.0220385674931129,31,6,0.0351906158357771
V0.5_c2,bgs,1,emmax,10,0.3,33,22,4,0.0220385674931129,29,6,0.0376175548589342
V0.5_c2,bgs,1,emmax,10,0.4,33,22,4,0.0220385674931129,26,5,0.0291375291375291
V0.5_c2,bgs,1,emmax,10,0.5,33,22,4,0.0220385674931129,22,4,0.0220385674931129
V0.5_c2,bgs,1,emmax,10,0.7,33,22,4,0.0220385674931129,20,4,0.0242424242424243
V0.5_c2,bgs,1,lfmm,2,0.01,33,207,13,0.0247401551749378,293,16,0.0264763677732961
V0.5_c2,bgs,1,lfmm,2,0.02,33,207,13,0.0247401551749378,288,16,0.0269360269360269
V0.5_c2,bgs,1,lfmm,2,0.05,33,207,13,0.0247401551749378,284,16,0.0273154075970977
V0.5_c2,bgs,1,lfmm,2,0.1,33,207,13,0.0247401551749378,278,16,0.0279049487682581
V0.5_c2,bgs,1,lfmm,2,0.15,33,207,13,0.0247401551749378,272,16,0.0285204991087344
V0.5_c2,bgs,1,lfmm,2,0.2,33,207,13,0.0247401551749378,264,16,0.0293847566574839
V0.5_c2,bgs,1,lfmm,2,0.3,33,207,13,0.0247401551749378,247,16,0.0314071893019261
V0.5_c2,bgs,1,lfmm,2,0.4,33,207,13,0.0247401551749378,239,15,0.0285279573982503
V0.5_c2,bgs,1,lfmm,2,0.5,33,207,13,0.0247401551749378,224,15,0.0304383116883117
V0.5_c2,bgs,1,lfmm,2,0.7,33,207,13,0.0247401551749378,198,14,0.0299969390878482
V0.5_c2,bgs,1,lfmm,3,0.01,33,152,13,0.0336921850079745,225,16,0.0344781144781145
V0.5_c2,bgs,1,lfmm,3,0.02,33,152,13,0.0336921850079745,220,16,0.0352617079889807
V0.5_c2,bgs,1,lfmm,3,0.05,33,152,13,0.0336921850079745,214,16,0.0362503540073634
V0.5_c2,bgs,1,lfmm,3,0.1,33,152,13,0.0336921850079745,210,16,0.036940836940837
V0.5_c2,bgs,1,lfmm,3,0.15,33,152,13,0.0336921850079745,206,16,0.0376581347455134
V0.5_c2,bgs,1,lfmm,3,0.2,33,152,13,0.0336921850079745,203,16,0.0382146589043141
V0.5_c2,bgs,1,lfmm,3,0.3,33,152,13,0.0336921850079745,188,16,0.0412637008381689
V0.5_c2,bgs,1,lfmm,3,0.4,33,152,13,0.0336921850079745,178,14,0.0333673816819884
V0.5_c2,bgs,1,lfmm,3,0.5,33,152,13,0.0336921850079745,167,14,0.0355652331700236
V0.5_c2,bgs,1,lfmm,3,0.7,33,152,13,0.0336921850079745,152,14,0.0390749601275917
V0.5_c2,bgs,1,lfmm,5,0.01,33,97,10,0.0312402374258044,156,13,0.0328282828282828
V0.5_c2,bgs,1,lfmm,5,0.02,33,97,10,0.0312402374258044,149,13,0.0343705511490746
V0.5_c2,bgs,1,lfmm,5,0.05,33,97,10,0.0312402374258044,144,13,0.0355639730639731
V0.5_c2,bgs,1,lfmm,5,0.1,33,97,10,0.0312402374258044,139,13,0.0368432526705908
V0.5_c2,bgs,1,lfmm,5,0.15,33,97,10,0.0312402374258044,139,13,0.0368432526705908
V0.5_c2,bgs,1,lfmm,5,0.2,33,97,10,0.0312402374258044,133,13,0.038505354294828
V0.5_c2,bgs,1,lfmm,5,0.3,33,97,10,0.0312402374258044,127,12,0.0343593414459556
V0.5_c2,bgs,1,lfmm,5,0.4,33,97,10,0.0312402374258044,116,11,0.0316091954022988
V0.5_c2,bgs,1,lfmm,5,0.5,33,97,10,0.0312402374258044,108,11,0.0339506172839506
V0.5_c2,bgs,1,lfmm,5,0.7,33,97,10,0.0312402374258044,98,11,0.0374149659863946
V0.5_c2,bgs,1,lfmm,10,0.01,33,54,8,0.0359147025813692,89,13,0.0575417092271025
V0.5_c2,bgs,1,lfmm,10,0.02,33,54,8,0.0359147025813692,85,13,0.0602495543672014
V0.5_c2,bgs,1,lfmm,10,0.05,33,54,8,0.0359147025813692,82,13,0.0624538063562454
V0.5_c2,bgs,1,lfmm,10,0.1,33,54,8,0.0359147025813692,81,13,0.0632248410026188
V0.5_c2,bgs,1,lfmm,10,0.15,33,54,8,0.0359147025813692,79,13,0.064825469888761
V0.5_c2,bgs,1,lfmm,10,0.2,33,54,8,0.0359147025813692,74,13,0.0692055692055692
V0.5_c2,bgs,1,lfmm,10,0.3,33,54,8,0.0359147025813692,68,11,0.053921568627451
V0.5_c2,bgs,1,lfmm,10,0.4,33,54,8,0.0359147025813692,65,10,0.0466200466200466
V0.5_c2,bgs,1,lfmm,10,0.5,33,54,8,0.0359147025813692,61,10,0.0496770988574267
V0.5_c2,bgs,1,lfmm,10,0.7,33,54,8,0.0359147025813692,56,10,0.0541125541125541
V0.5_c2,bgs,2,emmax,2,0.01,35,171,10,0.0167084377610693,258,13,0.0187153931339978
V0.5_c2,bgs,2,emmax,2,0.02,35,171,10,0.0167084377610693,256,13,0.0188616071428571
V0.5_c2,bgs,2,emmax,2,0.05,35,171,10,0.0167084377610693,253,13,0.0190852625635234
V0.5_c2,bgs,2,emmax,2,0.1,35,171,10,0.0167084377610693,241,13,0.0200355660936574
V0.5_c2,bgs,2,emmax,2,0.15,35,171,10,0.0167084377610693,233,13,0.0207234825260576
V0.5_c2,bgs,2,emmax,2,0.2,35,171,10,0.0167084377610693,229,12,0.0179663131628197
V0.5_c2,bgs,2,emmax,2,0.3,35,171,10,0.0167084377610693,219,12,0.0187866927592955
V0.5_c2,bgs,2,emmax,2,0.4,35,171,10,0.0167084377610693,214,11,0.016154873164219
V0.5_c2,bgs,2,emmax,2,0.5,35,171,10,0.0167084377610693,206,11,0.0167822468793343
V0.5_c2,bgs,2,emmax,2,0.7,35,171,10,0.0167084377610693,182,11,0.0189952904238619
V0.5_c2,bgs,2,emmax,3,0.01,35,133,9,0.0174006444683136,210,13,0.0229931972789116
V0.5_c2,bgs,2,emmax,3,0.02,35,133,9,0.0174006444683136,208,13,0.0232142857142857
V0.5_c2,bgs,2,emmax,3,0.05,35,133,9,0.0174006444683136,203,13,0.0237860661505982
V0.5_c2,bgs,2,emmax,3,0.1,35,133,9,0.0174006444683136,193,13,0.0250185048112509
V0.5_c2,bgs,2,emmax,3,0.15,35,133,9,0.0174006444683136,183,13,0.0263856362217018
V0.5_c2,bgs,2,emmax,3,0.2,35,133,9,0.0174006444683136,179,12,0.0229848363926576
V0.5_c2,bgs,2,emmax,3,0.3,35,133,9,0.0174006444683136,168,12,0.0244897959183673
V0.5_c2,bgs,2,emmax,3,0.4,35,133,9,0.0174006444683136,167,11,0.0207014542343884
V0.5_c2,bgs,2,emmax,3,0.5,35,133,9,0.0174006444683136,161,11,0.0214729370008873
V0.5_c2,bgs,2,emmax,3,0.7,35,133,9,0.0174006444683136,145,11,0.0238423645320197
V0.5_c2,bgs,2,emmax,5,0.01,35,100,9,0.0231428571428571,156,13,0.030952380952381
V0.5_c2,bgs,2,emmax,5,0.02,35,100,9,0.0231428571428571,156,13,0.030952380952381
V0.5_c2,bgs,2,emmax,5,0.05,35,100,9,0.0231428571428571,153,13,0.0315592903828198
V0.5_c2,bgs,2,emmax,5,0.1,35,100,9,0.0231428571428571,149,13,0.0324065196548418
V0.5_c2,bgs,2,emmax,5,0.15,35,100,9,0.0231428571428571,140,13,0.0344897959183674
V0.5_c2,bgs,2,emmax,5,0.2,35,100,9,0.0231428571428571,133,11,0.0259935553168636
V0.5_c2,bgs,2,emmax,5,0.3,35,100,9,0.0231428571428571,124,11,0.0278801843317972
V0.5_c2,bgs,2,emmax,5,0.4,35,100,9,0.0231428571428571,123,10,0.0232288037166086
V0.5_c2,bgs,2,emmax,5,0.5,35,100,9,0.0231428571428571,119,10,0.0240096038415366
V0.5_c2,bgs,2,emmax,5,0.7,35,100,9,0.0231428571428571,101,9,0.0229137199434229
V0.5_c2,bgs,2,emmax,10,0.01,35,66,8,0.0277056277056277,99,12,0.0415584415584416
V0.5_c2,bgs,2,emmax,10,0.02,35,66,8,0.0277056277056277,98,12,0.0419825072886297
V0.5_c2,bgs,2,emmax,10,0.05,35,66,8,0.0277056277056277,96,12,0.0428571428571429
V0.5_c2,bgs,2,emmax,10,0.1,35,66,8,0.0277056277056277,94,12,0.0437689969604863
V0.5_c2,bgs,2,emmax,10,0.15,35,66,8,0.0277056277056277,86,12,0.0478405315614618
V0.5_c2,bgs,2,emmax,10,0.2,35,66,8,0.0277056277056277,81,11,0.0426807760141093
V0.5_c2,bgs,2,emmax,10,0.3,35,66,8,0.0277056277056277,77,11,0.0448979591836735
V0.5_c2,bgs,2,emmax,10,0.4,35,66,8,0.0277056277056277,80,10,0.0357142857142857
V0.5_c2,bgs,2,emmax,10,0.5,35,66,8,0.0277056277056277,78,9,0.0296703296703297
V0.5_c2,bgs,2,emmax,10,0.7,35,66,8,0.0277056277056277,65,8,0.0281318681318681
V0.5_c2,bgs,2,lfmm,2,0.01,35,334,14,0.0167664670658683,364,14,0.0153846153846154
V0.5_c2,bgs,2,lfmm,2,0.02,35,334,14,0.0167664670658683,364,14,0.0153846153846154
V0.5_c2,bgs,2,lfmm,2,0.05,35,334,14,0.0167664670658683,375,14,0.0149333333333333
V0.5_c2,bgs,2,lfmm,2,0.1,35,334,14,0.0167664670658683,371,14,0.0150943396226415
V0.5_c2,bgs,2,lfmm,2,0.15,35,334,14,0.0167664670658683,373,14,0.0150134048257373
V0.5_c2,bgs,2,lfmm,2,0.2,35,334,14,0.0167664670658683,365,14,0.0153424657534247
V0.5_c2,bgs,2,lfmm,2,0.3,35,334,14,0.0167664670658683,354,14,0.015819209039548
V0.5_c2,bgs,2,lfmm,2,0.4,35,334,14,0.0167664670658683,358,14,0.0156424581005587
V0.5_c2,bgs,2,lfmm,2,0.5,35,334,14,0.0167664670658683,356,14,0.0157303370786517
V0.5_c2,bgs,2,lfmm,2,0.7,35,334,14,0.0167664670658683,376,14,0.0148936170212766
V0.5_c2,bgs,2,lfmm,3,0.01,35,287,13,0.0168242906918865,307,13,0.0157282456956724
V0.5_c2,bgs,2,lfmm,3,0.02,35,287,13,0.0168242906918865,307,13,0.0157282456956724
V0.5_c2,bgs,2,lfmm,3,0.05,35,287,13,0.0168242906918865,320,13,0.0150892857142857
V0.5_c2,bgs,2,lfmm,3,0.1,35,287,13,0.0168242906918865,317,13,0.0152320865254619
V0.5_c2,bgs,2,lfmm,3,0.15,35,287,13,0.0168242906918865,317,13,0.0152320865254619
V0.5_c2,bgs,2,lfmm,3,0.2,35,287,13,0.0168242906918865,316,13,0.0152802893309222
V0.5_c2,bgs,2,lfmm,3,0.3,35,287,13,0.0168242906918865,309,13,0.0156264447526583
V0.5_c2,bgs,2,lfmm,3,0.4,35,287,13,0.0168242906918865,316,13,0.0152802893309222
V0.5_c2,bgs,2,lfmm,3,0.5,35,287,13,0.0168242906918865,312,13,0.0154761904761905
V0.5_c2,bgs,2,lfmm,3,0.7,35,287,13,0.0168242906918865,319,13,0.0151365875503807
V0.5_c2,bgs,2,lfmm,5,0.01,35,226,12,0.018204804045512,229,13,0.021085464753587
V0.5_c2,bgs,2,lfmm,5,0.02,35,226,12,0.018204804045512,229,13,0.021085464753587
V0.5_c2,bgs,2,lfmm,5,0.05,35,226,12,0.018204804045512,237,12,0.0173598553345389
V0.5_c2,bgs,2,lfmm,5,0.1,35,226,12,0.018204804045512,236,12,0.0174334140435835
V0.5_c2,bgs,2,lfmm,5,0.15,35,226,12,0.018204804045512,238,12,0.0172869147659064
V0.5_c2,bgs,2,lfmm,5,0.2,35,226,12,0.018204804045512,239,12,0.0172145845786013
V0.5_c2,bgs,2,lfmm,5,0.3,35,226,12,0.018204804045512,238,12,0.0172869147659064
V0.5_c2,bgs,2,lfmm,5,0.4,35,226,12,0.018204804045512,242,12,0.0170011806375443
V0.5_c2,bgs,2,lfmm,5,0.5,35,226,12,0.018204804045512,241,12,0.0170717249555424
V0.5_c2,bgs,2,lfmm,5,0.7,35,226,12,0.018204804045512,236,12,0.0174334140435835
V0.5_c2,bgs,2,lfmm,10,0.01,35,152,12,0.0270676691729323,166,12,0.0247848537005163
V0.5_c2,bgs,2,lfmm,10,0.02,35,152,12,0.0270676691729323,168,12,0.0244897959183673
V0.5_c2,bgs,2,lfmm,10,0.05,35,152,12,0.0270676691729323,175,12,0.0235102040816327
V0.5_c2,bgs,2,lfmm,10,0.1,35,152,12,0.0270676691729323,175,12,0.0235102040816327
V0.5_c2,bgs,2,lfmm,10,0.15,35,152,12,0.0270676691729323,174,12,0.0236453201970443
V0.5_c2,bgs,2,lfmm,10,0.2,35,152,12,0.0270676691729323,173,12,0.0237819983484723
V0.5_c2,bgs,2,lfmm,10,0.3,35,152,12,0.0270676691729323,171,12,0.0240601503759399
V0.5_c2,bgs,2,lfmm,10,0.4,35,152,12,0.0270676691729323,167,12,0.0246364414029085
V0.5_c2,bgs,2,lfmm,10,0.5,35,152,12,0.0270676691729323,163,12,0.0252410166520596
V0.5_c2,bgs,2,lfmm,10,0.7,35,152,12,0.0270676691729323,161,12,0.0255545696539485
V0.5_c2,bgs,3,emmax,2,0.01,38,189,7,0.00682261208576998,265,9,0.00804369414101291
V0.5_c2,bgs,3,emmax,2,0.02,38,189,7,0.00682261208576998,263,9,0.00810486291775065
V0.5_c2,bgs,3,emmax,2,0.05,38,189,7,0.00682261208576998,257,9,0.00829408150727012
V0.5_c2,bgs,3,emmax,2,0.1,38,189,7,0.00682261208576998,252,9,0.00845864661654135
V0.5_c2,bgs,3,emmax,2,0.15,38,189,7,0.00682261208576998,249,9,0.00856055802155992
V0.5_c2,bgs,3,emmax,2,0.2,38,189,7,0.00682261208576998,240,9,0.00888157894736842
V0.5_c2,bgs,3,emmax,2,0.3,38,189,7,0.00682261208576998,229,9,0.00930820501034245
V0.5_c2,bgs,3,emmax,2,0.4,38,189,7,0.00682261208576998,215,8,0.00783353733170135
V0.5_c2,bgs,3,emmax,2,0.5,38,189,7,0.00682261208576998,205,8,0.00821566110397946
V0.5_c2,bgs,3,emmax,2,0.7,38,189,7,0.00682261208576998,189,8,0.00891116680590365
V0.5_c2,bgs,3,emmax,3,0.01,38,149,7,0.00865418580007065,204,9,0.0104489164086687
V0.5_c2,bgs,3,emmax,3,0.02,38,149,7,0.00865418580007065,202,9,0.0105523710265763
V0.5_c2,bgs,3,emmax,3,0.05,38,149,7,0.00865418580007065,198,9,0.0107655502392344
V0.5_c2,bgs,3,emmax,3,0.1,38,149,7,0.00865418580007065,196,9,0.010875402792696
V0.5_c2,bgs,3,emmax,3,0.15,38,149,7,0.00865418580007065,192,9,0.0111019736842105
V0.5_c2,bgs,3,emmax,3,0.2,38,149,7,0.00865418580007065,189,9,0.0112781954887218
V0.5_c2,bgs,3,emmax,3,0.3,38,149,7,0.00865418580007065,180,9,0.0118421052631579
V0.5_c2,bgs,3,emmax,3,0.4,38,149,7,0.00865418580007065,172,8,0.00979192166462668
V0.5_c2,bgs,3,emmax,3,0.5,38,149,7,0.00865418580007065,166,8,0.010145846544071
V0.5_c2,bgs,3,emmax,3,0.7,38,149,7,0.00865418580007065,151,8,0.0111537120948066
V0.5_c2,bgs,3,emmax,5,0.01,38,107,7,0.0120511559272012,153,9,0.0139318885448916
V0.5_c2,bgs,3,emmax,5,0.02,38,107,7,0.0120511559272012,151,9,0.0141164168699895
V0.5_c2,bgs,3,emmax,5,0.05,38,107,7,0.0120511559272012,146,9,0.0145998558038933
V0.5_c2,bgs,3,emmax,5,0.1,38,107,7,0.0120511559272012,146,9,0.0145998558038933
V0.5_c2,bgs,3,emmax,5,0.15,38,107,7,0.0120511559272012,143,9,0.0149061464850939
V0.5_c2,bgs,3,emmax,5,0.2,38,107,7,0.0120511559272012,141,9,0.0151175811870101
V0.5_c2,bgs,3,emmax,5,0.3,38,107,7,0.0120511559272012,137,9,0.0155589704187476
V0.5_c2,bgs,3,emmax,5,0.4,38,107,7,0.0120511559272012,127,8,0.0132615002072109
V0.5_c2,bgs,3,emmax,5,0.5,38,107,7,0.0120511559272012,121,8,0.0139190952588082
V0.5_c2,bgs,3,emmax,5,0.7,38,107,7,0.0120511559272012,110,8,0.015311004784689
V0.5_c2,bgs,3,emmax,10,0.01,38,57,7,0.0226223453370268,82,9,0.02599486521181
V0.5_c2,bgs,3,emmax,10,0.02,38,57,7,0.0226223453370268,80,9,0.0266447368421053
V0.5_c2,bgs,3,emmax,10,0.05,38,57,7,0.0226223453370268,79,9,0.0269820119920053
V0.5_c2,bgs,3,emmax,10,0.1,38,57,7,0.0226223453370268,79,9,0.0269820119920053
V0.5_c2,bgs,3,emmax,10,0.15,38,57,7,0.0226223453370268,77,9,0.0276828434723172
V0.5_c2,bgs,3,emmax,10,0.2,38,57,7,0.0226223453370268,72,9,0.0296052631578947
V0.5_c2,bgs,3,emmax,10,0.3,38,57,7,0.0226223453370268,70,9,0.0304511278195489
V0.5_c2,bgs,3,emmax,10,0.4,38,57,7,0.0226223453370268,69,8,0.0244088482074752
V0.5_c2,bgs,3,emmax,10,0.5,38,57,7,0.0226223453370268,68,8,0.0247678018575851
V0.5_c2,bgs,3,emmax,10,0.7,38,57,7,0.0226223453370268,57,8,0.0295475530932595
V0.5_c2,bgs,3,lfmm,2,0.01,38,318,11,0.0100132406487918,366,14,0.0140926085706068
V0.5_c2,bgs,3,lfmm,2,0.02,38,318,11,0.0100132406487918,366,14,0.0140926085706068
V0.5_c2,bgs,3,lfmm,2,0.05,38,318,11,0.0100132406487918,360,14,0.014327485380117
V0.5_c2,bgs,3,lfmm,2,0.1,38,318,11,0.0100132406487918,357,14,0.0144478844169247
V0.5_c2,bgs,3,lfmm,2,0.15,38,318,11,0.0100132406487918,362,13,0.0122855481244548
V0.5_c2,bgs,3,lfmm,2,0.2,38,318,11,0.0100132406487918,358,13,0.0124228168185828
V0.5_c2,bgs,3,lfmm,2,0.3,38,318,11,0.0100132406487918,346,13,0.0128536659567995
V0.5_c2,bgs,3,lfmm,2,0.4,38,318,11,0.0100132406487918,333,12,0.0113798008534851
V0.5_c2,bgs,3,lfmm,2,0.5,38,318,11,0.0100132406487918,323,12,0.0117321166693824
V0.5_c2,bgs,3,lfmm,2,0.7,38,318,11,0.0100132406487918,311,12,0.0121848028431207
V0.5_c2,bgs,3,lfmm,3,0.01,38,263,10,0.0100060036021613,302,12,0.0125479261066574
V0.5_c2,bgs,3,lfmm,3,0.02,38,263,10,0.0100060036021613,301,12,0.0125896135688057
V0.5_c2,bgs,3,lfmm,3,0.05,38,263,10,0.0100060036021613,295,12,0.0128456735057984
V0.5_c2,bgs,3,lfmm,3,0.1,38,263,10,0.0100060036021613,290,12,0.0130671506352087
V0.5_c2,bgs,3,lfmm,3,0.15,38,263,10,0.0100060036021613,295,11,0.0107939339875112
V0.5_c2,bgs,3,lfmm,3,0.2,38,263,10,0.0100060036021613,291,11,0.0109423042141436
V0.5_c2,bgs,3,lfmm,3,0.3,38,263,10,0.0100060036021613,284,11,0.0112120088954781
V0.5_c2,bgs,3,lfmm,3,0.4,38,263,10,0.0100060036021613,277,11,0.0114953448603458
V0.5_c2,bgs,3,lfmm,3,0.5,38,263,10,0.0100060036021613,267,11,0.0119258821210329
V0.5_c2,bgs,3,lfmm,3,0.7,38,263,10,0.0100060036021613,250,11,0.0127368421052632
V0.5_c2,bgs,3,lfmm,5,0.01,38,198,10,0.013290802764487,232,12,0.0163339382940109
V0.5_c2,bgs,3,lfmm,5,0.02,38,198,10,0.013290802764487,232,12,0.0163339382940109
V0.5_c2,bgs,3,lfmm,5,0.05,38,198,10,0.013290802764487,226,12,0.0167675826734979
V0.5_c2,bgs,3,lfmm,5,0.1,38,198,10,0.013290802764487,224,12,0.0169172932330827
V0.5_c2,bgs,3,lfmm,5,0.15,38,198,10,0.013290802764487,228,11,0.0139658356417359
V0.5_c2,bgs,3,lfmm,5,0.2,38,198,10,0.013290802764487,227,11,0.0140273591467656
V0.5_c2,bgs,3,lfmm,5,0.3,38,198,10,0.013290802764487,223,11,0.014278970970026
V0.5_c2,bgs,3,lfmm,5,0.4,38,198,10,0.013290802764487,213,11,0.0149493451939708
V0.5_c2,bgs,3,lfmm,5,0.5,38,198,10,0.013290802764487,206,11,0.0154573326520184
V0.5_c2,bgs,3,lfmm,5,0.7,38,198,10,0.013290802764487,189,11,0.0168476747424116
V0.5_c2,bgs,3,lfmm,10,0.01,38,117,10,0.0224921277552857,153,12,0.0247678018575851
V0.5_c2,bgs,3,lfmm,10,0.02,38,117,10,0.0224921277552857,153,12,0.0247678018575851
V0.5_c2,bgs,3,lfmm,10,0.05,38,117,10,0.0224921277552857,149,12,0.0254327092900035
V0.5_c2,bgs,3,lfmm,10,0.1,38,117,10,0.0224921277552857,146,12,0.0259552992069214
V0.5_c2,bgs,3,lfmm,10,0.15,38,117,10,0.0224921277552857,148,11,0.0215149359886202
V0.5_c2,bgs,3,lfmm,10,0.2,38,117,10,0.0224921277552857,145,11,0.0219600725952813
V0.5_c2,bgs,3,lfmm,10,0.3,38,117,10,0.0224921277552857,138,11,0.0230739893211289
V0.5_c2,bgs,3,lfmm,10,0.4,38,117,10,0.0224921277552857,131,11,0.0243069505825633
V0.5_c2,bgs,3,lfmm,10,0.5,38,117,10,0.0224921277552857,120,11,0.0265350877192982
V0.5_c2,bgs,3,lfmm,10,0.7,38,117,10,0.0224921277552857,109,11,0.0292129406084017
V0.5_c2,bgs,4,emmax,2,0.01,37,94,4,0.00460034502587694,201,11,0.0162700013446282
V0.5_c2,bgs,4,emmax,2,0.02,37,94,4,0.00460034502587694,200,11,0.0163513513513514
V0.5_c2,bgs,4,emmax,2,0.05,37,94,4,0.00460034502587694,196,11,0.0166850523993381
V0.5_c2,bgs,4,emmax,2,0.1,37,94,4,0.00460034502587694,191,10,0.0141502759303806
V0.5_c2,bgs,4,emmax,2,0.15,37,94,4,0.00460034502587694,178,10,0.0151837230488916
V0.5_c2,bgs,4,emmax,2,0.2,37,94,4,0.00460034502587694,170,10,0.0158982511923688
V0.5_c2,bgs,4,emmax,2,0.3,37,94,4,0.00460034502587694,154,9,0.0142155142155142
V0.5_c2,bgs,4,emmax,2,0.4,37,94,4,0.00460034502587694,131,8,0.0132040437383949
V0.5_c2,bgs,4,emmax,2,0.5,37,94,4,0.00460034502587694,117,8,0.0147840147840148
V0.5_c2,bgs,4,emmax,2,0.7,37,94,4,0.00460034502587694,97,4,0.00445806631373642
V0.5_c2,bgs,4,emmax,3,0.01,37,70,4,0.00617760617760618,153,11,0.0213743154919626
V0.5_c2,bgs,4,emmax,3,0.02,37,70,4,0.00617760617760618,150,11,0.0218018018018018
V0.5_c2,bgs,4,emmax,3,0.05,37,70,4,0.00617760617760618,145,11,0.0225535880708295
V0.5_c2,bgs,4,emmax,3,0.1,37,70,4,0.00617760617760618,137,10,0.0197277569540343
V0.5_c2,bgs,4,emmax,3,0.15,37,70,4,0.00617760617760618,131,10,0.020631318341242
V0.5_c2,bgs,4,emmax,3,0.2,37,70,4,0.00617760617760618,124,10,0.021795989537925
V0.5_c2,bgs,4,emmax,3,0.3,37,70,4,0.00617760617760618,110,9,0.0199017199017199
V0.5_c2,bgs,4,emmax,3,0.4,37,70,4,0.00617760617760618,96,8,0.018018018018018
V0.5_c2,bgs,4,emmax,3,0.5,37,70,4,0.00617760617760618,86,8,0.0201131363922062
V0.5_c2,bgs,4,emmax,3,0.7,37,70,4,0.00617760617760618,72,4,0.00600600600600601
V0.5_c2,bgs,4,emmax,5,0.01,37,50,4,0.00864864864864865,115,11,0.0284371327849589
V0.5_c2,bgs,4,emmax,5,0.02,37,50,4,0.00864864864864865,111,11,0.0294618943267592
V0.5_c2,bgs,4,emmax,5,0.05,37,50,4,0.00864864864864865,107,11,0.0305632735539278
V0.5_c2,bgs,4,emmax,5,0.1,37,50,4,0.00864864864864865,101,10,0.0267594327000268
V0.5_c2,bgs,4,emmax,5,0.15,37,50,4,0.00864864864864865,95,10,0.0284495021337127
V0.5_c2,bgs,4,emmax,5,0.2,37,50,4,0.00864864864864865,90,10,0.03003003003003
V0.5_c2,bgs,4,emmax,5,0.3,37,50,4,0.00864864864864865,80,9,0.0273648648648649
V0.5_c2,bgs,4,emmax,5,0.4,37,50,4,0.00864864864864865,71,8,0.0243623905595737
V0.5_c2,bgs,4,emmax,5,0.5,37,50,4,0.00864864864864865,62,8,0.027898866608544
V0.5_c2,bgs,4,emmax,5,0.7,37,50,4,0.00864864864864865,52,4,0.00831600831600832
V0.5_c2,bgs,4,emmax,10,0.01,37,24,3,0.0101351351351351,64,8,0.027027027027027
V0.5_c2,bgs,4,emmax,10,0.02,37,24,3,0.0101351351351351,62,8,0.027898866608544
V0.5_c2,bgs,4,emmax,10,0.05,37,24,3,0.0101351351351351,60,8,0.0288288288288288
V0.5_c2,bgs,4,emmax,10,0.1,37,24,3,0.0101351351351351,57,8,0.0303461356092935
V0.5_c2,bgs,4,emmax,10,0.15,37,24,3,0.0101351351351351,51,8,0.0339162692103869
V0.5_c2,bgs,4,emmax,10,0.2,37,24,3,0.0101351351351351,48,8,0.036036036036036
V0.5_c2,bgs,4,emmax,10,0.3,37,24,3,0.0101351351351351,41,7,0.032300593276203
V0.5_c2,bgs,4,emmax,10,0.4,37,24,3,0.0101351351351351,36,6,0.027027027027027
V0.5_c2,bgs,4,emmax,10,0.5,37,24,3,0.0101351351351351,32,6,0.0304054054054054
V0.5_c2,bgs,4,emmax,10,0.7,37,24,3,0.0101351351351351,25,3,0.00972972972972973
V0.5_c2,bgs,4,lfmm,2,0.01,37,254,12,0.0153224090231964,322,14,0.0164512338425382
V0.5_c2,bgs,4,lfmm,2,0.02,37,254,12,0.0153224090231964,324,15,0.0187687687687688
V0.5_c2,bgs,4,lfmm,2,0.05,37,254,12,0.0153224090231964,315,15,0.0193050193050193
V0.5_c2,bgs,4,lfmm,2,0.1,37,254,12,0.0153224090231964,309,13,0.0147817720633255
V0.5_c2,bgs,4,lfmm,2,0.15,37,254,12,0.0153224090231964,305,13,0.014975631369074
V0.5_c2,bgs,4,lfmm,2,0.2,37,254,12,0.0153224090231964,300,13,0.0152252252252252
V0.5_c2,bgs,4,lfmm,2,0.3,37,254,12,0.0153224090231964,287,13,0.0159148695734062
V0.5_c2,bgs,4,lfmm,2,0.4,37,254,12,0.0153224090231964,272,13,0.0167925278219396
V0.5_c2,bgs,4,lfmm,2,0.5,37,254,12,0.0153224090231964,267,13,0.0171069946350845
V0.5_c2,bgs,4,lfmm,2,0.7,37,254,12,0.0153224090231964,253,12,0.015382971904711
V0.5_c2,bgs,4,lfmm,3,0.01,37,191,11,0.0171218338757606,244,13,0.0187195392113425
V0.5_c2,bgs,4,lfmm,3,0.02,37,191,11,0.0171218338757606,245,14,0.0216216216216216
V0.5_c2,bgs,4,lfmm,3,0.05,37,191,11,0.0171218338757606,240,14,0.0220720720720721
V0.5_c2,bgs,4,lfmm,3,0.1,37,191,11,0.0171218338757606,235,12,0.016561242093157
V0.5_c2,bgs,4,lfmm,3,0.15,37,191,11,0.0171218338757606,232,12,0.0167753960857409
V0.5_c2,bgs,4,lfmm,3,0.2,37,191,11,0.0171218338757606,228,12,0.0170697012802276
V0.5_c2,bgs,4,lfmm,3,0.3,37,191,11,0.0171218338757606,217,12,0.0179349856769212
V0.5_c2,bgs,4,lfmm,3,0.4,37,191,11,0.0171218338757606,207,12,0.0188014101057579
V0.5_c2,bgs,4,lfmm,3,0.5,37,191,11,0.0171218338757606,201,12,0.0193626462283179
V0.5_c2,bgs,4,lfmm,3,0.7,37,191,11,0.0171218338757606,193,11,0.0169444055454418
V0.5_c2,bgs,4,lfmm,5,0.01,37,135,11,0.0242242242242242,182,13,0.0250965250965251
V0.5_c2,bgs,4,lfmm,5,0.02,37,135,11,0.0242242242242242,183,14,0.0289469797666519
V0.5_c2,bgs,4,lfmm,5,0.05,37,135,11,0.0242242242242242,176,13,0.0259520884520885
V0.5_c2,bgs,4,lfmm,5,0.1,37,135,11,0.0242242242242242,166,12,0.0234451318788668
V0.5_c2,bgs,4,lfmm,5,0.15,37,135,11,0.0242242242242242,162,12,0.024024024024024
V0.5_c2,bgs,4,lfmm,5,0.2,37,135,11,0.0242242242242242,157,12,0.0247891203305216
V0.5_c2,bgs,4,lfmm,5,0.3,37,135,11,0.0242242242242242,152,12,0.0256045519203414
V0.5_c2,bgs,4,lfmm,5,0.4,37,135,11,0.0242242242242242,146,12,0.0266567937800815
V0.5_c2,bgs,4,lfmm,5,0.5,37,135,11,0.0242242242242242,144,12,0.027027027027027
V0.5_c2,bgs,4,lfmm,5,0.7,37,135,11,0.0242242242242242,139,11,0.0235271242465487
V0.5_c2,bgs,4,lfmm,10,0.01,37,80,10,0.0337837837837838,107,11,0.0305632735539278
V0.5_c2,bgs,4,lfmm,10,0.02,37,80,10,0.0337837837837838,109,11,0.0300024795437639
V0.5_c2,bgs,4,lfmm,10,0.05,37,80,10,0.0337837837837838,101,11,0.0323789135670324
V0.5_c2,bgs,4,lfmm,10,0.1,37,80,10,0.0337837837837838,98,11,0.0333701047986762
V0.5_c2,bgs,4,lfmm,10,0.15,37,80,10,0.0337837837837838,96,11,0.0340653153153153
V0.5_c2,bgs,4,lfmm,10,0.2,37,80,10,0.0337837837837838,95,11,0.0344238975817923
V0.5_c2,bgs,4,lfmm,10,0.3,37,80,10,0.0337837837837838,95,11,0.0344238975817923
V0.5_c2,bgs,4,lfmm,10,0.4,37,80,10,0.0337837837837838,89,11,0.0367446097783176
V0.5_c2,bgs,4,lfmm,10,0.5,37,80,10,0.0337837837837838,89,11,0.0367446097783176
V0.5_c2,bgs,4,lfmm,10,0.7,37,80,10,0.0337837837837838,81,10,0.0333667000333667
V0.5_c2,bgs,5,emmax,2,0.01,30,156,4,0.00341880341880342,295,9,0.00915254237288136
V0.5_c2,bgs,5,emmax,2,0.02,30,156,4,0.00341880341880342,284,9,0.00950704225352113
V0.5_c2,bgs,5,emmax,2,0.05,30,156,4,0.00341880341880342,275,9,0.00981818181818182
V0.5_c2,bgs,5,emmax,2,0.1,30,156,4,0.00341880341880342,266,8,0.00802005012531328
V0.5_c2,bgs,5,emmax,2,0.15,30,156,4,0.00341880341880342,256,7,0.00638020833333333
V0.5_c2,bgs,5,emmax,2,0.2,30,156,4,0.00341880341880342,241,7,0.00677731673582296
V0.5_c2,bgs,5,emmax,2,0.3,30,156,4,0.00341880341880342,204,5,0.00408496732026144
V0.5_c2,bgs,5,emmax,2,0.4,30,156,4,0.00341880341880342,191,6,0.00628272251308901
V0.5_c2,bgs,5,emmax,2,0.5,30,156,4,0.00341880341880342,175,6,0.00685714285714286
V0.5_c2,bgs,5,emmax,2,0.7,30,156,4,0.00341880341880342,146,5,0.00570776255707763
V0.5_c2,bgs,5,emmax,3,0.01,30,120,4,0.00444444444444444,226,8,0.00943952802359882
V0.5_c2,bgs,5,emmax,3,0.02,30,120,4,0.00444444444444444,222,8,0.00960960960960961
V0.5_c2,bgs,5,emmax,3,0.05,30,120,4,0.00444444444444444,219,8,0.00974124809741248
V0.5_c2,bgs,5,emmax,3,0.1,30,120,4,0.00444444444444444,213,8,0.0100156494522692
V0.5_c2,bgs,5,emmax,3,0.15,30,120,4,0.00444444444444444,202,7,0.00808580858085809
V0.5_c2,bgs,5,emmax,3,0.2,30,120,4,0.00444444444444444,188,7,0.00868794326241135
V0.5_c2,bgs,5,emmax,3,0.3,30,120,4,0.00444444444444444,159,4,0.00335429769392034
V0.5_c2,bgs,5,emmax,3,0.4,30,120,4,0.00444444444444444,151,5,0.00551876379690949
V0.5_c2,bgs,5,emmax,3,0.5,30,120,4,0.00444444444444444,132,5,0.00631313131313131
V0.5_c2,bgs,5,emmax,3,0.7,30,120,4,0.00444444444444444,113,5,0.00737463126843658
V0.5_c2,bgs,5,emmax,5,0.01,30,85,3,0.00352941176470588,164,6,0.00731707317073171
V0.5_c2,bgs,5,emmax,5,0.02,30,85,3,0.00352941176470588,160,6,0.0075
V0.5_c2,bgs,5,emmax,5,0.05,30,85,3,0.00352941176470588,158,6,0.00759493670886076
V0.5_c2,bgs,5,emmax,5,0.1,30,85,3,0.00352941176470588,148,6,0.00810810810810811
V0.5_c2,bgs,5,emmax,5,0.15,30,85,3,0.00352941176470588,132,5,0.00631313131313131
V0.5_c2,bgs,5,emmax,5,0.2,30,85,3,0.00352941176470588,124,4,0.0043010752688172
V0.5_c2,bgs,5,emmax,5,0.3,30,85,3,0.00352941176470588,107,3,0.00280373831775701
V0.5_c2,bgs,5,emmax,5,0.4,30,85,3,0.00352941176470588,98,3,0.00306122448979592
V0.5_c2,bgs,5,emmax,5,0.5,30,85,3,0.00352941176470588,89,3,0.00337078651685393
V0.5_c2,bgs,5,emmax,5,0.7,30,85,3,0.00352941176470588,75,3,0.004
V0.5_c2,bgs,5,emmax,10,0.01,30,42,2,0.00317460317460317,93,6,0.0129032258064516
V0.5_c2,bgs,5,emmax,10,0.02,30,42,2,0.00317460317460317,89,6,0.0134831460674157
V0.5_c2,bgs,5,emmax,10,0.05,30,42,2,0.00317460317460317,84,6,0.0142857142857143
V0.5_c2,bgs,5,emmax,10,0.1,30,42,2,0.00317460317460317,79,6,0.0151898734177215
V0.5_c2,bgs,5,emmax,10,0.15,30,42,2,0.00317460317460317,70,4,0.00761904761904762
V0.5_c2,bgs,5,emmax,10,0.2,30,42,2,0.00317460317460317,67,3,0.00447761194029851
V0.5_c2,bgs,5,emmax,10,0.3,30,42,2,0.00317460317460317,57,2,0.00233918128654971
V0.5_c2,bgs,5,emmax,10,0.4,30,42,2,0.00317460317460317,53,2,0.00251572327044025
V0.5_c2,bgs,5,emmax,10,0.5,30,42,2,0.00317460317460317,47,2,0.00283687943262411
V0.5_c2,bgs,5,emmax,10,0.7,30,42,2,0.00317460317460317,41,2,0.0032520325203252
V0.5_c2,bgs,5,lfmm,2,0.01,30,349,10,0.00955109837631328,417,12,0.0115107913669065
V0.5_c2,bgs,5,lfmm,2,0.02,30,349,10,0.00955109837631328,414,11,0.00974235104669887
V0.5_c2,bgs,5,lfmm,2,0.05,30,349,10,0.00955109837631328,408,11,0.00988562091503268
V0.5_c2,bgs,5,lfmm,2,0.1,30,349,10,0.00955109837631328,400,11,0.0100833333333333
V0.5_c2,bgs,5,lfmm,2,0.15,30,349,10,0.00955109837631328,390,11,0.0103418803418803
V0.5_c2,bgs,5,lfmm,2,0.2,30,349,10,0.00955109837631328,387,11,0.0104220499569337
V0.5_c2,bgs,5,lfmm,2,0.3,30,349,10,0.00955109837631328,374,11,0.0107843137254902
V0.5_c2,bgs,5,lfmm,2,0.4,30,349,10,0.00955109837631328,367,11,0.0109900090826521
V0.5_c2,bgs,5,lfmm,2,0.5,30,349,10,0.00955109837631328,352,11,0.0114583333333333
V0.5_c2,bgs,5,lfmm,2,0.7,30,349,10,0.00955109837631328,316,11,0.0127637130801688
V0.5_c2,bgs,5,lfmm,3,0.01,30,276,9,0.00978260869565217,340,11,0.0118627450980392
V0.5_c2,bgs,5,lfmm,3,0.02,30,276,9,0.00978260869565217,337,11,0.0119683481701286
V0.5_c2,bgs,5,lfmm,3,0.05,30,276,9,0.00978260869565217,329,11,0.0122593718338399
V0.5_c2,bgs,5,lfmm,3,0.1,30,276,9,0.00978260869565217,318,11,0.0126834381551363
V0.5_c2,bgs,5,lfmm,3,0.15,30,276,9,0.00978260869565217,309,11,0.0130528586839266
V0.5_c2,bgs,5,lfmm,3,0.2,30,276,9,0.00978260869565217,303,11,0.0133113311331133
V0.5_c2,bgs,5,lfmm,3,0.3,30,276,9,0.00978260869565217,295,11,0.0136723163841808
V0.5_c2,bgs,5,lfmm,3,0.4,30,276,9,0.00978260869565217,287,11,0.0140534262485482
V0.5_c2,bgs,5,lfmm,3,0.5,30,276,9,0.00978260869565217,269,10,0.0123915737298637
V0.5_c2,bgs,5,lfmm,3,0.7,30,276,9,0.00978260869565217,244,11,0.0165300546448087
V0.5_c2,bgs,5,lfmm,5,0.01,30,200,8,0.0106666666666667,256,11,0.0157552083333333
V0.5_c2,bgs,5,lfmm,5,0.02,30,200,8,0.0106666666666667,250,11,0.0161333333333333
V0.5_c2,bgs,5,lfmm,5,0.05,30,200,8,0.0106666666666667,246,11,0.0163956639566396
V0.5_c2,bgs,5,lfmm,5,0.1,30,200,8,0.0106666666666667,237,11,0.0170182841068917
V0.5_c2,bgs,5,lfmm,5,0.15,30,200,8,0.0106666666666667,231,11,0.0174603174603175
V0.5_c2,bgs,5,lfmm,5,0.2,30,200,8,0.0106666666666667,227,11,0.0177679882525697
V0.5_c2,bgs,5,lfmm,5,0.3,30,200,8,0.0106666666666667,220,11,0.0183333333333333
V0.5_c2,bgs,5,lfmm,5,0.4,30,200,8,0.0106666666666667,210,11,0.0192063492063492
V0.5_c2,bgs,5,lfmm,5,0.5,30,200,8,0.0106666666666667,195,9,0.0138461538461538
V0.5_c2,bgs,5,lfmm,5,0.7,30,200,8,0.0106666666666667,179,10,0.0186219739292365
V0.5_c2,bgs,5,lfmm,10,0.01,30,116,6,0.0103448275862069,153,9,0.0176470588235294
V0.5_c2,bgs,5,lfmm,10,0.02,30,116,6,0.0103448275862069,153,9,0.0176470588235294
V0.5_c2,bgs,5,lfmm,10,0.05,30,116,6,0.0103448275862069,151,9,0.0178807947019868
V0.5_c2,bgs,5,lfmm,10,0.1,30,116,6,0.0103448275862069,146,9,0.0184931506849315
V0.5_c2,bgs,5,lfmm,10,0.15,30,116,6,0.0103448275862069,142,9,0.0190140845070423
V0.5_c2,bgs,5,lfmm,10,0.2,30,116,6,0.0103448275862069,137,9,0.0197080291970803
V0.5_c2,bgs,5,lfmm,10,0.3,30,116,6,0.0103448275862069,129,9,0.0209302325581395
V0.5_c2,bgs,5,lfmm,10,0.4,30,116,6,0.0103448275862069,115,9,0.0234782608695652
V0.5_c2,bgs,5,lfmm,10,0.5,30,116,6,0.0103448275862069,106,9,0.0254716981132075
V0.5_c2,bgs,5,lfmm,10,0.7,30,116,6,0.0103448275862069,96,7,0.0170138888888889
V0.5_c2,bgs,6,emmax,2,0.01,36,195,8,0.00911680911680912,280,10,0.00992063492063492
V0.5_c2,bgs,6,emmax,2,0.02,36,195,8,0.00911680911680912,276,10,0.0100644122383253
V0.5_c2,bgs,6,emmax,2,0.05,36,195,8,0.00911680911680912,265,10,0.010482180293501
V0.5_c2,bgs,6,emmax,2,0.1,36,195,8,0.00911680911680912,257,10,0.0108084738434933
V0.5_c2,bgs,6,emmax,2,0.15,36,195,8,0.00911680911680912,245,9,0.00918367346938776
V0.5_c2,bgs,6,emmax,2,0.2,36,195,8,0.00911680911680912,237,8,0.00750117205813408
V0.5_c2,bgs,6,emmax,2,0.3,36,195,8,0.00911680911680912,217,8,0.00819252432155658
V0.5_c2,bgs,6,emmax,2,0.4,36,195,8,0.00911680911680912,205,8,0.00867208672086721
V0.5_c2,bgs,6,emmax,2,0.5,36,195,8,0.00911680911680912,193,8,0.00921128382268279
V0.5_c2,bgs,6,emmax,2,0.7,36,195,8,0.00911680911680912,171,8,0.0103963612735543
V0.5_c2,bgs,6,emmax,3,0.01,36,157,8,0.0113234253361642,234,9,0.00961538461538462
V0.5_c2,bgs,6,emmax,3,0.02,36,157,8,0.0113234253361642,228,9,0.00986842105263158
V0.5_c2,bgs,6,emmax,3,0.05,36,157,8,0.0113234253361642,216,9,0.0104166666666667
V0.5_c2,bgs,6,emmax,3,0.1,36,157,8,0.0113234253361642,214,9,0.0105140186915888
V0.5_c2,bgs,6,emmax,3,0.15,36,157,8,0.0113234253361642,202,9,0.0111386138613861
V0.5_c2,bgs,6,emmax,3,0.2,36,157,8,0.0113234253361642,198,8,0.00897867564534231
V0.5_c2,bgs,6,emmax,3,0.3,36,157,8,0.0113234253361642,185,8,0.00960960960960961
V0.5_c2,bgs,6,emmax,3,0.4,36,157,8,0.0113234253361642,170,8,0.0104575163398693
V0.5_c2,bgs,6,emmax,3,0.5,36,157,8,0.0113234253361642,157,8,0.0113234253361642
V0.5_c2,bgs,6,emmax,3,0.7,36,157,8,0.0113234253361642,127,8,0.0139982502187227
V0.5_c2,bgs,6,emmax,5,0.01,36,121,8,0.014692378328742,181,9,0.0124309392265193
V0.5_c2,bgs,6,emmax,5,0.02,36,121,8,0.014692378328742,174,9,0.0129310344827586
V0.5_c2,bgs,6,emmax,5,0.05,36,121,8,0.014692378328742,173,9,0.0130057803468208
V0.5_c2,bgs,6,emmax,5,0.1,36,121,8,0.014692378328742,170,9,0.0132352941176471
V0.5_c2,bgs,6,emmax,5,0.15,36,121,8,0.014692378328742,158,9,0.0142405063291139
V0.5_c2,bgs,6,emmax,5,0.2,36,121,8,0.014692378328742,153,8,0.0116194625998548
V0.5_c2,bgs,6,emmax,5,0.3,36,121,8,0.014692378328742,140,8,0.0126984126984127
V0.5_c2,bgs,6,emmax,5,0.4,36,121,8,0.014692378328742,126,8,0.0141093474426808
V0.5_c2,bgs,6,emmax,5,0.5,36,121,8,0.014692378328742,119,8,0.0149393090569561
V0.5_c2,bgs,6,emmax,5,0.7,36,121,8,0.014692378328742,87,8,0.0204342273307791
V0.5_c2,bgs,6,emmax,10,0.01,36,79,8,0.0225035161744023,115,9,0.0195652173913044
V0.5_c2,bgs,6,emmax,10,0.02,36,79,8,0.0225035161744023,112,9,0.0200892857142857
V0.5_c2,bgs,6,emmax,10,0.05,36,79,8,0.0225035161744023,110,9,0.0204545454545455
V0.5_c2,bgs,6,emmax,10,0.1,36,79,8,0.0225035161744023,105,9,0.0214285714285714
V0.5_c2,bgs,6,emmax,10,0.15,36,79,8,0.0225035161744023,102,9,0.0220588235294118
V0.5_c2,bgs,6,emmax,10,0.2,36,79,8,0.0225035161744023,94,8,0.0189125295508274
V0.5_c2,bgs,6,emmax,10,0.3,36,79,8,0.0225035161744023,89,8,0.0199750312109863
V0.5_c2,bgs,6,emmax,10,0.4,36,79,8,0.0225035161744023,83,8,0.0214190093708166
V0.5_c2,bgs,6,emmax,10,0.5,36,79,8,0.0225035161744023,78,8,0.0227920227920228
V0.5_c2,bgs,6,emmax,10,0.7,36,79,8,0.0225035161744023,60,7,0.0226851851851852
V0.5_c2,bgs,6,lfmm,2,0.01,36,280,15,0.0223214285714286,319,16,0.0222918843608499
V0.5_c2,bgs,6,lfmm,2,0.02,36,280,15,0.0223214285714286,330,17,0.0243265993265993
V0.5_c2,bgs,6,lfmm,2,0.05,36,280,15,0.0223214285714286,326,17,0.0246250852079073
V0.5_c2,bgs,6,lfmm,2,0.1,36,280,15,0.0223214285714286,323,17,0.0248538011695906
V0.5_c2,bgs,6,lfmm,2,0.15,36,280,15,0.0223214285714286,322,17,0.0249309868875086
V0.5_c2,bgs,6,lfmm,2,0.2,36,280,15,0.0223214285714286,325,16,0.0218803418803419
V0.5_c2,bgs,6,lfmm,2,0.3,36,280,15,0.0223214285714286,309,16,0.0230133045667026
V0.5_c2,bgs,6,lfmm,2,0.4,36,280,15,0.0223214285714286,300,16,0.0237037037037037
V0.5_c2,bgs,6,lfmm,2,0.5,36,280,15,0.0223214285714286,292,15,0.0214041095890411
V0.5_c2,bgs,6,lfmm,2,0.7,36,280,15,0.0223214285714286,270,15,0.0231481481481482
V0.5_c2,bgs,6,lfmm,3,0.01,36,237,13,0.0198077824660103,267,15,0.0234082397003745
V0.5_c2,bgs,6,lfmm,3,0.02,36,237,13,0.0198077824660103,278,16,0.0255795363709033
V0.5_c2,bgs,6,lfmm,3,0.05,36,237,13,0.0198077824660103,277,16,0.0256718812675491
V0.5_c2,bgs,6,lfmm,3,0.1,36,237,13,0.0198077824660103,275,16,0.0258585858585859
V0.5_c2,bgs,6,lfmm,3,0.15,36,237,13,0.0198077824660103,276,15,0.0226449275362319
V0.5_c2,bgs,6,lfmm,3,0.2,36,237,13,0.0198077824660103,277,14,0.0196550340954673
V0.5_c2,bgs,6,lfmm,3,0.3,36,237,13,0.0198077824660103,264,14,0.0206228956228956
V0.5_c2,bgs,6,lfmm,3,0.4,36,237,13,0.0198077824660103,253,14,0.0215195432586737
V0.5_c2,bgs,6,lfmm,3,0.5,36,237,13,0.0198077824660103,247,13,0.0190058479532164
V0.5_c2,bgs,6,lfmm,3,0.7,36,237,13,0.0198077824660103,218,13,0.0215341488277268
V0.5_c2,bgs,6,lfmm,5,0.01,36,189,11,0.0177836566725456,213,14,0.0255607720396453
V0.5_c2,bgs,6,lfmm,5,0.02,36,189,11,0.0177836566725456,220,14,0.0247474747474747
V0.5_c2,bgs,6,lfmm,5,0.05,36,189,11,0.0177836566725456,222,14,0.0245245245245245
V0.5_c2,bgs,6,lfmm,5,0.1,36,189,11,0.0177836566725456,221,14,0.0246354952237305
V0.5_c2,bgs,6,lfmm,5,0.15,36,189,11,0.0177836566725456,219,14,0.0248604769152714
V0.5_c2,bgs,6,lfmm,5,0.2,36,189,11,0.0177836566725456,217,13,0.0216333845366103
V0.5_c2,bgs,6,lfmm,5,0.3,36,189,11,0.0177836566725456,208,13,0.0225694444444444
V0.5_c2,bgs,6,lfmm,5,0.4,36,189,11,0.0177836566725456,194,12,0.0206185567010309
V0.5_c2,bgs,6,lfmm,5,0.5,36,189,11,0.0177836566725456,189,11,0.0177836566725456
V0.5_c2,bgs,6,lfmm,5,0.7,36,189,11,0.0177836566725456,166,11,0.0202476572958501
V0.5_c2,bgs,6,lfmm,10,0.01,36,120,9,0.01875,143,11,0.0235042735042735
V0.5_c2,bgs,6,lfmm,10,0.02,36,120,9,0.01875,146,11,0.0230213089802131
V0.5_c2,bgs,6,lfmm,10,0.05,36,120,9,0.01875,145,11,0.0231800766283525
V0.5_c2,bgs,6,lfmm,10,0.1,36,120,9,0.01875,139,11,0.0241806554756195
V0.5_c2,bgs,6,lfmm,10,0.15,36,120,9,0.01875,137,11,0.0245336577453366
V0.5_c2,bgs,6,lfmm,10,0.2,36,120,9,0.01875,139,11,0.0241806554756195
V0.5_c2,bgs,6,lfmm,10,0.3,36,120,9,0.01875,130,11,0.0258547008547009
V0.5_c2,bgs,6,lfmm,10,0.4,36,120,9,0.01875,122,11,0.0275500910746812
V0.5_c2,bgs,6,lfmm,10,0.5,36,120,9,0.01875,120,10,0.0231481481481482
V0.5_c2,bgs,6,lfmm,10,0.7,36,120,9,0.01875,101,9,0.0222772277227723
V0.5_c2,bgs,7,emmax,2,0.01,37,135,8,0.0128128128128128,211,10,0.012809017548354
V0.5_c2,bgs,7,emmax,2,0.02,37,135,8,0.0128128128128128,203,9,0.0107841831979763
V0.5_c2,bgs,7,emmax,2,0.05,37,135,8,0.0128128128128128,200,9,0.0109459459459459
V0.5_c2,bgs,7,emmax,2,0.1,37,135,8,0.0128128128128128,196,8,0.00882515168229454
V0.5_c2,bgs,7,emmax,2,0.15,37,135,8,0.0128128128128128,190,8,0.00910384068278805
V0.5_c2,bgs,7,emmax,2,0.2,37,135,8,0.0128128128128128,184,8,0.00940070505287897
V0.5_c2,bgs,7,emmax,2,0.3,37,135,8,0.0128128128128128,175,8,0.00988416988416988
V0.5_c2,bgs,7,emmax,2,0.4,37,135,8,0.0128128128128128,164,8,0.010547132498352
V0.5_c2,bgs,7,emmax,2,0.5,37,135,8,0.0128128128128128,153,8,0.011305423070129
V0.5_c2,bgs,7,emmax,2,0.7,37,135,8,0.0128128128128128,126,8,0.0137280137280137
V0.5_c2,bgs,7,emmax,3,0.01,37,111,8,0.0155831507182859,164,10,0.016479894528675
V0.5_c2,bgs,7,emmax,3,0.02,37,111,8,0.0155831507182859,160,9,0.0136824324324324
V0.5_c2,bgs,7,emmax,3,0.05,37,111,8,0.0155831507182859,157,9,0.0139438801859184
V0.5_c2,bgs,7,emmax,3,0.1,37,111,8,0.0155831507182859,158,8,0.0109476565172768
V0.5_c2,bgs,7,emmax,3,0.15,37,111,8,0.0155831507182859,151,8,0.0114551637730446
V0.5_c2,bgs,7,emmax,3,0.2,37,111,8,0.0155831507182859,146,8,0.0118474639022584
V0.5_c2,bgs,7,emmax,3,0.3,37,111,8,0.0155831507182859,134,8,0.0129084308188786
V0.5_c2,bgs,7,emmax,3,0.4,37,111,8,0.0155831507182859,121,8,0.0142952870225598
V0.5_c2,bgs,7,emmax,3,0.5,37,111,8,0.0155831507182859,117,8,0.0147840147840148
V0.5_c2,bgs,7,emmax,3,0.7,37,111,8,0.0155831507182859,102,8,0.0169581346051934
V0.5_c2,bgs,7,emmax,5,0.01,37,79,5,0.00855285665412248,112,6,0.00868725868725869
V0.5_c2,bgs,7,emmax,5,0.02,37,79,5,0.00855285665412248,110,6,0.00884520884520885
V0.5_c2,bgs,7,emmax,5,0.05,37,79,5,0.00855285665412248,108,6,0.00900900900900901
V0.5_c2,bgs,7,emmax,5,0.1,37,79,5,0.00855285665412248,105,6,0.00926640926640927
V0.5_c2,bgs,7,emmax,5,0.15,37,79,5,0.00855285665412248,99,6,0.00982800982800983
V0.5_c2,bgs,7,emmax,5,0.2,37,79,5,0.00855285665412248,95,6,0.0102418207681366
V0.5_c2,bgs,7,emmax,5,0.3,37,79,5,0.00855285665412248,90,6,0.0108108108108108
V0.5_c2,bgs,7,emmax,5,0.4,37,79,5,0.00855285665412248,85,6,0.0114467408585056
V0.5_c2,bgs,7,emmax,5,0.5,37,79,5,0.00855285665412248,80,5,0.00844594594594595
V0.5_c2,bgs,7,emmax,5,0.7,37,79,5,0.00855285665412248,74,5,0.00913075237399562
V0.5_c2,bgs,7,emmax,10,0.01,37,46,4,0.00940070505287897,73,4,0.00592373195112921
V0.5_c2,bgs,7,emmax,10,0.02,37,46,4,0.00940070505287897,73,4,0.00592373195112921
V0.5_c2,bgs,7,emmax,10,0.05,37,46,4,0.00940070505287897,69,4,0.00626713670191931
V0.5_c2,bgs,7,emmax,10,0.1,37,46,4,0.00940070505287897,66,4,0.00655200655200655
V0.5_c2,bgs,7,emmax,10,0.15,37,46,4,0.00940070505287897,63,4,0.00686400686400686
V0.5_c2,bgs,7,emmax,10,0.2,37,46,4,0.00940070505287897,61,4,0.00708905626938414
V0.5_c2,bgs,7,emmax,10,0.3,37,46,4,0.00940070505287897,57,4,0.00758653390232338
V0.5_c2,bgs,7,emmax,10,0.4,37,46,4,0.00940070505287897,54,4,0.00800800800800801
V0.5_c2,bgs,7,emmax,10,0.5,37,46,4,0.00940070505287897,52,4,0.00831600831600832
V0.5_c2,bgs,7,emmax,10,0.7,37,46,4,0.00940070505287897,46,4,0.00940070505287897
V0.5_c2,bgs,7,lfmm,2,0.01,37,335,12,0.0116175877369907,394,15,0.0154342159418302
V0.5_c2,bgs,7,lfmm,2,0.02,37,335,12,0.0116175877369907,401,15,0.015164790725888
V0.5_c2,bgs,7,lfmm,2,0.05,37,335,12,0.0116175877369907,393,15,0.0154734887559315
V0.5_c2,bgs,7,lfmm,2,0.1,37,335,12,0.0116175877369907,393,15,0.0154734887559315
V0.5_c2,bgs,7,lfmm,2,0.15,37,335,12,0.0116175877369907,385,15,0.0157950157950158
V0.5_c2,bgs,7,lfmm,2,0.2,37,335,12,0.0116175877369907,375,14,0.0141261261261261
V0.5_c2,bgs,7,lfmm,2,0.3,37,335,12,0.0116175877369907,374,14,0.0141638965168377
V0.5_c2,bgs,7,lfmm,2,0.4,37,335,12,0.0116175877369907,365,14,0.0145131432802666
V0.5_c2,bgs,7,lfmm,2,0.5,37,335,12,0.0116175877369907,357,12,0.0109016579604815
V0.5_c2,bgs,7,lfmm,2,0.7,37,335,12,0.0116175877369907,320,12,0.0121621621621622
V0.5_c2,bgs,7,lfmm,3,0.01,37,263,12,0.0147980680300072,318,15,0.019122896481387
V0.5_c2,bgs,7,lfmm,3,0.02,37,263,12,0.0147980680300072,319,15,0.0190629500974329
V0.5_c2,bgs,7,lfmm,3,0.05,37,263,12,0.0147980680300072,311,15,0.0195533153732511
V0.5_c2,bgs,7,lfmm,3,0.1,37,263,12,0.0147980680300072,307,15,0.0198080816973325
V0.5_c2,bgs,7,lfmm,3,0.15,37,263,12,0.0147980680300072,305,15,0.0199379707576429
V0.5_c2,bgs,7,lfmm,3,0.2,37,263,12,0.0147980680300072,301,14,0.0175989943431804
V0.5_c2,bgs,7,lfmm,3,0.3,37,263,12,0.0147980680300072,301,14,0.0175989943431804
V0.5_c2,bgs,7,lfmm,3,0.4,37,263,12,0.0147980680300072,292,14,0.0181414291003332
V0.5_c2,bgs,7,lfmm,3,0.5,37,263,12,0.0147980680300072,281,12,0.0138501490814658
V0.5_c2,bgs,7,lfmm,3,0.7,37,263,12,0.0147980680300072,254,12,0.0153224090231964
V0.5_c2,bgs,7,lfmm,5,0.01,37,202,11,0.0161894567835162,251,13,0.0181974803488748
V0.5_c2,bgs,7,lfmm,5,0.02,37,202,11,0.0161894567835162,251,13,0.0181974803488748
V0.5_c2,bgs,7,lfmm,5,0.05,37,202,11,0.0161894567835162,245,13,0.0186431329288472
V0.5_c2,bgs,7,lfmm,5,0.1,37,202,11,0.0161894567835162,245,13,0.0186431329288472
V0.5_c2,bgs,7,lfmm,5,0.15,37,202,11,0.0161894567835162,238,13,0.019191460367931
V0.5_c2,bgs,7,lfmm,5,0.2,37,202,11,0.0161894567835162,237,12,0.0164214847759152
V0.5_c2,bgs,7,lfmm,5,0.3,37,202,11,0.0161894567835162,236,12,0.016491067338525
V0.5_c2,bgs,7,lfmm,5,0.4,37,202,11,0.0161894567835162,227,12,0.0171448982021669
V0.5_c2,bgs,7,lfmm,5,0.5,37,202,11,0.0161894567835162,212,11,0.0154258031616522
V0.5_c2,bgs,7,lfmm,5,0.7,37,202,11,0.0161894567835162,192,11,0.0170326576576577
V0.5_c2,bgs,7,lfmm,10,0.01,37,126,10,0.0214500214500215,165,11,0.0198198198198198
V0.5_c2,bgs,7,lfmm,10,0.02,37,126,10,0.0214500214500215,167,11,0.0195824567082052
V0.5_c2,bgs,7,lfmm,10,0.05,37,126,10,0.0214500214500215,166,11,0.0197004233148812
V0.5_c2,bgs,7,lfmm,10,0.1,37,126,10,0.0214500214500215,163,11,0.0200630077930691
V0.5_c2,bgs,7,lfmm,10,0.15,37,126,10,0.0214500214500215,158,11,0.0206979131029764
V0.5_c2,bgs,7,lfmm,10,0.2,37,126,10,0.0214500214500215,152,11,0.0215149359886202
V0.5_c2,bgs,7,lfmm,10,0.3,37,126,10,0.0214500214500215,144,11,0.0227102102102102
V0.5_c2,bgs,7,lfmm,10,0.4,37,126,10,0.0214500214500215,139,11,0.0235271242465487
V0.5_c2,bgs,7,lfmm,10,0.5,37,126,10,0.0214500214500215,131,10,0.020631318341242
V0.5_c2,bgs,7,lfmm,10,0.7,37,126,10,0.0214500214500215,112,9,0.0195463320463321
V0.5_c2,bgs,8,emmax,2,0.01,35,190,9,0.0121804511278196,248,10,0.0115207373271889
V0.5_c2,bgs,8,emmax,2,0.02,35,190,9,0.0121804511278196,244,10,0.0117096018735363
V0.5_c2,bgs,8,emmax,2,0.05,35,190,9,0.0121804511278196,238,10,0.0120048019207683
V0.5_c2,bgs,8,emmax,2,0.1,35,190,9,0.0121804511278196,227,10,0.012586532410321
V0.5_c2,bgs,8,emmax,2,0.15,35,190,9,0.0121804511278196,218,10,0.0131061598951507
V0.5_c2,bgs,8,emmax,2,0.2,35,190,9,0.0121804511278196,210,10,0.0136054421768707
V0.5_c2,bgs,8,emmax,2,0.3,35,190,9,0.0121804511278196,198,10,0.0144300144300144
V0.5_c2,bgs,8,emmax,2,0.4,35,190,9,0.0121804511278196,178,9,0.0130016051364366
V0.5_c2,bgs,8,emmax,2,0.5,35,190,9,0.0121804511278196,170,9,0.0136134453781513
V0.5_c2,bgs,8,emmax,2,0.7,35,190,9,0.0121804511278196,137,9,0.0168925964546402
V0.5_c2,bgs,8,emmax,3,0.01,35,146,8,0.0125244618395303,199,9,0.0116295764536971
V0.5_c2,bgs,8,emmax,3,0.02,35,146,8,0.0125244618395303,197,9,0.0117476432197244
V0.5_c2,bgs,8,emmax,3,0.05,35,146,8,0.0125244618395303,191,9,0.0121166791323859
V0.5_c2,bgs,8,emmax,3,0.1,35,146,8,0.0125244618395303,183,9,0.0126463700234192
V0.5_c2,bgs,8,emmax,3,0.15,35,146,8,0.0125244618395303,177,9,0.0130750605326877
V0.5_c2,bgs,8,emmax,3,0.2,35,146,8,0.0125244618395303,169,9,0.0136939983093829
V0.5_c2,bgs,8,emmax,3,0.3,35,146,8,0.0125244618395303,158,9,0.0146473779385172
V0.5_c2,bgs,8,emmax,3,0.4,35,146,8,0.0125244618395303,144,8,0.0126984126984127
V0.5_c2,bgs,8,emmax,3,0.5,35,146,8,0.0125244618395303,136,8,0.0134453781512605
V0.5_c2,bgs,8,emmax,3,0.7,35,146,8,0.0125244618395303,111,8,0.0164736164736165
V0.5_c2,bgs,8,emmax,5,0.01,35,113,8,0.0161820480404551,163,9,0.0141980718667835
V0.5_c2,bgs,8,emmax,5,0.02,35,113,8,0.0161820480404551,162,9,0.0142857142857143
V0.5_c2,bgs,8,emmax,5,0.05,35,113,8,0.0161820480404551,153,9,0.0151260504201681
V0.5_c2,bgs,8,emmax,5,0.1,35,113,8,0.0161820480404551,147,9,0.0157434402332362
V0.5_c2,bgs,8,emmax,5,0.15,35,113,8,0.0161820480404551,141,9,0.0164133738601824
V0.5_c2,bgs,8,emmax,5,0.2,35,113,8,0.0161820480404551,134,9,0.01727078891258
V0.5_c2,bgs,8,emmax,5,0.3,35,113,8,0.0161820480404551,125,9,0.0185142857142857
V0.5_c2,bgs,8,emmax,5,0.4,35,113,8,0.0161820480404551,110,8,0.0166233766233766
V0.5_c2,bgs,8,emmax,5,0.5,35,113,8,0.0161820480404551,102,8,0.0179271708683473
V0.5_c2,bgs,8,emmax,5,0.7,35,113,8,0.0161820480404551,80,8,0.0228571428571429
V0.5_c2,bgs,8,emmax,10,0.01,35,68,8,0.026890756302521,94,9,0.0246200607902736
V0.5_c2,bgs,8,emmax,10,0.02,35,68,8,0.026890756302521,93,9,0.0248847926267281
V0.5_c2,bgs,8,emmax,10,0.05,35,68,8,0.026890756302521,91,9,0.0254317111459969
V0.5_c2,bgs,8,emmax,10,0.1,35,68,8,0.026890756302521,88,9,0.0262987012987013
V0.5_c2,bgs,8,emmax,10,0.15,35,68,8,0.026890756302521,86,9,0.0269102990033223
V0.5_c2,bgs,8,emmax,10,0.2,35,68,8,0.026890756302521,78,9,0.0296703296703297
V0.5_c2,bgs,8,emmax,10,0.3,35,68,8,0.026890756302521,73,9,0.0317025440313111
V0.5_c2,bgs,8,emmax,10,0.4,35,68,8,0.026890756302521,68,8,0.026890756302521
V0.5_c2,bgs,8,emmax,10,0.5,35,68,8,0.026890756302521,65,8,0.0281318681318681
V0.5_c2,bgs,8,emmax,10,0.7,35,68,8,0.026890756302521,50,7,0.028
V0.5_c2,bgs,8,lfmm,2,0.01,35,226,12,0.018204804045512,296,12,0.0138996138996139
V0.5_c2,bgs,8,lfmm,2,0.02,35,226,12,0.018204804045512,294,12,0.0139941690962099
V0.5_c2,bgs,8,lfmm,2,0.05,35,226,12,0.018204804045512,283,12,0.0145381120646138
V0.5_c2,bgs,8,lfmm,2,0.1,35,226,12,0.018204804045512,281,12,0.0146415861718353
V0.5_c2,bgs,8,lfmm,2,0.15,35,226,12,0.018204804045512,273,12,0.0150706436420722
V0.5_c2,bgs,8,lfmm,2,0.2,35,226,12,0.018204804045512,268,12,0.0153518123667377
V0.5_c2,bgs,8,lfmm,2,0.3,35,226,12,0.018204804045512,254,12,0.0161979752530934
V0.5_c2,bgs,8,lfmm,2,0.4,35,226,12,0.018204804045512,247,12,0.016657027183343
V0.5_c2,bgs,8,lfmm,2,0.5,35,226,12,0.018204804045512,232,11,0.0149014778325123
V0.5_c2,bgs,8,lfmm,2,0.7,35,226,12,0.018204804045512,213,12,0.0193158953722334
V0.5_c2,bgs,8,lfmm,3,0.01,35,186,11,0.0185867895545315,247,11,0.0139965297860035
V0.5_c2,bgs,8,lfmm,3,0.02,35,186,11,0.0185867895545315,246,11,0.0140534262485482
V0.5_c2,bgs,8,lfmm,3,0.05,35,186,11,0.0185867895545315,233,11,0.0148375229920294
V0.5_c2,bgs,8,lfmm,3,0.1,35,186,11,0.0185867895545315,232,11,0.0149014778325123
V0.5_c2,bgs,8,lfmm,3,0.15,35,186,11,0.0185867895545315,230,11,0.0150310559006211
V0.5_c2,bgs,8,lfmm,3,0.2,35,186,11,0.0185867895545315,227,11,0.0152297042164884
V0.5_c2,bgs,8,lfmm,3,0.3,35,186,11,0.0185867895545315,219,11,0.0157860404435747
V0.5_c2,bgs,8,lfmm,3,0.4,35,186,11,0.0185867895545315,211,11,0.0163845633039946
V0.5_c2,bgs,8,lfmm,3,0.5,35,186,11,0.0185867895545315,200,10,0.0142857142857143
V0.5_c2,bgs,8,lfmm,3,0.7,35,186,11,0.0185867895545315,178,11,0.019422150882825
V0.5_c2,bgs,8,lfmm,5,0.01,35,143,11,0.0241758241758242,194,11,0.017820324005891
V0.5_c2,bgs,8,lfmm,5,0.02,35,143,11,0.0241758241758242,194,11,0.017820324005891
V0.5_c2,bgs,8,lfmm,5,0.05,35,143,11,0.0241758241758242,188,11,0.0183890577507599
V0.5_c2,bgs,8,lfmm,5,0.1,35,143,11,0.0241758241758242,187,11,0.0184873949579832
V0.5_c2,bgs,8,lfmm,5,0.15,35,143,11,0.0241758241758242,184,11,0.0187888198757764
V0.5_c2,bgs,8,lfmm,5,0.2,35,143,11,0.0241758241758242,180,11,0.0192063492063492
V0.5_c2,bgs,8,lfmm,5,0.3,35,143,11,0.0241758241758242,172,11,0.0200996677740864
V0.5_c2,bgs,8,lfmm,5,0.4,35,143,11,0.0241758241758242,160,10,0.0178571428571429
V0.5_c2,bgs,8,lfmm,5,0.5,35,143,11,0.0241758241758242,155,10,0.0184331797235023
V0.5_c2,bgs,8,lfmm,5,0.7,35,143,11,0.0241758241758242,135,11,0.0256084656084656
V0.5_c2,bgs,8,lfmm,10,0.01,35,98,9,0.0236151603498542,127,9,0.01822272215973
V0.5_c2,bgs,8,lfmm,10,0.02,35,98,9,0.0236151603498542,125,9,0.0185142857142857
V0.5_c2,bgs,8,lfmm,10,0.05,35,98,9,0.0236151603498542,116,9,0.0199507389162562
V0.5_c2,bgs,8,lfmm,10,0.1,35,98,9,0.0236151603498542,118,9,0.0196125907990315
V0.5_c2,bgs,8,lfmm,10,0.15,35,98,9,0.0236151603498542,115,9,0.0201242236024845
V0.5_c2,bgs,8,lfmm,10,0.2,35,98,9,0.0236151603498542,114,9,0.0203007518796992
V0.5_c2,bgs,8,lfmm,10,0.3,35,98,9,0.0236151603498542,110,9,0.021038961038961
V0.5_c2,bgs,8,lfmm,10,0.4,35,98,9,0.0236151603498542,100,8,0.0182857142857143
V0.5_c2,bgs,8,lfmm,10,0.5,35,98,9,0.0236151603498542,98,8,0.0186588921282799
V0.5_c2,bgs,8,lfmm,10,0.7,35,98,9,0.0236151603498542,84,9,0.0275510204081633
V0.5_c2,bgs,9,emmax,2,0.01,41,2,0,0,40,1,0.000609756097560976
V0.5_c2,bgs,9,emmax,2,0.02,41,2,0,0,36,1,0.000677506775067751
V0.5_c2,bgs,9,emmax,2,0.05,41,2,0,0,25,1,0.000975609756097561
V0.5_c2,bgs,9,emmax,2,0.1,41,2,0,0,22,1,0.00110864745011086
V0.5_c2,bgs,9,emmax,2,0.15,41,2,0,0,22,1,0.00110864745011086
V0.5_c2,bgs,9,emmax,2,0.2,41,2,0,0,21,1,0.00116144018583043
V0.5_c2,bgs,9,emmax,2,0.3,41,2,0,0,17,1,0.00143472022955524
V0.5_c2,bgs,9,emmax,2,0.4,41,2,0,0,13,0,0
V0.5_c2,bgs,9,emmax,2,0.5,41,2,0,0,10,0,0
V0.5_c2,bgs,9,emmax,2,0.7,41,2,0,0,4,0,0
V0.5_c2,bgs,9,emmax,3,0.01,41,1,0,0,26,1,0.000938086303939963
V0.5_c2,bgs,9,emmax,3,0.02,41,1,0,0,23,1,0.00106044538706257
V0.5_c2,bgs,9,emmax,3,0.05,41,1,0,0,18,1,0.0013550135501355
V0.5_c2,bgs,9,emmax,3,0.1,41,1,0,0,16,1,0.00152439024390244
V0.5_c2,bgs,9,emmax,3,0.15,41,1,0,0,16,1,0.00152439024390244
V0.5_c2,bgs,9,emmax,3,0.2,41,1,0,0,15,1,0.0016260162601626
V0.5_c2,bgs,9,emmax,3,0.3,41,1,0,0,12,1,0.00203252032520325
V0.5_c2,bgs,9,emmax,3,0.4,41,1,0,0,10,0,0
V0.5_c2,bgs,9,emmax,3,0.5,41,1,0,0,7,0,0
V0.5_c2,bgs,9,emmax,3,0.7,41,1,0,0,2,0,0
V0.5_c2,bgs,9,emmax,5,0.01,41,0,0,0,20,1,0.00121951219512195
V0.5_c2,bgs,9,emmax,5,0.02,41,0,0,0,16,1,0.00152439024390244
V0.5_c2,bgs,9,emmax,5,0.05,41,0,0,0,15,1,0.0016260162601626
V0.5_c2,bgs,9,emmax,5,0.1,41,0,0,0,12,1,0.00203252032520325
V0.5_c2,bgs,9,emmax,5,0.15,41,0,0,0,12,1,0.00203252032520325
V0.5_c2,bgs,9,emmax,5,0.2,41,0,0,0,11,1,0.00221729490022173
V0.5_c2,bgs,9,emmax,5,0.3,41,0,0,0,9,1,0.002710027100271
V0.5_c2,bgs,9,emmax,5,0.4,41,0,0,0,8,0,0
V0.5_c2,bgs,9,emmax,5,0.5,41,0,0,0,6,0,0
V0.5_c2,bgs,9,emmax,5,0.7,41,0,0,0,2,0,0
V0.5_c2,bgs,9,emmax,10,0.01,41,0,0,0,12,1,0.00203252032520325
V0.5_c2,bgs,9,emmax,10,0.02,41,0,0,0,9,1,0.002710027100271
V0.5_c2,bgs,9,emmax,10,0.05,41,0,0,0,9,1,0.002710027100271
V0.5_c2,bgs,9,emmax,10,0.1,41,0,0,0,7,1,0.00348432055749129
V0.5_c2,bgs,9,emmax,10,0.15,41,0,0,0,7,1,0.00348432055749129
V0.5_c2,bgs,9,emmax,10,0.2,41,0,0,0,7,1,0.00348432055749129
V0.5_c2,bgs,9,emmax,10,0.3,41,0,0,0,6,1,0.0040650406504065
V0.5_c2,bgs,9,emmax,10,0.4,41,0,0,0,5,0,0
V0.5_c2,bgs,9,emmax,10,0.5,41,0,0,0,4,0,0
V0.5_c2,bgs,9,emmax,10,0.7,41,0,0,0,2,0,0
V0.5_c2,bgs,9,lfmm,2,0.01,41,180,11,0.0163956639566396,262,13,0.015732638242413
V0.5_c2,bgs,9,lfmm,2,0.02,41,180,11,0.0163956639566396,260,13,0.0158536585365854
V0.5_c2,bgs,9,lfmm,2,0.05,41,180,11,0.0163956639566396,249,13,0.0165540209618964
V0.5_c2,bgs,9,lfmm,2,0.1,41,180,11,0.0163956639566396,235,13,0.017540217955371
V0.5_c2,bgs,9,lfmm,2,0.15,41,180,11,0.0163956639566396,226,13,0.018238722210231
V0.5_c2,bgs,9,lfmm,2,0.2,41,180,11,0.0163956639566396,220,13,0.0187361419068736
V0.5_c2,bgs,9,lfmm,2,0.3,41,180,11,0.0163956639566396,209,13,0.0197222546388143
V0.5_c2,bgs,9,lfmm,2,0.4,41,180,11,0.0163956639566396,199,12,0.0176492217183478
V0.5_c2,bgs,9,lfmm,2,0.5,41,180,11,0.0163956639566396,187,12,0.0187817920959958
V0.5_c2,bgs,9,lfmm,2,0.7,41,180,11,0.0163956639566396,172,11,0.0171582529778786
V0.5_c2,bgs,9,lfmm,3,0.01,41,138,11,0.0213856486390951,206,13,0.0200094719393796
V0.5_c2,bgs,9,lfmm,3,0.02,41,138,11,0.0213856486390951,203,13,0.0203051784212423
V0.5_c2,bgs,9,lfmm,3,0.05,41,138,11,0.0213856486390951,197,13,0.0209236102513309
V0.5_c2,bgs,9,lfmm,3,0.1,41,138,11,0.0213856486390951,184,13,0.0224019088016967
V0.5_c2,bgs,9,lfmm,3,0.15,41,138,11,0.0213856486390951,181,13,0.0227732111575259
V0.5_c2,bgs,9,lfmm,3,0.2,41,138,11,0.0213856486390951,172,13,0.0239648326715825
V0.5_c2,bgs,9,lfmm,3,0.3,41,138,11,0.0213856486390951,164,13,0.0251338488994646
V0.5_c2,bgs,9,lfmm,3,0.4,41,138,11,0.0213856486390951,154,12,0.0228064618308521
V0.5_c2,bgs,9,lfmm,3,0.5,41,138,11,0.0213856486390951,146,12,0.0240561309722686
V0.5_c2,bgs,9,lfmm,3,0.7,41,138,11,0.0213856486390951,134,11,0.0220240262104114
V0.5_c2,bgs,9,lfmm,5,0.01,41,94,11,0.0313959522573949,140,13,0.0294425087108014
V0.5_c2,bgs,9,lfmm,5,0.02,41,94,11,0.0313959522573949,137,13,0.0300872351789211
V0.5_c2,bgs,9,lfmm,5,0.05,41,94,11,0.0313959522573949,133,13,0.0309921144324225
V0.5_c2,bgs,9,lfmm,5,0.1,41,94,11,0.0313959522573949,125,13,0.0329756097560976
V0.5_c2,bgs,9,lfmm,5,0.15,41,94,11,0.0313959522573949,122,13,0.0337864854058377
V0.5_c2,bgs,9,lfmm,5,0.2,41,94,11,0.0313959522573949,112,13,0.0368031358885017
V0.5_c2,bgs,9,lfmm,5,0.3,41,94,11,0.0313959522573949,107,13,0.0385229085935719
V0.5_c2,bgs,9,lfmm,5,0.4,41,94,11,0.0313959522573949,99,12,0.0354767184035477
V0.5_c2,bgs,9,lfmm,5,0.5,41,94,11,0.0313959522573949,94,12,0.0373637778930981
V0.5_c2,bgs,9,lfmm,5,0.7,41,94,11,0.0313959522573949,84,11,0.0351335656213705
V0.5_c2,bgs,9,lfmm,10,0.01,41,59,11,0.0500206696982224,85,13,0.048493543758967
V0.5_c2,bgs,9,lfmm,10,0.02,41,59,11,0.0500206696982224,83,13,0.0496620628856891
V0.5_c2,bgs,9,lfmm,10,0.05,41,59,11,0.0500206696982224,79,12,0.0444581661006484
V0.5_c2,bgs,9,lfmm,10,0.1,41,59,11,0.0500206696982224,78,12,0.0450281425891182
V0.5_c2,bgs,9,lfmm,10,0.15,41,59,11,0.0500206696982224,76,12,0.0462130937098845
V0.5_c2,bgs,9,lfmm,10,0.2,41,59,11,0.0500206696982224,72,12,0.0487804878048781
V0.5_c2,bgs,9,lfmm,10,0.3,41,59,11,0.0500206696982224,68,12,0.0516499282639885
V0.5_c2,bgs,9,lfmm,10,0.4,41,59,11,0.0500206696982224,61,11,0.0483806477409036
V0.5_c2,bgs,9,lfmm,10,0.5,41,59,11,0.0500206696982224,55,11,0.0536585365853659
V0.5_c2,bgs,9,lfmm,10,0.7,41,59,11,0.0500206696982224,49,11,0.0602289696366352
V0.5_c2,bgs,10,emmax,2,0.01,34,135,13,0.0368191721132898,188,14,0.0306633291614518
V0.5_c2,bgs,10,emmax,2,0.02,34,135,13,0.0368191721132898,185,14,0.0311605723370429
V0.5_c2,bgs,10,emmax,2,0.05,34,135,13,0.0368191721132898,184,14,0.0313299232736573
V0.5_c2,bgs,10,emmax,2,0.1,34,135,13,0.0368191721132898,175,14,0.0329411764705882
V0.5_c2,bgs,10,emmax,2,0.15,34,135,13,0.0368191721132898,172,14,0.033515731874145
V0.5_c2,bgs,10,emmax,2,0.2,34,135,13,0.0368191721132898,168,14,0.0343137254901961
V0.5_c2,bgs,10,emmax,2,0.3,34,135,13,0.0368191721132898,160,14,0.0360294117647059
V0.5_c2,bgs,10,emmax,2,0.4,34,135,13,0.0368191721132898,150,13,0.0331372549019608
V0.5_c2,bgs,10,emmax,2,0.5,34,135,13,0.0368191721132898,136,13,0.0365484429065744
V0.5_c2,bgs,10,emmax,2,0.7,34,135,13,0.0368191721132898,114,12,0.0371517027863777
V0.5_c2,bgs,10,emmax,3,0.01,34,108,12,0.0392156862745098,158,13,0.0314594192107223
V0.5_c2,bgs,10,emmax,3,0.02,34,108,12,0.0392156862745098,155,13,0.0320683111954459
V0.5_c2,bgs,10,emmax,3,0.05,34,108,12,0.0392156862745098,148,13,0.0335850556438792
V0.5_c2,bgs,10,emmax,3,0.1,34,108,12,0.0392156862745098,140,13,0.0355042016806723
V0.5_c2,bgs,10,emmax,3,0.15,34,108,12,0.0392156862745098,136,13,0.0365484429065744
V0.5_c2,bgs,10,emmax,3,0.2,34,108,12,0.0392156862745098,132,13,0.0376559714795009
V0.5_c2,bgs,10,emmax,3,0.3,34,108,12,0.0392156862745098,126,13,0.0394491129785247
V0.5_c2,bgs,10,emmax,3,0.4,34,108,12,0.0392156862745098,115,12,0.0368286445012788
V0.5_c2,bgs,10,emmax,3,0.5,34,108,12,0.0392156862745098,107,12,0.0395821880153931
V0.5_c2,bgs,10,emmax,3,0.7,34,108,12,0.0392156862745098,87,11,0.0409060175794456
V0.5_c2,bgs,10,emmax,5,0.01,34,74,11,0.0480922098569157,111,12,0.0381558028616852
V0.5_c2,bgs,10,emmax,5,0.02,34,74,11,0.0480922098569157,110,11,0.0323529411764706
V0.5_c2,bgs,10,emmax,5,0.05,34,74,11,0.0480922098569157,109,11,0.0326497571505667
V0.5_c2,bgs,10,emmax,5,0.1,34,74,11,0.0480922098569157,102,11,0.0348904267589389
V0.5_c2,bgs,10,emmax,5,0.15,34,74,11,0.0480922098569157,100,11,0.0355882352941177
V0.5_c2,bgs,10,emmax,5,0.2,34,74,11,0.0480922098569157,96,11,0.0370710784313726
V0.5_c2,bgs,10,emmax,5,0.3,34,74,11,0.0480922098569157,89,11,0.0399867812293457
V0.5_c2,bgs,10,emmax,5,0.4,34,74,11,0.0480922098569157,83,11,0.0428773919206237
V0.5_c2,bgs,10,emmax,5,0.5,34,74,11,0.0480922098569157,78,10,0.0377073906485671
V0.5_c2,bgs,10,emmax,5,0.7,34,74,11,0.0480922098569157,65,10,0.0452488687782806
V0.5_c2,bgs,10,emmax,10,0.01,34,40,9,0.0595588235294118,70,10,0.0420168067226891
V0.5_c2,bgs,10,emmax,10,0.02,34,40,9,0.0595588235294118,70,10,0.0420168067226891
V0.5_c2,bgs,10,emmax,10,0.05,34,40,9,0.0595588235294118,64,9,0.0372242647058824
V0.5_c2,bgs,10,emmax,10,0.1,34,40,9,0.0595588235294118,61,9,0.0390549662487946
V0.5_c2,bgs,10,emmax,10,0.15,34,40,9,0.0595588235294118,58,9,0.0410750507099392
V0.5_c2,bgs,10,emmax,10,0.2,34,40,9,0.0595588235294118,57,9,0.0417956656346749
V0.5_c2,bgs,10,emmax,10,0.3,34,40,9,0.0595588235294118,52,9,0.0458144796380091
V0.5_c2,bgs,10,emmax,10,0.4,34,40,9,0.0595588235294118,49,9,0.0486194477791116
V0.5_c2,bgs,10,emmax,10,0.5,34,40,9,0.0595588235294118,45,9,0.0529411764705882
V0.5_c2,bgs,10,emmax,10,0.7,34,40,9,0.0595588235294118,36,9,0.0661764705882353
V0.5_c2,bgs,10,lfmm,2,0.01,34,208,12,0.0203619909502262,283,15,0.0233839118686344
V0.5_c2,bgs,10,lfmm,2,0.02,34,208,12,0.0203619909502262,281,15,0.0235503454050659
V0.5_c2,bgs,10,lfmm,2,0.05,34,208,12,0.0203619909502262,277,15,0.0238904225950308
V0.5_c2,bgs,10,lfmm,2,0.1,34,208,12,0.0203619909502262,272,15,0.0243295847750865
V0.5_c2,bgs,10,lfmm,2,0.15,34,208,12,0.0203619909502262,266,15,0.0248783724015922
V0.5_c2,bgs,10,lfmm,2,0.2,34,208,12,0.0203619909502262,257,15,0.0257495994506752
V0.5_c2,bgs,10,lfmm,2,0.3,34,208,12,0.0203619909502262,249,14,0.0231514292463974
V0.5_c2,bgs,10,lfmm,2,0.4,34,208,12,0.0203619909502262,234,14,0.0246354952237305
V0.5_c2,bgs,10,lfmm,2,0.5,34,208,12,0.0203619909502262,222,13,0.0223900370959194
V0.5_c2,bgs,10,lfmm,2,0.7,34,208,12,0.0203619909502262,198,12,0.0213903743315508
V0.5_c2,bgs,10,lfmm,3,0.01,34,166,12,0.0255138199858257,228,14,0.0252837977296182
V0.5_c2,bgs,10,lfmm,3,0.02,34,166,12,0.0255138199858257,229,14,0.0251733881325456
V0.5_c2,bgs,10,lfmm,3,0.05,34,166,12,0.0255138199858257,224,14,0.0257352941176471
V0.5_c2,bgs,10,lfmm,3,0.1,34,166,12,0.0255138199858257,217,14,0.0265654648956357
V0.5_c2,bgs,10,lfmm,3,0.15,34,166,12,0.0255138199858257,207,14,0.0278488206876954
V0.5_c2,bgs,10,lfmm,3,0.2,34,166,12,0.0255138199858257,201,14,0.0286801287679251
V0.5_c2,bgs,10,lfmm,3,0.3,34,166,12,0.0255138199858257,195,13,0.0254901960784314
V0.5_c2,bgs,10,lfmm,3,0.4,34,166,12,0.0255138199858257,186,13,0.0267235926628716
V0.5_c2,bgs,10,lfmm,3,0.5,34,166,12,0.0255138199858257,179,13,0.027768649359185
V0.5_c2,bgs,10,lfmm,3,0.7,34,166,12,0.0255138199858257,159,12,0.0266370699223085
V0.5_c2,bgs,10,lfmm,5,0.01,34,118,10,0.0249252243270189,164,11,0.021700143472023
V0.5_c2,bgs,10,lfmm,5,0.02,34,118,10,0.0249252243270189,164,11,0.021700143472023
V0.5_c2,bgs,10,lfmm,5,0.05,34,118,10,0.0249252243270189,161,11,0.0221044939715016
V0.5_c2,bgs,10,lfmm,5,0.1,34,118,10,0.0249252243270189,153,11,0.0232602845059592
V0.5_c2,bgs,10,lfmm,5,0.15,34,118,10,0.0249252243270189,148,11,0.0240461049284579
V0.5_c2,bgs,10,lfmm,5,0.2,34,118,10,0.0249252243270189,142,11,0.0250621375310688
V0.5_c2,bgs,10,lfmm,5,0.3,34,118,10,0.0249252243270189,139,11,0.0256030469741854
V0.5_c2,bgs,10,lfmm,5,0.4,34,118,10,0.0249252243270189,132,11,0.0269607843137255
V0.5_c2,bgs,10,lfmm,5,0.5,34,118,10,0.0249252243270189,126,10,0.0233426704014939
V0.5_c2,bgs,10,lfmm,5,0.7,34,118,10,0.0249252243270189,110,10,0.0267379679144385
V0.5_c2,bgs,10,lfmm,10,0.01,34,77,10,0.0381970970206264,105,10,0.0280112044817927
V0.5_c2,bgs,10,lfmm,10,0.02,34,77,10,0.0381970970206264,105,10,0.0280112044817927
V0.5_c2,bgs,10,lfmm,10,0.05,34,77,10,0.0381970970206264,102,10,0.0288350634371396
V0.5_c2,bgs,10,lfmm,10,0.1,34,77,10,0.0381970970206264,96,10,0.0306372549019608
V0.5_c2,bgs,10,lfmm,10,0.15,34,77,10,0.0381970970206264,93,10,0.0316255534471853
V0.5_c2,bgs,10,lfmm,10,0.2,34,77,10,0.0381970970206264,94,10,0.0312891113892366
V0.5_c2,bgs,10,lfmm,10,0.3,34,77,10,0.0381970970206264,89,10,0.0330469266358229
V0.5_c2,bgs,10,lfmm,10,0.4,34,77,10,0.0381970970206264,84,10,0.0350140056022409
V0.5_c2,bgs,10,lfmm,10,0.5,34,77,10,0.0381970970206264,81,10,0.0363108206245461
V0.5_c2,bgs,10,lfmm,10,0.7,34,77,10,0.0381970970206264,74,10,0.0397456279809221
V0.5_c2,nobgs,1,emmax,2,0.01,34,27,1,0.00108932461873638,119,6,0.00889767671774592
V0.5_c2,nobgs,1,emmax,2,0.02,34,27,1,0.00108932461873638,113,5,0.00650702758979698
V0.5_c2,nobgs,1,emmax,2,0.05,34,27,1,0.00108932461873638,102,5,0.00720876585928489
V0.5_c2,nobgs,1,emmax,2,0.1,34,27,1,0.00108932461873638,88,5,0.00835561497326203
V0.5_c2,nobgs,1,emmax,2,0.15,34,27,1,0.00108932461873638,75,4,0.00627450980392157
V0.5_c2,nobgs,1,emmax,2,0.2,34,27,1,0.00108932461873638,68,3,0.00389273356401384
V0.5_c2,nobgs,1,emmax,2,0.3,34,27,1,0.00108932461873638,61,2,0.00192864030858245
V0.5_c2,nobgs,1,emmax,2,0.4,34,27,1,0.00108932461873638,48,1,0.000612745098039216
V0.5_c2,nobgs,1,emmax,2,0.5,34,27,1,0.00108932461873638,43,1,0.000683994528043776
V0.5_c2,nobgs,1,emmax,2,0.7,34,27,1,0.00108932461873638,29,1,0.00101419878296146
V0.5_c2,nobgs,1,emmax,3,0.01,34,23,1,0.00127877237851662,83,6,0.0127569099929128
V0.5_c2,nobgs,1,emmax,3,0.02,34,23,1,0.00127877237851662,81,5,0.00907770515613653
V0.5_c2,nobgs,1,emmax,3,0.05,34,23,1,0.00127877237851662,76,5,0.00967492260061919
V0.5_c2,nobgs,1,emmax,3,0.1,34,23,1,0.00127877237851662,68,5,0.0108131487889273
V0.5_c2,nobgs,1,emmax,3,0.15,34,23,1,0.00127877237851662,60,4,0.00784313725490196
V0.5_c2,nobgs,1,emmax,3,0.2,34,23,1,0.00127877237851662,57,3,0.00464396284829721
V0.5_c2,nobgs,1,emmax,3,0.3,34,23,1,0.00127877237851662,47,2,0.00250312891113892
V0.5_c2,nobgs,1,emmax,3,0.4,34,23,1,0.00127877237851662,37,1,0.000794912559618442
V0.5_c2,nobgs,1,emmax,3,0.5,34,23,1,0.00127877237851662,35,1,0.000840336134453781
V0.5_c2,nobgs,1,emmax,3,0.7,34,23,1,0.00127877237851662,23,1,0.00127877237851662
V0.5_c2,nobgs,1,emmax,5,0.01,34,14,1,0.00210084033613445,57,6,0.0185758513931889
V0.5_c2,nobgs,1,emmax,5,0.02,34,14,1,0.00210084033613445,53,5,0.013873473917869
V0.5_c2,nobgs,1,emmax,5,0.05,34,14,1,0.00210084033613445,51,5,0.0144175317185698
V0.5_c2,nobgs,1,emmax,5,0.1,34,14,1,0.00210084033613445,46,5,0.0159846547314578
V0.5_c2,nobgs,1,emmax,5,0.15,34,14,1,0.00210084033613445,40,4,0.0117647058823529
V0.5_c2,nobgs,1,emmax,5,0.2,34,14,1,0.00210084033613445,36,2,0.00326797385620915
V0.5_c2,nobgs,1,emmax,5,0.3,34,14,1,0.00210084033613445,31,1,0.00094876660341556
V0.5_c2,nobgs,1,emmax,5,0.4,34,14,1,0.00210084033613445,24,1,0.00122549019607843
V0.5_c2,nobgs,1,emmax,5,0.5,34,14,1,0.00210084033613445,21,1,0.00140056022408964
V0.5_c2,nobgs,1,emmax,5,0.7,34,14,1,0.00210084033613445,14,1,0.00210084033613445
V0.5_c2,nobgs,1,emmax,10,0.01,34,6,1,0.00490196078431373,28,5,0.0262605042016807
V0.5_c2,nobgs,1,emmax,10,0.02,34,6,1,0.00490196078431373,24,3,0.0110294117647059
V0.5_c2,nobgs,1,emmax,10,0.05,34,6,1,0.00490196078431373,23,3,0.0115089514066496
V0.5_c2,nobgs,1,emmax,10,0.1,34,6,1,0.00490196078431373,20,3,0.0132352941176471
V0.5_c2,nobgs,1,emmax,10,0.15,34,6,1,0.00490196078431373,17,2,0.0069204152249135
V0.5_c2,nobgs,1,emmax,10,0.2,34,6,1,0.00490196078431373,16,1,0.00183823529411765
V0.5_c2,nobgs,1,emmax,10,0.3,34,6,1,0.00490196078431373,14,1,0.00210084033613445
V0.5_c2,nobgs,1,emmax,10,0.4,34,6,1,0.00490196078431373,9,1,0.00326797385620915
V0.5_c2,nobgs,1,emmax,10,0.5,34,6,1,0.00490196078431373,10,1,0.00294117647058824
V0.5_c2,nobgs,1,emmax,10,0.7,34,6,1,0.00490196078431373,6,1,0.00490196078431373
V0.5_c2,nobgs,1,lfmm,2,0.01,34,159,9,0.0149833518312986,272,15,0.0243295847750865
V0.5_c2,nobgs,1,lfmm,2,0.02,34,159,9,0.0149833518312986,259,13,0.019191460367931
V0.5_c2,nobgs,1,lfmm,2,0.05,34,159,9,0.0149833518312986,245,13,0.0202881152460984
V0.5_c2,nobgs,1,lfmm,2,0.1,34,159,9,0.0149833518312986,229,13,0.0217056254816337
V0.5_c2,nobgs,1,lfmm,2,0.15,34,159,9,0.0149833518312986,216,13,0.0230119825708061
V0.5_c2,nobgs,1,lfmm,2,0.2,34,159,9,0.0149833518312986,206,10,0.0142775556824672
V0.5_c2,nobgs,1,lfmm,2,0.3,34,159,9,0.0149833518312986,193,9,0.012343797622676
V0.5_c2,nobgs,1,lfmm,2,0.4,34,159,9,0.0149833518312986,178,9,0.0133840052875083
V0.5_c2,nobgs,1,lfmm,2,0.5,34,159,9,0.0149833518312986,170,8,0.0110726643598616
V0.5_c2,nobgs,1,lfmm,2,0.7,34,159,9,0.0149833518312986,167,8,0.0112715744980627
V0.5_c2,nobgs,1,lfmm,3,0.01,34,117,9,0.0203619909502262,212,13,0.0234461709211987
V0.5_c2,nobgs,1,lfmm,3,0.02,34,117,9,0.0203619909502262,199,12,0.0212828850133018
V0.5_c2,nobgs,1,lfmm,3,0.05,34,117,9,0.0203619909502262,190,12,0.0222910216718266
V0.5_c2,nobgs,1,lfmm,3,0.1,34,117,9,0.0203619909502262,174,12,0.0243407707910751
V0.5_c2,nobgs,1,lfmm,3,0.15,34,117,9,0.0203619909502262,163,12,0.0259833994947672
V0.5_c2,nobgs,1,lfmm,3,0.2,34,117,9,0.0203619909502262,152,10,0.0193498452012384
V0.5_c2,nobgs,1,lfmm,3,0.3,34,117,9,0.0203619909502262,142,9,0.0167771333885667
V0.5_c2,nobgs,1,lfmm,3,0.4,34,117,9,0.0203619909502262,128,9,0.0186121323529412
V0.5_c2,nobgs,1,lfmm,3,0.5,34,117,9,0.0203619909502262,124,8,0.015180265654649
V0.5_c2,nobgs,1,lfmm,3,0.7,34,117,9,0.0203619909502262,121,8,0.0155566358774915
V0.5_c2,nobgs,1,lfmm,5,0.01,34,73,8,0.0257856567284448,132,11,0.0269607843137255
V0.5_c2,nobgs,1,lfmm,5,0.02,34,73,8,0.0257856567284448,121,10,0.0243072435585805
V0.5_c2,nobgs,1,lfmm,5,0.05,34,73,8,0.0257856567284448,114,10,0.0257997936016512
V0.5_c2,nobgs,1,lfmm,5,0.1,34,73,8,0.0257856567284448,107,10,0.0274876305662452
V0.5_c2,nobgs,1,lfmm,5,0.15,34,73,8,0.0257856567284448,103,10,0.0285551113649343
V0.5_c2,nobgs,1,lfmm,5,0.2,34,73,8,0.0257856567284448,95,9,0.025077399380805
V0.5_c2,nobgs,1,lfmm,5,0.3,34,73,8,0.0257856567284448,85,8,0.0221453287197232
V0.5_c2,nobgs,1,lfmm,5,0.4,34,73,8,0.0257856567284448,79,8,0.0238272524199553
V0.5_c2,nobgs,1,lfmm,5,0.5,34,73,8,0.0257856567284448,76,7,0.0189628482972136
V0.5_c2,nobgs,1,lfmm,5,0.7,34,73,8,0.0257856567284448,73,7,0.0197421434327156
V0.5_c2,nobgs,1,lfmm,10,0.01,34,37,8,0.0508744038155803,76,10,0.0386996904024768
V0.5_c2,nobgs,1,lfmm,10,0.02,34,37,8,0.0508744038155803,73,9,0.032634971796938
V0.5_c2,nobgs,1,lfmm,10,0.05,34,37,8,0.0508744038155803,69,9,0.0345268542199488
V0.5_c2,nobgs,1,lfmm,10,0.1,34,37,8,0.0508744038155803,64,8,0.0294117647058824
V0.5_c2,nobgs,1,lfmm,10,0.15,34,37,8,0.0508744038155803,58,8,0.0324543610547667
V0.5_c2,nobgs,1,lfmm,10,0.2,34,37,8,0.0508744038155803,52,8,0.0361990950226244
V0.5_c2,nobgs,1,lfmm,10,0.3,34,37,8,0.0508744038155803,45,8,0.0418300653594771
V0.5_c2,nobgs,1,lfmm,10,0.4,34,37,8,0.0508744038155803,41,8,0.0459110473457676
V0.5_c2,nobgs,1,lfmm,10,0.5,34,37,8,0.0508744038155803,38,7,0.0379256965944272
V0.5_c2,nobgs,1,lfmm,10,0.7,34,37,8,0.0508744038155803,34,7,0.0423875432525952
V0.5_c2,nobgs,2,emmax,2,0.01,38,180,6,0.00526315789473684,270,8,0.00623781676413255
V0.5_c2,nobgs,2,emmax,2,0.02,38,180,6,0.00526315789473684,265,8,0.00635551142005958
V0.5_c2,nobgs,2,emmax,2,0.05,38,180,6,0.00526315789473684,251,8,0.00671000209687565
V0.5_c2,nobgs,2,emmax,2,0.1,38,180,6,0.00526315789473684,248,8,0.0067911714770798
V0.5_c2,nobgs,2,emmax,2,0.15,38,180,6,0.00526315789473684,243,8,0.00693090751570284
V0.5_c2,nobgs,2,emmax,2,0.2,38,180,6,0.00526315789473684,234,8,0.00719748088169141
V0.5_c2,nobgs,2,emmax,2,0.3,38,180,6,0.00526315789473684,226,8,0.00745225896599907
V0.5_c2,nobgs,2,emmax,2,0.4,38,180,6,0.00526315789473684,211,8,0.00798204040907957
V0.5_c2,nobgs,2,emmax,2,0.5,38,180,6,0.00526315789473684,197,7,0.00654555169650013
V0.5_c2,nobgs,2,emmax,2,0.7,38,180,6,0.00526315789473684,181,6,0.00523407967432393
V0.5_c2,nobgs,2,emmax,3,0.01,38,140,5,0.00469924812030075,223,8,0.00755251357092282
V0.5_c2,nobgs,2,emmax,3,0.02,38,140,5,0.00469924812030075,214,8,0.00787014264633547
V0.5_c2,nobgs,2,emmax,3,0.05,38,140,5,0.00469924812030075,206,8,0.00817577925396014
V0.5_c2,nobgs,2,emmax,3,0.1,38,140,5,0.00469924812030075,204,8,0.00825593395252838
V0.5_c2,nobgs,2,emmax,3,0.15,38,140,5,0.00469924812030075,196,8,0.00859291084854995
V0.5_c2,nobgs,2,emmax,3,0.2,38,140,5,0.00469924812030075,192,8,0.0087719298245614
V0.5_c2,nobgs,2,emmax,3,0.3,38,140,5,0.00469924812030075,177,7,0.00728516205768659
V0.5_c2,nobgs,2,emmax,3,0.4,38,140,5,0.00469924812030075,168,7,0.00767543859649123
V0.5_c2,nobgs,2,emmax,3,0.5,38,140,5,0.00469924812030075,147,6,0.00644468313641246
V0.5_c2,nobgs,2,emmax,3,0.7,38,140,5,0.00469924812030075,134,5,0.00490966221523959
V0.5_c2,nobgs,2,emmax,5,0.01,38,101,4,0.00416883793642522,165,8,0.010207336523126
V0.5_c2,nobgs,2,emmax,5,0.02,38,101,4,0.00416883793642522,161,8,0.0104609349460608
V0.5_c2,nobgs,2,emmax,5,0.05,38,101,4,0.00416883793642522,155,8,0.0108658743633277
V0.5_c2,nobgs,2,emmax,5,0.1,38,101,4,0.00416883793642522,153,8,0.0110079119367045
V0.5_c2,nobgs,2,emmax,5,0.15,38,101,4,0.00416883793642522,144,8,0.0116959064327485
V0.5_c2,nobgs,2,emmax,5,0.2,38,101,4,0.00416883793642522,137,8,0.0122935074913561
V0.5_c2,nobgs,2,emmax,5,0.3,38,101,4,0.00416883793642522,133,6,0.00712307083498219
V0.5_c2,nobgs,2,emmax,5,0.4,38,101,4,0.00416883793642522,124,6,0.00764006791171477
V0.5_c2,nobgs,2,emmax,5,0.5,38,101,4,0.00416883793642522,112,5,0.00587406015037594
V0.5_c2,nobgs,2,emmax,5,0.7,38,101,4,0.00416883793642522,97,4,0.00434074877916441
V0.5_c2,nobgs,2,emmax,10,0.01,38,63,2,0.00167084377610693,104,6,0.00910931174089069
V0.5_c2,nobgs,2,emmax,10,0.02,38,63,2,0.00167084377610693,101,5,0.00651380927566441
V0.5_c2,nobgs,2,emmax,10,0.05,38,63,2,0.00167084377610693,99,5,0.00664540138224349
V0.5_c2,nobgs,2,emmax,10,0.1,38,63,2,0.00167084377610693,93,5,0.00707413695529145
V0.5_c2,nobgs,2,emmax,10,0.15,38,63,2,0.00167084377610693,85,5,0.00773993808049536
V0.5_c2,nobgs,2,emmax,10,0.2,38,63,2,0.00167084377610693,81,4,0.00519818063677713
V0.5_c2,nobgs,2,emmax,10,0.3,38,63,2,0.00167084377610693,73,2,0.00144196106705119
V0.5_c2,nobgs,2,emmax,10,0.4,38,63,2,0.00167084377610693,70,2,0.00150375939849624
V0.5_c2,nobgs,2,emmax,10,0.5,38,63,2,0.00167084377610693,65,2,0.00161943319838057
V0.5_c2,nobgs,2,emmax,10,0.7,38,63,2,0.00167084377610693,55,2,0.00191387559808612
V0.5_c2,nobgs,2,lfmm,2,0.01,38,271,11,0.0117498543406487,300,12,0.0126315789473684
V0.5_c2,nobgs,2,lfmm,2,0.02,38,271,11,0.0117498543406487,302,12,0.0125479261066574
V0.5_c2,nobgs,2,lfmm,2,0.05,38,271,11,0.0117498543406487,314,14,0.0164264163593698
V0.5_c2,nobgs,2,lfmm,2,0.1,38,271,11,0.0117498543406487,319,14,0.0161689490183138
V0.5_c2,nobgs,2,lfmm,2,0.15,38,271,11,0.0117498543406487,323,14,0.0159687143555483
V0.5_c2,nobgs,2,lfmm,2,0.2,38,271,11,0.0117498543406487,315,13,0.0141186299081036
V0.5_c2,nobgs,2,lfmm,2,0.3,38,271,11,0.0117498543406487,313,13,0.0142088447956953
V0.5_c2,nobgs,2,lfmm,2,0.4,38,271,11,0.0117498543406487,312,11,0.0102058029689609
V0.5_c2,nobgs,2,lfmm,2,0.5,38,271,11,0.0117498543406487,308,11,0.0103383458646617
V0.5_c2,nobgs,2,lfmm,2,0.7,38,271,11,0.0117498543406487,301,11,0.010578772512677
V0.5_c2,nobgs,2,lfmm,3,0.01,38,243,11,0.0131037470218757,250,12,0.0151578947368421
V0.5_c2,nobgs,2,lfmm,3,0.02,38,243,11,0.0131037470218757,251,12,0.0150975047179702
V0.5_c2,nobgs,2,lfmm,3,0.05,38,243,11,0.0131037470218757,263,14,0.0196117670602361
V0.5_c2,nobgs,2,lfmm,3,0.1,38,243,11,0.0131037470218757,270,14,0.0191033138401559
V0.5_c2,nobgs,2,lfmm,3,0.15,38,243,11,0.0131037470218757,273,14,0.0188933873144399
V0.5_c2,nobgs,2,lfmm,3,0.2,38,243,11,0.0131037470218757,265,13,0.0167825223435948
V0.5_c2,nobgs,2,lfmm,3,0.3,38,243,11,0.0131037470218757,266,13,0.0167194301543332
V0.5_c2,nobgs,2,lfmm,3,0.4,38,243,11,0.0131037470218757,265,11,0.0120158887785502
V0.5_c2,nobgs,2,lfmm,3,0.5,38,243,11,0.0131037470218757,266,11,0.0119707162643451
V0.5_c2,nobgs,2,lfmm,3,0.7,38,243,11,0.0131037470218757,264,11,0.0120614035087719
V0.5_c2,nobgs,2,lfmm,5,0.01,38,189,11,0.0168476747424116,201,11,0.0158418434145064
V0.5_c2,nobgs,2,lfmm,5,0.02,38,189,11,0.0168476747424116,201,11,0.0158418434145064
V0.5_c2,nobgs,2,lfmm,5,0.05,38,189,11,0.0168476747424116,203,13,0.0219082188229194
V0.5_c2,nobgs,2,lfmm,5,0.1,38,189,11,0.0168476747424116,208,13,0.0213815789473684
V0.5_c2,nobgs,2,lfmm,5,0.15,38,189,11,0.0168476747424116,211,13,0.0210775754552257
V0.5_c2,nobgs,2,lfmm,5,0.2,38,189,11,0.0168476747424116,206,13,0.0215891670924885
V0.5_c2,nobgs,2,lfmm,5,0.3,38,189,11,0.0168476747424116,207,13,0.0214848715992881
V0.5_c2,nobgs,2,lfmm,5,0.4,38,189,11,0.0168476747424116,213,11,0.0149493451939708
V0.5_c2,nobgs,2,lfmm,5,0.5,38,189,11,0.0168476747424116,213,11,0.0149493451939708
V0.5_c2,nobgs,2,lfmm,5,0.7,38,189,11,0.0168476747424116,208,11,0.0153087044534413
V0.5_c2,nobgs,2,lfmm,10,0.01,38,125,9,0.0170526315789474,142,9,0.0150111193476649
V0.5_c2,nobgs,2,lfmm,10,0.02,38,125,9,0.0170526315789474,140,9,0.0152255639097744
V0.5_c2,nobgs,2,lfmm,10,0.05,38,125,9,0.0170526315789474,150,11,0.0212280701754386
V0.5_c2,nobgs,2,lfmm,10,0.1,38,125,9,0.0170526315789474,148,10,0.0177809388335704
V0.5_c2,nobgs,2,lfmm,10,0.15,38,125,9,0.0170526315789474,148,10,0.0177809388335704
V0.5_c2,nobgs,2,lfmm,10,0.2,38,125,9,0.0170526315789474,148,10,0.0177809388335704
V0.5_c2,nobgs,2,lfmm,10,0.3,38,125,9,0.0170526315789474,145,10,0.0181488203266788
V0.5_c2,nobgs,2,lfmm,10,0.4,38,125,9,0.0170526315789474,139,9,0.01533510034078
V0.5_c2,nobgs,2,lfmm,10,0.5,38,125,9,0.0170526315789474,139,9,0.01533510034078
V0.5_c2,nobgs,2,lfmm,10,0.7,38,125,9,0.0170526315789474,133,9,0.0160269093787099
V0.5_c2,nobgs,3,emmax,2,0.01,35,96,5,0.00744047619047619,198,9,0.0116883116883117
V0.5_c2,nobgs,3,emmax,2,0.02,35,96,5,0.00744047619047619,196,9,0.0118075801749271
V0.5_c2,nobgs,3,emmax,2,0.05,35,96,5,0.00744047619047619,189,8,0.00967498110355253
V0.5_c2,nobgs,3,emmax,2,0.1,35,96,5,0.00744047619047619,175,8,0.0104489795918367
V0.5_c2,nobgs,3,emmax,2,0.15,35,96,5,0.00744047619047619,164,7,0.00853658536585366
V0.5_c2,nobgs,3,emmax,2,0.2,35,96,5,0.00744047619047619,158,7,0.00886075949367089
V0.5_c2,nobgs,3,emmax,2,0.3,35,96,5,0.00744047619047619,141,6,0.00729483282674772
V0.5_c2,nobgs,3,emmax,2,0.4,35,96,5,0.00744047619047619,123,6,0.0083623693379791
V0.5_c2,nobgs,3,emmax,2,0.5,35,96,5,0.00744047619047619,110,6,0.00935064935064935
V0.5_c2,nobgs,3,emmax,2,0.7,35,96,5,0.00744047619047619,100,5,0.00714285714285714
V0.5_c2,nobgs,3,emmax,3,0.01,35,66,5,0.0108225108225108,145,8,0.0126108374384236
V0.5_c2,nobgs,3,emmax,3,0.02,35,66,5,0.0108225108225108,138,8,0.0132505175983437
V0.5_c2,nobgs,3,emmax,3,0.05,35,66,5,0.0108225108225108,136,8,0.0134453781512605
V0.5_c2,nobgs,3,emmax,3,0.1,35,66,5,0.0108225108225108,126,8,0.0145124716553288
V0.5_c2,nobgs,3,emmax,3,0.15,35,66,5,0.0108225108225108,118,7,0.011864406779661
V0.5_c2,nobgs,3,emmax,3,0.2,35,66,5,0.0108225108225108,116,7,0.0120689655172414
V0.5_c2,nobgs,3,emmax,3,0.3,35,66,5,0.0108225108225108,100,6,0.0102857142857143
V0.5_c2,nobgs,3,emmax,3,0.4,35,66,5,0.0108225108225108,86,6,0.0119601328903655
V0.5_c2,nobgs,3,emmax,3,0.5,35,66,5,0.0108225108225108,79,6,0.0130198915009042
V0.5_c2,nobgs,3,emmax,3,0.7,35,66,5,0.0108225108225108,70,5,0.0102040816326531
V0.5_c2,nobgs,3,emmax,5,0.01,35,41,5,0.0174216027874564,97,8,0.0188512518409426
V0.5_c2,nobgs,3,emmax,5,0.02,35,41,5,0.0174216027874564,88,8,0.0207792207792208
V0.5_c2,nobgs,3,emmax,5,0.05,35,41,5,0.0174216027874564,86,8,0.0212624584717608
V0.5_c2,nobgs,3,emmax,5,0.1,35,41,5,0.0174216027874564,82,8,0.0222996515679443
V0.5_c2,nobgs,3,emmax,5,0.15,35,41,5,0.0174216027874564,73,7,0.0191780821917808
V0.5_c2,nobgs,3,emmax,5,0.2,35,41,5,0.0174216027874564,73,7,0.0191780821917808
V0.5_c2,nobgs,3,emmax,5,0.3,35,41,5,0.0174216027874564,59,6,0.0174334140435835
V0.5_c2,nobgs,3,emmax,5,0.4,35,41,5,0.0174216027874564,50,6,0.0205714285714286
V0.5_c2,nobgs,3,emmax,5,0.5,35,41,5,0.0174216027874564,47,6,0.0218844984802432
V0.5_c2,nobgs,3,emmax,5,0.7,35,41,5,0.0174216027874564,42,5,0.0170068027210884
V0.5_c2,nobgs,3,emmax,10,0.01,35,20,4,0.0228571428571429,42,7,0.0333333333333333
V0.5_c2,nobgs,3,emmax,10,0.02,35,20,4,0.0228571428571429,39,7,0.0358974358974359
V0.5_c2,nobgs,3,emmax,10,0.05,35,20,4,0.0228571428571429,37,7,0.0378378378378378
V0.5_c2,nobgs,3,emmax,10,0.1,35,20,4,0.0228571428571429,37,7,0.0378378378378378
V0.5_c2,nobgs,3,emmax,10,0.15,35,20,4,0.0228571428571429,33,7,0.0424242424242424
V0.5_c2,nobgs,3,emmax,10,0.2,35,20,4,0.0228571428571429,31,5,0.0230414746543779
V0.5_c2,nobgs,3,emmax,10,0.3,35,20,4,0.0228571428571429,27,4,0.0169312169312169
V0.5_c2,nobgs,3,emmax,10,0.4,35,20,4,0.0228571428571429,25,4,0.0182857142857143
V0.5_c2,nobgs,3,emmax,10,0.5,35,20,4,0.0228571428571429,25,4,0.0182857142857143
V0.5_c2,nobgs,3,emmax,10,0.7,35,20,4,0.0228571428571429,20,4,0.0228571428571429
V0.5_c2,nobgs,3,lfmm,2,0.01,35,245,12,0.0167930029154519,333,17,0.0247962247962248
V0.5_c2,nobgs,3,lfmm,2,0.02,35,245,12,0.0167930029154519,329,17,0.0250976986539297
V0.5_c2,nobgs,3,lfmm,2,0.05,35,245,12,0.0167930029154519,322,16,0.022715173025732
V0.5_c2,nobgs,3,lfmm,2,0.1,35,245,12,0.0167930029154519,313,15,0.0205385668644455
V0.5_c2,nobgs,3,lfmm,2,0.15,35,245,12,0.0167930029154519,308,15,0.0208719851576994
V0.5_c2,nobgs,3,lfmm,2,0.2,35,245,12,0.0167930029154519,305,15,0.0210772833723653
V0.5_c2,nobgs,3,lfmm,2,0.3,35,245,12,0.0167930029154519,288,14,0.0194444444444444
V0.5_c2,nobgs,3,lfmm,2,0.4,35,245,12,0.0167930029154519,282,14,0.0198581560283688
V0.5_c2,nobgs,3,lfmm,2,0.5,35,245,12,0.0167930029154519,269,14,0.020817843866171
V0.5_c2,nobgs,3,lfmm,2,0.7,35,245,12,0.0167930029154519,253,13,0.0190852625635234
V0.5_c2,nobgs,3,lfmm,3,0.01,35,185,12,0.0222393822393822,259,16,0.0282404853833425
V0.5_c2,nobgs,3,lfmm,3,0.02,35,185,12,0.0222393822393822,257,16,0.0284602556976098
V0.5_c2,nobgs,3,lfmm,3,0.05,35,185,12,0.0222393822393822,249,16,0.0293746414228342
V0.5_c2,nobgs,3,lfmm,3,0.1,35,185,12,0.0222393822393822,242,15,0.0265643447461629
V0.5_c2,nobgs,3,lfmm,3,0.15,35,185,12,0.0222393822393822,233,15,0.0275904353157572
V0.5_c2,nobgs,3,lfmm,3,0.2,35,185,12,0.0222393822393822,233,14,0.0240343347639485
V0.5_c2,nobgs,3,lfmm,3,0.3,35,185,12,0.0222393822393822,219,13,0.0220482713633399
V0.5_c2,nobgs,3,lfmm,3,0.4,35,185,12,0.0222393822393822,211,13,0.0228842247799594
V0.5_c2,nobgs,3,lfmm,3,0.5,35,185,12,0.0222393822393822,204,13,0.0236694677871148
V0.5_c2,nobgs,3,lfmm,3,0.7,35,185,12,0.0222393822393822,195,13,0.0247619047619048
V0.5_c2,nobgs,3,lfmm,5,0.01,35,128,10,0.0223214285714286,198,16,0.0369408369408369
V0.5_c2,nobgs,3,lfmm,5,0.02,35,128,10,0.0223214285714286,195,16,0.0375091575091575
V0.5_c2,nobgs,3,lfmm,5,0.05,35,128,10,0.0223214285714286,185,16,0.0395366795366795
V0.5_c2,nobgs,3,lfmm,5,0.1,35,128,10,0.0223214285714286,184,15,0.0349378881987578
V0.5_c2,nobgs,3,lfmm,5,0.15,35,128,10,0.0223214285714286,171,14,0.0327485380116959
V0.5_c2,nobgs,3,lfmm,5,0.2,35,128,10,0.0223214285714286,166,13,0.0290877796901893
V0.5_c2,nobgs,3,lfmm,5,0.3,35,128,10,0.0223214285714286,158,11,0.021880650994575
V0.5_c2,nobgs,3,lfmm,5,0.4,35,128,10,0.0223214285714286,154,11,0.0224489795918367
V0.5_c2,nobgs,3,lfmm,5,0.5,35,128,10,0.0223214285714286,145,11,0.0238423645320197
V0.5_c2,nobgs,3,lfmm,5,0.7,35,128,10,0.0223214285714286,136,11,0.0254201680672269
V0.5_c2,nobgs,3,lfmm,10,0.01,35,64,9,0.0361607142857143,133,15,0.0483351235230934
V0.5_c2,nobgs,3,lfmm,10,0.02,35,64,9,0.0361607142857143,133,15,0.0483351235230934
V0.5_c2,nobgs,3,lfmm,10,0.05,35,64,9,0.0361607142857143,123,14,0.0455284552845528
V0.5_c2,nobgs,3,lfmm,10,0.1,35,64,9,0.0361607142857143,114,13,0.0423558897243108
V0.5_c2,nobgs,3,lfmm,10,0.15,35,64,9,0.0361607142857143,107,13,0.0451268357810414
V0.5_c2,nobgs,3,lfmm,10,0.2,35,64,9,0.0361607142857143,101,11,0.0342291371994342
V0.5_c2,nobgs,3,lfmm,10,0.3,35,64,9,0.0361607142857143,92,10,0.031055900621118
V0.5_c2,nobgs,3,lfmm,10,0.4,35,64,9,0.0361607142857143,81,10,0.0352733686067019
V0.5_c2,nobgs,3,lfmm,10,0.5,35,64,9,0.0361607142857143,74,10,0.0386100386100386
V0.5_c2,nobgs,3,lfmm,10,0.7,35,64,9,0.0361607142857143,68,10,0.0420168067226891
V0.5_c2,nobgs,4,emmax,2,0.01,37,98,7,0.0135135135135135,199,9,0.0110009506994432
V0.5_c2,nobgs,4,emmax,2,0.02,37,98,7,0.0135135135135135,190,9,0.0115220483641536
V0.5_c2,nobgs,4,emmax,2,0.05,37,98,7,0.0135135135135135,179,8,0.0096632945794957
V0.5_c2,nobgs,4,emmax,2,0.1,37,98,7,0.0135135135135135,168,8,0.0102960102960103
V0.5_c2,nobgs,4,emmax,2,0.15,37,98,7,0.0135135135135135,158,8,0.0109476565172768
V0.5_c2,nobgs,4,emmax,2,0.2,37,98,7,0.0135135135135135,146,8,0.0118474639022584
V0.5_c2,nobgs,4,emmax,2,0.3,37,98,7,0.0135135135135135,126,7,0.0105105105105105
V0.5_c2,nobgs,4,emmax,2,0.4,37,98,7,0.0135135135135135,119,7,0.0111287758346582
V0.5_c2,nobgs,4,emmax,2,0.5,37,98,7,0.0135135135135135,114,7,0.0116168800379327
V0.5_c2,nobgs,4,emmax,2,0.7,37,98,7,0.0135135135135135,100,7,0.0132432432432432
V0.5_c2,nobgs,4,emmax,3,0.01,37,65,7,0.0203742203742204,146,9,0.0149944465012958
V0.5_c2,nobgs,4,emmax,3,0.02,37,65,7,0.0203742203742204,138,8,0.0125342734038386
V0.5_c2,nobgs,4,emmax,3,0.05,37,65,7,0.0203742203742204,128,8,0.0135135135135135
V0.5_c2,nobgs,4,emmax,3,0.1,37,65,7,0.0203742203742204,121,8,0.0142952870225598
V0.5_c2,nobgs,4,emmax,3,0.15,37,65,7,0.0203742203742204,117,7,0.0113190113190113
V0.5_c2,nobgs,4,emmax,3,0.2,37,65,7,0.0203742203742204,105,7,0.0126126126126126
V0.5_c2,nobgs,4,emmax,3,0.3,37,65,7,0.0203742203742204,85,7,0.0155802861685215
V0.5_c2,nobgs,4,emmax,3,0.4,37,65,7,0.0203742203742204,81,7,0.0163496830163497
V0.5_c2,nobgs,4,emmax,3,0.5,37,65,7,0.0203742203742204,78,7,0.016978516978517
V0.5_c2,nobgs,4,emmax,3,0.7,37,65,7,0.0203742203742204,68,7,0.0194753577106518
V0.5_c2,nobgs,4,emmax,5,0.01,37,41,6,0.023731048121292,93,8,0.018599244405696
V0.5_c2,nobgs,4,emmax,5,0.02,37,41,6,0.023731048121292,86,8,0.0201131363922062
V0.5_c2,nobgs,4,emmax,5,0.05,37,41,6,0.023731048121292,80,8,0.0216216216216216
V0.5_c2,nobgs,4,emmax,5,0.1,37,41,6,0.023731048121292,74,8,0.0233747260774288
V0.5_c2,nobgs,4,emmax,5,0.15,37,41,6,0.023731048121292,69,7,0.0191931061496279
V0.5_c2,nobgs,4,emmax,5,0.2,37,41,6,0.023731048121292,61,7,0.0217102348249889
V0.5_c2,nobgs,4,emmax,5,0.3,37,41,6,0.023731048121292,53,6,0.0183579806221316
V0.5_c2,nobgs,4,emmax,5,0.4,37,41,6,0.023731048121292,52,6,0.0187110187110187
V0.5_c2,nobgs,4,emmax,5,0.5,37,41,6,0.023731048121292,48,6,0.0202702702702703
V0.5_c2,nobgs,4,emmax,5,0.7,37,41,6,0.023731048121292,43,6,0.0226272784412319
V0.5_c2,nobgs,4,emmax,10,0.01,37,19,3,0.0128022759601707,46,5,0.0146886016451234
V0.5_c2,nobgs,4,emmax,10,0.02,37,19,3,0.0128022759601707,43,5,0.0157133878064111
V0.5_c2,nobgs,4,emmax,10,0.05,37,19,3,0.0128022759601707,41,5,0.016479894528675
V0.5_c2,nobgs,4,emmax,10,0.1,37,19,3,0.0128022759601707,38,5,0.0177809388335704
V0.5_c2,nobgs,4,emmax,10,0.15,37,19,3,0.0128022759601707,35,4,0.0123552123552124
V0.5_c2,nobgs,4,emmax,10,0.2,37,19,3,0.0128022759601707,32,4,0.0135135135135135
V0.5_c2,nobgs,4,emmax,10,0.3,37,19,3,0.0128022759601707,26,3,0.00935550935550936
V0.5_c2,nobgs,4,emmax,10,0.4,37,19,3,0.0128022759601707,24,3,0.0101351351351351
V0.5_c2,nobgs,4,emmax,10,0.5,37,19,3,0.0128022759601707,24,3,0.0101351351351351
V0.5_c2,nobgs,4,emmax,10,0.7,37,19,3,0.0128022759601707,19,3,0.0128022759601707
V0.5_c2,nobgs,4,lfmm,2,0.01,37,177,10,0.0152695067949305,280,16,0.0247104247104247
V0.5_c2,nobgs,4,lfmm,2,0.02,37,177,10,0.0152695067949305,278,16,0.0248881975500681
V0.5_c2,nobgs,4,lfmm,2,0.05,37,177,10,0.0152695067949305,265,15,0.0229474757776645
V0.5_c2,nobgs,4,lfmm,2,0.1,37,177,10,0.0152695067949305,253,15,0.024035893601111
V0.5_c2,nobgs,4,lfmm,2,0.15,37,177,10,0.0152695067949305,246,14,0.021533728850802
V0.5_c2,nobgs,4,lfmm,2,0.2,37,177,10,0.0152695067949305,237,13,0.019272436993956
V0.5_c2,nobgs,4,lfmm,2,0.3,37,177,10,0.0152695067949305,219,12,0.0177711958533876
V0.5_c2,nobgs,4,lfmm,2,0.4,37,177,10,0.0152695067949305,209,12,0.0186214923057028
V0.5_c2,nobgs,4,lfmm,2,0.5,37,177,10,0.0152695067949305,202,12,0.0192667915440193
V0.5_c2,nobgs,4,lfmm,2,0.7,37,177,10,0.0152695067949305,187,11,0.0174880763116057
V0.5_c2,nobgs,4,lfmm,3,0.01,37,128,7,0.0103462837837838,215,16,0.0321810182275299
V0.5_c2,nobgs,4,lfmm,3,0.02,37,128,7,0.0103462837837838,214,16,0.0323313968173781
V0.5_c2,nobgs,4,lfmm,3,0.05,37,128,7,0.0103462837837838,202,15,0.0301043617875301
V0.5_c2,nobgs,4,lfmm,3,0.1,37,128,7,0.0103462837837838,194,15,0.0313457787684592
V0.5_c2,nobgs,4,lfmm,3,0.15,37,128,7,0.0103462837837838,181,13,0.0252351799313125
V0.5_c2,nobgs,4,lfmm,3,0.2,37,128,7,0.0103462837837838,172,12,0.0226272784412319
V0.5_c2,nobgs,4,lfmm,3,0.3,37,128,7,0.0103462837837838,163,9,0.0134306085226331
V0.5_c2,nobgs,4,lfmm,3,0.4,37,128,7,0.0103462837837838,152,9,0.014402560455192
V0.5_c2,nobgs,4,lfmm,3,0.5,37,128,7,0.0103462837837838,144,9,0.0152027027027027
V0.5_c2,nobgs,4,lfmm,3,0.7,37,128,7,0.0103462837837838,134,8,0.0129084308188786
V0.5_c2,nobgs,4,lfmm,5,0.01,37,84,7,0.0157657657657658,143,14,0.0370440370440371
V0.5_c2,nobgs,4,lfmm,5,0.02,37,84,7,0.0157657657657658,141,14,0.037569484377995
V0.5_c2,nobgs,4,lfmm,5,0.05,37,84,7,0.0157657657657658,133,13,0.0343426132899817
V0.5_c2,nobgs,4,lfmm,5,0.1,37,84,7,0.0157657657657658,127,13,0.0359650989572249
V0.5_c2,nobgs,4,lfmm,5,0.15,37,84,7,0.0157657657657658,118,12,0.0329821346770499
V0.5_c2,nobgs,4,lfmm,5,0.2,37,84,7,0.0157657657657658,112,11,0.0291988416988417
V0.5_c2,nobgs,4,lfmm,5,0.3,37,84,7,0.0157657657657658,108,9,0.0202702702702703
V0.5_c2,nobgs,4,lfmm,5,0.4,37,84,7,0.0157657657657658,101,9,0.0216751404870217
V0.5_c2,nobgs,4,lfmm,5,0.5,37,84,7,0.0157657657657658,97,9,0.0225689607132906
V0.5_c2,nobgs,4,lfmm,5,0.7,37,84,7,0.0157657657657658,91,8,0.019008019008019
V0.5_c2,nobgs,4,lfmm,10,0.01,37,41,4,0.010547132498352,71,12,0.0548153787590407
V0.5_c2,nobgs,4,lfmm,10,0.02,37,41,4,0.010547132498352,71,12,0.0548153787590407
V0.5_c2,nobgs,4,lfmm,10,0.05,37,41,4,0.010547132498352,66,11,0.0495495495495496
V0.5_c2,nobgs,4,lfmm,10,0.1,37,41,4,0.010547132498352,65,10,0.0415800415800416
V0.5_c2,nobgs,4,lfmm,10,0.15,37,41,4,0.010547132498352,61,9,0.0358883473637572
V0.5_c2,nobgs,4,lfmm,10,0.2,37,41,4,0.010547132498352,56,8,0.0308880308880309
V0.5_c2,nobgs,4,lfmm,10,0.3,37,41,4,0.010547132498352,51,7,0.0259671436142024
V0.5_c2,nobgs,4,lfmm,10,0.4,37,41,4,0.010547132498352,47,6,0.0207015526164462
V0.5_c2,nobgs,4,lfmm,10,0.5,37,41,4,0.010547132498352,44,6,0.0221130221130221
V0.5_c2,nobgs,4,lfmm,10,0.7,37,41,4,0.010547132498352,43,5,0.0157133878064111
V0.5_c2,nobgs,5,emmax,2,0.01,38,107,7,0.0120511559272012,244,9,0.00873597929249353
V0.5_c2,nobgs,5,emmax,2,0.02,38,107,7,0.0120511559272012,239,9,0.00891874036555825
V0.5_c2,nobgs,5,emmax,2,0.05,38,107,7,0.0120511559272012,227,9,0.00939021562717366
V0.5_c2,nobgs,5,emmax,2,0.1,38,107,7,0.0120511559272012,211,8,0.00798204040907957
V0.5_c2,nobgs,5,emmax,2,0.15,38,107,7,0.0120511559272012,202,8,0.00833767587285044
V0.5_c2,nobgs,5,emmax,2,0.2,38,107,7,0.0120511559272012,190,8,0.00886426592797784
V0.5_c2,nobgs,5,emmax,2,0.3,38,107,7,0.0120511559272012,162,8,0.0103963612735543
V0.5_c2,nobgs,5,emmax,2,0.4,38,107,7,0.0120511559272012,143,8,0.0117776959882223
V0.5_c2,nobgs,5,emmax,2,0.5,38,107,7,0.0120511559272012,123,8,0.0136927685066324
V0.5_c2,nobgs,5,emmax,2,0.7,38,107,7,0.0120511559272012,101,8,0.0166753517457009
V0.5_c2,nobgs,5,emmax,3,0.01,38,71,7,0.0181616011860637,184,9,0.0115846681922197
V0.5_c2,nobgs,5,emmax,3,0.02,38,71,7,0.0181616011860637,177,9,0.012042818911686
V0.5_c2,nobgs,5,emmax,3,0.05,38,71,7,0.0181616011860637,167,9,0.0127639457926253
V0.5_c2,nobgs,5,emmax,3,0.1,38,71,7,0.0181616011860637,155,8,0.0108658743633277
V0.5_c2,nobgs,5,emmax,3,0.15,38,71,7,0.0181616011860637,146,8,0.0115356885364095
V0.5_c2,nobgs,5,emmax,3,0.2,38,71,7,0.0181616011860637,139,8,0.0121166224914805
V0.5_c2,nobgs,5,emmax,3,0.3,38,71,7,0.0181616011860637,108,8,0.0155945419103314
V0.5_c2,nobgs,5,emmax,3,0.4,38,71,7,0.0181616011860637,95,8,0.0177285318559557
V0.5_c2,nobgs,5,emmax,3,0.5,38,71,7,0.0181616011860637,78,7,0.016531713900135
V0.5_c2,nobgs,5,emmax,3,0.7,38,71,7,0.0181616011860637,63,7,0.0204678362573099
V0.5_c2,nobgs,5,emmax,5,0.01,38,44,6,0.0215311004784689,121,9,0.0176163549369291
V0.5_c2,nobgs,5,emmax,5,0.02,38,44,6,0.0215311004784689,118,9,0.018064228367529
V0.5_c2,nobgs,5,emmax,5,0.05,38,44,6,0.0215311004784689,111,9,0.019203413940256
V0.5_c2,nobgs,5,emmax,5,0.1,38,44,6,0.0215311004784689,103,8,0.0163515585079203
V0.5_c2,nobgs,5,emmax,5,0.15,38,44,6,0.0215311004784689,97,8,0.0173629951166576
V0.5_c2,nobgs,5,emmax,5,0.2,38,44,6,0.0215311004784689,93,8,0.0181097906055461
V0.5_c2,nobgs,5,emmax,5,0.3,38,44,6,0.0215311004784689,72,8,0.0233918128654971
V0.5_c2,nobgs,5,emmax,5,0.4,38,44,6,0.0215311004784689,59,7,0.0218554861730598
V0.5_c2,nobgs,5,emmax,5,0.5,38,44,6,0.0215311004784689,50,6,0.0189473684210526
V0.5_c2,nobgs,5,emmax,5,0.7,38,44,6,0.0215311004784689,41,6,0.0231065468549422
V0.5_c2,nobgs,5,emmax,10,0.01,38,27,5,0.0243664717348928,79,8,0.0213191205862758
V0.5_c2,nobgs,5,emmax,10,0.02,38,27,5,0.0243664717348928,76,8,0.0221606648199446
V0.5_c2,nobgs,5,emmax,10,0.05,38,27,5,0.0243664717348928,73,8,0.023071377072819
V0.5_c2,nobgs,5,emmax,10,0.1,38,27,5,0.0243664717348928,64,7,0.0201480263157895
V0.5_c2,nobgs,5,emmax,10,0.15,38,27,5,0.0243664717348928,59,7,0.0218554861730598
V0.5_c2,nobgs,5,emmax,10,0.2,38,27,5,0.0243664717348928,56,7,0.0230263157894737
V0.5_c2,nobgs,5,emmax,10,0.3,38,27,5,0.0243664717348928,44,5,0.0149521531100478
V0.5_c2,nobgs,5,emmax,10,0.4,38,27,5,0.0243664717348928,40,5,0.0164473684210526
V0.5_c2,nobgs,5,emmax,10,0.5,38,27,5,0.0243664717348928,32,5,0.0205592105263158
V0.5_c2,nobgs,5,emmax,10,0.7,38,27,5,0.0243664717348928,26,5,0.0253036437246964
V0.5_c2,nobgs,5,lfmm,2,0.01,38,268,12,0.01413982717989,412,17,0.0184593765968319
V0.5_c2,nobgs,5,lfmm,2,0.02,38,268,12,0.01413982717989,407,17,0.0186861502650976
V0.5_c2,nobgs,5,lfmm,2,0.05,38,268,12,0.01413982717989,397,17,0.0191568341508684
V0.5_c2,nobgs,5,lfmm,2,0.1,38,268,12,0.01413982717989,381,16,0.0176820002762813
V0.5_c2,nobgs,5,lfmm,2,0.15,38,268,12,0.01413982717989,368,16,0.0183066361556064
V0.5_c2,nobgs,5,lfmm,2,0.2,38,268,12,0.01413982717989,348,14,0.014821536600121
V0.5_c2,nobgs,5,lfmm,2,0.3,38,268,12,0.01413982717989,325,14,0.0158704453441296
V0.5_c2,nobgs,5,lfmm,2,0.4,38,268,12,0.01413982717989,305,13,0.0145815358067299
V0.5_c2,nobgs,5,lfmm,2,0.5,38,268,12,0.01413982717989,292,13,0.0152307137707282
V0.5_c2,nobgs,5,lfmm,2,0.7,38,268,12,0.01413982717989,275,13,0.0161722488038278
V0.5_c2,nobgs,5,lfmm,3,0.01,38,195,12,0.0194331983805668,322,15,0.0183883622098725
V0.5_c2,nobgs,5,lfmm,3,0.02,38,195,12,0.0194331983805668,318,15,0.0186196623634558
V0.5_c2,nobgs,5,lfmm,3,0.05,38,195,12,0.0194331983805668,308,15,0.0192241968557758
V0.5_c2,nobgs,5,lfmm,3,0.1,38,195,12,0.0194331983805668,296,15,0.0200035561877667
V0.5_c2,nobgs,5,lfmm,3,0.15,38,195,12,0.0194331983805668,283,15,0.0209224474614097
V0.5_c2,nobgs,5,lfmm,3,0.2,38,195,12,0.0194331983805668,268,14,0.0192458758837392
V0.5_c2,nobgs,5,lfmm,3,0.3,38,195,12,0.0194331983805668,250,14,0.0206315789473684
V0.5_c2,nobgs,5,lfmm,3,0.4,38,195,12,0.0194331983805668,227,13,0.0195919313702759
V0.5_c2,nobgs,5,lfmm,3,0.5,38,195,12,0.0194331983805668,215,13,0.0206854345165239
V0.5_c2,nobgs,5,lfmm,3,0.7,38,195,12,0.0194331983805668,200,13,0.0222368421052632
V0.5_c2,nobgs,5,lfmm,5,0.01,38,133,11,0.0239414325286901,229,15,0.025856125028729
V0.5_c2,nobgs,5,lfmm,5,0.02,38,133,11,0.0239414325286901,229,15,0.025856125028729
V0.5_c2,nobgs,5,lfmm,5,0.05,38,133,11,0.0239414325286901,223,15,0.0265518055227756
V0.5_c2,nobgs,5,lfmm,5,0.1,38,133,11,0.0239414325286901,211,15,0.0280618608131704
V0.5_c2,nobgs,5,lfmm,5,0.15,38,133,11,0.0239414325286901,203,15,0.0291677469535909
V0.5_c2,nobgs,5,lfmm,5,0.2,38,133,11,0.0239414325286901,193,14,0.0267248431960731
V0.5_c2,nobgs,5,lfmm,5,0.3,38,133,11,0.0239414325286901,176,13,0.0252691387559809
V0.5_c2,nobgs,5,lfmm,5,0.4,38,133,11,0.0239414325286901,162,12,0.0233918128654971
V0.5_c2,nobgs,5,lfmm,5,0.5,38,133,11,0.0239414325286901,147,12,0.0257787325456498
V0.5_c2,nobgs,5,lfmm,5,0.7,38,133,11,0.0239414325286901,129,12,0.02937576499388
V0.5_c2,nobgs,5,lfmm,10,0.01,38,91,10,0.0289184499710815,149,14,0.0346167432002826
V0.5_c2,nobgs,5,lfmm,10,0.02,38,91,10,0.0289184499710815,146,14,0.0353280461427541
V0.5_c2,nobgs,5,lfmm,10,0.05,38,91,10,0.0289184499710815,143,14,0.0360691939639308
V0.5_c2,nobgs,5,lfmm,10,0.1,38,91,10,0.0289184499710815,132,14,0.0390749601275917
V0.5_c2,nobgs,5,lfmm,10,0.15,38,91,10,0.0289184499710815,123,14,0.0419341035515618
V0.5_c2,nobgs,5,lfmm,10,0.2,38,91,10,0.0289184499710815,118,13,0.0376895628902765
V0.5_c2,nobgs,5,lfmm,10,0.3,38,91,10,0.0289184499710815,114,13,0.0390120036934441
V0.5_c2,nobgs,5,lfmm,10,0.4,38,91,10,0.0289184499710815,106,12,0.0357497517378352
V0.5_c2,nobgs,5,lfmm,10,0.5,38,91,10,0.0289184499710815,99,12,0.0382775119617225
V0.5_c2,nobgs,5,lfmm,10,0.7,38,91,10,0.0289184499710815,87,12,0.043557168784029
V0.5_c2,nobgs,6,emmax,2,0.01,27,144,5,0.00643004115226337,215,9,0.013953488372093
V0.5_c2,nobgs,6,emmax,2,0.02,27,144,5,0.00643004115226337,209,9,0.0143540669856459
V0.5_c2,nobgs,6,emmax,2,0.05,27,144,5,0.00643004115226337,199,9,0.0150753768844221
V0.5_c2,nobgs,6,emmax,2,0.1,27,144,5,0.00643004115226337,197,8,0.0120323369054334
V0.5_c2,nobgs,6,emmax,2,0.15,27,144,5,0.00643004115226337,191,8,0.0124103160752375
V0.5_c2,nobgs,6,emmax,2,0.2,27,144,5,0.00643004115226337,182,7,0.00997150997150997
V0.5_c2,nobgs,6,emmax,2,0.3,27,144,5,0.00643004115226337,170,6,0.00784313725490196
V0.5_c2,nobgs,6,emmax,2,0.4,27,144,5,0.00643004115226337,160,6,0.00833333333333333
V0.5_c2,nobgs,6,emmax,2,0.5,27,144,5,0.00643004115226337,150,6,0.00888888888888889
V0.5_c2,nobgs,6,emmax,2,0.7,27,144,5,0.00643004115226337,140,5,0.00661375661375661
V0.5_c2,nobgs,6,emmax,3,0.01,27,121,5,0.00765228037955311,177,9,0.0169491525423729
V0.5_c2,nobgs,6,emmax,3,0.02,27,121,5,0.00765228037955311,171,9,0.0175438596491228
V0.5_c2,nobgs,6,emmax,3,0.05,27,121,5,0.00765228037955311,167,9,0.0179640718562874
V0.5_c2,nobgs,6,emmax,3,0.1,27,121,5,0.00765228037955311,166,8,0.0142793395805444
V0.5_c2,nobgs,6,emmax,3,0.15,27,121,5,0.00765228037955311,159,8,0.014907989750757
V0.5_c2,nobgs,6,emmax,3,0.2,27,121,5,0.00765228037955311,152,7,0.0119395711500975
V0.5_c2,nobgs,6,emmax,3,0.3,27,121,5,0.00765228037955311,143,6,0.00932400932400932
V0.5_c2,nobgs,6,emmax,3,0.4,27,121,5,0.00765228037955311,132,6,0.0101010101010101
V0.5_c2,nobgs,6,emmax,3,0.5,27,121,5,0.00765228037955311,125,6,0.0106666666666667
V0.5_c2,nobgs,6,emmax,3,0.7,27,121,5,0.00765228037955311,113,5,0.00819403474270731
V0.5_c2,nobgs,6,emmax,5,0.01,27,86,4,0.00689061154177433,135,8,0.0175582990397805
V0.5_c2,nobgs,6,emmax,5,0.02,27,86,4,0.00689061154177433,129,8,0.0183749641113982
V0.5_c2,nobgs,6,emmax,5,0.05,27,86,4,0.00689061154177433,126,8,0.0188124632569077
V0.5_c2,nobgs,6,emmax,5,0.1,27,86,4,0.00689061154177433,123,7,0.0147545919903643
V0.5_c2,nobgs,6,emmax,5,0.15,27,86,4,0.00689061154177433,119,7,0.0152505446623094
V0.5_c2,nobgs,6,emmax,5,0.2,27,86,4,0.00689061154177433,112,5,0.00826719576719577
V0.5_c2,nobgs,6,emmax,5,0.3,27,86,4,0.00689061154177433,104,4,0.0056980056980057
V0.5_c2,nobgs,6,emmax,5,0.4,27,86,4,0.00689061154177433,93,4,0.00637196336121067
V0.5_c2,nobgs,6,emmax,5,0.5,27,86,4,0.00689061154177433,91,4,0.00651200651200651
V0.5_c2,nobgs,6,emmax,5,0.7,27,86,4,0.00689061154177433,76,4,0.00779727095516569
V0.5_c2,nobgs,6,emmax,10,0.01,27,60,3,0.00555555555555556,82,4,0.00722673893405601
V0.5_c2,nobgs,6,emmax,10,0.02,27,60,3,0.00555555555555556,81,4,0.00731595793324188
V0.5_c2,nobgs,6,emmax,10,0.05,27,60,3,0.00555555555555556,80,4,0.00740740740740741
V0.5_c2,nobgs,6,emmax,10,0.1,27,60,3,0.00555555555555556,80,3,0.00416666666666667
V0.5_c2,nobgs,6,emmax,10,0.15,27,60,3,0.00555555555555556,77,3,0.00432900432900433
V0.5_c2,nobgs,6,emmax,10,0.2,27,60,3,0.00555555555555556,75,3,0.00444444444444444
V0.5_c2,nobgs,6,emmax,10,0.3,27,60,3,0.00555555555555556,69,3,0.00483091787439614
V0.5_c2,nobgs,6,emmax,10,0.4,27,60,3,0.00555555555555556,64,3,0.00520833333333333
V0.5_c2,nobgs,6,emmax,10,0.5,27,60,3,0.00555555555555556,62,3,0.00537634408602151
V0.5_c2,nobgs,6,emmax,10,0.7,27,60,3,0.00555555555555556,51,3,0.0065359477124183
V0.5_c2,nobgs,6,lfmm,2,0.01,27,236,11,0.0189893283113622,286,12,0.0186480186480186
V0.5_c2,nobgs,6,lfmm,2,0.02,27,236,11,0.0189893283113622,282,12,0.0189125295508274
V0.5_c2,nobgs,6,lfmm,2,0.05,27,236,11,0.0189893283113622,280,12,0.019047619047619
V0.5_c2,nobgs,6,lfmm,2,0.1,27,236,11,0.0189893283113622,285,13,0.0219623131903834
V0.5_c2,nobgs,6,lfmm,2,0.15,27,236,11,0.0189893283113622,271,13,0.023096897635643
V0.5_c2,nobgs,6,lfmm,2,0.2,27,236,11,0.0189893283113622,274,13,0.0228440118951068
V0.5_c2,nobgs,6,lfmm,2,0.3,27,236,11,0.0189893283113622,273,13,0.0229276895943563
V0.5_c2,nobgs,6,lfmm,2,0.4,27,236,11,0.0189893283113622,282,13,0.0221959548200683
V0.5_c2,nobgs,6,lfmm,2,0.5,27,236,11,0.0189893283113622,266,11,0.0168476747424116
V0.5_c2,nobgs,6,lfmm,2,0.7,27,236,11,0.0189893283113622,274,11,0.0163557718302244
V0.5_c2,nobgs,6,lfmm,3,0.01,27,196,11,0.02286470143613,244,12,0.0218579234972678
V0.5_c2,nobgs,6,lfmm,3,0.02,27,196,11,0.02286470143613,240,12,0.0222222222222222
V0.5_c2,nobgs,6,lfmm,3,0.05,27,196,11,0.02286470143613,236,12,0.0225988700564972
V0.5_c2,nobgs,6,lfmm,3,0.1,27,196,11,0.02286470143613,238,13,0.0262994086523498
V0.5_c2,nobgs,6,lfmm,3,0.15,27,196,11,0.02286470143613,230,13,0.0272141706924316
V0.5_c2,nobgs,6,lfmm,3,0.2,27,196,11,0.02286470143613,230,13,0.0272141706924316
V0.5_c2,nobgs,6,lfmm,3,0.3,27,196,11,0.02286470143613,232,13,0.0269795657726692
V0.5_c2,nobgs,6,lfmm,3,0.4,27,196,11,0.02286470143613,237,13,0.0264103766213471
V0.5_c2,nobgs,6,lfmm,3,0.5,27,196,11,0.02286470143613,224,11,0.0200066137566138
V0.5_c2,nobgs,6,lfmm,3,0.7,27,196,11,0.02286470143613,223,11,0.0200963295133699
V0.5_c2,nobgs,6,lfmm,5,0.01,27,152,11,0.0294834307992203,178,11,0.0251768622555139
V0.5_c2,nobgs,6,lfmm,5,0.02,27,152,11,0.0294834307992203,176,11,0.025462962962963
V0.5_c2,nobgs,6,lfmm,5,0.05,27,152,11,0.0294834307992203,174,11,0.0257556406981694
V0.5_c2,nobgs,6,lfmm,5,0.1,27,152,11,0.0294834307992203,176,12,0.0303030303030303
V0.5_c2,nobgs,6,lfmm,5,0.15,27,152,11,0.0294834307992203,174,12,0.0306513409961686
V0.5_c2,nobgs,6,lfmm,5,0.2,27,152,11,0.0294834307992203,178,12,0.0299625468164794
V0.5_c2,nobgs,6,lfmm,5,0.3,27,152,11,0.0294834307992203,175,12,0.0304761904761905
V0.5_c2,nobgs,6,lfmm,5,0.4,27,152,11,0.0294834307992203,184,12,0.0289855072463768
V0.5_c2,nobgs,6,lfmm,5,0.5,27,152,11,0.0294834307992203,175,11,0.0256084656084656
V0.5_c2,nobgs,6,lfmm,5,0.7,27,152,11,0.0294834307992203,171,11,0.0262074940437514
V0.5_c2,nobgs,6,lfmm,10,0.01,27,109,10,0.0339789330615019,119,10,0.0311235605353252
V0.5_c2,nobgs,6,lfmm,10,0.02,27,109,10,0.0339789330615019,119,10,0.0311235605353252
V0.5_c2,nobgs,6,lfmm,10,0.05,27,109,10,0.0339789330615019,119,10,0.0311235605353252
V0.5_c2,nobgs,6,lfmm,10,0.1,27,109,10,0.0339789330615019,121,11,0.037037037037037
V0.5_c2,nobgs,6,lfmm,10,0.15,27,109,10,0.0339789330615019,118,11,0.0379786566227244
V0.5_c2,nobgs,6,lfmm,10,0.2,27,109,10,0.0339789330615019,120,11,0.0373456790123457
V0.5_c2,nobgs,6,lfmm,10,0.3,27,109,10,0.0339789330615019,123,11,0.0364348087925324
V0.5_c2,nobgs,6,lfmm,10,0.4,27,109,10,0.0339789330615019,126,10,0.0293944738389183
V0.5_c2,nobgs,6,lfmm,10,0.5,27,109,10,0.0339789330615019,125,10,0.0296296296296296
V0.5_c2,nobgs,6,lfmm,10,0.7,27,109,10,0.0339789330615019,122,9,0.0245901639344262
V0.5_c2,nobgs,7,emmax,2,0.01,35,81,6,0.0126984126984127,168,10,0.0170068027210884
V0.5_c2,nobgs,7,emmax,2,0.02,35,81,6,0.0126984126984127,160,10,0.0178571428571429
V0.5_c2,nobgs,7,emmax,2,0.05,35,81,6,0.0126984126984127,154,10,0.0185528756957328
V0.5_c2,nobgs,7,emmax,2,0.1,35,81,6,0.0126984126984127,144,9,0.0160714285714286
V0.5_c2,nobgs,7,emmax,2,0.15,35,81,6,0.0126984126984127,134,9,0.01727078891258
V0.5_c2,nobgs,7,emmax,2,0.2,35,81,6,0.0126984126984127,122,9,0.0189695550351288
V0.5_c2,nobgs,7,emmax,2,0.3,35,81,6,0.0126984126984127,106,7,0.0132075471698113
V0.5_c2,nobgs,7,emmax,2,0.4,35,81,6,0.0126984126984127,96,6,0.0107142857142857
V0.5_c2,nobgs,7,emmax,2,0.5,35,81,6,0.0126984126984127,93,6,0.0110599078341014
V0.5_c2,nobgs,7,emmax,2,0.7,35,81,6,0.0126984126984127,82,6,0.0125435540069686
V0.5_c2,nobgs,7,emmax,3,0.01,35,62,6,0.0165898617511521,120,9,0.0192857142857143
V0.5_c2,nobgs,7,emmax,3,0.02,35,62,6,0.0165898617511521,115,9,0.0201242236024845
V0.5_c2,nobgs,7,emmax,3,0.05,35,62,6,0.0165898617511521,111,9,0.0208494208494209
V0.5_c2,nobgs,7,emmax,3,0.1,35,62,6,0.0165898617511521,107,8,0.0170894526034713
V0.5_c2,nobgs,7,emmax,3,0.15,35,62,6,0.0165898617511521,100,8,0.0182857142857143
V0.5_c2,nobgs,7,emmax,3,0.2,35,62,6,0.0165898617511521,94,8,0.0194528875379939
V0.5_c2,nobgs,7,emmax,3,0.3,35,62,6,0.0165898617511521,79,7,0.0177215189873418
V0.5_c2,nobgs,7,emmax,3,0.4,35,62,6,0.0165898617511521,72,6,0.0142857142857143
V0.5_c2,nobgs,7,emmax,3,0.5,35,62,6,0.0165898617511521,69,6,0.0149068322981366
V0.5_c2,nobgs,7,emmax,3,0.7,35,62,6,0.0165898617511521,61,6,0.0168618266978923
V0.5_c2,nobgs,7,emmax,5,0.01,35,39,6,0.0263736263736264,81,8,0.0225749559082892
V0.5_c2,nobgs,7,emmax,5,0.02,35,39,6,0.0263736263736264,78,8,0.0234432234432234
V0.5_c2,nobgs,7,emmax,5,0.05,35,39,6,0.0263736263736264,77,8,0.023747680890538
V0.5_c2,nobgs,7,emmax,5,0.1,35,39,6,0.0263736263736264,73,8,0.0250489236790607
V0.5_c2,nobgs,7,emmax,5,0.15,35,39,6,0.0263736263736264,69,8,0.0265010351966874
V0.5_c2,nobgs,7,emmax,5,0.2,35,39,6,0.0263736263736264,65,8,0.0281318681318681
V0.5_c2,nobgs,7,emmax,5,0.3,35,39,6,0.0263736263736264,59,7,0.023728813559322
V0.5_c2,nobgs,7,emmax,5,0.4,35,39,6,0.0263736263736264,50,6,0.0205714285714286
V0.5_c2,nobgs,7,emmax,5,0.5,35,39,6,0.0263736263736264,47,6,0.0218844984802432
V0.5_c2,nobgs,7,emmax,5,0.7,35,39,6,0.0263736263736264,38,6,0.0270676691729323
V0.5_c2,nobgs,7,emmax,10,0.01,35,17,5,0.0420168067226891,42,8,0.0435374149659864
V0.5_c2,nobgs,7,emmax,10,0.02,35,17,5,0.0420168067226891,39,8,0.0468864468864469
V0.5_c2,nobgs,7,emmax,10,0.05,35,17,5,0.0420168067226891,39,8,0.0468864468864469
V0.5_c2,nobgs,7,emmax,10,0.1,35,17,5,0.0420168067226891,37,8,0.0494208494208494
V0.5_c2,nobgs,7,emmax,10,0.15,35,17,5,0.0420168067226891,33,8,0.0554112554112554
V0.5_c2,nobgs,7,emmax,10,0.2,35,17,5,0.0420168067226891,31,8,0.0589861751152074
V0.5_c2,nobgs,7,emmax,10,0.3,35,17,5,0.0420168067226891,28,7,0.05
V0.5_c2,nobgs,7,emmax,10,0.4,35,17,5,0.0420168067226891,25,6,0.0411428571428571
V0.5_c2,nobgs,7,emmax,10,0.5,35,17,5,0.0420168067226891,21,5,0.0340136054421769
V0.5_c2,nobgs,7,emmax,10,0.7,35,17,5,0.0420168067226891,17,5,0.0420168067226891
V0.5_c2,nobgs,7,lfmm,2,0.01,35,247,10,0.0115673799884326,328,11,0.0105400696864112
V0.5_c2,nobgs,7,lfmm,2,0.02,35,247,10,0.0115673799884326,325,11,0.0106373626373626
V0.5_c2,nobgs,7,lfmm,2,0.05,35,247,10,0.0115673799884326,319,11,0.0108374384236453
V0.5_c2,nobgs,7,lfmm,2,0.1,35,247,10,0.0115673799884326,314,11,0.0110100090991811
V0.5_c2,nobgs,7,lfmm,2,0.15,35,247,10,0.0115673799884326,312,12,0.0131868131868132
V0.5_c2,nobgs,7,lfmm,2,0.2,35,247,10,0.0115673799884326,306,12,0.0134453781512605
V0.5_c2,nobgs,7,lfmm,2,0.3,35,247,10,0.0115673799884326,290,12,0.0141871921182266
V0.5_c2,nobgs,7,lfmm,2,0.4,35,247,10,0.0115673799884326,281,12,0.0146415861718353
V0.5_c2,nobgs,7,lfmm,2,0.5,35,247,10,0.0115673799884326,265,10,0.0107816711590296
V0.5_c2,nobgs,7,lfmm,2,0.7,35,247,10,0.0115673799884326,254,10,0.0112485939257593
V0.5_c2,nobgs,7,lfmm,3,0.01,35,191,9,0.0121166791323859,267,10,0.0107009095773141
V0.5_c2,nobgs,7,lfmm,3,0.02,35,191,9,0.0121166791323859,266,10,0.0107411385606874
V0.5_c2,nobgs,7,lfmm,3,0.05,35,191,9,0.0121166791323859,263,10,0.0108636610537751
V0.5_c2,nobgs,7,lfmm,3,0.1,35,191,9,0.0121166791323859,260,10,0.010989010989011
V0.5_c2,nobgs,7,lfmm,3,0.15,35,191,9,0.0121166791323859,253,11,0.0136645962732919
V0.5_c2,nobgs,7,lfmm,3,0.2,35,191,9,0.0121166791323859,247,11,0.0139965297860035
V0.5_c2,nobgs,7,lfmm,3,0.3,35,191,9,0.0121166791323859,236,11,0.0146489104116223
V0.5_c2,nobgs,7,lfmm,3,0.4,35,191,9,0.0121166791323859,226,11,0.0152970922882427
V0.5_c2,nobgs,7,lfmm,3,0.5,35,191,9,0.0121166791323859,212,9,0.0109164420485175
V0.5_c2,nobgs,7,lfmm,3,0.7,35,191,9,0.0121166791323859,192,9,0.0120535714285714
V0.5_c2,nobgs,7,lfmm,5,0.01,35,137,8,0.0133472367049009,196,10,0.0145772594752187
V0.5_c2,nobgs,7,lfmm,5,0.02,35,137,8,0.0133472367049009,194,10,0.0147275405007364
V0.5_c2,nobgs,7,lfmm,5,0.05,35,137,8,0.0133472367049009,192,10,0.0148809523809524
V0.5_c2,nobgs,7,lfmm,5,0.1,35,137,8,0.0133472367049009,187,10,0.0152788388082506
V0.5_c2,nobgs,7,lfmm,5,0.15,35,137,8,0.0133472367049009,184,11,0.0187888198757764
V0.5_c2,nobgs,7,lfmm,5,0.2,35,137,8,0.0133472367049009,180,11,0.0192063492063492
V0.5_c2,nobgs,7,lfmm,5,0.3,35,137,8,0.0133472367049009,172,10,0.0166112956810631
V0.5_c2,nobgs,7,lfmm,5,0.4,35,137,8,0.0133472367049009,158,10,0.0180831826401447
V0.5_c2,nobgs,7,lfmm,5,0.5,35,137,8,0.0133472367049009,152,8,0.0120300751879699
V0.5_c2,nobgs,7,lfmm,5,0.7,35,137,8,0.0133472367049009,139,8,0.0131551901336074
V0.5_c2,nobgs,7,lfmm,10,0.01,35,75,8,0.0243809523809524,123,9,0.018815331010453
V0.5_c2,nobgs,7,lfmm,10,0.02,35,75,8,0.0243809523809524,120,9,0.0192857142857143
V0.5_c2,nobgs,7,lfmm,10,0.05,35,75,8,0.0243809523809524,118,9,0.0196125907990315
V0.5_c2,nobgs,7,lfmm,10,0.1,35,75,8,0.0243809523809524,115,9,0.0201242236024845
V0.5_c2,nobgs,7,lfmm,10,0.15,35,75,8,0.0243809523809524,106,10,0.0269541778975741
V0.5_c2,nobgs,7,lfmm,10,0.2,35,75,8,0.0243809523809524,103,10,0.0277392510402219
V0.5_c2,nobgs,7,lfmm,10,0.3,35,75,8,0.0243809523809524,100,10,0.0285714285714286
V0.5_c2,nobgs,7,lfmm,10,0.4,35,75,8,0.0243809523809524,87,9,0.0266009852216749
V0.5_c2,nobgs,7,lfmm,10,0.5,35,75,8,0.0243809523809524,83,8,0.0220309810671256
V0.5_c2,nobgs,7,lfmm,10,0.7,35,75,8,0.0243809523809524,72,8,0.0253968253968254
V0.5_c2,nobgs,8,emmax,2,0.01,33,189,6,0.00577200577200577,271,9,0.00905736330090574
V0.5_c2,nobgs,8,emmax,2,0.02,33,189,6,0.00577200577200577,266,9,0.00922761449077239
V0.5_c2,nobgs,8,emmax,2,0.05,33,189,6,0.00577200577200577,259,9,0.00947700947700948
V0.5_c2,nobgs,8,emmax,2,0.1,33,189,6,0.00577200577200577,257,9,0.00955076052352317
V0.5_c2,nobgs,8,emmax,2,0.15,33,189,6,0.00577200577200577,247,9,0.00993743099006257
V0.5_c2,nobgs,8,emmax,2,0.2,33,189,6,0.00577200577200577,238,9,0.0103132161955691
V0.5_c2,nobgs,8,emmax,2,0.3,33,189,6,0.00577200577200577,212,8,0.00914808461978273
V0.5_c2,nobgs,8,emmax,2,0.4,33,189,6,0.00577200577200577,201,8,0.00964872606663651
V0.5_c2,nobgs,8,emmax,2,0.5,33,189,6,0.00577200577200577,184,8,0.0105401844532279
V0.5_c2,nobgs,8,emmax,2,0.7,33,189,6,0.00577200577200577,163,6,0.00669269380925823
V0.5_c2,nobgs,8,emmax,3,0.01,33,148,5,0.00511875511875512,218,9,0.0112593828190158
V0.5_c2,nobgs,8,emmax,3,0.02,33,148,5,0.00511875511875512,214,9,0.0114698385726423
V0.5_c2,nobgs,8,emmax,3,0.05,33,148,5,0.00511875511875512,209,9,0.0117442366246194
V0.5_c2,nobgs,8,emmax,3,0.1,33,148,5,0.00511875511875512,205,9,0.0119733924611973
V0.5_c2,nobgs,8,emmax,3,0.15,33,148,5,0.00511875511875512,194,9,0.0126522961574508
V0.5_c2,nobgs,8,emmax,3,0.2,33,148,5,0.00511875511875512,186,9,0.0131964809384164
V0.5_c2,nobgs,8,emmax,3,0.3,33,148,5,0.00511875511875512,172,8,0.0112755461592671
V0.5_c2,nobgs,8,emmax,3,0.4,33,148,5,0.00511875511875512,162,8,0.0119715675271231
V0.5_c2,nobgs,8,emmax,3,0.5,33,148,5,0.00511875511875512,146,8,0.0132835201328352
V0.5_c2,nobgs,8,emmax,3,0.7,33,148,5,0.00511875511875512,131,5,0.00578302105019662
V0.5_c2,nobgs,8,emmax,5,0.01,33,106,5,0.00714694110920526,167,9,0.0146978769733261
V0.5_c2,nobgs,8,emmax,5,0.02,33,106,5,0.00714694110920526,165,9,0.0148760330578512
V0.5_c2,nobgs,8,emmax,5,0.05,33,106,5,0.00714694110920526,157,9,0.0156340474811812
V0.5_c2,nobgs,8,emmax,5,0.1,33,106,5,0.00714694110920526,153,9,0.0160427807486631
V0.5_c2,nobgs,8,emmax,5,0.15,33,106,5,0.00714694110920526,147,9,0.0166975881261596
V0.5_c2,nobgs,8,emmax,5,0.2,33,106,5,0.00714694110920526,143,9,0.0171646535282899
V0.5_c2,nobgs,8,emmax,5,0.3,33,106,5,0.00714694110920526,129,7,0.0115104533709185
V0.5_c2,nobgs,8,emmax,5,0.4,33,106,5,0.00714694110920526,122,7,0.0121708892200696
V0.5_c2,nobgs,8,emmax,5,0.5,33,106,5,0.00714694110920526,109,7,0.0136224631637476
V0.5_c2,nobgs,8,emmax,5,0.7,33,106,5,0.00714694110920526,90,5,0.00841750841750842
V0.5_c2,nobgs,8,emmax,10,0.01,33,73,5,0.0103777501037775,116,7,0.0128004179728318
V0.5_c2,nobgs,8,emmax,10,0.02,33,73,5,0.0103777501037775,115,7,0.0129117259552042
V0.5_c2,nobgs,8,emmax,10,0.05,33,73,5,0.0103777501037775,111,6,0.00982800982800983
V0.5_c2,nobgs,8,emmax,10,0.1,33,73,5,0.0103777501037775,105,6,0.0103896103896104
V0.5_c2,nobgs,8,emmax,10,0.15,33,73,5,0.0103777501037775,100,6,0.0109090909090909
V0.5_c2,nobgs,8,emmax,10,0.2,33,73,5,0.0103777501037775,97,6,0.0112464854732896
V0.5_c2,nobgs,8,emmax,10,0.3,33,73,5,0.0103777501037775,85,6,0.0128342245989305
V0.5_c2,nobgs,8,emmax,10,0.4,33,73,5,0.0103777501037775,79,6,0.0138089758342923
V0.5_c2,nobgs,8,emmax,10,0.5,33,73,5,0.0103777501037775,67,6,0.0162822252374491
V0.5_c2,nobgs,8,emmax,10,0.7,33,73,5,0.0103777501037775,56,5,0.0135281385281385
V0.5_c2,nobgs,8,lfmm,2,0.01,33,276,11,0.0132850241545894,316,15,0.0215765247410817
V0.5_c2,nobgs,8,lfmm,2,0.02,33,276,11,0.0132850241545894,314,15,0.0217139548349739
V0.5_c2,nobgs,8,lfmm,2,0.05,33,276,11,0.0132850241545894,307,15,0.0222090612970092
V0.5_c2,nobgs,8,lfmm,2,0.1,33,276,11,0.0132850241545894,302,15,0.022576760987357
V0.5_c2,nobgs,8,lfmm,2,0.15,33,276,11,0.0132850241545894,304,13,0.0168460925039872
V0.5_c2,nobgs,8,lfmm,2,0.2,33,276,11,0.0132850241545894,305,13,0.0167908594138102
V0.5_c2,nobgs,8,lfmm,2,0.3,33,276,11,0.0132850241545894,291,13,0.0175986670832032
V0.5_c2,nobgs,8,lfmm,2,0.4,33,276,11,0.0132850241545894,289,13,0.0177204571668239
V0.5_c2,nobgs,8,lfmm,2,0.5,33,276,11,0.0132850241545894,279,12,0.0156402737047898
V0.5_c2,nobgs,8,lfmm,2,0.7,33,276,11,0.0132850241545894,272,12,0.0160427807486631
V0.5_c2,nobgs,8,lfmm,3,0.01,33,226,11,0.0162241887905605,256,15,0.0266335227272727
V0.5_c2,nobgs,8,lfmm,3,0.02,33,226,11,0.0162241887905605,252,14,0.0235690235690236
V0.5_c2,nobgs,8,lfmm,3,0.05,33,226,11,0.0162241887905605,249,14,0.0238529877084094
V0.5_c2,nobgs,8,lfmm,3,0.1,33,226,11,0.0162241887905605,250,14,0.0237575757575758
V0.5_c2,nobgs,8,lfmm,3,0.15,33,226,11,0.0162241887905605,252,13,0.0203222703222703
V0.5_c2,nobgs,8,lfmm,3,0.2,33,226,11,0.0162241887905605,248,13,0.0206500488758553
V0.5_c2,nobgs,8,lfmm,3,0.3,33,226,11,0.0162241887905605,237,13,0.0216084899629203
V0.5_c2,nobgs,8,lfmm,3,0.4,33,226,11,0.0162241887905605,233,13,0.0219794511640005
V0.5_c2,nobgs,8,lfmm,3,0.5,33,226,11,0.0162241887905605,229,12,0.019055180627233
V0.5_c2,nobgs,8,lfmm,3,0.7,33,226,11,0.0162241887905605,219,12,0.0199252801992528
V0.5_c2,nobgs,8,lfmm,5,0.01,33,169,11,0.0216962524654832,198,13,0.0258647076828895
V0.5_c2,nobgs,8,lfmm,5,0.02,33,169,11,0.0216962524654832,196,13,0.0261286332714904
V0.5_c2,nobgs,8,lfmm,5,0.05,33,169,11,0.0216962524654832,195,13,0.0262626262626263
V0.5_c2,nobgs,8,lfmm,5,0.1,33,169,11,0.0216962524654832,189,13,0.0270963604296938
V0.5_c2,nobgs,8,lfmm,5,0.15,33,169,11,0.0216962524654832,198,13,0.0258647076828895
V0.5_c2,nobgs,8,lfmm,5,0.2,33,169,11,0.0216962524654832,198,13,0.0258647076828895
V0.5_c2,nobgs,8,lfmm,5,0.3,33,169,11,0.0216962524654832,188,13,0.0272404900064475
V0.5_c2,nobgs,8,lfmm,5,0.4,33,169,11,0.0216962524654832,183,13,0.0279847656896837
V0.5_c2,nobgs,8,lfmm,5,0.5,33,169,11,0.0216962524654832,176,12,0.0247933884297521
V0.5_c2,nobgs,8,lfmm,5,0.7,33,169,11,0.0216962524654832,166,12,0.0262869660460022
V0.5_c2,nobgs,8,lfmm,10,0.01,33,117,10,0.0259000259000259,140,13,0.0365800865800866
V0.5_c2,nobgs,8,lfmm,10,0.02,33,117,10,0.0259000259000259,136,13,0.0376559714795009
V0.5_c2,nobgs,8,lfmm,10,0.05,33,117,10,0.0259000259000259,131,13,0.0390932222993292
V0.5_c2,nobgs,8,lfmm,10,0.1,33,117,10,0.0259000259000259,131,13,0.0390932222993292
V0.5_c2,nobgs,8,lfmm,10,0.15,33,117,10,0.0259000259000259,134,13,0.0382180009045681
V0.5_c2,nobgs,8,lfmm,10,0.2,33,117,10,0.0259000259000259,133,13,0.038505354294828
V0.5_c2,nobgs,8,lfmm,10,0.3,33,117,10,0.0259000259000259,130,13,0.0393939393939394
V0.5_c2,nobgs,8,lfmm,10,0.4,33,117,10,0.0259000259000259,127,13,0.040324504891434
V0.5_c2,nobgs,8,lfmm,10,0.5,33,117,10,0.0259000259000259,122,12,0.0357675111773472
V0.5_c2,nobgs,8,lfmm,10,0.7,33,117,10,0.0259000259000259,107,11,0.0342679127725857
V0.5_c2,nobgs,9,emmax,2,0.01,35,5,2,0.0228571428571429,38,3,0.00676691729323308
V0.5_c2,nobgs,9,emmax,2,0.02,35,5,2,0.0228571428571429,34,3,0.00756302521008403
V0.5_c2,nobgs,9,emmax,2,0.05,35,5,2,0.0228571428571429,33,3,0.00779220779220779
V0.5_c2,nobgs,9,emmax,2,0.1,35,5,2,0.0228571428571429,29,3,0.00886699507389163
V0.5_c2,nobgs,9,emmax,2,0.15,35,5,2,0.0228571428571429,20,3,0.0128571428571429
V0.5_c2,nobgs,9,emmax,2,0.2,35,5,2,0.0228571428571429,17,2,0.00672268907563025
V0.5_c2,nobgs,9,emmax,2,0.3,35,5,2,0.0228571428571429,12,2,0.00952380952380952
V0.5_c2,nobgs,9,emmax,2,0.4,35,5,2,0.0228571428571429,5,2,0.0228571428571429
V0.5_c2,nobgs,9,emmax,2,0.5,35,5,2,0.0228571428571429,5,2,0.0228571428571429
V0.5_c2,nobgs,9,emmax,2,0.7,35,5,2,0.0228571428571429,5,2,0.0228571428571429
V0.5_c2,nobgs,9,emmax,3,0.01,35,4,2,0.0285714285714286,25,3,0.0102857142857143
V0.5_c2,nobgs,9,emmax,3,0.02,35,4,2,0.0285714285714286,21,3,0.0122448979591837
V0.5_c2,nobgs,9,emmax,3,0.05,35,4,2,0.0285714285714286,21,3,0.0122448979591837
V0.5_c2,nobgs,9,emmax,3,0.1,35,4,2,0.0285714285714286,19,3,0.0135338345864662
V0.5_c2,nobgs,9,emmax,3,0.15,35,4,2,0.0285714285714286,11,3,0.0233766233766234
V0.5_c2,nobgs,9,emmax,3,0.2,35,4,2,0.0285714285714286,9,2,0.0126984126984127
V0.5_c2,nobgs,9,emmax,3,0.3,35,4,2,0.0285714285714286,7,2,0.0163265306122449
V0.5_c2,nobgs,9,emmax,3,0.4,35,4,2,0.0285714285714286,5,2,0.0228571428571429
V0.5_c2,nobgs,9,emmax,3,0.5,35,4,2,0.0285714285714286,5,2,0.0228571428571429
V0.5_c2,nobgs,9,emmax,3,0.7,35,4,2,0.0285714285714286,5,2,0.0228571428571429
V0.5_c2,nobgs,9,emmax,5,0.01,35,2,1,0.0142857142857143,10,2,0.0114285714285714
V0.5_c2,nobgs,9,emmax,5,0.02,35,2,1,0.0142857142857143,9,2,0.0126984126984127
V0.5_c2,nobgs,9,emmax,5,0.05,35,2,1,0.0142857142857143,9,2,0.0126984126984127
V0.5_c2,nobgs,9,emmax,5,0.1,35,2,1,0.0142857142857143,7,2,0.0163265306122449
V0.5_c2,nobgs,9,emmax,5,0.15,35,2,1,0.0142857142857143,4,2,0.0285714285714286
V0.5_c2,nobgs,9,emmax,5,0.2,35,2,1,0.0142857142857143,3,1,0.00952380952380952
V0.5_c2,nobgs,9,emmax,5,0.3,35,2,1,0.0142857142857143,3,1,0.00952380952380952
V0.5_c2,nobgs,9,emmax,5,0.4,35,2,1,0.0142857142857143,3,1,0.00952380952380952
V0.5_c2,nobgs,9,emmax,5,0.5,35,2,1,0.0142857142857143,3,1,0.00952380952380952
V0.5_c2,nobgs,9,emmax,5,0.7,35,2,1,0.0142857142857143,3,1,0.00952380952380952
V0.5_c2,nobgs,9,emmax,10,0.01,35,1,1,0.0285714285714286,6,2,0.019047619047619
V0.5_c2,nobgs,9,emmax,10,0.02,35,1,1,0.0285714285714286,6,2,0.019047619047619
V0.5_c2,nobgs,9,emmax,10,0.05,35,1,1,0.0285714285714286,4,2,0.0285714285714286
V0.5_c2,nobgs,9,emmax,10,0.1,35,1,1,0.0285714285714286,4,2,0.0285714285714286
V0.5_c2,nobgs,9,emmax,10,0.15,35,1,1,0.0285714285714286,4,2,0.0285714285714286
V0.5_c2,nobgs,9,emmax,10,0.2,35,1,1,0.0285714285714286,3,1,0.00952380952380952
V0.5_c2,nobgs,9,emmax,10,0.3,35,1,1,0.0285714285714286,3,1,0.00952380952380952
V0.5_c2,nobgs,9,emmax,10,0.4,35,1,1,0.0285714285714286,2,1,0.0142857142857143
V0.5_c2,nobgs,9,emmax,10,0.5,35,1,1,0.0285714285714286,2,1,0.0142857142857143
V0.5_c2,nobgs,9,emmax,10,0.7,35,1,1,0.0285714285714286,2,1,0.0142857142857143
V0.5_c2,nobgs,9,lfmm,2,0.01,35,110,4,0.00415584415584416,215,9,0.0107641196013289
V0.5_c2,nobgs,9,lfmm,2,0.02,35,110,4,0.00415584415584416,208,9,0.0111263736263736
V0.5_c2,nobgs,9,lfmm,2,0.05,35,110,4,0.00415584415584416,199,9,0.0116295764536971
V0.5_c2,nobgs,9,lfmm,2,0.1,35,110,4,0.00415584415584416,190,9,0.0121804511278196
V0.5_c2,nobgs,9,lfmm,2,0.15,35,110,4,0.00415584415584416,167,9,0.013857998289136
V0.5_c2,nobgs,9,lfmm,2,0.2,35,110,4,0.00415584415584416,154,8,0.011873840445269
V0.5_c2,nobgs,9,lfmm,2,0.3,35,110,4,0.00415584415584416,139,7,0.0100719424460432
V0.5_c2,nobgs,9,lfmm,2,0.4,35,110,4,0.00415584415584416,131,7,0.0106870229007634
V0.5_c2,nobgs,9,lfmm,2,0.5,35,110,4,0.00415584415584416,125,7,0.0112
V0.5_c2,nobgs,9,lfmm,2,0.7,35,110,4,0.00415584415584416,116,6,0.00886699507389163
V0.5_c2,nobgs,9,lfmm,3,0.01,35,82,3,0.00313588850174216,153,7,0.00915032679738562
V0.5_c2,nobgs,9,lfmm,3,0.02,35,82,3,0.00313588850174216,150,7,0.00933333333333333
V0.5_c2,nobgs,9,lfmm,3,0.05,35,82,3,0.00313588850174216,144,7,0.00972222222222222
V0.5_c2,nobgs,9,lfmm,3,0.1,35,82,3,0.00313588850174216,138,6,0.00745341614906832
V0.5_c2,nobgs,9,lfmm,3,0.15,35,82,3,0.00313588850174216,127,6,0.00809898762654668
V0.5_c2,nobgs,9,lfmm,3,0.2,35,82,3,0.00313588850174216,120,6,0.00857142857142857
V0.5_c2,nobgs,9,lfmm,3,0.3,35,82,3,0.00313588850174216,103,6,0.00998613037447989
V0.5_c2,nobgs,9,lfmm,3,0.4,35,82,3,0.00313588850174216,95,6,0.0108270676691729
V0.5_c2,nobgs,9,lfmm,3,0.5,35,82,3,0.00313588850174216,90,6,0.0114285714285714
V0.5_c2,nobgs,9,lfmm,3,0.7,35,82,3,0.00313588850174216,84,5,0.00850340136054422
V0.5_c2,nobgs,9,lfmm,5,0.01,35,49,3,0.00524781341107872,89,5,0.00802568218298555
V0.5_c2,nobgs,9,lfmm,5,0.02,35,49,3,0.00524781341107872,89,5,0.00802568218298555
V0.5_c2,nobgs,9,lfmm,5,0.05,35,49,3,0.00524781341107872,83,5,0.00860585197934596
V0.5_c2,nobgs,9,lfmm,5,0.1,35,49,3,0.00524781341107872,77,5,0.00927643784786642
V0.5_c2,nobgs,9,lfmm,5,0.15,35,49,3,0.00524781341107872,73,5,0.00978473581213307
V0.5_c2,nobgs,9,lfmm,5,0.2,35,49,3,0.00524781341107872,68,5,0.0105042016806723
V0.5_c2,nobgs,9,lfmm,5,0.3,35,49,3,0.00524781341107872,59,5,0.0121065375302663
V0.5_c2,nobgs,9,lfmm,5,0.4,35,49,3,0.00524781341107872,54,5,0.0132275132275132
V0.5_c2,nobgs,9,lfmm,5,0.5,35,49,3,0.00524781341107872,53,5,0.0134770889487871
V0.5_c2,nobgs,9,lfmm,5,0.7,35,49,3,0.00524781341107872,47,5,0.0151975683890578
V0.5_c2,nobgs,9,lfmm,10,0.01,35,21,2,0.0054421768707483,44,4,0.0103896103896104
V0.5_c2,nobgs,9,lfmm,10,0.02,35,21,2,0.0054421768707483,43,4,0.0106312292358804
V0.5_c2,nobgs,9,lfmm,10,0.05,35,21,2,0.0054421768707483,43,4,0.0106312292358804
V0.5_c2,nobgs,9,lfmm,10,0.1,35,21,2,0.0054421768707483,37,4,0.0123552123552124
V0.5_c2,nobgs,9,lfmm,10,0.15,35,21,2,0.0054421768707483,34,4,0.0134453781512605
V0.5_c2,nobgs,9,lfmm,10,0.2,35,21,2,0.0054421768707483,27,4,0.0169312169312169
V0.5_c2,nobgs,9,lfmm,10,0.3,35,21,2,0.0054421768707483,25,4,0.0182857142857143
V0.5_c2,nobgs,9,lfmm,10,0.4,35,21,2,0.0054421768707483,24,4,0.019047619047619
V0.5_c2,nobgs,9,lfmm,10,0.5,35,21,2,0.0054421768707483,23,4,0.0198757763975155
V0.5_c2,nobgs,9,lfmm,10,0.7,35,21,2,0.0054421768707483,19,4,0.0240601503759399
V0.5_c2,nobgs,10,emmax,2,0.01,33,86,4,0.00563777307963355,157,4,0.00308820690986296
V0.5_c2,nobgs,10,emmax,2,0.02,33,86,4,0.00563777307963355,151,4,0.00321091711820189
V0.5_c2,nobgs,10,emmax,2,0.05,33,86,4,0.00563777307963355,147,4,0.00329828901257473
V0.5_c2,nobgs,10,emmax,2,0.1,33,86,4,0.00563777307963355,138,4,0.00351339481774264
V0.5_c2,nobgs,10,emmax,2,0.15,33,86,4,0.00563777307963355,126,4,0.00384800384800385
V0.5_c2,nobgs,10,emmax,2,0.2,33,86,4,0.00563777307963355,119,4,0.00407435701553349
V0.5_c2,nobgs,10,emmax,2,0.3,33,86,4,0.00563777307963355,112,4,0.00432900432900433
V0.5_c2,nobgs,10,emmax,2,0.4,33,86,4,0.00563777307963355,105,4,0.00461760461760462
V0.5_c2,nobgs,10,emmax,2,0.5,33,86,4,0.00563777307963355,99,4,0.00489745944291399
V0.5_c2,nobgs,10,emmax,2,0.7,33,86,4,0.00563777307963355,85,4,0.00570409982174688
V0.5_c2,nobgs,10,emmax,3,0.01,33,60,3,0.00454545454545455,113,4,0.00429069455618128
V0.5_c2,nobgs,10,emmax,3,0.02,33,60,3,0.00454545454545455,111,4,0.00436800436800437
V0.5_c2,nobgs,10,emmax,3,0.05,33,60,3,0.00454545454545455,107,4,0.00453129425092042
V0.5_c2,nobgs,10,emmax,3,0.1,33,60,3,0.00454545454545455,95,4,0.005103668261563
V0.5_c2,nobgs,10,emmax,3,0.15,33,60,3,0.00454545454545455,91,4,0.00532800532800533
V0.5_c2,nobgs,10,emmax,3,0.2,33,60,3,0.00454545454545455,87,4,0.00557297109021247
V0.5_c2,nobgs,10,emmax,3,0.3,33,60,3,0.00454545454545455,81,4,0.00598578376356154
V0.5_c2,nobgs,10,emmax,3,0.4,33,60,3,0.00454545454545455,78,4,0.00621600621600622
V0.5_c2,nobgs,10,emmax,3,0.5,33,60,3,0.00454545454545455,75,4,0.00646464646464647
V0.5_c2,nobgs,10,emmax,3,0.7,33,60,3,0.00454545454545455,61,4,0.00794833581718828
V0.5_c2,nobgs,10,emmax,5,0.01,33,37,1,0.000819000819000819,81,4,0.00598578376356154
V0.5_c2,nobgs,10,emmax,5,0.02,33,37,1,0.000819000819000819,79,4,0.0061373225930188
V0.5_c2,nobgs,10,emmax,5,0.05,33,37,1,0.000819000819000819,77,4,0.00629673356946084
V0.5_c2,nobgs,10,emmax,5,0.1,33,37,1,0.000819000819000819,69,4,0.00702678963548529
V0.5_c2,nobgs,10,emmax,5,0.15,33,37,1,0.000819000819000819,64,4,0.00757575757575758
V0.5_c2,nobgs,10,emmax,5,0.2,33,37,1,0.000819000819000819,61,4,0.00794833581718828
V0.5_c2,nobgs,10,emmax,5,0.3,33,37,1,0.000819000819000819,56,4,0.00865800865800866
V0.5_c2,nobgs,10,emmax,5,0.4,33,37,1,0.000819000819000819,52,4,0.00932400932400932
V0.5_c2,nobgs,10,emmax,5,0.5,33,37,1,0.000819000819000819,50,4,0.0096969696969697
V0.5_c2,nobgs,10,emmax,5,0.7,33,37,1,0.000819000819000819,36,1,0.000841750841750842
V0.5_c2,nobgs,10,emmax,10,0.01,33,19,1,0.00159489633173844,43,2,0.00281888653981677
V0.5_c2,nobgs,10,emmax,10,0.02,33,19,1,0.00159489633173844,39,1,0.000777000777000777
V0.5_c2,nobgs,10,emmax,10,0.05,33,19,1,0.00159489633173844,38,1,0.000797448165869219
V0.5_c2,nobgs,10,emmax,10,0.1,33,19,1,0.00159489633173844,32,1,0.000946969696969697
V0.5_c2,nobgs,10,emmax,10,0.15,33,19,1,0.00159489633173844,29,1,0.00104493207941484
V0.5_c2,nobgs,10,emmax,10,0.2,33,19,1,0.00159489633173844,26,1,0.00116550116550117
V0.5_c2,nobgs,10,emmax,10,0.3,33,19,1,0.00159489633173844,26,1,0.00116550116550117
V0.5_c2,nobgs,10,emmax,10,0.4,33,19,1,0.00159489633173844,23,1,0.00131752305665349
V0.5_c2,nobgs,10,emmax,10,0.5,33,19,1,0.00159489633173844,22,1,0.00137741046831956
V0.5_c2,nobgs,10,emmax,10,0.7,33,19,1,0.00159489633173844,19,1,0.00159489633173844
V0.5_c2,nobgs,10,lfmm,2,0.01,33,194,7,0.00765385816932209,264,8,0.00734618916437098
V0.5_c2,nobgs,10,lfmm,2,0.02,33,194,7,0.00765385816932209,262,8,0.00740226694425168
V0.5_c2,nobgs,10,lfmm,2,0.05,33,194,7,0.00765385816932209,254,8,0.00763540921021236
V0.5_c2,nobgs,10,lfmm,2,0.1,33,194,7,0.00765385816932209,255,8,0.00760546642899584
V0.5_c2,nobgs,10,lfmm,2,0.15,33,194,7,0.00765385816932209,242,7,0.00613573754069622
V0.5_c2,nobgs,10,lfmm,2,0.2,33,194,7,0.00765385816932209,232,7,0.00640020898641588
V0.5_c2,nobgs,10,lfmm,2,0.3,33,194,7,0.00765385816932209,220,8,0.00881542699724518
V0.5_c2,nobgs,10,lfmm,2,0.4,33,194,7,0.00765385816932209,207,8,0.00936905284731372
V0.5_c2,nobgs,10,lfmm,2,0.5,33,194,7,0.00765385816932209,204,8,0.0095068330362448
V0.5_c2,nobgs,10,lfmm,2,0.7,33,194,7,0.00765385816932209,194,8,0.00999687597625742
V0.5_c2,nobgs,10,lfmm,3,0.01,33,156,7,0.00951825951825952,207,8,0.00936905284731372
V0.5_c2,nobgs,10,lfmm,3,0.02,33,156,7,0.00951825951825952,202,8,0.0096009600960096
V0.5_c2,nobgs,10,lfmm,3,0.05,33,156,7,0.00951825951825952,197,8,0.00984463928626365
V0.5_c2,nobgs,10,lfmm,3,0.1,33,156,7,0.00951825951825952,203,8,0.00955366472607852
V0.5_c2,nobgs,10,lfmm,3,0.15,33,156,7,0.00951825951825952,192,7,0.00773358585858586
V0.5_c2,nobgs,10,lfmm,3,0.2,33,156,7,0.00951825951825952,187,7,0.00794036622913628
V0.5_c2,nobgs,10,lfmm,3,0.3,33,156,7,0.00951825951825952,176,8,0.0110192837465565
V0.5_c2,nobgs,10,lfmm,3,0.4,33,156,7,0.00951825951825952,169,8,0.0114757037833961
V0.5_c2,nobgs,10,lfmm,3,0.5,33,156,7,0.00951825951825952,161,8,0.0120459250894033
V0.5_c2,nobgs,10,lfmm,3,0.7,33,156,7,0.00951825951825952,155,8,0.0125122189638319
V0.5_c2,nobgs,10,lfmm,5,0.01,33,113,7,0.0131402520783052,155,8,0.0125122189638319
V0.5_c2,nobgs,10,lfmm,5,0.02,33,113,7,0.0131402520783052,149,8,0.0130160667073419
V0.5_c2,nobgs,10,lfmm,5,0.05,33,113,7,0.0131402520783052,144,8,0.0134680134680135
V0.5_c2,nobgs,10,lfmm,5,0.1,33,113,7,0.0131402520783052,144,8,0.0134680134680135
V0.5_c2,nobgs,10,lfmm,5,0.15,33,113,7,0.0131402520783052,137,7,0.0108383101083831
V0.5_c2,nobgs,10,lfmm,5,0.2,33,113,7,0.0131402520783052,133,7,0.0111642743221691
V0.5_c2,nobgs,10,lfmm,5,0.3,33,113,7,0.0131402520783052,127,8,0.0152708184204247
V0.5_c2,nobgs,10,lfmm,5,0.4,33,113,7,0.0131402520783052,119,8,0.0162974280621339
V0.5_c2,nobgs,10,lfmm,5,0.5,33,113,7,0.0131402520783052,118,8,0.0164355418592707
V0.5_c2,nobgs,10,lfmm,5,0.7,33,113,7,0.0131402520783052,106,8,0.0182961692395655
V0.5_c2,nobgs,10,lfmm,10,0.01,33,67,6,0.0162822252374491,97,8,0.0199937519525148
V0.5_c2,nobgs,10,lfmm,10,0.02,33,67,6,0.0162822252374491,95,8,0.020414673046252
V0.5_c2,nobgs,10,lfmm,10,0.05,33,67,6,0.0162822252374491,90,8,0.0215488215488215
V0.5_c2,nobgs,10,lfmm,10,0.1,33,67,6,0.0162822252374491,90,8,0.0215488215488215
V0.5_c2,nobgs,10,lfmm,10,0.15,33,67,6,0.0162822252374491,85,7,0.0174688057040998
V0.5_c2,nobgs,10,lfmm,10,0.2,33,67,6,0.0162822252374491,79,7,0.0187955504411201
V0.5_c2,nobgs,10,lfmm,10,0.3,33,67,6,0.0162822252374491,76,7,0.0195374800637959
V0.5_c2,nobgs,10,lfmm,10,0.4,33,67,6,0.0162822252374491,71,7,0.020913358941528
V0.5_c2,nobgs,10,lfmm,10,0.5,33,67,6,0.0162822252374491,66,7,0.0224977043158861
V0.5_c2,nobgs,10,lfmm,10,0.7,33,67,6,0.0162822252374491,60,7,0.0247474747474748
V1_c1.5,bgs,1,emmax,2,0.01,23,5,2,0.0347826086956522,36,8,0.0772946859903382
V1_c1.5,bgs,1,emmax,2,0.02,23,5,2,0.0347826086956522,35,8,0.0795031055900621
V1_c1.5,bgs,1,emmax,2,0.05,23,5,2,0.0347826086956522,24,8,0.115942028985507
V1_c1.5,bgs,1,emmax,2,0.1,23,5,2,0.0347826086956522,20,6,0.0782608695652174
V1_c1.5,bgs,1,emmax,2,0.15,23,5,2,0.0347826086956522,16,6,0.0978260869565217
V1_c1.5,bgs,1,emmax,2,0.2,23,5,2,0.0347826086956522,10,2,0.0173913043478261
V1_c1.5,bgs,1,emmax,2,0.3,23,5,2,0.0347826086956522,9,2,0.0193236714975845
V1_c1.5,bgs,1,emmax,2,0.4,23,5,2,0.0347826086956522,7,2,0.0248447204968944
V1_c1.5,bgs,1,emmax,2,0.5,23,5,2,0.0347826086956522,7,2,0.0248447204968944
V1_c1.5,bgs,1,emmax,2,0.7,23,5,2,0.0347826086956522,5,2,0.0347826086956522
V1_c1.5,bgs,1,emmax,3,0.01,23,4,2,0.0434782608695652,26,8,0.107023411371237
V1_c1.5,bgs,1,emmax,3,0.02,23,4,2,0.0434782608695652,26,8,0.107023411371237
V1_c1.5,bgs,1,emmax,3,0.05,23,4,2,0.0434782608695652,17,8,0.163682864450128
V1_c1.5,bgs,1,emmax,3,0.1,23,4,2,0.0434782608695652,12,6,0.130434782608696
V1_c1.5,bgs,1,emmax,3,0.15,23,4,2,0.0434782608695652,11,6,0.142292490118577
V1_c1.5,bgs,1,emmax,3,0.2,23,4,2,0.0434782608695652,5,2,0.0347826086956522
V1_c1.5,bgs,1,emmax,3,0.3,23,4,2,0.0434782608695652,4,2,0.0434782608695652
V1_c1.5,bgs,1,emmax,3,0.4,23,4,2,0.0434782608695652,4,2,0.0434782608695652
V1_c1.5,bgs,1,emmax,3,0.5,23,4,2,0.0434782608695652,3,2,0.0579710144927536
V1_c1.5,bgs,1,emmax,3,0.7,23,4,2,0.0434782608695652,3,2,0.0579710144927536
V1_c1.5,bgs,1,emmax,5,0.01,23,4,2,0.0434782608695652,21,8,0.132505175983437
V1_c1.5,bgs,1,emmax,5,0.02,23,4,2,0.0434782608695652,20,8,0.139130434782609
V1_c1.5,bgs,1,emmax,5,0.05,23,4,2,0.0434782608695652,16,8,0.173913043478261
V1_c1.5,bgs,1,emmax,5,0.1,23,4,2,0.0434782608695652,12,6,0.130434782608696
V1_c1.5,bgs,1,emmax,5,0.15,23,4,2,0.0434782608695652,9,5,0.120772946859903
V1_c1.5,bgs,1,emmax,5,0.2,23,4,2,0.0434782608695652,5,2,0.0347826086956522
V1_c1.5,bgs,1,emmax,5,0.3,23,4,2,0.0434782608695652,4,2,0.0434782608695652
V1_c1.5,bgs,1,emmax,5,0.4,23,4,2,0.0434782608695652,4,2,0.0434782608695652
V1_c1.5,bgs,1,emmax,5,0.5,23,4,2,0.0434782608695652,3,2,0.0579710144927536
V1_c1.5,bgs,1,emmax,5,0.7,23,4,2,0.0434782608695652,3,2,0.0579710144927536
V1_c1.5,bgs,1,emmax,10,0.01,23,2,2,0.0869565217391304,16,7,0.133152173913043
V1_c1.5,bgs,1,emmax,10,0.02,23,2,2,0.0869565217391304,15,7,0.142028985507246
V1_c1.5,bgs,1,emmax,10,0.05,23,2,2,0.0869565217391304,11,7,0.193675889328063
V1_c1.5,bgs,1,emmax,10,0.1,23,2,2,0.0869565217391304,7,5,0.15527950310559
V1_c1.5,bgs,1,emmax,10,0.15,23,2,2,0.0869565217391304,6,4,0.115942028985507
V1_c1.5,bgs,1,emmax,10,0.2,23,2,2,0.0869565217391304,3,2,0.0579710144927536
V1_c1.5,bgs,1,emmax,10,0.3,23,2,2,0.0869565217391304,3,2,0.0579710144927536
V1_c1.5,bgs,1,emmax,10,0.4,23,2,2,0.0869565217391304,3,2,0.0579710144927536
V1_c1.5,bgs,1,emmax,10,0.5,23,2,2,0.0869565217391304,3,2,0.0579710144927536
V1_c1.5,bgs,1,emmax,10,0.7,23,2,2,0.0869565217391304,2,2,0.0869565217391304
V1_c1.5,bgs,1,lfmm,2,0.01,23,12,5,0.0905797101449275,31,9,0.113604488078541
V1_c1.5,bgs,1,lfmm,2,0.02,23,12,5,0.0905797101449275,26,9,0.135451505016722
V1_c1.5,bgs,1,lfmm,2,0.05,23,12,5,0.0905797101449275,22,9,0.160079051383399
V1_c1.5,bgs,1,lfmm,2,0.1,23,12,5,0.0905797101449275,19,8,0.146453089244851
V1_c1.5,bgs,1,lfmm,2,0.15,23,12,5,0.0905797101449275,18,7,0.118357487922705
V1_c1.5,bgs,1,lfmm,2,0.2,23,12,5,0.0905797101449275,16,6,0.0978260869565217
V1_c1.5,bgs,1,lfmm,2,0.3,23,12,5,0.0905797101449275,13,6,0.120401337792642
V1_c1.5,bgs,1,lfmm,2,0.4,23,12,5,0.0905797101449275,13,6,0.120401337792642
V1_c1.5,bgs,1,lfmm,2,0.5,23,12,5,0.0905797101449275,13,6,0.120401337792642
V1_c1.5,bgs,1,lfmm,2,0.7,23,12,5,0.0905797101449275,11,5,0.0988142292490119
V1_c1.5,bgs,1,lfmm,3,0.01,23,7,3,0.0559006211180124,21,8,0.132505175983437
V1_c1.5,bgs,1,lfmm,3,0.02,23,7,3,0.0559006211180124,21,8,0.132505175983437
V1_c1.5,bgs,1,lfmm,3,0.05,23,7,3,0.0559006211180124,18,7,0.118357487922705
V1_c1.5,bgs,1,lfmm,3,0.1,23,7,3,0.0559006211180124,15,7,0.142028985507246
V1_c1.5,bgs,1,lfmm,3,0.15,23,7,3,0.0559006211180124,15,6,0.104347826086957
V1_c1.5,bgs,1,lfmm,3,0.2,23,7,3,0.0559006211180124,13,5,0.0836120401337793
V1_c1.5,bgs,1,lfmm,3,0.3,23,7,3,0.0559006211180124,10,5,0.108695652173913
V1_c1.5,bgs,1,lfmm,3,0.4,23,7,3,0.0559006211180124,10,5,0.108695652173913
V1_c1.5,bgs,1,lfmm,3,0.5,23,7,3,0.0559006211180124,10,5,0.108695652173913
V1_c1.5,bgs,1,lfmm,3,0.7,23,7,3,0.0559006211180124,7,4,0.0993788819875776
V1_c1.5,bgs,1,lfmm,5,0.01,23,6,3,0.0652173913043478,16,7,0.133152173913043
V1_c1.5,bgs,1,lfmm,5,0.02,23,6,3,0.0652173913043478,16,7,0.133152173913043
V1_c1.5,bgs,1,lfmm,5,0.05,23,6,3,0.0652173913043478,14,7,0.152173913043478
V1_c1.5,bgs,1,lfmm,5,0.1,23,6,3,0.0652173913043478,13,7,0.163879598662207
V1_c1.5,bgs,1,lfmm,5,0.15,23,6,3,0.0652173913043478,11,6,0.142292490118577
V1_c1.5,bgs,1,lfmm,5,0.2,23,6,3,0.0652173913043478,9,4,0.0772946859903382
V1_c1.5,bgs,1,lfmm,5,0.3,23,6,3,0.0652173913043478,8,4,0.0869565217391304
V1_c1.5,bgs,1,lfmm,5,0.4,23,6,3,0.0652173913043478,8,4,0.0869565217391304
V1_c1.5,bgs,1,lfmm,5,0.5,23,6,3,0.0652173913043478,8,4,0.0869565217391304
V1_c1.5,bgs,1,lfmm,5,0.7,23,6,3,0.0652173913043478,6,4,0.115942028985507
V1_c1.5,bgs,1,lfmm,10,0.01,23,2,1,0.0217391304347826,10,6,0.156521739130435
V1_c1.5,bgs,1,lfmm,10,0.02,23,2,1,0.0217391304347826,10,6,0.156521739130435
V1_c1.5,bgs,1,lfmm,10,0.05,23,2,1,0.0217391304347826,9,6,0.173913043478261
V1_c1.5,bgs,1,lfmm,10,0.1,23,2,1,0.0217391304347826,9,6,0.173913043478261
V1_c1.5,bgs,1,lfmm,10,0.15,23,2,1,0.0217391304347826,5,4,0.139130434782609
V1_c1.5,bgs,1,lfmm,10,0.2,23,2,1,0.0217391304347826,3,1,0.0144927536231884
V1_c1.5,bgs,1,lfmm,10,0.3,23,2,1,0.0217391304347826,3,1,0.0144927536231884
V1_c1.5,bgs,1,lfmm,10,0.4,23,2,1,0.0217391304347826,3,1,0.0144927536231884
V1_c1.5,bgs,1,lfmm,10,0.5,23,2,1,0.0217391304347826,3,1,0.0144927536231884
V1_c1.5,bgs,1,lfmm,10,0.7,23,2,1,0.0217391304347826,2,1,0.0217391304347826
V1_c1.5,bgs,2,emmax,2,0.01,25,55,7,0.0356363636363636,126,9,0.0257142857142857
V1_c1.5,bgs,2,emmax,2,0.02,25,55,7,0.0356363636363636,114,9,0.0284210526315789
V1_c1.5,bgs,2,emmax,2,0.05,25,55,7,0.0356363636363636,106,9,0.0305660377358491
V1_c1.5,bgs,2,emmax,2,0.1,25,55,7,0.0356363636363636,96,9,0.03375
V1_c1.5,bgs,2,emmax,2,0.15,25,55,7,0.0356363636363636,87,9,0.0372413793103448
V1_c1.5,bgs,2,emmax,2,0.2,25,55,7,0.0356363636363636,82,9,0.0395121951219512
V1_c1.5,bgs,2,emmax,2,0.3,25,55,7,0.0356363636363636,69,9,0.0469565217391304
V1_c1.5,bgs,2,emmax,2,0.4,25,55,7,0.0356363636363636,62,8,0.0412903225806452
V1_c1.5,bgs,2,emmax,2,0.5,25,55,7,0.0356363636363636,51,8,0.0501960784313726
V1_c1.5,bgs,2,emmax,2,0.7,25,55,7,0.0356363636363636,31,7,0.0632258064516129
V1_c1.5,bgs,2,emmax,3,0.01,25,40,7,0.049,95,9,0.0341052631578947
V1_c1.5,bgs,2,emmax,3,0.02,25,40,7,0.049,91,9,0.0356043956043956
V1_c1.5,bgs,2,emmax,3,0.05,25,40,7,0.049,87,9,0.0372413793103448
V1_c1.5,bgs,2,emmax,3,0.1,25,40,7,0.049,80,9,0.0405
V1_c1.5,bgs,2,emmax,3,0.15,25,40,7,0.049,69,9,0.0469565217391304
V1_c1.5,bgs,2,emmax,3,0.2,25,40,7,0.049,66,9,0.0490909090909091
V1_c1.5,bgs,2,emmax,3,0.3,25,40,7,0.049,53,9,0.0611320754716981
V1_c1.5,bgs,2,emmax,3,0.4,25,40,7,0.049,46,8,0.0556521739130435
V1_c1.5,bgs,2,emmax,3,0.5,25,40,7,0.049,37,8,0.0691891891891892
V1_c1.5,bgs,2,emmax,3,0.7,25,40,7,0.049,22,6,0.0654545454545455
V1_c1.5,bgs,2,emmax,5,0.01,25,23,5,0.0434782608695652,68,9,0.0476470588235294
V1_c1.5,bgs,2,emmax,5,0.02,25,23,5,0.0434782608695652,65,9,0.0498461538461539
V1_c1.5,bgs,2,emmax,5,0.05,25,23,5,0.0434782608695652,55,9,0.0589090909090909
V1_c1.5,bgs,2,emmax,5,0.1,25,23,5,0.0434782608695652,49,9,0.0661224489795918
V1_c1.5,bgs,2,emmax,5,0.15,25,23,5,0.0434782608695652,43,9,0.0753488372093023
V1_c1.5,bgs,2,emmax,5,0.2,25,23,5,0.0434782608695652,41,9,0.0790243902439024
V1_c1.5,bgs,2,emmax,5,0.3,25,23,5,0.0434782608695652,32,8,0.08
V1_c1.5,bgs,2,emmax,5,0.4,25,23,5,0.0434782608695652,28,7,0.07
V1_c1.5,bgs,2,emmax,5,0.5,25,23,5,0.0434782608695652,22,6,0.0654545454545455
V1_c1.5,bgs,2,emmax,5,0.7,25,23,5,0.0434782608695652,15,5,0.0666666666666667
V1_c1.5,bgs,2,emmax,10,0.01,25,11,2,0.0145454545454545,38,8,0.0673684210526316
V1_c1.5,bgs,2,emmax,10,0.02,25,11,2,0.0145454545454545,34,7,0.0576470588235294
V1_c1.5,bgs,2,emmax,10,0.05,25,11,2,0.0145454545454545,28,7,0.07
V1_c1.5,bgs,2,emmax,10,0.1,25,11,2,0.0145454545454545,24,7,0.0816666666666667
V1_c1.5,bgs,2,emmax,10,0.15,25,11,2,0.0145454545454545,22,7,0.0890909090909091
V1_c1.5,bgs,2,emmax,10,0.2,25,11,2,0.0145454545454545,19,5,0.0526315789473684
V1_c1.5,bgs,2,emmax,10,0.3,25,11,2,0.0145454545454545,17,5,0.0588235294117647
V1_c1.5,bgs,2,emmax,10,0.4,25,11,2,0.0145454545454545,16,4,0.04
V1_c1.5,bgs,2,emmax,10,0.5,25,11,2,0.0145454545454545,13,4,0.0492307692307692
V1_c1.5,bgs,2,emmax,10,0.7,25,11,2,0.0145454545454545,8,2,0.02
V1_c1.5,bgs,2,lfmm,2,0.01,25,107,10,0.0373831775700935,139,12,0.0414388489208633
V1_c1.5,bgs,2,lfmm,2,0.02,25,107,10,0.0373831775700935,136,12,0.0423529411764706
V1_c1.5,bgs,2,lfmm,2,0.05,25,107,10,0.0373831775700935,135,12,0.0426666666666667
V1_c1.5,bgs,2,lfmm,2,0.1,25,107,10,0.0373831775700935,135,11,0.0358518518518519
V1_c1.5,bgs,2,lfmm,2,0.15,25,107,10,0.0373831775700935,131,11,0.0369465648854962
V1_c1.5,bgs,2,lfmm,2,0.2,25,107,10,0.0373831775700935,125,11,0.03872
V1_c1.5,bgs,2,lfmm,2,0.3,25,107,10,0.0373831775700935,121,11,0.04
V1_c1.5,bgs,2,lfmm,2,0.4,25,107,10,0.0373831775700935,115,11,0.0420869565217391
V1_c1.5,bgs,2,lfmm,2,0.5,25,107,10,0.0373831775700935,107,11,0.0452336448598131
V1_c1.5,bgs,2,lfmm,2,0.7,25,107,10,0.0373831775700935,77,11,0.0628571428571429
V1_c1.5,bgs,2,lfmm,3,0.01,25,81,10,0.0493827160493827,117,11,0.0413675213675214
V1_c1.5,bgs,2,lfmm,3,0.02,25,81,10,0.0493827160493827,116,11,0.0417241379310345
V1_c1.5,bgs,2,lfmm,3,0.05,25,81,10,0.0493827160493827,112,11,0.0432142857142857
V1_c1.5,bgs,2,lfmm,3,0.1,25,81,10,0.0493827160493827,107,10,0.0373831775700935
V1_c1.5,bgs,2,lfmm,3,0.15,25,81,10,0.0493827160493827,102,10,0.0392156862745098
V1_c1.5,bgs,2,lfmm,3,0.2,25,81,10,0.0493827160493827,100,10,0.04
V1_c1.5,bgs,2,lfmm,3,0.3,25,81,10,0.0493827160493827,90,10,0.0444444444444444
V1_c1.5,bgs,2,lfmm,3,0.4,25,81,10,0.0493827160493827,87,10,0.0459770114942529
V1_c1.5,bgs,2,lfmm,3,0.5,25,81,10,0.0493827160493827,80,10,0.05
V1_c1.5,bgs,2,lfmm,3,0.7,25,81,10,0.0493827160493827,61,10,0.0655737704918033
V1_c1.5,bgs,2,lfmm,5,0.01,25,62,9,0.052258064516129,90,11,0.0537777777777778
V1_c1.5,bgs,2,lfmm,5,0.02,25,62,9,0.052258064516129,84,11,0.0576190476190476
V1_c1.5,bgs,2,lfmm,5,0.05,25,62,9,0.052258064516129,78,11,0.0620512820512821
V1_c1.5,bgs,2,lfmm,5,0.1,25,62,9,0.052258064516129,76,10,0.0526315789473684
V1_c1.5,bgs,2,lfmm,5,0.15,25,62,9,0.052258064516129,74,10,0.0540540540540541
V1_c1.5,bgs,2,lfmm,5,0.2,25,62,9,0.052258064516129,73,10,0.0547945205479452
V1_c1.5,bgs,2,lfmm,5,0.3,25,62,9,0.052258064516129,66,10,0.0606060606060606
V1_c1.5,bgs,2,lfmm,5,0.4,25,62,9,0.052258064516129,62,10,0.0645161290322581
V1_c1.5,bgs,2,lfmm,5,0.5,25,62,9,0.052258064516129,57,10,0.0701754385964912
V1_c1.5,bgs,2,lfmm,5,0.7,25,62,9,0.052258064516129,45,8,0.0568888888888889
V1_c1.5,bgs,2,lfmm,10,0.01,25,33,7,0.0593939393939394,57,10,0.0701754385964912
V1_c1.5,bgs,2,lfmm,10,0.02,25,33,7,0.0593939393939394,53,10,0.0754716981132076
V1_c1.5,bgs,2,lfmm,10,0.05,25,33,7,0.0593939393939394,48,9,0.0675
V1_c1.5,bgs,2,lfmm,10,0.1,25,33,7,0.0593939393939394,46,8,0.0556521739130435
V1_c1.5,bgs,2,lfmm,10,0.15,25,33,7,0.0593939393939394,43,8,0.0595348837209302
V1_c1.5,bgs,2,lfmm,10,0.2,25,33,7,0.0593939393939394,40,8,0.064
V1_c1.5,bgs,2,lfmm,10,0.3,25,33,7,0.0593939393939394,38,7,0.0515789473684211
V1_c1.5,bgs,2,lfmm,10,0.4,25,33,7,0.0593939393939394,37,7,0.052972972972973
V1_c1.5,bgs,2,lfmm,10,0.5,25,33,7,0.0593939393939394,35,7,0.056
V1_c1.5,bgs,2,lfmm,10,0.7,25,33,7,0.0593939393939394,24,7,0.0816666666666667
V1_c1.5,bgs,3,emmax,2,0.01,27,1,0,0,14,0,0
V1_c1.5,bgs,3,emmax,2,0.02,27,1,0,0,13,0,0
V1_c1.5,bgs,3,emmax,2,0.05,27,1,0,0,9,0,0
V1_c1.5,bgs,3,emmax,2,0.1,27,1,0,0,9,0,0
V1_c1.5,bgs,3,emmax,2,0.15,27,1,0,0,8,0,0
V1_c1.5,bgs,3,emmax,2,0.2,27,1,0,0,7,0,0
V1_c1.5,bgs,3,emmax,2,0.3,27,1,0,0,6,0,0
V1_c1.5,bgs,3,emmax,2,0.4,27,1,0,0,6,0,0
V1_c1.5,bgs,3,emmax,2,0.5,27,1,0,0,4,0,0
V1_c1.5,bgs,3,emmax,2,0.7,27,1,0,0,2,0,0
V1_c1.5,bgs,3,emmax,3,0.01,27,1,0,0,8,0,0
V1_c1.5,bgs,3,emmax,3,0.02,27,1,0,0,7,0,0
V1_c1.5,bgs,3,emmax,3,0.05,27,1,0,0,6,0,0
V1_c1.5,bgs,3,emmax,3,0.1,27,1,0,0,6,0,0
V1_c1.5,bgs,3,emmax,3,0.15,27,1,0,0,6,0,0
V1_c1.5,bgs,3,emmax,3,0.2,27,1,0,0,5,0,0
V1_c1.5,bgs,3,emmax,3,0.3,27,1,0,0,5,0,0
V1_c1.5,bgs,3,emmax,3,0.4,27,1,0,0,5,0,0
V1_c1.5,bgs,3,emmax,3,0.5,27,1,0,0,3,0,0
V1_c1.5,bgs,3,emmax,3,0.7,27,1,0,0,2,0,0
V1_c1.5,bgs,3,emmax,5,0.01,27,1,0,0,5,0,0
V1_c1.5,bgs,3,emmax,5,0.02,27,1,0,0,5,0,0
V1_c1.5,bgs,3,emmax,5,0.05,27,1,0,0,5,0,0
V1_c1.5,bgs,3,emmax,5,0.1,27,1,0,0,5,0,0
V1_c1.5,bgs,3,emmax,5,0.15,27,1,0,0,5,0,0
V1_c1.5,bgs,3,emmax,5,0.2,27,1,0,0,5,0,0
V1_c1.5,bgs,3,emmax,5,0.3,27,1,0,0,5,0,0
V1_c1.5,bgs,3,emmax,5,0.4,27,1,0,0,5,0,0
V1_c1.5,bgs,3,emmax,5,0.5,27,1,0,0,3,0,0
V1_c1.5,bgs,3,emmax,5,0.7,27,1,0,0,2,0,0
V1_c1.5,bgs,3,emmax,10,0.01,27,0,0,0,3,0,0
V1_c1.5,bgs,3,emmax,10,0.02,27,0,0,0,3,0,0
V1_c1.5,bgs,3,emmax,10,0.05,27,0,0,0,2,0,0
V1_c1.5,bgs,3,emmax,10,0.1,27,0,0,0,2,0,0
V1_c1.5,bgs,3,emmax,10,0.15,27,0,0,0,2,0,0
V1_c1.5,bgs,3,emmax,10,0.2,27,0,0,0,1,0,0
V1_c1.5,bgs,3,emmax,10,0.3,27,0,0,0,1,0,0
V1_c1.5,bgs,3,emmax,10,0.4,27,0,0,0,1,0,0
V1_c1.5,bgs,3,emmax,10,0.5,27,0,0,0,1,0,0
V1_c1.5,bgs,3,emmax,10,0.7,27,0,0,0,0,0,0
V1_c1.5,bgs,3,lfmm,2,0.01,27,25,0,0,64,4,0.00925925925925926
V1_c1.5,bgs,3,lfmm,2,0.02,27,25,0,0,59,4,0.0100439422473321
V1_c1.5,bgs,3,lfmm,2,0.05,27,25,0,0,54,3,0.00617283950617284
V1_c1.5,bgs,3,lfmm,2,0.1,27,25,0,0,44,3,0.00757575757575758
V1_c1.5,bgs,3,lfmm,2,0.15,27,25,0,0,39,2,0.00379867046533713
V1_c1.5,bgs,3,lfmm,2,0.2,27,25,0,0,38,2,0.00389863547758285
V1_c1.5,bgs,3,lfmm,2,0.3,27,25,0,0,34,2,0.00435729847494553
V1_c1.5,bgs,3,lfmm,2,0.4,27,25,0,0,30,2,0.00493827160493827
V1_c1.5,bgs,3,lfmm,2,0.5,27,25,0,0,26,2,0.0056980056980057
V1_c1.5,bgs,3,lfmm,2,0.7,27,25,0,0,21,2,0.00705467372134039
V1_c1.5,bgs,3,lfmm,3,0.01,27,21,0,0,44,3,0.00757575757575758
V1_c1.5,bgs,3,lfmm,3,0.02,27,21,0,0,42,3,0.00793650793650794
V1_c1.5,bgs,3,lfmm,3,0.05,27,21,0,0,35,2,0.00423280423280423
V1_c1.5,bgs,3,lfmm,3,0.1,27,21,0,0,31,2,0.004778972520908
V1_c1.5,bgs,3,lfmm,3,0.15,27,21,0,0,28,2,0.00529100529100529
V1_c1.5,bgs,3,lfmm,3,0.2,27,21,0,0,28,2,0.00529100529100529
V1_c1.5,bgs,3,lfmm,3,0.3,27,21,0,0,27,2,0.00548696844993141
V1_c1.5,bgs,3,lfmm,3,0.4,27,21,0,0,26,2,0.0056980056980057
V1_c1.5,bgs,3,lfmm,3,0.5,27,21,0,0,23,2,0.00644122383252818
V1_c1.5,bgs,3,lfmm,3,0.7,27,21,0,0,19,2,0.00779727095516569
V1_c1.5,bgs,3,lfmm,5,0.01,27,16,0,0,36,3,0.00925925925925926
V1_c1.5,bgs,3,lfmm,5,0.02,27,16,0,0,34,3,0.00980392156862745
V1_c1.5,bgs,3,lfmm,5,0.05,27,16,0,0,29,2,0.00510855683269476
V1_c1.5,bgs,3,lfmm,5,0.1,27,16,0,0,26,2,0.0056980056980057
V1_c1.5,bgs,3,lfmm,5,0.15,27,16,0,0,23,2,0.00644122383252818
V1_c1.5,bgs,3,lfmm,5,0.2,27,16,0,0,22,2,0.00673400673400673
V1_c1.5,bgs,3,lfmm,5,0.3,27,16,0,0,20,2,0.00740740740740741
V1_c1.5,bgs,3,lfmm,5,0.4,27,16,0,0,19,2,0.00779727095516569
V1_c1.5,bgs,3,lfmm,5,0.5,27,16,0,0,18,2,0.00823045267489712
V1_c1.5,bgs,3,lfmm,5,0.7,27,16,0,0,16,1,0.00231481481481482
V1_c1.5,bgs,3,lfmm,10,0.01,27,9,0,0,17,2,0.00871459694989107
V1_c1.5,bgs,3,lfmm,10,0.02,27,9,0,0,17,2,0.00871459694989107
V1_c1.5,bgs,3,lfmm,10,0.05,27,9,0,0,17,1,0.00217864923747277
V1_c1.5,bgs,3,lfmm,10,0.1,27,9,0,0,17,1,0.00217864923747277
V1_c1.5,bgs,3,lfmm,10,0.15,27,9,0,0,15,1,0.00246913580246914
V1_c1.5,bgs,3,lfmm,10,0.2,27,9,0,0,15,1,0.00246913580246914
V1_c1.5,bgs,3,lfmm,10,0.3,27,9,0,0,13,1,0.00284900284900285
V1_c1.5,bgs,3,lfmm,10,0.4,27,9,0,0,13,1,0.00284900284900285
V1_c1.5,bgs,3,lfmm,10,0.5,27,9,0,0,13,1,0.00284900284900285
V1_c1.5,bgs,3,lfmm,10,0.7,27,9,0,0,12,1,0.00308641975308642
V1_c1.5,bgs,4,emmax,2,0.01,23,0,0,0,7,2,0.0248447204968944
V1_c1.5,bgs,4,emmax,2,0.02,23,0,0,0,4,1,0.0108695652173913
V1_c1.5,bgs,4,emmax,2,0.05,23,0,0,0,3,1,0.0144927536231884
V1_c1.5,bgs,4,emmax,2,0.1,23,0,0,0,0,0,0
V1_c1.5,bgs,4,emmax,2,0.15,23,0,0,0,0,0,0
V1_c1.5,bgs,4,emmax,2,0.2,23,0,0,0,0,0,0
V1_c1.5,bgs,4,emmax,2,0.3,23,0,0,0,0,0,0
V1_c1.5,bgs,4,emmax,2,0.4,23,0,0,0,0,0,0
V1_c1.5,bgs,4,emmax,2,0.5,23,0,0,0,0,0,0
V1_c1.5,bgs,4,emmax,2,0.7,23,0,0,0,0,0,0
V1_c1.5,bgs,4,emmax,3,0.01,23,0,0,0,5,2,0.0347826086956522
V1_c1.5,bgs,4,emmax,3,0.02,23,0,0,0,3,1,0.0144927536231884
V1_c1.5,bgs,4,emmax,3,0.05,23,0,0,0,3,1,0.0144927536231884
V1_c1.5,bgs,4,emmax,3,0.1,23,0,0,0,0,0,0
V1_c1.5,bgs,4,emmax,3,0.15,23,0,0,0,0,0,0
V1_c1.5,bgs,4,emmax,3,0.2,23,0,0,0,0,0,0
V1_c1.5,bgs,4,emmax,3,0.3,23,0,0,0,0,0,0
V1_c1.5,bgs,4,emmax,3,0.4,23,0,0,0,0,0,0
V1_c1.5,bgs,4,emmax,3,0.5,23,0,0,0,0,0,0
V1_c1.5,bgs,4,emmax,3,0.7,23,0,0,0,0,0,0
V1_c1.5,bgs,4,emmax,5,0.01,23,0,0,0,4,2,0.0434782608695652
V1_c1.5,bgs,4,emmax,5,0.02,23,0,0,0,3,1,0.0144927536231884
V1_c1.5,bgs,4,emmax,5,0.05,23,0,0,0,3,1,0.0144927536231884
V1_c1.5,bgs,4,emmax,5,0.1,23,0,0,0,0,0,0
V1_c1.5,bgs,4,emmax,5,0.15,23,0,0,0,0,0,0
V1_c1.5,bgs,4,emmax,5,0.2,23,0,0,0,0,0,0
V1_c1.5,bgs,4,emmax,5,0.3,23,0,0,0,0,0,0
V1_c1.5,bgs,4,emmax,5,0.4,23,0,0,0,0,0,0
V1_c1.5,bgs,4,emmax,5,0.5,23,0,0,0,0,0,0
V1_c1.5,bgs,4,emmax,5,0.7,23,0,0,0,0,0,0
V1_c1.5,bgs,4,emmax,10,0.01,23,0,0,0,3,2,0.0579710144927536
V1_c1.5,bgs,4,emmax,10,0.02,23,0,0,0,2,1,0.0217391304347826
V1_c1.5,bgs,4,emmax,10,0.05,23,0,0,0,2,1,0.0217391304347826
V1_c1.5,bgs,4,emmax,10,0.1,23,0,0,0,0,0,0
V1_c1.5,bgs,4,emmax,10,0.15,23,0,0,0,0,0,0
V1_c1.5,bgs,4,emmax,10,0.2,23,0,0,0,0,0,0
V1_c1.5,bgs,4,emmax,10,0.3,23,0,0,0,0,0,0
V1_c1.5,bgs,4,emmax,10,0.4,23,0,0,0,0,0,0
V1_c1.5,bgs,4,emmax,10,0.5,23,0,0,0,0,0,0
V1_c1.5,bgs,4,emmax,10,0.7,23,0,0,0,0,0,0
V1_c1.5,bgs,4,lfmm,2,0.01,23,4,2,0.0434782608695652,23,4,0.0302457466918715
V1_c1.5,bgs,4,lfmm,2,0.02,23,4,2,0.0434782608695652,22,4,0.0316205533596838
V1_c1.5,bgs,4,lfmm,2,0.05,23,4,2,0.0434782608695652,13,2,0.0133779264214047
V1_c1.5,bgs,4,lfmm,2,0.1,23,4,2,0.0434782608695652,11,2,0.0158102766798419
V1_c1.5,bgs,4,lfmm,2,0.15,23,4,2,0.0434782608695652,10,2,0.0173913043478261
V1_c1.5,bgs,4,lfmm,2,0.2,23,4,2,0.0434782608695652,10,2,0.0173913043478261
V1_c1.5,bgs,4,lfmm,2,0.3,23,4,2,0.0434782608695652,11,2,0.0158102766798419
V1_c1.5,bgs,4,lfmm,2,0.4,23,4,2,0.0434782608695652,9,2,0.0193236714975845
V1_c1.5,bgs,4,lfmm,2,0.5,23,4,2,0.0434782608695652,9,2,0.0193236714975845
V1_c1.5,bgs,4,lfmm,2,0.7,23,4,2,0.0434782608695652,7,2,0.0248447204968944
V1_c1.5,bgs,4,lfmm,3,0.01,23,3,1,0.0144927536231884,19,4,0.0366132723112128
V1_c1.5,bgs,4,lfmm,3,0.02,23,3,1,0.0144927536231884,19,4,0.0366132723112128
V1_c1.5,bgs,4,lfmm,3,0.05,23,3,1,0.0144927536231884,12,2,0.0144927536231884
V1_c1.5,bgs,4,lfmm,3,0.1,23,3,1,0.0144927536231884,11,2,0.0158102766798419
V1_c1.5,bgs,4,lfmm,3,0.15,23,3,1,0.0144927536231884,8,2,0.0217391304347826
V1_c1.5,bgs,4,lfmm,3,0.2,23,3,1,0.0144927536231884,8,2,0.0217391304347826
V1_c1.5,bgs,4,lfmm,3,0.3,23,3,1,0.0144927536231884,9,2,0.0193236714975845
V1_c1.5,bgs,4,lfmm,3,0.4,23,3,1,0.0144927536231884,7,2,0.0248447204968944
V1_c1.5,bgs,4,lfmm,3,0.5,23,3,1,0.0144927536231884,7,2,0.0248447204968944
V1_c1.5,bgs,4,lfmm,3,0.7,23,3,1,0.0144927536231884,5,1,0.00869565217391304
V1_c1.5,bgs,4,lfmm,5,0.01,23,3,1,0.0144927536231884,15,3,0.0260869565217391
V1_c1.5,bgs,4,lfmm,5,0.02,23,3,1,0.0144927536231884,15,3,0.0260869565217391
V1_c1.5,bgs,4,lfmm,5,0.05,23,3,1,0.0144927536231884,9,1,0.00483091787439614
V1_c1.5,bgs,4,lfmm,5,0.1,23,3,1,0.0144927536231884,8,1,0.00543478260869565
V1_c1.5,bgs,4,lfmm,5,0.15,23,3,1,0.0144927536231884,7,1,0.0062111801242236
V1_c1.5,bgs,4,lfmm,5,0.2,23,3,1,0.0144927536231884,7,1,0.0062111801242236
V1_c1.5,bgs,4,lfmm,5,0.3,23,3,1,0.0144927536231884,8,1,0.00543478260869565
V1_c1.5,bgs,4,lfmm,5,0.4,23,3,1,0.0144927536231884,6,1,0.0072463768115942
V1_c1.5,bgs,4,lfmm,5,0.5,23,3,1,0.0144927536231884,6,1,0.0072463768115942
V1_c1.5,bgs,4,lfmm,5,0.7,23,3,1,0.0144927536231884,3,1,0.0144927536231884
V1_c1.5,bgs,4,lfmm,10,0.01,23,1,1,0.0434782608695652,8,2,0.0217391304347826
V1_c1.5,bgs,4,lfmm,10,0.02,23,1,1,0.0434782608695652,7,2,0.0248447204968944
V1_c1.5,bgs,4,lfmm,10,0.05,23,1,1,0.0434782608695652,5,1,0.00869565217391304
V1_c1.5,bgs,4,lfmm,10,0.1,23,1,1,0.0434782608695652,5,1,0.00869565217391304
V1_c1.5,bgs,4,lfmm,10,0.15,23,1,1,0.0434782608695652,5,1,0.00869565217391304
V1_c1.5,bgs,4,lfmm,10,0.2,23,1,1,0.0434782608695652,5,1,0.00869565217391304
V1_c1.5,bgs,4,lfmm,10,0.3,23,1,1,0.0434782608695652,4,1,0.0108695652173913
V1_c1.5,bgs,4,lfmm,10,0.4,23,1,1,0.0434782608695652,3,1,0.0144927536231884
V1_c1.5,bgs,4,lfmm,10,0.5,23,1,1,0.0434782608695652,2,1,0.0217391304347826
V1_c1.5,bgs,4,lfmm,10,0.7,23,1,1,0.0434782608695652,1,1,0.0434782608695652
V1_c1.5,bgs,5,emmax,2,0.01,22,3,0,0,40,4,0.0181818181818182
V1_c1.5,bgs,5,emmax,2,0.02,22,3,0,0,40,4,0.0181818181818182
V1_c1.5,bgs,5,emmax,2,0.05,22,3,0,0,37,4,0.0196560196560197
V1_c1.5,bgs,5,emmax,2,0.1,22,3,0,0,33,4,0.0220385674931129
V1_c1.5,bgs,5,emmax,2,0.15,22,3,0,0,31,4,0.0234604105571848
V1_c1.5,bgs,5,emmax,2,0.2,22,3,0,0,25,4,0.0290909090909091
V1_c1.5,bgs,5,emmax,2,0.3,22,3,0,0,15,4,0.0484848484848485
V1_c1.5,bgs,5,emmax,2,0.4,22,3,0,0,7,2,0.025974025974026
V1_c1.5,bgs,5,emmax,2,0.5,22,3,0,0,3,1,0.0151515151515152
V1_c1.5,bgs,5,emmax,2,0.7,22,3,0,0,3,1,0.0151515151515152
V1_c1.5,bgs,5,emmax,3,0.01,22,1,0,0,29,3,0.0141065830721003
V1_c1.5,bgs,5,emmax,3,0.02,22,1,0,0,28,3,0.0146103896103896
V1_c1.5,bgs,5,emmax,3,0.05,22,1,0,0,28,3,0.0146103896103896
V1_c1.5,bgs,5,emmax,3,0.1,22,1,0,0,25,3,0.0163636363636364
V1_c1.5,bgs,5,emmax,3,0.15,22,1,0,0,19,3,0.0215311004784689
V1_c1.5,bgs,5,emmax,3,0.2,22,1,0,0,17,3,0.0240641711229947
V1_c1.5,bgs,5,emmax,3,0.3,22,1,0,0,8,3,0.0511363636363636
V1_c1.5,bgs,5,emmax,3,0.4,22,1,0,0,5,2,0.0363636363636364
V1_c1.5,bgs,5,emmax,3,0.5,22,1,0,0,2,1,0.0227272727272727
V1_c1.5,bgs,5,emmax,3,0.7,22,1,0,0,2,1,0.0227272727272727
V1_c1.5,bgs,5,emmax,5,0.01,22,1,0,0,24,3,0.0170454545454545
V1_c1.5,bgs,5,emmax,5,0.02,22,1,0,0,24,3,0.0170454545454545
V1_c1.5,bgs,5,emmax,5,0.05,22,1,0,0,22,3,0.018595041322314
V1_c1.5,bgs,5,emmax,5,0.1,22,1,0,0,18,3,0.0227272727272727
V1_c1.5,bgs,5,emmax,5,0.15,22,1,0,0,14,3,0.0292207792207792
V1_c1.5,bgs,5,emmax,5,0.2,22,1,0,0,11,3,0.0371900826446281
V1_c1.5,bgs,5,emmax,5,0.3,22,1,0,0,7,3,0.0584415584415584
V1_c1.5,bgs,5,emmax,5,0.4,22,1,0,0,5,2,0.0363636363636364
V1_c1.5,bgs,5,emmax,5,0.5,22,1,0,0,2,1,0.0227272727272727
V1_c1.5,bgs,5,emmax,5,0.7,22,1,0,0,2,1,0.0227272727272727
V1_c1.5,bgs,5,emmax,10,0.01,22,0,0,0,12,3,0.0340909090909091
V1_c1.5,bgs,5,emmax,10,0.02,22,0,0,0,12,3,0.0340909090909091
V1_c1.5,bgs,5,emmax,10,0.05,22,0,0,0,10,3,0.0409090909090909
V1_c1.5,bgs,5,emmax,10,0.1,22,0,0,0,9,3,0.0454545454545455
V1_c1.5,bgs,5,emmax,10,0.15,22,0,0,0,7,3,0.0584415584415584
V1_c1.5,bgs,5,emmax,10,0.2,22,0,0,0,6,3,0.0681818181818182
V1_c1.5,bgs,5,emmax,10,0.3,22,0,0,0,6,3,0.0681818181818182
V1_c1.5,bgs,5,emmax,10,0.4,22,0,0,0,0,0,0
V1_c1.5,bgs,5,emmax,10,0.5,22,0,0,0,0,0,0
V1_c1.5,bgs,5,emmax,10,0.7,22,0,0,0,0,0,0
V1_c1.5,bgs,5,lfmm,2,0.01,22,17,2,0.0106951871657754,38,7,0.0586124401913876
V1_c1.5,bgs,5,lfmm,2,0.02,22,17,2,0.0106951871657754,34,7,0.0655080213903743
V1_c1.5,bgs,5,lfmm,2,0.05,22,17,2,0.0106951871657754,34,7,0.0655080213903743
V1_c1.5,bgs,5,lfmm,2,0.1,22,17,2,0.0106951871657754,32,7,0.0696022727272727
V1_c1.5,bgs,5,lfmm,2,0.15,22,17,2,0.0106951871657754,27,6,0.0606060606060606
V1_c1.5,bgs,5,lfmm,2,0.2,22,17,2,0.0106951871657754,24,5,0.0473484848484848
V1_c1.5,bgs,5,lfmm,2,0.3,22,17,2,0.0106951871657754,21,4,0.0346320346320346
V1_c1.5,bgs,5,lfmm,2,0.4,22,17,2,0.0106951871657754,20,4,0.0363636363636364
V1_c1.5,bgs,5,lfmm,2,0.5,22,17,2,0.0106951871657754,18,2,0.0101010101010101
V1_c1.5,bgs,5,lfmm,2,0.7,22,17,2,0.0106951871657754,16,2,0.0113636363636364
V1_c1.5,bgs,5,lfmm,3,0.01,22,11,2,0.0165289256198347,31,7,0.0718475073313783
V1_c1.5,bgs,5,lfmm,3,0.02,22,11,2,0.0165289256198347,28,7,0.0795454545454545
V1_c1.5,bgs,5,lfmm,3,0.05,22,11,2,0.0165289256198347,27,7,0.0824915824915825
V1_c1.5,bgs,5,lfmm,3,0.1,22,11,2,0.0165289256198347,26,7,0.0856643356643357
V1_c1.5,bgs,5,lfmm,3,0.15,22,11,2,0.0165289256198347,20,6,0.0818181818181818
V1_c1.5,bgs,5,lfmm,3,0.2,22,11,2,0.0165289256198347,19,5,0.0598086124401914
V1_c1.5,bgs,5,lfmm,3,0.3,22,11,2,0.0165289256198347,15,4,0.0484848484848485
V1_c1.5,bgs,5,lfmm,3,0.4,22,11,2,0.0165289256198347,13,3,0.0314685314685315
V1_c1.5,bgs,5,lfmm,3,0.5,22,11,2,0.0165289256198347,12,2,0.0151515151515152
V1_c1.5,bgs,5,lfmm,3,0.7,22,11,2,0.0165289256198347,10,2,0.0181818181818182
V1_c1.5,bgs,5,lfmm,5,0.01,22,6,2,0.0303030303030303,20,7,0.111363636363636
V1_c1.5,bgs,5,lfmm,5,0.02,22,6,2,0.0303030303030303,20,7,0.111363636363636
V1_c1.5,bgs,5,lfmm,5,0.05,22,6,2,0.0303030303030303,19,7,0.117224880382775
V1_c1.5,bgs,5,lfmm,5,0.1,22,6,2,0.0303030303030303,17,6,0.0962566844919786
V1_c1.5,bgs,5,lfmm,5,0.15,22,6,2,0.0303030303030303,14,5,0.0811688311688312
V1_c1.5,bgs,5,lfmm,5,0.2,22,6,2,0.0303030303030303,13,4,0.055944055944056
V1_c1.5,bgs,5,lfmm,5,0.3,22,6,2,0.0303030303030303,11,3,0.0371900826446281
V1_c1.5,bgs,5,lfmm,5,0.4,22,6,2,0.0303030303030303,10,3,0.0409090909090909
V1_c1.5,bgs,5,lfmm,5,0.5,22,6,2,0.0303030303030303,8,2,0.0227272727272727
V1_c1.5,bgs,5,lfmm,5,0.7,22,6,2,0.0303030303030303,6,2,0.0303030303030303
V1_c1.5,bgs,5,lfmm,10,0.01,22,5,2,0.0363636363636364,13,5,0.0874125874125874
V1_c1.5,bgs,5,lfmm,10,0.02,22,5,2,0.0363636363636364,12,5,0.0946969696969697
V1_c1.5,bgs,5,lfmm,10,0.05,22,5,2,0.0363636363636364,11,4,0.0661157024793388
V1_c1.5,bgs,5,lfmm,10,0.1,22,5,2,0.0363636363636364,10,4,0.0727272727272727
V1_c1.5,bgs,5,lfmm,10,0.15,22,5,2,0.0363636363636364,7,3,0.0584415584415584
V1_c1.5,bgs,5,lfmm,10,0.2,22,5,2,0.0363636363636364,6,2,0.0303030303030303
V1_c1.5,bgs,5,lfmm,10,0.3,22,5,2,0.0363636363636364,6,2,0.0303030303030303
V1_c1.5,bgs,5,lfmm,10,0.4,22,5,2,0.0363636363636364,6,2,0.0303030303030303
V1_c1.5,bgs,5,lfmm,10,0.5,22,5,2,0.0363636363636364,5,2,0.0363636363636364
V1_c1.5,bgs,5,lfmm,10,0.7,22,5,2,0.0363636363636364,5,2,0.0363636363636364
V1_c1.5,bgs,6,emmax,2,0.01,20,56,3,0.00803571428571429,97,5,0.0128865979381443
V1_c1.5,bgs,6,emmax,2,0.02,20,56,3,0.00803571428571429,88,5,0.0142045454545455
V1_c1.5,bgs,6,emmax,2,0.05,20,56,3,0.00803571428571429,85,5,0.0147058823529412
V1_c1.5,bgs,6,emmax,2,0.1,20,56,3,0.00803571428571429,79,5,0.0158227848101266
V1_c1.5,bgs,6,emmax,2,0.15,20,56,3,0.00803571428571429,76,4,0.0105263157894737
V1_c1.5,bgs,6,emmax,2,0.2,20,56,3,0.00803571428571429,73,4,0.010958904109589
V1_c1.5,bgs,6,emmax,2,0.3,20,56,3,0.00803571428571429,65,3,0.00692307692307692
V1_c1.5,bgs,6,emmax,2,0.4,20,56,3,0.00803571428571429,57,3,0.00789473684210526
V1_c1.5,bgs,6,emmax,2,0.5,20,56,3,0.00803571428571429,49,3,0.00918367346938775
V1_c1.5,bgs,6,emmax,2,0.7,20,56,3,0.00803571428571429,36,3,0.0125
V1_c1.5,bgs,6,emmax,3,0.01,20,45,3,0.01,74,5,0.0168918918918919
V1_c1.5,bgs,6,emmax,3,0.02,20,45,3,0.01,69,5,0.0181159420289855
V1_c1.5,bgs,6,emmax,3,0.05,20,45,3,0.01,64,5,0.01953125
V1_c1.5,bgs,6,emmax,3,0.1,20,45,3,0.01,61,5,0.0204918032786885
V1_c1.5,bgs,6,emmax,3,0.15,20,45,3,0.01,60,4,0.0133333333333333
V1_c1.5,bgs,6,emmax,3,0.2,20,45,3,0.01,54,4,0.0148148148148148
V1_c1.5,bgs,6,emmax,3,0.3,20,45,3,0.01,52,3,0.00865384615384616
V1_c1.5,bgs,6,emmax,3,0.4,20,45,3,0.01,45,3,0.01
V1_c1.5,bgs,6,emmax,3,0.5,20,45,3,0.01,42,3,0.0107142857142857
V1_c1.5,bgs,6,emmax,3,0.7,20,45,3,0.01,24,2,0.00833333333333333
V1_c1.5,bgs,6,emmax,5,0.01,20,31,3,0.0145161290322581,50,5,0.025
V1_c1.5,bgs,6,emmax,5,0.02,20,31,3,0.0145161290322581,44,4,0.0181818181818182
V1_c1.5,bgs,6,emmax,5,0.05,20,31,3,0.0145161290322581,41,3,0.0109756097560976
V1_c1.5,bgs,6,emmax,5,0.1,20,31,3,0.0145161290322581,40,3,0.01125
V1_c1.5,bgs,6,emmax,5,0.15,20,31,3,0.0145161290322581,37,3,0.0121621621621622
V1_c1.5,bgs,6,emmax,5,0.2,20,31,3,0.0145161290322581,37,3,0.0121621621621622
V1_c1.5,bgs,6,emmax,5,0.3,20,31,3,0.0145161290322581,37,3,0.0121621621621622
V1_c1.5,bgs,6,emmax,5,0.4,20,31,3,0.0145161290322581,33,3,0.0136363636363636
V1_c1.5,bgs,6,emmax,5,0.5,20,31,3,0.0145161290322581,29,3,0.0155172413793103
V1_c1.5,bgs,6,emmax,5,0.7,20,31,3,0.0145161290322581,17,2,0.0117647058823529
V1_c1.5,bgs,6,emmax,10,0.01,20,17,3,0.0264705882352941,29,5,0.0431034482758621
V1_c1.5,bgs,6,emmax,10,0.02,20,17,3,0.0264705882352941,26,3,0.0173076923076923
V1_c1.5,bgs,6,emmax,10,0.05,20,17,3,0.0264705882352941,25,3,0.018
V1_c1.5,bgs,6,emmax,10,0.1,20,17,3,0.0264705882352941,23,3,0.0195652173913043
V1_c1.5,bgs,6,emmax,10,0.15,20,17,3,0.0264705882352941,23,3,0.0195652173913043
V1_c1.5,bgs,6,emmax,10,0.2,20,17,3,0.0264705882352941,21,3,0.0214285714285714
V1_c1.5,bgs,6,emmax,10,0.3,20,17,3,0.0264705882352941,20,3,0.0225
V1_c1.5,bgs,6,emmax,10,0.4,20,17,3,0.0264705882352941,17,3,0.0264705882352941
V1_c1.5,bgs,6,emmax,10,0.5,20,17,3,0.0264705882352941,15,3,0.03
V1_c1.5,bgs,6,emmax,10,0.7,20,17,3,0.0264705882352941,11,2,0.0181818181818182
V1_c1.5,bgs,6,lfmm,2,0.01,20,113,8,0.0283185840707965,159,8,0.020125786163522
V1_c1.5,bgs,6,lfmm,2,0.02,20,113,8,0.0283185840707965,153,8,0.0209150326797386
V1_c1.5,bgs,6,lfmm,2,0.05,20,113,8,0.0283185840707965,146,8,0.0219178082191781
V1_c1.5,bgs,6,lfmm,2,0.1,20,113,8,0.0283185840707965,143,8,0.0223776223776224
V1_c1.5,bgs,6,lfmm,2,0.15,20,113,8,0.0283185840707965,137,8,0.0233576642335766
V1_c1.5,bgs,6,lfmm,2,0.2,20,113,8,0.0283185840707965,136,8,0.0235294117647059
V1_c1.5,bgs,6,lfmm,2,0.3,20,113,8,0.0283185840707965,130,8,0.0246153846153846
V1_c1.5,bgs,6,lfmm,2,0.4,20,113,8,0.0283185840707965,122,8,0.0262295081967213
V1_c1.5,bgs,6,lfmm,2,0.5,20,113,8,0.0283185840707965,112,8,0.0285714285714286
V1_c1.5,bgs,6,lfmm,2,0.7,20,113,8,0.0283185840707965,71,8,0.0450704225352113
V1_c1.5,bgs,6,lfmm,3,0.01,20,89,8,0.0359550561797753,120,8,0.0266666666666667
V1_c1.5,bgs,6,lfmm,3,0.02,20,89,8,0.0359550561797753,117,8,0.0273504273504274
V1_c1.5,bgs,6,lfmm,3,0.05,20,89,8,0.0359550561797753,116,8,0.0275862068965517
V1_c1.5,bgs,6,lfmm,3,0.1,20,89,8,0.0359550561797753,113,8,0.0283185840707965
V1_c1.5,bgs,6,lfmm,3,0.15,20,89,8,0.0359550561797753,110,8,0.0290909090909091
V1_c1.5,bgs,6,lfmm,3,0.2,20,89,8,0.0359550561797753,108,8,0.0296296296296296
V1_c1.5,bgs,6,lfmm,3,0.3,20,89,8,0.0359550561797753,103,8,0.0310679611650485
V1_c1.5,bgs,6,lfmm,3,0.4,20,89,8,0.0359550561797753,98,8,0.0326530612244898
V1_c1.5,bgs,6,lfmm,3,0.5,20,89,8,0.0359550561797753,89,8,0.0359550561797753
V1_c1.5,bgs,6,lfmm,3,0.7,20,89,8,0.0359550561797753,54,7,0.0453703703703704
V1_c1.5,bgs,6,lfmm,5,0.01,20,70,7,0.035,88,8,0.0363636363636364
V1_c1.5,bgs,6,lfmm,5,0.02,20,70,7,0.035,87,8,0.0367816091954023
V1_c1.5,bgs,6,lfmm,5,0.05,20,70,7,0.035,82,8,0.0390243902439024
V1_c1.5,bgs,6,lfmm,5,0.1,20,70,7,0.035,82,8,0.0390243902439024
V1_c1.5,bgs,6,lfmm,5,0.15,20,70,7,0.035,81,8,0.0395061728395062
V1_c1.5,bgs,6,lfmm,5,0.2,20,70,7,0.035,83,8,0.0385542168674699
V1_c1.5,bgs,6,lfmm,5,0.3,20,70,7,0.035,77,8,0.0415584415584416
V1_c1.5,bgs,6,lfmm,5,0.4,20,70,7,0.035,73,8,0.0438356164383562
V1_c1.5,bgs,6,lfmm,5,0.5,20,70,7,0.035,66,7,0.0371212121212121
V1_c1.5,bgs,6,lfmm,5,0.7,20,70,7,0.035,42,7,0.0583333333333333
V1_c1.5,bgs,6,lfmm,10,0.01,20,38,6,0.0473684210526316,63,8,0.0507936507936508
V1_c1.5,bgs,6,lfmm,10,0.02,20,38,6,0.0473684210526316,58,8,0.0551724137931035
V1_c1.5,bgs,6,lfmm,10,0.05,20,38,6,0.0473684210526316,55,7,0.0445454545454545
V1_c1.5,bgs,6,lfmm,10,0.1,20,38,6,0.0473684210526316,55,7,0.0445454545454545
V1_c1.5,bgs,6,lfmm,10,0.15,20,38,6,0.0473684210526316,53,7,0.0462264150943396
V1_c1.5,bgs,6,lfmm,10,0.2,20,38,6,0.0473684210526316,51,7,0.0480392156862745
V1_c1.5,bgs,6,lfmm,10,0.3,20,38,6,0.0473684210526316,44,7,0.0556818181818182
V1_c1.5,bgs,6,lfmm,10,0.4,20,38,6,0.0473684210526316,40,7,0.06125
V1_c1.5,bgs,6,lfmm,10,0.5,20,38,6,0.0473684210526316,36,6,0.05
V1_c1.5,bgs,6,lfmm,10,0.7,20,38,6,0.0473684210526316,23,6,0.0782608695652174
V1_c1.5,bgs,7,emmax,2,0.01,23,7,1,0.0062111801242236,43,8,0.0647118301314459
V1_c1.5,bgs,7,emmax,2,0.02,23,7,1,0.0062111801242236,38,8,0.0732265446224256
V1_c1.5,bgs,7,emmax,2,0.05,23,7,1,0.0062111801242236,30,8,0.0927536231884058
V1_c1.5,bgs,7,emmax,2,0.1,23,7,1,0.0062111801242236,25,8,0.111304347826087
V1_c1.5,bgs,7,emmax,2,0.15,23,7,1,0.0062111801242236,23,7,0.0926275992438563
V1_c1.5,bgs,7,emmax,2,0.2,23,7,1,0.0062111801242236,18,5,0.0603864734299517
V1_c1.5,bgs,7,emmax,2,0.3,23,7,1,0.0062111801242236,16,5,0.0679347826086957
V1_c1.5,bgs,7,emmax,2,0.4,23,7,1,0.0062111801242236,13,4,0.0535117056856187
V1_c1.5,bgs,7,emmax,2,0.5,23,7,1,0.0062111801242236,10,3,0.0391304347826087
V1_c1.5,bgs,7,emmax,2,0.7,23,7,1,0.0062111801242236,8,3,0.0489130434782609
V1_c1.5,bgs,7,emmax,3,0.01,23,4,1,0.0108695652173913,34,8,0.0818414322250639
V1_c1.5,bgs,7,emmax,3,0.02,23,4,1,0.0108695652173913,30,8,0.0927536231884058
V1_c1.5,bgs,7,emmax,3,0.05,23,4,1,0.0108695652173913,24,7,0.088768115942029
V1_c1.5,bgs,7,emmax,3,0.1,23,4,1,0.0108695652173913,18,7,0.118357487922705
V1_c1.5,bgs,7,emmax,3,0.15,23,4,1,0.0108695652173913,14,6,0.111801242236025
V1_c1.5,bgs,7,emmax,3,0.2,23,4,1,0.0108695652173913,10,5,0.108695652173913
V1_c1.5,bgs,7,emmax,3,0.3,23,4,1,0.0108695652173913,10,5,0.108695652173913
V1_c1.5,bgs,7,emmax,3,0.4,23,4,1,0.0108695652173913,8,4,0.0869565217391304
V1_c1.5,bgs,7,emmax,3,0.5,23,4,1,0.0108695652173913,6,3,0.0652173913043478
V1_c1.5,bgs,7,emmax,3,0.7,23,4,1,0.0108695652173913,6,3,0.0652173913043478
V1_c1.5,bgs,7,emmax,5,0.01,23,2,1,0.0217391304347826,22,7,0.0968379446640316
V1_c1.5,bgs,7,emmax,5,0.02,23,2,1,0.0217391304347826,19,7,0.112128146453089
V1_c1.5,bgs,7,emmax,5,0.05,23,2,1,0.0217391304347826,15,6,0.104347826086957
V1_c1.5,bgs,7,emmax,5,0.1,23,2,1,0.0217391304347826,10,6,0.156521739130435
V1_c1.5,bgs,7,emmax,5,0.15,23,2,1,0.0217391304347826,8,6,0.195652173913043
V1_c1.5,bgs,7,emmax,5,0.2,23,2,1,0.0217391304347826,7,5,0.15527950310559
V1_c1.5,bgs,7,emmax,5,0.3,23,2,1,0.0217391304347826,6,4,0.115942028985507
V1_c1.5,bgs,7,emmax,5,0.4,23,2,1,0.0217391304347826,6,4,0.115942028985507
V1_c1.5,bgs,7,emmax,5,0.5,23,2,1,0.0217391304347826,5,3,0.0782608695652174
V1_c1.5,bgs,7,emmax,5,0.7,23,2,1,0.0217391304347826,5,3,0.0782608695652174
V1_c1.5,bgs,7,emmax,10,0.01,23,2,1,0.0217391304347826,13,6,0.120401337792642
V1_c1.5,bgs,7,emmax,10,0.02,23,2,1,0.0217391304347826,12,5,0.0905797101449275
V1_c1.5,bgs,7,emmax,10,0.05,23,2,1,0.0217391304347826,9,5,0.120772946859903
V1_c1.5,bgs,7,emmax,10,0.1,23,2,1,0.0217391304347826,6,5,0.181159420289855
V1_c1.5,bgs,7,emmax,10,0.15,23,2,1,0.0217391304347826,6,5,0.181159420289855
V1_c1.5,bgs,7,emmax,10,0.2,23,2,1,0.0217391304347826,4,3,0.0978260869565217
V1_c1.5,bgs,7,emmax,10,0.3,23,2,1,0.0217391304347826,4,3,0.0978260869565217
V1_c1.5,bgs,7,emmax,10,0.4,23,2,1,0.0217391304347826,4,3,0.0978260869565217
V1_c1.5,bgs,7,emmax,10,0.5,23,2,1,0.0217391304347826,4,3,0.0978260869565217
V1_c1.5,bgs,7,emmax,10,0.7,23,2,1,0.0217391304347826,4,3,0.0978260869565217
V1_c1.5,bgs,7,lfmm,2,0.01,23,61,7,0.0349251603706344,112,8,0.0248447204968944
V1_c1.5,bgs,7,lfmm,2,0.02,23,61,7,0.0349251603706344,103,8,0.02701561840439
V1_c1.5,bgs,7,lfmm,2,0.05,23,61,7,0.0349251603706344,100,8,0.0278260869565217
V1_c1.5,bgs,7,lfmm,2,0.1,23,61,7,0.0349251603706344,96,8,0.0289855072463768
V1_c1.5,bgs,7,lfmm,2,0.15,23,61,7,0.0349251603706344,87,8,0.031984007996002
V1_c1.5,bgs,7,lfmm,2,0.2,23,61,7,0.0349251603706344,84,8,0.0331262939958592
V1_c1.5,bgs,7,lfmm,2,0.3,23,61,7,0.0349251603706344,73,7,0.0291840381179273
V1_c1.5,bgs,7,lfmm,2,0.4,23,61,7,0.0349251603706344,67,7,0.0317975340687865
V1_c1.5,bgs,7,lfmm,2,0.5,23,61,7,0.0349251603706344,56,7,0.0380434782608696
V1_c1.5,bgs,7,lfmm,2,0.7,23,61,7,0.0349251603706344,31,7,0.0687237026647966
V1_c1.5,bgs,7,lfmm,3,0.01,23,47,6,0.0333024976873265,84,8,0.0331262939958592
V1_c1.5,bgs,7,lfmm,3,0.02,23,47,6,0.0333024976873265,76,8,0.0366132723112128
V1_c1.5,bgs,7,lfmm,3,0.05,23,47,6,0.0333024976873265,75,8,0.0371014492753623
V1_c1.5,bgs,7,lfmm,3,0.1,23,47,6,0.0333024976873265,67,8,0.0415314730694354
V1_c1.5,bgs,7,lfmm,3,0.15,23,47,6,0.0333024976873265,64,7,0.0332880434782609
V1_c1.5,bgs,7,lfmm,3,0.2,23,47,6,0.0333024976873265,61,7,0.0349251603706344
V1_c1.5,bgs,7,lfmm,3,0.3,23,47,6,0.0333024976873265,55,6,0.0284584980237154
V1_c1.5,bgs,7,lfmm,3,0.4,23,47,6,0.0333024976873265,47,6,0.0333024976873265
V1_c1.5,bgs,7,lfmm,3,0.5,23,47,6,0.0333024976873265,37,6,0.0423031727379554
V1_c1.5,bgs,7,lfmm,3,0.7,23,47,6,0.0333024976873265,22,5,0.0494071146245059
V1_c1.5,bgs,7,lfmm,5,0.01,23,25,5,0.0434782608695652,58,8,0.047976011994003
V1_c1.5,bgs,7,lfmm,5,0.02,23,25,5,0.0434782608695652,55,8,0.0505928853754941
V1_c1.5,bgs,7,lfmm,5,0.05,23,25,5,0.0434782608695652,50,7,0.0426086956521739
V1_c1.5,bgs,7,lfmm,5,0.1,23,25,5,0.0434782608695652,39,5,0.0278706800445931
V1_c1.5,bgs,7,lfmm,5,0.15,23,25,5,0.0434782608695652,37,5,0.0293772032902468
V1_c1.5,bgs,7,lfmm,5,0.2,23,25,5,0.0434782608695652,36,5,0.0301932367149758
V1_c1.5,bgs,7,lfmm,5,0.3,23,25,5,0.0434782608695652,31,5,0.0350631136044881
V1_c1.5,bgs,7,lfmm,5,0.4,23,25,5,0.0434782608695652,25,5,0.0434782608695652
V1_c1.5,bgs,7,lfmm,5,0.5,23,25,5,0.0434782608695652,21,5,0.05175983436853
V1_c1.5,bgs,7,lfmm,5,0.7,23,25,5,0.0434782608695652,14,5,0.077639751552795
V1_c1.5,bgs,7,lfmm,10,0.01,23,13,5,0.0836120401337793,33,6,0.0474308300395257
V1_c1.5,bgs,7,lfmm,10,0.02,23,13,5,0.0836120401337793,31,6,0.0504908835904628
V1_c1.5,bgs,7,lfmm,10,0.05,23,13,5,0.0836120401337793,25,5,0.0434782608695652
V1_c1.5,bgs,7,lfmm,10,0.1,23,13,5,0.0836120401337793,21,5,0.05175983436853
V1_c1.5,bgs,7,lfmm,10,0.15,23,13,5,0.0836120401337793,18,5,0.0603864734299517
V1_c1.5,bgs,7,lfmm,10,0.2,23,13,5,0.0836120401337793,17,5,0.0639386189258312
V1_c1.5,bgs,7,lfmm,10,0.3,23,13,5,0.0836120401337793,15,5,0.072463768115942
V1_c1.5,bgs,7,lfmm,10,0.4,23,13,5,0.0836120401337793,13,5,0.0836120401337793
V1_c1.5,bgs,7,lfmm,10,0.5,23,13,5,0.0836120401337793,12,5,0.0905797101449275
V1_c1.5,bgs,7,lfmm,10,0.7,23,13,5,0.0836120401337793,9,5,0.120772946859903
V1_c1.5,bgs,8,emmax,2,0.01,21,45,7,0.0518518518518519,88,7,0.0265151515151515
V1_c1.5,bgs,8,emmax,2,0.02,21,45,7,0.0518518518518519,81,7,0.0288065843621399
V1_c1.5,bgs,8,emmax,2,0.05,21,45,7,0.0518518518518519,79,7,0.029535864978903
V1_c1.5,bgs,8,emmax,2,0.1,21,45,7,0.0518518518518519,76,7,0.0307017543859649
V1_c1.5,bgs,8,emmax,2,0.15,21,45,7,0.0518518518518519,72,7,0.0324074074074074
V1_c1.5,bgs,8,emmax,2,0.2,21,45,7,0.0518518518518519,67,7,0.0348258706467662
V1_c1.5,bgs,8,emmax,2,0.3,21,45,7,0.0518518518518519,63,7,0.037037037037037
V1_c1.5,bgs,8,emmax,2,0.4,21,45,7,0.0518518518518519,60,7,0.0388888888888889
V1_c1.5,bgs,8,emmax,2,0.5,21,45,7,0.0518518518518519,50,7,0.0466666666666667
V1_c1.5,bgs,8,emmax,2,0.7,21,45,7,0.0518518518518519,26,7,0.0897435897435897
V1_c1.5,bgs,8,emmax,3,0.01,21,32,7,0.0729166666666667,62,7,0.0376344086021505
V1_c1.5,bgs,8,emmax,3,0.02,21,32,7,0.0729166666666667,59,7,0.0395480225988701
V1_c1.5,bgs,8,emmax,3,0.05,21,32,7,0.0729166666666667,55,7,0.0424242424242424
V1_c1.5,bgs,8,emmax,3,0.1,21,32,7,0.0729166666666667,53,7,0.0440251572327044
V1_c1.5,bgs,8,emmax,3,0.15,21,32,7,0.0729166666666667,49,7,0.0476190476190476
V1_c1.5,bgs,8,emmax,3,0.2,21,32,7,0.0729166666666667,46,7,0.0507246376811594
V1_c1.5,bgs,8,emmax,3,0.3,21,32,7,0.0729166666666667,44,7,0.053030303030303
V1_c1.5,bgs,8,emmax,3,0.4,21,32,7,0.0729166666666667,40,7,0.0583333333333333
V1_c1.5,bgs,8,emmax,3,0.5,21,32,7,0.0729166666666667,35,7,0.0666666666666667
V1_c1.5,bgs,8,emmax,3,0.7,21,32,7,0.0729166666666667,21,7,0.111111111111111
V1_c1.5,bgs,8,emmax,5,0.01,21,19,6,0.0902255639097744,45,7,0.0518518518518519
V1_c1.5,bgs,8,emmax,5,0.02,21,19,6,0.0902255639097744,42,7,0.0555555555555556
V1_c1.5,bgs,8,emmax,5,0.05,21,19,6,0.0902255639097744,38,7,0.0614035087719298
V1_c1.5,bgs,8,emmax,5,0.1,21,19,6,0.0902255639097744,32,6,0.0535714285714286
V1_c1.5,bgs,8,emmax,5,0.15,21,19,6,0.0902255639097744,29,6,0.0591133004926108
V1_c1.5,bgs,8,emmax,5,0.2,21,19,6,0.0902255639097744,27,6,0.0634920634920635
V1_c1.5,bgs,8,emmax,5,0.3,21,19,6,0.0902255639097744,25,6,0.0685714285714286
V1_c1.5,bgs,8,emmax,5,0.4,21,19,6,0.0902255639097744,22,6,0.0779220779220779
V1_c1.5,bgs,8,emmax,5,0.5,21,19,6,0.0902255639097744,19,6,0.0902255639097744
V1_c1.5,bgs,8,emmax,5,0.7,21,19,6,0.0902255639097744,14,6,0.122448979591837
V1_c1.5,bgs,8,emmax,10,0.01,21,12,6,0.142857142857143,20,7,0.116666666666667
V1_c1.5,bgs,8,emmax,10,0.02,21,12,6,0.142857142857143,19,6,0.0902255639097744
V1_c1.5,bgs,8,emmax,10,0.05,21,12,6,0.142857142857143,17,6,0.100840336134454
V1_c1.5,bgs,8,emmax,10,0.1,21,12,6,0.142857142857143,14,6,0.122448979591837
V1_c1.5,bgs,8,emmax,10,0.15,21,12,6,0.142857142857143,12,6,0.142857142857143
V1_c1.5,bgs,8,emmax,10,0.2,21,12,6,0.142857142857143,12,6,0.142857142857143
V1_c1.5,bgs,8,emmax,10,0.3,21,12,6,0.142857142857143,12,6,0.142857142857143
V1_c1.5,bgs,8,emmax,10,0.4,21,12,6,0.142857142857143,11,5,0.108225108225108
V1_c1.5,bgs,8,emmax,10,0.5,21,12,6,0.142857142857143,10,5,0.119047619047619
V1_c1.5,bgs,8,emmax,10,0.7,21,12,6,0.142857142857143,10,5,0.119047619047619
V1_c1.5,bgs,8,lfmm,2,0.01,21,56,7,0.0416666666666667,93,8,0.0327700972862263
V1_c1.5,bgs,8,lfmm,2,0.02,21,56,7,0.0416666666666667,84,8,0.036281179138322
V1_c1.5,bgs,8,lfmm,2,0.05,21,56,7,0.0416666666666667,81,8,0.0376249265138154
V1_c1.5,bgs,8,lfmm,2,0.1,21,56,7,0.0416666666666667,76,8,0.0401002506265664
V1_c1.5,bgs,8,lfmm,2,0.15,21,56,7,0.0416666666666667,71,8,0.0429242119382965
V1_c1.5,bgs,8,lfmm,2,0.2,21,56,7,0.0416666666666667,70,8,0.0435374149659864
V1_c1.5,bgs,8,lfmm,2,0.3,21,56,7,0.0416666666666667,70,8,0.0435374149659864
V1_c1.5,bgs,8,lfmm,2,0.4,21,56,7,0.0416666666666667,62,8,0.0491551459293395
V1_c1.5,bgs,8,lfmm,2,0.5,21,56,7,0.0416666666666667,55,7,0.0424242424242424
V1_c1.5,bgs,8,lfmm,2,0.7,21,56,7,0.0416666666666667,34,7,0.0686274509803922
V1_c1.5,bgs,8,lfmm,3,0.01,21,40,6,0.0428571428571428,67,7,0.0348258706467662
V1_c1.5,bgs,8,lfmm,3,0.02,21,40,6,0.0428571428571428,62,7,0.0376344086021505
V1_c1.5,bgs,8,lfmm,3,0.05,21,40,6,0.0428571428571428,58,7,0.0402298850574713
V1_c1.5,bgs,8,lfmm,3,0.1,21,40,6,0.0428571428571428,57,7,0.0409356725146199
V1_c1.5,bgs,8,lfmm,3,0.15,21,40,6,0.0428571428571428,52,7,0.0448717948717949
V1_c1.5,bgs,8,lfmm,3,0.2,21,40,6,0.0428571428571428,52,7,0.0448717948717949
V1_c1.5,bgs,8,lfmm,3,0.3,21,40,6,0.0428571428571428,52,7,0.0448717948717949
V1_c1.5,bgs,8,lfmm,3,0.4,21,40,6,0.0428571428571428,45,7,0.0518518518518519
V1_c1.5,bgs,8,lfmm,3,0.5,21,40,6,0.0428571428571428,38,6,0.0451127819548872
V1_c1.5,bgs,8,lfmm,3,0.7,21,40,6,0.0428571428571428,23,6,0.0745341614906832
V1_c1.5,bgs,8,lfmm,5,0.01,21,30,6,0.0571428571428571,45,7,0.0518518518518519
V1_c1.5,bgs,8,lfmm,5,0.02,21,30,6,0.0571428571428571,44,7,0.053030303030303
V1_c1.5,bgs,8,lfmm,5,0.05,21,30,6,0.0571428571428571,41,7,0.0569105691056911
V1_c1.5,bgs,8,lfmm,5,0.1,21,30,6,0.0571428571428571,41,7,0.0569105691056911
V1_c1.5,bgs,8,lfmm,5,0.15,21,30,6,0.0571428571428571,37,7,0.0630630630630631
V1_c1.5,bgs,8,lfmm,5,0.2,21,30,6,0.0571428571428571,36,7,0.0648148148148148
V1_c1.5,bgs,8,lfmm,5,0.3,21,30,6,0.0571428571428571,33,7,0.0707070707070707
V1_c1.5,bgs,8,lfmm,5,0.4,21,30,6,0.0571428571428571,31,7,0.0752688172043011
V1_c1.5,bgs,8,lfmm,5,0.5,21,30,6,0.0571428571428571,28,6,0.0612244897959184
V1_c1.5,bgs,8,lfmm,5,0.7,21,30,6,0.0571428571428571,19,6,0.0902255639097744
V1_c1.5,bgs,8,lfmm,10,0.01,21,17,5,0.0700280112044818,31,7,0.0752688172043011
V1_c1.5,bgs,8,lfmm,10,0.02,21,17,5,0.0700280112044818,28,6,0.0612244897959184
V1_c1.5,bgs,8,lfmm,10,0.05,21,17,5,0.0700280112044818,26,6,0.0659340659340659
V1_c1.5,bgs,8,lfmm,10,0.1,21,17,5,0.0700280112044818,25,6,0.0685714285714286
V1_c1.5,bgs,8,lfmm,10,0.15,21,17,5,0.0700280112044818,23,6,0.0745341614906832
V1_c1.5,bgs,8,lfmm,10,0.2,21,17,5,0.0700280112044818,23,6,0.0745341614906832
V1_c1.5,bgs,8,lfmm,10,0.3,21,17,5,0.0700280112044818,21,6,0.0816326530612245
V1_c1.5,bgs,8,lfmm,10,0.4,21,17,5,0.0700280112044818,19,6,0.0902255639097744
V1_c1.5,bgs,8,lfmm,10,0.5,21,17,5,0.0700280112044818,16,5,0.0744047619047619
V1_c1.5,bgs,8,lfmm,10,0.7,21,17,5,0.0700280112044818,13,5,0.0915750915750916
V1_c1.5,bgs,9,emmax,2,0.01,30,0,0,0,0,0,0
V1_c1.5,bgs,9,emmax,2,0.02,30,0,0,0,0,0,0
V1_c1.5,bgs,9,emmax,2,0.05,30,0,0,0,0,0,0
V1_c1.5,bgs,9,emmax,2,0.1,30,0,0,0,0,0,0
V1_c1.5,bgs,9,emmax,2,0.15,30,0,0,0,0,0,0
V1_c1.5,bgs,9,emmax,2,0.2,30,0,0,0,0,0,0
V1_c1.5,bgs,9,emmax,2,0.3,30,0,0,0,0,0,0
V1_c1.5,bgs,9,emmax,2,0.4,30,0,0,0,0,0,0
V1_c1.5,bgs,9,emmax,2,0.5,30,0,0,0,0,0,0
V1_c1.5,bgs,9,emmax,2,0.7,30,0,0,0,0,0,0
V1_c1.5,bgs,9,emmax,3,0.01,30,0,0,0,0,0,0
V1_c1.5,bgs,9,emmax,3,0.02,30,0,0,0,0,0,0
V1_c1.5,bgs,9,emmax,3,0.05,30,0,0,0,0,0,0
V1_c1.5,bgs,9,emmax,3,0.1,30,0,0,0,0,0,0
V1_c1.5,bgs,9,emmax,3,0.15,30,0,0,0,0,0,0
V1_c1.5,bgs,9,emmax,3,0.2,30,0,0,0,0,0,0
V1_c1.5,bgs,9,emmax,3,0.3,30,0,0,0,0,0,0
V1_c1.5,bgs,9,emmax,3,0.4,30,0,0,0,0,0,0
V1_c1.5,bgs,9,emmax,3,0.5,30,0,0,0,0,0,0
V1_c1.5,bgs,9,emmax,3,0.7,30,0,0,0,0,0,0
V1_c1.5,bgs,9,emmax,5,0.01,30,0,0,0,0,0,0
V1_c1.5,bgs,9,emmax,5,0.02,30,0,0,0,0,0,0
V1_c1.5,bgs,9,emmax,5,0.05,30,0,0,0,0,0,0
V1_c1.5,bgs,9,emmax,5,0.1,30,0,0,0,0,0,0
V1_c1.5,bgs,9,emmax,5,0.15,30,0,0,0,0,0,0
V1_c1.5,bgs,9,emmax,5,0.2,30,0,0,0,0,0,0
V1_c1.5,bgs,9,emmax,5,0.3,30,0,0,0,0,0,0
V1_c1.5,bgs,9,emmax,5,0.4,30,0,0,0,0,0,0
V1_c1.5,bgs,9,emmax,5,0.5,30,0,0,0,0,0,0
V1_c1.5,bgs,9,emmax,5,0.7,30,0,0,0,0,0,0
V1_c1.5,bgs,9,emmax,10,0.01,30,0,0,0,0,0,0
V1_c1.5,bgs,9,emmax,10,0.02,30,0,0,0,0,0,0
V1_c1.5,bgs,9,emmax,10,0.05,30,0,0,0,0,0,0
V1_c1.5,bgs,9,emmax,10,0.1,30,0,0,0,0,0,0
V1_c1.5,bgs,9,emmax,10,0.15,30,0,0,0,0,0,0
V1_c1.5,bgs,9,emmax,10,0.2,30,0,0,0,0,0,0
V1_c1.5,bgs,9,emmax,10,0.3,30,0,0,0,0,0,0
V1_c1.5,bgs,9,emmax,10,0.4,30,0,0,0,0,0,0
V1_c1.5,bgs,9,emmax,10,0.5,30,0,0,0,0,0,0
V1_c1.5,bgs,9,emmax,10,0.7,30,0,0,0,0,0,0
V1_c1.5,bgs,9,lfmm,2,0.01,30,3,2,0.0444444444444444,14,4,0.0380952380952381
V1_c1.5,bgs,9,lfmm,2,0.02,30,3,2,0.0444444444444444,13,3,0.0230769230769231
V1_c1.5,bgs,9,lfmm,2,0.05,30,3,2,0.0444444444444444,8,3,0.0375
V1_c1.5,bgs,9,lfmm,2,0.1,30,3,2,0.0444444444444444,8,3,0.0375
V1_c1.5,bgs,9,lfmm,2,0.15,30,3,2,0.0444444444444444,8,3,0.0375
V1_c1.5,bgs,9,lfmm,2,0.2,30,3,2,0.0444444444444444,6,3,0.05
V1_c1.5,bgs,9,lfmm,2,0.3,30,3,2,0.0444444444444444,6,3,0.05
V1_c1.5,bgs,9,lfmm,2,0.4,30,3,2,0.0444444444444444,6,3,0.05
V1_c1.5,bgs,9,lfmm,2,0.5,30,3,2,0.0444444444444444,6,3,0.05
V1_c1.5,bgs,9,lfmm,2,0.7,30,3,2,0.0444444444444444,5,3,0.06
V1_c1.5,bgs,9,lfmm,3,0.01,30,3,2,0.0444444444444444,11,4,0.0484848484848485
V1_c1.5,bgs,9,lfmm,3,0.02,30,3,2,0.0444444444444444,10,3,0.03
V1_c1.5,bgs,9,lfmm,3,0.05,30,3,2,0.0444444444444444,7,3,0.0428571428571429
V1_c1.5,bgs,9,lfmm,3,0.1,30,3,2,0.0444444444444444,6,3,0.05
V1_c1.5,bgs,9,lfmm,3,0.15,30,3,2,0.0444444444444444,6,3,0.05
V1_c1.5,bgs,9,lfmm,3,0.2,30,3,2,0.0444444444444444,6,3,0.05
V1_c1.5,bgs,9,lfmm,3,0.3,30,3,2,0.0444444444444444,6,3,0.05
V1_c1.5,bgs,9,lfmm,3,0.4,30,3,2,0.0444444444444444,6,3,0.05
V1_c1.5,bgs,9,lfmm,3,0.5,30,3,2,0.0444444444444444,6,3,0.05
V1_c1.5,bgs,9,lfmm,3,0.7,30,3,2,0.0444444444444444,5,3,0.06
V1_c1.5,bgs,9,lfmm,5,0.01,30,2,2,0.0666666666666667,8,4,0.0666666666666667
V1_c1.5,bgs,9,lfmm,5,0.02,30,2,2,0.0666666666666667,6,3,0.05
V1_c1.5,bgs,9,lfmm,5,0.05,30,2,2,0.0666666666666667,5,3,0.06
V1_c1.5,bgs,9,lfmm,5,0.1,30,2,2,0.0666666666666667,5,3,0.06
V1_c1.5,bgs,9,lfmm,5,0.15,30,2,2,0.0666666666666667,5,3,0.06
V1_c1.5,bgs,9,lfmm,5,0.2,30,2,2,0.0666666666666667,5,3,0.06
V1_c1.5,bgs,9,lfmm,5,0.3,30,2,2,0.0666666666666667,5,3,0.06
V1_c1.5,bgs,9,lfmm,5,0.4,30,2,2,0.0666666666666667,5,3,0.06
V1_c1.5,bgs,9,lfmm,5,0.5,30,2,2,0.0666666666666667,5,3,0.06
V1_c1.5,bgs,9,lfmm,5,0.7,30,2,2,0.0666666666666667,4,3,0.075
V1_c1.5,bgs,9,lfmm,10,0.01,30,2,2,0.0666666666666667,6,4,0.0888888888888889
V1_c1.5,bgs,9,lfmm,10,0.02,30,2,2,0.0666666666666667,4,2,0.0333333333333333
V1_c1.5,bgs,9,lfmm,10,0.05,30,2,2,0.0666666666666667,4,2,0.0333333333333333
V1_c1.5,bgs,9,lfmm,10,0.1,30,2,2,0.0666666666666667,4,2,0.0333333333333333
V1_c1.5,bgs,9,lfmm,10,0.15,30,2,2,0.0666666666666667,4,2,0.0333333333333333
V1_c1.5,bgs,9,lfmm,10,0.2,30,2,2,0.0666666666666667,4,2,0.0333333333333333
V1_c1.5,bgs,9,lfmm,10,0.3,30,2,2,0.0666666666666667,4,2,0.0333333333333333
V1_c1.5,bgs,9,lfmm,10,0.4,30,2,2,0.0666666666666667,4,2,0.0333333333333333
V1_c1.5,bgs,9,lfmm,10,0.5,30,2,2,0.0666666666666667,4,2,0.0333333333333333
V1_c1.5,bgs,9,lfmm,10,0.7,30,2,2,0.0666666666666667,3,2,0.0444444444444444
V1_c1.5,bgs,10,emmax,2,0.01,19,23,3,0.0205949656750572,67,6,0.02827965435978
V1_c1.5,bgs,10,emmax,2,0.02,19,23,3,0.0205949656750572,64,6,0.0296052631578947
V1_c1.5,bgs,10,emmax,2,0.05,19,23,3,0.0205949656750572,53,6,0.0357497517378352
V1_c1.5,bgs,10,emmax,2,0.1,19,23,3,0.0205949656750572,47,6,0.0403135498320269
V1_c1.5,bgs,10,emmax,2,0.15,19,23,3,0.0205949656750572,41,6,0.0462130937098845
V1_c1.5,bgs,10,emmax,2,0.2,19,23,3,0.0205949656750572,39,5,0.0337381916329285
V1_c1.5,bgs,10,emmax,2,0.3,19,23,3,0.0205949656750572,33,4,0.025518341307815
V1_c1.5,bgs,10,emmax,2,0.4,19,23,3,0.0205949656750572,28,4,0.0300751879699248
V1_c1.5,bgs,10,emmax,2,0.5,19,23,3,0.0205949656750572,22,3,0.0215311004784689
V1_c1.5,bgs,10,emmax,2,0.7,19,23,3,0.0205949656750572,20,3,0.0236842105263158
V1_c1.5,bgs,10,emmax,3,0.01,19,15,2,0.0140350877192982,46,5,0.028604118993135
V1_c1.5,bgs,10,emmax,3,0.02,19,15,2,0.0140350877192982,46,5,0.028604118993135
V1_c1.5,bgs,10,emmax,3,0.05,19,15,2,0.0140350877192982,40,5,0.0328947368421053
V1_c1.5,bgs,10,emmax,3,0.1,19,15,2,0.0140350877192982,35,5,0.037593984962406
V1_c1.5,bgs,10,emmax,3,0.15,19,15,2,0.0140350877192982,32,4,0.0263157894736842
V1_c1.5,bgs,10,emmax,3,0.2,19,15,2,0.0140350877192982,31,4,0.0271646859083192
V1_c1.5,bgs,10,emmax,3,0.3,19,15,2,0.0140350877192982,21,3,0.0225563909774436
V1_c1.5,bgs,10,emmax,3,0.4,19,15,2,0.0140350877192982,17,2,0.0123839009287926
V1_c1.5,bgs,10,emmax,3,0.5,19,15,2,0.0140350877192982,14,2,0.0150375939849624
V1_c1.5,bgs,10,emmax,3,0.7,19,15,2,0.0140350877192982,13,2,0.0161943319838057
V1_c1.5,bgs,10,emmax,5,0.01,19,10,2,0.0210526315789474,28,4,0.0300751879699248
V1_c1.5,bgs,10,emmax,5,0.02,19,10,2,0.0210526315789474,24,4,0.0350877192982456
V1_c1.5,bgs,10,emmax,5,0.05,19,10,2,0.0210526315789474,23,4,0.0366132723112128
V1_c1.5,bgs,10,emmax,5,0.1,19,10,2,0.0210526315789474,22,4,0.0382775119617225
V1_c1.5,bgs,10,emmax,5,0.15,19,10,2,0.0210526315789474,19,3,0.0249307479224377
V1_c1.5,bgs,10,emmax,5,0.2,19,10,2,0.0210526315789474,18,2,0.0116959064327485
V1_c1.5,bgs,10,emmax,5,0.3,19,10,2,0.0210526315789474,13,2,0.0161943319838057
V1_c1.5,bgs,10,emmax,5,0.4,19,10,2,0.0210526315789474,11,2,0.0191387559808612
V1_c1.5,bgs,10,emmax,5,0.5,19,10,2,0.0210526315789474,10,2,0.0210526315789474
V1_c1.5,bgs,10,emmax,5,0.7,19,10,2,0.0210526315789474,8,2,0.0263157894736842
V1_c1.5,bgs,10,emmax,10,0.01,19,7,2,0.0300751879699248,16,4,0.0526315789473684
V1_c1.5,bgs,10,emmax,10,0.02,19,7,2,0.0300751879699248,16,4,0.0526315789473684
V1_c1.5,bgs,10,emmax,10,0.05,19,7,2,0.0300751879699248,15,4,0.056140350877193
V1_c1.5,bgs,10,emmax,10,0.1,19,7,2,0.0300751879699248,13,3,0.0364372469635628
V1_c1.5,bgs,10,emmax,10,0.15,19,7,2,0.0300751879699248,11,3,0.0430622009569378
V1_c1.5,bgs,10,emmax,10,0.2,19,7,2,0.0300751879699248,9,2,0.0233918128654971
V1_c1.5,bgs,10,emmax,10,0.3,19,7,2,0.0300751879699248,7,2,0.0300751879699248
V1_c1.5,bgs,10,emmax,10,0.4,19,7,2,0.0300751879699248,8,2,0.0263157894736842
V1_c1.5,bgs,10,emmax,10,0.5,19,7,2,0.0300751879699248,8,2,0.0263157894736842
V1_c1.5,bgs,10,emmax,10,0.7,19,7,2,0.0300751879699248,5,2,0.0421052631578947
V1_c1.5,bgs,10,lfmm,2,0.01,19,22,4,0.0382775119617225,74,8,0.0455192034139403
V1_c1.5,bgs,10,lfmm,2,0.02,19,22,4,0.0382775119617225,66,8,0.05103668261563
V1_c1.5,bgs,10,lfmm,2,0.05,19,22,4,0.0382775119617225,60,7,0.0429824561403509
V1_c1.5,bgs,10,lfmm,2,0.1,19,22,4,0.0382775119617225,51,7,0.0505675954592363
V1_c1.5,bgs,10,lfmm,2,0.15,19,22,4,0.0382775119617225,43,6,0.0440636474908201
V1_c1.5,bgs,10,lfmm,2,0.2,19,22,4,0.0382775119617225,38,6,0.0498614958448753
V1_c1.5,bgs,10,lfmm,2,0.3,19,22,4,0.0382775119617225,34,6,0.0557275541795666
V1_c1.5,bgs,10,lfmm,2,0.4,19,22,4,0.0382775119617225,26,4,0.0323886639676113
V1_c1.5,bgs,10,lfmm,2,0.5,19,22,4,0.0382775119617225,23,4,0.0366132723112128
V1_c1.5,bgs,10,lfmm,2,0.7,19,22,4,0.0382775119617225,21,4,0.0401002506265664
V1_c1.5,bgs,10,lfmm,3,0.01,19,19,4,0.0443213296398892,54,8,0.0623781676413255
V1_c1.5,bgs,10,lfmm,3,0.02,19,19,4,0.0443213296398892,46,8,0.0732265446224256
V1_c1.5,bgs,10,lfmm,3,0.05,19,19,4,0.0443213296398892,42,7,0.0614035087719298
V1_c1.5,bgs,10,lfmm,3,0.1,19,19,4,0.0443213296398892,39,7,0.0661268556005398
V1_c1.5,bgs,10,lfmm,3,0.15,19,19,4,0.0443213296398892,35,6,0.0541353383458647
V1_c1.5,bgs,10,lfmm,3,0.2,19,19,4,0.0443213296398892,33,6,0.0574162679425837
V1_c1.5,bgs,10,lfmm,3,0.3,19,19,4,0.0443213296398892,27,6,0.0701754385964912
V1_c1.5,bgs,10,lfmm,3,0.4,19,19,4,0.0443213296398892,21,4,0.0401002506265664
V1_c1.5,bgs,10,lfmm,3,0.5,19,19,4,0.0443213296398892,20,4,0.0421052631578947
V1_c1.5,bgs,10,lfmm,3,0.7,19,19,4,0.0443213296398892,18,4,0.0467836257309942
V1_c1.5,bgs,10,lfmm,5,0.01,19,13,3,0.0364372469635628,35,7,0.0736842105263158
V1_c1.5,bgs,10,lfmm,5,0.02,19,13,3,0.0364372469635628,32,7,0.0805921052631579
V1_c1.5,bgs,10,lfmm,5,0.05,19,13,3,0.0364372469635628,27,6,0.0701754385964912
V1_c1.5,bgs,10,lfmm,5,0.1,19,13,3,0.0364372469635628,27,6,0.0701754385964912
V1_c1.5,bgs,10,lfmm,5,0.15,19,13,3,0.0364372469635628,25,5,0.0526315789473684
V1_c1.5,bgs,10,lfmm,5,0.2,19,13,3,0.0364372469635628,21,5,0.06265664160401
V1_c1.5,bgs,10,lfmm,5,0.3,19,13,3,0.0364372469635628,17,5,0.0773993808049536
V1_c1.5,bgs,10,lfmm,5,0.4,19,13,3,0.0364372469635628,14,3,0.0338345864661654
V1_c1.5,bgs,10,lfmm,5,0.5,19,13,3,0.0364372469635628,14,3,0.0338345864661654
V1_c1.5,bgs,10,lfmm,5,0.7,19,13,3,0.0364372469635628,11,3,0.0430622009569378
V1_c1.5,bgs,10,lfmm,10,0.01,19,6,3,0.0789473684210526,18,6,0.105263157894737
V1_c1.5,bgs,10,lfmm,10,0.02,19,6,3,0.0789473684210526,18,6,0.105263157894737
V1_c1.5,bgs,10,lfmm,10,0.05,19,6,3,0.0789473684210526,18,6,0.105263157894737
V1_c1.5,bgs,10,lfmm,10,0.1,19,6,3,0.0789473684210526,17,5,0.0773993808049536
V1_c1.5,bgs,10,lfmm,10,0.15,19,6,3,0.0789473684210526,15,5,0.087719298245614
V1_c1.5,bgs,10,lfmm,10,0.2,19,6,3,0.0789473684210526,12,5,0.109649122807018
V1_c1.5,bgs,10,lfmm,10,0.3,19,6,3,0.0789473684210526,9,4,0.0935672514619883
V1_c1.5,bgs,10,lfmm,10,0.4,19,6,3,0.0789473684210526,7,3,0.0676691729323308
V1_c1.5,bgs,10,lfmm,10,0.5,19,6,3,0.0789473684210526,6,3,0.0789473684210526
V1_c1.5,bgs,10,lfmm,10,0.7,19,6,3,0.0789473684210526,6,3,0.0789473684210526
V1_c1.5,nobgs,1,emmax,2,0.01,22,14,8,0.207792207792208,51,13,0.150623885918004
V1_c1.5,nobgs,1,emmax,2,0.02,22,14,8,0.207792207792208,45,12,0.145454545454545
V1_c1.5,nobgs,1,emmax,2,0.05,22,14,8,0.207792207792208,33,11,0.166666666666667
V1_c1.5,nobgs,1,emmax,2,0.1,22,14,8,0.207792207792208,28,11,0.196428571428571
V1_c1.5,nobgs,1,emmax,2,0.15,22,14,8,0.207792207792208,24,10,0.189393939393939
V1_c1.5,nobgs,1,emmax,2,0.2,22,14,8,0.207792207792208,23,10,0.197628458498024
V1_c1.5,nobgs,1,emmax,2,0.3,22,14,8,0.207792207792208,18,10,0.252525252525253
V1_c1.5,nobgs,1,emmax,2,0.4,22,14,8,0.207792207792208,17,10,0.267379679144385
V1_c1.5,nobgs,1,emmax,2,0.5,22,14,8,0.207792207792208,15,10,0.303030303030303
V1_c1.5,nobgs,1,emmax,2,0.7,22,14,8,0.207792207792208,13,8,0.223776223776224
V1_c1.5,nobgs,1,emmax,3,0.01,22,11,8,0.264462809917355,36,12,0.181818181818182
V1_c1.5,nobgs,1,emmax,3,0.02,22,11,8,0.264462809917355,34,11,0.161764705882353
V1_c1.5,nobgs,1,emmax,3,0.05,22,11,8,0.264462809917355,25,10,0.181818181818182
V1_c1.5,nobgs,1,emmax,3,0.1,22,11,8,0.264462809917355,24,10,0.189393939393939
V1_c1.5,nobgs,1,emmax,3,0.15,22,11,8,0.264462809917355,22,10,0.206611570247934
V1_c1.5,nobgs,1,emmax,3,0.2,22,11,8,0.264462809917355,20,10,0.227272727272727
V1_c1.5,nobgs,1,emmax,3,0.3,22,11,8,0.264462809917355,15,10,0.303030303030303
V1_c1.5,nobgs,1,emmax,3,0.4,22,11,8,0.264462809917355,14,10,0.324675324675325
V1_c1.5,nobgs,1,emmax,3,0.5,22,11,8,0.264462809917355,14,10,0.324675324675325
V1_c1.5,nobgs,1,emmax,3,0.7,22,11,8,0.264462809917355,12,8,0.242424242424242
V1_c1.5,nobgs,1,emmax,5,0.01,22,10,7,0.222727272727273,25,10,0.181818181818182
V1_c1.5,nobgs,1,emmax,5,0.02,22,10,7,0.222727272727273,24,10,0.189393939393939
V1_c1.5,nobgs,1,emmax,5,0.05,22,10,7,0.222727272727273,18,10,0.252525252525253
V1_c1.5,nobgs,1,emmax,5,0.1,22,10,7,0.222727272727273,16,10,0.284090909090909
V1_c1.5,nobgs,1,emmax,5,0.15,22,10,7,0.222727272727273,15,10,0.303030303030303
V1_c1.5,nobgs,1,emmax,5,0.2,22,10,7,0.222727272727273,14,10,0.324675324675325
V1_c1.5,nobgs,1,emmax,5,0.3,22,10,7,0.222727272727273,13,10,0.34965034965035
V1_c1.5,nobgs,1,emmax,5,0.4,22,10,7,0.222727272727273,13,10,0.34965034965035
V1_c1.5,nobgs,1,emmax,5,0.5,22,10,7,0.222727272727273,11,9,0.334710743801653
V1_c1.5,nobgs,1,emmax,5,0.7,22,10,7,0.222727272727273,9,7,0.247474747474748
V1_c1.5,nobgs,1,emmax,10,0.01,22,6,5,0.189393939393939,17,10,0.267379679144385
V1_c1.5,nobgs,1,emmax,10,0.02,22,6,5,0.189393939393939,16,10,0.284090909090909
V1_c1.5,nobgs,1,emmax,10,0.05,22,6,5,0.189393939393939,14,10,0.324675324675325
V1_c1.5,nobgs,1,emmax,10,0.1,22,6,5,0.189393939393939,12,10,0.378787878787879
V1_c1.5,nobgs,1,emmax,10,0.15,22,6,5,0.189393939393939,12,10,0.378787878787879
V1_c1.5,nobgs,1,emmax,10,0.2,22,6,5,0.189393939393939,10,8,0.290909090909091
V1_c1.5,nobgs,1,emmax,10,0.3,22,6,5,0.189393939393939,10,8,0.290909090909091
V1_c1.5,nobgs,1,emmax,10,0.4,22,6,5,0.189393939393939,9,7,0.247474747474748
V1_c1.5,nobgs,1,emmax,10,0.5,22,6,5,0.189393939393939,9,7,0.247474747474748
V1_c1.5,nobgs,1,emmax,10,0.7,22,6,5,0.189393939393939,6,5,0.189393939393939
V1_c1.5,nobgs,1,lfmm,2,0.01,22,10,6,0.163636363636364,38,10,0.119617224880383
V1_c1.5,nobgs,1,lfmm,2,0.02,22,10,6,0.163636363636364,33,9,0.111570247933884
V1_c1.5,nobgs,1,lfmm,2,0.05,22,10,6,0.163636363636364,28,9,0.131493506493507
V1_c1.5,nobgs,1,lfmm,2,0.1,22,10,6,0.163636363636364,23,8,0.126482213438735
V1_c1.5,nobgs,1,lfmm,2,0.15,22,10,6,0.163636363636364,23,8,0.126482213438735
V1_c1.5,nobgs,1,lfmm,2,0.2,22,10,6,0.163636363636364,23,8,0.126482213438735
V1_c1.5,nobgs,1,lfmm,2,0.3,22,10,6,0.163636363636364,19,7,0.117224880382775
V1_c1.5,nobgs,1,lfmm,2,0.4,22,10,6,0.163636363636364,18,7,0.123737373737374
V1_c1.5,nobgs,1,lfmm,2,0.5,22,10,6,0.163636363636364,18,7,0.123737373737374
V1_c1.5,nobgs,1,lfmm,2,0.7,22,10,6,0.163636363636364,16,7,0.139204545454545
V1_c1.5,nobgs,1,lfmm,3,0.01,22,10,6,0.163636363636364,25,9,0.147272727272727
V1_c1.5,nobgs,1,lfmm,3,0.02,22,10,6,0.163636363636364,25,9,0.147272727272727
V1_c1.5,nobgs,1,lfmm,3,0.05,22,10,6,0.163636363636364,19,8,0.15311004784689
V1_c1.5,nobgs,1,lfmm,3,0.1,22,10,6,0.163636363636364,18,8,0.161616161616162
V1_c1.5,nobgs,1,lfmm,3,0.15,22,10,6,0.163636363636364,18,8,0.161616161616162
V1_c1.5,nobgs,1,lfmm,3,0.2,22,10,6,0.163636363636364,18,8,0.161616161616162
V1_c1.5,nobgs,1,lfmm,3,0.3,22,10,6,0.163636363636364,16,7,0.139204545454545
V1_c1.5,nobgs,1,lfmm,3,0.4,22,10,6,0.163636363636364,16,7,0.139204545454545
V1_c1.5,nobgs,1,lfmm,3,0.5,22,10,6,0.163636363636364,15,7,0.148484848484848
V1_c1.5,nobgs,1,lfmm,3,0.7,22,10,6,0.163636363636364,12,7,0.185606060606061
V1_c1.5,nobgs,1,lfmm,5,0.01,22,9,6,0.181818181818182,21,8,0.138528138528139
V1_c1.5,nobgs,1,lfmm,5,0.02,22,9,6,0.181818181818182,20,8,0.145454545454545
V1_c1.5,nobgs,1,lfmm,5,0.05,22,9,6,0.181818181818182,18,8,0.161616161616162
V1_c1.5,nobgs,1,lfmm,5,0.1,22,9,6,0.181818181818182,18,8,0.161616161616162
V1_c1.5,nobgs,1,lfmm,5,0.15,22,9,6,0.181818181818182,16,7,0.139204545454545
V1_c1.5,nobgs,1,lfmm,5,0.2,22,9,6,0.181818181818182,16,7,0.139204545454545
V1_c1.5,nobgs,1,lfmm,5,0.3,22,9,6,0.181818181818182,15,7,0.148484848484848
V1_c1.5,nobgs,1,lfmm,5,0.4,22,9,6,0.181818181818182,13,7,0.171328671328671
V1_c1.5,nobgs,1,lfmm,5,0.5,22,9,6,0.181818181818182,12,7,0.185606060606061
V1_c1.5,nobgs,1,lfmm,5,0.7,22,9,6,0.181818181818182,10,7,0.222727272727273
V1_c1.5,nobgs,1,lfmm,10,0.01,22,6,3,0.0681818181818182,17,8,0.171122994652406
V1_c1.5,nobgs,1,lfmm,10,0.02,22,6,3,0.0681818181818182,16,7,0.139204545454545
V1_c1.5,nobgs,1,lfmm,10,0.05,22,6,3,0.0681818181818182,14,7,0.159090909090909
V1_c1.5,nobgs,1,lfmm,10,0.1,22,6,3,0.0681818181818182,13,7,0.171328671328671
V1_c1.5,nobgs,1,lfmm,10,0.15,22,6,3,0.0681818181818182,11,5,0.103305785123967
V1_c1.5,nobgs,1,lfmm,10,0.2,22,6,3,0.0681818181818182,10,4,0.0727272727272727
V1_c1.5,nobgs,1,lfmm,10,0.3,22,6,3,0.0681818181818182,8,4,0.0909090909090909
V1_c1.5,nobgs,1,lfmm,10,0.4,22,6,3,0.0681818181818182,8,4,0.0909090909090909
V1_c1.5,nobgs,1,lfmm,10,0.5,22,6,3,0.0681818181818182,7,4,0.103896103896104
V1_c1.5,nobgs,1,lfmm,10,0.7,22,6,3,0.0681818181818182,7,4,0.103896103896104
V1_c1.5,nobgs,2,emmax,2,0.01,29,25,3,0.0124137931034483,65,7,0.0259946949602122
V1_c1.5,nobgs,2,emmax,2,0.02,29,25,3,0.0124137931034483,56,5,0.0153940886699507
V1_c1.5,nobgs,2,emmax,2,0.05,29,25,3,0.0124137931034483,51,4,0.0108181203515889
V1_c1.5,nobgs,2,emmax,2,0.1,29,25,3,0.0124137931034483,46,4,0.0119940029985007
V1_c1.5,nobgs,2,emmax,2,0.15,29,25,3,0.0124137931034483,44,4,0.0125391849529781
V1_c1.5,nobgs,2,emmax,2,0.2,29,25,3,0.0124137931034483,42,3,0.00738916256157635
V1_c1.5,nobgs,2,emmax,2,0.3,29,25,3,0.0124137931034483,33,3,0.00940438871473354
V1_c1.5,nobgs,2,emmax,2,0.4,29,25,3,0.0124137931034483,30,3,0.0103448275862069
V1_c1.5,nobgs,2,emmax,2,0.5,29,25,3,0.0124137931034483,28,3,0.0110837438423645
V1_c1.5,nobgs,2,emmax,2,0.7,29,25,3,0.0124137931034483,18,3,0.0172413793103448
V1_c1.5,nobgs,2,emmax,3,0.01,29,14,2,0.00985221674876847,46,6,0.0269865067466267
V1_c1.5,nobgs,2,emmax,3,0.02,29,14,2,0.00985221674876847,40,4,0.0137931034482759
V1_c1.5,nobgs,2,emmax,3,0.05,29,14,2,0.00985221674876847,37,4,0.0149114631873253
V1_c1.5,nobgs,2,emmax,3,0.1,29,14,2,0.00985221674876847,35,3,0.00886699507389163
V1_c1.5,nobgs,2,emmax,3,0.15,29,14,2,0.00985221674876847,31,3,0.0100111234705228
V1_c1.5,nobgs,2,emmax,3,0.2,29,14,2,0.00985221674876847,31,3,0.0100111234705228
V1_c1.5,nobgs,2,emmax,3,0.3,29,14,2,0.00985221674876847,24,3,0.0129310344827586
V1_c1.5,nobgs,2,emmax,3,0.4,29,14,2,0.00985221674876847,21,3,0.0147783251231527
V1_c1.5,nobgs,2,emmax,3,0.5,29,14,2,0.00985221674876847,18,3,0.0172413793103448
V1_c1.5,nobgs,2,emmax,3,0.7,29,14,2,0.00985221674876847,10,3,0.0310344827586207
V1_c1.5,nobgs,2,emmax,5,0.01,29,7,2,0.0197044334975369,30,5,0.028735632183908
V1_c1.5,nobgs,2,emmax,5,0.02,29,7,2,0.0197044334975369,24,3,0.0129310344827586
V1_c1.5,nobgs,2,emmax,5,0.05,29,7,2,0.0197044334975369,20,3,0.0155172413793103
V1_c1.5,nobgs,2,emmax,5,0.1,29,7,2,0.0197044334975369,18,3,0.0172413793103448
V1_c1.5,nobgs,2,emmax,5,0.15,29,7,2,0.0197044334975369,15,3,0.0206896551724138
V1_c1.5,nobgs,2,emmax,5,0.2,29,7,2,0.0197044334975369,14,3,0.0221674876847291
V1_c1.5,nobgs,2,emmax,5,0.3,29,7,2,0.0197044334975369,13,3,0.0238726790450928
V1_c1.5,nobgs,2,emmax,5,0.4,29,7,2,0.0197044334975369,13,3,0.0238726790450928
V1_c1.5,nobgs,2,emmax,5,0.5,29,7,2,0.0197044334975369,13,3,0.0238726790450928
V1_c1.5,nobgs,2,emmax,5,0.7,29,7,2,0.0197044334975369,8,2,0.0172413793103448
V1_c1.5,nobgs,2,emmax,10,0.01,29,5,2,0.0275862068965517,13,3,0.0238726790450928
V1_c1.5,nobgs,2,emmax,10,0.02,29,5,2,0.0275862068965517,8,2,0.0172413793103448
V1_c1.5,nobgs,2,emmax,10,0.05,29,5,2,0.0275862068965517,8,2,0.0172413793103448
V1_c1.5,nobgs,2,emmax,10,0.1,29,5,2,0.0275862068965517,7,2,0.0197044334975369
V1_c1.5,nobgs,2,emmax,10,0.15,29,5,2,0.0275862068965517,7,2,0.0197044334975369
V1_c1.5,nobgs,2,emmax,10,0.2,29,5,2,0.0275862068965517,7,2,0.0197044334975369
V1_c1.5,nobgs,2,emmax,10,0.3,29,5,2,0.0275862068965517,6,2,0.0229885057471264
V1_c1.5,nobgs,2,emmax,10,0.4,29,5,2,0.0275862068965517,6,2,0.0229885057471264
V1_c1.5,nobgs,2,emmax,10,0.5,29,5,2,0.0275862068965517,6,2,0.0229885057471264
V1_c1.5,nobgs,2,emmax,10,0.7,29,5,2,0.0275862068965517,4,2,0.0344827586206897
V1_c1.5,nobgs,2,lfmm,2,0.01,29,55,5,0.0156739811912226,137,9,0.0203876164107727
V1_c1.5,nobgs,2,lfmm,2,0.02,29,55,5,0.0156739811912226,124,9,0.0225250278086763
V1_c1.5,nobgs,2,lfmm,2,0.05,29,55,5,0.0156739811912226,107,9,0.0261037705446342
V1_c1.5,nobgs,2,lfmm,2,0.1,29,55,5,0.0156739811912226,90,8,0.0245210727969349
V1_c1.5,nobgs,2,lfmm,2,0.15,29,55,5,0.0156739811912226,82,7,0.020605550883095
V1_c1.5,nobgs,2,lfmm,2,0.2,29,55,5,0.0156739811912226,77,7,0.0219435736677116
V1_c1.5,nobgs,2,lfmm,2,0.3,29,55,5,0.0156739811912226,73,6,0.0170051960321209
V1_c1.5,nobgs,2,lfmm,2,0.4,29,55,5,0.0156739811912226,70,5,0.0123152709359606
V1_c1.5,nobgs,2,lfmm,2,0.5,29,55,5,0.0156739811912226,65,5,0.013262599469496
V1_c1.5,nobgs,2,lfmm,2,0.7,29,55,5,0.0156739811912226,58,5,0.0148632580261593
V1_c1.5,nobgs,2,lfmm,3,0.01,29,45,3,0.00689655172413793,105,9,0.0266009852216749
V1_c1.5,nobgs,2,lfmm,3,0.02,29,45,3,0.00689655172413793,91,9,0.0306934444865479
V1_c1.5,nobgs,2,lfmm,3,0.05,29,45,3,0.00689655172413793,79,9,0.0353557398515932
V1_c1.5,nobgs,2,lfmm,3,0.1,29,45,3,0.00689655172413793,74,7,0.0228331780055918
V1_c1.5,nobgs,2,lfmm,3,0.15,29,45,3,0.00689655172413793,65,6,0.0190981432360743
V1_c1.5,nobgs,2,lfmm,3,0.2,29,45,3,0.00689655172413793,62,5,0.0139043381535039
V1_c1.5,nobgs,2,lfmm,3,0.3,29,45,3,0.00689655172413793,59,5,0.0146113383985973
V1_c1.5,nobgs,2,lfmm,3,0.4,29,45,3,0.00689655172413793,52,4,0.0106100795755968
V1_c1.5,nobgs,2,lfmm,3,0.5,29,45,3,0.00689655172413793,51,4,0.0108181203515889
V1_c1.5,nobgs,2,lfmm,3,0.7,29,45,3,0.00689655172413793,46,4,0.0119940029985007
V1_c1.5,nobgs,2,lfmm,5,0.01,29,28,3,0.0110837438423645,71,8,0.0310830500242836
V1_c1.5,nobgs,2,lfmm,5,0.02,29,28,3,0.0110837438423645,64,8,0.0344827586206897
V1_c1.5,nobgs,2,lfmm,5,0.05,29,28,3,0.0110837438423645,59,8,0.0374050263004091
V1_c1.5,nobgs,2,lfmm,5,0.1,29,28,3,0.0110837438423645,55,5,0.0156739811912226
V1_c1.5,nobgs,2,lfmm,5,0.15,29,28,3,0.0110837438423645,50,5,0.0172413793103448
V1_c1.5,nobgs,2,lfmm,5,0.2,29,28,3,0.0110837438423645,48,5,0.0179597701149425
V1_c1.5,nobgs,2,lfmm,5,0.3,29,28,3,0.0110837438423645,42,5,0.0205254515599343
V1_c1.5,nobgs,2,lfmm,5,0.4,29,28,3,0.0110837438423645,36,4,0.0153256704980843
V1_c1.5,nobgs,2,lfmm,5,0.5,29,28,3,0.0110837438423645,33,4,0.0167189132706374
V1_c1.5,nobgs,2,lfmm,5,0.7,29,28,3,0.0110837438423645,29,3,0.0107015457788347
V1_c1.5,nobgs,2,lfmm,10,0.01,29,12,2,0.0114942528735632,43,5,0.0200481154771451
V1_c1.5,nobgs,2,lfmm,10,0.02,29,12,2,0.0114942528735632,41,5,0.0210260723296888
V1_c1.5,nobgs,2,lfmm,10,0.05,29,12,2,0.0114942528735632,32,5,0.0269396551724138
V1_c1.5,nobgs,2,lfmm,10,0.1,29,12,2,0.0114942528735632,28,4,0.0197044334975369
V1_c1.5,nobgs,2,lfmm,10,0.15,29,12,2,0.0114942528735632,26,4,0.0212201591511936
V1_c1.5,nobgs,2,lfmm,10,0.2,29,12,2,0.0114942528735632,23,4,0.0239880059970015
V1_c1.5,nobgs,2,lfmm,10,0.3,29,12,2,0.0114942528735632,17,3,0.0182555780933063
V1_c1.5,nobgs,2,lfmm,10,0.4,29,12,2,0.0114942528735632,13,3,0.0238726790450928
V1_c1.5,nobgs,2,lfmm,10,0.5,29,12,2,0.0114942528735632,12,2,0.0114942528735632
V1_c1.5,nobgs,2,lfmm,10,0.7,29,12,2,0.0114942528735632,11,2,0.0125391849529781
V1_c1.5,nobgs,3,emmax,2,0.01,25,5,2,0.032,26,6,0.0553846153846154
V1_c1.5,nobgs,3,emmax,2,0.02,25,5,2,0.032,21,5,0.0476190476190476
V1_c1.5,nobgs,3,emmax,2,0.05,25,5,2,0.032,15,4,0.0426666666666667
V1_c1.5,nobgs,3,emmax,2,0.1,25,5,2,0.032,13,3,0.0276923076923077
V1_c1.5,nobgs,3,emmax,2,0.15,25,5,2,0.032,8,2,0.02
V1_c1.5,nobgs,3,emmax,2,0.2,25,5,2,0.032,7,2,0.0228571428571429
V1_c1.5,nobgs,3,emmax,2,0.3,25,5,2,0.032,7,2,0.0228571428571429
V1_c1.5,nobgs,3,emmax,2,0.4,25,5,2,0.032,7,2,0.0228571428571429
V1_c1.5,nobgs,3,emmax,2,0.5,25,5,2,0.032,6,2,0.0266666666666667
V1_c1.5,nobgs,3,emmax,2,0.7,25,5,2,0.032,6,2,0.0266666666666667
V1_c1.5,nobgs,3,emmax,3,0.01,25,4,2,0.04,21,4,0.0304761904761905
V1_c1.5,nobgs,3,emmax,3,0.02,25,4,2,0.04,17,3,0.0211764705882353
V1_c1.5,nobgs,3,emmax,3,0.05,25,4,2,0.04,14,3,0.0257142857142857
V1_c1.5,nobgs,3,emmax,3,0.1,25,4,2,0.04,12,3,0.03
V1_c1.5,nobgs,3,emmax,3,0.15,25,4,2,0.04,7,2,0.0228571428571429
V1_c1.5,nobgs,3,emmax,3,0.2,25,4,2,0.04,6,2,0.0266666666666667
V1_c1.5,nobgs,3,emmax,3,0.3,25,4,2,0.04,6,2,0.0266666666666667
V1_c1.5,nobgs,3,emmax,3,0.4,25,4,2,0.04,6,2,0.0266666666666667
V1_c1.5,nobgs,3,emmax,3,0.5,25,4,2,0.04,5,2,0.032
V1_c1.5,nobgs,3,emmax,3,0.7,25,4,2,0.04,4,2,0.04
V1_c1.5,nobgs,3,emmax,5,0.01,25,4,2,0.04,16,3,0.0225
V1_c1.5,nobgs,3,emmax,5,0.02,25,4,2,0.04,15,3,0.024
V1_c1.5,nobgs,3,emmax,5,0.05,25,4,2,0.04,11,3,0.0327272727272727
V1_c1.5,nobgs,3,emmax,5,0.1,25,4,2,0.04,7,2,0.0228571428571429
V1_c1.5,nobgs,3,emmax,5,0.15,25,4,2,0.04,5,2,0.032
V1_c1.5,nobgs,3,emmax,5,0.2,25,4,2,0.04,4,2,0.04
V1_c1.5,nobgs,3,emmax,5,0.3,25,4,2,0.04,4,2,0.04
V1_c1.5,nobgs,3,emmax,5,0.4,25,4,2,0.04,4,2,0.04
V1_c1.5,nobgs,3,emmax,5,0.5,25,4,2,0.04,4,2,0.04
V1_c1.5,nobgs,3,emmax,5,0.7,25,4,2,0.04,4,2,0.04
V1_c1.5,nobgs,3,emmax,10,0.01,25,2,1,0.02,11,3,0.0327272727272727
V1_c1.5,nobgs,3,emmax,10,0.02,25,2,1,0.02,9,3,0.04
V1_c1.5,nobgs,3,emmax,10,0.05,25,2,1,0.02,9,3,0.04
V1_c1.5,nobgs,3,emmax,10,0.1,25,2,1,0.02,5,1,0.008
V1_c1.5,nobgs,3,emmax,10,0.15,25,2,1,0.02,3,1,0.0133333333333333
V1_c1.5,nobgs,3,emmax,10,0.2,25,2,1,0.02,2,1,0.02
V1_c1.5,nobgs,3,emmax,10,0.3,25,2,1,0.02,2,1,0.02
V1_c1.5,nobgs,3,emmax,10,0.4,25,2,1,0.02,2,1,0.02
V1_c1.5,nobgs,3,emmax,10,0.5,25,2,1,0.02,2,1,0.02
V1_c1.5,nobgs,3,emmax,10,0.7,25,2,1,0.02,2,1,0.02
V1_c1.5,nobgs,3,lfmm,2,0.01,25,20,7,0.098,60,10,0.0666666666666667
V1_c1.5,nobgs,3,lfmm,2,0.02,25,20,7,0.098,59,10,0.0677966101694915
V1_c1.5,nobgs,3,lfmm,2,0.05,25,20,7,0.098,52,9,0.0623076923076923
V1_c1.5,nobgs,3,lfmm,2,0.1,25,20,7,0.098,43,9,0.0753488372093023
V1_c1.5,nobgs,3,lfmm,2,0.15,25,20,7,0.098,41,9,0.0790243902439024
V1_c1.5,nobgs,3,lfmm,2,0.2,25,20,7,0.098,32,7,0.06125
V1_c1.5,nobgs,3,lfmm,2,0.3,25,20,7,0.098,29,7,0.0675862068965517
V1_c1.5,nobgs,3,lfmm,2,0.4,25,20,7,0.098,25,7,0.0784
V1_c1.5,nobgs,3,lfmm,2,0.5,25,20,7,0.098,23,7,0.0852173913043479
V1_c1.5,nobgs,3,lfmm,2,0.7,25,20,7,0.098,21,7,0.0933333333333333
V1_c1.5,nobgs,3,lfmm,3,0.01,25,15,6,0.096,46,9,0.0704347826086957
V1_c1.5,nobgs,3,lfmm,3,0.02,25,15,6,0.096,43,9,0.0753488372093023
V1_c1.5,nobgs,3,lfmm,3,0.05,25,15,6,0.096,37,8,0.0691891891891892
V1_c1.5,nobgs,3,lfmm,3,0.1,25,15,6,0.096,34,8,0.0752941176470588
V1_c1.5,nobgs,3,lfmm,3,0.15,25,15,6,0.096,31,7,0.0632258064516129
V1_c1.5,nobgs,3,lfmm,3,0.2,25,15,6,0.096,28,7,0.07
V1_c1.5,nobgs,3,lfmm,3,0.3,25,15,6,0.096,25,7,0.0784
V1_c1.5,nobgs,3,lfmm,3,0.4,25,15,6,0.096,22,7,0.0890909090909091
V1_c1.5,nobgs,3,lfmm,3,0.5,25,15,6,0.096,19,7,0.103157894736842
V1_c1.5,nobgs,3,lfmm,3,0.7,25,15,6,0.096,17,7,0.115294117647059
V1_c1.5,nobgs,3,lfmm,5,0.01,25,13,5,0.0769230769230769,34,7,0.0576470588235294
V1_c1.5,nobgs,3,lfmm,5,0.02,25,13,5,0.0769230769230769,31,7,0.0632258064516129
V1_c1.5,nobgs,3,lfmm,5,0.05,25,13,5,0.0769230769230769,27,6,0.0533333333333333
V1_c1.5,nobgs,3,lfmm,5,0.1,25,13,5,0.0769230769230769,24,6,0.06
V1_c1.5,nobgs,3,lfmm,5,0.15,25,13,5,0.0769230769230769,22,6,0.0654545454545455
V1_c1.5,nobgs,3,lfmm,5,0.2,25,13,5,0.0769230769230769,21,6,0.0685714285714286
V1_c1.5,nobgs,3,lfmm,5,0.3,25,13,5,0.0769230769230769,17,6,0.0847058823529412
V1_c1.5,nobgs,3,lfmm,5,0.4,25,13,5,0.0769230769230769,15,5,0.0666666666666667
V1_c1.5,nobgs,3,lfmm,5,0.5,25,13,5,0.0769230769230769,14,5,0.0714285714285714
V1_c1.5,nobgs,3,lfmm,5,0.7,25,13,5,0.0769230769230769,13,5,0.0769230769230769
V1_c1.5,nobgs,3,lfmm,10,0.01,25,8,4,0.08,21,6,0.0685714285714286
V1_c1.5,nobgs,3,lfmm,10,0.02,25,8,4,0.08,21,6,0.0685714285714286
V1_c1.5,nobgs,3,lfmm,10,0.05,25,8,4,0.08,16,5,0.0625
V1_c1.5,nobgs,3,lfmm,10,0.1,25,8,4,0.08,14,4,0.0457142857142857
V1_c1.5,nobgs,3,lfmm,10,0.15,25,8,4,0.08,13,4,0.0492307692307692
V1_c1.5,nobgs,3,lfmm,10,0.2,25,8,4,0.08,11,4,0.0581818181818182
V1_c1.5,nobgs,3,lfmm,10,0.3,25,8,4,0.08,10,4,0.064
V1_c1.5,nobgs,3,lfmm,10,0.4,25,8,4,0.08,9,4,0.0711111111111111
V1_c1.5,nobgs,3,lfmm,10,0.5,25,8,4,0.08,9,4,0.0711111111111111
V1_c1.5,nobgs,3,lfmm,10,0.7,25,8,4,0.08,9,4,0.0711111111111111
V1_c1.5,nobgs,4,emmax,2,0.01,27,1,1,0.037037037037037,25,8,0.0948148148148148
V1_c1.5,nobgs,4,emmax,2,0.02,27,1,1,0.037037037037037,25,8,0.0948148148148148
V1_c1.5,nobgs,4,emmax,2,0.05,27,1,1,0.037037037037037,19,7,0.0955165692007797
V1_c1.5,nobgs,4,emmax,2,0.1,27,1,1,0.037037037037037,14,6,0.0952380952380952
V1_c1.5,nobgs,4,emmax,2,0.15,27,1,1,0.037037037037037,12,6,0.111111111111111
V1_c1.5,nobgs,4,emmax,2,0.2,27,1,1,0.037037037037037,10,6,0.133333333333333
V1_c1.5,nobgs,4,emmax,2,0.3,27,1,1,0.037037037037037,9,6,0.148148148148148
V1_c1.5,nobgs,4,emmax,2,0.4,27,1,1,0.037037037037037,7,5,0.132275132275132
V1_c1.5,nobgs,4,emmax,2,0.5,27,1,1,0.037037037037037,3,3,0.111111111111111
V1_c1.5,nobgs,4,emmax,2,0.7,27,1,1,0.037037037037037,2,2,0.0740740740740741
V1_c1.5,nobgs,4,emmax,3,0.01,27,1,1,0.037037037037037,16,7,0.113425925925926
V1_c1.5,nobgs,4,emmax,3,0.02,27,1,1,0.037037037037037,17,7,0.106753812636166
V1_c1.5,nobgs,4,emmax,3,0.05,27,1,1,0.037037037037037,12,6,0.111111111111111
V1_c1.5,nobgs,4,emmax,3,0.1,27,1,1,0.037037037037037,11,6,0.121212121212121
V1_c1.5,nobgs,4,emmax,3,0.15,27,1,1,0.037037037037037,10,6,0.133333333333333
V1_c1.5,nobgs,4,emmax,3,0.2,27,1,1,0.037037037037037,8,6,0.166666666666667
V1_c1.5,nobgs,4,emmax,3,0.3,27,1,1,0.037037037037037,8,6,0.166666666666667
V1_c1.5,nobgs,4,emmax,3,0.4,27,1,1,0.037037037037037,6,5,0.154320987654321
V1_c1.5,nobgs,4,emmax,3,0.5,27,1,1,0.037037037037037,2,2,0.0740740740740741
V1_c1.5,nobgs,4,emmax,3,0.7,27,1,1,0.037037037037037,1,1,0.037037037037037
V1_c1.5,nobgs,4,emmax,5,0.01,27,1,1,0.037037037037037,13,7,0.13960113960114
V1_c1.5,nobgs,4,emmax,5,0.02,27,1,1,0.037037037037037,13,6,0.102564102564103
V1_c1.5,nobgs,4,emmax,5,0.05,27,1,1,0.037037037037037,9,6,0.148148148148148
V1_c1.5,nobgs,4,emmax,5,0.1,27,1,1,0.037037037037037,9,6,0.148148148148148
V1_c1.5,nobgs,4,emmax,5,0.15,27,1,1,0.037037037037037,7,5,0.132275132275132
V1_c1.5,nobgs,4,emmax,5,0.2,27,1,1,0.037037037037037,6,5,0.154320987654321
V1_c1.5,nobgs,4,emmax,5,0.3,27,1,1,0.037037037037037,5,4,0.118518518518519
V1_c1.5,nobgs,4,emmax,5,0.4,27,1,1,0.037037037037037,4,3,0.0833333333333333
V1_c1.5,nobgs,4,emmax,5,0.5,27,1,1,0.037037037037037,1,1,0.037037037037037
V1_c1.5,nobgs,4,emmax,5,0.7,27,1,1,0.037037037037037,1,1,0.037037037037037
V1_c1.5,nobgs,4,emmax,10,0.01,27,1,1,0.037037037037037,9,5,0.102880658436214
V1_c1.5,nobgs,4,emmax,10,0.02,27,1,1,0.037037037037037,10,5,0.0925925925925926
V1_c1.5,nobgs,4,emmax,10,0.05,27,1,1,0.037037037037037,8,5,0.115740740740741
V1_c1.5,nobgs,4,emmax,10,0.1,27,1,1,0.037037037037037,6,4,0.0987654320987654
V1_c1.5,nobgs,4,emmax,10,0.15,27,1,1,0.037037037037037,5,3,0.0666666666666667
V1_c1.5,nobgs,4,emmax,10,0.2,27,1,1,0.037037037037037,4,3,0.0833333333333333
V1_c1.5,nobgs,4,emmax,10,0.3,27,1,1,0.037037037037037,4,3,0.0833333333333333
V1_c1.5,nobgs,4,emmax,10,0.4,27,1,1,0.037037037037037,3,2,0.0493827160493827
V1_c1.5,nobgs,4,emmax,10,0.5,27,1,1,0.037037037037037,1,1,0.037037037037037
V1_c1.5,nobgs,4,emmax,10,0.7,27,1,1,0.037037037037037,1,1,0.037037037037037
V1_c1.5,nobgs,4,lfmm,2,0.01,27,2,2,0.0740740740740741,6,5,0.154320987654321
V1_c1.5,nobgs,4,lfmm,2,0.02,27,2,2,0.0740740740740741,5,4,0.118518518518519
V1_c1.5,nobgs,4,lfmm,2,0.05,27,2,2,0.0740740740740741,4,3,0.0833333333333333
V1_c1.5,nobgs,4,lfmm,2,0.1,27,2,2,0.0740740740740741,5,3,0.0666666666666667
V1_c1.5,nobgs,4,lfmm,2,0.15,27,2,2,0.0740740740740741,4,3,0.0833333333333333
V1_c1.5,nobgs,4,lfmm,2,0.2,27,2,2,0.0740740740740741,4,3,0.0833333333333333
V1_c1.5,nobgs,4,lfmm,2,0.3,27,2,2,0.0740740740740741,4,3,0.0833333333333333
V1_c1.5,nobgs,4,lfmm,2,0.4,27,2,2,0.0740740740740741,4,3,0.0833333333333333
V1_c1.5,nobgs,4,lfmm,2,0.5,27,2,2,0.0740740740740741,4,3,0.0833333333333333
V1_c1.5,nobgs,4,lfmm,2,0.7,27,2,2,0.0740740740740741,2,2,0.0740740740740741
V1_c1.5,nobgs,4,lfmm,3,0.01,27,2,2,0.0740740740740741,5,4,0.118518518518519
V1_c1.5,nobgs,4,lfmm,3,0.02,27,2,2,0.0740740740740741,5,4,0.118518518518519
V1_c1.5,nobgs,4,lfmm,3,0.05,27,2,2,0.0740740740740741,4,3,0.0833333333333333
V1_c1.5,nobgs,4,lfmm,3,0.1,27,2,2,0.0740740740740741,5,3,0.0666666666666667
V1_c1.5,nobgs,4,lfmm,3,0.15,27,2,2,0.0740740740740741,4,3,0.0833333333333333
V1_c1.5,nobgs,4,lfmm,3,0.2,27,2,2,0.0740740740740741,4,3,0.0833333333333333
V1_c1.5,nobgs,4,lfmm,3,0.3,27,2,2,0.0740740740740741,3,2,0.0493827160493827
V1_c1.5,nobgs,4,lfmm,3,0.4,27,2,2,0.0740740740740741,3,2,0.0493827160493827
V1_c1.5,nobgs,4,lfmm,3,0.5,27,2,2,0.0740740740740741,3,2,0.0493827160493827
V1_c1.5,nobgs,4,lfmm,3,0.7,27,2,2,0.0740740740740741,2,2,0.0740740740740741
V1_c1.5,nobgs,4,lfmm,5,0.01,27,2,2,0.0740740740740741,4,4,0.148148148148148
V1_c1.5,nobgs,4,lfmm,5,0.02,27,2,2,0.0740740740740741,4,4,0.148148148148148
V1_c1.5,nobgs,4,lfmm,5,0.05,27,2,2,0.0740740740740741,3,3,0.111111111111111
V1_c1.5,nobgs,4,lfmm,5,0.1,27,2,2,0.0740740740740741,3,2,0.0493827160493827
V1_c1.5,nobgs,4,lfmm,5,0.15,27,2,2,0.0740740740740741,3,2,0.0493827160493827
V1_c1.5,nobgs,4,lfmm,5,0.2,27,2,2,0.0740740740740741,3,2,0.0493827160493827
V1_c1.5,nobgs,4,lfmm,5,0.3,27,2,2,0.0740740740740741,3,2,0.0493827160493827
V1_c1.5,nobgs,4,lfmm,5,0.4,27,2,2,0.0740740740740741,3,2,0.0493827160493827
V1_c1.5,nobgs,4,lfmm,5,0.5,27,2,2,0.0740740740740741,3,2,0.0493827160493827
V1_c1.5,nobgs,4,lfmm,5,0.7,27,2,2,0.0740740740740741,2,2,0.0740740740740741
V1_c1.5,nobgs,4,lfmm,10,0.01,27,1,1,0.037037037037037,3,3,0.111111111111111
V1_c1.5,nobgs,4,lfmm,10,0.02,27,1,1,0.037037037037037,3,3,0.111111111111111
V1_c1.5,nobgs,4,lfmm,10,0.05,27,1,1,0.037037037037037,2,2,0.0740740740740741
V1_c1.5,nobgs,4,lfmm,10,0.1,27,1,1,0.037037037037037,3,2,0.0493827160493827
V1_c1.5,nobgs,4,lfmm,10,0.15,27,1,1,0.037037037037037,3,2,0.0493827160493827
V1_c1.5,nobgs,4,lfmm,10,0.2,27,1,1,0.037037037037037,2,1,0.0185185185185185
V1_c1.5,nobgs,4,lfmm,10,0.3,27,1,1,0.037037037037037,2,1,0.0185185185185185
V1_c1.5,nobgs,4,lfmm,10,0.4,27,1,1,0.037037037037037,2,1,0.0185185185185185
V1_c1.5,nobgs,4,lfmm,10,0.5,27,1,1,0.037037037037037,2,1,0.0185185185185185
V1_c1.5,nobgs,4,lfmm,10,0.7,27,1,1,0.037037037037037,1,1,0.037037037037037
V1_c1.5,nobgs,5,emmax,2,0.01,23,1,0,0,7,1,0.0062111801242236
V1_c1.5,nobgs,5,emmax,2,0.02,23,1,0,0,6,1,0.0072463768115942
V1_c1.5,nobgs,5,emmax,2,0.05,23,1,0,0,5,0,0
V1_c1.5,nobgs,5,emmax,2,0.1,23,1,0,0,4,0,0
V1_c1.5,nobgs,5,emmax,2,0.15,23,1,0,0,4,0,0
V1_c1.5,nobgs,5,emmax,2,0.2,23,1,0,0,4,0,0
V1_c1.5,nobgs,5,emmax,2,0.3,23,1,0,0,4,0,0
V1_c1.5,nobgs,5,emmax,2,0.4,23,1,0,0,3,0,0
V1_c1.5,nobgs,5,emmax,2,0.5,23,1,0,0,3,0,0
V1_c1.5,nobgs,5,emmax,2,0.7,23,1,0,0,1,0,0
V1_c1.5,nobgs,5,emmax,3,0.01,23,0,0,0,4,0,0
V1_c1.5,nobgs,5,emmax,3,0.02,23,0,0,0,4,0,0
V1_c1.5,nobgs,5,emmax,3,0.05,23,0,0,0,3,0,0
V1_c1.5,nobgs,5,emmax,3,0.1,23,0,0,0,3,0,0
V1_c1.5,nobgs,5,emmax,3,0.15,23,0,0,0,3,0,0
V1_c1.5,nobgs,5,emmax,3,0.2,23,0,0,0,3,0,0
V1_c1.5,nobgs,5,emmax,3,0.3,23,0,0,0,3,0,0
V1_c1.5,nobgs,5,emmax,3,0.4,23,0,0,0,2,0,0
V1_c1.5,nobgs,5,emmax,3,0.5,23,0,0,0,2,0,0
V1_c1.5,nobgs,5,emmax,3,0.7,23,0,0,0,0,0,0
V1_c1.5,nobgs,5,emmax,5,0.01,23,0,0,0,2,0,0
V1_c1.5,nobgs,5,emmax,5,0.02,23,0,0,0,2,0,0
V1_c1.5,nobgs,5,emmax,5,0.05,23,0,0,0,2,0,0
V1_c1.5,nobgs,5,emmax,5,0.1,23,0,0,0,2,0,0
V1_c1.5,nobgs,5,emmax,5,0.15,23,0,0,0,2,0,0
V1_c1.5,nobgs,5,emmax,5,0.2,23,0,0,0,2,0,0
V1_c1.5,nobgs,5,emmax,5,0.3,23,0,0,0,2,0,0
V1_c1.5,nobgs,5,emmax,5,0.4,23,0,0,0,1,0,0
V1_c1.5,nobgs,5,emmax,5,0.5,23,0,0,0,1,0,0
V1_c1.5,nobgs,5,emmax,5,0.7,23,0,0,0,0,0,0
V1_c1.5,nobgs,5,emmax,10,0.01,23,0,0,0,2,0,0
V1_c1.5,nobgs,5,emmax,10,0.02,23,0,0,0,2,0,0
V1_c1.5,nobgs,5,emmax,10,0.05,23,0,0,0,2,0,0
V1_c1.5,nobgs,5,emmax,10,0.1,23,0,0,0,1,0,0
V1_c1.5,nobgs,5,emmax,10,0.15,23,0,0,0,1,0,0
V1_c1.5,nobgs,5,emmax,10,0.2,23,0,0,0,1,0,0
V1_c1.5,nobgs,5,emmax,10,0.3,23,0,0,0,1,0,0
V1_c1.5,nobgs,5,emmax,10,0.4,23,0,0,0,0,0,0
V1_c1.5,nobgs,5,emmax,10,0.5,23,0,0,0,0,0,0
V1_c1.5,nobgs,5,emmax,10,0.7,23,0,0,0,0,0,0
V1_c1.5,nobgs,5,lfmm,2,0.01,23,0,0,0,19,2,0.0091533180778032
V1_c1.5,nobgs,5,lfmm,2,0.02,23,0,0,0,17,2,0.010230179028133
V1_c1.5,nobgs,5,lfmm,2,0.05,23,0,0,0,12,1,0.0036231884057971
V1_c1.5,nobgs,5,lfmm,2,0.1,23,0,0,0,9,1,0.00483091787439614
V1_c1.5,nobgs,5,lfmm,2,0.15,23,0,0,0,7,0,0
V1_c1.5,nobgs,5,lfmm,2,0.2,23,0,0,0,7,0,0
V1_c1.5,nobgs,5,lfmm,2,0.3,23,0,0,0,7,0,0
V1_c1.5,nobgs,5,lfmm,2,0.4,23,0,0,0,6,0,0
V1_c1.5,nobgs,5,lfmm,2,0.5,23,0,0,0,3,0,0
V1_c1.5,nobgs,5,lfmm,2,0.7,23,0,0,0,0,0,0
V1_c1.5,nobgs,5,lfmm,3,0.01,23,0,0,0,15,1,0.00289855072463768
V1_c1.5,nobgs,5,lfmm,3,0.02,23,0,0,0,13,1,0.00334448160535117
V1_c1.5,nobgs,5,lfmm,3,0.05,23,0,0,0,9,1,0.00483091787439614
V1_c1.5,nobgs,5,lfmm,3,0.1,23,0,0,0,6,0,0
V1_c1.5,nobgs,5,lfmm,3,0.15,23,0,0,0,6,0,0
V1_c1.5,nobgs,5,lfmm,3,0.2,23,0,0,0,5,0,0
V1_c1.5,nobgs,5,lfmm,3,0.3,23,0,0,0,5,0,0
V1_c1.5,nobgs,5,lfmm,3,0.4,23,0,0,0,4,0,0
V1_c1.5,nobgs,5,lfmm,3,0.5,23,0,0,0,2,0,0
V1_c1.5,nobgs,5,lfmm,3,0.7,23,0,0,0,0,0,0
V1_c1.5,nobgs,5,lfmm,5,0.01,23,0,0,0,7,1,0.0062111801242236
V1_c1.5,nobgs,5,lfmm,5,0.02,23,0,0,0,7,1,0.0062111801242236
V1_c1.5,nobgs,5,lfmm,5,0.05,23,0,0,0,5,0,0
V1_c1.5,nobgs,5,lfmm,5,0.1,23,0,0,0,3,0,0
V1_c1.5,nobgs,5,lfmm,5,0.15,23,0,0,0,3,0,0
V1_c1.5,nobgs,5,lfmm,5,0.2,23,0,0,0,3,0,0
V1_c1.5,nobgs,5,lfmm,5,0.3,23,0,0,0,3,0,0
V1_c1.5,nobgs,5,lfmm,5,0.4,23,0,0,0,2,0,0
V1_c1.5,nobgs,5,lfmm,5,0.5,23,0,0,0,1,0,0
V1_c1.5,nobgs,5,lfmm,5,0.7,23,0,0,0,0,0,0
V1_c1.5,nobgs,5,lfmm,10,0.01,23,0,0,0,4,0,0
V1_c1.5,nobgs,5,lfmm,10,0.02,23,0,0,0,4,0,0
V1_c1.5,nobgs,5,lfmm,10,0.05,23,0,0,0,2,0,0
V1_c1.5,nobgs,5,lfmm,10,0.1,23,0,0,0,2,0,0
V1_c1.5,nobgs,5,lfmm,10,0.15,23,0,0,0,2,0,0
V1_c1.5,nobgs,5,lfmm,10,0.2,23,0,0,0,2,0,0
V1_c1.5,nobgs,5,lfmm,10,0.3,23,0,0,0,2,0,0
V1_c1.5,nobgs,5,lfmm,10,0.4,23,0,0,0,1,0,0
V1_c1.5,nobgs,5,lfmm,10,0.5,23,0,0,0,0,0,0
V1_c1.5,nobgs,5,lfmm,10,0.7,23,0,0,0,0,0,0
V1_c1.5,nobgs,6,emmax,2,0.01,21,71,5,0.0167672702883971,122,7,0.0191256830601093
V1_c1.5,nobgs,6,emmax,2,0.02,21,71,5,0.0167672702883971,116,7,0.0201149425287356
V1_c1.5,nobgs,6,emmax,2,0.05,21,71,5,0.0167672702883971,110,7,0.0212121212121212
V1_c1.5,nobgs,6,emmax,2,0.1,21,71,5,0.0167672702883971,101,7,0.0231023102310231
V1_c1.5,nobgs,6,emmax,2,0.15,21,71,5,0.0167672702883971,95,6,0.0180451127819549
V1_c1.5,nobgs,6,emmax,2,0.2,21,71,5,0.0167672702883971,94,6,0.0182370820668693
V1_c1.5,nobgs,6,emmax,2,0.3,21,71,5,0.0167672702883971,84,6,0.0204081632653061
V1_c1.5,nobgs,6,emmax,2,0.4,21,71,5,0.0167672702883971,73,5,0.0163078930202218
V1_c1.5,nobgs,6,emmax,2,0.5,21,71,5,0.0167672702883971,66,5,0.018037518037518
V1_c1.5,nobgs,6,emmax,2,0.7,21,71,5,0.0167672702883971,47,5,0.0253292806484296
V1_c1.5,nobgs,6,emmax,3,0.01,21,59,4,0.0129136400322841,97,7,0.0240549828178694
V1_c1.5,nobgs,6,emmax,3,0.02,21,59,4,0.0129136400322841,94,7,0.024822695035461
V1_c1.5,nobgs,6,emmax,3,0.05,21,59,4,0.0129136400322841,88,7,0.0265151515151515
V1_c1.5,nobgs,6,emmax,3,0.1,21,59,4,0.0129136400322841,83,6,0.0206540447504303
V1_c1.5,nobgs,6,emmax,3,0.15,21,59,4,0.0129136400322841,79,5,0.0150693188667872
V1_c1.5,nobgs,6,emmax,3,0.2,21,59,4,0.0129136400322841,75,5,0.0158730158730159
V1_c1.5,nobgs,6,emmax,3,0.3,21,59,4,0.0129136400322841,66,5,0.018037518037518
V1_c1.5,nobgs,6,emmax,3,0.4,21,59,4,0.0129136400322841,63,4,0.0120937263794407
V1_c1.5,nobgs,6,emmax,3,0.5,21,59,4,0.0129136400322841,54,4,0.0141093474426808
V1_c1.5,nobgs,6,emmax,3,0.7,21,59,4,0.0129136400322841,39,4,0.0195360195360195
V1_c1.5,nobgs,6,emmax,5,0.01,21,40,4,0.0190476190476191,68,5,0.0175070028011204
V1_c1.5,nobgs,6,emmax,5,0.02,21,40,4,0.0190476190476191,65,5,0.0183150183150183
V1_c1.5,nobgs,6,emmax,5,0.05,21,40,4,0.0190476190476191,62,5,0.0192012288786482
V1_c1.5,nobgs,6,emmax,5,0.1,21,40,4,0.0190476190476191,60,5,0.0198412698412698
V1_c1.5,nobgs,6,emmax,5,0.15,21,40,4,0.0190476190476191,59,5,0.0201775625504439
V1_c1.5,nobgs,6,emmax,5,0.2,21,40,4,0.0190476190476191,56,5,0.0212585034013605
V1_c1.5,nobgs,6,emmax,5,0.3,21,40,4,0.0190476190476191,51,5,0.0233426704014939
V1_c1.5,nobgs,6,emmax,5,0.4,21,40,4,0.0190476190476191,47,4,0.0162107396149949
V1_c1.5,nobgs,6,emmax,5,0.5,21,40,4,0.0190476190476191,41,4,0.0185830429732869
V1_c1.5,nobgs,6,emmax,5,0.7,21,40,4,0.0190476190476191,25,4,0.0304761904761905
V1_c1.5,nobgs,6,emmax,10,0.01,21,19,3,0.0225563909774436,39,5,0.0305250305250305
V1_c1.5,nobgs,6,emmax,10,0.02,21,19,3,0.0225563909774436,39,5,0.0305250305250305
V1_c1.5,nobgs,6,emmax,10,0.05,21,19,3,0.0225563909774436,36,5,0.0330687830687831
V1_c1.5,nobgs,6,emmax,10,0.1,21,19,3,0.0225563909774436,34,5,0.0350140056022409
V1_c1.5,nobgs,6,emmax,10,0.15,21,19,3,0.0225563909774436,33,5,0.0360750360750361
V1_c1.5,nobgs,6,emmax,10,0.2,21,19,3,0.0225563909774436,28,5,0.0425170068027211
V1_c1.5,nobgs,6,emmax,10,0.3,21,19,3,0.0225563909774436,24,5,0.0496031746031746
V1_c1.5,nobgs,6,emmax,10,0.4,21,19,3,0.0225563909774436,22,4,0.0346320346320346
V1_c1.5,nobgs,6,emmax,10,0.5,21,19,3,0.0225563909774436,16,4,0.0476190476190476
V1_c1.5,nobgs,6,emmax,10,0.7,21,19,3,0.0225563909774436,12,3,0.0357142857142857
V1_c1.5,nobgs,6,lfmm,2,0.01,21,167,7,0.0139720558882236,189,7,0.0123456790123457
V1_c1.5,nobgs,6,lfmm,2,0.02,21,167,7,0.0139720558882236,189,7,0.0123456790123457
V1_c1.5,nobgs,6,lfmm,2,0.05,21,167,7,0.0139720558882236,189,7,0.0123456790123457
V1_c1.5,nobgs,6,lfmm,2,0.1,21,167,7,0.0139720558882236,190,7,0.012280701754386
V1_c1.5,nobgs,6,lfmm,2,0.15,21,167,7,0.0139720558882236,188,7,0.0124113475177305
V1_c1.5,nobgs,6,lfmm,2,0.2,21,167,7,0.0139720558882236,184,7,0.0126811594202899
V1_c1.5,nobgs,6,lfmm,2,0.3,21,167,7,0.0139720558882236,178,7,0.0131086142322097
V1_c1.5,nobgs,6,lfmm,2,0.4,21,167,7,0.0139720558882236,179,7,0.0130353817504656
V1_c1.5,nobgs,6,lfmm,2,0.5,21,167,7,0.0139720558882236,180,7,0.012962962962963
V1_c1.5,nobgs,6,lfmm,2,0.7,21,167,7,0.0139720558882236,138,7,0.0169082125603865
V1_c1.5,nobgs,6,lfmm,3,0.01,21,138,6,0.0124223602484472,169,6,0.0101437024513948
V1_c1.5,nobgs,6,lfmm,3,0.02,21,138,6,0.0124223602484472,171,6,0.0100250626566416
V1_c1.5,nobgs,6,lfmm,3,0.05,21,138,6,0.0124223602484472,168,6,0.0102040816326531
V1_c1.5,nobgs,6,lfmm,3,0.1,21,138,6,0.0124223602484472,162,6,0.0105820105820106
V1_c1.5,nobgs,6,lfmm,3,0.15,21,138,6,0.0124223602484472,162,6,0.0105820105820106
V1_c1.5,nobgs,6,lfmm,3,0.2,21,138,6,0.0124223602484472,159,6,0.0107816711590296
V1_c1.5,nobgs,6,lfmm,3,0.3,21,138,6,0.0124223602484472,157,6,0.010919017288444
V1_c1.5,nobgs,6,lfmm,3,0.4,21,138,6,0.0124223602484472,154,6,0.0111317254174397
V1_c1.5,nobgs,6,lfmm,3,0.5,21,138,6,0.0124223602484472,148,6,0.0115830115830116
V1_c1.5,nobgs,6,lfmm,3,0.7,21,138,6,0.0124223602484472,110,6,0.0155844155844156
V1_c1.5,nobgs,6,lfmm,5,0.01,21,104,6,0.0164835164835165,141,6,0.0121580547112462
V1_c1.5,nobgs,6,lfmm,5,0.02,21,104,6,0.0164835164835165,138,6,0.0124223602484472
V1_c1.5,nobgs,6,lfmm,5,0.05,21,104,6,0.0164835164835165,135,6,0.0126984126984127
V1_c1.5,nobgs,6,lfmm,5,0.1,21,104,6,0.0164835164835165,132,6,0.012987012987013
V1_c1.5,nobgs,6,lfmm,5,0.15,21,104,6,0.0164835164835165,126,6,0.0136054421768707
V1_c1.5,nobgs,6,lfmm,5,0.2,21,104,6,0.0164835164835165,124,6,0.0138248847926267
V1_c1.5,nobgs,6,lfmm,5,0.3,21,104,6,0.0164835164835165,117,6,0.0146520146520147
V1_c1.5,nobgs,6,lfmm,5,0.4,21,104,6,0.0164835164835165,110,6,0.0155844155844156
V1_c1.5,nobgs,6,lfmm,5,0.5,21,104,6,0.0164835164835165,105,5,0.0113378684807256
V1_c1.5,nobgs,6,lfmm,5,0.7,21,104,6,0.0164835164835165,76,5,0.0156641604010025
V1_c1.5,nobgs,6,lfmm,10,0.01,21,64,5,0.0186011904761905,100,6,0.0171428571428571
V1_c1.5,nobgs,6,lfmm,10,0.02,21,64,5,0.0186011904761905,95,6,0.0180451127819549
V1_c1.5,nobgs,6,lfmm,10,0.05,21,64,5,0.0186011904761905,92,6,0.0186335403726708
V1_c1.5,nobgs,6,lfmm,10,0.1,21,64,5,0.0186011904761905,89,5,0.0133761369716426
V1_c1.5,nobgs,6,lfmm,10,0.15,21,64,5,0.0186011904761905,86,5,0.0138427464008859
V1_c1.5,nobgs,6,lfmm,10,0.2,21,64,5,0.0186011904761905,82,5,0.0145180023228804
V1_c1.5,nobgs,6,lfmm,10,0.3,21,64,5,0.0186011904761905,77,5,0.015460729746444
V1_c1.5,nobgs,6,lfmm,10,0.4,21,64,5,0.0186011904761905,71,5,0.0167672702883971
V1_c1.5,nobgs,6,lfmm,10,0.5,21,64,5,0.0186011904761905,70,5,0.0170068027210884
V1_c1.5,nobgs,6,lfmm,10,0.7,21,64,5,0.0186011904761905,44,5,0.0270562770562771
V1_c1.5,nobgs,7,emmax,2,0.01,24,4,1,0.0104166666666667,13,3,0.0288461538461538
V1_c1.5,nobgs,7,emmax,2,0.02,24,4,1,0.0104166666666667,11,3,0.0340909090909091
V1_c1.5,nobgs,7,emmax,2,0.05,24,4,1,0.0104166666666667,10,3,0.0375
V1_c1.5,nobgs,7,emmax,2,0.1,24,4,1,0.0104166666666667,10,3,0.0375
V1_c1.5,nobgs,7,emmax,2,0.15,24,4,1,0.0104166666666667,9,3,0.0416666666666667
V1_c1.5,nobgs,7,emmax,2,0.2,24,4,1,0.0104166666666667,6,2,0.0277777777777778
V1_c1.5,nobgs,7,emmax,2,0.3,24,4,1,0.0104166666666667,6,2,0.0277777777777778
V1_c1.5,nobgs,7,emmax,2,0.4,24,4,1,0.0104166666666667,6,2,0.0277777777777778
V1_c1.5,nobgs,7,emmax,2,0.5,24,4,1,0.0104166666666667,6,2,0.0277777777777778
V1_c1.5,nobgs,7,emmax,2,0.7,24,4,1,0.0104166666666667,3,1,0.0138888888888889
V1_c1.5,nobgs,7,emmax,3,0.01,24,3,1,0.0138888888888889,8,2,0.0208333333333333
V1_c1.5,nobgs,7,emmax,3,0.02,24,3,1,0.0138888888888889,6,2,0.0277777777777778
V1_c1.5,nobgs,7,emmax,3,0.05,24,3,1,0.0138888888888889,6,2,0.0277777777777778
V1_c1.5,nobgs,7,emmax,3,0.1,24,3,1,0.0138888888888889,6,2,0.0277777777777778
V1_c1.5,nobgs,7,emmax,3,0.15,24,3,1,0.0138888888888889,4,1,0.0104166666666667
V1_c1.5,nobgs,7,emmax,3,0.2,24,3,1,0.0138888888888889,4,1,0.0104166666666667
V1_c1.5,nobgs,7,emmax,3,0.3,24,3,1,0.0138888888888889,3,1,0.0138888888888889
V1_c1.5,nobgs,7,emmax,3,0.4,24,3,1,0.0138888888888889,3,1,0.0138888888888889
V1_c1.5,nobgs,7,emmax,3,0.5,24,3,1,0.0138888888888889,3,1,0.0138888888888889
V1_c1.5,nobgs,7,emmax,3,0.7,24,3,1,0.0138888888888889,2,1,0.0208333333333333
V1_c1.5,nobgs,7,emmax,5,0.01,24,3,1,0.0138888888888889,5,2,0.0333333333333333
V1_c1.5,nobgs,7,emmax,5,0.02,24,3,1,0.0138888888888889,5,2,0.0333333333333333
V1_c1.5,nobgs,7,emmax,5,0.05,24,3,1,0.0138888888888889,4,1,0.0104166666666667
V1_c1.5,nobgs,7,emmax,5,0.1,24,3,1,0.0138888888888889,4,1,0.0104166666666667
V1_c1.5,nobgs,7,emmax,5,0.15,24,3,1,0.0138888888888889,4,1,0.0104166666666667
V1_c1.5,nobgs,7,emmax,5,0.2,24,3,1,0.0138888888888889,4,1,0.0104166666666667
V1_c1.5,nobgs,7,emmax,5,0.3,24,3,1,0.0138888888888889,3,1,0.0138888888888889
V1_c1.5,nobgs,7,emmax,5,0.4,24,3,1,0.0138888888888889,3,1,0.0138888888888889
V1_c1.5,nobgs,7,emmax,5,0.5,24,3,1,0.0138888888888889,2,1,0.0208333333333333
V1_c1.5,nobgs,7,emmax,5,0.7,24,3,1,0.0138888888888889,2,1,0.0208333333333333
V1_c1.5,nobgs,7,emmax,10,0.01,24,2,1,0.0208333333333333,4,2,0.0416666666666667
V1_c1.5,nobgs,7,emmax,10,0.02,24,2,1,0.0208333333333333,4,2,0.0416666666666667
V1_c1.5,nobgs,7,emmax,10,0.05,24,2,1,0.0208333333333333,2,1,0.0208333333333333
V1_c1.5,nobgs,7,emmax,10,0.1,24,2,1,0.0208333333333333,2,1,0.0208333333333333
V1_c1.5,nobgs,7,emmax,10,0.15,24,2,1,0.0208333333333333,2,1,0.0208333333333333
V1_c1.5,nobgs,7,emmax,10,0.2,24,2,1,0.0208333333333333,2,1,0.0208333333333333
V1_c1.5,nobgs,7,emmax,10,0.3,24,2,1,0.0208333333333333,2,1,0.0208333333333333
V1_c1.5,nobgs,7,emmax,10,0.4,24,2,1,0.0208333333333333,2,1,0.0208333333333333
V1_c1.5,nobgs,7,emmax,10,0.5,24,2,1,0.0208333333333333,2,1,0.0208333333333333
V1_c1.5,nobgs,7,emmax,10,0.7,24,2,1,0.0208333333333333,2,1,0.0208333333333333
V1_c1.5,nobgs,7,lfmm,2,0.01,24,38,5,0.0274122807017544,79,11,0.0638185654008439
V1_c1.5,nobgs,7,lfmm,2,0.02,24,38,5,0.0274122807017544,74,11,0.0681306306306306
V1_c1.5,nobgs,7,lfmm,2,0.05,24,38,5,0.0274122807017544,63,11,0.080026455026455
V1_c1.5,nobgs,7,lfmm,2,0.1,24,38,5,0.0274122807017544,60,11,0.0840277777777778
V1_c1.5,nobgs,7,lfmm,2,0.15,24,38,5,0.0274122807017544,58,11,0.0869252873563218
V1_c1.5,nobgs,7,lfmm,2,0.2,24,38,5,0.0274122807017544,52,9,0.0649038461538462
V1_c1.5,nobgs,7,lfmm,2,0.3,24,38,5,0.0274122807017544,47,7,0.0434397163120567
V1_c1.5,nobgs,7,lfmm,2,0.4,24,38,5,0.0274122807017544,43,7,0.0474806201550388
V1_c1.5,nobgs,7,lfmm,2,0.5,24,38,5,0.0274122807017544,42,7,0.0486111111111111
V1_c1.5,nobgs,7,lfmm,2,0.7,24,38,5,0.0274122807017544,25,5,0.0416666666666667
V1_c1.5,nobgs,7,lfmm,3,0.01,24,27,4,0.0246913580246914,58,11,0.0869252873563218
V1_c1.5,nobgs,7,lfmm,3,0.02,24,27,4,0.0246913580246914,55,11,0.0916666666666667
V1_c1.5,nobgs,7,lfmm,3,0.05,24,27,4,0.0246913580246914,50,11,0.100833333333333
V1_c1.5,nobgs,7,lfmm,3,0.1,24,27,4,0.0246913580246914,44,10,0.0946969696969697
V1_c1.5,nobgs,7,lfmm,3,0.15,24,27,4,0.0246913580246914,41,10,0.101626016260163
V1_c1.5,nobgs,7,lfmm,3,0.2,24,27,4,0.0246913580246914,39,9,0.0865384615384615
V1_c1.5,nobgs,7,lfmm,3,0.3,24,27,4,0.0246913580246914,33,6,0.0454545454545455
V1_c1.5,nobgs,7,lfmm,3,0.4,24,27,4,0.0246913580246914,29,6,0.0517241379310345
V1_c1.5,nobgs,7,lfmm,3,0.5,24,27,4,0.0246913580246914,28,6,0.0535714285714286
V1_c1.5,nobgs,7,lfmm,3,0.7,24,27,4,0.0246913580246914,19,4,0.0350877192982456
V1_c1.5,nobgs,7,lfmm,5,0.01,24,14,3,0.0267857142857143,39,10,0.106837606837607
V1_c1.5,nobgs,7,lfmm,5,0.02,24,14,3,0.0267857142857143,38,10,0.109649122807018
V1_c1.5,nobgs,7,lfmm,5,0.05,24,14,3,0.0267857142857143,32,9,0.10546875
V1_c1.5,nobgs,7,lfmm,5,0.1,24,14,3,0.0267857142857143,30,9,0.1125
V1_c1.5,nobgs,7,lfmm,5,0.15,24,14,3,0.0267857142857143,26,8,0.102564102564103
V1_c1.5,nobgs,7,lfmm,5,0.2,24,14,3,0.0267857142857143,23,8,0.115942028985507
V1_c1.5,nobgs,7,lfmm,5,0.3,24,14,3,0.0267857142857143,21,6,0.0714285714285714
V1_c1.5,nobgs,7,lfmm,5,0.4,24,14,3,0.0267857142857143,21,6,0.0714285714285714
V1_c1.5,nobgs,7,lfmm,5,0.5,24,14,3,0.0267857142857143,16,5,0.0651041666666667
V1_c1.5,nobgs,7,lfmm,5,0.7,24,14,3,0.0267857142857143,7,3,0.0535714285714286
V1_c1.5,nobgs,7,lfmm,10,0.01,24,7,3,0.0535714285714286,20,8,0.133333333333333
V1_c1.5,nobgs,7,lfmm,10,0.02,24,7,3,0.0535714285714286,20,8,0.133333333333333
V1_c1.5,nobgs,7,lfmm,10,0.05,24,7,3,0.0535714285714286,15,8,0.177777777777778
V1_c1.5,nobgs,7,lfmm,10,0.1,24,7,3,0.0535714285714286,14,8,0.19047619047619
V1_c1.5,nobgs,7,lfmm,10,0.15,24,7,3,0.0535714285714286,14,8,0.19047619047619
V1_c1.5,nobgs,7,lfmm,10,0.2,24,7,3,0.0535714285714286,13,7,0.157051282051282
V1_c1.5,nobgs,7,lfmm,10,0.3,24,7,3,0.0535714285714286,12,5,0.0868055555555556
V1_c1.5,nobgs,7,lfmm,10,0.4,24,7,3,0.0535714285714286,11,4,0.0606060606060606
V1_c1.5,nobgs,7,lfmm,10,0.5,24,7,3,0.0535714285714286,11,4,0.0606060606060606
V1_c1.5,nobgs,7,lfmm,10,0.7,24,7,3,0.0535714285714286,5,3,0.075
V1_c1.5,nobgs,8,emmax,2,0.01,23,28,3,0.0139751552795031,61,3,0.00641482537419815
V1_c1.5,nobgs,8,emmax,2,0.02,23,28,3,0.0139751552795031,52,3,0.00752508361204013
V1_c1.5,nobgs,8,emmax,2,0.05,23,28,3,0.0139751552795031,45,3,0.00869565217391304
V1_c1.5,nobgs,8,emmax,2,0.1,23,28,3,0.0139751552795031,42,3,0.0093167701863354
V1_c1.5,nobgs,8,emmax,2,0.15,23,28,3,0.0139751552795031,38,3,0.0102974828375286
V1_c1.5,nobgs,8,emmax,2,0.2,23,28,3,0.0139751552795031,35,3,0.0111801242236025
V1_c1.5,nobgs,8,emmax,2,0.3,23,28,3,0.0139751552795031,32,3,0.0122282608695652
V1_c1.5,nobgs,8,emmax,2,0.4,23,28,3,0.0139751552795031,28,3,0.0139751552795031
V1_c1.5,nobgs,8,emmax,2,0.5,23,28,3,0.0139751552795031,24,3,0.016304347826087
V1_c1.5,nobgs,8,emmax,2,0.7,23,28,3,0.0139751552795031,16,3,0.0244565217391304
V1_c1.5,nobgs,8,emmax,3,0.01,23,11,2,0.0158102766798419,34,2,0.0051150895140665
V1_c1.5,nobgs,8,emmax,3,0.02,23,11,2,0.0158102766798419,31,2,0.00561009817671809
V1_c1.5,nobgs,8,emmax,3,0.05,23,11,2,0.0158102766798419,26,2,0.00668896321070234
V1_c1.5,nobgs,8,emmax,3,0.1,23,11,2,0.0158102766798419,23,2,0.00756143667296786
V1_c1.5,nobgs,8,emmax,3,0.15,23,11,2,0.0158102766798419,22,2,0.00790513833992095
V1_c1.5,nobgs,8,emmax,3,0.2,23,11,2,0.0158102766798419,20,2,0.00869565217391304
V1_c1.5,nobgs,8,emmax,3,0.3,23,11,2,0.0158102766798419,19,2,0.0091533180778032
V1_c1.5,nobgs,8,emmax,3,0.4,23,11,2,0.0158102766798419,14,2,0.0124223602484472
V1_c1.5,nobgs,8,emmax,3,0.5,23,11,2,0.0158102766798419,11,2,0.0158102766798419
V1_c1.5,nobgs,8,emmax,3,0.7,23,11,2,0.0158102766798419,6,2,0.0289855072463768
V1_c1.5,nobgs,8,emmax,5,0.01,23,6,2,0.0289855072463768,19,2,0.0091533180778032
V1_c1.5,nobgs,8,emmax,5,0.02,23,6,2,0.0289855072463768,16,2,0.0108695652173913
V1_c1.5,nobgs,8,emmax,5,0.05,23,6,2,0.0289855072463768,13,2,0.0133779264214047
V1_c1.5,nobgs,8,emmax,5,0.1,23,6,2,0.0289855072463768,10,2,0.0173913043478261
V1_c1.5,nobgs,8,emmax,5,0.15,23,6,2,0.0289855072463768,10,2,0.0173913043478261
V1_c1.5,nobgs,8,emmax,5,0.2,23,6,2,0.0289855072463768,8,2,0.0217391304347826
V1_c1.5,nobgs,8,emmax,5,0.3,23,6,2,0.0289855072463768,7,2,0.0248447204968944
V1_c1.5,nobgs,8,emmax,5,0.4,23,6,2,0.0289855072463768,3,2,0.0579710144927536
V1_c1.5,nobgs,8,emmax,5,0.5,23,6,2,0.0289855072463768,3,2,0.0579710144927536
V1_c1.5,nobgs,8,emmax,5,0.7,23,6,2,0.0289855072463768,3,2,0.0579710144927536
V1_c1.5,nobgs,8,emmax,10,0.01,23,3,1,0.0144927536231884,7,2,0.0248447204968944
V1_c1.5,nobgs,8,emmax,10,0.02,23,3,1,0.0144927536231884,7,2,0.0248447204968944
V1_c1.5,nobgs,8,emmax,10,0.05,23,3,1,0.0144927536231884,6,1,0.0072463768115942
V1_c1.5,nobgs,8,emmax,10,0.1,23,3,1,0.0144927536231884,5,1,0.00869565217391304
V1_c1.5,nobgs,8,emmax,10,0.15,23,3,1,0.0144927536231884,5,1,0.00869565217391304
V1_c1.5,nobgs,8,emmax,10,0.2,23,3,1,0.0144927536231884,4,1,0.0108695652173913
V1_c1.5,nobgs,8,emmax,10,0.3,23,3,1,0.0144927536231884,2,1,0.0217391304347826
V1_c1.5,nobgs,8,emmax,10,0.4,23,3,1,0.0144927536231884,1,1,0.0434782608695652
V1_c1.5,nobgs,8,emmax,10,0.5,23,3,1,0.0144927536231884,1,1,0.0434782608695652
V1_c1.5,nobgs,8,emmax,10,0.7,23,3,1,0.0144927536231884,1,1,0.0434782608695652
V1_c1.5,nobgs,8,lfmm,2,0.01,23,85,8,0.0327365728900256,125,10,0.0347826086956522
V1_c1.5,nobgs,8,lfmm,2,0.02,23,85,8,0.0327365728900256,122,10,0.0356379187455453
V1_c1.5,nobgs,8,lfmm,2,0.05,23,85,8,0.0327365728900256,117,10,0.0371609067261241
V1_c1.5,nobgs,8,lfmm,2,0.1,23,85,8,0.0327365728900256,111,9,0.0317273795534665
V1_c1.5,nobgs,8,lfmm,2,0.15,23,85,8,0.0327365728900256,108,9,0.0326086956521739
V1_c1.5,nobgs,8,lfmm,2,0.2,23,85,8,0.0327365728900256,103,9,0.0341916420430561
V1_c1.5,nobgs,8,lfmm,2,0.3,23,85,8,0.0327365728900256,102,9,0.0345268542199489
V1_c1.5,nobgs,8,lfmm,2,0.4,23,85,8,0.0327365728900256,92,9,0.0382797731568998
V1_c1.5,nobgs,8,lfmm,2,0.5,23,85,8,0.0327365728900256,90,9,0.0391304347826087
V1_c1.5,nobgs,8,lfmm,2,0.7,23,85,8,0.0327365728900256,69,8,0.0403276622558286
V1_c1.5,nobgs,8,lfmm,3,0.01,23,65,7,0.0327759197324415,95,9,0.037070938215103
V1_c1.5,nobgs,8,lfmm,3,0.02,23,65,7,0.0327759197324415,94,9,0.0374653098982424
V1_c1.5,nobgs,8,lfmm,3,0.05,23,65,7,0.0327759197324415,89,9,0.0395701025891549
V1_c1.5,nobgs,8,lfmm,3,0.1,23,65,7,0.0327759197324415,86,9,0.0409504550050556
V1_c1.5,nobgs,8,lfmm,3,0.15,23,65,7,0.0327759197324415,83,9,0.0424305919329492
V1_c1.5,nobgs,8,lfmm,3,0.2,23,65,7,0.0327759197324415,80,9,0.0440217391304348
V1_c1.5,nobgs,8,lfmm,3,0.3,23,65,7,0.0327759197324415,76,9,0.0463386727688787
V1_c1.5,nobgs,8,lfmm,3,0.4,23,65,7,0.0327759197324415,72,9,0.0489130434782609
V1_c1.5,nobgs,8,lfmm,3,0.5,23,65,7,0.0327759197324415,72,8,0.0386473429951691
V1_c1.5,nobgs,8,lfmm,3,0.7,23,65,7,0.0327759197324415,49,7,0.0434782608695652
V1_c1.5,nobgs,8,lfmm,5,0.01,23,47,5,0.0231267345050879,77,9,0.0457368718238284
V1_c1.5,nobgs,8,lfmm,5,0.02,23,47,5,0.0231267345050879,71,9,0.0496019595835885
V1_c1.5,nobgs,8,lfmm,5,0.05,23,47,5,0.0231267345050879,69,9,0.0510396975425331
V1_c1.5,nobgs,8,lfmm,5,0.1,23,47,5,0.0231267345050879,65,9,0.054180602006689
V1_c1.5,nobgs,8,lfmm,5,0.15,23,47,5,0.0231267345050879,62,9,0.0568022440392707
V1_c1.5,nobgs,8,lfmm,5,0.2,23,47,5,0.0231267345050879,61,9,0.0577334283677833
V1_c1.5,nobgs,8,lfmm,5,0.3,23,47,5,0.0231267345050879,58,8,0.047976011994003
V1_c1.5,nobgs,8,lfmm,5,0.4,23,47,5,0.0231267345050879,52,6,0.0301003344481605
V1_c1.5,nobgs,8,lfmm,5,0.5,23,47,5,0.0231267345050879,46,6,0.0340264650283554
V1_c1.5,nobgs,8,lfmm,5,0.7,23,47,5,0.0231267345050879,31,5,0.0350631136044881
V1_c1.5,nobgs,8,lfmm,10,0.01,23,22,2,0.00790513833992095,47,6,0.0333024976873265
V1_c1.5,nobgs,8,lfmm,10,0.02,23,22,2,0.00790513833992095,45,6,0.0347826086956522
V1_c1.5,nobgs,8,lfmm,10,0.05,23,22,2,0.00790513833992095,42,6,0.0372670807453416
V1_c1.5,nobgs,8,lfmm,10,0.1,23,22,2,0.00790513833992095,38,4,0.0183066361556064
V1_c1.5,nobgs,8,lfmm,10,0.15,23,22,2,0.00790513833992095,36,4,0.0193236714975845
V1_c1.5,nobgs,8,lfmm,10,0.2,23,22,2,0.00790513833992095,34,4,0.020460358056266
V1_c1.5,nobgs,8,lfmm,10,0.3,23,22,2,0.00790513833992095,30,4,0.0231884057971015
V1_c1.5,nobgs,8,lfmm,10,0.4,23,22,2,0.00790513833992095,24,4,0.0289855072463768
V1_c1.5,nobgs,8,lfmm,10,0.5,23,22,2,0.00790513833992095,21,4,0.0331262939958592
V1_c1.5,nobgs,8,lfmm,10,0.7,23,22,2,0.00790513833992095,10,2,0.0173913043478261
V1_c1.5,nobgs,9,emmax,2,0.01,26,0,0,0,2,1,0.0192307692307692
V1_c1.5,nobgs,9,emmax,2,0.02,26,0,0,0,2,1,0.0192307692307692
V1_c1.5,nobgs,9,emmax,2,0.05,26,0,0,0,1,1,0.0384615384615385
V1_c1.5,nobgs,9,emmax,2,0.1,26,0,0,0,1,1,0.0384615384615385
V1_c1.5,nobgs,9,emmax,2,0.15,26,0,0,0,0,0,0
V1_c1.5,nobgs,9,emmax,2,0.2,26,0,0,0,0,0,0
V1_c1.5,nobgs,9,emmax,2,0.3,26,0,0,0,0,0,0
V1_c1.5,nobgs,9,emmax,2,0.4,26,0,0,0,0,0,0
V1_c1.5,nobgs,9,emmax,2,0.5,26,0,0,0,0,0,0
V1_c1.5,nobgs,9,emmax,2,0.7,26,0,0,0,0,0,0
V1_c1.5,nobgs,9,emmax,3,0.01,26,0,0,0,2,1,0.0192307692307692
V1_c1.5,nobgs,9,emmax,3,0.02,26,0,0,0,2,1,0.0192307692307692
V1_c1.5,nobgs,9,emmax,3,0.05,26,0,0,0,1,1,0.0384615384615385
V1_c1.5,nobgs,9,emmax,3,0.1,26,0,0,0,1,1,0.0384615384615385
V1_c1.5,nobgs,9,emmax,3,0.15,26,0,0,0,0,0,0
V1_c1.5,nobgs,9,emmax,3,0.2,26,0,0,0,0,0,0
V1_c1.5,nobgs,9,emmax,3,0.3,26,0,0,0,0,0,0
V1_c1.5,nobgs,9,emmax,3,0.4,26,0,0,0,0,0,0
V1_c1.5,nobgs,9,emmax,3,0.5,26,0,0,0,0,0,0
V1_c1.5,nobgs,9,emmax,3,0.7,26,0,0,0,0,0,0
V1_c1.5,nobgs,9,emmax,5,0.01,26,0,0,0,1,1,0.0384615384615385
V1_c1.5,nobgs,9,emmax,5,0.02,26,0,0,0,1,1,0.0384615384615385
V1_c1.5,nobgs,9,emmax,5,0.05,26,0,0,0,1,1,0.0384615384615385
V1_c1.5,nobgs,9,emmax,5,0.1,26,0,0,0,1,1,0.0384615384615385
V1_c1.5,nobgs,9,emmax,5,0.15,26,0,0,0,0,0,0
V1_c1.5,nobgs,9,emmax,5,0.2,26,0,0,0,0,0,0
V1_c1.5,nobgs,9,emmax,5,0.3,26,0,0,0,0,0,0
V1_c1.5,nobgs,9,emmax,5,0.4,26,0,0,0,0,0,0
V1_c1.5,nobgs,9,emmax,5,0.5,26,0,0,0,0,0,0
V1_c1.5,nobgs,9,emmax,5,0.7,26,0,0,0,0,0,0
V1_c1.5,nobgs,9,emmax,10,0.01,26,0,0,0,1,1,0.0384615384615385
V1_c1.5,nobgs,9,emmax,10,0.02,26,0,0,0,1,1,0.0384615384615385
V1_c1.5,nobgs,9,emmax,10,0.05,26,0,0,0,1,1,0.0384615384615385
V1_c1.5,nobgs,9,emmax,10,0.1,26,0,0,0,1,1,0.0384615384615385
V1_c1.5,nobgs,9,emmax,10,0.15,26,0,0,0,0,0,0
V1_c1.5,nobgs,9,emmax,10,0.2,26,0,0,0,0,0,0
V1_c1.5,nobgs,9,emmax,10,0.3,26,0,0,0,0,0,0
V1_c1.5,nobgs,9,emmax,10,0.4,26,0,0,0,0,0,0
V1_c1.5,nobgs,9,emmax,10,0.5,26,0,0,0,0,0,0
V1_c1.5,nobgs,9,emmax,10,0.7,26,0,0,0,0,0,0
V1_c1.5,nobgs,9,lfmm,2,0.01,26,0,0,0,11,3,0.0314685314685315
V1_c1.5,nobgs,9,lfmm,2,0.02,26,0,0,0,7,1,0.0054945054945055
V1_c1.5,nobgs,9,lfmm,2,0.05,26,0,0,0,6,1,0.00641025641025641
V1_c1.5,nobgs,9,lfmm,2,0.1,26,0,0,0,0,0,0
V1_c1.5,nobgs,9,lfmm,2,0.15,26,0,0,0,0,0,0
V1_c1.5,nobgs,9,lfmm,2,0.2,26,0,0,0,0,0,0
V1_c1.5,nobgs,9,lfmm,2,0.3,26,0,0,0,0,0,0
V1_c1.5,nobgs,9,lfmm,2,0.4,26,0,0,0,0,0,0
V1_c1.5,nobgs,9,lfmm,2,0.5,26,0,0,0,0,0,0
V1_c1.5,nobgs,9,lfmm,2,0.7,26,0,0,0,0,0,0
V1_c1.5,nobgs,9,lfmm,3,0.01,26,0,0,0,4,2,0.0384615384615385
V1_c1.5,nobgs,9,lfmm,3,0.02,26,0,0,0,3,1,0.0128205128205128
V1_c1.5,nobgs,9,lfmm,3,0.05,26,0,0,0,3,1,0.0128205128205128
V1_c1.5,nobgs,9,lfmm,3,0.1,26,0,0,0,0,0,0
V1_c1.5,nobgs,9,lfmm,3,0.15,26,0,0,0,0,0,0
V1_c1.5,nobgs,9,lfmm,3,0.2,26,0,0,0,0,0,0
V1_c1.5,nobgs,9,lfmm,3,0.3,26,0,0,0,0,0,0
V1_c1.5,nobgs,9,lfmm,3,0.4,26,0,0,0,0,0,0
V1_c1.5,nobgs,9,lfmm,3,0.5,26,0,0,0,0,0,0
V1_c1.5,nobgs,9,lfmm,3,0.7,26,0,0,0,0,0,0
V1_c1.5,nobgs,9,lfmm,5,0.01,26,0,0,0,4,2,0.0384615384615385
V1_c1.5,nobgs,9,lfmm,5,0.02,26,0,0,0,3,1,0.0128205128205128
V1_c1.5,nobgs,9,lfmm,5,0.05,26,0,0,0,2,1,0.0192307692307692
V1_c1.5,nobgs,9,lfmm,5,0.1,26,0,0,0,0,0,0
V1_c1.5,nobgs,9,lfmm,5,0.15,26,0,0,0,0,0,0
V1_c1.5,nobgs,9,lfmm,5,0.2,26,0,0,0,0,0,0
V1_c1.5,nobgs,9,lfmm,5,0.3,26,0,0,0,0,0,0
V1_c1.5,nobgs,9,lfmm,5,0.4,26,0,0,0,0,0,0
V1_c1.5,nobgs,9,lfmm,5,0.5,26,0,0,0,0,0,0
V1_c1.5,nobgs,9,lfmm,5,0.7,26,0,0,0,0,0,0
V1_c1.5,nobgs,9,lfmm,10,0.01,26,0,0,0,1,0,0
V1_c1.5,nobgs,9,lfmm,10,0.02,26,0,0,0,1,0,0
V1_c1.5,nobgs,9,lfmm,10,0.05,26,0,0,0,1,0,0
V1_c1.5,nobgs,9,lfmm,10,0.1,26,0,0,0,0,0,0
V1_c1.5,nobgs,9,lfmm,10,0.15,26,0,0,0,0,0,0
V1_c1.5,nobgs,9,lfmm,10,0.2,26,0,0,0,0,0,0
V1_c1.5,nobgs,9,lfmm,10,0.3,26,0,0,0,0,0,0
V1_c1.5,nobgs,9,lfmm,10,0.4,26,0,0,0,0,0,0
V1_c1.5,nobgs,9,lfmm,10,0.5,26,0,0,0,0,0,0
V1_c1.5,nobgs,9,lfmm,10,0.7,26,0,0,0,0,0,0
V1_c1.5,nobgs,10,emmax,2,0.01,24,29,4,0.0229885057471264,109,7,0.0187308868501529
V1_c1.5,nobgs,10,emmax,2,0.02,24,29,4,0.0229885057471264,98,7,0.0208333333333333
V1_c1.5,nobgs,10,emmax,2,0.05,24,29,4,0.0229885057471264,79,7,0.0258438818565401
V1_c1.5,nobgs,10,emmax,2,0.1,24,29,4,0.0229885057471264,64,6,0.0234375
V1_c1.5,nobgs,10,emmax,2,0.15,24,29,4,0.0229885057471264,60,6,0.025
V1_c1.5,nobgs,10,emmax,2,0.2,24,29,4,0.0229885057471264,55,5,0.0189393939393939
V1_c1.5,nobgs,10,emmax,2,0.3,24,29,4,0.0229885057471264,47,5,0.0221631205673759
V1_c1.5,nobgs,10,emmax,2,0.4,24,29,4,0.0229885057471264,44,5,0.0236742424242424
V1_c1.5,nobgs,10,emmax,2,0.5,24,29,4,0.0229885057471264,38,5,0.0274122807017544
V1_c1.5,nobgs,10,emmax,2,0.7,24,29,4,0.0229885057471264,28,5,0.037202380952381
V1_c1.5,nobgs,10,emmax,3,0.01,24,17,4,0.0392156862745098,77,6,0.0194805194805195
V1_c1.5,nobgs,10,emmax,3,0.02,24,17,4,0.0392156862745098,69,6,0.0217391304347826
V1_c1.5,nobgs,10,emmax,3,0.05,24,17,4,0.0392156862745098,62,6,0.0241935483870968
V1_c1.5,nobgs,10,emmax,3,0.1,24,17,4,0.0392156862745098,46,6,0.0326086956521739
V1_c1.5,nobgs,10,emmax,3,0.15,24,17,4,0.0392156862745098,44,6,0.0340909090909091
V1_c1.5,nobgs,10,emmax,3,0.2,24,17,4,0.0392156862745098,40,5,0.0260416666666667
V1_c1.5,nobgs,10,emmax,3,0.3,24,17,4,0.0392156862745098,37,5,0.0281531531531532
V1_c1.5,nobgs,10,emmax,3,0.4,24,17,4,0.0392156862745098,34,5,0.0306372549019608
V1_c1.5,nobgs,10,emmax,3,0.5,24,17,4,0.0392156862745098,25,5,0.0416666666666667
V1_c1.5,nobgs,10,emmax,3,0.7,24,17,4,0.0392156862745098,18,5,0.0578703703703704
V1_c1.5,nobgs,10,emmax,5,0.01,24,14,4,0.0476190476190476,49,6,0.0306122448979592
V1_c1.5,nobgs,10,emmax,5,0.02,24,14,4,0.0476190476190476,43,6,0.0348837209302326
V1_c1.5,nobgs,10,emmax,5,0.05,24,14,4,0.0476190476190476,38,6,0.0394736842105263
V1_c1.5,nobgs,10,emmax,5,0.1,24,14,4,0.0476190476190476,33,6,0.0454545454545455
V1_c1.5,nobgs,10,emmax,5,0.15,24,14,4,0.0476190476190476,31,5,0.0336021505376344
V1_c1.5,nobgs,10,emmax,5,0.2,24,14,4,0.0476190476190476,29,5,0.0359195402298851
V1_c1.5,nobgs,10,emmax,5,0.3,24,14,4,0.0476190476190476,26,5,0.0400641025641026
V1_c1.5,nobgs,10,emmax,5,0.4,24,14,4,0.0476190476190476,23,5,0.0452898550724638
V1_c1.5,nobgs,10,emmax,5,0.5,24,14,4,0.0476190476190476,20,5,0.0520833333333333
V1_c1.5,nobgs,10,emmax,5,0.7,24,14,4,0.0476190476190476,14,5,0.0744047619047619
V1_c1.5,nobgs,10,emmax,10,0.01,24,6,4,0.111111111111111,22,6,0.0681818181818182
V1_c1.5,nobgs,10,emmax,10,0.02,24,6,4,0.111111111111111,22,6,0.0681818181818182
V1_c1.5,nobgs,10,emmax,10,0.05,24,6,4,0.111111111111111,18,6,0.0833333333333333
V1_c1.5,nobgs,10,emmax,10,0.1,24,6,4,0.111111111111111,13,6,0.115384615384615
V1_c1.5,nobgs,10,emmax,10,0.15,24,6,4,0.111111111111111,9,5,0.115740740740741
V1_c1.5,nobgs,10,emmax,10,0.2,24,6,4,0.111111111111111,9,5,0.115740740740741
V1_c1.5,nobgs,10,emmax,10,0.3,24,6,4,0.111111111111111,8,5,0.130208333333333
V1_c1.5,nobgs,10,emmax,10,0.4,24,6,4,0.111111111111111,8,5,0.130208333333333
V1_c1.5,nobgs,10,emmax,10,0.5,24,6,4,0.111111111111111,6,5,0.173611111111111
V1_c1.5,nobgs,10,emmax,10,0.7,24,6,4,0.111111111111111,6,5,0.173611111111111
V1_c1.5,nobgs,10,lfmm,2,0.01,24,64,4,0.0104166666666667,134,5,0.00777363184079602
V1_c1.5,nobgs,10,lfmm,2,0.02,24,64,4,0.0104166666666667,124,4,0.00537634408602151
V1_c1.5,nobgs,10,lfmm,2,0.05,24,64,4,0.0104166666666667,109,4,0.00611620795107034
V1_c1.5,nobgs,10,lfmm,2,0.1,24,64,4,0.0104166666666667,103,4,0.00647249190938511
V1_c1.5,nobgs,10,lfmm,2,0.15,24,64,4,0.0104166666666667,99,4,0.00673400673400673
V1_c1.5,nobgs,10,lfmm,2,0.2,24,64,4,0.0104166666666667,91,4,0.00732600732600733
V1_c1.5,nobgs,10,lfmm,2,0.3,24,64,4,0.0104166666666667,87,4,0.00766283524904215
V1_c1.5,nobgs,10,lfmm,2,0.4,24,64,4,0.0104166666666667,80,4,0.00833333333333333
V1_c1.5,nobgs,10,lfmm,2,0.5,24,64,4,0.0104166666666667,73,4,0.0091324200913242
V1_c1.5,nobgs,10,lfmm,2,0.7,24,64,4,0.0104166666666667,50,4,0.0133333333333333
V1_c1.5,nobgs,10,lfmm,3,0.01,24,50,4,0.0133333333333333,99,4,0.00673400673400673
V1_c1.5,nobgs,10,lfmm,3,0.02,24,50,4,0.0133333333333333,90,4,0.00740740740740741
V1_c1.5,nobgs,10,lfmm,3,0.05,24,50,4,0.0133333333333333,79,4,0.00843881856540084
V1_c1.5,nobgs,10,lfmm,3,0.1,24,50,4,0.0133333333333333,74,4,0.00900900900900901
V1_c1.5,nobgs,10,lfmm,3,0.15,24,50,4,0.0133333333333333,70,4,0.00952380952380952
V1_c1.5,nobgs,10,lfmm,3,0.2,24,50,4,0.0133333333333333,64,4,0.0104166666666667
V1_c1.5,nobgs,10,lfmm,3,0.3,24,50,4,0.0133333333333333,60,4,0.0111111111111111
V1_c1.5,nobgs,10,lfmm,3,0.4,24,50,4,0.0133333333333333,55,4,0.0121212121212121
V1_c1.5,nobgs,10,lfmm,3,0.5,24,50,4,0.0133333333333333,49,4,0.0136054421768707
V1_c1.5,nobgs,10,lfmm,3,0.7,24,50,4,0.0133333333333333,37,4,0.018018018018018
V1_c1.5,nobgs,10,lfmm,5,0.01,24,37,4,0.018018018018018,66,4,0.0101010101010101
V1_c1.5,nobgs,10,lfmm,5,0.02,24,37,4,0.018018018018018,59,4,0.0112994350282486
V1_c1.5,nobgs,10,lfmm,5,0.05,24,37,4,0.018018018018018,52,4,0.0128205128205128
V1_c1.5,nobgs,10,lfmm,5,0.1,24,37,4,0.018018018018018,49,4,0.0136054421768707
V1_c1.5,nobgs,10,lfmm,5,0.15,24,37,4,0.018018018018018,44,4,0.0151515151515152
V1_c1.5,nobgs,10,lfmm,5,0.2,24,37,4,0.018018018018018,41,4,0.016260162601626
V1_c1.5,nobgs,10,lfmm,5,0.3,24,37,4,0.018018018018018,42,4,0.0158730158730159
V1_c1.5,nobgs,10,lfmm,5,0.4,24,37,4,0.018018018018018,39,4,0.0170940170940171
V1_c1.5,nobgs,10,lfmm,5,0.5,24,37,4,0.018018018018018,36,4,0.0185185185185185
V1_c1.5,nobgs,10,lfmm,5,0.7,24,37,4,0.018018018018018,27,4,0.0246913580246914
V1_c1.5,nobgs,10,lfmm,10,0.01,24,21,4,0.0317460317460317,33,4,0.0202020202020202
V1_c1.5,nobgs,10,lfmm,10,0.02,24,21,4,0.0317460317460317,32,4,0.0208333333333333
V1_c1.5,nobgs,10,lfmm,10,0.05,24,21,4,0.0317460317460317,25,4,0.0266666666666667
V1_c1.5,nobgs,10,lfmm,10,0.1,24,21,4,0.0317460317460317,25,4,0.0266666666666667
V1_c1.5,nobgs,10,lfmm,10,0.15,24,21,4,0.0317460317460317,23,4,0.0289855072463768
V1_c1.5,nobgs,10,lfmm,10,0.2,24,21,4,0.0317460317460317,24,4,0.0277777777777778
V1_c1.5,nobgs,10,lfmm,10,0.3,24,21,4,0.0317460317460317,24,4,0.0277777777777778
V1_c1.5,nobgs,10,lfmm,10,0.4,24,21,4,0.0317460317460317,23,4,0.0289855072463768
V1_c1.5,nobgs,10,lfmm,10,0.5,24,21,4,0.0317460317460317,19,4,0.0350877192982456
V1_c1.5,nobgs,10,lfmm,10,0.7,24,21,4,0.0317460317460317,14,4,0.0476190476190476
V2_c1,bgs,1,emmax,2,0.01,12,3,3,0.25,12,5,0.173611111111111
V2_c1,bgs,1,emmax,2,0.02,12,3,3,0.25,11,5,0.189393939393939
V2_c1,bgs,1,emmax,2,0.05,12,3,3,0.25,8,5,0.260416666666667
V2_c1,bgs,1,emmax,2,0.1,12,3,3,0.25,6,3,0.125
V2_c1,bgs,1,emmax,2,0.15,12,3,3,0.25,5,3,0.15
V2_c1,bgs,1,emmax,2,0.2,12,3,3,0.25,5,3,0.15
V2_c1,bgs,1,emmax,2,0.3,12,3,3,0.25,4,3,0.1875
V2_c1,bgs,1,emmax,2,0.4,12,3,3,0.25,3,3,0.25
V2_c1,bgs,1,emmax,2,0.5,12,3,3,0.25,3,3,0.25
V2_c1,bgs,1,emmax,2,0.7,12,3,3,0.25,3,3,0.25
V2_c1,bgs,1,emmax,3,0.01,12,3,3,0.25,7,3,0.107142857142857
V2_c1,bgs,1,emmax,3,0.02,12,3,3,0.25,5,3,0.15
V2_c1,bgs,1,emmax,3,0.05,12,3,3,0.25,4,3,0.1875
V2_c1,bgs,1,emmax,3,0.1,12,3,3,0.25,4,3,0.1875
V2_c1,bgs,1,emmax,3,0.15,12,3,3,0.25,4,3,0.1875
V2_c1,bgs,1,emmax,3,0.2,12,3,3,0.25,4,3,0.1875
V2_c1,bgs,1,emmax,3,0.3,12,3,3,0.25,4,3,0.1875
V2_c1,bgs,1,emmax,3,0.4,12,3,3,0.25,3,3,0.25
V2_c1,bgs,1,emmax,3,0.5,12,3,3,0.25,3,3,0.25
V2_c1,bgs,1,emmax,3,0.7,12,3,3,0.25,3,3,0.25
V2_c1,bgs,1,emmax,5,0.01,12,2,2,0.166666666666667,4,3,0.1875
V2_c1,bgs,1,emmax,5,0.02,12,2,2,0.166666666666667,3,3,0.25
V2_c1,bgs,1,emmax,5,0.05,12,2,2,0.166666666666667,3,3,0.25
V2_c1,bgs,1,emmax,5,0.1,12,2,2,0.166666666666667,3,3,0.25
V2_c1,bgs,1,emmax,5,0.15,12,2,2,0.166666666666667,3,3,0.25
V2_c1,bgs,1,emmax,5,0.2,12,2,2,0.166666666666667,3,3,0.25
V2_c1,bgs,1,emmax,5,0.3,12,2,2,0.166666666666667,3,3,0.25
V2_c1,bgs,1,emmax,5,0.4,12,2,2,0.166666666666667,3,3,0.25
V2_c1,bgs,1,emmax,5,0.5,12,2,2,0.166666666666667,3,3,0.25
V2_c1,bgs,1,emmax,5,0.7,12,2,2,0.166666666666667,3,3,0.25
V2_c1,bgs,1,emmax,10,0.01,12,2,2,0.166666666666667,4,3,0.1875
V2_c1,bgs,1,emmax,10,0.02,12,2,2,0.166666666666667,3,3,0.25
V2_c1,bgs,1,emmax,10,0.05,12,2,2,0.166666666666667,3,3,0.25
V2_c1,bgs,1,emmax,10,0.1,12,2,2,0.166666666666667,3,3,0.25
V2_c1,bgs,1,emmax,10,0.15,12,2,2,0.166666666666667,3,3,0.25
V2_c1,bgs,1,emmax,10,0.2,12,2,2,0.166666666666667,3,3,0.25
V2_c1,bgs,1,emmax,10,0.3,12,2,2,0.166666666666667,3,3,0.25
V2_c1,bgs,1,emmax,10,0.4,12,2,2,0.166666666666667,3,3,0.25
V2_c1,bgs,1,emmax,10,0.5,12,2,2,0.166666666666667,2,2,0.166666666666667
V2_c1,bgs,1,emmax,10,0.7,12,2,2,0.166666666666667,2,2,0.166666666666667
V2_c1,bgs,1,lfmm,2,0.01,12,7,5,0.297619047619048,17,7,0.240196078431373
V2_c1,bgs,1,lfmm,2,0.02,12,7,5,0.297619047619048,15,7,0.272222222222222
V2_c1,bgs,1,lfmm,2,0.05,12,7,5,0.297619047619048,14,7,0.291666666666667
V2_c1,bgs,1,lfmm,2,0.1,12,7,5,0.297619047619048,11,6,0.272727272727273
V2_c1,bgs,1,lfmm,2,0.15,12,7,5,0.297619047619048,9,5,0.231481481481482
V2_c1,bgs,1,lfmm,2,0.2,12,7,5,0.297619047619048,9,5,0.231481481481482
V2_c1,bgs,1,lfmm,2,0.3,12,7,5,0.297619047619048,9,5,0.231481481481482
V2_c1,bgs,1,lfmm,2,0.4,12,7,5,0.297619047619048,8,5,0.260416666666667
V2_c1,bgs,1,lfmm,2,0.5,12,7,5,0.297619047619048,6,5,0.347222222222222
V2_c1,bgs,1,lfmm,2,0.7,12,7,5,0.297619047619048,5,5,0.416666666666667
V2_c1,bgs,1,lfmm,3,0.01,12,5,5,0.416666666666667,11,7,0.371212121212121
V2_c1,bgs,1,lfmm,3,0.02,12,5,5,0.416666666666667,10,7,0.408333333333333
V2_c1,bgs,1,lfmm,3,0.05,12,5,5,0.416666666666667,9,7,0.453703703703704
V2_c1,bgs,1,lfmm,3,0.1,12,5,5,0.416666666666667,8,6,0.375
V2_c1,bgs,1,lfmm,3,0.15,12,5,5,0.416666666666667,7,5,0.297619047619048
V2_c1,bgs,1,lfmm,3,0.2,12,5,5,0.416666666666667,7,5,0.297619047619048
V2_c1,bgs,1,lfmm,3,0.3,12,5,5,0.416666666666667,7,5,0.297619047619048
V2_c1,bgs,1,lfmm,3,0.4,12,5,5,0.416666666666667,6,5,0.347222222222222
V2_c1,bgs,1,lfmm,3,0.5,12,5,5,0.416666666666667,5,5,0.416666666666667
V2_c1,bgs,1,lfmm,3,0.7,12,5,5,0.416666666666667,4,4,0.333333333333333
V2_c1,bgs,1,lfmm,5,0.01,12,4,4,0.333333333333333,9,6,0.333333333333333
V2_c1,bgs,1,lfmm,5,0.02,12,4,4,0.333333333333333,8,6,0.375
V2_c1,bgs,1,lfmm,5,0.05,12,4,4,0.333333333333333,7,6,0.428571428571429
V2_c1,bgs,1,lfmm,5,0.1,12,4,4,0.333333333333333,6,5,0.347222222222222
V2_c1,bgs,1,lfmm,5,0.15,12,4,4,0.333333333333333,5,4,0.266666666666667
V2_c1,bgs,1,lfmm,5,0.2,12,4,4,0.333333333333333,5,4,0.266666666666667
V2_c1,bgs,1,lfmm,5,0.3,12,4,4,0.333333333333333,5,4,0.266666666666667
V2_c1,bgs,1,lfmm,5,0.4,12,4,4,0.333333333333333,5,4,0.266666666666667
V2_c1,bgs,1,lfmm,5,0.5,12,4,4,0.333333333333333,4,4,0.333333333333333
V2_c1,bgs,1,lfmm,5,0.7,12,4,4,0.333333333333333,4,4,0.333333333333333
V2_c1,bgs,1,lfmm,10,0.01,12,4,4,0.333333333333333,8,5,0.260416666666667
V2_c1,bgs,1,lfmm,10,0.02,12,4,4,0.333333333333333,7,5,0.297619047619048
V2_c1,bgs,1,lfmm,10,0.05,12,4,4,0.333333333333333,6,5,0.347222222222222
V2_c1,bgs,1,lfmm,10,0.1,12,4,4,0.333333333333333,5,4,0.266666666666667
V2_c1,bgs,1,lfmm,10,0.15,12,4,4,0.333333333333333,5,4,0.266666666666667
V2_c1,bgs,1,lfmm,10,0.2,12,4,4,0.333333333333333,5,4,0.266666666666667
V2_c1,bgs,1,lfmm,10,0.3,12,4,4,0.333333333333333,5,4,0.266666666666667
V2_c1,bgs,1,lfmm,10,0.4,12,4,4,0.333333333333333,4,4,0.333333333333333
V2_c1,bgs,1,lfmm,10,0.5,12,4,4,0.333333333333333,4,4,0.333333333333333
V2_c1,bgs,1,lfmm,10,0.7,12,4,4,0.333333333333333,4,4,0.333333333333333
V2_c1,bgs,2,emmax,2,0.01,13,18,5,0.106837606837607,33,6,0.0839160839160839
V2_c1,bgs,2,emmax,2,0.02,13,18,5,0.106837606837607,28,6,0.0989010989010989
V2_c1,bgs,2,emmax,2,0.05,13,18,5,0.106837606837607,25,6,0.110769230769231
V2_c1,bgs,2,emmax,2,0.1,13,18,5,0.106837606837607,22,6,0.125874125874126
V2_c1,bgs,2,emmax,2,0.15,13,18,5,0.106837606837607,20,6,0.138461538461538
V2_c1,bgs,2,emmax,2,0.2,13,18,5,0.106837606837607,19,6,0.145748987854251
V2_c1,bgs,2,emmax,2,0.3,13,18,5,0.106837606837607,17,6,0.16289592760181
V2_c1,bgs,2,emmax,2,0.4,13,18,5,0.106837606837607,15,6,0.184615384615385
V2_c1,bgs,2,emmax,2,0.5,13,18,5,0.106837606837607,14,5,0.137362637362637
V2_c1,bgs,2,emmax,2,0.7,13,18,5,0.106837606837607,9,5,0.213675213675214
V2_c1,bgs,2,emmax,3,0.01,13,10,3,0.0692307692307692,18,5,0.106837606837607
V2_c1,bgs,2,emmax,3,0.02,13,10,3,0.0692307692307692,15,4,0.082051282051282
V2_c1,bgs,2,emmax,3,0.05,13,10,3,0.0692307692307692,13,3,0.0532544378698225
V2_c1,bgs,2,emmax,3,0.1,13,10,3,0.0692307692307692,11,3,0.0629370629370629
V2_c1,bgs,2,emmax,3,0.15,13,10,3,0.0692307692307692,11,3,0.0629370629370629
V2_c1,bgs,2,emmax,3,0.2,13,10,3,0.0692307692307692,11,3,0.0629370629370629
V2_c1,bgs,2,emmax,3,0.3,13,10,3,0.0692307692307692,11,3,0.0629370629370629
V2_c1,bgs,2,emmax,3,0.4,13,10,3,0.0692307692307692,9,3,0.0769230769230769
V2_c1,bgs,2,emmax,3,0.5,13,10,3,0.0692307692307692,9,3,0.0769230769230769
V2_c1,bgs,2,emmax,3,0.7,13,10,3,0.0692307692307692,6,3,0.115384615384615
V2_c1,bgs,2,emmax,5,0.01,13,6,3,0.115384615384615,10,4,0.123076923076923
V2_c1,bgs,2,emmax,5,0.02,13,6,3,0.115384615384615,9,3,0.0769230769230769
V2_c1,bgs,2,emmax,5,0.05,13,6,3,0.115384615384615,9,3,0.0769230769230769
V2_c1,bgs,2,emmax,5,0.1,13,6,3,0.115384615384615,8,3,0.0865384615384615
V2_c1,bgs,2,emmax,5,0.15,13,6,3,0.115384615384615,8,3,0.0865384615384615
V2_c1,bgs,2,emmax,5,0.2,13,6,3,0.115384615384615,8,3,0.0865384615384615
V2_c1,bgs,2,emmax,5,0.3,13,6,3,0.115384615384615,8,3,0.0865384615384615
V2_c1,bgs,2,emmax,5,0.4,13,6,3,0.115384615384615,6,3,0.115384615384615
V2_c1,bgs,2,emmax,5,0.5,13,6,3,0.115384615384615,5,3,0.138461538461538
V2_c1,bgs,2,emmax,5,0.7,13,6,3,0.115384615384615,4,3,0.173076923076923
V2_c1,bgs,2,emmax,10,0.01,13,4,2,0.0769230769230769,5,3,0.138461538461538
V2_c1,bgs,2,emmax,10,0.02,13,4,2,0.0769230769230769,5,3,0.138461538461538
V2_c1,bgs,2,emmax,10,0.05,13,4,2,0.0769230769230769,5,3,0.138461538461538
V2_c1,bgs,2,emmax,10,0.1,13,4,2,0.0769230769230769,5,3,0.138461538461538
V2_c1,bgs,2,emmax,10,0.15,13,4,2,0.0769230769230769,4,2,0.0769230769230769
V2_c1,bgs,2,emmax,10,0.2,13,4,2,0.0769230769230769,4,2,0.0769230769230769
V2_c1,bgs,2,emmax,10,0.3,13,4,2,0.0769230769230769,4,2,0.0769230769230769
V2_c1,bgs,2,emmax,10,0.4,13,4,2,0.0769230769230769,4,2,0.0769230769230769
V2_c1,bgs,2,emmax,10,0.5,13,4,2,0.0769230769230769,4,2,0.0769230769230769
V2_c1,bgs,2,emmax,10,0.7,13,4,2,0.0769230769230769,1,1,0.0769230769230769
V2_c1,bgs,2,lfmm,2,0.01,13,32,6,0.0865384615384615,53,7,0.0711175616835994
V2_c1,bgs,2,lfmm,2,0.02,13,32,6,0.0865384615384615,48,7,0.078525641025641
V2_c1,bgs,2,lfmm,2,0.05,13,32,6,0.0865384615384615,46,7,0.0819397993311037
V2_c1,bgs,2,lfmm,2,0.1,13,32,6,0.0865384615384615,44,7,0.0856643356643357
V2_c1,bgs,2,lfmm,2,0.15,13,32,6,0.0865384615384615,42,7,0.0897435897435897
V2_c1,bgs,2,lfmm,2,0.2,13,32,6,0.0865384615384615,42,7,0.0897435897435897
V2_c1,bgs,2,lfmm,2,0.3,13,32,6,0.0865384615384615,38,7,0.0991902834008097
V2_c1,bgs,2,lfmm,2,0.4,13,32,6,0.0865384615384615,36,7,0.104700854700855
V2_c1,bgs,2,lfmm,2,0.5,13,32,6,0.0865384615384615,31,7,0.121588089330025
V2_c1,bgs,2,lfmm,2,0.7,13,32,6,0.0865384615384615,17,7,0.221719457013575
V2_c1,bgs,2,lfmm,3,0.01,13,22,5,0.0874125874125874,43,6,0.0644007155635063
V2_c1,bgs,2,lfmm,3,0.02,13,22,5,0.0874125874125874,39,6,0.0710059171597633
V2_c1,bgs,2,lfmm,3,0.05,13,22,5,0.0874125874125874,36,6,0.0769230769230769
V2_c1,bgs,2,lfmm,3,0.1,13,22,5,0.0874125874125874,32,6,0.0865384615384615
V2_c1,bgs,2,lfmm,3,0.15,13,22,5,0.0874125874125874,31,6,0.0893300248138958
V2_c1,bgs,2,lfmm,3,0.2,13,22,5,0.0874125874125874,30,6,0.0923076923076923
V2_c1,bgs,2,lfmm,3,0.3,13,22,5,0.0874125874125874,26,6,0.106508875739645
V2_c1,bgs,2,lfmm,3,0.4,13,22,5,0.0874125874125874,26,6,0.106508875739645
V2_c1,bgs,2,lfmm,3,0.5,13,22,5,0.0874125874125874,21,6,0.131868131868132
V2_c1,bgs,2,lfmm,3,0.7,13,22,5,0.0874125874125874,12,6,0.230769230769231
V2_c1,bgs,2,lfmm,5,0.01,13,15,5,0.128205128205128,30,6,0.0923076923076923
V2_c1,bgs,2,lfmm,5,0.02,13,15,5,0.128205128205128,28,6,0.0989010989010989
V2_c1,bgs,2,lfmm,5,0.05,13,15,5,0.128205128205128,23,6,0.120401337792642
V2_c1,bgs,2,lfmm,5,0.1,13,15,5,0.128205128205128,21,6,0.131868131868132
V2_c1,bgs,2,lfmm,5,0.15,13,15,5,0.128205128205128,20,6,0.138461538461538
V2_c1,bgs,2,lfmm,5,0.2,13,15,5,0.128205128205128,21,6,0.131868131868132
V2_c1,bgs,2,lfmm,5,0.3,13,15,5,0.128205128205128,21,6,0.131868131868132
V2_c1,bgs,2,lfmm,5,0.4,13,15,5,0.128205128205128,19,6,0.145748987854251
V2_c1,bgs,2,lfmm,5,0.5,13,15,5,0.128205128205128,16,6,0.173076923076923
V2_c1,bgs,2,lfmm,5,0.7,13,15,5,0.128205128205128,10,6,0.276923076923077
V2_c1,bgs,2,lfmm,10,0.01,13,8,3,0.0865384615384615,16,6,0.173076923076923
V2_c1,bgs,2,lfmm,10,0.02,13,8,3,0.0865384615384615,15,6,0.184615384615385
V2_c1,bgs,2,lfmm,10,0.05,13,8,3,0.0865384615384615,13,6,0.21301775147929
V2_c1,bgs,2,lfmm,10,0.1,13,8,3,0.0865384615384615,12,6,0.230769230769231
V2_c1,bgs,2,lfmm,10,0.15,13,8,3,0.0865384615384615,12,6,0.230769230769231
V2_c1,bgs,2,lfmm,10,0.2,13,8,3,0.0865384615384615,13,6,0.21301775147929
V2_c1,bgs,2,lfmm,10,0.3,13,8,3,0.0865384615384615,13,6,0.21301775147929
V2_c1,bgs,2,lfmm,10,0.4,13,8,3,0.0865384615384615,13,5,0.14792899408284
V2_c1,bgs,2,lfmm,10,0.5,13,8,3,0.0865384615384615,8,3,0.0865384615384615
V2_c1,bgs,2,lfmm,10,0.7,13,8,3,0.0865384615384615,5,3,0.138461538461538
V2_c1,bgs,3,emmax,2,0.01,14,9,5,0.198412698412698,20,6,0.128571428571429
V2_c1,bgs,3,emmax,2,0.02,14,9,5,0.198412698412698,18,6,0.142857142857143
V2_c1,bgs,3,emmax,2,0.05,14,9,5,0.198412698412698,11,5,0.162337662337662
V2_c1,bgs,3,emmax,2,0.1,14,9,5,0.198412698412698,10,5,0.178571428571429
V2_c1,bgs,3,emmax,2,0.15,14,9,5,0.198412698412698,9,5,0.198412698412698
V2_c1,bgs,3,emmax,2,0.2,14,9,5,0.198412698412698,9,5,0.198412698412698
V2_c1,bgs,3,emmax,2,0.3,14,9,5,0.198412698412698,9,5,0.198412698412698
V2_c1,bgs,3,emmax,2,0.4,14,9,5,0.198412698412698,9,5,0.198412698412698
V2_c1,bgs,3,emmax,2,0.5,14,9,5,0.198412698412698,9,5,0.198412698412698
V2_c1,bgs,3,emmax,2,0.7,14,9,5,0.198412698412698,8,5,0.223214285714286
V2_c1,bgs,3,emmax,3,0.01,14,6,5,0.297619047619048,16,6,0.160714285714286
V2_c1,bgs,3,emmax,3,0.02,14,6,5,0.297619047619048,15,6,0.171428571428571
V2_c1,bgs,3,emmax,3,0.05,14,6,5,0.297619047619048,11,5,0.162337662337662
V2_c1,bgs,3,emmax,3,0.1,14,6,5,0.297619047619048,9,5,0.198412698412698
V2_c1,bgs,3,emmax,3,0.15,14,6,5,0.297619047619048,8,5,0.223214285714286
V2_c1,bgs,3,emmax,3,0.2,14,6,5,0.297619047619048,7,5,0.255102040816327
V2_c1,bgs,3,emmax,3,0.3,14,6,5,0.297619047619048,7,5,0.255102040816327
V2_c1,bgs,3,emmax,3,0.4,14,6,5,0.297619047619048,7,5,0.255102040816327
V2_c1,bgs,3,emmax,3,0.5,14,6,5,0.297619047619048,7,5,0.255102040816327
V2_c1,bgs,3,emmax,3,0.7,14,6,5,0.297619047619048,6,5,0.297619047619048
V2_c1,bgs,3,emmax,5,0.01,14,5,5,0.357142857142857,9,6,0.285714285714286
V2_c1,bgs,3,emmax,5,0.02,14,5,5,0.357142857142857,8,5,0.223214285714286
V2_c1,bgs,3,emmax,5,0.05,14,5,5,0.357142857142857,7,5,0.255102040816327
V2_c1,bgs,3,emmax,5,0.1,14,5,5,0.357142857142857,6,5,0.297619047619048
V2_c1,bgs,3,emmax,5,0.15,14,5,5,0.357142857142857,5,5,0.357142857142857
V2_c1,bgs,3,emmax,5,0.2,14,5,5,0.357142857142857,5,5,0.357142857142857
V2_c1,bgs,3,emmax,5,0.3,14,5,5,0.357142857142857,6,5,0.297619047619048
V2_c1,bgs,3,emmax,5,0.4,14,5,5,0.357142857142857,6,5,0.297619047619048
V2_c1,bgs,3,emmax,5,0.5,14,5,5,0.357142857142857,5,5,0.357142857142857
V2_c1,bgs,3,emmax,5,0.7,14,5,5,0.357142857142857,5,5,0.357142857142857
V2_c1,bgs,3,emmax,10,0.01,14,4,4,0.285714285714286,6,5,0.297619047619048
V2_c1,bgs,3,emmax,10,0.02,14,4,4,0.285714285714286,6,5,0.297619047619048
V2_c1,bgs,3,emmax,10,0.05,14,4,4,0.285714285714286,6,5,0.297619047619048
V2_c1,bgs,3,emmax,10,0.1,14,4,4,0.285714285714286,6,5,0.297619047619048
V2_c1,bgs,3,emmax,10,0.15,14,4,4,0.285714285714286,5,5,0.357142857142857
V2_c1,bgs,3,emmax,10,0.2,14,4,4,0.285714285714286,5,5,0.357142857142857
V2_c1,bgs,3,emmax,10,0.3,14,4,4,0.285714285714286,5,5,0.357142857142857
V2_c1,bgs,3,emmax,10,0.4,14,4,4,0.285714285714286,4,4,0.285714285714286
V2_c1,bgs,3,emmax,10,0.5,14,4,4,0.285714285714286,4,4,0.285714285714286
V2_c1,bgs,3,emmax,10,0.7,14,4,4,0.285714285714286,4,4,0.285714285714286
V2_c1,bgs,3,lfmm,2,0.01,14,20,8,0.228571428571429,49,10,0.145772594752187
V2_c1,bgs,3,lfmm,2,0.02,14,20,8,0.228571428571429,42,10,0.170068027210884
V2_c1,bgs,3,lfmm,2,0.05,14,20,8,0.228571428571429,42,10,0.170068027210884
V2_c1,bgs,3,lfmm,2,0.1,14,20,8,0.228571428571429,35,10,0.204081632653061
V2_c1,bgs,3,lfmm,2,0.15,14,20,8,0.228571428571429,33,10,0.216450216450216
V2_c1,bgs,3,lfmm,2,0.2,14,20,8,0.228571428571429,29,10,0.246305418719212
V2_c1,bgs,3,lfmm,2,0.3,14,20,8,0.228571428571429,27,9,0.214285714285714
V2_c1,bgs,3,lfmm,2,0.4,14,20,8,0.228571428571429,22,8,0.207792207792208
V2_c1,bgs,3,lfmm,2,0.5,14,20,8,0.228571428571429,19,8,0.240601503759399
V2_c1,bgs,3,lfmm,2,0.7,14,20,8,0.228571428571429,16,7,0.21875
V2_c1,bgs,3,lfmm,3,0.01,14,14,7,0.25,37,10,0.193050193050193
V2_c1,bgs,3,lfmm,3,0.02,14,14,7,0.25,34,9,0.170168067226891
V2_c1,bgs,3,lfmm,3,0.05,14,14,7,0.25,35,9,0.16530612244898
V2_c1,bgs,3,lfmm,3,0.1,14,14,7,0.25,27,9,0.214285714285714
V2_c1,bgs,3,lfmm,3,0.15,14,14,7,0.25,25,9,0.231428571428571
V2_c1,bgs,3,lfmm,3,0.2,14,14,7,0.25,24,9,0.241071428571429
V2_c1,bgs,3,lfmm,3,0.3,14,14,7,0.25,22,8,0.207792207792208
V2_c1,bgs,3,lfmm,3,0.4,14,14,7,0.25,18,7,0.194444444444444
V2_c1,bgs,3,lfmm,3,0.5,14,14,7,0.25,16,7,0.21875
V2_c1,bgs,3,lfmm,3,0.7,14,14,7,0.25,11,7,0.318181818181818
V2_c1,bgs,3,lfmm,5,0.01,14,11,7,0.318181818181818,28,9,0.206632653061225
V2_c1,bgs,3,lfmm,5,0.02,14,11,7,0.318181818181818,27,9,0.214285714285714
V2_c1,bgs,3,lfmm,5,0.05,14,11,7,0.318181818181818,28,9,0.206632653061225
V2_c1,bgs,3,lfmm,5,0.1,14,11,7,0.318181818181818,22,9,0.262987012987013
V2_c1,bgs,3,lfmm,5,0.15,14,11,7,0.318181818181818,21,9,0.275510204081633
V2_c1,bgs,3,lfmm,5,0.2,14,11,7,0.318181818181818,20,9,0.289285714285714
V2_c1,bgs,3,lfmm,5,0.3,14,11,7,0.318181818181818,17,7,0.205882352941176
V2_c1,bgs,3,lfmm,5,0.4,14,11,7,0.318181818181818,14,7,0.25
V2_c1,bgs,3,lfmm,5,0.5,14,11,7,0.318181818181818,12,7,0.291666666666667
V2_c1,bgs,3,lfmm,5,0.7,14,11,7,0.318181818181818,9,7,0.388888888888889
V2_c1,bgs,3,lfmm,10,0.01,14,9,7,0.388888888888889,19,9,0.304511278195489
V2_c1,bgs,3,lfmm,10,0.02,14,9,7,0.388888888888889,20,9,0.289285714285714
V2_c1,bgs,3,lfmm,10,0.05,14,9,7,0.388888888888889,16,9,0.361607142857143
V2_c1,bgs,3,lfmm,10,0.1,14,9,7,0.388888888888889,14,9,0.413265306122449
V2_c1,bgs,3,lfmm,10,0.15,14,9,7,0.388888888888889,13,8,0.351648351648352
V2_c1,bgs,3,lfmm,10,0.2,14,9,7,0.388888888888889,12,7,0.291666666666667
V2_c1,bgs,3,lfmm,10,0.3,14,9,7,0.388888888888889,12,7,0.291666666666667
V2_c1,bgs,3,lfmm,10,0.4,14,9,7,0.388888888888889,11,7,0.318181818181818
V2_c1,bgs,3,lfmm,10,0.5,14,9,7,0.388888888888889,9,7,0.388888888888889
V2_c1,bgs,3,lfmm,10,0.7,14,9,7,0.388888888888889,9,7,0.388888888888889
V2_c1,bgs,4,emmax,2,0.01,10,4,4,0.4,12,7,0.408333333333333
V2_c1,bgs,4,emmax,2,0.02,10,4,4,0.4,12,7,0.408333333333333
V2_c1,bgs,4,emmax,2,0.05,10,4,4,0.4,11,7,0.445454545454545
V2_c1,bgs,4,emmax,2,0.1,10,4,4,0.4,10,7,0.49
V2_c1,bgs,4,emmax,2,0.15,10,4,4,0.4,7,7,0.7
V2_c1,bgs,4,emmax,2,0.2,10,4,4,0.4,7,7,0.7
V2_c1,bgs,4,emmax,2,0.3,10,4,4,0.4,7,7,0.7
V2_c1,bgs,4,emmax,2,0.4,10,4,4,0.4,7,7,0.7
V2_c1,bgs,4,emmax,2,0.5,10,4,4,0.4,7,7,0.7
V2_c1,bgs,4,emmax,2,0.7,10,4,4,0.4,7,7,0.7
V2_c1,bgs,4,emmax,3,0.01,10,4,4,0.4,10,7,0.49
V2_c1,bgs,4,emmax,3,0.02,10,4,4,0.4,10,7,0.49
V2_c1,bgs,4,emmax,3,0.05,10,4,4,0.4,10,7,0.49
V2_c1,bgs,4,emmax,3,0.1,10,4,4,0.4,8,7,0.6125
V2_c1,bgs,4,emmax,3,0.15,10,4,4,0.4,7,7,0.7
V2_c1,bgs,4,emmax,3,0.2,10,4,4,0.4,7,7,0.7
V2_c1,bgs,4,emmax,3,0.3,10,4,4,0.4,7,7,0.7
V2_c1,bgs,4,emmax,3,0.4,10,4,4,0.4,7,7,0.7
V2_c1,bgs,4,emmax,3,0.5,10,4,4,0.4,7,7,0.7
V2_c1,bgs,4,emmax,3,0.7,10,4,4,0.4,6,6,0.6
V2_c1,bgs,4,emmax,5,0.01,10,4,4,0.4,9,7,0.544444444444444
V2_c1,bgs,4,emmax,5,0.02,10,4,4,0.4,9,7,0.544444444444444
V2_c1,bgs,4,emmax,5,0.05,10,4,4,0.4,9,7,0.544444444444444
V2_c1,bgs,4,emmax,5,0.1,10,4,4,0.4,7,6,0.514285714285714
V2_c1,bgs,4,emmax,5,0.15,10,4,4,0.4,6,6,0.6
V2_c1,bgs,4,emmax,5,0.2,10,4,4,0.4,6,6,0.6
V2_c1,bgs,4,emmax,5,0.3,10,4,4,0.4,4,4,0.4
V2_c1,bgs,4,emmax,5,0.4,10,4,4,0.4,4,4,0.4
V2_c1,bgs,4,emmax,5,0.5,10,4,4,0.4,4,4,0.4
V2_c1,bgs,4,emmax,5,0.7,10,4,4,0.4,4,4,0.4
V2_c1,bgs,4,emmax,10,0.01,10,3,3,0.3,7,6,0.514285714285714
V2_c1,bgs,4,emmax,10,0.02,10,3,3,0.3,7,6,0.514285714285714
V2_c1,bgs,4,emmax,10,0.05,10,3,3,0.3,6,5,0.416666666666667
V2_c1,bgs,4,emmax,10,0.1,10,3,3,0.3,6,5,0.416666666666667
V2_c1,bgs,4,emmax,10,0.15,10,3,3,0.3,4,4,0.4
V2_c1,bgs,4,emmax,10,0.2,10,3,3,0.3,4,4,0.4
V2_c1,bgs,4,emmax,10,0.3,10,3,3,0.3,3,3,0.3
V2_c1,bgs,4,emmax,10,0.4,10,3,3,0.3,3,3,0.3
V2_c1,bgs,4,emmax,10,0.5,10,3,3,0.3,3,3,0.3
V2_c1,bgs,4,emmax,10,0.7,10,3,3,0.3,3,3,0.3
V2_c1,bgs,4,lfmm,2,0.01,10,5,5,0.5,13,8,0.492307692307692
V2_c1,bgs,4,lfmm,2,0.02,10,5,5,0.5,12,8,0.533333333333333
V2_c1,bgs,4,lfmm,2,0.05,10,5,5,0.5,12,8,0.533333333333333
V2_c1,bgs,4,lfmm,2,0.1,10,5,5,0.5,10,7,0.49
V2_c1,bgs,4,lfmm,2,0.15,10,5,5,0.5,8,7,0.6125
V2_c1,bgs,4,lfmm,2,0.2,10,5,5,0.5,9,7,0.544444444444444
V2_c1,bgs,4,lfmm,2,0.3,10,5,5,0.5,9,7,0.544444444444444
V2_c1,bgs,4,lfmm,2,0.4,10,5,5,0.5,9,7,0.544444444444444
V2_c1,bgs,4,lfmm,2,0.5,10,5,5,0.5,7,6,0.514285714285714
V2_c1,bgs,4,lfmm,2,0.7,10,5,5,0.5,6,6,0.6
V2_c1,bgs,4,lfmm,3,0.01,10,5,5,0.5,10,7,0.49
V2_c1,bgs,4,lfmm,3,0.02,10,5,5,0.5,9,7,0.544444444444444
V2_c1,bgs,4,lfmm,3,0.05,10,5,5,0.5,7,6,0.514285714285714
V2_c1,bgs,4,lfmm,3,0.1,10,5,5,0.5,6,6,0.6
V2_c1,bgs,4,lfmm,3,0.15,10,5,5,0.5,6,6,0.6
V2_c1,bgs,4,lfmm,3,0.2,10,5,5,0.5,7,6,0.514285714285714
V2_c1,bgs,4,lfmm,3,0.3,10,5,5,0.5,7,6,0.514285714285714
V2_c1,bgs,4,lfmm,3,0.4,10,5,5,0.5,7,6,0.514285714285714
V2_c1,bgs,4,lfmm,3,0.5,10,5,5,0.5,7,6,0.514285714285714
V2_c1,bgs,4,lfmm,3,0.7,10,5,5,0.5,6,6,0.6
V2_c1,bgs,4,lfmm,5,0.01,10,4,4,0.4,8,7,0.6125
V2_c1,bgs,4,lfmm,5,0.02,10,4,4,0.4,8,7,0.6125
V2_c1,bgs,4,lfmm,5,0.05,10,4,4,0.4,6,6,0.6
V2_c1,bgs,4,lfmm,5,0.1,10,4,4,0.4,6,6,0.6
V2_c1,bgs,4,lfmm,5,0.15,10,4,4,0.4,6,6,0.6
V2_c1,bgs,4,lfmm,5,0.2,10,4,4,0.4,7,6,0.514285714285714
V2_c1,bgs,4,lfmm,5,0.3,10,4,4,0.4,7,6,0.514285714285714
V2_c1,bgs,4,lfmm,5,0.4,10,4,4,0.4,5,5,0.5
V2_c1,bgs,4,lfmm,5,0.5,10,4,4,0.4,5,5,0.5
V2_c1,bgs,4,lfmm,5,0.7,10,4,4,0.4,5,5,0.5
V2_c1,bgs,4,lfmm,10,0.01,10,4,4,0.4,6,6,0.6
V2_c1,bgs,4,lfmm,10,0.02,10,4,4,0.4,6,6,0.6
V2_c1,bgs,4,lfmm,10,0.05,10,4,4,0.4,6,6,0.6
V2_c1,bgs,4,lfmm,10,0.1,10,4,4,0.4,6,6,0.6
V2_c1,bgs,4,lfmm,10,0.15,10,4,4,0.4,6,6,0.6
V2_c1,bgs,4,lfmm,10,0.2,10,4,4,0.4,6,6,0.6
V2_c1,bgs,4,lfmm,10,0.3,10,4,4,0.4,5,5,0.5
V2_c1,bgs,4,lfmm,10,0.4,10,4,4,0.4,4,4,0.4
V2_c1,bgs,4,lfmm,10,0.5,10,4,4,0.4,4,4,0.4
V2_c1,bgs,4,lfmm,10,0.7,10,4,4,0.4,4,4,0.4
V2_c1,bgs,5,emmax,2,0.01,9,2,2,0.222222222222222,6,3,0.166666666666667
V2_c1,bgs,5,emmax,2,0.02,9,2,2,0.222222222222222,6,3,0.166666666666667
V2_c1,bgs,5,emmax,2,0.05,9,2,2,0.222222222222222,4,2,0.111111111111111
V2_c1,bgs,5,emmax,2,0.1,9,2,2,0.222222222222222,3,2,0.148148148148148
V2_c1,bgs,5,emmax,2,0.15,9,2,2,0.222222222222222,3,2,0.148148148148148
V2_c1,bgs,5,emmax,2,0.2,9,2,2,0.222222222222222,3,2,0.148148148148148
V2_c1,bgs,5,emmax,2,0.3,9,2,2,0.222222222222222,3,2,0.148148148148148
V2_c1,bgs,5,emmax,2,0.4,9,2,2,0.222222222222222,2,2,0.222222222222222
V2_c1,bgs,5,emmax,2,0.5,9,2,2,0.222222222222222,2,2,0.222222222222222
V2_c1,bgs,5,emmax,2,0.7,9,2,2,0.222222222222222,2,2,0.222222222222222
V2_c1,bgs,5,emmax,3,0.01,9,2,2,0.222222222222222,5,3,0.2
V2_c1,bgs,5,emmax,3,0.02,9,2,2,0.222222222222222,4,2,0.111111111111111
V2_c1,bgs,5,emmax,3,0.05,9,2,2,0.222222222222222,4,2,0.111111111111111
V2_c1,bgs,5,emmax,3,0.1,9,2,2,0.222222222222222,3,2,0.148148148148148
V2_c1,bgs,5,emmax,3,0.15,9,2,2,0.222222222222222,3,2,0.148148148148148
V2_c1,bgs,5,emmax,3,0.2,9,2,2,0.222222222222222,3,2,0.148148148148148
V2_c1,bgs,5,emmax,3,0.3,9,2,2,0.222222222222222,3,2,0.148148148148148
V2_c1,bgs,5,emmax,3,0.4,9,2,2,0.222222222222222,2,2,0.222222222222222
V2_c1,bgs,5,emmax,3,0.5,9,2,2,0.222222222222222,2,2,0.222222222222222
V2_c1,bgs,5,emmax,3,0.7,9,2,2,0.222222222222222,2,2,0.222222222222222
V2_c1,bgs,5,emmax,5,0.01,9,1,1,0.111111111111111,2,2,0.222222222222222
V2_c1,bgs,5,emmax,5,0.02,9,1,1,0.111111111111111,2,2,0.222222222222222
V2_c1,bgs,5,emmax,5,0.05,9,1,1,0.111111111111111,2,2,0.222222222222222
V2_c1,bgs,5,emmax,5,0.1,9,1,1,0.111111111111111,2,2,0.222222222222222
V2_c1,bgs,5,emmax,5,0.15,9,1,1,0.111111111111111,2,2,0.222222222222222
V2_c1,bgs,5,emmax,5,0.2,9,1,1,0.111111111111111,2,2,0.222222222222222
V2_c1,bgs,5,emmax,5,0.3,9,1,1,0.111111111111111,2,2,0.222222222222222
V2_c1,bgs,5,emmax,5,0.4,9,1,1,0.111111111111111,2,2,0.222222222222222
V2_c1,bgs,5,emmax,5,0.5,9,1,1,0.111111111111111,2,2,0.222222222222222
V2_c1,bgs,5,emmax,5,0.7,9,1,1,0.111111111111111,2,2,0.222222222222222
V2_c1,bgs,5,emmax,10,0.01,9,0,0,0,2,2,0.222222222222222
V2_c1,bgs,5,emmax,10,0.02,9,0,0,0,2,2,0.222222222222222
V2_c1,bgs,5,emmax,10,0.05,9,0,0,0,2,2,0.222222222222222
V2_c1,bgs,5,emmax,10,0.1,9,0,0,0,2,2,0.222222222222222
V2_c1,bgs,5,emmax,10,0.15,9,0,0,0,2,2,0.222222222222222
V2_c1,bgs,5,emmax,10,0.2,9,0,0,0,2,2,0.222222222222222
V2_c1,bgs,5,emmax,10,0.3,9,0,0,0,2,2,0.222222222222222
V2_c1,bgs,5,emmax,10,0.4,9,0,0,0,2,2,0.222222222222222
V2_c1,bgs,5,emmax,10,0.5,9,0,0,0,2,2,0.222222222222222
V2_c1,bgs,5,emmax,10,0.7,9,0,0,0,1,1,0.111111111111111
V2_c1,bgs,5,lfmm,2,0.01,9,4,3,0.25,13,4,0.136752136752137
V2_c1,bgs,5,lfmm,2,0.02,9,4,3,0.25,9,4,0.197530864197531
V2_c1,bgs,5,lfmm,2,0.05,9,4,3,0.25,7,3,0.142857142857143
V2_c1,bgs,5,lfmm,2,0.1,9,4,3,0.25,5,3,0.2
V2_c1,bgs,5,lfmm,2,0.15,9,4,3,0.25,5,3,0.2
V2_c1,bgs,5,lfmm,2,0.2,9,4,3,0.25,5,3,0.2
V2_c1,bgs,5,lfmm,2,0.3,9,4,3,0.25,4,3,0.25
V2_c1,bgs,5,lfmm,2,0.4,9,4,3,0.25,4,3,0.25
V2_c1,bgs,5,lfmm,2,0.5,9,4,3,0.25,3,3,0.333333333333333
V2_c1,bgs,5,lfmm,2,0.7,9,4,3,0.25,3,3,0.333333333333333
V2_c1,bgs,5,lfmm,3,0.01,9,3,3,0.333333333333333,8,4,0.222222222222222
V2_c1,bgs,5,lfmm,3,0.02,9,3,3,0.333333333333333,7,4,0.253968253968254
V2_c1,bgs,5,lfmm,3,0.05,9,3,3,0.333333333333333,5,3,0.2
V2_c1,bgs,5,lfmm,3,0.1,9,3,3,0.333333333333333,4,3,0.25
V2_c1,bgs,5,lfmm,3,0.15,9,3,3,0.333333333333333,4,3,0.25
V2_c1,bgs,5,lfmm,3,0.2,9,3,3,0.333333333333333,4,3,0.25
V2_c1,bgs,5,lfmm,3,0.3,9,3,3,0.333333333333333,3,3,0.333333333333333
V2_c1,bgs,5,lfmm,3,0.4,9,3,3,0.333333333333333,3,3,0.333333333333333
V2_c1,bgs,5,lfmm,3,0.5,9,3,3,0.333333333333333,3,3,0.333333333333333
V2_c1,bgs,5,lfmm,3,0.7,9,3,3,0.333333333333333,3,3,0.333333333333333
V2_c1,bgs,5,lfmm,5,0.01,9,3,3,0.333333333333333,5,4,0.355555555555556
V2_c1,bgs,5,lfmm,5,0.02,9,3,3,0.333333333333333,5,4,0.355555555555556
V2_c1,bgs,5,lfmm,5,0.05,9,3,3,0.333333333333333,4,3,0.25
V2_c1,bgs,5,lfmm,5,0.1,9,3,3,0.333333333333333,3,3,0.333333333333333
V2_c1,bgs,5,lfmm,5,0.15,9,3,3,0.333333333333333,3,3,0.333333333333333
V2_c1,bgs,5,lfmm,5,0.2,9,3,3,0.333333333333333,3,3,0.333333333333333
V2_c1,bgs,5,lfmm,5,0.3,9,3,3,0.333333333333333,3,3,0.333333333333333
V2_c1,bgs,5,lfmm,5,0.4,9,3,3,0.333333333333333,3,3,0.333333333333333
V2_c1,bgs,5,lfmm,5,0.5,9,3,3,0.333333333333333,3,3,0.333333333333333
V2_c1,bgs,5,lfmm,5,0.7,9,3,3,0.333333333333333,3,3,0.333333333333333
V2_c1,bgs,5,lfmm,10,0.01,9,2,2,0.222222222222222,4,4,0.444444444444444
V2_c1,bgs,5,lfmm,10,0.02,9,2,2,0.222222222222222,4,4,0.444444444444444
V2_c1,bgs,5,lfmm,10,0.05,9,2,2,0.222222222222222,3,3,0.333333333333333
V2_c1,bgs,5,lfmm,10,0.1,9,2,2,0.222222222222222,3,3,0.333333333333333
V2_c1,bgs,5,lfmm,10,0.15,9,2,2,0.222222222222222,3,3,0.333333333333333
V2_c1,bgs,5,lfmm,10,0.2,9,2,2,0.222222222222222,3,3,0.333333333333333
V2_c1,bgs,5,lfmm,10,0.3,9,2,2,0.222222222222222,2,2,0.222222222222222
V2_c1,bgs,5,lfmm,10,0.4,9,2,2,0.222222222222222,2,2,0.222222222222222
V2_c1,bgs,5,lfmm,10,0.5,9,2,2,0.222222222222222,2,2,0.222222222222222
V2_c1,bgs,5,lfmm,10,0.7,9,2,2,0.222222222222222,2,2,0.222222222222222
V2_c1,bgs,6,emmax,2,0.01,12,18,4,0.0740740740740741,29,5,0.0718390804597701
V2_c1,bgs,6,emmax,2,0.02,12,18,4,0.0740740740740741,25,5,0.0833333333333333
V2_c1,bgs,6,emmax,2,0.05,12,18,4,0.0740740740740741,22,5,0.0946969696969697
V2_c1,bgs,6,emmax,2,0.1,12,18,4,0.0740740740740741,18,4,0.0740740740740741
V2_c1,bgs,6,emmax,2,0.15,12,18,4,0.0740740740740741,17,4,0.0784313725490196
V2_c1,bgs,6,emmax,2,0.2,12,18,4,0.0740740740740741,17,4,0.0784313725490196
V2_c1,bgs,6,emmax,2,0.3,12,18,4,0.0740740740740741,17,4,0.0784313725490196
V2_c1,bgs,6,emmax,2,0.4,12,18,4,0.0740740740740741,16,4,0.0833333333333333
V2_c1,bgs,6,emmax,2,0.5,12,18,4,0.0740740740740741,14,4,0.0952380952380952
V2_c1,bgs,6,emmax,2,0.7,12,18,4,0.0740740740740741,7,4,0.19047619047619
V2_c1,bgs,6,emmax,3,0.01,12,12,3,0.0625,22,5,0.0946969696969697
V2_c1,bgs,6,emmax,3,0.02,12,12,3,0.0625,19,4,0.0701754385964912
V2_c1,bgs,6,emmax,3,0.05,12,12,3,0.0625,15,4,0.0888888888888889
V2_c1,bgs,6,emmax,3,0.1,12,12,3,0.0625,13,3,0.0576923076923077
V2_c1,bgs,6,emmax,3,0.15,12,12,3,0.0625,12,3,0.0625
V2_c1,bgs,6,emmax,3,0.2,12,12,3,0.0625,12,3,0.0625
V2_c1,bgs,6,emmax,3,0.3,12,12,3,0.0625,12,3,0.0625
V2_c1,bgs,6,emmax,3,0.4,12,12,3,0.0625,10,3,0.075
V2_c1,bgs,6,emmax,3,0.5,12,12,3,0.0625,8,3,0.09375
V2_c1,bgs,6,emmax,3,0.7,12,12,3,0.0625,5,3,0.15
V2_c1,bgs,6,emmax,5,0.01,12,8,3,0.09375,14,5,0.148809523809524
V2_c1,bgs,6,emmax,5,0.02,12,8,3,0.09375,12,4,0.111111111111111
V2_c1,bgs,6,emmax,5,0.05,12,8,3,0.09375,11,4,0.121212121212121
V2_c1,bgs,6,emmax,5,0.1,12,8,3,0.09375,8,3,0.09375
V2_c1,bgs,6,emmax,5,0.15,12,8,3,0.09375,8,3,0.09375
V2_c1,bgs,6,emmax,5,0.2,12,8,3,0.09375,8,3,0.09375
V2_c1,bgs,6,emmax,5,0.3,12,8,3,0.09375,8,3,0.09375
V2_c1,bgs,6,emmax,5,0.4,12,8,3,0.09375,6,3,0.125
V2_c1,bgs,6,emmax,5,0.5,12,8,3,0.09375,6,3,0.125
V2_c1,bgs,6,emmax,5,0.7,12,8,3,0.09375,3,3,0.25
V2_c1,bgs,6,emmax,10,0.01,12,2,1,0.0416666666666667,4,2,0.0833333333333333
V2_c1,bgs,6,emmax,10,0.02,12,2,1,0.0416666666666667,4,2,0.0833333333333333
V2_c1,bgs,6,emmax,10,0.05,12,2,1,0.0416666666666667,4,2,0.0833333333333333
V2_c1,bgs,6,emmax,10,0.1,12,2,1,0.0416666666666667,2,1,0.0416666666666667
V2_c1,bgs,6,emmax,10,0.15,12,2,1,0.0416666666666667,2,1,0.0416666666666667
V2_c1,bgs,6,emmax,10,0.2,12,2,1,0.0416666666666667,2,1,0.0416666666666667
V2_c1,bgs,6,emmax,10,0.3,12,2,1,0.0416666666666667,2,1,0.0416666666666667
V2_c1,bgs,6,emmax,10,0.4,12,2,1,0.0416666666666667,2,1,0.0416666666666667
V2_c1,bgs,6,emmax,10,0.5,12,2,1,0.0416666666666667,1,1,0.0833333333333333
V2_c1,bgs,6,emmax,10,0.7,12,2,1,0.0416666666666667,1,1,0.0833333333333333
V2_c1,bgs,6,lfmm,2,0.01,12,32,6,0.09375,65,7,0.0628205128205128
V2_c1,bgs,6,lfmm,2,0.02,12,32,6,0.09375,60,7,0.0680555555555556
V2_c1,bgs,6,lfmm,2,0.05,12,32,6,0.09375,50,7,0.0816666666666667
V2_c1,bgs,6,lfmm,2,0.1,12,32,6,0.09375,46,6,0.0652173913043478
V2_c1,bgs,6,lfmm,2,0.15,12,32,6,0.09375,44,6,0.0681818181818182
V2_c1,bgs,6,lfmm,2,0.2,12,32,6,0.09375,41,6,0.0731707317073171
V2_c1,bgs,6,lfmm,2,0.3,12,32,6,0.09375,36,6,0.0833333333333333
V2_c1,bgs,6,lfmm,2,0.4,12,32,6,0.09375,31,6,0.0967741935483871
V2_c1,bgs,6,lfmm,2,0.5,12,32,6,0.09375,26,6,0.115384615384615
V2_c1,bgs,6,lfmm,2,0.7,12,32,6,0.09375,10,6,0.3
V2_c1,bgs,6,lfmm,3,0.01,12,18,6,0.166666666666667,50,7,0.0816666666666667
V2_c1,bgs,6,lfmm,3,0.02,12,18,6,0.166666666666667,43,7,0.0949612403100775
V2_c1,bgs,6,lfmm,3,0.05,12,18,6,0.166666666666667,33,6,0.0909090909090909
V2_c1,bgs,6,lfmm,3,0.1,12,18,6,0.166666666666667,29,6,0.103448275862069
V2_c1,bgs,6,lfmm,3,0.15,12,18,6,0.166666666666667,28,6,0.107142857142857
V2_c1,bgs,6,lfmm,3,0.2,12,18,6,0.166666666666667,28,6,0.107142857142857
V2_c1,bgs,6,lfmm,3,0.3,12,18,6,0.166666666666667,22,6,0.136363636363636
V2_c1,bgs,6,lfmm,3,0.4,12,18,6,0.166666666666667,21,6,0.142857142857143
V2_c1,bgs,6,lfmm,3,0.5,12,18,6,0.166666666666667,17,6,0.176470588235294
V2_c1,bgs,6,lfmm,3,0.7,12,18,6,0.166666666666667,9,6,0.333333333333333
V2_c1,bgs,6,lfmm,5,0.01,12,13,5,0.16025641025641,36,7,0.113425925925926
V2_c1,bgs,6,lfmm,5,0.02,12,13,5,0.16025641025641,31,7,0.131720430107527
V2_c1,bgs,6,lfmm,5,0.05,12,13,5,0.16025641025641,25,5,0.0833333333333333
V2_c1,bgs,6,lfmm,5,0.1,12,13,5,0.16025641025641,20,5,0.104166666666667
V2_c1,bgs,6,lfmm,5,0.15,12,13,5,0.16025641025641,19,5,0.109649122807018
V2_c1,bgs,6,lfmm,5,0.2,12,13,5,0.16025641025641,19,5,0.109649122807018
V2_c1,bgs,6,lfmm,5,0.3,12,13,5,0.16025641025641,15,5,0.138888888888889
V2_c1,bgs,6,lfmm,5,0.4,12,13,5,0.16025641025641,14,5,0.148809523809524
V2_c1,bgs,6,lfmm,5,0.5,12,13,5,0.16025641025641,11,5,0.189393939393939
V2_c1,bgs,6,lfmm,5,0.7,12,13,5,0.16025641025641,8,5,0.260416666666667
V2_c1,bgs,6,lfmm,10,0.01,12,9,3,0.0833333333333333,16,4,0.0833333333333333
V2_c1,bgs,6,lfmm,10,0.02,12,9,3,0.0833333333333333,15,4,0.0888888888888889
V2_c1,bgs,6,lfmm,10,0.05,12,9,3,0.0833333333333333,12,4,0.111111111111111
V2_c1,bgs,6,lfmm,10,0.1,12,9,3,0.0833333333333333,12,4,0.111111111111111
V2_c1,bgs,6,lfmm,10,0.15,12,9,3,0.0833333333333333,12,4,0.111111111111111
V2_c1,bgs,6,lfmm,10,0.2,12,9,3,0.0833333333333333,12,4,0.111111111111111
V2_c1,bgs,6,lfmm,10,0.3,12,9,3,0.0833333333333333,11,4,0.121212121212121
V2_c1,bgs,6,lfmm,10,0.4,12,9,3,0.0833333333333333,8,3,0.09375
V2_c1,bgs,6,lfmm,10,0.5,12,9,3,0.0833333333333333,7,3,0.107142857142857
V2_c1,bgs,6,lfmm,10,0.7,12,9,3,0.0833333333333333,5,3,0.15
V2_c1,bgs,7,emmax,2,0.01,15,7,4,0.152380952380952,15,6,0.16
V2_c1,bgs,7,emmax,2,0.02,15,7,4,0.152380952380952,15,6,0.16
V2_c1,bgs,7,emmax,2,0.05,15,7,4,0.152380952380952,13,6,0.184615384615385
V2_c1,bgs,7,emmax,2,0.1,15,7,4,0.152380952380952,11,6,0.218181818181818
V2_c1,bgs,7,emmax,2,0.15,15,7,4,0.152380952380952,10,6,0.24
V2_c1,bgs,7,emmax,2,0.2,15,7,4,0.152380952380952,10,6,0.24
V2_c1,bgs,7,emmax,2,0.3,15,7,4,0.152380952380952,9,6,0.266666666666667
V2_c1,bgs,7,emmax,2,0.4,15,7,4,0.152380952380952,9,6,0.266666666666667
V2_c1,bgs,7,emmax,2,0.5,15,7,4,0.152380952380952,9,6,0.266666666666667
V2_c1,bgs,7,emmax,2,0.7,15,7,4,0.152380952380952,6,5,0.277777777777778
V2_c1,bgs,7,emmax,3,0.01,15,5,4,0.213333333333333,10,6,0.24
V2_c1,bgs,7,emmax,3,0.02,15,5,4,0.213333333333333,10,6,0.24
V2_c1,bgs,7,emmax,3,0.05,15,5,4,0.213333333333333,9,6,0.266666666666667
V2_c1,bgs,7,emmax,3,0.1,15,5,4,0.213333333333333,8,6,0.3
V2_c1,bgs,7,emmax,3,0.15,15,5,4,0.213333333333333,7,6,0.342857142857143
V2_c1,bgs,7,emmax,3,0.2,15,5,4,0.213333333333333,7,6,0.342857142857143
V2_c1,bgs,7,emmax,3,0.3,15,5,4,0.213333333333333,7,6,0.342857142857143
V2_c1,bgs,7,emmax,3,0.4,15,5,4,0.213333333333333,7,6,0.342857142857143
V2_c1,bgs,7,emmax,3,0.5,15,5,4,0.213333333333333,6,5,0.277777777777778
V2_c1,bgs,7,emmax,3,0.7,15,5,4,0.213333333333333,5,5,0.333333333333333
V2_c1,bgs,7,emmax,5,0.01,15,4,3,0.15,7,6,0.342857142857143
V2_c1,bgs,7,emmax,5,0.02,15,4,3,0.15,7,6,0.342857142857143
V2_c1,bgs,7,emmax,5,0.05,15,4,3,0.15,7,6,0.342857142857143
V2_c1,bgs,7,emmax,5,0.1,15,4,3,0.15,7,6,0.342857142857143
V2_c1,bgs,7,emmax,5,0.15,15,4,3,0.15,7,6,0.342857142857143
V2_c1,bgs,7,emmax,5,0.2,15,4,3,0.15,6,5,0.277777777777778
V2_c1,bgs,7,emmax,5,0.3,15,4,3,0.15,6,5,0.277777777777778
V2_c1,bgs,7,emmax,5,0.4,15,4,3,0.15,6,5,0.277777777777778
V2_c1,bgs,7,emmax,5,0.5,15,4,3,0.15,5,4,0.213333333333333
V2_c1,bgs,7,emmax,5,0.7,15,4,3,0.15,3,3,0.2
V2_c1,bgs,7,emmax,10,0.01,15,3,3,0.2,5,5,0.333333333333333
V2_c1,bgs,7,emmax,10,0.02,15,3,3,0.2,5,5,0.333333333333333
V2_c1,bgs,7,emmax,10,0.05,15,3,3,0.2,5,5,0.333333333333333
V2_c1,bgs,7,emmax,10,0.1,15,3,3,0.2,5,5,0.333333333333333
V2_c1,bgs,7,emmax,10,0.15,15,3,3,0.2,4,4,0.266666666666667
V2_c1,bgs,7,emmax,10,0.2,15,3,3,0.2,4,4,0.266666666666667
V2_c1,bgs,7,emmax,10,0.3,15,3,3,0.2,4,4,0.266666666666667
V2_c1,bgs,7,emmax,10,0.4,15,3,3,0.2,3,3,0.2
V2_c1,bgs,7,emmax,10,0.5,15,3,3,0.2,3,3,0.2
V2_c1,bgs,7,emmax,10,0.7,15,3,3,0.2,3,3,0.2
V2_c1,bgs,7,lfmm,2,0.01,15,12,6,0.2,21,8,0.203174603174603
V2_c1,bgs,7,lfmm,2,0.02,15,12,6,0.2,18,7,0.181481481481482
V2_c1,bgs,7,lfmm,2,0.05,15,12,6,0.2,14,6,0.171428571428571
V2_c1,bgs,7,lfmm,2,0.1,15,12,6,0.2,14,6,0.171428571428571
V2_c1,bgs,7,lfmm,2,0.15,15,12,6,0.2,13,6,0.184615384615385
V2_c1,bgs,7,lfmm,2,0.2,15,12,6,0.2,13,6,0.184615384615385
V2_c1,bgs,7,lfmm,2,0.3,15,12,6,0.2,11,6,0.218181818181818
V2_c1,bgs,7,lfmm,2,0.4,15,12,6,0.2,9,6,0.266666666666667
V2_c1,bgs,7,lfmm,2,0.5,15,12,6,0.2,8,6,0.3
V2_c1,bgs,7,lfmm,2,0.7,15,12,6,0.2,6,6,0.4
V2_c1,bgs,7,lfmm,3,0.01,15,9,6,0.266666666666667,15,8,0.284444444444444
V2_c1,bgs,7,lfmm,3,0.02,15,9,6,0.266666666666667,12,7,0.272222222222222
V2_c1,bgs,7,lfmm,3,0.05,15,9,6,0.266666666666667,10,6,0.24
V2_c1,bgs,7,lfmm,3,0.1,15,9,6,0.266666666666667,10,6,0.24
V2_c1,bgs,7,lfmm,3,0.15,15,9,6,0.266666666666667,10,6,0.24
V2_c1,bgs,7,lfmm,3,0.2,15,9,6,0.266666666666667,9,6,0.266666666666667
V2_c1,bgs,7,lfmm,3,0.3,15,9,6,0.266666666666667,9,6,0.266666666666667
V2_c1,bgs,7,lfmm,3,0.4,15,9,6,0.266666666666667,6,6,0.4
V2_c1,bgs,7,lfmm,3,0.5,15,9,6,0.266666666666667,6,6,0.4
V2_c1,bgs,7,lfmm,3,0.7,15,9,6,0.266666666666667,6,6,0.4
V2_c1,bgs,7,lfmm,5,0.01,15,5,5,0.333333333333333,7,6,0.342857142857143
V2_c1,bgs,7,lfmm,5,0.02,15,5,5,0.333333333333333,6,6,0.4
V2_c1,bgs,7,lfmm,5,0.05,15,5,5,0.333333333333333,5,5,0.333333333333333
V2_c1,bgs,7,lfmm,5,0.1,15,5,5,0.333333333333333,5,5,0.333333333333333
V2_c1,bgs,7,lfmm,5,0.15,15,5,5,0.333333333333333,5,5,0.333333333333333
V2_c1,bgs,7,lfmm,5,0.2,15,5,5,0.333333333333333,5,5,0.333333333333333
V2_c1,bgs,7,lfmm,5,0.3,15,5,5,0.333333333333333,5,5,0.333333333333333
V2_c1,bgs,7,lfmm,5,0.4,15,5,5,0.333333333333333,5,5,0.333333333333333
V2_c1,bgs,7,lfmm,5,0.5,15,5,5,0.333333333333333,5,5,0.333333333333333
V2_c1,bgs,7,lfmm,5,0.7,15,5,5,0.333333333333333,5,5,0.333333333333333
V2_c1,bgs,7,lfmm,10,0.01,15,5,5,0.333333333333333,6,6,0.4
V2_c1,bgs,7,lfmm,10,0.02,15,5,5,0.333333333333333,6,6,0.4
V2_c1,bgs,7,lfmm,10,0.05,15,5,5,0.333333333333333,5,5,0.333333333333333
V2_c1,bgs,7,lfmm,10,0.1,15,5,5,0.333333333333333,5,5,0.333333333333333
V2_c1,bgs,7,lfmm,10,0.15,15,5,5,0.333333333333333,5,5,0.333333333333333
V2_c1,bgs,7,lfmm,10,0.2,15,5,5,0.333333333333333,5,5,0.333333333333333
V2_c1,bgs,7,lfmm,10,0.3,15,5,5,0.333333333333333,5,5,0.333333333333333
V2_c1,bgs,7,lfmm,10,0.4,15,5,5,0.333333333333333,5,5,0.333333333333333
V2_c1,bgs,7,lfmm,10,0.5,15,5,5,0.333333333333333,5,5,0.333333333333333
V2_c1,bgs,7,lfmm,10,0.7,15,5,5,0.333333333333333,5,5,0.333333333333333
V2_c1,bgs,8,emmax,2,0.01,11,11,2,0.0330578512396694,24,4,0.0606060606060606
V2_c1,bgs,8,emmax,2,0.02,11,11,2,0.0330578512396694,20,3,0.0409090909090909
V2_c1,bgs,8,emmax,2,0.05,11,11,2,0.0330578512396694,18,3,0.0454545454545455
V2_c1,bgs,8,emmax,2,0.1,11,11,2,0.0330578512396694,17,3,0.0481283422459893
V2_c1,bgs,8,emmax,2,0.15,11,11,2,0.0330578512396694,15,2,0.0242424242424242
V2_c1,bgs,8,emmax,2,0.2,11,11,2,0.0330578512396694,14,2,0.025974025974026
V2_c1,bgs,8,emmax,2,0.3,11,11,2,0.0330578512396694,13,2,0.027972027972028
V2_c1,bgs,8,emmax,2,0.4,11,11,2,0.0330578512396694,12,2,0.0303030303030303
V2_c1,bgs,8,emmax,2,0.5,11,11,2,0.0330578512396694,9,2,0.0404040404040404
V2_c1,bgs,8,emmax,2,0.7,11,11,2,0.0330578512396694,3,2,0.121212121212121
V2_c1,bgs,8,emmax,3,0.01,11,7,2,0.051948051948052,17,4,0.0855614973262032
V2_c1,bgs,8,emmax,3,0.02,11,7,2,0.051948051948052,14,3,0.0584415584415584
V2_c1,bgs,8,emmax,3,0.05,11,7,2,0.051948051948052,13,3,0.0629370629370629
V2_c1,bgs,8,emmax,3,0.1,11,7,2,0.051948051948052,12,3,0.0681818181818182
V2_c1,bgs,8,emmax,3,0.15,11,7,2,0.051948051948052,10,2,0.0363636363636364
V2_c1,bgs,8,emmax,3,0.2,11,7,2,0.051948051948052,10,2,0.0363636363636364
V2_c1,bgs,8,emmax,3,0.3,11,7,2,0.051948051948052,8,2,0.0454545454545455
V2_c1,bgs,8,emmax,3,0.4,11,7,2,0.051948051948052,7,2,0.051948051948052
V2_c1,bgs,8,emmax,3,0.5,11,7,2,0.051948051948052,7,2,0.051948051948052
V2_c1,bgs,8,emmax,3,0.7,11,7,2,0.051948051948052,3,2,0.121212121212121
V2_c1,bgs,8,emmax,5,0.01,11,3,1,0.0303030303030303,9,3,0.0909090909090909
V2_c1,bgs,8,emmax,5,0.02,11,3,1,0.0303030303030303,8,3,0.102272727272727
V2_c1,bgs,8,emmax,5,0.05,11,3,1,0.0303030303030303,6,2,0.0606060606060606
V2_c1,bgs,8,emmax,5,0.1,11,3,1,0.0303030303030303,5,2,0.0727272727272727
V2_c1,bgs,8,emmax,5,0.15,11,3,1,0.0303030303030303,5,2,0.0727272727272727
V2_c1,bgs,8,emmax,5,0.2,11,3,1,0.0303030303030303,5,2,0.0727272727272727
V2_c1,bgs,8,emmax,5,0.3,11,3,1,0.0303030303030303,5,2,0.0727272727272727
V2_c1,bgs,8,emmax,5,0.4,11,3,1,0.0303030303030303,5,2,0.0727272727272727
V2_c1,bgs,8,emmax,5,0.5,11,3,1,0.0303030303030303,4,1,0.0227272727272727
V2_c1,bgs,8,emmax,5,0.7,11,3,1,0.0303030303030303,2,1,0.0454545454545455
V2_c1,bgs,8,emmax,10,0.01,11,1,1,0.0909090909090909,3,1,0.0303030303030303
V2_c1,bgs,8,emmax,10,0.02,11,1,1,0.0909090909090909,3,1,0.0303030303030303
V2_c1,bgs,8,emmax,10,0.05,11,1,1,0.0909090909090909,3,1,0.0303030303030303
V2_c1,bgs,8,emmax,10,0.1,11,1,1,0.0909090909090909,3,1,0.0303030303030303
V2_c1,bgs,8,emmax,10,0.15,11,1,1,0.0909090909090909,3,1,0.0303030303030303
V2_c1,bgs,8,emmax,10,0.2,11,1,1,0.0909090909090909,2,1,0.0454545454545455
V2_c1,bgs,8,emmax,10,0.3,11,1,1,0.0909090909090909,2,1,0.0454545454545455
V2_c1,bgs,8,emmax,10,0.4,11,1,1,0.0909090909090909,2,1,0.0454545454545455
V2_c1,bgs,8,emmax,10,0.5,11,1,1,0.0909090909090909,2,1,0.0454545454545455
V2_c1,bgs,8,emmax,10,0.7,11,1,1,0.0909090909090909,1,1,0.0909090909090909
V2_c1,bgs,8,lfmm,2,0.01,11,22,5,0.103305785123967,56,7,0.0795454545454545
V2_c1,bgs,8,lfmm,2,0.02,11,22,5,0.103305785123967,50,7,0.0890909090909091
V2_c1,bgs,8,lfmm,2,0.05,11,22,5,0.103305785123967,42,7,0.106060606060606
V2_c1,bgs,8,lfmm,2,0.1,11,22,5,0.103305785123967,36,6,0.0909090909090909
V2_c1,bgs,8,lfmm,2,0.15,11,22,5,0.103305785123967,32,6,0.102272727272727
V2_c1,bgs,8,lfmm,2,0.2,11,22,5,0.103305785123967,30,6,0.109090909090909
V2_c1,bgs,8,lfmm,2,0.3,11,22,5,0.103305785123967,28,5,0.0811688311688312
V2_c1,bgs,8,lfmm,2,0.4,11,22,5,0.103305785123967,23,5,0.0988142292490119
V2_c1,bgs,8,lfmm,2,0.5,11,22,5,0.103305785123967,18,5,0.126262626262626
V2_c1,bgs,8,lfmm,2,0.7,11,22,5,0.103305785123967,8,5,0.284090909090909
V2_c1,bgs,8,lfmm,3,0.01,11,17,5,0.133689839572193,41,7,0.108647450110865
V2_c1,bgs,8,lfmm,3,0.02,11,17,5,0.133689839572193,38,7,0.117224880382775
V2_c1,bgs,8,lfmm,3,0.05,11,17,5,0.133689839572193,29,5,0.0783699059561129
V2_c1,bgs,8,lfmm,3,0.1,11,17,5,0.133689839572193,26,5,0.0874125874125874
V2_c1,bgs,8,lfmm,3,0.15,11,17,5,0.133689839572193,23,5,0.0988142292490119
V2_c1,bgs,8,lfmm,3,0.2,11,17,5,0.133689839572193,21,5,0.108225108225108
V2_c1,bgs,8,lfmm,3,0.3,11,17,5,0.133689839572193,19,5,0.119617224880383
V2_c1,bgs,8,lfmm,3,0.4,11,17,5,0.133689839572193,17,5,0.133689839572193
V2_c1,bgs,8,lfmm,3,0.5,11,17,5,0.133689839572193,15,5,0.151515151515152
V2_c1,bgs,8,lfmm,3,0.7,11,17,5,0.133689839572193,5,5,0.454545454545455
V2_c1,bgs,8,lfmm,5,0.01,11,12,5,0.189393939393939,26,5,0.0874125874125874
V2_c1,bgs,8,lfmm,5,0.02,11,12,5,0.189393939393939,24,5,0.0946969696969697
V2_c1,bgs,8,lfmm,5,0.05,11,12,5,0.189393939393939,20,5,0.113636363636364
V2_c1,bgs,8,lfmm,5,0.1,11,12,5,0.189393939393939,17,5,0.133689839572193
V2_c1,bgs,8,lfmm,5,0.15,11,12,5,0.189393939393939,16,5,0.142045454545455
V2_c1,bgs,8,lfmm,5,0.2,11,12,5,0.189393939393939,15,5,0.151515151515152
V2_c1,bgs,8,lfmm,5,0.3,11,12,5,0.189393939393939,14,5,0.162337662337662
V2_c1,bgs,8,lfmm,5,0.4,11,12,5,0.189393939393939,13,5,0.174825174825175
V2_c1,bgs,8,lfmm,5,0.5,11,12,5,0.189393939393939,10,5,0.227272727272727
V2_c1,bgs,8,lfmm,5,0.7,11,12,5,0.189393939393939,4,4,0.363636363636364
V2_c1,bgs,8,lfmm,10,0.01,11,4,1,0.0227272727272727,17,4,0.0855614973262032
V2_c1,bgs,8,lfmm,10,0.02,11,4,1,0.0227272727272727,15,4,0.096969696969697
V2_c1,bgs,8,lfmm,10,0.05,11,4,1,0.0227272727272727,11,4,0.132231404958678
V2_c1,bgs,8,lfmm,10,0.1,11,4,1,0.0227272727272727,8,2,0.0454545454545455
V2_c1,bgs,8,lfmm,10,0.15,11,4,1,0.0227272727272727,8,2,0.0454545454545455
V2_c1,bgs,8,lfmm,10,0.2,11,4,1,0.0227272727272727,8,2,0.0454545454545455
V2_c1,bgs,8,lfmm,10,0.3,11,4,1,0.0227272727272727,8,2,0.0454545454545455
V2_c1,bgs,8,lfmm,10,0.4,11,4,1,0.0227272727272727,8,2,0.0454545454545455
V2_c1,bgs,8,lfmm,10,0.5,11,4,1,0.0227272727272727,5,2,0.0727272727272727
V2_c1,bgs,8,lfmm,10,0.7,11,4,1,0.0227272727272727,2,2,0.181818181818182
V2_c1,bgs,9,emmax,2,0.01,11,0,0,0,1,0,0
V2_c1,bgs,9,emmax,2,0.02,11,0,0,0,1,0,0
V2_c1,bgs,9,emmax,2,0.05,11,0,0,0,0,0,0
V2_c1,bgs,9,emmax,2,0.1,11,0,0,0,0,0,0
V2_c1,bgs,9,emmax,2,0.15,11,0,0,0,0,0,0
V2_c1,bgs,9,emmax,2,0.2,11,0,0,0,0,0,0
V2_c1,bgs,9,emmax,2,0.3,11,0,0,0,0,0,0
V2_c1,bgs,9,emmax,2,0.4,11,0,0,0,0,0,0
V2_c1,bgs,9,emmax,2,0.5,11,0,0,0,0,0,0
V2_c1,bgs,9,emmax,2,0.7,11,0,0,0,0,0,0
V2_c1,bgs,9,emmax,3,0.01,11,0,0,0,1,0,0
V2_c1,bgs,9,emmax,3,0.02,11,0,0,0,1,0,0
V2_c1,bgs,9,emmax,3,0.05,11,0,0,0,0,0,0
V2_c1,bgs,9,emmax,3,0.1,11,0,0,0,0,0,0
V2_c1,bgs,9,emmax,3,0.15,11,0,0,0,0,0,0
V2_c1,bgs,9,emmax,3,0.2,11,0,0,0,0,0,0
V2_c1,bgs,9,emmax,3,0.3,11,0,0,0,0,0,0
V2_c1,bgs,9,emmax,3,0.4,11,0,0,0,0,0,0
V2_c1,bgs,9,emmax,3,0.5,11,0,0,0,0,0,0
V2_c1,bgs,9,emmax,3,0.7,11,0,0,0,0,0,0
V2_c1,bgs,9,emmax,5,0.01,11,0,0,0,1,0,0
V2_c1,bgs,9,emmax,5,0.02,11,0,0,0,1,0,0
V2_c1,bgs,9,emmax,5,0.05,11,0,0,0,0,0,0
V2_c1,bgs,9,emmax,5,0.1,11,0,0,0,0,0,0
V2_c1,bgs,9,emmax,5,0.15,11,0,0,0,0,0,0
V2_c1,bgs,9,emmax,5,0.2,11,0,0,0,0,0,0
V2_c1,bgs,9,emmax,5,0.3,11,0,0,0,0,0,0
V2_c1,bgs,9,emmax,5,0.4,11,0,0,0,0,0,0
V2_c1,bgs,9,emmax,5,0.5,11,0,0,0,0,0,0
V2_c1,bgs,9,emmax,5,0.7,11,0,0,0,0,0,0
V2_c1,bgs,9,emmax,10,0.01,11,0,0,0,0,0,0
V2_c1,bgs,9,emmax,10,0.02,11,0,0,0,0,0,0
V2_c1,bgs,9,emmax,10,0.05,11,0,0,0,0,0,0
V2_c1,bgs,9,emmax,10,0.1,11,0,0,0,0,0,0
V2_c1,bgs,9,emmax,10,0.15,11,0,0,0,0,0,0
V2_c1,bgs,9,emmax,10,0.2,11,0,0,0,0,0,0
V2_c1,bgs,9,emmax,10,0.3,11,0,0,0,0,0,0
V2_c1,bgs,9,emmax,10,0.4,11,0,0,0,0,0,0
V2_c1,bgs,9,emmax,10,0.5,11,0,0,0,0,0,0
V2_c1,bgs,9,emmax,10,0.7,11,0,0,0,0,0,0
V2_c1,bgs,9,lfmm,2,0.01,11,0,0,0,1,0,0
V2_c1,bgs,9,lfmm,2,0.02,11,0,0,0,1,0,0
V2_c1,bgs,9,lfmm,2,0.05,11,0,0,0,1,0,0
V2_c1,bgs,9,lfmm,2,0.1,11,0,0,0,0,0,0
V2_c1,bgs,9,lfmm,2,0.15,11,0,0,0,0,0,0
V2_c1,bgs,9,lfmm,2,0.2,11,0,0,0,0,0,0
V2_c1,bgs,9,lfmm,2,0.3,11,0,0,0,0,0,0
V2_c1,bgs,9,lfmm,2,0.4,11,0,0,0,0,0,0
V2_c1,bgs,9,lfmm,2,0.5,11,0,0,0,0,0,0
V2_c1,bgs,9,lfmm,2,0.7,11,0,0,0,0,0,0
V2_c1,bgs,9,lfmm,3,0.01,11,0,0,0,1,0,0
V2_c1,bgs,9,lfmm,3,0.02,11,0,0,0,1,0,0
V2_c1,bgs,9,lfmm,3,0.05,11,0,0,0,1,0,0
V2_c1,bgs,9,lfmm,3,0.1,11,0,0,0,0,0,0
V2_c1,bgs,9,lfmm,3,0.15,11,0,0,0,0,0,0
V2_c1,bgs,9,lfmm,3,0.2,11,0,0,0,0,0,0
V2_c1,bgs,9,lfmm,3,0.3,11,0,0,0,0,0,0
V2_c1,bgs,9,lfmm,3,0.4,11,0,0,0,0,0,0
V2_c1,bgs,9,lfmm,3,0.5,11,0,0,0,0,0,0
V2_c1,bgs,9,lfmm,3,0.7,11,0,0,0,0,0,0
V2_c1,bgs,9,lfmm,5,0.01,11,0,0,0,1,0,0
V2_c1,bgs,9,lfmm,5,0.02,11,0,0,0,1,0,0
V2_c1,bgs,9,lfmm,5,0.05,11,0,0,0,1,0,0
V2_c1,bgs,9,lfmm,5,0.1,11,0,0,0,0,0,0
V2_c1,bgs,9,lfmm,5,0.15,11,0,0,0,0,0,0
V2_c1,bgs,9,lfmm,5,0.2,11,0,0,0,0,0,0
V2_c1,bgs,9,lfmm,5,0.3,11,0,0,0,0,0,0
V2_c1,bgs,9,lfmm,5,0.4,11,0,0,0,0,0,0
V2_c1,bgs,9,lfmm,5,0.5,11,0,0,0,0,0,0
V2_c1,bgs,9,lfmm,5,0.7,11,0,0,0,0,0,0
V2_c1,bgs,9,lfmm,10,0.01,11,0,0,0,1,0,0
V2_c1,bgs,9,lfmm,10,0.02,11,0,0,0,1,0,0
V2_c1,bgs,9,lfmm,10,0.05,11,0,0,0,1,0,0
V2_c1,bgs,9,lfmm,10,0.1,11,0,0,0,0,0,0
V2_c1,bgs,9,lfmm,10,0.15,11,0,0,0,0,0,0
V2_c1,bgs,9,lfmm,10,0.2,11,0,0,0,0,0,0
V2_c1,bgs,9,lfmm,10,0.3,11,0,0,0,0,0,0
V2_c1,bgs,9,lfmm,10,0.4,11,0,0,0,0,0,0
V2_c1,bgs,9,lfmm,10,0.5,11,0,0,0,0,0,0
V2_c1,bgs,9,lfmm,10,0.7,11,0,0,0,0,0,0
V2_c1,bgs,10,emmax,2,0.01,14,6,4,0.19047619047619,13,4,0.0879120879120879
V2_c1,bgs,10,emmax,2,0.02,14,6,4,0.19047619047619,11,4,0.103896103896104
V2_c1,bgs,10,emmax,2,0.05,14,6,4,0.19047619047619,10,4,0.114285714285714
V2_c1,bgs,10,emmax,2,0.1,14,6,4,0.19047619047619,9,4,0.126984126984127
V2_c1,bgs,10,emmax,2,0.15,14,6,4,0.19047619047619,10,4,0.114285714285714
V2_c1,bgs,10,emmax,2,0.2,14,6,4,0.19047619047619,9,4,0.126984126984127
V2_c1,bgs,10,emmax,2,0.3,14,6,4,0.19047619047619,8,4,0.142857142857143
V2_c1,bgs,10,emmax,2,0.4,14,6,4,0.19047619047619,7,4,0.163265306122449
V2_c1,bgs,10,emmax,2,0.5,14,6,4,0.19047619047619,6,4,0.19047619047619
V2_c1,bgs,10,emmax,2,0.7,14,6,4,0.19047619047619,3,3,0.214285714285714
V2_c1,bgs,10,emmax,3,0.01,14,3,3,0.214285714285714,11,4,0.103896103896104
V2_c1,bgs,10,emmax,3,0.02,14,3,3,0.214285714285714,9,4,0.126984126984127
V2_c1,bgs,10,emmax,3,0.05,14,3,3,0.214285714285714,6,3,0.107142857142857
V2_c1,bgs,10,emmax,3,0.1,14,3,3,0.214285714285714,4,3,0.160714285714286
V2_c1,bgs,10,emmax,3,0.15,14,3,3,0.214285714285714,4,3,0.160714285714286
V2_c1,bgs,10,emmax,3,0.2,14,3,3,0.214285714285714,4,3,0.160714285714286
V2_c1,bgs,10,emmax,3,0.3,14,3,3,0.214285714285714,4,3,0.160714285714286
V2_c1,bgs,10,emmax,3,0.4,14,3,3,0.214285714285714,3,3,0.214285714285714
V2_c1,bgs,10,emmax,3,0.5,14,3,3,0.214285714285714,3,3,0.214285714285714
V2_c1,bgs,10,emmax,3,0.7,14,3,3,0.214285714285714,3,3,0.214285714285714
V2_c1,bgs,10,emmax,5,0.01,14,3,3,0.214285714285714,5,3,0.128571428571429
V2_c1,bgs,10,emmax,5,0.02,14,3,3,0.214285714285714,4,3,0.160714285714286
V2_c1,bgs,10,emmax,5,0.05,14,3,3,0.214285714285714,4,3,0.160714285714286
V2_c1,bgs,10,emmax,5,0.1,14,3,3,0.214285714285714,3,3,0.214285714285714
V2_c1,bgs,10,emmax,5,0.15,14,3,3,0.214285714285714,3,3,0.214285714285714
V2_c1,bgs,10,emmax,5,0.2,14,3,3,0.214285714285714,3,3,0.214285714285714
V2_c1,bgs,10,emmax,5,0.3,14,3,3,0.214285714285714,3,3,0.214285714285714
V2_c1,bgs,10,emmax,5,0.4,14,3,3,0.214285714285714,3,3,0.214285714285714
V2_c1,bgs,10,emmax,5,0.5,14,3,3,0.214285714285714,3,3,0.214285714285714
V2_c1,bgs,10,emmax,5,0.7,14,3,3,0.214285714285714,3,3,0.214285714285714
V2_c1,bgs,10,emmax,10,0.01,14,3,3,0.214285714285714,5,3,0.128571428571429
V2_c1,bgs,10,emmax,10,0.02,14,3,3,0.214285714285714,4,3,0.160714285714286
V2_c1,bgs,10,emmax,10,0.05,14,3,3,0.214285714285714,4,3,0.160714285714286
V2_c1,bgs,10,emmax,10,0.1,14,3,3,0.214285714285714,3,3,0.214285714285714
V2_c1,bgs,10,emmax,10,0.15,14,3,3,0.214285714285714,3,3,0.214285714285714
V2_c1,bgs,10,emmax,10,0.2,14,3,3,0.214285714285714,3,3,0.214285714285714
V2_c1,bgs,10,emmax,10,0.3,14,3,3,0.214285714285714,3,3,0.214285714285714
V2_c1,bgs,10,emmax,10,0.4,14,3,3,0.214285714285714,3,3,0.214285714285714
V2_c1,bgs,10,emmax,10,0.5,14,3,3,0.214285714285714,3,3,0.214285714285714
V2_c1,bgs,10,emmax,10,0.7,14,3,3,0.214285714285714,3,3,0.214285714285714
V2_c1,bgs,10,lfmm,2,0.01,14,17,5,0.105042016806723,35,6,0.073469387755102
V2_c1,bgs,10,lfmm,2,0.02,14,17,5,0.105042016806723,31,6,0.0829493087557604
V2_c1,bgs,10,lfmm,2,0.05,14,17,5,0.105042016806723,22,6,0.116883116883117
V2_c1,bgs,10,lfmm,2,0.1,14,17,5,0.105042016806723,19,5,0.093984962406015
V2_c1,bgs,10,lfmm,2,0.15,14,17,5,0.105042016806723,19,5,0.093984962406015
V2_c1,bgs,10,lfmm,2,0.2,14,17,5,0.105042016806723,19,5,0.093984962406015
V2_c1,bgs,10,lfmm,2,0.3,14,17,5,0.105042016806723,18,5,0.0992063492063492
V2_c1,bgs,10,lfmm,2,0.4,14,17,5,0.105042016806723,17,5,0.105042016806723
V2_c1,bgs,10,lfmm,2,0.5,14,17,5,0.105042016806723,14,4,0.0816326530612245
V2_c1,bgs,10,lfmm,2,0.7,14,17,5,0.105042016806723,7,4,0.163265306122449
V2_c1,bgs,10,lfmm,3,0.01,14,12,4,0.0952380952380952,23,5,0.077639751552795
V2_c1,bgs,10,lfmm,3,0.02,14,12,4,0.0952380952380952,21,5,0.0850340136054422
V2_c1,bgs,10,lfmm,3,0.05,14,12,4,0.0952380952380952,13,4,0.0879120879120879
V2_c1,bgs,10,lfmm,3,0.1,14,12,4,0.0952380952380952,11,4,0.103896103896104
V2_c1,bgs,10,lfmm,3,0.15,14,12,4,0.0952380952380952,12,4,0.0952380952380952
V2_c1,bgs,10,lfmm,3,0.2,14,12,4,0.0952380952380952,12,4,0.0952380952380952
V2_c1,bgs,10,lfmm,3,0.3,14,12,4,0.0952380952380952,12,4,0.0952380952380952
V2_c1,bgs,10,lfmm,3,0.4,14,12,4,0.0952380952380952,11,4,0.103896103896104
V2_c1,bgs,10,lfmm,3,0.5,14,12,4,0.0952380952380952,7,4,0.163265306122449
V2_c1,bgs,10,lfmm,3,0.7,14,12,4,0.0952380952380952,4,3,0.160714285714286
V2_c1,bgs,10,lfmm,5,0.01,14,7,4,0.163265306122449,14,5,0.127551020408163
V2_c1,bgs,10,lfmm,5,0.02,14,7,4,0.163265306122449,13,5,0.137362637362637
V2_c1,bgs,10,lfmm,5,0.05,14,7,4,0.163265306122449,9,4,0.126984126984127
V2_c1,bgs,10,lfmm,5,0.1,14,7,4,0.163265306122449,9,4,0.126984126984127
V2_c1,bgs,10,lfmm,5,0.15,14,7,4,0.163265306122449,8,4,0.142857142857143
V2_c1,bgs,10,lfmm,5,0.2,14,7,4,0.163265306122449,8,4,0.142857142857143
V2_c1,bgs,10,lfmm,5,0.3,14,7,4,0.163265306122449,8,4,0.142857142857143
V2_c1,bgs,10,lfmm,5,0.4,14,7,4,0.163265306122449,5,4,0.228571428571429
V2_c1,bgs,10,lfmm,5,0.5,14,7,4,0.163265306122449,5,4,0.228571428571429
V2_c1,bgs,10,lfmm,5,0.7,14,7,4,0.163265306122449,3,3,0.214285714285714
V2_c1,bgs,10,lfmm,10,0.01,14,3,3,0.214285714285714,6,4,0.19047619047619
V2_c1,bgs,10,lfmm,10,0.02,14,3,3,0.214285714285714,6,4,0.19047619047619
V2_c1,bgs,10,lfmm,10,0.05,14,3,3,0.214285714285714,4,3,0.160714285714286
V2_c1,bgs,10,lfmm,10,0.1,14,3,3,0.214285714285714,4,3,0.160714285714286
V2_c1,bgs,10,lfmm,10,0.15,14,3,3,0.214285714285714,3,3,0.214285714285714
V2_c1,bgs,10,lfmm,10,0.2,14,3,3,0.214285714285714,3,3,0.214285714285714
V2_c1,bgs,10,lfmm,10,0.3,14,3,3,0.214285714285714,3,3,0.214285714285714
V2_c1,bgs,10,lfmm,10,0.4,14,3,3,0.214285714285714,3,3,0.214285714285714
V2_c1,bgs,10,lfmm,10,0.5,14,3,3,0.214285714285714,3,3,0.214285714285714
V2_c1,bgs,10,lfmm,10,0.7,14,3,3,0.214285714285714,3,3,0.214285714285714
V2_c1,nobgs,1,emmax,2,0.01,10,10,4,0.16,52,6,0.0692307692307692
V2_c1,nobgs,1,emmax,2,0.02,10,10,4,0.16,41,6,0.0878048780487805
V2_c1,nobgs,1,emmax,2,0.05,10,10,4,0.16,27,6,0.133333333333333
V2_c1,nobgs,1,emmax,2,0.1,10,10,4,0.16,20,5,0.125
V2_c1,nobgs,1,emmax,2,0.15,10,10,4,0.16,20,5,0.125
V2_c1,nobgs,1,emmax,2,0.2,10,10,4,0.16,19,5,0.131578947368421
V2_c1,nobgs,1,emmax,2,0.3,10,10,4,0.16,14,5,0.178571428571429
V2_c1,nobgs,1,emmax,2,0.4,10,10,4,0.16,11,4,0.145454545454545
V2_c1,nobgs,1,emmax,2,0.5,10,10,4,0.16,10,4,0.16
V2_c1,nobgs,1,emmax,2,0.7,10,10,4,0.16,7,4,0.228571428571429
V2_c1,nobgs,1,emmax,3,0.01,10,9,4,0.177777777777778,39,6,0.0923076923076923
V2_c1,nobgs,1,emmax,3,0.02,10,9,4,0.177777777777778,29,6,0.124137931034483
V2_c1,nobgs,1,emmax,3,0.05,10,9,4,0.177777777777778,20,6,0.18
V2_c1,nobgs,1,emmax,3,0.1,10,9,4,0.177777777777778,16,5,0.15625
V2_c1,nobgs,1,emmax,3,0.15,10,9,4,0.177777777777778,16,5,0.15625
V2_c1,nobgs,1,emmax,3,0.2,10,9,4,0.177777777777778,16,5,0.15625
V2_c1,nobgs,1,emmax,3,0.3,10,9,4,0.177777777777778,12,5,0.208333333333333
V2_c1,nobgs,1,emmax,3,0.4,10,9,4,0.177777777777778,11,4,0.145454545454545
V2_c1,nobgs,1,emmax,3,0.5,10,9,4,0.177777777777778,8,4,0.2
V2_c1,nobgs,1,emmax,3,0.7,10,9,4,0.177777777777778,7,4,0.228571428571429
V2_c1,nobgs,1,emmax,5,0.01,10,7,4,0.228571428571429,24,6,0.15
V2_c1,nobgs,1,emmax,5,0.02,10,7,4,0.228571428571429,18,6,0.2
V2_c1,nobgs,1,emmax,5,0.05,10,7,4,0.228571428571429,16,6,0.225
V2_c1,nobgs,1,emmax,5,0.1,10,7,4,0.228571428571429,14,5,0.178571428571429
V2_c1,nobgs,1,emmax,5,0.15,10,7,4,0.228571428571429,14,5,0.178571428571429
V2_c1,nobgs,1,emmax,5,0.2,10,7,4,0.228571428571429,13,5,0.192307692307692
V2_c1,nobgs,1,emmax,5,0.3,10,7,4,0.228571428571429,10,5,0.25
V2_c1,nobgs,1,emmax,5,0.4,10,7,4,0.228571428571429,8,4,0.2
V2_c1,nobgs,1,emmax,5,0.5,10,7,4,0.228571428571429,6,4,0.266666666666667
V2_c1,nobgs,1,emmax,5,0.7,10,7,4,0.228571428571429,6,4,0.266666666666667
V2_c1,nobgs,1,emmax,10,0.01,10,6,4,0.266666666666667,12,6,0.3
V2_c1,nobgs,1,emmax,10,0.02,10,6,4,0.266666666666667,12,6,0.3
V2_c1,nobgs,1,emmax,10,0.05,10,6,4,0.266666666666667,12,6,0.3
V2_c1,nobgs,1,emmax,10,0.1,10,6,4,0.266666666666667,9,5,0.277777777777778
V2_c1,nobgs,1,emmax,10,0.15,10,6,4,0.266666666666667,8,5,0.3125
V2_c1,nobgs,1,emmax,10,0.2,10,6,4,0.266666666666667,5,4,0.32
V2_c1,nobgs,1,emmax,10,0.3,10,6,4,0.266666666666667,5,4,0.32
V2_c1,nobgs,1,emmax,10,0.4,10,6,4,0.266666666666667,5,4,0.32
V2_c1,nobgs,1,emmax,10,0.5,10,6,4,0.266666666666667,5,4,0.32
V2_c1,nobgs,1,emmax,10,0.7,10,6,4,0.266666666666667,5,4,0.32
V2_c1,nobgs,1,lfmm,2,0.01,10,3,2,0.133333333333333,20,5,0.125
V2_c1,nobgs,1,lfmm,2,0.02,10,3,2,0.133333333333333,19,5,0.131578947368421
V2_c1,nobgs,1,lfmm,2,0.05,10,3,2,0.133333333333333,16,5,0.15625
V2_c1,nobgs,1,lfmm,2,0.1,10,3,2,0.133333333333333,13,5,0.192307692307692
V2_c1,nobgs,1,lfmm,2,0.15,10,3,2,0.133333333333333,13,5,0.192307692307692
V2_c1,nobgs,1,lfmm,2,0.2,10,3,2,0.133333333333333,11,5,0.227272727272727
V2_c1,nobgs,1,lfmm,2,0.3,10,3,2,0.133333333333333,8,5,0.3125
V2_c1,nobgs,1,lfmm,2,0.4,10,3,2,0.133333333333333,9,5,0.277777777777778
V2_c1,nobgs,1,lfmm,2,0.5,10,3,2,0.133333333333333,8,5,0.3125
V2_c1,nobgs,1,lfmm,2,0.7,10,3,2,0.133333333333333,7,5,0.357142857142857
V2_c1,nobgs,1,lfmm,3,0.01,10,3,2,0.133333333333333,17,5,0.147058823529412
V2_c1,nobgs,1,lfmm,3,0.02,10,3,2,0.133333333333333,16,5,0.15625
V2_c1,nobgs,1,lfmm,3,0.05,10,3,2,0.133333333333333,14,5,0.178571428571429
V2_c1,nobgs,1,lfmm,3,0.1,10,3,2,0.133333333333333,11,5,0.227272727272727
V2_c1,nobgs,1,lfmm,3,0.15,10,3,2,0.133333333333333,11,5,0.227272727272727
V2_c1,nobgs,1,lfmm,3,0.2,10,3,2,0.133333333333333,10,5,0.25
V2_c1,nobgs,1,lfmm,3,0.3,10,3,2,0.133333333333333,8,5,0.3125
V2_c1,nobgs,1,lfmm,3,0.4,10,3,2,0.133333333333333,9,5,0.277777777777778
V2_c1,nobgs,1,lfmm,3,0.5,10,3,2,0.133333333333333,8,5,0.3125
V2_c1,nobgs,1,lfmm,3,0.7,10,3,2,0.133333333333333,7,5,0.357142857142857
V2_c1,nobgs,1,lfmm,5,0.01,10,3,2,0.133333333333333,13,5,0.192307692307692
V2_c1,nobgs,1,lfmm,5,0.02,10,3,2,0.133333333333333,13,5,0.192307692307692
V2_c1,nobgs,1,lfmm,5,0.05,10,3,2,0.133333333333333,10,5,0.25
V2_c1,nobgs,1,lfmm,5,0.1,10,3,2,0.133333333333333,9,5,0.277777777777778
V2_c1,nobgs,1,lfmm,5,0.15,10,3,2,0.133333333333333,9,5,0.277777777777778
V2_c1,nobgs,1,lfmm,5,0.2,10,3,2,0.133333333333333,8,5,0.3125
V2_c1,nobgs,1,lfmm,5,0.3,10,3,2,0.133333333333333,8,5,0.3125
V2_c1,nobgs,1,lfmm,5,0.4,10,3,2,0.133333333333333,9,5,0.277777777777778
V2_c1,nobgs,1,lfmm,5,0.5,10,3,2,0.133333333333333,7,4,0.228571428571429
V2_c1,nobgs,1,lfmm,5,0.7,10,3,2,0.133333333333333,6,4,0.266666666666667
V2_c1,nobgs,1,lfmm,10,0.01,10,2,2,0.2,10,5,0.25
V2_c1,nobgs,1,lfmm,10,0.02,10,2,2,0.2,10,5,0.25
V2_c1,nobgs,1,lfmm,10,0.05,10,2,2,0.2,8,4,0.2
V2_c1,nobgs,1,lfmm,10,0.1,10,2,2,0.2,6,4,0.266666666666667
V2_c1,nobgs,1,lfmm,10,0.15,10,2,2,0.2,6,4,0.266666666666667
V2_c1,nobgs,1,lfmm,10,0.2,10,2,2,0.2,5,4,0.32
V2_c1,nobgs,1,lfmm,10,0.3,10,2,2,0.2,5,4,0.32
V2_c1,nobgs,1,lfmm,10,0.4,10,2,2,0.2,5,3,0.18
V2_c1,nobgs,1,lfmm,10,0.5,10,2,2,0.2,4,3,0.225
V2_c1,nobgs,1,lfmm,10,0.7,10,2,2,0.2,4,3,0.225
V2_c1,nobgs,2,emmax,2,0.01,11,15,4,0.096969696969697,34,8,0.171122994652406
V2_c1,nobgs,2,emmax,2,0.02,11,15,4,0.096969696969697,32,8,0.181818181818182
V2_c1,nobgs,2,emmax,2,0.05,11,15,4,0.096969696969697,28,7,0.159090909090909
V2_c1,nobgs,2,emmax,2,0.1,11,15,4,0.096969696969697,24,6,0.136363636363636
V2_c1,nobgs,2,emmax,2,0.15,11,15,4,0.096969696969697,24,6,0.136363636363636
V2_c1,nobgs,2,emmax,2,0.2,11,15,4,0.096969696969697,20,5,0.113636363636364
V2_c1,nobgs,2,emmax,2,0.3,11,15,4,0.096969696969697,19,5,0.119617224880383
V2_c1,nobgs,2,emmax,2,0.4,11,15,4,0.096969696969697,16,5,0.142045454545455
V2_c1,nobgs,2,emmax,2,0.5,11,15,4,0.096969696969697,12,4,0.121212121212121
V2_c1,nobgs,2,emmax,2,0.7,11,15,4,0.096969696969697,7,4,0.207792207792208
V2_c1,nobgs,2,emmax,3,0.01,11,9,4,0.161616161616162,22,7,0.202479338842975
V2_c1,nobgs,2,emmax,3,0.02,11,9,4,0.161616161616162,20,6,0.163636363636364
V2_c1,nobgs,2,emmax,3,0.05,11,9,4,0.161616161616162,16,6,0.204545454545455
V2_c1,nobgs,2,emmax,3,0.1,11,9,4,0.161616161616162,14,5,0.162337662337662
V2_c1,nobgs,2,emmax,3,0.15,11,9,4,0.161616161616162,13,5,0.174825174825175
V2_c1,nobgs,2,emmax,3,0.2,11,9,4,0.161616161616162,12,4,0.121212121212121
V2_c1,nobgs,2,emmax,3,0.3,11,9,4,0.161616161616162,11,4,0.132231404958678
V2_c1,nobgs,2,emmax,3,0.4,11,9,4,0.161616161616162,7,4,0.207792207792208
V2_c1,nobgs,2,emmax,3,0.5,11,9,4,0.161616161616162,7,4,0.207792207792208
V2_c1,nobgs,2,emmax,3,0.7,11,9,4,0.161616161616162,4,4,0.363636363636364
V2_c1,nobgs,2,emmax,5,0.01,11,6,3,0.136363636363636,16,5,0.142045454545455
V2_c1,nobgs,2,emmax,5,0.02,11,6,3,0.136363636363636,15,5,0.151515151515152
V2_c1,nobgs,2,emmax,5,0.05,11,6,3,0.136363636363636,11,5,0.206611570247934
V2_c1,nobgs,2,emmax,5,0.1,11,6,3,0.136363636363636,10,5,0.227272727272727
V2_c1,nobgs,2,emmax,5,0.15,11,6,3,0.136363636363636,10,5,0.227272727272727
V2_c1,nobgs,2,emmax,5,0.2,11,6,3,0.136363636363636,9,4,0.161616161616162
V2_c1,nobgs,2,emmax,5,0.3,11,6,3,0.136363636363636,8,4,0.181818181818182
V2_c1,nobgs,2,emmax,5,0.4,11,6,3,0.136363636363636,6,4,0.242424242424242
V2_c1,nobgs,2,emmax,5,0.5,11,6,3,0.136363636363636,5,4,0.290909090909091
V2_c1,nobgs,2,emmax,5,0.7,11,6,3,0.136363636363636,3,3,0.272727272727273
V2_c1,nobgs,2,emmax,10,0.01,11,3,2,0.121212121212121,10,5,0.227272727272727
V2_c1,nobgs,2,emmax,10,0.02,11,3,2,0.121212121212121,9,5,0.252525252525253
V2_c1,nobgs,2,emmax,10,0.05,11,3,2,0.121212121212121,9,5,0.252525252525253
V2_c1,nobgs,2,emmax,10,0.1,11,3,2,0.121212121212121,7,4,0.207792207792208
V2_c1,nobgs,2,emmax,10,0.15,11,3,2,0.121212121212121,7,4,0.207792207792208
V2_c1,nobgs,2,emmax,10,0.2,11,3,2,0.121212121212121,5,4,0.290909090909091
V2_c1,nobgs,2,emmax,10,0.3,11,3,2,0.121212121212121,5,4,0.290909090909091
V2_c1,nobgs,2,emmax,10,0.4,11,3,2,0.121212121212121,5,4,0.290909090909091
V2_c1,nobgs,2,emmax,10,0.5,11,3,2,0.121212121212121,4,3,0.204545454545455
V2_c1,nobgs,2,emmax,10,0.7,11,3,2,0.121212121212121,2,2,0.181818181818182
V2_c1,nobgs,2,lfmm,2,0.01,11,14,7,0.318181818181818,40,10,0.227272727272727
V2_c1,nobgs,2,lfmm,2,0.02,11,14,7,0.318181818181818,39,10,0.233100233100233
V2_c1,nobgs,2,lfmm,2,0.05,11,14,7,0.318181818181818,28,9,0.262987012987013
V2_c1,nobgs,2,lfmm,2,0.1,11,14,7,0.318181818181818,23,8,0.25296442687747
V2_c1,nobgs,2,lfmm,2,0.15,11,14,7,0.318181818181818,21,8,0.277056277056277
V2_c1,nobgs,2,lfmm,2,0.2,11,14,7,0.318181818181818,19,8,0.30622009569378
V2_c1,nobgs,2,lfmm,2,0.3,11,14,7,0.318181818181818,15,7,0.296969696969697
V2_c1,nobgs,2,lfmm,2,0.4,11,14,7,0.318181818181818,13,7,0.342657342657343
V2_c1,nobgs,2,lfmm,2,0.5,11,14,7,0.318181818181818,11,7,0.40495867768595
V2_c1,nobgs,2,lfmm,2,0.7,11,14,7,0.318181818181818,9,7,0.494949494949495
V2_c1,nobgs,2,lfmm,3,0.01,11,11,7,0.40495867768595,27,10,0.336700336700337
V2_c1,nobgs,2,lfmm,3,0.02,11,11,7,0.40495867768595,25,10,0.363636363636364
V2_c1,nobgs,2,lfmm,3,0.05,11,11,7,0.40495867768595,22,9,0.334710743801653
V2_c1,nobgs,2,lfmm,3,0.1,11,11,7,0.40495867768595,18,8,0.323232323232323
V2_c1,nobgs,2,lfmm,3,0.15,11,11,7,0.40495867768595,15,8,0.387878787878788
V2_c1,nobgs,2,lfmm,3,0.2,11,11,7,0.40495867768595,13,7,0.342657342657343
V2_c1,nobgs,2,lfmm,3,0.3,11,11,7,0.40495867768595,13,7,0.342657342657343
V2_c1,nobgs,2,lfmm,3,0.4,11,11,7,0.40495867768595,11,7,0.40495867768595
V2_c1,nobgs,2,lfmm,3,0.5,11,11,7,0.40495867768595,10,7,0.445454545454545
V2_c1,nobgs,2,lfmm,3,0.7,11,11,7,0.40495867768595,8,7,0.556818181818182
V2_c1,nobgs,2,lfmm,5,0.01,11,8,5,0.284090909090909,19,7,0.23444976076555
V2_c1,nobgs,2,lfmm,5,0.02,11,8,5,0.284090909090909,18,7,0.247474747474748
V2_c1,nobgs,2,lfmm,5,0.05,11,8,5,0.284090909090909,16,7,0.278409090909091
V2_c1,nobgs,2,lfmm,5,0.1,11,8,5,0.284090909090909,13,6,0.251748251748252
V2_c1,nobgs,2,lfmm,5,0.15,11,8,5,0.284090909090909,11,5,0.206611570247934
V2_c1,nobgs,2,lfmm,5,0.2,11,8,5,0.284090909090909,11,5,0.206611570247934
V2_c1,nobgs,2,lfmm,5,0.3,11,8,5,0.284090909090909,10,5,0.227272727272727
V2_c1,nobgs,2,lfmm,5,0.4,11,8,5,0.284090909090909,8,5,0.284090909090909
V2_c1,nobgs,2,lfmm,5,0.5,11,8,5,0.284090909090909,8,5,0.284090909090909
V2_c1,nobgs,2,lfmm,5,0.7,11,8,5,0.284090909090909,6,5,0.378787878787879
V2_c1,nobgs,2,lfmm,10,0.01,11,6,5,0.378787878787879,13,7,0.342657342657343
V2_c1,nobgs,2,lfmm,10,0.02,11,6,5,0.378787878787879,12,7,0.371212121212121
V2_c1,nobgs,2,lfmm,10,0.05,11,6,5,0.378787878787879,10,7,0.445454545454545
V2_c1,nobgs,2,lfmm,10,0.1,11,6,5,0.378787878787879,7,5,0.324675324675325
V2_c1,nobgs,2,lfmm,10,0.15,11,6,5,0.378787878787879,6,5,0.378787878787879
V2_c1,nobgs,2,lfmm,10,0.2,11,6,5,0.378787878787879,7,5,0.324675324675325
V2_c1,nobgs,2,lfmm,10,0.3,11,6,5,0.378787878787879,7,5,0.324675324675325
V2_c1,nobgs,2,lfmm,10,0.4,11,6,5,0.378787878787879,6,5,0.378787878787879
V2_c1,nobgs,2,lfmm,10,0.5,11,6,5,0.378787878787879,6,5,0.378787878787879
V2_c1,nobgs,2,lfmm,10,0.7,11,6,5,0.378787878787879,5,4,0.290909090909091
V2_c1,nobgs,3,emmax,2,0.01,16,20,9,0.253125,58,12,0.155172413793103
V2_c1,nobgs,3,emmax,2,0.02,16,20,9,0.253125,52,12,0.173076923076923
V2_c1,nobgs,3,emmax,2,0.05,16,20,9,0.253125,41,11,0.184451219512195
V2_c1,nobgs,3,emmax,2,0.1,16,20,9,0.253125,37,11,0.204391891891892
V2_c1,nobgs,3,emmax,2,0.15,16,20,9,0.253125,32,11,0.236328125
V2_c1,nobgs,3,emmax,2,0.2,16,20,9,0.253125,31,11,0.243951612903226
V2_c1,nobgs,3,emmax,2,0.3,16,20,9,0.253125,26,10,0.240384615384615
V2_c1,nobgs,3,emmax,2,0.4,16,20,9,0.253125,22,10,0.284090909090909
V2_c1,nobgs,3,emmax,2,0.5,16,20,9,0.253125,19,9,0.266447368421053
V2_c1,nobgs,3,emmax,2,0.7,16,20,9,0.253125,14,9,0.361607142857143
V2_c1,nobgs,3,emmax,3,0.01,16,15,8,0.266666666666667,38,11,0.199013157894737
V2_c1,nobgs,3,emmax,3,0.02,16,15,8,0.266666666666667,34,11,0.222426470588235
V2_c1,nobgs,3,emmax,3,0.05,16,15,8,0.266666666666667,29,11,0.260775862068966
V2_c1,nobgs,3,emmax,3,0.1,16,15,8,0.266666666666667,27,11,0.280092592592593
V2_c1,nobgs,3,emmax,3,0.15,16,15,8,0.266666666666667,24,11,0.315104166666667
V2_c1,nobgs,3,emmax,3,0.2,16,15,8,0.266666666666667,24,11,0.315104166666667
V2_c1,nobgs,3,emmax,3,0.3,16,15,8,0.266666666666667,17,9,0.297794117647059
V2_c1,nobgs,3,emmax,3,0.4,16,15,8,0.266666666666667,17,9,0.297794117647059
V2_c1,nobgs,3,emmax,3,0.5,16,15,8,0.266666666666667,16,8,0.25
V2_c1,nobgs,3,emmax,3,0.7,16,15,8,0.266666666666667,13,8,0.307692307692308
V2_c1,nobgs,3,emmax,5,0.01,16,12,8,0.333333333333333,24,11,0.315104166666667
V2_c1,nobgs,3,emmax,5,0.02,16,12,8,0.333333333333333,25,11,0.3025
V2_c1,nobgs,3,emmax,5,0.05,16,12,8,0.333333333333333,21,10,0.297619047619048
V2_c1,nobgs,3,emmax,5,0.1,16,12,8,0.333333333333333,19,10,0.328947368421053
V2_c1,nobgs,3,emmax,5,0.15,16,12,8,0.333333333333333,17,10,0.367647058823529
V2_c1,nobgs,3,emmax,5,0.2,16,12,8,0.333333333333333,15,9,0.3375
V2_c1,nobgs,3,emmax,5,0.3,16,12,8,0.333333333333333,13,9,0.389423076923077
V2_c1,nobgs,3,emmax,5,0.4,16,12,8,0.333333333333333,12,9,0.421875
V2_c1,nobgs,3,emmax,5,0.5,16,12,8,0.333333333333333,12,8,0.333333333333333
V2_c1,nobgs,3,emmax,5,0.7,16,12,8,0.333333333333333,10,8,0.4
V2_c1,nobgs,3,emmax,10,0.01,16,8,8,0.5,17,10,0.367647058823529
V2_c1,nobgs,3,emmax,10,0.02,16,8,8,0.5,18,10,0.347222222222222
V2_c1,nobgs,3,emmax,10,0.05,16,8,8,0.5,14,10,0.446428571428571
V2_c1,nobgs,3,emmax,10,0.1,16,8,8,0.5,11,9,0.460227272727273
V2_c1,nobgs,3,emmax,10,0.15,16,8,8,0.5,10,9,0.50625
V2_c1,nobgs,3,emmax,10,0.2,16,8,8,0.5,10,9,0.50625
V2_c1,nobgs,3,emmax,10,0.3,16,8,8,0.5,9,9,0.5625
V2_c1,nobgs,3,emmax,10,0.4,16,8,8,0.5,9,9,0.5625
V2_c1,nobgs,3,emmax,10,0.5,16,8,8,0.5,9,8,0.444444444444444
V2_c1,nobgs,3,emmax,10,0.7,16,8,8,0.5,8,8,0.5
V2_c1,nobgs,3,lfmm,2,0.01,16,25,9,0.2025,69,13,0.153079710144928
V2_c1,nobgs,3,lfmm,2,0.02,16,25,9,0.2025,63,12,0.142857142857143
V2_c1,nobgs,3,lfmm,2,0.05,16,25,9,0.2025,50,11,0.15125
V2_c1,nobgs,3,lfmm,2,0.1,16,25,9,0.2025,44,11,0.171875
V2_c1,nobgs,3,lfmm,2,0.15,16,25,9,0.2025,39,11,0.193910256410256
V2_c1,nobgs,3,lfmm,2,0.2,16,25,9,0.2025,34,11,0.222426470588235
V2_c1,nobgs,3,lfmm,2,0.3,16,25,9,0.2025,31,12,0.290322580645161
V2_c1,nobgs,3,lfmm,2,0.4,16,25,9,0.2025,27,11,0.280092592592593
V2_c1,nobgs,3,lfmm,2,0.5,16,25,9,0.2025,28,11,0.270089285714286
V2_c1,nobgs,3,lfmm,2,0.7,16,25,9,0.2025,16,10,0.390625
V2_c1,nobgs,3,lfmm,3,0.01,16,18,8,0.222222222222222,52,13,0.203125
V2_c1,nobgs,3,lfmm,3,0.02,16,18,8,0.222222222222222,50,12,0.18
V2_c1,nobgs,3,lfmm,3,0.05,16,18,8,0.222222222222222,37,10,0.168918918918919
V2_c1,nobgs,3,lfmm,3,0.1,16,18,8,0.222222222222222,31,10,0.201612903225806
V2_c1,nobgs,3,lfmm,3,0.15,16,18,8,0.222222222222222,29,10,0.21551724137931
V2_c1,nobgs,3,lfmm,3,0.2,16,18,8,0.222222222222222,27,10,0.231481481481481
V2_c1,nobgs,3,lfmm,3,0.3,16,18,8,0.222222222222222,21,9,0.241071428571429
V2_c1,nobgs,3,lfmm,3,0.4,16,18,8,0.222222222222222,20,9,0.253125
V2_c1,nobgs,3,lfmm,3,0.5,16,18,8,0.222222222222222,19,9,0.266447368421053
V2_c1,nobgs,3,lfmm,3,0.7,16,18,8,0.222222222222222,12,9,0.421875
V2_c1,nobgs,3,lfmm,5,0.01,16,16,8,0.25,40,12,0.225
V2_c1,nobgs,3,lfmm,5,0.02,16,16,8,0.25,34,11,0.222426470588235
V2_c1,nobgs,3,lfmm,5,0.05,16,16,8,0.25,30,10,0.208333333333333
V2_c1,nobgs,3,lfmm,5,0.1,16,16,8,0.25,23,9,0.220108695652174
V2_c1,nobgs,3,lfmm,5,0.15,16,16,8,0.25,20,9,0.253125
V2_c1,nobgs,3,lfmm,5,0.2,16,16,8,0.25,19,9,0.266447368421053
V2_c1,nobgs,3,lfmm,5,0.3,16,16,8,0.25,18,9,0.28125
V2_c1,nobgs,3,lfmm,5,0.4,16,16,8,0.25,17,9,0.297794117647059
V2_c1,nobgs,3,lfmm,5,0.5,16,16,8,0.25,16,9,0.31640625
V2_c1,nobgs,3,lfmm,5,0.7,16,16,8,0.25,10,8,0.4
V2_c1,nobgs,3,lfmm,10,0.01,16,10,8,0.4,28,12,0.321428571428571
V2_c1,nobgs,3,lfmm,10,0.02,16,10,8,0.4,24,11,0.315104166666667
V2_c1,nobgs,3,lfmm,10,0.05,16,10,8,0.4,18,9,0.28125
V2_c1,nobgs,3,lfmm,10,0.1,16,10,8,0.4,18,9,0.28125
V2_c1,nobgs,3,lfmm,10,0.15,16,10,8,0.4,14,9,0.361607142857143
V2_c1,nobgs,3,lfmm,10,0.2,16,10,8,0.4,13,9,0.389423076923077
V2_c1,nobgs,3,lfmm,10,0.3,16,10,8,0.4,12,9,0.421875
V2_c1,nobgs,3,lfmm,10,0.4,16,10,8,0.4,12,9,0.421875
V2_c1,nobgs,3,lfmm,10,0.5,16,10,8,0.4,11,9,0.460227272727273
V2_c1,nobgs,3,lfmm,10,0.7,16,10,8,0.4,9,8,0.444444444444444
V2_c1,nobgs,4,emmax,2,0.01,10,7,5,0.357142857142857,29,8,0.220689655172414
V2_c1,nobgs,4,emmax,2,0.02,10,7,5,0.357142857142857,23,8,0.278260869565217
V2_c1,nobgs,4,emmax,2,0.05,10,7,5,0.357142857142857,19,8,0.336842105263158
V2_c1,nobgs,4,emmax,2,0.1,10,7,5,0.357142857142857,17,8,0.376470588235294
V2_c1,nobgs,4,emmax,2,0.15,10,7,5,0.357142857142857,16,8,0.4
V2_c1,nobgs,4,emmax,2,0.2,10,7,5,0.357142857142857,13,8,0.492307692307692
V2_c1,nobgs,4,emmax,2,0.3,10,7,5,0.357142857142857,12,8,0.533333333333333
V2_c1,nobgs,4,emmax,2,0.4,10,7,5,0.357142857142857,8,7,0.6125
V2_c1,nobgs,4,emmax,2,0.5,10,7,5,0.357142857142857,7,6,0.514285714285714
V2_c1,nobgs,4,emmax,2,0.7,10,7,5,0.357142857142857,6,6,0.6
V2_c1,nobgs,4,emmax,3,0.01,10,6,5,0.416666666666667,18,8,0.355555555555556
V2_c1,nobgs,4,emmax,3,0.02,10,6,5,0.416666666666667,17,8,0.376470588235294
V2_c1,nobgs,4,emmax,3,0.05,10,6,5,0.416666666666667,14,8,0.457142857142857
V2_c1,nobgs,4,emmax,3,0.1,10,6,5,0.416666666666667,12,7,0.408333333333333
V2_c1,nobgs,4,emmax,3,0.15,10,6,5,0.416666666666667,10,7,0.49
V2_c1,nobgs,4,emmax,3,0.2,10,6,5,0.416666666666667,9,7,0.544444444444444
V2_c1,nobgs,4,emmax,3,0.3,10,6,5,0.416666666666667,8,7,0.6125
V2_c1,nobgs,4,emmax,3,0.4,10,6,5,0.416666666666667,8,7,0.6125
V2_c1,nobgs,4,emmax,3,0.5,10,6,5,0.416666666666667,6,6,0.6
V2_c1,nobgs,4,emmax,3,0.7,10,6,5,0.416666666666667,5,5,0.5
V2_c1,nobgs,4,emmax,5,0.01,10,5,5,0.5,14,8,0.457142857142857
V2_c1,nobgs,4,emmax,5,0.02,10,5,5,0.5,12,8,0.533333333333333
V2_c1,nobgs,4,emmax,5,0.05,10,5,5,0.5,11,8,0.581818181818182
V2_c1,nobgs,4,emmax,5,0.1,10,5,5,0.5,7,7,0.7
V2_c1,nobgs,4,emmax,5,0.15,10,5,5,0.5,7,7,0.7
V2_c1,nobgs,4,emmax,5,0.2,10,5,5,0.5,7,7,0.7
V2_c1,nobgs,4,emmax,5,0.3,10,5,5,0.5,7,7,0.7
V2_c1,nobgs,4,emmax,5,0.4,10,5,5,0.5,6,6,0.6
V2_c1,nobgs,4,emmax,5,0.5,10,5,5,0.5,5,5,0.5
V2_c1,nobgs,4,emmax,5,0.7,10,5,5,0.5,5,5,0.5
V2_c1,nobgs,4,emmax,10,0.01,10,5,5,0.5,9,8,0.711111111111111
V2_c1,nobgs,4,emmax,10,0.02,10,5,5,0.5,7,7,0.7
V2_c1,nobgs,4,emmax,10,0.05,10,5,5,0.5,6,6,0.6
V2_c1,nobgs,4,emmax,10,0.1,10,5,5,0.5,6,6,0.6
V2_c1,nobgs,4,emmax,10,0.15,10,5,5,0.5,6,6,0.6
V2_c1,nobgs,4,emmax,10,0.2,10,5,5,0.5,6,6,0.6
V2_c1,nobgs,4,emmax,10,0.3,10,5,5,0.5,6,6,0.6
V2_c1,nobgs,4,emmax,10,0.4,10,5,5,0.5,6,6,0.6
V2_c1,nobgs,4,emmax,10,0.5,10,5,5,0.5,5,5,0.5
V2_c1,nobgs,4,emmax,10,0.7,10,5,5,0.5,5,5,0.5
V2_c1,nobgs,4,lfmm,2,0.01,10,10,6,0.36,28,9,0.289285714285714
V2_c1,nobgs,4,lfmm,2,0.02,10,10,6,0.36,27,9,0.3
V2_c1,nobgs,4,lfmm,2,0.05,10,10,6,0.36,23,8,0.278260869565217
V2_c1,nobgs,4,lfmm,2,0.1,10,10,6,0.36,17,7,0.288235294117647
V2_c1,nobgs,4,lfmm,2,0.15,10,10,6,0.36,16,7,0.30625
V2_c1,nobgs,4,lfmm,2,0.2,10,10,6,0.36,15,7,0.326666666666667
V2_c1,nobgs,4,lfmm,2,0.3,10,10,6,0.36,14,7,0.35
V2_c1,nobgs,4,lfmm,2,0.4,10,10,6,0.36,14,7,0.35
V2_c1,nobgs,4,lfmm,2,0.5,10,10,6,0.36,14,7,0.35
V2_c1,nobgs,4,lfmm,2,0.7,10,10,6,0.36,8,7,0.6125
V2_c1,nobgs,4,lfmm,3,0.01,10,7,5,0.357142857142857,24,9,0.3375
V2_c1,nobgs,4,lfmm,3,0.02,10,7,5,0.357142857142857,24,9,0.3375
V2_c1,nobgs,4,lfmm,3,0.05,10,7,5,0.357142857142857,20,8,0.32
V2_c1,nobgs,4,lfmm,3,0.1,10,7,5,0.357142857142857,15,7,0.326666666666667
V2_c1,nobgs,4,lfmm,3,0.15,10,7,5,0.357142857142857,14,7,0.35
V2_c1,nobgs,4,lfmm,3,0.2,10,7,5,0.357142857142857,13,7,0.376923076923077
V2_c1,nobgs,4,lfmm,3,0.3,10,7,5,0.357142857142857,10,6,0.36
V2_c1,nobgs,4,lfmm,3,0.4,10,7,5,0.357142857142857,10,6,0.36
V2_c1,nobgs,4,lfmm,3,0.5,10,7,5,0.357142857142857,10,6,0.36
V2_c1,nobgs,4,lfmm,3,0.7,10,7,5,0.357142857142857,6,5,0.416666666666667
V2_c1,nobgs,4,lfmm,5,0.01,10,5,5,0.5,21,8,0.304761904761905
V2_c1,nobgs,4,lfmm,5,0.02,10,5,5,0.5,20,8,0.32
V2_c1,nobgs,4,lfmm,5,0.05,10,5,5,0.5,13,6,0.276923076923077
V2_c1,nobgs,4,lfmm,5,0.1,10,5,5,0.5,9,6,0.4
V2_c1,nobgs,4,lfmm,5,0.15,10,5,5,0.5,8,6,0.45
V2_c1,nobgs,4,lfmm,5,0.2,10,5,5,0.5,6,5,0.416666666666667
V2_c1,nobgs,4,lfmm,5,0.3,10,5,5,0.5,6,5,0.416666666666667
V2_c1,nobgs,4,lfmm,5,0.4,10,5,5,0.5,6,5,0.416666666666667
V2_c1,nobgs,4,lfmm,5,0.5,10,5,5,0.5,5,5,0.5
V2_c1,nobgs,4,lfmm,5,0.7,10,5,5,0.5,5,5,0.5
V2_c1,nobgs,4,lfmm,10,0.01,10,5,5,0.5,10,6,0.36
V2_c1,nobgs,4,lfmm,10,0.02,10,5,5,0.5,10,6,0.36
V2_c1,nobgs,4,lfmm,10,0.05,10,5,5,0.5,7,5,0.357142857142857
V2_c1,nobgs,4,lfmm,10,0.1,10,5,5,0.5,6,5,0.416666666666667
V2_c1,nobgs,4,lfmm,10,0.15,10,5,5,0.5,6,5,0.416666666666667
V2_c1,nobgs,4,lfmm,10,0.2,10,5,5,0.5,5,5,0.5
V2_c1,nobgs,4,lfmm,10,0.3,10,5,5,0.5,5,5,0.5
V2_c1,nobgs,4,lfmm,10,0.4,10,5,5,0.5,5,5,0.5
V2_c1,nobgs,4,lfmm,10,0.5,10,5,5,0.5,5,5,0.5
V2_c1,nobgs,4,lfmm,10,0.7,10,5,5,0.5,5,5,0.5
V2_c1,nobgs,5,emmax,2,0.01,14,8,6,0.321428571428571,26,6,0.0989010989010989
V2_c1,nobgs,5,emmax,2,0.02,14,8,6,0.321428571428571,21,6,0.122448979591837
V2_c1,nobgs,5,emmax,2,0.05,14,8,6,0.321428571428571,17,6,0.151260504201681
V2_c1,nobgs,5,emmax,2,0.1,14,8,6,0.321428571428571,14,6,0.183673469387755
V2_c1,nobgs,5,emmax,2,0.15,14,8,6,0.321428571428571,11,6,0.233766233766234
V2_c1,nobgs,5,emmax,2,0.2,14,8,6,0.321428571428571,11,6,0.233766233766234
V2_c1,nobgs,5,emmax,2,0.3,14,8,6,0.321428571428571,11,6,0.233766233766234
V2_c1,nobgs,5,emmax,2,0.4,14,8,6,0.321428571428571,10,6,0.257142857142857
V2_c1,nobgs,5,emmax,2,0.5,14,8,6,0.321428571428571,9,6,0.285714285714286
V2_c1,nobgs,5,emmax,2,0.7,14,8,6,0.321428571428571,6,6,0.428571428571429
V2_c1,nobgs,5,emmax,3,0.01,14,8,6,0.321428571428571,19,6,0.135338345864662
V2_c1,nobgs,5,emmax,3,0.02,14,8,6,0.321428571428571,16,6,0.160714285714286
V2_c1,nobgs,5,emmax,3,0.05,14,8,6,0.321428571428571,14,6,0.183673469387755
V2_c1,nobgs,5,emmax,3,0.1,14,8,6,0.321428571428571,11,6,0.233766233766234
V2_c1,nobgs,5,emmax,3,0.15,14,8,6,0.321428571428571,10,6,0.257142857142857
V2_c1,nobgs,5,emmax,3,0.2,14,8,6,0.321428571428571,10,6,0.257142857142857
V2_c1,nobgs,5,emmax,3,0.3,14,8,6,0.321428571428571,9,6,0.285714285714286
V2_c1,nobgs,5,emmax,3,0.4,14,8,6,0.321428571428571,9,6,0.285714285714286
V2_c1,nobgs,5,emmax,3,0.5,14,8,6,0.321428571428571,8,6,0.321428571428571
V2_c1,nobgs,5,emmax,3,0.7,14,8,6,0.321428571428571,6,6,0.428571428571429
V2_c1,nobgs,5,emmax,5,0.01,14,6,5,0.297619047619048,15,6,0.171428571428571
V2_c1,nobgs,5,emmax,5,0.02,14,6,5,0.297619047619048,13,6,0.197802197802198
V2_c1,nobgs,5,emmax,5,0.05,14,6,5,0.297619047619048,11,6,0.233766233766234
V2_c1,nobgs,5,emmax,5,0.1,14,6,5,0.297619047619048,8,5,0.223214285714286
V2_c1,nobgs,5,emmax,5,0.15,14,6,5,0.297619047619048,7,5,0.255102040816327
V2_c1,nobgs,5,emmax,5,0.2,14,6,5,0.297619047619048,6,5,0.297619047619048
V2_c1,nobgs,5,emmax,5,0.3,14,6,5,0.297619047619048,6,5,0.297619047619048
V2_c1,nobgs,5,emmax,5,0.4,14,6,5,0.297619047619048,6,5,0.297619047619048
V2_c1,nobgs,5,emmax,5,0.5,14,6,5,0.297619047619048,6,5,0.297619047619048
V2_c1,nobgs,5,emmax,5,0.7,14,6,5,0.297619047619048,5,5,0.357142857142857
V2_c1,nobgs,5,emmax,10,0.01,14,4,4,0.285714285714286,7,5,0.255102040816327
V2_c1,nobgs,5,emmax,10,0.02,14,4,4,0.285714285714286,7,5,0.255102040816327
V2_c1,nobgs,5,emmax,10,0.05,14,4,4,0.285714285714286,6,5,0.297619047619048
V2_c1,nobgs,5,emmax,10,0.1,14,4,4,0.285714285714286,6,5,0.297619047619048
V2_c1,nobgs,5,emmax,10,0.15,14,4,4,0.285714285714286,6,5,0.297619047619048
V2_c1,nobgs,5,emmax,10,0.2,14,4,4,0.285714285714286,5,5,0.357142857142857
V2_c1,nobgs,5,emmax,10,0.3,14,4,4,0.285714285714286,5,5,0.357142857142857
V2_c1,nobgs,5,emmax,10,0.4,14,4,4,0.285714285714286,4,4,0.285714285714286
V2_c1,nobgs,5,emmax,10,0.5,14,4,4,0.285714285714286,4,4,0.285714285714286
V2_c1,nobgs,5,emmax,10,0.7,14,4,4,0.285714285714286,4,4,0.285714285714286
V2_c1,nobgs,5,lfmm,2,0.01,14,5,4,0.228571428571429,24,7,0.145833333333333
V2_c1,nobgs,5,lfmm,2,0.02,14,5,4,0.228571428571429,20,7,0.175
V2_c1,nobgs,5,lfmm,2,0.05,14,5,4,0.228571428571429,15,7,0.233333333333333
V2_c1,nobgs,5,lfmm,2,0.1,14,5,4,0.228571428571429,12,7,0.291666666666667
V2_c1,nobgs,5,lfmm,2,0.15,14,5,4,0.228571428571429,11,7,0.318181818181818
V2_c1,nobgs,5,lfmm,2,0.2,14,5,4,0.228571428571429,12,7,0.291666666666667
V2_c1,nobgs,5,lfmm,2,0.3,14,5,4,0.228571428571429,8,6,0.321428571428571
V2_c1,nobgs,5,lfmm,2,0.4,14,5,4,0.228571428571429,8,6,0.321428571428571
V2_c1,nobgs,5,lfmm,2,0.5,14,5,4,0.228571428571429,8,6,0.321428571428571
V2_c1,nobgs,5,lfmm,2,0.7,14,5,4,0.228571428571429,7,6,0.36734693877551
V2_c1,nobgs,5,lfmm,3,0.01,14,4,4,0.285714285714286,18,7,0.194444444444444
V2_c1,nobgs,5,lfmm,3,0.02,14,4,4,0.285714285714286,16,7,0.21875
V2_c1,nobgs,5,lfmm,3,0.05,14,4,4,0.285714285714286,14,7,0.25
V2_c1,nobgs,5,lfmm,3,0.1,14,4,4,0.285714285714286,12,7,0.291666666666667
V2_c1,nobgs,5,lfmm,3,0.15,14,4,4,0.285714285714286,11,7,0.318181818181818
V2_c1,nobgs,5,lfmm,3,0.2,14,4,4,0.285714285714286,9,6,0.285714285714286
V2_c1,nobgs,5,lfmm,3,0.3,14,4,4,0.285714285714286,6,5,0.297619047619048
V2_c1,nobgs,5,lfmm,3,0.4,14,4,4,0.285714285714286,6,5,0.297619047619048
V2_c1,nobgs,5,lfmm,3,0.5,14,4,4,0.285714285714286,6,5,0.297619047619048
V2_c1,nobgs,5,lfmm,3,0.7,14,4,4,0.285714285714286,5,5,0.357142857142857
V2_c1,nobgs,5,lfmm,5,0.01,14,3,3,0.214285714285714,14,7,0.25
V2_c1,nobgs,5,lfmm,5,0.02,14,3,3,0.214285714285714,13,7,0.269230769230769
V2_c1,nobgs,5,lfmm,5,0.05,14,3,3,0.214285714285714,10,7,0.35
V2_c1,nobgs,5,lfmm,5,0.1,14,3,3,0.214285714285714,10,7,0.35
V2_c1,nobgs,5,lfmm,5,0.15,14,3,3,0.214285714285714,9,7,0.388888888888889
V2_c1,nobgs,5,lfmm,5,0.2,14,3,3,0.214285714285714,6,5,0.297619047619048
V2_c1,nobgs,5,lfmm,5,0.3,14,3,3,0.214285714285714,5,4,0.228571428571429
V2_c1,nobgs,5,lfmm,5,0.4,14,3,3,0.214285714285714,5,4,0.228571428571429
V2_c1,nobgs,5,lfmm,5,0.5,14,3,3,0.214285714285714,5,4,0.228571428571429
V2_c1,nobgs,5,lfmm,5,0.7,14,3,3,0.214285714285714,4,4,0.285714285714286
V2_c1,nobgs,5,lfmm,10,0.01,14,3,3,0.214285714285714,8,6,0.321428571428571
V2_c1,nobgs,5,lfmm,10,0.02,14,3,3,0.214285714285714,8,6,0.321428571428571
V2_c1,nobgs,5,lfmm,10,0.05,14,3,3,0.214285714285714,6,6,0.428571428571429
V2_c1,nobgs,5,lfmm,10,0.1,14,3,3,0.214285714285714,5,5,0.357142857142857
V2_c1,nobgs,5,lfmm,10,0.15,14,3,3,0.214285714285714,5,5,0.357142857142857
V2_c1,nobgs,5,lfmm,10,0.2,14,3,3,0.214285714285714,3,3,0.214285714285714
V2_c1,nobgs,5,lfmm,10,0.3,14,3,3,0.214285714285714,3,3,0.214285714285714
V2_c1,nobgs,5,lfmm,10,0.4,14,3,3,0.214285714285714,3,3,0.214285714285714
V2_c1,nobgs,5,lfmm,10,0.5,14,3,3,0.214285714285714,3,3,0.214285714285714
V2_c1,nobgs,5,lfmm,10,0.7,14,3,3,0.214285714285714,3,3,0.214285714285714
V2_c1,nobgs,6,emmax,2,0.01,11,25,4,0.0581818181818182,57,6,0.0574162679425837
V2_c1,nobgs,6,emmax,2,0.02,11,25,4,0.0581818181818182,54,6,0.0606060606060606
V2_c1,nobgs,6,emmax,2,0.05,11,25,4,0.0581818181818182,47,6,0.06963249516441
V2_c1,nobgs,6,emmax,2,0.1,11,25,4,0.0581818181818182,46,6,0.0711462450592885
V2_c1,nobgs,6,emmax,2,0.15,11,25,4,0.0581818181818182,44,6,0.0743801652892562
V2_c1,nobgs,6,emmax,2,0.2,11,25,4,0.0581818181818182,40,6,0.0818181818181818
V2_c1,nobgs,6,emmax,2,0.3,11,25,4,0.0581818181818182,35,6,0.0935064935064935
V2_c1,nobgs,6,emmax,2,0.4,11,25,4,0.0581818181818182,28,6,0.116883116883117
V2_c1,nobgs,6,emmax,2,0.5,11,25,4,0.0581818181818182,24,6,0.136363636363636
V2_c1,nobgs,6,emmax,2,0.7,11,25,4,0.0581818181818182,15,5,0.151515151515152
V2_c1,nobgs,6,emmax,3,0.01,11,14,4,0.103896103896104,38,6,0.0861244019138756
V2_c1,nobgs,6,emmax,3,0.02,11,14,4,0.103896103896104,32,6,0.102272727272727
V2_c1,nobgs,6,emmax,3,0.05,11,14,4,0.103896103896104,30,6,0.109090909090909
V2_c1,nobgs,6,emmax,3,0.1,11,14,4,0.103896103896104,31,6,0.105571847507331
V2_c1,nobgs,6,emmax,3,0.15,11,14,4,0.103896103896104,25,6,0.130909090909091
V2_c1,nobgs,6,emmax,3,0.2,11,14,4,0.103896103896104,24,6,0.136363636363636
V2_c1,nobgs,6,emmax,3,0.3,11,14,4,0.103896103896104,22,6,0.148760330578512
V2_c1,nobgs,6,emmax,3,0.4,11,14,4,0.103896103896104,17,6,0.192513368983957
V2_c1,nobgs,6,emmax,3,0.5,11,14,4,0.103896103896104,16,6,0.204545454545455
V2_c1,nobgs,6,emmax,3,0.7,11,14,4,0.103896103896104,10,5,0.227272727272727
V2_c1,nobgs,6,emmax,5,0.01,11,11,4,0.132231404958678,22,6,0.148760330578512
V2_c1,nobgs,6,emmax,5,0.02,11,11,4,0.132231404958678,21,6,0.155844155844156
V2_c1,nobgs,6,emmax,5,0.05,11,11,4,0.132231404958678,20,6,0.163636363636364
V2_c1,nobgs,6,emmax,5,0.1,11,11,4,0.132231404958678,20,5,0.113636363636364
V2_c1,nobgs,6,emmax,5,0.15,11,11,4,0.132231404958678,19,5,0.119617224880383
V2_c1,nobgs,6,emmax,5,0.2,11,11,4,0.132231404958678,19,5,0.119617224880383
V2_c1,nobgs,6,emmax,5,0.3,11,11,4,0.132231404958678,18,5,0.126262626262626
V2_c1,nobgs,6,emmax,5,0.4,11,11,4,0.132231404958678,13,5,0.174825174825175
V2_c1,nobgs,6,emmax,5,0.5,11,11,4,0.132231404958678,11,5,0.206611570247934
V2_c1,nobgs,6,emmax,5,0.7,11,11,4,0.132231404958678,6,4,0.242424242424242
V2_c1,nobgs,6,emmax,10,0.01,11,9,4,0.161616161616162,15,6,0.218181818181818
V2_c1,nobgs,6,emmax,10,0.02,11,9,4,0.161616161616162,14,6,0.233766233766234
V2_c1,nobgs,6,emmax,10,0.05,11,9,4,0.161616161616162,14,6,0.233766233766234
V2_c1,nobgs,6,emmax,10,0.1,11,9,4,0.161616161616162,13,5,0.174825174825175
V2_c1,nobgs,6,emmax,10,0.15,11,9,4,0.161616161616162,12,5,0.189393939393939
V2_c1,nobgs,6,emmax,10,0.2,11,9,4,0.161616161616162,12,5,0.189393939393939
V2_c1,nobgs,6,emmax,10,0.3,11,9,4,0.161616161616162,10,4,0.145454545454545
V2_c1,nobgs,6,emmax,10,0.4,11,9,4,0.161616161616162,7,4,0.207792207792208
V2_c1,nobgs,6,emmax,10,0.5,11,9,4,0.161616161616162,6,3,0.136363636363636
V2_c1,nobgs,6,emmax,10,0.7,11,9,4,0.161616161616162,3,3,0.272727272727273
V2_c1,nobgs,6,lfmm,2,0.01,11,47,6,0.06963249516441,74,6,0.0442260442260442
V2_c1,nobgs,6,lfmm,2,0.02,11,47,6,0.06963249516441,66,6,0.0495867768595041
V2_c1,nobgs,6,lfmm,2,0.05,11,47,6,0.06963249516441,64,6,0.0511363636363636
V2_c1,nobgs,6,lfmm,2,0.1,11,47,6,0.06963249516441,60,6,0.0545454545454545
V2_c1,nobgs,6,lfmm,2,0.15,11,47,6,0.06963249516441,56,6,0.0584415584415584
V2_c1,nobgs,6,lfmm,2,0.2,11,47,6,0.06963249516441,52,6,0.0629370629370629
V2_c1,nobgs,6,lfmm,2,0.3,11,47,6,0.06963249516441,45,6,0.0727272727272727
V2_c1,nobgs,6,lfmm,2,0.4,11,47,6,0.06963249516441,42,6,0.0779220779220779
V2_c1,nobgs,6,lfmm,2,0.5,11,47,6,0.06963249516441,35,6,0.0935064935064935
V2_c1,nobgs,6,lfmm,2,0.7,11,47,6,0.06963249516441,18,6,0.181818181818182
V2_c1,nobgs,6,lfmm,3,0.01,11,34,6,0.0962566844919786,53,6,0.0617495711835334
V2_c1,nobgs,6,lfmm,3,0.02,11,34,6,0.0962566844919786,49,6,0.0667903525046382
V2_c1,nobgs,6,lfmm,3,0.05,11,34,6,0.0962566844919786,45,6,0.0727272727272727
V2_c1,nobgs,6,lfmm,3,0.1,11,34,6,0.0962566844919786,44,6,0.0743801652892562
V2_c1,nobgs,6,lfmm,3,0.15,11,34,6,0.0962566844919786,42,6,0.0779220779220779
V2_c1,nobgs,6,lfmm,3,0.2,11,34,6,0.0962566844919786,38,6,0.0861244019138756
V2_c1,nobgs,6,lfmm,3,0.3,11,34,6,0.0962566844919786,33,6,0.0991735537190083
V2_c1,nobgs,6,lfmm,3,0.4,11,34,6,0.0962566844919786,30,6,0.109090909090909
V2_c1,nobgs,6,lfmm,3,0.5,11,34,6,0.0962566844919786,24,6,0.136363636363636
V2_c1,nobgs,6,lfmm,3,0.7,11,34,6,0.0962566844919786,12,5,0.189393939393939
V2_c1,nobgs,6,lfmm,5,0.01,11,22,4,0.0661157024793388,36,6,0.0909090909090909
V2_c1,nobgs,6,lfmm,5,0.02,11,22,4,0.0661157024793388,34,6,0.0962566844919786
V2_c1,nobgs,6,lfmm,5,0.05,11,22,4,0.0661157024793388,30,5,0.0757575757575757
V2_c1,nobgs,6,lfmm,5,0.1,11,22,4,0.0661157024793388,29,5,0.0783699059561129
V2_c1,nobgs,6,lfmm,5,0.15,11,22,4,0.0661157024793388,29,5,0.0783699059561129
V2_c1,nobgs,6,lfmm,5,0.2,11,22,4,0.0661157024793388,26,4,0.055944055944056
V2_c1,nobgs,6,lfmm,5,0.3,11,22,4,0.0661157024793388,23,4,0.0632411067193676
V2_c1,nobgs,6,lfmm,5,0.4,11,22,4,0.0661157024793388,16,4,0.0909090909090909
V2_c1,nobgs,6,lfmm,5,0.5,11,22,4,0.0661157024793388,14,4,0.103896103896104
V2_c1,nobgs,6,lfmm,5,0.7,11,22,4,0.0661157024793388,6,3,0.136363636363636
V2_c1,nobgs,6,lfmm,10,0.01,11,11,4,0.132231404958678,24,5,0.0946969696969697
V2_c1,nobgs,6,lfmm,10,0.02,11,11,4,0.132231404958678,22,5,0.103305785123967
V2_c1,nobgs,6,lfmm,10,0.05,11,11,4,0.132231404958678,17,5,0.133689839572193
V2_c1,nobgs,6,lfmm,10,0.1,11,11,4,0.132231404958678,15,5,0.151515151515152
V2_c1,nobgs,6,lfmm,10,0.15,11,11,4,0.132231404958678,15,5,0.151515151515152
V2_c1,nobgs,6,lfmm,10,0.2,11,11,4,0.132231404958678,13,4,0.111888111888112
V2_c1,nobgs,6,lfmm,10,0.3,11,11,4,0.132231404958678,11,4,0.132231404958678
V2_c1,nobgs,6,lfmm,10,0.4,11,11,4,0.132231404958678,9,4,0.161616161616162
V2_c1,nobgs,6,lfmm,10,0.5,11,11,4,0.132231404958678,8,4,0.181818181818182
V2_c1,nobgs,6,lfmm,10,0.7,11,11,4,0.132231404958678,5,3,0.163636363636364
V2_c1,nobgs,7,emmax,2,0.01,15,1,1,0.0666666666666667,37,9,0.145945945945946
V2_c1,nobgs,7,emmax,2,0.02,15,1,1,0.0666666666666667,30,9,0.18
V2_c1,nobgs,7,emmax,2,0.05,15,1,1,0.0666666666666667,22,8,0.193939393939394
V2_c1,nobgs,7,emmax,2,0.1,15,1,1,0.0666666666666667,18,7,0.181481481481482
V2_c1,nobgs,7,emmax,2,0.15,15,1,1,0.0666666666666667,16,7,0.204166666666667
V2_c1,nobgs,7,emmax,2,0.2,15,1,1,0.0666666666666667,13,6,0.184615384615385
V2_c1,nobgs,7,emmax,2,0.3,15,1,1,0.0666666666666667,10,6,0.24
V2_c1,nobgs,7,emmax,2,0.4,15,1,1,0.0666666666666667,8,5,0.208333333333333
V2_c1,nobgs,7,emmax,2,0.5,15,1,1,0.0666666666666667,7,4,0.152380952380952
V2_c1,nobgs,7,emmax,2,0.7,15,1,1,0.0666666666666667,1,1,0.0666666666666667
V2_c1,nobgs,7,emmax,3,0.01,15,1,1,0.0666666666666667,27,7,0.120987654320988
V2_c1,nobgs,7,emmax,3,0.02,15,1,1,0.0666666666666667,24,7,0.136111111111111
V2_c1,nobgs,7,emmax,3,0.05,15,1,1,0.0666666666666667,21,7,0.155555555555556
V2_c1,nobgs,7,emmax,3,0.1,15,1,1,0.0666666666666667,16,7,0.204166666666667
V2_c1,nobgs,7,emmax,3,0.15,15,1,1,0.0666666666666667,13,6,0.184615384615385
V2_c1,nobgs,7,emmax,3,0.2,15,1,1,0.0666666666666667,12,6,0.2
V2_c1,nobgs,7,emmax,3,0.3,15,1,1,0.0666666666666667,10,6,0.24
V2_c1,nobgs,7,emmax,3,0.4,15,1,1,0.0666666666666667,8,5,0.208333333333333
V2_c1,nobgs,7,emmax,3,0.5,15,1,1,0.0666666666666667,5,4,0.213333333333333
V2_c1,nobgs,7,emmax,3,0.7,15,1,1,0.0666666666666667,1,1,0.0666666666666667
V2_c1,nobgs,7,emmax,5,0.01,15,0,0,0,18,7,0.181481481481482
V2_c1,nobgs,7,emmax,5,0.02,15,0,0,0,17,7,0.192156862745098
V2_c1,nobgs,7,emmax,5,0.05,15,0,0,0,16,7,0.204166666666667
V2_c1,nobgs,7,emmax,5,0.1,15,0,0,0,12,7,0.272222222222222
V2_c1,nobgs,7,emmax,5,0.15,15,0,0,0,11,6,0.218181818181818
V2_c1,nobgs,7,emmax,5,0.2,15,0,0,0,10,6,0.24
V2_c1,nobgs,7,emmax,5,0.3,15,0,0,0,7,5,0.238095238095238
V2_c1,nobgs,7,emmax,5,0.4,15,0,0,0,6,4,0.177777777777778
V2_c1,nobgs,7,emmax,5,0.5,15,0,0,0,3,3,0.2
V2_c1,nobgs,7,emmax,5,0.7,15,0,0,0,0,0,0
V2_c1,nobgs,7,emmax,10,0.01,15,0,0,0,14,6,0.171428571428571
V2_c1,nobgs,7,emmax,10,0.02,15,0,0,0,14,6,0.171428571428571
V2_c1,nobgs,7,emmax,10,0.05,15,0,0,0,10,5,0.166666666666667
V2_c1,nobgs,7,emmax,10,0.1,15,0,0,0,8,4,0.133333333333333
V2_c1,nobgs,7,emmax,10,0.15,15,0,0,0,7,4,0.152380952380952
V2_c1,nobgs,7,emmax,10,0.2,15,0,0,0,7,4,0.152380952380952
V2_c1,nobgs,7,emmax,10,0.3,15,0,0,0,5,4,0.213333333333333
V2_c1,nobgs,7,emmax,10,0.4,15,0,0,0,3,3,0.2
V2_c1,nobgs,7,emmax,10,0.5,15,0,0,0,3,3,0.2
V2_c1,nobgs,7,emmax,10,0.7,15,0,0,0,0,0,0
V2_c1,nobgs,7,lfmm,2,0.01,15,3,2,0.0888888888888889,14,7,0.233333333333333
V2_c1,nobgs,7,lfmm,2,0.02,15,3,2,0.0888888888888889,14,7,0.233333333333333
V2_c1,nobgs,7,lfmm,2,0.05,15,3,2,0.0888888888888889,9,7,0.362962962962963
V2_c1,nobgs,7,lfmm,2,0.1,15,3,2,0.0888888888888889,7,5,0.238095238095238
V2_c1,nobgs,7,lfmm,2,0.15,15,3,2,0.0888888888888889,6,5,0.277777777777778
V2_c1,nobgs,7,lfmm,2,0.2,15,3,2,0.0888888888888889,6,5,0.277777777777778
V2_c1,nobgs,7,lfmm,2,0.3,15,3,2,0.0888888888888889,4,3,0.15
V2_c1,nobgs,7,lfmm,2,0.4,15,3,2,0.0888888888888889,4,3,0.15
V2_c1,nobgs,7,lfmm,2,0.5,15,3,2,0.0888888888888889,4,3,0.15
V2_c1,nobgs,7,lfmm,2,0.7,15,3,2,0.0888888888888889,3,3,0.2
V2_c1,nobgs,7,lfmm,3,0.01,15,2,2,0.133333333333333,12,6,0.2
V2_c1,nobgs,7,lfmm,3,0.02,15,2,2,0.133333333333333,12,6,0.2
V2_c1,nobgs,7,lfmm,3,0.05,15,2,2,0.133333333333333,7,5,0.238095238095238
V2_c1,nobgs,7,lfmm,3,0.1,15,2,2,0.133333333333333,7,5,0.238095238095238
V2_c1,nobgs,7,lfmm,3,0.15,15,2,2,0.133333333333333,5,5,0.333333333333333
V2_c1,nobgs,7,lfmm,3,0.2,15,2,2,0.133333333333333,4,4,0.266666666666667
V2_c1,nobgs,7,lfmm,3,0.3,15,2,2,0.133333333333333,2,2,0.133333333333333
V2_c1,nobgs,7,lfmm,3,0.4,15,2,2,0.133333333333333,2,2,0.133333333333333
V2_c1,nobgs,7,lfmm,3,0.5,15,2,2,0.133333333333333,2,2,0.133333333333333
V2_c1,nobgs,7,lfmm,3,0.7,15,2,2,0.133333333333333,2,2,0.133333333333333
V2_c1,nobgs,7,lfmm,5,0.01,15,2,2,0.133333333333333,9,5,0.185185185185185
V2_c1,nobgs,7,lfmm,5,0.02,15,2,2,0.133333333333333,7,5,0.238095238095238
V2_c1,nobgs,7,lfmm,5,0.05,15,2,2,0.133333333333333,5,4,0.213333333333333
V2_c1,nobgs,7,lfmm,5,0.1,15,2,2,0.133333333333333,4,4,0.266666666666667
V2_c1,nobgs,7,lfmm,5,0.15,15,2,2,0.133333333333333,3,3,0.2
V2_c1,nobgs,7,lfmm,5,0.2,15,2,2,0.133333333333333,3,3,0.2
V2_c1,nobgs,7,lfmm,5,0.3,15,2,2,0.133333333333333,2,2,0.133333333333333
V2_c1,nobgs,7,lfmm,5,0.4,15,2,2,0.133333333333333,2,2,0.133333333333333
V2_c1,nobgs,7,lfmm,5,0.5,15,2,2,0.133333333333333,2,2,0.133333333333333
V2_c1,nobgs,7,lfmm,5,0.7,15,2,2,0.133333333333333,2,2,0.133333333333333
V2_c1,nobgs,7,lfmm,10,0.01,15,0,0,0,7,5,0.238095238095238
V2_c1,nobgs,7,lfmm,10,0.02,15,0,0,0,6,5,0.277777777777778
V2_c1,nobgs,7,lfmm,10,0.05,15,0,0,0,4,4,0.266666666666667
V2_c1,nobgs,7,lfmm,10,0.1,15,0,0,0,3,3,0.2
V2_c1,nobgs,7,lfmm,10,0.15,15,0,0,0,3,3,0.2
V2_c1,nobgs,7,lfmm,10,0.2,15,0,0,0,3,3,0.2
V2_c1,nobgs,7,lfmm,10,0.3,15,0,0,0,2,2,0.133333333333333
V2_c1,nobgs,7,lfmm,10,0.4,15,0,0,0,0,0,0
V2_c1,nobgs,7,lfmm,10,0.5,15,0,0,0,0,0,0
V2_c1,nobgs,7,lfmm,10,0.7,15,0,0,0,0,0,0
V2_c1,nobgs,8,emmax,2,0.01,16,21,5,0.0744047619047619,42,6,0.0535714285714286
V2_c1,nobgs,8,emmax,2,0.02,16,21,5,0.0744047619047619,35,6,0.0642857142857143
V2_c1,nobgs,8,emmax,2,0.05,16,21,5,0.0744047619047619,28,6,0.0803571428571429
V2_c1,nobgs,8,emmax,2,0.1,16,21,5,0.0744047619047619,26,6,0.0865384615384615
V2_c1,nobgs,8,emmax,2,0.15,16,21,5,0.0744047619047619,26,6,0.0865384615384615
V2_c1,nobgs,8,emmax,2,0.2,16,21,5,0.0744047619047619,23,6,0.0978260869565217
V2_c1,nobgs,8,emmax,2,0.3,16,21,5,0.0744047619047619,22,6,0.102272727272727
V2_c1,nobgs,8,emmax,2,0.4,16,21,5,0.0744047619047619,17,6,0.132352941176471
V2_c1,nobgs,8,emmax,2,0.5,16,21,5,0.0744047619047619,15,6,0.15
V2_c1,nobgs,8,emmax,2,0.7,16,21,5,0.0744047619047619,10,6,0.225
V2_c1,nobgs,8,emmax,3,0.01,16,13,5,0.120192307692308,22,6,0.102272727272727
V2_c1,nobgs,8,emmax,3,0.02,16,13,5,0.120192307692308,20,6,0.1125
V2_c1,nobgs,8,emmax,3,0.05,16,13,5,0.120192307692308,19,6,0.118421052631579
V2_c1,nobgs,8,emmax,3,0.1,16,13,5,0.120192307692308,19,6,0.118421052631579
V2_c1,nobgs,8,emmax,3,0.15,16,13,5,0.120192307692308,17,6,0.132352941176471
V2_c1,nobgs,8,emmax,3,0.2,16,13,5,0.120192307692308,17,6,0.132352941176471
V2_c1,nobgs,8,emmax,3,0.3,16,13,5,0.120192307692308,18,6,0.125
V2_c1,nobgs,8,emmax,3,0.4,16,13,5,0.120192307692308,15,6,0.15
V2_c1,nobgs,8,emmax,3,0.5,16,13,5,0.120192307692308,11,6,0.204545454545455
V2_c1,nobgs,8,emmax,3,0.7,16,13,5,0.120192307692308,8,6,0.28125
V2_c1,nobgs,8,emmax,5,0.01,16,11,5,0.142045454545455,15,6,0.15
V2_c1,nobgs,8,emmax,5,0.02,16,11,5,0.142045454545455,14,6,0.160714285714286
V2_c1,nobgs,8,emmax,5,0.05,16,11,5,0.142045454545455,14,6,0.160714285714286
V2_c1,nobgs,8,emmax,5,0.1,16,11,5,0.142045454545455,12,6,0.1875
V2_c1,nobgs,8,emmax,5,0.15,16,11,5,0.142045454545455,12,6,0.1875
V2_c1,nobgs,8,emmax,5,0.2,16,11,5,0.142045454545455,12,6,0.1875
V2_c1,nobgs,8,emmax,5,0.3,16,11,5,0.142045454545455,12,6,0.1875
V2_c1,nobgs,8,emmax,5,0.4,16,11,5,0.142045454545455,11,6,0.204545454545455
V2_c1,nobgs,8,emmax,5,0.5,16,11,5,0.142045454545455,9,6,0.25
V2_c1,nobgs,8,emmax,5,0.7,16,11,5,0.142045454545455,7,6,0.321428571428571
V2_c1,nobgs,8,emmax,10,0.01,16,4,3,0.140625,11,6,0.204545454545455
V2_c1,nobgs,8,emmax,10,0.02,16,4,3,0.140625,9,6,0.25
V2_c1,nobgs,8,emmax,10,0.05,16,4,3,0.140625,9,6,0.25
V2_c1,nobgs,8,emmax,10,0.1,16,4,3,0.140625,8,6,0.28125
V2_c1,nobgs,8,emmax,10,0.15,16,4,3,0.140625,7,5,0.223214285714286
V2_c1,nobgs,8,emmax,10,0.2,16,4,3,0.140625,7,5,0.223214285714286
V2_c1,nobgs,8,emmax,10,0.3,16,4,3,0.140625,5,4,0.2
V2_c1,nobgs,8,emmax,10,0.4,16,4,3,0.140625,5,4,0.2
V2_c1,nobgs,8,emmax,10,0.5,16,4,3,0.140625,5,4,0.2
V2_c1,nobgs,8,emmax,10,0.7,16,4,3,0.140625,4,4,0.25
V2_c1,nobgs,8,lfmm,2,0.01,16,29,8,0.137931034482759,64,8,0.0625
V2_c1,nobgs,8,lfmm,2,0.02,16,29,8,0.137931034482759,61,8,0.0655737704918033
V2_c1,nobgs,8,lfmm,2,0.05,16,29,8,0.137931034482759,50,8,0.08
V2_c1,nobgs,8,lfmm,2,0.1,16,29,8,0.137931034482759,44,8,0.0909090909090909
V2_c1,nobgs,8,lfmm,2,0.15,16,29,8,0.137931034482759,42,8,0.0952380952380952
V2_c1,nobgs,8,lfmm,2,0.2,16,29,8,0.137931034482759,40,8,0.1
V2_c1,nobgs,8,lfmm,2,0.3,16,29,8,0.137931034482759,34,8,0.117647058823529
V2_c1,nobgs,8,lfmm,2,0.4,16,29,8,0.137931034482759,28,8,0.142857142857143
V2_c1,nobgs,8,lfmm,2,0.5,16,29,8,0.137931034482759,21,8,0.19047619047619
V2_c1,nobgs,8,lfmm,2,0.7,16,29,8,0.137931034482759,11,8,0.363636363636364
V2_c1,nobgs,8,lfmm,3,0.01,16,17,8,0.235294117647059,37,8,0.108108108108108
V2_c1,nobgs,8,lfmm,3,0.02,16,17,8,0.235294117647059,35,8,0.114285714285714
V2_c1,nobgs,8,lfmm,3,0.05,16,17,8,0.235294117647059,29,8,0.137931034482759
V2_c1,nobgs,8,lfmm,3,0.1,16,17,8,0.235294117647059,26,8,0.153846153846154
V2_c1,nobgs,8,lfmm,3,0.15,16,17,8,0.235294117647059,23,8,0.173913043478261
V2_c1,nobgs,8,lfmm,3,0.2,16,17,8,0.235294117647059,23,8,0.173913043478261
V2_c1,nobgs,8,lfmm,3,0.3,16,17,8,0.235294117647059,23,8,0.173913043478261
V2_c1,nobgs,8,lfmm,3,0.4,16,17,8,0.235294117647059,16,8,0.25
V2_c1,nobgs,8,lfmm,3,0.5,16,17,8,0.235294117647059,11,8,0.363636363636364
V2_c1,nobgs,8,lfmm,3,0.7,16,17,8,0.235294117647059,10,8,0.4
V2_c1,nobgs,8,lfmm,5,0.01,16,12,7,0.255208333333333,25,8,0.16
V2_c1,nobgs,8,lfmm,5,0.02,16,12,7,0.255208333333333,22,8,0.181818181818182
V2_c1,nobgs,8,lfmm,5,0.05,16,12,7,0.255208333333333,20,8,0.2
V2_c1,nobgs,8,lfmm,5,0.1,16,12,7,0.255208333333333,20,8,0.2
V2_c1,nobgs,8,lfmm,5,0.15,16,12,7,0.255208333333333,18,8,0.222222222222222
V2_c1,nobgs,8,lfmm,5,0.2,16,12,7,0.255208333333333,18,8,0.222222222222222
V2_c1,nobgs,8,lfmm,5,0.3,16,12,7,0.255208333333333,14,8,0.285714285714286
V2_c1,nobgs,8,lfmm,5,0.4,16,12,7,0.255208333333333,10,7,0.30625
V2_c1,nobgs,8,lfmm,5,0.5,16,12,7,0.255208333333333,10,7,0.30625
V2_c1,nobgs,8,lfmm,5,0.7,16,12,7,0.255208333333333,8,6,0.28125
V2_c1,nobgs,8,lfmm,10,0.01,16,8,6,0.28125,12,8,0.333333333333333
V2_c1,nobgs,8,lfmm,10,0.02,16,8,6,0.28125,12,8,0.333333333333333
V2_c1,nobgs,8,lfmm,10,0.05,16,8,6,0.28125,12,8,0.333333333333333
V2_c1,nobgs,8,lfmm,10,0.1,16,8,6,0.28125,12,8,0.333333333333333
V2_c1,nobgs,8,lfmm,10,0.15,16,8,6,0.28125,11,8,0.363636363636364
V2_c1,nobgs,8,lfmm,10,0.2,16,8,6,0.28125,11,8,0.363636363636364
V2_c1,nobgs,8,lfmm,10,0.3,16,8,6,0.28125,9,6,0.25
V2_c1,nobgs,8,lfmm,10,0.4,16,8,6,0.28125,8,6,0.28125
V2_c1,nobgs,8,lfmm,10,0.5,16,8,6,0.28125,8,6,0.28125
V2_c1,nobgs,8,lfmm,10,0.7,16,8,6,0.28125,8,6,0.28125
V2_c1,nobgs,9,emmax,2,0.01,17,0,0,0,0,0,0
V2_c1,nobgs,9,emmax,2,0.02,17,0,0,0,0,0,0
V2_c1,nobgs,9,emmax,2,0.05,17,0,0,0,0,0,0
V2_c1,nobgs,9,emmax,2,0.1,17,0,0,0,0,0,0
V2_c1,nobgs,9,emmax,2,0.15,17,0,0,0,0,0,0
V2_c1,nobgs,9,emmax,2,0.2,17,0,0,0,0,0,0
V2_c1,nobgs,9,emmax,2,0.3,17,0,0,0,0,0,0
V2_c1,nobgs,9,emmax,2,0.4,17,0,0,0,0,0,0
V2_c1,nobgs,9,emmax,2,0.5,17,0,0,0,0,0,0
V2_c1,nobgs,9,emmax,2,0.7,17,0,0,0,0,0,0
V2_c1,nobgs,9,emmax,3,0.01,17,0,0,0,0,0,0
V2_c1,nobgs,9,emmax,3,0.02,17,0,0,0,0,0,0
V2_c1,nobgs,9,emmax,3,0.05,17,0,0,0,0,0,0
V2_c1,nobgs,9,emmax,3,0.1,17,0,0,0,0,0,0
V2_c1,nobgs,9,emmax,3,0.15,17,0,0,0,0,0,0
V2_c1,nobgs,9,emmax,3,0.2,17,0,0,0,0,0,0
V2_c1,nobgs,9,emmax,3,0.3,17,0,0,0,0,0,0
V2_c1,nobgs,9,emmax,3,0.4,17,0,0,0,0,0,0
V2_c1,nobgs,9,emmax,3,0.5,17,0,0,0,0,0,0
V2_c1,nobgs,9,emmax,3,0.7,17,0,0,0,0,0,0
V2_c1,nobgs,9,emmax,5,0.01,17,0,0,0,0,0,0
V2_c1,nobgs,9,emmax,5,0.02,17,0,0,0,0,0,0
V2_c1,nobgs,9,emmax,5,0.05,17,0,0,0,0,0,0
V2_c1,nobgs,9,emmax,5,0.1,17,0,0,0,0,0,0
V2_c1,nobgs,9,emmax,5,0.15,17,0,0,0,0,0,0
V2_c1,nobgs,9,emmax,5,0.2,17,0,0,0,0,0,0
V2_c1,nobgs,9,emmax,5,0.3,17,0,0,0,0,0,0
V2_c1,nobgs,9,emmax,5,0.4,17,0,0,0,0,0,0
V2_c1,nobgs,9,emmax,5,0.5,17,0,0,0,0,0,0
V2_c1,nobgs,9,emmax,5,0.7,17,0,0,0,0,0,0
V2_c1,nobgs,9,emmax,10,0.01,17,0,0,0,0,0,0
V2_c1,nobgs,9,emmax,10,0.02,17,0,0,0,0,0,0
V2_c1,nobgs,9,emmax,10,0.05,17,0,0,0,0,0,0
V2_c1,nobgs,9,emmax,10,0.1,17,0,0,0,0,0,0
V2_c1,nobgs,9,emmax,10,0.15,17,0,0,0,0,0,0
V2_c1,nobgs,9,emmax,10,0.2,17,0,0,0,0,0,0
V2_c1,nobgs,9,emmax,10,0.3,17,0,0,0,0,0,0
V2_c1,nobgs,9,emmax,10,0.4,17,0,0,0,0,0,0
V2_c1,nobgs,9,emmax,10,0.5,17,0,0,0,0,0,0
V2_c1,nobgs,9,emmax,10,0.7,17,0,0,0,0,0,0
V2_c1,nobgs,9,lfmm,2,0.01,17,0,0,0,0,0,0
V2_c1,nobgs,9,lfmm,2,0.02,17,0,0,0,0,0,0
V2_c1,nobgs,9,lfmm,2,0.05,17,0,0,0,0,0,0
V2_c1,nobgs,9,lfmm,2,0.1,17,0,0,0,0,0,0
V2_c1,nobgs,9,lfmm,2,0.15,17,0,0,0,0,0,0
V2_c1,nobgs,9,lfmm,2,0.2,17,0,0,0,0,0,0
V2_c1,nobgs,9,lfmm,2,0.3,17,0,0,0,0,0,0
V2_c1,nobgs,9,lfmm,2,0.4,17,0,0,0,0,0,0
V2_c1,nobgs,9,lfmm,2,0.5,17,0,0,0,0,0,0
V2_c1,nobgs,9,lfmm,2,0.7,17,0,0,0,0,0,0
V2_c1,nobgs,9,lfmm,3,0.01,17,0,0,0,0,0,0
V2_c1,nobgs,9,lfmm,3,0.02,17,0,0,0,0,0,0
V2_c1,nobgs,9,lfmm,3,0.05,17,0,0,0,0,0,0
V2_c1,nobgs,9,lfmm,3,0.1,17,0,0,0,0,0,0
V2_c1,nobgs,9,lfmm,3,0.15,17,0,0,0,0,0,0
V2_c1,nobgs,9,lfmm,3,0.2,17,0,0,0,0,0,0
V2_c1,nobgs,9,lfmm,3,0.3,17,0,0,0,0,0,0
V2_c1,nobgs,9,lfmm,3,0.4,17,0,0,0,0,0,0
V2_c1,nobgs,9,lfmm,3,0.5,17,0,0,0,0,0,0
V2_c1,nobgs,9,lfmm,3,0.7,17,0,0,0,0,0,0
V2_c1,nobgs,9,lfmm,5,0.01,17,0,0,0,0,0,0
V2_c1,nobgs,9,lfmm,5,0.02,17,0,0,0,0,0,0
V2_c1,nobgs,9,lfmm,5,0.05,17,0,0,0,0,0,0
V2_c1,nobgs,9,lfmm,5,0.1,17,0,0,0,0,0,0
V2_c1,nobgs,9,lfmm,5,0.15,17,0,0,0,0,0,0
V2_c1,nobgs,9,lfmm,5,0.2,17,0,0,0,0,0,0
V2_c1,nobgs,9,lfmm,5,0.3,17,0,0,0,0,0,0
V2_c1,nobgs,9,lfmm,5,0.4,17,0,0,0,0,0,0
V2_c1,nobgs,9,lfmm,5,0.5,17,0,0,0,0,0,0
V2_c1,nobgs,9,lfmm,5,0.7,17,0,0,0,0,0,0
V2_c1,nobgs,9,lfmm,10,0.01,17,0,0,0,0,0,0
V2_c1,nobgs,9,lfmm,10,0.02,17,0,0,0,0,0,0
V2_c1,nobgs,9,lfmm,10,0.05,17,0,0,0,0,0,0
V2_c1,nobgs,9,lfmm,10,0.1,17,0,0,0,0,0,0
V2_c1,nobgs,9,lfmm,10,0.15,17,0,0,0,0,0,0
V2_c1,nobgs,9,lfmm,10,0.2,17,0,0,0,0,0,0
V2_c1,nobgs,9,lfmm,10,0.3,17,0,0,0,0,0,0
V2_c1,nobgs,9,lfmm,10,0.4,17,0,0,0,0,0,0
V2_c1,nobgs,9,lfmm,10,0.5,17,0,0,0,0,0,0
V2_c1,nobgs,9,lfmm,10,0.7,17,0,0,0,0,0,0
V2_c1,nobgs,10,emmax,2,0.01,13,23,6,0.120401337792642,54,8,0.0911680911680912
V2_c1,nobgs,10,emmax,2,0.02,13,23,6,0.120401337792642,45,8,0.109401709401709
V2_c1,nobgs,10,emmax,2,0.05,13,23,6,0.120401337792642,35,8,0.140659340659341
V2_c1,nobgs,10,emmax,2,0.1,13,23,6,0.120401337792642,32,8,0.153846153846154
V2_c1,nobgs,10,emmax,2,0.15,13,23,6,0.120401337792642,29,7,0.129973474801061
V2_c1,nobgs,10,emmax,2,0.2,13,23,6,0.120401337792642,25,7,0.150769230769231
V2_c1,nobgs,10,emmax,2,0.3,13,23,6,0.120401337792642,23,7,0.163879598662207
V2_c1,nobgs,10,emmax,2,0.4,13,23,6,0.120401337792642,19,6,0.145748987854251
V2_c1,nobgs,10,emmax,2,0.5,13,23,6,0.120401337792642,16,6,0.173076923076923
V2_c1,nobgs,10,emmax,2,0.7,13,23,6,0.120401337792642,11,6,0.251748251748252
V2_c1,nobgs,10,emmax,3,0.01,13,16,6,0.173076923076923,43,8,0.114490161001789
V2_c1,nobgs,10,emmax,3,0.02,13,16,6,0.173076923076923,33,8,0.149184149184149
V2_c1,nobgs,10,emmax,3,0.05,13,16,6,0.173076923076923,27,8,0.182336182336182
V2_c1,nobgs,10,emmax,3,0.1,13,16,6,0.173076923076923,24,7,0.157051282051282
V2_c1,nobgs,10,emmax,3,0.15,13,16,6,0.173076923076923,20,7,0.188461538461538
V2_c1,nobgs,10,emmax,3,0.2,13,16,6,0.173076923076923,19,7,0.198380566801619
V2_c1,nobgs,10,emmax,3,0.3,13,16,6,0.173076923076923,16,7,0.235576923076923
V2_c1,nobgs,10,emmax,3,0.4,13,16,6,0.173076923076923,14,6,0.197802197802198
V2_c1,nobgs,10,emmax,3,0.5,13,16,6,0.173076923076923,12,6,0.230769230769231
V2_c1,nobgs,10,emmax,3,0.7,13,16,6,0.173076923076923,10,6,0.276923076923077
V2_c1,nobgs,10,emmax,5,0.01,13,11,5,0.174825174825175,24,6,0.115384615384615
V2_c1,nobgs,10,emmax,5,0.02,13,11,5,0.174825174825175,19,6,0.145748987854251
V2_c1,nobgs,10,emmax,5,0.05,13,11,5,0.174825174825175,15,5,0.128205128205128
V2_c1,nobgs,10,emmax,5,0.1,13,11,5,0.174825174825175,14,5,0.137362637362637
V2_c1,nobgs,10,emmax,5,0.15,13,11,5,0.174825174825175,14,5,0.137362637362637
V2_c1,nobgs,10,emmax,5,0.2,13,11,5,0.174825174825175,14,5,0.137362637362637
V2_c1,nobgs,10,emmax,5,0.3,13,11,5,0.174825174825175,12,5,0.16025641025641
V2_c1,nobgs,10,emmax,5,0.4,13,11,5,0.174825174825175,11,5,0.174825174825175
V2_c1,nobgs,10,emmax,5,0.5,13,11,5,0.174825174825175,8,5,0.240384615384615
V2_c1,nobgs,10,emmax,5,0.7,13,11,5,0.174825174825175,8,5,0.240384615384615
V2_c1,nobgs,10,emmax,10,0.01,13,8,5,0.240384615384615,11,5,0.174825174825175
V2_c1,nobgs,10,emmax,10,0.02,13,8,5,0.240384615384615,11,5,0.174825174825175
V2_c1,nobgs,10,emmax,10,0.05,13,8,5,0.240384615384615,11,5,0.174825174825175
V2_c1,nobgs,10,emmax,10,0.1,13,8,5,0.240384615384615,11,5,0.174825174825175
V2_c1,nobgs,10,emmax,10,0.15,13,8,5,0.240384615384615,11,5,0.174825174825175
V2_c1,nobgs,10,emmax,10,0.2,13,8,5,0.240384615384615,11,5,0.174825174825175
V2_c1,nobgs,10,emmax,10,0.3,13,8,5,0.240384615384615,10,5,0.192307692307692
V2_c1,nobgs,10,emmax,10,0.4,13,8,5,0.240384615384615,8,5,0.240384615384615
V2_c1,nobgs,10,emmax,10,0.5,13,8,5,0.240384615384615,7,5,0.274725274725275
V2_c1,nobgs,10,emmax,10,0.7,13,8,5,0.240384615384615,5,4,0.246153846153846
V2_c1,nobgs,10,lfmm,2,0.01,13,27,5,0.0712250712250712,52,7,0.0724852071005917
V2_c1,nobgs,10,lfmm,2,0.02,13,27,5,0.0712250712250712,49,7,0.0769230769230769
V2_c1,nobgs,10,lfmm,2,0.05,13,27,5,0.0712250712250712,39,5,0.0493096646942801
V2_c1,nobgs,10,lfmm,2,0.1,13,27,5,0.0712250712250712,36,5,0.0534188034188034
V2_c1,nobgs,10,lfmm,2,0.15,13,27,5,0.0712250712250712,33,5,0.0582750582750583
V2_c1,nobgs,10,lfmm,2,0.2,13,27,5,0.0712250712250712,33,5,0.0582750582750583
V2_c1,nobgs,10,lfmm,2,0.3,13,27,5,0.0712250712250712,33,5,0.0582750582750583
V2_c1,nobgs,10,lfmm,2,0.4,13,27,5,0.0712250712250712,26,5,0.0739644970414201
V2_c1,nobgs,10,lfmm,2,0.5,13,27,5,0.0712250712250712,21,5,0.0915750915750916
V2_c1,nobgs,10,lfmm,2,0.7,13,27,5,0.0712250712250712,14,5,0.137362637362637
V2_c1,nobgs,10,lfmm,3,0.01,13,20,4,0.0615384615384615,39,6,0.0710059171597633
V2_c1,nobgs,10,lfmm,3,0.02,13,20,4,0.0615384615384615,33,6,0.0839160839160839
V2_c1,nobgs,10,lfmm,3,0.05,13,20,4,0.0615384615384615,26,5,0.0739644970414201
V2_c1,nobgs,10,lfmm,3,0.1,13,20,4,0.0615384615384615,24,5,0.0801282051282051
V2_c1,nobgs,10,lfmm,3,0.15,13,20,4,0.0615384615384615,23,5,0.0836120401337793
V2_c1,nobgs,10,lfmm,3,0.2,13,20,4,0.0615384615384615,23,5,0.0836120401337793
V2_c1,nobgs,10,lfmm,3,0.3,13,20,4,0.0615384615384615,22,5,0.0874125874125874
V2_c1,nobgs,10,lfmm,3,0.4,13,20,4,0.0615384615384615,19,5,0.101214574898785
V2_c1,nobgs,10,lfmm,3,0.5,13,20,4,0.0615384615384615,14,5,0.137362637362637
V2_c1,nobgs,10,lfmm,3,0.7,13,20,4,0.0615384615384615,12,4,0.102564102564103
V2_c1,nobgs,10,lfmm,5,0.01,13,15,4,0.082051282051282,27,5,0.0712250712250712
V2_c1,nobgs,10,lfmm,5,0.02,13,15,4,0.082051282051282,25,5,0.0769230769230769
V2_c1,nobgs,10,lfmm,5,0.05,13,15,4,0.082051282051282,20,4,0.0615384615384615
V2_c1,nobgs,10,lfmm,5,0.1,13,15,4,0.082051282051282,18,4,0.0683760683760684
V2_c1,nobgs,10,lfmm,5,0.15,13,15,4,0.082051282051282,18,4,0.0683760683760684
V2_c1,nobgs,10,lfmm,5,0.2,13,15,4,0.082051282051282,18,4,0.0683760683760684
V2_c1,nobgs,10,lfmm,5,0.3,13,15,4,0.082051282051282,17,4,0.0723981900452489
V2_c1,nobgs,10,lfmm,5,0.4,13,15,4,0.082051282051282,13,4,0.0946745562130178
V2_c1,nobgs,10,lfmm,5,0.5,13,15,4,0.082051282051282,11,4,0.111888111888112
V2_c1,nobgs,10,lfmm,5,0.7,13,15,4,0.082051282051282,8,4,0.153846153846154
V2_c1,nobgs,10,lfmm,10,0.01,13,9,4,0.136752136752137,17,4,0.0723981900452489
V2_c1,nobgs,10,lfmm,10,0.02,13,9,4,0.136752136752137,16,4,0.0769230769230769
V2_c1,nobgs,10,lfmm,10,0.05,13,9,4,0.136752136752137,13,4,0.0946745562130178
V2_c1,nobgs,10,lfmm,10,0.1,13,9,4,0.136752136752137,10,4,0.123076923076923
V2_c1,nobgs,10,lfmm,10,0.15,13,9,4,0.136752136752137,10,4,0.123076923076923
V2_c1,nobgs,10,lfmm,10,0.2,13,9,4,0.136752136752137,10,4,0.123076923076923
V2_c1,nobgs,10,lfmm,10,0.3,13,9,4,0.136752136752137,9,4,0.136752136752137
V2_c1,nobgs,10,lfmm,10,0.4,13,9,4,0.136752136752137,9,4,0.136752136752137
V2_c1,nobgs,10,lfmm,10,0.5,13,9,4,0.136752136752137,9,4,0.136752136752137
V2_c1,nobgs,10,lfmm,10,0.7,13,9,4,0.136752136752137,5,3,0.138461538461538
