cell,tag,env,basis,nsim,route,floor,n_test,obs_R,EV,V_med,V_max,pct_any,est_FDP,lock_overlap,lock_chance,lock_distinct,lock_hits,realised_FDP,n_qtn,resid
V0.5_c1,bgs,1,pop,500,consensus,1,84732,13,0.082,0,2,7.2,0.00630769230769231,0.0487804878048781,0.000153424916206392,41,41,0.5,22,FALSE
V0.5_c1,bgs,1,pop,500,consensus,2,39535,16,0.07,0,2,5.8,0.004375,0.0487804878048781,0.000153424916206392,41,41,0.615384615384615,22,FALSE
V0.5_c1,bgs,1,pop,500,consensus,5,9920,25,0.082,0,3,7,0.00328,0.0487804878048781,0.000153424916206392,41,41,0.761904761904762,22,FALSE
V0.5_c1,bgs,1,pop,500,consensus,8,4383,32,0.072,0,3,5.8,0.00225,0.0487804878048781,0.000153424916206392,41,41,0.821428571428571,22,FALSE
V0.5_c1,bgs,1,pop,500,best,1,84732,27,0.152,0,4,12,0.00562962962962963,0.0526315789473684,0.000318651749044045,76,76,0.791666666666667,22,FALSE
V0.5_c1,bgs,1,pop,500,best,2,39535,30,0.174,0,4,12.8,0.0058,0.0526315789473684,0.000318651749044045,76,76,0.814814814814815,22,FALSE
V0.5_c1,bgs,1,pop,500,best,5,9920,48,0.272,0,8,16.2,0.00566666666666667,0.0526315789473684,0.000318651749044045,76,76,0.863636363636364,22,FALSE
V0.5_c1,bgs,1,pop,500,best,8,4383,55,0.338,0,10,15.2,0.00614545454545455,0.0526315789473684,0.000318651749044045,76,76,0.82,22,FALSE
V0.5_c1,bgs,1,pop,500,simes,1,84732,10,0.078,0,2,6.8,0.0078,0.0512820512820513,0.000118019166312609,39,39,0.555555555555556,22,FALSE
V0.5_c1,bgs,1,pop,500,simes,2,39535,14,0.07,0,2,6.2,0.005,0.0512820512820513,0.000118019166312609,39,39,0.583333333333333,22,FALSE
V0.5_c1,bgs,1,pop,500,simes,5,9920,24,0.064,0,3,5,0.00266666666666667,0.0512820512820513,0.000118019166312609,39,39,0.761904761904762,22,FALSE
V0.5_c1,bgs,1,pop,500,simes,8,4383,26,0.064,0,3,5.6,0.00246153846153846,0.0512820512820513,0.000118019166312609,39,39,0.772727272727273,22,FALSE
V0.5_c1,bgs,1,pop,500,consensus,1,84732,13,0.07,0,2,6.4,0.00538461538461539,0,0.000153424916206392,35,35,0.5,22,TRUE
V0.5_c1,bgs,1,pop,500,consensus,2,39535,16,0.072,0,4,5.8,0.0045,0,0.000153424916206392,35,35,0.615384615384615,22,TRUE
V0.5_c1,bgs,1,pop,500,consensus,5,9920,25,0.084,0,3,7.4,0.00336,0,0.000153424916206392,35,35,0.761904761904762,22,TRUE
V0.5_c1,bgs,1,pop,500,consensus,8,4383,32,0.042,0,1,4.2,0.0013125,0,0.000153424916206392,35,35,0.821428571428571,22,TRUE
V0.5_c1,bgs,1,pop,500,best,1,84732,27,0.122,0,2,10.8,0.00451851851851852,0,0.000318651749044045,61,61,0.791666666666667,22,TRUE
V0.5_c1,bgs,1,pop,500,best,2,39535,30,0.182,0,4,12.6,0.00606666666666667,0,0.000318651749044045,61,61,0.814814814814815,22,TRUE
V0.5_c1,bgs,1,pop,500,best,5,9920,48,0.186,0,4,13.8,0.003875,0,0.000318651749044045,61,61,0.863636363636364,22,TRUE
V0.5_c1,bgs,1,pop,500,best,8,4383,55,0.184,0,5,11.4,0.00334545454545455,0,0.000318651749044045,61,61,0.82,22,TRUE
V0.5_c1,bgs,1,pop,500,simes,1,84732,10,0.068,0,2,6,0.0068,0,0.000118019166312609,34,34,0.555555555555556,22,TRUE
V0.5_c1,bgs,1,pop,500,simes,2,39535,14,0.076,0,2,6.8,0.00542857142857143,0,0.000118019166312609,34,34,0.583333333333333,22,TRUE
V0.5_c1,bgs,1,pop,500,simes,5,9920,24,0.062,0,3,5.2,0.00258333333333333,0,0.000118019166312609,34,34,0.761904761904762,22,TRUE
V0.5_c1,bgs,1,pop,500,simes,8,4383,26,0.046,0,1,4.6,0.00176923076923077,0,0.000118019166312609,34,34,0.772727272727273,22,TRUE
V0.5_c1,bgs,1,spatial,500,consensus,1,84732,13,16.536,12,94,91.4,1.272,0.187227866473149,0.000153424916206392,481,8268,0.5,22,FALSE
V0.5_c1,bgs,1,spatial,500,consensus,2,39535,16,17.976,13,103,90.2,1.1235,0.187227866473149,0.000153424916206392,481,8268,0.615384615384615,22,FALSE
V0.5_c1,bgs,1,spatial,500,consensus,5,9920,25,18.992,14.5,69,95.6,0.75968,0.187227866473149,0.000153424916206392,481,8268,0.761904761904762,22,FALSE
V0.5_c1,bgs,1,spatial,500,consensus,8,4383,32,16.446,12,60,95.2,0.5139375,0.187227866473149,0.000153424916206392,481,8268,0.821428571428571,22,FALSE
V0.5_c1,bgs,1,spatial,500,best,1,84732,27,30.636,22,167,95.8,1.13466666666667,0.168233450842147,0.000318651749044045,792,15318,0.791666666666667,22,FALSE
V0.5_c1,bgs,1,spatial,500,best,2,39535,30,38.412,30,165,97.4,1.2804,0.168233450842147,0.000318651749044045,792,15318,0.814814814814815,22,FALSE
V0.5_c1,bgs,1,spatial,500,best,5,9920,48,44.368,41,137,98.2,0.924333333333333,0.168233450842147,0.000318651749044045,792,15318,0.863636363636364,22,FALSE
V0.5_c1,bgs,1,spatial,500,best,8,4383,55,38.588,35,104,98.8,0.7016,0.168233450842147,0.000318651749044045,792,15318,0.82,22,FALSE
V0.5_c1,bgs,1,spatial,500,simes,1,84732,10,16.15,12,94,93,1.615,0.155541795665635,0.000118019166312609,475,8075,0.555555555555556,22,FALSE
V0.5_c1,bgs,1,spatial,500,simes,2,39535,14,17.29,13,94,92.4,1.235,0.155541795665635,0.000118019166312609,475,8075,0.583333333333333,22,FALSE
V0.5_c1,bgs,1,spatial,500,simes,5,9920,24,17.376,14,71,95.2,0.724,0.155541795665635,0.000118019166312609,475,8075,0.761904761904762,22,FALSE
V0.5_c1,bgs,1,spatial,500,simes,8,4383,26,15.482,12,50,94.8,0.595461538461539,0.155541795665635,0.000118019166312609,475,8075,0.772727272727273,22,FALSE
V0.5_c1,bgs,1,spatial,500,consensus,1,84732,13,3.466,1,29,60.6,0.266615384615385,0,0.000153424916206392,129,1733,0.5,22,TRUE
V0.5_c1,bgs,1,spatial,500,consensus,2,39535,16,4.044,1,33,61.6,0.25275,0,0.000153424916206392,129,1733,0.615384615384615,22,TRUE
V0.5_c1,bgs,1,spatial,500,consensus,5,9920,25,4.342,3,29,78.4,0.17368,0,0.000153424916206392,129,1733,0.761904761904762,22,TRUE
V0.5_c1,bgs,1,spatial,500,consensus,8,4383,32,2.818,2,13,72.4,0.0880625,0,0.000153424916206392,129,1733,0.821428571428571,22,TRUE
V0.5_c1,bgs,1,spatial,500,best,1,84732,27,6.58,3,50,77,0.243703703703704,0.00303951367781155,0.000318651749044045,228,3290,0.791666666666667,22,TRUE
V0.5_c1,bgs,1,spatial,500,best,2,39535,30,8.832,4,74,82.4,0.2944,0.00303951367781155,0.000318651749044045,228,3290,0.814814814814815,22,TRUE
V0.5_c1,bgs,1,spatial,500,best,5,9920,48,10.468,7,65,90.4,0.218083333333333,0.00303951367781155,0.000318651749044045,228,3290,0.863636363636364,22,TRUE
V0.5_c1,bgs,1,spatial,500,best,8,4383,55,8.072,6,39,88.8,0.146763636363636,0.00303951367781155,0.000318651749044045,228,3290,0.82,22,TRUE
V0.5_c1,bgs,1,spatial,500,simes,1,84732,10,3.806,2,29,63,0.3806,0,0.000118019166312609,132,1903,0.555555555555556,22,TRUE
V0.5_c1,bgs,1,spatial,500,simes,2,39535,14,4.088,2,29,64.8,0.292,0,0.000118019166312609,132,1903,0.583333333333333,22,TRUE
V0.5_c1,bgs,1,spatial,500,simes,5,9920,24,4.1,3,27,73.2,0.170833333333333,0,0.000118019166312609,132,1903,0.761904761904762,22,TRUE
V0.5_c1,bgs,1,spatial,500,simes,8,4383,26,2.852,2,15,69.6,0.109692307692308,0,0.000118019166312609,132,1903,0.772727272727273,22,TRUE
V0.5_c1,bgs,1,vc,500,consensus,1,84732,13,0.066,0,3,5.4,0.00507692307692308,0,0.000153424916206392,33,33,0.5,22,FALSE
V0.5_c1,bgs,1,vc,500,consensus,2,39535,16,0.048,0,2,4,0.003,0,0.000153424916206392,33,33,0.615384615384615,22,FALSE
V0.5_c1,bgs,1,vc,500,consensus,5,9920,25,0.052,0,2,4.6,0.00208,0,0.000153424916206392,33,33,0.761904761904762,22,FALSE
V0.5_c1,bgs,1,vc,500,consensus,8,4383,32,0.062,0,3,5.2,0.0019375,0,0.000153424916206392,33,33,0.821428571428571,22,FALSE
V0.5_c1,bgs,1,vc,500,best,1,84732,27,0.108,0,4,8.4,0.004,0,0.000318651749044045,54,54,0.791666666666667,22,FALSE
V0.5_c1,bgs,1,vc,500,best,2,39535,30,0.126,0,3,9.8,0.0042,0,0.000318651749044045,54,54,0.814814814814815,22,FALSE
V0.5_c1,bgs,1,vc,500,best,5,9920,48,0.186,0,4,13,0.003875,0,0.000318651749044045,54,54,0.863636363636364,22,FALSE
V0.5_c1,bgs,1,vc,500,best,8,4383,55,0.24,0,5,16,0.00436363636363636,0,0.000318651749044045,54,54,0.82,22,FALSE
V0.5_c1,bgs,1,vc,500,simes,1,84732,10,0.068,0,3,5.8,0.0068,0,0.000118019166312609,34,34,0.555555555555556,22,FALSE
V0.5_c1,bgs,1,vc,500,simes,2,39535,14,0.058,0,3,4.4,0.00414285714285714,0,0.000118019166312609,34,34,0.583333333333333,22,FALSE
V0.5_c1,bgs,1,vc,500,simes,5,9920,24,0.05,0,2,4.8,0.00208333333333333,0,0.000118019166312609,34,34,0.761904761904762,22,FALSE
V0.5_c1,bgs,1,vc,500,simes,8,4383,26,0.04,0,2,3.8,0.00153846153846154,0,0.000118019166312609,34,34,0.772727272727273,22,FALSE
V0.5_c1,bgs,1,vc,500,consensus,1,84732,13,0.066,0,3,5.8,0.00507692307692308,0,0.000153424916206392,33,33,0.5,22,TRUE
V0.5_c1,bgs,1,vc,500,consensus,2,39535,16,0.058,0,2,4.6,0.003625,0,0.000153424916206392,33,33,0.615384615384615,22,TRUE
V0.5_c1,bgs,1,vc,500,consensus,5,9920,25,0.056,0,3,4.8,0.00224,0,0.000153424916206392,33,33,0.761904761904762,22,TRUE
V0.5_c1,bgs,1,vc,500,consensus,8,4383,32,0.05,0,3,4.2,0.0015625,0,0.000153424916206392,33,33,0.821428571428571,22,TRUE
V0.5_c1,bgs,1,vc,500,best,1,84732,27,0.088,0,2,7.4,0.00325925925925926,0,0.000318651749044045,44,44,0.791666666666667,22,TRUE
V0.5_c1,bgs,1,vc,500,best,2,39535,30,0.128,0,3,9,0.00426666666666667,0,0.000318651749044045,44,44,0.814814814814815,22,TRUE
V0.5_c1,bgs,1,vc,500,best,5,9920,48,0.154,0,4,11.2,0.00320833333333333,0,0.000318651749044045,44,44,0.863636363636364,22,TRUE
V0.5_c1,bgs,1,vc,500,best,8,4383,55,0.176,0,5,12.8,0.0032,0,0.000318651749044045,44,44,0.82,22,TRUE
V0.5_c1,bgs,1,vc,500,simes,1,84732,10,0.068,0,2,6,0.0068,0,0.000118019166312609,34,34,0.555555555555556,22,TRUE
V0.5_c1,bgs,1,vc,500,simes,2,39535,14,0.056,0,3,4.6,0.004,0,0.000118019166312609,34,34,0.583333333333333,22,TRUE
V0.5_c1,bgs,1,vc,500,simes,5,9920,24,0.052,0,2,4.8,0.00216666666666667,0,0.000118019166312609,34,34,0.761904761904762,22,TRUE
V0.5_c1,bgs,1,vc,500,simes,8,4383,26,0.042,0,2,4,0.00161538461538462,0,0.000118019166312609,34,34,0.772727272727273,22,TRUE
V0.5_c1,bgs,2,pop,500,consensus,1,84185,19,0.08,0,3,5.4,0.00421052631578947,0,0.000225693413315911,40,40,0.555555555555556,20,FALSE
V0.5_c1,bgs,2,pop,500,consensus,2,39624,21,0.078,0,3,5.8,0.00371428571428571,0,0.000225693413315911,40,40,0.578947368421053,20,FALSE
V0.5_c1,bgs,2,pop,500,consensus,5,9802,26,0.072,0,3,5.8,0.00276923076923077,0,0.000225693413315911,40,40,0.6,20,FALSE
V0.5_c1,bgs,2,pop,500,consensus,8,4380,17,0.054,0,2,5.2,0.00317647058823529,0,0.000225693413315911,40,40,0.470588235294118,20,FALSE
V0.5_c1,bgs,2,pop,500,best,1,84185,38,0.126,0,3,9.6,0.00331578947368421,0.0158730158730159,0.000451386826631823,63,63,0.705882352941176,20,FALSE
V0.5_c1,bgs,2,pop,500,best,2,39624,56,0.172,0,5,11.8,0.00307142857142857,0.0158730158730159,0.000451386826631823,63,63,0.78,20,FALSE
V0.5_c1,bgs,2,pop,500,best,5,9802,48,0.316,0,7,16.8,0.00658333333333333,0.0158730158730159,0.000451386826631823,63,63,0.761904761904762,20,FALSE
V0.5_c1,bgs,2,pop,500,best,8,4380,45,0.396,0,7,21.4,0.0088,0.0158730158730159,0.000451386826631823,63,63,0.75609756097561,20,FALSE
V0.5_c1,bgs,2,pop,500,simes,1,84185,23,0.078,0,3,6.2,0.00339130434782609,0,0.000273207816119261,39,39,0.636363636363636,20,FALSE
V0.5_c1,bgs,2,pop,500,simes,2,39624,26,0.054,0,3,4.4,0.00207692307692308,0,0.000273207816119261,39,39,0.64,20,FALSE
V0.5_c1,bgs,2,pop,500,simes,5,9802,24,0.052,0,2,4.8,0.00216666666666667,0,0.000273207816119261,39,39,0.625,20,FALSE
V0.5_c1,bgs,2,pop,500,simes,8,4380,18,0.06,0,3,4.8,0.00333333333333333,0,0.000273207816119261,39,39,0.5,20,FALSE
V0.5_c1,bgs,2,pop,500,consensus,1,84185,19,0.058,0,3,5,0.00305263157894737,0,0.000225693413315911,29,29,0.555555555555556,20,TRUE
V0.5_c1,bgs,2,pop,500,consensus,2,39624,21,0.058,0,3,4.8,0.00276190476190476,0,0.000225693413315911,29,29,0.578947368421053,20,TRUE
V0.5_c1,bgs,2,pop,500,consensus,5,9802,26,0.046,0,2,4.2,0.00176923076923077,0,0.000225693413315911,29,29,0.6,20,TRUE
V0.5_c1,bgs,2,pop,500,consensus,8,4380,17,0.064,0,3,5.8,0.00376470588235294,0,0.000225693413315911,29,29,0.470588235294118,20,TRUE
V0.5_c1,bgs,2,pop,500,best,1,84185,38,0.102,0,4,8.8,0.00268421052631579,0,0.000451386826631823,51,51,0.705882352941176,20,TRUE
V0.5_c1,bgs,2,pop,500,best,2,39624,56,0.138,0,4,11.4,0.00246428571428571,0,0.000451386826631823,51,51,0.78,20,TRUE
V0.5_c1,bgs,2,pop,500,best,5,9802,48,0.238,0,7,15.2,0.00495833333333333,0,0.000451386826631823,51,51,0.761904761904762,20,TRUE
V0.5_c1,bgs,2,pop,500,best,8,4380,45,0.274,0,5,17.8,0.00608888888888889,0,0.000451386826631823,51,51,0.75609756097561,20,TRUE
V0.5_c1,bgs,2,pop,500,simes,1,84185,23,0.062,0,2,6,0.00269565217391304,0,0.000273207816119261,31,31,0.636363636363636,20,TRUE
V0.5_c1,bgs,2,pop,500,simes,2,39624,26,0.052,0,4,4.4,0.002,0,0.000273207816119261,31,31,0.64,20,TRUE
V0.5_c1,bgs,2,pop,500,simes,5,9802,24,0.038,0,2,3.6,0.00158333333333333,0,0.000273207816119261,31,31,0.625,20,TRUE
V0.5_c1,bgs,2,pop,500,simes,8,4380,18,0.058,0,2,5,0.00322222222222222,0,0.000273207816119261,31,31,0.5,20,TRUE
V0.5_c1,bgs,2,spatial,500,consensus,1,84185,19,15.768,9,158,88.4,0.829894736842105,0.21740233384069,0.000225693413315911,566,7884,0.555555555555556,20,FALSE
V0.5_c1,bgs,2,spatial,500,consensus,2,39624,21,17.554,9,165,86.2,0.835904761904762,0.21740233384069,0.000225693413315911,566,7884,0.578947368421053,20,FALSE
V0.5_c1,bgs,2,spatial,500,consensus,5,9802,26,15.406,9,76,85.8,0.592538461538462,0.21740233384069,0.000225693413315911,566,7884,0.6,20,FALSE
V0.5_c1,bgs,2,spatial,500,consensus,8,4380,17,12.17,9,47,88.8,0.715882352941176,0.21740233384069,0.000225693413315911,566,7884,0.470588235294118,20,FALSE
V0.5_c1,bgs,2,spatial,500,best,1,84185,38,32.108,21,235,94.2,0.844947368421053,0.192226236451975,0.000451386826631823,974,16054,0.705882352941176,20,FALSE
V0.5_c1,bgs,2,spatial,500,best,2,39624,56,40.234,28,239,93.8,0.718464285714286,0.192226236451975,0.000451386826631823,974,16054,0.78,20,FALSE
V0.5_c1,bgs,2,spatial,500,best,5,9802,48,40.606,35,147,97.2,0.845958333333334,0.192226236451975,0.000451386826631823,974,16054,0.761904761904762,20,FALSE
V0.5_c1,bgs,2,spatial,500,best,8,4380,45,34.212,31,96,98.6,0.760266666666667,0.192226236451975,0.000451386826631823,974,16054,0.75609756097561,20,FALSE
V0.5_c1,bgs,2,spatial,500,simes,1,84185,23,16.892,9,148,90.2,0.734434782608696,0.223182571631542,0.000273207816119261,558,8446,0.636363636363636,20,FALSE
V0.5_c1,bgs,2,spatial,500,simes,2,39624,26,17.664,10,144,87,0.679384615384616,0.223182571631542,0.000273207816119261,558,8446,0.64,20,FALSE
V0.5_c1,bgs,2,spatial,500,simes,5,9802,24,14.472,9,79,84.8,0.603,0.223182571631542,0.000273207816119261,558,8446,0.625,20,FALSE
V0.5_c1,bgs,2,spatial,500,simes,8,4380,18,11.728,9,52,87.2,0.651555555555556,0.223182571631542,0.000273207816119261,558,8446,0.5,20,FALSE
V0.5_c1,bgs,2,spatial,500,consensus,1,84185,19,5.908,2,89,62.6,0.310947368421053,0.0436696005416385,0.000225693413315911,246,2954,0.555555555555556,20,TRUE
V0.5_c1,bgs,2,spatial,500,consensus,2,39624,21,5.104,2,67,60.2,0.243047619047619,0.0436696005416385,0.000225693413315911,246,2954,0.578947368421053,20,TRUE
V0.5_c1,bgs,2,spatial,500,consensus,5,9802,26,4.074,1,45,54,0.156692307692308,0.0436696005416385,0.000225693413315911,246,2954,0.6,20,TRUE
V0.5_c1,bgs,2,spatial,500,consensus,8,4380,17,3.674,1,36,57.8,0.216117647058824,0.0436696005416385,0.000225693413315911,246,2954,0.470588235294118,20,TRUE
V0.5_c1,bgs,2,spatial,500,best,1,84185,38,13.68,5,138,71.6,0.36,0.0562865497076023,0.000451386826631823,443,6840,0.705882352941176,20,TRUE
V0.5_c1,bgs,2,spatial,500,best,2,39624,56,16.23,7,139,74.6,0.289821428571429,0.0562865497076023,0.000451386826631823,443,6840,0.78,20,TRUE
V0.5_c1,bgs,2,spatial,500,best,5,9802,48,16.868,9,84,80.2,0.351416666666667,0.0562865497076023,0.000451386826631823,443,6840,0.761904761904762,20,TRUE
V0.5_c1,bgs,2,spatial,500,best,8,4380,45,14.662,9,74,83.2,0.325822222222222,0.0562865497076023,0.000451386826631823,443,6840,0.75609756097561,20,TRUE
V0.5_c1,bgs,2,spatial,500,simes,1,84185,23,6.424,2,91,65,0.279304347826087,0.0463885429638854,0.000273207816119261,255,3212,0.636363636363636,20,TRUE
V0.5_c1,bgs,2,spatial,500,simes,2,39624,26,5.658,2,64,60.2,0.217615384615385,0.0463885429638854,0.000273207816119261,255,3212,0.64,20,TRUE
V0.5_c1,bgs,2,spatial,500,simes,5,9802,24,4.336,1,41,50.8,0.180666666666667,0.0463885429638854,0.000273207816119261,255,3212,0.625,20,TRUE
V0.5_c1,bgs,2,spatial,500,simes,8,4380,18,3.948,1,33,55.4,0.219333333333333,0.0463885429638854,0.000273207816119261,255,3212,0.5,20,TRUE
V0.5_c1,bgs,2,vc,500,consensus,1,84185,19,0.062,0,3,4.8,0.00326315789473684,0,0.000225693413315911,31,31,0.555555555555556,20,FALSE
V0.5_c1,bgs,2,vc,500,consensus,2,39624,21,0.068,0,3,5.4,0.00323809523809524,0,0.000225693413315911,31,31,0.578947368421053,20,FALSE
V0.5_c1,bgs,2,vc,500,consensus,5,9802,26,0.052,0,3,4.4,0.002,0,0.000225693413315911,31,31,0.6,20,FALSE
V0.5_c1,bgs,2,vc,500,consensus,8,4380,17,0.04,0,4,2.8,0.00235294117647059,0,0.000225693413315911,31,31,0.470588235294118,20,FALSE
V0.5_c1,bgs,2,vc,500,best,1,84185,38,0.096,0,3,7,0.00252631578947368,0,0.000451386826631823,48,48,0.705882352941176,20,FALSE
V0.5_c1,bgs,2,vc,500,best,2,39624,56,0.122,0,4,9,0.00217857142857143,0,0.000451386826631823,48,48,0.78,20,FALSE
V0.5_c1,bgs,2,vc,500,best,5,9802,48,0.178,0,5,12.6,0.00370833333333333,0,0.000451386826631823,48,48,0.761904761904762,20,FALSE
V0.5_c1,bgs,2,vc,500,best,8,4380,45,0.2,0,6,12.6,0.00444444444444444,0,0.000451386826631823,48,48,0.75609756097561,20,FALSE
V0.5_c1,bgs,2,vc,500,simes,1,84185,23,0.056,0,2,5.2,0.00243478260869565,0,0.000273207816119261,28,28,0.636363636363636,20,FALSE
V0.5_c1,bgs,2,vc,500,simes,2,39624,26,0.054,0,3,4,0.00207692307692308,0,0.000273207816119261,28,28,0.64,20,FALSE
V0.5_c1,bgs,2,vc,500,simes,5,9802,24,0.048,0,2,4.6,0.002,0,0.000273207816119261,28,28,0.625,20,FALSE
V0.5_c1,bgs,2,vc,500,simes,8,4380,18,0.036,0,3,2.8,0.002,0,0.000273207816119261,28,28,0.5,20,FALSE
V0.5_c1,bgs,2,vc,500,consensus,1,84185,19,0.05,0,3,4.2,0.00263157894736842,0,0.000225693413315911,25,25,0.555555555555556,20,TRUE
V0.5_c1,bgs,2,vc,500,consensus,2,39624,21,0.066,0,3,5.6,0.00314285714285714,0,0.000225693413315911,25,25,0.578947368421053,20,TRUE
V0.5_c1,bgs,2,vc,500,consensus,5,9802,26,0.062,0,3,5,0.00238461538461538,0,0.000225693413315911,25,25,0.6,20,TRUE
V0.5_c1,bgs,2,vc,500,consensus,8,4380,17,0.048,0,4,3.6,0.00282352941176471,0,0.000225693413315911,25,25,0.470588235294118,20,TRUE
V0.5_c1,bgs,2,vc,500,best,1,84185,38,0.08,0,3,5.8,0.00210526315789474,0,0.000451386826631823,40,40,0.705882352941176,20,TRUE
V0.5_c1,bgs,2,vc,500,best,2,39624,56,0.116,0,4,8.6,0.00207142857142857,0,0.000451386826631823,40,40,0.78,20,TRUE
V0.5_c1,bgs,2,vc,500,best,5,9802,48,0.164,0,4,12.2,0.00341666666666667,0,0.000451386826631823,40,40,0.761904761904762,20,TRUE
V0.5_c1,bgs,2,vc,500,best,8,4380,45,0.166,0,6,10.8,0.00368888888888889,0,0.000451386826631823,40,40,0.75609756097561,20,TRUE
V0.5_c1,bgs,2,vc,500,simes,1,84185,23,0.044,0,2,4.2,0.00191304347826087,0,0.000273207816119261,22,22,0.636363636363636,20,TRUE
V0.5_c1,bgs,2,vc,500,simes,2,39624,26,0.044,0,3,3.2,0.00169230769230769,0,0.000273207816119261,22,22,0.64,20,TRUE
V0.5_c1,bgs,2,vc,500,simes,5,9802,24,0.054,0,2,4.6,0.00225,0,0.000273207816119261,22,22,0.625,20,TRUE
V0.5_c1,bgs,2,vc,500,simes,8,4380,18,0.044,0,3,3.4,0.00244444444444444,0,0.000273207816119261,22,22,0.5,20,TRUE
V0.5_c1,bgs,3,pop,500,consensus,1,84217,14,0.098,0,4,7,0.007,0.0816326530612245,0.000166237220513673,48,49,0.214285714285714,19,FALSE
V0.5_c1,bgs,3,pop,500,consensus,2,39520,14,0.092,0,5,6.8,0.00657142857142857,0.0816326530612245,0.000166237220513673,48,49,0.214285714285714,19,FALSE
V0.5_c1,bgs,3,pop,500,consensus,5,9862,21,0.066,0,5,5.4,0.00314285714285714,0.0816326530612245,0.000166237220513673,48,49,0.333333333333333,19,FALSE
V0.5_c1,bgs,3,pop,500,consensus,8,4371,23,0.078,0,6,5.6,0.00339130434782609,0.0816326530612245,0.000166237220513673,48,49,0.4,19,FALSE
V0.5_c1,bgs,3,pop,500,best,1,84217,19,0.15,0,4,10,0.00789473684210526,0.0666666666666667,0.000225607656411413,73,75,0.25,19,FALSE
V0.5_c1,bgs,3,pop,500,best,2,39520,21,0.228,0,6,13.8,0.0108571428571429,0.0666666666666667,0.000225607656411413,73,75,0.333333333333333,19,FALSE
V0.5_c1,bgs,3,pop,500,best,5,9862,53,0.274,0,8,15.2,0.00516981132075472,0.0666666666666667,0.000225607656411413,73,75,0.644444444444444,19,FALSE
V0.5_c1,bgs,3,pop,500,best,8,4371,48,0.438,0,13,20,0.009125,0.0666666666666667,0.000225607656411413,73,75,0.6,19,FALSE
V0.5_c1,bgs,3,pop,500,simes,1,84217,13,0.116,0,4,7.8,0.00892307692307692,0.0689655172413793,0.000154363133334125,57,58,0.153846153846154,19,FALSE
V0.5_c1,bgs,3,pop,500,simes,2,39520,17,0.086,0,5,6.8,0.00505882352941176,0.0689655172413793,0.000154363133334125,57,58,0.2,19,FALSE
V0.5_c1,bgs,3,pop,500,simes,5,9862,19,0.066,0,5,5,0.00347368421052632,0.0689655172413793,0.000154363133334125,57,58,0.294117647058823,19,FALSE
V0.5_c1,bgs,3,pop,500,simes,8,4371,23,0.054,0,5,4.4,0.00234782608695652,0.0689655172413793,0.000154363133334125,57,58,0.315789473684211,19,FALSE
V0.5_c1,bgs,3,pop,500,consensus,1,84217,14,0.078,0,3,6.2,0.00557142857142857,0,0.000166237220513673,39,39,0.214285714285714,19,TRUE
V0.5_c1,bgs,3,pop,500,consensus,2,39520,14,0.088,0,5,6.2,0.00628571428571429,0,0.000166237220513673,39,39,0.214285714285714,19,TRUE
V0.5_c1,bgs,3,pop,500,consensus,5,9862,21,0.066,0,3,5.2,0.00314285714285714,0,0.000166237220513673,39,39,0.333333333333333,19,TRUE
V0.5_c1,bgs,3,pop,500,consensus,8,4371,23,0.066,0,4,5,0.0028695652173913,0,0.000166237220513673,39,39,0.4,19,TRUE
V0.5_c1,bgs,3,pop,500,best,1,84217,19,0.122,0,5,8.8,0.00642105263157895,0,0.000225607656411413,61,61,0.25,19,TRUE
V0.5_c1,bgs,3,pop,500,best,2,39520,21,0.21,0,11,12.4,0.01,0,0.000225607656411413,61,61,0.333333333333333,19,TRUE
V0.5_c1,bgs,3,pop,500,best,5,9862,53,0.248,0,7,14.2,0.00467924528301887,0,0.000225607656411413,61,61,0.644444444444444,19,TRUE
V0.5_c1,bgs,3,pop,500,best,8,4371,48,0.262,0,6,15,0.00545833333333333,0,0.000225607656411413,61,61,0.6,19,TRUE
V0.5_c1,bgs,3,pop,500,simes,1,84217,13,0.072,0,3,6,0.00553846153846154,0,0.000154363133334125,36,36,0.153846153846154,19,TRUE
V0.5_c1,bgs,3,pop,500,simes,2,39520,17,0.07,0,3,6,0.00411764705882353,0,0.000154363133334125,36,36,0.2,19,TRUE
V0.5_c1,bgs,3,pop,500,simes,5,9862,19,0.054,0,3,4,0.00284210526315789,0,0.000154363133334125,36,36,0.294117647058823,19,TRUE
V0.5_c1,bgs,3,pop,500,simes,8,4371,23,0.054,0,3,4.2,0.00234782608695652,0,0.000154363133334125,36,36,0.315789473684211,19,TRUE
V0.5_c1,bgs,3,spatial,500,consensus,1,84217,14,21.886,14.5,161,91.2,1.56328571428571,0.22279082518505,0.000166237220513673,589,10943,0.214285714285714,19,FALSE
V0.5_c1,bgs,3,spatial,500,consensus,2,39520,14,22.844,16,132,94.6,1.63171428571429,0.22279082518505,0.000166237220513673,589,10943,0.214285714285714,19,FALSE
V0.5_c1,bgs,3,spatial,500,consensus,5,9862,21,21.92,19,81,95.2,1.04380952380952,0.22279082518505,0.000166237220513673,589,10943,0.333333333333333,19,FALSE
V0.5_c1,bgs,3,spatial,500,consensus,8,4371,23,18.31,17,61,95.4,0.796086956521739,0.22279082518505,0.000166237220513673,589,10943,0.4,19,FALSE
V0.5_c1,bgs,3,spatial,500,best,1,84217,19,38.002,25,210,95.6,2.0001052631579,0.182937740118941,0.000225607656411413,971,19001,0.25,19,FALSE
V0.5_c1,bgs,3,spatial,500,best,2,39520,21,44.964,33.5,218,98,2.14114285714286,0.182937740118941,0.000225607656411413,971,19001,0.333333333333333,19,FALSE
V0.5_c1,bgs,3,spatial,500,best,5,9862,53,45.998,44,136,99,0.86788679245283,0.182937740118941,0.000225607656411413,971,19001,0.644444444444444,19,FALSE
V0.5_c1,bgs,3,spatial,500,best,8,4371,48,39.774,40,107,99.6,0.828625,0.182937740118941,0.000225607656411413,971,19001,0.6,19,FALSE
V0.5_c1,bgs,3,spatial,500,simes,1,84217,13,22.376,16,161,91,1.72123076923077,0.222649267071863,0.000154363133334125,617,11188,0.153846153846154,19,FALSE
V0.5_c1,bgs,3,spatial,500,simes,2,39520,17,22.736,17,128,93.6,1.33741176470588,0.222649267071863,0.000154363133334125,617,11188,0.2,19,FALSE
V0.5_c1,bgs,3,spatial,500,simes,5,9862,19,21.254,18,83,96.6,1.11863157894737,0.222649267071863,0.000154363133334125,617,11188,0.294117647058823,19,FALSE
V0.5_c1,bgs,3,spatial,500,simes,8,4371,23,17.922,16,57,97,0.779217391304348,0.222649267071863,0.000154363133334125,617,11188,0.315789473684211,19,FALSE
V0.5_c1,bgs,3,spatial,500,consensus,1,84217,14,6.452,2,68,77.2,0.460857142857143,0.0672659640421575,0.000166237220513673,201,3226,0.214285714285714,19,TRUE
V0.5_c1,bgs,3,spatial,500,consensus,2,39520,14,6.55,3,56,82.2,0.467857142857143,0.0672659640421575,0.000166237220513673,201,3226,0.214285714285714,19,TRUE
V0.5_c1,bgs,3,spatial,500,consensus,5,9862,21,6.39,5,28,81.2,0.304285714285714,0.0672659640421575,0.000166237220513673,201,3226,0.333333333333333,19,TRUE
V0.5_c1,bgs,3,spatial,500,consensus,8,4371,23,5.24,5,23,82.8,0.227826086956522,0.0672659640421575,0.000166237220513673,201,3226,0.4,19,TRUE
V0.5_c1,bgs,3,spatial,500,best,1,84217,19,12.112,5,111,83.8,0.637473684210526,0.0992404227212682,0.000225607656411413,358,6056,0.25,19,TRUE
V0.5_c1,bgs,3,spatial,500,best,2,39520,21,15.502,7,106,89.2,0.738190476190476,0.0992404227212682,0.000225607656411413,358,6056,0.333333333333333,19,TRUE
V0.5_c1,bgs,3,spatial,500,best,5,9862,53,18.95,13,79,95.2,0.357547169811321,0.0992404227212682,0.000225607656411413,358,6056,0.644444444444444,19,TRUE
V0.5_c1,bgs,3,spatial,500,best,8,4371,48,17.302,15,58,93.8,0.360458333333333,0.0992404227212682,0.000225607656411413,358,6056,0.6,19,TRUE
V0.5_c1,bgs,3,spatial,500,simes,1,84217,13,6.108,2,71,73.4,0.469846153846154,0.0936476751800917,0.000154363133334125,199,3054,0.153846153846154,19,TRUE
V0.5_c1,bgs,3,spatial,500,simes,2,39520,17,6.042,3,57,78.6,0.355411764705882,0.0936476751800917,0.000154363133334125,199,3054,0.2,19,TRUE
V0.5_c1,bgs,3,spatial,500,simes,5,9862,19,6.148,4,29,79.4,0.323578947368421,0.0936476751800917,0.000154363133334125,199,3054,0.294117647058823,19,TRUE
V0.5_c1,bgs,3,spatial,500,simes,8,4371,23,5.302,4,21,79.6,0.230521739130435,0.0936476751800917,0.000154363133334125,199,3054,0.315789473684211,19,TRUE
V0.5_c1,bgs,3,vc,500,consensus,1,84217,14,0.052,0,2,4.6,0.00371428571428571,0,0.000166237220513673,26,26,0.214285714285714,19,FALSE
V0.5_c1,bgs,3,vc,500,consensus,2,39520,14,0.042,0,1,4.2,0.003,0,0.000166237220513673,26,26,0.214285714285714,19,FALSE
V0.5_c1,bgs,3,vc,500,consensus,5,9862,21,0.06,0,3,5,0.00285714285714286,0,0.000166237220513673,26,26,0.333333333333333,19,FALSE
V0.5_c1,bgs,3,vc,500,consensus,8,4371,23,0.066,0,3,5.2,0.0028695652173913,0,0.000166237220513673,26,26,0.4,19,FALSE
V0.5_c1,bgs,3,vc,500,best,1,84217,19,0.072,0,3,6.4,0.00378947368421053,0,0.000225607656411413,36,36,0.25,19,FALSE
V0.5_c1,bgs,3,vc,500,best,2,39520,21,0.108,0,4,8,0.00514285714285714,0,0.000225607656411413,36,36,0.333333333333333,19,FALSE
V0.5_c1,bgs,3,vc,500,best,5,9862,53,0.16,0,3,12.4,0.0030188679245283,0,0.000225607656411413,36,36,0.644444444444444,19,FALSE
V0.5_c1,bgs,3,vc,500,best,8,4371,48,0.218,0,6,13.4,0.00454166666666667,0,0.000225607656411413,36,36,0.6,19,FALSE
V0.5_c1,bgs,3,vc,500,simes,1,84217,13,0.054,0,3,4.6,0.00415384615384615,0,0.000154363133334125,27,27,0.153846153846154,19,FALSE
V0.5_c1,bgs,3,vc,500,simes,2,39520,17,0.042,0,2,3.8,0.00247058823529412,0,0.000154363133334125,27,27,0.2,19,FALSE
V0.5_c1,bgs,3,vc,500,simes,5,9862,19,0.028,0,2,2.4,0.00147368421052632,0,0.000154363133334125,27,27,0.294117647058823,19,FALSE
V0.5_c1,bgs,3,vc,500,simes,8,4371,23,0.042,0,3,3.2,0.00182608695652174,0,0.000154363133334125,27,27,0.315789473684211,19,FALSE
V0.5_c1,bgs,3,vc,500,consensus,1,84217,14,0.054,0,4,4.2,0.00385714285714286,0,0.000166237220513673,27,27,0.214285714285714,19,TRUE
V0.5_c1,bgs,3,vc,500,consensus,2,39520,14,0.046,0,3,3.8,0.00328571428571429,0,0.000166237220513673,27,27,0.214285714285714,19,TRUE
V0.5_c1,bgs,3,vc,500,consensus,5,9862,21,0.046,0,2,4.2,0.00219047619047619,0,0.000166237220513673,27,27,0.333333333333333,19,TRUE
V0.5_c1,bgs,3,vc,500,consensus,8,4371,23,0.048,0,2,4.2,0.00208695652173913,0,0.000166237220513673,27,27,0.4,19,TRUE
V0.5_c1,bgs,3,vc,500,best,1,84217,19,0.072,0,3,5.4,0.00378947368421053,0,0.000225607656411413,36,36,0.25,19,TRUE
V0.5_c1,bgs,3,vc,500,best,2,39520,21,0.096,0,4,7.6,0.00457142857142857,0,0.000225607656411413,36,36,0.333333333333333,19,TRUE
V0.5_c1,bgs,3,vc,500,best,5,9862,53,0.128,0,4,10.2,0.00241509433962264,0,0.000225607656411413,36,36,0.644444444444444,19,TRUE
V0.5_c1,bgs,3,vc,500,best,8,4371,48,0.164,0,4,11.4,0.00341666666666667,0,0.000225607656411413,36,36,0.6,19,TRUE
V0.5_c1,bgs,3,vc,500,simes,1,84217,13,0.05,0,3,4,0.00384615384615385,0,0.000154363133334125,25,25,0.153846153846154,19,TRUE
V0.5_c1,bgs,3,vc,500,simes,2,39520,17,0.048,0,3,4,0.00282352941176471,0,0.000154363133334125,25,25,0.2,19,TRUE
V0.5_c1,bgs,3,vc,500,simes,5,9862,19,0.028,0,2,2.6,0.00147368421052632,0,0.000154363133334125,25,25,0.294117647058823,19,TRUE
V0.5_c1,bgs,3,vc,500,simes,8,4371,23,0.03,0,2,2.6,0.00130434782608696,0,0.000154363133334125,25,25,0.315789473684211,19,TRUE
V0.5_c1,bgs,4,pop,500,consensus,1,85153,10,0.066,0,3,5.4,0.0066,0,0.000117435674609233,33,33,0.25,15,FALSE
V0.5_c1,bgs,4,pop,500,consensus,2,39779,10,0.07,0,3,5.6,0.007,0,0.000117435674609233,33,33,0.25,15,FALSE
V0.5_c1,bgs,4,pop,500,consensus,5,9868,13,0.074,0,2,6.4,0.00569230769230769,0,0.000117435674609233,33,33,0.5,15,FALSE
V0.5_c1,bgs,4,pop,500,consensus,8,4390,9,0.074,0,2,6.6,0.00822222222222222,0,0.000117435674609233,33,33,0.333333333333333,15,FALSE
V0.5_c1,bgs,4,pop,500,best,1,85153,15,0.104,0,6,7.6,0.00693333333333333,0,0.000176153511913849,52,52,0.25,15,FALSE
V0.5_c1,bgs,4,pop,500,best,2,39779,22,0.132,0,7,9.4,0.006,0,0.000176153511913849,52,52,0.5,15,FALSE
V0.5_c1,bgs,4,pop,500,best,5,9868,25,0.24,0,5,17.2,0.0096,0,0.000176153511913849,52,52,0.6,15,FALSE
V0.5_c1,bgs,4,pop,500,best,8,4390,19,0.268,0,4,18.6,0.0141052631578947,0,0.000176153511913849,52,52,0.5,15,FALSE
V0.5_c1,bgs,4,pop,500,simes,1,85153,11,0.058,0,3,4.8,0.00527272727272727,0,0.000129179242070156,29,29,0.25,15,FALSE
V0.5_c1,bgs,4,pop,500,simes,2,39779,10,0.062,0,4,4.4,0.0062,0,0.000129179242070156,29,29,0.142857142857143,15,FALSE
V0.5_c1,bgs,4,pop,500,simes,5,9868,14,0.062,0,2,5.4,0.00442857142857143,0,0.000129179242070156,29,29,0.272727272727273,15,FALSE
V0.5_c1,bgs,4,pop,500,simes,8,4390,10,0.052,0,2,4.8,0.0052,0,0.000129179242070156,29,29,0.2,15,FALSE
V0.5_c1,bgs,4,pop,500,consensus,1,85153,10,0.068,0,3,5.4,0.0068,0,0.000117435674609233,34,34,0.25,15,TRUE
V0.5_c1,bgs,4,pop,500,consensus,2,39779,10,0.088,0,3,6.4,0.0088,0,0.000117435674609233,34,34,0.25,15,TRUE
V0.5_c1,bgs,4,pop,500,consensus,5,9868,13,0.05,0,2,4,0.00384615384615385,0,0.000117435674609233,34,34,0.5,15,TRUE
V0.5_c1,bgs,4,pop,500,consensus,8,4390,9,0.06,0,2,5,0.00666666666666667,0,0.000117435674609233,34,34,0.333333333333333,15,TRUE
V0.5_c1,bgs,4,pop,500,best,1,85153,15,0.114,0,6,7.6,0.0076,0,0.000176153511913849,57,57,0.25,15,TRUE
V0.5_c1,bgs,4,pop,500,best,2,39779,22,0.15,0,7,10.2,0.00681818181818182,0,0.000176153511913849,57,57,0.5,15,TRUE
V0.5_c1,bgs,4,pop,500,best,5,9868,25,0.18,0,4,13.4,0.0072,0,0.000176153511913849,57,57,0.6,15,TRUE
V0.5_c1,bgs,4,pop,500,best,8,4390,19,0.204,0,11,12.8,0.0107368421052632,0,0.000176153511913849,57,57,0.5,15,TRUE
V0.5_c1,bgs,4,pop,500,simes,1,85153,11,0.066,0,3,5.4,0.006,0,0.000129179242070156,33,33,0.25,15,TRUE
V0.5_c1,bgs,4,pop,500,simes,2,39779,10,0.066,0,4,5,0.0066,0,0.000129179242070156,33,33,0.142857142857143,15,TRUE
V0.5_c1,bgs,4,pop,500,simes,5,9868,14,0.05,0,2,4.6,0.00357142857142857,0,0.000129179242070156,33,33,0.272727272727273,15,TRUE
V0.5_c1,bgs,4,pop,500,simes,8,4390,10,0.052,0,2,4.6,0.0052,0,0.000129179242070156,33,33,0.2,15,TRUE
V0.5_c1,bgs,4,spatial,500,consensus,1,85153,10,12.488,6,107,87,1.2488,0.221172325432415,0.000117435674609233,411,6244,0.25,15,FALSE
V0.5_c1,bgs,4,spatial,500,consensus,2,39779,10,12.986,9,95,89.2,1.2986,0.221172325432415,0.000117435674609233,411,6244,0.25,15,FALSE
V0.5_c1,bgs,4,spatial,500,consensus,5,9868,13,12.394,8.5,73,89,0.953384615384615,0.221172325432415,0.000117435674609233,411,6244,0.5,15,FALSE
V0.5_c1,bgs,4,spatial,500,consensus,8,4390,9,8.696,7,38,90.2,0.966222222222222,0.221172325432415,0.000117435674609233,411,6244,0.333333333333333,15,FALSE
V0.5_c1,bgs,4,spatial,500,best,1,85153,15,22.338,12,158,90.8,1.4892,0.184528605962933,0.000176153511913849,708,11169,0.25,15,FALSE
V0.5_c1,bgs,4,spatial,500,best,2,39779,22,27.644,17,161,93.6,1.25654545454545,0.184528605962933,0.000176153511913849,708,11169,0.5,15,FALSE
V0.5_c1,bgs,4,spatial,500,best,5,9868,25,29.732,21,128,95,1.18928,0.184528605962933,0.000176153511913849,708,11169,0.6,15,FALSE
V0.5_c1,bgs,4,spatial,500,best,8,4390,19,23.088,21,83,96.8,1.21515789473684,0.184528605962933,0.000176153511913849,708,11169,0.5,15,FALSE
V0.5_c1,bgs,4,spatial,500,simes,1,85153,11,12.528,6,103,85.2,1.13890909090909,0.221424010217114,0.000129179242070156,422,6264,0.25,15,FALSE
V0.5_c1,bgs,4,spatial,500,simes,2,39779,10,12.636,8,99,88.4,1.2636,0.221424010217114,0.000129179242070156,422,6264,0.142857142857143,15,FALSE
V0.5_c1,bgs,4,spatial,500,simes,5,9868,14,11.116,7,72,88.4,0.794,0.221424010217114,0.000129179242070156,422,6264,0.272727272727273,15,FALSE
V0.5_c1,bgs,4,spatial,500,simes,8,4390,10,7.882,6,37,88.6,0.7882,0.221424010217114,0.000129179242070156,422,6264,0.2,15,FALSE
V0.5_c1,bgs,4,spatial,500,consensus,1,85153,10,2.532,1,51,50.8,0.2532,0.101895734597156,0.000117435674609233,117,1266,0.25,15,TRUE
V0.5_c1,bgs,4,spatial,500,consensus,2,39779,10,3.072,1,49,54.2,0.3072,0.101895734597156,0.000117435674609233,117,1266,0.25,15,TRUE
V0.5_c1,bgs,4,spatial,500,consensus,5,9868,13,2.22,1,24,54,0.170769230769231,0.101895734597156,0.000117435674609233,117,1266,0.5,15,TRUE
V0.5_c1,bgs,4,spatial,500,consensus,8,4390,9,2.146,1,19,57,0.238444444444444,0.101895734597156,0.000117435674609233,117,1266,0.333333333333333,15,TRUE
V0.5_c1,bgs,4,spatial,500,best,1,85153,15,5.344,1,80,60.4,0.356266666666667,0.0958083832335329,0.000176153511913849,236,2672,0.25,15,TRUE
V0.5_c1,bgs,4,spatial,500,best,2,39779,22,7.866,2,88,65.8,0.357545454545455,0.0958083832335329,0.000176153511913849,236,2672,0.5,15,TRUE
V0.5_c1,bgs,4,spatial,500,best,5,9868,25,8.406,3,60,71.2,0.33624,0.0958083832335329,0.000176153511913849,236,2672,0.6,15,TRUE
V0.5_c1,bgs,4,spatial,500,best,8,4390,19,8.966,4,48,75.2,0.471894736842105,0.0958083832335329,0.000176153511913849,236,2672,0.5,15,TRUE
V0.5_c1,bgs,4,spatial,500,simes,1,85153,11,2.504,0,49,47.8,0.227636363636364,0.114217252396166,0.000129179242070156,128,1252,0.25,15,TRUE
V0.5_c1,bgs,4,spatial,500,simes,2,39779,10,3.086,1,47,53.6,0.3086,0.114217252396166,0.000129179242070156,128,1252,0.142857142857143,15,TRUE
V0.5_c1,bgs,4,spatial,500,simes,5,9868,14,2.208,1,25,52.2,0.157714285714286,0.114217252396166,0.000129179242070156,128,1252,0.272727272727273,15,TRUE
V0.5_c1,bgs,4,spatial,500,simes,8,4390,10,2.066,1,17,53.2,0.2066,0.114217252396166,0.000129179242070156,128,1252,0.2,15,TRUE
V0.5_c1,bgs,4,vc,500,consensus,1,85153,10,0.044,0,2,3.8,0.0044,0,0.000117435674609233,22,22,0.25,15,FALSE
V0.5_c1,bgs,4,vc,500,consensus,2,39779,10,0.036,0,2,3.4,0.0036,0,0.000117435674609233,22,22,0.25,15,FALSE
V0.5_c1,bgs,4,vc,500,consensus,5,9868,13,0.036,0,2,3,0.00276923076923077,0,0.000117435674609233,22,22,0.5,15,FALSE
V0.5_c1,bgs,4,vc,500,consensus,8,4390,9,0.048,0,2,4.2,0.00533333333333333,0,0.000117435674609233,22,22,0.333333333333333,15,FALSE
V0.5_c1,bgs,4,vc,500,best,1,85153,15,0.082,0,3,6.4,0.00546666666666667,0.024390243902439,0.000176153511913849,41,41,0.25,15,FALSE
V0.5_c1,bgs,4,vc,500,best,2,39779,22,0.116,0,4,9,0.00527272727272727,0.024390243902439,0.000176153511913849,41,41,0.5,15,FALSE
V0.5_c1,bgs,4,vc,500,best,5,9868,25,0.14,0,4,9.4,0.0056,0.024390243902439,0.000176153511913849,41,41,0.6,15,FALSE
V0.5_c1,bgs,4,vc,500,best,8,4390,19,0.196,0,5,11.6,0.0103157894736842,0.024390243902439,0.000176153511913849,41,41,0.5,15,FALSE
V0.5_c1,bgs,4,vc,500,simes,1,85153,11,0.04,0,2,3.4,0.00363636363636364,0,0.000129179242070156,20,20,0.25,15,FALSE
V0.5_c1,bgs,4,vc,500,simes,2,39779,10,0.032,0,2,3,0.0032,0,0.000129179242070156,20,20,0.142857142857143,15,FALSE
V0.5_c1,bgs,4,vc,500,simes,5,9868,14,0.028,0,2,2.4,0.002,0,0.000129179242070156,20,20,0.272727272727273,15,FALSE
V0.5_c1,bgs,4,vc,500,simes,8,4390,10,0.046,0,2,4,0.0046,0,0.000129179242070156,20,20,0.2,15,FALSE
V0.5_c1,bgs,4,vc,500,consensus,1,85153,10,0.032,0,2,2.8,0.0032,0,0.000117435674609233,16,16,0.25,15,TRUE
V0.5_c1,bgs,4,vc,500,consensus,2,39779,10,0.032,0,1,3.2,0.0032,0,0.000117435674609233,16,16,0.25,15,TRUE
V0.5_c1,bgs,4,vc,500,consensus,5,9868,13,0.026,0,2,2.4,0.002,0,0.000117435674609233,16,16,0.5,15,TRUE
V0.5_c1,bgs,4,vc,500,consensus,8,4390,9,0.032,0,2,2.6,0.00355555555555556,0,0.000117435674609233,16,16,0.333333333333333,15,TRUE
V0.5_c1,bgs,4,vc,500,best,1,85153,15,0.06,0,2,5,0.004,0,0.000176153511913849,30,30,0.25,15,TRUE
V0.5_c1,bgs,4,vc,500,best,2,39779,22,0.102,0,4,7.8,0.00463636363636364,0,0.000176153511913849,30,30,0.5,15,TRUE
V0.5_c1,bgs,4,vc,500,best,5,9868,25,0.122,0,5,8.6,0.00488,0,0.000176153511913849,30,30,0.6,15,TRUE
V0.5_c1,bgs,4,vc,500,best,8,4390,19,0.164,0,6,10.2,0.00863157894736842,0,0.000176153511913849,30,30,0.5,15,TRUE
V0.5_c1,bgs,4,vc,500,simes,1,85153,11,0.034,0,2,3,0.00309090909090909,0,0.000129179242070156,17,17,0.25,15,TRUE
V0.5_c1,bgs,4,vc,500,simes,2,39779,10,0.028,0,1,2.8,0.0028,0,0.000129179242070156,17,17,0.142857142857143,15,TRUE
V0.5_c1,bgs,4,vc,500,simes,5,9868,14,0.022,0,1,2.2,0.00157142857142857,0,0.000129179242070156,17,17,0.272727272727273,15,TRUE
V0.5_c1,bgs,4,vc,500,simes,8,4390,10,0.036,0,2,3,0.0036,0,0.000129179242070156,17,17,0.2,15,TRUE
V0.5_c1,bgs,5,pop,500,consensus,1,83084,10,0.082,0,3,5.8,0.0082,0,0.000120360117471475,41,41,0.2,14,FALSE
V0.5_c1,bgs,5,pop,500,consensus,2,38957,12,0.086,0,3,6.4,0.00716666666666667,0,0.000120360117471475,41,41,0.25,14,FALSE
V0.5_c1,bgs,5,pop,500,consensus,5,9649,18,0.058,0,3,4.6,0.00322222222222222,0,0.000120360117471475,41,41,0.444444444444444,14,FALSE
V0.5_c1,bgs,5,pop,500,consensus,8,4149,14,0.072,0,2,5.8,0.00514285714285714,0,0.000120360117471475,41,41,0.357142857142857,14,FALSE
V0.5_c1,bgs,5,pop,500,best,1,83084,17,0.13,0,5,8.6,0.00764705882352941,0,0.000204612199701507,65,65,0.411764705882353,14,FALSE
V0.5_c1,bgs,5,pop,500,best,2,38957,20,0.168,0,5,11.2,0.0084,0,0.000204612199701507,65,65,0.421052631578947,14,FALSE
V0.5_c1,bgs,5,pop,500,best,5,9649,23,0.26,0,5,15.6,0.011304347826087,0,0.000204612199701507,65,65,0.545454545454545,14,FALSE
V0.5_c1,bgs,5,pop,500,best,8,4149,23,0.306,0,7,17.4,0.013304347826087,0,0.000204612199701507,65,65,0.590909090909091,14,FALSE
V0.5_c1,bgs,5,pop,500,simes,1,83084,12,0.064,0,3,4.6,0.00533333333333333,0,0.00014443214096577,32,32,0.333333333333333,14,FALSE
V0.5_c1,bgs,5,pop,500,simes,2,38957,16,0.08,0,4,6,0.005,0,0.00014443214096577,32,32,0.375,14,FALSE
V0.5_c1,bgs,5,pop,500,simes,5,9649,17,0.05,0,3,3.8,0.00294117647058824,0,0.00014443214096577,32,32,0.411764705882353,14,FALSE
V0.5_c1,bgs,5,pop,500,simes,8,4149,15,0.05,0,2,4.2,0.00333333333333333,0,0.00014443214096577,32,32,0.4,14,FALSE
V0.5_c1,bgs,5,pop,500,consensus,1,83084,10,0.056,0,3,4.4,0.0056,0,0.000120360117471475,28,28,0.2,14,TRUE
V0.5_c1,bgs,5,pop,500,consensus,2,38957,12,0.07,0,3,5.6,0.00583333333333333,0,0.000120360117471475,28,28,0.25,14,TRUE
V0.5_c1,bgs,5,pop,500,consensus,5,9649,18,0.054,0,3,4.2,0.003,0,0.000120360117471475,28,28,0.444444444444444,14,TRUE
V0.5_c1,bgs,5,pop,500,consensus,8,4149,14,0.07,0,2,6,0.005,0,0.000120360117471475,28,28,0.357142857142857,14,TRUE
V0.5_c1,bgs,5,pop,500,best,1,83084,17,0.1,0,5,6.4,0.00588235294117647,0,0.000204612199701507,50,50,0.411764705882353,14,TRUE
V0.5_c1,bgs,5,pop,500,best,2,38957,20,0.146,0,5,10.4,0.0073,0,0.000204612199701507,50,50,0.421052631578947,14,TRUE
V0.5_c1,bgs,5,pop,500,best,5,9649,23,0.276,0,9,14.4,0.012,0,0.000204612199701507,50,50,0.545454545454545,14,TRUE
V0.5_c1,bgs,5,pop,500,best,8,4149,23,0.282,0,8,16.2,0.0122608695652174,0,0.000204612199701507,50,50,0.590909090909091,14,TRUE
V0.5_c1,bgs,5,pop,500,simes,1,83084,12,0.048,0,3,3.8,0.004,0,0.00014443214096577,24,24,0.333333333333333,14,TRUE
V0.5_c1,bgs,5,pop,500,simes,2,38957,16,0.068,0,4,4.8,0.00425,0,0.00014443214096577,24,24,0.375,14,TRUE
V0.5_c1,bgs,5,pop,500,simes,5,9649,17,0.044,0,3,3.2,0.00258823529411765,0,0.00014443214096577,24,24,0.411764705882353,14,TRUE
V0.5_c1,bgs,5,pop,500,simes,8,4149,15,0.042,0,2,3.6,0.0028,0,0.00014443214096577,24,24,0.4,14,TRUE
V0.5_c1,bgs,5,spatial,500,consensus,1,83084,10,12.942,5,110,75.6,1.2942,0.115129037243085,0.000120360117471475,502,6471,0.2,14,FALSE
V0.5_c1,bgs,5,spatial,500,consensus,2,38957,12,14.36,6,97,80.8,1.19666666666667,0.115129037243085,0.000120360117471475,502,6471,0.25,14,FALSE
V0.5_c1,bgs,5,spatial,500,consensus,5,9649,18,11.104,7,52,75.8,0.616888888888889,0.115129037243085,0.000120360117471475,502,6471,0.444444444444444,14,FALSE
V0.5_c1,bgs,5,spatial,500,consensus,8,4149,14,10.038,6.5,44,80,0.717,0.115129037243085,0.000120360117471475,502,6471,0.357142857142857,14,FALSE
V0.5_c1,bgs,5,spatial,500,best,1,83084,17,24.736,12,173,82,1.45505882352941,0.11254851228978,0.000204612199701507,808,12368,0.411764705882353,14,FALSE
V0.5_c1,bgs,5,spatial,500,best,2,38957,20,31.446,18,190,86.2,1.5723,0.11254851228978,0.000204612199701507,808,12368,0.421052631578947,14,FALSE
V0.5_c1,bgs,5,spatial,500,best,5,9649,23,27.29,23,113,87.8,1.18652173913043,0.11254851228978,0.000204612199701507,808,12368,0.545454545454545,14,FALSE
V0.5_c1,bgs,5,spatial,500,best,8,4149,23,24.392,21,79,92.6,1.06052173913043,0.11254851228978,0.000204612199701507,808,12368,0.590909090909091,14,FALSE
V0.5_c1,bgs,5,spatial,500,simes,1,83084,12,12.842,4,112,74,1.07016666666667,0.133779785080206,0.00014443214096577,505,6421,0.333333333333333,14,FALSE
V0.5_c1,bgs,5,spatial,500,simes,2,38957,16,13.552,6,99,77.8,0.847,0.133779785080206,0.00014443214096577,505,6421,0.375,14,FALSE
V0.5_c1,bgs,5,spatial,500,simes,5,9649,17,10.234,5.5,51,72.8,0.602,0.133779785080206,0.00014443214096577,505,6421,0.411764705882353,14,FALSE
V0.5_c1,bgs,5,spatial,500,simes,8,4149,15,9.21,6,40,77.6,0.614,0.133779785080206,0.00014443214096577,505,6421,0.4,14,FALSE
V0.5_c1,bgs,5,spatial,500,consensus,1,83084,10,2.888,0,65,36.6,0.2888,0,0.000120360117471475,133,1444,0.2,14,TRUE
V0.5_c1,bgs,5,spatial,500,consensus,2,38957,12,2.86,0,44,41,0.238333333333333,0,0.000120360117471475,133,1444,0.25,14,TRUE
V0.5_c1,bgs,5,spatial,500,consensus,5,9649,18,2.21,0,22,43.2,0.122777777777778,0,0.000120360117471475,133,1444,0.444444444444444,14,TRUE
V0.5_c1,bgs,5,spatial,500,consensus,8,4149,14,1.928,0,20,49.4,0.137714285714286,0,0.000120360117471475,133,1444,0.357142857142857,14,TRUE
V0.5_c1,bgs,5,spatial,500,best,1,83084,17,6.456,0,132,40.8,0.379764705882353,0.000929368029739777,0.000204612199701507,260,3228,0.411764705882353,14,TRUE
V0.5_c1,bgs,5,spatial,500,best,2,38957,20,8.608,0,108,48.2,0.4304,0.000929368029739777,0.000204612199701507,260,3228,0.421052631578947,14,TRUE
V0.5_c1,bgs,5,spatial,500,best,5,9649,23,7.98,1,55,57.2,0.34695652173913,0.000929368029739777,0.000204612199701507,260,3228,0.545454545454545,14,TRUE
V0.5_c1,bgs,5,spatial,500,best,8,4149,23,8.588,3,44,69.8,0.373391304347826,0.000929368029739777,0.000204612199701507,260,3228,0.590909090909091,14,TRUE
V0.5_c1,bgs,5,spatial,500,simes,1,83084,12,2.586,0,65,32.4,0.2155,0,0.00014443214096577,130,1293,0.333333333333333,14,TRUE
V0.5_c1,bgs,5,spatial,500,simes,2,38957,16,2.516,0,50,35.2,0.15725,0,0.00014443214096577,130,1293,0.375,14,TRUE
V0.5_c1,bgs,5,spatial,500,simes,5,9649,17,1.752,0,19,36.4,0.103058823529412,0,0.00014443214096577,130,1293,0.411764705882353,14,TRUE
V0.5_c1,bgs,5,spatial,500,simes,8,4149,15,1.746,0,19,44,0.1164,0,0.00014443214096577,130,1293,0.4,14,TRUE
V0.5_c1,bgs,5,vc,500,consensus,1,83084,10,0.038,0,2,3.2,0.0038,0,0.000120360117471475,19,19,0.2,14,FALSE
V0.5_c1,bgs,5,vc,500,consensus,2,38957,12,0.05,0,2,4.2,0.00416666666666667,0,0.000120360117471475,19,19,0.25,14,FALSE
V0.5_c1,bgs,5,vc,500,consensus,5,9649,18,0.044,0,3,3.6,0.00244444444444444,0,0.000120360117471475,19,19,0.444444444444444,14,FALSE
V0.5_c1,bgs,5,vc,500,consensus,8,4149,14,0.046,0,2,4.2,0.00328571428571429,0,0.000120360117471475,19,19,0.357142857142857,14,FALSE
V0.5_c1,bgs,5,vc,500,best,1,83084,17,0.072,0,4,5.4,0.00423529411764706,0.0277777777777778,0.000204612199701507,36,36,0.411764705882353,14,FALSE
V0.5_c1,bgs,5,vc,500,best,2,38957,20,0.14,0,5,9,0.007,0.0277777777777778,0.000204612199701507,36,36,0.421052631578947,14,FALSE
V0.5_c1,bgs,5,vc,500,best,5,9649,23,0.186,0,7,12.8,0.00808695652173913,0.0277777777777778,0.000204612199701507,36,36,0.545454545454545,14,FALSE
V0.5_c1,bgs,5,vc,500,best,8,4149,23,0.178,0,9,11.8,0.00773913043478261,0.0277777777777778,0.000204612199701507,36,36,0.590909090909091,14,FALSE
V0.5_c1,bgs,5,vc,500,simes,1,83084,12,0.038,0,2,3.4,0.00316666666666667,0,0.00014443214096577,19,19,0.333333333333333,14,FALSE
V0.5_c1,bgs,5,vc,500,simes,2,38957,16,0.048,0,2,4.2,0.003,0,0.00014443214096577,19,19,0.375,14,FALSE
V0.5_c1,bgs,5,vc,500,simes,5,9649,17,0.042,0,5,3.4,0.00247058823529412,0,0.00014443214096577,19,19,0.411764705882353,14,FALSE
V0.5_c1,bgs,5,vc,500,simes,8,4149,15,0.036,0,6,2.6,0.0024,0,0.00014443214096577,19,19,0.4,14,FALSE
V0.5_c1,bgs,5,vc,500,consensus,1,83084,10,0.034,0,3,2.8,0.0034,0,0.000120360117471475,17,17,0.2,14,TRUE
V0.5_c1,bgs,5,vc,500,consensus,2,38957,12,0.042,0,2,3.4,0.0035,0,0.000120360117471475,17,17,0.25,14,TRUE
V0.5_c1,bgs,5,vc,500,consensus,5,9649,18,0.042,0,2,4,0.00233333333333333,0,0.000120360117471475,17,17,0.444444444444444,14,TRUE
V0.5_c1,bgs,5,vc,500,consensus,8,4149,14,0.034,0,3,2.8,0.00242857142857143,0,0.000120360117471475,17,17,0.357142857142857,14,TRUE
V0.5_c1,bgs,5,vc,500,best,1,83084,17,0.062,0,3,4.4,0.00364705882352941,0,0.000204612199701507,31,31,0.411764705882353,14,TRUE
V0.5_c1,bgs,5,vc,500,best,2,38957,20,0.118,0,4,8.2,0.0059,0,0.000204612199701507,31,31,0.421052631578947,14,TRUE
V0.5_c1,bgs,5,vc,500,best,5,9649,23,0.146,0,4,11.6,0.00634782608695652,0,0.000204612199701507,31,31,0.545454545454545,14,TRUE
V0.5_c1,bgs,5,vc,500,best,8,4149,23,0.136,0,6,10,0.00591304347826087,0,0.000204612199701507,31,31,0.590909090909091,14,TRUE
V0.5_c1,bgs,5,vc,500,simes,1,83084,12,0.032,0,3,2.6,0.00266666666666667,0,0.00014443214096577,16,16,0.333333333333333,14,TRUE
V0.5_c1,bgs,5,vc,500,simes,2,38957,16,0.048,0,2,3.8,0.003,0,0.00014443214096577,16,16,0.375,14,TRUE
V0.5_c1,bgs,5,vc,500,simes,5,9649,17,0.032,0,1,3.2,0.00188235294117647,0,0.00014443214096577,16,16,0.411764705882353,14,TRUE
V0.5_c1,bgs,5,vc,500,simes,8,4149,15,0.018,0,2,1.6,0.0012,0,0.00014443214096577,16,16,0.4,14,TRUE
V0.5_c1,nobgs,1,pop,500,consensus,1,99835,21,0.084,0,3,6.4,0.004,0.0714285714285714,0.000210347072669905,42,42,0.388888888888889,19,FALSE
V0.5_c1,nobgs,1,pop,500,consensus,2,45912,25,0.068,0,4,5.8,0.00272,0.0714285714285714,0.000210347072669905,42,42,0.454545454545455,19,FALSE
V0.5_c1,nobgs,1,pop,500,consensus,5,12061,24,0.092,0,4,7.8,0.00383333333333333,0.0714285714285714,0.000210347072669905,42,42,0.428571428571429,19,FALSE
V0.5_c1,nobgs,1,pop,500,consensus,8,5771,23,0.086,0,4,7,0.00373913043478261,0.0714285714285714,0.000210347072669905,42,42,0.476190476190476,19,FALSE
V0.5_c1,nobgs,1,pop,500,best,1,99835,28,0.138,0,4,10,0.00492857142857143,0.101449275362319,0.000280462763559874,68,69,0.454545454545455,19,FALSE
V0.5_c1,nobgs,1,pop,500,best,2,45912,36,0.224,0,6,15.2,0.00622222222222222,0.101449275362319,0.000280462763559874,68,69,0.6,19,FALSE
V0.5_c1,nobgs,1,pop,500,best,5,12061,41,0.326,0,5,18.2,0.00795121951219512,0.101449275362319,0.000280462763559874,68,69,0.647058823529412,19,FALSE
V0.5_c1,nobgs,1,pop,500,best,8,5771,33,0.382,0,14,18.8,0.0115757575757576,0.101449275362319,0.000280462763559874,68,69,0.620689655172414,19,FALSE
V0.5_c1,nobgs,1,pop,500,simes,1,99835,22,0.078,0,3,6,0.00354545454545455,0.0512820512820513,0.000220363599939901,39,39,0.368421052631579,19,FALSE
V0.5_c1,nobgs,1,pop,500,simes,2,45912,24,0.07,0,2,6.6,0.00291666666666667,0.0512820512820513,0.000220363599939901,39,39,0.4,19,FALSE
V0.5_c1,nobgs,1,pop,500,simes,5,12061,25,0.09,0,4,6.8,0.0036,0.0512820512820513,0.000220363599939901,39,39,0.428571428571429,19,FALSE
V0.5_c1,nobgs,1,pop,500,simes,8,5771,22,0.098,0,4,7.2,0.00445454545454546,0.0512820512820513,0.000220363599939901,39,39,0.45,19,FALSE
V0.5_c1,nobgs,1,pop,500,consensus,1,99835,21,0.076,0,3,5.8,0.00361904761904762,0,0.000210347072669905,38,38,0.388888888888889,19,TRUE
V0.5_c1,nobgs,1,pop,500,consensus,2,45912,25,0.076,0,2,6.6,0.00304,0,0.000210347072669905,38,38,0.454545454545455,19,TRUE
V0.5_c1,nobgs,1,pop,500,consensus,5,12061,24,0.074,0,4,5.8,0.00308333333333333,0,0.000210347072669905,38,38,0.428571428571429,19,TRUE
V0.5_c1,nobgs,1,pop,500,consensus,8,5771,23,0.07,0,4,5.8,0.00304347826086957,0,0.000210347072669905,38,38,0.476190476190476,19,TRUE
V0.5_c1,nobgs,1,pop,500,best,1,99835,28,0.13,0,3,9.6,0.00464285714285714,0,0.000280462763559874,65,65,0.454545454545455,19,TRUE
V0.5_c1,nobgs,1,pop,500,best,2,45912,36,0.196,0,6,14.4,0.00544444444444445,0,0.000280462763559874,65,65,0.6,19,TRUE
V0.5_c1,nobgs,1,pop,500,best,5,12061,41,0.232,0,4,17.4,0.00565853658536585,0,0.000280462763559874,65,65,0.647058823529412,19,TRUE
V0.5_c1,nobgs,1,pop,500,best,8,5771,33,0.23,0,7,15.2,0.00696969696969697,0,0.000280462763559874,65,65,0.620689655172414,19,TRUE
V0.5_c1,nobgs,1,pop,500,simes,1,99835,22,0.07,0,2,5.6,0.00318181818181818,0,0.000220363599939901,35,35,0.368421052631579,19,TRUE
V0.5_c1,nobgs,1,pop,500,simes,2,45912,24,0.072,0,2,6.6,0.003,0,0.000220363599939901,35,35,0.4,19,TRUE
V0.5_c1,nobgs,1,pop,500,simes,5,12061,25,0.062,0,4,5,0.00248,0,0.000220363599939901,35,35,0.428571428571429,19,TRUE
V0.5_c1,nobgs,1,pop,500,simes,8,5771,22,0.066,0,4,5,0.003,0,0.000220363599939901,35,35,0.45,19,TRUE
V0.5_c1,nobgs,1,spatial,500,consensus,1,99835,21,16.896,10,88,89.4,0.804571428571429,0.263375946969697,0.000210347072669905,471,8448,0.388888888888889,19,FALSE
V0.5_c1,nobgs,1,spatial,500,consensus,2,45912,25,19.3,13,88,90.8,0.772,0.263375946969697,0.000210347072669905,471,8448,0.454545454545455,19,FALSE
V0.5_c1,nobgs,1,spatial,500,consensus,5,12061,24,17.676,13,80,92.6,0.7365,0.263375946969697,0.000210347072669905,471,8448,0.428571428571429,19,FALSE
V0.5_c1,nobgs,1,spatial,500,consensus,8,5771,23,14.798,11,66,90.6,0.643391304347826,0.263375946969697,0.000210347072669905,471,8448,0.476190476190476,19,FALSE
V0.5_c1,nobgs,1,spatial,500,best,1,99835,28,31.644,23,171,93.4,1.13014285714286,0.247124257363165,0.000280462763559874,855,15822,0.454545454545455,19,FALSE
V0.5_c1,nobgs,1,spatial,500,best,2,45912,36,40.858,31.5,184,95.4,1.13494444444444,0.247124257363165,0.000280462763559874,855,15822,0.6,19,FALSE
V0.5_c1,nobgs,1,spatial,500,best,5,12061,41,39.19,33.5,160,97.2,0.955853658536585,0.247124257363165,0.000280462763559874,855,15822,0.647058823529412,19,FALSE
V0.5_c1,nobgs,1,spatial,500,best,8,5771,33,32.008,28,104,96.8,0.969939393939394,0.247124257363165,0.000280462763559874,855,15822,0.620689655172414,19,FALSE
V0.5_c1,nobgs,1,spatial,500,simes,1,99835,22,17.372,11,93,88.8,0.789636363636364,0.301749942436104,0.000220363599939901,497,8686,0.368421052631579,19,FALSE
V0.5_c1,nobgs,1,spatial,500,simes,2,45912,24,19.162,13,95,90.2,0.798416666666667,0.301749942436104,0.000220363599939901,497,8686,0.4,19,FALSE
V0.5_c1,nobgs,1,spatial,500,simes,5,12061,25,17.004,12,81,91.8,0.68016,0.301749942436104,0.000220363599939901,497,8686,0.428571428571429,19,FALSE
V0.5_c1,nobgs,1,spatial,500,simes,8,5771,22,14.022,10,58,91.2,0.637363636363636,0.301749942436104,0.000220363599939901,497,8686,0.45,19,FALSE
V0.5_c1,nobgs,1,spatial,500,consensus,1,99835,21,2.504,1,32,59.8,0.119238095238095,0.151757188498403,0.000210347072669905,111,1252,0.388888888888889,19,TRUE
V0.5_c1,nobgs,1,spatial,500,consensus,2,45912,25,3.34,1,41,66,0.1336,0.151757188498403,0.000210347072669905,111,1252,0.454545454545455,19,TRUE
V0.5_c1,nobgs,1,spatial,500,consensus,5,12061,24,2.39,1,14,60.4,0.0995833333333333,0.151757188498403,0.000210347072669905,111,1252,0.428571428571429,19,TRUE
V0.5_c1,nobgs,1,spatial,500,consensus,8,5771,23,1.936,1,12,52.6,0.0841739130434783,0.151757188498403,0.000210347072669905,111,1252,0.476190476190476,19,TRUE
V0.5_c1,nobgs,1,spatial,500,best,1,99835,28,5.272,2,62,65.8,0.188285714285714,0.157056145675266,0.000280462763559874,233,2636,0.454545454545455,19,TRUE
V0.5_c1,nobgs,1,spatial,500,best,2,45912,36,7.894,3,87,72.2,0.219277777777778,0.157056145675266,0.000280462763559874,233,2636,0.6,19,TRUE
V0.5_c1,nobgs,1,spatial,500,best,5,12061,41,6.898,4,65,74.4,0.168243902439024,0.157056145675266,0.000280462763559874,233,2636,0.647058823529412,19,TRUE
V0.5_c1,nobgs,1,spatial,500,best,8,5771,33,5.846,3,41,73.2,0.177151515151515,0.157056145675266,0.000280462763559874,233,2636,0.620689655172414,19,TRUE
V0.5_c1,nobgs,1,spatial,500,simes,1,99835,22,2.452,1,33,55,0.111454545454545,0.218597063621533,0.000220363599939901,113,1226,0.368421052631579,19,TRUE
V0.5_c1,nobgs,1,spatial,500,simes,2,45912,24,2.932,1,39,56.4,0.122166666666667,0.218597063621533,0.000220363599939901,113,1226,0.4,19,TRUE
V0.5_c1,nobgs,1,spatial,500,simes,5,12061,25,2.252,1,15,56.6,0.09008,0.218597063621533,0.000220363599939901,113,1226,0.428571428571429,19,TRUE
V0.5_c1,nobgs,1,spatial,500,simes,8,5771,22,1.846,1,16,51.2,0.0839090909090909,0.218597063621533,0.000220363599939901,113,1226,0.45,19,TRUE
V0.5_c1,nobgs,1,vc,500,consensus,1,99835,21,0.026,0,1,2.6,0.00123809523809524,0,0.000210347072669905,13,13,0.388888888888889,19,FALSE
V0.5_c1,nobgs,1,vc,500,consensus,2,45912,25,0.024,0,2,2.2,0.00096,0,0.000210347072669905,13,13,0.454545454545455,19,FALSE
V0.5_c1,nobgs,1,vc,500,consensus,5,12061,24,0.046,0,2,4.2,0.00191666666666667,0,0.000210347072669905,13,13,0.428571428571429,19,FALSE
V0.5_c1,nobgs,1,vc,500,consensus,8,5771,23,0.042,0,2,3.8,0.00182608695652174,0,0.000210347072669905,13,13,0.476190476190476,19,FALSE
V0.5_c1,nobgs,1,vc,500,best,1,99835,28,0.044,0,2,4.2,0.00157142857142857,0,0.000280462763559874,22,22,0.454545454545455,19,FALSE
V0.5_c1,nobgs,1,vc,500,best,2,45912,36,0.072,0,3,5.2,0.002,0,0.000280462763559874,22,22,0.6,19,FALSE
V0.5_c1,nobgs,1,vc,500,best,5,12061,41,0.152,0,5,11,0.00370731707317073,0,0.000280462763559874,22,22,0.647058823529412,19,FALSE
V0.5_c1,nobgs,1,vc,500,best,8,5771,33,0.196,0,6,14,0.00593939393939394,0,0.000280462763559874,22,22,0.620689655172414,19,FALSE
V0.5_c1,nobgs,1,vc,500,simes,1,99835,22,0.03,0,1,3,0.00136363636363636,0,0.000220363599939901,15,15,0.368421052631579,19,FALSE
V0.5_c1,nobgs,1,vc,500,simes,2,45912,24,0.026,0,2,2.4,0.00108333333333333,0,0.000220363599939901,15,15,0.4,19,FALSE
V0.5_c1,nobgs,1,vc,500,simes,5,12061,25,0.034,0,1,3.4,0.00136,0,0.000220363599939901,15,15,0.428571428571429,19,FALSE
V0.5_c1,nobgs,1,vc,500,simes,8,5771,22,0.034,0,2,3.2,0.00154545454545455,0,0.000220363599939901,15,15,0.45,19,FALSE
V0.5_c1,nobgs,1,vc,500,consensus,1,99835,21,0.026,0,1,2.6,0.00123809523809524,0,0.000210347072669905,13,13,0.388888888888889,19,TRUE
V0.5_c1,nobgs,1,vc,500,consensus,2,45912,25,0.026,0,2,2.4,0.00104,0,0.000210347072669905,13,13,0.454545454545455,19,TRUE
V0.5_c1,nobgs,1,vc,500,consensus,5,12061,24,0.03,0,2,2.6,0.00125,0,0.000210347072669905,13,13,0.428571428571429,19,TRUE
V0.5_c1,nobgs,1,vc,500,consensus,8,5771,23,0.038,0,2,3.4,0.00165217391304348,0,0.000210347072669905,13,13,0.476190476190476,19,TRUE
V0.5_c1,nobgs,1,vc,500,best,1,99835,28,0.04,0,1,4,0.00142857142857143,0,0.000280462763559874,20,20,0.454545454545455,19,TRUE
V0.5_c1,nobgs,1,vc,500,best,2,45912,36,0.064,0,3,4.8,0.00177777777777778,0,0.000280462763559874,20,20,0.6,19,TRUE
V0.5_c1,nobgs,1,vc,500,best,5,12061,41,0.11,0,3,9,0.00268292682926829,0,0.000280462763559874,20,20,0.647058823529412,19,TRUE
V0.5_c1,nobgs,1,vc,500,best,8,5771,33,0.128,0,3,9.8,0.00387878787878788,0,0.000280462763559874,20,20,0.620689655172414,19,TRUE
V0.5_c1,nobgs,1,vc,500,simes,1,99835,22,0.032,0,1,3.2,0.00145454545454545,0,0.000220363599939901,16,16,0.368421052631579,19,TRUE
V0.5_c1,nobgs,1,vc,500,simes,2,45912,24,0.026,0,2,2.2,0.00108333333333333,0,0.000220363599939901,16,16,0.4,19,TRUE
V0.5_c1,nobgs,1,vc,500,simes,5,12061,25,0.028,0,1,2.8,0.00112,0,0.000220363599939901,16,16,0.428571428571429,19,TRUE
V0.5_c1,nobgs,1,vc,500,simes,8,5771,22,0.03,0,2,2.8,0.00136363636363636,0,0.000220363599939901,16,16,0.45,19,TRUE
V0.5_c1,nobgs,2,pop,500,consensus,1,101569,25,0.098,0,4,7.6,0.00392,0.0612244897959184,0.000246138093315874,49,49,0.5,20,FALSE
V0.5_c1,nobgs,2,pop,500,consensus,2,46755,29,0.08,0,4,6.4,0.00275862068965517,0.0612244897959184,0.000246138093315874,49,49,0.526315789473684,20,FALSE
V0.5_c1,nobgs,2,pop,500,consensus,5,12608,24,0.096,0,3,7.6,0.004,0.0612244897959184,0.000246138093315874,49,49,0.375,20,FALSE
V0.5_c1,nobgs,2,pop,500,consensus,8,5975,19,0.08,0,3,6.4,0.00421052631578947,0.0612244897959184,0.000246138093315874,49,49,0.333333333333333,20,FALSE
V0.5_c1,nobgs,2,pop,500,best,1,101569,27,0.158,0,5,10.2,0.00585185185185185,0.0759493670886076,0.000265829140781144,78,79,0.5,20,FALSE
V0.5_c1,nobgs,2,pop,500,best,2,46755,50,0.224,0,7,14.2,0.00448,0.0759493670886076,0.000265829140781144,78,79,0.702702702702703,20,FALSE
V0.5_c1,nobgs,2,pop,500,best,5,12608,37,0.294,0,7,17,0.00794594594594595,0.0759493670886076,0.000265829140781144,78,79,0.535714285714286,20,FALSE
V0.5_c1,nobgs,2,pop,500,best,8,5975,35,0.354,0,7,17.8,0.0101142857142857,0.0759493670886076,0.000265829140781144,78,79,0.555555555555556,20,FALSE
V0.5_c1,nobgs,2,pop,500,simes,1,101569,21,0.076,0,3,6.4,0.00361904761904762,0,0.000206755998385334,38,38,0.5,20,FALSE
V0.5_c1,nobgs,2,pop,500,simes,2,46755,23,0.072,0,5,5.6,0.0031304347826087,0,0.000206755998385334,38,38,0.4375,20,FALSE
V0.5_c1,nobgs,2,pop,500,simes,5,12608,23,0.072,0,4,5.8,0.0031304347826087,0,0.000206755998385334,38,38,0.4,20,FALSE
V0.5_c1,nobgs,2,pop,500,simes,8,5975,21,0.076,0,2,6.2,0.00361904761904762,0,0.000206755998385334,38,38,0.333333333333333,20,FALSE
V0.5_c1,nobgs,2,pop,500,consensus,1,101569,25,0.072,0,3,6.2,0.00288,0,0.000246138093315874,36,36,0.5,20,TRUE
V0.5_c1,nobgs,2,pop,500,consensus,2,46755,29,0.072,0,2,6.4,0.00248275862068966,0,0.000246138093315874,36,36,0.526315789473684,20,TRUE
V0.5_c1,nobgs,2,pop,500,consensus,5,12608,24,0.056,0,3,4.4,0.00233333333333333,0,0.000246138093315874,36,36,0.375,20,TRUE
V0.5_c1,nobgs,2,pop,500,consensus,8,5975,19,0.054,0,2,4.2,0.00284210526315789,0,0.000246138093315874,36,36,0.333333333333333,20,TRUE
V0.5_c1,nobgs,2,pop,500,best,1,101569,27,0.12,0,4,9.2,0.00444444444444444,0,0.000265829140781144,59,60,0.5,20,TRUE
V0.5_c1,nobgs,2,pop,500,best,2,46755,50,0.168,0,4,12.6,0.00336,0,0.000265829140781144,59,60,0.702702702702703,20,TRUE
V0.5_c1,nobgs,2,pop,500,best,5,12608,37,0.198,0,4,13.4,0.00535135135135135,0,0.000265829140781144,59,60,0.535714285714286,20,TRUE
V0.5_c1,nobgs,2,pop,500,best,8,5975,35,0.228,0,6,15.2,0.00651428571428571,0,0.000265829140781144,59,60,0.555555555555556,20,TRUE
V0.5_c1,nobgs,2,pop,500,simes,1,101569,21,0.072,0,3,6.2,0.00342857142857143,0,0.000206755998385334,36,36,0.5,20,TRUE
V0.5_c1,nobgs,2,pop,500,simes,2,46755,23,0.054,0,2,4.6,0.00234782608695652,0,0.000206755998385334,36,36,0.4375,20,TRUE
V0.5_c1,nobgs,2,pop,500,simes,5,12608,23,0.046,0,2,4.2,0.002,0,0.000206755998385334,36,36,0.4,20,TRUE
V0.5_c1,nobgs,2,pop,500,simes,8,5975,21,0.058,0,2,4.8,0.00276190476190476,0,0.000206755998385334,36,36,0.333333333333333,20,TRUE
V0.5_c1,nobgs,2,spatial,500,consensus,1,101569,25,17.382,13,103,87.2,0.69528,0.323207916235186,0.000246138093315874,480,8691,0.5,20,FALSE
V0.5_c1,nobgs,2,spatial,500,consensus,2,46755,29,19.532,15,98,90.8,0.67351724137931,0.323207916235186,0.000246138093315874,480,8691,0.526315789473684,20,FALSE
V0.5_c1,nobgs,2,spatial,500,consensus,5,12608,24,15.854,14,68,90.6,0.660583333333333,0.323207916235186,0.000246138093315874,480,8691,0.375,20,FALSE
V0.5_c1,nobgs,2,spatial,500,consensus,8,5975,19,12.542,10,55,92.2,0.660105263157895,0.323207916235186,0.000246138093315874,480,8691,0.333333333333333,20,FALSE
V0.5_c1,nobgs,2,spatial,500,best,1,101569,27,29.854,22,180,94.2,1.1057037037037,0.240905741274201,0.000265829140781144,786,14927,0.5,20,FALSE
V0.5_c1,nobgs,2,spatial,500,best,2,46755,50,37.56,28.5,185,96.4,0.7512,0.240905741274201,0.000265829140781144,786,14927,0.702702702702703,20,FALSE
V0.5_c1,nobgs,2,spatial,500,best,5,12608,37,30.956,27,113,97.8,0.836648648648649,0.240905741274201,0.000265829140781144,786,14927,0.535714285714286,20,FALSE
V0.5_c1,nobgs,2,spatial,500,best,8,5975,35,23.438,20,79,98,0.669657142857143,0.240905741274201,0.000265829140781144,786,14927,0.555555555555556,20,FALSE
V0.5_c1,nobgs,2,spatial,500,simes,1,101569,21,17.618,13,110,88.6,0.838952380952381,0.288909070269043,0.000206755998385334,495,8809,0.5,20,FALSE
V0.5_c1,nobgs,2,spatial,500,simes,2,46755,23,19.11,14,106,90,0.830869565217391,0.288909070269043,0.000206755998385334,495,8809,0.4375,20,FALSE
V0.5_c1,nobgs,2,spatial,500,simes,5,12608,23,15.59,14,66,91.8,0.677826086956522,0.288909070269043,0.000206755998385334,495,8809,0.4,20,FALSE
V0.5_c1,nobgs,2,spatial,500,simes,8,5975,21,12.076,10,53,91.4,0.575047619047619,0.288909070269043,0.000206755998385334,495,8809,0.333333333333333,20,FALSE
V0.5_c1,nobgs,2,spatial,500,consensus,1,101569,25,5.466,1,64,62.6,0.21864,0.0691547749725576,0.000246138093315874,189,2733,0.5,20,TRUE
V0.5_c1,nobgs,2,spatial,500,consensus,2,46755,29,5.368,2,48,61.4,0.185103448275862,0.0691547749725576,0.000246138093315874,189,2733,0.526315789473684,20,TRUE
V0.5_c1,nobgs,2,spatial,500,consensus,5,12608,24,3.868,1,20,58.6,0.161166666666667,0.0691547749725576,0.000246138093315874,189,2733,0.375,20,TRUE
V0.5_c1,nobgs,2,spatial,500,consensus,8,5975,19,3.152,2,17,62,0.165894736842105,0.0691547749725576,0.000246138093315874,189,2733,0.333333333333333,20,TRUE
V0.5_c1,nobgs,2,spatial,500,best,1,101569,27,11.32,4,99,74.6,0.419259259259259,0.0759717314487633,0.000265829140781144,376,5660,0.5,20,TRUE
V0.5_c1,nobgs,2,spatial,500,best,2,46755,50,14.32,6,98,78.2,0.2864,0.0759717314487633,0.000265829140781144,376,5660,0.702702702702703,20,TRUE
V0.5_c1,nobgs,2,spatial,500,best,5,12608,37,10.298,7,43,77.6,0.278324324324324,0.0759717314487633,0.000265829140781144,376,5660,0.535714285714286,20,TRUE
V0.5_c1,nobgs,2,spatial,500,best,8,5975,35,7.274,5,31,77.4,0.207828571428571,0.0759717314487633,0.000265829140781144,376,5660,0.555555555555556,20,TRUE
V0.5_c1,nobgs,2,spatial,500,simes,1,101569,21,5.46,1,65,64,0.26,0.0432234432234432,0.000206755998385334,214,2730,0.5,20,TRUE
V0.5_c1,nobgs,2,spatial,500,simes,2,46755,23,5.56,2,56,65.6,0.241739130434783,0.0432234432234432,0.000206755998385334,214,2730,0.4375,20,TRUE
V0.5_c1,nobgs,2,spatial,500,simes,5,12608,23,3.928,1,23,60.8,0.170782608695652,0.0432234432234432,0.000206755998385334,214,2730,0.4,20,TRUE
V0.5_c1,nobgs,2,spatial,500,simes,8,5975,21,2.96,1,17,59.6,0.140952380952381,0.0432234432234432,0.000206755998385334,214,2730,0.333333333333333,20,TRUE
V0.5_c1,nobgs,2,vc,500,consensus,1,101569,25,0.032,0,2,3,0.00128,0,0.000246138093315874,16,16,0.5,20,FALSE
V0.5_c1,nobgs,2,vc,500,consensus,2,46755,29,0.05,0,3,4.6,0.00172413793103448,0,0.000246138093315874,16,16,0.526315789473684,20,FALSE
V0.5_c1,nobgs,2,vc,500,consensus,5,12608,24,0.05,0,2,4.8,0.00208333333333333,0,0.000246138093315874,16,16,0.375,20,FALSE
V0.5_c1,nobgs,2,vc,500,consensus,8,5975,19,0.052,0,2,4.4,0.00273684210526316,0,0.000246138093315874,16,16,0.333333333333333,20,FALSE
V0.5_c1,nobgs,2,vc,500,best,1,101569,27,0.084,0,2,7.2,0.00311111111111111,0,0.000265829140781144,42,42,0.5,20,FALSE
V0.5_c1,nobgs,2,vc,500,best,2,46755,50,0.12,0,4,9,0.0024,0,0.000265829140781144,42,42,0.702702702702703,20,FALSE
V0.5_c1,nobgs,2,vc,500,best,5,12608,37,0.15,0,5,11.2,0.00405405405405405,0,0.000265829140781144,42,42,0.535714285714286,20,FALSE
V0.5_c1,nobgs,2,vc,500,best,8,5975,35,0.27,0,9,14.8,0.00771428571428572,0,0.000265829140781144,42,42,0.555555555555556,20,FALSE
V0.5_c1,nobgs,2,vc,500,simes,1,101569,21,0.026,0,1,2.6,0.00123809523809524,0,0.000206755998385334,13,13,0.5,20,FALSE
V0.5_c1,nobgs,2,vc,500,simes,2,46755,23,0.054,0,2,5.2,0.00234782608695652,0,0.000206755998385334,13,13,0.4375,20,FALSE
V0.5_c1,nobgs,2,vc,500,simes,5,12608,23,0.034,0,2,3,0.00147826086956522,0,0.000206755998385334,13,13,0.4,20,FALSE
V0.5_c1,nobgs,2,vc,500,simes,8,5975,21,0.05,0,3,4,0.00238095238095238,0,0.000206755998385334,13,13,0.333333333333333,20,FALSE
V0.5_c1,nobgs,2,vc,500,consensus,1,101569,25,0.028,0,3,2.4,0.00112,0,0.000246138093315874,14,14,0.5,20,TRUE
V0.5_c1,nobgs,2,vc,500,consensus,2,46755,29,0.044,0,3,3.6,0.00151724137931034,0,0.000246138093315874,14,14,0.526315789473684,20,TRUE
V0.5_c1,nobgs,2,vc,500,consensus,5,12608,24,0.044,0,2,4.2,0.00183333333333333,0,0.000246138093315874,14,14,0.375,20,TRUE
V0.5_c1,nobgs,2,vc,500,consensus,8,5975,19,0.048,0,4,3.6,0.00252631578947368,0,0.000246138093315874,14,14,0.333333333333333,20,TRUE
V0.5_c1,nobgs,2,vc,500,best,1,101569,27,0.06,0,3,4.8,0.00222222222222222,0,0.000265829140781144,30,30,0.5,20,TRUE
V0.5_c1,nobgs,2,vc,500,best,2,46755,50,0.112,0,4,8.4,0.00224,0,0.000265829140781144,30,30,0.702702702702703,20,TRUE
V0.5_c1,nobgs,2,vc,500,best,5,12608,37,0.128,0,4,10,0.00345945945945946,0,0.000265829140781144,30,30,0.535714285714286,20,TRUE
V0.5_c1,nobgs,2,vc,500,best,8,5975,35,0.164,0,7,11,0.00468571428571429,0,0.000265829140781144,30,30,0.555555555555556,20,TRUE
V0.5_c1,nobgs,2,vc,500,simes,1,101569,21,0.028,0,3,2.4,0.00133333333333333,0,0.000206755998385334,14,14,0.5,20,TRUE
V0.5_c1,nobgs,2,vc,500,simes,2,46755,23,0.036,0,3,3.2,0.00156521739130435,0,0.000206755998385334,14,14,0.4375,20,TRUE
V0.5_c1,nobgs,2,vc,500,simes,5,12608,23,0.032,0,2,2.8,0.00139130434782609,0,0.000206755998385334,14,14,0.4,20,TRUE
V0.5_c1,nobgs,2,vc,500,simes,8,5975,21,0.046,0,4,3.4,0.00219047619047619,0,0.000206755998385334,14,14,0.333333333333333,20,TRUE
V0.5_c1,nobgs,3,pop,500,consensus,1,99787,36,0.092,0,4,7,0.00255555555555556,0,0.000360768436770321,45,46,0.551724137931035,21,FALSE
V0.5_c1,nobgs,3,pop,500,consensus,2,45839,39,0.09,0,4,6.6,0.00230769230769231,0,0.000360768436770321,45,46,0.59375,21,FALSE
V0.5_c1,nobgs,3,pop,500,consensus,5,12231,36,0.108,0,4,7.2,0.003,0,0.000360768436770321,45,46,0.566666666666667,21,FALSE
V0.5_c1,nobgs,3,pop,500,consensus,8,5830,36,0.132,0,7,6.4,0.00366666666666667,0,0.000360768436770321,45,46,0.571428571428571,21,FALSE
V0.5_c1,nobgs,3,pop,500,best,1,99787,52,0.214,0,10,11.8,0.00411538461538462,0.130841121495327,0.000521109964223797,103,107,0.675,21,FALSE
V0.5_c1,nobgs,3,pop,500,best,2,45839,61,0.266,0,10,14.8,0.00436065573770492,0.130841121495327,0.000521109964223797,103,107,0.729166666666667,21,FALSE
V0.5_c1,nobgs,3,pop,500,best,5,12231,61,0.458,0,21,17.4,0.00750819672131148,0.130841121495327,0.000521109964223797,103,107,0.704545454545455,21,FALSE
V0.5_c1,nobgs,3,pop,500,best,8,5830,54,0.606,0,20,22.6,0.0112222222222222,0.130841121495327,0.000521109964223797,103,107,0.657894736842105,21,FALSE
V0.5_c1,nobgs,3,pop,500,simes,1,99787,35,0.102,0,7,7.2,0.00291428571428571,0.0784313725490196,0.000350747091304479,51,51,0.571428571428571,21,FALSE
V0.5_c1,nobgs,3,pop,500,simes,2,45839,33,0.086,0,5,6,0.00260606060606061,0.0784313725490196,0.000350747091304479,51,51,0.571428571428571,21,FALSE
V0.5_c1,nobgs,3,pop,500,simes,5,12231,32,0.11,0,8,6,0.0034375,0.0784313725490196,0.000350747091304479,51,51,0.518518518518519,21,FALSE
V0.5_c1,nobgs,3,pop,500,simes,8,5830,30,0.114,0,7,5.8,0.0038,0.0784313725490196,0.000350747091304479,51,51,0.5,21,FALSE
V0.5_c1,nobgs,3,pop,500,consensus,1,99787,36,0.072,0,2,6.4,0.002,0,0.000360768436770321,36,36,0.551724137931035,21,TRUE
V0.5_c1,nobgs,3,pop,500,consensus,2,45839,39,0.058,0,2,5.2,0.00148717948717949,0,0.000360768436770321,36,36,0.59375,21,TRUE
V0.5_c1,nobgs,3,pop,500,consensus,5,12231,36,0.076,0,4,5,0.00211111111111111,0,0.000360768436770321,36,36,0.566666666666667,21,TRUE
V0.5_c1,nobgs,3,pop,500,consensus,8,5830,36,0.086,0,6,5.4,0.00238888888888889,0,0.000360768436770321,36,36,0.571428571428571,21,TRUE
V0.5_c1,nobgs,3,pop,500,best,1,99787,52,0.13,0,6,9.8,0.0025,0,0.000521109964223797,65,65,0.675,21,TRUE
V0.5_c1,nobgs,3,pop,500,best,2,45839,61,0.168,0,5,12,0.00275409836065574,0,0.000521109964223797,65,65,0.729166666666667,21,TRUE
V0.5_c1,nobgs,3,pop,500,best,5,12231,61,0.234,0,6,15.2,0.00383606557377049,0,0.000521109964223797,65,65,0.704545454545455,21,TRUE
V0.5_c1,nobgs,3,pop,500,best,8,5830,54,0.288,0,11,16.6,0.00533333333333333,0,0.000521109964223797,65,65,0.657894736842105,21,TRUE
V0.5_c1,nobgs,3,pop,500,simes,1,99787,35,0.064,0,2,5.6,0.00182857142857143,0,0.000350747091304479,32,32,0.571428571428571,21,TRUE
V0.5_c1,nobgs,3,pop,500,simes,2,45839,33,0.056,0,3,4.6,0.0016969696969697,0,0.000350747091304479,32,32,0.571428571428571,21,TRUE
V0.5_c1,nobgs,3,pop,500,simes,5,12231,32,0.066,0,4,4.2,0.0020625,0,0.000350747091304479,32,32,0.518518518518519,21,TRUE
V0.5_c1,nobgs,3,pop,500,simes,8,5830,30,0.066,0,4,4.2,0.0022,0,0.000350747091304479,32,32,0.5,21,TRUE
V0.5_c1,nobgs,3,spatial,500,consensus,1,99787,36,26.17,21,115,97,0.726944444444445,0.34772640427971,0.000360768436770321,565,13085,0.551724137931035,21,FALSE
V0.5_c1,nobgs,3,spatial,500,consensus,2,45839,39,28.612,23,124,98.6,0.733641025641026,0.34772640427971,0.000360768436770321,565,13085,0.59375,21,FALSE
V0.5_c1,nobgs,3,spatial,500,consensus,5,12231,36,26.69,23.5,78,97.8,0.741388888888889,0.34772640427971,0.000360768436770321,565,13085,0.566666666666667,21,FALSE
V0.5_c1,nobgs,3,spatial,500,consensus,8,5830,36,24.008,21,66,98.2,0.666888888888889,0.34772640427971,0.000360768436770321,565,13085,0.571428571428571,21,FALSE
V0.5_c1,nobgs,3,spatial,500,best,1,99787,52,43.642,36,226,99,0.839269230769231,0.309930800604922,0.000521109964223797,948,21821,0.675,21,FALSE
V0.5_c1,nobgs,3,spatial,500,best,2,45839,61,54.34,47,234,99.2,0.890819672131148,0.309930800604922,0.000521109964223797,948,21821,0.729166666666667,21,FALSE
V0.5_c1,nobgs,3,spatial,500,best,5,12231,61,55.276,51,157,99.8,0.90616393442623,0.309930800604922,0.000521109964223797,948,21821,0.704545454545455,21,FALSE
V0.5_c1,nobgs,3,spatial,500,best,8,5830,54,49.012,47,125,100,0.90762962962963,0.309930800604922,0.000521109964223797,948,21821,0.657894736842105,21,FALSE
V0.5_c1,nobgs,3,spatial,500,simes,1,99787,35,25.972,21,113,96.8,0.742057142857143,0.34244571076544,0.000350747091304479,552,12986,0.571428571428571,21,FALSE
V0.5_c1,nobgs,3,spatial,500,simes,2,45839,33,27.444,24,126,97.8,0.831636363636364,0.34244571076544,0.000350747091304479,552,12986,0.571428571428571,21,FALSE
V0.5_c1,nobgs,3,spatial,500,simes,5,12231,32,24.984,22,74,98.2,0.78075,0.34244571076544,0.000350747091304479,552,12986,0.518518518518519,21,FALSE
V0.5_c1,nobgs,3,spatial,500,simes,8,5830,30,22.258,20,62,98.8,0.741933333333333,0.34244571076544,0.000350747091304479,552,12986,0.5,21,FALSE
V0.5_c1,nobgs,3,spatial,500,consensus,1,99787,36,7.012,4,57,78.4,0.194777777777778,0.0259555048488306,0.000360768436770321,182,3506,0.551724137931035,21,TRUE
V0.5_c1,nobgs,3,spatial,500,consensus,2,45839,39,7.944,5,58,84,0.203692307692308,0.0259555048488306,0.000360768436770321,182,3506,0.59375,21,TRUE
V0.5_c1,nobgs,3,spatial,500,consensus,5,12231,36,6.774,4,35,80.6,0.188166666666667,0.0259555048488306,0.000360768436770321,182,3506,0.566666666666667,21,TRUE
V0.5_c1,nobgs,3,spatial,500,consensus,8,5830,36,6.038,5,25,83,0.167722222222222,0.0259555048488306,0.000360768436770321,182,3506,0.571428571428571,21,TRUE
V0.5_c1,nobgs,3,spatial,500,best,1,99787,52,15.474,9,98,89,0.297576923076923,0.066434018353367,0.000521109964223797,398,7737,0.675,21,TRUE
V0.5_c1,nobgs,3,spatial,500,best,2,45839,61,20.14,12,122,92.2,0.33016393442623,0.066434018353367,0.000521109964223797,398,7737,0.729166666666667,21,TRUE
V0.5_c1,nobgs,3,spatial,500,best,5,12231,61,21.472,17,87,95,0.352,0.066434018353367,0.000521109964223797,398,7737,0.704545454545455,21,TRUE
V0.5_c1,nobgs,3,spatial,500,best,8,5830,54,18.448,16,65,96.2,0.34162962962963,0.066434018353367,0.000521109964223797,398,7737,0.657894736842105,21,TRUE
V0.5_c1,nobgs,3,spatial,500,simes,1,99787,35,7.308,5,61,79.4,0.2088,0.0405035577449371,0.000350747091304479,193,3654,0.571428571428571,21,TRUE
V0.5_c1,nobgs,3,spatial,500,simes,2,45839,33,8.082,5,56,81.4,0.244909090909091,0.0405035577449371,0.000350747091304479,193,3654,0.571428571428571,21,TRUE
V0.5_c1,nobgs,3,spatial,500,simes,5,12231,32,6.952,5,40,82,0.21725,0.0405035577449371,0.000350747091304479,193,3654,0.518518518518519,21,TRUE
V0.5_c1,nobgs,3,spatial,500,simes,8,5830,30,6.034,4.5,27,85,0.201133333333333,0.0405035577449371,0.000350747091304479,193,3654,0.5,21,TRUE
V0.5_c1,nobgs,3,vc,500,consensus,1,99787,36,0.05,0,3,4,0.00138888888888889,0,0.000360768436770321,25,25,0.551724137931035,21,FALSE
V0.5_c1,nobgs,3,vc,500,consensus,2,45839,39,0.052,0,3,4.2,0.00133333333333333,0,0.000360768436770321,25,25,0.59375,21,FALSE
V0.5_c1,nobgs,3,vc,500,consensus,5,12231,36,0.084,0,4,5.8,0.00233333333333333,0,0.000360768436770321,25,25,0.566666666666667,21,FALSE
V0.5_c1,nobgs,3,vc,500,consensus,8,5830,36,0.068,0,3,5.6,0.00188888888888889,0,0.000360768436770321,25,25,0.571428571428571,21,FALSE
V0.5_c1,nobgs,3,vc,500,best,1,99787,52,0.072,0,5,5.2,0.00138461538461538,0.0277777777777778,0.000521109964223797,36,36,0.675,21,FALSE
V0.5_c1,nobgs,3,vc,500,best,2,45839,61,0.126,0,6,9.2,0.0020655737704918,0.0277777777777778,0.000521109964223797,36,36,0.729166666666667,21,FALSE
V0.5_c1,nobgs,3,vc,500,best,5,12231,61,0.234,0,12,12,0.00383606557377049,0.0277777777777778,0.000521109964223797,36,36,0.704545454545455,21,FALSE
V0.5_c1,nobgs,3,vc,500,best,8,5830,54,0.242,0,10,13.6,0.00448148148148148,0.0277777777777778,0.000521109964223797,36,36,0.657894736842105,21,FALSE
V0.5_c1,nobgs,3,vc,500,simes,1,99787,35,0.046,0,2,3.8,0.00131428571428571,0,0.000350747091304479,23,23,0.571428571428571,21,FALSE
V0.5_c1,nobgs,3,vc,500,simes,2,45839,33,0.044,0,3,3.2,0.00133333333333333,0,0.000350747091304479,23,23,0.571428571428571,21,FALSE
V0.5_c1,nobgs,3,vc,500,simes,5,12231,32,0.062,0,3,4,0.0019375,0,0.000350747091304479,23,23,0.518518518518519,21,FALSE
V0.5_c1,nobgs,3,vc,500,simes,8,5830,30,0.046,0,2,3.4,0.00153333333333333,0,0.000350747091304479,23,23,0.5,21,FALSE
V0.5_c1,nobgs,3,vc,500,consensus,1,99787,36,0.03,0,2,2.8,0.000833333333333333,0,0.000360768436770321,15,15,0.551724137931035,21,TRUE
V0.5_c1,nobgs,3,vc,500,consensus,2,45839,39,0.038,0,2,3.6,0.000974358974358974,0,0.000360768436770321,15,15,0.59375,21,TRUE
V0.5_c1,nobgs,3,vc,500,consensus,5,12231,36,0.082,0,4,5.4,0.00227777777777778,0,0.000360768436770321,15,15,0.566666666666667,21,TRUE
V0.5_c1,nobgs,3,vc,500,consensus,8,5830,36,0.064,0,3,5.2,0.00177777777777778,0,0.000360768436770321,15,15,0.571428571428571,21,TRUE
V0.5_c1,nobgs,3,vc,500,best,1,99787,52,0.054,0,3,4.8,0.00103846153846154,0,0.000521109964223797,27,27,0.675,21,TRUE
V0.5_c1,nobgs,3,vc,500,best,2,45839,61,0.096,0,3,7.6,0.00157377049180328,0,0.000521109964223797,27,27,0.729166666666667,21,TRUE
V0.5_c1,nobgs,3,vc,500,best,5,12231,61,0.218,0,12,11.6,0.00357377049180328,0,0.000521109964223797,27,27,0.704545454545455,21,TRUE
V0.5_c1,nobgs,3,vc,500,best,8,5830,54,0.21,0,6,12.8,0.00388888888888889,0,0.000521109964223797,27,27,0.657894736842105,21,TRUE
V0.5_c1,nobgs,3,vc,500,simes,1,99787,35,0.03,0,2,2.8,0.000857142857142857,0,0.000350747091304479,15,15,0.571428571428571,21,TRUE
V0.5_c1,nobgs,3,vc,500,simes,2,45839,33,0.034,0,2,3.2,0.00103030303030303,0,0.000350747091304479,15,15,0.571428571428571,21,TRUE
V0.5_c1,nobgs,3,vc,500,simes,5,12231,32,0.062,0,3,4.4,0.0019375,0,0.000350747091304479,15,15,0.518518518518519,21,TRUE
V0.5_c1,nobgs,3,vc,500,simes,8,5830,30,0.05,0,2,4,0.00166666666666667,0,0.000350747091304479,15,15,0.5,21,TRUE
V0.5_c1,nobgs,4,pop,500,consensus,1,101870,18,0.084,0,4,6.4,0.00466666666666667,0,0.000176695788750368,42,42,0.333333333333333,19,FALSE
V0.5_c1,nobgs,4,pop,500,consensus,2,47046,24,0.078,0,3,6.6,0.00325,0,0.000176695788750368,42,42,0.333333333333333,19,FALSE
V0.5_c1,nobgs,4,pop,500,consensus,5,12500,22,0.054,0,5,4,0.00245454545454545,0,0.000176695788750368,42,42,0.352941176470588,19,FALSE
V0.5_c1,nobgs,4,pop,500,consensus,8,5905,21,0.068,0,3,5.2,0.00323809523809524,0,0.000176695788750368,42,42,0.333333333333333,19,FALSE
V0.5_c1,nobgs,4,pop,500,best,1,101870,27,0.124,0,4,9.6,0.00459259259259259,0.0645161290322581,0.000265043683125552,62,62,0.45,19,FALSE
V0.5_c1,nobgs,4,pop,500,best,2,47046,31,0.18,0,5,12.6,0.00580645161290323,0.0645161290322581,0.000265043683125552,62,62,0.5,19,FALSE
V0.5_c1,nobgs,4,pop,500,best,5,12500,42,0.24,0,8,16,0.00571428571428571,0.0645161290322581,0.000265043683125552,62,62,0.638888888888889,19,FALSE
V0.5_c1,nobgs,4,pop,500,best,8,5905,40,0.34,0,7,20.8,0.0085,0.0645161290322581,0.000265043683125552,62,62,0.606060606060606,19,FALSE
V0.5_c1,nobgs,4,pop,500,simes,1,101870,20,0.074,0,3,5.8,0.0037,0,0.000196328654167076,37,37,0.357142857142857,19,FALSE
V0.5_c1,nobgs,4,pop,500,simes,2,47046,25,0.074,0,3,6.4,0.00296,0,0.000196328654167076,37,37,0.388888888888889,19,FALSE
V0.5_c1,nobgs,4,pop,500,simes,5,12500,24,0.046,0,3,3.8,0.00191666666666667,0,0.000196328654167076,37,37,0.421052631578947,19,FALSE
V0.5_c1,nobgs,4,pop,500,simes,8,5905,21,0.054,0,4,4.2,0.00257142857142857,0,0.000196328654167076,37,37,0.388888888888889,19,FALSE
V0.5_c1,nobgs,4,pop,500,consensus,1,101870,18,0.076,0,4,5.2,0.00422222222222222,0,0.000176695788750368,38,38,0.333333333333333,19,TRUE
V0.5_c1,nobgs,4,pop,500,consensus,2,47046,24,0.074,0,5,5.4,0.00308333333333333,0,0.000176695788750368,38,38,0.333333333333333,19,TRUE
V0.5_c1,nobgs,4,pop,500,consensus,5,12500,22,0.056,0,3,4.6,0.00254545454545455,0,0.000176695788750368,38,38,0.352941176470588,19,TRUE
V0.5_c1,nobgs,4,pop,500,consensus,8,5905,21,0.052,0,3,4,0.00247619047619048,0,0.000176695788750368,38,38,0.333333333333333,19,TRUE
V0.5_c1,nobgs,4,pop,500,best,1,101870,27,0.108,0,4,7.6,0.004,0.0185185185185185,0.000265043683125552,54,54,0.45,19,TRUE
V0.5_c1,nobgs,4,pop,500,best,2,47046,31,0.14,0,5,10.8,0.00451612903225807,0.0185185185185185,0.000265043683125552,54,54,0.5,19,TRUE
V0.5_c1,nobgs,4,pop,500,best,5,12500,42,0.214,0,8,14.2,0.0050952380952381,0.0185185185185185,0.000265043683125552,54,54,0.638888888888889,19,TRUE
V0.5_c1,nobgs,4,pop,500,best,8,5905,40,0.274,0,5,16.4,0.00685,0.0185185185185185,0.000265043683125552,54,54,0.606060606060606,19,TRUE
V0.5_c1,nobgs,4,pop,500,simes,1,101870,20,0.06,0,3,4.8,0.003,0,0.000196328654167076,30,30,0.357142857142857,19,TRUE
V0.5_c1,nobgs,4,pop,500,simes,2,47046,25,0.048,0,2,4,0.00192,0,0.000196328654167076,30,30,0.388888888888889,19,TRUE
V0.5_c1,nobgs,4,pop,500,simes,5,12500,24,0.044,0,4,3.4,0.00183333333333333,0,0.000196328654167076,30,30,0.421052631578947,19,TRUE
V0.5_c1,nobgs,4,pop,500,simes,8,5905,21,0.046,0,3,3.4,0.00219047619047619,0,0.000196328654167076,30,30,0.388888888888889,19,TRUE
V0.5_c1,nobgs,4,spatial,500,consensus,1,101870,18,21.622,15,132,89.8,1.20122222222222,0.221996115067986,0.000176695788750368,556,10811,0.333333333333333,19,FALSE
V0.5_c1,nobgs,4,spatial,500,consensus,2,47046,24,22.108,17,103,90.2,0.921166666666667,0.221996115067986,0.000176695788750368,556,10811,0.333333333333333,19,FALSE
V0.5_c1,nobgs,4,spatial,500,consensus,5,12500,22,17.464,13,67,91.2,0.793818181818182,0.221996115067986,0.000176695788750368,556,10811,0.352941176470588,19,FALSE
V0.5_c1,nobgs,4,spatial,500,consensus,8,5905,21,15.862,13,56,90.4,0.755333333333333,0.221996115067986,0.000176695788750368,556,10811,0.333333333333333,19,FALSE
V0.5_c1,nobgs,4,spatial,500,best,1,101870,27,36.78,27.5,187,94.6,1.36222222222222,0.209135399673736,0.000265043683125552,869,18390,0.45,19,FALSE
V0.5_c1,nobgs,4,spatial,500,best,2,47046,31,42.318,33.5,174,95.8,1.36509677419355,0.209135399673736,0.000265043683125552,869,18390,0.5,19,FALSE
V0.5_c1,nobgs,4,spatial,500,best,5,12500,42,36.142,33,109,96.6,0.86052380952381,0.209135399673736,0.000265043683125552,869,18390,0.638888888888889,19,FALSE
V0.5_c1,nobgs,4,spatial,500,best,8,5905,40,31.728,30,82,97.8,0.7932,0.209135399673736,0.000265043683125552,869,18390,0.606060606060606,19,FALSE
V0.5_c1,nobgs,4,spatial,500,simes,1,101870,20,21.868,16,132,90.8,1.0934,0.215108834827145,0.000196328654167076,549,10934,0.357142857142857,19,FALSE
V0.5_c1,nobgs,4,spatial,500,simes,2,47046,25,21.54,15.5,102,90.6,0.8616,0.215108834827145,0.000196328654167076,549,10934,0.388888888888889,19,FALSE
V0.5_c1,nobgs,4,spatial,500,simes,5,12500,24,16.608,13,61,89.8,0.692,0.215108834827145,0.000196328654167076,549,10934,0.421052631578947,19,FALSE
V0.5_c1,nobgs,4,spatial,500,simes,8,5905,21,15.172,13,48,90.2,0.722476190476191,0.215108834827145,0.000196328654167076,549,10934,0.388888888888889,19,FALSE
V0.5_c1,nobgs,4,spatial,500,consensus,1,101870,18,4.726,1,69,55.6,0.262555555555556,0.155734236140499,0.000176695788750368,167,2363,0.333333333333333,19,TRUE
V0.5_c1,nobgs,4,spatial,500,consensus,2,47046,24,4.912,1,54,56,0.204666666666667,0.155734236140499,0.000176695788750368,167,2363,0.333333333333333,19,TRUE
V0.5_c1,nobgs,4,spatial,500,consensus,5,12500,22,3.72,1,34,62.4,0.169090909090909,0.155734236140499,0.000176695788750368,167,2363,0.352941176470588,19,TRUE
V0.5_c1,nobgs,4,spatial,500,consensus,8,5905,21,3.728,1,28,53,0.17752380952381,0.155734236140499,0.000176695788750368,167,2363,0.333333333333333,19,TRUE
V0.5_c1,nobgs,4,spatial,500,best,1,101870,27,10.196,3,115,66.8,0.37762962962963,0.115535504119262,0.000265043683125552,320,5098,0.45,19,TRUE
V0.5_c1,nobgs,4,spatial,500,best,2,47046,31,13.152,3.5,123,72,0.424258064516129,0.115535504119262,0.000265043683125552,320,5098,0.5,19,TRUE
V0.5_c1,nobgs,4,spatial,500,best,5,12500,42,11.742,5,84,80.8,0.279571428571429,0.115535504119262,0.000265043683125552,320,5098,0.638888888888889,19,TRUE
V0.5_c1,nobgs,4,spatial,500,best,8,5905,40,11.272,5,79,78.6,0.2818,0.115535504119262,0.000265043683125552,320,5098,0.606060606060606,19,TRUE
V0.5_c1,nobgs,4,spatial,500,simes,1,101870,20,5.052,1,70,55.6,0.2526,0.150039588281869,0.000196328654167076,175,2526,0.357142857142857,19,TRUE
V0.5_c1,nobgs,4,spatial,500,simes,2,47046,25,5.182,1,65,54.6,0.20728,0.150039588281869,0.000196328654167076,175,2526,0.388888888888889,19,TRUE
V0.5_c1,nobgs,4,spatial,500,simes,5,12500,24,3.996,1,35,59.8,0.1665,0.150039588281869,0.000196328654167076,175,2526,0.421052631578947,19,TRUE
V0.5_c1,nobgs,4,spatial,500,simes,8,5905,21,4.182,1,31,56.6,0.199142857142857,0.150039588281869,0.000196328654167076,175,2526,0.388888888888889,19,TRUE
V0.5_c1,nobgs,4,vc,500,consensus,1,101870,18,0.04,0,2,3.8,0.00222222222222222,0,0.000176695788750368,20,20,0.333333333333333,19,FALSE
V0.5_c1,nobgs,4,vc,500,consensus,2,47046,24,0.048,0,3,4.4,0.002,0,0.000176695788750368,20,20,0.333333333333333,19,FALSE
V0.5_c1,nobgs,4,vc,500,consensus,5,12500,22,0.038,0,3,2.8,0.00172727272727273,0,0.000176695788750368,20,20,0.352941176470588,19,FALSE
V0.5_c1,nobgs,4,vc,500,consensus,8,5905,21,0.052,0,3,4.2,0.00247619047619048,0,0.000176695788750368,20,20,0.333333333333333,19,FALSE
V0.5_c1,nobgs,4,vc,500,best,1,101870,27,0.056,0,3,4.6,0.00207407407407407,0,0.000265043683125552,28,28,0.45,19,FALSE
V0.5_c1,nobgs,4,vc,500,best,2,47046,31,0.12,0,4,8.6,0.00387096774193548,0,0.000265043683125552,28,28,0.5,19,FALSE
V0.5_c1,nobgs,4,vc,500,best,5,12500,42,0.164,0,3,12.8,0.0039047619047619,0,0.000265043683125552,28,28,0.638888888888889,19,FALSE
V0.5_c1,nobgs,4,vc,500,best,8,5905,40,0.224,0,5,13.4,0.0056,0,0.000265043683125552,28,28,0.606060606060606,19,FALSE
V0.5_c1,nobgs,4,vc,500,simes,1,101870,20,0.032,0,2,3,0.0016,0,0.000196328654167076,16,16,0.357142857142857,19,FALSE
V0.5_c1,nobgs,4,vc,500,simes,2,47046,25,0.038,0,3,2.8,0.00152,0,0.000196328654167076,16,16,0.388888888888889,19,FALSE
V0.5_c1,nobgs,4,vc,500,simes,5,12500,24,0.038,0,3,2.6,0.00158333333333333,0,0.000196328654167076,16,16,0.421052631578947,19,FALSE
V0.5_c1,nobgs,4,vc,500,simes,8,5905,21,0.036,0,3,3,0.00171428571428571,0,0.000196328654167076,16,16,0.388888888888889,19,FALSE
V0.5_c1,nobgs,4,vc,500,consensus,1,101870,18,0.038,0,2,3.6,0.00211111111111111,0,0.000176695788750368,19,19,0.333333333333333,19,TRUE
V0.5_c1,nobgs,4,vc,500,consensus,2,47046,24,0.048,0,3,4,0.002,0,0.000176695788750368,19,19,0.333333333333333,19,TRUE
V0.5_c1,nobgs,4,vc,500,consensus,5,12500,22,0.026,0,3,1.8,0.00118181818181818,0,0.000176695788750368,19,19,0.352941176470588,19,TRUE
V0.5_c1,nobgs,4,vc,500,consensus,8,5905,21,0.042,0,3,3.2,0.002,0,0.000176695788750368,19,19,0.333333333333333,19,TRUE
V0.5_c1,nobgs,4,vc,500,best,1,101870,27,0.076,0,5,5.6,0.00281481481481482,0,0.000265043683125552,38,38,0.45,19,TRUE
V0.5_c1,nobgs,4,vc,500,best,2,47046,31,0.108,0,4,7.6,0.00348387096774194,0,0.000265043683125552,38,38,0.5,19,TRUE
V0.5_c1,nobgs,4,vc,500,best,5,12500,42,0.186,0,8,11,0.00442857142857143,0,0.000265043683125552,38,38,0.638888888888889,19,TRUE
V0.5_c1,nobgs,4,vc,500,best,8,5905,40,0.18,0,5,11.4,0.0045,0,0.000265043683125552,38,38,0.606060606060606,19,TRUE
V0.5_c1,nobgs,4,vc,500,simes,1,101870,20,0.034,0,2,3.2,0.0017,0,0.000196328654167076,17,17,0.357142857142857,19,TRUE
V0.5_c1,nobgs,4,vc,500,simes,2,47046,25,0.044,0,3,3.8,0.00176,0,0.000196328654167076,17,17,0.388888888888889,19,TRUE
V0.5_c1,nobgs,4,vc,500,simes,5,12500,24,0.032,0,3,2.4,0.00133333333333333,0,0.000196328654167076,17,17,0.421052631578947,19,TRUE
V0.5_c1,nobgs,4,vc,500,simes,8,5905,21,0.04,0,3,2.4,0.0019047619047619,0,0.000196328654167076,17,17,0.388888888888889,19,TRUE
V0.5_c1,nobgs,5,pop,500,consensus,1,99328,10,0.114,0,10,7.6,0.0114,0.0350877192982456,0.000100676546391753,56,57,0.333333333333333,17,FALSE
V0.5_c1,nobgs,5,pop,500,consensus,2,45808,11,0.078,0,6,6.2,0.00709090909090909,0.0350877192982456,0.000100676546391753,56,57,0.4,17,FALSE
V0.5_c1,nobgs,5,pop,500,consensus,5,12225,12,0.076,0,3,5.8,0.00633333333333333,0.0350877192982456,0.000100676546391753,56,57,0.5,17,FALSE
V0.5_c1,nobgs,5,pop,500,consensus,8,5795,14,0.102,0,7,7.2,0.00728571428571429,0.0350877192982456,0.000100676546391753,56,57,0.642857142857143,17,FALSE
V0.5_c1,nobgs,5,pop,500,best,1,99328,17,0.158,0,11,9.8,0.00929411764705882,0.0379746835443038,0.000171150128865979,78,79,0.533333333333333,17,FALSE
V0.5_c1,nobgs,5,pop,500,best,2,45808,21,0.194,0,8,13.2,0.00923809523809524,0.0379746835443038,0.000171150128865979,78,79,0.631578947368421,17,FALSE
V0.5_c1,nobgs,5,pop,500,best,5,12225,25,0.258,0,5,16.2,0.01032,0.0379746835443038,0.000171150128865979,78,79,0.72,17,FALSE
V0.5_c1,nobgs,5,pop,500,best,8,5795,29,0.34,0,11,18.8,0.0117241379310345,0.0379746835443038,0.000171150128865979,78,79,0.724137931034483,17,FALSE
V0.5_c1,nobgs,5,pop,500,simes,1,99328,9,0.11,0,9,7,0.0122222222222222,0.0181818181818182,9.06088917525773e-05,54,55,0.25,17,FALSE
V0.5_c1,nobgs,5,pop,500,simes,2,45808,10,0.076,0,7,5.4,0.0076,0.0181818181818182,9.06088917525773e-05,54,55,0.333333333333333,17,FALSE
V0.5_c1,nobgs,5,pop,500,simes,5,12225,12,0.054,0,3,4.2,0.0045,0.0181818181818182,9.06088917525773e-05,54,55,0.5,17,FALSE
V0.5_c1,nobgs,5,pop,500,simes,8,5795,11,0.08,0,4,6,0.00727272727272727,0.0181818181818182,9.06088917525773e-05,54,55,0.545454545454545,17,FALSE
V0.5_c1,nobgs,5,pop,500,consensus,1,99328,10,0.12,0,10,7.2,0.012,0,0.000100676546391753,59,60,0.333333333333333,17,TRUE
V0.5_c1,nobgs,5,pop,500,consensus,2,45808,11,0.07,0,6,5.2,0.00636363636363636,0,0.000100676546391753,59,60,0.4,17,TRUE
V0.5_c1,nobgs,5,pop,500,consensus,5,12225,12,0.066,0,3,5.2,0.0055,0,0.000100676546391753,59,60,0.5,17,TRUE
V0.5_c1,nobgs,5,pop,500,consensus,8,5795,14,0.078,0,3,6.2,0.00557142857142857,0,0.000100676546391753,59,60,0.642857142857143,17,TRUE
V0.5_c1,nobgs,5,pop,500,best,1,99328,17,0.168,0,13,10.2,0.00988235294117647,0,0.000171150128865979,83,84,0.533333333333333,17,TRUE
V0.5_c1,nobgs,5,pop,500,best,2,45808,21,0.18,0,8,12,0.00857142857142857,0,0.000171150128865979,83,84,0.631578947368421,17,TRUE
V0.5_c1,nobgs,5,pop,500,best,5,12225,25,0.236,0,3,16,0.00944,0,0.000171150128865979,83,84,0.72,17,TRUE
V0.5_c1,nobgs,5,pop,500,best,8,5795,29,0.24,0,5,16.6,0.00827586206896552,0,0.000171150128865979,83,84,0.724137931034483,17,TRUE
V0.5_c1,nobgs,5,pop,500,simes,1,99328,9,0.12,0,12,7.2,0.0133333333333333,0,9.06088917525773e-05,59,60,0.25,17,TRUE
V0.5_c1,nobgs,5,pop,500,simes,2,45808,10,0.082,0,7,6,0.0082,0,9.06088917525773e-05,59,60,0.333333333333333,17,TRUE
V0.5_c1,nobgs,5,pop,500,simes,5,12225,12,0.042,0,3,3.4,0.0035,0,9.06088917525773e-05,59,60,0.5,17,TRUE
V0.5_c1,nobgs,5,pop,500,simes,8,5795,11,0.064,0,2,5.6,0.00581818181818182,0,9.06088917525773e-05,59,60,0.545454545454545,17,TRUE
V0.5_c1,nobgs,5,spatial,500,consensus,1,99328,10,14.38,8,111,85,1.438,0.18970792767733,0.000100676546391753,491,7190,0.333333333333333,17,FALSE
V0.5_c1,nobgs,5,spatial,500,consensus,2,45808,11,14.626,9,84,80.8,1.32963636363636,0.18970792767733,0.000100676546391753,491,7190,0.4,17,FALSE
V0.5_c1,nobgs,5,spatial,500,consensus,5,12225,12,13.81,9,70,87,1.15083333333333,0.18970792767733,0.000100676546391753,491,7190,0.5,17,FALSE
V0.5_c1,nobgs,5,spatial,500,consensus,8,5795,14,11.57,8,52,83.4,0.826428571428571,0.18970792767733,0.000100676546391753,491,7190,0.642857142857143,17,FALSE
V0.5_c1,nobgs,5,spatial,500,best,1,99328,17,26.51,16,184,92.6,1.55941176470588,0.176612599019238,0.000171150128865979,808,13255,0.533333333333333,17,FALSE
V0.5_c1,nobgs,5,spatial,500,best,2,45808,21,32.11,21,180,95.4,1.52904761904762,0.176612599019238,0.000171150128865979,808,13255,0.631578947368421,17,FALSE
V0.5_c1,nobgs,5,spatial,500,best,5,12225,25,33.836,26.5,147,98.2,1.35344,0.176612599019238,0.000171150128865979,808,13255,0.72,17,FALSE
V0.5_c1,nobgs,5,spatial,500,best,8,5795,29,28.438,23,101,97.8,0.980620689655172,0.176612599019238,0.000171150128865979,808,13255,0.724137931034483,17,FALSE
V0.5_c1,nobgs,5,spatial,500,simes,1,99328,9,14.364,7,120,87.4,1.596,0.199665831244779,9.06088917525773e-05,514,7182,0.25,17,FALSE
V0.5_c1,nobgs,5,spatial,500,simes,2,45808,10,14.232,8,91,82.4,1.4232,0.199665831244779,9.06088917525773e-05,514,7182,0.333333333333333,17,FALSE
V0.5_c1,nobgs,5,spatial,500,simes,5,12225,12,12.578,8,65,87,1.04816666666667,0.199665831244779,9.06088917525773e-05,514,7182,0.5,17,FALSE
V0.5_c1,nobgs,5,spatial,500,simes,8,5795,11,10.388,7,46,79,0.944363636363636,0.199665831244779,9.06088917525773e-05,514,7182,0.545454545454545,17,FALSE
V0.5_c1,nobgs,5,spatial,500,consensus,1,99328,10,2.284,1,45,60.8,0.2284,0.0691768826619965,0.000100676546391753,115,1142,0.333333333333333,17,TRUE
V0.5_c1,nobgs,5,spatial,500,consensus,2,45808,11,2.46,1,36,57,0.223636363636364,0.0691768826619965,0.000100676546391753,115,1142,0.4,17,TRUE
V0.5_c1,nobgs,5,spatial,500,consensus,5,12225,12,2.346,1,22,60.4,0.1955,0.0691768826619965,0.000100676546391753,115,1142,0.5,17,TRUE
V0.5_c1,nobgs,5,spatial,500,consensus,8,5795,14,1.502,0,18,45.4,0.107285714285714,0.0691768826619965,0.000100676546391753,115,1142,0.642857142857143,17,TRUE
V0.5_c1,nobgs,5,spatial,500,best,1,99328,17,6.172,3,80,72.4,0.363058823529412,0.0845755022683085,0.000171150128865979,239,3086,0.533333333333333,17,TRUE
V0.5_c1,nobgs,5,spatial,500,best,2,45808,21,8.634,4,96,76.4,0.411142857142857,0.0845755022683085,0.000171150128865979,239,3086,0.631578947368421,17,TRUE
V0.5_c1,nobgs,5,spatial,500,best,5,12225,25,10.258,8,63,87.8,0.41032,0.0845755022683085,0.000171150128865979,239,3086,0.72,17,TRUE
V0.5_c1,nobgs,5,spatial,500,best,8,5795,29,7.954,6,42,86.4,0.274275862068965,0.0845755022683085,0.000171150128865979,239,3086,0.724137931034483,17,TRUE
V0.5_c1,nobgs,5,spatial,500,simes,1,99328,9,2.27,1,47,61,0.252222222222222,0.094273127753304,9.06088917525773e-05,120,1135,0.25,17,TRUE
V0.5_c1,nobgs,5,spatial,500,simes,2,45808,10,2.354,1,42,57,0.2354,0.094273127753304,9.06088917525773e-05,120,1135,0.333333333333333,17,TRUE
V0.5_c1,nobgs,5,spatial,500,simes,5,12225,12,2.174,1,16,63,0.181166666666667,0.094273127753304,9.06088917525773e-05,120,1135,0.5,17,TRUE
V0.5_c1,nobgs,5,spatial,500,simes,8,5795,11,1.2,0,10,41.8,0.109090909090909,0.094273127753304,9.06088917525773e-05,120,1135,0.545454545454545,17,TRUE
V0.5_c1,nobgs,5,vc,500,consensus,1,99328,10,0.028,0,2,2.6,0.0028,0,0.000100676546391753,14,14,0.333333333333333,17,FALSE
V0.5_c1,nobgs,5,vc,500,consensus,2,45808,11,0.048,0,2,4,0.00436363636363636,0,0.000100676546391753,14,14,0.4,17,FALSE
V0.5_c1,nobgs,5,vc,500,consensus,5,12225,12,0.044,0,2,4,0.00366666666666667,0,0.000100676546391753,14,14,0.5,17,FALSE
V0.5_c1,nobgs,5,vc,500,consensus,8,5795,14,0.06,0,3,4.4,0.00428571428571429,0,0.000100676546391753,14,14,0.642857142857143,17,FALSE
V0.5_c1,nobgs,5,vc,500,best,1,99328,17,0.066,0,3,5.2,0.00388235294117647,0,0.000171150128865979,33,33,0.533333333333333,17,FALSE
V0.5_c1,nobgs,5,vc,500,best,2,45808,21,0.118,0,4,8.8,0.00561904761904762,0,0.000171150128865979,33,33,0.631578947368421,17,FALSE
V0.5_c1,nobgs,5,vc,500,best,5,12225,25,0.174,0,6,12,0.00696,0,0.000171150128865979,33,33,0.72,17,FALSE
V0.5_c1,nobgs,5,vc,500,best,8,5795,29,0.212,0,9,12,0.00731034482758621,0,0.000171150128865979,33,33,0.724137931034483,17,FALSE
V0.5_c1,nobgs,5,vc,500,simes,1,99328,9,0.032,0,2,3,0.00355555555555556,0,9.06088917525773e-05,16,16,0.25,17,FALSE
V0.5_c1,nobgs,5,vc,500,simes,2,45808,10,0.048,0,3,4,0.0048,0,9.06088917525773e-05,16,16,0.333333333333333,17,FALSE
V0.5_c1,nobgs,5,vc,500,simes,5,12225,12,0.044,0,2,3.6,0.00366666666666667,0,9.06088917525773e-05,16,16,0.5,17,FALSE
V0.5_c1,nobgs,5,vc,500,simes,8,5795,11,0.032,0,3,2.8,0.00290909090909091,0,9.06088917525773e-05,16,16,0.545454545454545,17,FALSE
V0.5_c1,nobgs,5,vc,500,consensus,1,99328,10,0.036,0,2,3.4,0.0036,0,0.000100676546391753,18,18,0.333333333333333,17,TRUE
V0.5_c1,nobgs,5,vc,500,consensus,2,45808,11,0.038,0,2,3.4,0.00345454545454545,0,0.000100676546391753,18,18,0.4,17,TRUE
V0.5_c1,nobgs,5,vc,500,consensus,5,12225,12,0.048,0,2,4.4,0.004,0,0.000100676546391753,18,18,0.5,17,TRUE
V0.5_c1,nobgs,5,vc,500,consensus,8,5795,14,0.052,0,3,4.2,0.00371428571428571,0,0.000100676546391753,18,18,0.642857142857143,17,TRUE
V0.5_c1,nobgs,5,vc,500,best,1,99328,17,0.07,0,3,5.8,0.00411764705882353,0,0.000171150128865979,35,35,0.533333333333333,17,TRUE
V0.5_c1,nobgs,5,vc,500,best,2,45808,21,0.106,0,4,7.2,0.00504761904761905,0,0.000171150128865979,35,35,0.631578947368421,17,TRUE
V0.5_c1,nobgs,5,vc,500,best,5,12225,25,0.166,0,5,11.4,0.00664,0,0.000171150128865979,35,35,0.72,17,TRUE
V0.5_c1,nobgs,5,vc,500,best,8,5795,29,0.208,0,7,12.2,0.00717241379310345,0,0.000171150128865979,35,35,0.724137931034483,17,TRUE
V0.5_c1,nobgs,5,vc,500,simes,1,99328,9,0.04,0,2,3.8,0.00444444444444444,0,9.06088917525773e-05,20,20,0.25,17,TRUE
V0.5_c1,nobgs,5,vc,500,simes,2,45808,10,0.034,0,2,3,0.0034,0,9.06088917525773e-05,20,20,0.333333333333333,17,TRUE
V0.5_c1,nobgs,5,vc,500,simes,5,12225,12,0.048,0,2,4,0.004,0,9.06088917525773e-05,20,20,0.5,17,TRUE
V0.5_c1,nobgs,5,vc,500,simes,8,5795,11,0.036,0,3,3.2,0.00327272727272727,0,9.06088917525773e-05,20,20,0.545454545454545,17,TRUE
V0.5_c2,bgs,1,pop,500,consensus,1,60984,22,1.208,0,55,30.4,0.0549090909090909,0.0033112582781457,0.000360750360750361,530,604,0.761904761904762,33,FALSE
V0.5_c2,bgs,1,pop,500,consensus,2,31040,34,1.034,0,29,29.2,0.0304117647058824,0.0033112582781457,0.000360750360750361,530,604,0.84375,33,FALSE
V0.5_c2,bgs,1,pop,500,consensus,5,13449,50,0.716,0,30,21.2,0.01432,0.0033112582781457,0.000360750360750361,530,604,0.833333333333333,33,FALSE
V0.5_c2,bgs,1,pop,500,consensus,8,8134,51,0.508,0,17,20,0.00996078431372549,0.0033112582781457,0.000360750360750361,530,604,0.833333333333333,33,FALSE
V0.5_c2,bgs,1,pop,500,best,1,60984,92,5.298,1,156,52.8,0.0575869565217391,0.0551151377878445,0.00150859241768333,1908,2649,0.887640449438202,33,FALSE
V0.5_c2,bgs,1,pop,500,best,2,31040,145,7.746,1,149,57.6,0.0534206896551724,0.0551151377878445,0.00150859241768333,1908,2649,0.921985815602837,33,FALSE
V0.5_c2,bgs,1,pop,500,best,5,13449,257,11.38,2,159,67,0.0442801556420234,0.0551151377878445,0.00150859241768333,1908,2649,0.952,33,FALSE
V0.5_c2,bgs,1,pop,500,best,8,8134,291,14.02,4,183,71.4,0.0481786941580756,0.0551151377878445,0.00150859241768333,1908,2649,0.950704225352113,33,FALSE
V0.5_c2,bgs,1,pop,500,simes,1,60984,20,1.556,0,85,31.8,0.0778,0.0038560411311054,0.000327954873409419,697,778,0.631578947368421,33,FALSE
V0.5_c2,bgs,1,pop,500,simes,2,31040,40,1.474,0,52,34.6,0.03685,0.0038560411311054,0.000327954873409419,697,778,0.81578947368421,33,FALSE
V0.5_c2,bgs,1,pop,500,simes,5,13449,55,1.12,0,39,26,0.0203636363636364,0.0038560411311054,0.000327954873409419,697,778,0.849056603773585,33,FALSE
V0.5_c2,bgs,1,pop,500,simes,8,8134,57,0.904,0,31,25.8,0.015859649122807,0.0038560411311054,0.000327954873409419,697,778,0.839285714285714,33,FALSE
V0.5_c2,bgs,1,pop,500,consensus,1,60984,22,0.996,0,43,28.4,0.0452727272727273,0,0.000360750360750361,443,498,0.761904761904762,33,TRUE
V0.5_c2,bgs,1,pop,500,consensus,2,31040,34,0.852,0,28,28,0.0250588235294118,0,0.000360750360750361,443,498,0.84375,33,TRUE
V0.5_c2,bgs,1,pop,500,consensus,5,13449,50,0.58,0,30,22.6,0.0116,0,0.000360750360750361,443,498,0.833333333333333,33,TRUE
V0.5_c2,bgs,1,pop,500,consensus,8,8134,51,0.404,0,17,20.2,0.00792156862745098,0,0.000360750360750361,443,498,0.833333333333333,33,TRUE
V0.5_c2,bgs,1,pop,500,best,1,60984,92,4.134,0,130,49.6,0.0449347826086957,0.02322206095791,0.00150859241768333,1616,2067,0.887640449438202,33,TRUE
V0.5_c2,bgs,1,pop,500,best,2,31040,145,5.762,1,118,55.8,0.0397379310344828,0.02322206095791,0.00150859241768333,1616,2067,0.921985815602837,33,TRUE
V0.5_c2,bgs,1,pop,500,best,5,13449,257,7.47,1,110,61.8,0.0290661478599222,0.02322206095791,0.00150859241768333,1616,2067,0.952,33,TRUE
V0.5_c2,bgs,1,pop,500,best,8,8134,291,9.17,2,94,67,0.0315120274914089,0.02322206095791,0.00150859241768333,1616,2067,0.950704225352113,33,TRUE
V0.5_c2,bgs,1,pop,500,simes,1,60984,20,1.346,0,59,31.6,0.0673,0,0.000327954873409419,607,673,0.631578947368421,33,TRUE
V0.5_c2,bgs,1,pop,500,simes,2,31040,40,1.192,0,37,31.4,0.0298,0,0.000327954873409419,607,673,0.81578947368421,33,TRUE
V0.5_c2,bgs,1,pop,500,simes,5,13449,55,0.916,0,39,27,0.0166545454545455,0,0.000327954873409419,607,673,0.849056603773585,33,TRUE
V0.5_c2,bgs,1,pop,500,simes,8,8134,57,0.708,0,24,26,0.0124210526315789,0,0.000327954873409419,607,673,0.839285714285714,33,TRUE
V0.5_c2,bgs,1,spatial,500,consensus,1,60984,22,549.274,553.5,940,100,24.967,0.0185007846721309,0.000360750360750361,6384,274637,0.761904761904762,33,FALSE
V0.5_c2,bgs,1,spatial,500,consensus,2,31040,34,544.018,543,902,100,16.0005294117647,0.0185007846721309,0.000360750360750361,6384,274637,0.84375,33,FALSE
V0.5_c2,bgs,1,spatial,500,consensus,5,13449,50,486.688,495.5,706,100,9.73376,0.0185007846721309,0.000360750360750361,6384,274637,0.833333333333333,33,FALSE
V0.5_c2,bgs,1,spatial,500,consensus,8,8134,51,447.51,459.5,613,100,8.77470588235294,0.0185007846721309,0.000360750360750361,6384,274637,0.833333333333333,33,FALSE
V0.5_c2,bgs,1,spatial,500,best,1,60984,92,788.434,779.5,1296,100,8.5699347826087,0.0627294104516041,0.00150859241768333,8462,394217,0.887640449438202,33,FALSE
V0.5_c2,bgs,1,spatial,500,best,2,31040,145,823.726,814,1267,100,5.68086896551724,0.0627294104516041,0.00150859241768333,8462,394217,0.921985815602837,33,FALSE
V0.5_c2,bgs,1,spatial,500,best,5,13449,257,755.256,753,1018,100,2.9387392996109,0.0627294104516041,0.00150859241768333,8462,394217,0.952,33,FALSE
V0.5_c2,bgs,1,spatial,500,best,8,8134,291,689.744,698,876,100,2.37025429553265,0.0627294104516041,0.00150859241768333,8462,394217,0.950704225352113,33,FALSE
V0.5_c2,bgs,1,spatial,500,simes,1,60984,20,534.638,536.5,891,100,26.7319,0.0198713896131588,0.000327954873409419,6170,267319,0.631578947368421,33,FALSE
V0.5_c2,bgs,1,spatial,500,simes,2,31040,40,508.096,504,825,100,12.7024,0.0198713896131588,0.000327954873409419,6170,267319,0.81578947368421,33,FALSE
V0.5_c2,bgs,1,spatial,500,simes,5,13449,55,443.896,444,631,100,8.07083636363636,0.0198713896131588,0.000327954873409419,6170,267319,0.849056603773585,33,FALSE
V0.5_c2,bgs,1,spatial,500,simes,8,8134,57,401.712,407,532,100,7.04757894736842,0.0198713896131588,0.000327954873409419,6170,267319,0.839285714285714,33,FALSE
V0.5_c2,bgs,1,spatial,500,consensus,1,60984,22,221.572,183.5,761,84.6,10.0714545454545,0.012302998573827,0.000360750360750361,4187,110786,0.761904761904762,33,TRUE
V0.5_c2,bgs,1,spatial,500,consensus,2,31040,34,235.944,204.5,772,86.6,6.93952941176471,0.012302998573827,0.000360750360750361,4187,110786,0.84375,33,TRUE
V0.5_c2,bgs,1,spatial,500,consensus,5,13449,50,231.482,220.5,651,88.8,4.62964,0.012302998573827,0.000360750360750361,4187,110786,0.833333333333333,33,TRUE
V0.5_c2,bgs,1,spatial,500,consensus,8,8134,51,226.576,219,580,91.8,4.44266666666667,0.012302998573827,0.000360750360750361,4187,110786,0.833333333333333,33,TRUE
V0.5_c2,bgs,1,spatial,500,best,1,60984,92,375.83,362.5,1076,96.2,4.08510869565217,0.0697123699545007,0.00150859241768333,6175,187915,0.887640449438202,33,TRUE
V0.5_c2,bgs,1,spatial,500,best,2,31040,145,425.412,436,1134,98.4,2.93387586206897,0.0697123699545007,0.00150859241768333,6175,187915,0.921985815602837,33,TRUE
V0.5_c2,bgs,1,spatial,500,best,5,13449,257,443.598,475,996,99.2,1.72606225680934,0.0697123699545007,0.00150859241768333,6175,187915,0.952,33,TRUE
V0.5_c2,bgs,1,spatial,500,best,8,8134,291,439.048,483,833,99.8,1.5087560137457,0.0697123699545007,0.00150859241768333,6175,187915,0.950704225352113,33,TRUE
V0.5_c2,bgs,1,spatial,500,simes,1,60984,20,233.164,198,693,86.4,11.6582,0.0164519394074557,0.000327954873409419,4174,116582,0.631578947368421,33,TRUE
V0.5_c2,bgs,1,spatial,500,simes,2,31040,40,238.236,217,676,89.4,5.9559,0.0164519394074557,0.000327954873409419,4174,116582,0.81578947368421,33,TRUE
V0.5_c2,bgs,1,spatial,500,simes,5,13449,55,227.164,227,576,91.4,4.13025454545455,0.0164519394074557,0.000327954873409419,4174,116582,0.849056603773585,33,TRUE
V0.5_c2,bgs,1,spatial,500,simes,8,8134,57,218.71,230,513,93.2,3.83701754385965,0.0164519394074557,0.000327954873409419,4174,116582,0.839285714285714,33,TRUE
V0.5_c2,bgs,1,vc,500,consensus,1,60984,22,0.182,0,12,8.4,0.00827272727272727,0,0.000360750360750361,91,91,0.761904761904762,33,FALSE
V0.5_c2,bgs,1,vc,500,consensus,2,31040,34,0.176,0,10,8,0.00517647058823529,0,0.000360750360750361,91,91,0.84375,33,FALSE
V0.5_c2,bgs,1,vc,500,consensus,5,13449,50,0.18,0,9,7,0.0036,0,0.000360750360750361,91,91,0.833333333333333,33,FALSE
V0.5_c2,bgs,1,vc,500,consensus,8,8134,51,0.198,0,10,8,0.00388235294117647,0,0.000360750360750361,91,91,0.833333333333333,33,FALSE
V0.5_c2,bgs,1,vc,500,best,1,60984,92,0.646,0,43,17,0.00702173913043478,0.0278637770897833,0.00150859241768333,314,323,0.887640449438202,33,FALSE
V0.5_c2,bgs,1,vc,500,best,2,31040,145,1.194,0,51,23.2,0.00823448275862069,0.0278637770897833,0.00150859241768333,314,323,0.921985815602837,33,FALSE
V0.5_c2,bgs,1,vc,500,best,5,13449,257,2.796,0,83,30.4,0.0108793774319066,0.0278637770897833,0.00150859241768333,314,323,0.952,33,FALSE
V0.5_c2,bgs,1,vc,500,best,8,8134,291,4.462,0,106,33.6,0.0153333333333333,0.0278637770897833,0.00150859241768333,314,323,0.950704225352113,33,FALSE
V0.5_c2,bgs,1,vc,500,simes,1,60984,20,0.184,0,16,8.2,0.0092,0,0.000327954873409419,92,92,0.631578947368421,33,FALSE
V0.5_c2,bgs,1,vc,500,simes,2,31040,40,0.196,0,9,8.4,0.0049,0,0.000327954873409419,92,92,0.81578947368421,33,FALSE
V0.5_c2,bgs,1,vc,500,simes,5,13449,55,0.214,0,13,8.4,0.00389090909090909,0,0.000327954873409419,92,92,0.849056603773585,33,FALSE
V0.5_c2,bgs,1,vc,500,simes,8,8134,57,0.166,0,8,6.8,0.00291228070175439,0,0.000327954873409419,92,92,0.839285714285714,33,FALSE
V0.5_c2,bgs,1,vc,500,consensus,1,60984,22,0.158,0,8,7.2,0.00718181818181818,0,0.000360750360750361,77,79,0.761904761904762,33,TRUE
V0.5_c2,bgs,1,vc,500,consensus,2,31040,34,0.16,0,9,7.8,0.00470588235294118,0,0.000360750360750361,77,79,0.84375,33,TRUE
V0.5_c2,bgs,1,vc,500,consensus,5,13449,50,0.194,0,9,8.6,0.00388,0,0.000360750360750361,77,79,0.833333333333333,33,TRUE
V0.5_c2,bgs,1,vc,500,consensus,8,8134,51,0.142,0,5,7,0.0027843137254902,0,0.000360750360750361,77,79,0.833333333333333,33,TRUE
V0.5_c2,bgs,1,vc,500,best,1,60984,92,0.53,0,31,13.8,0.00576086956521739,0.0113207547169811,0.00150859241768333,258,265,0.887640449438202,33,TRUE
V0.5_c2,bgs,1,vc,500,best,2,31040,145,0.842,0,38,19.2,0.00580689655172414,0.0113207547169811,0.00150859241768333,258,265,0.921985815602837,33,TRUE
V0.5_c2,bgs,1,vc,500,best,5,13449,257,1.43,0,42,25.4,0.00556420233463035,0.0113207547169811,0.00150859241768333,258,265,0.952,33,TRUE
V0.5_c2,bgs,1,vc,500,best,8,8134,291,2.074,0,61,29.8,0.00712714776632302,0.0113207547169811,0.00150859241768333,258,265,0.950704225352113,33,TRUE
V0.5_c2,bgs,1,vc,500,simes,1,60984,20,0.152,0,9,7.4,0.0076,0,0.000327954873409419,75,76,0.631578947368421,33,TRUE
V0.5_c2,bgs,1,vc,500,simes,2,31040,40,0.18,0,7,9,0.0045,0,0.000327954873409419,75,76,0.81578947368421,33,TRUE
V0.5_c2,bgs,1,vc,500,simes,5,13449,55,0.196,0,11,8.6,0.00356363636363636,0,0.000327954873409419,75,76,0.849056603773585,33,TRUE
V0.5_c2,bgs,1,vc,500,simes,8,8134,57,0.168,0,6,8.8,0.00294736842105263,0,0.000327954873409419,75,76,0.839285714285714,33,TRUE
V0.5_c2,bgs,2,pop,500,consensus,1,60739,94,0.956,0,31,25.6,0.0101702127659574,0.00627615062761506,0.00154760532771366,443,478,0.934065934065934,35,FALSE
V0.5_c2,bgs,2,pop,500,consensus,2,31284,119,0.93,0,23,28,0.00781512605042017,0.00627615062761506,0.00154760532771366,443,478,0.931623931623932,35,FALSE
V0.5_c2,bgs,2,pop,500,consensus,5,13864,142,0.638,0,13,24.2,0.00449295774647887,0.00627615062761506,0.00154760532771366,443,478,0.95,35,FALSE
V0.5_c2,bgs,2,pop,500,consensus,8,8556,150,0.512,0,10,21,0.00341333333333333,0.00627615062761506,0.00154760532771366,443,478,0.945945945945946,35,FALSE
V0.5_c2,bgs,2,pop,500,best,1,60739,253,4.512,0,117,43.4,0.0178339920948617,0.075354609929078,0.00416536327565485,1731,2256,0.959677419354839,35,FALSE
V0.5_c2,bgs,2,pop,500,best,2,31284,340,7.062,1,126,52.6,0.0207705882352941,0.075354609929078,0.00416536327565485,1731,2256,0.964179104477612,35,FALSE
V0.5_c2,bgs,2,pop,500,best,5,13864,347,8.896,1,127,59.4,0.0256368876080692,0.075354609929078,0.00416536327565485,1731,2256,0.964809384164223,35,FALSE
V0.5_c2,bgs,2,pop,500,best,8,8556,402,11,2,129,66,0.027363184079602,0.075354609929078,0.00416536327565485,1731,2256,0.967088607594937,35,FALSE
V0.5_c2,bgs,2,pop,500,simes,1,60739,107,1.228,0,39,28.6,0.0114766355140187,0.0211726384364821,0.00176163585175917,570,614,0.913461538461539,35,FALSE
V0.5_c2,bgs,2,pop,500,simes,2,31284,117,1.302,0,35,29.6,0.0111282051282051,0.0211726384364821,0.00176163585175917,570,614,0.921739130434783,35,FALSE
V0.5_c2,bgs,2,pop,500,simes,5,13864,118,0.984,0,30,26.4,0.00833898305084746,0.0211726384364821,0.00176163585175917,570,614,0.922413793103448,35,FALSE
V0.5_c2,bgs,2,pop,500,simes,8,8556,134,0.866,0,31,26.2,0.00646268656716418,0.0211726384364821,0.00176163585175917,570,614,0.931818181818182,35,FALSE
V0.5_c2,bgs,2,pop,500,consensus,1,60739,94,0.954,0,49,25.2,0.0101489361702128,0,0.00154760532771366,438,477,0.934065934065934,35,TRUE
V0.5_c2,bgs,2,pop,500,consensus,2,31284,119,0.914,0,27,26,0.00768067226890756,0,0.00154760532771366,438,477,0.931623931623932,35,TRUE
V0.5_c2,bgs,2,pop,500,consensus,5,13864,142,0.616,0,17,22,0.00433802816901409,0,0.00154760532771366,438,477,0.95,35,TRUE
V0.5_c2,bgs,2,pop,500,consensus,8,8556,150,0.5,0,12,20.2,0.00333333333333333,0,0.00154760532771366,438,477,0.945945945945946,35,TRUE
V0.5_c2,bgs,2,pop,500,best,1,60739,253,3.786,0,112,41,0.0149644268774704,0.0343370311674591,0.00416536327565485,1514,1893,0.959677419354839,35,TRUE
V0.5_c2,bgs,2,pop,500,best,2,31284,340,6.014,1,141,53.8,0.0176882352941176,0.0343370311674591,0.00416536327565485,1514,1893,0.964179104477612,35,TRUE
V0.5_c2,bgs,2,pop,500,best,5,13864,347,7.406,1,165,57.8,0.021342939481268,0.0343370311674591,0.00416536327565485,1514,1893,0.964809384164223,35,TRUE
V0.5_c2,bgs,2,pop,500,best,8,8556,402,8.72,1,186,61.6,0.0216915422885572,0.0343370311674591,0.00416536327565485,1514,1893,0.967088607594937,35,TRUE
V0.5_c2,bgs,2,pop,500,simes,1,60739,107,1.172,0,52,26.4,0.0109532710280374,0.00341296928327645,0.00176163585175917,535,586,0.913461538461539,35,TRUE
V0.5_c2,bgs,2,pop,500,simes,2,31284,117,1.164,0,34,28.2,0.00994871794871795,0.00341296928327645,0.00176163585175917,535,586,0.921739130434783,35,TRUE
V0.5_c2,bgs,2,pop,500,simes,5,13864,118,0.844,0,17,24.2,0.00715254237288136,0.00341296928327645,0.00176163585175917,535,586,0.922413793103448,35,TRUE
V0.5_c2,bgs,2,pop,500,simes,8,8556,134,0.682,0,16,25,0.00508955223880597,0.00341296928327645,0.00176163585175917,535,586,0.931818181818182,35,TRUE
V0.5_c2,bgs,2,spatial,500,consensus,1,60739,94,534.762,553,905,100,5.68895744680851,0.0749529697323295,0.00154760532771366,6080,267381,0.934065934065934,35,FALSE
V0.5_c2,bgs,2,spatial,500,consensus,2,31284,119,534.81,550,871,100,4.49420168067227,0.0749529697323295,0.00154760532771366,6080,267381,0.931623931623932,35,FALSE
V0.5_c2,bgs,2,spatial,500,consensus,5,13864,142,467.202,484,690,100,3.29015492957746,0.0749529697323295,0.00154760532771366,6080,267381,0.95,35,FALSE
V0.5_c2,bgs,2,spatial,500,consensus,8,8556,150,430.39,448.5,588,100,2.86926666666667,0.0749529697323295,0.00154760532771366,6080,267381,0.945945945945946,35,FALSE
V0.5_c2,bgs,2,spatial,500,best,1,60739,253,786.292,794,1288,100,3.10787351778656,0.131315083963718,0.00416536327565485,8221,393146,0.959677419354839,35,FALSE
V0.5_c2,bgs,2,spatial,500,best,2,31284,340,827.352,831,1272,100,2.43338823529412,0.131315083963718,0.00416536327565485,8221,393146,0.964179104477612,35,FALSE
V0.5_c2,bgs,2,spatial,500,best,5,13864,347,744.752,754,1049,100,2.14625936599424,0.131315083963718,0.00416536327565485,8221,393146,0.964809384164223,35,FALSE
V0.5_c2,bgs,2,spatial,500,best,8,8556,402,679.47,687,860,100,1.69022388059702,0.131315083963718,0.00416536327565485,8221,393146,0.967088607594937,35,FALSE
V0.5_c2,bgs,2,spatial,500,simes,1,60739,107,526.36,537,908,100,4.9192523364486,0.0879132152899157,0.00176163585175917,6026,263180,0.913461538461539,35,FALSE
V0.5_c2,bgs,2,spatial,500,simes,2,31284,117,506.728,514,856,100,4.33100854700855,0.0879132152899157,0.00176163585175917,6026,263180,0.921739130434783,35,FALSE
V0.5_c2,bgs,2,spatial,500,simes,5,13864,118,430.77,438.5,633,100,3.65059322033898,0.0879132152899157,0.00176163585175917,6026,263180,0.922413793103448,35,FALSE
V0.5_c2,bgs,2,spatial,500,simes,8,8556,134,390.858,401.5,533,100,2.91685074626866,0.0879132152899157,0.00176163585175917,6026,263180,0.931818181818182,35,FALSE
V0.5_c2,bgs,2,spatial,500,consensus,1,60739,94,230.27,203,791,92.6,2.44968085106383,0.023581013592739,0.00154760532771366,4115,115135,0.934065934065934,35,TRUE
V0.5_c2,bgs,2,spatial,500,consensus,2,31284,119,243.898,228.5,780,93.4,2.04956302521008,0.023581013592739,0.00154760532771366,4115,115135,0.931623931623932,35,TRUE
V0.5_c2,bgs,2,spatial,500,consensus,5,13864,142,226.112,224,606,88.2,1.59233802816901,0.023581013592739,0.00154760532771366,4115,115135,0.95,35,TRUE
V0.5_c2,bgs,2,spatial,500,consensus,8,8556,150,217.642,218,550,89,1.45094666666667,0.023581013592739,0.00154760532771366,4115,115135,0.945945945945946,35,TRUE
V0.5_c2,bgs,2,spatial,500,best,1,60739,253,399.232,386.5,1067,99.8,1.57799209486166,0.0829793202949663,0.00416536327565485,6115,199616,0.959677419354839,35,TRUE
V0.5_c2,bgs,2,spatial,500,best,2,31284,340,450.312,457.5,1100,99.8,1.32444705882353,0.0829793202949663,0.00416536327565485,6115,199616,0.964179104477612,35,TRUE
V0.5_c2,bgs,2,spatial,500,best,5,13864,347,444.872,474,891,96.4,1.28205187319885,0.0829793202949663,0.00416536327565485,6115,199616,0.964809384164223,35,TRUE
V0.5_c2,bgs,2,spatial,500,best,8,8556,402,428.676,465.5,804,97.4,1.06635820895522,0.0829793202949663,0.00416536327565485,6115,199616,0.967088607594937,35,TRUE
V0.5_c2,bgs,2,spatial,500,simes,1,60739,107,246.406,232,750,96.4,2.30285981308411,0.0337491781855961,0.00176163585175917,4133,123203,0.913461538461539,35,TRUE
V0.5_c2,bgs,2,spatial,500,simes,2,31284,117,251.072,248.5,690,98.8,2.14591452991453,0.0337491781855961,0.00176163585175917,4133,123203,0.921739130434783,35,TRUE
V0.5_c2,bgs,2,spatial,500,simes,5,13864,118,227.242,231.5,570,91.2,1.92577966101695,0.0337491781855961,0.00176163585175917,4133,123203,0.922413793103448,35,TRUE
V0.5_c2,bgs,2,spatial,500,simes,8,8556,134,214.468,223,512,92.2,1.60050746268657,0.0337491781855961,0.00176163585175917,4133,123203,0.931818181818182,35,TRUE
V0.5_c2,bgs,2,vc,500,consensus,1,60739,94,0.24,0,32,9.4,0.0025531914893617,0,0.00154760532771366,118,120,0.934065934065934,35,FALSE
V0.5_c2,bgs,2,vc,500,consensus,2,31284,119,0.224,0,20,8.6,0.00188235294117647,0,0.00154760532771366,118,120,0.931623931623932,35,FALSE
V0.5_c2,bgs,2,vc,500,consensus,5,13864,142,0.282,0,26,9.2,0.00198591549295775,0,0.00154760532771366,118,120,0.95,35,FALSE
V0.5_c2,bgs,2,vc,500,consensus,8,8556,150,0.186,0,7,6.8,0.00124,0,0.00154760532771366,118,120,0.945945945945946,35,FALSE
V0.5_c2,bgs,2,vc,500,best,1,60739,253,1.244,0,82,15.8,0.00491699604743083,0.0884244372990354,0.00416536327565485,561,622,0.959677419354839,35,FALSE
V0.5_c2,bgs,2,vc,500,best,2,31284,340,2.112,0,102,23,0.00621176470588235,0.0884244372990354,0.00416536327565485,561,622,0.964179104477612,35,FALSE
V0.5_c2,bgs,2,vc,500,best,5,13864,347,3.942,0,111,32.8,0.0113602305475504,0.0884244372990354,0.00416536327565485,561,622,0.964809384164223,35,FALSE
V0.5_c2,bgs,2,vc,500,best,8,8556,402,5.656,0,129,36.2,0.0140696517412935,0.0884244372990354,0.00416536327565485,561,622,0.967088607594937,35,FALSE
V0.5_c2,bgs,2,vc,500,simes,1,60739,107,0.26,0,35,9,0.00242990654205608,0,0.00176163585175917,130,130,0.913461538461539,35,FALSE
V0.5_c2,bgs,2,vc,500,simes,2,31284,117,0.256,0,34,8.2,0.00218803418803419,0,0.00176163585175917,130,130,0.921739130434783,35,FALSE
V0.5_c2,bgs,2,vc,500,simes,5,13864,118,0.306,0,30,9.2,0.00259322033898305,0,0.00176163585175917,130,130,0.922413793103448,35,FALSE
V0.5_c2,bgs,2,vc,500,simes,8,8556,134,0.254,0,17,7.6,0.0018955223880597,0,0.00176163585175917,130,130,0.931818181818182,35,FALSE
V0.5_c2,bgs,2,vc,500,consensus,1,60739,94,0.22,0,34,8.2,0.00234042553191489,0,0.00154760532771366,108,110,0.934065934065934,35,TRUE
V0.5_c2,bgs,2,vc,500,consensus,2,31284,119,0.204,0,25,6.4,0.00171428571428571,0,0.00154760532771366,108,110,0.931623931623932,35,TRUE
V0.5_c2,bgs,2,vc,500,consensus,5,13864,142,0.228,0,31,7.6,0.0016056338028169,0,0.00154760532771366,108,110,0.95,35,TRUE
V0.5_c2,bgs,2,vc,500,consensus,8,8556,150,0.16,0,8,6.6,0.00106666666666667,0,0.00154760532771366,108,110,0.945945945945946,35,TRUE
V0.5_c2,bgs,2,vc,500,best,1,60739,253,1,0,85,14.2,0.00395256916996047,0.008,0.00416536327565485,461,500,0.959677419354839,35,TRUE
V0.5_c2,bgs,2,vc,500,best,2,31284,340,1.636,0,110,20,0.00481176470588235,0.008,0.00416536327565485,461,500,0.964179104477612,35,TRUE
V0.5_c2,bgs,2,vc,500,best,5,13864,347,2.716,0,109,26,0.00782708933717579,0.008,0.00416536327565485,461,500,0.964809384164223,35,TRUE
V0.5_c2,bgs,2,vc,500,best,8,8556,402,3.36,0,126,30.2,0.00835820895522388,0.008,0.00416536327565485,461,500,0.967088607594937,35,TRUE
V0.5_c2,bgs,2,vc,500,simes,1,60739,107,0.232,0,35,8.2,0.00216822429906542,0,0.00176163585175917,115,116,0.913461538461539,35,TRUE
V0.5_c2,bgs,2,vc,500,simes,2,31284,117,0.26,0,34,7,0.00222222222222222,0,0.00176163585175917,115,116,0.921739130434783,35,TRUE
V0.5_c2,bgs,2,vc,500,simes,5,13864,118,0.246,0,31,8.6,0.00208474576271186,0,0.00176163585175917,115,116,0.922413793103448,35,TRUE
V0.5_c2,bgs,2,vc,500,simes,8,8556,134,0.214,0,13,7.6,0.00159701492537313,0,0.00176163585175917,115,116,0.931818181818182,35,TRUE
V0.5_c2,bgs,3,pop,500,consensus,1,59940,95,1.476,0,51,29.8,0.0155368421052632,0.0013550135501355,0.00158491825158492,654,738,0.957894736842105,38,FALSE
V0.5_c2,bgs,3,pop,500,consensus,2,30963,115,1.206,0,51,29.4,0.0104869565217391,0.0013550135501355,0.00158491825158492,654,738,0.947826086956522,38,FALSE
V0.5_c2,bgs,3,pop,500,consensus,5,13578,113,0.826,0,33,24.4,0.00730973451327434,0.0013550135501355,0.00158491825158492,654,738,0.946902654867257,38,FALSE
V0.5_c2,bgs,3,pop,500,consensus,8,8451,112,0.65,0,25,22.8,0.00580357142857143,0.0013550135501355,0.00158491825158492,654,738,0.946428571428571,38,FALSE
V0.5_c2,bgs,3,pop,500,best,1,59940,232,6.904,1,168,52.4,0.0297586206896552,0.0622827346465817,0.00387053720387054,2440,3452,0.952173913043478,38,FALSE
V0.5_c2,bgs,3,pop,500,best,2,30963,269,9.944,1,212,61.6,0.0369665427509294,0.0622827346465817,0.00387053720387054,2440,3452,0.958646616541353,38,FALSE
V0.5_c2,bgs,3,pop,500,best,5,13578,304,12.904,3,190,66.6,0.0424473684210526,0.0622827346465817,0.00387053720387054,2440,3452,0.96,38,FALSE
V0.5_c2,bgs,3,pop,500,best,8,8451,307,15.28,4,196,71.8,0.049771986970684,0.0622827346465817,0.00387053720387054,2440,3452,0.957095709570957,38,FALSE
V0.5_c2,bgs,3,pop,500,simes,1,59940,139,2.176,0,67,36.8,0.0156546762589928,0.00735294117647059,0.00231898565231899,943,1088,0.956834532374101,38,FALSE
V0.5_c2,bgs,3,pop,500,simes,2,30963,154,2.032,0,67,34,0.0131948051948052,0.00735294117647059,0.00231898565231899,943,1088,0.947712418300654,38,FALSE
V0.5_c2,bgs,3,pop,500,simes,5,13578,144,1.528,0,48,31.6,0.0106111111111111,0.00735294117647059,0.00231898565231899,943,1088,0.944055944055944,38,FALSE
V0.5_c2,bgs,3,pop,500,simes,8,8451,142,1.212,0,44,28.2,0.00853521126760563,0.00735294117647059,0.00231898565231899,943,1088,0.936170212765957,38,FALSE
V0.5_c2,bgs,3,pop,500,consensus,1,59940,95,1.67,0,47,31.6,0.0175789473684211,0.00479041916167665,0.00158491825158492,750,835,0.957894736842105,38,TRUE
V0.5_c2,bgs,3,pop,500,consensus,2,30963,115,1.246,0,45,29,0.0108347826086957,0.00479041916167665,0.00158491825158492,750,835,0.947826086956522,38,TRUE
V0.5_c2,bgs,3,pop,500,consensus,5,13578,113,0.862,0,32,24.6,0.0076283185840708,0.00479041916167665,0.00158491825158492,750,835,0.946902654867257,38,TRUE
V0.5_c2,bgs,3,pop,500,consensus,8,8451,112,0.638,0,26,21.8,0.00569642857142857,0.00479041916167665,0.00158491825158492,750,835,0.946428571428571,38,TRUE
V0.5_c2,bgs,3,pop,500,best,1,59940,232,6.288,1,159,52.6,0.0271034482758621,0.0283078880407125,0.00387053720387054,2286,3144,0.952173913043478,38,TRUE
V0.5_c2,bgs,3,pop,500,best,2,30963,269,8.614,1,174,59,0.0320223048327138,0.0283078880407125,0.00387053720387054,2286,3144,0.958646616541353,38,TRUE
V0.5_c2,bgs,3,pop,500,best,5,13578,304,10.654,2,196,63.6,0.035046052631579,0.0283078880407125,0.00387053720387054,2286,3144,0.96,38,TRUE
V0.5_c2,bgs,3,pop,500,best,8,8451,307,12.278,3,195,67.2,0.0399934853420195,0.0283078880407125,0.00387053720387054,2286,3144,0.957095709570957,38,TRUE
V0.5_c2,bgs,3,pop,500,simes,1,59940,139,2.176,0,62,35.8,0.0156546762589928,0.00459558823529412,0.00231898565231899,945,1088,0.956834532374101,38,TRUE
V0.5_c2,bgs,3,pop,500,simes,2,30963,154,1.976,0,64,34.4,0.0128311688311688,0.00459558823529412,0.00231898565231899,945,1088,0.947712418300654,38,TRUE
V0.5_c2,bgs,3,pop,500,simes,5,13578,144,1.478,0,42,30.8,0.0102638888888889,0.00459558823529412,0.00231898565231899,945,1088,0.944055944055944,38,TRUE
V0.5_c2,bgs,3,pop,500,simes,8,8451,142,1.176,0,35,27.8,0.00828169014084507,0.00459558823529412,0.00231898565231899,945,1088,0.936170212765957,38,TRUE
V0.5_c2,bgs,3,spatial,500,consensus,1,59940,95,535.062,548.5,842,100,5.63223157894737,0.0723654454997739,0.00158491825158492,5965,267531,0.957894736842105,38,FALSE
V0.5_c2,bgs,3,spatial,500,consensus,2,30963,115,533.51,538,833,100,4.63921739130435,0.0723654454997739,0.00158491825158492,5965,267531,0.947826086956522,38,FALSE
V0.5_c2,bgs,3,spatial,500,consensus,5,13578,113,478.408,494,679,100,4.23369911504425,0.0723654454997739,0.00158491825158492,5965,267531,0.946902654867257,38,FALSE
V0.5_c2,bgs,3,spatial,500,consensus,8,8451,112,440.096,458,601,100,3.92942857142857,0.0723654454997739,0.00158491825158492,5965,267531,0.946428571428571,38,FALSE
V0.5_c2,bgs,3,spatial,500,best,1,59940,232,780.104,779,1295,100,3.36251724137931,0.134723062566017,0.00387053720387054,8168,390052,0.952173913043478,38,FALSE
V0.5_c2,bgs,3,spatial,500,best,2,30963,269,818.162,812,1282,100,3.04149442379182,0.134723062566017,0.00387053720387054,8168,390052,0.958646616541353,38,FALSE
V0.5_c2,bgs,3,spatial,500,best,5,13578,304,753.998,758,1032,100,2.48025657894737,0.134723062566017,0.00387053720387054,8168,390052,0.96,38,FALSE
V0.5_c2,bgs,3,spatial,500,best,8,8451,307,687.308,700.5,884,100,2.23878827361564,0.134723062566017,0.00387053720387054,8168,390052,0.957095709570957,38,FALSE
V0.5_c2,bgs,3,spatial,500,simes,1,59940,139,527.364,532.5,826,100,3.79398561151079,0.120933548744321,0.00231898565231899,5857,263682,0.956834532374101,38,FALSE
V0.5_c2,bgs,3,spatial,500,simes,2,30963,154,504.862,505,812,100,3.27832467532468,0.120933548744321,0.00231898565231899,5857,263682,0.947712418300654,38,FALSE
V0.5_c2,bgs,3,spatial,500,simes,5,13578,144,443.352,450,663,100,3.07883333333333,0.120933548744321,0.00231898565231899,5857,263682,0.944055944055944,38,FALSE
V0.5_c2,bgs,3,spatial,500,simes,8,8451,142,402.632,411.5,567,100,2.83543661971831,0.120933548744321,0.00231898565231899,5857,263682,0.936170212765957,38,FALSE
V0.5_c2,bgs,3,spatial,500,consensus,1,59940,95,251.384,207.5,850,97,2.64614736842105,0.0551984215383636,0.00158491825158492,3913,125692,0.957894736842105,38,TRUE
V0.5_c2,bgs,3,spatial,500,consensus,2,30963,115,254.74,228,768,97,2.21513043478261,0.0551984215383636,0.00158491825158492,3913,125692,0.947826086956522,38,TRUE
V0.5_c2,bgs,3,spatial,500,consensus,5,13578,113,247.086,237.5,664,98,2.1866017699115,0.0551984215383636,0.00158491825158492,3913,125692,0.946902654867257,38,TRUE
V0.5_c2,bgs,3,spatial,500,consensus,8,8451,112,235.204,233.5,581,95.2,2.10003571428571,0.0551984215383636,0.00158491825158492,3913,125692,0.946428571428571,38,TRUE
V0.5_c2,bgs,3,spatial,500,best,1,59940,232,431.154,406.5,1155,99,1.8584224137931,0.125834388640718,0.00387053720387054,5899,215577,0.952173913043478,38,TRUE
V0.5_c2,bgs,3,spatial,500,best,2,30963,269,474.834,474,1199,99.6,1.76518215613383,0.125834388640718,0.00387053720387054,5899,215577,0.958646616541353,38,TRUE
V0.5_c2,bgs,3,spatial,500,best,5,13578,304,482.498,504,995,100,1.58716447368421,0.125834388640718,0.00387053720387054,5899,215577,0.96,38,TRUE
V0.5_c2,bgs,3,spatial,500,best,8,8451,307,461.954,497,854,100,1.50473615635179,0.125834388640718,0.00387053720387054,5899,215577,0.957095709570957,38,TRUE
V0.5_c2,bgs,3,spatial,500,simes,1,59940,139,268.396,241.5,839,97.4,1.93090647482014,0.100336815749862,0.00231898565231899,3971,134198,0.956834532374101,38,TRUE
V0.5_c2,bgs,3,spatial,500,simes,2,30963,154,263.814,250,764,97.8,1.71307792207792,0.100336815749862,0.00231898565231899,3971,134198,0.947712418300654,38,TRUE
V0.5_c2,bgs,3,spatial,500,simes,5,13578,144,247.752,249,625,97.8,1.7205,0.100336815749862,0.00231898565231899,3971,134198,0.944055944055944,38,TRUE
V0.5_c2,bgs,3,spatial,500,simes,8,8451,142,232.98,242.5,560,96.6,1.64070422535211,0.100336815749862,0.00231898565231899,3971,134198,0.936170212765957,38,TRUE
V0.5_c2,bgs,3,vc,500,consensus,1,59940,95,0.236,0,22,10.2,0.00248421052631579,0.0254237288135593,0.00158491825158492,118,118,0.957894736842105,38,FALSE
V0.5_c2,bgs,3,vc,500,consensus,2,30963,115,0.278,0,26,10.2,0.00241739130434783,0.0254237288135593,0.00158491825158492,118,118,0.947826086956522,38,FALSE
V0.5_c2,bgs,3,vc,500,consensus,5,13578,113,0.35,0,23,11,0.00309734513274336,0.0254237288135593,0.00158491825158492,118,118,0.946902654867257,38,FALSE
V0.5_c2,bgs,3,vc,500,consensus,8,8451,112,0.366,0,38,10,0.00326785714285714,0.0254237288135593,0.00158491825158492,118,118,0.946428571428571,38,FALSE
V0.5_c2,bgs,3,vc,500,best,1,59940,232,1.182,0,71,16.4,0.0050948275862069,0.203045685279188,0.00387053720387054,527,591,0.952173913043478,38,FALSE
V0.5_c2,bgs,3,vc,500,best,2,30963,269,2.25,0,112,23.4,0.00836431226765799,0.203045685279188,0.00387053720387054,527,591,0.958646616541353,38,FALSE
V0.5_c2,bgs,3,vc,500,best,5,13578,304,4.838,0,164,33,0.0159144736842105,0.203045685279188,0.00387053720387054,527,591,0.96,38,FALSE
V0.5_c2,bgs,3,vc,500,best,8,8451,307,6.564,0,174,38.2,0.0213811074918567,0.203045685279188,0.00387053720387054,527,591,0.957095709570957,38,FALSE
V0.5_c2,bgs,3,vc,500,simes,1,59940,139,0.244,0,29,9.8,0.00175539568345324,0.00819672131147541,0.00231898565231899,122,122,0.956834532374101,38,FALSE
V0.5_c2,bgs,3,vc,500,simes,2,30963,154,0.262,0,31,9.4,0.0017012987012987,0.00819672131147541,0.00231898565231899,122,122,0.947712418300654,38,FALSE
V0.5_c2,bgs,3,vc,500,simes,5,13578,144,0.266,0,22,9.2,0.00184722222222222,0.00819672131147541,0.00231898565231899,122,122,0.944055944055944,38,FALSE
V0.5_c2,bgs,3,vc,500,simes,8,8451,142,0.236,0,12,8.6,0.00166197183098592,0.00819672131147541,0.00231898565231899,122,122,0.936170212765957,38,FALSE
V0.5_c2,bgs,3,vc,500,consensus,1,59940,95,0.184,0,22,7.6,0.00193684210526316,0.0108695652173913,0.00158491825158492,92,92,0.957894736842105,38,TRUE
V0.5_c2,bgs,3,vc,500,consensus,2,30963,115,0.232,0,26,7.6,0.00201739130434783,0.0108695652173913,0.00158491825158492,92,92,0.947826086956522,38,TRUE
V0.5_c2,bgs,3,vc,500,consensus,5,13578,113,0.228,0,20,9.4,0.00201769911504425,0.0108695652173913,0.00158491825158492,92,92,0.946902654867257,38,TRUE
V0.5_c2,bgs,3,vc,500,consensus,8,8451,112,0.188,0,8,9.4,0.00167857142857143,0.0108695652173913,0.00158491825158492,92,92,0.946428571428571,38,TRUE
V0.5_c2,bgs,3,vc,500,best,1,59940,232,0.618,0,47,14.2,0.00266379310344828,0.00970873786407767,0.00387053720387054,297,309,0.952173913043478,38,TRUE
V0.5_c2,bgs,3,vc,500,best,2,30963,269,1.244,0,66,19.6,0.00462453531598513,0.00970873786407767,0.00387053720387054,297,309,0.958646616541353,38,TRUE
V0.5_c2,bgs,3,vc,500,best,5,13578,304,2.504,0,103,27.4,0.00823684210526316,0.00970873786407767,0.00387053720387054,297,309,0.96,38,TRUE
V0.5_c2,bgs,3,vc,500,best,8,8451,307,3.338,0,125,31.6,0.0108729641693811,0.00970873786407767,0.00387053720387054,297,309,0.957095709570957,38,TRUE
V0.5_c2,bgs,3,vc,500,simes,1,59940,139,0.198,0,27,7.6,0.00142446043165468,0.0101010101010101,0.00231898565231899,99,99,0.956834532374101,38,TRUE
V0.5_c2,bgs,3,vc,500,simes,2,30963,154,0.212,0,31,7,0.00137662337662338,0.0101010101010101,0.00231898565231899,99,99,0.947712418300654,38,TRUE
V0.5_c2,bgs,3,vc,500,simes,5,13578,144,0.22,0,22,8.4,0.00152777777777778,0.0101010101010101,0.00231898565231899,99,99,0.944055944055944,38,TRUE
V0.5_c2,bgs,3,vc,500,simes,8,8451,142,0.208,0,7,9.2,0.00146478873239437,0.0101010101010101,0.00231898565231899,99,99,0.936170212765957,38,TRUE
V0.5_c2,bgs,4,pop,500,consensus,1,61123,10,1.244,0,41,29.8,0.1244,0.00160771704180064,0.000163604535117713,573,622,0.9,37,FALSE
V0.5_c2,bgs,4,pop,500,consensus,2,31321,23,0.988,0,33,26.4,0.0429565217391304,0.00160771704180064,0.000163604535117713,573,622,0.956521739130435,37,FALSE
V0.5_c2,bgs,4,pop,500,consensus,5,13662,37,0.638,0,18,20.2,0.0172432432432432,0.00160771704180064,0.000163604535117713,573,622,0.945945945945946,37,FALSE
V0.5_c2,bgs,4,pop,500,consensus,8,8309,35,0.458,0,20,16.6,0.0130857142857143,0.00160771704180064,0.000163604535117713,573,622,0.942857142857143,37,FALSE
V0.5_c2,bgs,4,pop,500,best,1,61123,142,5.778,1,122,50.4,0.0406901408450704,0.0716510903426791,0.00232318439867153,2120,2889,0.921985815602837,37,FALSE
V0.5_c2,bgs,4,pop,500,best,2,31321,175,8.342,1,175,57.2,0.0476685714285714,0.0716510903426791,0.00232318439867153,2120,2889,0.931034482758621,37,FALSE
V0.5_c2,bgs,4,pop,500,best,5,13662,220,11.112,2,166,63.6,0.0505090909090909,0.0716510903426791,0.00232318439867153,2120,2889,0.944954128440367,37,FALSE
V0.5_c2,bgs,4,pop,500,best,8,8309,217,13.568,3,186,70,0.0625253456221198,0.0716510903426791,0.00232318439867153,2120,2889,0.934883720930232,37,FALSE
V0.5_c2,bgs,4,pop,500,simes,1,61123,58,1.626,0,58,32.8,0.0280344827586207,0.00861008610086101,0.000948906303682738,733,813,0.913793103448276,37,FALSE
V0.5_c2,bgs,4,pop,500,simes,2,31321,70,1.526,0,61,28.8,0.0218,0.00861008610086101,0.000948906303682738,733,813,0.928571428571429,37,FALSE
V0.5_c2,bgs,4,pop,500,simes,5,13662,74,1.186,0,44,24.4,0.016027027027027,0.00861008610086101,0.000948906303682738,733,813,0.89041095890411,37,FALSE
V0.5_c2,bgs,4,pop,500,simes,8,8309,83,0.97,0,49,23.8,0.0116867469879518,0.00861008610086101,0.000948906303682738,733,813,0.890243902439024,37,FALSE
V0.5_c2,bgs,4,pop,500,consensus,1,61123,10,1.23,0,42,27.6,0.123,0,0.000163604535117713,567,615,0.9,37,TRUE
V0.5_c2,bgs,4,pop,500,consensus,2,31321,23,0.944,0,34,26.2,0.0410434782608696,0,0.000163604535117713,567,615,0.956521739130435,37,TRUE
V0.5_c2,bgs,4,pop,500,consensus,5,13662,37,0.548,0,18,20.2,0.0148108108108108,0,0.000163604535117713,567,615,0.945945945945946,37,TRUE
V0.5_c2,bgs,4,pop,500,consensus,8,8309,35,0.414,0,16,15.8,0.0118285714285714,0,0.000163604535117713,567,615,0.942857142857143,37,TRUE
V0.5_c2,bgs,4,pop,500,best,1,61123,142,5.058,0,128,49.2,0.0356197183098592,0.0264926848556742,0.00232318439867153,1945,2529,0.921985815602837,37,TRUE
V0.5_c2,bgs,4,pop,500,best,2,31321,175,7.182,1,123,54.6,0.04104,0.0264926848556742,0.00232318439867153,1945,2529,0.931034482758621,37,TRUE
V0.5_c2,bgs,4,pop,500,best,5,13662,220,9.336,2,135,62,0.0424363636363636,0.0264926848556742,0.00232318439867153,1945,2529,0.944954128440367,37,TRUE
V0.5_c2,bgs,4,pop,500,best,8,8309,217,10.858,2,155,66.4,0.050036866359447,0.0264926848556742,0.00232318439867153,1945,2529,0.934883720930232,37,TRUE
V0.5_c2,bgs,4,pop,500,simes,1,61123,58,1.608,0,62,32.8,0.0277241379310345,0.00373134328358209,0.000948906303682738,732,804,0.913793103448276,37,TRUE
V0.5_c2,bgs,4,pop,500,simes,2,31321,70,1.508,0,65,31.8,0.0215428571428571,0.00373134328358209,0.000948906303682738,732,804,0.928571428571429,37,TRUE
V0.5_c2,bgs,4,pop,500,simes,5,13662,74,1.012,0,47,25.6,0.0136756756756757,0.00373134328358209,0.000948906303682738,732,804,0.89041095890411,37,TRUE
V0.5_c2,bgs,4,pop,500,simes,8,8309,83,0.806,0,31,23.8,0.00971084337349398,0.00373134328358209,0.000948906303682738,732,804,0.890243902439024,37,TRUE
V0.5_c2,bgs,4,spatial,500,consensus,1,61123,10,544.334,551,930,99.8,54.4334,0.00970727531258382,0.000163604535117713,6345,272167,0.9,37,FALSE
V0.5_c2,bgs,4,spatial,500,consensus,2,31321,23,547.858,551,910,99.8,23.8199130434783,0.00970727531258382,0.000163604535117713,6345,272167,0.956521739130435,37,FALSE
V0.5_c2,bgs,4,spatial,500,consensus,5,13662,37,480.478,484.5,729,100,12.9858918918919,0.00970727531258382,0.000163604535117713,6345,272167,0.945945945945946,37,FALSE
V0.5_c2,bgs,4,spatial,500,consensus,8,8309,35,449.698,463.5,629,100,12.8485142857143,0.00970727531258382,0.000163604535117713,6345,272167,0.942857142857143,37,FALSE
V0.5_c2,bgs,4,spatial,500,best,1,61123,142,791.548,792,1300,100,5.57428169014085,0.0973636469298135,0.00232318439867153,8748,395774,0.921985815602837,37,FALSE
V0.5_c2,bgs,4,spatial,500,best,2,31321,175,838.73,847,1309,100,4.79274285714286,0.0973636469298135,0.00232318439867153,8748,395774,0.931034482758621,37,FALSE
V0.5_c2,bgs,4,spatial,500,best,5,13662,220,758.036,766,1018,100,3.44561818181818,0.0973636469298135,0.00232318439867153,8748,395774,0.944954128440367,37,FALSE
V0.5_c2,bgs,4,spatial,500,best,8,8309,217,703.608,719,916,100,3.2424331797235,0.0973636469298135,0.00232318439867153,8748,395774,0.934883720930232,37,FALSE
V0.5_c2,bgs,4,spatial,500,simes,1,61123,58,531.394,530,909,100,9.16196551724138,0.0533314263992443,0.000948906303682738,6284,265697,0.913793103448276,37,FALSE
V0.5_c2,bgs,4,spatial,500,simes,2,31321,70,515.812,513,856,100,7.36874285714286,0.0533314263992443,0.000948906303682738,6284,265697,0.928571428571429,37,FALSE
V0.5_c2,bgs,4,spatial,500,simes,5,13662,74,441.394,442.5,669,100,5.96478378378378,0.0533314263992443,0.000948906303682738,6284,265697,0.89041095890411,37,FALSE
V0.5_c2,bgs,4,spatial,500,simes,8,8309,83,407.93,415,567,100,4.91481927710843,0.0533314263992443,0.000948906303682738,6284,265697,0.890243902439024,37,FALSE
V0.5_c2,bgs,4,spatial,500,consensus,1,61123,10,223.45,175,874,88,22.345,0.00375027970463191,0.000163604535117713,4084,111725,0.9,37,TRUE
V0.5_c2,bgs,4,spatial,500,consensus,2,31321,23,237.066,202.5,863,88.8,10.3072173913043,0.00375027970463191,0.000163604535117713,4084,111725,0.956521739130435,37,TRUE
V0.5_c2,bgs,4,spatial,500,consensus,5,13662,37,222.328,205.5,681,87,6.00886486486487,0.00375027970463191,0.000163604535117713,4084,111725,0.945945945945946,37,TRUE
V0.5_c2,bgs,4,spatial,500,consensus,8,8309,35,217.784,209,571,88.2,6.2224,0.00375027970463191,0.000163604535117713,4084,111725,0.942857142857143,37,TRUE
V0.5_c2,bgs,4,spatial,500,best,1,61123,142,384.132,349,1244,96,2.70515492957746,0.100684139826934,0.00232318439867153,6130,192066,0.921985815602837,37,TRUE
V0.5_c2,bgs,4,spatial,500,best,2,31321,175,435.086,425,1257,96.8,2.48620571428571,0.100684139826934,0.00232318439867153,6130,192066,0.931034482758621,37,TRUE
V0.5_c2,bgs,4,spatial,500,best,5,13662,220,436.798,450,997,97.8,1.98544545454545,0.100684139826934,0.00232318439867153,6130,192066,0.944954128440367,37,TRUE
V0.5_c2,bgs,4,spatial,500,best,8,8309,217,433.328,463,837,97.2,1.99690322580645,0.100684139826934,0.00232318439867153,6130,192066,0.934883720930232,37,TRUE
V0.5_c2,bgs,4,spatial,500,simes,1,61123,58,236.304,205.5,866,89,4.07420689655172,0.048158304556842,0.000948906303682738,4094,118152,0.913793103448276,37,TRUE
V0.5_c2,bgs,4,spatial,500,simes,2,31321,70,240.764,220.5,817,90.2,3.43948571428571,0.048158304556842,0.000948906303682738,4094,118152,0.928571428571429,37,TRUE
V0.5_c2,bgs,4,spatial,500,simes,5,13662,74,221.792,217.5,662,88.4,2.99718918918919,0.048158304556842,0.000948906303682738,4094,118152,0.89041095890411,37,TRUE
V0.5_c2,bgs,4,spatial,500,simes,8,8309,83,213.724,217,550,90.4,2.57498795180723,0.048158304556842,0.000948906303682738,4094,118152,0.890243902439024,37,TRUE
V0.5_c2,bgs,4,vc,500,consensus,1,61123,10,0.14,0,17,6.6,0.014,0,0.000163604535117713,70,70,0.9,37,FALSE
V0.5_c2,bgs,4,vc,500,consensus,2,31321,23,0.152,0,9,8.6,0.00660869565217391,0,0.000163604535117713,70,70,0.956521739130435,37,FALSE
V0.5_c2,bgs,4,vc,500,consensus,5,13662,37,0.17,0,11,8.4,0.0045945945945946,0,0.000163604535117713,70,70,0.945945945945946,37,FALSE
V0.5_c2,bgs,4,vc,500,consensus,8,8309,35,0.168,0,10,10.4,0.0048,0,0.000163604535117713,70,70,0.942857142857143,37,FALSE
V0.5_c2,bgs,4,vc,500,best,1,61123,142,0.622,0,36,16.2,0.00438028169014085,0.0643086816720257,0.00232318439867153,292,311,0.921985815602837,37,FALSE
V0.5_c2,bgs,4,vc,500,best,2,31321,175,1.164,0,27,23.2,0.00665142857142857,0.0643086816720257,0.00232318439867153,292,311,0.931034482758621,37,FALSE
V0.5_c2,bgs,4,vc,500,best,5,13662,220,3.18,0,89,31.6,0.0144545454545455,0.0643086816720257,0.00232318439867153,292,311,0.944954128440367,37,FALSE
V0.5_c2,bgs,4,vc,500,best,8,8309,217,5.688,0,125,39.2,0.0262119815668203,0.0643086816720257,0.00232318439867153,292,311,0.934883720930232,37,FALSE
V0.5_c2,bgs,4,vc,500,simes,1,61123,58,0.144,0,15,7,0.00248275862068966,0,0.000948906303682738,72,72,0.913793103448276,37,FALSE
V0.5_c2,bgs,4,vc,500,simes,2,31321,70,0.17,0,7,8.6,0.00242857142857143,0,0.000948906303682738,72,72,0.928571428571429,37,FALSE
V0.5_c2,bgs,4,vc,500,simes,5,13662,74,0.154,0,5,8.4,0.00208108108108108,0,0.000948906303682738,72,72,0.89041095890411,37,FALSE
V0.5_c2,bgs,4,vc,500,simes,8,8309,83,0.146,0,4,10,0.00175903614457831,0,0.000948906303682738,72,72,0.890243902439024,37,FALSE
V0.5_c2,bgs,4,vc,500,consensus,1,61123,10,0.166,0,17,7,0.0166,0,0.000163604535117713,83,83,0.9,37,TRUE
V0.5_c2,bgs,4,vc,500,consensus,2,31321,23,0.15,0,9,9,0.00652173913043478,0,0.000163604535117713,83,83,0.956521739130435,37,TRUE
V0.5_c2,bgs,4,vc,500,consensus,5,13662,37,0.164,0,6,8.4,0.00443243243243243,0,0.000163604535117713,83,83,0.945945945945946,37,TRUE
V0.5_c2,bgs,4,vc,500,consensus,8,8309,35,0.14,0,6,8,0.004,0,0.000163604535117713,83,83,0.942857142857143,37,TRUE
V0.5_c2,bgs,4,vc,500,best,1,61123,142,0.53,0,36,14.2,0.00373239436619718,0.0150943396226415,0.00232318439867153,251,265,0.921985815602837,37,TRUE
V0.5_c2,bgs,4,vc,500,best,2,31321,175,1.146,0,56,18.6,0.00654857142857143,0.0150943396226415,0.00232318439867153,251,265,0.931034482758621,37,TRUE
V0.5_c2,bgs,4,vc,500,best,5,13662,220,2.042,0,100,26.6,0.00928181818181818,0.0150943396226415,0.00232318439867153,251,265,0.944954128440367,37,TRUE
V0.5_c2,bgs,4,vc,500,best,8,8309,217,2.794,0,124,30.8,0.0128755760368664,0.0150943396226415,0.00232318439867153,251,265,0.934883720930232,37,TRUE
V0.5_c2,bgs,4,vc,500,simes,1,61123,58,0.178,0,15,7.4,0.00306896551724138,0.0112359550561798,0.000948906303682738,89,89,0.913793103448276,37,TRUE
V0.5_c2,bgs,4,vc,500,simes,2,31321,70,0.18,0,9,8.2,0.00257142857142857,0.0112359550561798,0.000948906303682738,89,89,0.928571428571429,37,TRUE
V0.5_c2,bgs,4,vc,500,simes,5,13662,74,0.15,0,9,7.8,0.00202702702702703,0.0112359550561798,0.000948906303682738,89,89,0.89041095890411,37,TRUE
V0.5_c2,bgs,4,vc,500,simes,8,8309,83,0.106,0,5,7,0.00127710843373494,0.0112359550561798,0.000948906303682738,89,89,0.890243902439024,37,TRUE
V0.5_c2,bgs,5,pop,500,consensus,1,61060,6,1.282,0,31,35,0.213666666666667,0,9.82640026203734e-05,573,641,1,30,FALSE
V0.5_c2,bgs,5,pop,500,consensus,2,31073,31,1.002,0,20,31.6,0.0323225806451613,0,9.82640026203734e-05,573,641,0.933333333333333,30,FALSE
V0.5_c2,bgs,5,pop,500,consensus,5,13672,60,0.764,0,21,26.8,0.0127333333333333,0,9.82640026203734e-05,573,641,0.915254237288136,30,FALSE
V0.5_c2,bgs,5,pop,500,consensus,8,8369,61,0.642,0,15,24.6,0.0105245901639344,0,9.82640026203734e-05,573,641,0.915254237288136,30,FALSE
V0.5_c2,bgs,5,pop,500,best,1,61060,227,5.544,1,103,54.4,0.0244229074889868,0.108585858585859,0.00371765476580413,2105,2772,0.95067264573991,30,FALSE
V0.5_c2,bgs,5,pop,500,best,2,31073,313,7.968,1,118,59.2,0.0254568690095847,0.108585858585859,0.00371765476580413,2105,2772,0.957654723127036,30,FALSE
V0.5_c2,bgs,5,pop,500,best,5,13672,358,10.622,3,138,67.6,0.0296703910614525,0.108585858585859,0.00371765476580413,2105,2772,0.960227272727273,30,FALSE
V0.5_c2,bgs,5,pop,500,best,8,8369,366,12.882,3,157,70.8,0.0351967213114754,0.108585858585859,0.00371765476580413,2105,2772,0.955555555555556,30,FALSE
V0.5_c2,bgs,5,pop,500,simes,1,61060,8,1.732,0,34,35.6,0.2165,0.00115473441108545,0.000131018670160498,773,866,0.875,30,FALSE
V0.5_c2,bgs,5,pop,500,simes,2,31073,37,1.526,0,34,33.8,0.0412432432432432,0.00115473441108545,0.000131018670160498,773,866,0.945945945945946,30,FALSE
V0.5_c2,bgs,5,pop,500,simes,5,13672,65,1.176,0,28,31,0.0180923076923077,0.00115473441108545,0.000131018670160498,773,866,0.907692307692308,30,FALSE
V0.5_c2,bgs,5,pop,500,simes,8,8369,95,1.014,0,26,28,0.0106736842105263,0.00115473441108545,0.000131018670160498,773,866,0.936842105263158,30,FALSE
V0.5_c2,bgs,5,pop,500,consensus,1,61060,6,1.31,0,28,33,0.218333333333333,0,9.82640026203734e-05,585,655,1,30,TRUE
V0.5_c2,bgs,5,pop,500,consensus,2,31073,31,1.022,0,34,30.2,0.0329677419354839,0,9.82640026203734e-05,585,655,0.933333333333333,30,TRUE
V0.5_c2,bgs,5,pop,500,consensus,5,13672,60,0.666,0,25,24.8,0.0111,0,9.82640026203734e-05,585,655,0.915254237288136,30,TRUE
V0.5_c2,bgs,5,pop,500,consensus,8,8369,61,0.52,0,16,21.4,0.00852459016393443,0,9.82640026203734e-05,585,655,0.915254237288136,30,TRUE
V0.5_c2,bgs,5,pop,500,best,1,61060,227,4.554,0,101,49.4,0.0200616740088106,0.0663153271848924,0.00371765476580413,1830,2277,0.95067264573991,30,TRUE
V0.5_c2,bgs,5,pop,500,best,2,31073,313,6.234,1,116,54.8,0.0199169329073482,0.0663153271848924,0.00371765476580413,1830,2277,0.957654723127036,30,TRUE
V0.5_c2,bgs,5,pop,500,best,5,13672,358,7.448,2,115,61.2,0.020804469273743,0.0663153271848924,0.00371765476580413,1830,2277,0.960227272727273,30,TRUE
V0.5_c2,bgs,5,pop,500,best,8,8369,366,8.344,2,133,65,0.0227978142076503,0.0663153271848924,0.00371765476580413,1830,2277,0.955555555555556,30,TRUE
V0.5_c2,bgs,5,pop,500,simes,1,61060,8,1.644,0,37,33.2,0.2055,0,0.000131018670160498,738,822,0.875,30,TRUE
V0.5_c2,bgs,5,pop,500,simes,2,31073,37,1.458,0,43,34,0.0394054054054054,0,0.000131018670160498,738,822,0.945945945945946,30,TRUE
V0.5_c2,bgs,5,pop,500,simes,5,13672,65,0.978,0,32,28.6,0.0150461538461538,0,0.000131018670160498,738,822,0.907692307692308,30,TRUE
V0.5_c2,bgs,5,pop,500,simes,8,8369,95,0.758,0,23,26.2,0.00797894736842105,0,0.000131018670160498,738,822,0.936842105263158,30,TRUE
V0.5_c2,bgs,5,spatial,500,consensus,1,61060,6,492.724,500,844,100,82.1206666666667,0.00431884787426632,9.82640026203734e-05,5873,246362,1,30,FALSE
V0.5_c2,bgs,5,spatial,500,consensus,2,31073,31,497.812,505,817,100,16.0584516129032,0.00431884787426632,9.82640026203734e-05,5873,246362,0.933333333333333,30,FALSE
V0.5_c2,bgs,5,spatial,500,consensus,5,13672,60,459.26,469.5,655,100,7.65433333333333,0.00431884787426632,9.82640026203734e-05,5873,246362,0.915254237288136,30,FALSE
V0.5_c2,bgs,5,spatial,500,consensus,8,8369,61,422.54,432,586,100,6.92688524590164,0.00431884787426632,9.82640026203734e-05,5873,246362,0.915254237288136,30,FALSE
V0.5_c2,bgs,5,spatial,500,best,1,61060,227,745.712,747,1231,100,3.28507488986784,0.143092775763297,0.00371765476580413,8143,372856,0.95067264573991,30,FALSE
V0.5_c2,bgs,5,spatial,500,best,2,31073,313,794.476,796,1277,100,2.53826198083067,0.143092775763297,0.00371765476580413,8143,372856,0.957654723127036,30,FALSE
V0.5_c2,bgs,5,spatial,500,best,5,13672,358,744.422,753,1026,100,2.07939106145251,0.143092775763297,0.00371765476580413,8143,372856,0.960227272727273,30,FALSE
V0.5_c2,bgs,5,spatial,500,best,8,8369,366,681.614,690.5,854,100,1.86233333333333,0.143092775763297,0.00371765476580413,8143,372856,0.955555555555556,30,FALSE
V0.5_c2,bgs,5,spatial,500,simes,1,61060,8,492.654,494.5,838,100,61.58175,0.00808275178928822,0.000131018670160498,5842,246327,0.875,30,FALSE
V0.5_c2,bgs,5,spatial,500,simes,2,31073,37,477.066,478,774,100,12.8936756756757,0.00808275178928822,0.000131018670160498,5842,246327,0.945945945945946,30,FALSE
V0.5_c2,bgs,5,spatial,500,simes,5,13672,65,430.916,436,626,100,6.62947692307692,0.00808275178928822,0.000131018670160498,5842,246327,0.907692307692308,30,FALSE
V0.5_c2,bgs,5,spatial,500,simes,8,8369,95,391.496,400.5,540,100,4.12101052631579,0.00808275178928822,0.000131018670160498,5842,246327,0.936842105263158,30,FALSE
V0.5_c2,bgs,5,spatial,500,consensus,1,61060,6,271.274,261,711,95,45.2123333333333,0.00465212294580387,9.82640026203734e-05,3948,135637,1,30,TRUE
V0.5_c2,bgs,5,spatial,500,consensus,2,31073,31,280.578,282,699,95.6,9.05090322580645,0.00465212294580387,9.82640026203734e-05,3948,135637,0.933333333333333,30,TRUE
V0.5_c2,bgs,5,spatial,500,consensus,5,13672,60,272.422,284,634,97,4.54036666666667,0.00465212294580387,9.82640026203734e-05,3948,135637,0.915254237288136,30,TRUE
V0.5_c2,bgs,5,spatial,500,consensus,8,8369,61,259.434,271.5,553,94.8,4.25301639344262,0.00465212294580387,9.82640026203734e-05,3948,135637,0.915254237288136,30,TRUE
V0.5_c2,bgs,5,spatial,500,best,1,61060,227,458.368,467,1051,99,2.0192422907489,0.166464500139626,0.00371765476580413,6018,229184,0.95067264573991,30,TRUE
V0.5_c2,bgs,5,spatial,500,best,2,31073,313,508.204,521.5,1107,99.6,1.62365495207668,0.166464500139626,0.00371765476580413,6018,229184,0.957654723127036,30,TRUE
V0.5_c2,bgs,5,spatial,500,best,5,13672,358,517.246,544,925,99.8,1.44482122905028,0.166464500139626,0.00371765476580413,6018,229184,0.960227272727273,30,TRUE
V0.5_c2,bgs,5,spatial,500,best,8,8369,366,495.692,523.5,798,100,1.35434972677596,0.166464500139626,0.00371765476580413,6018,229184,0.955555555555556,30,TRUE
V0.5_c2,bgs,5,spatial,500,simes,1,61060,8,288.936,293,715,95.2,36.117,0.00739264058476618,0.000131018670160498,3964,144468,0.875,30,TRUE
V0.5_c2,bgs,5,spatial,500,simes,2,31073,37,286.252,294,673,96,7.73654054054054,0.00739264058476618,0.000131018670160498,3964,144468,0.945945945945946,30,TRUE
V0.5_c2,bgs,5,spatial,500,simes,5,13672,65,272.038,287,553,97,4.1852,0.00739264058476618,0.000131018670160498,3964,144468,0.907692307692308,30,TRUE
V0.5_c2,bgs,5,spatial,500,simes,8,8369,95,256.084,273.5,483,96.8,2.69562105263158,0.00739264058476618,0.000131018670160498,3964,144468,0.936842105263158,30,TRUE
V0.5_c2,bgs,5,vc,500,consensus,1,61060,6,0.146,0,10,6.6,0.0243333333333333,0,9.82640026203734e-05,73,73,1,30,FALSE
V0.5_c2,bgs,5,vc,500,consensus,2,31073,31,0.132,0,8,7,0.00425806451612903,0,9.82640026203734e-05,73,73,0.933333333333333,30,FALSE
V0.5_c2,bgs,5,vc,500,consensus,5,13672,60,0.172,0,15,7,0.00286666666666667,0,9.82640026203734e-05,73,73,0.915254237288136,30,FALSE
V0.5_c2,bgs,5,vc,500,consensus,8,8369,61,0.19,0,22,8,0.00311475409836066,0,9.82640026203734e-05,73,73,0.915254237288136,30,FALSE
V0.5_c2,bgs,5,vc,500,best,1,61060,227,0.826,0,78,18.4,0.00363876651982379,0.159806295399516,0.00371765476580413,376,413,0.95067264573991,30,FALSE
V0.5_c2,bgs,5,vc,500,best,2,31073,313,1.664,0,96,25.2,0.00531629392971246,0.159806295399516,0.00371765476580413,376,413,0.957654723127036,30,FALSE
V0.5_c2,bgs,5,vc,500,best,5,13672,358,3.052,0,129,32,0.00852513966480447,0.159806295399516,0.00371765476580413,376,413,0.960227272727273,30,FALSE
V0.5_c2,bgs,5,vc,500,best,8,8369,366,4.578,0,129,37.4,0.0125081967213115,0.159806295399516,0.00371765476580413,376,413,0.955555555555556,30,FALSE
V0.5_c2,bgs,5,vc,500,simes,1,61060,8,0.168,0,14,7.6,0.021,0,0.000131018670160498,84,84,0.875,30,FALSE
V0.5_c2,bgs,5,vc,500,simes,2,31073,37,0.188,0,26,8.2,0.00508108108108108,0,0.000131018670160498,84,84,0.945945945945946,30,FALSE
V0.5_c2,bgs,5,vc,500,simes,5,13672,65,0.184,0,34,6.2,0.00283076923076923,0,0.000131018670160498,84,84,0.907692307692308,30,FALSE
V0.5_c2,bgs,5,vc,500,simes,8,8369,95,0.212,0,24,7,0.00223157894736842,0,0.000131018670160498,84,84,0.936842105263158,30,FALSE
V0.5_c2,bgs,5,vc,500,consensus,1,61060,6,0.15,0,10,7.6,0.025,0,9.82640026203734e-05,75,75,1,30,TRUE
V0.5_c2,bgs,5,vc,500,consensus,2,31073,31,0.17,0,7,7.6,0.00548387096774194,0,9.82640026203734e-05,75,75,0.933333333333333,30,TRUE
V0.5_c2,bgs,5,vc,500,consensus,5,13672,60,0.15,0,10,7,0.0025,0,9.82640026203734e-05,75,75,0.915254237288136,30,TRUE
V0.5_c2,bgs,5,vc,500,consensus,8,8369,61,0.114,0,8,6.2,0.00186885245901639,0,9.82640026203734e-05,75,75,0.915254237288136,30,TRUE
V0.5_c2,bgs,5,vc,500,best,1,61060,227,0.516,0,19,14.6,0.00227312775330397,0.0581395348837209,0.00371765476580413,255,258,0.95067264573991,30,TRUE
V0.5_c2,bgs,5,vc,500,best,2,31073,313,1.186,0,86,22,0.00378913738019169,0.0581395348837209,0.00371765476580413,255,258,0.957654723127036,30,TRUE
V0.5_c2,bgs,5,vc,500,best,5,13672,358,2.108,0,133,26.6,0.00588826815642458,0.0581395348837209,0.00371765476580413,255,258,0.960227272727273,30,TRUE
V0.5_c2,bgs,5,vc,500,best,8,8369,366,2.872,0,127,29.6,0.00784699453551913,0.0581395348837209,0.00371765476580413,255,258,0.955555555555556,30,TRUE
V0.5_c2,bgs,5,vc,500,simes,1,61060,8,0.154,0,11,8,0.01925,0,0.000131018670160498,77,77,0.875,30,TRUE
V0.5_c2,bgs,5,vc,500,simes,2,31073,37,0.162,0,9,7.8,0.00437837837837838,0,0.000131018670160498,77,77,0.945945945945946,30,TRUE
V0.5_c2,bgs,5,vc,500,simes,5,13672,65,0.152,0,9,8.2,0.00233846153846154,0,0.000131018670160498,77,77,0.907692307692308,30,TRUE
V0.5_c2,bgs,5,vc,500,simes,8,8369,95,0.148,0,10,5.6,0.00155789473684211,0,0.000131018670160498,77,77,0.936842105263158,30,TRUE
V0.5_c2,nobgs,1,pop,500,consensus,1,72230,16,2.06,0,51,36.4,0.12875,0.000970873786407767,0.000221514606119341,904,1030,0.875,34,FALSE
V0.5_c2,nobgs,1,pop,500,consensus,2,36255,25,1.678,0,53,33.4,0.06712,0.000970873786407767,0.000221514606119341,904,1030,0.88,34,FALSE
V0.5_c2,nobgs,1,pop,500,consensus,5,16130,31,1.112,0,40,30.2,0.0358709677419355,0.000970873786407767,0.000221514606119341,904,1030,0.870967741935484,34,FALSE
V0.5_c2,nobgs,1,pop,500,consensus,8,10148,38,0.832,0,44,24.8,0.0218947368421053,0.000970873786407767,0.000221514606119341,904,1030,0.918918918918919,34,FALSE
V0.5_c2,nobgs,1,pop,500,best,1,72230,86,7.182,1,256,53.6,0.0835116279069768,0.0445558340295182,0.00119064100789146,2695,3591,0.941176470588235,34,FALSE
V0.5_c2,nobgs,1,pop,500,best,2,36255,111,10.186,1,301,59,0.0917657657657658,0.0445558340295182,0.00119064100789146,2695,3591,0.944954128440367,34,FALSE
V0.5_c2,nobgs,1,pop,500,best,5,16130,159,12.076,3,315,65.4,0.0759496855345912,0.0445558340295182,0.00119064100789146,2695,3591,0.962025316455696,34,FALSE
V0.5_c2,nobgs,1,pop,500,best,8,10148,176,12.524,3,282,67,0.0711590909090909,0.0445558340295182,0.00119064100789146,2695,3591,0.971428571428571,34,FALSE
V0.5_c2,nobgs,1,pop,500,simes,1,72230,23,2.534,0,90,39.4,0.110173913043478,0.00315706393054459,0.000318427246296553,1105,1267,0.826086956521739,34,FALSE
V0.5_c2,nobgs,1,pop,500,simes,2,36255,35,2.404,0,83,36.8,0.0686857142857143,0.00315706393054459,0.000318427246296553,1105,1267,0.882352941176471,34,FALSE
V0.5_c2,nobgs,1,pop,500,simes,5,16130,43,1.65,0,57,35.4,0.0383720930232558,0.00315706393054459,0.000318427246296553,1105,1267,0.930232558139535,34,FALSE
V0.5_c2,nobgs,1,pop,500,simes,8,10148,41,1.3,0,55,31.8,0.0317073170731707,0.00315706393054459,0.000318427246296553,1105,1267,0.951219512195122,34,FALSE
V0.5_c2,nobgs,1,pop,500,consensus,1,72230,16,1.946,0,73,34.2,0.121625,0.00102774922918808,0.000221514606119341,862,973,0.875,34,TRUE
V0.5_c2,nobgs,1,pop,500,consensus,2,36255,25,1.564,0,65,30,0.06256,0.00102774922918808,0.000221514606119341,862,973,0.88,34,TRUE
V0.5_c2,nobgs,1,pop,500,consensus,5,16130,31,0.904,0,41,25,0.0291612903225806,0.00102774922918808,0.000221514606119341,862,973,0.870967741935484,34,TRUE
V0.5_c2,nobgs,1,pop,500,consensus,8,10148,38,0.71,0,36,23,0.0186842105263158,0.00102774922918808,0.000221514606119341,862,973,0.918918918918919,34,TRUE
V0.5_c2,nobgs,1,pop,500,best,1,72230,86,6.188,0,251,48,0.071953488372093,0.024240465416936,0.00119064100789146,2435,3094,0.941176470588235,34,TRUE
V0.5_c2,nobgs,1,pop,500,best,2,36255,111,8.778,1,288,54.4,0.0790810810810811,0.024240465416936,0.00119064100789146,2435,3094,0.944954128440367,34,TRUE
V0.5_c2,nobgs,1,pop,500,best,5,16130,159,9.752,2,308,60,0.0613333333333333,0.024240465416936,0.00119064100789146,2435,3094,0.962025316455696,34,TRUE
V0.5_c2,nobgs,1,pop,500,best,8,10148,176,9.932,2,290,62,0.0564318181818182,0.024240465416936,0.00119064100789146,2435,3094,0.971428571428571,34,TRUE
V0.5_c2,nobgs,1,pop,500,simes,1,72230,23,2.332,0,78,35.4,0.101391304347826,0.00343053173241852,0.000318427246296553,1029,1166,0.826086956521739,34,TRUE
V0.5_c2,nobgs,1,pop,500,simes,2,36255,35,2.134,0,80,33.6,0.0609714285714286,0.00343053173241852,0.000318427246296553,1029,1166,0.882352941176471,34,TRUE
V0.5_c2,nobgs,1,pop,500,simes,5,16130,43,1.32,0,52,29.8,0.0306976744186047,0.00343053173241852,0.000318427246296553,1029,1166,0.930232558139535,34,TRUE
V0.5_c2,nobgs,1,pop,500,simes,8,10148,41,0.972,0,45,27.2,0.0237073170731707,0.00343053173241852,0.000318427246296553,1029,1166,0.951219512195122,34,TRUE
V0.5_c2,nobgs,1,spatial,500,consensus,1,72230,16,429.65,410.5,898,100,26.853125,0.0119585709298266,0.000221514606119341,5857,214825,0.875,34,FALSE
V0.5_c2,nobgs,1,spatial,500,consensus,2,36255,25,442.944,421,927,100,17.71776,0.0119585709298266,0.000221514606119341,5857,214825,0.88,34,FALSE
V0.5_c2,nobgs,1,spatial,500,consensus,5,16130,31,411.9,403,722,100,13.2870967741935,0.0119585709298266,0.000221514606119341,5857,214825,0.870967741935484,34,FALSE
V0.5_c2,nobgs,1,spatial,500,consensus,8,10148,38,381.708,379,599,100,10.0449473684211,0.0119585709298266,0.000221514606119341,5857,214825,0.918918918918919,34,FALSE
V0.5_c2,nobgs,1,spatial,500,best,1,72230,86,649.862,608,1324,100,7.55653488372093,0.0616838651898403,0.00119064100789146,8322,324931,0.941176470588235,34,FALSE
V0.5_c2,nobgs,1,spatial,500,best,2,36255,111,711.336,664.5,1413,100,6.40843243243243,0.0616838651898403,0.00119064100789146,8322,324931,0.944954128440367,34,FALSE
V0.5_c2,nobgs,1,spatial,500,best,5,16130,159,672.064,648.5,1081,100,4.22681761006289,0.0616838651898403,0.00119064100789146,8322,324931,0.962025316455696,34,FALSE
V0.5_c2,nobgs,1,spatial,500,best,8,10148,176,617.134,607,896,100,3.50644318181818,0.0616838651898403,0.00119064100789146,8322,324931,0.971428571428571,34,FALSE
V0.5_c2,nobgs,1,spatial,500,simes,1,72230,23,421.492,396.5,928,100,18.3257391304348,0.0205555502832794,0.000318427246296553,5712,210746,0.826086956521739,34,FALSE
V0.5_c2,nobgs,1,spatial,500,simes,2,36255,35,413.63,388.5,873,100,11.818,0.0205555502832794,0.000318427246296553,5712,210746,0.882352941176471,34,FALSE
V0.5_c2,nobgs,1,spatial,500,simes,5,16130,43,374.878,359,676,100,8.71809302325581,0.0205555502832794,0.000318427246296553,5712,210746,0.930232558139535,34,FALSE
V0.5_c2,nobgs,1,spatial,500,simes,8,10148,41,343.338,337,566,100,8.37409756097561,0.0205555502832794,0.000318427246296553,5712,210746,0.951219512195122,34,FALSE
V0.5_c2,nobgs,1,spatial,500,consensus,1,72230,16,179.792,150.5,681,85.8,11.237,0.0120695025362641,0.000221514606119341,3813,89896,0.875,34,TRUE
V0.5_c2,nobgs,1,spatial,500,consensus,2,36255,25,192.286,171,721,86,7.69144,0.0120695025362641,0.000221514606119341,3813,89896,0.88,34,TRUE
V0.5_c2,nobgs,1,spatial,500,consensus,5,16130,31,197.248,194,601,88.4,6.36283870967742,0.0120695025362641,0.000221514606119341,3813,89896,0.870967741935484,34,TRUE
V0.5_c2,nobgs,1,spatial,500,consensus,8,10148,38,190.906,194,518,90.6,5.02384210526316,0.0120695025362641,0.000221514606119341,3813,89896,0.918918918918919,34,TRUE
V0.5_c2,nobgs,1,spatial,500,best,1,72230,86,327.158,331.5,1022,97.6,3.80416279069767,0.0740009414411385,0.00119064100789146,5934,163579,0.941176470588235,34,TRUE
V0.5_c2,nobgs,1,spatial,500,best,2,36255,111,376.222,398,1111,98.8,3.38938738738739,0.0740009414411385,0.00119064100789146,5934,163579,0.944954128440367,34,TRUE
V0.5_c2,nobgs,1,spatial,500,best,5,16130,159,397.256,436,938,99.8,2.49846540880503,0.0740009414411385,0.00119064100789146,5934,163579,0.962025316455696,34,TRUE
V0.5_c2,nobgs,1,spatial,500,best,8,10148,176,385.446,427.5,801,100,2.19003409090909,0.0740009414411385,0.00119064100789146,5934,163579,0.971428571428571,34,TRUE
V0.5_c2,nobgs,1,spatial,500,simes,1,72230,23,195.2,180,686,88.4,8.48695652173913,0.0203483606557377,0.000318427246296553,3832,97600,0.826086956521739,34,TRUE
V0.5_c2,nobgs,1,spatial,500,simes,2,36255,35,198.738,191,696,91.6,5.67822857142857,0.0203483606557377,0.000318427246296553,3832,97600,0.882352941176471,34,TRUE
V0.5_c2,nobgs,1,spatial,500,simes,5,16130,43,195.062,203.5,561,94.6,4.53632558139535,0.0203483606557377,0.000318427246296553,3832,97600,0.930232558139535,34,TRUE
V0.5_c2,nobgs,1,spatial,500,simes,8,10148,41,185.85,198,481,95.2,4.53292682926829,0.0203483606557377,0.000318427246296553,3832,97600,0.951219512195122,34,TRUE
V0.5_c2,nobgs,1,vc,500,consensus,1,72230,16,0.15,0,7,8.4,0.009375,0,0.000221514606119341,75,75,0.875,34,FALSE
V0.5_c2,nobgs,1,vc,500,consensus,2,36255,25,0.18,0,11,8,0.0072,0,0.000221514606119341,75,75,0.88,34,FALSE
V0.5_c2,nobgs,1,vc,500,consensus,5,16130,31,0.19,0,16,7.6,0.00612903225806452,0,0.000221514606119341,75,75,0.870967741935484,34,FALSE
V0.5_c2,nobgs,1,vc,500,consensus,8,10148,38,0.178,0,19,8.8,0.00468421052631579,0,0.000221514606119341,75,75,0.918918918918919,34,FALSE
V0.5_c2,nobgs,1,vc,500,best,1,72230,86,0.88,0,42,15.2,0.0102325581395349,0.104545454545455,0.00119064100789146,419,440,0.941176470588235,34,FALSE
V0.5_c2,nobgs,1,vc,500,best,2,36255,111,1.794,0,73,20.4,0.0161621621621622,0.104545454545455,0.00119064100789146,419,440,0.944954128440367,34,FALSE
V0.5_c2,nobgs,1,vc,500,best,5,16130,159,2.73,0,96,27,0.0171698113207547,0.104545454545455,0.00119064100789146,419,440,0.962025316455696,34,FALSE
V0.5_c2,nobgs,1,vc,500,best,8,10148,176,3.336,0,100,31.6,0.0189545454545455,0.104545454545455,0.00119064100789146,419,440,0.971428571428571,34,FALSE
V0.5_c2,nobgs,1,vc,500,simes,1,72230,23,0.206,0,12,10,0.00895652173913043,0,0.000318427246296553,102,103,0.826086956521739,34,FALSE
V0.5_c2,nobgs,1,vc,500,simes,2,36255,35,0.258,0,8,9.4,0.00737142857142857,0,0.000318427246296553,102,103,0.882352941176471,34,FALSE
V0.5_c2,nobgs,1,vc,500,simes,5,16130,43,0.25,0,14,9.6,0.00581395348837209,0,0.000318427246296553,102,103,0.930232558139535,34,FALSE
V0.5_c2,nobgs,1,vc,500,simes,8,10148,41,0.192,0,18,9.4,0.00468292682926829,0,0.000318427246296553,102,103,0.951219512195122,34,FALSE
V0.5_c2,nobgs,1,vc,500,consensus,1,72230,16,0.116,0,8,6.6,0.00725,0,0.000221514606119341,58,58,0.875,34,TRUE
V0.5_c2,nobgs,1,vc,500,consensus,2,36255,25,0.14,0,9,6.2,0.0056,0,0.000221514606119341,58,58,0.88,34,TRUE
V0.5_c2,nobgs,1,vc,500,consensus,5,16130,31,0.122,0,8,6.6,0.00393548387096774,0,0.000221514606119341,58,58,0.870967741935484,34,TRUE
V0.5_c2,nobgs,1,vc,500,consensus,8,10148,38,0.1,0,5,7.6,0.00263157894736842,0,0.000221514606119341,58,58,0.918918918918919,34,TRUE
V0.5_c2,nobgs,1,vc,500,best,1,72230,86,0.584,0,33,13,0.0067906976744186,0,0.00119064100789146,288,292,0.941176470588235,34,TRUE
V0.5_c2,nobgs,1,vc,500,best,2,36255,111,1.068,0,62,19,0.00962162162162162,0,0.00119064100789146,288,292,0.944954128440367,34,TRUE
V0.5_c2,nobgs,1,vc,500,best,5,16130,159,1.494,0,60,23.6,0.00939622641509434,0,0.00119064100789146,288,292,0.962025316455696,34,TRUE
V0.5_c2,nobgs,1,vc,500,best,8,10148,176,1.634,0,71,26,0.00928409090909091,0,0.00119064100789146,288,292,0.971428571428571,34,TRUE
V0.5_c2,nobgs,1,vc,500,simes,1,72230,23,0.174,0,12,7.8,0.00756521739130435,0,0.000318427246296553,86,87,0.826086956521739,34,TRUE
V0.5_c2,nobgs,1,vc,500,simes,2,36255,35,0.23,0,17,7.8,0.00657142857142857,0,0.000318427246296553,86,87,0.882352941176471,34,TRUE
V0.5_c2,nobgs,1,vc,500,simes,5,16130,43,0.156,0,8,7.4,0.00362790697674419,0,0.000318427246296553,86,87,0.930232558139535,34,TRUE
V0.5_c2,nobgs,1,vc,500,simes,8,10148,41,0.128,0,6,8.2,0.0031219512195122,0,0.000318427246296553,86,87,0.951219512195122,34,TRUE
V0.5_c2,nobgs,2,pop,500,consensus,1,73046,149,2.402,0,129,37.2,0.0161208053691275,0.00582847626977519,0.00203981053035074,1030,1201,0.972602739726027,38,FALSE
V0.5_c2,nobgs,2,pop,500,consensus,2,36651,182,1.866,0,95,37.8,0.0102527472527473,0.00582847626977519,0.00203981053035074,1030,1201,0.966480446927374,38,FALSE
V0.5_c2,nobgs,2,pop,500,consensus,5,16430,196,1.182,0,50,30,0.00603061224489796,0.00582847626977519,0.00203981053035074,1030,1201,0.968911917098446,38,FALSE
V0.5_c2,nobgs,2,pop,500,consensus,8,10258,173,0.82,0,34,25.8,0.00473988439306358,0.00582847626977519,0.00203981053035074,1030,1201,0.964705882352941,38,FALSE
V0.5_c2,nobgs,2,pop,500,best,1,73046,300,8.31,1,338,56,0.0277,0.0616125150421179,0.00410700106782028,3051,4155,0.966329966329966,38,FALSE
V0.5_c2,nobgs,2,pop,500,best,2,36651,369,11.058,2,322,64,0.0299674796747967,0.0616125150421179,0.00410700106782028,3051,4155,0.969945355191257,38,FALSE
V0.5_c2,nobgs,2,pop,500,best,5,16430,393,12.162,3,268,69,0.0309465648854962,0.0616125150421179,0.00410700106782028,3051,4155,0.971794871794872,38,FALSE
V0.5_c2,nobgs,2,pop,500,best,8,10258,374,12.706,4,215,72.4,0.0339732620320856,0.0616125150421179,0.00410700106782028,3051,4155,0.97027027027027,38,FALSE
V0.5_c2,nobgs,2,pop,500,simes,1,73046,159,2.992,0,186,40.4,0.0188176100628931,0.0153743315508021,0.00217671056594475,1255,1496,0.949044585987261,38,FALSE
V0.5_c2,nobgs,2,pop,500,simes,2,36651,181,2.828,0,166,42.2,0.0156243093922652,0.0153743315508021,0.00217671056594475,1255,1496,0.949720670391061,38,FALSE
V0.5_c2,nobgs,2,pop,500,simes,5,16430,191,1.89,0,107,36.2,0.00989528795811518,0.0153743315508021,0.00217671056594475,1255,1496,0.962765957446809,38,FALSE
V0.5_c2,nobgs,2,pop,500,simes,8,10258,172,1.44,0,79,32.2,0.00837209302325581,0.0153743315508021,0.00217671056594475,1255,1496,0.958579881656805,38,FALSE
V0.5_c2,nobgs,2,pop,500,consensus,1,73046,149,2.242,0,104,38.4,0.0150469798657718,0.008028545941124,0.00203981053035074,967,1121,0.972602739726027,38,TRUE
V0.5_c2,nobgs,2,pop,500,consensus,2,36651,182,1.734,0,73,36.2,0.00952747252747253,0.008028545941124,0.00203981053035074,967,1121,0.966480446927374,38,TRUE
V0.5_c2,nobgs,2,pop,500,consensus,5,16430,196,1.154,0,37,29.2,0.00588775510204082,0.008028545941124,0.00203981053035074,967,1121,0.968911917098446,38,TRUE
V0.5_c2,nobgs,2,pop,500,consensus,8,10258,173,0.836,0,39,25,0.00483236994219653,0.008028545941124,0.00203981053035074,967,1121,0.964705882352941,38,TRUE
V0.5_c2,nobgs,2,pop,500,best,1,73046,300,7.452,1,227,55.2,0.02484,0.0343531937734836,0.00410700106782028,2805,3726,0.966329966329966,38,TRUE
V0.5_c2,nobgs,2,pop,500,best,2,36651,369,10.194,2,218,61.6,0.0276260162601626,0.0343531937734836,0.00410700106782028,2805,3726,0.969945355191257,38,TRUE
V0.5_c2,nobgs,2,pop,500,best,5,16430,393,10.718,3,175,66.8,0.0272722646310433,0.0343531937734836,0.00410700106782028,2805,3726,0.971794871794872,38,TRUE
V0.5_c2,nobgs,2,pop,500,best,8,10258,374,10.752,3,157,70,0.0287486631016043,0.0343531937734836,0.00410700106782028,2805,3726,0.97027027027027,38,TRUE
V0.5_c2,nobgs,2,pop,500,simes,1,73046,159,2.834,0,129,39.4,0.0178238993710692,0.0105857445306987,0.00217671056594475,1208,1417,0.949044585987261,38,TRUE
V0.5_c2,nobgs,2,pop,500,simes,2,36651,181,2.456,0,92,39.4,0.0135690607734807,0.0105857445306987,0.00217671056594475,1208,1417,0.949720670391061,38,TRUE
V0.5_c2,nobgs,2,pop,500,simes,5,16430,191,1.694,0,47,34.6,0.00886910994764398,0.0105857445306987,0.00217671056594475,1208,1417,0.962765957446809,38,TRUE
V0.5_c2,nobgs,2,pop,500,simes,8,10258,172,1.336,0,45,31.4,0.00776744186046512,0.0105857445306987,0.00217671056594475,1208,1417,0.958579881656805,38,TRUE
V0.5_c2,nobgs,2,spatial,500,consensus,1,73046,149,395.686,375.5,1006,100,2.65561073825503,0.109116824957163,0.00203981053035074,5638,197843,0.972602739726027,38,FALSE
V0.5_c2,nobgs,2,spatial,500,consensus,2,36651,182,422.742,402.5,1044,100,2.32275824175824,0.109116824957163,0.00203981053035074,5638,197843,0.966480446927374,38,FALSE
V0.5_c2,nobgs,2,spatial,500,consensus,5,16430,196,377.534,369,681,100,1.92619387755102,0.109116824957163,0.00203981053035074,5638,197843,0.968911917098446,38,FALSE
V0.5_c2,nobgs,2,spatial,500,consensus,8,10258,173,342.748,344,559,100,1.98120231213873,0.109116824957163,0.00203981053035074,5638,197843,0.964705882352941,38,FALSE
V0.5_c2,nobgs,2,spatial,500,best,1,73046,300,607.322,565,1508,100,2.02440666666667,0.163774735642707,0.00410700106782028,8098,303661,0.966329966329966,38,FALSE
V0.5_c2,nobgs,2,spatial,500,best,2,36651,369,685.608,639,1624,100,1.8580162601626,0.163774735642707,0.00410700106782028,8098,303661,0.969945355191257,38,FALSE
V0.5_c2,nobgs,2,spatial,500,best,5,16430,393,628.814,609.5,1177,100,1.60003562340967,0.163774735642707,0.00410700106782028,8098,303661,0.971794871794872,38,FALSE
V0.5_c2,nobgs,2,spatial,500,best,8,10258,374,566.564,558.5,886,100,1.51487700534759,0.163774735642707,0.00410700106782028,8098,303661,0.97027027027027,38,FALSE
V0.5_c2,nobgs,2,spatial,500,simes,1,73046,159,384.374,360.5,991,100,2.4174465408805,0.135862467284468,0.00217671056594475,5434,192187,0.949044585987261,38,FALSE
V0.5_c2,nobgs,2,spatial,500,simes,2,36651,181,390.162,366.5,956,100,2.15559116022099,0.135862467284468,0.00217671056594475,5434,192187,0.949720670391061,38,FALSE
V0.5_c2,nobgs,2,spatial,500,simes,5,16430,191,338.738,330.5,645,100,1.77349738219895,0.135862467284468,0.00217671056594475,5434,192187,0.962765957446809,38,FALSE
V0.5_c2,nobgs,2,spatial,500,simes,8,10258,172,306.636,303.5,518,100,1.78276744186047,0.135862467284468,0.00217671056594475,5434,192187,0.958579881656805,38,FALSE
V0.5_c2,nobgs,2,spatial,500,consensus,1,73046,149,197.848,168.5,778,86.4,1.3278389261745,0.0195806882050867,0.00203981053035074,3858,98924,0.972602739726027,38,TRUE
V0.5_c2,nobgs,2,spatial,500,consensus,2,36651,182,222.404,202.5,834,89,1.222,0.0195806882050867,0.00203981053035074,3858,98924,0.966480446927374,38,TRUE
V0.5_c2,nobgs,2,spatial,500,consensus,5,16430,196,201.638,196.5,641,88,1.02876530612245,0.0195806882050867,0.00203981053035074,3858,98924,0.968911917098446,38,TRUE
V0.5_c2,nobgs,2,spatial,500,consensus,8,10258,173,186.37,192,531,88,1.07728323699422,0.0195806882050867,0.00203981053035074,3858,98924,0.964705882352941,38,TRUE
V0.5_c2,nobgs,2,spatial,500,best,1,73046,300,349.796,338.5,1163,97,1.16598666666667,0.078016901279603,0.00410700106782028,6130,174898,0.966329966329966,38,TRUE
V0.5_c2,nobgs,2,spatial,500,best,2,36651,369,420.67,412.5,1318,98,1.140027100271,0.078016901279603,0.00410700106782028,6130,174898,0.969945355191257,38,TRUE
V0.5_c2,nobgs,2,spatial,500,best,5,16430,393,405.824,418,1023,98,1.032631043257,0.078016901279603,0.00410700106782028,6130,174898,0.971794871794872,38,TRUE
V0.5_c2,nobgs,2,spatial,500,best,8,10258,374,378.826,409,836,98.6,1.01290374331551,0.078016901279603,0.00410700106782028,6130,174898,0.97027027027027,38,TRUE
V0.5_c2,nobgs,2,spatial,500,simes,1,73046,159,204.264,187.5,737,93.2,1.28467924528302,0.0405945247326989,0.00217671056594475,3863,102132,0.949044585987261,38,TRUE
V0.5_c2,nobgs,2,spatial,500,simes,2,36651,181,218.174,203,760,95.4,1.20538121546961,0.0405945247326989,0.00217671056594475,3863,102132,0.949720670391061,38,TRUE
V0.5_c2,nobgs,2,spatial,500,simes,5,16430,191,194.902,199.5,569,94,1.02042931937173,0.0405945247326989,0.00217671056594475,3863,102132,0.962765957446809,38,TRUE
V0.5_c2,nobgs,2,spatial,500,simes,8,10258,172,179.158,191.5,477,94.6,1.04161627906977,0.0405945247326989,0.00217671056594475,3863,102132,0.958579881656805,38,TRUE
V0.5_c2,nobgs,2,vc,500,consensus,1,73046,149,0.212,0,28,8,0.00142281879194631,0.00943396226415094,0.00203981053035074,106,106,0.972602739726027,38,FALSE
V0.5_c2,nobgs,2,vc,500,consensus,2,36651,182,0.24,0,36,9.8,0.00131868131868132,0.00943396226415094,0.00203981053035074,106,106,0.966480446927374,38,FALSE
V0.5_c2,nobgs,2,vc,500,consensus,5,16430,196,0.174,0,23,7.6,0.000887755102040816,0.00943396226415094,0.00203981053035074,106,106,0.968911917098446,38,FALSE
V0.5_c2,nobgs,2,vc,500,consensus,8,10258,173,0.126,0,14,6.6,0.000728323699421965,0.00943396226415094,0.00203981053035074,106,106,0.964705882352941,38,FALSE
V0.5_c2,nobgs,2,vc,500,best,1,73046,300,0.804,0,79,15.6,0.00268,0.0323383084577114,0.00410700106782028,387,402,0.966329966329966,38,FALSE
V0.5_c2,nobgs,2,vc,500,best,2,36651,369,1.414,0,113,23.2,0.0038319783197832,0.0323383084577114,0.00410700106782028,387,402,0.969945355191257,38,FALSE
V0.5_c2,nobgs,2,vc,500,best,5,16430,393,2.552,0,108,29,0.00649363867684478,0.0323383084577114,0.00410700106782028,387,402,0.971794871794872,38,FALSE
V0.5_c2,nobgs,2,vc,500,best,8,10258,374,3.346,0,106,33.2,0.00894652406417112,0.0323383084577114,0.00410700106782028,387,402,0.97027027027027,38,FALSE
V0.5_c2,nobgs,2,vc,500,simes,1,73046,159,0.238,0,38,7.8,0.00149685534591195,0.00840336134453782,0.00217671056594475,119,119,0.949044585987261,38,FALSE
V0.5_c2,nobgs,2,vc,500,simes,2,36651,181,0.244,0,41,8.8,0.00134806629834254,0.00840336134453782,0.00217671056594475,119,119,0.949720670391061,38,FALSE
V0.5_c2,nobgs,2,vc,500,simes,5,16430,191,0.156,0,23,7.2,0.000816753926701571,0.00840336134453782,0.00217671056594475,119,119,0.962765957446809,38,FALSE
V0.5_c2,nobgs,2,vc,500,simes,8,10258,172,0.116,0,14,6.2,0.000674418604651163,0.00840336134453782,0.00217671056594475,119,119,0.958579881656805,38,FALSE
V0.5_c2,nobgs,2,vc,500,consensus,1,73046,149,0.234,0,23,9.4,0.00157046979865772,0,0.00203981053035074,114,117,0.972602739726027,38,TRUE
V0.5_c2,nobgs,2,vc,500,consensus,2,36651,182,0.228,0,28,9.2,0.00125274725274725,0,0.00203981053035074,114,117,0.966480446927374,38,TRUE
V0.5_c2,nobgs,2,vc,500,consensus,5,16430,196,0.154,0,16,7.4,0.000785714285714286,0,0.00203981053035074,114,117,0.968911917098446,38,TRUE
V0.5_c2,nobgs,2,vc,500,consensus,8,10258,173,0.116,0,14,5.4,0.000670520231213873,0,0.00203981053035074,114,117,0.964705882352941,38,TRUE
V0.5_c2,nobgs,2,vc,500,best,1,73046,300,0.724,0,67,14.8,0.00241333333333333,0.0110497237569061,0.00410700106782028,346,362,0.966329966329966,38,TRUE
V0.5_c2,nobgs,2,vc,500,best,2,36651,369,1.238,0,108,21,0.0033550135501355,0.0110497237569061,0.00410700106782028,346,362,0.969945355191257,38,TRUE
V0.5_c2,nobgs,2,vc,500,best,5,16430,393,1.996,0,99,25,0.00507888040712468,0.0110497237569061,0.00410700106782028,346,362,0.971794871794872,38,TRUE
V0.5_c2,nobgs,2,vc,500,best,8,10258,374,2.486,0,103,28,0.00664705882352941,0.0110497237569061,0.00410700106782028,346,362,0.97027027027027,38,TRUE
V0.5_c2,nobgs,2,vc,500,simes,1,73046,159,0.25,0,27,8.8,0.00157232704402516,0,0.00217671056594475,123,125,0.949044585987261,38,TRUE
V0.5_c2,nobgs,2,vc,500,simes,2,36651,181,0.224,0,29,8.6,0.00123756906077348,0,0.00217671056594475,123,125,0.949720670391061,38,TRUE
V0.5_c2,nobgs,2,vc,500,simes,5,16430,191,0.15,0,19,6.4,0.000785340314136126,0,0.00217671056594475,123,125,0.962765957446809,38,TRUE
V0.5_c2,nobgs,2,vc,500,simes,8,10258,172,0.106,0,12,5.2,0.000616279069767442,0,0.00217671056594475,123,125,0.958579881656805,38,TRUE
V0.5_c2,nobgs,3,pop,500,consensus,1,72600,76,1.988,0,78,33.8,0.0261578947368421,0.00603621730382294,0.00104683195592286,911,994,0.92,35,FALSE
V0.5_c2,nobgs,3,pop,500,consensus,2,36633,97,1.67,0,59,32.6,0.0172164948453608,0.00603621730382294,0.00104683195592286,911,994,0.90625,35,FALSE
V0.5_c2,nobgs,3,pop,500,consensus,5,16486,112,1.03,0,32,27.2,0.00919642857142857,0.00603621730382294,0.00104683195592286,911,994,0.927927927927928,35,FALSE
V0.5_c2,nobgs,3,pop,500,consensus,8,10431,125,0.718,0,23,25.8,0.005744,0.00603621730382294,0.00104683195592286,911,994,0.91869918699187,35,FALSE
V0.5_c2,nobgs,3,pop,500,best,1,72600,171,7.58,1,198,57,0.044327485380117,0.0686015831134565,0.00235537190082645,2844,3790,0.91566265060241,35,FALSE
V0.5_c2,nobgs,3,pop,500,best,2,36633,199,10.688,2,228,64.8,0.0537085427135678,0.0686015831134565,0.00235537190082645,2844,3790,0.917525773195876,35,FALSE
V0.5_c2,nobgs,3,pop,500,best,5,16486,224,12.472,3,218,69.4,0.0556785714285714,0.0686015831134565,0.00235537190082645,2844,3790,0.944954128440367,35,FALSE
V0.5_c2,nobgs,3,pop,500,best,8,10431,247,12.854,3,188,71.6,0.0520404858299595,0.0686015831134565,0.00235537190082645,2844,3790,0.950207468879668,35,FALSE
V0.5_c2,nobgs,3,pop,500,simes,1,72600,109,2.55,0,104,35.4,0.023394495412844,0.0109803921568627,0.00150137741046832,1156,1275,0.878504672897196,35,FALSE
V0.5_c2,nobgs,3,pop,500,simes,2,36633,117,2.444,0,79,36.8,0.0208888888888889,0.0109803921568627,0.00150137741046832,1156,1275,0.88495575221239,35,FALSE
V0.5_c2,nobgs,3,pop,500,simes,5,16486,115,1.66,0,41,31.6,0.0144347826086957,0.0109803921568627,0.00150137741046832,1156,1275,0.900900900900901,35,FALSE
V0.5_c2,nobgs,3,pop,500,simes,8,10431,117,1.226,0,46,29.4,0.0104786324786325,0.0109803921568627,0.00150137741046832,1156,1275,0.902654867256637,35,FALSE
V0.5_c2,nobgs,3,pop,500,consensus,1,72600,76,2.002,0,72,32.8,0.0263421052631579,0,0.00104683195592286,910,1001,0.92,35,TRUE
V0.5_c2,nobgs,3,pop,500,consensus,2,36633,97,1.554,0,56,30.4,0.016020618556701,0,0.00104683195592286,910,1001,0.90625,35,TRUE
V0.5_c2,nobgs,3,pop,500,consensus,5,16486,112,0.966,0,23,25.8,0.008625,0,0.00104683195592286,910,1001,0.927927927927928,35,TRUE
V0.5_c2,nobgs,3,pop,500,consensus,8,10431,125,0.638,0,21,23,0.005104,0,0.00104683195592286,910,1001,0.91869918699187,35,TRUE
V0.5_c2,nobgs,3,pop,500,best,1,72600,171,6.844,1,165,53.8,0.0400233918128655,0.038281706604325,0.00235537190082645,2684,3422,0.91566265060241,35,TRUE
V0.5_c2,nobgs,3,pop,500,best,2,36633,199,9.276,1,166,60.6,0.0466130653266332,0.038281706604325,0.00235537190082645,2684,3422,0.917525773195876,35,TRUE
V0.5_c2,nobgs,3,pop,500,best,5,16486,224,10.364,2,155,64.8,0.0462678571428572,0.038281706604325,0.00235537190082645,2684,3422,0.944954128440367,35,TRUE
V0.5_c2,nobgs,3,pop,500,best,8,10431,247,10.446,2,158,66.8,0.0422914979757085,0.038281706604325,0.00235537190082645,2684,3422,0.950207468879668,35,TRUE
V0.5_c2,nobgs,3,pop,500,simes,1,72600,109,2.536,0,88,35.6,0.0232660550458716,0.00473186119873817,0.00150137741046832,1149,1268,0.878504672897196,35,TRUE
V0.5_c2,nobgs,3,pop,500,simes,2,36633,117,2.386,0,74,36.6,0.0203931623931624,0.00473186119873817,0.00150137741046832,1149,1268,0.88495575221239,35,TRUE
V0.5_c2,nobgs,3,pop,500,simes,5,16486,115,1.456,0,33,30.6,0.0126608695652174,0.00473186119873817,0.00150137741046832,1149,1268,0.900900900900901,35,TRUE
V0.5_c2,nobgs,3,pop,500,simes,8,10431,117,0.924,0,22,27.4,0.0078974358974359,0.00473186119873817,0.00150137741046832,1149,1268,0.902654867256637,35,TRUE
V0.5_c2,nobgs,3,spatial,500,consensus,1,72600,76,394.782,380,803,100,5.1945,0.082126338080257,0.00104683195592286,5383,197391,0.92,35,FALSE
V0.5_c2,nobgs,3,spatial,500,consensus,2,36633,97,407.062,389.5,826,100,4.19651546391753,0.082126338080257,0.00104683195592286,5383,197391,0.90625,35,FALSE
V0.5_c2,nobgs,3,spatial,500,consensus,5,16486,112,370.096,365,671,100,3.30442857142857,0.082126338080257,0.00104683195592286,5383,197391,0.927927927927928,35,FALSE
V0.5_c2,nobgs,3,spatial,500,consensus,8,10431,125,337.638,344.5,517,100,2.701104,0.082126338080257,0.00104683195592286,5383,197391,0.91869918699187,35,FALSE
V0.5_c2,nobgs,3,spatial,500,best,1,72600,171,594.474,547,1170,100,3.47645614035088,0.139784078025279,0.00235537190082645,7727,297237,0.91566265060241,35,FALSE
V0.5_c2,nobgs,3,spatial,500,best,2,36633,199,653.92,615.5,1268,100,3.28603015075377,0.139784078025279,0.00235537190082645,7727,297237,0.917525773195876,35,FALSE
V0.5_c2,nobgs,3,spatial,500,best,5,16486,224,612.486,595.5,1055,100,2.7343125,0.139784078025279,0.00235537190082645,7727,297237,0.944954128440367,35,FALSE
V0.5_c2,nobgs,3,spatial,500,best,8,10431,247,551.876,549,847,100,2.23431578947368,0.139784078025279,0.00235537190082645,7727,297237,0.950207468879668,35,FALSE
V0.5_c2,nobgs,3,spatial,500,simes,1,72600,109,377.09,354,790,100,3.45954128440367,0.138279986210189,0.00150137741046832,5174,188545,0.878504672897196,35,FALSE
V0.5_c2,nobgs,3,spatial,500,simes,2,36633,117,372.332,347.5,786,100,3.18232478632479,0.138279986210189,0.00150137741046832,5174,188545,0.88495575221239,35,FALSE
V0.5_c2,nobgs,3,spatial,500,simes,5,16486,115,331.258,326,594,100,2.88050434782609,0.138279986210189,0.00150137741046832,5174,188545,0.900900900900901,35,FALSE
V0.5_c2,nobgs,3,spatial,500,simes,8,10431,117,300.11,300,482,100,2.56504273504274,0.138279986210189,0.00150137741046832,5174,188545,0.902654867256637,35,FALSE
V0.5_c2,nobgs,3,spatial,500,consensus,1,72600,76,195.478,166.5,742,90.2,2.57207894736842,0.0441993472411218,0.00104683195592286,3488,97739,0.92,35,TRUE
V0.5_c2,nobgs,3,spatial,500,consensus,2,36633,97,212.61,189,766,92,2.19185567010309,0.0441993472411218,0.00104683195592286,3488,97739,0.90625,35,TRUE
V0.5_c2,nobgs,3,spatial,500,consensus,5,16486,112,203.258,196,634,91,1.81480357142857,0.0441993472411218,0.00104683195592286,3488,97739,0.927927927927928,35,TRUE
V0.5_c2,nobgs,3,spatial,500,consensus,8,10431,125,191.762,194,517,93,1.534096,0.0441993472411218,0.00104683195592286,3488,97739,0.91869918699187,35,TRUE
V0.5_c2,nobgs,3,spatial,500,best,1,72600,171,342.554,324,1122,96,2.00323976608187,0.107737758134484,0.00235537190082645,5510,171277,0.91566265060241,35,TRUE
V0.5_c2,nobgs,3,spatial,500,best,2,36633,199,403.282,390.5,1197,98.4,2.02654271356784,0.107737758134484,0.00235537190082645,5510,171277,0.917525773195876,35,TRUE
V0.5_c2,nobgs,3,spatial,500,best,5,16486,224,402.064,417,961,99,1.79492857142857,0.107737758134484,0.00235537190082645,5510,171277,0.944954128440367,35,TRUE
V0.5_c2,nobgs,3,spatial,500,best,8,10431,247,380.82,407,771,99.6,1.54178137651822,0.107737758134484,0.00235537190082645,5510,171277,0.950207468879668,35,TRUE
V0.5_c2,nobgs,3,spatial,500,simes,1,72600,109,199.854,178.5,787,91.8,1.83352293577982,0.0963803576610926,0.00150137741046832,3517,99927,0.878504672897196,35,TRUE
V0.5_c2,nobgs,3,spatial,500,simes,2,36633,117,208.292,193.5,746,93.6,1.7802735042735,0.0963803576610926,0.00150137741046832,3517,99927,0.88495575221239,35,TRUE
V0.5_c2,nobgs,3,spatial,500,simes,5,16486,115,193.952,189.5,557,91.8,1.68653913043478,0.0963803576610926,0.00150137741046832,3517,99927,0.900900900900901,35,TRUE
V0.5_c2,nobgs,3,spatial,500,simes,8,10431,117,182.654,181,442,93.8,1.5611452991453,0.0963803576610926,0.00150137741046832,3517,99927,0.902654867256637,35,TRUE
V0.5_c2,nobgs,3,vc,500,consensus,1,72600,76,0.148,0,16,8.2,0.00194736842105263,0,0.00104683195592286,73,74,0.92,35,FALSE
V0.5_c2,nobgs,3,vc,500,consensus,2,36633,97,0.196,0,22,8,0.00202061855670103,0,0.00104683195592286,73,74,0.90625,35,FALSE
V0.5_c2,nobgs,3,vc,500,consensus,5,16486,112,0.174,0,21,6.6,0.00155357142857143,0,0.00104683195592286,73,74,0.927927927927928,35,FALSE
V0.5_c2,nobgs,3,vc,500,consensus,8,10431,125,0.212,0,27,7,0.001696,0,0.00104683195592286,73,74,0.91869918699187,35,FALSE
V0.5_c2,nobgs,3,vc,500,best,1,72600,171,0.938,0,72,16.4,0.00548538011695906,0.185501066098081,0.00235537190082645,437,469,0.91566265060241,35,FALSE
V0.5_c2,nobgs,3,vc,500,best,2,36633,199,1.714,0,106,21.4,0.00861306532663317,0.185501066098081,0.00235537190082645,437,469,0.917525773195876,35,FALSE
V0.5_c2,nobgs,3,vc,500,best,5,16486,224,2.78,0,108,26.6,0.0124107142857143,0.185501066098081,0.00235537190082645,437,469,0.944954128440367,35,FALSE
V0.5_c2,nobgs,3,vc,500,best,8,10431,247,3.556,0,130,30.6,0.0143967611336032,0.185501066098081,0.00235537190082645,437,469,0.950207468879668,35,FALSE
V0.5_c2,nobgs,3,vc,500,simes,1,72600,109,0.164,0,16,8.8,0.0015045871559633,0.0121951219512195,0.00150137741046832,81,82,0.878504672897196,35,FALSE
V0.5_c2,nobgs,3,vc,500,simes,2,36633,117,0.206,0,26,7,0.00176068376068376,0.0121951219512195,0.00150137741046832,81,82,0.88495575221239,35,FALSE
V0.5_c2,nobgs,3,vc,500,simes,5,16486,115,0.252,0,32,7.2,0.00219130434782609,0.0121951219512195,0.00150137741046832,81,82,0.900900900900901,35,FALSE
V0.5_c2,nobgs,3,vc,500,simes,8,10431,117,0.234,0,36,7.4,0.002,0.0121951219512195,0.00150137741046832,81,82,0.902654867256637,35,FALSE
V0.5_c2,nobgs,3,vc,500,consensus,1,72600,76,0.17,0,13,8.8,0.00223684210526316,0,0.00104683195592286,82,85,0.92,35,TRUE
V0.5_c2,nobgs,3,vc,500,consensus,2,36633,97,0.21,0,21,9.6,0.00216494845360825,0,0.00104683195592286,82,85,0.90625,35,TRUE
V0.5_c2,nobgs,3,vc,500,consensus,5,16486,112,0.152,0,14,7.6,0.00135714285714286,0,0.00104683195592286,82,85,0.927927927927928,35,TRUE
V0.5_c2,nobgs,3,vc,500,consensus,8,10431,125,0.174,0,11,7.4,0.001392,0,0.00104683195592286,82,85,0.91869918699187,35,TRUE
V0.5_c2,nobgs,3,vc,500,best,1,72600,171,0.694,0,68,14.8,0.00405847953216374,0.0461095100864553,0.00235537190082645,333,347,0.91566265060241,35,TRUE
V0.5_c2,nobgs,3,vc,500,best,2,36633,199,1.226,0,106,19,0.0061608040201005,0.0461095100864553,0.00235537190082645,333,347,0.917525773195876,35,TRUE
V0.5_c2,nobgs,3,vc,500,best,5,16486,224,1.854,0,104,22.6,0.00827678571428571,0.0461095100864553,0.00235537190082645,333,347,0.944954128440367,35,TRUE
V0.5_c2,nobgs,3,vc,500,best,8,10431,247,2.188,0,96,25,0.0088582995951417,0.0461095100864553,0.00235537190082645,333,347,0.950207468879668,35,TRUE
V0.5_c2,nobgs,3,vc,500,simes,1,72600,109,0.182,0,12,9.4,0.0016697247706422,0,0.00150137741046832,89,91,0.878504672897196,35,TRUE
V0.5_c2,nobgs,3,vc,500,simes,2,36633,117,0.2,0,26,7.8,0.00170940170940171,0,0.00150137741046832,89,91,0.88495575221239,35,TRUE
V0.5_c2,nobgs,3,vc,500,simes,5,16486,115,0.174,0,18,7.8,0.00151304347826087,0,0.00150137741046832,89,91,0.900900900900901,35,TRUE
V0.5_c2,nobgs,3,vc,500,simes,8,10431,117,0.142,0,13,7.8,0.00121367521367521,0,0.00150137741046832,89,91,0.902654867256637,35,TRUE
V0.5_c2,nobgs,4,pop,500,consensus,1,73546,17,1.912,0,73,37.8,0.112470588235294,0.00104602510460251,0.000231147853044353,868,956,0.823529411764706,37,FALSE
V0.5_c2,nobgs,4,pop,500,consensus,2,36608,18,1.744,0,68,34.6,0.0968888888888889,0.00104602510460251,0.000231147853044353,868,956,0.882352941176471,37,FALSE
V0.5_c2,nobgs,4,pop,500,consensus,5,16147,25,1.094,0,45,27.2,0.04376,0.00104602510460251,0.000231147853044353,868,956,0.875,37,FALSE
V0.5_c2,nobgs,4,pop,500,consensus,8,10037,28,0.77,0,32,23.8,0.0275,0.00104602510460251,0.000231147853044353,868,956,0.888888888888889,37,FALSE
V0.5_c2,nobgs,4,pop,500,best,1,73546,126,6.212,1,181,51.6,0.0493015873015873,0.0389568576947843,0.00171321349903462,2498,3106,0.911290322580645,37,FALSE
V0.5_c2,nobgs,4,pop,500,best,2,36608,144,9.148,1,213,56.8,0.0635277777777778,0.0389568576947843,0.00171321349903462,2498,3106,0.929577464788732,37,FALSE
V0.5_c2,nobgs,4,pop,500,best,5,16147,158,10.6,2,188,62.2,0.0670886075949367,0.0389568576947843,0.00171321349903462,2498,3106,0.935483870967742,37,FALSE
V0.5_c2,nobgs,4,pop,500,best,8,10037,186,10.964,2,181,65.6,0.0589462365591398,0.0389568576947843,0.00171321349903462,2498,3106,0.945355191256831,37,FALSE
V0.5_c2,nobgs,4,pop,500,simes,1,73546,37,2.258,0,83,37.8,0.061027027027027,0.000885739592559787,0.000503086503684769,1017,1129,0.810810810810811,37,FALSE
V0.5_c2,nobgs,4,pop,500,simes,2,36608,50,2.136,0,99,35.2,0.04272,0.000885739592559787,0.000503086503684769,1017,1129,0.836734693877551,37,FALSE
V0.5_c2,nobgs,4,pop,500,simes,5,16147,53,1.442,0,67,29.6,0.0272075471698113,0.000885739592559787,0.000503086503684769,1017,1129,0.846153846153846,37,FALSE
V0.5_c2,nobgs,4,pop,500,simes,8,10037,57,1.13,0,45,26,0.0198245614035088,0.000885739592559787,0.000503086503684769,1017,1129,0.854545454545455,37,FALSE
V0.5_c2,nobgs,4,pop,500,consensus,1,73546,17,1.842,0,88,36.6,0.108352941176471,0,0.000231147853044353,834,921,0.823529411764706,37,TRUE
V0.5_c2,nobgs,4,pop,500,consensus,2,36608,18,1.484,0,76,32.6,0.0824444444444445,0,0.000231147853044353,834,921,0.882352941176471,37,TRUE
V0.5_c2,nobgs,4,pop,500,consensus,5,16147,25,0.974,0,51,26.2,0.03896,0,0.000231147853044353,834,921,0.875,37,TRUE
V0.5_c2,nobgs,4,pop,500,consensus,8,10037,28,0.634,0,33,22.4,0.0226428571428571,0,0.000231147853044353,834,921,0.888888888888889,37,TRUE
V0.5_c2,nobgs,4,pop,500,best,1,73546,126,5.776,1,193,51,0.0458412698412698,0.0228531855955679,0.00171321349903462,2347,2888,0.911290322580645,37,TRUE
V0.5_c2,nobgs,4,pop,500,best,2,36608,144,7.896,1,235,55.8,0.0548333333333333,0.0228531855955679,0.00171321349903462,2347,2888,0.929577464788732,37,TRUE
V0.5_c2,nobgs,4,pop,500,best,5,16147,158,8.706,1,211,57.4,0.0551012658227848,0.0228531855955679,0.00171321349903462,2347,2888,0.935483870967742,37,TRUE
V0.5_c2,nobgs,4,pop,500,best,8,10037,186,8.936,2,182,60.6,0.0480430107526882,0.0228531855955679,0.00171321349903462,2347,2888,0.945355191256831,37,TRUE
V0.5_c2,nobgs,4,pop,500,simes,1,73546,37,2.214,0,108,38,0.0598378378378378,0.000903342366757001,0.000503086503684769,991,1107,0.810810810810811,37,TRUE
V0.5_c2,nobgs,4,pop,500,simes,2,36608,50,2.016,0,101,36.2,0.04032,0.000903342366757001,0.000503086503684769,991,1107,0.836734693877551,37,TRUE
V0.5_c2,nobgs,4,pop,500,simes,5,16147,53,1.326,0,72,27.2,0.0250188679245283,0.000903342366757001,0.000503086503684769,991,1107,0.846153846153846,37,TRUE
V0.5_c2,nobgs,4,pop,500,simes,8,10037,57,0.984,0,47,25.6,0.0172631578947368,0.000903342366757001,0.000503086503684769,991,1107,0.854545454545455,37,TRUE
V0.5_c2,nobgs,4,spatial,500,consensus,1,73546,17,398.444,377,900,100,23.4378823529412,0.0205148025820442,0.000231147853044353,5991,199222,0.823529411764706,37,FALSE
V0.5_c2,nobgs,4,spatial,500,consensus,2,36608,18,425.742,400,918,100,23.6523333333333,0.0205148025820442,0.000231147853044353,5991,199222,0.882352941176471,37,FALSE
V0.5_c2,nobgs,4,spatial,500,consensus,5,16147,25,372.982,359.5,665,100,14.91928,0.0205148025820442,0.000231147853044353,5991,199222,0.875,37,FALSE
V0.5_c2,nobgs,4,spatial,500,consensus,8,10037,28,342.022,341,535,100,12.2150714285714,0.0205148025820442,0.000231147853044353,5991,199222,0.888888888888889,37,FALSE
V0.5_c2,nobgs,4,spatial,500,best,1,73546,126,624.022,576.5,1313,100,4.95255555555556,0.0980766703738009,0.00171321349903462,8620,312011,0.911290322580645,37,FALSE
V0.5_c2,nobgs,4,spatial,500,best,2,36608,144,703.512,665.5,1371,100,4.8855,0.0980766703738009,0.00171321349903462,8620,312011,0.929577464788732,37,FALSE
V0.5_c2,nobgs,4,spatial,500,best,5,16147,158,637.336,619.5,1040,100,4.03377215189873,0.0980766703738009,0.00171321349903462,8620,312011,0.935483870967742,37,FALSE
V0.5_c2,nobgs,4,spatial,500,best,8,10037,186,577.528,571,860,100,3.10498924731183,0.0980766703738009,0.00171321349903462,8620,312011,0.945355191256831,37,FALSE
V0.5_c2,nobgs,4,spatial,500,simes,1,73546,37,398.08,373,868,99.8,10.7589189189189,0.0465735530546624,0.000503086503684769,5983,199040,0.810810810810811,37,FALSE
V0.5_c2,nobgs,4,spatial,500,simes,2,36608,50,407.378,379,866,100,8.14756,0.0465735530546624,0.000503086503684769,5983,199040,0.836734693877551,37,FALSE
V0.5_c2,nobgs,4,spatial,500,simes,5,16147,53,347.966,330,644,100,6.56539622641509,0.0465735530546624,0.000503086503684769,5983,199040,0.846153846153846,37,FALSE
V0.5_c2,nobgs,4,spatial,500,simes,8,10037,57,316.358,310,507,100,5.55014035087719,0.0465735530546624,0.000503086503684769,5983,199040,0.854545454545455,37,FALSE
V0.5_c2,nobgs,4,spatial,500,consensus,1,73546,17,173.918,136,843,85.8,10.2304705882353,0.0148575765590681,0.000231147853044353,3708,86959,0.823529411764706,37,TRUE
V0.5_c2,nobgs,4,spatial,500,consensus,2,36608,18,194.458,172,863,88.2,10.8032222222222,0.0148575765590681,0.000231147853044353,3708,86959,0.882352941176471,37,TRUE
V0.5_c2,nobgs,4,spatial,500,consensus,5,16147,25,180.748,176.5,638,89.8,7.22992,0.0148575765590681,0.000231147853044353,3708,86959,0.875,37,TRUE
V0.5_c2,nobgs,4,spatial,500,consensus,8,10037,28,172.112,173,535,90.4,6.14685714285714,0.0148575765590681,0.000231147853044353,3708,86959,0.888888888888889,37,TRUE
V0.5_c2,nobgs,4,spatial,500,best,1,73546,126,319.956,303,1270,95,2.53933333333333,0.0976634287214492,0.00171321349903462,5924,159978,0.911290322580645,37,TRUE
V0.5_c2,nobgs,4,spatial,500,best,2,36608,144,382.572,377,1382,96.4,2.65675,0.0976634287214492,0.00171321349903462,5924,159978,0.929577464788732,37,TRUE
V0.5_c2,nobgs,4,spatial,500,best,5,16147,158,380.906,399,1024,97.4,2.41079746835443,0.0976634287214492,0.00171321349903462,5924,159978,0.935483870967742,37,TRUE
V0.5_c2,nobgs,4,spatial,500,best,8,10037,186,364.144,392.5,846,98.2,1.95776344086022,0.0976634287214492,0.00171321349903462,5924,159978,0.945355191256831,37,TRUE
V0.5_c2,nobgs,4,spatial,500,simes,1,73546,37,187.556,170,829,89.4,5.06908108108108,0.0401906630553008,0.000503086503684769,3790,93778,0.810810810810811,37,TRUE
V0.5_c2,nobgs,4,spatial,500,simes,2,36608,50,200.246,190,861,91,4.00492,0.0401906630553008,0.000503086503684769,3790,93778,0.836734693877551,37,TRUE
V0.5_c2,nobgs,4,spatial,500,simes,5,16147,53,182.034,183.5,616,92.8,3.43460377358491,0.0401906630553008,0.000503086503684769,3790,93778,0.846153846153846,37,TRUE
V0.5_c2,nobgs,4,spatial,500,simes,8,10037,57,171.61,179,519,93.6,3.01070175438597,0.0401906630553008,0.000503086503684769,3790,93778,0.854545454545455,37,TRUE
V0.5_c2,nobgs,4,vc,500,consensus,1,73546,17,0.282,0,18,10,0.0165882352941176,0.00709219858156028,0.000231147853044353,136,141,0.823529411764706,37,FALSE
V0.5_c2,nobgs,4,vc,500,consensus,2,36608,18,0.206,0,13,9,0.0114444444444444,0.00709219858156028,0.000231147853044353,136,141,0.882352941176471,37,FALSE
V0.5_c2,nobgs,4,vc,500,consensus,5,16147,25,0.158,0,7,7.6,0.00632,0.00709219858156028,0.000231147853044353,136,141,0.875,37,FALSE
V0.5_c2,nobgs,4,vc,500,consensus,8,10037,28,0.166,0,26,5.4,0.00592857142857143,0.00709219858156028,0.000231147853044353,136,141,0.888888888888889,37,FALSE
V0.5_c2,nobgs,4,vc,500,best,1,73546,126,0.796,0,64,14.8,0.00631746031746032,0.0301507537688442,0.00171321349903462,384,398,0.911290322580645,37,FALSE
V0.5_c2,nobgs,4,vc,500,best,2,36608,144,1.418,0,81,18.8,0.00984722222222222,0.0301507537688442,0.00171321349903462,384,398,0.929577464788732,37,FALSE
V0.5_c2,nobgs,4,vc,500,best,5,16147,158,2.61,0,113,27,0.0165189873417722,0.0301507537688442,0.00171321349903462,384,398,0.935483870967742,37,FALSE
V0.5_c2,nobgs,4,vc,500,best,8,10037,186,3.31,0,139,29.4,0.0177956989247312,0.0301507537688442,0.00171321349903462,384,398,0.945355191256831,37,FALSE
V0.5_c2,nobgs,4,vc,500,simes,1,73546,37,0.288,0,23,10.2,0.00778378378378378,0,0.000503086503684769,138,144,0.810810810810811,37,FALSE
V0.5_c2,nobgs,4,vc,500,simes,2,36608,50,0.236,0,14,8.2,0.00472,0,0.000503086503684769,138,144,0.836734693877551,37,FALSE
V0.5_c2,nobgs,4,vc,500,simes,5,16147,53,0.176,0,10,8.2,0.00332075471698113,0,0.000503086503684769,138,144,0.846153846153846,37,FALSE
V0.5_c2,nobgs,4,vc,500,simes,8,10037,57,0.182,0,23,6.6,0.00319298245614035,0,0.000503086503684769,138,144,0.854545454545455,37,FALSE
V0.5_c2,nobgs,4,vc,500,consensus,1,73546,17,0.358,0,22,9.8,0.0210588235294118,0,0.000231147853044353,176,179,0.823529411764706,37,TRUE
V0.5_c2,nobgs,4,vc,500,consensus,2,36608,18,0.31,0,24,7.8,0.0172222222222222,0,0.000231147853044353,176,179,0.882352941176471,37,TRUE
V0.5_c2,nobgs,4,vc,500,consensus,5,16147,25,0.222,0,31,6.6,0.00888,0,0.000231147853044353,176,179,0.875,37,TRUE
V0.5_c2,nobgs,4,vc,500,consensus,8,10037,28,0.156,0,26,5,0.00557142857142857,0,0.000231147853044353,176,179,0.888888888888889,37,TRUE
V0.5_c2,nobgs,4,vc,500,best,1,73546,126,0.962,0,102,14.2,0.00763492063492064,0.00415800415800416,0.00171321349903462,464,481,0.911290322580645,37,TRUE
V0.5_c2,nobgs,4,vc,500,best,2,36608,144,1.378,0,153,16.4,0.00956944444444444,0.00415800415800416,0.00171321349903462,464,481,0.929577464788732,37,TRUE
V0.5_c2,nobgs,4,vc,500,best,5,16147,158,1.716,0,123,19.2,0.0108607594936709,0.00415800415800416,0.00171321349903462,464,481,0.935483870967742,37,TRUE
V0.5_c2,nobgs,4,vc,500,best,8,10037,186,2.042,0,116,20.8,0.0109784946236559,0.00415800415800416,0.00171321349903462,464,481,0.945355191256831,37,TRUE
V0.5_c2,nobgs,4,vc,500,simes,1,73546,37,0.39,0,31,10,0.0105405405405405,0,0.000503086503684769,190,195,0.810810810810811,37,TRUE
V0.5_c2,nobgs,4,vc,500,simes,2,36608,50,0.362,0,34,8.6,0.00724,0,0.000503086503684769,190,195,0.836734693877551,37,TRUE
V0.5_c2,nobgs,4,vc,500,simes,5,16147,53,0.27,0,33,7.6,0.00509433962264151,0,0.000503086503684769,190,195,0.846153846153846,37,TRUE
V0.5_c2,nobgs,4,vc,500,simes,8,10037,57,0.204,0,31,5,0.00357894736842105,0,0.000503086503684769,190,195,0.854545454545455,37,TRUE
V0.5_c2,nobgs,5,pop,500,consensus,1,71812,31,2.322,0,413,32.2,0.0749032258064516,0.00172265288544358,0.000431682727120815,1072,1161,0.935483870967742,38,FALSE
V0.5_c2,nobgs,5,pop,500,consensus,2,36119,32,1.774,0,290,29.6,0.0554375,0.00172265288544358,0.000431682727120815,1072,1161,0.903225806451613,38,FALSE
V0.5_c2,nobgs,5,pop,500,consensus,5,16163,48,0.984,0,139,22.8,0.0205,0.00172265288544358,0.000431682727120815,1072,1161,0.872340425531915,38,FALSE
V0.5_c2,nobgs,5,pop,500,consensus,8,10234,71,0.72,0,74,21.6,0.0101408450704225,0.00172265288544358,0.000431682727120815,1072,1161,0.885714285714286,38,FALSE
V0.5_c2,nobgs,5,pop,500,best,1,71812,217,6.89,0,722,49.8,0.0317511520737327,0.0609579100145138,0.00302177908984571,2788,3445,0.948837209302326,38,FALSE
V0.5_c2,nobgs,5,pop,500,best,2,36119,286,9.184,1,633,57.4,0.0321118881118881,0.0609579100145138,0.00302177908984571,2788,3445,0.954063604240283,38,FALSE
V0.5_c2,nobgs,5,pop,500,best,5,16163,362,9.936,2,428,63.4,0.0274475138121547,0.0609579100145138,0.00302177908984571,2788,3445,0.957983193277311,38,FALSE
V0.5_c2,nobgs,5,pop,500,best,8,10234,363,10.592,2,306,68.2,0.0291790633608815,0.0609579100145138,0.00302177908984571,2788,3445,0.95774647887324,38,FALSE
V0.5_c2,nobgs,5,pop,500,simes,1,71812,15,2.776,0,500,35.8,0.185066666666667,0.000720461095100865,0.000208878738929427,1271,1388,0.8,38,FALSE
V0.5_c2,nobgs,5,pop,500,simes,2,36119,29,2.378,0,372,33.4,0.082,0.000720461095100865,0.000208878738929427,1271,1388,0.821428571428571,38,FALSE
V0.5_c2,nobgs,5,pop,500,simes,5,16163,67,1.534,0,198,28.4,0.0228955223880597,0.000720461095100865,0.000208878738929427,1271,1388,0.909090909090909,38,FALSE
V0.5_c2,nobgs,5,pop,500,simes,8,10234,77,1.202,0,126,27.4,0.0156103896103896,0.000720461095100865,0.000208878738929427,1271,1388,0.894736842105263,38,FALSE
V0.5_c2,nobgs,5,pop,500,consensus,1,71812,31,2.288,0,442,32,0.0738064516129032,0.000874125874125874,0.000431682727120815,1057,1144,0.935483870967742,38,TRUE
V0.5_c2,nobgs,5,pop,500,consensus,2,36119,32,1.726,0,312,28.8,0.0539375,0.000874125874125874,0.000431682727120815,1057,1144,0.903225806451613,38,TRUE
V0.5_c2,nobgs,5,pop,500,consensus,5,16163,48,0.932,0,153,23,0.0194166666666667,0.000874125874125874,0.000431682727120815,1057,1144,0.872340425531915,38,TRUE
V0.5_c2,nobgs,5,pop,500,consensus,8,10234,71,0.636,0,83,20.8,0.00895774647887324,0.000874125874125874,0.000431682727120815,1057,1144,0.885714285714286,38,TRUE
V0.5_c2,nobgs,5,pop,500,best,1,71812,217,6.204,0,770,48.8,0.0285898617511521,0.0338491295938104,0.00302177908984571,2582,3102,0.948837209302326,38,TRUE
V0.5_c2,nobgs,5,pop,500,best,2,36119,286,7.682,1,662,54.6,0.0268601398601399,0.0338491295938104,0.00302177908984571,2582,3102,0.954063604240283,38,TRUE
V0.5_c2,nobgs,5,pop,500,best,5,16163,362,7.952,1,445,60,0.0219668508287293,0.0338491295938104,0.00302177908984571,2582,3102,0.957983193277311,38,TRUE
V0.5_c2,nobgs,5,pop,500,best,8,10234,363,7.874,1.5,330,61.6,0.0216914600550964,0.0338491295938104,0.00302177908984571,2582,3102,0.95774647887324,38,TRUE
V0.5_c2,nobgs,5,pop,500,simes,1,71812,15,2.758,0,540,35.8,0.183866666666667,0,0.000208878738929427,1260,1379,0.8,38,TRUE
V0.5_c2,nobgs,5,pop,500,simes,2,36119,29,2.32,0,386,32.6,0.08,0,0.000208878738929427,1260,1379,0.821428571428571,38,TRUE
V0.5_c2,nobgs,5,pop,500,simes,5,16163,67,1.386,0,197,28.4,0.0206865671641791,0,0.000208878738929427,1260,1379,0.909090909090909,38,TRUE
V0.5_c2,nobgs,5,pop,500,simes,8,10234,77,1.006,0,131,24.4,0.0130649350649351,0,0.000208878738929427,1260,1379,0.894736842105263,38,TRUE
V0.5_c2,nobgs,5,spatial,500,consensus,1,71812,31,415.708,389,894,100,13.409935483871,0.0247096519672462,0.000431682727120815,5769,207854,0.935483870967742,38,FALSE
V0.5_c2,nobgs,5,spatial,500,consensus,2,36119,32,436.338,410,851,100,13.6355625,0.0247096519672462,0.000431682727120815,5769,207854,0.903225806451613,38,FALSE
V0.5_c2,nobgs,5,spatial,500,consensus,5,16163,48,398.64,387.5,675,100,8.305,0.0247096519672462,0.000431682727120815,5769,207854,0.872340425531915,38,FALSE
V0.5_c2,nobgs,5,spatial,500,consensus,8,10234,71,362.3,364.5,551,100,5.10281690140845,0.0247096519672462,0.000431682727120815,5769,207854,0.885714285714286,38,FALSE
V0.5_c2,nobgs,5,spatial,500,best,1,71812,217,634.032,594,1293,100,2.9218064516129,0.143100032805915,0.00302177908984571,8243,317016,0.948837209302326,38,FALSE
V0.5_c2,nobgs,5,spatial,500,best,2,36119,286,701.408,666,1318,100,2.45247552447552,0.143100032805915,0.00302177908984571,8243,317016,0.954063604240283,38,FALSE
V0.5_c2,nobgs,5,spatial,500,best,5,16163,362,656.664,645,1035,100,1.81398895027624,0.143100032805915,0.00302177908984571,8243,317016,0.957983193277311,38,FALSE
V0.5_c2,nobgs,5,spatial,500,best,8,10234,363,591.842,587,842,100,1.63041873278237,0.143100032805915,0.00302177908984571,8243,317016,0.95774647887324,38,FALSE
V0.5_c2,nobgs,5,spatial,500,simes,1,71812,15,405.414,372.5,874,100,27.0276,0.013378916366973,0.000208878738929427,5595,202707,0.8,38,FALSE
V0.5_c2,nobgs,5,spatial,500,simes,2,36119,29,405.954,378,803,100,13.9984137931034,0.013378916366973,0.000208878738929427,5595,202707,0.821428571428571,38,FALSE
V0.5_c2,nobgs,5,spatial,500,simes,5,16163,67,363.41,353.5,614,100,5.42402985074627,0.013378916366973,0.000208878738929427,5595,202707,0.909090909090909,38,FALSE
V0.5_c2,nobgs,5,spatial,500,simes,8,10234,77,329.8,326,507,100,4.28311688311688,0.013378916366973,0.000208878738929427,5595,202707,0.894736842105263,38,FALSE
V0.5_c2,nobgs,5,spatial,500,consensus,1,71812,31,229.592,222.5,751,95,7.4061935483871,0.0220129621241158,0.000431682727120815,3728,114796,0.935483870967742,38,TRUE
V0.5_c2,nobgs,5,spatial,500,consensus,2,36119,32,247.85,239,800,93.6,7.7453125,0.0220129621241158,0.000431682727120815,3728,114796,0.903225806451613,38,TRUE
V0.5_c2,nobgs,5,spatial,500,consensus,5,16163,48,236.852,236.5,625,96,4.93441666666667,0.0220129621241158,0.000431682727120815,3728,114796,0.872340425531915,38,TRUE
V0.5_c2,nobgs,5,spatial,500,consensus,8,10234,71,224.238,236.5,516,95.8,3.15828169014085,0.0220129621241158,0.000431682727120815,3728,114796,0.885714285714286,38,TRUE
V0.5_c2,nobgs,5,spatial,500,best,1,71812,217,391.668,381,1106,99.6,1.80492165898618,0.170021548862812,0.00302177908984571,5869,195834,0.948837209302326,38,TRUE
V0.5_c2,nobgs,5,spatial,500,best,2,36119,286,451.53,430,1233,100,1.57877622377622,0.170021548862812,0.00302177908984571,5869,195834,0.954063604240283,38,TRUE
V0.5_c2,nobgs,5,spatial,500,best,5,16163,362,457.008,453.5,961,100,1.26245303867403,0.170021548862812,0.00302177908984571,5869,195834,0.957983193277311,38,TRUE
V0.5_c2,nobgs,5,spatial,500,best,8,10234,363,431.792,445.5,763,100,1.18950964187328,0.170021548862812,0.00302177908984571,5869,195834,0.95774647887324,38,TRUE
V0.5_c2,nobgs,5,spatial,500,simes,1,71812,15,235.87,231.5,735,96.2,15.7246666666667,0.0149065163013524,0.000208878738929427,3708,117935,0.8,38,TRUE
V0.5_c2,nobgs,5,spatial,500,simes,2,36119,29,242.726,237,762,96.4,8.36986206896552,0.0149065163013524,0.000208878738929427,3708,117935,0.821428571428571,38,TRUE
V0.5_c2,nobgs,5,spatial,500,simes,5,16163,67,228.064,231,569,97.4,3.40394029850746,0.0149065163013524,0.000208878738929427,3708,117935,0.909090909090909,38,TRUE
V0.5_c2,nobgs,5,spatial,500,simes,8,10234,77,215.122,226,462,97.8,2.79379220779221,0.0149065163013524,0.000208878738929427,3708,117935,0.894736842105263,38,TRUE
V0.5_c2,nobgs,5,vc,500,consensus,1,71812,31,0.382,0,35,10.2,0.0123225806451613,0,0.000431682727120815,183,191,0.935483870967742,38,FALSE
V0.5_c2,nobgs,5,vc,500,consensus,2,36119,32,0.326,0,23,10.4,0.0101875,0,0.000431682727120815,183,191,0.903225806451613,38,FALSE
V0.5_c2,nobgs,5,vc,500,consensus,5,16163,48,0.222,0,10,9.6,0.004625,0,0.000431682727120815,183,191,0.872340425531915,38,FALSE
V0.5_c2,nobgs,5,vc,500,consensus,8,10234,71,0.138,0,5,7.4,0.00194366197183099,0,0.000431682727120815,183,191,0.885714285714286,38,FALSE
V0.5_c2,nobgs,5,vc,500,best,1,71812,217,1.122,0,81,18,0.0051705069124424,0.0463458110516934,0.00302177908984571,519,561,0.948837209302326,38,FALSE
V0.5_c2,nobgs,5,vc,500,best,2,36119,286,1.858,0,86,21.8,0.0064965034965035,0.0463458110516934,0.00302177908984571,519,561,0.954063604240283,38,FALSE
V0.5_c2,nobgs,5,vc,500,best,5,16163,362,3.216,0,97,26,0.00888397790055249,0.0463458110516934,0.00302177908984571,519,561,0.957983193277311,38,FALSE
V0.5_c2,nobgs,5,vc,500,best,8,10234,363,3.892,0,111,28.6,0.0107217630853995,0.0463458110516934,0.00302177908984571,519,561,0.95774647887324,38,FALSE
V0.5_c2,nobgs,5,vc,500,simes,1,71812,15,0.442,0,47,11,0.0294666666666667,0,0.000208878738929427,208,221,0.8,38,FALSE
V0.5_c2,nobgs,5,vc,500,simes,2,36119,29,0.38,0,35,10,0.0131034482758621,0,0.000208878738929427,208,221,0.821428571428571,38,FALSE
V0.5_c2,nobgs,5,vc,500,simes,5,16163,67,0.254,0,16,10,0.0037910447761194,0,0.000208878738929427,208,221,0.909090909090909,38,FALSE
V0.5_c2,nobgs,5,vc,500,simes,8,10234,77,0.15,0,6,7.4,0.00194805194805195,0,0.000208878738929427,208,221,0.894736842105263,38,FALSE
V0.5_c2,nobgs,5,vc,500,consensus,1,71812,31,0.344,0,32,11.4,0.0110967741935484,0,0.000431682727120815,166,172,0.935483870967742,38,TRUE
V0.5_c2,nobgs,5,vc,500,consensus,2,36119,32,0.334,0,38,9.4,0.0104375,0,0.000431682727120815,166,172,0.903225806451613,38,TRUE
V0.5_c2,nobgs,5,vc,500,consensus,5,16163,48,0.248,0,22,8,0.00516666666666667,0,0.000431682727120815,166,172,0.872340425531915,38,TRUE
V0.5_c2,nobgs,5,vc,500,consensus,8,10234,71,0.186,0,11,7.8,0.00261971830985916,0,0.000431682727120815,166,172,0.885714285714286,38,TRUE
V0.5_c2,nobgs,5,vc,500,best,1,71812,217,1.12,0,88,18.6,0.00516129032258065,0.0303571428571429,0.00302177908984571,520,560,0.948837209302326,38,TRUE
V0.5_c2,nobgs,5,vc,500,best,2,36119,286,1.702,0,97,20.4,0.00595104895104895,0.0303571428571429,0.00302177908984571,520,560,0.954063604240283,38,TRUE
V0.5_c2,nobgs,5,vc,500,best,5,16163,362,2.258,0,122,23.8,0.00623756906077348,0.0303571428571429,0.00302177908984571,520,560,0.957983193277311,38,TRUE
V0.5_c2,nobgs,5,vc,500,best,8,10234,363,2.44,0,122,24.8,0.00672176308539945,0.0303571428571429,0.00302177908984571,520,560,0.95774647887324,38,TRUE
V0.5_c2,nobgs,5,vc,500,simes,1,71812,15,0.454,0,53,12,0.0302666666666667,0,0.000208878738929427,220,227,0.8,38,TRUE
V0.5_c2,nobgs,5,vc,500,simes,2,36119,29,0.384,0,37,10,0.0132413793103448,0,0.000208878738929427,220,227,0.821428571428571,38,TRUE
V0.5_c2,nobgs,5,vc,500,simes,5,16163,67,0.292,0,21,10.2,0.00435820895522388,0,0.000208878738929427,220,227,0.909090909090909,38,TRUE
V0.5_c2,nobgs,5,vc,500,simes,8,10234,77,0.184,0,13,7.8,0.00238961038961039,0,0.000208878738929427,220,227,0.894736842105263,38,TRUE
