cell,tag,env,arm,CL2,span,n,tp
V0.5_c1,nobgs,1,stage 2,1_U339,34830,7,TRUE
V0.5_c1,nobgs,1,stage 2,1_F31,203212,19,TRUE
V0.5_c1,nobgs,1,stage 2,3_F8,111583,11,TRUE
V0.5_c1,nobgs,1,stage 2,4_F63,307721,60,TRUE
V0.5_c1,nobgs,1,stage 2,4_F5,12902,3,FALSE
V0.5_c1,nobgs,1,stage 2,4_F4,1016640,82,TRUE
V0.5_c1,nobgs,1,stage 2,5_F62,53152,13,TRUE
V0.5_c1,nobgs,1,stage 2,7_U1768,99139,24,TRUE
V0.5_c1,nobgs,1,stage 2,7_F25,165377,21,TRUE
V0.5_c1,nobgs,1,stage 2,8_F103,1279285,190,TRUE
V0.5_c1,nobgs,1,stage 2,8_F10,163840,3,TRUE
V0.5_c1,nobgs,1,stage 2,8_F98,212989,42,TRUE
V0.5_c1,nobgs,1,stage 2,9_F48,4132794,266,FALSE
V0.5_c1,nobgs,1,stage 2,9_F3,4616341,122,TRUE
V0.5_c1,nobgs,1,stage 2,9_F130,849572,28,TRUE
V0.5_c1,nobgs,1,stage 2,9_F101,599840,36,TRUE
V0.5_c1,nobgs,1,stage 2,9_F116,365017,17,FALSE
V0.5_c1,nobgs,1,stage 2,9_F82,1749093,55,FALSE
V0.5_c1,nobgs,1,stage 1,1_U339,34830,7,TRUE
V0.5_c1,nobgs,1,stage 1,1_F31,203212,19,TRUE
V0.5_c1,nobgs,1,stage 1,3_F8,111583,11,TRUE
V0.5_c1,nobgs,1,stage 1,4_F63,307721,60,TRUE
V0.5_c1,nobgs,1,stage 1,4_F3,3477,2,FALSE
V0.5_c1,nobgs,1,stage 1,4_F5,12902,3,FALSE
V0.5_c1,nobgs,1,stage 1,4_F4,1016640,82,TRUE
V0.5_c1,nobgs,1,stage 1,5_F62,53152,13,TRUE
V0.5_c1,nobgs,1,stage 1,7_U1768,99139,24,TRUE
V0.5_c1,nobgs,1,stage 1,7_F25,165377,21,TRUE
V0.5_c1,nobgs,1,stage 1,8_F103,1279285,190,TRUE
V0.5_c1,nobgs,1,stage 1,8_F10,163840,3,TRUE
V0.5_c1,nobgs,1,stage 1,8_F32,572658,21,FALSE
V0.5_c1,nobgs,1,stage 1,8_F98,212989,42,TRUE
V0.5_c1,nobgs,1,stage 1,9_F48,4132794,266,FALSE
V0.5_c1,nobgs,1,stage 1,9_F3,4616341,122,TRUE
V0.5_c1,nobgs,1,stage 1,9_F130,849572,28,TRUE
V0.5_c1,nobgs,1,stage 1,9_F101,599840,36,TRUE
V0.5_c1,nobgs,1,stage 1,9_F100,54283,9,FALSE
V0.5_c1,nobgs,1,stage 1,9_F116,365017,17,FALSE
V0.5_c1,nobgs,1,stage 1,9_F82,1749093,55,FALSE
V0.5_c1,nobgs,2,stage 2,1_U12664,0,1,FALSE
V0.5_c1,nobgs,2,stage 2,2_U2690,124428,27,FALSE
V0.5_c1,nobgs,2,stage 2,2_U3926,76809,17,TRUE
V0.5_c1,nobgs,2,stage 2,2_U5703,103863,12,FALSE
V0.5_c1,nobgs,2,stage 2,3_U3551,126461,6,TRUE
V0.5_c1,nobgs,2,stage 2,3_U444,84821,39,TRUE
V0.5_c1,nobgs,2,stage 2,3_U446,69484,37,TRUE
V0.5_c1,nobgs,2,stage 2,3_U5915,0,1,FALSE
V0.5_c1,nobgs,2,stage 2,4_F20,3922539,806,TRUE
V0.5_c1,nobgs,2,stage 2,4_F33,2648464,29,TRUE
V0.5_c1,nobgs,2,stage 2,4_F37,2329154,16,TRUE
V0.5_c1,nobgs,2,stage 2,5_U3088,52900,7,TRUE
V0.5_c1,nobgs,2,stage 2,5_U3089,102241,16,TRUE
V0.5_c1,nobgs,2,stage 2,6_F22,125935,16,TRUE
V0.5_c1,nobgs,2,stage 2,6_U3948,89797,12,TRUE
V0.5_c1,nobgs,2,stage 2,6_U7971,41615,5,FALSE
V0.5_c1,nobgs,2,stage 2,8_F78,14698,5,FALSE
V0.5_c1,nobgs,2,stage 2,8_F80,471644,35,TRUE
V0.5_c1,nobgs,2,stage 2,9_U2062,62725,3,FALSE
V0.5_c1,nobgs,2,stage 2,9_U252,22170,7,TRUE
V0.5_c1,nobgs,2,stage 1,1_U12664,0,1,FALSE
V0.5_c1,nobgs,2,stage 1,2_U2690,124428,27,FALSE
V0.5_c1,nobgs,2,stage 1,2_U3926,76809,17,TRUE
V0.5_c1,nobgs,2,stage 1,2_U5703,103863,12,FALSE
V0.5_c1,nobgs,2,stage 1,3_U3551,126461,6,TRUE
V0.5_c1,nobgs,2,stage 1,3_U444,84821,39,TRUE
V0.5_c1,nobgs,2,stage 1,3_U446,69484,37,TRUE
V0.5_c1,nobgs,2,stage 1,3_U5915,0,1,FALSE
V0.5_c1,nobgs,2,stage 1,4_F20,3922539,806,TRUE
V0.5_c1,nobgs,2,stage 1,4_F33,2648464,29,TRUE
V0.5_c1,nobgs,2,stage 1,4_F37,2329154,16,TRUE
V0.5_c1,nobgs,2,stage 1,5_U3088,52900,7,TRUE
V0.5_c1,nobgs,2,stage 1,5_U3089,102241,16,TRUE
V0.5_c1,nobgs,2,stage 1,6_F22,125935,16,TRUE
V0.5_c1,nobgs,2,stage 1,6_U3948,89797,12,TRUE
V0.5_c1,nobgs,2,stage 1,6_U7971,41615,5,FALSE
V0.5_c1,nobgs,2,stage 1,8_F78,14698,5,FALSE
V0.5_c1,nobgs,2,stage 1,8_F80,471644,35,TRUE
V0.5_c1,nobgs,2,stage 1,9_U2062,62725,3,FALSE
V0.5_c1,nobgs,2,stage 1,9_U252,22170,7,TRUE
V0.5_c1,nobgs,3,stage 2,1_U3457,0,1,FALSE
V0.5_c1,nobgs,3,stage 2,1_U3484,6162,2,FALSE
V0.5_c1,nobgs,3,stage 2,1_U3485,20636,6,FALSE
V0.5_c1,nobgs,3,stage 2,1_F47,139579,22,TRUE
V0.5_c1,nobgs,3,stage 2,1_U3488,0,1,TRUE
V0.5_c1,nobgs,3,stage 2,1_U3489,0,1,TRUE
V0.5_c1,nobgs,3,stage 2,1_U13226,28334,5,FALSE
V0.5_c1,nobgs,3,stage 2,2_F16,1514379,87,TRUE
V0.5_c1,nobgs,3,stage 2,2_U1638,32196,13,TRUE
V0.5_c1,nobgs,3,stage 2,3_F10,427335,31,TRUE
V0.5_c1,nobgs,3,stage 2,3_F13,109434,2,TRUE
V0.5_c1,nobgs,3,stage 2,4_U1194,15553,5,FALSE
V0.5_c1,nobgs,3,stage 2,4_F13,217640,21,TRUE
V0.5_c1,nobgs,3,stage 2,4_U1198,0,1,TRUE
V0.5_c1,nobgs,3,stage 2,5_F60,3784480,179,FALSE
V0.5_c1,nobgs,3,stage 2,5_F67,490931,47,FALSE
V0.5_c1,nobgs,3,stage 2,5_F66,3361435,311,TRUE
V0.5_c1,nobgs,3,stage 2,5_F28,4613534,354,TRUE
V0.5_c1,nobgs,3,stage 2,5_F83,2576226,400,TRUE
V0.5_c1,nobgs,3,stage 2,6_F24,288018,38,TRUE
V0.5_c1,nobgs,3,stage 2,7_F12,2715884,247,FALSE
V0.5_c1,nobgs,3,stage 2,7_F37,2407041,10,TRUE
V0.5_c1,nobgs,3,stage 2,7_F45,1157190,248,TRUE
V0.5_c1,nobgs,3,stage 2,8_F3,517600,100,TRUE
V0.5_c1,nobgs,3,stage 2,9_F80,1008064,55,TRUE
V0.5_c1,nobgs,3,stage 2,10_F4,608229,141,TRUE
V0.5_c1,nobgs,3,stage 2,10_F10,0,1,FALSE
V0.5_c1,nobgs,3,stage 2,10_F17,51516,6,FALSE
V0.5_c1,nobgs,3,stage 1,1_U3456,8056,4,FALSE
V0.5_c1,nobgs,3,stage 1,1_U3457,0,1,FALSE
V0.5_c1,nobgs,3,stage 1,1_U3484,6162,2,FALSE
V0.5_c1,nobgs,3,stage 1,1_U3485,20636,6,FALSE
V0.5_c1,nobgs,3,stage 1,1_F47,139579,22,TRUE
V0.5_c1,nobgs,3,stage 1,1_U3488,0,1,TRUE
V0.5_c1,nobgs,3,stage 1,1_U3489,0,1,TRUE
V0.5_c1,nobgs,3,stage 1,1_U13226,28334,5,FALSE
V0.5_c1,nobgs,3,stage 1,2_F16,1514379,87,TRUE
V0.5_c1,nobgs,3,stage 1,2_U1638,32196,13,TRUE
V0.5_c1,nobgs,3,stage 1,3_F10,427335,31,TRUE
V0.5_c1,nobgs,3,stage 1,3_F13,109434,2,TRUE
V0.5_c1,nobgs,3,stage 1,4_U1194,15553,5,FALSE
V0.5_c1,nobgs,3,stage 1,4_F13,217640,21,TRUE
V0.5_c1,nobgs,3,stage 1,4_U1198,0,1,TRUE
V0.5_c1,nobgs,3,stage 1,5_F60,3784480,179,FALSE
V0.5_c1,nobgs,3,stage 1,5_F67,490931,47,FALSE
V0.5_c1,nobgs,3,stage 1,5_F66,3361435,311,TRUE
V0.5_c1,nobgs,3,stage 1,5_F28,4613534,354,TRUE
V0.5_c1,nobgs,3,stage 1,5_F83,2576226,400,TRUE
V0.5_c1,nobgs,3,stage 1,6_F24,288018,38,TRUE
V0.5_c1,nobgs,3,stage 1,7_F12,2715884,247,FALSE
V0.5_c1,nobgs,3,stage 1,7_F37,2407041,10,TRUE
V0.5_c1,nobgs,3,stage 1,7_F45,1157190,248,TRUE
V0.5_c1,nobgs,3,stage 1,8_F3,517600,100,TRUE
V0.5_c1,nobgs,3,stage 1,8_U1655,75432,9,TRUE
V0.5_c1,nobgs,3,stage 1,9_F80,1008064,55,TRUE
V0.5_c1,nobgs,3,stage 1,10_F102,735144,38,FALSE
V0.5_c1,nobgs,3,stage 1,10_F4,608229,141,TRUE
V0.5_c1,nobgs,3,stage 1,10_F10,0,1,FALSE
V0.5_c1,nobgs,3,stage 1,10_F17,51516,6,FALSE
V0.5_c1,nobgs,3,stage 1,10_U1027,41265,4,FALSE
V0.5_c1,nobgs,4,stage 2,1_F21,2694905,90,TRUE
V0.5_c1,nobgs,4,stage 2,2_U3871,16692,5,TRUE
V0.5_c1,nobgs,4,stage 2,2_U3872,33994,9,TRUE
V0.5_c1,nobgs,4,stage 2,3_F1,112275,19,TRUE
V0.5_c1,nobgs,4,stage 2,3_U2861,1568,2,FALSE
V0.5_c1,nobgs,4,stage 2,3_U8192,0,1,FALSE
V0.5_c1,nobgs,4,stage 2,4_F16,2411349,150,TRUE
V0.5_c1,nobgs,4,stage 2,4_F33,1941186,121,TRUE
V0.5_c1,nobgs,4,stage 2,4_F37,1208237,3,FALSE
V0.5_c1,nobgs,4,stage 2,4_F38,1461953,24,FALSE
V0.5_c1,nobgs,4,stage 2,5_F9,240553,3,TRUE
V0.5_c1,nobgs,4,stage 2,6_F5,46933,6,TRUE
V0.5_c1,nobgs,4,stage 2,6_F11,93965,17,TRUE
V0.5_c1,nobgs,4,stage 2,6_U741,95,2,TRUE
V0.5_c1,nobgs,4,stage 2,8_F18,3256729,100,TRUE
V0.5_c1,nobgs,4,stage 2,8_F21,488320,27,TRUE
V0.5_c1,nobgs,4,stage 2,9_U8,108803,13,TRUE
V0.5_c1,nobgs,4,stage 2,10_F29,523280,120,TRUE
V0.5_c1,nobgs,4,stage 2,10_F18,112994,44,TRUE
V0.5_c1,nobgs,4,stage 1,1_F21,2694905,90,TRUE
V0.5_c1,nobgs,4,stage 1,2_U3871,16692,5,TRUE
V0.5_c1,nobgs,4,stage 1,2_U3872,33994,9,TRUE
V0.5_c1,nobgs,4,stage 1,3_F1,112275,19,TRUE
V0.5_c1,nobgs,4,stage 1,3_U2861,1568,2,FALSE
V0.5_c1,nobgs,4,stage 1,3_U8192,0,1,FALSE
V0.5_c1,nobgs,4,stage 1,4_F16,2411349,150,TRUE
V0.5_c1,nobgs,4,stage 1,4_F33,1941186,121,TRUE
V0.5_c1,nobgs,4,stage 1,4_F37,1208237,3,FALSE
V0.5_c1,nobgs,4,stage 1,4_F38,1461953,24,FALSE
V0.5_c1,nobgs,4,stage 1,5_F9,240553,3,TRUE
V0.5_c1,nobgs,4,stage 1,6_F5,46933,6,TRUE
V0.5_c1,nobgs,4,stage 1,6_U725,3303,3,FALSE
V0.5_c1,nobgs,4,stage 1,6_F11,93965,17,TRUE
V0.5_c1,nobgs,4,stage 1,6_U741,95,2,TRUE
V0.5_c1,nobgs,4,stage 1,7_F5,4345807,129,TRUE
V0.5_c1,nobgs,4,stage 1,7_F25,3366321,264,TRUE
V0.5_c1,nobgs,4,stage 1,8_F18,3256729,100,TRUE
V0.5_c1,nobgs,4,stage 1,8_F21,488320,27,TRUE
V0.5_c1,nobgs,4,stage 1,8_F39,467851,57,FALSE
V0.5_c1,nobgs,4,stage 1,9_U8,108803,13,TRUE
V0.5_c1,nobgs,4,stage 1,10_F29,523280,120,TRUE
V0.5_c1,nobgs,4,stage 1,10_F18,112994,44,TRUE
V0.5_c1,nobgs,5,stage 2,1_U5776,12866,3,TRUE
V0.5_c1,nobgs,5,stage 2,1_U5777,6815,4,TRUE
V0.5_c1,nobgs,5,stage 2,2_F26,332793,46,TRUE
V0.5_c1,nobgs,5,stage 2,5_F33,2773957,1010,TRUE
V0.5_c1,nobgs,5,stage 2,7_F1,2627208,57,FALSE
V0.5_c1,nobgs,5,stage 2,7_F25,3269960,67,TRUE
V0.5_c1,nobgs,5,stage 2,7_F36,46602,11,FALSE
V0.5_c1,nobgs,5,stage 2,9_F76,24731,6,TRUE
V0.5_c1,nobgs,5,stage 2,10_F69,228463,39,TRUE
V0.5_c1,nobgs,5,stage 1,1_U5776,12866,3,TRUE
V0.5_c1,nobgs,5,stage 1,1_U5777,6815,4,TRUE
V0.5_c1,nobgs,5,stage 1,2_F26,332793,46,TRUE
V0.5_c1,nobgs,5,stage 1,5_F33,2773957,1010,TRUE
V0.5_c1,nobgs,5,stage 1,7_F1,2627208,57,FALSE
V0.5_c1,nobgs,5,stage 1,7_F25,3269960,67,TRUE
V0.5_c1,nobgs,5,stage 1,7_F36,46602,11,FALSE
V0.5_c1,nobgs,5,stage 1,9_U4333,0,1,FALSE
V0.5_c1,nobgs,5,stage 1,9_F76,24731,6,TRUE
V0.5_c1,nobgs,5,stage 1,10_F69,228463,39,TRUE
V0.5_c1,nobgs,6,stage 2,1_U1700,0,1,FALSE
V0.5_c1,nobgs,6,stage 2,1_F5,1732962,182,TRUE
V0.5_c1,nobgs,6,stage 2,1_U6894,4857,2,FALSE
V0.5_c1,nobgs,6,stage 2,2_U8059,0,1,FALSE
V0.5_c1,nobgs,6,stage 2,3_U8168,0,1,FALSE
V0.5_c1,nobgs,6,stage 2,3_U9229,2629,2,FALSE
V0.5_c1,nobgs,6,stage 2,4_U3502,0,1,FALSE
V0.5_c1,nobgs,6,stage 2,4_F12,195376,12,FALSE
V0.5_c1,nobgs,6,stage 2,4_F28,3774244,824,TRUE
V0.5_c1,nobgs,6,stage 2,4_F13,194336,20,FALSE
V0.5_c1,nobgs,6,stage 2,5_U2598,53983,10,TRUE
V0.5_c1,nobgs,6,stage 2,5_U2599,86930,12,TRUE
V0.5_c1,nobgs,6,stage 2,5_U6153,554132,10,FALSE
V0.5_c1,nobgs,6,stage 2,5_U6154,770392,6,FALSE
V0.5_c1,nobgs,6,stage 2,7_U7975,125518,5,FALSE
V0.5_c1,nobgs,6,stage 2,9_F22,3447302,949,TRUE
V0.5_c1,nobgs,6,stage 2,9_U2214,64028,7,FALSE
V0.5_c1,nobgs,6,stage 2,9_F13,1593649,184,FALSE
V0.5_c1,nobgs,6,stage 2,10_F104,744292,139,TRUE
V0.5_c1,nobgs,6,stage 2,10_U3438,9349,2,FALSE
V0.5_c1,nobgs,6,stage 2,10_F28,664808,132,FALSE
V0.5_c1,nobgs,6,stage 2,10_F45,383659,49,TRUE
V0.5_c1,nobgs,6,stage 2,10_U5019,75742,3,FALSE
V0.5_c1,nobgs,6,stage 1,1_U1700,0,1,FALSE
V0.5_c1,nobgs,6,stage 1,1_F5,1732962,182,TRUE
V0.5_c1,nobgs,6,stage 1,1_U6894,4857,2,FALSE
V0.5_c1,nobgs,6,stage 1,2_U8059,0,1,FALSE
V0.5_c1,nobgs,6,stage 1,3_U8168,0,1,FALSE
V0.5_c1,nobgs,6,stage 1,3_U9229,2629,2,FALSE
V0.5_c1,nobgs,6,stage 1,4_U3502,0,1,FALSE
V0.5_c1,nobgs,6,stage 1,4_F12,195376,12,FALSE
V0.5_c1,nobgs,6,stage 1,4_F28,3774244,824,TRUE
V0.5_c1,nobgs,6,stage 1,4_F13,194336,20,FALSE
V0.5_c1,nobgs,6,stage 1,5_U2598,53983,10,TRUE
V0.5_c1,nobgs,6,stage 1,5_U2599,86930,12,TRUE
V0.5_c1,nobgs,6,stage 1,5_U6153,554132,10,FALSE
V0.5_c1,nobgs,6,stage 1,5_U6154,770392,6,FALSE
V0.5_c1,nobgs,6,stage 1,6_U8590,101861,8,FALSE
V0.5_c1,nobgs,6,stage 1,7_U7975,125518,5,FALSE
V0.5_c1,nobgs,6,stage 1,9_F22,3447302,949,TRUE
V0.5_c1,nobgs,6,stage 1,9_U2214,64028,7,FALSE
V0.5_c1,nobgs,6,stage 1,9_F13,1593649,184,FALSE
V0.5_c1,nobgs,6,stage 1,10_F104,744292,139,TRUE
V0.5_c1,nobgs,6,stage 1,10_U3438,9349,2,FALSE
V0.5_c1,nobgs,6,stage 1,10_F28,664808,132,FALSE
V0.5_c1,nobgs,6,stage 1,10_F45,383659,49,TRUE
V0.5_c1,nobgs,6,stage 1,10_U5019,75742,3,FALSE
V0.5_c1,nobgs,7,stage 2,1_U2780,0,1,FALSE
V0.5_c1,nobgs,7,stage 2,1_F63,506118,88,TRUE
V0.5_c1,nobgs,7,stage 2,1_F53,0,1,FALSE
V0.5_c1,nobgs,7,stage 2,1_F69,88416,9,FALSE
V0.5_c1,nobgs,7,stage 2,1_U6214,70159,8,FALSE
V0.5_c1,nobgs,7,stage 2,3_F10,1183378,83,TRUE
V0.5_c1,nobgs,7,stage 2,3_F38,330140,63,TRUE
V0.5_c1,nobgs,7,stage 2,4_F11,2013796,214,TRUE
V0.5_c1,nobgs,7,stage 2,4_F42,1885803,17,TRUE
V0.5_c1,nobgs,7,stage 2,4_F54,1373293,207,FALSE
V0.5_c1,nobgs,7,stage 2,4_F74,588178,22,FALSE
V0.5_c1,nobgs,7,stage 2,5_F56,395363,118,TRUE
V0.5_c1,nobgs,7,stage 2,7_F47,372374,65,TRUE
V0.5_c1,nobgs,7,stage 2,8_U1638,17507,4,FALSE
V0.5_c1,nobgs,7,stage 2,9_F33,3950020,1045,TRUE
V0.5_c1,nobgs,7,stage 2,9_F21,2211400,74,TRUE
V0.5_c1,nobgs,7,stage 2,10_F4,2502031,149,TRUE
V0.5_c1,nobgs,7,stage 1,1_U2780,0,1,FALSE
V0.5_c1,nobgs,7,stage 1,1_F63,506118,88,TRUE
V0.5_c1,nobgs,7,stage 1,1_F53,0,1,FALSE
V0.5_c1,nobgs,7,stage 1,1_F69,88416,9,FALSE
V0.5_c1,nobgs,7,stage 1,1_F76,146939,24,FALSE
V0.5_c1,nobgs,7,stage 1,1_U3745,7381,3,FALSE
V0.5_c1,nobgs,7,stage 1,1_U6214,70159,8,FALSE
V0.5_c1,nobgs,7,stage 1,1_U6215,0,1,FALSE
V0.5_c1,nobgs,7,stage 1,1_U7341,1190806,2,FALSE
V0.5_c1,nobgs,7,stage 1,3_F10,1183378,83,TRUE
V0.5_c1,nobgs,7,stage 1,3_F38,330140,63,TRUE
V0.5_c1,nobgs,7,stage 1,3_F53,2205222,128,TRUE
V0.5_c1,nobgs,7,stage 1,3_U553,17714,3,FALSE
V0.5_c1,nobgs,7,stage 1,4_F11,2013796,214,TRUE
V0.5_c1,nobgs,7,stage 1,4_F42,1885803,17,TRUE
V0.5_c1,nobgs,7,stage 1,4_F54,1373293,207,FALSE
V0.5_c1,nobgs,7,stage 1,4_F74,588178,22,FALSE
V0.5_c1,nobgs,7,stage 1,4_U714,0,1,FALSE
V0.5_c1,nobgs,7,stage 1,5_F56,395363,118,TRUE
V0.5_c1,nobgs,7,stage 1,7_F39,20939,5,FALSE
V0.5_c1,nobgs,7,stage 1,7_F47,372374,65,TRUE
V0.5_c1,nobgs,7,stage 1,8_U1638,17507,4,FALSE
V0.5_c1,nobgs,7,stage 1,9_F33,3950020,1045,TRUE
V0.5_c1,nobgs,7,stage 1,9_F21,2211400,74,TRUE
V0.5_c1,nobgs,7,stage 1,10_F4,2502031,149,TRUE
V0.5_c1,nobgs,8,stage 2,1_F41,985956,93,TRUE
V0.5_c1,nobgs,8,stage 2,1_F44,1603016,43,FALSE
V0.5_c1,nobgs,8,stage 2,1_U1589,144713,10,FALSE
V0.5_c1,nobgs,8,stage 2,1_U3587,0,1,FALSE
V0.5_c1,nobgs,8,stage 2,1_U4429,7129,3,FALSE
V0.5_c1,nobgs,8,stage 2,1_F43,3430,2,TRUE
V0.5_c1,nobgs,8,stage 2,2_U1924,40656,5,FALSE
V0.5_c1,nobgs,8,stage 2,2_F5,397526,67,TRUE
V0.5_c1,nobgs,8,stage 2,2_U4542,2754,2,FALSE
V0.5_c1,nobgs,8,stage 2,2_U6392,0,1,FALSE
V0.5_c1,nobgs,8,stage 2,3_U1426,0,1,TRUE
V0.5_c1,nobgs,8,stage 2,3_U1427,34258,3,TRUE
V0.5_c1,nobgs,8,stage 2,3_U1495,0,1,TRUE
V0.5_c1,nobgs,8,stage 2,3_U1498,1288,2,TRUE
V0.5_c1,nobgs,8,stage 2,3_U1879,0,1,FALSE
V0.5_c1,nobgs,8,stage 2,3_U2572,18532,4,FALSE
V0.5_c1,nobgs,8,stage 2,3_U6372,0,1,FALSE
V0.5_c1,nobgs,8,stage 2,4_F42,4050159,58,TRUE
V0.5_c1,nobgs,8,stage 2,4_F51,4111196,190,FALSE
V0.5_c1,nobgs,8,stage 2,4_F17,2024634,194,TRUE
V0.5_c1,nobgs,8,stage 2,4_F16,262235,4,FALSE
V0.5_c1,nobgs,8,stage 2,4_U6461,0,1,FALSE
V0.5_c1,nobgs,8,stage 2,5_U2444,35791,2,FALSE
V0.5_c1,nobgs,8,stage 2,5_U2602,15477,5,TRUE
V0.5_c1,nobgs,8,stage 2,5_U5167,349771,5,FALSE
V0.5_c1,nobgs,8,stage 2,5_U5171,57363,3,FALSE
V0.5_c1,nobgs,8,stage 2,6_F28,137957,33,FALSE
V0.5_c1,nobgs,8,stage 2,6_F31,194242,48,FALSE
V0.5_c1,nobgs,8,stage 2,6_F42,207607,22,TRUE
V0.5_c1,nobgs,8,stage 2,6_F43,31794,6,FALSE
V0.5_c1,nobgs,8,stage 2,6_F46,123642,6,TRUE
V0.5_c1,nobgs,8,stage 2,6_F48,22958,6,FALSE
V0.5_c1,nobgs,8,stage 2,6_F51,0,1,TRUE
V0.5_c1,nobgs,8,stage 2,6_U1392,0,1,FALSE
V0.5_c1,nobgs,8,stage 2,6_U2079,166993,47,TRUE
V0.5_c1,nobgs,8,stage 2,6_U2080,0,1,TRUE
V0.5_c1,nobgs,8,stage 2,6_U2081,137173,23,TRUE
V0.5_c1,nobgs,8,stage 2,6_U2082,27065,8,TRUE
V0.5_c1,nobgs,8,stage 2,6_U2083,101445,20,TRUE
V0.5_c1,nobgs,8,stage 2,6_U2087,99906,26,FALSE
V0.5_c1,nobgs,8,stage 2,6_U2090,41754,5,FALSE
V0.5_c1,nobgs,8,stage 2,6_U2235,47922,3,FALSE
V0.5_c1,nobgs,8,stage 2,6_U2237,165585,5,FALSE
V0.5_c1,nobgs,8,stage 2,6_F11,243729,26,FALSE
V0.5_c1,nobgs,8,stage 2,6_U7379,106638,9,FALSE
V0.5_c1,nobgs,8,stage 2,7_F34,1684396,500,TRUE
V0.5_c1,nobgs,8,stage 2,7_F72,25193,8,FALSE
V0.5_c1,nobgs,8,stage 2,7_F55,247294,30,FALSE
V0.5_c1,nobgs,8,stage 2,7_F69,142419,21,TRUE
V0.5_c1,nobgs,8,stage 2,7_U1670,0,1,TRUE
V0.5_c1,nobgs,8,stage 2,7_U1671,9741,3,TRUE
V0.5_c1,nobgs,8,stage 2,7_U1672,4212,2,TRUE
V0.5_c1,nobgs,8,stage 2,7_U1673,61585,7,TRUE
V0.5_c1,nobgs,8,stage 2,7_F51,238298,45,FALSE
V0.5_c1,nobgs,8,stage 2,8_F3,3725358,634,TRUE
V0.5_c1,nobgs,8,stage 2,8_F8,641203,4,FALSE
V0.5_c1,nobgs,8,stage 2,8_F7,2217656,60,TRUE
V0.5_c1,nobgs,8,stage 2,8_U2006,0,1,FALSE
V0.5_c1,nobgs,8,stage 2,8_U281,27215,6,TRUE
V0.5_c1,nobgs,8,stage 2,8_U1850,152419,2,FALSE
V0.5_c1,nobgs,8,stage 2,8_U1858,0,1,FALSE
V0.5_c1,nobgs,8,stage 2,8_F9,105746,11,FALSE
V0.5_c1,nobgs,8,stage 2,8_U5951,213465,16,FALSE
V0.5_c1,nobgs,8,stage 2,8_U6012,0,1,FALSE
V0.5_c1,nobgs,8,stage 2,9_U4006,1061,2,FALSE
V0.5_c1,nobgs,8,stage 2,9_U1437,0,1,FALSE
V0.5_c1,nobgs,8,stage 2,10_F77,525443,95,TRUE
V0.5_c1,nobgs,8,stage 1,1_F41,985956,93,TRUE
V0.5_c1,nobgs,8,stage 1,1_F44,1603016,43,FALSE
V0.5_c1,nobgs,8,stage 1,1_U1589,144713,10,FALSE
V0.5_c1,nobgs,8,stage 1,1_U3587,0,1,FALSE
V0.5_c1,nobgs,8,stage 1,1_U4429,7129,3,FALSE
V0.5_c1,nobgs,8,stage 1,1_F43,3430,2,TRUE
V0.5_c1,nobgs,8,stage 1,2_U1924,40656,5,FALSE
V0.5_c1,nobgs,8,stage 1,2_F5,397526,67,TRUE
V0.5_c1,nobgs,8,stage 1,2_U4542,2754,2,FALSE
V0.5_c1,nobgs,8,stage 1,2_U6392,0,1,FALSE
V0.5_c1,nobgs,8,stage 1,3_U1426,0,1,TRUE
V0.5_c1,nobgs,8,stage 1,3_U1427,34258,3,TRUE
V0.5_c1,nobgs,8,stage 1,3_U1495,0,1,TRUE
V0.5_c1,nobgs,8,stage 1,3_U1498,1288,2,TRUE
V0.5_c1,nobgs,8,stage 1,3_U1879,0,1,FALSE
V0.5_c1,nobgs,8,stage 1,3_U2572,18532,4,FALSE
V0.5_c1,nobgs,8,stage 1,3_U6372,0,1,FALSE
V0.5_c1,nobgs,8,stage 1,4_F42,4050159,58,TRUE
V0.5_c1,nobgs,8,stage 1,4_F51,4111196,190,FALSE
V0.5_c1,nobgs,8,stage 1,4_F17,2024634,194,TRUE
V0.5_c1,nobgs,8,stage 1,4_F16,262235,4,FALSE
V0.5_c1,nobgs,8,stage 1,4_U6461,0,1,FALSE
V0.5_c1,nobgs,8,stage 1,5_U2444,35791,2,FALSE
V0.5_c1,nobgs,8,stage 1,5_U2602,15477,5,TRUE
V0.5_c1,nobgs,8,stage 1,5_U3600,0,1,FALSE
V0.5_c1,nobgs,8,stage 1,5_U5167,349771,5,FALSE
V0.5_c1,nobgs,8,stage 1,5_U5171,57363,3,FALSE
V0.5_c1,nobgs,8,stage 1,6_F28,137957,33,FALSE
V0.5_c1,nobgs,8,stage 1,6_F31,194242,48,FALSE
V0.5_c1,nobgs,8,stage 1,6_F42,207607,22,TRUE
V0.5_c1,nobgs,8,stage 1,6_F43,31794,6,FALSE
V0.5_c1,nobgs,8,stage 1,6_F46,123642,6,TRUE
V0.5_c1,nobgs,8,stage 1,6_F48,22958,6,FALSE
V0.5_c1,nobgs,8,stage 1,6_F51,0,1,TRUE
V0.5_c1,nobgs,8,stage 1,6_F50,2055172,56,TRUE
V0.5_c1,nobgs,8,stage 1,6_U1392,0,1,FALSE
V0.5_c1,nobgs,8,stage 1,6_U2079,166993,47,TRUE
V0.5_c1,nobgs,8,stage 1,6_U2080,0,1,TRUE
V0.5_c1,nobgs,8,stage 1,6_U2081,137173,23,TRUE
V0.5_c1,nobgs,8,stage 1,6_U2082,27065,8,TRUE
V0.5_c1,nobgs,8,stage 1,6_U2083,101445,20,TRUE
V0.5_c1,nobgs,8,stage 1,6_U2087,99906,26,FALSE
V0.5_c1,nobgs,8,stage 1,6_U2090,41754,5,FALSE
V0.5_c1,nobgs,8,stage 1,6_U2235,47922,3,FALSE
V0.5_c1,nobgs,8,stage 1,6_U2237,165585,5,FALSE
V0.5_c1,nobgs,8,stage 1,6_F11,243729,26,FALSE
V0.5_c1,nobgs,8,stage 1,6_U7379,106638,9,FALSE
V0.5_c1,nobgs,8,stage 1,7_F34,1684396,500,TRUE
V0.5_c1,nobgs,8,stage 1,7_F72,25193,8,FALSE
V0.5_c1,nobgs,8,stage 1,7_F55,247294,30,FALSE
V0.5_c1,nobgs,8,stage 1,7_F69,142419,21,TRUE
V0.5_c1,nobgs,8,stage 1,7_U1670,0,1,TRUE
V0.5_c1,nobgs,8,stage 1,7_U1671,9741,3,TRUE
V0.5_c1,nobgs,8,stage 1,7_U1672,4212,2,TRUE
V0.5_c1,nobgs,8,stage 1,7_U1673,61585,7,TRUE
V0.5_c1,nobgs,8,stage 1,7_F51,238298,45,FALSE
V0.5_c1,nobgs,8,stage 1,8_F3,3725358,634,TRUE
V0.5_c1,nobgs,8,stage 1,8_F8,641203,4,FALSE
V0.5_c1,nobgs,8,stage 1,8_F7,2217656,60,TRUE
V0.5_c1,nobgs,8,stage 1,8_U2006,0,1,FALSE
V0.5_c1,nobgs,8,stage 1,8_U281,27215,6,TRUE
V0.5_c1,nobgs,8,stage 1,8_U1850,152419,2,FALSE
V0.5_c1,nobgs,8,stage 1,8_U1858,0,1,FALSE
V0.5_c1,nobgs,8,stage 1,8_F9,105746,11,FALSE
V0.5_c1,nobgs,8,stage 1,8_U5951,213465,16,FALSE
V0.5_c1,nobgs,8,stage 1,8_U6012,0,1,FALSE
V0.5_c1,nobgs,8,stage 1,9_U4006,1061,2,FALSE
V0.5_c1,nobgs,8,stage 1,9_U1437,0,1,FALSE
V0.5_c1,nobgs,8,stage 1,10_F77,525443,95,TRUE
V0.5_c1,nobgs,9,stage 2,1_U5998,4065,4,TRUE
V0.5_c1,nobgs,9,stage 2,3_F16,2387448,672,TRUE
V0.5_c1,nobgs,9,stage 2,4_F23,3823980,22,FALSE
V0.5_c1,nobgs,9,stage 2,4_F39,3267260,414,TRUE
V0.5_c1,nobgs,9,stage 2,9_F28,4206382,543,TRUE
V0.5_c1,nobgs,9,stage 2,9_F20,4438,4,FALSE
V0.5_c1,nobgs,9,stage 2,9_F13,3058574,242,TRUE
V0.5_c1,nobgs,9,stage 2,10_F12,853722,106,TRUE
V0.5_c1,nobgs,9,stage 2,10_F61,854412,188,TRUE
V0.5_c1,nobgs,9,stage 1,1_U5998,4065,4,TRUE
V0.5_c1,nobgs,9,stage 1,2_U3184,1861,3,TRUE
V0.5_c1,nobgs,9,stage 1,3_F16,2387448,672,TRUE
V0.5_c1,nobgs,9,stage 1,4_F23,3823980,22,FALSE
V0.5_c1,nobgs,9,stage 1,4_F39,3267260,414,TRUE
V0.5_c1,nobgs,9,stage 1,9_F28,4206382,543,TRUE
V0.5_c1,nobgs,9,stage 1,9_F20,4438,4,FALSE
V0.5_c1,nobgs,9,stage 1,9_F13,3058574,242,TRUE
V0.5_c1,nobgs,9,stage 1,10_F12,853722,106,TRUE
V0.5_c1,nobgs,9,stage 1,10_F61,854412,188,TRUE
V0.5_c1,nobgs,10,stage 2,1_U12379,0,1,FALSE
V0.5_c1,nobgs,10,stage 2,2_U3213,50039,3,TRUE
V0.5_c1,nobgs,10,stage 2,2_U3214,0,1,TRUE
V0.5_c1,nobgs,10,stage 2,3_U424,37939,3,TRUE
V0.5_c1,nobgs,10,stage 2,4_F15,20419,2,FALSE
V0.5_c1,nobgs,10,stage 2,4_F16,3242243,311,TRUE
V0.5_c1,nobgs,10,stage 2,4_F29,3477819,145,TRUE
V0.5_c1,nobgs,10,stage 2,4_F47,863561,5,TRUE
V0.5_c1,nobgs,10,stage 2,4_F56,200567,10,FALSE
V0.5_c1,nobgs,10,stage 2,4_F51,220381,15,FALSE
V0.5_c1,nobgs,10,stage 2,5_U2603,8342,2,TRUE
V0.5_c1,nobgs,10,stage 2,5_U3120,411988,6,FALSE
V0.5_c1,nobgs,10,stage 2,7_U2559,36989,12,TRUE
V0.5_c1,nobgs,10,stage 2,8_F52,698711,159,TRUE
V0.5_c1,nobgs,10,stage 2,9_F8,4807848,366,FALSE
V0.5_c1,nobgs,10,stage 2,9_F40,3673866,197,TRUE
V0.5_c1,nobgs,10,stage 2,9_U2838,0,1,FALSE
V0.5_c1,nobgs,10,stage 2,9_U2890,129752,11,FALSE
V0.5_c1,nobgs,10,stage 2,9_F2,112270,23,TRUE
V0.5_c1,nobgs,10,stage 2,9_U1868,102826,13,TRUE
V0.5_c1,nobgs,10,stage 2,9_F4,339092,34,FALSE
V0.5_c1,nobgs,10,stage 2,9_F67,1617580,31,TRUE
V0.5_c1,nobgs,10,stage 2,10_F7,161081,21,FALSE
V0.5_c1,nobgs,10,stage 2,10_F31,154427,15,FALSE
V0.5_c1,nobgs,10,stage 2,10_F61,727229,121,TRUE
V0.5_c1,nobgs,10,stage 2,10_U2366,52391,3,FALSE
V0.5_c1,nobgs,10,stage 1,1_U12379,0,1,FALSE
V0.5_c1,nobgs,10,stage 1,1_U12380,29304,2,FALSE
V0.5_c1,nobgs,10,stage 1,2_U3213,50039,3,TRUE
V0.5_c1,nobgs,10,stage 1,2_U3214,0,1,TRUE
V0.5_c1,nobgs,10,stage 1,3_U424,37939,3,TRUE
V0.5_c1,nobgs,10,stage 1,4_F15,20419,2,FALSE
V0.5_c1,nobgs,10,stage 1,4_F16,3242243,311,TRUE
V0.5_c1,nobgs,10,stage 1,4_F29,3477819,145,TRUE
V0.5_c1,nobgs,10,stage 1,4_F47,863561,5,TRUE
V0.5_c1,nobgs,10,stage 1,4_F56,200567,10,FALSE
V0.5_c1,nobgs,10,stage 1,4_F51,220381,15,FALSE
V0.5_c1,nobgs,10,stage 1,4_U626,38721,2,FALSE
V0.5_c1,nobgs,10,stage 1,5_U1877,0,1,FALSE
V0.5_c1,nobgs,10,stage 1,5_U2603,8342,2,TRUE
V0.5_c1,nobgs,10,stage 1,5_U3120,411988,6,FALSE
V0.5_c1,nobgs,10,stage 1,6_U7764,264264,5,FALSE
V0.5_c1,nobgs,10,stage 1,7_U2356,0,1,FALSE
V0.5_c1,nobgs,10,stage 1,7_U2559,36989,12,TRUE
V0.5_c1,nobgs,10,stage 1,7_U5657,0,1,FALSE
V0.5_c1,nobgs,10,stage 1,8_F52,698711,159,TRUE
V0.5_c1,nobgs,10,stage 1,8_F56,60264,15,TRUE
V0.5_c1,nobgs,10,stage 1,8_U7662,89814,6,FALSE
V0.5_c1,nobgs,10,stage 1,9_F8,4807848,366,FALSE
V0.5_c1,nobgs,10,stage 1,9_F40,3673866,197,TRUE
V0.5_c1,nobgs,10,stage 1,9_U1925,47144,3,FALSE
V0.5_c1,nobgs,10,stage 1,9_U2838,0,1,FALSE
V0.5_c1,nobgs,10,stage 1,9_U2888,103210,3,FALSE
V0.5_c1,nobgs,10,stage 1,9_U2890,129752,11,FALSE
V0.5_c1,nobgs,10,stage 1,9_F1,10437,3,FALSE
V0.5_c1,nobgs,10,stage 1,9_F2,112270,23,TRUE
V0.5_c1,nobgs,10,stage 1,9_U1868,102826,13,TRUE
V0.5_c1,nobgs,10,stage 1,9_F4,339092,34,FALSE
V0.5_c1,nobgs,10,stage 1,9_F7,224176,10,FALSE
V0.5_c1,nobgs,10,stage 1,9_F67,1617580,31,TRUE
V0.5_c1,nobgs,10,stage 1,9_F11,2185363,18,TRUE
V0.5_c1,nobgs,10,stage 1,10_F7,161081,21,FALSE
V0.5_c1,nobgs,10,stage 1,10_F31,154427,15,FALSE
V0.5_c1,nobgs,10,stage 1,10_F61,727229,121,TRUE
V0.5_c1,nobgs,10,stage 1,10_U2366,52391,3,FALSE
V0.5_c1,nobgs,10,stage 1,10_F68,808422,169,TRUE
V0.5_c1,bgs,1,stage 2,1_U1140,0,1,FALSE
V0.5_c1,bgs,1,stage 2,1_F35,835261,44,FALSE
V0.5_c1,bgs,1,stage 2,1_F38,242839,31,TRUE
V0.5_c1,bgs,1,stage 2,5_F51,459195,67,TRUE
V0.5_c1,bgs,1,stage 2,5_F75,511292,115,FALSE
V0.5_c1,bgs,1,stage 2,7_F63,1247098,169,TRUE
V0.5_c1,bgs,1,stage 2,7_F45,1514941,129,TRUE
V0.5_c1,bgs,1,stage 2,10_F18,2440020,318,TRUE
V0.5_c1,bgs,1,stage 1,1_U1140,0,1,FALSE
V0.5_c1,bgs,1,stage 1,1_F35,835261,44,FALSE
V0.5_c1,bgs,1,stage 1,1_F38,242839,31,TRUE
V0.5_c1,bgs,1,stage 1,1_F61,81812,12,FALSE
V0.5_c1,bgs,1,stage 1,5_F51,459195,67,TRUE
V0.5_c1,bgs,1,stage 1,5_F75,511292,115,FALSE
V0.5_c1,bgs,1,stage 1,7_F63,1247098,169,TRUE
V0.5_c1,bgs,1,stage 1,7_F45,1514941,129,TRUE
V0.5_c1,bgs,1,stage 1,7_F69,373686,40,FALSE
V0.5_c1,bgs,1,stage 1,10_F18,2440020,318,TRUE
V0.5_c1,bgs,2,stage 2,1_F20,141659,18,TRUE
V0.5_c1,bgs,2,stage 2,2_F23,183205,50,TRUE
V0.5_c1,bgs,2,stage 2,2_U6203,115670,6,FALSE
V0.5_c1,bgs,2,stage 2,2_U7994,0,1,FALSE
V0.5_c1,bgs,2,stage 2,2_U8179,135484,8,FALSE
V0.5_c1,bgs,2,stage 2,2_U5042,58684,5,FALSE
V0.5_c1,bgs,2,stage 2,3_F37,2271130,72,TRUE
V0.5_c1,bgs,2,stage 2,3_F76,1620509,35,FALSE
V0.5_c1,bgs,2,stage 2,3_U3880,303612,3,FALSE
V0.5_c1,bgs,2,stage 2,4_U83,57978,6,FALSE
V0.5_c1,bgs,2,stage 2,4_F21,363377,12,TRUE
V0.5_c1,bgs,2,stage 2,6_F12,377554,112,TRUE
V0.5_c1,bgs,2,stage 2,6_F17,146367,14,FALSE
V0.5_c1,bgs,2,stage 2,7_U3158,6170,2,FALSE
V0.5_c1,bgs,2,stage 2,7_F81,46218,5,FALSE
V0.5_c1,bgs,2,stage 2,7_F88,46657,6,FALSE
V0.5_c1,bgs,2,stage 2,7_F33,155443,9,TRUE
V0.5_c1,bgs,2,stage 2,9_U597,3268,2,FALSE
V0.5_c1,bgs,2,stage 2,9_F26,16212,2,TRUE
V0.5_c1,bgs,2,stage 2,9_U620,140186,11,TRUE
V0.5_c1,bgs,2,stage 1,1_F20,141659,18,TRUE
V0.5_c1,bgs,2,stage 1,2_F23,183205,50,TRUE
V0.5_c1,bgs,2,stage 1,2_U6203,115670,6,FALSE
V0.5_c1,bgs,2,stage 1,2_U7994,0,1,FALSE
V0.5_c1,bgs,2,stage 1,2_U8179,135484,8,FALSE
V0.5_c1,bgs,2,stage 1,2_U5042,58684,5,FALSE
V0.5_c1,bgs,2,stage 1,3_F37,2271130,72,TRUE
V0.5_c1,bgs,2,stage 1,3_F76,1620509,35,FALSE
V0.5_c1,bgs,2,stage 1,3_U3880,303612,3,FALSE
V0.5_c1,bgs,2,stage 1,3_U2381,0,1,FALSE
V0.5_c1,bgs,2,stage 1,4_U83,57978,6,FALSE
V0.5_c1,bgs,2,stage 1,4_F21,363377,12,TRUE
V0.5_c1,bgs,2,stage 1,6_F12,377554,112,TRUE
V0.5_c1,bgs,2,stage 1,6_F19,2004262,251,FALSE
V0.5_c1,bgs,2,stage 1,6_F17,146367,14,FALSE
V0.5_c1,bgs,2,stage 1,7_U3158,6170,2,FALSE
V0.5_c1,bgs,2,stage 1,7_F81,46218,5,FALSE
V0.5_c1,bgs,2,stage 1,7_F88,46657,6,FALSE
V0.5_c1,bgs,2,stage 1,7_F33,155443,9,TRUE
V0.5_c1,bgs,2,stage 1,9_U597,3268,2,FALSE
V0.5_c1,bgs,2,stage 1,9_F26,16212,2,TRUE
V0.5_c1,bgs,2,stage 1,9_U620,140186,11,TRUE
V0.5_c1,bgs,3,stage 2,1_F2,133930,12,TRUE
V0.5_c1,bgs,3,stage 2,1_F72,15104,2,FALSE
V0.5_c1,bgs,3,stage 2,1_F73,279465,24,TRUE
V0.5_c1,bgs,3,stage 2,2_F32,162390,28,TRUE
V0.5_c1,bgs,3,stage 2,4_F10,299776,22,TRUE
V0.5_c1,bgs,3,stage 2,4_F25,290792,45,FALSE
V0.5_c1,bgs,3,stage 2,4_F6,278116,48,TRUE
V0.5_c1,bgs,3,stage 2,7_F22,207655,48,TRUE
V0.5_c1,bgs,3,stage 2,8_F80,257377,26,TRUE
V0.5_c1,bgs,3,stage 2,9_F17,141243,19,TRUE
V0.5_c1,bgs,3,stage 2,10_F31,1602080,110,TRUE
V0.5_c1,bgs,3,stage 2,10_U438,37019,10,TRUE
V0.5_c1,bgs,3,stage 1,1_F2,133930,12,TRUE
V0.5_c1,bgs,3,stage 1,1_F71,44333,3,FALSE
V0.5_c1,bgs,3,stage 1,1_F72,15104,2,FALSE
V0.5_c1,bgs,3,stage 1,1_F73,279465,24,TRUE
V0.5_c1,bgs,3,stage 1,1_F75,462,2,TRUE
V0.5_c1,bgs,3,stage 1,2_F32,162390,28,TRUE
V0.5_c1,bgs,3,stage 1,4_F10,299776,22,TRUE
V0.5_c1,bgs,3,stage 1,4_F25,290792,45,FALSE
V0.5_c1,bgs,3,stage 1,4_F6,278116,48,TRUE
V0.5_c1,bgs,3,stage 1,5_F6,3177484,56,TRUE
V0.5_c1,bgs,3,stage 1,6_F31,227583,26,TRUE
V0.5_c1,bgs,3,stage 1,7_F22,207655,48,TRUE
V0.5_c1,bgs,3,stage 1,8_F80,257377,26,TRUE
V0.5_c1,bgs,3,stage 1,9_F17,141243,19,TRUE
V0.5_c1,bgs,3,stage 1,10_F31,1602080,110,TRUE
V0.5_c1,bgs,3,stage 1,10_F49,440213,47,TRUE
V0.5_c1,bgs,3,stage 1,10_U435,24064,9,TRUE
V0.5_c1,bgs,3,stage 1,10_U438,37019,10,TRUE
V0.5_c1,bgs,4,stage 2,1_U689,2599,2,TRUE
V0.5_c1,bgs,4,stage 2,2_F21,301398,45,TRUE
V0.5_c1,bgs,4,stage 2,2_F23,105908,7,TRUE
V0.5_c1,bgs,4,stage 2,4_F16,974280,27,TRUE
V0.5_c1,bgs,4,stage 2,4_F11,186473,34,TRUE
V0.5_c1,bgs,4,stage 2,6_F14,431137,25,TRUE
V0.5_c1,bgs,4,stage 2,9_U92,41589,11,TRUE
V0.5_c1,bgs,4,stage 2,9_U96,4559,4,TRUE
V0.5_c1,bgs,4,stage 2,9_U99,13376,6,TRUE
V0.5_c1,bgs,4,stage 2,9_U101,0,1,FALSE
V0.5_c1,bgs,4,stage 1,1_U689,2599,2,TRUE
V0.5_c1,bgs,4,stage 1,2_F21,301398,45,TRUE
V0.5_c1,bgs,4,stage 1,2_F23,105908,7,TRUE
V0.5_c1,bgs,4,stage 1,4_F16,974280,27,TRUE
V0.5_c1,bgs,4,stage 1,4_F11,186473,34,TRUE
V0.5_c1,bgs,4,stage 1,6_F14,431137,25,TRUE
V0.5_c1,bgs,4,stage 1,7_F56,502386,64,TRUE
V0.5_c1,bgs,4,stage 1,9_U92,41589,11,TRUE
V0.5_c1,bgs,4,stage 1,9_U96,4559,4,TRUE
V0.5_c1,bgs,4,stage 1,9_U99,13376,6,TRUE
V0.5_c1,bgs,4,stage 1,9_U101,0,1,FALSE
V0.5_c1,bgs,4,stage 1,10_F15,532350,8,FALSE
V0.5_c1,bgs,5,stage 2,1_U5318,14963,4,TRUE
V0.5_c1,bgs,5,stage 2,4_U5824,107366,20,TRUE
V0.5_c1,bgs,5,stage 2,5_U1662,8899,3,FALSE
V0.5_c1,bgs,5,stage 2,5_F14,498624,36,TRUE
V0.5_c1,bgs,5,stage 2,5_U1669,0,1,FALSE
V0.5_c1,bgs,5,stage 2,5_F15,20964,5,FALSE
V0.5_c1,bgs,5,stage 2,6_F11,210260,35,TRUE
V0.5_c1,bgs,5,stage 2,7_F52,183221,78,TRUE
V0.5_c1,bgs,5,stage 2,8_F1,294857,30,TRUE
V0.5_c1,bgs,5,stage 2,8_F14,744342,31,TRUE
V0.5_c1,bgs,5,stage 2,9_F7,3950536,112,TRUE
V0.5_c1,bgs,5,stage 2,9_U1903,39794,9,FALSE
V0.5_c1,bgs,5,stage 1,1_U5318,14963,4,TRUE
V0.5_c1,bgs,5,stage 1,4_U5824,107366,20,TRUE
V0.5_c1,bgs,5,stage 1,5_U1662,8899,3,FALSE
V0.5_c1,bgs,5,stage 1,5_F14,498624,36,TRUE
V0.5_c1,bgs,5,stage 1,5_U1669,0,1,FALSE
V0.5_c1,bgs,5,stage 1,5_F15,20964,5,FALSE
V0.5_c1,bgs,5,stage 1,6_F11,210260,35,TRUE
V0.5_c1,bgs,5,stage 1,7_F52,183221,78,TRUE
V0.5_c1,bgs,5,stage 1,8_F1,294857,30,TRUE
V0.5_c1,bgs,5,stage 1,8_F14,744342,31,TRUE
V0.5_c1,bgs,5,stage 1,8_U5477,94819,9,FALSE
V0.5_c1,bgs,5,stage 1,9_F7,3950536,112,TRUE
V0.5_c1,bgs,5,stage 1,9_U1903,39794,9,FALSE
V0.5_c1,bgs,6,stage 2,1_U2497,101668,5,TRUE
V0.5_c1,bgs,6,stage 2,1_U2501,23813,3,TRUE
V0.5_c1,bgs,6,stage 2,1_U2502,4533,2,TRUE
V0.5_c1,bgs,6,stage 2,1_U2506,0,1,FALSE
V0.5_c1,bgs,6,stage 2,1_U8028,0,1,FALSE
V0.5_c1,bgs,6,stage 2,1_U8020,46337,3,FALSE
V0.5_c1,bgs,6,stage 2,1_U10992,0,1,FALSE
V0.5_c1,bgs,6,stage 2,1_U6646,0,1,FALSE
V0.5_c1,bgs,6,stage 2,2_U195,581742,4,FALSE
V0.5_c1,bgs,6,stage 2,2_U646,0,1,FALSE
V0.5_c1,bgs,6,stage 2,3_U1118,8869,3,FALSE
V0.5_c1,bgs,6,stage 2,3_U1832,2902,2,TRUE
V0.5_c1,bgs,6,stage 2,3_U1833,0,1,TRUE
V0.5_c1,bgs,6,stage 2,3_U1834,17708,5,TRUE
V0.5_c1,bgs,6,stage 2,3_U2302,7691,3,FALSE
V0.5_c1,bgs,6,stage 2,4_U886,33779,4,TRUE
V0.5_c1,bgs,6,stage 2,4_U887,0,1,TRUE
V0.5_c1,bgs,6,stage 2,4_U888,1628,2,TRUE
V0.5_c1,bgs,6,stage 2,4_U926,20917,4,TRUE
V0.5_c1,bgs,6,stage 2,4_U8013,54309,2,FALSE
V0.5_c1,bgs,6,stage 2,6_F19,2632951,80,TRUE
V0.5_c1,bgs,6,stage 2,6_F36,78524,19,FALSE
V0.5_c1,bgs,6,stage 2,7_U1980,814,2,TRUE
V0.5_c1,bgs,6,stage 2,7_U1981,4000,2,TRUE
V0.5_c1,bgs,6,stage 2,7_U1982,83549,6,TRUE
V0.5_c1,bgs,6,stage 2,7_U1983,25768,6,TRUE
V0.5_c1,bgs,6,stage 2,7_U1984,306,2,TRUE
V0.5_c1,bgs,6,stage 2,7_U2273,137493,3,FALSE
V0.5_c1,bgs,6,stage 2,8_U643,26381,7,TRUE
V0.5_c1,bgs,6,stage 2,8_U644,116672,13,TRUE
V0.5_c1,bgs,6,stage 2,8_U646,23255,5,TRUE
V0.5_c1,bgs,6,stage 2,9_U3512,0,1,TRUE
V0.5_c1,bgs,6,stage 2,9_U1129,2181,2,FALSE
V0.5_c1,bgs,6,stage 2,9_F2,838914,73,TRUE
V0.5_c1,bgs,6,stage 2,9_U1240,7113,2,FALSE
V0.5_c1,bgs,6,stage 2,9_F3,65068,11,TRUE
V0.5_c1,bgs,6,stage 2,9_U5895,31162,3,FALSE
V0.5_c1,bgs,6,stage 2,10_U4869,0,1,FALSE
V0.5_c1,bgs,6,stage 1,1_U2497,101668,5,TRUE
V0.5_c1,bgs,6,stage 1,1_U2501,23813,3,TRUE
V0.5_c1,bgs,6,stage 1,1_U2502,4533,2,TRUE
V0.5_c1,bgs,6,stage 1,1_U2506,0,1,FALSE
V0.5_c1,bgs,6,stage 1,1_U8028,0,1,FALSE
V0.5_c1,bgs,6,stage 1,1_U8020,46337,3,FALSE
V0.5_c1,bgs,6,stage 1,1_U9754,0,1,FALSE
V0.5_c1,bgs,6,stage 1,1_U10992,0,1,FALSE
V0.5_c1,bgs,6,stage 1,1_U6646,0,1,FALSE
V0.5_c1,bgs,6,stage 1,2_U195,581742,4,FALSE
V0.5_c1,bgs,6,stage 1,2_U646,0,1,FALSE
V0.5_c1,bgs,6,stage 1,3_U1118,8869,3,FALSE
V0.5_c1,bgs,6,stage 1,3_U1832,2902,2,TRUE
V0.5_c1,bgs,6,stage 1,3_U1833,0,1,TRUE
V0.5_c1,bgs,6,stage 1,3_U1834,17708,5,TRUE
V0.5_c1,bgs,6,stage 1,3_U2302,7691,3,FALSE
V0.5_c1,bgs,6,stage 1,4_U5057,31164,2,FALSE
V0.5_c1,bgs,6,stage 1,4_U886,33779,4,TRUE
V0.5_c1,bgs,6,stage 1,4_U887,0,1,TRUE
V0.5_c1,bgs,6,stage 1,4_U888,1628,2,TRUE
V0.5_c1,bgs,6,stage 1,4_U926,20917,4,TRUE
V0.5_c1,bgs,6,stage 1,4_U8013,54309,2,FALSE
V0.5_c1,bgs,6,stage 1,6_F19,2632951,80,TRUE
V0.5_c1,bgs,6,stage 1,6_F36,78524,19,FALSE
V0.5_c1,bgs,6,stage 1,7_U1980,814,2,TRUE
V0.5_c1,bgs,6,stage 1,7_U1981,4000,2,TRUE
V0.5_c1,bgs,6,stage 1,7_U1982,83549,6,TRUE
V0.5_c1,bgs,6,stage 1,7_U1983,25768,6,TRUE
V0.5_c1,bgs,6,stage 1,7_U1984,306,2,TRUE
V0.5_c1,bgs,6,stage 1,7_U2273,137493,3,FALSE
V0.5_c1,bgs,6,stage 1,7_U6092,39083,3,FALSE
V0.5_c1,bgs,6,stage 1,7_F88,0,1,FALSE
V0.5_c1,bgs,6,stage 1,8_U643,26381,7,TRUE
V0.5_c1,bgs,6,stage 1,8_U644,116672,13,TRUE
V0.5_c1,bgs,6,stage 1,8_U646,23255,5,TRUE
V0.5_c1,bgs,6,stage 1,9_U3512,0,1,TRUE
V0.5_c1,bgs,6,stage 1,9_U1129,2181,2,FALSE
V0.5_c1,bgs,6,stage 1,9_F2,838914,73,TRUE
V0.5_c1,bgs,6,stage 1,9_U1240,7113,2,FALSE
V0.5_c1,bgs,6,stage 1,9_F3,65068,11,TRUE
V0.5_c1,bgs,6,stage 1,9_U5895,31162,3,FALSE
V0.5_c1,bgs,6,stage 1,10_U1055,133197,4,FALSE
V0.5_c1,bgs,6,stage 1,10_U4869,0,1,FALSE
V0.5_c1,bgs,7,stage 2,1_F33,80953,12,TRUE
V0.5_c1,bgs,7,stage 2,2_U646,10018,4,FALSE
V0.5_c1,bgs,7,stage 2,2_F21,0,1,FALSE
V0.5_c1,bgs,7,stage 2,2_F31,72813,2,TRUE
V0.5_c1,bgs,7,stage 2,3_F25,63190,6,TRUE
V0.5_c1,bgs,7,stage 2,3_U2594,23626,3,FALSE
V0.5_c1,bgs,7,stage 2,4_F15,194892,22,TRUE
V0.5_c1,bgs,7,stage 2,4_U86,0,1,TRUE
V0.5_c1,bgs,7,stage 2,5_F13,393779,102,TRUE
V0.5_c1,bgs,7,stage 2,6_F53,795510,162,TRUE
V0.5_c1,bgs,7,stage 2,6_F55,188657,18,TRUE
V0.5_c1,bgs,7,stage 2,6_F13,287977,62,TRUE
V0.5_c1,bgs,7,stage 2,8_F34,1732646,25,TRUE
V0.5_c1,bgs,7,stage 2,10_U2191,62212,10,TRUE
V0.5_c1,bgs,7,stage 2,10_U2454,81727,3,TRUE
V0.5_c1,bgs,7,stage 1,1_F33,80953,12,TRUE
V0.5_c1,bgs,7,stage 1,2_U646,10018,4,FALSE
V0.5_c1,bgs,7,stage 1,2_F21,0,1,FALSE
V0.5_c1,bgs,7,stage 1,2_F31,72813,2,TRUE
V0.5_c1,bgs,7,stage 1,3_F25,63190,6,TRUE
V0.5_c1,bgs,7,stage 1,3_U2594,23626,3,FALSE
V0.5_c1,bgs,7,stage 1,4_F15,194892,22,TRUE
V0.5_c1,bgs,7,stage 1,4_U86,0,1,TRUE
V0.5_c1,bgs,7,stage 1,5_F13,393779,102,TRUE
V0.5_c1,bgs,7,stage 1,5_F15,59110,7,TRUE
V0.5_c1,bgs,7,stage 1,5_F9,2357,2,FALSE
V0.5_c1,bgs,7,stage 1,6_F53,795510,162,TRUE
V0.5_c1,bgs,7,stage 1,6_F55,188657,18,TRUE
V0.5_c1,bgs,7,stage 1,6_F13,287977,62,TRUE
V0.5_c1,bgs,7,stage 1,8_F34,1732646,25,TRUE
V0.5_c1,bgs,7,stage 1,10_U2191,62212,10,TRUE
V0.5_c1,bgs,7,stage 1,10_U2454,81727,3,TRUE
V0.5_c1,bgs,8,stage 2,1_U7288,15880,2,FALSE
V0.5_c1,bgs,8,stage 2,2_F20,694132,89,TRUE
V0.5_c1,bgs,8,stage 2,2_U4985,90685,5,FALSE
V0.5_c1,bgs,8,stage 2,3_F87,259423,25,TRUE
V0.5_c1,bgs,8,stage 2,4_U1487,5533,2,FALSE
V0.5_c1,bgs,8,stage 2,4_F11,249951,39,TRUE
V0.5_c1,bgs,8,stage 2,4_U1541,0,1,TRUE
V0.5_c1,bgs,8,stage 2,5_F2,96416,13,TRUE
V0.5_c1,bgs,8,stage 2,5_F48,53322,18,TRUE
V0.5_c1,bgs,8,stage 2,6_F76,536004,97,TRUE
V0.5_c1,bgs,8,stage 2,6_U1627,6961,3,FALSE
V0.5_c1,bgs,8,stage 2,6_U3743,216201,14,FALSE
V0.5_c1,bgs,8,stage 2,8_F2,318587,33,FALSE
V0.5_c1,bgs,8,stage 2,8_U251,0,1,FALSE
V0.5_c1,bgs,8,stage 2,8_U216,16276,3,FALSE
V0.5_c1,bgs,8,stage 2,8_U217,15780,2,FALSE
V0.5_c1,bgs,8,stage 2,9_F45,2393005,88,FALSE
V0.5_c1,bgs,8,stage 2,9_F11,5127313,135,TRUE
V0.5_c1,bgs,8,stage 2,9_U1707,139915,2,FALSE
V0.5_c1,bgs,8,stage 2,10_F26,3141006,57,TRUE
V0.5_c1,bgs,8,stage 1,1_U7288,15880,2,FALSE
V0.5_c1,bgs,8,stage 1,2_F20,694132,89,TRUE
V0.5_c1,bgs,8,stage 1,2_U4985,90685,5,FALSE
V0.5_c1,bgs,8,stage 1,3_F87,259423,25,TRUE
V0.5_c1,bgs,8,stage 1,3_F88,58349,12,FALSE
V0.5_c1,bgs,8,stage 1,4_U1487,5533,2,FALSE
V0.5_c1,bgs,8,stage 1,4_F11,249951,39,TRUE
V0.5_c1,bgs,8,stage 1,4_U1541,0,1,TRUE
V0.5_c1,bgs,8,stage 1,5_U526,38779,4,TRUE
V0.5_c1,bgs,8,stage 1,5_F2,96416,13,TRUE
V0.5_c1,bgs,8,stage 1,5_F48,53322,18,TRUE
V0.5_c1,bgs,8,stage 1,6_F56,220951,22,TRUE
V0.5_c1,bgs,8,stage 1,6_F76,536004,97,TRUE
V0.5_c1,bgs,8,stage 1,6_U1627,6961,3,FALSE
V0.5_c1,bgs,8,stage 1,6_U3743,216201,14,FALSE
V0.5_c1,bgs,8,stage 1,8_F2,318587,33,FALSE
V0.5_c1,bgs,8,stage 1,8_U251,0,1,FALSE
V0.5_c1,bgs,8,stage 1,8_U216,16276,3,FALSE
V0.5_c1,bgs,8,stage 1,8_U217,15780,2,FALSE
V0.5_c1,bgs,8,stage 1,9_F45,2393005,88,FALSE
V0.5_c1,bgs,8,stage 1,9_F11,5127313,135,TRUE
V0.5_c1,bgs,8,stage 1,9_U1707,139915,2,FALSE
V0.5_c1,bgs,8,stage 1,10_F26,3141006,57,TRUE
V0.5_c1,bgs,9,stage 1,1_F99,448183,63,TRUE
V0.5_c1,bgs,9,stage 1,8_F78,366110,18,TRUE
V0.5_c1,bgs,9,stage 1,9_F37,263660,18,TRUE
V0.5_c1,bgs,10,stage 2,1_U3529,44233,13,FALSE
V0.5_c1,bgs,10,stage 2,1_U3533,52231,4,FALSE
V0.5_c1,bgs,10,stage 2,1_U3534,0,1,TRUE
V0.5_c1,bgs,10,stage 2,1_U3535,4285,3,TRUE
V0.5_c1,bgs,10,stage 2,1_F60,143868,15,TRUE
V0.5_c1,bgs,10,stage 2,1_U3543,4196,2,TRUE
V0.5_c1,bgs,10,stage 2,1_U3544,71571,8,TRUE
V0.5_c1,bgs,10,stage 2,2_F2,791121,73,TRUE
V0.5_c1,bgs,10,stage 2,2_U2125,490267,3,FALSE
V0.5_c1,bgs,10,stage 2,2_U156,1977,2,FALSE
V0.5_c1,bgs,10,stage 2,2_U1334,1415,2,FALSE
V0.5_c1,bgs,10,stage 2,3_U2763,15474,3,FALSE
V0.5_c1,bgs,10,stage 2,3_F1,38025,9,TRUE
V0.5_c1,bgs,10,stage 2,3_U2219,22251,5,TRUE
V0.5_c1,bgs,10,stage 2,4_F15,591615,49,TRUE
V0.5_c1,bgs,10,stage 2,4_U2499,0,1,TRUE
V0.5_c1,bgs,10,stage 2,4_U1636,30396,14,TRUE
V0.5_c1,bgs,10,stage 2,5_U1236,33954,2,FALSE
V0.5_c1,bgs,10,stage 2,6_U419,70698,10,TRUE
V0.5_c1,bgs,10,stage 2,6_U422,85214,5,TRUE
V0.5_c1,bgs,10,stage 2,7_F25,234889,33,TRUE
V0.5_c1,bgs,10,stage 2,8_F1,308437,30,TRUE
V0.5_c1,bgs,10,stage 2,8_U7,11,2,FALSE
V0.5_c1,bgs,10,stage 2,9_U259,62993,7,TRUE
V0.5_c1,bgs,10,stage 2,9_U6729,10128,3,FALSE
V0.5_c1,bgs,10,stage 1,1_U3529,44233,13,FALSE
V0.5_c1,bgs,10,stage 1,1_U3533,52231,4,FALSE
V0.5_c1,bgs,10,stage 1,1_U3534,0,1,TRUE
V0.5_c1,bgs,10,stage 1,1_U3535,4285,3,TRUE
V0.5_c1,bgs,10,stage 1,1_F60,143868,15,TRUE
V0.5_c1,bgs,10,stage 1,1_U3543,4196,2,TRUE
V0.5_c1,bgs,10,stage 1,1_U3544,71571,8,TRUE
V0.5_c1,bgs,10,stage 1,2_F2,791121,73,TRUE
V0.5_c1,bgs,10,stage 1,2_U2125,490267,3,FALSE
V0.5_c1,bgs,10,stage 1,2_U156,1977,2,FALSE
V0.5_c1,bgs,10,stage 1,2_U1334,1415,2,FALSE
V0.5_c1,bgs,10,stage 1,3_U2763,15474,3,FALSE
V0.5_c1,bgs,10,stage 1,3_F1,38025,9,TRUE
V0.5_c1,bgs,10,stage 1,3_U2219,22251,5,TRUE
V0.5_c1,bgs,10,stage 1,4_F15,591615,49,TRUE
V0.5_c1,bgs,10,stage 1,4_U2499,0,1,TRUE
V0.5_c1,bgs,10,stage 1,4_U1636,30396,14,TRUE
V0.5_c1,bgs,10,stage 1,5_U1236,33954,2,FALSE
V0.5_c1,bgs,10,stage 1,6_U419,70698,10,TRUE
V0.5_c1,bgs,10,stage 1,6_U422,85214,5,TRUE
V0.5_c1,bgs,10,stage 1,7_F25,234889,33,TRUE
V0.5_c1,bgs,10,stage 1,8_F1,308437,30,TRUE
V0.5_c1,bgs,10,stage 1,8_U7,11,2,FALSE
V0.5_c1,bgs,10,stage 1,9_U259,62993,7,TRUE
V0.5_c1,bgs,10,stage 1,9_U6729,10128,3,FALSE
V0.5_c2,nobgs,1,stage 2,4_F163,2002992,2,TRUE
V0.5_c2,nobgs,1,stage 2,4_F113,370285,3,FALSE
V0.5_c2,nobgs,1,stage 2,5_F881,0,1,FALSE
V0.5_c2,nobgs,1,stage 2,6_F796,9384707,63,FALSE
V0.5_c2,nobgs,1,stage 2,6_F1525,12879320,68,FALSE
V0.5_c2,nobgs,1,stage 2,7_F16,1666503,39,FALSE
V0.5_c2,nobgs,1,stage 2,7_F102,473909,2,FALSE
V0.5_c2,nobgs,1,stage 2,10_F224,7813105,296,FALSE
V0.5_c2,nobgs,1,stage 2,10_F475,1599703,96,TRUE
V0.5_c2,nobgs,1,stage 1,2_F46,3867611,137,TRUE
V0.5_c2,nobgs,1,stage 1,4_F163,2002992,2,TRUE
V0.5_c2,nobgs,1,stage 1,4_F113,370285,3,FALSE
V0.5_c2,nobgs,1,stage 1,4_F915,1352926,12,FALSE
V0.5_c2,nobgs,1,stage 1,5_F881,0,1,FALSE
V0.5_c2,nobgs,1,stage 1,6_F517,14324261,322,FALSE
V0.5_c2,nobgs,1,stage 1,6_F796,9384707,63,FALSE
V0.5_c2,nobgs,1,stage 1,6_F1108,9641014,86,FALSE
V0.5_c2,nobgs,1,stage 1,6_F1525,12879320,68,FALSE
V0.5_c2,nobgs,1,stage 1,7_F498,3627962,118,FALSE
V0.5_c2,nobgs,1,stage 1,7_F16,1666503,39,FALSE
V0.5_c2,nobgs,1,stage 1,7_F102,473909,2,FALSE
V0.5_c2,nobgs,1,stage 1,7_F1280,12196676,68,FALSE
V0.5_c2,nobgs,1,stage 1,8_F1537,15950698,102,FALSE
V0.5_c2,nobgs,1,stage 1,10_F224,7813105,296,FALSE
V0.5_c2,nobgs,1,stage 1,10_F137,4536696,5,TRUE
V0.5_c2,nobgs,1,stage 1,10_F475,1599703,96,TRUE
V0.5_c2,nobgs,2,stage 2,1_F6,6839202,41,FALSE
V0.5_c2,nobgs,2,stage 2,1_F1231,3319967,41,FALSE
V0.5_c2,nobgs,2,stage 2,1_F424,6647380,221,FALSE
V0.5_c2,nobgs,2,stage 2,1_F781,25793241,179,FALSE
V0.5_c2,nobgs,2,stage 2,1_F1570,2377256,42,FALSE
V0.5_c2,nobgs,2,stage 2,1_F1594,2615409,4,FALSE
V0.5_c2,nobgs,2,stage 2,1_F2117,9812887,65,FALSE
V0.5_c2,nobgs,2,stage 2,1_F2116,0,1,FALSE
V0.5_c2,nobgs,2,stage 2,1_F2368,1071984,10,FALSE
V0.5_c2,nobgs,2,stage 2,2_F50,8474171,193,FALSE
V0.5_c2,nobgs,2,stage 2,2_F373,4843519,18,FALSE
V0.5_c2,nobgs,2,stage 2,2_F541,1955994,36,FALSE
V0.5_c2,nobgs,2,stage 2,2_F1047,7665857,197,FALSE
V0.5_c2,nobgs,2,stage 2,2_F1290,16961893,81,FALSE
V0.5_c2,nobgs,2,stage 2,2_F1853,431957,27,FALSE
V0.5_c2,nobgs,2,stage 2,2_F1819,945925,9,FALSE
V0.5_c2,nobgs,2,stage 2,2_F1492,1857387,21,FALSE
V0.5_c2,nobgs,2,stage 2,3_F827,3267207,27,FALSE
V0.5_c2,nobgs,2,stage 2,3_F978,11515690,14,FALSE
V0.5_c2,nobgs,2,stage 2,3_F1111,9581024,144,FALSE
V0.5_c2,nobgs,2,stage 2,3_F1463,8919051,26,FALSE
V0.5_c2,nobgs,2,stage 2,3_F1972,441355,7,FALSE
V0.5_c2,nobgs,2,stage 2,3_U4087,0,1,FALSE
V0.5_c2,nobgs,2,stage 2,4_F10,1001078,7,FALSE
V0.5_c2,nobgs,2,stage 2,4_F93,11475004,59,FALSE
V0.5_c2,nobgs,2,stage 2,4_F301,13739386,136,FALSE
V0.5_c2,nobgs,2,stage 2,4_F83,11226951,31,FALSE
V0.5_c2,nobgs,2,stage 2,4_F191,8780391,38,FALSE
V0.5_c2,nobgs,2,stage 2,4_F317,13372098,204,FALSE
V0.5_c2,nobgs,2,stage 2,4_F302,0,1,FALSE
V0.5_c2,nobgs,2,stage 2,4_F426,14214139,74,FALSE
V0.5_c2,nobgs,2,stage 2,4_F1055,21139896,97,FALSE
V0.5_c2,nobgs,2,stage 2,4_U143,0,1,FALSE
V0.5_c2,nobgs,2,stage 2,4_F805,1381613,6,FALSE
V0.5_c2,nobgs,2,stage 2,4_F701,38960,10,FALSE
V0.5_c2,nobgs,2,stage 2,4_F2068,11202757,29,FALSE
V0.5_c2,nobgs,2,stage 2,4_F1560,14604731,92,FALSE
V0.5_c2,nobgs,2,stage 2,4_F2080,2854742,22,FALSE
V0.5_c2,nobgs,2,stage 2,4_F1399,6469433,8,FALSE
V0.5_c2,nobgs,2,stage 2,4_U5771,57616,6,FALSE
V0.5_c2,nobgs,2,stage 2,4_F1448,11347528,11,FALSE
V0.5_c2,nobgs,2,stage 2,4_F1303,15695703,77,FALSE
V0.5_c2,nobgs,2,stage 2,4_F2192,4859264,57,FALSE
V0.5_c2,nobgs,2,stage 2,4_F1710,1455991,27,FALSE
V0.5_c2,nobgs,2,stage 2,4_F2330,1431144,6,FALSE
V0.5_c2,nobgs,2,stage 2,4_F2462,12704,2,FALSE
V0.5_c2,nobgs,2,stage 2,4_U9500,134550,23,FALSE
V0.5_c2,nobgs,2,stage 2,4_F1993,26604252,19,FALSE
V0.5_c2,nobgs,2,stage 2,4_F1979,28552914,16,FALSE
V0.5_c2,nobgs,2,stage 2,4_F2229,0,1,FALSE
V0.5_c2,nobgs,2,stage 2,4_F1413,307230,14,FALSE
V0.5_c2,nobgs,2,stage 2,4_U5745,208641,18,FALSE
V0.5_c2,nobgs,2,stage 2,5_F190,7827929,504,FALSE
V0.5_c2,nobgs,2,stage 2,5_F235,11484558,426,FALSE
V0.5_c2,nobgs,2,stage 2,5_F428,11173498,37,FALSE
V0.5_c2,nobgs,2,stage 2,5_F604,13271958,214,FALSE
V0.5_c2,nobgs,2,stage 2,5_F577,6115580,257,FALSE
V0.5_c2,nobgs,2,stage 2,5_F609,3802,3,FALSE
V0.5_c2,nobgs,2,stage 2,5_F486,0,1,FALSE
V0.5_c2,nobgs,2,stage 2,5_F576,1988966,14,FALSE
V0.5_c2,nobgs,2,stage 2,5_F1556,8512393,50,FALSE
V0.5_c2,nobgs,2,stage 2,5_F872,196294,22,FALSE
V0.5_c2,nobgs,2,stage 2,5_F1577,64790,3,FALSE
V0.5_c2,nobgs,2,stage 2,5_U3617,0,1,FALSE
V0.5_c2,nobgs,2,stage 2,5_F1364,387870,16,FALSE
V0.5_c2,nobgs,2,stage 2,5_U3639,68640,16,FALSE
V0.5_c2,nobgs,2,stage 2,5_F1366,1509694,41,FALSE
V0.5_c2,nobgs,2,stage 2,5_U3456,37738,4,FALSE
V0.5_c2,nobgs,2,stage 2,5_F1258,6286607,92,FALSE
V0.5_c2,nobgs,2,stage 2,5_F1030,2055347,121,FALSE
V0.5_c2,nobgs,2,stage 2,5_F991,245162,7,FALSE
V0.5_c2,nobgs,2,stage 2,6_F554,17228847,190,FALSE
V0.5_c2,nobgs,2,stage 2,6_F549,160436,36,FALSE
V0.5_c2,nobgs,2,stage 2,6_U268,619758,55,TRUE
V0.5_c2,nobgs,2,stage 2,6_F548,312698,18,FALSE
V0.5_c2,nobgs,2,stage 2,6_F851,5125078,86,FALSE
V0.5_c2,nobgs,2,stage 2,6_F1489,15857687,73,FALSE
V0.5_c2,nobgs,2,stage 2,6_F1829,893385,14,FALSE
V0.5_c2,nobgs,2,stage 2,7_F181,12890294,257,TRUE
V0.5_c2,nobgs,2,stage 2,7_F541,12830086,239,TRUE
V0.5_c2,nobgs,2,stage 2,7_F937,5259837,101,FALSE
V0.5_c2,nobgs,2,stage 2,7_F1274,10800831,73,FALSE
V0.5_c2,nobgs,2,stage 2,7_U5297,708649,4,FALSE
V0.5_c2,nobgs,2,stage 2,8_F960,12099693,45,FALSE
V0.5_c2,nobgs,2,stage 2,8_F122,1432763,3,TRUE
V0.5_c2,nobgs,2,stage 2,8_F470,17097760,314,FALSE
V0.5_c2,nobgs,2,stage 2,8_F58,4226619,63,FALSE
V0.5_c2,nobgs,2,stage 2,8_F1451,18158677,184,FALSE
V0.5_c2,nobgs,2,stage 2,8_F1938,12701920,27,FALSE
V0.5_c2,nobgs,2,stage 2,8_U6777,117545,3,FALSE
V0.5_c2,nobgs,2,stage 2,9_F584,6174672,38,FALSE
V0.5_c2,nobgs,2,stage 2,9_F291,11533518,38,TRUE
V0.5_c2,nobgs,2,stage 2,9_F468,3860782,67,FALSE
V0.5_c2,nobgs,2,stage 2,9_F402,8894563,76,FALSE
V0.5_c2,nobgs,2,stage 2,9_F589,6435364,95,FALSE
V0.5_c2,nobgs,2,stage 2,9_F35,3324859,35,TRUE
V0.5_c2,nobgs,2,stage 2,9_F400,898922,6,FALSE
V0.5_c2,nobgs,2,stage 2,9_F993,8876433,257,FALSE
V0.5_c2,nobgs,2,stage 2,9_F1464,2009953,48,FALSE
V0.5_c2,nobgs,2,stage 2,9_F1775,5051084,14,FALSE
V0.5_c2,nobgs,2,stage 2,10_F123,9341969,98,FALSE
V0.5_c2,nobgs,2,stage 2,10_F1002,12884863,293,FALSE
V0.5_c2,nobgs,2,stage 2,10_F1664,580810,41,FALSE
V0.5_c2,nobgs,2,stage 2,10_F1456,13057447,88,FALSE
V0.5_c2,nobgs,2,stage 1,1_F6,6839202,41,FALSE
V0.5_c2,nobgs,2,stage 1,1_F317,13827672,40,FALSE
V0.5_c2,nobgs,2,stage 1,1_F1231,3319967,41,FALSE
V0.5_c2,nobgs,2,stage 1,1_F424,6647380,221,FALSE
V0.5_c2,nobgs,2,stage 1,1_F481,0,1,FALSE
V0.5_c2,nobgs,2,stage 1,1_F781,25793241,179,FALSE
V0.5_c2,nobgs,2,stage 1,1_F1190,1318614,16,FALSE
V0.5_c2,nobgs,2,stage 1,1_U5035,408751,14,FALSE
V0.5_c2,nobgs,2,stage 1,1_F1570,2377256,42,FALSE
V0.5_c2,nobgs,2,stage 1,1_F1594,2615409,4,FALSE
V0.5_c2,nobgs,2,stage 1,1_F2117,9812887,65,FALSE
V0.5_c2,nobgs,2,stage 1,1_U5038,321194,9,FALSE
V0.5_c2,nobgs,2,stage 1,1_F2116,0,1,FALSE
V0.5_c2,nobgs,2,stage 1,1_F2368,1071984,10,FALSE
V0.5_c2,nobgs,2,stage 1,1_U5063,122712,3,FALSE
V0.5_c2,nobgs,2,stage 1,2_F656,10002919,56,FALSE
V0.5_c2,nobgs,2,stage 1,2_F50,8474171,193,FALSE
V0.5_c2,nobgs,2,stage 1,2_F373,4843519,18,FALSE
V0.5_c2,nobgs,2,stage 1,2_F80,8006505,62,FALSE
V0.5_c2,nobgs,2,stage 1,2_F973,528001,10,FALSE
V0.5_c2,nobgs,2,stage 1,2_F391,162443,22,FALSE
V0.5_c2,nobgs,2,stage 1,2_F541,1955994,36,FALSE
V0.5_c2,nobgs,2,stage 1,2_F1047,7665857,197,FALSE
V0.5_c2,nobgs,2,stage 1,2_F989,9382787,95,FALSE
V0.5_c2,nobgs,2,stage 1,2_F1290,16961893,81,FALSE
V0.5_c2,nobgs,2,stage 1,2_F1853,431957,27,FALSE
V0.5_c2,nobgs,2,stage 1,2_F1819,945925,9,FALSE
V0.5_c2,nobgs,2,stage 1,2_F1492,1857387,21,FALSE
V0.5_c2,nobgs,2,stage 1,3_F179,9012205,182,FALSE
V0.5_c2,nobgs,2,stage 1,3_F555,11600135,81,FALSE
V0.5_c2,nobgs,2,stage 1,3_F827,3267207,27,FALSE
V0.5_c2,nobgs,2,stage 1,3_F978,11515690,14,FALSE
V0.5_c2,nobgs,2,stage 1,3_U1803,17120,2,FALSE
V0.5_c2,nobgs,2,stage 1,3_U171,804498,16,FALSE
V0.5_c2,nobgs,2,stage 1,3_F1429,12142539,51,FALSE
V0.5_c2,nobgs,2,stage 1,3_F1111,9581024,144,FALSE
V0.5_c2,nobgs,2,stage 1,3_F1463,8919051,26,FALSE
V0.5_c2,nobgs,2,stage 1,3_F1972,441355,7,FALSE
V0.5_c2,nobgs,2,stage 1,3_U4087,0,1,FALSE
V0.5_c2,nobgs,2,stage 1,4_F10,1001078,7,FALSE
V0.5_c2,nobgs,2,stage 1,4_F93,11475004,59,FALSE
V0.5_c2,nobgs,2,stage 1,4_F182,10755671,86,FALSE
V0.5_c2,nobgs,2,stage 1,4_F301,13739386,136,FALSE
V0.5_c2,nobgs,2,stage 1,4_F83,11226951,31,FALSE
V0.5_c2,nobgs,2,stage 1,4_F191,8780391,38,FALSE
V0.5_c2,nobgs,2,stage 1,4_F317,13372098,204,FALSE
V0.5_c2,nobgs,2,stage 1,4_F302,0,1,FALSE
V0.5_c2,nobgs,2,stage 1,4_F426,14214139,74,FALSE
V0.5_c2,nobgs,2,stage 1,4_F11,8284207,33,FALSE
V0.5_c2,nobgs,2,stage 1,4_F459,11908679,15,FALSE
V0.5_c2,nobgs,2,stage 1,4_F18,7936521,52,TRUE
V0.5_c2,nobgs,2,stage 1,4_F1055,21139896,97,FALSE
V0.5_c2,nobgs,2,stage 1,4_F295,0,1,FALSE
V0.5_c2,nobgs,2,stage 1,4_U143,0,1,FALSE
V0.5_c2,nobgs,2,stage 1,4_F805,1381613,6,FALSE
V0.5_c2,nobgs,2,stage 1,4_F811,28651379,37,FALSE
V0.5_c2,nobgs,2,stage 1,4_F701,38960,10,FALSE
V0.5_c2,nobgs,2,stage 1,4_F2068,11202757,29,FALSE
V0.5_c2,nobgs,2,stage 1,4_F1560,14604731,92,FALSE
V0.5_c2,nobgs,2,stage 1,4_F2080,2854742,22,FALSE
V0.5_c2,nobgs,2,stage 1,4_F1399,6469433,8,FALSE
V0.5_c2,nobgs,2,stage 1,4_U5771,57616,6,FALSE
V0.5_c2,nobgs,2,stage 1,4_F1448,11347528,11,FALSE
V0.5_c2,nobgs,2,stage 1,4_F1545,2007315,48,FALSE
V0.5_c2,nobgs,2,stage 1,4_F1549,1934190,3,FALSE
V0.5_c2,nobgs,2,stage 1,4_F1297,16277094,67,FALSE
V0.5_c2,nobgs,2,stage 1,4_F1303,15695703,77,FALSE
V0.5_c2,nobgs,2,stage 1,4_F2192,4859264,57,FALSE
V0.5_c2,nobgs,2,stage 1,4_F1710,1455991,27,FALSE
V0.5_c2,nobgs,2,stage 1,4_F2207,0,1,FALSE
V0.5_c2,nobgs,2,stage 1,4_F2330,1431144,6,FALSE
V0.5_c2,nobgs,2,stage 1,4_F2462,12704,2,FALSE
V0.5_c2,nobgs,2,stage 1,4_U9500,134550,23,FALSE
V0.5_c2,nobgs,2,stage 1,4_F1966,0,1,FALSE
V0.5_c2,nobgs,2,stage 1,4_F1993,26604252,19,FALSE
V0.5_c2,nobgs,2,stage 1,4_U9822,2751,3,FALSE
V0.5_c2,nobgs,2,stage 1,4_F1979,28552914,16,FALSE
V0.5_c2,nobgs,2,stage 1,4_F2229,0,1,FALSE
V0.5_c2,nobgs,2,stage 1,4_U5738,534703,5,FALSE
V0.5_c2,nobgs,2,stage 1,4_F1413,307230,14,FALSE
V0.5_c2,nobgs,2,stage 1,4_U5745,208641,18,FALSE
V0.5_c2,nobgs,2,stage 1,4_F1398,307821,8,FALSE
V0.5_c2,nobgs,2,stage 1,5_F190,7827929,504,FALSE
V0.5_c2,nobgs,2,stage 1,5_F235,11484558,426,FALSE
V0.5_c2,nobgs,2,stage 1,5_F428,11173498,37,FALSE
V0.5_c2,nobgs,2,stage 1,5_F604,13271958,214,FALSE
V0.5_c2,nobgs,2,stage 1,5_F577,6115580,257,FALSE
V0.5_c2,nobgs,2,stage 1,5_F609,3802,3,FALSE
V0.5_c2,nobgs,2,stage 1,5_F486,0,1,FALSE
V0.5_c2,nobgs,2,stage 1,5_F822,559519,43,FALSE
V0.5_c2,nobgs,2,stage 1,5_F576,1988966,14,FALSE
V0.5_c2,nobgs,2,stage 1,5_F645,1190204,61,FALSE
V0.5_c2,nobgs,2,stage 1,5_F1223,2804541,133,FALSE
V0.5_c2,nobgs,2,stage 1,5_F1556,8512393,50,FALSE
V0.5_c2,nobgs,2,stage 1,5_F872,196294,22,FALSE
V0.5_c2,nobgs,2,stage 1,5_U3605,114214,13,FALSE
V0.5_c2,nobgs,2,stage 1,5_F1577,64790,3,FALSE
V0.5_c2,nobgs,2,stage 1,5_U3617,0,1,FALSE
V0.5_c2,nobgs,2,stage 1,5_F1364,387870,16,FALSE
V0.5_c2,nobgs,2,stage 1,5_U3639,68640,16,FALSE
V0.5_c2,nobgs,2,stage 1,5_F1366,1509694,41,FALSE
V0.5_c2,nobgs,2,stage 1,5_U3649,85129,7,FALSE
V0.5_c2,nobgs,2,stage 1,5_F1369,0,1,FALSE
V0.5_c2,nobgs,2,stage 1,5_U2966,557630,18,FALSE
V0.5_c2,nobgs,2,stage 1,5_U6368,47386,2,FALSE
V0.5_c2,nobgs,2,stage 1,5_U3456,37738,4,FALSE
V0.5_c2,nobgs,2,stage 1,5_F1258,6286607,92,FALSE
V0.5_c2,nobgs,2,stage 1,5_F1030,2055347,121,FALSE
V0.5_c2,nobgs,2,stage 1,5_F991,245162,7,FALSE
V0.5_c2,nobgs,2,stage 1,6_F383,1278543,51,TRUE
V0.5_c2,nobgs,2,stage 1,6_F425,452761,4,TRUE
V0.5_c2,nobgs,2,stage 1,6_F554,17228847,190,FALSE
V0.5_c2,nobgs,2,stage 1,6_F549,160436,36,FALSE
V0.5_c2,nobgs,2,stage 1,6_U268,619758,55,TRUE
V0.5_c2,nobgs,2,stage 1,6_F548,312698,18,FALSE
V0.5_c2,nobgs,2,stage 1,6_F851,5125078,86,FALSE
V0.5_c2,nobgs,2,stage 1,6_F623,0,1,FALSE
V0.5_c2,nobgs,2,stage 1,6_F1489,15857687,73,FALSE
V0.5_c2,nobgs,2,stage 1,6_F1502,16300099,212,FALSE
V0.5_c2,nobgs,2,stage 1,6_F1315,11556197,76,FALSE
V0.5_c2,nobgs,2,stage 1,6_F1828,14151945,26,FALSE
V0.5_c2,nobgs,2,stage 1,6_F1829,893385,14,FALSE
V0.5_c2,nobgs,2,stage 1,7_F181,12890294,257,TRUE
V0.5_c2,nobgs,2,stage 1,7_F541,12830086,239,TRUE
V0.5_c2,nobgs,2,stage 1,7_F161,0,1,FALSE
V0.5_c2,nobgs,2,stage 1,7_F1049,552633,86,FALSE
V0.5_c2,nobgs,2,stage 1,7_F991,1023331,74,FALSE
V0.5_c2,nobgs,2,stage 1,7_F937,5259837,101,FALSE
V0.5_c2,nobgs,2,stage 1,7_F1274,10800831,73,FALSE
V0.5_c2,nobgs,2,stage 1,7_U5297,708649,4,FALSE
V0.5_c2,nobgs,2,stage 1,7_F1014,1956433,58,FALSE
V0.5_c2,nobgs,2,stage 1,7_F1050,145124,9,FALSE
V0.5_c2,nobgs,2,stage 1,8_F960,12099693,45,FALSE
V0.5_c2,nobgs,2,stage 1,8_F122,1432763,3,TRUE
V0.5_c2,nobgs,2,stage 1,8_F470,17097760,314,FALSE
V0.5_c2,nobgs,2,stage 1,8_F378,195835,23,FALSE
V0.5_c2,nobgs,2,stage 1,8_U2100,493,2,FALSE
V0.5_c2,nobgs,2,stage 1,8_F58,4226619,63,FALSE
V0.5_c2,nobgs,2,stage 1,8_F1087,11893823,70,FALSE
V0.5_c2,nobgs,2,stage 1,8_F1451,18158677,184,FALSE
V0.5_c2,nobgs,2,stage 1,8_F1938,12701920,27,FALSE
V0.5_c2,nobgs,2,stage 1,8_U6777,117545,3,FALSE
V0.5_c2,nobgs,2,stage 1,8_F1541,15792993,6,FALSE
V0.5_c2,nobgs,2,stage 1,9_F584,6174672,38,FALSE
V0.5_c2,nobgs,2,stage 1,9_F41,3407242,66,TRUE
V0.5_c2,nobgs,2,stage 1,9_F291,11533518,38,TRUE
V0.5_c2,nobgs,2,stage 1,9_F468,3860782,67,FALSE
V0.5_c2,nobgs,2,stage 1,9_F402,8894563,76,FALSE
V0.5_c2,nobgs,2,stage 1,9_F589,6435364,95,FALSE
V0.5_c2,nobgs,2,stage 1,9_F35,3324859,35,TRUE
V0.5_c2,nobgs,2,stage 1,9_F400,898922,6,FALSE
V0.5_c2,nobgs,2,stage 1,9_F993,8876433,257,FALSE
V0.5_c2,nobgs,2,stage 1,9_F1452,5653474,51,FALSE
V0.5_c2,nobgs,2,stage 1,9_F1464,2009953,48,FALSE
V0.5_c2,nobgs,2,stage 1,9_F1775,5051084,14,FALSE
V0.5_c2,nobgs,2,stage 1,9_F1438,5553,2,FALSE
V0.5_c2,nobgs,2,stage 1,9_F1794,1912869,45,FALSE
V0.5_c2,nobgs,2,stage 1,10_F123,9341969,98,FALSE
V0.5_c2,nobgs,2,stage 1,10_F49,0,1,FALSE
V0.5_c2,nobgs,2,stage 1,10_F1002,12884863,293,FALSE
V0.5_c2,nobgs,2,stage 1,10_F1664,580810,41,FALSE
V0.5_c2,nobgs,2,stage 1,10_F1456,13057447,88,FALSE
V0.5_c2,nobgs,3,stage 2,1_F93,11606951,210,TRUE
V0.5_c2,nobgs,3,stage 2,1_F14,592758,22,TRUE
V0.5_c2,nobgs,3,stage 2,1_F556,25216140,240,FALSE
V0.5_c2,nobgs,3,stage 2,1_F1048,12476585,55,FALSE
V0.5_c2,nobgs,3,stage 2,1_F1001,8393208,47,FALSE
V0.5_c2,nobgs,3,stage 2,1_F1412,2433787,64,FALSE
V0.5_c2,nobgs,3,stage 2,1_F1723,14659011,66,FALSE
V0.5_c2,nobgs,3,stage 2,1_F1638,603393,5,FALSE
V0.5_c2,nobgs,3,stage 2,2_F228,15406721,232,TRUE
V0.5_c2,nobgs,3,stage 2,2_F34,9110536,76,FALSE
V0.5_c2,nobgs,3,stage 2,2_F876,604032,4,FALSE
V0.5_c2,nobgs,3,stage 2,2_F64,9048198,134,FALSE
V0.5_c2,nobgs,3,stage 2,2_F1394,20147314,48,FALSE
V0.5_c2,nobgs,3,stage 2,2_F1626,21349573,87,FALSE
V0.5_c2,nobgs,3,stage 2,2_F1376,2123248,21,FALSE
V0.5_c2,nobgs,3,stage 2,3_F497,11832059,70,FALSE
V0.5_c2,nobgs,3,stage 2,3_F167,8026294,355,FALSE
V0.5_c2,nobgs,3,stage 2,3_F1463,10858717,229,FALSE
V0.5_c2,nobgs,3,stage 2,3_F1473,1179077,13,FALSE
V0.5_c2,nobgs,3,stage 2,4_F175,2033057,39,FALSE
V0.5_c2,nobgs,3,stage 2,4_F437,17163711,34,FALSE
V0.5_c2,nobgs,3,stage 2,4_F743,24076726,399,TRUE
V0.5_c2,nobgs,3,stage 2,4_F990,15907767,83,FALSE
V0.5_c2,nobgs,3,stage 2,4_F619,1734733,52,FALSE
V0.5_c2,nobgs,3,stage 2,4_F1253,3219036,9,TRUE
V0.5_c2,nobgs,3,stage 2,4_F924,24991406,48,FALSE
V0.5_c2,nobgs,3,stage 2,4_F1281,24562897,48,FALSE
V0.5_c2,nobgs,3,stage 2,4_F1182,2178863,13,FALSE
V0.5_c2,nobgs,3,stage 2,4_F1322,1283444,19,FALSE
V0.5_c2,nobgs,3,stage 2,4_F2015,14998231,36,FALSE
V0.5_c2,nobgs,3,stage 2,4_F1460,11657656,22,FALSE
V0.5_c2,nobgs,3,stage 2,4_F1678,6836432,23,FALSE
V0.5_c2,nobgs,3,stage 2,4_F1384,2906246,17,FALSE
V0.5_c2,nobgs,3,stage 2,5_F302,13435207,248,FALSE
V0.5_c2,nobgs,3,stage 2,5_F194,12229878,196,TRUE
V0.5_c2,nobgs,3,stage 2,5_F92,11607800,57,FALSE
V0.5_c2,nobgs,3,stage 2,5_F885,11641286,275,FALSE
V0.5_c2,nobgs,3,stage 2,5_F781,2519918,57,FALSE
V0.5_c2,nobgs,3,stage 2,6_F180,5595020,72,FALSE
V0.5_c2,nobgs,3,stage 2,6_F815,1071505,78,FALSE
V0.5_c2,nobgs,3,stage 2,6_F534,0,1,FALSE
V0.5_c2,nobgs,3,stage 2,6_F928,9459040,96,FALSE
V0.5_c2,nobgs,3,stage 2,6_F1141,12227477,104,FALSE
V0.5_c2,nobgs,3,stage 2,6_F1247,13583738,69,FALSE
V0.5_c2,nobgs,3,stage 2,7_F404,11262638,161,TRUE
V0.5_c2,nobgs,3,stage 2,8_F72,12058860,299,FALSE
V0.5_c2,nobgs,3,stage 2,8_F103,12432029,73,FALSE
V0.5_c2,nobgs,3,stage 2,8_F537,19060836,187,TRUE
V0.5_c2,nobgs,3,stage 2,8_F280,339128,14,FALSE
V0.5_c2,nobgs,3,stage 2,8_F990,811200,13,FALSE
V0.5_c2,nobgs,3,stage 2,8_F420,15730959,44,TRUE
V0.5_c2,nobgs,3,stage 2,8_F15,233,2,FALSE
V0.5_c2,nobgs,3,stage 2,8_F1127,6043397,123,FALSE
V0.5_c2,nobgs,3,stage 2,8_F1423,5655821,109,FALSE
V0.5_c2,nobgs,3,stage 2,8_F1910,4486537,77,FALSE
V0.5_c2,nobgs,3,stage 2,9_F420,19242713,179,FALSE
V0.5_c2,nobgs,3,stage 2,9_F459,15547723,355,FALSE
V0.5_c2,nobgs,3,stage 2,9_F858,1254048,67,TRUE
V0.5_c2,nobgs,3,stage 2,9_F987,4820605,92,FALSE
V0.5_c2,nobgs,3,stage 2,9_F1762,173248,2,FALSE
V0.5_c2,nobgs,3,stage 2,9_F1639,2461374,15,FALSE
V0.5_c2,nobgs,3,stage 2,9_F1542,1288893,71,FALSE
V0.5_c2,nobgs,3,stage 1,1_F93,11606951,210,TRUE
V0.5_c2,nobgs,3,stage 1,1_F14,592758,22,TRUE
V0.5_c2,nobgs,3,stage 1,1_F556,25216140,240,FALSE
V0.5_c2,nobgs,3,stage 1,1_F534,25183159,119,FALSE
V0.5_c2,nobgs,3,stage 1,1_F1048,12476585,55,FALSE
V0.5_c2,nobgs,3,stage 1,1_F1001,8393208,47,FALSE
V0.5_c2,nobgs,3,stage 1,1_F1412,2433787,64,FALSE
V0.5_c2,nobgs,3,stage 1,1_F1723,14659011,66,FALSE
V0.5_c2,nobgs,3,stage 1,1_F2190,4215703,18,FALSE
V0.5_c2,nobgs,3,stage 1,1_F1891,1593600,14,FALSE
V0.5_c2,nobgs,3,stage 1,1_F1638,603393,5,FALSE
V0.5_c2,nobgs,3,stage 1,2_F228,15406721,232,TRUE
V0.5_c2,nobgs,3,stage 1,2_F34,9110536,76,FALSE
V0.5_c2,nobgs,3,stage 1,2_F876,604032,4,FALSE
V0.5_c2,nobgs,3,stage 1,2_F64,9048198,134,FALSE
V0.5_c2,nobgs,3,stage 1,2_F1394,20147314,48,FALSE
V0.5_c2,nobgs,3,stage 1,2_F1626,21349573,87,FALSE
V0.5_c2,nobgs,3,stage 1,2_F1376,2123248,21,FALSE
V0.5_c2,nobgs,3,stage 1,3_F497,11832059,70,FALSE
V0.5_c2,nobgs,3,stage 1,3_F167,8026294,355,FALSE
V0.5_c2,nobgs,3,stage 1,3_F910,1227793,44,FALSE
V0.5_c2,nobgs,3,stage 1,3_F1463,10858717,229,FALSE
V0.5_c2,nobgs,3,stage 1,3_F1473,1179077,13,FALSE
V0.5_c2,nobgs,3,stage 1,3_F1604,4370855,71,FALSE
V0.5_c2,nobgs,3,stage 1,4_F175,2033057,39,FALSE
V0.5_c2,nobgs,3,stage 1,4_F437,17163711,34,FALSE
V0.5_c2,nobgs,3,stage 1,4_F743,24076726,399,TRUE
V0.5_c2,nobgs,3,stage 1,4_F990,15907767,83,FALSE
V0.5_c2,nobgs,3,stage 1,4_F619,1734733,52,FALSE
V0.5_c2,nobgs,3,stage 1,4_F1253,3219036,9,TRUE
V0.5_c2,nobgs,3,stage 1,4_F924,24991406,48,FALSE
V0.5_c2,nobgs,3,stage 1,4_F1281,24562897,48,FALSE
V0.5_c2,nobgs,3,stage 1,4_F1182,2178863,13,FALSE
V0.5_c2,nobgs,3,stage 1,4_F1322,1283444,19,FALSE
V0.5_c2,nobgs,3,stage 1,4_F2015,14998231,36,FALSE
V0.5_c2,nobgs,3,stage 1,4_F1460,11657656,22,FALSE
V0.5_c2,nobgs,3,stage 1,4_F1678,6836432,23,FALSE
V0.5_c2,nobgs,3,stage 1,4_F1657,16006438,107,FALSE
V0.5_c2,nobgs,3,stage 1,4_F1384,2906246,17,FALSE
V0.5_c2,nobgs,3,stage 1,5_F302,13435207,248,FALSE
V0.5_c2,nobgs,3,stage 1,5_F194,12229878,196,TRUE
V0.5_c2,nobgs,3,stage 1,5_F92,11607800,57,FALSE
V0.5_c2,nobgs,3,stage 1,5_F885,11641286,275,FALSE
V0.5_c2,nobgs,3,stage 1,5_F781,2519918,57,FALSE
V0.5_c2,nobgs,3,stage 1,5_F1164,3111927,55,FALSE
V0.5_c2,nobgs,3,stage 1,6_F657,9289915,339,TRUE
V0.5_c2,nobgs,3,stage 1,6_F180,5595020,72,FALSE
V0.5_c2,nobgs,3,stage 1,6_F199,5589970,266,FALSE
V0.5_c2,nobgs,3,stage 1,6_F831,5636664,40,FALSE
V0.5_c2,nobgs,3,stage 1,6_F815,1071505,78,FALSE
V0.5_c2,nobgs,3,stage 1,6_F534,0,1,FALSE
V0.5_c2,nobgs,3,stage 1,6_F928,9459040,96,FALSE
V0.5_c2,nobgs,3,stage 1,6_F1141,12227477,104,FALSE
V0.5_c2,nobgs,3,stage 1,6_F1247,13583738,69,FALSE
V0.5_c2,nobgs,3,stage 1,7_F327,13856054,412,FALSE
V0.5_c2,nobgs,3,stage 1,7_F404,11262638,161,TRUE
V0.5_c2,nobgs,3,stage 1,7_F1013,12121521,86,FALSE
V0.5_c2,nobgs,3,stage 1,7_F1414,6116805,147,FALSE
V0.5_c2,nobgs,3,stage 1,7_F1238,825471,20,FALSE
V0.5_c2,nobgs,3,stage 1,8_F72,12058860,299,FALSE
V0.5_c2,nobgs,3,stage 1,8_F103,12432029,73,FALSE
V0.5_c2,nobgs,3,stage 1,8_F537,19060836,187,TRUE
V0.5_c2,nobgs,3,stage 1,8_F280,339128,14,FALSE
V0.5_c2,nobgs,3,stage 1,8_F990,811200,13,FALSE
V0.5_c2,nobgs,3,stage 1,8_F420,15730959,44,TRUE
V0.5_c2,nobgs,3,stage 1,8_F15,233,2,FALSE
V0.5_c2,nobgs,3,stage 1,8_F1055,5592419,130,FALSE
V0.5_c2,nobgs,3,stage 1,8_F1127,6043397,123,FALSE
V0.5_c2,nobgs,3,stage 1,8_F1423,5655821,109,FALSE
V0.5_c2,nobgs,3,stage 1,8_F1910,4486537,77,FALSE
V0.5_c2,nobgs,3,stage 1,8_F1540,3632857,63,FALSE
V0.5_c2,nobgs,3,stage 1,9_F420,19242713,179,FALSE
V0.5_c2,nobgs,3,stage 1,9_F459,15547723,355,FALSE
V0.5_c2,nobgs,3,stage 1,9_F912,240417,8,FALSE
V0.5_c2,nobgs,3,stage 1,9_F858,1254048,67,TRUE
V0.5_c2,nobgs,3,stage 1,9_F1336,13956448,63,FALSE
V0.5_c2,nobgs,3,stage 1,9_F987,4820605,92,FALSE
V0.5_c2,nobgs,3,stage 1,9_F1762,173248,2,FALSE
V0.5_c2,nobgs,3,stage 1,9_F1639,2461374,15,FALSE
V0.5_c2,nobgs,3,stage 1,9_F1542,1288893,71,FALSE
V0.5_c2,nobgs,3,stage 1,10_F161,9684590,224,FALSE
V0.5_c2,nobgs,3,stage 1,10_F225,11660274,544,TRUE
V0.5_c2,nobgs,3,stage 1,10_F1156,7840959,132,FALSE
V0.5_c2,nobgs,4,stage 2,1_F319,0,1,FALSE
V0.5_c2,nobgs,4,stage 2,1_F1292,1372322,32,FALSE
V0.5_c2,nobgs,4,stage 2,1_F1560,0,1,FALSE
V0.5_c2,nobgs,4,stage 2,4_F1251,1205363,18,FALSE
V0.5_c2,nobgs,4,stage 2,4_F14,1355078,15,TRUE
V0.5_c2,nobgs,4,stage 2,4_F659,0,1,FALSE
V0.5_c2,nobgs,4,stage 2,4_F1408,13035413,94,FALSE
V0.5_c2,nobgs,4,stage 2,4_F1659,17502187,62,FALSE
V0.5_c2,nobgs,4,stage 2,8_F361,1058481,20,FALSE
V0.5_c2,nobgs,4,stage 2,8_F17,0,1,TRUE
V0.5_c2,nobgs,4,stage 2,8_F2129,11972435,14,FALSE
V0.5_c2,nobgs,4,stage 1,1_F193,1241539,85,FALSE
V0.5_c2,nobgs,4,stage 1,1_F520,23941684,26,FALSE
V0.5_c2,nobgs,4,stage 1,1_F760,7022010,40,TRUE
V0.5_c2,nobgs,4,stage 1,1_F319,0,1,FALSE
V0.5_c2,nobgs,4,stage 1,1_U3678,0,1,FALSE
V0.5_c2,nobgs,4,stage 1,1_F677,24655719,14,FALSE
V0.5_c2,nobgs,4,stage 1,1_F1146,948528,34,FALSE
V0.5_c2,nobgs,4,stage 1,1_F1941,8195846,198,FALSE
V0.5_c2,nobgs,4,stage 1,1_F1292,1372322,32,FALSE
V0.5_c2,nobgs,4,stage 1,1_F2141,5266714,63,FALSE
V0.5_c2,nobgs,4,stage 1,1_F1568,10323634,136,FALSE
V0.5_c2,nobgs,4,stage 1,1_F1560,0,1,FALSE
V0.5_c2,nobgs,4,stage 1,2_F377,16332607,457,FALSE
V0.5_c2,nobgs,4,stage 1,2_F53,9991654,275,FALSE
V0.5_c2,nobgs,4,stage 1,2_F770,4321704,173,TRUE
V0.5_c2,nobgs,4,stage 1,2_F638,2106155,12,FALSE
V0.5_c2,nobgs,4,stage 1,3_F505,3530693,46,FALSE
V0.5_c2,nobgs,4,stage 1,3_F133,9381684,84,TRUE
V0.5_c2,nobgs,4,stage 1,3_F683,10425163,68,TRUE
V0.5_c2,nobgs,4,stage 1,3_U248,330345,2,FALSE
V0.5_c2,nobgs,4,stage 1,3_F1233,6562535,120,FALSE
V0.5_c2,nobgs,4,stage 1,3_F1704,14962,3,FALSE
V0.5_c2,nobgs,4,stage 1,4_F438,12598732,120,FALSE
V0.5_c2,nobgs,4,stage 1,4_F444,14195539,137,TRUE
V0.5_c2,nobgs,4,stage 1,4_F307,17640606,109,FALSE
V0.5_c2,nobgs,4,stage 1,4_F709,20807191,256,FALSE
V0.5_c2,nobgs,4,stage 1,4_F974,8019086,79,FALSE
V0.5_c2,nobgs,4,stage 1,4_F1251,1205363,18,FALSE
V0.5_c2,nobgs,4,stage 1,4_F14,1355078,15,TRUE
V0.5_c2,nobgs,4,stage 1,4_F659,0,1,FALSE
V0.5_c2,nobgs,4,stage 1,4_F1372,12200815,58,FALSE
V0.5_c2,nobgs,4,stage 1,4_F1408,13035413,94,FALSE
V0.5_c2,nobgs,4,stage 1,4_F1659,17502187,62,FALSE
V0.5_c2,nobgs,4,stage 1,4_F1637,17255963,49,FALSE
V0.5_c2,nobgs,4,stage 1,5_F700,10539107,50,FALSE
V0.5_c2,nobgs,4,stage 1,5_F1356,9238756,258,FALSE
V0.5_c2,nobgs,4,stage 1,6_F484,2428396,38,FALSE
V0.5_c2,nobgs,4,stage 1,6_F1273,2258771,126,FALSE
V0.5_c2,nobgs,4,stage 1,6_F1572,2293093,105,FALSE
V0.5_c2,nobgs,4,stage 1,6_F1628,6118693,95,FALSE
V0.5_c2,nobgs,4,stage 1,7_F16,5716957,463,TRUE
V0.5_c2,nobgs,4,stage 1,7_F333,16824620,775,TRUE
V0.5_c2,nobgs,4,stage 1,7_F1271,1903914,42,FALSE
V0.5_c2,nobgs,4,stage 1,8_F361,1058481,20,FALSE
V0.5_c2,nobgs,4,stage 1,8_F119,11721512,153,FALSE
V0.5_c2,nobgs,4,stage 1,8_F580,19012486,169,FALSE
V0.5_c2,nobgs,4,stage 1,8_F64,9201412,114,FALSE
V0.5_c2,nobgs,4,stage 1,8_F654,17714277,163,FALSE
V0.5_c2,nobgs,4,stage 1,8_U803,14013,3,FALSE
V0.5_c2,nobgs,4,stage 1,8_U974,0,1,FALSE
V0.5_c2,nobgs,4,stage 1,8_F17,0,1,TRUE
V0.5_c2,nobgs,4,stage 1,8_U762,0,1,FALSE
V0.5_c2,nobgs,4,stage 1,8_F2129,11972435,14,FALSE
V0.5_c2,nobgs,4,stage 1,8_F1767,19018848,270,FALSE
V0.5_c2,nobgs,4,stage 1,8_F1757,18802085,156,FALSE
V0.5_c2,nobgs,4,stage 1,8_F1199,5470564,85,FALSE
V0.5_c2,nobgs,4,stage 1,9_F752,6838544,109,FALSE
V0.5_c2,nobgs,4,stage 1,9_F131,14468396,357,TRUE
V0.5_c2,nobgs,4,stage 1,9_F727,204835,2,FALSE
V0.5_c2,nobgs,4,stage 1,9_F1736,2832254,46,FALSE
V0.5_c2,nobgs,4,stage 1,10_F93,11365566,255,FALSE
V0.5_c2,nobgs,6,stage 2,1_F78,13571992,132,TRUE
V0.5_c2,nobgs,6,stage 2,1_F521,15159798,158,FALSE
V0.5_c2,nobgs,6,stage 2,1_F333,14665779,60,FALSE
V0.5_c2,nobgs,6,stage 2,1_U365,344513,16,FALSE
V0.5_c2,nobgs,6,stage 2,1_F360,32727,5,FALSE
V0.5_c2,nobgs,6,stage 2,1_F1073,7849516,71,FALSE
V0.5_c2,nobgs,6,stage 2,1_F585,454530,8,FALSE
V0.5_c2,nobgs,6,stage 2,1_F1240,544443,6,FALSE
V0.5_c2,nobgs,6,stage 2,1_F2133,17498902,29,FALSE
V0.5_c2,nobgs,6,stage 2,1_F2273,18161,4,FALSE
V0.5_c2,nobgs,6,stage 2,1_F1364,7691109,48,FALSE
V0.5_c2,nobgs,6,stage 2,1_F2476,185662,20,FALSE
V0.5_c2,nobgs,6,stage 2,1_F1530,17880115,30,FALSE
V0.5_c2,nobgs,6,stage 2,1_F1851,8216192,49,FALSE
V0.5_c2,nobgs,6,stage 2,1_F2378,1411850,12,FALSE
V0.5_c2,nobgs,6,stage 2,1_U5486,124395,5,FALSE
V0.5_c2,nobgs,6,stage 2,2_F342,13044652,73,TRUE
V0.5_c2,nobgs,6,stage 2,2_F341,0,1,FALSE
V0.5_c2,nobgs,6,stage 2,2_F994,1174927,13,FALSE
V0.5_c2,nobgs,6,stage 2,2_F623,5431670,99,FALSE
V0.5_c2,nobgs,6,stage 2,2_U417,88079,9,FALSE
V0.5_c2,nobgs,6,stage 2,2_U575,0,1,FALSE
V0.5_c2,nobgs,6,stage 2,2_F148,5258997,164,FALSE
V0.5_c2,nobgs,6,stage 2,2_F752,4245311,103,FALSE
V0.5_c2,nobgs,6,stage 2,2_U3605,8419,3,FALSE
V0.5_c2,nobgs,6,stage 2,2_F1295,36830,3,FALSE
V0.5_c2,nobgs,6,stage 2,2_F1848,19738638,50,FALSE
V0.5_c2,nobgs,6,stage 2,3_F382,2279372,151,FALSE
V0.5_c2,nobgs,6,stage 2,3_F646,3328103,91,FALSE
V0.5_c2,nobgs,6,stage 2,3_F102,8800368,209,FALSE
V0.5_c2,nobgs,6,stage 2,3_F788,11754591,138,FALSE
V0.5_c2,nobgs,6,stage 2,3_F1028,6269054,204,FALSE
V0.5_c2,nobgs,6,stage 2,4_F796,902262,5,FALSE
V0.5_c2,nobgs,6,stage 2,4_F1,1553696,6,FALSE
V0.5_c2,nobgs,6,stage 2,4_F1030,10696467,24,FALSE
V0.5_c2,nobgs,6,stage 2,4_F1353,84732,4,FALSE
V0.5_c2,nobgs,6,stage 2,4_F1244,77690,7,FALSE
V0.5_c2,nobgs,6,stage 2,4_F2568,2039913,27,FALSE
V0.5_c2,nobgs,6,stage 2,4_F2119,15647648,49,FALSE
V0.5_c2,nobgs,6,stage 2,4_F2289,9449943,64,FALSE
V0.5_c2,nobgs,6,stage 2,4_F1588,18601450,135,FALSE
V0.5_c2,nobgs,6,stage 2,4_U5605,355269,4,FALSE
V0.5_c2,nobgs,6,stage 2,4_F1741,26134329,376,FALSE
V0.5_c2,nobgs,6,stage 2,4_U5614,222195,4,FALSE
V0.5_c2,nobgs,6,stage 2,4_F2175,0,1,FALSE
V0.5_c2,nobgs,6,stage 2,4_F2436,1303307,16,FALSE
V0.5_c2,nobgs,6,stage 2,5_F59,11425673,52,FALSE
V0.5_c2,nobgs,6,stage 2,5_F723,11592885,97,FALSE
V0.5_c2,nobgs,6,stage 2,5_F744,221652,21,FALSE
V0.5_c2,nobgs,6,stage 2,5_F1047,12903759,151,FALSE
V0.5_c2,nobgs,6,stage 2,5_U5034,68375,7,FALSE
V0.5_c2,nobgs,6,stage 2,5_U5036,21986,4,FALSE
V0.5_c2,nobgs,6,stage 2,5_U3365,0,1,FALSE
V0.5_c2,nobgs,6,stage 2,6_F469,45712,8,FALSE
V0.5_c2,nobgs,6,stage 2,6_F784,2909907,192,FALSE
V0.5_c2,nobgs,6,stage 2,6_F91,3150730,20,FALSE
V0.5_c2,nobgs,6,stage 2,6_U2130,1048754,12,FALSE
V0.5_c2,nobgs,6,stage 2,6_U1006,18528,5,FALSE
V0.5_c2,nobgs,6,stage 2,6_U267,0,1,FALSE
V0.5_c2,nobgs,6,stage 2,6_U2058,177072,3,FALSE
V0.5_c2,nobgs,6,stage 2,6_F1245,8274152,29,FALSE
V0.5_c2,nobgs,6,stage 2,6_F1435,6471604,62,FALSE
V0.5_c2,nobgs,6,stage 2,6_F1669,14071073,301,FALSE
V0.5_c2,nobgs,6,stage 2,6_F1977,453496,19,FALSE
V0.5_c2,nobgs,6,stage 2,6_F1076,4563613,85,FALSE
V0.5_c2,nobgs,6,stage 2,6_F1919,4710514,23,FALSE
V0.5_c2,nobgs,6,stage 2,6_F1974,1069085,26,FALSE
V0.5_c2,nobgs,6,stage 2,6_F1895,35484,7,FALSE
V0.5_c2,nobgs,6,stage 2,7_U151,681785,17,FALSE
V0.5_c2,nobgs,6,stage 2,7_F99,9004196,434,TRUE
V0.5_c2,nobgs,6,stage 2,7_F468,11171420,338,FALSE
V0.5_c2,nobgs,6,stage 2,7_F8,6418384,122,TRUE
V0.5_c2,nobgs,6,stage 2,7_F645,14117418,314,FALSE
V0.5_c2,nobgs,6,stage 2,7_F656,29159,5,FALSE
V0.5_c2,nobgs,6,stage 2,7_U114,182664,7,FALSE
V0.5_c2,nobgs,6,stage 2,7_U138,337699,11,FALSE
V0.5_c2,nobgs,6,stage 2,7_F1299,6029387,27,FALSE
V0.5_c2,nobgs,6,stage 2,7_F1095,7352190,269,FALSE
V0.5_c2,nobgs,6,stage 2,7_F1073,0,1,FALSE
V0.5_c2,nobgs,6,stage 2,7_F1494,8187899,96,FALSE
V0.5_c2,nobgs,6,stage 2,7_F1414,2021929,14,FALSE
V0.5_c2,nobgs,6,stage 2,7_U6165,0,1,FALSE
V0.5_c2,nobgs,6,stage 2,7_F1408,21449,3,FALSE
V0.5_c2,nobgs,6,stage 2,7_U3681,0,1,FALSE
V0.5_c2,nobgs,6,stage 2,7_F1338,294458,11,FALSE
V0.5_c2,nobgs,6,stage 2,7_F1365,3157,2,FALSE
V0.5_c2,nobgs,6,stage 2,8_F193,363391,2,FALSE
V0.5_c2,nobgs,6,stage 2,8_F191,64816,6,FALSE
V0.5_c2,nobgs,6,stage 2,8_F529,15835636,42,FALSE
V0.5_c2,nobgs,6,stage 2,8_F480,17629841,236,TRUE
V0.5_c2,nobgs,6,stage 2,8_F1020,11949120,108,FALSE
V0.5_c2,nobgs,6,stage 2,8_F1112,8215905,74,FALSE
V0.5_c2,nobgs,6,stage 2,8_F1917,596193,8,FALSE
V0.5_c2,nobgs,6,stage 2,8_F1531,18472470,166,FALSE
V0.5_c2,nobgs,6,stage 2,8_U7617,7243,2,FALSE
V0.5_c2,nobgs,6,stage 2,9_F408,3092690,135,TRUE
V0.5_c2,nobgs,6,stage 2,9_F64,118928,11,FALSE
V0.5_c2,nobgs,6,stage 2,9_F133,17151109,38,FALSE
V0.5_c2,nobgs,6,stage 2,9_F313,19613794,35,FALSE
V0.5_c2,nobgs,6,stage 2,9_F807,45866,18,FALSE
V0.5_c2,nobgs,6,stage 2,9_F929,410473,27,FALSE
V0.5_c2,nobgs,6,stage 2,9_F299,28147,3,FALSE
V0.5_c2,nobgs,6,stage 2,9_F1356,17199637,81,FALSE
V0.5_c2,nobgs,6,stage 2,9_F1782,1159530,35,FALSE
V0.5_c2,nobgs,6,stage 2,10_F191,7512626,221,TRUE
V0.5_c2,nobgs,6,stage 2,10_F702,14273205,311,TRUE
V0.5_c2,nobgs,6,stage 2,10_F913,767386,45,FALSE
V0.5_c2,nobgs,6,stage 2,10_F1728,986537,30,FALSE
V0.5_c2,nobgs,6,stage 2,10_F1109,5550969,47,FALSE
V0.5_c2,nobgs,6,stage 1,1_F78,13571992,132,TRUE
V0.5_c2,nobgs,6,stage 1,1_F521,15159798,158,FALSE
V0.5_c2,nobgs,6,stage 1,1_F333,14665779,60,FALSE
V0.5_c2,nobgs,6,stage 1,1_U365,344513,16,FALSE
V0.5_c2,nobgs,6,stage 1,1_F360,32727,5,FALSE
V0.5_c2,nobgs,6,stage 1,1_F1073,7849516,71,FALSE
V0.5_c2,nobgs,6,stage 1,1_F585,454530,8,FALSE
V0.5_c2,nobgs,6,stage 1,1_F1240,544443,6,FALSE
V0.5_c2,nobgs,6,stage 1,1_F2133,17498902,29,FALSE
V0.5_c2,nobgs,6,stage 1,1_F2273,18161,4,FALSE
V0.5_c2,nobgs,6,stage 1,1_F1364,7691109,48,FALSE
V0.5_c2,nobgs,6,stage 1,1_F2476,185662,20,FALSE
V0.5_c2,nobgs,6,stage 1,1_F1530,17880115,30,FALSE
V0.5_c2,nobgs,6,stage 1,1_F1851,8216192,49,FALSE
V0.5_c2,nobgs,6,stage 1,1_F2378,1411850,12,FALSE
V0.5_c2,nobgs,6,stage 1,1_U5486,124395,5,FALSE
V0.5_c2,nobgs,6,stage 1,2_F342,13044652,73,TRUE
V0.5_c2,nobgs,6,stage 1,2_F341,0,1,FALSE
V0.5_c2,nobgs,6,stage 1,2_F994,1174927,13,FALSE
V0.5_c2,nobgs,6,stage 1,2_F623,5431670,99,FALSE
V0.5_c2,nobgs,6,stage 1,2_U417,88079,9,FALSE
V0.5_c2,nobgs,6,stage 1,2_U575,0,1,FALSE
V0.5_c2,nobgs,6,stage 1,2_F148,5258997,164,FALSE
V0.5_c2,nobgs,6,stage 1,2_F752,4245311,103,FALSE
V0.5_c2,nobgs,6,stage 1,2_U3605,8419,3,FALSE
V0.5_c2,nobgs,6,stage 1,2_F799,522309,90,FALSE
V0.5_c2,nobgs,6,stage 1,2_U388,477444,67,FALSE
V0.5_c2,nobgs,6,stage 1,2_F1062,9387563,260,FALSE
V0.5_c2,nobgs,6,stage 1,2_F1295,36830,3,FALSE
V0.5_c2,nobgs,6,stage 1,2_F1623,19702831,27,FALSE
V0.5_c2,nobgs,6,stage 1,2_F1848,19738638,50,FALSE
V0.5_c2,nobgs,6,stage 1,3_F382,2279372,151,FALSE
V0.5_c2,nobgs,6,stage 1,3_F646,3328103,91,FALSE
V0.5_c2,nobgs,6,stage 1,3_F102,8800368,209,FALSE
V0.5_c2,nobgs,6,stage 1,3_F551,6313032,135,FALSE
V0.5_c2,nobgs,6,stage 1,3_F788,11754591,138,FALSE
V0.5_c2,nobgs,6,stage 1,3_F1028,6269054,204,FALSE
V0.5_c2,nobgs,6,stage 1,3_F1403,25691,5,FALSE
V0.5_c2,nobgs,6,stage 1,4_F796,902262,5,FALSE
V0.5_c2,nobgs,6,stage 1,4_U79,274997,5,FALSE
V0.5_c2,nobgs,6,stage 1,4_F1,1553696,6,FALSE
V0.5_c2,nobgs,6,stage 1,4_F1030,10696467,24,FALSE
V0.5_c2,nobgs,6,stage 1,4_F1353,84732,4,FALSE
V0.5_c2,nobgs,6,stage 1,4_F1082,3005258,23,FALSE
V0.5_c2,nobgs,6,stage 1,4_F1244,77690,7,FALSE
V0.5_c2,nobgs,6,stage 1,4_F2568,2039913,27,FALSE
V0.5_c2,nobgs,6,stage 1,4_F2119,15647648,49,FALSE
V0.5_c2,nobgs,6,stage 1,4_F2289,9449943,64,FALSE
V0.5_c2,nobgs,6,stage 1,4_F1588,18601450,135,FALSE
V0.5_c2,nobgs,6,stage 1,4_U5605,355269,4,FALSE
V0.5_c2,nobgs,6,stage 1,4_F1741,26134329,376,FALSE
V0.5_c2,nobgs,6,stage 1,4_F1899,26290684,33,FALSE
V0.5_c2,nobgs,6,stage 1,4_U5614,222195,4,FALSE
V0.5_c2,nobgs,6,stage 1,4_F2175,0,1,FALSE
V0.5_c2,nobgs,6,stage 1,4_F2436,1303307,16,FALSE
V0.5_c2,nobgs,6,stage 1,5_F59,11425673,52,FALSE
V0.5_c2,nobgs,6,stage 1,5_F723,11592885,97,FALSE
V0.5_c2,nobgs,6,stage 1,5_F744,221652,21,FALSE
V0.5_c2,nobgs,6,stage 1,5_F737,0,1,FALSE
V0.5_c2,nobgs,6,stage 1,5_F1521,6833866,144,FALSE
V0.5_c2,nobgs,6,stage 1,5_F1047,12903759,151,FALSE
V0.5_c2,nobgs,6,stage 1,5_U5034,68375,7,FALSE
V0.5_c2,nobgs,6,stage 1,5_U5036,21986,4,FALSE
V0.5_c2,nobgs,6,stage 1,5_F1157,0,1,FALSE
V0.5_c2,nobgs,6,stage 1,5_F1104,696855,77,FALSE
V0.5_c2,nobgs,6,stage 1,5_F870,5425964,52,FALSE
V0.5_c2,nobgs,6,stage 1,5_U3365,0,1,FALSE
V0.5_c2,nobgs,6,stage 1,6_F271,6799883,47,FALSE
V0.5_c2,nobgs,6,stage 1,6_F469,45712,8,FALSE
V0.5_c2,nobgs,6,stage 1,6_F784,2909907,192,FALSE
V0.5_c2,nobgs,6,stage 1,6_F91,3150730,20,FALSE
V0.5_c2,nobgs,6,stage 1,6_U2130,1048754,12,FALSE
V0.5_c2,nobgs,6,stage 1,6_U1006,18528,5,FALSE
V0.5_c2,nobgs,6,stage 1,6_U267,0,1,FALSE
V0.5_c2,nobgs,6,stage 1,6_U2058,177072,3,FALSE
V0.5_c2,nobgs,6,stage 1,6_F1245,8274152,29,FALSE
V0.5_c2,nobgs,6,stage 1,6_F1435,6471604,62,FALSE
V0.5_c2,nobgs,6,stage 1,6_F1669,14071073,301,FALSE
V0.5_c2,nobgs,6,stage 1,6_F1977,453496,19,FALSE
V0.5_c2,nobgs,6,stage 1,6_F1076,4563613,85,FALSE
V0.5_c2,nobgs,6,stage 1,6_F1919,4710514,23,FALSE
V0.5_c2,nobgs,6,stage 1,6_F1974,1069085,26,FALSE
V0.5_c2,nobgs,6,stage 1,6_F1895,35484,7,FALSE
V0.5_c2,nobgs,6,stage 1,7_F126,4290771,69,FALSE
V0.5_c2,nobgs,6,stage 1,7_U151,681785,17,FALSE
V0.5_c2,nobgs,6,stage 1,7_F99,9004196,434,TRUE
V0.5_c2,nobgs,6,stage 1,7_F468,11171420,338,FALSE
V0.5_c2,nobgs,6,stage 1,7_F8,6418384,122,TRUE
V0.5_c2,nobgs,6,stage 1,7_F645,14117418,314,FALSE
V0.5_c2,nobgs,6,stage 1,7_U225,219082,20,FALSE
V0.5_c2,nobgs,6,stage 1,7_F656,29159,5,FALSE
V0.5_c2,nobgs,6,stage 1,7_U114,182664,7,FALSE
V0.5_c2,nobgs,6,stage 1,7_U138,337699,11,FALSE
V0.5_c2,nobgs,6,stage 1,7_F1299,6029387,27,FALSE
V0.5_c2,nobgs,6,stage 1,7_F1095,7352190,269,FALSE
V0.5_c2,nobgs,6,stage 1,7_F1073,0,1,FALSE
V0.5_c2,nobgs,6,stage 1,7_F1494,8187899,96,FALSE
V0.5_c2,nobgs,6,stage 1,7_F1414,2021929,14,FALSE
V0.5_c2,nobgs,6,stage 1,7_U6165,0,1,FALSE
V0.5_c2,nobgs,6,stage 1,7_F1408,21449,3,FALSE
V0.5_c2,nobgs,6,stage 1,7_U3681,0,1,FALSE
V0.5_c2,nobgs,6,stage 1,7_F1338,294458,11,FALSE
V0.5_c2,nobgs,6,stage 1,7_F1365,3157,2,FALSE
V0.5_c2,nobgs,6,stage 1,8_F193,363391,2,FALSE
V0.5_c2,nobgs,6,stage 1,8_F863,0,1,FALSE
V0.5_c2,nobgs,6,stage 1,8_F191,64816,6,FALSE
V0.5_c2,nobgs,6,stage 1,8_F529,15835636,42,FALSE
V0.5_c2,nobgs,6,stage 1,8_F480,17629841,236,TRUE
V0.5_c2,nobgs,6,stage 1,8_F1020,11949120,108,FALSE
V0.5_c2,nobgs,6,stage 1,8_F1112,8215905,74,FALSE
V0.5_c2,nobgs,6,stage 1,8_F1917,596193,8,FALSE
V0.5_c2,nobgs,6,stage 1,8_F1531,18472470,166,FALSE
V0.5_c2,nobgs,6,stage 1,8_U7617,7243,2,FALSE
V0.5_c2,nobgs,6,stage 1,8_F1068,26220,2,FALSE
V0.5_c2,nobgs,6,stage 1,8_F1325,12387,2,FALSE
V0.5_c2,nobgs,6,stage 1,9_F408,3092690,135,TRUE
V0.5_c2,nobgs,6,stage 1,9_F64,118928,11,FALSE
V0.5_c2,nobgs,6,stage 1,9_F133,17151109,38,FALSE
V0.5_c2,nobgs,6,stage 1,9_F313,19613794,35,FALSE
V0.5_c2,nobgs,6,stage 1,9_F807,45866,18,FALSE
V0.5_c2,nobgs,6,stage 1,9_F929,410473,27,FALSE
V0.5_c2,nobgs,6,stage 1,9_F299,28147,3,FALSE
V0.5_c2,nobgs,6,stage 1,9_F1356,17199637,81,FALSE
V0.5_c2,nobgs,6,stage 1,9_F1782,1159530,35,FALSE
V0.5_c2,nobgs,6,stage 1,10_F616,12322490,82,FALSE
V0.5_c2,nobgs,6,stage 1,10_F191,7512626,221,TRUE
V0.5_c2,nobgs,6,stage 1,10_F702,14273205,311,TRUE
V0.5_c2,nobgs,6,stage 1,10_F913,767386,45,FALSE
V0.5_c2,nobgs,6,stage 1,10_F69,355068,7,FALSE
V0.5_c2,nobgs,6,stage 1,10_U3176,227570,11,FALSE
V0.5_c2,nobgs,6,stage 1,10_F1728,986537,30,FALSE
V0.5_c2,nobgs,6,stage 1,10_U3549,199084,7,FALSE
V0.5_c2,nobgs,6,stage 1,10_F1109,5550969,47,FALSE
V0.5_c2,nobgs,6,stage 1,10_F1120,776361,3,FALSE
V0.5_c2,nobgs,7,stage 2,1_F42,5582436,77,FALSE
V0.5_c2,nobgs,7,stage 2,1_F230,463826,14,FALSE
V0.5_c2,nobgs,7,stage 2,1_F797,0,1,FALSE
V0.5_c2,nobgs,7,stage 2,1_F913,0,1,FALSE
V0.5_c2,nobgs,7,stage 2,1_F1844,27941212,239,FALSE
V0.5_c2,nobgs,7,stage 2,1_F1419,17413786,85,FALSE
V0.5_c2,nobgs,7,stage 2,1_F1282,13190256,109,FALSE
V0.5_c2,nobgs,7,stage 2,1_F1480,22129829,50,FALSE
V0.5_c2,nobgs,7,stage 2,2_F275,14097574,98,FALSE
V0.5_c2,nobgs,7,stage 2,2_F333,5245510,64,FALSE
V0.5_c2,nobgs,7,stage 2,2_F86,975068,3,FALSE
V0.5_c2,nobgs,7,stage 2,2_F141,2769610,2,TRUE
V0.5_c2,nobgs,7,stage 2,2_F134,3801430,45,FALSE
V0.5_c2,nobgs,7,stage 2,2_F607,2763105,27,FALSE
V0.5_c2,nobgs,7,stage 2,2_F98,1121197,28,FALSE
V0.5_c2,nobgs,7,stage 2,2_F172,0,1,FALSE
V0.5_c2,nobgs,7,stage 2,2_F1,912562,12,FALSE
V0.5_c2,nobgs,7,stage 2,2_F1156,15156273,175,FALSE
V0.5_c2,nobgs,7,stage 2,2_F948,8308437,123,FALSE
V0.5_c2,nobgs,7,stage 2,2_F1695,1326251,7,FALSE
V0.5_c2,nobgs,7,stage 2,2_F1325,2654753,48,FALSE
V0.5_c2,nobgs,7,stage 2,4_F217,17826528,48,TRUE
V0.5_c2,nobgs,7,stage 2,4_U3768,15116,2,FALSE
V0.5_c2,nobgs,7,stage 2,4_F2181,4157287,24,FALSE
V0.5_c2,nobgs,7,stage 2,4_F1899,2768442,48,FALSE
V0.5_c2,nobgs,7,stage 2,4_F1455,14090214,28,FALSE
V0.5_c2,nobgs,7,stage 2,4_F2351,12198495,37,FALSE
V0.5_c2,nobgs,7,stage 2,4_U8648,9498,2,FALSE
V0.5_c2,nobgs,7,stage 2,4_F2322,30358548,7,FALSE
V0.5_c2,nobgs,7,stage 2,5_F143,8795576,269,FALSE
V0.5_c2,nobgs,7,stage 2,5_F433,7660268,74,TRUE
V0.5_c2,nobgs,7,stage 2,5_F650,708508,34,FALSE
V0.5_c2,nobgs,7,stage 2,5_F994,294333,32,FALSE
V0.5_c2,nobgs,7,stage 2,6_F498,17051410,203,FALSE
V0.5_c2,nobgs,7,stage 2,6_F791,6549118,112,FALSE
V0.5_c2,nobgs,7,stage 2,6_F872,592307,38,FALSE
V0.5_c2,nobgs,7,stage 2,6_F595,162362,2,FALSE
V0.5_c2,nobgs,7,stage 2,6_F171,475462,17,FALSE
V0.5_c2,nobgs,7,stage 2,6_F1664,11949887,152,FALSE
V0.5_c2,nobgs,7,stage 2,8_F550,18538142,136,FALSE
V0.5_c2,nobgs,7,stage 2,8_F6,1532421,6,FALSE
V0.5_c2,nobgs,7,stage 2,8_F945,590131,106,TRUE
V0.5_c2,nobgs,7,stage 2,8_F1109,13219161,135,FALSE
V0.5_c2,nobgs,7,stage 2,8_F1815,7586638,121,FALSE
V0.5_c2,nobgs,7,stage 2,8_F1449,16824302,70,FALSE
V0.5_c2,nobgs,7,stage 2,9_F490,19260223,164,TRUE
V0.5_c2,nobgs,7,stage 2,9_U2661,0,1,FALSE
V0.5_c2,nobgs,7,stage 2,9_F777,816182,10,FALSE
V0.5_c2,nobgs,7,stage 2,10_F91,7396373,87,FALSE
V0.5_c2,nobgs,7,stage 2,10_F1603,12718064,74,FALSE
V0.5_c2,nobgs,7,stage 2,10_F1113,12956680,182,FALSE
V0.5_c2,nobgs,7,stage 1,1_F42,5582436,77,FALSE
V0.5_c2,nobgs,7,stage 1,1_F230,463826,14,FALSE
V0.5_c2,nobgs,7,stage 1,1_F797,0,1,FALSE
V0.5_c2,nobgs,7,stage 1,1_F913,0,1,FALSE
V0.5_c2,nobgs,7,stage 1,1_F1844,27941212,239,FALSE
V0.5_c2,nobgs,7,stage 1,1_F1419,17413786,85,FALSE
V0.5_c2,nobgs,7,stage 1,1_F1282,13190256,109,FALSE
V0.5_c2,nobgs,7,stage 1,1_F1338,9441911,8,FALSE
V0.5_c2,nobgs,7,stage 1,1_F1480,22129829,50,FALSE
V0.5_c2,nobgs,7,stage 1,1_F1759,27631670,61,FALSE
V0.5_c2,nobgs,7,stage 1,2_F275,14097574,98,FALSE
V0.5_c2,nobgs,7,stage 1,2_F333,5245510,64,FALSE
V0.5_c2,nobgs,7,stage 1,2_F86,975068,3,FALSE
V0.5_c2,nobgs,7,stage 1,2_F141,2769610,2,TRUE
V0.5_c2,nobgs,7,stage 1,2_F134,3801430,45,FALSE
V0.5_c2,nobgs,7,stage 1,2_F607,2763105,27,FALSE
V0.5_c2,nobgs,7,stage 1,2_F98,1121197,28,FALSE
V0.5_c2,nobgs,7,stage 1,2_F172,0,1,FALSE
V0.5_c2,nobgs,7,stage 1,2_F1,912562,12,FALSE
V0.5_c2,nobgs,7,stage 1,2_F1481,13270158,117,FALSE
V0.5_c2,nobgs,7,stage 1,2_F1156,15156273,175,FALSE
V0.5_c2,nobgs,7,stage 1,2_F948,8308437,123,FALSE
V0.5_c2,nobgs,7,stage 1,2_F1695,1326251,7,FALSE
V0.5_c2,nobgs,7,stage 1,2_F1325,2654753,48,FALSE
V0.5_c2,nobgs,7,stage 1,3_F207,8136100,305,TRUE
V0.5_c2,nobgs,7,stage 1,3_F490,5280195,85,TRUE
V0.5_c2,nobgs,7,stage 1,3_F1792,4570854,59,FALSE
V0.5_c2,nobgs,7,stage 1,4_F927,336852,6,FALSE
V0.5_c2,nobgs,7,stage 1,4_F57,10100817,9,FALSE
V0.5_c2,nobgs,7,stage 1,4_F217,17826528,48,TRUE
V0.5_c2,nobgs,7,stage 1,4_F320,25668311,40,FALSE
V0.5_c2,nobgs,7,stage 1,4_U3768,15116,2,FALSE
V0.5_c2,nobgs,7,stage 1,4_F2181,4157287,24,FALSE
V0.5_c2,nobgs,7,stage 1,4_F1899,2768442,48,FALSE
V0.5_c2,nobgs,7,stage 1,4_F1455,14090214,28,FALSE
V0.5_c2,nobgs,7,stage 1,4_F2351,12198495,37,FALSE
V0.5_c2,nobgs,7,stage 1,4_F1943,22719,2,FALSE
V0.5_c2,nobgs,7,stage 1,4_U8648,9498,2,FALSE
V0.5_c2,nobgs,7,stage 1,4_F2322,30358548,7,FALSE
V0.5_c2,nobgs,7,stage 1,5_F143,8795576,269,FALSE
V0.5_c2,nobgs,7,stage 1,5_F433,7660268,74,TRUE
V0.5_c2,nobgs,7,stage 1,5_F650,708508,34,FALSE
V0.5_c2,nobgs,7,stage 1,5_F994,294333,32,FALSE
V0.5_c2,nobgs,7,stage 1,6_F498,17051410,203,FALSE
V0.5_c2,nobgs,7,stage 1,6_F791,6549118,112,FALSE
V0.5_c2,nobgs,7,stage 1,6_F872,592307,38,FALSE
V0.5_c2,nobgs,7,stage 1,6_F595,162362,2,FALSE
V0.5_c2,nobgs,7,stage 1,6_F171,475462,17,FALSE
V0.5_c2,nobgs,7,stage 1,6_F1664,11949887,152,FALSE
V0.5_c2,nobgs,7,stage 1,8_F550,18538142,136,FALSE
V0.5_c2,nobgs,7,stage 1,8_F6,1532421,6,FALSE
V0.5_c2,nobgs,7,stage 1,8_F945,590131,106,TRUE
V0.5_c2,nobgs,7,stage 1,8_F1109,13219161,135,FALSE
V0.5_c2,nobgs,7,stage 1,8_F1815,7586638,121,FALSE
V0.5_c2,nobgs,7,stage 1,8_F1449,16824302,70,FALSE
V0.5_c2,nobgs,7,stage 1,9_F95,15624531,320,TRUE
V0.5_c2,nobgs,7,stage 1,9_F490,19260223,164,TRUE
V0.5_c2,nobgs,7,stage 1,9_U2661,0,1,FALSE
V0.5_c2,nobgs,7,stage 1,9_F777,816182,10,FALSE
V0.5_c2,nobgs,7,stage 1,10_F91,7396373,87,FALSE
V0.5_c2,nobgs,7,stage 1,10_F544,12799127,70,FALSE
V0.5_c2,nobgs,7,stage 1,10_F1603,12718064,74,FALSE
V0.5_c2,nobgs,7,stage 1,10_F1113,12956680,182,FALSE
V0.5_c2,nobgs,8,stage 2,1_F443,23577715,123,FALSE
V0.5_c2,nobgs,8,stage 2,1_F256,13395399,29,FALSE
V0.5_c2,nobgs,8,stage 2,1_F378,12566315,14,TRUE
V0.5_c2,nobgs,8,stage 2,1_F394,48700,15,TRUE
V0.5_c2,nobgs,8,stage 2,1_F1025,0,1,FALSE
V0.5_c2,nobgs,8,stage 2,1_U809,32722,5,FALSE
V0.5_c2,nobgs,8,stage 2,1_F1111,1510215,18,FALSE
V0.5_c2,nobgs,8,stage 2,1_U1254,26428,3,FALSE
V0.5_c2,nobgs,8,stage 2,1_F1320,15404038,106,FALSE
V0.5_c2,nobgs,8,stage 2,1_F2316,8118375,22,FALSE
V0.5_c2,nobgs,8,stage 2,1_F1514,8496911,53,FALSE
V0.5_c2,nobgs,8,stage 2,1_F1869,13041180,31,FALSE
V0.5_c2,nobgs,8,stage 2,1_F2034,25580554,20,FALSE
V0.5_c2,nobgs,8,stage 2,1_F2252,1217764,6,FALSE
V0.5_c2,nobgs,8,stage 2,1_U8205,909231,5,FALSE
V0.5_c2,nobgs,8,stage 2,1_U8244,8448,3,FALSE
V0.5_c2,nobgs,8,stage 2,1_F1657,32379,4,FALSE
V0.5_c2,nobgs,8,stage 2,1_F1283,1843,2,FALSE
V0.5_c2,nobgs,8,stage 2,1_U6877,0,1,FALSE
V0.5_c2,nobgs,8,stage 2,2_F682,19980855,192,FALSE
V0.5_c2,nobgs,8,stage 2,2_F276,7974078,71,FALSE
V0.5_c2,nobgs,8,stage 2,2_F56,7543681,61,FALSE
V0.5_c2,nobgs,8,stage 2,2_F404,64892,4,FALSE
V0.5_c2,nobgs,8,stage 2,2_F964,0,1,FALSE
V0.5_c2,nobgs,8,stage 2,2_F771,1728,2,FALSE
V0.5_c2,nobgs,8,stage 2,2_F1671,10889696,51,FALSE
V0.5_c2,nobgs,8,stage 2,2_F1439,5808174,149,FALSE
V0.5_c2,nobgs,8,stage 2,2_F1129,7214155,32,FALSE
V0.5_c2,nobgs,8,stage 2,2_F1395,7332941,21,FALSE
V0.5_c2,nobgs,8,stage 2,2_F1830,6985945,63,FALSE
V0.5_c2,nobgs,8,stage 2,2_U6766,0,1,FALSE
V0.5_c2,nobgs,8,stage 2,2_U7472,0,1,FALSE
V0.5_c2,nobgs,8,stage 2,2_U4085,0,1,FALSE
V0.5_c2,nobgs,8,stage 2,2_F1932,128684,12,FALSE
V0.5_c2,nobgs,8,stage 2,2_F1202,0,1,FALSE
V0.5_c2,nobgs,8,stage 2,2_U5407,0,1,FALSE
V0.5_c2,nobgs,8,stage 2,3_F174,4377424,68,FALSE
V0.5_c2,nobgs,8,stage 2,3_F111,7602813,125,FALSE
V0.5_c2,nobgs,8,stage 2,3_F723,15318003,135,FALSE
V0.5_c2,nobgs,8,stage 2,3_F750,0,1,FALSE
V0.5_c2,nobgs,8,stage 2,3_F169,624191,3,FALSE
V0.5_c2,nobgs,8,stage 2,3_U1944,58935,12,FALSE
V0.5_c2,nobgs,8,stage 2,3_F1686,15525549,155,FALSE
V0.5_c2,nobgs,8,stage 2,3_F1744,0,1,FALSE
V0.5_c2,nobgs,8,stage 2,3_U7041,26514,4,FALSE
V0.5_c2,nobgs,8,stage 2,3_F1119,6763353,84,FALSE
V0.5_c2,nobgs,8,stage 2,3_F1039,7291105,98,FALSE
V0.5_c2,nobgs,8,stage 2,3_F943,395726,21,FALSE
V0.5_c2,nobgs,8,stage 2,4_F795,26113587,374,TRUE
V0.5_c2,nobgs,8,stage 2,4_F1245,266630,7,FALSE
V0.5_c2,nobgs,8,stage 2,4_F208,14276073,33,FALSE
V0.5_c2,nobgs,8,stage 2,4_F488,22842293,581,TRUE
V0.5_c2,nobgs,8,stage 2,4_F1007,25776761,85,FALSE
V0.5_c2,nobgs,8,stage 2,4_F487,0,1,FALSE
V0.5_c2,nobgs,8,stage 2,4_F794,0,1,FALSE
V0.5_c2,nobgs,8,stage 2,4_F1050,0,1,FALSE
V0.5_c2,nobgs,8,stage 2,4_F1455,10867743,67,FALSE
V0.5_c2,nobgs,8,stage 2,4_F1929,4826,2,FALSE
V0.5_c2,nobgs,8,stage 2,4_F2106,13486295,38,FALSE
V0.5_c2,nobgs,8,stage 2,4_U7208,48201,3,FALSE
V0.5_c2,nobgs,8,stage 2,4_F1782,2289957,33,FALSE
V0.5_c2,nobgs,8,stage 2,4_F1708,6826060,40,FALSE
V0.5_c2,nobgs,8,stage 2,4_F2521,11935315,19,FALSE
V0.5_c2,nobgs,8,stage 2,4_F2598,0,1,FALSE
V0.5_c2,nobgs,8,stage 2,4_F2359,3929361,17,FALSE
V0.5_c2,nobgs,8,stage 2,4_F2615,402615,11,FALSE
V0.5_c2,nobgs,8,stage 2,4_U6768,49905,4,FALSE
V0.5_c2,nobgs,8,stage 2,4_U6883,0,1,FALSE
V0.5_c2,nobgs,8,stage 2,4_U6888,48328,3,FALSE
V0.5_c2,nobgs,8,stage 2,5_F87,8286983,38,FALSE
V0.5_c2,nobgs,8,stage 2,5_F484,12972768,85,FALSE
V0.5_c2,nobgs,8,stage 2,5_F16,631211,52,TRUE
V0.5_c2,nobgs,8,stage 2,5_F1251,13022384,302,FALSE
V0.5_c2,nobgs,8,stage 2,5_F1023,3571373,33,FALSE
V0.5_c2,nobgs,8,stage 2,6_F320,10414689,163,TRUE
V0.5_c2,nobgs,8,stage 2,6_F531,13129224,180,TRUE
V0.5_c2,nobgs,8,stage 2,6_F61,5145071,235,TRUE
V0.5_c2,nobgs,8,stage 2,6_U331,342052,4,FALSE
V0.5_c2,nobgs,8,stage 2,6_U2024,2394,2,FALSE
V0.5_c2,nobgs,8,stage 2,6_F1175,6299286,188,FALSE
V0.5_c2,nobgs,8,stage 2,6_F1040,2618826,29,FALSE
V0.5_c2,nobgs,8,stage 2,6_F1481,4161256,175,FALSE
V0.5_c2,nobgs,8,stage 2,6_U4530,0,1,FALSE
V0.5_c2,nobgs,8,stage 2,6_U3534,80710,13,FALSE
V0.5_c2,nobgs,8,stage 2,6_U5243,0,1,FALSE
V0.5_c2,nobgs,8,stage 2,7_F140,8337451,703,FALSE
V0.5_c2,nobgs,8,stage 2,7_F168,338278,28,FALSE
V0.5_c2,nobgs,8,stage 2,7_F1220,16965101,284,FALSE
V0.5_c2,nobgs,8,stage 2,7_U5321,1289,2,FALSE
V0.5_c2,nobgs,8,stage 2,7_F1149,0,1,FALSE
V0.5_c2,nobgs,8,stage 2,7_U5413,220081,15,FALSE
V0.5_c2,nobgs,8,stage 2,7_U6477,189551,11,FALSE
V0.5_c2,nobgs,8,stage 2,8_F469,16333904,147,FALSE
V0.5_c2,nobgs,8,stage 2,8_U983,54844,3,FALSE
V0.5_c2,nobgs,8,stage 2,8_F975,11292492,27,FALSE
V0.5_c2,nobgs,8,stage 2,8_F815,5195918,71,FALSE
V0.5_c2,nobgs,8,stage 2,8_F359,1434208,63,FALSE
V0.5_c2,nobgs,8,stage 2,8_F61,6788858,134,FALSE
V0.5_c2,nobgs,8,stage 2,8_F183,2408052,118,FALSE
V0.5_c2,nobgs,8,stage 2,8_F1077,5867,3,FALSE
V0.5_c2,nobgs,8,stage 2,8_F1462,15045402,82,FALSE
V0.5_c2,nobgs,8,stage 2,8_F1653,18791400,85,FALSE
V0.5_c2,nobgs,8,stage 2,9_F496,4067571,265,TRUE
V0.5_c2,nobgs,8,stage 2,9_F335,11262335,188,TRUE
V0.5_c2,nobgs,8,stage 2,9_F820,1694053,60,FALSE
V0.5_c2,nobgs,8,stage 2,9_F420,953344,10,FALSE
V0.5_c2,nobgs,8,stage 2,9_F974,5389234,29,FALSE
V0.5_c2,nobgs,8,stage 2,9_F1222,132957,10,FALSE
V0.5_c2,nobgs,8,stage 2,9_F1313,4821296,37,FALSE
V0.5_c2,nobgs,8,stage 2,9_U7370,625440,60,FALSE
V0.5_c2,nobgs,8,stage 2,9_F1733,1011757,2,FALSE
V0.5_c2,nobgs,8,stage 2,9_F1789,130293,8,FALSE
V0.5_c2,nobgs,8,stage 2,9_F1830,0,1,FALSE
V0.5_c2,nobgs,8,stage 2,10_F34,4590621,37,FALSE
V0.5_c2,nobgs,8,stage 2,10_F224,2521078,81,FALSE
V0.5_c2,nobgs,8,stage 2,10_F800,114581,2,FALSE
V0.5_c2,nobgs,8,stage 2,10_F1584,935747,3,FALSE
V0.5_c2,nobgs,8,stage 2,10_F1270,10405903,24,FALSE
V0.5_c2,nobgs,8,stage 2,10_F1403,9150152,26,FALSE
V0.5_c2,nobgs,8,stage 2,10_F1063,6704084,16,FALSE
V0.5_c2,nobgs,8,stage 2,10_F829,793652,15,FALSE
V0.5_c2,nobgs,8,stage 2,10_U3468,20614,4,FALSE
V0.5_c2,nobgs,8,stage 2,10_F1524,1185588,92,FALSE
V0.5_c2,nobgs,8,stage 1,1_F8,3692387,86,FALSE
V0.5_c2,nobgs,8,stage 1,1_F443,23577715,123,FALSE
V0.5_c2,nobgs,8,stage 1,1_F256,13395399,29,FALSE
V0.5_c2,nobgs,8,stage 1,1_F378,12566315,14,TRUE
V0.5_c2,nobgs,8,stage 1,1_F394,48700,15,TRUE
V0.5_c2,nobgs,8,stage 1,1_F1025,0,1,FALSE
V0.5_c2,nobgs,8,stage 1,1_F600,26741,6,FALSE
V0.5_c2,nobgs,8,stage 1,1_U809,32722,5,FALSE
V0.5_c2,nobgs,8,stage 1,1_U2201,99558,7,FALSE
V0.5_c2,nobgs,8,stage 1,1_F1111,1510215,18,FALSE
V0.5_c2,nobgs,8,stage 1,1_U1254,26428,3,FALSE
V0.5_c2,nobgs,8,stage 1,1_U1257,0,1,FALSE
V0.5_c2,nobgs,8,stage 1,1_F1320,15404038,106,FALSE
V0.5_c2,nobgs,8,stage 1,1_F2316,8118375,22,FALSE
V0.5_c2,nobgs,8,stage 1,1_F1514,8496911,53,FALSE
V0.5_c2,nobgs,8,stage 1,1_F1869,13041180,31,FALSE
V0.5_c2,nobgs,8,stage 1,1_F2034,25580554,20,FALSE
V0.5_c2,nobgs,8,stage 1,1_F2252,1217764,6,FALSE
V0.5_c2,nobgs,8,stage 1,1_U8205,909231,5,FALSE
V0.5_c2,nobgs,8,stage 1,1_U9130,0,1,FALSE
V0.5_c2,nobgs,8,stage 1,1_U8244,8448,3,FALSE
V0.5_c2,nobgs,8,stage 1,1_U9379,0,1,FALSE
V0.5_c2,nobgs,8,stage 1,1_F1657,32379,4,FALSE
V0.5_c2,nobgs,8,stage 1,1_F1989,91974,2,FALSE
V0.5_c2,nobgs,8,stage 1,1_F1283,1843,2,FALSE
V0.5_c2,nobgs,8,stage 1,1_U6877,0,1,FALSE
V0.5_c2,nobgs,8,stage 1,2_F682,19980855,192,FALSE
V0.5_c2,nobgs,8,stage 1,2_F276,7974078,71,FALSE
V0.5_c2,nobgs,8,stage 1,2_F56,7543681,61,FALSE
V0.5_c2,nobgs,8,stage 1,2_F404,64892,4,FALSE
V0.5_c2,nobgs,8,stage 1,2_F964,0,1,FALSE
V0.5_c2,nobgs,8,stage 1,2_F771,1728,2,FALSE
V0.5_c2,nobgs,8,stage 1,2_U983,80116,6,FALSE
V0.5_c2,nobgs,8,stage 1,2_U212,1192886,48,FALSE
V0.5_c2,nobgs,8,stage 1,2_F1671,10889696,51,FALSE
V0.5_c2,nobgs,8,stage 1,2_F1439,5808174,149,FALSE
V0.5_c2,nobgs,8,stage 1,2_F1129,7214155,32,FALSE
V0.5_c2,nobgs,8,stage 1,2_F1395,7332941,21,FALSE
V0.5_c2,nobgs,8,stage 1,2_F1830,6985945,63,FALSE
V0.5_c2,nobgs,8,stage 1,2_U6818,51066,3,FALSE
V0.5_c2,nobgs,8,stage 1,2_U6766,0,1,FALSE
V0.5_c2,nobgs,8,stage 1,2_U7472,0,1,FALSE
V0.5_c2,nobgs,8,stage 1,2_U4085,0,1,FALSE
V0.5_c2,nobgs,8,stage 1,2_F1932,128684,12,FALSE
V0.5_c2,nobgs,8,stage 1,2_F1202,0,1,FALSE
V0.5_c2,nobgs,8,stage 1,2_U5407,0,1,FALSE
V0.5_c2,nobgs,8,stage 1,3_F174,4377424,68,FALSE
V0.5_c2,nobgs,8,stage 1,3_F111,7602813,125,FALSE
V0.5_c2,nobgs,8,stage 1,3_F723,15318003,135,FALSE
V0.5_c2,nobgs,8,stage 1,3_F750,0,1,FALSE
V0.5_c2,nobgs,8,stage 1,3_F733,116780,25,FALSE
V0.5_c2,nobgs,8,stage 1,3_F169,624191,3,FALSE
V0.5_c2,nobgs,8,stage 1,3_U1944,58935,12,FALSE
V0.5_c2,nobgs,8,stage 1,3_F1664,14503762,43,FALSE
V0.5_c2,nobgs,8,stage 1,3_F1686,15525549,155,FALSE
V0.5_c2,nobgs,8,stage 1,3_F1299,9103911,48,FALSE
V0.5_c2,nobgs,8,stage 1,3_F1641,2591397,89,FALSE
V0.5_c2,nobgs,8,stage 1,3_F1744,0,1,FALSE
V0.5_c2,nobgs,8,stage 1,3_U7041,26514,4,FALSE
V0.5_c2,nobgs,8,stage 1,3_F1698,858791,10,FALSE
V0.5_c2,nobgs,8,stage 1,3_U6328,61752,5,FALSE
V0.5_c2,nobgs,8,stage 1,3_F1119,6763353,84,FALSE
V0.5_c2,nobgs,8,stage 1,3_F1039,7291105,98,FALSE
V0.5_c2,nobgs,8,stage 1,3_F943,395726,21,FALSE
V0.5_c2,nobgs,8,stage 1,4_F795,26113587,374,TRUE
V0.5_c2,nobgs,8,stage 1,4_F1245,266630,7,FALSE
V0.5_c2,nobgs,8,stage 1,4_F208,14276073,33,FALSE
V0.5_c2,nobgs,8,stage 1,4_F49,2399331,35,FALSE
V0.5_c2,nobgs,8,stage 1,4_F488,22842293,581,TRUE
V0.5_c2,nobgs,8,stage 1,4_F1007,25776761,85,FALSE
V0.5_c2,nobgs,8,stage 1,4_F487,0,1,FALSE
V0.5_c2,nobgs,8,stage 1,4_U874,0,1,FALSE
V0.5_c2,nobgs,8,stage 1,4_F995,370417,7,FALSE
V0.5_c2,nobgs,8,stage 1,4_F794,0,1,FALSE
V0.5_c2,nobgs,8,stage 1,4_F1050,0,1,FALSE
V0.5_c2,nobgs,8,stage 1,4_U732,37265,5,FALSE
V0.5_c2,nobgs,8,stage 1,4_F1455,10867743,67,FALSE
V0.5_c2,nobgs,8,stage 1,4_F1929,4826,2,FALSE
V0.5_c2,nobgs,8,stage 1,4_F2106,13486295,38,FALSE
V0.5_c2,nobgs,8,stage 1,4_U7208,48201,3,FALSE
V0.5_c2,nobgs,8,stage 1,4_F1782,2289957,33,FALSE
V0.5_c2,nobgs,8,stage 1,4_F1708,6826060,40,FALSE
V0.5_c2,nobgs,8,stage 1,4_F2342,9591157,5,FALSE
V0.5_c2,nobgs,8,stage 1,4_F2521,11935315,19,FALSE
V0.5_c2,nobgs,8,stage 1,4_F2598,0,1,FALSE
V0.5_c2,nobgs,8,stage 1,4_F2359,3929361,17,FALSE
V0.5_c2,nobgs,8,stage 1,4_F2615,402615,11,FALSE
V0.5_c2,nobgs,8,stage 1,4_U6768,49905,4,FALSE
V0.5_c2,nobgs,8,stage 1,4_U6883,0,1,FALSE
V0.5_c2,nobgs,8,stage 1,4_U6888,48328,3,FALSE
V0.5_c2,nobgs,8,stage 1,5_F87,8286983,38,FALSE
V0.5_c2,nobgs,8,stage 1,5_F484,12972768,85,FALSE
V0.5_c2,nobgs,8,stage 1,5_F16,631211,52,TRUE
V0.5_c2,nobgs,8,stage 1,5_F853,7290521,343,FALSE
V0.5_c2,nobgs,8,stage 1,5_F1251,13022384,302,FALSE
V0.5_c2,nobgs,8,stage 1,5_F1023,3571373,33,FALSE
V0.5_c2,nobgs,8,stage 1,6_F320,10414689,163,TRUE
V0.5_c2,nobgs,8,stage 1,6_F531,13129224,180,TRUE
V0.5_c2,nobgs,8,stage 1,6_F728,4573953,30,FALSE
V0.5_c2,nobgs,8,stage 1,6_F61,5145071,235,TRUE
V0.5_c2,nobgs,8,stage 1,6_U330,371192,2,FALSE
V0.5_c2,nobgs,8,stage 1,6_U331,342052,4,FALSE
V0.5_c2,nobgs,8,stage 1,6_U2024,2394,2,FALSE
V0.5_c2,nobgs,8,stage 1,6_F1175,6299286,188,FALSE
V0.5_c2,nobgs,8,stage 1,6_F1040,2618826,29,FALSE
V0.5_c2,nobgs,8,stage 1,6_F1812,2192532,31,FALSE
V0.5_c2,nobgs,8,stage 1,6_F1481,4161256,175,FALSE
V0.5_c2,nobgs,8,stage 1,6_F1482,0,1,FALSE
V0.5_c2,nobgs,8,stage 1,6_U4530,0,1,FALSE
V0.5_c2,nobgs,8,stage 1,6_U3534,80710,13,FALSE
V0.5_c2,nobgs,8,stage 1,6_U5243,0,1,FALSE
V0.5_c2,nobgs,8,stage 1,7_F403,11645185,368,FALSE
V0.5_c2,nobgs,8,stage 1,7_F140,8337451,703,FALSE
V0.5_c2,nobgs,8,stage 1,7_F168,338278,28,FALSE
V0.5_c2,nobgs,8,stage 1,7_F1220,16965101,284,FALSE
V0.5_c2,nobgs,8,stage 1,7_U5321,1289,2,FALSE
V0.5_c2,nobgs,8,stage 1,7_F1149,0,1,FALSE
V0.5_c2,nobgs,8,stage 1,7_U5410,258985,10,FALSE
V0.5_c2,nobgs,8,stage 1,7_U5413,220081,15,FALSE
V0.5_c2,nobgs,8,stage 1,7_U6477,189551,11,FALSE
V0.5_c2,nobgs,8,stage 1,8_F469,16333904,147,FALSE
V0.5_c2,nobgs,8,stage 1,8_U983,54844,3,FALSE
V0.5_c2,nobgs,8,stage 1,8_F975,11292492,27,FALSE
V0.5_c2,nobgs,8,stage 1,8_F815,5195918,71,FALSE
V0.5_c2,nobgs,8,stage 1,8_F359,1434208,63,FALSE
V0.5_c2,nobgs,8,stage 1,8_F61,6788858,134,FALSE
V0.5_c2,nobgs,8,stage 1,8_U338,169858,13,FALSE
V0.5_c2,nobgs,8,stage 1,8_F911,0,1,FALSE
V0.5_c2,nobgs,8,stage 1,8_F46,1159048,2,TRUE
V0.5_c2,nobgs,8,stage 1,8_F183,2408052,118,FALSE
V0.5_c2,nobgs,8,stage 1,8_F1077,5867,3,FALSE
V0.5_c2,nobgs,8,stage 1,8_F1462,15045402,82,FALSE
V0.5_c2,nobgs,8,stage 1,8_F1653,18791400,85,FALSE
V0.5_c2,nobgs,8,stage 1,9_F496,4067571,265,TRUE
V0.5_c2,nobgs,8,stage 1,9_F335,11262335,188,TRUE
V0.5_c2,nobgs,8,stage 1,9_F820,1694053,60,FALSE
V0.5_c2,nobgs,8,stage 1,9_F420,953344,10,FALSE
V0.5_c2,nobgs,8,stage 1,9_F629,18530286,79,FALSE
V0.5_c2,nobgs,8,stage 1,9_F682,41692,9,FALSE
V0.5_c2,nobgs,8,stage 1,9_F823,0,1,FALSE
V0.5_c2,nobgs,8,stage 1,9_F974,5389234,29,FALSE
V0.5_c2,nobgs,8,stage 1,9_F1222,132957,10,FALSE
V0.5_c2,nobgs,8,stage 1,9_F1313,4821296,37,FALSE
V0.5_c2,nobgs,8,stage 1,9_U5706,365151,5,FALSE
V0.5_c2,nobgs,8,stage 1,9_U7370,625440,60,FALSE
V0.5_c2,nobgs,8,stage 1,9_F1733,1011757,2,FALSE
V0.5_c2,nobgs,8,stage 1,9_F1789,130293,8,FALSE
V0.5_c2,nobgs,8,stage 1,9_F1830,0,1,FALSE
V0.5_c2,nobgs,8,stage 1,10_F34,4590621,37,FALSE
V0.5_c2,nobgs,8,stage 1,10_F224,2521078,81,FALSE
V0.5_c2,nobgs,8,stage 1,10_F800,114581,2,FALSE
V0.5_c2,nobgs,8,stage 1,10_F1584,935747,3,FALSE
V0.5_c2,nobgs,8,stage 1,10_F1270,10405903,24,FALSE
V0.5_c2,nobgs,8,stage 1,10_F1403,9150152,26,FALSE
V0.5_c2,nobgs,8,stage 1,10_F1063,6704084,16,FALSE
V0.5_c2,nobgs,8,stage 1,10_F829,793652,15,FALSE
V0.5_c2,nobgs,8,stage 1,10_F893,3470177,14,FALSE
V0.5_c2,nobgs,8,stage 1,10_F1206,662285,11,FALSE
V0.5_c2,nobgs,8,stage 1,10_U5161,0,1,FALSE
V0.5_c2,nobgs,8,stage 1,10_U3468,20614,4,FALSE
V0.5_c2,nobgs,8,stage 1,10_F1524,1185588,92,FALSE
V0.5_c2,nobgs,9,stage 2,3_F710,12921065,100,TRUE
V0.5_c2,nobgs,9,stage 2,8_F426,12622841,2,TRUE
V0.5_c2,nobgs,9,stage 1,3_F710,12921065,100,TRUE
V0.5_c2,nobgs,9,stage 1,8_F426,12622841,2,TRUE
V0.5_c2,nobgs,10,stage 2,1_F390,14749487,21,FALSE
V0.5_c2,nobgs,10,stage 2,1_F290,2617234,45,FALSE
V0.5_c2,nobgs,10,stage 2,1_F1239,14344438,13,FALSE
V0.5_c2,nobgs,10,stage 2,1_F773,9330292,97,TRUE
V0.5_c2,nobgs,10,stage 2,1_F185,0,1,FALSE
V0.5_c2,nobgs,10,stage 2,1_F1022,26932842,136,FALSE
V0.5_c2,nobgs,10,stage 2,1_F76,149529,10,FALSE
V0.5_c2,nobgs,10,stage 2,1_F209,1842068,3,FALSE
V0.5_c2,nobgs,10,stage 2,1_F2529,1354112,43,FALSE
V0.5_c2,nobgs,10,stage 2,1_U7320,0,1,FALSE
V0.5_c2,nobgs,10,stage 2,1_F2248,12726618,106,FALSE
V0.5_c2,nobgs,10,stage 2,1_F1399,1794856,47,FALSE
V0.5_c2,nobgs,10,stage 2,1_F2729,0,1,FALSE
V0.5_c2,nobgs,10,stage 2,2_F94,8611924,45,FALSE
V0.5_c2,nobgs,10,stage 2,2_F1213,11774015,111,FALSE
V0.5_c2,nobgs,10,stage 2,2_F1580,12039095,203,FALSE
V0.5_c2,nobgs,10,stage 2,2_F1027,4283121,61,FALSE
V0.5_c2,nobgs,10,stage 2,3_F106,9126596,313,TRUE
V0.5_c2,nobgs,10,stage 2,3_F622,1592524,36,FALSE
V0.5_c2,nobgs,10,stage 2,3_F1033,7550749,238,FALSE
V0.5_c2,nobgs,10,stage 2,3_F1405,2614128,15,FALSE
V0.5_c2,nobgs,10,stage 2,3_F1609,1200397,12,FALSE
V0.5_c2,nobgs,10,stage 2,4_F316,8337120,31,FALSE
V0.5_c2,nobgs,10,stage 2,4_F777,101916,12,FALSE
V0.5_c2,nobgs,10,stage 2,4_F1251,1698616,27,FALSE
V0.5_c2,nobgs,10,stage 2,4_F1469,17428242,66,FALSE
V0.5_c2,nobgs,10,stage 2,4_F1394,2051897,49,FALSE
V0.5_c2,nobgs,10,stage 2,4_F2287,10958633,22,FALSE
V0.5_c2,nobgs,10,stage 2,4_F1986,27186468,27,FALSE
V0.5_c2,nobgs,10,stage 2,4_F1183,2974499,12,FALSE
V0.5_c2,nobgs,10,stage 2,5_F740,280447,13,FALSE
V0.5_c2,nobgs,10,stage 2,5_F456,12900271,113,FALSE
V0.5_c2,nobgs,10,stage 2,5_F19,326273,4,FALSE
V0.5_c2,nobgs,10,stage 2,5_F143,4023851,74,FALSE
V0.5_c2,nobgs,10,stage 2,6_F39,5577799,82,FALSE
V0.5_c2,nobgs,10,stage 2,6_F1767,3984427,149,FALSE
V0.5_c2,nobgs,10,stage 2,6_F1275,7467237,72,FALSE
V0.5_c2,nobgs,10,stage 2,7_U1428,138743,21,FALSE
V0.5_c2,nobgs,10,stage 2,7_F1348,9265492,78,FALSE
V0.5_c2,nobgs,10,stage 2,8_F730,17376824,312,FALSE
V0.5_c2,nobgs,10,stage 2,8_F386,6106428,131,FALSE
V0.5_c2,nobgs,10,stage 2,8_F439,1102810,58,FALSE
V0.5_c2,nobgs,10,stage 2,8_F77,7141811,77,FALSE
V0.5_c2,nobgs,10,stage 2,8_F1188,10728697,209,FALSE
V0.5_c2,nobgs,10,stage 2,8_F1677,6136009,163,FALSE
V0.5_c2,nobgs,10,stage 2,8_U6450,0,1,FALSE
V0.5_c2,nobgs,10,stage 2,9_F116,13762908,71,TRUE
V0.5_c2,nobgs,10,stage 2,9_F505,7491954,124,FALSE
V0.5_c2,nobgs,10,stage 2,9_F994,11677416,119,FALSE
V0.5_c2,nobgs,10,stage 2,10_F413,5904486,38,FALSE
V0.5_c2,nobgs,10,stage 2,10_F473,12330694,62,FALSE
V0.5_c2,nobgs,10,stage 2,10_F145,9061319,270,FALSE
V0.5_c2,nobgs,10,stage 1,1_F390,14749487,21,FALSE
V0.5_c2,nobgs,10,stage 1,1_F290,2617234,45,FALSE
V0.5_c2,nobgs,10,stage 1,1_F1239,14344438,13,FALSE
V0.5_c2,nobgs,10,stage 1,1_F506,19100036,132,FALSE
V0.5_c2,nobgs,10,stage 1,1_F773,9330292,97,TRUE
V0.5_c2,nobgs,10,stage 1,1_F185,0,1,FALSE
V0.5_c2,nobgs,10,stage 1,1_F1022,26932842,136,FALSE
V0.5_c2,nobgs,10,stage 1,1_F76,149529,10,FALSE
V0.5_c2,nobgs,10,stage 1,1_F209,1842068,3,FALSE
V0.5_c2,nobgs,10,stage 1,1_F2529,1354112,43,FALSE
V0.5_c2,nobgs,10,stage 1,1_U7320,0,1,FALSE
V0.5_c2,nobgs,10,stage 1,1_F1962,20834371,30,FALSE
V0.5_c2,nobgs,10,stage 1,1_F2248,12726618,106,FALSE
V0.5_c2,nobgs,10,stage 1,1_F1399,1794856,47,FALSE
V0.5_c2,nobgs,10,stage 1,1_F2729,0,1,FALSE
V0.5_c2,nobgs,10,stage 1,1_F2237,22197249,80,FALSE
V0.5_c2,nobgs,10,stage 1,2_F94,8611924,45,FALSE
V0.5_c2,nobgs,10,stage 1,2_F242,786002,18,FALSE
V0.5_c2,nobgs,10,stage 1,2_F308,2612482,22,FALSE
V0.5_c2,nobgs,10,stage 1,2_F845,5159739,112,FALSE
V0.5_c2,nobgs,10,stage 1,2_F550,205881,27,FALSE
V0.5_c2,nobgs,10,stage 1,2_F1213,11774015,111,FALSE
V0.5_c2,nobgs,10,stage 1,2_F1580,12039095,203,FALSE
V0.5_c2,nobgs,10,stage 1,2_F1027,4283121,61,FALSE
V0.5_c2,nobgs,10,stage 1,3_F106,9126596,313,TRUE
V0.5_c2,nobgs,10,stage 1,3_F622,1592524,36,FALSE
V0.5_c2,nobgs,10,stage 1,3_F1033,7550749,238,FALSE
V0.5_c2,nobgs,10,stage 1,3_F1405,2614128,15,FALSE
V0.5_c2,nobgs,10,stage 1,3_F1609,1200397,12,FALSE
V0.5_c2,nobgs,10,stage 1,4_F103,20865376,68,FALSE
V0.5_c2,nobgs,10,stage 1,4_F155,280807,17,FALSE
V0.5_c2,nobgs,10,stage 1,4_F316,8337120,31,FALSE
V0.5_c2,nobgs,10,stage 1,4_F753,17189194,20,FALSE
V0.5_c2,nobgs,10,stage 1,4_F642,472462,6,FALSE
V0.5_c2,nobgs,10,stage 1,4_F777,101916,12,FALSE
V0.5_c2,nobgs,10,stage 1,4_F1251,1698616,27,FALSE
V0.5_c2,nobgs,10,stage 1,4_F1469,17428242,66,FALSE
V0.5_c2,nobgs,10,stage 1,4_F1394,2051897,49,FALSE
V0.5_c2,nobgs,10,stage 1,4_F2287,10958633,22,FALSE
V0.5_c2,nobgs,10,stage 1,4_F1986,27186468,27,FALSE
V0.5_c2,nobgs,10,stage 1,4_F1845,55282,2,FALSE
V0.5_c2,nobgs,10,stage 1,4_F1183,2974499,12,FALSE
V0.5_c2,nobgs,10,stage 1,5_F740,280447,13,FALSE
V0.5_c2,nobgs,10,stage 1,5_F456,12900271,113,FALSE
V0.5_c2,nobgs,10,stage 1,5_F19,326273,4,FALSE
V0.5_c2,nobgs,10,stage 1,5_F143,4023851,74,FALSE
V0.5_c2,nobgs,10,stage 1,6_F253,9467848,107,FALSE
V0.5_c2,nobgs,10,stage 1,6_F39,5577799,82,FALSE
V0.5_c2,nobgs,10,stage 1,6_F1693,15679970,61,FALSE
V0.5_c2,nobgs,10,stage 1,6_F1767,3984427,149,FALSE
V0.5_c2,nobgs,10,stage 1,6_F1275,7467237,72,FALSE
V0.5_c2,nobgs,10,stage 1,7_U1428,138743,21,FALSE
V0.5_c2,nobgs,10,stage 1,7_F1348,9265492,78,FALSE
V0.5_c2,nobgs,10,stage 1,8_F730,17376824,312,FALSE
V0.5_c2,nobgs,10,stage 1,8_F386,6106428,131,FALSE
V0.5_c2,nobgs,10,stage 1,8_F439,1102810,58,FALSE
V0.5_c2,nobgs,10,stage 1,8_F77,7141811,77,FALSE
V0.5_c2,nobgs,10,stage 1,8_F1188,10728697,209,FALSE
V0.5_c2,nobgs,10,stage 1,8_F1677,6136009,163,FALSE
V0.5_c2,nobgs,10,stage 1,8_F1205,0,1,FALSE
V0.5_c2,nobgs,10,stage 1,8_U6450,0,1,FALSE
V0.5_c2,nobgs,10,stage 1,9_F116,13762908,71,TRUE
V0.5_c2,nobgs,10,stage 1,9_F505,7491954,124,FALSE
V0.5_c2,nobgs,10,stage 1,9_F994,11677416,119,FALSE
V0.5_c2,nobgs,10,stage 1,10_F337,10619919,6,FALSE
V0.5_c2,nobgs,10,stage 1,10_F413,5904486,38,FALSE
V0.5_c2,nobgs,10,stage 1,10_F473,12330694,62,FALSE
V0.5_c2,nobgs,10,stage 1,10_F145,9061319,270,FALSE
V0.5_c2,nobgs,10,stage 1,10_F54,3891322,10,FALSE
V0.5_c2,bgs,1,stage 2,5_F1151,6210313,4,FALSE
V0.5_c2,bgs,1,stage 1,3_F1952,14229583,211,FALSE
V0.5_c2,bgs,1,stage 1,5_F1151,6210313,4,FALSE
V0.5_c2,bgs,2,stage 2,1_F658,25624263,158,TRUE
V0.5_c2,bgs,2,stage 2,1_F377,16648744,79,TRUE
V0.5_c2,bgs,2,stage 2,1_F1146,26944263,53,FALSE
V0.5_c2,bgs,2,stage 2,1_F1508,57240,3,FALSE
V0.5_c2,bgs,2,stage 2,1_F2398,17820152,184,FALSE
V0.5_c2,bgs,2,stage 2,1_F1863,14323829,22,FALSE
V0.5_c2,bgs,2,stage 2,1_F2494,16396543,100,FALSE
V0.5_c2,bgs,2,stage 2,1_F2998,13373988,107,FALSE
V0.5_c2,bgs,2,stage 2,1_F2150,15954180,91,FALSE
V0.5_c2,bgs,2,stage 2,1_F1699,5035148,34,FALSE
V0.5_c2,bgs,2,stage 2,2_U1837,386,2,FALSE
V0.5_c2,bgs,2,stage 2,2_F362,16964582,358,FALSE
V0.5_c2,bgs,2,stage 2,2_F838,18731150,85,FALSE
V0.5_c2,bgs,2,stage 2,2_U176,108312,9,FALSE
V0.5_c2,bgs,2,stage 2,2_F649,16090553,84,FALSE
V0.5_c2,bgs,2,stage 2,2_F1047,21216568,66,FALSE
V0.5_c2,bgs,2,stage 2,2_F1648,14395188,100,FALSE
V0.5_c2,bgs,2,stage 2,2_F1975,3002105,53,FALSE
V0.5_c2,bgs,2,stage 2,2_F2304,20626485,31,FALSE
V0.5_c2,bgs,2,stage 2,3_F234,10631636,352,FALSE
V0.5_c2,bgs,2,stage 2,3_F810,13817532,66,FALSE
V0.5_c2,bgs,2,stage 2,3_F1087,2036369,60,FALSE
V0.5_c2,bgs,2,stage 2,3_F1956,378602,21,FALSE
V0.5_c2,bgs,2,stage 2,3_F1297,7780873,146,FALSE
V0.5_c2,bgs,2,stage 2,4_F321,14055159,117,FALSE
V0.5_c2,bgs,2,stage 2,4_F31,11786058,106,FALSE
V0.5_c2,bgs,2,stage 2,4_F620,24861756,83,FALSE
V0.5_c2,bgs,2,stage 2,4_F1577,1310401,72,TRUE
V0.5_c2,bgs,2,stage 2,4_F1710,8780731,16,FALSE
V0.5_c2,bgs,2,stage 2,4_F1866,13024886,95,FALSE
V0.5_c2,bgs,2,stage 2,4_F2295,26400362,145,FALSE
V0.5_c2,bgs,2,stage 2,4_F3063,9990378,52,FALSE
V0.5_c2,bgs,2,stage 2,4_F3141,819238,55,FALSE
V0.5_c2,bgs,2,stage 2,4_F3203,1595196,28,FALSE
V0.5_c2,bgs,2,stage 2,4_F2085,2750829,19,FALSE
V0.5_c2,bgs,2,stage 2,5_F29,3329849,71,TRUE
V0.5_c2,bgs,2,stage 2,5_F235,11662735,303,FALSE
V0.5_c2,bgs,2,stage 2,5_F651,13598201,168,TRUE
V0.5_c2,bgs,2,stage 2,5_F1013,9927211,192,FALSE
V0.5_c2,bgs,2,stage 2,5_F1484,12668283,21,FALSE
V0.5_c2,bgs,2,stage 2,5_F1433,0,1,FALSE
V0.5_c2,bgs,2,stage 2,6_F310,9845424,172,FALSE
V0.5_c2,bgs,2,stage 2,6_F79,6568208,191,TRUE
V0.5_c2,bgs,2,stage 2,6_F799,15675551,266,FALSE
V0.5_c2,bgs,2,stage 2,6_F1623,10000175,134,FALSE
V0.5_c2,bgs,2,stage 2,7_F119,9267836,341,TRUE
V0.5_c2,bgs,2,stage 2,7_F960,1253337,71,FALSE
V0.5_c2,bgs,2,stage 2,7_F547,9470194,186,FALSE
V0.5_c2,bgs,2,stage 2,7_F532,30874,2,FALSE
V0.5_c2,bgs,2,stage 2,7_F1206,10615754,292,FALSE
V0.5_c2,bgs,2,stage 2,7_F1643,13955682,217,FALSE
V0.5_c2,bgs,2,stage 2,7_F1433,1120040,29,FALSE
V0.5_c2,bgs,2,stage 2,8_F614,18945721,268,FALSE
V0.5_c2,bgs,2,stage 2,8_F110,14675952,331,TRUE
V0.5_c2,bgs,2,stage 2,8_F421,93860,3,TRUE
V0.5_c2,bgs,2,stage 2,8_F1892,18273200,187,FALSE
V0.5_c2,bgs,2,stage 2,8_F1316,1493634,47,FALSE
V0.5_c2,bgs,2,stage 2,8_F1340,2314651,42,FALSE
V0.5_c2,bgs,2,stage 2,9_F657,16452497,185,FALSE
V0.5_c2,bgs,2,stage 2,9_F118,14057556,352,TRUE
V0.5_c2,bgs,2,stage 2,9_F2016,14804931,20,FALSE
V0.5_c2,bgs,2,stage 2,9_F1329,0,1,FALSE
V0.5_c2,bgs,2,stage 2,10_F429,14141903,166,FALSE
V0.5_c2,bgs,2,stage 2,10_F163,5850547,70,FALSE
V0.5_c2,bgs,2,stage 2,10_F1110,4772207,26,FALSE
V0.5_c2,bgs,2,stage 1,1_F55,16280819,216,FALSE
V0.5_c2,bgs,2,stage 1,1_F658,25624263,158,TRUE
V0.5_c2,bgs,2,stage 1,1_F377,16648744,79,TRUE
V0.5_c2,bgs,2,stage 1,1_F1146,26944263,53,FALSE
V0.5_c2,bgs,2,stage 1,1_F1508,57240,3,FALSE
V0.5_c2,bgs,2,stage 1,1_F1170,799665,56,FALSE
V0.5_c2,bgs,2,stage 1,1_F2398,17820152,184,FALSE
V0.5_c2,bgs,2,stage 1,1_F1863,14323829,22,FALSE
V0.5_c2,bgs,2,stage 1,1_F2494,16396543,100,FALSE
V0.5_c2,bgs,2,stage 1,1_F2998,13373988,107,FALSE
V0.5_c2,bgs,2,stage 1,1_F2150,15954180,91,FALSE
V0.5_c2,bgs,2,stage 1,1_F2269,1104609,5,FALSE
V0.5_c2,bgs,2,stage 1,1_F2268,630886,6,FALSE
V0.5_c2,bgs,2,stage 1,1_F2780,2074884,35,FALSE
V0.5_c2,bgs,2,stage 1,1_F1699,5035148,34,FALSE
V0.5_c2,bgs,2,stage 1,1_F2633,0,1,FALSE
V0.5_c2,bgs,2,stage 1,2_U1837,386,2,FALSE
V0.5_c2,bgs,2,stage 1,2_F362,16964582,358,FALSE
V0.5_c2,bgs,2,stage 1,2_F838,18731150,85,FALSE
V0.5_c2,bgs,2,stage 1,2_F761,268769,4,FALSE
V0.5_c2,bgs,2,stage 1,2_U176,108312,9,FALSE
V0.5_c2,bgs,2,stage 1,2_F649,16090553,84,FALSE
V0.5_c2,bgs,2,stage 1,2_U179,40100,10,FALSE
V0.5_c2,bgs,2,stage 1,2_F1047,21216568,66,FALSE
V0.5_c2,bgs,2,stage 1,2_F1091,431295,19,FALSE
V0.5_c2,bgs,2,stage 1,2_F1648,14395188,100,FALSE
V0.5_c2,bgs,2,stage 1,2_F1975,3002105,53,FALSE
V0.5_c2,bgs,2,stage 1,2_F2304,20626485,31,FALSE
V0.5_c2,bgs,2,stage 1,3_F234,10631636,352,FALSE
V0.5_c2,bgs,2,stage 1,3_F626,12639312,146,FALSE
V0.5_c2,bgs,2,stage 1,3_F810,13817532,66,FALSE
V0.5_c2,bgs,2,stage 1,3_F1651,3277285,106,FALSE
V0.5_c2,bgs,2,stage 1,3_F1087,2036369,60,FALSE
V0.5_c2,bgs,2,stage 1,3_F1956,378602,21,FALSE
V0.5_c2,bgs,2,stage 1,3_F1297,7780873,146,FALSE
V0.5_c2,bgs,2,stage 1,4_F450,13246059,6,FALSE
V0.5_c2,bgs,2,stage 1,4_F321,14055159,117,FALSE
V0.5_c2,bgs,2,stage 1,4_F31,11786058,106,FALSE
V0.5_c2,bgs,2,stage 1,4_F469,2575364,23,FALSE
V0.5_c2,bgs,2,stage 1,4_F620,24861756,83,FALSE
V0.5_c2,bgs,2,stage 1,4_F1577,1310401,72,TRUE
V0.5_c2,bgs,2,stage 1,4_F1710,8780731,16,FALSE
V0.5_c2,bgs,2,stage 1,4_F1866,13024886,95,FALSE
V0.5_c2,bgs,2,stage 1,4_F2295,26400362,145,FALSE
V0.5_c2,bgs,2,stage 1,4_F3063,9990378,52,FALSE
V0.5_c2,bgs,2,stage 1,4_F3141,819238,55,FALSE
V0.5_c2,bgs,2,stage 1,4_F3203,1595196,28,FALSE
V0.5_c2,bgs,2,stage 1,4_F2085,2750829,19,FALSE
V0.5_c2,bgs,2,stage 1,4_F2153,0,1,FALSE
V0.5_c2,bgs,2,stage 1,5_F29,3329849,71,TRUE
V0.5_c2,bgs,2,stage 1,5_F235,11662735,303,FALSE
V0.5_c2,bgs,2,stage 1,5_F651,13598201,168,TRUE
V0.5_c2,bgs,2,stage 1,5_F1013,9927211,192,FALSE
V0.5_c2,bgs,2,stage 1,5_F1484,12668283,21,FALSE
V0.5_c2,bgs,2,stage 1,5_F1433,0,1,FALSE
V0.5_c2,bgs,2,stage 1,6_F337,9109796,23,FALSE
V0.5_c2,bgs,2,stage 1,6_F310,9845424,172,FALSE
V0.5_c2,bgs,2,stage 1,6_F79,6568208,191,TRUE
V0.5_c2,bgs,2,stage 1,6_F799,15675551,266,FALSE
V0.5_c2,bgs,2,stage 1,6_F1623,10000175,134,FALSE
V0.5_c2,bgs,2,stage 1,6_F1989,15927065,96,FALSE
V0.5_c2,bgs,2,stage 1,7_F119,9267836,341,TRUE
V0.5_c2,bgs,2,stage 1,7_F960,1253337,71,FALSE
V0.5_c2,bgs,2,stage 1,7_F547,9470194,186,FALSE
V0.5_c2,bgs,2,stage 1,7_F532,30874,2,FALSE
V0.5_c2,bgs,2,stage 1,7_F1206,10615754,292,FALSE
V0.5_c2,bgs,2,stage 1,7_F1755,10584383,5,FALSE
V0.5_c2,bgs,2,stage 1,7_F1643,13955682,217,FALSE
V0.5_c2,bgs,2,stage 1,7_F1433,1120040,29,FALSE
V0.5_c2,bgs,2,stage 1,7_F1051,31236,4,FALSE
V0.5_c2,bgs,2,stage 1,8_F614,18945721,268,FALSE
V0.5_c2,bgs,2,stage 1,8_F749,11117999,31,TRUE
V0.5_c2,bgs,2,stage 1,8_F110,14675952,331,TRUE
V0.5_c2,bgs,2,stage 1,8_F628,3356506,15,FALSE
V0.5_c2,bgs,2,stage 1,8_F421,93860,3,TRUE
V0.5_c2,bgs,2,stage 1,8_F2087,89931,4,FALSE
V0.5_c2,bgs,2,stage 1,8_F1892,18273200,187,FALSE
V0.5_c2,bgs,2,stage 1,8_F2445,634665,14,FALSE
V0.5_c2,bgs,2,stage 1,8_F1316,1493634,47,FALSE
V0.5_c2,bgs,2,stage 1,8_F1340,2314651,42,FALSE
V0.5_c2,bgs,2,stage 1,9_F657,16452497,185,FALSE
V0.5_c2,bgs,2,stage 1,9_F118,14057556,352,TRUE
V0.5_c2,bgs,2,stage 1,9_F270,7998272,32,FALSE
V0.5_c2,bgs,2,stage 1,9_F1432,14056125,620,FALSE
V0.5_c2,bgs,2,stage 1,9_F2016,14804931,20,FALSE
V0.5_c2,bgs,2,stage 1,9_F1329,0,1,FALSE
V0.5_c2,bgs,2,stage 1,10_F429,14141903,166,FALSE
V0.5_c2,bgs,2,stage 1,10_F163,5850547,70,FALSE
V0.5_c2,bgs,2,stage 1,10_F639,13048237,155,FALSE
V0.5_c2,bgs,2,stage 1,10_F1110,4772207,26,FALSE
V0.5_c2,bgs,3,stage 2,1_F1335,27316195,61,FALSE
V0.5_c2,bgs,3,stage 2,1_F779,5685964,10,FALSE
V0.5_c2,bgs,3,stage 2,1_F2344,25023967,297,FALSE
V0.5_c2,bgs,3,stage 2,1_F1677,14985158,102,FALSE
V0.5_c2,bgs,3,stage 2,1_F3075,811871,13,FALSE
V0.5_c2,bgs,3,stage 2,2_F192,11068402,57,FALSE
V0.5_c2,bgs,3,stage 2,2_F903,10074516,41,FALSE
V0.5_c2,bgs,3,stage 2,2_F1132,11558195,193,TRUE
V0.5_c2,bgs,3,stage 2,2_F14,1694214,9,FALSE
V0.5_c2,bgs,3,stage 2,2_F897,3102895,74,FALSE
V0.5_c2,bgs,3,stage 2,2_F707,6823576,230,FALSE
V0.5_c2,bgs,3,stage 2,2_F1768,18453695,281,FALSE
V0.5_c2,bgs,3,stage 2,2_F1474,10230745,125,FALSE
V0.5_c2,bgs,3,stage 2,2_F1723,17499209,256,FALSE
V0.5_c2,bgs,3,stage 2,2_F2407,7295103,109,FALSE
V0.5_c2,bgs,3,stage 2,2_F2177,2796019,23,FALSE
V0.5_c2,bgs,3,stage 2,3_F732,14853703,203,FALSE
V0.5_c2,bgs,3,stage 2,3_F2030,13348044,256,FALSE
V0.5_c2,bgs,3,stage 2,3_F1377,8882471,101,FALSE
V0.5_c2,bgs,3,stage 2,4_F500,26982665,111,FALSE
V0.5_c2,bgs,3,stage 2,4_F98,17219340,118,FALSE
V0.5_c2,bgs,3,stage 2,4_F1414,1279331,54,TRUE
V0.5_c2,bgs,3,stage 2,4_F962,4144926,63,FALSE
V0.5_c2,bgs,3,stage 2,4_F2755,19365527,44,FALSE
V0.5_c2,bgs,3,stage 2,4_F2775,18390470,34,FALSE
V0.5_c2,bgs,3,stage 2,4_F2550,607389,11,FALSE
V0.5_c2,bgs,3,stage 2,4_F2581,20226128,20,FALSE
V0.5_c2,bgs,3,stage 2,4_F2391,2369580,7,FALSE
V0.5_c2,bgs,3,stage 2,5_F1963,995478,19,FALSE
V0.5_c2,bgs,3,stage 2,6_F86,6241500,39,FALSE
V0.5_c2,bgs,3,stage 2,6_F555,2631161,42,FALSE
V0.5_c2,bgs,3,stage 2,6_F1053,6082958,222,FALSE
V0.5_c2,bgs,3,stage 2,6_F732,5267707,47,FALSE
V0.5_c2,bgs,3,stage 2,6_F1654,12535149,342,FALSE
V0.5_c2,bgs,3,stage 2,6_F2186,16087671,144,FALSE
V0.5_c2,bgs,3,stage 2,7_F223,8948571,159,FALSE
V0.5_c2,bgs,3,stage 2,7_F13,377637,20,TRUE
V0.5_c2,bgs,3,stage 2,7_F1202,7298558,108,FALSE
V0.5_c2,bgs,3,stage 2,7_F1785,11937985,149,FALSE
V0.5_c2,bgs,3,stage 2,8_F558,15012258,8,FALSE
V0.5_c2,bgs,3,stage 2,8_F211,12982417,296,FALSE
V0.5_c2,bgs,3,stage 2,8_F1122,18658190,34,FALSE
V0.5_c2,bgs,3,stage 2,8_F1316,213156,15,FALSE
V0.5_c2,bgs,3,stage 2,8_F84,5433835,3,FALSE
V0.5_c2,bgs,3,stage 2,8_F631,213888,3,TRUE
V0.5_c2,bgs,3,stage 2,8_F1528,13971327,376,FALSE
V0.5_c2,bgs,3,stage 2,8_F1581,7582638,35,FALSE
V0.5_c2,bgs,3,stage 2,8_F2047,377916,9,FALSE
V0.5_c2,bgs,3,stage 2,9_F100,11723485,292,FALSE
V0.5_c2,bgs,3,stage 2,9_F655,19882624,212,TRUE
V0.5_c2,bgs,3,stage 2,9_F547,17372286,139,FALSE
V0.5_c2,bgs,3,stage 2,9_F430,3240031,50,FALSE
V0.5_c2,bgs,3,stage 2,9_F66,109818,14,FALSE
V0.5_c2,bgs,3,stage 2,9_F442,876587,33,FALSE
V0.5_c2,bgs,3,stage 2,9_F1104,5288135,41,TRUE
V0.5_c2,bgs,3,stage 2,9_F1226,9830599,360,FALSE
V0.5_c2,bgs,3,stage 2,9_F1772,19817856,367,FALSE
V0.5_c2,bgs,3,stage 2,9_F1582,8055,3,FALSE
V0.5_c2,bgs,3,stage 2,9_F1813,0,1,FALSE
V0.5_c2,bgs,3,stage 2,9_U5640,0,1,FALSE
V0.5_c2,bgs,3,stage 2,9_F1229,5143718,47,FALSE
V0.5_c2,bgs,3,stage 2,9_F1235,175593,2,FALSE
V0.5_c2,bgs,3,stage 2,10_F243,14098864,404,FALSE
V0.5_c2,bgs,3,stage 2,10_F958,5936080,108,FALSE
V0.5_c2,bgs,3,stage 2,10_F227,1809105,108,FALSE
V0.5_c2,bgs,3,stage 2,10_F1412,13922981,476,FALSE
V0.5_c2,bgs,3,stage 1,1_F605,26069253,296,FALSE
V0.5_c2,bgs,3,stage 1,1_F685,25545715,277,FALSE
V0.5_c2,bgs,3,stage 1,1_F1335,27316195,61,FALSE
V0.5_c2,bgs,3,stage 1,1_F39,15653737,60,FALSE
V0.5_c2,bgs,3,stage 1,1_F779,5685964,10,FALSE
V0.5_c2,bgs,3,stage 1,1_F2344,25023967,297,FALSE
V0.5_c2,bgs,3,stage 1,1_F1659,13166909,32,FALSE
V0.5_c2,bgs,3,stage 1,1_F1677,14985158,102,FALSE
V0.5_c2,bgs,3,stage 1,1_F2464,25459220,218,FALSE
V0.5_c2,bgs,3,stage 1,1_F3075,811871,13,FALSE
V0.5_c2,bgs,3,stage 1,2_F192,11068402,57,FALSE
V0.5_c2,bgs,3,stage 1,2_F903,10074516,41,FALSE
V0.5_c2,bgs,3,stage 1,2_F1132,11558195,193,TRUE
V0.5_c2,bgs,3,stage 1,2_F14,1694214,9,FALSE
V0.5_c2,bgs,3,stage 1,2_F2,1305996,18,FALSE
V0.5_c2,bgs,3,stage 1,2_F897,3102895,74,FALSE
V0.5_c2,bgs,3,stage 1,2_F707,6823576,230,FALSE
V0.5_c2,bgs,3,stage 1,2_F1448,10099358,205,FALSE
V0.5_c2,bgs,3,stage 1,2_F1768,18453695,281,FALSE
V0.5_c2,bgs,3,stage 1,2_F1474,10230745,125,FALSE
V0.5_c2,bgs,3,stage 1,2_F1723,17499209,256,FALSE
V0.5_c2,bgs,3,stage 1,2_F2407,7295103,109,FALSE
V0.5_c2,bgs,3,stage 1,2_F2065,1590,2,FALSE
V0.5_c2,bgs,3,stage 1,2_F2177,2796019,23,FALSE
V0.5_c2,bgs,3,stage 1,3_F732,14853703,203,FALSE
V0.5_c2,bgs,3,stage 1,3_F2030,13348044,256,FALSE
V0.5_c2,bgs,3,stage 1,3_F2404,690199,10,FALSE
V0.5_c2,bgs,3,stage 1,3_F1377,8882471,101,FALSE
V0.5_c2,bgs,3,stage 1,4_F500,26982665,111,FALSE
V0.5_c2,bgs,3,stage 1,4_F98,17219340,118,FALSE
V0.5_c2,bgs,3,stage 1,4_F365,27015847,171,FALSE
V0.5_c2,bgs,3,stage 1,4_F1414,1279331,54,TRUE
V0.5_c2,bgs,3,stage 1,4_F425,20880833,18,FALSE
V0.5_c2,bgs,3,stage 1,4_F962,4144926,63,FALSE
V0.5_c2,bgs,3,stage 1,4_F2755,19365527,44,FALSE
V0.5_c2,bgs,3,stage 1,4_F2775,18390470,34,FALSE
V0.5_c2,bgs,3,stage 1,4_F1940,11512514,35,FALSE
V0.5_c2,bgs,3,stage 1,4_F2550,607389,11,FALSE
V0.5_c2,bgs,3,stage 1,4_F2202,20229799,233,FALSE
V0.5_c2,bgs,3,stage 1,4_F2581,20226128,20,FALSE
V0.5_c2,bgs,3,stage 1,4_F2391,2369580,7,FALSE
V0.5_c2,bgs,3,stage 1,4_F2909,28157421,13,FALSE
V0.5_c2,bgs,3,stage 1,5_F1167,10991289,322,FALSE
V0.5_c2,bgs,3,stage 1,5_F1963,995478,19,FALSE
V0.5_c2,bgs,3,stage 1,6_F269,9683597,72,FALSE
V0.5_c2,bgs,3,stage 1,6_F545,12067604,109,FALSE
V0.5_c2,bgs,3,stage 1,6_F86,6241500,39,FALSE
V0.5_c2,bgs,3,stage 1,6_F555,2631161,42,FALSE
V0.5_c2,bgs,3,stage 1,6_F1053,6082958,222,FALSE
V0.5_c2,bgs,3,stage 1,6_F995,15199676,345,FALSE
V0.5_c2,bgs,3,stage 1,6_F2,3190122,80,FALSE
V0.5_c2,bgs,3,stage 1,6_F732,5267707,47,FALSE
V0.5_c2,bgs,3,stage 1,6_F775,469195,4,FALSE
V0.5_c2,bgs,3,stage 1,6_F1654,12535149,342,FALSE
V0.5_c2,bgs,3,stage 1,6_F1929,13255004,59,FALSE
V0.5_c2,bgs,3,stage 1,6_F2186,16087671,144,FALSE
V0.5_c2,bgs,3,stage 1,6_F1625,9619316,253,FALSE
V0.5_c2,bgs,3,stage 1,6_F2467,63457,2,FALSE
V0.5_c2,bgs,3,stage 1,6_F1960,1764324,105,FALSE
V0.5_c2,bgs,3,stage 1,7_F223,8948571,159,FALSE
V0.5_c2,bgs,3,stage 1,7_F13,377637,20,TRUE
V0.5_c2,bgs,3,stage 1,7_F1202,7298558,108,FALSE
V0.5_c2,bgs,3,stage 1,7_F1785,11937985,149,FALSE
V0.5_c2,bgs,3,stage 1,8_F558,15012258,8,FALSE
V0.5_c2,bgs,3,stage 1,8_F136,11521560,156,FALSE
V0.5_c2,bgs,3,stage 1,8_F211,12982417,296,FALSE
V0.5_c2,bgs,3,stage 1,8_F1122,18658190,34,FALSE
V0.5_c2,bgs,3,stage 1,8_F1316,213156,15,FALSE
V0.5_c2,bgs,3,stage 1,8_F84,5433835,3,FALSE
V0.5_c2,bgs,3,stage 1,8_F631,213888,3,TRUE
V0.5_c2,bgs,3,stage 1,8_F1528,13971327,376,FALSE
V0.5_c2,bgs,3,stage 1,8_F1581,7582638,35,FALSE
V0.5_c2,bgs,3,stage 1,8_F1472,14170967,177,FALSE
V0.5_c2,bgs,3,stage 1,8_F2047,377916,9,FALSE
V0.5_c2,bgs,3,stage 1,8_F2126,18847633,392,FALSE
V0.5_c2,bgs,3,stage 1,8_U4101,4989,2,FALSE
V0.5_c2,bgs,3,stage 1,9_F243,13451982,972,TRUE
V0.5_c2,bgs,3,stage 1,9_F100,11723485,292,FALSE
V0.5_c2,bgs,3,stage 1,9_F655,19882624,212,TRUE
V0.5_c2,bgs,3,stage 1,9_F547,17372286,139,FALSE
V0.5_c2,bgs,3,stage 1,9_F430,3240031,50,FALSE
V0.5_c2,bgs,3,stage 1,9_F66,109818,14,FALSE
V0.5_c2,bgs,3,stage 1,9_F442,876587,33,FALSE
V0.5_c2,bgs,3,stage 1,9_F1104,5288135,41,TRUE
V0.5_c2,bgs,3,stage 1,9_F1226,9830599,360,FALSE
V0.5_c2,bgs,3,stage 1,9_F1772,19817856,367,FALSE
V0.5_c2,bgs,3,stage 1,9_F2221,4497680,26,FALSE
V0.5_c2,bgs,3,stage 1,9_F1735,6054584,36,FALSE
V0.5_c2,bgs,3,stage 1,9_F1582,8055,3,FALSE
V0.5_c2,bgs,3,stage 1,9_F1813,0,1,FALSE
V0.5_c2,bgs,3,stage 1,9_U5640,0,1,FALSE
V0.5_c2,bgs,3,stage 1,9_F2277,838801,8,FALSE
V0.5_c2,bgs,3,stage 1,9_F1229,5143718,47,FALSE
V0.5_c2,bgs,3,stage 1,9_F1235,175593,2,FALSE
V0.5_c2,bgs,3,stage 1,10_F243,14098864,404,FALSE
V0.5_c2,bgs,3,stage 1,10_F958,5936080,108,FALSE
V0.5_c2,bgs,3,stage 1,10_F768,9081681,195,FALSE
V0.5_c2,bgs,3,stage 1,10_F734,13673841,66,FALSE
V0.5_c2,bgs,3,stage 1,10_F227,1809105,108,FALSE
V0.5_c2,bgs,3,stage 1,10_F110,1471313,18,FALSE
V0.5_c2,bgs,3,stage 1,10_F1506,14307114,187,FALSE
V0.5_c2,bgs,3,stage 1,10_F1412,13922981,476,FALSE
V0.5_c2,bgs,3,stage 1,10_F1432,6477180,27,FALSE
V0.5_c2,bgs,4,stage 2,3_F294,7943608,20,FALSE
V0.5_c2,bgs,4,stage 2,3_F698,36705,2,FALSE
V0.5_c2,bgs,4,stage 2,7_F1265,541503,2,FALSE
V0.5_c2,bgs,4,stage 1,3_F294,7943608,20,FALSE
V0.5_c2,bgs,4,stage 1,3_F698,36705,2,FALSE
V0.5_c2,bgs,4,stage 1,7_F1265,541503,2,FALSE
V0.5_c2,bgs,5,stage 2,9_F441,6824,5,FALSE
V0.5_c2,bgs,5,stage 1,1_F1845,15569971,244,FALSE
V0.5_c2,bgs,5,stage 1,3_F1439,7002127,154,FALSE
V0.5_c2,bgs,5,stage 1,8_F66,6506892,2,FALSE
V0.5_c2,bgs,5,stage 1,8_F1530,13925521,385,FALSE
V0.5_c2,bgs,5,stage 1,8_F2095,16509716,150,FALSE
V0.5_c2,bgs,5,stage 1,9_F442,14523643,7,FALSE
V0.5_c2,bgs,5,stage 1,9_F441,6824,5,FALSE
V0.5_c2,bgs,6,stage 2,1_F1186,25585513,328,FALSE
V0.5_c2,bgs,6,stage 2,1_F68,15387751,133,FALSE
V0.5_c2,bgs,6,stage 2,1_F488,20052108,135,FALSE
V0.5_c2,bgs,6,stage 2,1_F223,15417982,33,FALSE
V0.5_c2,bgs,6,stage 2,1_F850,24178384,111,FALSE
V0.5_c2,bgs,6,stage 2,1_F1199,6767,2,FALSE
V0.5_c2,bgs,6,stage 2,1_F1468,931971,27,FALSE
V0.5_c2,bgs,6,stage 2,1_F792,8470,2,FALSE
V0.5_c2,bgs,6,stage 2,1_F2617,11545126,89,FALSE
V0.5_c2,bgs,6,stage 2,1_F2401,12407263,82,FALSE
V0.5_c2,bgs,6,stage 2,1_U7901,104306,3,FALSE
V0.5_c2,bgs,6,stage 2,1_F2323,0,1,FALSE
V0.5_c2,bgs,6,stage 2,1_F2860,1099586,7,FALSE
V0.5_c2,bgs,6,stage 2,1_F1609,3318415,44,FALSE
V0.5_c2,bgs,6,stage 2,2_F942,298992,22,FALSE
V0.5_c2,bgs,6,stage 2,2_F662,3909755,81,FALSE
V0.5_c2,bgs,6,stage 2,2_F854,15466346,220,FALSE
V0.5_c2,bgs,6,stage 2,2_F187,22048604,351,TRUE
V0.5_c2,bgs,6,stage 2,2_F444,643640,48,FALSE
V0.5_c2,bgs,6,stage 2,2_F1324,5096920,202,FALSE
V0.5_c2,bgs,6,stage 2,2_F1501,3985343,92,FALSE
V0.5_c2,bgs,6,stage 2,2_F1895,97244,10,FALSE
V0.5_c2,bgs,6,stage 2,2_F2269,21587577,261,FALSE
V0.5_c2,bgs,6,stage 2,2_F2427,33540,2,FALSE
V0.5_c2,bgs,6,stage 2,3_F174,9642260,118,FALSE
V0.5_c2,bgs,6,stage 2,3_F618,10756140,36,FALSE
V0.5_c2,bgs,6,stage 2,3_F940,14882929,88,FALSE
V0.5_c2,bgs,6,stage 2,3_F1855,977965,32,FALSE
V0.5_c2,bgs,6,stage 2,3_F1465,9368387,227,FALSE
V0.5_c2,bgs,6,stage 2,3_F2042,0,1,FALSE
V0.5_c2,bgs,6,stage 2,3_U3084,0,1,FALSE
V0.5_c2,bgs,6,stage 2,3_F1949,12886531,75,FALSE
V0.5_c2,bgs,6,stage 2,3_U3157,18091,4,FALSE
V0.5_c2,bgs,6,stage 2,3_F2353,15214503,19,FALSE
V0.5_c2,bgs,6,stage 2,3_U6045,91282,11,FALSE
V0.5_c2,bgs,6,stage 2,3_F1144,3388133,20,FALSE
V0.5_c2,bgs,6,stage 2,3_F2444,0,1,FALSE
V0.5_c2,bgs,6,stage 2,4_F1126,7927397,7,FALSE
V0.5_c2,bgs,6,stage 2,4_F61,12607719,58,TRUE
V0.5_c2,bgs,6,stage 2,4_F248,3628,2,FALSE
V0.5_c2,bgs,6,stage 2,4_F557,22795356,156,TRUE
V0.5_c2,bgs,6,stage 2,4_F227,2298804,42,FALSE
V0.5_c2,bgs,6,stage 2,4_F217,616365,24,FALSE
V0.5_c2,bgs,6,stage 2,4_U11,1651713,3,FALSE
V0.5_c2,bgs,6,stage 2,4_U24,0,1,FALSE
V0.5_c2,bgs,6,stage 2,4_F1041,30156665,18,FALSE
V0.5_c2,bgs,6,stage 2,4_F1472,0,1,FALSE
V0.5_c2,bgs,6,stage 2,4_F3058,23244573,18,FALSE
V0.5_c2,bgs,6,stage 2,4_F1690,11572797,15,FALSE
V0.5_c2,bgs,6,stage 2,4_F1773,10145862,39,FALSE
V0.5_c2,bgs,6,stage 2,4_F2160,23838296,477,FALSE
V0.5_c2,bgs,6,stage 2,4_U6103,0,1,FALSE
V0.5_c2,bgs,6,stage 2,4_F2538,28222135,37,FALSE
V0.5_c2,bgs,6,stage 2,4_F2894,1043076,7,FALSE
V0.5_c2,bgs,6,stage 2,5_F203,46900,10,FALSE
V0.5_c2,bgs,6,stage 2,5_U1560,43528,4,FALSE
V0.5_c2,bgs,6,stage 2,5_F576,12204577,167,TRUE
V0.5_c2,bgs,6,stage 2,5_F773,10216258,165,FALSE
V0.5_c2,bgs,6,stage 2,5_F1277,10670522,291,FALSE
V0.5_c2,bgs,6,stage 2,5_F1684,3481853,120,FALSE
V0.5_c2,bgs,6,stage 2,5_F1736,11746,4,FALSE
V0.5_c2,bgs,6,stage 2,5_F1760,5881,2,FALSE
V0.5_c2,bgs,6,stage 2,6_F418,12778169,202,FALSE
V0.5_c2,bgs,6,stage 2,6_F250,494303,18,FALSE
V0.5_c2,bgs,6,stage 2,6_F1496,12279933,199,FALSE
V0.5_c2,bgs,6,stage 2,6_F1231,7019528,182,FALSE
V0.5_c2,bgs,6,stage 2,6_U3509,270194,9,FALSE
V0.5_c2,bgs,6,stage 2,6_F2294,1710736,12,FALSE
V0.5_c2,bgs,6,stage 2,7_F156,11326501,47,FALSE
V0.5_c2,bgs,6,stage 2,7_F1118,6699170,300,FALSE
V0.5_c2,bgs,6,stage 2,7_F1335,4830891,303,FALSE
V0.5_c2,bgs,6,stage 2,8_F503,14270778,49,FALSE
V0.5_c2,bgs,6,stage 2,8_F830,19202306,215,FALSE
V0.5_c2,bgs,6,stage 2,8_F212,14136883,221,FALSE
V0.5_c2,bgs,6,stage 2,8_F164,7707536,4,FALSE
V0.5_c2,bgs,6,stage 2,8_F806,12127,3,FALSE
V0.5_c2,bgs,6,stage 2,8_F1269,1097284,6,FALSE
V0.5_c2,bgs,6,stage 2,8_F1412,9600540,93,FALSE
V0.5_c2,bgs,6,stage 2,8_F1446,13183578,79,FALSE
V0.5_c2,bgs,6,stage 2,8_F1658,12907862,57,FALSE
V0.5_c2,bgs,6,stage 2,8_F2067,18422568,449,FALSE
V0.5_c2,bgs,6,stage 2,8_F1845,163914,23,FALSE
V0.5_c2,bgs,6,stage 2,8_U4176,929533,4,FALSE
V0.5_c2,bgs,6,stage 2,8_U4180,29088,3,FALSE
V0.5_c2,bgs,6,stage 2,8_U4191,198428,8,FALSE
V0.5_c2,bgs,6,stage 2,8_U5443,271833,2,FALSE
V0.5_c2,bgs,6,stage 2,9_F76,11548079,345,FALSE
V0.5_c2,bgs,6,stage 2,9_F1107,738615,4,FALSE
V0.5_c2,bgs,6,stage 2,9_F566,179751,7,FALSE
V0.5_c2,bgs,6,stage 2,9_F908,763622,20,FALSE
V0.5_c2,bgs,6,stage 2,9_F1203,4465756,61,FALSE
V0.5_c2,bgs,6,stage 2,9_F1898,19335180,133,FALSE
V0.5_c2,bgs,6,stage 2,9_F2158,580965,14,FALSE
V0.5_c2,bgs,6,stage 2,9_F1127,178254,4,FALSE
V0.5_c2,bgs,6,stage 2,10_F393,13343467,117,TRUE
V0.5_c2,bgs,6,stage 2,10_F769,15013718,114,FALSE
V0.5_c2,bgs,6,stage 2,10_F117,5846064,90,FALSE
V0.5_c2,bgs,6,stage 2,10_F1,417579,10,FALSE
V0.5_c2,bgs,6,stage 2,10_F1783,15483078,102,FALSE
V0.5_c2,bgs,6,stage 2,10_F1277,4933758,48,FALSE
V0.5_c2,bgs,6,stage 2,10_F1928,2399718,51,FALSE
V0.5_c2,bgs,6,stage 1,1_F1186,25585513,328,FALSE
V0.5_c2,bgs,6,stage 1,1_F68,15387751,133,FALSE
V0.5_c2,bgs,6,stage 1,1_F488,20052108,135,FALSE
V0.5_c2,bgs,6,stage 1,1_F223,15417982,33,FALSE
V0.5_c2,bgs,6,stage 1,1_U984,1324218,5,FALSE
V0.5_c2,bgs,6,stage 1,1_F850,24178384,111,FALSE
V0.5_c2,bgs,6,stage 1,1_U2580,0,1,FALSE
V0.5_c2,bgs,6,stage 1,1_F1199,6767,2,FALSE
V0.5_c2,bgs,6,stage 1,1_U4670,206949,5,FALSE
V0.5_c2,bgs,6,stage 1,1_F1468,931971,27,FALSE
V0.5_c2,bgs,6,stage 1,1_F1145,9718,2,FALSE
V0.5_c2,bgs,6,stage 1,1_F792,8470,2,FALSE
V0.5_c2,bgs,6,stage 1,1_F1788,748642,8,FALSE
V0.5_c2,bgs,6,stage 1,1_F2054,7777101,21,FALSE
V0.5_c2,bgs,6,stage 1,1_F2617,11545126,89,FALSE
V0.5_c2,bgs,6,stage 1,1_F2401,12407263,82,FALSE
V0.5_c2,bgs,6,stage 1,1_F2486,0,1,FALSE
V0.5_c2,bgs,6,stage 1,1_F2616,53203,2,FALSE
V0.5_c2,bgs,6,stage 1,1_U7901,104306,3,FALSE
V0.5_c2,bgs,6,stage 1,1_F2323,0,1,FALSE
V0.5_c2,bgs,6,stage 1,1_F2860,1099586,7,FALSE
V0.5_c2,bgs,6,stage 1,1_F1609,3318415,44,FALSE
V0.5_c2,bgs,6,stage 1,2_F942,298992,22,FALSE
V0.5_c2,bgs,6,stage 1,2_F662,3909755,81,FALSE
V0.5_c2,bgs,6,stage 1,2_F854,15466346,220,FALSE
V0.5_c2,bgs,6,stage 1,2_F187,22048604,351,TRUE
V0.5_c2,bgs,6,stage 1,2_F444,643640,48,FALSE
V0.5_c2,bgs,6,stage 1,2_F1689,17821615,153,FALSE
V0.5_c2,bgs,6,stage 1,2_F1324,5096920,202,FALSE
V0.5_c2,bgs,6,stage 1,2_F1338,7677071,173,FALSE
V0.5_c2,bgs,6,stage 1,2_F1501,3985343,92,FALSE
V0.5_c2,bgs,6,stage 1,2_F1895,97244,10,FALSE
V0.5_c2,bgs,6,stage 1,2_F1758,152146,7,FALSE
V0.5_c2,bgs,6,stage 1,2_F2269,21587577,261,FALSE
V0.5_c2,bgs,6,stage 1,2_U4785,141342,4,FALSE
V0.5_c2,bgs,6,stage 1,2_F2427,33540,2,FALSE
V0.5_c2,bgs,6,stage 1,3_F213,1813884,41,FALSE
V0.5_c2,bgs,6,stage 1,3_F174,9642260,118,FALSE
V0.5_c2,bgs,6,stage 1,3_F618,10756140,36,FALSE
V0.5_c2,bgs,6,stage 1,3_F940,14882929,88,FALSE
V0.5_c2,bgs,6,stage 1,3_F1855,977965,32,FALSE
V0.5_c2,bgs,6,stage 1,3_F1839,1187005,50,FALSE
V0.5_c2,bgs,6,stage 1,3_F1465,9368387,227,FALSE
V0.5_c2,bgs,6,stage 1,3_F2042,0,1,FALSE
V0.5_c2,bgs,6,stage 1,3_U3084,0,1,FALSE
V0.5_c2,bgs,6,stage 1,3_F1949,12886531,75,FALSE
V0.5_c2,bgs,6,stage 1,3_U3157,18091,4,FALSE
V0.5_c2,bgs,6,stage 1,3_F2353,15214503,19,FALSE
V0.5_c2,bgs,6,stage 1,3_U6045,91282,11,FALSE
V0.5_c2,bgs,6,stage 1,3_F1144,3388133,20,FALSE
V0.5_c2,bgs,6,stage 1,3_F1474,1183822,27,FALSE
V0.5_c2,bgs,6,stage 1,3_F2444,0,1,FALSE
V0.5_c2,bgs,6,stage 1,4_F1126,7927397,7,FALSE
V0.5_c2,bgs,6,stage 1,4_F61,12607719,58,TRUE
V0.5_c2,bgs,6,stage 1,4_F248,3628,2,FALSE
V0.5_c2,bgs,6,stage 1,4_U2567,0,1,FALSE
V0.5_c2,bgs,6,stage 1,4_F557,22795356,156,TRUE
V0.5_c2,bgs,6,stage 1,4_F232,10879321,50,FALSE
V0.5_c2,bgs,6,stage 1,4_F227,2298804,42,FALSE
V0.5_c2,bgs,6,stage 1,4_F217,616365,24,FALSE
V0.5_c2,bgs,6,stage 1,4_U3021,0,1,FALSE
V0.5_c2,bgs,6,stage 1,4_F485,10505470,19,FALSE
V0.5_c2,bgs,6,stage 1,4_U21,0,1,FALSE
V0.5_c2,bgs,6,stage 1,4_U11,1651713,3,FALSE
V0.5_c2,bgs,6,stage 1,4_U24,0,1,FALSE
V0.5_c2,bgs,6,stage 1,4_F1041,30156665,18,FALSE
V0.5_c2,bgs,6,stage 1,4_F1473,19947343,50,FALSE
V0.5_c2,bgs,6,stage 1,4_F1472,0,1,FALSE
V0.5_c2,bgs,6,stage 1,4_U4502,0,1,FALSE
V0.5_c2,bgs,6,stage 1,4_F1181,0,1,FALSE
V0.5_c2,bgs,6,stage 1,4_F3058,23244573,18,FALSE
V0.5_c2,bgs,6,stage 1,4_F1690,11572797,15,FALSE
V0.5_c2,bgs,6,stage 1,4_F1773,10145862,39,FALSE
V0.5_c2,bgs,6,stage 1,4_F2160,23838296,477,FALSE
V0.5_c2,bgs,6,stage 1,4_F2090,22946117,221,FALSE
V0.5_c2,bgs,6,stage 1,4_U6103,0,1,FALSE
V0.5_c2,bgs,6,stage 1,4_F2538,28222135,37,FALSE
V0.5_c2,bgs,6,stage 1,4_U9577,0,1,FALSE
V0.5_c2,bgs,6,stage 1,4_F2894,1043076,7,FALSE
V0.5_c2,bgs,6,stage 1,5_F201,11982559,375,FALSE
V0.5_c2,bgs,6,stage 1,5_F257,1027564,12,FALSE
V0.5_c2,bgs,6,stage 1,5_F203,46900,10,FALSE
V0.5_c2,bgs,6,stage 1,5_U1560,43528,4,FALSE
V0.5_c2,bgs,6,stage 1,5_F576,12204577,167,TRUE
V0.5_c2,bgs,6,stage 1,5_F773,10216258,165,FALSE
V0.5_c2,bgs,6,stage 1,5_F1277,10670522,291,FALSE
V0.5_c2,bgs,6,stage 1,5_F1684,3481853,120,FALSE
V0.5_c2,bgs,6,stage 1,5_F1736,11746,4,FALSE
V0.5_c2,bgs,6,stage 1,5_U2918,642274,50,FALSE
V0.5_c2,bgs,6,stage 1,5_F1760,5881,2,FALSE
V0.5_c2,bgs,6,stage 1,6_F947,17271782,271,TRUE
V0.5_c2,bgs,6,stage 1,6_F418,12778169,202,FALSE
V0.5_c2,bgs,6,stage 1,6_F250,494303,18,FALSE
V0.5_c2,bgs,6,stage 1,6_F1496,12279933,199,FALSE
V0.5_c2,bgs,6,stage 1,6_F2081,15835868,235,FALSE
V0.5_c2,bgs,6,stage 1,6_F1231,7019528,182,FALSE
V0.5_c2,bgs,6,stage 1,6_U3501,418760,24,FALSE
V0.5_c2,bgs,6,stage 1,6_U3509,270194,9,FALSE
V0.5_c2,bgs,6,stage 1,6_F2296,423098,27,FALSE
V0.5_c2,bgs,6,stage 1,6_F2294,1710736,12,FALSE
V0.5_c2,bgs,6,stage 1,6_F1742,0,1,FALSE
V0.5_c2,bgs,6,stage 1,7_F156,11326501,47,FALSE
V0.5_c2,bgs,6,stage 1,7_F276,195100,14,TRUE
V0.5_c2,bgs,6,stage 1,7_F40,1157889,3,FALSE
V0.5_c2,bgs,6,stage 1,7_F1118,6699170,300,FALSE
V0.5_c2,bgs,6,stage 1,7_F1681,16629955,424,FALSE
V0.5_c2,bgs,6,stage 1,7_F2207,3681972,9,FALSE
V0.5_c2,bgs,6,stage 1,7_F1335,4830891,303,FALSE
V0.5_c2,bgs,6,stage 1,8_F503,14270778,49,FALSE
V0.5_c2,bgs,6,stage 1,8_F830,19202306,215,FALSE
V0.5_c2,bgs,6,stage 1,8_F212,14136883,221,FALSE
V0.5_c2,bgs,6,stage 1,8_F164,7707536,4,FALSE
V0.5_c2,bgs,6,stage 1,8_F76,6846712,27,FALSE
V0.5_c2,bgs,6,stage 1,8_F806,12127,3,FALSE
V0.5_c2,bgs,6,stage 1,8_U2687,354092,33,FALSE
V0.5_c2,bgs,6,stage 1,8_U2692,65696,17,FALSE
V0.5_c2,bgs,6,stage 1,8_F1269,1097284,6,FALSE
V0.5_c2,bgs,6,stage 1,8_F1412,9600540,93,FALSE
V0.5_c2,bgs,6,stage 1,8_F1446,13183578,79,FALSE
V0.5_c2,bgs,6,stage 1,8_F1658,12907862,57,FALSE
V0.5_c2,bgs,6,stage 1,8_F1724,13356914,67,FALSE
V0.5_c2,bgs,6,stage 1,8_F2067,18422568,449,FALSE
V0.5_c2,bgs,6,stage 1,8_U6423,12869,3,FALSE
V0.5_c2,bgs,6,stage 1,8_F1845,163914,23,FALSE
V0.5_c2,bgs,6,stage 1,8_U4176,929533,4,FALSE
V0.5_c2,bgs,6,stage 1,8_U4180,29088,3,FALSE
V0.5_c2,bgs,6,stage 1,8_U4191,198428,8,FALSE
V0.5_c2,bgs,6,stage 1,8_U5438,0,1,FALSE
V0.5_c2,bgs,6,stage 1,8_U5443,271833,2,FALSE
V0.5_c2,bgs,6,stage 1,9_F76,11548079,345,FALSE
V0.5_c2,bgs,6,stage 1,9_F638,16129787,85,FALSE
V0.5_c2,bgs,6,stage 1,9_F159,9485304,10,FALSE
V0.5_c2,bgs,6,stage 1,9_F1107,738615,4,FALSE
V0.5_c2,bgs,6,stage 1,9_F566,179751,7,FALSE
V0.5_c2,bgs,6,stage 1,9_F908,763622,20,FALSE
V0.5_c2,bgs,6,stage 1,9_F104,419055,21,FALSE
V0.5_c2,bgs,6,stage 1,9_U3363,62672,3,FALSE
V0.5_c2,bgs,6,stage 1,9_F1203,4465756,61,FALSE
V0.5_c2,bgs,6,stage 1,9_F2193,0,1,FALSE
V0.5_c2,bgs,6,stage 1,9_U5480,111316,10,FALSE
V0.5_c2,bgs,6,stage 1,9_F1898,19335180,133,FALSE
V0.5_c2,bgs,6,stage 1,9_U5999,15327,4,FALSE
V0.5_c2,bgs,6,stage 1,9_F2158,580965,14,FALSE
V0.5_c2,bgs,6,stage 1,9_F1127,178254,4,FALSE
V0.5_c2,bgs,6,stage 1,10_F393,13343467,117,TRUE
V0.5_c2,bgs,6,stage 1,10_F769,15013718,114,FALSE
V0.5_c2,bgs,6,stage 1,10_F117,5846064,90,FALSE
V0.5_c2,bgs,6,stage 1,10_F1,417579,10,FALSE
V0.5_c2,bgs,6,stage 1,10_U252,240512,3,FALSE
V0.5_c2,bgs,6,stage 1,10_F1783,15483078,102,FALSE
V0.5_c2,bgs,6,stage 1,10_F1277,4933758,48,FALSE
V0.5_c2,bgs,6,stage 1,10_F1952,599524,5,FALSE
V0.5_c2,bgs,6,stage 1,10_F1928,2399718,51,FALSE
V0.5_c2,bgs,7,stage 2,1_F156,6932153,26,FALSE
V0.5_c2,bgs,7,stage 2,1_F928,1841247,67,TRUE
V0.5_c2,bgs,7,stage 2,1_F1843,18011283,101,FALSE
V0.5_c2,bgs,7,stage 2,1_F1460,8217294,7,FALSE
V0.5_c2,bgs,7,stage 2,1_F1646,18584057,35,FALSE
V0.5_c2,bgs,7,stage 2,1_F2711,0,1,FALSE
V0.5_c2,bgs,7,stage 2,2_F173,10053103,83,FALSE
V0.5_c2,bgs,7,stage 2,2_F415,6507464,32,TRUE
V0.5_c2,bgs,7,stage 2,2_F1141,1666273,2,FALSE
V0.5_c2,bgs,7,stage 2,3_F1873,5776054,69,FALSE
V0.5_c2,bgs,7,stage 2,4_F244,14115580,45,FALSE
V0.5_c2,bgs,7,stage 2,4_U9682,19342,3,FALSE
V0.5_c2,bgs,7,stage 2,5_F484,30059,7,FALSE
V0.5_c2,bgs,7,stage 2,6_F690,7933708,145,FALSE
V0.5_c2,bgs,7,stage 2,6_F1002,14569257,128,FALSE
V0.5_c2,bgs,7,stage 2,6_F1353,5200808,144,FALSE
V0.5_c2,bgs,7,stage 2,7_F160,16496063,467,TRUE
V0.5_c2,bgs,7,stage 2,7_F5,3127248,35,FALSE
V0.5_c2,bgs,7,stage 2,7_F396,16062322,204,FALSE
V0.5_c2,bgs,7,stage 2,7_F378,4894450,20,FALSE
V0.5_c2,bgs,7,stage 2,7_U1947,35729,5,FALSE
V0.5_c2,bgs,7,stage 2,7_U635,0,1,FALSE
V0.5_c2,bgs,7,stage 2,7_F1067,628783,12,FALSE
V0.5_c2,bgs,7,stage 2,7_F2384,8326207,41,FALSE
V0.5_c2,bgs,7,stage 2,7_F1693,81534,3,FALSE
V0.5_c2,bgs,7,stage 2,8_F84,11450944,23,FALSE
V0.5_c2,bgs,7,stage 2,8_F747,17797357,395,TRUE
V0.5_c2,bgs,7,stage 2,8_F2177,775656,9,FALSE
V0.5_c2,bgs,7,stage 2,10_F389,9119613,26,FALSE
V0.5_c2,bgs,7,stage 2,10_F797,3387876,83,FALSE
V0.5_c2,bgs,7,stage 2,10_F1104,57074,5,FALSE
V0.5_c2,bgs,7,stage 2,10_F353,815838,18,FALSE
V0.5_c2,bgs,7,stage 2,10_F1590,11293828,324,FALSE
V0.5_c2,bgs,7,stage 1,1_F1057,15158973,63,FALSE
V0.5_c2,bgs,7,stage 1,1_F382,25340234,179,FALSE
V0.5_c2,bgs,7,stage 1,1_F346,25158847,51,TRUE
V0.5_c2,bgs,7,stage 1,1_F156,6932153,26,FALSE
V0.5_c2,bgs,7,stage 1,1_F957,1163053,37,FALSE
V0.5_c2,bgs,7,stage 1,1_F928,1841247,67,TRUE
V0.5_c2,bgs,7,stage 1,1_F1843,18011283,101,FALSE
V0.5_c2,bgs,7,stage 1,1_F1481,14733380,113,FALSE
V0.5_c2,bgs,7,stage 1,1_F1878,25710810,147,FALSE
V0.5_c2,bgs,7,stage 1,1_F1460,8217294,7,FALSE
V0.5_c2,bgs,7,stage 1,1_F1646,18584057,35,FALSE
V0.5_c2,bgs,7,stage 1,1_F2711,0,1,FALSE
V0.5_c2,bgs,7,stage 1,1_F2698,69207,6,FALSE
V0.5_c2,bgs,7,stage 1,2_F173,10053103,83,FALSE
V0.5_c2,bgs,7,stage 1,2_F415,6507464,32,TRUE
V0.5_c2,bgs,7,stage 1,2_F1141,1666273,2,FALSE
V0.5_c2,bgs,7,stage 1,2_F108,7185581,85,FALSE
V0.5_c2,bgs,7,stage 1,2_F1788,14717579,219,FALSE
V0.5_c2,bgs,7,stage 1,2_F2105,17707133,48,FALSE
V0.5_c2,bgs,7,stage 1,2_F2589,820114,15,FALSE
V0.5_c2,bgs,7,stage 1,2_F2723,41306,3,FALSE
V0.5_c2,bgs,7,stage 1,3_F1873,5776054,69,FALSE
V0.5_c2,bgs,7,stage 1,3_F1854,748545,64,FALSE
V0.5_c2,bgs,7,stage 1,4_F244,14115580,45,FALSE
V0.5_c2,bgs,7,stage 1,4_F534,20544387,40,FALSE
V0.5_c2,bgs,7,stage 1,4_F13,31076,5,FALSE
V0.5_c2,bgs,7,stage 1,4_U1621,37487,5,FALSE
V0.5_c2,bgs,7,stage 1,4_F1617,9066834,25,FALSE
V0.5_c2,bgs,7,stage 1,4_F1770,12570333,54,FALSE
V0.5_c2,bgs,7,stage 1,4_F2001,13635347,26,FALSE
V0.5_c2,bgs,7,stage 1,4_F2242,9684001,87,FALSE
V0.5_c2,bgs,7,stage 1,4_U5634,0,1,FALSE
V0.5_c2,bgs,7,stage 1,4_F3072,583742,14,FALSE
V0.5_c2,bgs,7,stage 1,4_U9682,19342,3,FALSE
V0.5_c2,bgs,7,stage 1,5_F131,11322394,139,FALSE
V0.5_c2,bgs,7,stage 1,5_F638,13694096,170,FALSE
V0.5_c2,bgs,7,stage 1,5_F484,30059,7,FALSE
V0.5_c2,bgs,7,stage 1,5_F1113,11313726,451,FALSE
V0.5_c2,bgs,7,stage 1,5_F1689,12016340,96,FALSE
V0.5_c2,bgs,7,stage 1,6_F313,9891110,176,FALSE
V0.5_c2,bgs,7,stage 1,6_F690,7933708,145,FALSE
V0.5_c2,bgs,7,stage 1,6_F113,5186775,176,FALSE
V0.5_c2,bgs,7,stage 1,6_F1002,14569257,128,FALSE
V0.5_c2,bgs,7,stage 1,6_F1562,9373221,100,FALSE
V0.5_c2,bgs,7,stage 1,6_F1667,4946625,96,FALSE
V0.5_c2,bgs,7,stage 1,6_F1353,5200808,144,FALSE
V0.5_c2,bgs,7,stage 1,6_F2204,14520113,81,FALSE
V0.5_c2,bgs,7,stage 1,6_F1533,11348,2,FALSE
V0.5_c2,bgs,7,stage 1,7_F160,16496063,467,TRUE
V0.5_c2,bgs,7,stage 1,7_F5,3127248,35,FALSE
V0.5_c2,bgs,7,stage 1,7_F246,5994479,70,TRUE
V0.5_c2,bgs,7,stage 1,7_F396,16062322,204,FALSE
V0.5_c2,bgs,7,stage 1,7_F378,4894450,20,FALSE
V0.5_c2,bgs,7,stage 1,7_U1947,35729,5,FALSE
V0.5_c2,bgs,7,stage 1,7_U635,0,1,FALSE
V0.5_c2,bgs,7,stage 1,7_F1067,628783,12,FALSE
V0.5_c2,bgs,7,stage 1,7_F1373,12321122,415,FALSE
V0.5_c2,bgs,7,stage 1,7_F1332,11272788,16,FALSE
V0.5_c2,bgs,7,stage 1,7_F2384,8326207,41,FALSE
V0.5_c2,bgs,7,stage 1,7_F1438,3649033,80,FALSE
V0.5_c2,bgs,7,stage 1,7_F1321,215831,3,FALSE
V0.5_c2,bgs,7,stage 1,7_F1901,12836555,303,FALSE
V0.5_c2,bgs,7,stage 1,7_F1693,81534,3,FALSE
V0.5_c2,bgs,7,stage 1,7_F1985,0,1,FALSE
V0.5_c2,bgs,7,stage 1,8_F99,13566732,243,FALSE
V0.5_c2,bgs,7,stage 1,8_F84,11450944,23,FALSE
V0.5_c2,bgs,7,stage 1,8_F747,17797357,395,TRUE
V0.5_c2,bgs,7,stage 1,8_F1581,12727967,247,FALSE
V0.5_c2,bgs,7,stage 1,8_F2056,6931267,80,FALSE
V0.5_c2,bgs,7,stage 1,8_F2177,775656,9,FALSE
V0.5_c2,bgs,7,stage 1,9_F1094,19468942,37,FALSE
V0.5_c2,bgs,7,stage 1,9_F889,3051930,21,FALSE
V0.5_c2,bgs,7,stage 1,9_F1278,11389226,196,FALSE
V0.5_c2,bgs,7,stage 1,9_F1965,5373905,184,FALSE
V0.5_c2,bgs,7,stage 1,9_U6200,956986,2,FALSE
V0.5_c2,bgs,7,stage 1,9_F2349,1434054,20,FALSE
V0.5_c2,bgs,7,stage 1,10_F389,9119613,26,FALSE
V0.5_c2,bgs,7,stage 1,10_F651,12599200,26,FALSE
V0.5_c2,bgs,7,stage 1,10_F797,3387876,83,FALSE
V0.5_c2,bgs,7,stage 1,10_F1104,57074,5,FALSE
V0.5_c2,bgs,7,stage 1,10_F353,815838,18,FALSE
V0.5_c2,bgs,7,stage 1,10_F1590,11293828,324,FALSE
V0.5_c2,bgs,7,stage 1,10_F2045,13460622,64,FALSE
V0.5_c2,bgs,7,stage 1,10_F2071,0,1,FALSE
V0.5_c2,bgs,7,stage 1,10_F1347,7202449,120,FALSE
V0.5_c2,bgs,8,stage 2,1_F351,1255290,44,FALSE
V0.5_c2,bgs,8,stage 2,1_F258,2224717,3,FALSE
V0.5_c2,bgs,8,stage 2,1_F606,24518256,271,TRUE
V0.5_c2,bgs,8,stage 2,1_F1189,21985301,43,FALSE
V0.5_c2,bgs,8,stage 2,1_F50,15509905,25,FALSE
V0.5_c2,bgs,8,stage 2,1_F311,621729,13,FALSE
V0.5_c2,bgs,8,stage 2,1_F1004,21153972,63,TRUE
V0.5_c2,bgs,8,stage 2,1_U4167,1159413,13,FALSE
V0.5_c2,bgs,8,stage 2,1_U4169,0,1,FALSE
V0.5_c2,bgs,8,stage 2,1_F1687,1629960,11,FALSE
V0.5_c2,bgs,8,stage 2,1_F2293,26252579,186,FALSE
V0.5_c2,bgs,8,stage 2,2_F300,16354530,289,FALSE
V0.5_c2,bgs,8,stage 2,2_F819,18905691,40,FALSE
V0.5_c2,bgs,8,stage 2,2_F827,0,1,FALSE
V0.5_c2,bgs,8,stage 2,2_U2649,0,1,FALSE
V0.5_c2,bgs,8,stage 2,2_U621,73137,4,FALSE
V0.5_c2,bgs,8,stage 2,2_U774,59216,5,FALSE
V0.5_c2,bgs,8,stage 2,2_U775,0,1,FALSE
V0.5_c2,bgs,8,stage 2,2_F1316,9913583,184,FALSE
V0.5_c2,bgs,8,stage 2,2_U4905,0,1,FALSE
V0.5_c2,bgs,8,stage 2,2_F1575,15554469,160,FALSE
V0.5_c2,bgs,8,stage 2,2_F1985,18185411,35,FALSE
V0.5_c2,bgs,8,stage 2,2_F1986,5842,2,FALSE
V0.5_c2,bgs,8,stage 2,2_U3532,130122,4,FALSE
V0.5_c2,bgs,8,stage 2,2_F1850,747272,83,FALSE
V0.5_c2,bgs,8,stage 2,2_F1300,8372262,168,FALSE
V0.5_c2,bgs,8,stage 2,2_U3790,95667,2,FALSE
V0.5_c2,bgs,8,stage 2,2_F1473,2662719,128,FALSE
V0.5_c2,bgs,8,stage 2,3_F261,11354079,414,FALSE
V0.5_c2,bgs,8,stage 2,3_F1237,1921257,23,FALSE
V0.5_c2,bgs,8,stage 2,3_F1458,9430508,176,FALSE
V0.5_c2,bgs,8,stage 2,3_F2392,14444306,58,FALSE
V0.5_c2,bgs,8,stage 2,4_F613,22657455,389,TRUE
V0.5_c2,bgs,8,stage 2,4_F1069,29192877,52,FALSE
V0.5_c2,bgs,8,stage 2,4_F1271,12606570,69,FALSE
V0.5_c2,bgs,8,stage 2,4_F296,10945229,45,FALSE
V0.5_c2,bgs,8,stage 2,4_F1494,1488828,27,FALSE
V0.5_c2,bgs,8,stage 2,4_F631,5585744,5,FALSE
V0.5_c2,bgs,8,stage 2,4_F680,48296,2,FALSE
V0.5_c2,bgs,8,stage 2,4_F1113,426,2,FALSE
V0.5_c2,bgs,8,stage 2,4_F1056,151830,3,FALSE
V0.5_c2,bgs,8,stage 2,4_F681,20862,4,FALSE
V0.5_c2,bgs,8,stage 2,4_F1560,842076,50,FALSE
V0.5_c2,bgs,8,stage 2,4_F1906,10760176,40,FALSE
V0.5_c2,bgs,8,stage 2,4_F2185,0,1,FALSE
V0.5_c2,bgs,8,stage 2,4_F2158,24202730,176,FALSE
V0.5_c2,bgs,8,stage 2,4_F2807,24702504,78,FALSE
V0.5_c2,bgs,8,stage 2,4_U5926,0,1,FALSE
V0.5_c2,bgs,8,stage 2,5_F180,11831750,97,FALSE
V0.5_c2,bgs,8,stage 2,5_F17,2310144,7,FALSE
V0.5_c2,bgs,8,stage 2,5_F609,9729354,20,FALSE
V0.5_c2,bgs,8,stage 2,5_U1450,0,1,FALSE
V0.5_c2,bgs,8,stage 2,5_F1315,10835123,455,FALSE
V0.5_c2,bgs,8,stage 2,5_F1634,12991514,76,FALSE
V0.5_c2,bgs,8,stage 2,5_F2096,218541,16,FALSE
V0.5_c2,bgs,8,stage 2,6_F871,6406066,256,TRUE
V0.5_c2,bgs,8,stage 2,6_F1092,12337866,211,TRUE
V0.5_c2,bgs,8,stage 2,6_F476,17265255,271,FALSE
V0.5_c2,bgs,8,stage 2,6_F1179,1255378,14,FALSE
V0.5_c2,bgs,8,stage 2,6_F2085,17816557,282,FALSE
V0.5_c2,bgs,8,stage 2,6_F1586,21890,3,FALSE
V0.5_c2,bgs,8,stage 2,7_F184,11875417,617,TRUE
V0.5_c2,bgs,8,stage 2,7_F268,1177672,52,TRUE
V0.5_c2,bgs,8,stage 2,7_F290,101368,15,FALSE
V0.5_c2,bgs,8,stage 2,7_F567,12068641,71,TRUE
V0.5_c2,bgs,8,stage 2,7_U1942,0,1,FALSE
V0.5_c2,bgs,8,stage 2,7_U1951,9344,3,FALSE
V0.5_c2,bgs,8,stage 2,7_F1691,16711204,172,FALSE
V0.5_c2,bgs,8,stage 2,7_F1333,11957064,230,FALSE
V0.5_c2,bgs,8,stage 2,7_U4318,115927,7,FALSE
V0.5_c2,bgs,8,stage 2,7_F1272,0,1,FALSE
V0.5_c2,bgs,8,stage 2,7_U4319,87944,11,FALSE
V0.5_c2,bgs,8,stage 2,7_F1110,873817,70,FALSE
V0.5_c2,bgs,8,stage 2,7_F2181,425594,5,FALSE
V0.5_c2,bgs,8,stage 2,8_F97,13417901,371,FALSE
V0.5_c2,bgs,8,stage 2,8_F1180,872420,41,FALSE
V0.5_c2,bgs,8,stage 2,8_F1305,12329703,93,FALSE
V0.5_c2,bgs,8,stage 2,8_F1915,17747384,195,FALSE
V0.5_c2,bgs,8,stage 2,9_F368,12589445,290,FALSE
V0.5_c2,bgs,8,stage 2,9_F158,9607761,292,TRUE
V0.5_c2,bgs,8,stage 2,9_F645,16509322,48,FALSE
V0.5_c2,bgs,8,stage 2,9_F1365,2436084,69,FALSE
V0.5_c2,bgs,8,stage 2,9_U3516,253840,6,FALSE
V0.5_c2,bgs,8,stage 2,9_F1940,12687909,87,FALSE
V0.5_c2,bgs,8,stage 2,9_F1654,0,1,FALSE
V0.5_c2,bgs,8,stage 2,9_U5833,10322,2,FALSE
V0.5_c2,bgs,8,stage 2,9_U5834,46617,2,FALSE
V0.5_c2,bgs,8,stage 2,9_F2016,0,1,FALSE
V0.5_c2,bgs,8,stage 2,9_U6326,414457,11,FALSE
V0.5_c2,bgs,8,stage 2,9_U6375,0,1,FALSE
V0.5_c2,bgs,8,stage 2,9_U4675,0,1,FALSE
V0.5_c2,bgs,8,stage 2,9_U4695,715,2,FALSE
V0.5_c2,bgs,8,stage 2,9_U3382,17593,2,FALSE
V0.5_c2,bgs,8,stage 2,10_F413,13012070,720,FALSE
V0.5_c2,bgs,8,stage 2,10_F724,15677099,265,FALSE
V0.5_c2,bgs,8,stage 2,10_F102,7052577,85,FALSE
V0.5_c2,bgs,8,stage 2,10_F871,670141,12,FALSE
V0.5_c2,bgs,8,stage 2,10_F21,265648,7,FALSE
V0.5_c2,bgs,8,stage 2,10_F1194,13877179,357,FALSE
V0.5_c2,bgs,8,stage 2,10_F1523,10393983,10,FALSE
V0.5_c2,bgs,8,stage 2,10_U3614,0,1,FALSE
V0.5_c2,bgs,8,stage 2,10_F1075,85412,2,FALSE
V0.5_c2,bgs,8,stage 1,1_F351,1255290,44,FALSE
V0.5_c2,bgs,8,stage 1,1_F258,2224717,3,FALSE
V0.5_c2,bgs,8,stage 1,1_F606,24518256,271,TRUE
V0.5_c2,bgs,8,stage 1,1_F1189,21985301,43,FALSE
V0.5_c2,bgs,8,stage 1,1_F50,15509905,25,FALSE
V0.5_c2,bgs,8,stage 1,1_F311,621729,13,FALSE
V0.5_c2,bgs,8,stage 1,1_F1004,21153972,63,TRUE
V0.5_c2,bgs,8,stage 1,1_U4167,1159413,13,FALSE
V0.5_c2,bgs,8,stage 1,1_U4169,0,1,FALSE
V0.5_c2,bgs,8,stage 1,1_F1687,1629960,11,FALSE
V0.5_c2,bgs,8,stage 1,1_F2293,26252579,186,FALSE
V0.5_c2,bgs,8,stage 1,1_F2933,581123,17,FALSE
V0.5_c2,bgs,8,stage 1,2_F2,769977,74,FALSE
V0.5_c2,bgs,8,stage 1,2_F300,16354530,289,FALSE
V0.5_c2,bgs,8,stage 1,2_F819,18905691,40,FALSE
V0.5_c2,bgs,8,stage 1,2_F827,0,1,FALSE
V0.5_c2,bgs,8,stage 1,2_U2649,0,1,FALSE
V0.5_c2,bgs,8,stage 1,2_U621,73137,4,FALSE
V0.5_c2,bgs,8,stage 1,2_U774,59216,5,FALSE
V0.5_c2,bgs,8,stage 1,2_U775,0,1,FALSE
V0.5_c2,bgs,8,stage 1,2_F1316,9913583,184,FALSE
V0.5_c2,bgs,8,stage 1,2_U4905,0,1,FALSE
V0.5_c2,bgs,8,stage 1,2_F1575,15554469,160,FALSE
V0.5_c2,bgs,8,stage 1,2_F1671,42426,5,FALSE
V0.5_c2,bgs,8,stage 1,2_F1985,18185411,35,FALSE
V0.5_c2,bgs,8,stage 1,2_F1986,5842,2,FALSE
V0.5_c2,bgs,8,stage 1,2_U3532,130122,4,FALSE
V0.5_c2,bgs,8,stage 1,2_F1850,747272,83,FALSE
V0.5_c2,bgs,8,stage 1,2_F1300,8372262,168,FALSE
V0.5_c2,bgs,8,stage 1,2_U3790,95667,2,FALSE
V0.5_c2,bgs,8,stage 1,2_F1473,2662719,128,FALSE
V0.5_c2,bgs,8,stage 1,2_F1229,1285249,11,FALSE
V0.5_c2,bgs,8,stage 1,3_F261,11354079,414,FALSE
V0.5_c2,bgs,8,stage 1,3_F819,456551,24,FALSE
V0.5_c2,bgs,8,stage 1,3_F759,8451741,368,FALSE
V0.5_c2,bgs,8,stage 1,3_F1000,1161321,117,FALSE
V0.5_c2,bgs,8,stage 1,3_F1237,1921257,23,FALSE
V0.5_c2,bgs,8,stage 1,3_F1458,9430508,176,FALSE
V0.5_c2,bgs,8,stage 1,3_F2392,14444306,58,FALSE
V0.5_c2,bgs,8,stage 1,4_F613,22657455,389,TRUE
V0.5_c2,bgs,8,stage 1,4_F1069,29192877,52,FALSE
V0.5_c2,bgs,8,stage 1,4_F1271,12606570,69,FALSE
V0.5_c2,bgs,8,stage 1,4_F296,10945229,45,FALSE
V0.5_c2,bgs,8,stage 1,4_F1494,1488828,27,FALSE
V0.5_c2,bgs,8,stage 1,4_F631,5585744,5,FALSE
V0.5_c2,bgs,8,stage 1,4_F680,48296,2,FALSE
V0.5_c2,bgs,8,stage 1,4_U842,328900,9,FALSE
V0.5_c2,bgs,8,stage 1,4_F1113,426,2,FALSE
V0.5_c2,bgs,8,stage 1,4_U858,29389,2,FALSE
V0.5_c2,bgs,8,stage 1,4_F1056,151830,3,FALSE
V0.5_c2,bgs,8,stage 1,4_F681,20862,4,FALSE
V0.5_c2,bgs,8,stage 1,4_F1560,842076,50,FALSE
V0.5_c2,bgs,8,stage 1,4_F1906,10760176,40,FALSE
V0.5_c2,bgs,8,stage 1,4_F1818,54849,8,FALSE
V0.5_c2,bgs,8,stage 1,4_F2185,0,1,FALSE
V0.5_c2,bgs,8,stage 1,4_F2158,24202730,176,FALSE
V0.5_c2,bgs,8,stage 1,4_F2807,24702504,78,FALSE
V0.5_c2,bgs,8,stage 1,4_U7738,41502,8,FALSE
V0.5_c2,bgs,8,stage 1,4_U5834,77755,2,FALSE
V0.5_c2,bgs,8,stage 1,4_U5926,0,1,FALSE
V0.5_c2,bgs,8,stage 1,5_F180,11831750,97,FALSE
V0.5_c2,bgs,8,stage 1,5_F17,2310144,7,FALSE
V0.5_c2,bgs,8,stage 1,5_F609,9729354,20,FALSE
V0.5_c2,bgs,8,stage 1,5_U1450,0,1,FALSE
V0.5_c2,bgs,8,stage 1,5_F1315,10835123,455,FALSE
V0.5_c2,bgs,8,stage 1,5_F1317,6796245,26,FALSE
V0.5_c2,bgs,8,stage 1,5_F1634,12991514,76,FALSE
V0.5_c2,bgs,8,stage 1,5_F2096,218541,16,FALSE
V0.5_c2,bgs,8,stage 1,6_F871,6406066,256,TRUE
V0.5_c2,bgs,8,stage 1,6_F1092,12337866,211,TRUE
V0.5_c2,bgs,8,stage 1,6_F476,17265255,271,FALSE
V0.5_c2,bgs,8,stage 1,6_F1179,1255378,14,FALSE
V0.5_c2,bgs,8,stage 1,6_F2085,17816557,282,FALSE
V0.5_c2,bgs,8,stage 1,6_F1586,21890,3,FALSE
V0.5_c2,bgs,8,stage 1,7_F184,11875417,617,TRUE
V0.5_c2,bgs,8,stage 1,7_F268,1177672,52,TRUE
V0.5_c2,bgs,8,stage 1,7_F290,101368,15,FALSE
V0.5_c2,bgs,8,stage 1,7_F567,12068641,71,TRUE
V0.5_c2,bgs,8,stage 1,7_U1942,0,1,FALSE
V0.5_c2,bgs,8,stage 1,7_U1951,9344,3,FALSE
V0.5_c2,bgs,8,stage 1,7_F1691,16711204,172,FALSE
V0.5_c2,bgs,8,stage 1,7_F1333,11957064,230,FALSE
V0.5_c2,bgs,8,stage 1,7_U4318,115927,7,FALSE
V0.5_c2,bgs,8,stage 1,7_F1272,0,1,FALSE
V0.5_c2,bgs,8,stage 1,7_U4319,87944,11,FALSE
V0.5_c2,bgs,8,stage 1,7_F1110,873817,70,FALSE
V0.5_c2,bgs,8,stage 1,7_F2181,425594,5,FALSE
V0.5_c2,bgs,8,stage 1,8_F97,13417901,371,FALSE
V0.5_c2,bgs,8,stage 1,8_F631,18267406,266,FALSE
V0.5_c2,bgs,8,stage 1,8_F1180,872420,41,FALSE
V0.5_c2,bgs,8,stage 1,8_F1305,12329703,93,FALSE
V0.5_c2,bgs,8,stage 1,8_F1915,17747384,195,FALSE
V0.5_c2,bgs,8,stage 1,8_U5890,18121,2,FALSE
V0.5_c2,bgs,8,stage 1,9_F368,12589445,290,FALSE
V0.5_c2,bgs,8,stage 1,9_U621,80232,10,FALSE
V0.5_c2,bgs,8,stage 1,9_F158,9607761,292,TRUE
V0.5_c2,bgs,8,stage 1,9_F645,16509322,48,FALSE
V0.5_c2,bgs,8,stage 1,9_U2242,4699,2,FALSE
V0.5_c2,bgs,8,stage 1,9_F1365,2436084,69,FALSE
V0.5_c2,bgs,8,stage 1,9_U3516,253840,6,FALSE
V0.5_c2,bgs,8,stage 1,9_F1940,12687909,87,FALSE
V0.5_c2,bgs,8,stage 1,9_F1654,0,1,FALSE
V0.5_c2,bgs,8,stage 1,9_U5833,10322,2,FALSE
V0.5_c2,bgs,8,stage 1,9_U5834,46617,2,FALSE
V0.5_c2,bgs,8,stage 1,9_F2016,0,1,FALSE
V0.5_c2,bgs,8,stage 1,9_U6325,296501,2,FALSE
V0.5_c2,bgs,8,stage 1,9_U6326,414457,11,FALSE
V0.5_c2,bgs,8,stage 1,9_F2368,130243,4,FALSE
V0.5_c2,bgs,8,stage 1,9_U6375,0,1,FALSE
V0.5_c2,bgs,8,stage 1,9_U4675,0,1,FALSE
V0.5_c2,bgs,8,stage 1,9_U4695,715,2,FALSE
V0.5_c2,bgs,8,stage 1,9_U3382,17593,2,FALSE
V0.5_c2,bgs,8,stage 1,10_F413,13012070,720,FALSE
V0.5_c2,bgs,8,stage 1,10_F724,15677099,265,FALSE
V0.5_c2,bgs,8,stage 1,10_F102,7052577,85,FALSE
V0.5_c2,bgs,8,stage 1,10_F871,670141,12,FALSE
V0.5_c2,bgs,8,stage 1,10_F885,0,1,FALSE
V0.5_c2,bgs,8,stage 1,10_F21,265648,7,FALSE
V0.5_c2,bgs,8,stage 1,10_F1194,13877179,357,FALSE
V0.5_c2,bgs,8,stage 1,10_F1523,10393983,10,FALSE
V0.5_c2,bgs,8,stage 1,10_U3614,0,1,FALSE
V0.5_c2,bgs,8,stage 1,10_F1075,85412,2,FALSE
V0.5_c2,bgs,9,stage 2,2_F184,6484914,16,FALSE
V0.5_c2,bgs,9,stage 2,3_F1210,76082,4,FALSE
V0.5_c2,bgs,9,stage 2,3_U134,545144,6,FALSE
V0.5_c2,bgs,9,stage 2,3_F1014,18710,4,FALSE
V0.5_c2,bgs,9,stage 2,3_F1402,1302155,3,FALSE
V0.5_c2,bgs,9,stage 2,4_F1157,95962,2,FALSE
V0.5_c2,bgs,9,stage 1,2_F184,6484914,16,FALSE
V0.5_c2,bgs,9,stage 1,3_F1210,76082,4,FALSE
V0.5_c2,bgs,9,stage 1,3_U134,545144,6,FALSE
V0.5_c2,bgs,9,stage 1,3_F1014,18710,4,FALSE
V0.5_c2,bgs,9,stage 1,3_F1402,1302155,3,FALSE
V0.5_c2,bgs,9,stage 1,4_F1157,95962,2,FALSE
V0.5_c2,bgs,10,stage 2,1_F347,22022176,301,TRUE
V0.5_c2,bgs,10,stage 2,1_F46,15623560,148,FALSE
V0.5_c2,bgs,10,stage 2,1_F825,27150124,162,FALSE
V0.5_c2,bgs,10,stage 2,1_F226,8835780,118,FALSE
V0.5_c2,bgs,10,stage 2,1_U3582,33968,3,FALSE
V0.5_c2,bgs,10,stage 2,1_U3861,0,1,FALSE
V0.5_c2,bgs,10,stage 2,1_F1969,18914994,149,FALSE
V0.5_c2,bgs,10,stage 2,1_F2222,23940733,68,FALSE
V0.5_c2,bgs,10,stage 2,2_F456,11754156,32,FALSE
V0.5_c2,bgs,10,stage 2,2_F658,20296781,63,FALSE
V0.5_c2,bgs,10,stage 2,2_F892,803242,11,FALSE
V0.5_c2,bgs,10,stage 2,2_F2342,21200960,108,FALSE
V0.5_c2,bgs,10,stage 2,2_F1948,16058323,76,FALSE
V0.5_c2,bgs,10,stage 2,2_F2085,3254187,81,FALSE
V0.5_c2,bgs,10,stage 2,3_F47,10294169,208,FALSE
V0.5_c2,bgs,10,stage 2,3_F582,9529073,95,TRUE
V0.5_c2,bgs,10,stage 2,3_F842,2339804,27,FALSE
V0.5_c2,bgs,10,stage 2,3_F88,0,1,FALSE
V0.5_c2,bgs,10,stage 2,3_F1541,10205161,274,FALSE
V0.5_c2,bgs,10,stage 2,3_F2171,15231222,301,FALSE
V0.5_c2,bgs,10,stage 2,3_F1303,0,1,FALSE
V0.5_c2,bgs,10,stage 2,3_F1665,19634,3,FALSE
V0.5_c2,bgs,10,stage 2,4_F276,14903167,132,FALSE
V0.5_c2,bgs,10,stage 2,4_F128,3009055,69,TRUE
V0.5_c2,bgs,10,stage 2,4_F30,9232910,52,FALSE
V0.5_c2,bgs,10,stage 2,4_F585,19227843,175,FALSE
V0.5_c2,bgs,10,stage 2,4_F1694,27163304,290,FALSE
V0.5_c2,bgs,10,stage 2,4_F1911,29287650,46,FALSE
V0.5_c2,bgs,10,stage 2,4_F2637,20734486,17,FALSE
V0.5_c2,bgs,10,stage 2,4_F2500,9124876,11,FALSE
V0.5_c2,bgs,10,stage 2,4_U6042,78810,3,FALSE
V0.5_c2,bgs,10,stage 2,4_F1902,4079,2,FALSE
V0.5_c2,bgs,10,stage 2,4_U5776,2075706,4,FALSE
V0.5_c2,bgs,10,stage 2,4_F2095,25998099,30,FALSE
V0.5_c2,bgs,10,stage 2,5_F672,14574222,167,TRUE
V0.5_c2,bgs,10,stage 2,5_F1170,11368996,375,FALSE
V0.5_c2,bgs,10,stage 2,6_F339,10223796,240,FALSE
V0.5_c2,bgs,10,stage 2,6_F787,11012977,63,FALSE
V0.5_c2,bgs,10,stage 2,6_F49,8337924,290,TRUE
V0.5_c2,bgs,10,stage 2,6_F1526,9156403,123,FALSE
V0.5_c2,bgs,10,stage 2,6_F1950,16637877,220,FALSE
V0.5_c2,bgs,10,stage 2,6_F1338,1944755,44,FALSE
V0.5_c2,bgs,10,stage 2,7_F168,6885758,318,TRUE
V0.5_c2,bgs,10,stage 2,7_F1059,12779723,85,FALSE
V0.5_c2,bgs,10,stage 2,7_F673,16668675,547,TRUE
V0.5_c2,bgs,10,stage 2,7_F512,0,1,FALSE
V0.5_c2,bgs,10,stage 2,7_F14,6567842,46,FALSE
V0.5_c2,bgs,10,stage 2,7_F1125,1643755,37,FALSE
V0.5_c2,bgs,10,stage 2,7_F1277,7975624,59,FALSE
V0.5_c2,bgs,10,stage 2,7_F1971,16786641,202,FALSE
V0.5_c2,bgs,10,stage 2,7_F1156,1539394,9,FALSE
V0.5_c2,bgs,10,stage 2,8_F199,13377564,206,FALSE
V0.5_c2,bgs,10,stage 2,8_F741,18821399,275,FALSE
V0.5_c2,bgs,10,stage 2,8_F2075,6055212,125,FALSE
V0.5_c2,bgs,10,stage 2,9_F1162,382974,4,FALSE
V0.5_c2,bgs,10,stage 2,9_F1063,5249530,69,TRUE
V0.5_c2,bgs,10,stage 2,9_F1050,0,1,TRUE
V0.5_c2,bgs,10,stage 2,9_F596,3701887,146,FALSE
V0.5_c2,bgs,10,stage 2,9_F2244,10447001,16,FALSE
V0.5_c2,bgs,10,stage 2,9_F1337,13925952,367,FALSE
V0.5_c2,bgs,10,stage 2,10_F239,14683319,157,FALSE
V0.5_c2,bgs,10,stage 2,10_F720,2007244,49,TRUE
V0.5_c2,bgs,10,stage 2,10_F929,595332,4,FALSE
V0.5_c2,bgs,10,stage 2,10_F465,1612833,17,FALSE
V0.5_c2,bgs,10,stage 2,10_U1531,0,1,FALSE
V0.5_c2,bgs,10,stage 2,10_F1500,8033431,253,FALSE
V0.5_c2,bgs,10,stage 2,10_F1755,11513706,69,FALSE
V0.5_c2,bgs,10,stage 2,10_F1152,4117594,22,FALSE
V0.5_c2,bgs,10,stage 1,1_F347,22022176,301,TRUE
V0.5_c2,bgs,10,stage 1,1_F46,15623560,148,FALSE
V0.5_c2,bgs,10,stage 1,1_F825,27150124,162,FALSE
V0.5_c2,bgs,10,stage 1,1_F226,8835780,118,FALSE
V0.5_c2,bgs,10,stage 1,1_F461,5448272,12,FALSE
V0.5_c2,bgs,10,stage 1,1_U3582,33968,3,FALSE
V0.5_c2,bgs,10,stage 1,1_U3861,0,1,FALSE
V0.5_c2,bgs,10,stage 1,1_F1507,10481448,194,FALSE
V0.5_c2,bgs,10,stage 1,1_F2920,395359,12,FALSE
V0.5_c2,bgs,10,stage 1,1_F1969,18914994,149,FALSE
V0.5_c2,bgs,10,stage 1,1_F2222,23940733,68,FALSE
V0.5_c2,bgs,10,stage 1,1_U7737,229820,5,FALSE
V0.5_c2,bgs,10,stage 1,2_F40,15982563,78,FALSE
V0.5_c2,bgs,10,stage 1,2_F456,11754156,32,FALSE
V0.5_c2,bgs,10,stage 1,2_U383,213391,2,FALSE
V0.5_c2,bgs,10,stage 1,2_F658,20296781,63,FALSE
V0.5_c2,bgs,10,stage 1,2_F892,803242,11,FALSE
V0.5_c2,bgs,10,stage 1,2_F2342,21200960,108,FALSE
V0.5_c2,bgs,10,stage 1,2_F1948,16058323,76,FALSE
V0.5_c2,bgs,10,stage 1,2_F2085,3254187,81,FALSE
V0.5_c2,bgs,10,stage 1,3_F47,10294169,208,FALSE
V0.5_c2,bgs,10,stage 1,3_F89,3949408,174,TRUE
V0.5_c2,bgs,10,stage 1,3_F185,9252010,137,TRUE
V0.5_c2,bgs,10,stage 1,3_F582,9529073,95,TRUE
V0.5_c2,bgs,10,stage 1,3_F688,11179626,29,FALSE
V0.5_c2,bgs,10,stage 1,3_F842,2339804,27,FALSE
V0.5_c2,bgs,10,stage 1,3_F895,57644,6,FALSE
V0.5_c2,bgs,10,stage 1,3_F88,0,1,FALSE
V0.5_c2,bgs,10,stage 1,3_F1541,10205161,274,FALSE
V0.5_c2,bgs,10,stage 1,3_F2171,15231222,301,FALSE
V0.5_c2,bgs,10,stage 1,3_F1497,9457952,127,FALSE
V0.5_c2,bgs,10,stage 1,3_F1303,0,1,FALSE
V0.5_c2,bgs,10,stage 1,3_F1665,19634,3,FALSE
V0.5_c2,bgs,10,stage 1,4_F276,14903167,132,FALSE
V0.5_c2,bgs,10,stage 1,4_F128,3009055,69,TRUE
V0.5_c2,bgs,10,stage 1,4_F30,9232910,52,FALSE
V0.5_c2,bgs,10,stage 1,4_F585,19227843,175,FALSE
V0.5_c2,bgs,10,stage 1,4_F220,167811,10,FALSE
V0.5_c2,bgs,10,stage 1,4_F1694,27163304,290,FALSE
V0.5_c2,bgs,10,stage 1,4_F1911,29287650,46,FALSE
V0.5_c2,bgs,10,stage 1,4_F2637,20734486,17,FALSE
V0.5_c2,bgs,10,stage 1,4_U5532,0,1,FALSE
V0.5_c2,bgs,10,stage 1,4_F2500,9124876,11,FALSE
V0.5_c2,bgs,10,stage 1,4_U6042,78810,3,FALSE
V0.5_c2,bgs,10,stage 1,4_F1902,4079,2,FALSE
V0.5_c2,bgs,10,stage 1,4_U5776,2075706,4,FALSE
V0.5_c2,bgs,10,stage 1,4_F2095,25998099,30,FALSE
V0.5_c2,bgs,10,stage 1,4_F1693,1616492,10,FALSE
V0.5_c2,bgs,10,stage 1,5_F672,14574222,167,TRUE
V0.5_c2,bgs,10,stage 1,5_F1170,11368996,375,FALSE
V0.5_c2,bgs,10,stage 1,6_F339,10223796,240,FALSE
V0.5_c2,bgs,10,stage 1,6_F787,11012977,63,FALSE
V0.5_c2,bgs,10,stage 1,6_F49,8337924,290,TRUE
V0.5_c2,bgs,10,stage 1,6_F1526,9156403,123,FALSE
V0.5_c2,bgs,10,stage 1,6_F1950,16637877,220,FALSE
V0.5_c2,bgs,10,stage 1,6_F1338,1944755,44,FALSE
V0.5_c2,bgs,10,stage 1,7_F168,6885758,318,TRUE
V0.5_c2,bgs,10,stage 1,7_F1059,12779723,85,FALSE
V0.5_c2,bgs,10,stage 1,7_F673,16668675,547,TRUE
V0.5_c2,bgs,10,stage 1,7_F512,0,1,FALSE
V0.5_c2,bgs,10,stage 1,7_F14,6567842,46,FALSE
V0.5_c2,bgs,10,stage 1,7_F1125,1643755,37,FALSE
V0.5_c2,bgs,10,stage 1,7_F1277,7975624,59,FALSE
V0.5_c2,bgs,10,stage 1,7_F1971,16786641,202,FALSE
V0.5_c2,bgs,10,stage 1,7_F1924,2039083,19,FALSE
V0.5_c2,bgs,10,stage 1,7_F1156,1539394,9,FALSE
V0.5_c2,bgs,10,stage 1,8_F199,13377564,206,FALSE
V0.5_c2,bgs,10,stage 1,8_F741,18821399,275,FALSE
V0.5_c2,bgs,10,stage 1,8_F2075,6055212,125,FALSE
V0.5_c2,bgs,10,stage 1,9_F1162,382974,4,FALSE
V0.5_c2,bgs,10,stage 1,9_F1063,5249530,69,TRUE
V0.5_c2,bgs,10,stage 1,9_F1050,0,1,TRUE
V0.5_c2,bgs,10,stage 1,9_F596,3701887,146,FALSE
V0.5_c2,bgs,10,stage 1,9_F1823,13915443,267,FALSE
V0.5_c2,bgs,10,stage 1,9_F2244,10447001,16,FALSE
V0.5_c2,bgs,10,stage 1,9_F1337,13925952,367,FALSE
V0.5_c2,bgs,10,stage 1,10_F239,14683319,157,FALSE
V0.5_c2,bgs,10,stage 1,10_F720,2007244,49,TRUE
V0.5_c2,bgs,10,stage 1,10_F929,595332,4,FALSE
V0.5_c2,bgs,10,stage 1,10_F465,1612833,17,FALSE
V0.5_c2,bgs,10,stage 1,10_U1531,0,1,FALSE
V0.5_c2,bgs,10,stage 1,10_U1540,207950,6,FALSE
V0.5_c2,bgs,10,stage 1,10_F1500,8033431,253,FALSE
V0.5_c2,bgs,10,stage 1,10_F1755,11513706,69,FALSE
V0.5_c2,bgs,10,stage 1,10_F1152,4117594,22,FALSE
V1_c1.5,nobgs,1,stage 2,3_U8526,0,1,FALSE
V1_c1.5,nobgs,1,stage 2,10_F605,103550,11,TRUE
V1_c1.5,nobgs,1,stage 1,3_F167,5096389,35,TRUE
V1_c1.5,nobgs,1,stage 1,3_F552,12284361,201,TRUE
V1_c1.5,nobgs,1,stage 1,3_U8526,0,1,FALSE
V1_c1.5,nobgs,1,stage 1,4_F445,256677,16,TRUE
V1_c1.5,nobgs,1,stage 1,4_F736,1506359,110,FALSE
V1_c1.5,nobgs,1,stage 1,4_F583,1054175,118,FALSE
V1_c1.5,nobgs,1,stage 1,4_F786,1099271,13,FALSE
V1_c1.5,nobgs,1,stage 1,9_F169,12056330,991,TRUE
V1_c1.5,nobgs,1,stage 1,10_F605,103550,11,TRUE
V1_c1.5,nobgs,2,stage 2,1_F374,468827,17,FALSE
V1_c1.5,nobgs,2,stage 2,1_F533,1192749,21,FALSE
V1_c1.5,nobgs,2,stage 2,1_F36,1645775,7,FALSE
V1_c1.5,nobgs,2,stage 2,4_F721,332735,32,FALSE
V1_c1.5,nobgs,2,stage 2,7_U16,258775,3,FALSE
V1_c1.5,nobgs,2,stage 2,9_F417,1239768,76,FALSE
V1_c1.5,nobgs,2,stage 2,10_F441,10491128,95,FALSE
V1_c1.5,nobgs,2,stage 2,10_F260,1334942,22,FALSE
V1_c1.5,nobgs,2,stage 2,10_U2298,3033,2,FALSE
V1_c1.5,nobgs,2,stage 2,10_F42,1387099,11,FALSE
V1_c1.5,nobgs,2,stage 1,1_F374,468827,17,FALSE
V1_c1.5,nobgs,2,stage 1,1_F533,1192749,21,FALSE
V1_c1.5,nobgs,2,stage 1,1_F36,1645775,7,FALSE
V1_c1.5,nobgs,2,stage 1,4_F721,332735,32,FALSE
V1_c1.5,nobgs,2,stage 1,7_U16,258775,3,FALSE
V1_c1.5,nobgs,2,stage 1,9_F417,1239768,76,FALSE
V1_c1.5,nobgs,2,stage 1,10_F441,10491128,95,FALSE
V1_c1.5,nobgs,2,stage 1,10_F260,1334942,22,FALSE
V1_c1.5,nobgs,2,stage 1,10_U2298,3033,2,FALSE
V1_c1.5,nobgs,2,stage 1,10_F42,1387099,11,FALSE
V1_c1.5,nobgs,3,stage 2,2_F542,9063879,17,FALSE
V1_c1.5,nobgs,3,stage 2,8_F728,90247,8,TRUE
V1_c1.5,nobgs,3,stage 1,1_F432,496404,42,FALSE
V1_c1.5,nobgs,3,stage 1,2_F542,9063879,17,FALSE
V1_c1.5,nobgs,3,stage 1,8_F728,90247,8,TRUE
V1_c1.5,nobgs,6,stage 2,1_F534,12882744,97,TRUE
V1_c1.5,nobgs,6,stage 2,1_F752,18061,4,FALSE
V1_c1.5,nobgs,6,stage 2,1_F581,754203,33,FALSE
V1_c1.5,nobgs,6,stage 2,1_F780,572,2,FALSE
V1_c1.5,nobgs,6,stage 2,1_F580,14548,3,FALSE
V1_c1.5,nobgs,6,stage 2,1_U3393,20120,2,FALSE
V1_c1.5,nobgs,6,stage 2,1_U4149,0,1,FALSE
V1_c1.5,nobgs,6,stage 2,1_F852,0,1,TRUE
V1_c1.5,nobgs,6,stage 2,1_F894,94278,7,FALSE
V1_c1.5,nobgs,6,stage 2,1_F148,125508,4,FALSE
V1_c1.5,nobgs,6,stage 2,1_F1272,133778,6,FALSE
V1_c1.5,nobgs,6,stage 2,1_F1412,17369,2,FALSE
V1_c1.5,nobgs,6,stage 2,1_F1575,75544,7,FALSE
V1_c1.5,nobgs,6,stage 2,1_U11446,19171,3,FALSE
V1_c1.5,nobgs,6,stage 2,1_U12262,1521668,30,FALSE
V1_c1.5,nobgs,6,stage 2,2_U2552,1612102,19,FALSE
V1_c1.5,nobgs,6,stage 2,2_U42,12098,2,FALSE
V1_c1.5,nobgs,6,stage 2,2_F32,18412,4,FALSE
V1_c1.5,nobgs,6,stage 2,3_F60,709730,118,FALSE
V1_c1.5,nobgs,6,stage 2,3_U1502,30261,3,FALSE
V1_c1.5,nobgs,6,stage 2,3_U1558,2395,2,FALSE
V1_c1.5,nobgs,6,stage 2,3_F712,109556,14,FALSE
V1_c1.5,nobgs,6,stage 2,3_U8009,0,1,FALSE
V1_c1.5,nobgs,6,stage 2,4_F569,5323,2,FALSE
V1_c1.5,nobgs,6,stage 2,4_F6,774,2,FALSE
V1_c1.5,nobgs,6,stage 2,4_F275,1032742,79,TRUE
V1_c1.5,nobgs,6,stage 2,4_U8069,462488,2,FALSE
V1_c1.5,nobgs,6,stage 2,4_U6282,349876,3,FALSE
V1_c1.5,nobgs,6,stage 2,4_U6917,196202,11,FALSE
V1_c1.5,nobgs,6,stage 2,4_U7108,92833,5,FALSE
V1_c1.5,nobgs,6,stage 2,4_F1085,0,1,FALSE
V1_c1.5,nobgs,6,stage 2,5_F162,8694704,84,FALSE
V1_c1.5,nobgs,6,stage 2,5_F975,1326997,18,FALSE
V1_c1.5,nobgs,6,stage 2,5_F594,229318,5,FALSE
V1_c1.5,nobgs,6,stage 2,6_U854,121109,3,FALSE
V1_c1.5,nobgs,6,stage 2,6_F43,5468790,7,FALSE
V1_c1.5,nobgs,6,stage 2,6_F614,2932,2,FALSE
V1_c1.5,nobgs,6,stage 2,6_F1149,1770986,35,FALSE
V1_c1.5,nobgs,6,stage 2,6_F1324,1162832,53,FALSE
V1_c1.5,nobgs,6,stage 2,6_U8077,111438,14,FALSE
V1_c1.5,nobgs,6,stage 2,6_U8078,0,1,FALSE
V1_c1.5,nobgs,6,stage 2,7_F154,2417769,30,FALSE
V1_c1.5,nobgs,6,stage 2,7_U233,98828,10,FALSE
V1_c1.5,nobgs,6,stage 2,7_F177,7281,2,FALSE
V1_c1.5,nobgs,6,stage 2,7_U4152,261559,3,FALSE
V1_c1.5,nobgs,6,stage 2,7_F641,1052941,33,FALSE
V1_c1.5,nobgs,6,stage 2,7_U4169,1089844,17,FALSE
V1_c1.5,nobgs,6,stage 2,7_U4424,34911,10,FALSE
V1_c1.5,nobgs,6,stage 2,7_F705,2096533,41,FALSE
V1_c1.5,nobgs,6,stage 2,7_F704,0,1,FALSE
V1_c1.5,nobgs,6,stage 2,7_F1048,510630,51,FALSE
V1_c1.5,nobgs,6,stage 2,7_F1150,425054,13,FALSE
V1_c1.5,nobgs,6,stage 2,8_F496,399432,33,TRUE
V1_c1.5,nobgs,6,stage 2,8_F110,3064825,17,FALSE
V1_c1.5,nobgs,6,stage 2,8_F289,63101,5,FALSE
V1_c1.5,nobgs,6,stage 2,8_U4998,10993,2,FALSE
V1_c1.5,nobgs,6,stage 2,8_U5018,0,1,FALSE
V1_c1.5,nobgs,6,stage 2,8_U7980,12664,3,FALSE
V1_c1.5,nobgs,6,stage 2,8_U8959,158966,7,FALSE
V1_c1.5,nobgs,6,stage 2,9_F974,16538,3,FALSE
V1_c1.5,nobgs,6,stage 2,10_U19,0,1,FALSE
V1_c1.5,nobgs,6,stage 2,10_F58,908382,22,FALSE
V1_c1.5,nobgs,6,stage 2,10_F792,119415,9,FALSE
V1_c1.5,nobgs,6,stage 2,10_U6803,30185,6,FALSE
V1_c1.5,nobgs,6,stage 2,10_F869,0,1,FALSE
V1_c1.5,nobgs,6,stage 1,1_F534,12882744,97,TRUE
V1_c1.5,nobgs,6,stage 1,1_F752,18061,4,FALSE
V1_c1.5,nobgs,6,stage 1,1_F581,754203,33,FALSE
V1_c1.5,nobgs,6,stage 1,1_F780,572,2,FALSE
V1_c1.5,nobgs,6,stage 1,1_F580,14548,3,FALSE
V1_c1.5,nobgs,6,stage 1,1_U3393,20120,2,FALSE
V1_c1.5,nobgs,6,stage 1,1_U4149,0,1,FALSE
V1_c1.5,nobgs,6,stage 1,1_F852,0,1,TRUE
V1_c1.5,nobgs,6,stage 1,1_F894,94278,7,FALSE
V1_c1.5,nobgs,6,stage 1,1_F148,125508,4,FALSE
V1_c1.5,nobgs,6,stage 1,1_F960,8695714,20,FALSE
V1_c1.5,nobgs,6,stage 1,1_F1272,133778,6,FALSE
V1_c1.5,nobgs,6,stage 1,1_F1300,150909,10,FALSE
V1_c1.5,nobgs,6,stage 1,1_F1419,2264146,19,FALSE
V1_c1.5,nobgs,6,stage 1,1_F1412,17369,2,FALSE
V1_c1.5,nobgs,6,stage 1,1_F1575,75544,7,FALSE
V1_c1.5,nobgs,6,stage 1,1_U11446,19171,3,FALSE
V1_c1.5,nobgs,6,stage 1,1_U12262,1521668,30,FALSE
V1_c1.5,nobgs,6,stage 1,2_F265,259042,28,FALSE
V1_c1.5,nobgs,6,stage 1,2_U2552,1612102,19,FALSE
V1_c1.5,nobgs,6,stage 1,2_U42,12098,2,FALSE
V1_c1.5,nobgs,6,stage 1,2_F32,18412,4,FALSE
V1_c1.5,nobgs,6,stage 1,3_F60,709730,118,FALSE
V1_c1.5,nobgs,6,stage 1,3_U1502,30261,3,FALSE
V1_c1.5,nobgs,6,stage 1,3_U1558,2395,2,FALSE
V1_c1.5,nobgs,6,stage 1,3_F977,234625,5,FALSE
V1_c1.5,nobgs,6,stage 1,3_F712,109556,14,FALSE
V1_c1.5,nobgs,6,stage 1,3_U8009,0,1,FALSE
V1_c1.5,nobgs,6,stage 1,4_F569,5323,2,FALSE
V1_c1.5,nobgs,6,stage 1,4_F6,774,2,FALSE
V1_c1.5,nobgs,6,stage 1,4_F275,1032742,79,TRUE
V1_c1.5,nobgs,6,stage 1,4_U8069,462488,2,FALSE
V1_c1.5,nobgs,6,stage 1,4_U6282,349876,3,FALSE
V1_c1.5,nobgs,6,stage 1,4_U6917,196202,11,FALSE
V1_c1.5,nobgs,6,stage 1,4_U7108,92833,5,FALSE
V1_c1.5,nobgs,6,stage 1,4_F1085,0,1,FALSE
V1_c1.5,nobgs,6,stage 1,5_F162,8694704,84,FALSE
V1_c1.5,nobgs,6,stage 1,5_F975,1326997,18,FALSE
V1_c1.5,nobgs,6,stage 1,5_F594,229318,5,FALSE
V1_c1.5,nobgs,6,stage 1,6_U814,0,1,FALSE
V1_c1.5,nobgs,6,stage 1,6_U854,121109,3,FALSE
V1_c1.5,nobgs,6,stage 1,6_F43,5468790,7,FALSE
V1_c1.5,nobgs,6,stage 1,6_F558,220141,10,FALSE
V1_c1.5,nobgs,6,stage 1,6_F614,2932,2,FALSE
V1_c1.5,nobgs,6,stage 1,6_F1149,1770986,35,FALSE
V1_c1.5,nobgs,6,stage 1,6_F1324,1162832,53,FALSE
V1_c1.5,nobgs,6,stage 1,6_U8077,111438,14,FALSE
V1_c1.5,nobgs,6,stage 1,6_U8078,0,1,FALSE
V1_c1.5,nobgs,6,stage 1,7_F154,2417769,30,FALSE
V1_c1.5,nobgs,6,stage 1,7_U233,98828,10,FALSE
V1_c1.5,nobgs,6,stage 1,7_F177,7281,2,FALSE
V1_c1.5,nobgs,6,stage 1,7_U4152,261559,3,FALSE
V1_c1.5,nobgs,6,stage 1,7_F641,1052941,33,FALSE
V1_c1.5,nobgs,6,stage 1,7_U4169,1089844,17,FALSE
V1_c1.5,nobgs,6,stage 1,7_U4424,34911,10,FALSE
V1_c1.5,nobgs,6,stage 1,7_F705,2096533,41,FALSE
V1_c1.5,nobgs,6,stage 1,7_F704,0,1,FALSE
V1_c1.5,nobgs,6,stage 1,7_F1149,489250,40,FALSE
V1_c1.5,nobgs,6,stage 1,7_F1048,510630,51,FALSE
V1_c1.5,nobgs,6,stage 1,7_F1150,425054,13,FALSE
V1_c1.5,nobgs,6,stage 1,8_F496,399432,33,TRUE
V1_c1.5,nobgs,6,stage 1,8_F110,3064825,17,FALSE
V1_c1.5,nobgs,6,stage 1,8_F289,63101,5,FALSE
V1_c1.5,nobgs,6,stage 1,8_U4998,10993,2,FALSE
V1_c1.5,nobgs,6,stage 1,8_U5018,0,1,FALSE
V1_c1.5,nobgs,6,stage 1,8_U7980,12664,3,FALSE
V1_c1.5,nobgs,6,stage 1,8_U8959,158966,7,FALSE
V1_c1.5,nobgs,6,stage 1,9_F74,2465134,63,FALSE
V1_c1.5,nobgs,6,stage 1,9_U1890,293467,5,FALSE
V1_c1.5,nobgs,6,stage 1,9_F974,16538,3,FALSE
V1_c1.5,nobgs,6,stage 1,10_U19,0,1,FALSE
V1_c1.5,nobgs,6,stage 1,10_F58,908382,22,FALSE
V1_c1.5,nobgs,6,stage 1,10_F792,119415,9,FALSE
V1_c1.5,nobgs,6,stage 1,10_U6803,30185,6,FALSE
V1_c1.5,nobgs,6,stage 1,10_F869,0,1,FALSE
V1_c1.5,nobgs,7,stage 2,5_F354,880687,119,TRUE
V1_c1.5,nobgs,7,stage 2,10_F399,788020,50,TRUE
V1_c1.5,nobgs,7,stage 1,5_F354,880687,119,TRUE
V1_c1.5,nobgs,7,stage 1,10_F399,788020,50,TRUE
V1_c1.5,nobgs,8,stage 2,1_U3024,0,1,FALSE
V1_c1.5,nobgs,8,stage 2,1_F185,95983,5,TRUE
V1_c1.5,nobgs,8,stage 2,1_F1196,14849,3,FALSE
V1_c1.5,nobgs,8,stage 2,1_U7231,0,1,FALSE
V1_c1.5,nobgs,8,stage 2,1_F898,137624,8,FALSE
V1_c1.5,nobgs,8,stage 2,2_F709,12229558,12,TRUE
V1_c1.5,nobgs,8,stage 2,5_U1992,0,1,FALSE
V1_c1.5,nobgs,8,stage 2,5_F230,19581,2,FALSE
V1_c1.5,nobgs,8,stage 2,6_F1045,2118716,11,FALSE
V1_c1.5,nobgs,8,stage 2,6_U6577,16158,4,FALSE
V1_c1.5,nobgs,8,stage 2,7_F1150,1755917,35,FALSE
V1_c1.5,nobgs,8,stage 2,8_F446,5476778,107,TRUE
V1_c1.5,nobgs,8,stage 2,8_F456,504151,9,FALSE
V1_c1.5,nobgs,8,stage 2,10_F162,2510808,14,FALSE
V1_c1.5,nobgs,8,stage 1,1_U3024,0,1,FALSE
V1_c1.5,nobgs,8,stage 1,1_F710,4766670,9,FALSE
V1_c1.5,nobgs,8,stage 1,1_U5251,0,1,FALSE
V1_c1.5,nobgs,8,stage 1,1_F185,95983,5,TRUE
V1_c1.5,nobgs,8,stage 1,1_F1196,14849,3,FALSE
V1_c1.5,nobgs,8,stage 1,1_U8349,0,1,FALSE
V1_c1.5,nobgs,8,stage 1,1_U7050,0,1,FALSE
V1_c1.5,nobgs,8,stage 1,1_U7231,0,1,FALSE
V1_c1.5,nobgs,8,stage 1,1_F898,137624,8,FALSE
V1_c1.5,nobgs,8,stage 1,2_F644,994667,125,TRUE
V1_c1.5,nobgs,8,stage 1,2_F709,12229558,12,TRUE
V1_c1.5,nobgs,8,stage 1,3_U8086,217714,20,FALSE
V1_c1.5,nobgs,8,stage 1,4_U978,29342,4,FALSE
V1_c1.5,nobgs,8,stage 1,4_F1405,0,1,FALSE
V1_c1.5,nobgs,8,stage 1,5_U1992,0,1,FALSE
V1_c1.5,nobgs,8,stage 1,5_F230,19581,2,FALSE
V1_c1.5,nobgs,8,stage 1,6_F1045,2118716,11,FALSE
V1_c1.5,nobgs,8,stage 1,6_U6577,16158,4,FALSE
V1_c1.5,nobgs,8,stage 1,7_F198,344087,36,FALSE
V1_c1.5,nobgs,8,stage 1,7_U823,950456,5,FALSE
V1_c1.5,nobgs,8,stage 1,7_F1150,1755917,35,FALSE
V1_c1.5,nobgs,8,stage 1,7_F1278,159777,6,FALSE
V1_c1.5,nobgs,8,stage 1,8_F446,5476778,107,TRUE
V1_c1.5,nobgs,8,stage 1,8_F456,504151,9,FALSE
V1_c1.5,nobgs,8,stage 1,8_U7476,257223,15,FALSE
V1_c1.5,nobgs,8,stage 1,9_F505,95343,8,FALSE
V1_c1.5,nobgs,8,stage 1,9_F825,1716216,32,FALSE
V1_c1.5,nobgs,8,stage 1,10_F162,2510808,14,FALSE
V1_c1.5,nobgs,8,stage 1,10_F658,55854,3,FALSE
V1_c1.5,nobgs,10,stage 2,1_F90,4582473,218,TRUE
V1_c1.5,nobgs,10,stage 2,1_U53,728898,2,FALSE
V1_c1.5,nobgs,10,stage 2,4_F319,7312137,161,TRUE
V1_c1.5,nobgs,10,stage 2,4_F712,6978601,331,TRUE
V1_c1.5,nobgs,10,stage 2,4_F684,4572504,39,FALSE
V1_c1.5,nobgs,10,stage 2,5_U6809,52005,5,FALSE
V1_c1.5,nobgs,10,stage 2,10_F70,11962109,409,TRUE
V1_c1.5,nobgs,10,stage 1,1_F90,4582473,218,TRUE
V1_c1.5,nobgs,10,stage 1,1_U53,728898,2,FALSE
V1_c1.5,nobgs,10,stage 1,3_F59,3114939,25,FALSE
V1_c1.5,nobgs,10,stage 1,4_F319,7312137,161,TRUE
V1_c1.5,nobgs,10,stage 1,4_F712,6978601,331,TRUE
V1_c1.5,nobgs,10,stage 1,4_F684,4572504,39,FALSE
V1_c1.5,nobgs,10,stage 1,4_F798,1057093,12,FALSE
V1_c1.5,nobgs,10,stage 1,5_F535,8023955,197,TRUE
V1_c1.5,nobgs,10,stage 1,5_F573,8218910,59,FALSE
V1_c1.5,nobgs,10,stage 1,5_F115,7382636,93,FALSE
V1_c1.5,nobgs,10,stage 1,5_F1026,86594,2,FALSE
V1_c1.5,nobgs,10,stage 1,5_U6809,52005,5,FALSE
V1_c1.5,nobgs,10,stage 1,7_F889,6133427,77,FALSE
V1_c1.5,nobgs,10,stage 1,8_F631,924388,9,FALSE
V1_c1.5,nobgs,10,stage 1,10_F70,11962109,409,TRUE
V1_c1.5,bgs,1,stage 2,1_F237,131526,9,FALSE
V1_c1.5,bgs,1,stage 2,6_U1276,25653,7,FALSE
V1_c1.5,bgs,1,stage 1,6_U1276,25653,7,FALSE
V1_c1.5,bgs,2,stage 2,1_F1138,891,2,FALSE
V1_c1.5,bgs,2,stage 2,1_F2068,1888396,15,FALSE
V1_c1.5,bgs,2,stage 2,1_U9005,27496,7,FALSE
V1_c1.5,bgs,2,stage 2,1_U9008,48301,2,FALSE
V1_c1.5,bgs,2,stage 2,2_U208,276161,6,FALSE
V1_c1.5,bgs,2,stage 2,2_F669,313832,13,FALSE
V1_c1.5,bgs,2,stage 2,2_F777,16462283,152,TRUE
V1_c1.5,bgs,2,stage 2,2_U269,112376,2,FALSE
V1_c1.5,bgs,2,stage 2,3_F726,2790466,21,FALSE
V1_c1.5,bgs,2,stage 2,3_F540,2113663,12,FALSE
V1_c1.5,bgs,2,stage 2,3_F324,33952,8,FALSE
V1_c1.5,bgs,2,stage 2,3_U3901,8051,2,FALSE
V1_c1.5,bgs,2,stage 2,4_F360,1165950,22,FALSE
V1_c1.5,bgs,2,stage 2,4_F533,3136917,24,FALSE
V1_c1.5,bgs,2,stage 2,4_F56,0,1,FALSE
V1_c1.5,bgs,2,stage 2,4_F180,837711,2,FALSE
V1_c1.5,bgs,2,stage 2,4_F1342,1126803,7,FALSE
V1_c1.5,bgs,2,stage 2,4_U10205,0,1,FALSE
V1_c1.5,bgs,2,stage 2,5_F1423,1721007,35,FALSE
V1_c1.5,bgs,2,stage 2,8_F652,10353814,127,TRUE
V1_c1.5,bgs,2,stage 2,10_F36,2689441,294,TRUE
V1_c1.5,bgs,2,stage 1,1_F1138,891,2,FALSE
V1_c1.5,bgs,2,stage 1,1_F2068,1888396,15,FALSE
V1_c1.5,bgs,2,stage 1,1_U9005,27496,7,FALSE
V1_c1.5,bgs,2,stage 1,1_U9008,48301,2,FALSE
V1_c1.5,bgs,2,stage 1,2_F350,16161714,356,TRUE
V1_c1.5,bgs,2,stage 1,2_U208,276161,6,FALSE
V1_c1.5,bgs,2,stage 1,2_F669,313832,13,FALSE
V1_c1.5,bgs,2,stage 1,2_F777,16462283,152,TRUE
V1_c1.5,bgs,2,stage 1,2_F661,1267331,28,TRUE
V1_c1.5,bgs,2,stage 1,2_U269,112376,2,FALSE
V1_c1.5,bgs,2,stage 1,2_F1331,1692377,14,FALSE
V1_c1.5,bgs,2,stage 1,3_F726,2790466,21,FALSE
V1_c1.5,bgs,2,stage 1,3_F540,2113663,12,FALSE
V1_c1.5,bgs,2,stage 1,3_F324,33952,8,FALSE
V1_c1.5,bgs,2,stage 1,3_F1112,3205656,12,FALSE
V1_c1.5,bgs,2,stage 1,3_U3901,8051,2,FALSE
V1_c1.5,bgs,2,stage 1,4_F660,19522032,7,FALSE
V1_c1.5,bgs,2,stage 1,4_F360,1165950,22,FALSE
V1_c1.5,bgs,2,stage 1,4_F533,3136917,24,FALSE
V1_c1.5,bgs,2,stage 1,4_F891,1097929,15,FALSE
V1_c1.5,bgs,2,stage 1,4_F56,0,1,FALSE
V1_c1.5,bgs,2,stage 1,4_F180,837711,2,FALSE
V1_c1.5,bgs,2,stage 1,4_F1342,1126803,7,FALSE
V1_c1.5,bgs,2,stage 1,4_U8872,58607,2,FALSE
V1_c1.5,bgs,2,stage 1,4_U10205,0,1,FALSE
V1_c1.5,bgs,2,stage 1,4_F2081,413973,13,FALSE
V1_c1.5,bgs,2,stage 1,5_F833,2194339,15,FALSE
V1_c1.5,bgs,2,stage 1,5_F1423,1721007,35,FALSE
V1_c1.5,bgs,2,stage 1,6_F137,2867694,37,FALSE
V1_c1.5,bgs,2,stage 1,7_F414,0,1,FALSE
V1_c1.5,bgs,2,stage 1,7_U6129,149456,13,FALSE
V1_c1.5,bgs,2,stage 1,8_F652,10353814,127,TRUE
V1_c1.5,bgs,2,stage 1,8_F1228,4661715,33,FALSE
V1_c1.5,bgs,2,stage 1,9_F744,5423970,80,TRUE
V1_c1.5,bgs,2,stage 1,10_F36,2689441,294,TRUE
V1_c1.5,bgs,3,stage 1,10_F307,9301130,100,TRUE
V1_c1.5,bgs,5,stage 2,2_F1181,7208042,25,FALSE
V1_c1.5,bgs,5,stage 2,5_U3697,0,1,FALSE
V1_c1.5,bgs,5,stage 1,2_F1181,7208042,25,FALSE
V1_c1.5,bgs,5,stage 1,4_F249,17261138,68,FALSE
V1_c1.5,bgs,5,stage 1,5_U3697,0,1,FALSE
V1_c1.5,bgs,6,stage 2,1_F909,0,1,FALSE
V1_c1.5,bgs,6,stage 2,2_F123,6567021,113,TRUE
V1_c1.5,bgs,6,stage 2,2_F752,8702528,37,FALSE
V1_c1.5,bgs,6,stage 2,2_F585,2432429,26,FALSE
V1_c1.5,bgs,6,stage 2,2_F556,0,1,FALSE
V1_c1.5,bgs,6,stage 2,2_F577,131545,14,FALSE
V1_c1.5,bgs,6,stage 2,2_U4697,2307466,59,FALSE
V1_c1.5,bgs,6,stage 2,2_F1561,181154,9,FALSE
V1_c1.5,bgs,6,stage 2,4_F84,3080254,42,FALSE
V1_c1.5,bgs,6,stage 2,4_U8,0,1,FALSE
V1_c1.5,bgs,6,stage 2,4_F1014,120833,10,FALSE
V1_c1.5,bgs,6,stage 2,4_F340,678848,11,FALSE
V1_c1.5,bgs,6,stage 2,4_F484,272556,17,FALSE
V1_c1.5,bgs,6,stage 2,4_F1263,204547,11,FALSE
V1_c1.5,bgs,6,stage 2,4_U7934,55188,2,FALSE
V1_c1.5,bgs,6,stage 2,5_F149,9553524,131,TRUE
V1_c1.5,bgs,6,stage 2,5_F399,8109217,20,FALSE
V1_c1.5,bgs,6,stage 2,5_F32,3907950,109,TRUE
V1_c1.5,bgs,6,stage 2,6_F353,11080,3,FALSE
V1_c1.5,bgs,6,stage 2,6_F1748,6277136,71,FALSE
V1_c1.5,bgs,6,stage 2,8_F175,12169203,86,FALSE
V1_c1.5,bgs,6,stage 2,8_F1100,13500807,99,FALSE
V1_c1.5,bgs,6,stage 2,9_F470,15843124,119,TRUE
V1_c1.5,bgs,6,stage 2,10_U2214,51200,3,FALSE
V1_c1.5,bgs,6,stage 2,10_F230,2654426,78,TRUE
V1_c1.5,bgs,6,stage 1,1_F504,10888192,129,FALSE
V1_c1.5,bgs,6,stage 1,1_F909,0,1,FALSE
V1_c1.5,bgs,6,stage 1,2_F123,6567021,113,TRUE
V1_c1.5,bgs,6,stage 1,2_F752,8702528,37,FALSE
V1_c1.5,bgs,6,stage 1,2_F585,2432429,26,FALSE
V1_c1.5,bgs,6,stage 1,2_F556,0,1,FALSE
V1_c1.5,bgs,6,stage 1,2_F577,131545,14,FALSE
V1_c1.5,bgs,6,stage 1,2_U4697,2307466,59,FALSE
V1_c1.5,bgs,6,stage 1,2_F1561,181154,9,FALSE
V1_c1.5,bgs,6,stage 1,3_F41,5471921,39,TRUE
V1_c1.5,bgs,6,stage 1,4_F84,3080254,42,FALSE
V1_c1.5,bgs,6,stage 1,4_U8,0,1,FALSE
V1_c1.5,bgs,6,stage 1,4_F1014,120833,10,FALSE
V1_c1.5,bgs,6,stage 1,4_F340,678848,11,FALSE
V1_c1.5,bgs,6,stage 1,4_F484,272556,17,FALSE
V1_c1.5,bgs,6,stage 1,4_F1263,204547,11,FALSE
V1_c1.5,bgs,6,stage 1,4_U7934,55188,2,FALSE
V1_c1.5,bgs,6,stage 1,5_F149,9553524,131,TRUE
V1_c1.5,bgs,6,stage 1,5_F399,8109217,20,FALSE
V1_c1.5,bgs,6,stage 1,5_F32,3907950,109,TRUE
V1_c1.5,bgs,6,stage 1,6_F346,9945266,79,FALSE
V1_c1.5,bgs,6,stage 1,6_F353,11080,3,FALSE
V1_c1.5,bgs,6,stage 1,6_F1009,14935846,153,TRUE
V1_c1.5,bgs,6,stage 1,6_F1748,6277136,71,FALSE
V1_c1.5,bgs,6,stage 1,7_F1573,2087627,17,FALSE
V1_c1.5,bgs,6,stage 1,8_F175,12169203,86,FALSE
V1_c1.5,bgs,6,stage 1,8_F1100,13500807,99,FALSE
V1_c1.5,bgs,6,stage 1,9_F470,15843124,119,TRUE
V1_c1.5,bgs,6,stage 1,10_U2214,51200,3,FALSE
V1_c1.5,bgs,6,stage 1,10_F230,2654426,78,TRUE
V1_c1.5,bgs,6,stage 1,10_F918,17547,2,FALSE
V1_c1.5,bgs,7,stage 2,7_F593,8953679,67,FALSE
V1_c1.5,bgs,7,stage 2,9_F755,1208804,78,TRUE
V1_c1.5,bgs,7,stage 1,7_F593,8953679,67,FALSE
V1_c1.5,bgs,7,stage 1,8_U6728,37813,5,FALSE
V1_c1.5,bgs,7,stage 1,9_F755,1208804,78,TRUE
V1_c1.5,bgs,7,stage 1,10_F541,10150043,15,FALSE
V1_c1.5,bgs,7,stage 1,10_F1175,11008353,250,FALSE
V1_c1.5,bgs,8,stage 2,1_F604,0,1,FALSE
V1_c1.5,bgs,8,stage 2,1_U2929,48839,4,FALSE
V1_c1.5,bgs,8,stage 2,1_U6442,0,1,FALSE
V1_c1.5,bgs,8,stage 2,2_F549,122061,8,FALSE
V1_c1.5,bgs,8,stage 2,2_F820,3649065,74,TRUE
V1_c1.5,bgs,8,stage 2,2_F516,3782245,88,FALSE
V1_c1.5,bgs,8,stage 2,2_U3970,73481,3,FALSE
V1_c1.5,bgs,8,stage 2,3_F240,9843554,24,TRUE
V1_c1.5,bgs,8,stage 2,3_F454,5204177,72,FALSE
V1_c1.5,bgs,8,stage 2,4_F630,3847463,28,FALSE
V1_c1.5,bgs,8,stage 2,4_F108,2613716,20,FALSE
V1_c1.5,bgs,8,stage 2,7_F170,4299096,109,TRUE
V1_c1.5,bgs,8,stage 2,7_U1573,3298,2,FALSE
V1_c1.5,bgs,8,stage 2,7_F116,186506,11,FALSE
V1_c1.5,bgs,8,stage 2,7_F1524,3697,2,FALSE
V1_c1.5,bgs,8,stage 2,7_F1175,0,1,FALSE
V1_c1.5,bgs,8,stage 2,8_F942,3984510,54,TRUE
V1_c1.5,bgs,8,stage 2,8_F528,308616,36,FALSE
V1_c1.5,bgs,8,stage 2,8_F1723,27892,6,FALSE
V1_c1.5,bgs,8,stage 2,9_F36,87946,7,FALSE
V1_c1.5,bgs,8,stage 2,10_F435,4052756,49,TRUE
V1_c1.5,bgs,8,stage 1,1_F604,0,1,FALSE
V1_c1.5,bgs,8,stage 1,1_U2929,48839,4,FALSE
V1_c1.5,bgs,8,stage 1,1_F1137,3001783,40,FALSE
V1_c1.5,bgs,8,stage 1,1_U6442,0,1,FALSE
V1_c1.5,bgs,8,stage 1,2_F549,122061,8,FALSE
V1_c1.5,bgs,8,stage 1,2_F820,3649065,74,TRUE
V1_c1.5,bgs,8,stage 1,2_F516,3782245,88,FALSE
V1_c1.5,bgs,8,stage 1,2_U3970,73481,3,FALSE
V1_c1.5,bgs,8,stage 1,3_F240,9843554,24,TRUE
V1_c1.5,bgs,8,stage 1,3_F454,5204177,72,FALSE
V1_c1.5,bgs,8,stage 1,4_F1032,759,2,FALSE
V1_c1.5,bgs,8,stage 1,4_F630,3847463,28,FALSE
V1_c1.5,bgs,8,stage 1,4_F108,2613716,20,FALSE
V1_c1.5,bgs,8,stage 1,4_F1888,114830,11,FALSE
V1_c1.5,bgs,8,stage 1,5_F35,1163101,157,FALSE
V1_c1.5,bgs,8,stage 1,5_F432,10598687,68,FALSE
V1_c1.5,bgs,8,stage 1,6_F1926,6751664,151,FALSE
V1_c1.5,bgs,8,stage 1,7_F170,4299096,109,TRUE
V1_c1.5,bgs,8,stage 1,7_F32,385128,14,FALSE
V1_c1.5,bgs,8,stage 1,7_U1573,3298,2,FALSE
V1_c1.5,bgs,8,stage 1,7_F116,186506,11,FALSE
V1_c1.5,bgs,8,stage 1,7_F1524,3697,2,FALSE
V1_c1.5,bgs,8,stage 1,7_F1175,0,1,FALSE
V1_c1.5,bgs,8,stage 1,8_F95,4413658,60,FALSE
V1_c1.5,bgs,8,stage 1,8_F942,3984510,54,TRUE
V1_c1.5,bgs,8,stage 1,8_F528,308616,36,FALSE
V1_c1.5,bgs,8,stage 1,8_F1723,27892,6,FALSE
V1_c1.5,bgs,8,stage 1,9_F52,44277,11,FALSE
V1_c1.5,bgs,8,stage 1,9_F95,2354313,50,FALSE
V1_c1.5,bgs,8,stage 1,9_F504,11575194,39,FALSE
V1_c1.5,bgs,8,stage 1,9_F36,87946,7,FALSE
V1_c1.5,bgs,8,stage 1,10_F435,4052756,49,TRUE
V1_c1.5,bgs,10,stage 2,1_F262,22913,3,FALSE
V1_c1.5,bgs,10,stage 2,5_F175,9717146,400,TRUE
V1_c1.5,bgs,10,stage 2,9_F493,10792416,315,TRUE
V1_c1.5,bgs,10,stage 1,1_F262,22913,3,FALSE
V1_c1.5,bgs,10,stage 1,5_F175,9717146,400,TRUE
V1_c1.5,bgs,10,stage 1,5_F981,9493628,507,FALSE
V1_c1.5,bgs,10,stage 1,9_F493,10792416,315,TRUE
V2_c1,nobgs,1,stage 2,9_F1,503385,93,TRUE
V2_c1,nobgs,1,stage 2,9_U1334,0,1,FALSE
V2_c1,nobgs,1,stage 1,9_F1,503385,93,TRUE
V2_c1,nobgs,1,stage 1,9_U1334,0,1,FALSE
V2_c1,nobgs,2,stage 2,1_U5281,0,1,FALSE
V2_c1,nobgs,2,stage 2,1_U11110,0,1,FALSE
V2_c1,nobgs,2,stage 2,1_U12124,130778,7,FALSE
V2_c1,nobgs,2,stage 2,2_F32,1000864,137,TRUE
V2_c1,nobgs,2,stage 2,2_U9195,0,1,FALSE
V2_c1,nobgs,2,stage 2,3_U4573,15264,4,FALSE
V2_c1,nobgs,2,stage 2,3_U4577,41819,10,FALSE
V2_c1,nobgs,2,stage 2,3_U4582,113120,24,TRUE
V2_c1,nobgs,2,stage 2,3_U7266,0,1,FALSE
V2_c1,nobgs,2,stage 2,4_U3029,0,1,FALSE
V2_c1,nobgs,2,stage 2,4_U3032,0,1,FALSE
V2_c1,nobgs,2,stage 2,4_U9512,0,1,FALSE
V2_c1,nobgs,2,stage 2,6_U3793,0,1,FALSE
V2_c1,nobgs,2,stage 2,6_U1504,14026,2,FALSE
V2_c1,nobgs,2,stage 2,9_U4414,260779,6,FALSE
V2_c1,nobgs,2,stage 2,10_U290,25648,3,TRUE
V2_c1,nobgs,2,stage 2,10_U6625,0,1,FALSE
V2_c1,nobgs,2,stage 1,1_U5281,0,1,FALSE
V2_c1,nobgs,2,stage 1,1_U11110,0,1,FALSE
V2_c1,nobgs,2,stage 1,1_U12124,130778,7,FALSE
V2_c1,nobgs,2,stage 1,2_F32,1000864,137,TRUE
V2_c1,nobgs,2,stage 1,2_U9195,0,1,FALSE
V2_c1,nobgs,2,stage 1,3_U4573,15264,4,FALSE
V2_c1,nobgs,2,stage 1,3_U4577,41819,10,FALSE
V2_c1,nobgs,2,stage 1,3_U4582,113120,24,TRUE
V2_c1,nobgs,2,stage 1,3_U7266,0,1,FALSE
V2_c1,nobgs,2,stage 1,4_U3029,0,1,FALSE
V2_c1,nobgs,2,stage 1,4_U3032,0,1,FALSE
V2_c1,nobgs,2,stage 1,4_U9512,0,1,FALSE
V2_c1,nobgs,2,stage 1,6_U3793,0,1,FALSE
V2_c1,nobgs,2,stage 1,6_U1504,14026,2,FALSE
V2_c1,nobgs,2,stage 1,9_U4414,260779,6,FALSE
V2_c1,nobgs,2,stage 1,10_U290,25648,3,TRUE
V2_c1,nobgs,2,stage 1,10_U6625,0,1,FALSE
V2_c1,nobgs,3,stage 2,1_U3199,63289,6,FALSE
V2_c1,nobgs,3,stage 2,1_U3200,4513,2,TRUE
V2_c1,nobgs,3,stage 2,1_F33,369608,34,TRUE
V2_c1,nobgs,3,stage 2,1_U11851,2890,2,FALSE
V2_c1,nobgs,3,stage 2,4_F21,2305159,191,TRUE
V2_c1,nobgs,3,stage 2,4_F37,2934160,225,TRUE
V2_c1,nobgs,3,stage 2,4_F57,1376246,21,FALSE
V2_c1,nobgs,3,stage 2,4_F69,295623,13,FALSE
V2_c1,nobgs,3,stage 2,5_F22,783260,27,FALSE
V2_c1,nobgs,3,stage 2,5_F11,365491,51,TRUE
V2_c1,nobgs,3,stage 2,5_F4,285956,40,FALSE
V2_c1,nobgs,3,stage 2,6_U3203,58530,13,TRUE
V2_c1,nobgs,3,stage 2,6_F5,78000,20,TRUE
V2_c1,nobgs,3,stage 2,8_F65,187052,26,TRUE
V2_c1,nobgs,3,stage 2,9_F2,1236467,81,FALSE
V2_c1,nobgs,3,stage 2,9_F24,2160937,386,TRUE
V2_c1,nobgs,3,stage 1,1_U3199,63289,6,FALSE
V2_c1,nobgs,3,stage 1,1_U3200,4513,2,TRUE
V2_c1,nobgs,3,stage 1,1_F33,369608,34,TRUE
V2_c1,nobgs,3,stage 1,1_U11851,2890,2,FALSE
V2_c1,nobgs,3,stage 1,4_F21,2305159,191,TRUE
V2_c1,nobgs,3,stage 1,4_F37,2934160,225,TRUE
V2_c1,nobgs,3,stage 1,4_F57,1376246,21,FALSE
V2_c1,nobgs,3,stage 1,4_F69,295623,13,FALSE
V2_c1,nobgs,3,stage 1,5_F22,783260,27,FALSE
V2_c1,nobgs,3,stage 1,5_F11,365491,51,TRUE
V2_c1,nobgs,3,stage 1,5_F4,285956,40,FALSE
V2_c1,nobgs,3,stage 1,6_U3203,58530,13,TRUE
V2_c1,nobgs,3,stage 1,6_F5,78000,20,TRUE
V2_c1,nobgs,3,stage 1,8_F65,187052,26,TRUE
V2_c1,nobgs,3,stage 1,9_F2,1236467,81,FALSE
V2_c1,nobgs,3,stage 1,9_F24,2160937,386,TRUE
V2_c1,nobgs,4,stage 2,2_F27,991097,121,TRUE
V2_c1,nobgs,4,stage 2,3_F31,894688,13,TRUE
V2_c1,nobgs,4,stage 2,4_U3451,125006,9,TRUE
V2_c1,nobgs,4,stage 2,4_U3452,112756,4,TRUE
V2_c1,nobgs,4,stage 2,4_U3454,16207,4,FALSE
V2_c1,nobgs,4,stage 2,6_F2,71494,16,TRUE
V2_c1,nobgs,4,stage 2,8_U640,35761,2,TRUE
V2_c1,nobgs,4,stage 1,2_F27,991097,121,TRUE
V2_c1,nobgs,4,stage 1,3_F2,1578196,212,TRUE
V2_c1,nobgs,4,stage 1,3_F31,894688,13,TRUE
V2_c1,nobgs,4,stage 1,4_U3451,125006,9,TRUE
V2_c1,nobgs,4,stage 1,4_U3452,112756,4,TRUE
V2_c1,nobgs,4,stage 1,4_U3454,16207,4,FALSE
V2_c1,nobgs,4,stage 1,6_F2,71494,16,TRUE
V2_c1,nobgs,4,stage 1,6_U1319,4531,2,FALSE
V2_c1,nobgs,4,stage 1,8_U640,35761,2,TRUE
V2_c1,nobgs,5,stage 2,7_U1096,5558,3,TRUE
V2_c1,nobgs,5,stage 2,7_F24,40502,12,TRUE
V2_c1,nobgs,5,stage 1,7_U1096,5558,3,TRUE
V2_c1,nobgs,5,stage 1,7_F24,40502,12,TRUE
V2_c1,nobgs,5,stage 1,10_F25,1012924,105,TRUE
V2_c1,nobgs,6,stage 2,1_U5593,0,1,FALSE
V2_c1,nobgs,6,stage 2,2_U4889,179837,8,FALSE
V2_c1,nobgs,6,stage 2,2_U5289,0,1,FALSE
V2_c1,nobgs,6,stage 2,2_U9017,0,1,FALSE
V2_c1,nobgs,6,stage 2,3_U2062,0,1,FALSE
V2_c1,nobgs,6,stage 2,3_U2291,158185,13,TRUE
V2_c1,nobgs,6,stage 2,3_U2427,7060,2,FALSE
V2_c1,nobgs,6,stage 2,3_U2466,0,1,FALSE
V2_c1,nobgs,6,stage 2,3_U9567,10084,2,FALSE
V2_c1,nobgs,6,stage 2,4_U3053,79531,4,FALSE
V2_c1,nobgs,6,stage 2,4_U3054,75320,6,FALSE
V2_c1,nobgs,6,stage 2,4_U3055,109163,2,FALSE
V2_c1,nobgs,6,stage 2,4_U3672,72334,3,FALSE
V2_c1,nobgs,6,stage 2,4_U5848,0,1,FALSE
V2_c1,nobgs,6,stage 2,4_U6802,0,1,FALSE
V2_c1,nobgs,6,stage 2,5_F26,4256105,123,FALSE
V2_c1,nobgs,6,stage 2,5_F42,1681582,323,TRUE
V2_c1,nobgs,6,stage 2,5_F57,1122343,82,FALSE
V2_c1,nobgs,6,stage 2,6_F9,339863,31,TRUE
V2_c1,nobgs,6,stage 2,7_U1785,0,1,FALSE
V2_c1,nobgs,6,stage 2,8_U1371,127703,2,FALSE
V2_c1,nobgs,6,stage 2,8_U1499,24581,5,FALSE
V2_c1,nobgs,6,stage 2,8_U1566,3722,2,TRUE
V2_c1,nobgs,6,stage 2,8_U10965,19496,3,FALSE
V2_c1,nobgs,6,stage 2,9_U3728,32,2,FALSE
V2_c1,nobgs,6,stage 1,1_U5593,0,1,FALSE
V2_c1,nobgs,6,stage 1,2_U4889,179837,8,FALSE
V2_c1,nobgs,6,stage 1,2_U5289,0,1,FALSE
V2_c1,nobgs,6,stage 1,2_U9017,0,1,FALSE
V2_c1,nobgs,6,stage 1,3_U2062,0,1,FALSE
V2_c1,nobgs,6,stage 1,3_U2291,158185,13,TRUE
V2_c1,nobgs,6,stage 1,3_U2427,7060,2,FALSE
V2_c1,nobgs,6,stage 1,3_U2466,0,1,FALSE
V2_c1,nobgs,6,stage 1,3_U9567,10084,2,FALSE
V2_c1,nobgs,6,stage 1,4_U3053,79531,4,FALSE
V2_c1,nobgs,6,stage 1,4_U3054,75320,6,FALSE
V2_c1,nobgs,6,stage 1,4_U3055,109163,2,FALSE
V2_c1,nobgs,6,stage 1,4_U3672,72334,3,FALSE
V2_c1,nobgs,6,stage 1,4_U5848,0,1,FALSE
V2_c1,nobgs,6,stage 1,4_U6802,0,1,FALSE
V2_c1,nobgs,6,stage 1,5_F26,4256105,123,FALSE
V2_c1,nobgs,6,stage 1,5_F42,1681582,323,TRUE
V2_c1,nobgs,6,stage 1,5_F57,1122343,82,FALSE
V2_c1,nobgs,6,stage 1,6_F9,339863,31,TRUE
V2_c1,nobgs,6,stage 1,6_F8,367411,63,TRUE
V2_c1,nobgs,6,stage 1,7_U1785,0,1,FALSE
V2_c1,nobgs,6,stage 1,8_U1371,127703,2,FALSE
V2_c1,nobgs,6,stage 1,8_U1499,24581,5,FALSE
V2_c1,nobgs,6,stage 1,8_U1566,3722,2,TRUE
V2_c1,nobgs,6,stage 1,8_U10913,12572,2,FALSE
V2_c1,nobgs,6,stage 1,8_U10965,19496,3,FALSE
V2_c1,nobgs,6,stage 1,9_U3728,32,2,FALSE
V2_c1,nobgs,7,stage 2,3_U4739,23516,8,TRUE
V2_c1,nobgs,7,stage 1,3_U4739,23516,8,TRUE
V2_c1,nobgs,8,stage 2,1_U889,22320,2,FALSE
V2_c1,nobgs,8,stage 2,2_F40,363533,55,TRUE
V2_c1,nobgs,8,stage 2,3_F29,1151940,252,TRUE
V2_c1,nobgs,8,stage 2,8_U3747,49774,6,FALSE
V2_c1,nobgs,8,stage 1,1_U889,22320,2,FALSE
V2_c1,nobgs,8,stage 1,2_F40,363533,55,TRUE
V2_c1,nobgs,8,stage 1,3_F13,307001,50,FALSE
V2_c1,nobgs,8,stage 1,3_F29,1151940,252,TRUE
V2_c1,nobgs,8,stage 1,4_U5894,0,1,FALSE
V2_c1,nobgs,8,stage 1,5_F12,348006,75,TRUE
V2_c1,nobgs,8,stage 1,8_U3747,49774,6,FALSE
V2_c1,nobgs,8,stage 1,8_U6765,728,2,FALSE
V2_c1,nobgs,10,stage 2,4_U1614,45204,9,FALSE
V2_c1,nobgs,10,stage 2,5_U1265,38137,7,FALSE
V2_c1,nobgs,10,stage 2,5_U1477,20394,4,FALSE
V2_c1,nobgs,10,stage 2,6_U939,0,1,FALSE
V2_c1,nobgs,10,stage 2,7_F25,798899,33,FALSE
V2_c1,nobgs,10,stage 2,8_U4271,14292,2,FALSE
V2_c1,nobgs,10,stage 2,10_U3004,5582,4,FALSE
V2_c1,nobgs,10,stage 2,10_U3220,41234,3,TRUE
V2_c1,nobgs,10,stage 1,4_U1614,45204,9,FALSE
V2_c1,nobgs,10,stage 1,5_U1262,51355,4,FALSE
V2_c1,nobgs,10,stage 1,5_U1265,38137,7,FALSE
V2_c1,nobgs,10,stage 1,5_U1477,20394,4,FALSE
V2_c1,nobgs,10,stage 1,6_U939,0,1,FALSE
V2_c1,nobgs,10,stage 1,7_F18,3815601,517,TRUE
V2_c1,nobgs,10,stage 1,7_F25,798899,33,FALSE
V2_c1,nobgs,10,stage 1,8_U4271,14292,2,FALSE
V2_c1,nobgs,10,stage 1,10_U3004,5582,4,FALSE
V2_c1,nobgs,10,stage 1,10_U3220,41234,3,TRUE
V2_c1,bgs,1,stage 2,2_U2655,0,1,FALSE
V2_c1,bgs,1,stage 2,4_F23,0,1,TRUE
V2_c1,bgs,1,stage 2,6_F16,1709320,342,TRUE
V2_c1,bgs,1,stage 2,6_F4,67657,15,TRUE
V2_c1,bgs,1,stage 2,6_U1058,0,1,FALSE
V2_c1,bgs,1,stage 1,2_U2655,0,1,FALSE
V2_c1,bgs,1,stage 1,4_F23,0,1,TRUE
V2_c1,bgs,1,stage 1,6_F16,1709320,342,TRUE
V2_c1,bgs,1,stage 1,6_F4,67657,15,TRUE
V2_c1,bgs,1,stage 1,6_U1058,0,1,FALSE
V2_c1,bgs,2,stage 2,1_U5179,0,1,TRUE
V2_c1,bgs,2,stage 2,1_U12087,17999,3,FALSE
V2_c1,bgs,2,stage 2,1_U12525,93765,9,FALSE
V2_c1,bgs,2,stage 2,1_U12528,157409,12,FALSE
V2_c1,bgs,2,stage 2,2_U2017,94267,16,FALSE
V2_c1,bgs,2,stage 2,2_F19,1089386,138,TRUE
V2_c1,bgs,2,stage 2,2_U2486,18397,4,FALSE
V2_c1,bgs,2,stage 2,4_U2511,124472,9,FALSE
V2_c1,bgs,2,stage 2,4_U7136,20775,2,FALSE
V2_c1,bgs,2,stage 2,5_U849,53504,6,TRUE
V2_c1,bgs,2,stage 2,6_U73,21838,2,FALSE
V2_c1,bgs,2,stage 2,6_U74,66739,6,FALSE
V2_c1,bgs,2,stage 2,6_F12,603837,68,TRUE
V2_c1,bgs,2,stage 2,7_U2560,6240,4,FALSE
V2_c1,bgs,2,stage 2,7_U7129,0,1,FALSE
V2_c1,bgs,2,stage 2,8_U864,35119,2,TRUE
V2_c1,bgs,2,stage 2,10_U2682,3208,2,FALSE
V2_c1,bgs,2,stage 2,10_U1011,0,1,FALSE
V2_c1,bgs,2,stage 1,1_U5179,0,1,TRUE
V2_c1,bgs,2,stage 1,1_U5264,0,1,FALSE
V2_c1,bgs,2,stage 1,1_F165,575533,37,FALSE
V2_c1,bgs,2,stage 1,1_U12087,17999,3,FALSE
V2_c1,bgs,2,stage 1,1_U12525,93765,9,FALSE
V2_c1,bgs,2,stage 1,1_U12528,157409,12,FALSE
V2_c1,bgs,2,stage 1,2_U2017,94267,16,FALSE
V2_c1,bgs,2,stage 1,2_F19,1089386,138,TRUE
V2_c1,bgs,2,stage 1,2_U2486,18397,4,FALSE
V2_c1,bgs,2,stage 1,4_U2511,124472,9,FALSE
V2_c1,bgs,2,stage 1,4_U7136,20775,2,FALSE
V2_c1,bgs,2,stage 1,5_U849,53504,6,TRUE
V2_c1,bgs,2,stage 1,6_U73,21838,2,FALSE
V2_c1,bgs,2,stage 1,6_U74,66739,6,FALSE
V2_c1,bgs,2,stage 1,6_F12,603837,68,TRUE
V2_c1,bgs,2,stage 1,7_U2560,6240,4,FALSE
V2_c1,bgs,2,stage 1,7_U7129,0,1,FALSE
V2_c1,bgs,2,stage 1,8_U864,35119,2,TRUE
V2_c1,bgs,2,stage 1,10_U2682,3208,2,FALSE
V2_c1,bgs,2,stage 1,10_U1011,0,1,FALSE
V2_c1,bgs,3,stage 2,1_F80,63030,16,FALSE
V2_c1,bgs,3,stage 2,3_U628,63417,35,TRUE
V2_c1,bgs,3,stage 2,4_U3412,0,1,TRUE
V2_c1,bgs,3,stage 2,7_U1271,67326,3,FALSE
V2_c1,bgs,3,stage 2,8_U529,72325,14,TRUE
V2_c1,bgs,3,stage 2,10_F6,588327,50,TRUE
V2_c1,bgs,3,stage 1,1_F80,63030,16,FALSE
V2_c1,bgs,3,stage 1,3_U628,63417,35,TRUE
V2_c1,bgs,3,stage 1,4_U3412,0,1,TRUE
V2_c1,bgs,3,stage 1,7_U1271,67326,3,FALSE
V2_c1,bgs,3,stage 1,8_U529,72325,14,TRUE
V2_c1,bgs,3,stage 1,10_F6,588327,50,TRUE
V2_c1,bgs,4,stage 2,10_F20,65289,25,TRUE
V2_c1,bgs,4,stage 1,10_F20,65289,25,TRUE
V2_c1,bgs,5,stage 2,6_U653,0,1,TRUE
V2_c1,bgs,5,stage 1,6_U653,0,1,TRUE
V2_c1,bgs,6,stage 2,1_F61,78333,13,TRUE
V2_c1,bgs,6,stage 2,1_U4054,0,1,FALSE
V2_c1,bgs,6,stage 2,1_U9814,51816,3,FALSE
V2_c1,bgs,6,stage 2,1_U7336,113475,4,FALSE
V2_c1,bgs,6,stage 2,2_U3942,108504,3,FALSE
V2_c1,bgs,6,stage 2,2_U3944,52229,4,FALSE
V2_c1,bgs,6,stage 2,2_U5798,171933,4,FALSE
V2_c1,bgs,6,stage 2,4_U3236,129002,2,FALSE
V2_c1,bgs,6,stage 2,4_U4420,163910,12,FALSE
V2_c1,bgs,6,stage 2,4_U4497,0,1,FALSE
V2_c1,bgs,6,stage 2,4_U5977,108372,7,TRUE
V2_c1,bgs,6,stage 2,4_U11924,24266,3,FALSE
V2_c1,bgs,6,stage 2,8_U4541,159689,4,FALSE
V2_c1,bgs,6,stage 2,8_U787,0,1,FALSE
V2_c1,bgs,6,stage 2,9_U2863,1102,2,FALSE
V2_c1,bgs,6,stage 2,9_U1727,0,1,FALSE
V2_c1,bgs,6,stage 2,9_F21,2483228,77,TRUE
V2_c1,bgs,6,stage 2,10_U1292,34860,7,FALSE
V2_c1,bgs,6,stage 1,1_F61,78333,13,TRUE
V2_c1,bgs,6,stage 1,1_U4054,0,1,FALSE
V2_c1,bgs,6,stage 1,1_U9814,51816,3,FALSE
V2_c1,bgs,6,stage 1,1_U7336,113475,4,FALSE
V2_c1,bgs,6,stage 1,2_U3942,108504,3,FALSE
V2_c1,bgs,6,stage 1,2_U3944,52229,4,FALSE
V2_c1,bgs,6,stage 1,2_U5798,171933,4,FALSE
V2_c1,bgs,6,stage 1,4_U3236,129002,2,FALSE
V2_c1,bgs,6,stage 1,4_U4420,163910,12,FALSE
V2_c1,bgs,6,stage 1,4_U4497,0,1,FALSE
V2_c1,bgs,6,stage 1,4_U5977,108372,7,TRUE
V2_c1,bgs,6,stage 1,4_U11924,24266,3,FALSE
V2_c1,bgs,6,stage 1,8_U4541,159689,4,FALSE
V2_c1,bgs,6,stage 1,8_U787,0,1,FALSE
V2_c1,bgs,6,stage 1,9_U2863,1102,2,FALSE
V2_c1,bgs,6,stage 1,9_U1727,0,1,FALSE
V2_c1,bgs,6,stage 1,9_F21,2483228,77,TRUE
V2_c1,bgs,6,stage 1,10_U1292,34860,7,FALSE
V2_c1,bgs,7,stage 2,1_F79,486944,76,TRUE
V2_c1,bgs,7,stage 2,4_U1639,6818,2,TRUE
V2_c1,bgs,7,stage 2,7_F23,473875,70,TRUE
V2_c1,bgs,7,stage 1,1_F79,486944,76,TRUE
V2_c1,bgs,7,stage 1,4_U1639,6818,2,TRUE
V2_c1,bgs,7,stage 1,4_U9813,0,1,FALSE
V2_c1,bgs,7,stage 1,5_F10,2620147,100,TRUE
V2_c1,bgs,7,stage 1,7_F23,473875,70,TRUE
V2_c1,bgs,7,stage 1,10_U2964,0,1,FALSE
V2_c1,bgs,8,stage 2,1_U27,6042,3,TRUE
V2_c1,bgs,8,stage 2,1_U3844,1870,2,FALSE
V2_c1,bgs,8,stage 2,3_U2964,91703,9,FALSE
V2_c1,bgs,8,stage 2,4_U4402,0,1,FALSE
V2_c1,bgs,8,stage 2,4_F38,3035575,7,TRUE
V2_c1,bgs,8,stage 2,4_F65,775244,4,FALSE
V2_c1,bgs,8,stage 2,4_U6975,87134,4,FALSE
V2_c1,bgs,8,stage 2,5_U2041,16269,2,FALSE
V2_c1,bgs,8,stage 2,7_U3978,71354,6,FALSE
V2_c1,bgs,8,stage 1,1_U27,6042,3,TRUE
V2_c1,bgs,8,stage 1,1_U3844,1870,2,FALSE
V2_c1,bgs,8,stage 1,3_U2964,91703,9,FALSE
V2_c1,bgs,8,stage 1,4_U4402,0,1,FALSE
V2_c1,bgs,8,stage 1,4_F38,3035575,7,TRUE
V2_c1,bgs,8,stage 1,4_F65,775244,4,FALSE
V2_c1,bgs,8,stage 1,4_U6975,87134,4,FALSE
V2_c1,bgs,8,stage 1,5_U2041,16269,2,FALSE
V2_c1,bgs,8,stage 1,7_U3978,71354,6,FALSE
V2_c1,bgs,10,stage 2,2_U1044,13458,2,TRUE
V2_c1,bgs,10,stage 2,3_F29,801797,76,TRUE
V2_c1,bgs,10,stage 2,3_F50,282470,4,FALSE
V2_c1,bgs,10,stage 2,4_U167,138799,2,TRUE
V2_c1,bgs,10,stage 2,4_F13,112223,12,TRUE
V2_c1,bgs,10,stage 2,5_U2128,6916,2,TRUE
V2_c1,bgs,10,stage 2,7_U2046,7795,2,FALSE
V2_c1,bgs,10,stage 2,9_U1236,483816,49,TRUE
V2_c1,bgs,10,stage 2,9_U1237,0,1,TRUE
V2_c1,bgs,10,stage 2,9_U1238,16092,4,TRUE
V2_c1,bgs,10,stage 2,10_U1578,3242,2,FALSE
V2_c1,bgs,10,stage 1,2_U1044,13458,2,TRUE
V2_c1,bgs,10,stage 1,3_F29,801797,76,TRUE
V2_c1,bgs,10,stage 1,3_F50,282470,4,FALSE
V2_c1,bgs,10,stage 1,4_U167,138799,2,TRUE
V2_c1,bgs,10,stage 1,4_F13,112223,12,TRUE
V2_c1,bgs,10,stage 1,5_U2128,6916,2,TRUE
V2_c1,bgs,10,stage 1,7_U2046,7795,2,FALSE
V2_c1,bgs,10,stage 1,9_U1236,483816,49,TRUE
V2_c1,bgs,10,stage 1,9_U1237,0,1,TRUE
V2_c1,bgs,10,stage 1,9_U1238,16092,4,TRUE
V2_c1,bgs,10,stage 1,10_U1578,3242,2,FALSE
