tag	cell	rep	env	method	scheme	B	mean_null	max_null	n_obs_regions	TP	FP	ratio_null_obs	FDP_truth	Fst	ld_decay_rate	background_ld
bgs	V0.5_c1	2	1	emmax_consensus	group	200	0.175	3	0	0	0			0.0416998198969429	1.4620277971147e-05	0.0307199366866053
bgs	V0.5_c1	2	1	emmax_consensus	mvn	200	0.07	2	0	0	0			0.0416998198969429	1.4620277971147e-05	0.0307199366866053
bgs	V0.5_c1	2	1	emmax_consensus	spatial	200	0.15	3	0	0	0			0.0416998198969429	1.4620277971147e-05	0.0307199366866053
bgs	V0.5_c1	2	1	emmax_simes	group	200	0.145	3	0	0	0			0.0416998198969429	1.4620277971147e-05	0.0307199366866053
bgs	V0.5_c1	2	1	emmax_simes	mvn	200	0.065	2	0	0	0			0.0416998198969429	1.4620277971147e-05	0.0307199366866053
bgs	V0.5_c1	2	1	emmax_simes	spatial	200	0.125	4	0	0	0			0.0416998198969429	1.4620277971147e-05	0.0307199366866053
bgs	V0.5_c1	2	2	emmax_consensus	group	200	2.7	8	5	3	2	0.54	0.4	0.0506048655115406	1.49109942304606e-05	0.0314843657635152
bgs	V0.5_c1	2	2	emmax_consensus	mvn	200	0.085	4	5	3	2	0.017	0.4	0.0506048655115406	1.49109942304606e-05	0.0314843657635152
bgs	V0.5_c1	2	2	emmax_consensus	spatial	200	0.31	4	5	3	2	0.062	0.4	0.0506048655115406	1.49109942304606e-05	0.0314843657635152
bgs	V0.5_c1	2	2	emmax_simes	group	200	2.35	6	2	2	0	1.175	0	0.0506048655115406	1.49109942304606e-05	0.0314843657635152
bgs	V0.5_c1	2	2	emmax_simes	mvn	200	0.025	2	2	2	0	0.0125	0	0.0506048655115406	1.49109942304606e-05	0.0314843657635152
bgs	V0.5_c1	2	2	emmax_simes	spatial	200	0.27	3	2	2	0	0.135	0	0.0506048655115406	1.49109942304606e-05	0.0314843657635152
bgs	V0.5_c1	2	3	emmax_consensus	group	200	4.75	11	2	2	0	2.375	0	0.0506711987018578	1.54873839838578e-05	0.0341074985578617
bgs	V0.5_c1	2	3	emmax_consensus	mvn	200	0.06	2	2	2	0	0.03	0	0.0506711987018578	1.54873839838578e-05	0.0341074985578617
bgs	V0.5_c1	2	3	emmax_consensus	spatial	200	1.2	8	2	2	0	0.6	0	0.0506711987018578	1.54873839838578e-05	0.0341074985578617
bgs	V0.5_c1	2	3	emmax_simes	group	200	4.395	10	2	2	0	2.1975	0	0.0506711987018578	1.54873839838578e-05	0.0341074985578617
bgs	V0.5_c1	2	3	emmax_simes	mvn	200	0.045	1	2	2	0	0.0225	0	0.0506711987018578	1.54873839838578e-05	0.0341074985578617
bgs	V0.5_c1	2	3	emmax_simes	spatial	200	1.19	7	2	2	0	0.595	0	0.0506711987018578	1.54873839838578e-05	0.0341074985578617
bgs	V0.5_c1	2	4	emmax_consensus	group	200	2.355	7	2	1	1	1.1775	0.5	0.0502684670959373	1.37192708033541e-05	0.0328388757342601
bgs	V0.5_c1	2	4	emmax_consensus	mvn	200	0.08	3	2	1	1	0.04	0.5	0.0502684670959373	1.37192708033541e-05	0.0328388757342601
bgs	V0.5_c1	2	4	emmax_consensus	spatial	200	0.525	5	2	1	1	0.2625	0.5	0.0502684670959373	1.37192708033541e-05	0.0328388757342601
bgs	V0.5_c1	2	4	emmax_simes	group	200	2.18	6	1	1	0	2.18	0	0.0502684670959373	1.37192708033541e-05	0.0328388757342601
bgs	V0.5_c1	2	4	emmax_simes	mvn	200	0.075	3	1	1	0	0.075	0	0.0502684670959373	1.37192708033541e-05	0.0328388757342601
bgs	V0.5_c1	2	4	emmax_simes	spatial	200	0.64	6	1	1	0	0.64	0	0.0502684670959373	1.37192708033541e-05	0.0328388757342601
bgs	V0.5_c1	2	5	emmax_consensus	group	200	0.44	4	1	0	1	0.44	1	0.0443347835181857	1.490322555123e-05	0.0301665065198731
bgs	V0.5_c1	2	5	emmax_consensus	mvn	200	0.05	2	1	0	1	0.05	1	0.0443347835181857	1.490322555123e-05	0.0301665065198731
bgs	V0.5_c1	2	5	emmax_consensus	spatial	200	0.445	3	1	0	1	0.445	1	0.0443347835181857	1.490322555123e-05	0.0301665065198731
bgs	V0.5_c1	2	5	emmax_simes	group	200	0.915	4	2	1	1	0.4575	0.5	0.0443347835181857	1.490322555123e-05	0.0301665065198731
bgs	V0.5_c1	2	5	emmax_simes	mvn	200	0.05	3	2	1	1	0.025	0.5	0.0443347835181857	1.490322555123e-05	0.0301665065198731
bgs	V0.5_c1	2	5	emmax_simes	spatial	200	0.435	4	2	1	1	0.2175	0.5	0.0443347835181857	1.490322555123e-05	0.0301665065198731
bgs	V0.5_c1	2	6	emmax_consensus	group	200	0.17	3	0	0	0			0.0317590566866119	1.59272400223187e-05	0.030664917772611
bgs	V0.5_c1	2	6	emmax_consensus	mvn	200	0.04	2	0	0	0			0.0317590566866119	1.59272400223187e-05	0.030664917772611
bgs	V0.5_c1	2	6	emmax_consensus	spatial	200	0.025	1	0	0	0			0.0317590566866119	1.59272400223187e-05	0.030664917772611
bgs	V0.5_c1	2	6	emmax_simes	group	200	0.19	3	0	0	0			0.0317590566866119	1.59272400223187e-05	0.030664917772611
bgs	V0.5_c1	2	6	emmax_simes	mvn	200	0.015	1	0	0	0			0.0317590566866119	1.59272400223187e-05	0.030664917772611
bgs	V0.5_c1	2	6	emmax_simes	spatial	200	0.04	1	0	0	0			0.0317590566866119	1.59272400223187e-05	0.030664917772611
bgs	V0.5_c1	2	7	emmax_consensus	group	200	1.05	2	1	1	0	1.05	0	0.0490106792923233	1.50969227117519e-05	0.0322897157492087
bgs	V0.5_c1	2	7	emmax_consensus	mvn	200	0.09	2	1	1	0	0.09	0	0.0490106792923233	1.50969227117519e-05	0.0322897157492087
bgs	V0.5_c1	2	7	emmax_consensus	spatial	200	0.525	7	1	1	0	0.525	0	0.0490106792923233	1.50969227117519e-05	0.0322897157492087
bgs	V0.5_c1	2	7	emmax_simes	group	200	1.065	2	1	1	0	1.065	0	0.0490106792923233	1.50969227117519e-05	0.0322897157492087
bgs	V0.5_c1	2	7	emmax_simes	mvn	200	0.095	3	1	1	0	0.095	0	0.0490106792923233	1.50969227117519e-05	0.0322897157492087
bgs	V0.5_c1	2	7	emmax_simes	spatial	200	0.745	8	1	1	0	0.745	0	0.0490106792923233	1.50969227117519e-05	0.0322897157492087
bgs	V0.5_c1	2	8	emmax_consensus	group	200	0.825	4	3	0	3	0.275	1	0.0408586277786204	1.32581422386178e-05	0.0328857497900448
bgs	V0.5_c1	2	8	emmax_consensus	mvn	200	0.085	2	3	0	3	0.0283333333333333	1	0.0408586277786204	1.32581422386178e-05	0.0328857497900448
bgs	V0.5_c1	2	8	emmax_consensus	spatial	200	0.325	4	3	0	3	0.108333333333333	1	0.0408586277786204	1.32581422386178e-05	0.0328857497900448
bgs	V0.5_c1	2	8	emmax_simes	group	200	0.635	5	3	0	3	0.211666666666667	1	0.0408586277786204	1.32581422386178e-05	0.0328857497900448
bgs	V0.5_c1	2	8	emmax_simes	mvn	200	0.1	3	3	0	3	0.0333333333333333	1	0.0408586277786204	1.32581422386178e-05	0.0328857497900448
bgs	V0.5_c1	2	8	emmax_simes	spatial	200	0.235	4	3	0	3	0.0783333333333333	1	0.0408586277786204	1.32581422386178e-05	0.0328857497900448
bgs	V0.5_c1	2	9	emmax_consensus	group	200	0.125	2	0	0	0			0.0447190700527286	1.58618986621754e-05	0.0312238320041618
bgs	V0.5_c1	2	9	emmax_consensus	mvn	200	0.065	2	0	0	0			0.0447190700527286	1.58618986621754e-05	0.0312238320041618
bgs	V0.5_c1	2	9	emmax_consensus	spatial	200	0.195	3	0	0	0			0.0447190700527286	1.58618986621754e-05	0.0312238320041618
bgs	V0.5_c1	2	9	emmax_simes	group	200	0.05	2	0	0	0			0.0447190700527286	1.58618986621754e-05	0.0312238320041618
bgs	V0.5_c1	2	9	emmax_simes	mvn	200	0.045	1	0	0	0			0.0447190700527286	1.58618986621754e-05	0.0312238320041618
bgs	V0.5_c1	2	9	emmax_simes	spatial	200	0.205	5	0	0	0			0.0447190700527286	1.58618986621754e-05	0.0312238320041618
bgs	V0.5_c1	2	10	emmax_consensus	group	200	0.975	4	1	1	0	0.975	0	0.046897725092743	1.59471118608897e-05	0.0334168561421207
bgs	V0.5_c1	2	10	emmax_consensus	mvn	200	0.045	2	1	1	0	0.045	0	0.046897725092743	1.59471118608897e-05	0.0334168561421207
bgs	V0.5_c1	2	10	emmax_consensus	spatial	200	0.055	3	1	1	0	0.055	0	0.046897725092743	1.59471118608897e-05	0.0334168561421207
bgs	V0.5_c1	2	10	emmax_simes	group	200	0.71	4	2	1	1	0.355	0.5	0.046897725092743	1.59471118608897e-05	0.0334168561421207
bgs	V0.5_c1	2	10	emmax_simes	mvn	200	0.06	2	2	1	1	0.03	0.5	0.046897725092743	1.59471118608897e-05	0.0334168561421207
bgs	V0.5_c1	2	10	emmax_simes	spatial	200	0.195	3	2	1	1	0.0975	0.5	0.046897725092743	1.59471118608897e-05	0.0334168561421207
bgs	V0.5_c1	3	1	emmax_consensus	group	200	3.94	10	4	3	1	0.985	0.25	0.0515400082219724	2.25008563317329e-05	0.0322523742246441
bgs	V0.5_c1	3	1	emmax_consensus	mvn	200	0.055	2	4	3	1	0.01375	0.25	0.0515400082219724	2.25008563317329e-05	0.0322523742246441
bgs	V0.5_c1	3	1	emmax_consensus	spatial	200	0.045	2	4	3	1	0.01125	0.25	0.0515400082219724	2.25008563317329e-05	0.0322523742246441
bgs	V0.5_c1	3	1	emmax_simes	group	200	3.47	11	3	3	0	1.15666666666667	0	0.0515400082219724	2.25008563317329e-05	0.0322523742246441
bgs	V0.5_c1	3	1	emmax_simes	mvn	200	0.05	2	3	3	0	0.0166666666666667	0	0.0515400082219724	2.25008563317329e-05	0.0322523742246441
bgs	V0.5_c1	3	1	emmax_simes	spatial	200	0.045	1	3	3	0	0.015	0	0.0515400082219724	2.25008563317329e-05	0.0322523742246441
bgs	V0.5_c1	3	2	emmax_consensus	group	200	3.11	9	1	1	0	3.11	0	0.0408893042462623	2.29310178326867e-05	0.0351539594517541
bgs	V0.5_c1	3	2	emmax_consensus	mvn	200	0.03	2	1	1	0	0.03	0	0.0408893042462623	2.29310178326867e-05	0.0351539594517541
bgs	V0.5_c1	3	2	emmax_consensus	spatial	200	1.435	8	1	1	0	1.435	0	0.0408893042462623	2.29310178326867e-05	0.0351539594517541
bgs	V0.5_c1	3	2	emmax_simes	group	200	2.68	9	1	1	0	2.68	0	0.0408893042462623	2.29310178326867e-05	0.0351539594517541
bgs	V0.5_c1	3	2	emmax_simes	mvn	200	0.035	2	1	1	0	0.035	0	0.0408893042462623	2.29310178326867e-05	0.0351539594517541
bgs	V0.5_c1	3	2	emmax_simes	spatial	200	1.305	8	1	1	0	1.305	0	0.0408893042462623	2.29310178326867e-05	0.0351539594517541
bgs	V0.5_c1	3	3	emmax_consensus	group	200	1.18	4	1	1	0	1.18	0	0.0516642922534869	2.28101577468403e-05	0.0330592107695519
bgs	V0.5_c1	3	3	emmax_consensus	mvn	200	0.08	2	1	1	0	0.08	0	0.0516642922534869	2.28101577468403e-05	0.0330592107695519
bgs	V0.5_c1	3	3	emmax_consensus	spatial	200	0.275	4	1	1	0	0.275	0	0.0516642922534869	2.28101577468403e-05	0.0330592107695519
bgs	V0.5_c1	3	3	emmax_simes	group	200	0.99	4	1	1	0	0.99	0	0.0516642922534869	2.28101577468403e-05	0.0330592107695519
bgs	V0.5_c1	3	3	emmax_simes	mvn	200	0.065	3	1	1	0	0.065	0	0.0516642922534869	2.28101577468403e-05	0.0330592107695519
bgs	V0.5_c1	3	3	emmax_simes	spatial	200	0.325	5	1	1	0	0.325	0	0.0516642922534869	2.28101577468403e-05	0.0330592107695519
bgs	V0.5_c1	3	4	emmax_consensus	group	200	1.055	5	1	1	0	1.055	0	0.0504871603184566	2.21874396378828e-05	0.0324385849816117
bgs	V0.5_c1	3	4	emmax_consensus	mvn	200	0.05	1	1	1	0	0.05	0	0.0504871603184566	2.21874396378828e-05	0.0324385849816117
bgs	V0.5_c1	3	4	emmax_consensus	spatial	200	1.255	6	1	1	0	1.255	0	0.0504871603184566	2.21874396378828e-05	0.0324385849816117
bgs	V0.5_c1	3	4	emmax_simes	group	200	0.92	4	1	1	0	0.92	0	0.0504871603184566	2.21874396378828e-05	0.0324385849816117
bgs	V0.5_c1	3	4	emmax_simes	mvn	200	0.065	2	1	1	0	0.065	0	0.0504871603184566	2.21874396378828e-05	0.0324385849816117
bgs	V0.5_c1	3	4	emmax_simes	spatial	200	1.16	6	1	1	0	1.16	0	0.0504871603184566	2.21874396378828e-05	0.0324385849816117
bgs	V0.5_c1	3	5	emmax_consensus	group	200	0.055	2	0	0	0			0.0459068057335808	1.90762264789816e-05	0.0322353963305566
bgs	V0.5_c1	3	5	emmax_consensus	mvn	200	0.05	2	0	0	0			0.0459068057335808	1.90762264789816e-05	0.0322353963305566
bgs	V0.5_c1	3	5	emmax_consensus	spatial	200	0.1	2	0	0	0			0.0459068057335808	1.90762264789816e-05	0.0322353963305566
bgs	V0.5_c1	3	5	emmax_simes	group	200	0.035	2	0	0	0			0.0459068057335808	1.90762264789816e-05	0.0322353963305566
bgs	V0.5_c1	3	5	emmax_simes	mvn	200	0.03	2	0	0	0			0.0459068057335808	1.90762264789816e-05	0.0322353963305566
bgs	V0.5_c1	3	5	emmax_simes	spatial	200	0.05	1	0	0	0			0.0459068057335808	1.90762264789816e-05	0.0322353963305566
bgs	V0.5_c1	3	6	emmax_consensus	group	200	3.08	7	1	1	0	3.08	0	0.0463782880102975	2.14211057567267e-05	0.031873177120075
bgs	V0.5_c1	3	6	emmax_consensus	mvn	200	0.06	1	1	1	0	0.06	0	0.0463782880102975	2.14211057567267e-05	0.031873177120075
bgs	V0.5_c1	3	6	emmax_consensus	spatial	200	0.44	4	1	1	0	0.44	0	0.0463782880102975	2.14211057567267e-05	0.031873177120075
bgs	V0.5_c1	3	6	emmax_simes	group	200	3.01	8	1	1	0	3.01	0	0.0463782880102975	2.14211057567267e-05	0.031873177120075
bgs	V0.5_c1	3	6	emmax_simes	mvn	200	0.04	1	1	1	0	0.04	0	0.0463782880102975	2.14211057567267e-05	0.031873177120075
bgs	V0.5_c1	3	6	emmax_simes	spatial	200	0.295	3	1	1	0	0.295	0	0.0463782880102975	2.14211057567267e-05	0.031873177120075
bgs	V0.5_c1	3	7	emmax_consensus	group	200	0.035	1	0	0	0			0.0430774360482146	2.46273558665926e-05	0.033811206298484
bgs	V0.5_c1	3	7	emmax_consensus	mvn	200	0.04	2	0	0	0			0.0430774360482146	2.46273558665926e-05	0.033811206298484
bgs	V0.5_c1	3	7	emmax_consensus	spatial	200	0.15	2	0	0	0			0.0430774360482146	2.46273558665926e-05	0.033811206298484
bgs	V0.5_c1	3	7	emmax_simes	group	200	0.05	3	0	0	0			0.0430774360482146	2.46273558665926e-05	0.033811206298484
bgs	V0.5_c1	3	7	emmax_simes	mvn	200	0.05	1	0	0	0			0.0430774360482146	2.46273558665926e-05	0.033811206298484
bgs	V0.5_c1	3	7	emmax_simes	spatial	200	0.28	2	0	0	0			0.0430774360482146	2.46273558665926e-05	0.033811206298484
bgs	V0.5_c1	3	8	emmax_consensus	group	200	0.49	5	1	0	1	0.49	1	0.0436884787805426	1.83163797084799e-05	0.0327310814349306
bgs	V0.5_c1	3	8	emmax_consensus	mvn	200	0.045	1	1	0	1	0.045	1	0.0436884787805426	1.83163797084799e-05	0.0327310814349306
bgs	V0.5_c1	3	8	emmax_consensus	spatial	200	0.075	3	1	0	1	0.075	1	0.0436884787805426	1.83163797084799e-05	0.0327310814349306
bgs	V0.5_c1	3	8	emmax_simes	group	200	0.735	5	2	0	2	0.3675	1	0.0436884787805426	1.83163797084799e-05	0.0327310814349306
bgs	V0.5_c1	3	8	emmax_simes	mvn	200	0.045	2	2	0	2	0.0225	1	0.0436884787805426	1.83163797084799e-05	0.0327310814349306
bgs	V0.5_c1	3	8	emmax_simes	spatial	200	0.045	2	2	0	2	0.0225	1	0.0436884787805426	1.83163797084799e-05	0.0327310814349306
bgs	V0.5_c1	3	9	emmax_consensus	group	200	0.805	6	1	1	0	0.805	0	0.0443487220760191	1.9209102209219e-05	0.0354536435369566
bgs	V0.5_c1	3	9	emmax_consensus	mvn	200	0.06	2	1	1	0	0.06	0	0.0443487220760191	1.9209102209219e-05	0.0354536435369566
bgs	V0.5_c1	3	9	emmax_consensus	spatial	200	0.13	3	1	1	0	0.13	0	0.0443487220760191	1.9209102209219e-05	0.0354536435369566
bgs	V0.5_c1	3	9	emmax_simes	group	200	0.695	6	0	0	0			0.0443487220760191	1.9209102209219e-05	0.0354536435369566
bgs	V0.5_c1	3	9	emmax_simes	mvn	200	0.05	2	0	0	0			0.0443487220760191	1.9209102209219e-05	0.0354536435369566
bgs	V0.5_c1	3	9	emmax_simes	spatial	200	0.085	3	0	0	0			0.0443487220760191	1.9209102209219e-05	0.0354536435369566
bgs	V0.5_c1	3	10	emmax_consensus	group	200	0.09	2	0	0	0			0.0447725425096349	1.97775958781112e-05	0.0316516644167688
bgs	V0.5_c1	3	10	emmax_consensus	mvn	200	0.065	3	0	0	0			0.0447725425096349	1.97775958781112e-05	0.0316516644167688
bgs	V0.5_c1	3	10	emmax_consensus	spatial	200	0.26	5	0	0	0			0.0447725425096349	1.97775958781112e-05	0.0316516644167688
bgs	V0.5_c1	3	10	emmax_simes	group	200	0.11	4	0	0	0			0.0447725425096349	1.97775958781112e-05	0.0316516644167688
bgs	V0.5_c1	3	10	emmax_simes	mvn	200	0.04	1	0	0	0			0.0447725425096349	1.97775958781112e-05	0.0316516644167688
bgs	V0.5_c1	3	10	emmax_simes	spatial	200	0.37	4	0	0	0			0.0447725425096349	1.97775958781112e-05	0.0316516644167688
bgs	V0.5_c1	5	1	emmax_consensus	group	200	3.095	13	1	1	0	3.095	0	0.0540150277973383	1.58181766202788e-05	0.0403726343426808
bgs	V0.5_c1	5	1	emmax_consensus	mvn	200	0.085	2	1	1	0	0.085	0	0.0540150277973383	1.58181766202788e-05	0.0403726343426808
bgs	V0.5_c1	5	1	emmax_consensus	spatial	200	0.88	4	1	1	0	0.88	0	0.0540150277973383	1.58181766202788e-05	0.0403726343426808
bgs	V0.5_c1	5	1	emmax_simes	group	200	2.67	8	1	1	0	2.67	0	0.0540150277973383	1.58181766202788e-05	0.0403726343426808
bgs	V0.5_c1	5	1	emmax_simes	mvn	200	0.085	3	1	1	0	0.085	0	0.0540150277973383	1.58181766202788e-05	0.0403726343426808
bgs	V0.5_c1	5	1	emmax_simes	spatial	200	0.775	5	1	1	0	0.775	0	0.0540150277973383	1.58181766202788e-05	0.0403726343426808
bgs	V0.5_c1	5	2	emmax_consensus	group	200	0.185	3	0	0	0			0.0458233711532068	2.14452852060282e-05	0.0317277254132031
bgs	V0.5_c1	5	2	emmax_consensus	mvn	200	0.07	1	0	0	0			0.0458233711532068	2.14452852060282e-05	0.0317277254132031
bgs	V0.5_c1	5	2	emmax_consensus	spatial	200	0.175	2	0	0	0			0.0458233711532068	2.14452852060282e-05	0.0317277254132031
bgs	V0.5_c1	5	2	emmax_simes	group	200	0.38	3	0	0	0			0.0458233711532068	2.14452852060282e-05	0.0317277254132031
bgs	V0.5_c1	5	2	emmax_simes	mvn	200	0.045	1	0	0	0			0.0458233711532068	2.14452852060282e-05	0.0317277254132031
bgs	V0.5_c1	5	2	emmax_simes	spatial	200	0.32	3	0	0	0			0.0458233711532068	2.14452852060282e-05	0.0317277254132031
bgs	V0.5_c1	5	3	emmax_consensus	group	200	0.04	1	0	0	0			0.0332186216949438	1.91439020491676e-05	0.0373814824929638
bgs	V0.5_c1	5	3	emmax_consensus	mvn	200	0.085	2	0	0	0			0.0332186216949438	1.91439020491676e-05	0.0373814824929638
bgs	V0.5_c1	5	3	emmax_consensus	spatial	200	0.44	4	0	0	0			0.0332186216949438	1.91439020491676e-05	0.0373814824929638
bgs	V0.5_c1	5	3	emmax_simes	group	200	0.015	1	0	0	0			0.0332186216949438	1.91439020491676e-05	0.0373814824929638
bgs	V0.5_c1	5	3	emmax_simes	mvn	200	0.075	2	0	0	0			0.0332186216949438	1.91439020491676e-05	0.0373814824929638
bgs	V0.5_c1	5	3	emmax_simes	spatial	200	0.33	4	0	0	0			0.0332186216949438	1.91439020491676e-05	0.0373814824929638
bgs	V0.5_c1	5	4	emmax_consensus	group	200	0.085	2	0	0	0			0.0373355994534434	1.97554354940626e-05	0.0350238389869371
bgs	V0.5_c1	5	4	emmax_consensus	mvn	200	0.025	1	0	0	0			0.0373355994534434	1.97554354940626e-05	0.0350238389869371
bgs	V0.5_c1	5	4	emmax_consensus	spatial	200	0.135	2	0	0	0			0.0373355994534434	1.97554354940626e-05	0.0350238389869371
bgs	V0.5_c1	5	4	emmax_simes	group	200	0.065	2	0	0	0			0.0373355994534434	1.97554354940626e-05	0.0350238389869371
bgs	V0.5_c1	5	4	emmax_simes	mvn	200	0.04	1	0	0	0			0.0373355994534434	1.97554354940626e-05	0.0350238389869371
bgs	V0.5_c1	5	4	emmax_simes	spatial	200	0.13	3	0	0	0			0.0373355994534434	1.97554354940626e-05	0.0350238389869371
bgs	V0.5_c1	5	5	emmax_consensus	group	200	2.035	7	3	1	2	0.678333333333333	0.666666666666667	0.0539098352400219	2.32032133934516e-05	0.0374769703134761
bgs	V0.5_c1	5	5	emmax_consensus	mvn	200	0.04	2	3	1	2	0.0133333333333333	0.666666666666667	0.0539098352400219	2.32032133934516e-05	0.0374769703134761
bgs	V0.5_c1	5	5	emmax_consensus	spatial	200	0.845	7	3	1	2	0.281666666666667	0.666666666666667	0.0539098352400219	2.32032133934516e-05	0.0374769703134761
bgs	V0.5_c1	5	5	emmax_simes	group	200	2.36	7	2	1	1	1.18	0.5	0.0539098352400219	2.32032133934516e-05	0.0374769703134761
bgs	V0.5_c1	5	5	emmax_simes	mvn	200	0.045	2	2	1	1	0.0225	0.5	0.0539098352400219	2.32032133934516e-05	0.0374769703134761
bgs	V0.5_c1	5	5	emmax_simes	spatial	200	0.7	6	2	1	1	0.35	0.5	0.0539098352400219	2.32032133934516e-05	0.0374769703134761
bgs	V0.5_c1	5	6	emmax_consensus	group	200	1.835	6	2	1	1	0.9175	0.5	0.0493761503625645	2.1859829169005e-05	0.0335549430065862
bgs	V0.5_c1	5	6	emmax_consensus	mvn	200	0.05	2	2	1	1	0.025	0.5	0.0493761503625645	2.1859829169005e-05	0.0335549430065862
bgs	V0.5_c1	5	6	emmax_consensus	spatial	200	0.16	4	2	1	1	0.08	0.5	0.0493761503625645	2.1859829169005e-05	0.0335549430065862
bgs	V0.5_c1	5	6	emmax_simes	group	200	1.79	8	1	1	0	1.79	0	0.0493761503625645	2.1859829169005e-05	0.0335549430065862
bgs	V0.5_c1	5	6	emmax_simes	mvn	200	0.05	2	1	1	0	0.05	0	0.0493761503625645	2.1859829169005e-05	0.0335549430065862
bgs	V0.5_c1	5	6	emmax_simes	spatial	200	0.16	2	1	1	0	0.16	0	0.0493761503625645	2.1859829169005e-05	0.0335549430065862
bgs	V0.5_c1	5	7	emmax_consensus	group	200	1.245	3	2	1	1	0.6225	0.5	0.0460682630635734	1.2867264980711e-05	0.0443096567975343
bgs	V0.5_c1	5	7	emmax_consensus	mvn	200	0.06	1	2	1	1	0.03	0.5	0.0460682630635734	1.2867264980711e-05	0.0443096567975343
bgs	V0.5_c1	5	7	emmax_consensus	spatial	200	0.415	4	2	1	1	0.2075	0.5	0.0460682630635734	1.2867264980711e-05	0.0443096567975343
bgs	V0.5_c1	5	7	emmax_simes	group	200	1.37	3	2	1	1	0.685	0.5	0.0460682630635734	1.2867264980711e-05	0.0443096567975343
bgs	V0.5_c1	5	7	emmax_simes	mvn	200	0.035	1	2	1	1	0.0175	0.5	0.0460682630635734	1.2867264980711e-05	0.0443096567975343
bgs	V0.5_c1	5	7	emmax_simes	spatial	200	0.115	1	2	1	1	0.0575	0.5	0.0460682630635734	1.2867264980711e-05	0.0443096567975343
bgs	V0.5_c1	5	8	emmax_consensus	group	200	4.305	10	2	2	0	2.1525	0	0.0597238336837099	2.17874776678275e-05	0.0422087890112566
bgs	V0.5_c1	5	8	emmax_consensus	mvn	200	0.035	1	2	2	0	0.0175	0	0.0597238336837099	2.17874776678275e-05	0.0422087890112566
bgs	V0.5_c1	5	8	emmax_consensus	spatial	200	0.125	3	2	2	0	0.0625	0	0.0597238336837099	2.17874776678275e-05	0.0422087890112566
bgs	V0.5_c1	5	8	emmax_simes	group	200	4.16	13	3	2	1	1.38666666666667	0.333333333333333	0.0597238336837099	2.17874776678275e-05	0.0422087890112566
bgs	V0.5_c1	5	8	emmax_simes	mvn	200	0.055	2	3	2	1	0.0183333333333333	0.333333333333333	0.0597238336837099	2.17874776678275e-05	0.0422087890112566
bgs	V0.5_c1	5	8	emmax_simes	spatial	200	0.09	3	3	2	1	0.03	0.333333333333333	0.0597238336837099	2.17874776678275e-05	0.0422087890112566
bgs	V0.5_c1	5	9	emmax_consensus	group	200	0.19	2	2	1	1	0.095	0.5	0.0414661558044513	2.33998872255923e-05	0.0367026191824729
bgs	V0.5_c1	5	9	emmax_consensus	mvn	200	0.065	2	2	1	1	0.0325	0.5	0.0414661558044513	2.33998872255923e-05	0.0367026191824729
bgs	V0.5_c1	5	9	emmax_consensus	spatial	200	0.075	5	2	1	1	0.0375	0.5	0.0414661558044513	2.33998872255923e-05	0.0367026191824729
bgs	V0.5_c1	5	9	emmax_simes	group	200	0.22	2	2	1	1	0.11	0.5	0.0414661558044513	2.33998872255923e-05	0.0367026191824729
bgs	V0.5_c1	5	9	emmax_simes	mvn	200	0.055	2	2	1	1	0.0275	0.5	0.0414661558044513	2.33998872255923e-05	0.0367026191824729
bgs	V0.5_c1	5	9	emmax_simes	spatial	200	0.025	1	2	1	1	0.0125	0.5	0.0414661558044513	2.33998872255923e-05	0.0367026191824729
bgs	V0.5_c1	5	10	emmax_consensus	group	200	0.13	2	0	0	0			0.0404914170798736	1.92498157424079e-05	0.0349924076885951
bgs	V0.5_c1	5	10	emmax_consensus	mvn	200	0.045	2	0	0	0			0.0404914170798736	1.92498157424079e-05	0.0349924076885951
bgs	V0.5_c1	5	10	emmax_consensus	spatial	200	0.01	1	0	0	0			0.0404914170798736	1.92498157424079e-05	0.0349924076885951
bgs	V0.5_c1	5	10	emmax_simes	group	200	0.15	4	0	0	0			0.0404914170798736	1.92498157424079e-05	0.0349924076885951
bgs	V0.5_c1	5	10	emmax_simes	mvn	200	0.05	1	0	0	0			0.0404914170798736	1.92498157424079e-05	0.0349924076885951
bgs	V0.5_c1	5	10	emmax_simes	spatial	200	0.01	2	0	0	0			0.0404914170798736	1.92498157424079e-05	0.0349924076885951
bgs	V0.5_c1	6	1	emmax_consensus	group	200	0.185	3	0	0	0			0.0399301576221311	2.51226448198566e-05	0.0316347161095515
bgs	V0.5_c1	6	1	emmax_consensus	mvn	200	0.06	2	0	0	0			0.0399301576221311	2.51226448198566e-05	0.0316347161095515
bgs	V0.5_c1	6	1	emmax_consensus	spatial	200	0.055	2	0	0	0			0.0399301576221311	2.51226448198566e-05	0.0316347161095515
bgs	V0.5_c1	6	1	emmax_simes	group	200	0.18	3	0	0	0			0.0399301576221311	2.51226448198566e-05	0.0316347161095515
bgs	V0.5_c1	6	1	emmax_simes	mvn	200	0.05	2	0	0	0			0.0399301576221311	2.51226448198566e-05	0.0316347161095515
bgs	V0.5_c1	6	1	emmax_simes	spatial	200	0.125	3	0	0	0			0.0399301576221311	2.51226448198566e-05	0.0316347161095515
bgs	V0.5_c1	6	2	emmax_consensus	group	200	1.385	5	2	1	1	0.6925	0.5	0.0433350051063066	2.02977608585288e-05	0.0349832940722932
bgs	V0.5_c1	6	2	emmax_consensus	mvn	200	0.035	1	2	1	1	0.0175	0.5	0.0433350051063066	2.02977608585288e-05	0.0349832940722932
bgs	V0.5_c1	6	2	emmax_consensus	spatial	200	0.335	5	2	1	1	0.1675	0.5	0.0433350051063066	2.02977608585288e-05	0.0349832940722932
bgs	V0.5_c1	6	2	emmax_simes	group	200	1.45	4	3	1	2	0.483333333333333	0.666666666666667	0.0433350051063066	2.02977608585288e-05	0.0349832940722932
bgs	V0.5_c1	6	2	emmax_simes	mvn	200	0.03	1	3	1	2	0.01	0.666666666666667	0.0433350051063066	2.02977608585288e-05	0.0349832940722932
bgs	V0.5_c1	6	2	emmax_simes	spatial	200	0.395	6	3	1	2	0.131666666666667	0.666666666666667	0.0433350051063066	2.02977608585288e-05	0.0349832940722932
bgs	V0.5_c1	6	3	emmax_consensus	group	200	1.82	5	3	2	1	0.606666666666667	0.333333333333333	0.0436143799893249	2.14231301623405e-05	0.0365654623947437
bgs	V0.5_c1	6	3	emmax_consensus	mvn	200	0.085	2	3	2	1	0.0283333333333333	0.333333333333333	0.0436143799893249	2.14231301623405e-05	0.0365654623947437
bgs	V0.5_c1	6	3	emmax_consensus	spatial	200	0.415	4	3	2	1	0.138333333333333	0.333333333333333	0.0436143799893249	2.14231301623405e-05	0.0365654623947437
bgs	V0.5_c1	6	3	emmax_simes	group	200	1.42	5	3	2	1	0.473333333333333	0.333333333333333	0.0436143799893249	2.14231301623405e-05	0.0365654623947437
bgs	V0.5_c1	6	3	emmax_simes	mvn	200	0.06	2	3	2	1	0.02	0.333333333333333	0.0436143799893249	2.14231301623405e-05	0.0365654623947437
bgs	V0.5_c1	6	3	emmax_simes	spatial	200	0.545	3	3	2	1	0.181666666666667	0.333333333333333	0.0436143799893249	2.14231301623405e-05	0.0365654623947437
bgs	V0.5_c1	6	4	emmax_consensus	group	200	0.31	2	1	0	1	0.31	1	0.0500526157712779	2.36193460609111e-05	0.035149461855983
bgs	V0.5_c1	6	4	emmax_consensus	mvn	200	0.055	1	1	0	1	0.055	1	0.0500526157712779	2.36193460609111e-05	0.035149461855983
bgs	V0.5_c1	6	4	emmax_consensus	spatial	200	1.47	12	1	0	1	1.47	1	0.0500526157712779	2.36193460609111e-05	0.035149461855983
bgs	V0.5_c1	6	4	emmax_simes	group	200	0.27	2	1	0	1	0.27	1	0.0500526157712779	2.36193460609111e-05	0.035149461855983
bgs	V0.5_c1	6	4	emmax_simes	mvn	200	0.045	1	1	0	1	0.045	1	0.0500526157712779	2.36193460609111e-05	0.035149461855983
bgs	V0.5_c1	6	4	emmax_simes	spatial	200	1.49	13	1	0	1	1.49	1	0.0500526157712779	2.36193460609111e-05	0.035149461855983
bgs	V0.5_c1	6	5	emmax_consensus	group	200	0.96	4	1	1	0	0.96	0	0.0511518895238811	1.73904144654995e-05	0.0314485677009242
bgs	V0.5_c1	6	5	emmax_consensus	mvn	200	0.075	2	1	1	0	0.075	0	0.0511518895238811	1.73904144654995e-05	0.0314485677009242
bgs	V0.5_c1	6	5	emmax_consensus	spatial	200	0.21	3	1	1	0	0.21	0	0.0511518895238811	1.73904144654995e-05	0.0314485677009242
bgs	V0.5_c1	6	5	emmax_simes	group	200	1.105	4	1	1	0	1.105	0	0.0511518895238811	1.73904144654995e-05	0.0314485677009242
bgs	V0.5_c1	6	5	emmax_simes	mvn	200	0.07	2	1	1	0	0.07	0	0.0511518895238811	1.73904144654995e-05	0.0314485677009242
bgs	V0.5_c1	6	5	emmax_simes	spatial	200	0.12	2	1	1	0	0.12	0	0.0511518895238811	1.73904144654995e-05	0.0314485677009242
bgs	V0.5_c1	6	6	emmax_consensus	group	200	2.63	8	3	3	0	0.876666666666667	0	0.0409843037033949	2.1172281746855e-05	0.0335569430062218
bgs	V0.5_c1	6	6	emmax_consensus	mvn	200	0.07	3	3	3	0	0.0233333333333333	0	0.0409843037033949	2.1172281746855e-05	0.0335569430062218
bgs	V0.5_c1	6	6	emmax_consensus	spatial	200	0.15	2	3	3	0	0.05	0	0.0409843037033949	2.1172281746855e-05	0.0335569430062218
bgs	V0.5_c1	6	6	emmax_simes	group	200	3.065	8	3	3	0	1.02166666666667	0	0.0409843037033949	2.1172281746855e-05	0.0335569430062218
bgs	V0.5_c1	6	6	emmax_simes	mvn	200	0.06	3	3	3	0	0.02	0	0.0409843037033949	2.1172281746855e-05	0.0335569430062218
bgs	V0.5_c1	6	6	emmax_simes	spatial	200	0.11	2	3	3	0	0.0366666666666667	0	0.0409843037033949	2.1172281746855e-05	0.0335569430062218
bgs	V0.5_c1	6	7	emmax_consensus	group	200	0.735	5	3	1	2	0.245	0.666666666666667	0.0352722708133878	1.99474732019737e-05	0.0340556070585882
bgs	V0.5_c1	6	7	emmax_consensus	mvn	200	0.05	2	3	1	2	0.0166666666666667	0.666666666666667	0.0352722708133878	1.99474732019737e-05	0.0340556070585882
bgs	V0.5_c1	6	7	emmax_consensus	spatial	200	0.175	4	3	1	2	0.0583333333333333	0.666666666666667	0.0352722708133878	1.99474732019737e-05	0.0340556070585882
bgs	V0.5_c1	6	7	emmax_simes	group	200	0.55	6	3	1	2	0.183333333333333	0.666666666666667	0.0352722708133878	1.99474732019737e-05	0.0340556070585882
bgs	V0.5_c1	6	7	emmax_simes	mvn	200	0.035	2	3	1	2	0.0116666666666667	0.666666666666667	0.0352722708133878	1.99474732019737e-05	0.0340556070585882
bgs	V0.5_c1	6	7	emmax_simes	spatial	200	0.15	4	3	1	2	0.05	0.666666666666667	0.0352722708133878	1.99474732019737e-05	0.0340556070585882
bgs	V0.5_c1	6	8	emmax_consensus	group	200	2.22	9	1	1	0	2.22	0	0.0466633699459287	2.12706365612814e-05	0.0315896279829069
bgs	V0.5_c1	6	8	emmax_consensus	mvn	200	0.045	2	1	1	0	0.045	0	0.0466633699459287	2.12706365612814e-05	0.0315896279829069
bgs	V0.5_c1	6	8	emmax_consensus	spatial	200	0.2	2	1	1	0	0.2	0	0.0466633699459287	2.12706365612814e-05	0.0315896279829069
bgs	V0.5_c1	6	8	emmax_simes	group	200	2.395	8	1	1	0	2.395	0	0.0466633699459287	2.12706365612814e-05	0.0315896279829069
bgs	V0.5_c1	6	8	emmax_simes	mvn	200	0.05	4	1	1	0	0.05	0	0.0466633699459287	2.12706365612814e-05	0.0315896279829069
bgs	V0.5_c1	6	8	emmax_simes	spatial	200	0.155	2	1	1	0	0.155	0	0.0466633699459287	2.12706365612814e-05	0.0315896279829069
bgs	V0.5_c1	6	9	emmax_consensus	group	200	0.025	1	0	0	0			0.0449255782338539	2.62642070998149e-05	0.0319235123695129
bgs	V0.5_c1	6	9	emmax_consensus	mvn	200	0.07	3	0	0	0			0.0449255782338539	2.62642070998149e-05	0.0319235123695129
bgs	V0.5_c1	6	9	emmax_consensus	spatial	200	0.63	5	0	0	0			0.0449255782338539	2.62642070998149e-05	0.0319235123695129
bgs	V0.5_c1	6	9	emmax_simes	group	200	0.015	1	0	0	0			0.0449255782338539	2.62642070998149e-05	0.0319235123695129
bgs	V0.5_c1	6	9	emmax_simes	mvn	200	0.045	3	0	0	0			0.0449255782338539	2.62642070998149e-05	0.0319235123695129
bgs	V0.5_c1	6	9	emmax_simes	spatial	200	0.695	6	0	0	0			0.0449255782338539	2.62642070998149e-05	0.0319235123695129
bgs	V0.5_c1	6	10	emmax_consensus	group	200	1.08	8	1	0	1	1.08	1	0.0452789717297846	2.27259933879666e-05	0.0313196617582429
bgs	V0.5_c1	6	10	emmax_consensus	mvn	200	0.035	2	1	0	1	0.035	1	0.0452789717297846	2.27259933879666e-05	0.0313196617582429
bgs	V0.5_c1	6	10	emmax_consensus	spatial	200	0.2	3	1	0	1	0.2	1	0.0452789717297846	2.27259933879666e-05	0.0313196617582429
bgs	V0.5_c1	6	10	emmax_simes	group	200	1.505	6	1	0	1	1.505	1	0.0452789717297846	2.27259933879666e-05	0.0313196617582429
bgs	V0.5_c1	6	10	emmax_simes	mvn	200	0.03	2	1	0	1	0.03	1	0.0452789717297846	2.27259933879666e-05	0.0313196617582429
bgs	V0.5_c1	6	10	emmax_simes	spatial	200	0.255	4	1	0	1	0.255	1	0.0452789717297846	2.27259933879666e-05	0.0313196617582429
bgs	V0.5_c1	8	1	emmax_consensus	group	200	0.315	2	1	0	1	0.315	1	0.0436715175865294	2.05385560012098e-05	0.0348353194481085
bgs	V0.5_c1	8	1	emmax_consensus	mvn	200	0.05	2	1	0	1	0.05	1	0.0436715175865294	2.05385560012098e-05	0.0348353194481085
bgs	V0.5_c1	8	1	emmax_consensus	spatial	200	0.235	3	1	0	1	0.235	1	0.0436715175865294	2.05385560012098e-05	0.0348353194481085
bgs	V0.5_c1	8	1	emmax_simes	group	200	0.225	2	1	0	1	0.225	1	0.0436715175865294	2.05385560012098e-05	0.0348353194481085
bgs	V0.5_c1	8	1	emmax_simes	mvn	200	0.065	2	1	0	1	0.065	1	0.0436715175865294	2.05385560012098e-05	0.0348353194481085
bgs	V0.5_c1	8	1	emmax_simes	spatial	200	0.195	3	1	0	1	0.195	1	0.0436715175865294	2.05385560012098e-05	0.0348353194481085
bgs	V0.5_c1	8	2	emmax_consensus	group	200	2.77	13	5	2	3	0.554	0.6	0.0542446597937344	2.17872843786723e-05	0.0318104533931626
bgs	V0.5_c1	8	2	emmax_consensus	mvn	200	0.06	2	5	2	3	0.012	0.6	0.0542446597937344	2.17872843786723e-05	0.0318104533931626
bgs	V0.5_c1	8	2	emmax_consensus	spatial	200	0.465	6	5	2	3	0.093	0.6	0.0542446597937344	2.17872843786723e-05	0.0318104533931626
bgs	V0.5_c1	8	2	emmax_simes	group	200	3.055	13	3	2	1	1.01833333333333	0.333333333333333	0.0542446597937344	2.17872843786723e-05	0.0318104533931626
bgs	V0.5_c1	8	2	emmax_simes	mvn	200	0.07	2	3	2	1	0.0233333333333333	0.333333333333333	0.0542446597937344	2.17872843786723e-05	0.0318104533931626
bgs	V0.5_c1	8	2	emmax_simes	spatial	200	0.49	4	3	2	1	0.163333333333333	0.333333333333333	0.0542446597937344	2.17872843786723e-05	0.0318104533931626
bgs	V0.5_c1	8	3	emmax_consensus	group	200	6.165	14	11	2	9	0.560454545454545	0.818181818181818	0.0513057732734671	2.33830776189519e-05	0.0322876619019663
bgs	V0.5_c1	8	3	emmax_consensus	mvn	200	0.065	2	11	2	9	0.00590909090909091	0.818181818181818	0.0513057732734671	2.33830776189519e-05	0.0322876619019663
bgs	V0.5_c1	8	3	emmax_consensus	spatial	200	0.145	3	11	2	9	0.0131818181818182	0.818181818181818	0.0513057732734671	2.33830776189519e-05	0.0322876619019663
bgs	V0.5_c1	8	3	emmax_simes	group	200	5.68	14	9	2	7	0.631111111111111	0.777777777777778	0.0513057732734671	2.33830776189519e-05	0.0322876619019663
bgs	V0.5_c1	8	3	emmax_simes	mvn	200	0.05	2	9	2	7	0.00555555555555556	0.777777777777778	0.0513057732734671	2.33830776189519e-05	0.0322876619019663
bgs	V0.5_c1	8	3	emmax_simes	spatial	200	0.12	2	9	2	7	0.0133333333333333	0.777777777777778	0.0513057732734671	2.33830776189519e-05	0.0322876619019663
bgs	V0.5_c1	8	4	emmax_consensus	group	200	1.06	5	2	1	1	0.53	0.5	0.044979258648895	2.93396191125969e-05	0.0308747277426724
bgs	V0.5_c1	8	4	emmax_consensus	mvn	200	0.09	4	2	1	1	0.045	0.5	0.044979258648895	2.93396191125969e-05	0.0308747277426724
bgs	V0.5_c1	8	4	emmax_consensus	spatial	200	0.125	2	2	1	1	0.0625	0.5	0.044979258648895	2.93396191125969e-05	0.0308747277426724
bgs	V0.5_c1	8	4	emmax_simes	group	200	1.175	5	4	1	3	0.29375	0.75	0.044979258648895	2.93396191125969e-05	0.0308747277426724
bgs	V0.5_c1	8	4	emmax_simes	mvn	200	0.045	1	4	1	3	0.01125	0.75	0.044979258648895	2.93396191125969e-05	0.0308747277426724
bgs	V0.5_c1	8	4	emmax_simes	spatial	200	0.135	1	4	1	3	0.03375	0.75	0.044979258648895	2.93396191125969e-05	0.0308747277426724
bgs	V0.5_c1	8	5	emmax_consensus	group	200	1.905	6	5	2	3	0.381	0.6	0.0393892640261743	1.70605141291966e-05	0.0345548775078235
bgs	V0.5_c1	8	5	emmax_consensus	mvn	200	0.055	1	5	2	3	0.011	0.6	0.0393892640261743	1.70605141291966e-05	0.0345548775078235
bgs	V0.5_c1	8	5	emmax_consensus	spatial	200	0.75	6	5	2	3	0.15	0.6	0.0393892640261743	1.70605141291966e-05	0.0345548775078235
bgs	V0.5_c1	8	5	emmax_simes	group	200	1.73	6	5	1	4	0.346	0.8	0.0393892640261743	1.70605141291966e-05	0.0345548775078235
bgs	V0.5_c1	8	5	emmax_simes	mvn	200	0.065	1	5	1	4	0.013	0.8	0.0393892640261743	1.70605141291966e-05	0.0345548775078235
bgs	V0.5_c1	8	5	emmax_simes	spatial	200	0.775	8	5	1	4	0.155	0.8	0.0393892640261743	1.70605141291966e-05	0.0345548775078235
bgs	V0.5_c1	8	6	emmax_consensus	group	200	7.135	15	9	3	6	0.792777777777778	0.666666666666667	0.0485714952916165	2.36212226741062e-05	0.0320320250872434
bgs	V0.5_c1	8	6	emmax_consensus	mvn	200	0.045	2	9	3	6	0.005	0.666666666666667	0.0485714952916165	2.36212226741062e-05	0.0320320250872434
bgs	V0.5_c1	8	6	emmax_consensus	spatial	200	0.225	2	9	3	6	0.025	0.666666666666667	0.0485714952916165	2.36212226741062e-05	0.0320320250872434
bgs	V0.5_c1	8	6	emmax_simes	group	200	7.555	17	9	2	7	0.839444444444444	0.777777777777778	0.0485714952916165	2.36212226741062e-05	0.0320320250872434
bgs	V0.5_c1	8	6	emmax_simes	mvn	200	0.05	2	9	2	7	0.00555555555555556	0.777777777777778	0.0485714952916165	2.36212226741062e-05	0.0320320250872434
bgs	V0.5_c1	8	6	emmax_simes	spatial	200	0.28	2	9	2	7	0.0311111111111111	0.777777777777778	0.0485714952916165	2.36212226741062e-05	0.0320320250872434
bgs	V0.5_c1	8	7	emmax_consensus	group	200	1.04	2	4	1	3	0.26	0.75	0.0462471255121688	1.95589953111217e-05	0.0326475417753308
bgs	V0.5_c1	8	7	emmax_consensus	mvn	200	0.085	3	4	1	3	0.02125	0.75	0.0462471255121688	1.95589953111217e-05	0.0326475417753308
bgs	V0.5_c1	8	7	emmax_consensus	spatial	200	0.095	2	4	1	3	0.02375	0.75	0.0462471255121688	1.95589953111217e-05	0.0326475417753308
bgs	V0.5_c1	8	7	emmax_simes	group	200	1.035	2	3	1	2	0.345	0.666666666666667	0.0462471255121688	1.95589953111217e-05	0.0326475417753308
bgs	V0.5_c1	8	7	emmax_simes	mvn	200	0.07	3	3	1	2	0.0233333333333333	0.666666666666667	0.0462471255121688	1.95589953111217e-05	0.0326475417753308
bgs	V0.5_c1	8	7	emmax_simes	spatial	200	0.075	2	3	1	2	0.025	0.666666666666667	0.0462471255121688	1.95589953111217e-05	0.0326475417753308
bgs	V0.5_c1	8	8	emmax_consensus	group	200	1.085	5	1	1	0	1.085	0	0.0468252380508941	2.03337560246008e-05	0.031768523856475
bgs	V0.5_c1	8	8	emmax_consensus	mvn	200	0.05	3	1	1	0	0.05	0	0.0468252380508941	2.03337560246008e-05	0.031768523856475
bgs	V0.5_c1	8	8	emmax_consensus	spatial	200	0.605	5	1	1	0	0.605	0	0.0468252380508941	2.03337560246008e-05	0.031768523856475
bgs	V0.5_c1	8	8	emmax_simes	group	200	0.89	4	0	0	0			0.0468252380508941	2.03337560246008e-05	0.031768523856475
bgs	V0.5_c1	8	8	emmax_simes	mvn	200	0.045	3	0	0	0			0.0468252380508941	2.03337560246008e-05	0.031768523856475
bgs	V0.5_c1	8	8	emmax_simes	spatial	200	0.425	4	0	0	0			0.0468252380508941	2.03337560246008e-05	0.031768523856475
bgs	V0.5_c1	8	9	emmax_consensus	group	200	0.575	4	1	1	0	0.575	0	0.0406308751697165	2.21628098426414e-05	0.031179367562645
bgs	V0.5_c1	8	9	emmax_consensus	mvn	200	0.05	2	1	1	0	0.05	0	0.0406308751697165	2.21628098426414e-05	0.031179367562645
bgs	V0.5_c1	8	9	emmax_consensus	spatial	200	0.205	2	1	1	0	0.205	0	0.0406308751697165	2.21628098426414e-05	0.031179367562645
bgs	V0.5_c1	8	9	emmax_simes	group	200	0.615	5	1	1	0	0.615	0	0.0406308751697165	2.21628098426414e-05	0.031179367562645
bgs	V0.5_c1	8	9	emmax_simes	mvn	200	0.035	2	1	1	0	0.035	0	0.0406308751697165	2.21628098426414e-05	0.031179367562645
bgs	V0.5_c1	8	9	emmax_simes	spatial	200	0.15	2	1	1	0	0.15	0	0.0406308751697165	2.21628098426414e-05	0.031179367562645
bgs	V0.5_c1	8	10	emmax_consensus	group	200	0.43	4	0	0	0			0.047125235416096	2.42665848209881e-05	0.0310751050708172
bgs	V0.5_c1	8	10	emmax_consensus	mvn	200	0.07	2	0	0	0			0.047125235416096	2.42665848209881e-05	0.0310751050708172
bgs	V0.5_c1	8	10	emmax_consensus	spatial	200	0.28	4	0	0	0			0.047125235416096	2.42665848209881e-05	0.0310751050708172
bgs	V0.5_c1	8	10	emmax_simes	group	200	0.45	5	0	0	0			0.047125235416096	2.42665848209881e-05	0.0310751050708172
bgs	V0.5_c1	8	10	emmax_simes	mvn	200	0.04	2	0	0	0			0.047125235416096	2.42665848209881e-05	0.0310751050708172
bgs	V0.5_c1	8	10	emmax_simes	spatial	200	0.195	4	0	0	0			0.047125235416096	2.42665848209881e-05	0.0310751050708172
bgs	V0.5_c1.5	2	1	emmax_consensus	group	200	0.82	7	3	1	2	0.273333333333333	0.666666666666667	0.305651559380917		
bgs	V0.5_c1.5	2	1	emmax_consensus	mvn	200	0.05	3	3	1	2	0.0166666666666667	0.666666666666667	0.305651559380917		
bgs	V0.5_c1.5	2	1	emmax_consensus	spatial	200	7.345	56	3	1	2	2.44833333333333	0.666666666666667	0.305651559380917		
bgs	V0.5_c1.5	2	1	emmax_simes	group	200	0.75	5	4	1	3	0.1875	0.75	0.305651559380917		
bgs	V0.5_c1.5	2	1	emmax_simes	mvn	200	0.055	2	4	1	3	0.01375	0.75	0.305651559380917		
bgs	V0.5_c1.5	2	1	emmax_simes	spatial	200	5.525	42	4	1	3	1.38125	0.75	0.305651559380917		
bgs	V0.5_c1.5	2	2	emmax_consensus	group	200	3.845	11	6	0	6	0.640833333333333	1	0.303603163064239		
bgs	V0.5_c1.5	2	2	emmax_consensus	mvn	200	0.055	2	6	0	6	0.00916666666666667	1	0.303603163064239		
bgs	V0.5_c1.5	2	2	emmax_consensus	spatial	200	9.425	45	6	0	6	1.57083333333333	1	0.303603163064239		
bgs	V0.5_c1.5	2	2	emmax_simes	group	200	3.295	10	0	0	0			0.303603163064239		
bgs	V0.5_c1.5	2	2	emmax_simes	mvn	200	0.055	2	0	0	0			0.303603163064239		
bgs	V0.5_c1.5	2	2	emmax_simes	spatial	200	7.395	39	0	0	0			0.303603163064239		
bgs	V0.5_c1.5	2	3	emmax_consensus	group	200	0.845	5	2	1	1	0.4225	0.5	0.27743300453505		
bgs	V0.5_c1.5	2	3	emmax_consensus	mvn	200	0.065	1	2	1	1	0.0325	0.5	0.27743300453505		
bgs	V0.5_c1.5	2	3	emmax_consensus	spatial	200	5.73	32	2	1	1	2.865	0.5	0.27743300453505		
bgs	V0.5_c1.5	2	3	emmax_simes	group	200	0.605	7	2	1	1	0.3025	0.5	0.27743300453505		
bgs	V0.5_c1.5	2	3	emmax_simes	mvn	200	0.055	2	2	1	1	0.0275	0.5	0.27743300453505		
bgs	V0.5_c1.5	2	3	emmax_simes	spatial	200	4.725	31	2	1	1	2.3625	0.5	0.27743300453505		
bgs	V0.5_c1.5	2	4	emmax_consensus	group	200	0.28	2	0	0	0			0.300259192026469		
bgs	V0.5_c1.5	2	4	emmax_consensus	mvn	200	0.09	3	0	0	0			0.300259192026469		
bgs	V0.5_c1.5	2	4	emmax_consensus	spatial	200	7.2	45	0	0	0			0.300259192026469		
bgs	V0.5_c1.5	2	4	emmax_simes	group	200	0.33	3	2	0	2	0.165	1	0.300259192026469		
bgs	V0.5_c1.5	2	4	emmax_simes	mvn	200	0.07	3	2	0	2	0.035	1	0.300259192026469		
bgs	V0.5_c1.5	2	4	emmax_simes	spatial	200	5.75	43	2	0	2	2.875	1	0.300259192026469		
bgs	V0.5_c1.5	2	5	emmax_consensus	group	200	1.275	8	0	0	0			0.305129234931036		
bgs	V0.5_c1.5	2	5	emmax_consensus	mvn	200	0.065	2	0	0	0			0.305129234931036		
bgs	V0.5_c1.5	2	5	emmax_consensus	spatial	200	12.515	48	0	0	0			0.305129234931036		
bgs	V0.5_c1.5	2	5	emmax_simes	group	200	1.18	6	0	0	0			0.305129234931036		
bgs	V0.5_c1.5	2	5	emmax_simes	mvn	200	0.035	1	0	0	0			0.305129234931036		
bgs	V0.5_c1.5	2	5	emmax_simes	spatial	200	8.34	40	0	0	0			0.305129234931036		
bgs	V0.5_c1.5	2	6	emmax_consensus	group	200	4.81	16	4	0	4	1.2025	1	0.306807733057293		
bgs	V0.5_c1.5	2	6	emmax_consensus	mvn	200	0.055	1	4	0	4	0.01375	1	0.306807733057293		
bgs	V0.5_c1.5	2	6	emmax_consensus	spatial	200	12.875	52	4	0	4	3.21875	1	0.306807733057293		
bgs	V0.5_c1.5	2	6	emmax_simes	group	200	5.01	18	0	0	0			0.306807733057293		
bgs	V0.5_c1.5	2	6	emmax_simes	mvn	200	0.03	1	0	0	0			0.306807733057293		
bgs	V0.5_c1.5	2	6	emmax_simes	spatial	200	10.595	45	0	0	0			0.306807733057293		
bgs	V0.5_c1.5	2	7	emmax_consensus	group	200	0.48	4	1	1	0	0.48	0	0.313651763029049		
bgs	V0.5_c1.5	2	7	emmax_consensus	mvn	200	0.05	2	1	1	0	0.05	0	0.313651763029049		
bgs	V0.5_c1.5	2	7	emmax_consensus	spatial	200	9.465	41	1	1	0	9.465	0	0.313651763029049		
bgs	V0.5_c1.5	2	7	emmax_simes	group	200	0.37	4	0	0	0			0.313651763029049		
bgs	V0.5_c1.5	2	7	emmax_simes	mvn	200	0.05	2	0	0	0			0.313651763029049		
bgs	V0.5_c1.5	2	7	emmax_simes	spatial	200	7.12	36	0	0	0			0.313651763029049		
bgs	V0.5_c1.5	2	8	emmax_consensus	group	200	1.74	10	2	0	2	0.87	1	0.286359391582506		
bgs	V0.5_c1.5	2	8	emmax_consensus	mvn	200	0.045	1	2	0	2	0.0225	1	0.286359391582506		
bgs	V0.5_c1.5	2	8	emmax_consensus	spatial	200	10.435	42	2	0	2	5.2175	1	0.286359391582506		
bgs	V0.5_c1.5	2	8	emmax_simes	group	200	1.435	8	2	0	2	0.7175	1	0.286359391582506		
bgs	V0.5_c1.5	2	8	emmax_simes	mvn	200	0.06	1	2	0	2	0.03	1	0.286359391582506		
bgs	V0.5_c1.5	2	8	emmax_simes	spatial	200	8.245	39	2	0	2	4.1225	1	0.286359391582506		
bgs	V0.5_c1.5	2	9	emmax_consensus	group	200	0.44	5	0	0	0			0.303652373240066		
bgs	V0.5_c1.5	2	9	emmax_consensus	mvn	200	0.035	1	0	0	0			0.303652373240066		
bgs	V0.5_c1.5	2	9	emmax_consensus	spatial	200	10.83	51	0	0	0			0.303652373240066		
bgs	V0.5_c1.5	2	9	emmax_simes	group	200	0.42	4	0	0	0			0.303652373240066		
bgs	V0.5_c1.5	2	9	emmax_simes	mvn	200	0.03	1	0	0	0			0.303652373240066		
bgs	V0.5_c1.5	2	9	emmax_simes	spatial	200	8.34	39	0	0	0			0.303652373240066		
bgs	V0.5_c1.5	2	10	emmax_consensus	group	200	0.56	5	0	0	0			0.297059269463437		
bgs	V0.5_c1.5	2	10	emmax_consensus	mvn	200	0.04	1	0	0	0			0.297059269463437		
bgs	V0.5_c1.5	2	10	emmax_consensus	spatial	200	9.45	45	0	0	0			0.297059269463437		
bgs	V0.5_c1.5	2	10	emmax_simes	group	200	0.47	4	0	0	0			0.297059269463437		
bgs	V0.5_c1.5	2	10	emmax_simes	mvn	200	0.035	1	0	0	0			0.297059269463437		
bgs	V0.5_c1.5	2	10	emmax_simes	spatial	200	7.495	38	0	0	0			0.297059269463437		
bgs	V0.5_c1.5	3	1	emmax_consensus	group	200	0.505	6	0	0	0			0.290623417061784		
bgs	V0.5_c1.5	3	1	emmax_consensus	mvn	200	0.065	2	0	0	0			0.290623417061784		
bgs	V0.5_c1.5	3	1	emmax_consensus	spatial	200	6.43	37	0	0	0			0.290623417061784		
bgs	V0.5_c1.5	3	1	emmax_simes	group	200	0.335	3	0	0	0			0.290623417061784		
bgs	V0.5_c1.5	3	1	emmax_simes	mvn	200	0.06	2	0	0	0			0.290623417061784		
bgs	V0.5_c1.5	3	1	emmax_simes	spatial	200	4.99	30	0	0	0			0.290623417061784		
bgs	V0.5_c1.5	3	2	emmax_consensus	group	200	2.535	9	4	0	4	0.63375	1	0.295429724078383		
bgs	V0.5_c1.5	3	2	emmax_consensus	mvn	200	0.05	3	4	0	4	0.0125	1	0.295429724078383		
bgs	V0.5_c1.5	3	2	emmax_consensus	spatial	200	13.515	62	4	0	4	3.37875	1	0.295429724078383		
bgs	V0.5_c1.5	3	2	emmax_simes	group	200	2.515	11	4	0	4	0.62875	1	0.295429724078383		
bgs	V0.5_c1.5	3	2	emmax_simes	mvn	200	0.04	2	4	0	4	0.01	1	0.295429724078383		
bgs	V0.5_c1.5	3	2	emmax_simes	spatial	200	9.415	46	4	0	4	2.35375	1	0.295429724078383		
bgs	V0.5_c1.5	3	3	emmax_consensus	group	200	1.83	10	6	1	5	0.305	0.833333333333333	0.299025278251823		
bgs	V0.5_c1.5	3	3	emmax_consensus	mvn	200	0.045	2	6	1	5	0.0075	0.833333333333333	0.299025278251823		
bgs	V0.5_c1.5	3	3	emmax_consensus	spatial	200	12.865	60	6	1	5	2.14416666666667	0.833333333333333	0.299025278251823		
bgs	V0.5_c1.5	3	3	emmax_simes	group	200	1.135	7	1	0	1	1.135	1	0.299025278251823		
bgs	V0.5_c1.5	3	3	emmax_simes	mvn	200	0.045	2	1	0	1	0.045	1	0.299025278251823		
bgs	V0.5_c1.5	3	3	emmax_simes	spatial	200	10.085	47	1	0	1	10.085	1	0.299025278251823		
bgs	V0.5_c1.5	3	4	emmax_consensus	group	200	0.485	6	0	0	0			0.305073797358206		
bgs	V0.5_c1.5	3	4	emmax_consensus	mvn	200	0.05	2	0	0	0			0.305073797358206		
bgs	V0.5_c1.5	3	4	emmax_consensus	spatial	200	6.645	42	0	0	0			0.305073797358206		
bgs	V0.5_c1.5	3	4	emmax_simes	group	200	0.5	3	0	0	0			0.305073797358206		
bgs	V0.5_c1.5	3	4	emmax_simes	mvn	200	0.045	2	0	0	0			0.305073797358206		
bgs	V0.5_c1.5	3	4	emmax_simes	spatial	200	5.695	39	0	0	0			0.305073797358206		
bgs	V0.5_c1.5	3	5	emmax_consensus	group	200	1.05	8	1	0	1	1.05	1	0.294758126542411		
bgs	V0.5_c1.5	3	5	emmax_consensus	mvn	200	0.055	1	1	0	1	0.055	1	0.294758126542411		
bgs	V0.5_c1.5	3	5	emmax_consensus	spatial	200	9.33	52	1	0	1	9.33	1	0.294758126542411		
bgs	V0.5_c1.5	3	5	emmax_simes	group	200	1.055	7	0	0	0			0.294758126542411		
bgs	V0.5_c1.5	3	5	emmax_simes	mvn	200	0.055	1	0	0	0			0.294758126542411		
bgs	V0.5_c1.5	3	5	emmax_simes	spatial	200	7.66	48	0	0	0			0.294758126542411		
bgs	V0.5_c1.5	3	6	emmax_consensus	group	200	6.125	16	10	0	10	0.6125	1	0.293867122166423		
bgs	V0.5_c1.5	3	6	emmax_consensus	mvn	200	0.08	3	10	0	10	0.008	1	0.293867122166423		
bgs	V0.5_c1.5	3	6	emmax_consensus	spatial	200	12.22	47	10	0	10	1.222	1	0.293867122166423		
bgs	V0.5_c1.5	3	6	emmax_simes	group	200	6.305	19	9	0	9	0.700555555555556	1	0.293867122166423		
bgs	V0.5_c1.5	3	6	emmax_simes	mvn	200	0.045	1	9	0	9	0.005	1	0.293867122166423		
bgs	V0.5_c1.5	3	6	emmax_simes	spatial	200	9.07	46	9	0	9	1.00777777777778	1	0.293867122166423		
bgs	V0.5_c1.5	3	7	emmax_consensus	group	200	0.95	5	6	2	4	0.158333333333333	0.666666666666667	0.299910598356795		
bgs	V0.5_c1.5	3	7	emmax_consensus	mvn	200	0.05	1	6	2	4	0.00833333333333333	0.666666666666667	0.299910598356795		
bgs	V0.5_c1.5	3	7	emmax_consensus	spatial	200	13.98	53	6	2	4	2.33	0.666666666666667	0.299910598356795		
bgs	V0.5_c1.5	3	7	emmax_simes	group	200	0.995	8	4	2	2	0.24875	0.5	0.299910598356795		
bgs	V0.5_c1.5	3	7	emmax_simes	mvn	200	0.03	1	4	2	2	0.0075	0.5	0.299910598356795		
bgs	V0.5_c1.5	3	7	emmax_simes	spatial	200	11.145	40	4	2	2	2.78625	0.5	0.299910598356795		
bgs	V0.5_c1.5	3	8	emmax_consensus	group	200	1.705	10	1	0	1	1.705	1	0.298278226135714		
bgs	V0.5_c1.5	3	8	emmax_consensus	mvn	200	0.07	2	1	0	1	0.07	1	0.298278226135714		
bgs	V0.5_c1.5	3	8	emmax_consensus	spatial	200	15.39	55	1	0	1	15.39	1	0.298278226135714		
bgs	V0.5_c1.5	3	8	emmax_simes	group	200	1.39	10	0	0	0			0.298278226135714		
bgs	V0.5_c1.5	3	8	emmax_simes	mvn	200	0.07	2	0	0	0			0.298278226135714		
bgs	V0.5_c1.5	3	8	emmax_simes	spatial	200	11.87	49	0	0	0			0.298278226135714		
bgs	V0.5_c1.5	3	9	emmax_consensus	group	200	0.46	6	0	0	0			0.302445361780466		
bgs	V0.5_c1.5	3	9	emmax_consensus	mvn	200	0.055	2	0	0	0			0.302445361780466		
bgs	V0.5_c1.5	3	9	emmax_consensus	spatial	200	10.92	55	0	0	0			0.302445361780466		
bgs	V0.5_c1.5	3	9	emmax_simes	group	200	0.53	5	0	0	0			0.302445361780466		
bgs	V0.5_c1.5	3	9	emmax_simes	mvn	200	0.07	2	0	0	0			0.302445361780466		
bgs	V0.5_c1.5	3	9	emmax_simes	spatial	200	8.615	47	0	0	0			0.302445361780466		
bgs	V0.5_c1.5	3	10	emmax_consensus	group	200	0.435	5	0	0	0			0.284293452775682		
bgs	V0.5_c1.5	3	10	emmax_consensus	mvn	200	0.06	1	0	0	0			0.284293452775682		
bgs	V0.5_c1.5	3	10	emmax_consensus	spatial	200	12.64	54	0	0	0			0.284293452775682		
bgs	V0.5_c1.5	3	10	emmax_simes	group	200	0.335	4	0	0	0			0.284293452775682		
bgs	V0.5_c1.5	3	10	emmax_simes	mvn	200	0.04	1	0	0	0			0.284293452775682		
bgs	V0.5_c1.5	3	10	emmax_simes	spatial	200	8.845	53	0	0	0			0.284293452775682		
bgs	V0.5_c1.5	6	1	emmax_consensus	group	200	0.33	3	1	1	0	0.33	0	0.298075925018746		
bgs	V0.5_c1.5	6	1	emmax_consensus	mvn	200	0.07	2	1	1	0	0.07	0	0.298075925018746		
bgs	V0.5_c1.5	6	1	emmax_consensus	spatial	200	9.715	45	1	1	0	9.715	0	0.298075925018746		
bgs	V0.5_c1.5	6	1	emmax_simes	group	200	0.315	3	1	1	0	0.315	0	0.298075925018746		
bgs	V0.5_c1.5	6	1	emmax_simes	mvn	200	0.06	1	1	1	0	0.06	0	0.298075925018746		
bgs	V0.5_c1.5	6	1	emmax_simes	spatial	200	7.36	37	1	1	0	7.36	0	0.298075925018746		
bgs	V0.5_c1.5	6	2	emmax_consensus	group	200	7.21	19	10	1	9	0.721	0.9	0.30980319284628		
bgs	V0.5_c1.5	6	2	emmax_consensus	mvn	200	0.055	2	10	1	9	0.0055	0.9	0.30980319284628		
bgs	V0.5_c1.5	6	2	emmax_consensus	spatial	200	17.11	51	10	1	9	1.711	0.9	0.30980319284628		
bgs	V0.5_c1.5	6	2	emmax_simes	group	200	6.845	20	9	1	8	0.760555555555556	0.888888888888889	0.30980319284628		
bgs	V0.5_c1.5	6	2	emmax_simes	mvn	200	0.065	3	9	1	8	0.00722222222222222	0.888888888888889	0.30980319284628		
bgs	V0.5_c1.5	6	2	emmax_simes	spatial	200	13.15	55	9	1	8	1.46111111111111	0.888888888888889	0.30980319284628		
bgs	V0.5_c1.5	6	3	emmax_consensus	group	200	0.43	4	1	0	1	0.43	1	0.303409166587448		
bgs	V0.5_c1.5	6	3	emmax_consensus	mvn	200	0.085	3	1	0	1	0.085	1	0.303409166587448		
bgs	V0.5_c1.5	6	3	emmax_consensus	spatial	200	10.96	46	1	0	1	10.96	1	0.303409166587448		
bgs	V0.5_c1.5	6	3	emmax_simes	group	200	0.35	4	2	0	2	0.175	1	0.303409166587448		
bgs	V0.5_c1.5	6	3	emmax_simes	mvn	200	0.065	2	2	0	2	0.0325	1	0.303409166587448		
bgs	V0.5_c1.5	6	3	emmax_simes	spatial	200	8.995	40	2	0	2	4.4975	1	0.303409166587448		
bgs	V0.5_c1.5	6	4	emmax_consensus	group	200	0.13	2	0	0	0			0.301436117616547		
bgs	V0.5_c1.5	6	4	emmax_consensus	mvn	200	0.05	1	0	0	0			0.301436117616547		
bgs	V0.5_c1.5	6	4	emmax_consensus	spatial	200	8.275	40	0	0	0			0.301436117616547		
bgs	V0.5_c1.5	6	4	emmax_simes	group	200	0.065	2	0	0	0			0.301436117616547		
bgs	V0.5_c1.5	6	4	emmax_simes	mvn	200	0.035	1	0	0	0			0.301436117616547		
bgs	V0.5_c1.5	6	4	emmax_simes	spatial	200	6.345	43	0	0	0			0.301436117616547		
bgs	V0.5_c1.5	6	5	emmax_consensus	group	200	1.24	7	2	0	2	0.62	1	0.297141880827816		
bgs	V0.5_c1.5	6	5	emmax_consensus	mvn	200	0.075	3	2	0	2	0.0375	1	0.297141880827816		
bgs	V0.5_c1.5	6	5	emmax_consensus	spatial	200	10.17	43	2	0	2	5.085	1	0.297141880827816		
bgs	V0.5_c1.5	6	5	emmax_simes	group	200	0.925	8	0	0	0			0.297141880827816		
bgs	V0.5_c1.5	6	5	emmax_simes	mvn	200	0.045	2	0	0	0			0.297141880827816		
bgs	V0.5_c1.5	6	5	emmax_simes	spatial	200	7.02	43	0	0	0			0.297141880827816		
bgs	V0.5_c1.5	6	6	emmax_consensus	group	200	6.03	19	0	0	0			0.301201970131812		
bgs	V0.5_c1.5	6	6	emmax_consensus	mvn	200	0.06	2	0	0	0			0.301201970131812		
bgs	V0.5_c1.5	6	6	emmax_consensus	spatial	200	10.305	54	0	0	0			0.301201970131812		
bgs	V0.5_c1.5	6	6	emmax_simes	group	200	6.655	19	3	1	2	2.21833333333333	0.666666666666667	0.301201970131812		
bgs	V0.5_c1.5	6	6	emmax_simes	mvn	200	0.07	2	3	1	2	0.0233333333333333	0.666666666666667	0.301201970131812		
bgs	V0.5_c1.5	6	6	emmax_simes	spatial	200	8.97	53	3	1	2	2.99	0.666666666666667	0.301201970131812		
bgs	V0.5_c1.5	6	7	emmax_consensus	group	200	0.53	5	1	1	0	0.53	0	0.292835436750304		
bgs	V0.5_c1.5	6	7	emmax_consensus	mvn	200	0.065	2	1	1	0	0.065	0	0.292835436750304		
bgs	V0.5_c1.5	6	7	emmax_consensus	spatial	200	9.61	44	1	1	0	9.61	0	0.292835436750304		
bgs	V0.5_c1.5	6	7	emmax_simes	group	200	0.485	3	0	0	0			0.292835436750304		
bgs	V0.5_c1.5	6	7	emmax_simes	mvn	200	0.08	2	0	0	0			0.292835436750304		
bgs	V0.5_c1.5	6	7	emmax_simes	spatial	200	6	40	0	0	0			0.292835436750304		
bgs	V0.5_c1.5	6	8	emmax_consensus	group	200	1.75	10	2	1	1	0.875	0.5	0.297756217408238		
bgs	V0.5_c1.5	6	8	emmax_consensus	mvn	200	0.105	3	2	1	1	0.0525	0.5	0.297756217408238		
bgs	V0.5_c1.5	6	8	emmax_consensus	spatial	200	13.39	51	2	1	1	6.695	0.5	0.297756217408238		
bgs	V0.5_c1.5	6	8	emmax_simes	group	200	1.7	10	0	0	0			0.297756217408238		
bgs	V0.5_c1.5	6	8	emmax_simes	mvn	200	0.055	3	0	0	0			0.297756217408238		
bgs	V0.5_c1.5	6	8	emmax_simes	spatial	200	9.225	45	0	0	0			0.297756217408238		
bgs	V0.5_c1.5	6	9	emmax_consensus	group	200	0.32	6	0	0	0			0.310111907290386		
bgs	V0.5_c1.5	6	9	emmax_consensus	mvn	200	0.11	7	0	0	0			0.310111907290386		
bgs	V0.5_c1.5	6	9	emmax_consensus	spatial	200	9.78	56	0	0	0			0.310111907290386		
bgs	V0.5_c1.5	6	9	emmax_simes	group	200	0.33	3	0	0	0			0.310111907290386		
bgs	V0.5_c1.5	6	9	emmax_simes	mvn	200	0.1	6	0	0	0			0.310111907290386		
bgs	V0.5_c1.5	6	9	emmax_simes	spatial	200	7.615	49	0	0	0			0.310111907290386		
bgs	V0.5_c1.5	6	10	emmax_consensus	group	200	0.665	7	0	0	0			0.272362058596936		
bgs	V0.5_c1.5	6	10	emmax_consensus	mvn	200	0.07	1	0	0	0			0.272362058596936		
bgs	V0.5_c1.5	6	10	emmax_consensus	spatial	200	7.285	37	0	0	0			0.272362058596936		
bgs	V0.5_c1.5	6	10	emmax_simes	group	200	1.21	8	2	1	1	0.605	0.5	0.272362058596936		
bgs	V0.5_c1.5	6	10	emmax_simes	mvn	200	0.065	2	2	1	1	0.0325	0.5	0.272362058596936		
bgs	V0.5_c1.5	6	10	emmax_simes	spatial	200	6.345	34	2	1	1	3.1725	0.5	0.272362058596936		
bgs	V0.5_c1.5	8	1	emmax_consensus	group	200	0.19	4	0	0	0			0.292270490487481		
bgs	V0.5_c1.5	8	1	emmax_consensus	mvn	200	0.035	2	0	0	0			0.292270490487481		
bgs	V0.5_c1.5	8	1	emmax_consensus	spatial	200	7.24	36	0	0	0			0.292270490487481		
bgs	V0.5_c1.5	8	1	emmax_simes	group	200	0.18	2	0	0	0			0.292270490487481		
bgs	V0.5_c1.5	8	1	emmax_simes	mvn	200	0.025	2	0	0	0			0.292270490487481		
bgs	V0.5_c1.5	8	1	emmax_simes	spatial	200	4.795	28	0	0	0			0.292270490487481		
bgs	V0.5_c1.5	8	2	emmax_consensus	group	200	3.325	13	8	1	7	0.415625	0.875	0.314578860782455		
bgs	V0.5_c1.5	8	2	emmax_consensus	mvn	200	0.03	1	8	1	7	0.00375	0.875	0.314578860782455		
bgs	V0.5_c1.5	8	2	emmax_consensus	spatial	200	12.52	57	8	1	7	1.565	0.875	0.314578860782455		
bgs	V0.5_c1.5	8	2	emmax_simes	group	200	3.215	14	9	1	8	0.357222222222222	0.888888888888889	0.314578860782455		
bgs	V0.5_c1.5	8	2	emmax_simes	mvn	200	0.01	1	9	1	8	0.00111111111111111	0.888888888888889	0.314578860782455		
bgs	V0.5_c1.5	8	2	emmax_simes	spatial	200	9.725	45	9	1	8	1.08055555555556	0.888888888888889	0.314578860782455		
bgs	V0.5_c1.5	8	3	emmax_consensus	group	200	1.335	8	2	0	2	0.6675	1	0.308795729020792		
bgs	V0.5_c1.5	8	3	emmax_consensus	mvn	200	0.05	2	2	0	2	0.025	1	0.308795729020792		
bgs	V0.5_c1.5	8	3	emmax_consensus	spatial	200	14.2	58	2	0	2	7.1	1	0.308795729020792		
bgs	V0.5_c1.5	8	3	emmax_simes	group	200	0.665	4	0	0	0			0.308795729020792		
bgs	V0.5_c1.5	8	3	emmax_simes	mvn	200	0.045	2	0	0	0			0.308795729020792		
bgs	V0.5_c1.5	8	3	emmax_simes	spatial	200	10.915	55	0	0	0			0.308795729020792		
bgs	V0.5_c1.5	8	4	emmax_consensus	group	200	0.115	3	0	0	0			0.287606017371242		
bgs	V0.5_c1.5	8	4	emmax_consensus	mvn	200	0.045	2	0	0	0			0.287606017371242		
bgs	V0.5_c1.5	8	4	emmax_consensus	spatial	200	4.665	46	0	0	0			0.287606017371242		
bgs	V0.5_c1.5	8	4	emmax_simes	group	200	0.115	3	0	0	0			0.287606017371242		
bgs	V0.5_c1.5	8	4	emmax_simes	mvn	200	0.065	3	0	0	0			0.287606017371242		
bgs	V0.5_c1.5	8	4	emmax_simes	spatial	200	3.77	33	0	0	0			0.287606017371242		
bgs	V0.5_c1.5	8	5	emmax_consensus	group	200	1.75	7	6	2	4	0.291666666666667	0.666666666666667	0.298883727540229		
bgs	V0.5_c1.5	8	5	emmax_consensus	mvn	200	0.05	1	6	2	4	0.00833333333333333	0.666666666666667	0.298883727540229		
bgs	V0.5_c1.5	8	5	emmax_consensus	spatial	200	12.365	52	6	2	4	2.06083333333333	0.666666666666667	0.298883727540229		
bgs	V0.5_c1.5	8	5	emmax_simes	group	200	1.645	9	3	2	1	0.548333333333333	0.333333333333333	0.298883727540229		
bgs	V0.5_c1.5	8	5	emmax_simes	mvn	200	0.065	2	3	2	1	0.0216666666666667	0.333333333333333	0.298883727540229		
bgs	V0.5_c1.5	8	5	emmax_simes	spatial	200	9.705	39	3	2	1	3.235	0.333333333333333	0.298883727540229		
bgs	V0.5_c1.5	8	6	emmax_consensus	group	200	5.135	19	13	1	12	0.395	0.923076923076923	0.292160061686884		
bgs	V0.5_c1.5	8	6	emmax_consensus	mvn	200	0.025	2	13	1	12	0.00192307692307692	0.923076923076923	0.292160061686884		
bgs	V0.5_c1.5	8	6	emmax_consensus	spatial	200	10.185	43	13	1	12	0.783461538461539	0.923076923076923	0.292160061686884		
bgs	V0.5_c1.5	8	6	emmax_simes	group	200	4.795	20	13	1	12	0.368846153846154	0.923076923076923	0.292160061686884		
bgs	V0.5_c1.5	8	6	emmax_simes	mvn	200	0.03	1	13	1	12	0.00230769230769231	0.923076923076923	0.292160061686884		
bgs	V0.5_c1.5	8	6	emmax_simes	spatial	200	6.825	39	13	1	12	0.525	0.923076923076923	0.292160061686884		
bgs	V0.5_c1.5	8	7	emmax_consensus	group	200	0.37	3	0	0	0			0.307483604080552		
bgs	V0.5_c1.5	8	7	emmax_consensus	mvn	200	0.03	2	0	0	0			0.307483604080552		
bgs	V0.5_c1.5	8	7	emmax_consensus	spatial	200	11.685	49	0	0	0			0.307483604080552		
bgs	V0.5_c1.5	8	7	emmax_simes	group	200	0.46	4	0	0	0			0.307483604080552		
bgs	V0.5_c1.5	8	7	emmax_simes	mvn	200	0.06	2	0	0	0			0.307483604080552		
bgs	V0.5_c1.5	8	7	emmax_simes	spatial	200	9.13	44	0	0	0			0.307483604080552		
bgs	V0.5_c1.5	8	8	emmax_consensus	group	200	3.305	12	2	0	2	1.6525	1	0.32322083078138		
bgs	V0.5_c1.5	8	8	emmax_consensus	mvn	200	0.075	3	2	0	2	0.0375	1	0.32322083078138		
bgs	V0.5_c1.5	8	8	emmax_consensus	spatial	200	12.645	51	2	0	2	6.3225	1	0.32322083078138		
bgs	V0.5_c1.5	8	8	emmax_simes	group	200	3.42	12	2	0	2	1.71	1	0.32322083078138		
bgs	V0.5_c1.5	8	8	emmax_simes	mvn	200	0.055	2	2	0	2	0.0275	1	0.32322083078138		
bgs	V0.5_c1.5	8	8	emmax_simes	spatial	200	10.015	52	2	0	2	5.0075	1	0.32322083078138		
bgs	V0.5_c1.5	8	9	emmax_consensus	group	200	0.295	6	0	0	0			0.293356260600413		
bgs	V0.5_c1.5	8	9	emmax_consensus	mvn	200	0.04	1	0	0	0			0.293356260600413		
bgs	V0.5_c1.5	8	9	emmax_consensus	spatial	200	11.02	58	0	0	0			0.293356260600413		
bgs	V0.5_c1.5	8	9	emmax_simes	group	200	0.31	4	0	0	0			0.293356260600413		
bgs	V0.5_c1.5	8	9	emmax_simes	mvn	200	0.035	1	0	0	0			0.293356260600413		
bgs	V0.5_c1.5	8	9	emmax_simes	spatial	200	8.09	49	0	0	0			0.293356260600413		
bgs	V0.5_c1.5	8	10	emmax_consensus	group	200	0.38	4	0	0	0			0.292354596487122		
bgs	V0.5_c1.5	8	10	emmax_consensus	mvn	200	0.07	2	0	0	0			0.292354596487122		
bgs	V0.5_c1.5	8	10	emmax_consensus	spatial	200	14.64	62	0	0	0			0.292354596487122		
bgs	V0.5_c1.5	8	10	emmax_simes	group	200	0.275	4	0	0	0			0.292354596487122		
bgs	V0.5_c1.5	8	10	emmax_simes	mvn	200	0.055	2	0	0	0			0.292354596487122		
bgs	V0.5_c1.5	8	10	emmax_simes	spatial	200	12.45	51	0	0	0			0.292354596487122		
bgs	V0.5_c1.5	10	1	emmax_consensus	group	200	0.245	4	0	0	0			0.284044325980947		
bgs	V0.5_c1.5	10	1	emmax_consensus	mvn	200	0.1	4	0	0	0			0.284044325980947		
bgs	V0.5_c1.5	10	1	emmax_consensus	spatial	200	5.85	37	0	0	0			0.284044325980947		
bgs	V0.5_c1.5	10	1	emmax_simes	group	200	0.175	3	2	1	1	0.0875	0.5	0.284044325980947		
bgs	V0.5_c1.5	10	1	emmax_simes	mvn	200	0.06	3	2	1	1	0.03	0.5	0.284044325980947		
bgs	V0.5_c1.5	10	1	emmax_simes	spatial	200	4.745	29	2	1	1	2.3725	0.5	0.284044325980947		
bgs	V0.5_c1.5	10	2	emmax_consensus	group	200	4.85	14	8	1	7	0.60625	0.875	0.308836989100019		
bgs	V0.5_c1.5	10	2	emmax_consensus	mvn	200	0.045	2	8	1	7	0.005625	0.875	0.308836989100019		
bgs	V0.5_c1.5	10	2	emmax_consensus	spatial	200	12.93	53	8	1	7	1.61625	0.875	0.308836989100019		
bgs	V0.5_c1.5	10	2	emmax_simes	group	200	4.505	17	6	1	5	0.750833333333333	0.833333333333333	0.308836989100019		
bgs	V0.5_c1.5	10	2	emmax_simes	mvn	200	0.03	1	6	1	5	0.005	0.833333333333333	0.308836989100019		
bgs	V0.5_c1.5	10	2	emmax_simes	spatial	200	10.915	56	6	1	5	1.81916666666667	0.833333333333333	0.308836989100019		
bgs	V0.5_c1.5	10	3	emmax_consensus	group	200	0.65	7	2	0	2	0.325	1	0.293633092279577		
bgs	V0.5_c1.5	10	3	emmax_consensus	mvn	200	0.055	1	2	0	2	0.0275	1	0.293633092279577		
bgs	V0.5_c1.5	10	3	emmax_consensus	spatial	200	8.76	35	2	0	2	4.38	1	0.293633092279577		
bgs	V0.5_c1.5	10	3	emmax_simes	group	200	0.635	4	1	0	1	0.635	1	0.293633092279577		
bgs	V0.5_c1.5	10	3	emmax_simes	mvn	200	0.065	1	1	0	1	0.065	1	0.293633092279577		
bgs	V0.5_c1.5	10	3	emmax_simes	spatial	200	6.885	31	1	0	1	6.885	1	0.293633092279577		
bgs	V0.5_c1.5	10	4	emmax_consensus	group	200	0.14	4	0	0	0			0.286714467390694		
bgs	V0.5_c1.5	10	4	emmax_consensus	mvn	200	0.075	2	0	0	0			0.286714467390694		
bgs	V0.5_c1.5	10	4	emmax_consensus	spatial	200	9.175	45	0	0	0			0.286714467390694		
bgs	V0.5_c1.5	10	4	emmax_simes	group	200	0.045	1	0	0	0			0.286714467390694		
bgs	V0.5_c1.5	10	4	emmax_simes	mvn	200	0.07	2	0	0	0			0.286714467390694		
bgs	V0.5_c1.5	10	4	emmax_simes	spatial	200	6.73	38	0	0	0			0.286714467390694		
bgs	V0.5_c1.5	10	5	emmax_consensus	group	200	0.78	5	0	0	0			0.305738160922917		
bgs	V0.5_c1.5	10	5	emmax_consensus	mvn	200	0.045	2	0	0	0			0.305738160922917		
bgs	V0.5_c1.5	10	5	emmax_consensus	spatial	200	13.63	57	0	0	0			0.305738160922917		
bgs	V0.5_c1.5	10	5	emmax_simes	group	200	0.655	6	0	0	0			0.305738160922917		
bgs	V0.5_c1.5	10	5	emmax_simes	mvn	200	0.03	1	0	0	0			0.305738160922917		
bgs	V0.5_c1.5	10	5	emmax_simes	spatial	200	9.925	52	0	0	0			0.305738160922917		
bgs	V0.5_c1.5	10	6	emmax_consensus	group	200	5.33	14	10	1	9	0.533	0.9	0.29013004026112		
bgs	V0.5_c1.5	10	6	emmax_consensus	mvn	200	0.065	2	10	1	9	0.0065	0.9	0.29013004026112		
bgs	V0.5_c1.5	10	6	emmax_consensus	spatial	200	13.485	55	10	1	9	1.3485	0.9	0.29013004026112		
bgs	V0.5_c1.5	10	6	emmax_simes	group	200	5.365	14	1	1	0	5.365	0	0.29013004026112		
bgs	V0.5_c1.5	10	6	emmax_simes	mvn	200	0.06	2	1	1	0	0.06	0	0.29013004026112		
bgs	V0.5_c1.5	10	6	emmax_simes	spatial	200	9.74	44	1	1	0	9.74	0	0.29013004026112		
bgs	V0.5_c1.5	10	7	emmax_consensus	group	200	0.55	4	3	1	2	0.183333333333333	0.666666666666667	0.28091074401038		
bgs	V0.5_c1.5	10	7	emmax_consensus	mvn	200	0.035	1	3	1	2	0.0116666666666667	0.666666666666667	0.28091074401038		
bgs	V0.5_c1.5	10	7	emmax_consensus	spatial	200	10.015	46	3	1	2	3.33833333333333	0.666666666666667	0.28091074401038		
bgs	V0.5_c1.5	10	7	emmax_simes	group	200	0.355	3	2	1	1	0.1775	0.5	0.28091074401038		
bgs	V0.5_c1.5	10	7	emmax_simes	mvn	200	0.03	1	2	1	1	0.015	0.5	0.28091074401038		
bgs	V0.5_c1.5	10	7	emmax_simes	spatial	200	8.395	44	2	1	1	4.1975	0.5	0.28091074401038		
bgs	V0.5_c1.5	10	8	emmax_consensus	group	200	1.38	8	2	0	2	0.69	1	0.292931240219144		
bgs	V0.5_c1.5	10	8	emmax_consensus	mvn	200	0.04	2	2	0	2	0.02	1	0.292931240219144		
bgs	V0.5_c1.5	10	8	emmax_consensus	spatial	200	10.915	49	2	0	2	5.4575	1	0.292931240219144		
bgs	V0.5_c1.5	10	8	emmax_simes	group	200	0.92	6	1	0	1	0.92	1	0.292931240219144		
bgs	V0.5_c1.5	10	8	emmax_simes	mvn	200	0.025	3	1	0	1	0.025	1	0.292931240219144		
bgs	V0.5_c1.5	10	8	emmax_simes	spatial	200	7.835	47	1	0	1	7.835	1	0.292931240219144		
bgs	V0.5_c1.5	10	9	emmax_consensus	group	200	0.28	4	0	0	0			0.292382131261224		
bgs	V0.5_c1.5	10	9	emmax_consensus	mvn	200	0.085	3	0	0	0			0.292382131261224		
bgs	V0.5_c1.5	10	9	emmax_consensus	spatial	200	7.36	49	0	0	0			0.292382131261224		
bgs	V0.5_c1.5	10	9	emmax_simes	group	200	0.245	3	0	0	0			0.292382131261224		
bgs	V0.5_c1.5	10	9	emmax_simes	mvn	200	0.07	3	0	0	0			0.292382131261224		
bgs	V0.5_c1.5	10	9	emmax_simes	spatial	200	5.975	40	0	0	0			0.292382131261224		
bgs	V0.5_c1.5	10	10	emmax_consensus	group	200	1.285	9	2	1	1	0.6425	0.5	0.288587709401149		
bgs	V0.5_c1.5	10	10	emmax_consensus	mvn	200	0.06	5	2	1	1	0.03	0.5	0.288587709401149		
bgs	V0.5_c1.5	10	10	emmax_consensus	spatial	200	9.62	44	2	1	1	4.81	0.5	0.288587709401149		
bgs	V0.5_c1.5	10	10	emmax_simes	group	200	1.15	5	3	1	2	0.383333333333333	0.666666666666667	0.288587709401149		
bgs	V0.5_c1.5	10	10	emmax_simes	mvn	200	0.05	4	3	1	2	0.0166666666666667	0.666666666666667	0.288587709401149		
bgs	V0.5_c1.5	10	10	emmax_simes	spatial	200	6.77	38	3	1	2	2.25666666666667	0.666666666666667	0.288587709401149		
bgs	V0.5_c2	2	1	emmax_consensus	group	200	0.34	4	0	0	0			0.649201232842237	4.94023915270148e-06	0.471735348275811
bgs	V0.5_c2	2	1	emmax_consensus	mvn	200	0.06	3	0	0	0			0.649201232842237	4.94023915270148e-06	0.471735348275811
bgs	V0.5_c2	2	1	emmax_consensus	spatial	200	26.56	83	0	0	0			0.649201232842237	4.94023915270148e-06	0.471735348275811
bgs	V0.5_c2	2	1	emmax_simes	group	200	0.4	8	0	0	0			0.649201232842237	4.94023915270148e-06	0.471735348275811
bgs	V0.5_c2	2	1	emmax_simes	mvn	200	0.065	4	0	0	0			0.649201232842237	4.94023915270148e-06	0.471735348275811
bgs	V0.5_c2	2	1	emmax_simes	spatial	200	27.235	80	0	0	0			0.649201232842237	4.94023915270148e-06	0.471735348275811
bgs	V0.5_c2	2	2	emmax_consensus	group	200	11.955	26	14	1	13	0.853928571428572	0.928571428571429	0.651861095402306	5.89027521009164e-06	0.489523273801153
bgs	V0.5_c2	2	2	emmax_consensus	mvn	200	0.035	2	14	1	13	0.0025	0.928571428571429	0.651861095402306	5.89027521009164e-06	0.489523273801153
bgs	V0.5_c2	2	2	emmax_consensus	spatial	200	36.175	85	14	1	13	2.58392857142857	0.928571428571429	0.651861095402306	5.89027521009164e-06	0.489523273801153
bgs	V0.5_c2	2	2	emmax_simes	group	200	18.635	32	22	1	21	0.847045454545455	0.954545454545455	0.651861095402306	5.89027521009164e-06	0.489523273801153
bgs	V0.5_c2	2	2	emmax_simes	mvn	200	0.015	1	22	1	21	0.000681818181818182	0.954545454545455	0.651861095402306	5.89027521009164e-06	0.489523273801153
bgs	V0.5_c2	2	2	emmax_simes	spatial	200	36.21	86	22	1	21	1.64590909090909	0.954545454545455	0.651861095402306	5.89027521009164e-06	0.489523273801153
bgs	V0.5_c2	2	3	emmax_consensus	group	200	10.89	25	21	0	21	0.518571428571429	1	0.660994900300351	5.10468050503826e-06	0.486032764424931
bgs	V0.5_c2	2	3	emmax_consensus	mvn	200	0.08	3	21	0	21	0.00380952380952381	1	0.660994900300351	5.10468050503826e-06	0.486032764424931
bgs	V0.5_c2	2	3	emmax_consensus	spatial	200	39.815	107	21	0	21	1.89595238095238	1	0.660994900300351	5.10468050503826e-06	0.486032764424931
bgs	V0.5_c2	2	3	emmax_simes	group	200	20.395	37	28	1	27	0.728392857142857	0.964285714285714	0.660994900300351	5.10468050503826e-06	0.486032764424931
bgs	V0.5_c2	2	3	emmax_simes	mvn	200	0.08	2	28	1	27	0.00285714285714286	0.964285714285714	0.660994900300351	5.10468050503826e-06	0.486032764424931
bgs	V0.5_c2	2	3	emmax_simes	spatial	200	42.41	100	28	1	27	1.51464285714286	0.964285714285714	0.660994900300351	5.10468050503826e-06	0.486032764424931
bgs	V0.5_c2	2	4	emmax_consensus	group	200	0.325	3	2	0	2	0.1625	1	0.682518188542118	4.58295692494052e-06	0.47440171887984
bgs	V0.5_c2	2	4	emmax_consensus	mvn	200	0.05	1	2	0	2	0.025	1	0.682518188542118	4.58295692494052e-06	0.47440171887984
bgs	V0.5_c2	2	4	emmax_consensus	spatial	200	25.87	80	2	0	2	12.935	1	0.682518188542118	4.58295692494052e-06	0.47440171887984
bgs	V0.5_c2	2	4	emmax_simes	group	200	0.45	11	6	0	6	0.075	1	0.682518188542118	4.58295692494052e-06	0.47440171887984
bgs	V0.5_c2	2	4	emmax_simes	mvn	200	0.04	1	6	0	6	0.00666666666666667	1	0.682518188542118	4.58295692494052e-06	0.47440171887984
bgs	V0.5_c2	2	4	emmax_simes	spatial	200	28.675	81	6	0	6	4.77916666666667	1	0.682518188542118	4.58295692494052e-06	0.47440171887984
bgs	V0.5_c2	2	5	emmax_consensus	group	200	2.055	10	0	0	0			0.658567082507249	5.33667812093311e-06	0.518440208117712
bgs	V0.5_c2	2	5	emmax_consensus	mvn	200	0.11	5	0	0	0			0.658567082507249	5.33667812093311e-06	0.518440208117712
bgs	V0.5_c2	2	5	emmax_consensus	spatial	200	40.025	85	0	0	0			0.658567082507249	5.33667812093311e-06	0.518440208117712
bgs	V0.5_c2	2	5	emmax_simes	group	200	3.125	22	0	0	0			0.658567082507249	5.33667812093311e-06	0.518440208117712
bgs	V0.5_c2	2	5	emmax_simes	mvn	200	0.1	5	0	0	0			0.658567082507249	5.33667812093311e-06	0.518440208117712
bgs	V0.5_c2	2	5	emmax_simes	spatial	200	42.73	81	0	0	0			0.658567082507249	5.33667812093311e-06	0.518440208117712
bgs	V0.5_c2	2	6	emmax_consensus	group	200	11.705	24	7	0	7	1.67214285714286	1	0.673943968657089	5.53090060871393e-06	0.503994390676777
bgs	V0.5_c2	2	6	emmax_consensus	mvn	200	0.03	1	7	0	7	0.00428571428571429	1	0.673943968657089	5.53090060871393e-06	0.503994390676777
bgs	V0.5_c2	2	6	emmax_consensus	spatial	200	35.27	101	7	0	7	5.03857142857143	1	0.673943968657089	5.53090060871393e-06	0.503994390676777
bgs	V0.5_c2	2	6	emmax_simes	group	200	15.585	31	16	0	16	0.9740625	1	0.673943968657089	5.53090060871393e-06	0.503994390676777
bgs	V0.5_c2	2	6	emmax_simes	mvn	200	0.035	2	16	0	16	0.0021875	1	0.673943968657089	5.53090060871393e-06	0.503994390676777
bgs	V0.5_c2	2	6	emmax_simes	spatial	200	37.355	96	16	0	16	2.3346875	1	0.673943968657089	5.53090060871393e-06	0.503994390676777
bgs	V0.5_c2	2	7	emmax_consensus	group	200	1.095	9	3	0	3	0.365	1	0.627622297275084	4.95663447770967e-06	0.521375863956161
bgs	V0.5_c2	2	7	emmax_consensus	mvn	200	0.075	4	3	0	3	0.025	1	0.627622297275084	4.95663447770967e-06	0.521375863956161
bgs	V0.5_c2	2	7	emmax_consensus	spatial	200	37.295	73	3	0	3	12.4316666666667	1	0.627622297275084	4.95663447770967e-06	0.521375863956161
bgs	V0.5_c2	2	7	emmax_simes	group	200	1.435	14	8	0	8	0.179375	1	0.627622297275084	4.95663447770967e-06	0.521375863956161
bgs	V0.5_c2	2	7	emmax_simes	mvn	200	0.04	4	8	0	8	0.005	1	0.627622297275084	4.95663447770967e-06	0.521375863956161
bgs	V0.5_c2	2	7	emmax_simes	spatial	200	38.58	75	8	0	8	4.8225	1	0.627622297275084	4.95663447770967e-06	0.521375863956161
bgs	V0.5_c2	2	8	emmax_consensus	group	200	6.81	17	14	1	13	0.486428571428571	0.928571428571429	0.683210859176146	6.21350056250074e-06	0.483945599043163
bgs	V0.5_c2	2	8	emmax_consensus	mvn	200	0.04	2	14	1	13	0.00285714285714286	0.928571428571429	0.683210859176146	6.21350056250074e-06	0.483945599043163
bgs	V0.5_c2	2	8	emmax_consensus	spatial	200	39.325	95	14	1	13	2.80892857142857	0.928571428571429	0.683210859176146	6.21350056250074e-06	0.483945599043163
bgs	V0.5_c2	2	8	emmax_simes	group	200	12.705	25	17	1	16	0.747352941176471	0.941176470588235	0.683210859176146	6.21350056250074e-06	0.483945599043163
bgs	V0.5_c2	2	8	emmax_simes	mvn	200	0.05	2	17	1	16	0.00294117647058824	0.941176470588235	0.683210859176146	6.21350056250074e-06	0.483945599043163
bgs	V0.5_c2	2	8	emmax_simes	spatial	200	41.405	87	17	1	16	2.43558823529412	0.941176470588235	0.683210859176146	6.21350056250074e-06	0.483945599043163
bgs	V0.5_c2	2	9	emmax_consensus	group	200	0.79	6	0	0	0			0.656085150125444	6.02365680959327e-06	0.506121875149719
bgs	V0.5_c2	2	9	emmax_consensus	mvn	200	0.035	3	0	0	0			0.656085150125444	6.02365680959327e-06	0.506121875149719
bgs	V0.5_c2	2	9	emmax_consensus	spatial	200	30.685	92	0	0	0			0.656085150125444	6.02365680959327e-06	0.506121875149719
bgs	V0.5_c2	2	9	emmax_simes	group	200	1.07	7	3	0	3	0.356666666666667	1	0.656085150125444	6.02365680959327e-06	0.506121875149719
bgs	V0.5_c2	2	9	emmax_simes	mvn	200	0.045	4	3	0	3	0.015	1	0.656085150125444	6.02365680959327e-06	0.506121875149719
bgs	V0.5_c2	2	9	emmax_simes	spatial	200	33.495	91	3	0	3	11.165	1	0.656085150125444	6.02365680959327e-06	0.506121875149719
bgs	V0.5_c2	2	10	emmax_consensus	group	200	5.005	14	15	0	15	0.333666666666667	1	0.664935542338756	5.67728546089952e-06	0.484309345579404
bgs	V0.5_c2	2	10	emmax_consensus	mvn	200	0.045	2	15	0	15	0.003	1	0.664935542338756	5.67728546089952e-06	0.484309345579404
bgs	V0.5_c2	2	10	emmax_consensus	spatial	200	33.41	106	15	0	15	2.22733333333333	1	0.664935542338756	5.67728546089952e-06	0.484309345579404
bgs	V0.5_c2	2	10	emmax_simes	group	200	10.805	20	18	0	18	0.600277777777778	1	0.664935542338756	5.67728546089952e-06	0.484309345579404
bgs	V0.5_c2	2	10	emmax_simes	mvn	200	0.06	2	18	0	18	0.00333333333333333	1	0.664935542338756	5.67728546089952e-06	0.484309345579404
bgs	V0.5_c2	2	10	emmax_simes	spatial	200	34.435	97	18	0	18	1.91305555555556	1	0.664935542338756	5.67728546089952e-06	0.484309345579404
bgs	V0.5_c2	5	1	emmax_consensus	group	200	0.495	6	2	0	2	0.2475	1	0.655317554525041	7.61726530113856e-06	0.481618738546903
bgs	V0.5_c2	5	1	emmax_consensus	mvn	200	0.085	3	2	0	2	0.0425	1	0.655317554525041	7.61726530113856e-06	0.481618738546903
bgs	V0.5_c2	5	1	emmax_consensus	spatial	200	26.06	80	2	0	2	13.03	1	0.655317554525041	7.61726530113856e-06	0.481618738546903
bgs	V0.5_c2	5	1	emmax_simes	group	200	0.625	6	0	0	0			0.655317554525041	7.61726530113856e-06	0.481618738546903
bgs	V0.5_c2	5	1	emmax_simes	mvn	200	0.085	3	0	0	0			0.655317554525041	7.61726530113856e-06	0.481618738546903
bgs	V0.5_c2	5	1	emmax_simes	spatial	200	28.005	74	0	0	0			0.655317554525041	7.61726530113856e-06	0.481618738546903
bgs	V0.5_c2	5	2	emmax_consensus	group	200	7.075	21	17	0	17	0.416176470588235	1	0.685374905023474	5.048133291328e-06	0.431078170817341
bgs	V0.5_c2	5	2	emmax_consensus	mvn	200	0.045	3	17	0	17	0.00264705882352941	1	0.685374905023474	5.048133291328e-06	0.431078170817341
bgs	V0.5_c2	5	2	emmax_consensus	spatial	200	31.65	90	17	0	17	1.86176470588235	1	0.685374905023474	5.048133291328e-06	0.431078170817341
bgs	V0.5_c2	5	2	emmax_simes	group	200	11.235	32	20	0	20	0.56175	1	0.685374905023474	5.048133291328e-06	0.431078170817341
bgs	V0.5_c2	5	2	emmax_simes	mvn	200	0.045	3	20	0	20	0.00225	1	0.685374905023474	5.048133291328e-06	0.431078170817341
bgs	V0.5_c2	5	2	emmax_simes	spatial	200	34.915	88	20	0	20	1.74575	1	0.685374905023474	5.048133291328e-06	0.431078170817341
bgs	V0.5_c2	5	3	emmax_consensus	group	200	9.695	21	20	1	19	0.48475	0.95	0.675822701513892	8.90287665780524e-06	0.506831174749669
bgs	V0.5_c2	5	3	emmax_consensus	mvn	200	0.025	1	20	1	19	0.00125	0.95	0.675822701513892	8.90287665780524e-06	0.506831174749669
bgs	V0.5_c2	5	3	emmax_consensus	spatial	200	33.635	86	20	1	19	1.68175	0.95	0.675822701513892	8.90287665780524e-06	0.506831174749669
bgs	V0.5_c2	5	3	emmax_simes	group	200	20.275	31	24	1	23	0.844791666666667	0.958333333333333	0.675822701513892	8.90287665780524e-06	0.506831174749669
bgs	V0.5_c2	5	3	emmax_simes	mvn	200	0.035	2	24	1	23	0.00145833333333333	0.958333333333333	0.675822701513892	8.90287665780524e-06	0.506831174749669
bgs	V0.5_c2	5	3	emmax_simes	spatial	200	37.63	93	24	1	23	1.56791666666667	0.958333333333333	0.675822701513892	8.90287665780524e-06	0.506831174749669
bgs	V0.5_c2	5	4	emmax_consensus	group	200	0.2	3	1	0	1	0.2	1	0.66199770225755	8.65760985660981e-06	0.468209895339182
bgs	V0.5_c2	5	4	emmax_consensus	mvn	200	0.095	3	1	0	1	0.095	1	0.66199770225755	8.65760985660981e-06	0.468209895339182
bgs	V0.5_c2	5	4	emmax_consensus	spatial	200	27.46	92	1	0	1	27.46	1	0.66199770225755	8.65760985660981e-06	0.468209895339182
bgs	V0.5_c2	5	4	emmax_simes	group	200	0.41	5	9	1	8	0.0455555555555556	0.888888888888889	0.66199770225755	8.65760985660981e-06	0.468209895339182
bgs	V0.5_c2	5	4	emmax_simes	mvn	200	0.08	3	9	1	8	0.00888888888888889	0.888888888888889	0.66199770225755	8.65760985660981e-06	0.468209895339182
bgs	V0.5_c2	5	4	emmax_simes	spatial	200	29.355	89	9	1	8	3.26166666666667	0.888888888888889	0.66199770225755	8.65760985660981e-06	0.468209895339182
bgs	V0.5_c2	5	5	emmax_consensus	group	200	2.37	15	1	0	1	2.37	1	0.671974522556063	7.02216004169509e-06	0.542039212166635
bgs	V0.5_c2	5	5	emmax_consensus	mvn	200	0.08	2	1	0	1	0.08	1	0.671974522556063	7.02216004169509e-06	0.542039212166635
bgs	V0.5_c2	5	5	emmax_consensus	spatial	200	47.965	86	1	0	1	47.965	1	0.671974522556063	7.02216004169509e-06	0.542039212166635
bgs	V0.5_c2	5	5	emmax_simes	group	200	3.41	26	4	1	3	0.8525	0.75	0.671974522556063	7.02216004169509e-06	0.542039212166635
bgs	V0.5_c2	5	5	emmax_simes	mvn	200	0.07	3	4	1	3	0.0175	0.75	0.671974522556063	7.02216004169509e-06	0.542039212166635
bgs	V0.5_c2	5	5	emmax_simes	spatial	200	49.88	92	4	1	3	12.47	0.75	0.671974522556063	7.02216004169509e-06	0.542039212166635
bgs	V0.5_c2	5	6	emmax_consensus	group	200	9.345	24	16	1	15	0.5840625	0.9375	0.657456873995025	9.2705330485593e-06	0.450884317120967
bgs	V0.5_c2	5	6	emmax_consensus	mvn	200	0.045	2	16	1	15	0.0028125	0.9375	0.657456873995025	9.2705330485593e-06	0.450884317120967
bgs	V0.5_c2	5	6	emmax_consensus	spatial	200	29.72	75	16	1	15	1.8575	0.9375	0.657456873995025	9.2705330485593e-06	0.450884317120967
bgs	V0.5_c2	5	6	emmax_simes	group	200	14.4	26	16	1	15	0.9	0.9375	0.657456873995025	9.2705330485593e-06	0.450884317120967
bgs	V0.5_c2	5	6	emmax_simes	mvn	200	0.055	2	16	1	15	0.0034375	0.9375	0.657456873995025	9.2705330485593e-06	0.450884317120967
bgs	V0.5_c2	5	6	emmax_simes	spatial	200	31.1	79	16	1	15	1.94375	0.9375	0.657456873995025	9.2705330485593e-06	0.450884317120967
bgs	V0.5_c2	5	7	emmax_consensus	group	200	0.85	7	8	0	8	0.10625	1	0.64093668254938	6.19051313287532e-06	0.426738227758636
bgs	V0.5_c2	5	7	emmax_consensus	mvn	200	0.05	2	8	0	8	0.00625	1	0.64093668254938	6.19051313287532e-06	0.426738227758636
bgs	V0.5_c2	5	7	emmax_consensus	spatial	200	31.625	80	8	0	8	3.953125	1	0.64093668254938	6.19051313287532e-06	0.426738227758636
bgs	V0.5_c2	5	7	emmax_simes	group	200	0.665	7	9	0	9	0.0738888888888889	1	0.64093668254938	6.19051313287532e-06	0.426738227758636
bgs	V0.5_c2	5	7	emmax_simes	mvn	200	0.04	1	9	0	9	0.00444444444444444	1	0.64093668254938	6.19051313287532e-06	0.426738227758636
bgs	V0.5_c2	5	7	emmax_simes	spatial	200	31.235	72	9	0	9	3.47055555555556	1	0.64093668254938	6.19051313287532e-06	0.426738227758636
bgs	V0.5_c2	5	8	emmax_consensus	group	200	4.095	21	21	0	21	0.195	1	0.649562654019188	1.01744528111969e-05	0.447758211655628
bgs	V0.5_c2	5	8	emmax_consensus	mvn	200	0.05	3	21	0	21	0.00238095238095238	1	0.649562654019188	1.01744528111969e-05	0.447758211655628
bgs	V0.5_c2	5	8	emmax_consensus	spatial	200	32.925	83	21	0	21	1.56785714285714	1	0.649562654019188	1.01744528111969e-05	0.447758211655628
bgs	V0.5_c2	5	8	emmax_simes	group	200	8.355	23	27	1	26	0.309444444444444	0.962962962962963	0.649562654019188	1.01744528111969e-05	0.447758211655628
bgs	V0.5_c2	5	8	emmax_simes	mvn	200	0.06	3	27	1	26	0.00222222222222222	0.962962962962963	0.649562654019188	1.01744528111969e-05	0.447758211655628
bgs	V0.5_c2	5	8	emmax_simes	spatial	200	32.665	81	27	1	26	1.20981481481481	0.962962962962963	0.649562654019188	1.01744528111969e-05	0.447758211655628
bgs	V0.5_c2	5	9	emmax_consensus	group	200	1.03	8	0	0	0			0.649404320259308	8.19730393623778e-06	0.512816269491027
bgs	V0.5_c2	5	9	emmax_consensus	mvn	200	0.04	2	0	0	0			0.649404320259308	8.19730393623778e-06	0.512816269491027
bgs	V0.5_c2	5	9	emmax_consensus	spatial	200	26.165	91	0	0	0			0.649404320259308	8.19730393623778e-06	0.512816269491027
bgs	V0.5_c2	5	9	emmax_simes	group	200	1.775	12	0	0	0			0.649404320259308	8.19730393623778e-06	0.512816269491027
bgs	V0.5_c2	5	9	emmax_simes	mvn	200	0.02	1	0	0	0			0.649404320259308	8.19730393623778e-06	0.512816269491027
bgs	V0.5_c2	5	9	emmax_simes	spatial	200	28.795	92	0	0	0			0.649404320259308	8.19730393623778e-06	0.512816269491027
bgs	V0.5_c2	5	10	emmax_consensus	group	200	1.94	16	5	0	5	0.388	1	0.658628446411099	5.47802127854985e-06	0.48345838509583
bgs	V0.5_c2	5	10	emmax_consensus	mvn	200	0.03	1	5	0	5	0.006	1	0.658628446411099	5.47802127854985e-06	0.48345838509583
bgs	V0.5_c2	5	10	emmax_consensus	spatial	200	24.575	81	5	0	5	4.915	1	0.658628446411099	5.47802127854985e-06	0.48345838509583
bgs	V0.5_c2	5	10	emmax_simes	group	200	4.865	18	14	0	14	0.3475	1	0.658628446411099	5.47802127854985e-06	0.48345838509583
bgs	V0.5_c2	5	10	emmax_simes	mvn	200	0.03	2	14	0	14	0.00214285714285714	1	0.658628446411099	5.47802127854985e-06	0.48345838509583
bgs	V0.5_c2	5	10	emmax_simes	spatial	200	27.005	82	14	0	14	1.92892857142857	1	0.658628446411099	5.47802127854985e-06	0.48345838509583
bgs	V0.5_c2	6	1	emmax_consensus	group	200	0.38	5	1	1	0	0.38	0	0.663530664515089	9.28484032983295e-06	0.52588570843158
bgs	V0.5_c2	6	1	emmax_consensus	mvn	200	0.1	5	1	1	0	0.1	0	0.663530664515089	9.28484032983295e-06	0.52588570843158
bgs	V0.5_c2	6	1	emmax_consensus	spatial	200	30.79	105	1	1	0	30.79	0	0.663530664515089	9.28484032983295e-06	0.52588570843158
bgs	V0.5_c2	6	1	emmax_simes	group	200	0.4	6	1	1	0	0.4	0	0.663530664515089	9.28484032983295e-06	0.52588570843158
bgs	V0.5_c2	6	1	emmax_simes	mvn	200	0.075	4	1	1	0	0.075	0	0.663530664515089	9.28484032983295e-06	0.52588570843158
bgs	V0.5_c2	6	1	emmax_simes	spatial	200	32.9	92	1	1	0	32.9	0	0.663530664515089	9.28484032983295e-06	0.52588570843158
bgs	V0.5_c2	6	2	emmax_consensus	group	200	7.935	20	10	0	10	0.7935	1	0.645625693412735	6.64150091063271e-06	0.443804105291177
bgs	V0.5_c2	6	2	emmax_consensus	mvn	200	0.065	3	10	0	10	0.0065	1	0.645625693412735	6.64150091063271e-06	0.443804105291177
bgs	V0.5_c2	6	2	emmax_consensus	spatial	200	36.68	104	10	0	10	3.668	1	0.645625693412735	6.64150091063271e-06	0.443804105291177
bgs	V0.5_c2	6	2	emmax_simes	group	200	12.85	26	11	0	11	1.16818181818182	1	0.645625693412735	6.64150091063271e-06	0.443804105291177
bgs	V0.5_c2	6	2	emmax_simes	mvn	200	0.06	2	11	0	11	0.00545454545454545	1	0.645625693412735	6.64150091063271e-06	0.443804105291177
bgs	V0.5_c2	6	2	emmax_simes	spatial	200	40.61	97	11	0	11	3.69181818181818	1	0.645625693412735	6.64150091063271e-06	0.443804105291177
bgs	V0.5_c2	6	3	emmax_consensus	group	200	4.205	18	17	0	17	0.247352941176471	1	0.65742696044803	5.72466303882812e-06	0.486730739293235
bgs	V0.5_c2	6	3	emmax_consensus	mvn	200	0.08	2	17	0	17	0.00470588235294118	1	0.65742696044803	5.72466303882812e-06	0.486730739293235
bgs	V0.5_c2	6	3	emmax_consensus	spatial	200	36.82	107	17	0	17	2.16588235294118	1	0.65742696044803	5.72466303882812e-06	0.486730739293235
bgs	V0.5_c2	6	3	emmax_simes	group	200	10.61	28	28	1	27	0.378928571428571	0.964285714285714	0.65742696044803	5.72466303882812e-06	0.486730739293235
bgs	V0.5_c2	6	3	emmax_simes	mvn	200	0.075	2	28	1	27	0.00267857142857143	0.964285714285714	0.65742696044803	5.72466303882812e-06	0.486730739293235
bgs	V0.5_c2	6	3	emmax_simes	spatial	200	39.885	99	28	1	27	1.42446428571429	0.964285714285714	0.65742696044803	5.72466303882812e-06	0.486730739293235
bgs	V0.5_c2	6	4	emmax_consensus	group	200	0.365	11	2	0	2	0.1825	1	0.65322209351514	1.10679375022827e-05	0.460828598858818
bgs	V0.5_c2	6	4	emmax_consensus	mvn	200	0.08	3	2	0	2	0.04	1	0.65322209351514	1.10679375022827e-05	0.460828598858818
bgs	V0.5_c2	6	4	emmax_consensus	spatial	200	28.29	82	2	0	2	14.145	1	0.65322209351514	1.10679375022827e-05	0.460828598858818
bgs	V0.5_c2	6	4	emmax_simes	group	200	0.33	7	0	0	0			0.65322209351514	1.10679375022827e-05	0.460828598858818
bgs	V0.5_c2	6	4	emmax_simes	mvn	200	0.06	3	0	0	0			0.65322209351514	1.10679375022827e-05	0.460828598858818
bgs	V0.5_c2	6	4	emmax_simes	spatial	200	30.885	78	0	0	0			0.65322209351514	1.10679375022827e-05	0.460828598858818
bgs	V0.5_c2	6	5	emmax_consensus	group	200	5.41	19	6	0	6	0.901666666666667	1	0.654119421389621	9.13374170942736e-06	0.432812141781421
bgs	V0.5_c2	6	5	emmax_consensus	mvn	200	0.045	2	6	0	6	0.0075	1	0.654119421389621	9.13374170942736e-06	0.432812141781421
bgs	V0.5_c2	6	5	emmax_consensus	spatial	200	40.11	81	6	0	6	6.685	1	0.654119421389621	9.13374170942736e-06	0.432812141781421
bgs	V0.5_c2	6	5	emmax_simes	group	200	7.715	23	11	0	11	0.701363636363636	1	0.654119421389621	9.13374170942736e-06	0.432812141781421
bgs	V0.5_c2	6	5	emmax_simes	mvn	200	0.06	2	11	0	11	0.00545454545454545	1	0.654119421389621	9.13374170942736e-06	0.432812141781421
bgs	V0.5_c2	6	5	emmax_simes	spatial	200	43.43	76	11	0	11	3.94818181818182	1	0.654119421389621	9.13374170942736e-06	0.432812141781421
bgs	V0.5_c2	6	6	emmax_consensus	group	200	11.415	29	11	0	11	1.03772727272727	1	0.64967713741537	8.4313539365052e-06	0.430945939882457
bgs	V0.5_c2	6	6	emmax_consensus	mvn	200	0.05	2	11	0	11	0.00454545454545455	1	0.64967713741537	8.4313539365052e-06	0.430945939882457
bgs	V0.5_c2	6	6	emmax_consensus	spatial	200	33.525	94	11	0	11	3.04772727272727	1	0.64967713741537	8.4313539365052e-06	0.430945939882457
bgs	V0.5_c2	6	6	emmax_simes	group	200	17.255	31	14	0	14	1.2325	1	0.64967713741537	8.4313539365052e-06	0.430945939882457
bgs	V0.5_c2	6	6	emmax_simes	mvn	200	0.08	2	14	0	14	0.00571428571428571	1	0.64967713741537	8.4313539365052e-06	0.430945939882457
bgs	V0.5_c2	6	6	emmax_simes	spatial	200	36.14	97	14	0	14	2.58142857142857	1	0.64967713741537	8.4313539365052e-06	0.430945939882457
bgs	V0.5_c2	6	7	emmax_consensus	group	200	0.865	7	8	0	8	0.108125	1	0.657287439436353	7.73088758133556e-06	0.521262297570382
bgs	V0.5_c2	6	7	emmax_consensus	mvn	200	0.035	1	8	0	8	0.004375	1	0.657287439436353	7.73088758133556e-06	0.521262297570382
bgs	V0.5_c2	6	7	emmax_consensus	spatial	200	36.915	96	8	0	8	4.614375	1	0.657287439436353	7.73088758133556e-06	0.521262297570382
bgs	V0.5_c2	6	7	emmax_simes	group	200	2.325	21	17	1	16	0.136764705882353	0.941176470588235	0.657287439436353	7.73088758133556e-06	0.521262297570382
bgs	V0.5_c2	6	7	emmax_simes	mvn	200	0.05	3	17	1	16	0.00294117647058824	0.941176470588235	0.657287439436353	7.73088758133556e-06	0.521262297570382
bgs	V0.5_c2	6	7	emmax_simes	spatial	200	42.555	91	17	1	16	2.50323529411765	0.941176470588235	0.657287439436353	7.73088758133556e-06	0.521262297570382
bgs	V0.5_c2	6	8	emmax_consensus	group	200	4.395	14	18	1	17	0.244166666666667	0.944444444444444	0.655081071512342	6.97389489436677e-06	0.492770132646477
bgs	V0.5_c2	6	8	emmax_consensus	mvn	200	0.065	2	18	1	17	0.00361111111111111	0.944444444444444	0.655081071512342	6.97389489436677e-06	0.492770132646477
bgs	V0.5_c2	6	8	emmax_consensus	spatial	200	38.445	103	18	1	17	2.13583333333333	0.944444444444444	0.655081071512342	6.97389489436677e-06	0.492770132646477
bgs	V0.5_c2	6	8	emmax_simes	group	200	10.04	20	14	1	13	0.717142857142857	0.928571428571429	0.655081071512342	6.97389489436677e-06	0.492770132646477
bgs	V0.5_c2	6	8	emmax_simes	mvn	200	0.05	1	14	1	13	0.00357142857142857	0.928571428571429	0.655081071512342	6.97389489436677e-06	0.492770132646477
bgs	V0.5_c2	6	8	emmax_simes	spatial	200	40.695	88	14	1	13	2.90678571428571	0.928571428571429	0.655081071512342	6.97389489436677e-06	0.492770132646477
bgs	V0.5_c2	6	9	emmax_consensus	group	200	0.665	5	4	0	4	0.16625	1	0.657630969784459	7.89039680015261e-06	0.43654879728094
bgs	V0.5_c2	6	9	emmax_consensus	mvn	200	0.01	1	4	0	4	0.0025	1	0.657630969784459	7.89039680015261e-06	0.43654879728094
bgs	V0.5_c2	6	9	emmax_consensus	spatial	200	33.68	90	4	0	4	8.42	1	0.657630969784459	7.89039680015261e-06	0.43654879728094
bgs	V0.5_c2	6	9	emmax_simes	group	200	0.885	8	3	0	3	0.295	1	0.657630969784459	7.89039680015261e-06	0.43654879728094
bgs	V0.5_c2	6	9	emmax_simes	mvn	200	0.025	1	3	0	3	0.00833333333333333	1	0.657630969784459	7.89039680015261e-06	0.43654879728094
bgs	V0.5_c2	6	9	emmax_simes	spatial	200	36.93	85	3	0	3	12.31	1	0.657630969784459	7.89039680015261e-06	0.43654879728094
bgs	V0.5_c2	6	10	emmax_consensus	group	200	2.23	14	11	0	11	0.202727272727273	1	0.649430117714953	5.83444898496757e-06	0.423607195950446
bgs	V0.5_c2	6	10	emmax_consensus	mvn	200	0.045	4	11	0	11	0.00409090909090909	1	0.649430117714953	5.83444898496757e-06	0.423607195950446
bgs	V0.5_c2	6	10	emmax_consensus	spatial	200	30.535	91	11	0	11	2.77590909090909	1	0.649430117714953	5.83444898496757e-06	0.423607195950446
bgs	V0.5_c2	6	10	emmax_simes	group	200	7.45	21	17	0	17	0.438235294117647	1	0.649430117714953	5.83444898496757e-06	0.423607195950446
bgs	V0.5_c2	6	10	emmax_simes	mvn	200	0.035	3	17	0	17	0.00205882352941177	1	0.649430117714953	5.83444898496757e-06	0.423607195950446
bgs	V0.5_c2	6	10	emmax_simes	spatial	200	33.025	90	17	0	17	1.94264705882353	1	0.649430117714953	5.83444898496757e-06	0.423607195950446
bgs	V0.5_c2	8	1	emmax_consensus	group	200	0.23	4	0	0	0			0.667694192705738	7.85749224847158e-06	0.480783798278155
bgs	V0.5_c2	8	1	emmax_consensus	mvn	200	0.045	2	0	0	0			0.667694192705738	7.85749224847158e-06	0.480783798278155
bgs	V0.5_c2	8	1	emmax_consensus	spatial	200	29.56	84	0	0	0			0.667694192705738	7.85749224847158e-06	0.480783798278155
bgs	V0.5_c2	8	1	emmax_simes	group	200	0.27	4	0	0	0			0.667694192705738	7.85749224847158e-06	0.480783798278155
bgs	V0.5_c2	8	1	emmax_simes	mvn	200	0.035	2	0	0	0			0.667694192705738	7.85749224847158e-06	0.480783798278155
bgs	V0.5_c2	8	1	emmax_simes	spatial	200	31.37	87	0	0	0			0.667694192705738	7.85749224847158e-06	0.480783798278155
bgs	V0.5_c2	8	2	emmax_consensus	group	200	9.525	20	14	0	14	0.680357142857143	1	0.634793171439338	1.08573158476412e-05	0.472630817458404
bgs	V0.5_c2	8	2	emmax_consensus	mvn	200	0.085	3	14	0	14	0.00607142857142857	1	0.634793171439338	1.08573158476412e-05	0.472630817458404
bgs	V0.5_c2	8	2	emmax_consensus	spatial	200	36.735	121	14	0	14	2.62392857142857	1	0.634793171439338	1.08573158476412e-05	0.472630817458404
bgs	V0.5_c2	8	2	emmax_simes	group	200	15.115	25	19	0	19	0.795526315789474	1	0.634793171439338	1.08573158476412e-05	0.472630817458404
bgs	V0.5_c2	8	2	emmax_simes	mvn	200	0.06	3	19	0	19	0.00315789473684211	1	0.634793171439338	1.08573158476412e-05	0.472630817458404
bgs	V0.5_c2	8	2	emmax_simes	spatial	200	37.98	119	19	0	19	1.99894736842105	1	0.634793171439338	1.08573158476412e-05	0.472630817458404
bgs	V0.5_c2	8	3	emmax_consensus	group	200	5.495	20	22	0	22	0.249772727272727	1	0.648985970993123	4.93288542941788e-06	0.492490584488328
bgs	V0.5_c2	8	3	emmax_consensus	mvn	200	0.07	2	22	0	22	0.00318181818181818	1	0.648985970993123	4.93288542941788e-06	0.492490584488328
bgs	V0.5_c2	8	3	emmax_consensus	spatial	200	33.3	89	22	0	22	1.51363636363636	1	0.648985970993123	4.93288542941788e-06	0.492490584488328
bgs	V0.5_c2	8	3	emmax_simes	group	200	12.245	31	31	1	30	0.395	0.967741935483871	0.648985970993123	4.93288542941788e-06	0.492490584488328
bgs	V0.5_c2	8	3	emmax_simes	mvn	200	0.07	3	31	1	30	0.00225806451612903	0.967741935483871	0.648985970993123	4.93288542941788e-06	0.492490584488328
bgs	V0.5_c2	8	3	emmax_simes	spatial	200	35.155	88	31	1	30	1.13403225806452	0.967741935483871	0.648985970993123	4.93288542941788e-06	0.492490584488328
bgs	V0.5_c2	8	4	emmax_consensus	group	200	0.28	3	6	1	5	0.0466666666666667	0.833333333333333	0.666817924463008	6.9690241540326e-06	0.486830545181406
bgs	V0.5_c2	8	4	emmax_consensus	mvn	200	0.06	6	6	1	5	0.01	0.833333333333333	0.666817924463008	6.9690241540326e-06	0.486830545181406
bgs	V0.5_c2	8	4	emmax_consensus	spatial	200	35.74	120	6	1	5	5.95666666666667	0.833333333333333	0.666817924463008	6.9690241540326e-06	0.486830545181406
bgs	V0.5_c2	8	4	emmax_simes	group	200	0.255	6	24	1	23	0.010625	0.958333333333333	0.666817924463008	6.9690241540326e-06	0.486830545181406
bgs	V0.5_c2	8	4	emmax_simes	mvn	200	0.055	4	24	1	23	0.00229166666666667	0.958333333333333	0.666817924463008	6.9690241540326e-06	0.486830545181406
bgs	V0.5_c2	8	4	emmax_simes	spatial	200	38.83	107	24	1	23	1.61791666666667	0.958333333333333	0.666817924463008	6.9690241540326e-06	0.486830545181406
bgs	V0.5_c2	8	5	emmax_consensus	group	200	3.475	15	4	0	4	0.86875	1	0.654022843875596	6.95418463905248e-06	0.493704700574716
bgs	V0.5_c2	8	5	emmax_consensus	mvn	200	0.06	2	4	0	4	0.015	1	0.654022843875596	6.95418463905248e-06	0.493704700574716
bgs	V0.5_c2	8	5	emmax_consensus	spatial	200	42.425	82	4	0	4	10.60625	1	0.654022843875596	6.95418463905248e-06	0.493704700574716
bgs	V0.5_c2	8	5	emmax_simes	group	200	5.085	23	2	0	2	2.5425	1	0.654022843875596	6.95418463905248e-06	0.493704700574716
bgs	V0.5_c2	8	5	emmax_simes	mvn	200	0.05	2	2	0	2	0.025	1	0.654022843875596	6.95418463905248e-06	0.493704700574716
bgs	V0.5_c2	8	5	emmax_simes	spatial	200	44.76	89	2	0	2	22.38	1	0.654022843875596	6.95418463905248e-06	0.493704700574716
bgs	V0.5_c2	8	6	emmax_consensus	group	200	13.89	25	15	0	15	0.926	1	0.682026195317258	7.18189453897767e-06	0.450980917472668
bgs	V0.5_c2	8	6	emmax_consensus	mvn	200	0.065	2	15	0	15	0.00433333333333333	1	0.682026195317258	7.18189453897767e-06	0.450980917472668
bgs	V0.5_c2	8	6	emmax_consensus	spatial	200	30.805	75	15	0	15	2.05366666666667	1	0.682026195317258	7.18189453897767e-06	0.450980917472668
bgs	V0.5_c2	8	6	emmax_simes	group	200	21.285	33	17	0	17	1.25205882352941	1	0.682026195317258	7.18189453897767e-06	0.450980917472668
bgs	V0.5_c2	8	6	emmax_simes	mvn	200	0.07	2	17	0	17	0.00411764705882353	1	0.682026195317258	7.18189453897767e-06	0.450980917472668
bgs	V0.5_c2	8	6	emmax_simes	spatial	200	31.605	84	17	0	17	1.85911764705882	1	0.682026195317258	7.18189453897767e-06	0.450980917472668
bgs	V0.5_c2	8	7	emmax_consensus	group	200	3.96	15	16	1	15	0.2475	0.9375	0.66166243048132	7.25060480018249e-06	0.461794001809737
bgs	V0.5_c2	8	7	emmax_consensus	mvn	200	0.04	2	16	1	15	0.0025	0.9375	0.66166243048132	7.25060480018249e-06	0.461794001809737
bgs	V0.5_c2	8	7	emmax_consensus	spatial	200	40.605	86	16	1	15	2.5378125	0.9375	0.66166243048132	7.25060480018249e-06	0.461794001809737
bgs	V0.5_c2	8	7	emmax_simes	group	200	10.94	29	35	1	34	0.312571428571429	0.971428571428571	0.66166243048132	7.25060480018249e-06	0.461794001809737
bgs	V0.5_c2	8	7	emmax_simes	mvn	200	0.015	1	35	1	34	0.000428571428571429	0.971428571428571	0.66166243048132	7.25060480018249e-06	0.461794001809737
bgs	V0.5_c2	8	7	emmax_simes	spatial	200	43.85	84	35	1	34	1.25285714285714	0.971428571428571	0.66166243048132	7.25060480018249e-06	0.461794001809737
bgs	V0.5_c2	8	8	emmax_consensus	group	200	5.475	14	11	0	11	0.497727272727273	1	0.654882079563178	7.64802434432505e-06	0.480154072493484
bgs	V0.5_c2	8	8	emmax_consensus	mvn	200	0.02	1	11	0	11	0.00181818181818182	1	0.654882079563178	7.64802434432505e-06	0.480154072493484
bgs	V0.5_c2	8	8	emmax_consensus	spatial	200	36.975	95	11	0	11	3.36136363636364	1	0.654882079563178	7.64802434432505e-06	0.480154072493484
bgs	V0.5_c2	8	8	emmax_simes	group	200	9.55	22	12	0	12	0.795833333333333	1	0.654882079563178	7.64802434432505e-06	0.480154072493484
bgs	V0.5_c2	8	8	emmax_simes	mvn	200	0.02	1	12	0	12	0.00166666666666667	1	0.654882079563178	7.64802434432505e-06	0.480154072493484
bgs	V0.5_c2	8	8	emmax_simes	spatial	200	36.105	93	12	0	12	3.00875	1	0.654882079563178	7.64802434432505e-06	0.480154072493484
bgs	V0.5_c2	8	9	emmax_consensus	group	200	0.565	5	1	0	1	0.565	1	0.645046650674956	8.29408108994987e-06	0.449015016832205
bgs	V0.5_c2	8	9	emmax_consensus	mvn	200	0.045	1	1	0	1	0.045	1	0.645046650674956	8.29408108994987e-06	0.449015016832205
bgs	V0.5_c2	8	9	emmax_consensus	spatial	200	32.85	104	1	0	1	32.85	1	0.645046650674956	8.29408108994987e-06	0.449015016832205
bgs	V0.5_c2	8	9	emmax_simes	group	200	0.83	9	0	0	0			0.645046650674956	8.29408108994987e-06	0.449015016832205
bgs	V0.5_c2	8	9	emmax_simes	mvn	200	0.025	1	0	0	0			0.645046650674956	8.29408108994987e-06	0.449015016832205
bgs	V0.5_c2	8	9	emmax_simes	spatial	200	33.35	96	0	0	0			0.645046650674956	8.29408108994987e-06	0.449015016832205
bgs	V0.5_c2	8	10	emmax_consensus	group	200	1.355	8	6	0	6	0.225833333333333	1	0.632032175964163	9.04772472787637e-06	0.509465436083636
bgs	V0.5_c2	8	10	emmax_consensus	mvn	200	0.06	2	6	0	6	0.01	1	0.632032175964163	9.04772472787637e-06	0.509465436083636
bgs	V0.5_c2	8	10	emmax_consensus	spatial	200	26.895	82	6	0	6	4.4825	1	0.632032175964163	9.04772472787637e-06	0.509465436083636
bgs	V0.5_c2	8	10	emmax_simes	group	200	6.005	15	8	0	8	0.750625	1	0.632032175964163	9.04772472787637e-06	0.509465436083636
bgs	V0.5_c2	8	10	emmax_simes	mvn	200	0.07	3	8	0	8	0.00875	1	0.632032175964163	9.04772472787637e-06	0.509465436083636
bgs	V0.5_c2	8	10	emmax_simes	spatial	200	30.065	81	8	0	8	3.758125	1	0.632032175964163	9.04772472787637e-06	0.509465436083636
bgs	V0.5_c2	10	1	emmax_consensus	group	200	0.25	3	0	0	0			0.653760137463965	4.86283340094447e-06	0.461402204880466
bgs	V0.5_c2	10	1	emmax_consensus	mvn	200	0.06	3	0	0	0			0.653760137463965	4.86283340094447e-06	0.461402204880466
bgs	V0.5_c2	10	1	emmax_consensus	spatial	200	29.355	85	0	0	0			0.653760137463965	4.86283340094447e-06	0.461402204880466
bgs	V0.5_c2	10	1	emmax_simes	group	200	0.255	4	0	0	0			0.653760137463965	4.86283340094447e-06	0.461402204880466
bgs	V0.5_c2	10	1	emmax_simes	mvn	200	0.045	2	0	0	0			0.653760137463965	4.86283340094447e-06	0.461402204880466
bgs	V0.5_c2	10	1	emmax_simes	spatial	200	31.3	85	0	0	0			0.653760137463965	4.86283340094447e-06	0.461402204880466
bgs	V0.5_c2	10	2	emmax_consensus	group	200	11.745	24	15	2	13	0.783	0.866666666666667	0.667678415285569	6.16785985340547e-06	0.487325355582759
bgs	V0.5_c2	10	2	emmax_consensus	mvn	200	0.085	4	15	2	13	0.00566666666666667	0.866666666666667	0.667678415285569	6.16785985340547e-06	0.487325355582759
bgs	V0.5_c2	10	2	emmax_consensus	spatial	200	36.355	91	15	2	13	2.42366666666667	0.866666666666667	0.667678415285569	6.16785985340547e-06	0.487325355582759
bgs	V0.5_c2	10	2	emmax_simes	group	200	18.605	33	19	2	17	0.979210526315789	0.894736842105263	0.667678415285569	6.16785985340547e-06	0.487325355582759
bgs	V0.5_c2	10	2	emmax_simes	mvn	200	0.07	5	19	2	17	0.00368421052631579	0.894736842105263	0.667678415285569	6.16785985340547e-06	0.487325355582759
bgs	V0.5_c2	10	2	emmax_simes	spatial	200	37.245	86	19	2	17	1.96026315789474	0.894736842105263	0.667678415285569	6.16785985340547e-06	0.487325355582759
bgs	V0.5_c2	10	3	emmax_consensus	group	200	7.64	20	24	0	24	0.318333333333333	1	0.659103958580541	3.81011204156177e-06	0.516565486405975
bgs	V0.5_c2	10	3	emmax_consensus	mvn	200	0.025	1	24	0	24	0.00104166666666667	1	0.659103958580541	3.81011204156177e-06	0.516565486405975
bgs	V0.5_c2	10	3	emmax_consensus	spatial	200	35.39	94	24	0	24	1.47458333333333	1	0.659103958580541	3.81011204156177e-06	0.516565486405975
bgs	V0.5_c2	10	3	emmax_simes	group	200	16.825	26	25	0	25	0.673	1	0.659103958580541	3.81011204156177e-06	0.516565486405975
bgs	V0.5_c2	10	3	emmax_simes	mvn	200	0.02	1	25	0	25	8e-04	1	0.659103958580541	3.81011204156177e-06	0.516565486405975
bgs	V0.5_c2	10	3	emmax_simes	spatial	200	37.115	89	25	0	25	1.4846	1	0.659103958580541	3.81011204156177e-06	0.516565486405975
bgs	V0.5_c2	10	4	emmax_consensus	group	200	0.255	3	2	0	2	0.1275	1	0.656975252941382	7.0900369049616e-06	0.528600836956762
bgs	V0.5_c2	10	4	emmax_consensus	mvn	200	0.05	4	2	0	2	0.025	1	0.656975252941382	7.0900369049616e-06	0.528600836956762
bgs	V0.5_c2	10	4	emmax_consensus	spatial	200	27.73	100	2	0	2	13.865	1	0.656975252941382	7.0900369049616e-06	0.528600836956762
bgs	V0.5_c2	10	4	emmax_simes	group	200	0.33	5	11	0	11	0.03	1	0.656975252941382	7.0900369049616e-06	0.528600836956762
bgs	V0.5_c2	10	4	emmax_simes	mvn	200	0.04	1	11	0	11	0.00363636363636364	1	0.656975252941382	7.0900369049616e-06	0.528600836956762
bgs	V0.5_c2	10	4	emmax_simes	spatial	200	31.05	115	11	0	11	2.82272727272727	1	0.656975252941382	7.0900369049616e-06	0.528600836956762
bgs	V0.5_c2	10	5	emmax_consensus	group	200	4.075	16	10	0	10	0.4075	1	0.668125805026179	7.09117173610778e-06	0.459594004344192
bgs	V0.5_c2	10	5	emmax_consensus	mvn	200	0.07	2	10	0	10	0.007	1	0.668125805026179	7.09117173610778e-06	0.459594004344192
bgs	V0.5_c2	10	5	emmax_consensus	spatial	200	49.16	100	10	0	10	4.916	1	0.668125805026179	7.09117173610778e-06	0.459594004344192
bgs	V0.5_c2	10	5	emmax_simes	group	200	6.25	27	18	0	18	0.347222222222222	1	0.668125805026179	7.09117173610778e-06	0.459594004344192
bgs	V0.5_c2	10	5	emmax_simes	mvn	200	0.06	1	18	0	18	0.00333333333333333	1	0.668125805026179	7.09117173610778e-06	0.459594004344192
bgs	V0.5_c2	10	5	emmax_simes	spatial	200	47.54	97	18	0	18	2.64111111111111	1	0.668125805026179	7.09117173610778e-06	0.459594004344192
bgs	V0.5_c2	10	6	emmax_consensus	group	200	11.255	28	15	0	15	0.750333333333333	1	0.639843553590639	5.32215434461556e-06	0.450845972393048
bgs	V0.5_c2	10	6	emmax_consensus	mvn	200	0.04	2	15	0	15	0.00266666666666667	1	0.639843553590639	5.32215434461556e-06	0.450845972393048
bgs	V0.5_c2	10	6	emmax_consensus	spatial	200	32.125	82	15	0	15	2.14166666666667	1	0.639843553590639	5.32215434461556e-06	0.450845972393048
bgs	V0.5_c2	10	6	emmax_simes	group	200	17.485	39	24	0	24	0.728541666666667	1	0.639843553590639	5.32215434461556e-06	0.450845972393048
bgs	V0.5_c2	10	6	emmax_simes	mvn	200	0.05	3	24	0	24	0.00208333333333333	1	0.639843553590639	5.32215434461556e-06	0.450845972393048
bgs	V0.5_c2	10	6	emmax_simes	spatial	200	33.51	88	24	0	24	1.39625	1	0.639843553590639	5.32215434461556e-06	0.450845972393048
bgs	V0.5_c2	10	7	emmax_consensus	group	200	2.61	14	3	0	3	0.87	1	0.64864897380509	9.14921983905355e-06	0.51966786277148
bgs	V0.5_c2	10	7	emmax_consensus	mvn	200	0.055	2	3	0	3	0.0183333333333333	1	0.64864897380509	9.14921983905355e-06	0.51966786277148
bgs	V0.5_c2	10	7	emmax_consensus	spatial	200	43.675	92	3	0	3	14.5583333333333	1	0.64864897380509	9.14921983905355e-06	0.51966786277148
bgs	V0.5_c2	10	7	emmax_simes	group	200	5.62	23	16	1	15	0.35125	0.9375	0.64864897380509	9.14921983905355e-06	0.51966786277148
bgs	V0.5_c2	10	7	emmax_simes	mvn	200	0.035	2	16	1	15	0.0021875	0.9375	0.64864897380509	9.14921983905355e-06	0.51966786277148
bgs	V0.5_c2	10	7	emmax_simes	spatial	200	44.19	84	16	1	15	2.761875	0.9375	0.64864897380509	9.14921983905355e-06	0.51966786277148
bgs	V0.5_c2	10	8	emmax_consensus	group	200	5.99	18	15	0	15	0.399333333333333	1	0.6766485125879	6.0883788619477e-06	0.494553986204656
bgs	V0.5_c2	10	8	emmax_consensus	mvn	200	0.05	2	15	0	15	0.00333333333333333	1	0.6766485125879	6.0883788619477e-06	0.494553986204656
bgs	V0.5_c2	10	8	emmax_consensus	spatial	200	36.145	101	15	0	15	2.40966666666667	1	0.6766485125879	6.0883788619477e-06	0.494553986204656
bgs	V0.5_c2	10	8	emmax_simes	group	200	12.23	27	19	1	18	0.643684210526316	0.947368421052632	0.6766485125879	6.0883788619477e-06	0.494553986204656
bgs	V0.5_c2	10	8	emmax_simes	mvn	200	0.055	2	19	1	18	0.00289473684210526	0.947368421052632	0.6766485125879	6.0883788619477e-06	0.494553986204656
bgs	V0.5_c2	10	8	emmax_simes	spatial	200	35.69	91	19	1	18	1.87842105263158	0.947368421052632	0.6766485125879	6.0883788619477e-06	0.494553986204656
bgs	V0.5_c2	10	9	emmax_consensus	group	200	0.61	6	0	0	0			0.631636280292319	5.95649763559022e-06	0.492619163040225
bgs	V0.5_c2	10	9	emmax_consensus	mvn	200	0.075	3	0	0	0			0.631636280292319	5.95649763559022e-06	0.492619163040225
bgs	V0.5_c2	10	9	emmax_consensus	spatial	200	31.79	80	0	0	0			0.631636280292319	5.95649763559022e-06	0.492619163040225
bgs	V0.5_c2	10	9	emmax_simes	group	200	0.845	12	0	0	0			0.631636280292319	5.95649763559022e-06	0.492619163040225
bgs	V0.5_c2	10	9	emmax_simes	mvn	200	0.065	4	0	0	0			0.631636280292319	5.95649763559022e-06	0.492619163040225
bgs	V0.5_c2	10	9	emmax_simes	spatial	200	34.34	78	0	0	0			0.631636280292319	5.95649763559022e-06	0.492619163040225
bgs	V0.5_c2	10	10	emmax_consensus	group	200	2.54	9	8	0	8	0.3175	1	0.647374638873146	6.37791542569109e-06	0.491015497342274
bgs	V0.5_c2	10	10	emmax_consensus	mvn	200	0.09	3	8	0	8	0.01125	1	0.647374638873146	6.37791542569109e-06	0.491015497342274
bgs	V0.5_c2	10	10	emmax_consensus	spatial	200	29.45	97	8	0	8	3.68125	1	0.647374638873146	6.37791542569109e-06	0.491015497342274
bgs	V0.5_c2	10	10	emmax_simes	group	200	5.805	15	9	0	9	0.645	1	0.647374638873146	6.37791542569109e-06	0.491015497342274
bgs	V0.5_c2	10	10	emmax_simes	mvn	200	0.065	3	9	0	9	0.00722222222222222	1	0.647374638873146	6.37791542569109e-06	0.491015497342274
bgs	V0.5_c2	10	10	emmax_simes	spatial	200	31.3	89	9	0	9	3.47777777777778	1	0.647374638873146	6.37791542569109e-06	0.491015497342274
bgs	V1_c1	1	1	emmax_consensus	group	200	0.175	3	1	0	1	0.175	1	0.0412292980292208		
bgs	V1_c1	1	1	emmax_consensus	mvn	200	0.05	2	1	0	1	0.05	1	0.0412292980292208		
bgs	V1_c1	1	1	emmax_consensus	spatial	200	0.105	3	1	0	1	0.105	1	0.0412292980292208		
bgs	V1_c1	1	1	emmax_simes	group	200	0.145	4	1	0	1	0.145	1	0.0412292980292208		
bgs	V1_c1	1	1	emmax_simes	mvn	200	0.055	2	1	0	1	0.055	1	0.0412292980292208		
bgs	V1_c1	1	1	emmax_simes	spatial	200	0.105	2	1	0	1	0.105	1	0.0412292980292208		
bgs	V1_c1	1	2	emmax_consensus	group	200	1.69	4	2	1	1	0.845	0.5	0.0516352904656725		
bgs	V1_c1	1	2	emmax_consensus	mvn	200	0.03	1	2	1	1	0.015	0.5	0.0516352904656725		
bgs	V1_c1	1	2	emmax_consensus	spatial	200	0.52	5	2	1	1	0.26	0.5	0.0516352904656725		
bgs	V1_c1	1	2	emmax_simes	group	200	1.625	4	1	1	0	1.625	0	0.0516352904656725		
bgs	V1_c1	1	2	emmax_simes	mvn	200	0.035	1	1	1	0	0.035	0	0.0516352904656725		
bgs	V1_c1	1	2	emmax_simes	spatial	200	0.475	5	1	1	0	0.475	0	0.0516352904656725		
bgs	V1_c1	1	3	emmax_consensus	group	200	0.905	3	0	0	0			0.0370315261721284		
bgs	V1_c1	1	3	emmax_consensus	mvn	200	0.06	1	0	0	0			0.0370315261721284		
bgs	V1_c1	1	3	emmax_consensus	spatial	200	0.07	3	0	0	0			0.0370315261721284		
bgs	V1_c1	1	3	emmax_simes	group	200	1.005	2	1	1	0	1.005	0	0.0370315261721284		
bgs	V1_c1	1	3	emmax_simes	mvn	200	0.05	1	1	1	0	0.05	0	0.0370315261721284		
bgs	V1_c1	1	3	emmax_simes	spatial	200	0.11	2	1	1	0	0.11	0	0.0370315261721284		
bgs	V1_c1	1	4	emmax_consensus	group	200	1.77	5	3	2	1	0.59	0.333333333333333	0.0416371152795183		
bgs	V1_c1	1	4	emmax_consensus	mvn	200	0.04	1	3	2	1	0.0133333333333333	0.333333333333333	0.0416371152795183		
bgs	V1_c1	1	4	emmax_consensus	spatial	200	0.295	3	3	2	1	0.0983333333333333	0.333333333333333	0.0416371152795183		
bgs	V1_c1	1	4	emmax_simes	group	200	1.36	5	3	2	1	0.453333333333333	0.333333333333333	0.0416371152795183		
bgs	V1_c1	1	4	emmax_simes	mvn	200	0.035	2	3	2	1	0.0116666666666667	0.333333333333333	0.0416371152795183		
bgs	V1_c1	1	4	emmax_simes	spatial	200	0.2	2	3	2	1	0.0666666666666667	0.333333333333333	0.0416371152795183		
bgs	V1_c1	1	5	emmax_consensus	group	200	0.39	2	1	1	0	0.39	0	0.0472645129266417		
bgs	V1_c1	1	5	emmax_consensus	mvn	200	0.055	1	1	1	0	0.055	0	0.0472645129266417		
bgs	V1_c1	1	5	emmax_consensus	spatial	200	0.385	3	1	1	0	0.385	0	0.0472645129266417		
bgs	V1_c1	1	5	emmax_simes	group	200	0.36	2	1	1	0	0.36	0	0.0472645129266417		
bgs	V1_c1	1	5	emmax_simes	mvn	200	0.05	1	1	1	0	0.05	0	0.0472645129266417		
bgs	V1_c1	1	5	emmax_simes	spatial	200	0.39	4	1	1	0	0.39	0	0.0472645129266417		
bgs	V1_c1	1	6	emmax_consensus	group	200	0.36	3	1	1	0	0.36	0	0.0357010063539677		
bgs	V1_c1	1	6	emmax_consensus	mvn	200	0.055	2	1	1	0	0.055	0	0.0357010063539677		
bgs	V1_c1	1	6	emmax_consensus	spatial	200	0.445	4	1	1	0	0.445	0	0.0357010063539677		
bgs	V1_c1	1	6	emmax_simes	group	200	0.63	5	0	0	0			0.0357010063539677		
bgs	V1_c1	1	6	emmax_simes	mvn	200	0.035	1	0	0	0			0.0357010063539677		
bgs	V1_c1	1	6	emmax_simes	spatial	200	0.325	3	0	0	0			0.0357010063539677		
bgs	V1_c1	1	7	emmax_consensus	group	200	0.185	3	2	1	1	0.0925	0.5	0.0469924480167148		
bgs	V1_c1	1	7	emmax_consensus	mvn	200	0.055	2	2	1	1	0.0275	0.5	0.0469924480167148		
bgs	V1_c1	1	7	emmax_consensus	spatial	200	1.025	4	2	1	1	0.5125	0.5	0.0469924480167148		
bgs	V1_c1	1	7	emmax_simes	group	200	0.15	3	2	1	1	0.075	0.5	0.0469924480167148		
bgs	V1_c1	1	7	emmax_simes	mvn	200	0.05	2	2	1	1	0.025	0.5	0.0469924480167148		
bgs	V1_c1	1	7	emmax_simes	spatial	200	0.9	5	2	1	1	0.45	0.5	0.0469924480167148		
bgs	V1_c1	1	8	emmax_consensus	group	200	0.465	4	0	0	0			0.0425811576422754		
bgs	V1_c1	1	8	emmax_consensus	mvn	200	0.035	3	0	0	0			0.0425811576422754		
bgs	V1_c1	1	8	emmax_consensus	spatial	200	0.015	2	0	0	0			0.0425811576422754		
bgs	V1_c1	1	8	emmax_simes	group	200	0.36	4	0	0	0			0.0425811576422754		
bgs	V1_c1	1	8	emmax_simes	mvn	200	0.03	1	0	0	0			0.0425811576422754		
bgs	V1_c1	1	8	emmax_simes	spatial	200	0	0	0	0	0			0.0425811576422754		
bgs	V1_c1	1	9	emmax_consensus	group	200	0.055	2	0	0	0			0.0382293107834896		
bgs	V1_c1	1	9	emmax_consensus	mvn	200	0.065	1	0	0	0			0.0382293107834896		
bgs	V1_c1	1	9	emmax_consensus	spatial	200	0.16	2	0	0	0			0.0382293107834896		
bgs	V1_c1	1	9	emmax_simes	group	200	0.05	2	0	0	0			0.0382293107834896		
bgs	V1_c1	1	9	emmax_simes	mvn	200	0.06	1	0	0	0			0.0382293107834896		
bgs	V1_c1	1	9	emmax_simes	spatial	200	0.165	2	0	0	0			0.0382293107834896		
bgs	V1_c1	1	10	emmax_consensus	group	200	0.115	2	0	0	0			0.0436386327716788		
bgs	V1_c1	1	10	emmax_consensus	mvn	200	0.045	2	0	0	0			0.0436386327716788		
bgs	V1_c1	1	10	emmax_consensus	spatial	200	0.125	2	0	0	0			0.0436386327716788		
bgs	V1_c1	1	10	emmax_simes	group	200	0.13	2	1	0	1	0.13	1	0.0436386327716788		
bgs	V1_c1	1	10	emmax_simes	mvn	200	0.035	3	1	0	1	0.035	1	0.0436386327716788		
bgs	V1_c1	1	10	emmax_simes	spatial	200	0.32	4	1	0	1	0.32	1	0.0436386327716788		
bgs	V1_c1	2	1	emmax_consensus	group	200	0.37	3	0	0	0			0.0442892956378202		
bgs	V1_c1	2	1	emmax_consensus	mvn	200	0.03	1	0	0	0			0.0442892956378202		
bgs	V1_c1	2	1	emmax_consensus	spatial	200	0.325	3	0	0	0			0.0442892956378202		
bgs	V1_c1	2	1	emmax_simes	group	200	0.43	3	2	1	1	0.215	0.5	0.0442892956378202		
bgs	V1_c1	2	1	emmax_simes	mvn	200	0.04	2	2	1	1	0.02	0.5	0.0442892956378202		
bgs	V1_c1	2	1	emmax_simes	spatial	200	0.44	3	2	1	1	0.22	0.5	0.0442892956378202		
bgs	V1_c1	2	2	emmax_consensus	group	200	4.395	10	7	1	6	0.627857142857143	0.857142857142857	0.0460755115864992		
bgs	V1_c1	2	2	emmax_consensus	mvn	200	0.04	1	7	1	6	0.00571428571428571	0.857142857142857	0.0460755115864992		
bgs	V1_c1	2	2	emmax_consensus	spatial	200	0.075	2	7	1	6	0.0107142857142857	0.857142857142857	0.0460755115864992		
bgs	V1_c1	2	2	emmax_simes	group	200	4.435	13	6	1	5	0.739166666666667	0.833333333333333	0.0460755115864992		
bgs	V1_c1	2	2	emmax_simes	mvn	200	0.025	1	6	1	5	0.00416666666666667	0.833333333333333	0.0460755115864992		
bgs	V1_c1	2	2	emmax_simes	spatial	200	0.28	2	6	1	5	0.0466666666666667	0.833333333333333	0.0460755115864992		
bgs	V1_c1	2	3	emmax_consensus	group	200	3.145	9	2	2	0	1.5725	0	0.0474851405772148		
bgs	V1_c1	2	3	emmax_consensus	mvn	200	0.03	1	2	2	0	0.015	0	0.0474851405772148		
bgs	V1_c1	2	3	emmax_consensus	spatial	200	0.12	2	2	2	0	0.06	0	0.0474851405772148		
bgs	V1_c1	2	3	emmax_simes	group	200	3.2	6	2	2	0	1.6	0	0.0474851405772148		
bgs	V1_c1	2	3	emmax_simes	mvn	200	0.04	2	2	2	0	0.02	0	0.0474851405772148		
bgs	V1_c1	2	3	emmax_simes	spatial	200	0.065	3	2	2	0	0.0325	0	0.0474851405772148		
bgs	V1_c1	2	4	emmax_consensus	group	200	1.45	5	3	3	0	0.483333333333333	0	0.0385555576580758		
bgs	V1_c1	2	4	emmax_consensus	mvn	200	0.045	2	3	3	0	0.015	0	0.0385555576580758		
bgs	V1_c1	2	4	emmax_consensus	spatial	200	0.445	2	3	3	0	0.148333333333333	0	0.0385555576580758		
bgs	V1_c1	2	4	emmax_simes	group	200	1.665	6	4	3	1	0.41625	0.25	0.0385555576580758		
bgs	V1_c1	2	4	emmax_simes	mvn	200	0.03	3	4	3	1	0.0075	0.25	0.0385555576580758		
bgs	V1_c1	2	4	emmax_simes	spatial	200	0.5	3	4	3	1	0.125	0.25	0.0385555576580758		
bgs	V1_c1	2	5	emmax_consensus	group	200	0.11	2	0	0	0			0.0468150740196498		
bgs	V1_c1	2	5	emmax_consensus	mvn	200	0.08	2	0	0	0			0.0468150740196498		
bgs	V1_c1	2	5	emmax_consensus	spatial	200	0.11	3	0	0	0			0.0468150740196498		
bgs	V1_c1	2	5	emmax_simes	group	200	0.095	2	0	0	0			0.0468150740196498		
bgs	V1_c1	2	5	emmax_simes	mvn	200	0.085	3	0	0	0			0.0468150740196498		
bgs	V1_c1	2	5	emmax_simes	spatial	200	0.195	3	0	0	0			0.0468150740196498		
bgs	V1_c1	2	6	emmax_consensus	group	200	1.47	6	1	1	0	1.47	0	0.0487052215715694		
bgs	V1_c1	2	6	emmax_consensus	mvn	200	0.055	1	1	1	0	0.055	0	0.0487052215715694		
bgs	V1_c1	2	6	emmax_consensus	spatial	200	0.115	2	1	1	0	0.115	0	0.0487052215715694		
bgs	V1_c1	2	6	emmax_simes	group	200	1.435	6	1	1	0	1.435	0	0.0487052215715694		
bgs	V1_c1	2	6	emmax_simes	mvn	200	0.05	1	1	1	0	0.05	0	0.0487052215715694		
bgs	V1_c1	2	6	emmax_simes	spatial	200	0.08	2	1	1	0	0.08	0	0.0487052215715694		
bgs	V1_c1	2	7	emmax_consensus	group	200	1.055	3	1	1	0	1.055	0	0.0406719190437164		
bgs	V1_c1	2	7	emmax_consensus	mvn	200	0.045	2	1	1	0	0.045	0	0.0406719190437164		
bgs	V1_c1	2	7	emmax_consensus	spatial	200	0.475	3	1	1	0	0.475	0	0.0406719190437164		
bgs	V1_c1	2	7	emmax_simes	group	200	1	3	1	1	0	1	0	0.0406719190437164		
bgs	V1_c1	2	7	emmax_simes	mvn	200	0.045	2	1	1	0	0.045	0	0.0406719190437164		
bgs	V1_c1	2	7	emmax_simes	spatial	200	0.435	3	1	1	0	0.435	0	0.0406719190437164		
bgs	V1_c1	2	8	emmax_consensus	group	200	0.905	5	2	0	2	0.4525	1	0.0419626130724284		
bgs	V1_c1	2	8	emmax_consensus	mvn	200	0.02	1	2	0	2	0.01	1	0.0419626130724284		
bgs	V1_c1	2	8	emmax_consensus	spatial	200	0.655	6	2	0	2	0.3275	1	0.0419626130724284		
bgs	V1_c1	2	8	emmax_simes	group	200	0.77	5	1	0	1	0.77	1	0.0419626130724284		
bgs	V1_c1	2	8	emmax_simes	mvn	200	0.03	2	1	0	1	0.03	1	0.0419626130724284		
bgs	V1_c1	2	8	emmax_simes	spatial	200	0.795	8	1	0	1	0.795	1	0.0419626130724284		
bgs	V1_c1	2	9	emmax_consensus	group	200	0.205	3	1	1	0	0.205	0	0.0479112360799454		
bgs	V1_c1	2	9	emmax_consensus	mvn	200	0.065	2	1	1	0	0.065	0	0.0479112360799454		
bgs	V1_c1	2	9	emmax_consensus	spatial	200	0.175	3	1	1	0	0.175	0	0.0479112360799454		
bgs	V1_c1	2	9	emmax_simes	group	200	0.185	3	4	1	3	0.04625	0.75	0.0479112360799454		
bgs	V1_c1	2	9	emmax_simes	mvn	200	0.045	3	4	1	3	0.01125	0.75	0.0479112360799454		
bgs	V1_c1	2	9	emmax_simes	spatial	200	0.08	3	4	1	3	0.02	0.75	0.0479112360799454		
bgs	V1_c1	2	10	emmax_consensus	group	200	0.62	4	0	0	0			0.0366766975784328		
bgs	V1_c1	2	10	emmax_consensus	mvn	200	0.04	1	0	0	0			0.0366766975784328		
bgs	V1_c1	2	10	emmax_consensus	spatial	200	0.185	2	0	0	0			0.0366766975784328		
bgs	V1_c1	2	10	emmax_simes	group	200	0.585	4	0	0	0			0.0366766975784328		
bgs	V1_c1	2	10	emmax_simes	mvn	200	0.04	2	0	0	0			0.0366766975784328		
bgs	V1_c1	2	10	emmax_simes	spatial	200	0.135	4	0	0	0			0.0366766975784328		
bgs	V1_c1	4	1	emmax_consensus	group	200	0.025	1	0	0	0			0.0416143467532816		
bgs	V1_c1	4	1	emmax_consensus	mvn	200	0.055	3	0	0	0			0.0416143467532816		
bgs	V1_c1	4	1	emmax_consensus	spatial	200	0.38	3	0	0	0			0.0416143467532816		
bgs	V1_c1	4	1	emmax_simes	group	200	0.04	3	0	0	0			0.0416143467532816		
bgs	V1_c1	4	1	emmax_simes	mvn	200	0.04	2	0	0	0			0.0416143467532816		
bgs	V1_c1	4	1	emmax_simes	spatial	200	0.42	4	0	0	0			0.0416143467532816		
bgs	V1_c1	4	2	emmax_consensus	group	200	1.655	7	2	2	0	0.8275	0	0.048937208456305		
bgs	V1_c1	4	2	emmax_consensus	mvn	200	0.04	2	2	2	0	0.02	0	0.048937208456305		
bgs	V1_c1	4	2	emmax_consensus	spatial	200	0.46	5	2	2	0	0.23	0	0.048937208456305		
bgs	V1_c1	4	2	emmax_simes	group	200	1.48	4	2	2	0	0.74	0	0.048937208456305		
bgs	V1_c1	4	2	emmax_simes	mvn	200	0.03	2	2	2	0	0.015	0	0.048937208456305		
bgs	V1_c1	4	2	emmax_simes	spatial	200	0.57	5	2	2	0	0.285	0	0.048937208456305		
bgs	V1_c1	4	3	emmax_consensus	group	200	0.37	4	0	0	0			0.0451963550872339		
bgs	V1_c1	4	3	emmax_consensus	mvn	200	0.03	1	0	0	0			0.0451963550872339		
bgs	V1_c1	4	3	emmax_consensus	spatial	200	0.625	7	0	0	0			0.0451963550872339		
bgs	V1_c1	4	3	emmax_simes	group	200	0.22	4	0	0	0			0.0451963550872339		
bgs	V1_c1	4	3	emmax_simes	mvn	200	0.035	1	0	0	0			0.0451963550872339		
bgs	V1_c1	4	3	emmax_simes	spatial	200	0.75	6	0	0	0			0.0451963550872339		
bgs	V1_c1	4	4	emmax_consensus	group	200	0.455	3	2	2	0	0.2275	0	0.0463276840790772		
bgs	V1_c1	4	4	emmax_consensus	mvn	200	0.04	1	2	2	0	0.02	0	0.0463276840790772		
bgs	V1_c1	4	4	emmax_consensus	spatial	200	0.11	1	2	2	0	0.055	0	0.0463276840790772		
bgs	V1_c1	4	4	emmax_simes	group	200	0.4	3	2	2	0	0.2	0	0.0463276840790772		
bgs	V1_c1	4	4	emmax_simes	mvn	200	0.02	1	2	2	0	0.01	0	0.0463276840790772		
bgs	V1_c1	4	4	emmax_simes	spatial	200	0.11	2	2	2	0	0.055	0	0.0463276840790772		
bgs	V1_c1	4	5	emmax_consensus	group	200	0.05	2	1	0	1	0.05	1	0.0429117097315319		
bgs	V1_c1	4	5	emmax_consensus	mvn	200	0.065	3	1	0	1	0.065	1	0.0429117097315319		
bgs	V1_c1	4	5	emmax_consensus	spatial	200	0.635	3	1	0	1	0.635	1	0.0429117097315319		
bgs	V1_c1	4	5	emmax_simes	group	200	0.05	1	0	0	0			0.0429117097315319		
bgs	V1_c1	4	5	emmax_simes	mvn	200	0.045	2	0	0	0			0.0429117097315319		
bgs	V1_c1	4	5	emmax_simes	spatial	200	0.55	3	0	0	0			0.0429117097315319		
bgs	V1_c1	4	6	emmax_consensus	group	200	0.515	4	1	0	1	0.515	1	0.0411302865017473		
bgs	V1_c1	4	6	emmax_consensus	mvn	200	0.055	2	1	0	1	0.055	1	0.0411302865017473		
bgs	V1_c1	4	6	emmax_consensus	spatial	200	0.01	2	1	0	1	0.01	1	0.0411302865017473		
bgs	V1_c1	4	6	emmax_simes	group	200	0.475	5	0	0	0			0.0411302865017473		
bgs	V1_c1	4	6	emmax_simes	mvn	200	0.04	2	0	0	0			0.0411302865017473		
bgs	V1_c1	4	6	emmax_simes	spatial	200	0.02	2	0	0	0			0.0411302865017473		
bgs	V1_c1	4	7	emmax_consensus	group	200	0.025	1	1	1	0	0.025	0	0.0539468559539729		
bgs	V1_c1	4	7	emmax_consensus	mvn	200	0.04	2	1	1	0	0.04	0	0.0539468559539729		
bgs	V1_c1	4	7	emmax_consensus	spatial	200	1.265	7	1	1	0	1.265	0	0.0539468559539729		
bgs	V1_c1	4	7	emmax_simes	group	200	0.025	1	1	1	0	0.025	0	0.0539468559539729		
bgs	V1_c1	4	7	emmax_simes	mvn	200	0.065	3	1	1	0	0.065	0	0.0539468559539729		
bgs	V1_c1	4	7	emmax_simes	spatial	200	1.05	5	1	1	0	1.05	0	0.0539468559539729		
bgs	V1_c1	4	8	emmax_consensus	group	200	0.095	4	0	0	0			0.0492121679088651		
bgs	V1_c1	4	8	emmax_consensus	mvn	200	0.08	1	0	0	0			0.0492121679088651		
bgs	V1_c1	4	8	emmax_consensus	spatial	200	0.37	6	0	0	0			0.0492121679088651		
bgs	V1_c1	4	8	emmax_simes	group	200	0.095	2	0	0	0			0.0492121679088651		
bgs	V1_c1	4	8	emmax_simes	mvn	200	0.075	2	0	0	0			0.0492121679088651		
bgs	V1_c1	4	8	emmax_simes	spatial	200	0.305	6	0	0	0			0.0492121679088651		
bgs	V1_c1	4	9	emmax_consensus	group	200	0.07	2	0	0	0			0.0491618433846125		
bgs	V1_c1	4	9	emmax_consensus	mvn	200	0.06	2	0	0	0			0.0491618433846125		
bgs	V1_c1	4	9	emmax_consensus	spatial	200	0.155	2	0	0	0			0.0491618433846125		
bgs	V1_c1	4	9	emmax_simes	group	200	0.105	3	0	0	0			0.0491618433846125		
bgs	V1_c1	4	9	emmax_simes	mvn	200	0.06	2	0	0	0			0.0491618433846125		
bgs	V1_c1	4	9	emmax_simes	spatial	200	0.07	2	0	0	0			0.0491618433846125		
bgs	V1_c1	4	10	emmax_consensus	group	200	0.29	3	1	0	1	0.29	1	0.0508805225340229		
bgs	V1_c1	4	10	emmax_consensus	mvn	200	0.04	2	1	0	1	0.04	1	0.0508805225340229		
bgs	V1_c1	4	10	emmax_consensus	spatial	200	1.09	9	1	0	1	1.09	1	0.0508805225340229		
bgs	V1_c1	4	10	emmax_simes	group	200	0.46	4	0	0	0			0.0508805225340229		
bgs	V1_c1	4	10	emmax_simes	mvn	200	0.055	3	0	0	0			0.0508805225340229		
bgs	V1_c1	4	10	emmax_simes	spatial	200	1.02	10	0	0	0			0.0508805225340229		
bgs	V1_c1	9	1	emmax_consensus	group	200	1.435	6	4	2	2	0.35875	0.5	0.0455801723351057		
bgs	V1_c1	9	1	emmax_consensus	mvn	200	0.065	1	4	2	2	0.01625	0.5	0.0455801723351057		
bgs	V1_c1	9	1	emmax_consensus	spatial	200	0.335	4	4	2	2	0.08375	0.5	0.0455801723351057		
bgs	V1_c1	9	1	emmax_simes	group	200	1.415	5	7	3	4	0.202142857142857	0.571428571428571	0.0455801723351057		
bgs	V1_c1	9	1	emmax_simes	mvn	200	0.06	1	7	3	4	0.00857142857142857	0.571428571428571	0.0455801723351057		
bgs	V1_c1	9	1	emmax_simes	spatial	200	0.28	4	7	3	4	0.04	0.571428571428571	0.0455801723351057		
bgs	V1_c1	9	2	emmax_consensus	group	200	1.575	7	2	1	1	0.7875	0.5	0.0430351947934481		
bgs	V1_c1	9	2	emmax_consensus	mvn	200	0.055	2	2	1	1	0.0275	0.5	0.0430351947934481		
bgs	V1_c1	9	2	emmax_consensus	spatial	200	0.39	5	2	1	1	0.195	0.5	0.0430351947934481		
bgs	V1_c1	9	2	emmax_simes	group	200	1.565	5	2	1	1	0.7825	0.5	0.0430351947934481		
bgs	V1_c1	9	2	emmax_simes	mvn	200	0.05	1	2	1	1	0.025	0.5	0.0430351947934481		
bgs	V1_c1	9	2	emmax_simes	spatial	200	0.335	5	2	1	1	0.1675	0.5	0.0430351947934481		
bgs	V1_c1	9	3	emmax_consensus	group	200	1.84	6	0	0	0			0.0463458998114439		
bgs	V1_c1	9	3	emmax_consensus	mvn	200	0.04	1	0	0	0			0.0463458998114439		
bgs	V1_c1	9	3	emmax_consensus	spatial	200	0.165	3	0	0	0			0.0463458998114439		
bgs	V1_c1	9	3	emmax_simes	group	200	1.475	5	2	1	1	0.7375	0.5	0.0463458998114439		
bgs	V1_c1	9	3	emmax_simes	mvn	200	0.035	1	2	1	1	0.0175	0.5	0.0463458998114439		
bgs	V1_c1	9	3	emmax_simes	spatial	200	0.165	4	2	1	1	0.0825	0.5	0.0463458998114439		
bgs	V1_c1	9	4	emmax_consensus	group	200	1	8	1	1	0	1	0	0.043655658667257		
bgs	V1_c1	9	4	emmax_consensus	mvn	200	0.065	2	1	1	0	0.065	0	0.043655658667257		
bgs	V1_c1	9	4	emmax_consensus	spatial	200	0.225	3	1	1	0	0.225	0	0.043655658667257		
bgs	V1_c1	9	4	emmax_simes	group	200	0.81	6	1	1	0	0.81	0	0.043655658667257		
bgs	V1_c1	9	4	emmax_simes	mvn	200	0.055	2	1	1	0	0.055	0	0.043655658667257		
bgs	V1_c1	9	4	emmax_simes	spatial	200	0.255	3	1	1	0	0.255	0	0.043655658667257		
bgs	V1_c1	9	5	emmax_consensus	group	200	1.59	5	3	3	0	0.53	0	0.0450818758706731		
bgs	V1_c1	9	5	emmax_consensus	mvn	200	0.075	3	3	3	0	0.025	0	0.0450818758706731		
bgs	V1_c1	9	5	emmax_consensus	spatial	200	0.135	2	3	3	0	0.045	0	0.0450818758706731		
bgs	V1_c1	9	5	emmax_simes	group	200	1.6	6	3	3	0	0.533333333333333	0	0.0450818758706731		
bgs	V1_c1	9	5	emmax_simes	mvn	200	0.055	1	3	3	0	0.0183333333333333	0	0.0450818758706731		
bgs	V1_c1	9	5	emmax_simes	spatial	200	0.08	2	3	3	0	0.0266666666666667	0	0.0450818758706731		
bgs	V1_c1	9	6	emmax_consensus	group	200	1.22	5	1	1	0	1.22	0	0.038694499382952		
bgs	V1_c1	9	6	emmax_consensus	mvn	200	0.035	2	1	1	0	0.035	0	0.038694499382952		
bgs	V1_c1	9	6	emmax_consensus	spatial	200	1.06	5	1	1	0	1.06	0	0.038694499382952		
bgs	V1_c1	9	6	emmax_simes	group	200	1.08	4	1	1	0	1.08	0	0.038694499382952		
bgs	V1_c1	9	6	emmax_simes	mvn	200	0.025	1	1	1	0	0.025	0	0.038694499382952		
bgs	V1_c1	9	6	emmax_simes	spatial	200	0.87	5	1	1	0	0.87	0	0.038694499382952		
bgs	V1_c1	9	7	emmax_consensus	group	200	1.855	7	5	2	3	0.371	0.6	0.0524114606698138		
bgs	V1_c1	9	7	emmax_consensus	mvn	200	0.05	2	5	2	3	0.01	0.6	0.0524114606698138		
bgs	V1_c1	9	7	emmax_consensus	spatial	200	0.015	1	5	2	3	0.003	0.6	0.0524114606698138		
bgs	V1_c1	9	7	emmax_simes	group	200	1.795	8	5	2	3	0.359	0.6	0.0524114606698138		
bgs	V1_c1	9	7	emmax_simes	mvn	200	0.025	1	5	2	3	0.005	0.6	0.0524114606698138		
bgs	V1_c1	9	7	emmax_simes	spatial	200	0.075	3	5	2	3	0.015	0.6	0.0524114606698138		
bgs	V1_c1	9	8	emmax_consensus	group	200	0.3	4	0	0	0			0.0434729310577205		
bgs	V1_c1	9	8	emmax_consensus	mvn	200	0.04	1	0	0	0			0.0434729310577205		
bgs	V1_c1	9	8	emmax_consensus	spatial	200	0.14	2	0	0	0			0.0434729310577205		
bgs	V1_c1	9	8	emmax_simes	group	200	0.34	4	0	0	0			0.0434729310577205		
bgs	V1_c1	9	8	emmax_simes	mvn	200	0.03	1	0	0	0			0.0434729310577205		
bgs	V1_c1	9	8	emmax_simes	spatial	200	0.06	1	0	0	0			0.0434729310577205		
bgs	V1_c1	9	9	emmax_consensus	group	200	0.07	2	0	0	0			0.0522883822681056		
bgs	V1_c1	9	9	emmax_consensus	mvn	200	0.05	1	0	0	0			0.0522883822681056		
bgs	V1_c1	9	9	emmax_consensus	spatial	200	1.35	9	0	0	0			0.0522883822681056		
bgs	V1_c1	9	9	emmax_simes	group	200	0.06	2	0	0	0			0.0522883822681056		
bgs	V1_c1	9	9	emmax_simes	mvn	200	0.075	2	0	0	0			0.0522883822681056		
bgs	V1_c1	9	9	emmax_simes	spatial	200	1.17	7	0	0	0			0.0522883822681056		
bgs	V1_c1	9	10	emmax_consensus	group	200	1.975	7	3	1	2	0.658333333333333	0.666666666666667	0.0438002329030777		
bgs	V1_c1	9	10	emmax_consensus	mvn	200	0.055	2	3	1	2	0.0183333333333333	0.666666666666667	0.0438002329030777		
bgs	V1_c1	9	10	emmax_consensus	spatial	200	0.415	4	3	1	2	0.138333333333333	0.666666666666667	0.0438002329030777		
bgs	V1_c1	9	10	emmax_simes	group	200	2.13	7	3	1	2	0.71	0.666666666666667	0.0438002329030777		
bgs	V1_c1	9	10	emmax_simes	mvn	200	0.03	1	3	1	2	0.01	0.666666666666667	0.0438002329030777		
bgs	V1_c1	9	10	emmax_simes	spatial	200	0.24	3	3	1	2	0.08	0.666666666666667	0.0438002329030777		
bgs	V1_c1	10	1	emmax_consensus	group	200	0.23	4	1	0	1	0.23	1	0.0407237900655536		
bgs	V1_c1	10	1	emmax_consensus	mvn	200	0.05	2	1	0	1	0.05	1	0.0407237900655536		
bgs	V1_c1	10	1	emmax_consensus	spatial	200	0.01	1	1	0	1	0.01	1	0.0407237900655536		
bgs	V1_c1	10	1	emmax_simes	group	200	0.24	4	1	0	1	0.24	1	0.0407237900655536		
bgs	V1_c1	10	1	emmax_simes	mvn	200	0.05	2	1	0	1	0.05	1	0.0407237900655536		
bgs	V1_c1	10	1	emmax_simes	spatial	200	0	0	1	0	1	0	1	0.0407237900655536		
bgs	V1_c1	10	2	emmax_consensus	group	200	1.095	7	2	1	1	0.5475	0.5	0.043750786473208		
bgs	V1_c1	10	2	emmax_consensus	mvn	200	0.075	3	2	1	1	0.0375	0.5	0.043750786473208		
bgs	V1_c1	10	2	emmax_consensus	spatial	200	0.825	8	2	1	1	0.4125	0.5	0.043750786473208		
bgs	V1_c1	10	2	emmax_simes	group	200	0.73	4	0	0	0			0.043750786473208		
bgs	V1_c1	10	2	emmax_simes	mvn	200	0.055	2	0	0	0			0.043750786473208		
bgs	V1_c1	10	2	emmax_simes	spatial	200	0.51	6	0	0	0			0.043750786473208		
bgs	V1_c1	10	3	emmax_consensus	group	200	1.56	4	2	2	0	0.78	0	0.0494128445023645		
bgs	V1_c1	10	3	emmax_consensus	mvn	200	0.035	2	2	2	0	0.0175	0	0.0494128445023645		
bgs	V1_c1	10	3	emmax_consensus	spatial	200	0.63	5	2	2	0	0.315	0	0.0494128445023645		
bgs	V1_c1	10	3	emmax_simes	group	200	1.405	4	1	1	0	1.405	0	0.0494128445023645		
bgs	V1_c1	10	3	emmax_simes	mvn	200	0.05	2	1	1	0	0.05	0	0.0494128445023645		
bgs	V1_c1	10	3	emmax_simes	spatial	200	0.37	3	1	1	0	0.37	0	0.0494128445023645		
bgs	V1_c1	10	4	emmax_consensus	group	200	0.375	4	1	1	0	0.375	0	0.0422703833844342		
bgs	V1_c1	10	4	emmax_consensus	mvn	200	0.085	2	1	1	0	0.085	0	0.0422703833844342		
bgs	V1_c1	10	4	emmax_consensus	spatial	200	0.29	6	1	1	0	0.29	0	0.0422703833844342		
bgs	V1_c1	10	4	emmax_simes	group	200	0.365	4	1	1	0	0.365	0	0.0422703833844342		
bgs	V1_c1	10	4	emmax_simes	mvn	200	0.06	1	1	1	0	0.06	0	0.0422703833844342		
bgs	V1_c1	10	4	emmax_simes	spatial	200	0.215	6	1	1	0	0.215	0	0.0422703833844342		
bgs	V1_c1	10	5	emmax_consensus	group	200	0.72	4	1	1	0	0.72	0	0.0430515314510174		
bgs	V1_c1	10	5	emmax_consensus	mvn	200	0.075	2	1	1	0	0.075	0	0.0430515314510174		
bgs	V1_c1	10	5	emmax_consensus	spatial	200	0.62	4	1	1	0	0.62	0	0.0430515314510174		
bgs	V1_c1	10	5	emmax_simes	group	200	0.69	3	1	1	0	0.69	0	0.0430515314510174		
bgs	V1_c1	10	5	emmax_simes	mvn	200	0.065	3	1	1	0	0.065	0	0.0430515314510174		
bgs	V1_c1	10	5	emmax_simes	spatial	200	0.47	2	1	1	0	0.47	0	0.0430515314510174		
bgs	V1_c1	10	6	emmax_consensus	group	200	0.42	5	0	0	0			0.0408445330324945		
bgs	V1_c1	10	6	emmax_consensus	mvn	200	0.025	1	0	0	0			0.0408445330324945		
bgs	V1_c1	10	6	emmax_consensus	spatial	200	0	0	0	0	0			0.0408445330324945		
bgs	V1_c1	10	6	emmax_simes	group	200	0.75	5	1	1	0	0.75	0	0.0408445330324945		
bgs	V1_c1	10	6	emmax_simes	mvn	200	0.02	1	1	1	0	0.02	0	0.0408445330324945		
bgs	V1_c1	10	6	emmax_simes	spatial	200	0	0	1	1	0	0	0	0.0408445330324945		
bgs	V1_c1	10	7	emmax_consensus	group	200	1.34	4	1	1	0	1.34	0	0.049596659711916		
bgs	V1_c1	10	7	emmax_consensus	mvn	200	0.03	1	1	1	0	0.03	0	0.049596659711916		
bgs	V1_c1	10	7	emmax_consensus	spatial	200	0.3	4	1	1	0	0.3	0	0.049596659711916		
bgs	V1_c1	10	7	emmax_simes	group	200	1.14	3	1	1	0	1.14	0	0.049596659711916		
bgs	V1_c1	10	7	emmax_simes	mvn	200	0.06	2	1	1	0	0.06	0	0.049596659711916		
bgs	V1_c1	10	7	emmax_simes	spatial	200	0.28	4	1	1	0	0.28	0	0.049596659711916		
bgs	V1_c1	10	8	emmax_consensus	group	200	2.1	9	4	2	2	0.525	0.5	0.0407541886751438		
bgs	V1_c1	10	8	emmax_consensus	mvn	200	0.035	1	4	2	2	0.00875	0.5	0.0407541886751438		
bgs	V1_c1	10	8	emmax_consensus	spatial	200	0.215	3	4	2	2	0.05375	0.5	0.0407541886751438		
bgs	V1_c1	10	8	emmax_simes	group	200	2.17	8	6	3	3	0.361666666666667	0.5	0.0407541886751438		
bgs	V1_c1	10	8	emmax_simes	mvn	200	0.055	2	6	3	3	0.00916666666666667	0.5	0.0407541886751438		
bgs	V1_c1	10	8	emmax_simes	spatial	200	0.37	3	6	3	3	0.0616666666666667	0.5	0.0407541886751438		
bgs	V1_c1	10	9	emmax_consensus	group	200	0.455	3	1	1	0	0.455	0	0.0451417903428224		
bgs	V1_c1	10	9	emmax_consensus	mvn	200	0.04	2	1	1	0	0.04	0	0.0451417903428224		
bgs	V1_c1	10	9	emmax_consensus	spatial	200	0.405	4	1	1	0	0.405	0	0.0451417903428224		
bgs	V1_c1	10	9	emmax_simes	group	200	0.745	3	1	1	0	0.745	0	0.0451417903428224		
bgs	V1_c1	10	9	emmax_simes	mvn	200	0.045	2	1	1	0	0.045	0	0.0451417903428224		
bgs	V1_c1	10	9	emmax_simes	spatial	200	0.405	5	1	1	0	0.405	0	0.0451417903428224		
bgs	V1_c1	10	10	emmax_consensus	group	200	0.955	5	1	1	0	0.955	0	0.0421992949302964		
bgs	V1_c1	10	10	emmax_consensus	mvn	200	0.05	2	1	1	0	0.05	0	0.0421992949302964		
bgs	V1_c1	10	10	emmax_consensus	spatial	200	0.07	1	1	1	0	0.07	0	0.0421992949302964		
bgs	V1_c1	10	10	emmax_simes	group	200	0.88	5	1	1	0	0.88	0	0.0421992949302964		
bgs	V1_c1	10	10	emmax_simes	mvn	200	0.05	2	1	1	0	0.05	0	0.0421992949302964		
bgs	V1_c1	10	10	emmax_simes	spatial	200	0.12	1	1	1	0	0.12	0	0.0421992949302964		
bgs	V1_c1.5	2	1	emmax_consensus	group	200	0.335	9	0	0	0			0.293086996000575	1.45999611357257e-05	0.17026415592169
bgs	V1_c1.5	2	1	emmax_consensus	mvn	200	0.06	2	0	0	0			0.293086996000575	1.45999611357257e-05	0.17026415592169
bgs	V1_c1.5	2	1	emmax_consensus	spatial	200	5.705	50	0	0	0			0.293086996000575	1.45999611357257e-05	0.17026415592169
bgs	V1_c1.5	2	1	emmax_simes	group	200	0.65	8	1	1	0	0.65	0	0.293086996000575	1.45999611357257e-05	0.17026415592169
bgs	V1_c1.5	2	1	emmax_simes	mvn	200	0.045	2	1	1	0	0.045	0	0.293086996000575	1.45999611357257e-05	0.17026415592169
bgs	V1_c1.5	2	1	emmax_simes	spatial	200	3.875	35	1	1	0	3.875	0	0.293086996000575	1.45999611357257e-05	0.17026415592169
bgs	V1_c1.5	2	2	emmax_consensus	group	200	3.11	12	2	0	2	1.555	1	0.303484231612325	1.83534997491093e-05	0.178332054456142
bgs	V1_c1.5	2	2	emmax_consensus	mvn	200	0.04	2	2	0	2	0.02	1	0.303484231612325	1.83534997491093e-05	0.178332054456142
bgs	V1_c1.5	2	2	emmax_consensus	spatial	200	9.795	45	2	0	2	4.8975	1	0.303484231612325	1.83534997491093e-05	0.178332054456142
bgs	V1_c1.5	2	2	emmax_simes	group	200	3.15	12	2	0	2	1.575	1	0.303484231612325	1.83534997491093e-05	0.178332054456142
bgs	V1_c1.5	2	2	emmax_simes	mvn	200	0.035	2	2	0	2	0.0175	1	0.303484231612325	1.83534997491093e-05	0.178332054456142
bgs	V1_c1.5	2	2	emmax_simes	spatial	200	7.03	38	2	0	2	3.515	1	0.303484231612325	1.83534997491093e-05	0.178332054456142
bgs	V1_c1.5	2	3	emmax_consensus	group	200	0.54	4	2	0	2	0.27	1	0.294868227569636	9.5131614387529e-06	0.161034236591881
bgs	V1_c1.5	2	3	emmax_consensus	mvn	200	0.035	2	2	0	2	0.0175	1	0.294868227569636	9.5131614387529e-06	0.161034236591881
bgs	V1_c1.5	2	3	emmax_consensus	spatial	200	10.28	47	2	0	2	5.14	1	0.294868227569636	9.5131614387529e-06	0.161034236591881
bgs	V1_c1.5	2	3	emmax_simes	group	200	0.525	3	3	0	3	0.175	1	0.294868227569636	9.5131614387529e-06	0.161034236591881
bgs	V1_c1.5	2	3	emmax_simes	mvn	200	0.045	3	3	0	3	0.015	1	0.294868227569636	9.5131614387529e-06	0.161034236591881
bgs	V1_c1.5	2	3	emmax_simes	spatial	200	8.465	38	3	0	3	2.82166666666667	1	0.294868227569636	9.5131614387529e-06	0.161034236591881
bgs	V1_c1.5	2	4	emmax_consensus	group	200	0.08	2	0	0	0			0.317425290583921	1.16337765304341e-05	0.154973352484881
bgs	V1_c1.5	2	4	emmax_consensus	mvn	200	0.05	1	0	0	0			0.317425290583921	1.16337765304341e-05	0.154973352484881
bgs	V1_c1.5	2	4	emmax_consensus	spatial	200	9.125	54	0	0	0			0.317425290583921	1.16337765304341e-05	0.154973352484881
bgs	V1_c1.5	2	4	emmax_simes	group	200	0.075	2	0	0	0			0.317425290583921	1.16337765304341e-05	0.154973352484881
bgs	V1_c1.5	2	4	emmax_simes	mvn	200	0.05	2	0	0	0			0.317425290583921	1.16337765304341e-05	0.154973352484881
bgs	V1_c1.5	2	4	emmax_simes	spatial	200	7.335	46	0	0	0			0.317425290583921	1.16337765304341e-05	0.154973352484881
bgs	V1_c1.5	2	5	emmax_consensus	group	200	0.99	10	0	0	0			0.304383010460778	1.74181926914229e-05	0.190962873365833
bgs	V1_c1.5	2	5	emmax_consensus	mvn	200	0.065	1	0	0	0			0.304383010460778	1.74181926914229e-05	0.190962873365833
bgs	V1_c1.5	2	5	emmax_consensus	spatial	200	14.11	42	0	0	0			0.304383010460778	1.74181926914229e-05	0.190962873365833
bgs	V1_c1.5	2	5	emmax_simes	group	200	1.285	7	0	0	0			0.304383010460778	1.74181926914229e-05	0.190962873365833
bgs	V1_c1.5	2	5	emmax_simes	mvn	200	0.095	2	0	0	0			0.304383010460778	1.74181926914229e-05	0.190962873365833
bgs	V1_c1.5	2	5	emmax_simes	spatial	200	12.86	40	0	0	0			0.304383010460778	1.74181926914229e-05	0.190962873365833
bgs	V1_c1.5	2	6	emmax_consensus	group	200	3.475	12	0	0	0			0.337217447433917	2.02312568942042e-05	0.166314664933825
bgs	V1_c1.5	2	6	emmax_consensus	mvn	200	0.065	2	0	0	0			0.337217447433917	2.02312568942042e-05	0.166314664933825
bgs	V1_c1.5	2	6	emmax_consensus	spatial	200	12.845	50	0	0	0			0.337217447433917	2.02312568942042e-05	0.166314664933825
bgs	V1_c1.5	2	6	emmax_simes	group	200	3.565	13	1	0	1	3.565	1	0.337217447433917	2.02312568942042e-05	0.166314664933825
bgs	V1_c1.5	2	6	emmax_simes	mvn	200	0.055	2	1	0	1	0.055	1	0.337217447433917	2.02312568942042e-05	0.166314664933825
bgs	V1_c1.5	2	6	emmax_simes	spatial	200	10.49	52	1	0	1	10.49	1	0.337217447433917	2.02312568942042e-05	0.166314664933825
bgs	V1_c1.5	2	7	emmax_consensus	group	200	0.77	8	0	0	0			0.323706876149506	1.09390269236988e-05	0.17920492427766
bgs	V1_c1.5	2	7	emmax_consensus	mvn	200	0.05	1	0	0	0			0.323706876149506	1.09390269236988e-05	0.17920492427766
bgs	V1_c1.5	2	7	emmax_consensus	spatial	200	14.265	51	0	0	0			0.323706876149506	1.09390269236988e-05	0.17920492427766
bgs	V1_c1.5	2	7	emmax_simes	group	200	0.77	6	0	0	0			0.323706876149506	1.09390269236988e-05	0.17920492427766
bgs	V1_c1.5	2	7	emmax_simes	mvn	200	0.045	1	0	0	0			0.323706876149506	1.09390269236988e-05	0.17920492427766
bgs	V1_c1.5	2	7	emmax_simes	spatial	200	10.495	43	0	0	0			0.323706876149506	1.09390269236988e-05	0.17920492427766
bgs	V1_c1.5	2	8	emmax_consensus	group	200	1.285	8	3	0	3	0.428333333333333	1	0.29074677579642	1.36000189388437e-05	0.164703528047948
bgs	V1_c1.5	2	8	emmax_consensus	mvn	200	0.07	3	3	0	3	0.0233333333333333	1	0.29074677579642	1.36000189388437e-05	0.164703528047948
bgs	V1_c1.5	2	8	emmax_consensus	spatial	200	10.615	49	3	0	3	3.53833333333333	1	0.29074677579642	1.36000189388437e-05	0.164703528047948
bgs	V1_c1.5	2	8	emmax_simes	group	200	1.065	9	2	0	2	0.5325	1	0.29074677579642	1.36000189388437e-05	0.164703528047948
bgs	V1_c1.5	2	8	emmax_simes	mvn	200	0.055	2	2	0	2	0.0275	1	0.29074677579642	1.36000189388437e-05	0.164703528047948
bgs	V1_c1.5	2	8	emmax_simes	spatial	200	9.16	50	2	0	2	4.58	1	0.29074677579642	1.36000189388437e-05	0.164703528047948
bgs	V1_c1.5	2	9	emmax_consensus	group	200	0.365	5	0	0	0			0.315964328264026	1.37827150332323e-05	0.190915882800701
bgs	V1_c1.5	2	9	emmax_consensus	mvn	200	0.05	2	0	0	0			0.315964328264026	1.37827150332323e-05	0.190915882800701
bgs	V1_c1.5	2	9	emmax_consensus	spatial	200	10.41	48	0	0	0			0.315964328264026	1.37827150332323e-05	0.190915882800701
bgs	V1_c1.5	2	9	emmax_simes	group	200	0.43	5	0	0	0			0.315964328264026	1.37827150332323e-05	0.190915882800701
bgs	V1_c1.5	2	9	emmax_simes	mvn	200	0.05	2	0	0	0			0.315964328264026	1.37827150332323e-05	0.190915882800701
bgs	V1_c1.5	2	9	emmax_simes	spatial	200	8.07	42	0	0	0			0.315964328264026	1.37827150332323e-05	0.190915882800701
bgs	V1_c1.5	2	10	emmax_consensus	group	200	1.03	6	0	0	0			0.293932185260386	1.364019013774e-05	0.169274958794547
bgs	V1_c1.5	2	10	emmax_consensus	mvn	200	0.075	2	0	0	0			0.293932185260386	1.364019013774e-05	0.169274958794547
bgs	V1_c1.5	2	10	emmax_consensus	spatial	200	11.465	48	0	0	0			0.293932185260386	1.364019013774e-05	0.169274958794547
bgs	V1_c1.5	2	10	emmax_simes	group	200	0.42	4	0	0	0			0.293932185260386	1.364019013774e-05	0.169274958794547
bgs	V1_c1.5	2	10	emmax_simes	mvn	200	0.065	2	0	0	0			0.293932185260386	1.364019013774e-05	0.169274958794547
bgs	V1_c1.5	2	10	emmax_simes	spatial	200	8.485	43	0	0	0			0.293932185260386	1.364019013774e-05	0.169274958794547
bgs	V1_c1.5	4	1	emmax_consensus	group	200	0.185	4	0	0	0			0.279809165519752	2.92097422932504e-05	0.140102759680068
bgs	V1_c1.5	4	1	emmax_consensus	mvn	200	0.04	2	0	0	0			0.279809165519752	2.92097422932504e-05	0.140102759680068
bgs	V1_c1.5	4	1	emmax_consensus	spatial	200	5.87	40	0	0	0			0.279809165519752	2.92097422932504e-05	0.140102759680068
bgs	V1_c1.5	4	1	emmax_simes	group	200	0.245	4	0	0	0			0.279809165519752	2.92097422932504e-05	0.140102759680068
bgs	V1_c1.5	4	1	emmax_simes	mvn	200	0.045	1	0	0	0			0.279809165519752	2.92097422932504e-05	0.140102759680068
bgs	V1_c1.5	4	1	emmax_simes	spatial	200	4.94	33	0	0	0			0.279809165519752	2.92097422932504e-05	0.140102759680068
bgs	V1_c1.5	4	2	emmax_consensus	group	200	3.24	11	9	1	8	0.36	0.888888888888889	0.317011109777121	2.95796077708624e-05	0.135382946797543
bgs	V1_c1.5	4	2	emmax_consensus	mvn	200	0.05	2	9	1	8	0.00555555555555556	0.888888888888889	0.317011109777121	2.95796077708624e-05	0.135382946797543
bgs	V1_c1.5	4	2	emmax_consensus	spatial	200	12.475	54	9	1	8	1.38611111111111	0.888888888888889	0.317011109777121	2.95796077708624e-05	0.135382946797543
bgs	V1_c1.5	4	2	emmax_simes	group	200	3.245	12	5	1	4	0.649	0.8	0.317011109777121	2.95796077708624e-05	0.135382946797543
bgs	V1_c1.5	4	2	emmax_simes	mvn	200	0.045	1	5	1	4	0.009	0.8	0.317011109777121	2.95796077708624e-05	0.135382946797543
bgs	V1_c1.5	4	2	emmax_simes	spatial	200	10.37	55	5	1	4	2.074	0.8	0.317011109777121	2.95796077708624e-05	0.135382946797543
bgs	V1_c1.5	4	3	emmax_consensus	group	200	0.385	3	3	0	3	0.128333333333333	1	0.319920724140558	3.27648107751037e-05	0.140247004670277
bgs	V1_c1.5	4	3	emmax_consensus	mvn	200	0.05	2	3	0	3	0.0166666666666667	1	0.319920724140558	3.27648107751037e-05	0.140247004670277
bgs	V1_c1.5	4	3	emmax_consensus	spatial	200	10.945	53	3	0	3	3.64833333333333	1	0.319920724140558	3.27648107751037e-05	0.140247004670277
bgs	V1_c1.5	4	3	emmax_simes	group	200	0.255	3	0	0	0			0.319920724140558	3.27648107751037e-05	0.140247004670277
bgs	V1_c1.5	4	3	emmax_simes	mvn	200	0.055	2	0	0	0			0.319920724140558	3.27648107751037e-05	0.140247004670277
bgs	V1_c1.5	4	3	emmax_simes	spatial	200	9.35	47	0	0	0			0.319920724140558	3.27648107751037e-05	0.140247004670277
bgs	V1_c1.5	4	4	emmax_consensus	group	200	0.405	5	0	0	0			0.334369868646596	2.98616018528515e-05	0.122577805096469
bgs	V1_c1.5	4	4	emmax_consensus	mvn	200	0.06	2	0	0	0			0.334369868646596	2.98616018528515e-05	0.122577805096469
bgs	V1_c1.5	4	4	emmax_consensus	spatial	200	7.385	44	0	0	0			0.334369868646596	2.98616018528515e-05	0.122577805096469
bgs	V1_c1.5	4	4	emmax_simes	group	200	0.455	4	0	0	0			0.334369868646596	2.98616018528515e-05	0.122577805096469
bgs	V1_c1.5	4	4	emmax_simes	mvn	200	0.055	2	0	0	0			0.334369868646596	2.98616018528515e-05	0.122577805096469
bgs	V1_c1.5	4	4	emmax_simes	spatial	200	5.755	39	0	0	0			0.334369868646596	2.98616018528515e-05	0.122577805096469
bgs	V1_c1.5	4	5	emmax_consensus	group	200	0.995	7	2	0	2	0.4975	1	0.300302302345942	3.00377716679629e-05	0.135014880965995
bgs	V1_c1.5	4	5	emmax_consensus	mvn	200	0.055	2	2	0	2	0.0275	1	0.300302302345942	3.00377716679629e-05	0.135014880965995
bgs	V1_c1.5	4	5	emmax_consensus	spatial	200	13.07	44	2	0	2	6.535	1	0.300302302345942	3.00377716679629e-05	0.135014880965995
bgs	V1_c1.5	4	5	emmax_simes	group	200	1.15	8	1	0	1	1.15	1	0.300302302345942	3.00377716679629e-05	0.135014880965995
bgs	V1_c1.5	4	5	emmax_simes	mvn	200	0.04	2	1	0	1	0.04	1	0.300302302345942	3.00377716679629e-05	0.135014880965995
bgs	V1_c1.5	4	5	emmax_simes	spatial	200	10.785	38	1	0	1	10.785	1	0.300302302345942	3.00377716679629e-05	0.135014880965995
bgs	V1_c1.5	4	6	emmax_consensus	group	200	3.305	12	3	1	2	1.10166666666667	0.666666666666667	0.301966721824401	3.05229382549444e-05	0.141803320467256
bgs	V1_c1.5	4	6	emmax_consensus	mvn	200	0.05	1	3	1	2	0.0166666666666667	0.666666666666667	0.301966721824401	3.05229382549444e-05	0.141803320467256
bgs	V1_c1.5	4	6	emmax_consensus	spatial	200	11.635	50	3	1	2	3.87833333333333	0.666666666666667	0.301966721824401	3.05229382549444e-05	0.141803320467256
bgs	V1_c1.5	4	6	emmax_simes	group	200	4.17	11	5	1	4	0.834	0.8	0.301966721824401	3.05229382549444e-05	0.141803320467256
bgs	V1_c1.5	4	6	emmax_simes	mvn	200	0.04	1	5	1	4	0.008	0.8	0.301966721824401	3.05229382549444e-05	0.141803320467256
bgs	V1_c1.5	4	6	emmax_simes	spatial	200	9.245	45	5	1	4	1.849	0.8	0.301966721824401	3.05229382549444e-05	0.141803320467256
bgs	V1_c1.5	4	7	emmax_consensus	group	200	0.41	4	0	0	0			0.317358366296194	2.95297639523597e-05	0.142155733671954
bgs	V1_c1.5	4	7	emmax_consensus	mvn	200	0.1	3	0	0	0			0.317358366296194	2.95297639523597e-05	0.142155733671954
bgs	V1_c1.5	4	7	emmax_consensus	spatial	200	11.305	49	0	0	0			0.317358366296194	2.95297639523597e-05	0.142155733671954
bgs	V1_c1.5	4	7	emmax_simes	group	200	0.325	5	1	1	0	0.325	0	0.317358366296194	2.95297639523597e-05	0.142155733671954
bgs	V1_c1.5	4	7	emmax_simes	mvn	200	0.06	1	1	1	0	0.06	0	0.317358366296194	2.95297639523597e-05	0.142155733671954
bgs	V1_c1.5	4	7	emmax_simes	spatial	200	9.96	42	1	1	0	9.96	0	0.317358366296194	2.95297639523597e-05	0.142155733671954
bgs	V1_c1.5	4	8	emmax_consensus	group	200	3.075	11	5	1	4	0.615	0.8	0.317415948853717	3.06638139117394e-05	0.139438088688866
bgs	V1_c1.5	4	8	emmax_consensus	mvn	200	0.045	1	5	1	4	0.009	0.8	0.317415948853717	3.06638139117394e-05	0.139438088688866
bgs	V1_c1.5	4	8	emmax_consensus	spatial	200	7.565	40	5	1	4	1.513	0.8	0.317415948853717	3.06638139117394e-05	0.139438088688866
bgs	V1_c1.5	4	8	emmax_simes	group	200	2.375	10	5	1	4	0.475	0.8	0.317415948853717	3.06638139117394e-05	0.139438088688866
bgs	V1_c1.5	4	8	emmax_simes	mvn	200	0.06	2	5	1	4	0.012	0.8	0.317415948853717	3.06638139117394e-05	0.139438088688866
bgs	V1_c1.5	4	8	emmax_simes	spatial	200	6.62	33	5	1	4	1.324	0.8	0.317415948853717	3.06638139117394e-05	0.139438088688866
bgs	V1_c1.5	4	9	emmax_consensus	group	200	0.46	6	2	1	1	0.23	0.5	0.343381974501953	3.85084614416483e-05	0.143134039063665
bgs	V1_c1.5	4	9	emmax_consensus	mvn	200	0.03	1	2	1	1	0.015	0.5	0.343381974501953	3.85084614416483e-05	0.143134039063665
bgs	V1_c1.5	4	9	emmax_consensus	spatial	200	8.375	43	2	1	1	4.1875	0.5	0.343381974501953	3.85084614416483e-05	0.143134039063665
bgs	V1_c1.5	4	9	emmax_simes	group	200	0.385	6	0	0	0			0.343381974501953	3.85084614416483e-05	0.143134039063665
bgs	V1_c1.5	4	9	emmax_simes	mvn	200	0.03	1	0	0	0			0.343381974501953	3.85084614416483e-05	0.143134039063665
bgs	V1_c1.5	4	9	emmax_simes	spatial	200	7.465	37	0	0	0			0.343381974501953	3.85084614416483e-05	0.143134039063665
bgs	V1_c1.5	4	10	emmax_consensus	group	200	0.595	7	0	0	0			0.300337331877761	3.03982087887982e-05	0.166577015621604
bgs	V1_c1.5	4	10	emmax_consensus	mvn	200	0.04	2	0	0	0			0.300337331877761	3.03982087887982e-05	0.166577015621604
bgs	V1_c1.5	4	10	emmax_consensus	spatial	200	8.255	43	0	0	0			0.300337331877761	3.03982087887982e-05	0.166577015621604
bgs	V1_c1.5	4	10	emmax_simes	group	200	0.34	4	0	0	0			0.300337331877761	3.03982087887982e-05	0.166577015621604
bgs	V1_c1.5	4	10	emmax_simes	mvn	200	0.035	2	0	0	0			0.300337331877761	3.03982087887982e-05	0.166577015621604
bgs	V1_c1.5	4	10	emmax_simes	spatial	200	6.23	36	0	0	0			0.300337331877761	3.03982087887982e-05	0.166577015621604
bgs	V1_c1.5	6	1	emmax_consensus	group	200	0.385	4	0	0	0			0.29174599536484	1.93199398935593e-05	0.179588803567005
bgs	V1_c1.5	6	1	emmax_consensus	mvn	200	0.025	1	0	0	0			0.29174599536484	1.93199398935593e-05	0.179588803567005
bgs	V1_c1.5	6	1	emmax_consensus	spatial	200	6.275	35	0	0	0			0.29174599536484	1.93199398935593e-05	0.179588803567005
bgs	V1_c1.5	6	1	emmax_simes	group	200	0.255	4	0	0	0			0.29174599536484	1.93199398935593e-05	0.179588803567005
bgs	V1_c1.5	6	1	emmax_simes	mvn	200	0.05	3	0	0	0			0.29174599536484	1.93199398935593e-05	0.179588803567005
bgs	V1_c1.5	6	1	emmax_simes	spatial	200	5.02	32	0	0	0			0.29174599536484	1.93199398935593e-05	0.179588803567005
bgs	V1_c1.5	6	2	emmax_consensus	group	200	4.1	12	3	1	2	1.36666666666667	0.666666666666667	0.279698753129673	1.65115175875125e-05	0.206147756623355
bgs	V1_c1.5	6	2	emmax_consensus	mvn	200	0.065	3	3	1	2	0.0216666666666667	0.666666666666667	0.279698753129673	1.65115175875125e-05	0.206147756623355
bgs	V1_c1.5	6	2	emmax_consensus	spatial	200	12.025	49	3	1	2	4.00833333333333	0.666666666666667	0.279698753129673	1.65115175875125e-05	0.206147756623355
bgs	V1_c1.5	6	2	emmax_simes	group	200	4.455	18	4	1	3	1.11375	0.75	0.279698753129673	1.65115175875125e-05	0.206147756623355
bgs	V1_c1.5	6	2	emmax_simes	mvn	200	0.08	4	4	1	3	0.02	0.75	0.279698753129673	1.65115175875125e-05	0.206147756623355
bgs	V1_c1.5	6	2	emmax_simes	spatial	200	10.465	44	4	1	3	2.61625	0.75	0.279698753129673	1.65115175875125e-05	0.206147756623355
bgs	V1_c1.5	6	3	emmax_consensus	group	200	0.605	5	1	0	1	0.605	1	0.307011762072729	2.478555047798e-05	0.187720069398866
bgs	V1_c1.5	6	3	emmax_consensus	mvn	200	0.05	2	1	0	1	0.05	1	0.307011762072729	2.478555047798e-05	0.187720069398866
bgs	V1_c1.5	6	3	emmax_consensus	spatial	200	7.895	41	1	0	1	7.895	1	0.307011762072729	2.478555047798e-05	0.187720069398866
bgs	V1_c1.5	6	3	emmax_simes	group	200	0.18	2	0	0	0			0.307011762072729	2.478555047798e-05	0.187720069398866
bgs	V1_c1.5	6	3	emmax_simes	mvn	200	0.065	2	0	0	0			0.307011762072729	2.478555047798e-05	0.187720069398866
bgs	V1_c1.5	6	3	emmax_simes	spatial	200	6.5	39	0	0	0			0.307011762072729	2.478555047798e-05	0.187720069398866
bgs	V1_c1.5	6	4	emmax_consensus	group	200	0.08	2	0	0	0			0.2777119511216	2.32434102496963e-05	0.168857878593771
bgs	V1_c1.5	6	4	emmax_consensus	mvn	200	0.045	2	0	0	0			0.2777119511216	2.32434102496963e-05	0.168857878593771
bgs	V1_c1.5	6	4	emmax_consensus	spatial	200	6.085	37	0	0	0			0.2777119511216	2.32434102496963e-05	0.168857878593771
bgs	V1_c1.5	6	4	emmax_simes	group	200	0.08	2	0	0	0			0.2777119511216	2.32434102496963e-05	0.168857878593771
bgs	V1_c1.5	6	4	emmax_simes	mvn	200	0.03	3	0	0	0			0.2777119511216	2.32434102496963e-05	0.168857878593771
bgs	V1_c1.5	6	4	emmax_simes	spatial	200	5.365	34	0	0	0			0.2777119511216	2.32434102496963e-05	0.168857878593771
bgs	V1_c1.5	6	5	emmax_consensus	group	200	1.09	8	0	0	0			0.29601841515299	1.93295705274024e-05	0.183123186709588
bgs	V1_c1.5	6	5	emmax_consensus	mvn	200	0.045	2	0	0	0			0.29601841515299	1.93295705274024e-05	0.183123186709588
bgs	V1_c1.5	6	5	emmax_consensus	spatial	200	12.335	51	0	0	0			0.29601841515299	1.93295705274024e-05	0.183123186709588
bgs	V1_c1.5	6	5	emmax_simes	group	200	1.39	9	1	0	1	1.39	1	0.29601841515299	1.93295705274024e-05	0.183123186709588
bgs	V1_c1.5	6	5	emmax_simes	mvn	200	0.04	1	1	0	1	0.04	1	0.29601841515299	1.93295705274024e-05	0.183123186709588
bgs	V1_c1.5	6	5	emmax_simes	spatial	200	8.17	44	1	0	1	8.17	1	0.29601841515299	1.93295705274024e-05	0.183123186709588
bgs	V1_c1.5	6	6	emmax_consensus	group	200	6.28	19	6	1	5	1.04666666666667	0.833333333333333	0.304896894391527	1.99252279362875e-05	0.196546901991609
bgs	V1_c1.5	6	6	emmax_consensus	mvn	200	0.045	2	6	1	5	0.0075	0.833333333333333	0.304896894391527	1.99252279362875e-05	0.196546901991609
bgs	V1_c1.5	6	6	emmax_consensus	spatial	200	11.55	52	6	1	5	1.925	0.833333333333333	0.304896894391527	1.99252279362875e-05	0.196546901991609
bgs	V1_c1.5	6	6	emmax_simes	group	200	6.53	18	12	1	11	0.544166666666667	0.916666666666667	0.304896894391527	1.99252279362875e-05	0.196546901991609
bgs	V1_c1.5	6	6	emmax_simes	mvn	200	0.05	2	12	1	11	0.00416666666666667	0.916666666666667	0.304896894391527	1.99252279362875e-05	0.196546901991609
bgs	V1_c1.5	6	6	emmax_simes	spatial	200	8.99	53	12	1	11	0.749166666666667	0.916666666666667	0.304896894391527	1.99252279362875e-05	0.196546901991609
bgs	V1_c1.5	6	7	emmax_consensus	group	200	0.51	5	0	0	0			0.298373015068643	2.00760162125989e-05	0.18555635187051
bgs	V1_c1.5	6	7	emmax_consensus	mvn	200	0.06	3	0	0	0			0.298373015068643	2.00760162125989e-05	0.18555635187051
bgs	V1_c1.5	6	7	emmax_consensus	spatial	200	12.805	42	0	0	0			0.298373015068643	2.00760162125989e-05	0.18555635187051
bgs	V1_c1.5	6	7	emmax_simes	group	200	1.195	5	1	0	1	1.195	1	0.298373015068643	2.00760162125989e-05	0.18555635187051
bgs	V1_c1.5	6	7	emmax_simes	mvn	200	0.04	1	1	0	1	0.04	1	0.298373015068643	2.00760162125989e-05	0.18555635187051
bgs	V1_c1.5	6	7	emmax_simes	spatial	200	10.115	38	1	0	1	10.115	1	0.298373015068643	2.00760162125989e-05	0.18555635187051
bgs	V1_c1.5	6	8	emmax_consensus	group	200	1.73	8	9	1	8	0.192222222222222	0.888888888888889	0.299946029859843	3.12547790160448e-05	0.17920392929852
bgs	V1_c1.5	6	8	emmax_consensus	mvn	200	0.045	1	9	1	8	0.005	0.888888888888889	0.299946029859843	3.12547790160448e-05	0.17920392929852
bgs	V1_c1.5	6	8	emmax_consensus	spatial	200	14.02	48	9	1	8	1.55777777777778	0.888888888888889	0.299946029859843	3.12547790160448e-05	0.17920392929852
bgs	V1_c1.5	6	8	emmax_simes	group	200	1.705	9	14	1	13	0.121785714285714	0.928571428571429	0.299946029859843	3.12547790160448e-05	0.17920392929852
bgs	V1_c1.5	6	8	emmax_simes	mvn	200	0.05	2	14	1	13	0.00357142857142857	0.928571428571429	0.299946029859843	3.12547790160448e-05	0.17920392929852
bgs	V1_c1.5	6	8	emmax_simes	spatial	200	10.265	47	14	1	13	0.733214285714286	0.928571428571429	0.299946029859843	3.12547790160448e-05	0.17920392929852
bgs	V1_c1.5	6	9	emmax_consensus	group	200	0.345	5	0	0	0			0.297079518125844	2.67695760946196e-05	0.17486614046569
bgs	V1_c1.5	6	9	emmax_consensus	mvn	200	0.025	1	0	0	0			0.297079518125844	2.67695760946196e-05	0.17486614046569
bgs	V1_c1.5	6	9	emmax_consensus	spatial	200	11.145	47	0	0	0			0.297079518125844	2.67695760946196e-05	0.17486614046569
bgs	V1_c1.5	6	9	emmax_simes	group	200	0.36	4	0	0	0			0.297079518125844	2.67695760946196e-05	0.17486614046569
bgs	V1_c1.5	6	9	emmax_simes	mvn	200	0.035	2	0	0	0			0.297079518125844	2.67695760946196e-05	0.17486614046569
bgs	V1_c1.5	6	9	emmax_simes	spatial	200	9.295	42	0	0	0			0.297079518125844	2.67695760946196e-05	0.17486614046569
bgs	V1_c1.5	6	10	emmax_consensus	group	200	1.32	7	2	0	2	0.66	1	0.303853589934811	2.3676097615651e-05	0.184642515131573
bgs	V1_c1.5	6	10	emmax_consensus	mvn	200	0.055	2	2	0	2	0.0275	1	0.303853589934811	2.3676097615651e-05	0.184642515131573
bgs	V1_c1.5	6	10	emmax_consensus	spatial	200	6.965	37	2	0	2	3.4825	1	0.303853589934811	2.3676097615651e-05	0.184642515131573
bgs	V1_c1.5	6	10	emmax_simes	group	200	0.9	6	1	0	1	0.9	1	0.303853589934811	2.3676097615651e-05	0.184642515131573
bgs	V1_c1.5	6	10	emmax_simes	mvn	200	0.045	2	1	0	1	0.045	1	0.303853589934811	2.3676097615651e-05	0.184642515131573
bgs	V1_c1.5	6	10	emmax_simes	spatial	200	5.865	34	1	0	1	5.865	1	0.303853589934811	2.3676097615651e-05	0.184642515131573
bgs	V1_c1.5	8	1	emmax_consensus	group	200	0.68	6	0	0	0			0.324769497290494	2.78420917860794e-05	0.179743368063911
bgs	V1_c1.5	8	1	emmax_consensus	mvn	200	0.075	2	0	0	0			0.324769497290494	2.78420917860794e-05	0.179743368063911
bgs	V1_c1.5	8	1	emmax_consensus	spatial	200	10.04	54	0	0	0			0.324769497290494	2.78420917860794e-05	0.179743368063911
bgs	V1_c1.5	8	1	emmax_simes	group	200	0.395	4	1	0	1	0.395	1	0.324769497290494	2.78420917860794e-05	0.179743368063911
bgs	V1_c1.5	8	1	emmax_simes	mvn	200	0.04	2	1	0	1	0.04	1	0.324769497290494	2.78420917860794e-05	0.179743368063911
bgs	V1_c1.5	8	1	emmax_simes	spatial	200	7.22	38	1	0	1	7.22	1	0.324769497290494	2.78420917860794e-05	0.179743368063911
bgs	V1_c1.5	8	2	emmax_consensus	group	200	8.32	16	5	2	3	1.664	0.6	0.301321415061217	2.61477295334054e-05	0.16379412675085
bgs	V1_c1.5	8	2	emmax_consensus	mvn	200	0.085	2	5	2	3	0.017	0.6	0.301321415061217	2.61477295334054e-05	0.16379412675085
bgs	V1_c1.5	8	2	emmax_consensus	spatial	200	13.4	58	5	2	3	2.68	0.6	0.301321415061217	2.61477295334054e-05	0.16379412675085
bgs	V1_c1.5	8	2	emmax_simes	group	200	7.285	15	10	2	8	0.7285	0.8	0.301321415061217	2.61477295334054e-05	0.16379412675085
bgs	V1_c1.5	8	2	emmax_simes	mvn	200	0.06	2	10	2	8	0.006	0.8	0.301321415061217	2.61477295334054e-05	0.16379412675085
bgs	V1_c1.5	8	2	emmax_simes	spatial	200	10.87	60	10	2	8	1.087	0.8	0.301321415061217	2.61477295334054e-05	0.16379412675085
bgs	V1_c1.5	8	3	emmax_consensus	group	200	0.48	6	0	0	0			0.28872393746076	2.62101174140666e-05	0.167633784655061
bgs	V1_c1.5	8	3	emmax_consensus	mvn	200	0.075	3	0	0	0			0.28872393746076	2.62101174140666e-05	0.167633784655061
bgs	V1_c1.5	8	3	emmax_consensus	spatial	200	9.88	45	0	0	0			0.28872393746076	2.62101174140666e-05	0.167633784655061
bgs	V1_c1.5	8	3	emmax_simes	group	200	0.315	4	0	0	0			0.28872393746076	2.62101174140666e-05	0.167633784655061
bgs	V1_c1.5	8	3	emmax_simes	mvn	200	0.06	3	0	0	0			0.28872393746076	2.62101174140666e-05	0.167633784655061
bgs	V1_c1.5	8	3	emmax_simes	spatial	200	8.03	38	0	0	0			0.28872393746076	2.62101174140666e-05	0.167633784655061
bgs	V1_c1.5	8	4	emmax_consensus	group	200	0.22	5	0	0	0			0.275758650980769	3.24005280448064e-05	0.149605373885276
bgs	V1_c1.5	8	4	emmax_consensus	mvn	200	0.065	2	0	0	0			0.275758650980769	3.24005280448064e-05	0.149605373885276
bgs	V1_c1.5	8	4	emmax_consensus	spatial	200	7.275	44	0	0	0			0.275758650980769	3.24005280448064e-05	0.149605373885276
bgs	V1_c1.5	8	4	emmax_simes	group	200	0.095	2	0	0	0			0.275758650980769	3.24005280448064e-05	0.149605373885276
bgs	V1_c1.5	8	4	emmax_simes	mvn	200	0.05	2	0	0	0			0.275758650980769	3.24005280448064e-05	0.149605373885276
bgs	V1_c1.5	8	4	emmax_simes	spatial	200	5.4	41	0	0	0			0.275758650980769	3.24005280448064e-05	0.149605373885276
bgs	V1_c1.5	8	5	emmax_consensus	group	200	0.75	6	2	0	2	0.375	1	0.294654041772166	2.79050382215668e-05	0.162879911882478
bgs	V1_c1.5	8	5	emmax_consensus	mvn	200	0.07	2	2	0	2	0.035	1	0.294654041772166	2.79050382215668e-05	0.162879911882478
bgs	V1_c1.5	8	5	emmax_consensus	spatial	200	13.38	47	2	0	2	6.69	1	0.294654041772166	2.79050382215668e-05	0.162879911882478
bgs	V1_c1.5	8	5	emmax_simes	group	200	0.675	6	0	0	0			0.294654041772166	2.79050382215668e-05	0.162879911882478
bgs	V1_c1.5	8	5	emmax_simes	mvn	200	0.025	1	0	0	0			0.294654041772166	2.79050382215668e-05	0.162879911882478
bgs	V1_c1.5	8	5	emmax_simes	spatial	200	9.855	46	0	0	0			0.294654041772166	2.79050382215668e-05	0.162879911882478
bgs	V1_c1.5	8	6	emmax_consensus	group	200	6.17	22	3	0	3	2.05666666666667	1	0.285029144951605	1.40145810701446e-05	0.164304962397462
bgs	V1_c1.5	8	6	emmax_consensus	mvn	200	0.03	2	3	0	3	0.01	1	0.285029144951605	1.40145810701446e-05	0.164304962397462
bgs	V1_c1.5	8	6	emmax_consensus	spatial	200	12.37	46	3	0	3	4.12333333333333	1	0.285029144951605	1.40145810701446e-05	0.164304962397462
bgs	V1_c1.5	8	6	emmax_simes	group	200	7.12	18	2	0	2	3.56	1	0.285029144951605	1.40145810701446e-05	0.164304962397462
bgs	V1_c1.5	8	6	emmax_simes	mvn	200	0.045	2	2	0	2	0.0225	1	0.285029144951605	1.40145810701446e-05	0.164304962397462
bgs	V1_c1.5	8	6	emmax_simes	spatial	200	11.08	50	2	0	2	5.54	1	0.285029144951605	1.40145810701446e-05	0.164304962397462
bgs	V1_c1.5	8	7	emmax_consensus	group	200	2.345	9	4	1	3	0.58625	0.75	0.277150568363621	1.42870882228324e-05	0.174375682529941
bgs	V1_c1.5	8	7	emmax_consensus	mvn	200	0.07	2	4	1	3	0.0175	0.75	0.277150568363621	1.42870882228324e-05	0.174375682529941
bgs	V1_c1.5	8	7	emmax_consensus	spatial	200	11.165	50	4	1	3	2.79125	0.75	0.277150568363621	1.42870882228324e-05	0.174375682529941
bgs	V1_c1.5	8	7	emmax_simes	group	200	1.445	6	2	1	1	0.7225	0.5	0.277150568363621	1.42870882228324e-05	0.174375682529941
bgs	V1_c1.5	8	7	emmax_simes	mvn	200	0.05	1	2	1	1	0.025	0.5	0.277150568363621	1.42870882228324e-05	0.174375682529941
bgs	V1_c1.5	8	7	emmax_simes	spatial	200	9.03	41	2	1	1	4.515	0.5	0.277150568363621	1.42870882228324e-05	0.174375682529941
bgs	V1_c1.5	8	8	emmax_consensus	group	200	1.835	11	1	0	1	1.835	1	0.275392128775319	2.46763060271959e-05	0.148552753131711
bgs	V1_c1.5	8	8	emmax_consensus	mvn	200	0.055	1	1	0	1	0.055	1	0.275392128775319	2.46763060271959e-05	0.148552753131711
bgs	V1_c1.5	8	8	emmax_consensus	spatial	200	10.645	39	1	0	1	10.645	1	0.275392128775319	2.46763060271959e-05	0.148552753131711
bgs	V1_c1.5	8	8	emmax_simes	group	200	1.19	8	1	0	1	1.19	1	0.275392128775319	2.46763060271959e-05	0.148552753131711
bgs	V1_c1.5	8	8	emmax_simes	mvn	200	0.05	1	1	0	1	0.05	1	0.275392128775319	2.46763060271959e-05	0.148552753131711
bgs	V1_c1.5	8	8	emmax_simes	spatial	200	8.43	39	1	0	1	8.43	1	0.275392128775319	2.46763060271959e-05	0.148552753131711
bgs	V1_c1.5	8	9	emmax_consensus	group	200	0.225	4	0	0	0			0.293403643404266	2.76539362238872e-05	0.158664226984386
bgs	V1_c1.5	8	9	emmax_consensus	mvn	200	0.055	2	0	0	0			0.293403643404266	2.76539362238872e-05	0.158664226984386
bgs	V1_c1.5	8	9	emmax_consensus	spatial	200	7.98	49	0	0	0			0.293403643404266	2.76539362238872e-05	0.158664226984386
bgs	V1_c1.5	8	9	emmax_simes	group	200	0.28	4	0	0	0			0.293403643404266	2.76539362238872e-05	0.158664226984386
bgs	V1_c1.5	8	9	emmax_simes	mvn	200	0.04	1	0	0	0			0.293403643404266	2.76539362238872e-05	0.158664226984386
bgs	V1_c1.5	8	9	emmax_simes	spatial	200	5.845	38	0	0	0			0.293403643404266	2.76539362238872e-05	0.158664226984386
bgs	V1_c1.5	8	10	emmax_consensus	group	200	1.015	8	5	0	5	0.203	1	0.30234368584876	2.61701007070332e-05	0.167879513633014
bgs	V1_c1.5	8	10	emmax_consensus	mvn	200	0.075	2	5	0	5	0.015	1	0.30234368584876	2.61701007070332e-05	0.167879513633014
bgs	V1_c1.5	8	10	emmax_consensus	spatial	200	9.795	55	5	0	5	1.959	1	0.30234368584876	2.61701007070332e-05	0.167879513633014
bgs	V1_c1.5	8	10	emmax_simes	group	200	0.715	8	2	0	2	0.3575	1	0.30234368584876	2.61701007070332e-05	0.167879513633014
bgs	V1_c1.5	8	10	emmax_simes	mvn	200	0.055	2	2	0	2	0.0275	1	0.30234368584876	2.61701007070332e-05	0.167879513633014
bgs	V1_c1.5	8	10	emmax_simes	spatial	200	6.485	44	2	0	2	3.2425	1	0.30234368584876	2.61701007070332e-05	0.167879513633014
bgs	V1_c1.5	10	1	emmax_consensus	group	200	0.74	5	1	1	0	0.74	0	0.29613236109761	1.58601625639119e-05	0.163331138167443
bgs	V1_c1.5	10	1	emmax_consensus	mvn	200	0.045	2	1	1	0	0.045	0	0.29613236109761	1.58601625639119e-05	0.163331138167443
bgs	V1_c1.5	10	1	emmax_consensus	spatial	200	9.385	57	1	1	0	9.385	0	0.29613236109761	1.58601625639119e-05	0.163331138167443
bgs	V1_c1.5	10	1	emmax_simes	group	200	0.395	5	1	1	0	0.395	0	0.29613236109761	1.58601625639119e-05	0.163331138167443
bgs	V1_c1.5	10	1	emmax_simes	mvn	200	0.04	2	1	1	0	0.04	0	0.29613236109761	1.58601625639119e-05	0.163331138167443
bgs	V1_c1.5	10	1	emmax_simes	spatial	200	7.255	37	1	1	0	7.255	0	0.29613236109761	1.58601625639119e-05	0.163331138167443
bgs	V1_c1.5	10	2	emmax_consensus	group	200	3.475	16	7	0	7	0.496428571428571	1	0.287963698236898	1.16618943471972e-05	0.190564284572412
bgs	V1_c1.5	10	2	emmax_consensus	mvn	200	0.055	2	7	0	7	0.00785714285714286	1	0.287963698236898	1.16618943471972e-05	0.190564284572412
bgs	V1_c1.5	10	2	emmax_consensus	spatial	200	9.12	44	7	0	7	1.30285714285714	1	0.287963698236898	1.16618943471972e-05	0.190564284572412
bgs	V1_c1.5	10	2	emmax_simes	group	200	3.835	13	7	0	7	0.547857142857143	1	0.287963698236898	1.16618943471972e-05	0.190564284572412
bgs	V1_c1.5	10	2	emmax_simes	mvn	200	0.035	1	7	0	7	0.005	1	0.287963698236898	1.16618943471972e-05	0.190564284572412
bgs	V1_c1.5	10	2	emmax_simes	spatial	200	6.385	41	7	0	7	0.912142857142857	1	0.287963698236898	1.16618943471972e-05	0.190564284572412
bgs	V1_c1.5	10	3	emmax_consensus	group	200	0.775	5	7	1	6	0.110714285714286	0.857142857142857	0.281400700868312	1.09425207410001e-05	0.201604656262468
bgs	V1_c1.5	10	3	emmax_consensus	mvn	200	0.03	1	7	1	6	0.00428571428571429	0.857142857142857	0.281400700868312	1.09425207410001e-05	0.201604656262468
bgs	V1_c1.5	10	3	emmax_consensus	spatial	200	9.12	38	7	1	6	1.30285714285714	0.857142857142857	0.281400700868312	1.09425207410001e-05	0.201604656262468
bgs	V1_c1.5	10	3	emmax_simes	group	200	0.45	6	3	0	3	0.15	1	0.281400700868312	1.09425207410001e-05	0.201604656262468
bgs	V1_c1.5	10	3	emmax_simes	mvn	200	0.045	1	3	0	3	0.015	1	0.281400700868312	1.09425207410001e-05	0.201604656262468
bgs	V1_c1.5	10	3	emmax_simes	spatial	200	7.045	36	3	0	3	2.34833333333333	1	0.281400700868312	1.09425207410001e-05	0.201604656262468
bgs	V1_c1.5	10	4	emmax_consensus	group	200	0.12	3	0	0	0			0.28185472713952	1.17944510336893e-05	0.1917702634837
bgs	V1_c1.5	10	4	emmax_consensus	mvn	200	0.06	3	0	0	0			0.28185472713952	1.17944510336893e-05	0.1917702634837
bgs	V1_c1.5	10	4	emmax_consensus	spatial	200	9.34	44	0	0	0			0.28185472713952	1.17944510336893e-05	0.1917702634837
bgs	V1_c1.5	10	4	emmax_simes	group	200	0.08	2	0	0	0			0.28185472713952	1.17944510336893e-05	0.1917702634837
bgs	V1_c1.5	10	4	emmax_simes	mvn	200	0.045	3	0	0	0			0.28185472713952	1.17944510336893e-05	0.1917702634837
bgs	V1_c1.5	10	4	emmax_simes	spatial	200	6.695	40	0	0	0			0.28185472713952	1.17944510336893e-05	0.1917702634837
bgs	V1_c1.5	10	5	emmax_consensus	group	200	1.03	8	0	0	0			0.303556833470793	1.21421923485923e-05	0.172562553925798
bgs	V1_c1.5	10	5	emmax_consensus	mvn	200	0.045	2	0	0	0			0.303556833470793	1.21421923485923e-05	0.172562553925798
bgs	V1_c1.5	10	5	emmax_consensus	spatial	200	11.235	53	0	0	0			0.303556833470793	1.21421923485923e-05	0.172562553925798
bgs	V1_c1.5	10	5	emmax_simes	group	200	0.975	8	0	0	0			0.303556833470793	1.21421923485923e-05	0.172562553925798
bgs	V1_c1.5	10	5	emmax_simes	mvn	200	0.04	2	0	0	0			0.303556833470793	1.21421923485923e-05	0.172562553925798
bgs	V1_c1.5	10	5	emmax_simes	spatial	200	9.645	49	0	0	0			0.303556833470793	1.21421923485923e-05	0.172562553925798
bgs	V1_c1.5	10	6	emmax_consensus	group	200	4	17	1	0	1	4	1	0.292812759484736	1.34627212698663e-05	0.198396256630863
bgs	V1_c1.5	10	6	emmax_consensus	mvn	200	0.085	2	1	0	1	0.085	1	0.292812759484736	1.34627212698663e-05	0.198396256630863
bgs	V1_c1.5	10	6	emmax_consensus	spatial	200	10.875	50	1	0	1	10.875	1	0.292812759484736	1.34627212698663e-05	0.198396256630863
bgs	V1_c1.5	10	6	emmax_simes	group	200	4.55	18	4	0	4	1.1375	1	0.292812759484736	1.34627212698663e-05	0.198396256630863
bgs	V1_c1.5	10	6	emmax_simes	mvn	200	0.085	2	4	0	4	0.02125	1	0.292812759484736	1.34627212698663e-05	0.198396256630863
bgs	V1_c1.5	10	6	emmax_simes	spatial	200	8.745	47	4	0	4	2.18625	1	0.292812759484736	1.34627212698663e-05	0.198396256630863
bgs	V1_c1.5	10	7	emmax_consensus	group	200	0.65	6	0	0	0			0.317453780601855	1.01544077343681e-05	0.218414167799649
bgs	V1_c1.5	10	7	emmax_consensus	mvn	200	0.04	1	0	0	0			0.317453780601855	1.01544077343681e-05	0.218414167799649
bgs	V1_c1.5	10	7	emmax_consensus	spatial	200	13.515	48	0	0	0			0.317453780601855	1.01544077343681e-05	0.218414167799649
bgs	V1_c1.5	10	7	emmax_simes	group	200	0.42	6	0	0	0			0.317453780601855	1.01544077343681e-05	0.218414167799649
bgs	V1_c1.5	10	7	emmax_simes	mvn	200	0.055	1	0	0	0			0.317453780601855	1.01544077343681e-05	0.218414167799649
bgs	V1_c1.5	10	7	emmax_simes	spatial	200	9.66	43	0	0	0			0.317453780601855	1.01544077343681e-05	0.218414167799649
bgs	V1_c1.5	10	8	emmax_consensus	group	200	1.93	10	1	0	1	1.93	1	0.28762044123794	1.1608609275366e-05	0.193752554475779
bgs	V1_c1.5	10	8	emmax_consensus	mvn	200	0.065	3	1	0	1	0.065	1	0.28762044123794	1.1608609275366e-05	0.193752554475779
bgs	V1_c1.5	10	8	emmax_consensus	spatial	200	12.01	53	1	0	1	12.01	1	0.28762044123794	1.1608609275366e-05	0.193752554475779
bgs	V1_c1.5	10	8	emmax_simes	group	200	1.38	9	4	0	4	0.345	1	0.28762044123794	1.1608609275366e-05	0.193752554475779
bgs	V1_c1.5	10	8	emmax_simes	mvn	200	0.055	3	4	0	4	0.01375	1	0.28762044123794	1.1608609275366e-05	0.193752554475779
bgs	V1_c1.5	10	8	emmax_simes	spatial	200	9.485	54	4	0	4	2.37125	1	0.28762044123794	1.1608609275366e-05	0.193752554475779
bgs	V1_c1.5	10	9	emmax_consensus	group	200	0.395	5	0	0	0			0.29469489608802	1.37305361101154e-05	0.21037334958164
bgs	V1_c1.5	10	9	emmax_consensus	mvn	200	0.045	1	0	0	0			0.29469489608802	1.37305361101154e-05	0.21037334958164
bgs	V1_c1.5	10	9	emmax_consensus	spatial	200	11.35	45	0	0	0			0.29469489608802	1.37305361101154e-05	0.21037334958164
bgs	V1_c1.5	10	9	emmax_simes	group	200	0.425	5	1	0	1	0.425	1	0.29469489608802	1.37305361101154e-05	0.21037334958164
bgs	V1_c1.5	10	9	emmax_simes	mvn	200	0.05	1	1	0	1	0.05	1	0.29469489608802	1.37305361101154e-05	0.21037334958164
bgs	V1_c1.5	10	9	emmax_simes	spatial	200	8.45	40	1	0	1	8.45	1	0.29469489608802	1.37305361101154e-05	0.21037334958164
bgs	V1_c1.5	10	10	emmax_consensus	group	200	0.475	6	0	0	0			0.294332631817588	1.20912723292336e-05	0.195844618317376
bgs	V1_c1.5	10	10	emmax_consensus	mvn	200	0.065	3	0	0	0			0.294332631817588	1.20912723292336e-05	0.195844618317376
bgs	V1_c1.5	10	10	emmax_consensus	spatial	200	11.325	50	0	0	0			0.294332631817588	1.20912723292336e-05	0.195844618317376
bgs	V1_c1.5	10	10	emmax_simes	group	200	0.355	6	0	0	0			0.294332631817588	1.20912723292336e-05	0.195844618317376
bgs	V1_c1.5	10	10	emmax_simes	mvn	200	0.06	1	0	0	0			0.294332631817588	1.20912723292336e-05	0.195844618317376
bgs	V1_c1.5	10	10	emmax_simes	spatial	200	9.885	47	0	0	0			0.294332631817588	1.20912723292336e-05	0.195844618317376
bgs	V2_c1	1	1	emmax_consensus	group	200	0.05	1	0	0	0			0.0390258739596092	3.02674674189715e-05	0.0306301402866133
bgs	V2_c1	1	1	emmax_consensus	mvn	200	0.04	2	0	0	0			0.0390258739596092	3.02674674189715e-05	0.0306301402866133
bgs	V2_c1	1	1	emmax_consensus	spatial	200	0.2	3	0	0	0			0.0390258739596092	3.02674674189715e-05	0.0306301402866133
bgs	V2_c1	1	1	emmax_simes	group	200	0.055	2	0	0	0			0.0390258739596092	3.02674674189715e-05	0.0306301402866133
bgs	V2_c1	1	1	emmax_simes	mvn	200	0.075	2	0	0	0			0.0390258739596092	3.02674674189715e-05	0.0306301402866133
bgs	V2_c1	1	1	emmax_simes	spatial	200	0.17	4	0	0	0			0.0390258739596092	3.02674674189715e-05	0.0306301402866133
bgs	V2_c1	1	2	emmax_consensus	group	200	1.87	6	7	2	5	0.267142857142857	0.714285714285714	0.0470435344967146	3.40191202106668e-05	0.0297896508402965
bgs	V2_c1	1	2	emmax_consensus	mvn	200	0.05	1	7	2	5	0.00714285714285714	0.714285714285714	0.0470435344967146	3.40191202106668e-05	0.0297896508402965
bgs	V2_c1	1	2	emmax_consensus	spatial	200	0.505	5	7	2	5	0.0721428571428571	0.714285714285714	0.0470435344967146	3.40191202106668e-05	0.0297896508402965
bgs	V2_c1	1	2	emmax_simes	group	200	1.715	5	6	2	4	0.285833333333333	0.666666666666667	0.0470435344967146	3.40191202106668e-05	0.0297896508402965
bgs	V2_c1	1	2	emmax_simes	mvn	200	0.06	1	6	2	4	0.01	0.666666666666667	0.0470435344967146	3.40191202106668e-05	0.0297896508402965
bgs	V2_c1	1	2	emmax_simes	spatial	200	0.465	6	6	2	4	0.0775	0.666666666666667	0.0470435344967146	3.40191202106668e-05	0.0297896508402965
bgs	V2_c1	1	3	emmax_consensus	group	200	0.17	4	1	0	1	0.17	1	0.0394568441290755	3.07848716532852e-05	0.0293693099400272
bgs	V2_c1	1	3	emmax_consensus	mvn	200	0.075	2	1	0	1	0.075	1	0.0394568441290755	3.07848716532852e-05	0.0293693099400272
bgs	V2_c1	1	3	emmax_consensus	spatial	200	0.19	2	1	0	1	0.19	1	0.0394568441290755	3.07848716532852e-05	0.0293693099400272
bgs	V2_c1	1	3	emmax_simes	group	200	0.105	4	2	0	2	0.0525	1	0.0394568441290755	3.07848716532852e-05	0.0293693099400272
bgs	V2_c1	1	3	emmax_simes	mvn	200	0.045	1	2	0	2	0.0225	1	0.0394568441290755	3.07848716532852e-05	0.0293693099400272
bgs	V2_c1	1	3	emmax_simes	spatial	200	0.135	2	2	0	2	0.0675	1	0.0394568441290755	3.07848716532852e-05	0.0293693099400272
bgs	V2_c1	1	4	emmax_consensus	group	200	0.085	2	0	0	0			0.0425761073227701	3.01884680370216e-05	0.0297900935793063
bgs	V2_c1	1	4	emmax_consensus	mvn	200	0.05	2	0	0	0			0.0425761073227701	3.01884680370216e-05	0.0297900935793063
bgs	V2_c1	1	4	emmax_consensus	spatial	200	0.285	2	0	0	0			0.0425761073227701	3.01884680370216e-05	0.0297900935793063
bgs	V2_c1	1	4	emmax_simes	group	200	0.135	3	0	0	0			0.0425761073227701	3.01884680370216e-05	0.0297900935793063
bgs	V2_c1	1	4	emmax_simes	mvn	200	0.035	1	0	0	0			0.0425761073227701	3.01884680370216e-05	0.0297900935793063
bgs	V2_c1	1	4	emmax_simes	spatial	200	0.35	2	0	0	0			0.0425761073227701	3.01884680370216e-05	0.0297900935793063
bgs	V2_c1	1	5	emmax_consensus	group	200	0.08	2	0	0	0			0.0407546524882774	3.17517925839032e-05	0.0305378718400563
bgs	V2_c1	1	5	emmax_consensus	mvn	200	0.075	3	0	0	0			0.0407546524882774	3.17517925839032e-05	0.0305378718400563
bgs	V2_c1	1	5	emmax_consensus	spatial	200	0.265	4	0	0	0			0.0407546524882774	3.17517925839032e-05	0.0305378718400563
bgs	V2_c1	1	5	emmax_simes	group	200	0.03	1	0	0	0			0.0407546524882774	3.17517925839032e-05	0.0305378718400563
bgs	V2_c1	1	5	emmax_simes	mvn	200	0.06	2	0	0	0			0.0407546524882774	3.17517925839032e-05	0.0305378718400563
bgs	V2_c1	1	5	emmax_simes	spatial	200	0.165	4	0	0	0			0.0407546524882774	3.17517925839032e-05	0.0305378718400563
bgs	V2_c1	1	6	emmax_consensus	group	200	0.625	4	0	0	0			0.0489940693372805	3.04698273191431e-05	0.0293679247704695
bgs	V2_c1	1	6	emmax_consensus	mvn	200	0.05	1	0	0	0			0.0489940693372805	3.04698273191431e-05	0.0293679247704695
bgs	V2_c1	1	6	emmax_consensus	spatial	200	0.325	4	0	0	0			0.0489940693372805	3.04698273191431e-05	0.0293679247704695
bgs	V2_c1	1	6	emmax_simes	group	200	0.52	4	0	0	0			0.0489940693372805	3.04698273191431e-05	0.0293679247704695
bgs	V2_c1	1	6	emmax_simes	mvn	200	0.03	1	0	0	0			0.0489940693372805	3.04698273191431e-05	0.0293679247704695
bgs	V2_c1	1	6	emmax_simes	spatial	200	0.28	4	0	0	0			0.0489940693372805	3.04698273191431e-05	0.0293679247704695
bgs	V2_c1	1	7	emmax_consensus	group	200	0.94	4	1	1	0	0.94	0	0.0373982920988121	3.1058061961349e-05	0.0296021940261005
bgs	V2_c1	1	7	emmax_consensus	mvn	200	0.075	2	1	1	0	0.075	0	0.0373982920988121	3.1058061961349e-05	0.0296021940261005
bgs	V2_c1	1	7	emmax_consensus	spatial	200	0.265	2	1	1	0	0.265	0	0.0373982920988121	3.1058061961349e-05	0.0296021940261005
bgs	V2_c1	1	7	emmax_simes	group	200	1.395	4	2	1	1	0.6975	0.5	0.0373982920988121	3.1058061961349e-05	0.0296021940261005
bgs	V2_c1	1	7	emmax_simes	mvn	200	0.07	2	2	1	1	0.035	0.5	0.0373982920988121	3.1058061961349e-05	0.0296021940261005
bgs	V2_c1	1	7	emmax_simes	spatial	200	0.255	2	2	1	1	0.1275	0.5	0.0373982920988121	3.1058061961349e-05	0.0296021940261005
bgs	V2_c1	1	8	emmax_consensus	group	200	0.18	3	0	0	0			0.0417813400534908	2.98643440155904e-05	0.0294482467801001
bgs	V2_c1	1	8	emmax_consensus	mvn	200	0.04	2	0	0	0			0.0417813400534908	2.98643440155904e-05	0.0294482467801001
bgs	V2_c1	1	8	emmax_consensus	spatial	200	0.245	5	0	0	0			0.0417813400534908	2.98643440155904e-05	0.0294482467801001
bgs	V2_c1	1	8	emmax_simes	group	200	0.175	3	0	0	0			0.0417813400534908	2.98643440155904e-05	0.0294482467801001
bgs	V2_c1	1	8	emmax_simes	mvn	200	0.03	2	0	0	0			0.0417813400534908	2.98643440155904e-05	0.0294482467801001
bgs	V2_c1	1	8	emmax_simes	spatial	200	0.28	4	0	0	0			0.0417813400534908	2.98643440155904e-05	0.0294482467801001
bgs	V2_c1	1	9	emmax_consensus	group	200	0.105	2	0	0	0			0.0443353727221786	3.23837759680143e-05	0.0298470538177569
bgs	V2_c1	1	9	emmax_consensus	mvn	200	0.08	3	0	0	0			0.0443353727221786	3.23837759680143e-05	0.0298470538177569
bgs	V2_c1	1	9	emmax_consensus	spatial	200	0.265	4	0	0	0			0.0443353727221786	3.23837759680143e-05	0.0298470538177569
bgs	V2_c1	1	9	emmax_simes	group	200	0.125	2	0	0	0			0.0443353727221786	3.23837759680143e-05	0.0298470538177569
bgs	V2_c1	1	9	emmax_simes	mvn	200	0.06	2	0	0	0			0.0443353727221786	3.23837759680143e-05	0.0298470538177569
bgs	V2_c1	1	9	emmax_simes	spatial	200	0.295	4	0	0	0			0.0443353727221786	3.23837759680143e-05	0.0298470538177569
bgs	V2_c1	1	10	emmax_consensus	group	200	1.08	5	0	0	0			0.0429827359794148	2.95303290145596e-05	0.0300464114389495
bgs	V2_c1	1	10	emmax_consensus	mvn	200	0.05	1	0	0	0			0.0429827359794148	2.95303290145596e-05	0.0300464114389495
bgs	V2_c1	1	10	emmax_consensus	spatial	200	0.215	3	0	0	0			0.0429827359794148	2.95303290145596e-05	0.0300464114389495
bgs	V2_c1	1	10	emmax_simes	group	200	1.325	4	1	1	0	1.325	0	0.0429827359794148	2.95303290145596e-05	0.0300464114389495
bgs	V2_c1	1	10	emmax_simes	mvn	200	0.025	2	1	1	0	0.025	0	0.0429827359794148	2.95303290145596e-05	0.0300464114389495
bgs	V2_c1	1	10	emmax_simes	spatial	200	0.19	2	1	1	0	0.19	0	0.0429827359794148	2.95303290145596e-05	0.0300464114389495
bgs	V2_c1	3	1	emmax_consensus	group	200	0.265	6	0	0	0			0.0432177238580672	2.27957421859825e-05	0.0307759770775181
bgs	V2_c1	3	1	emmax_consensus	mvn	200	0.015	1	0	0	0			0.0432177238580672	2.27957421859825e-05	0.0307759770775181
bgs	V2_c1	3	1	emmax_consensus	spatial	200	0.205	6	0	0	0			0.0432177238580672	2.27957421859825e-05	0.0307759770775181
bgs	V2_c1	3	1	emmax_simes	group	200	0.16	4	0	0	0			0.0432177238580672	2.27957421859825e-05	0.0307759770775181
bgs	V2_c1	3	1	emmax_simes	mvn	200	0.02	1	0	0	0			0.0432177238580672	2.27957421859825e-05	0.0307759770775181
bgs	V2_c1	3	1	emmax_simes	spatial	200	0.185	5	0	0	0			0.0432177238580672	2.27957421859825e-05	0.0307759770775181
bgs	V2_c1	3	2	emmax_consensus	group	200	0.34	3	0	0	0			0.0460814955313932	2.2551981049275e-05	0.0310601457489005
bgs	V2_c1	3	2	emmax_consensus	mvn	200	0.035	1	0	0	0			0.0460814955313932	2.2551981049275e-05	0.0310601457489005
bgs	V2_c1	3	2	emmax_consensus	spatial	200	0.255	2	0	0	0			0.0460814955313932	2.2551981049275e-05	0.0310601457489005
bgs	V2_c1	3	2	emmax_simes	group	200	0.26	4	0	0	0			0.0460814955313932	2.2551981049275e-05	0.0310601457489005
bgs	V2_c1	3	2	emmax_simes	mvn	200	0.035	1	0	0	0			0.0460814955313932	2.2551981049275e-05	0.0310601457489005
bgs	V2_c1	3	2	emmax_simes	spatial	200	0.235	2	0	0	0			0.0460814955313932	2.2551981049275e-05	0.0310601457489005
bgs	V2_c1	3	3	emmax_consensus	group	200	1.23	4	1	1	0	1.23	0	0.0458037063395974	2.10589703734667e-05	0.030392037362129
bgs	V2_c1	3	3	emmax_consensus	mvn	200	0.03	1	1	1	0	0.03	0	0.0458037063395974	2.10589703734667e-05	0.030392037362129
bgs	V2_c1	3	3	emmax_consensus	spatial	200	0.18	3	1	1	0	0.18	0	0.0458037063395974	2.10589703734667e-05	0.030392037362129
bgs	V2_c1	3	3	emmax_simes	group	200	1.065	4	1	1	0	1.065	0	0.0458037063395974	2.10589703734667e-05	0.030392037362129
bgs	V2_c1	3	3	emmax_simes	mvn	200	0.02	1	1	1	0	0.02	0	0.0458037063395974	2.10589703734667e-05	0.030392037362129
bgs	V2_c1	3	3	emmax_simes	spatial	200	0.2	2	1	1	0	0.2	0	0.0458037063395974	2.10589703734667e-05	0.030392037362129
bgs	V2_c1	3	4	emmax_consensus	group	200	0.085	1	0	0	0			0.0333888978054338	2.04612134165666e-05	0.0316671680019579
bgs	V2_c1	3	4	emmax_consensus	mvn	200	0.045	1	0	0	0			0.0333888978054338	2.04612134165666e-05	0.0316671680019579
bgs	V2_c1	3	4	emmax_consensus	spatial	200	0.27	5	0	0	0			0.0333888978054338	2.04612134165666e-05	0.0316671680019579
bgs	V2_c1	3	4	emmax_simes	group	200	0.145	2	0	0	0			0.0333888978054338	2.04612134165666e-05	0.0316671680019579
bgs	V2_c1	3	4	emmax_simes	mvn	200	0.03	1	0	0	0			0.0333888978054338	2.04612134165666e-05	0.0316671680019579
bgs	V2_c1	3	4	emmax_simes	spatial	200	0.175	3	0	0	0			0.0333888978054338	2.04612134165666e-05	0.0316671680019579
bgs	V2_c1	3	5	emmax_consensus	group	200	0.015	1	0	0	0			0.0427247304040391	1.91177138127944e-05	0.0299037149717003
bgs	V2_c1	3	5	emmax_consensus	mvn	200	0.03	2	0	0	0			0.0427247304040391	1.91177138127944e-05	0.0299037149717003
bgs	V2_c1	3	5	emmax_consensus	spatial	200	0.395	7	0	0	0			0.0427247304040391	1.91177138127944e-05	0.0299037149717003
bgs	V2_c1	3	5	emmax_simes	group	200	0.03	2	1	0	1	0.03	1	0.0427247304040391	1.91177138127944e-05	0.0299037149717003
bgs	V2_c1	3	5	emmax_simes	mvn	200	0.035	2	1	0	1	0.035	1	0.0427247304040391	1.91177138127944e-05	0.0299037149717003
bgs	V2_c1	3	5	emmax_simes	spatial	200	0.375	8	1	0	1	0.375	1	0.0427247304040391	1.91177138127944e-05	0.0299037149717003
bgs	V2_c1	3	6	emmax_consensus	group	200	0.825	4	0	0	0			0.0422738784821859	2.37366496716876e-05	0.0321011673151751
bgs	V2_c1	3	6	emmax_consensus	mvn	200	0.06	2	0	0	0			0.0422738784821859	2.37366496716876e-05	0.0321011673151751
bgs	V2_c1	3	6	emmax_consensus	spatial	200	0.465	4	0	0	0			0.0422738784821859	2.37366496716876e-05	0.0321011673151751
bgs	V2_c1	3	6	emmax_simes	group	200	0.885	3	0	0	0			0.0422738784821859	2.37366496716876e-05	0.0321011673151751
bgs	V2_c1	3	6	emmax_simes	mvn	200	0.03	1	0	0	0			0.0422738784821859	2.37366496716876e-05	0.0321011673151751
bgs	V2_c1	3	6	emmax_simes	spatial	200	0.705	4	0	0	0			0.0422738784821859	2.37366496716876e-05	0.0321011673151751
bgs	V2_c1	3	7	emmax_consensus	group	200	0.105	3	1	0	1	0.105	1	0.0505157191379023	2.44237360697388e-05	0.0331548918015557
bgs	V2_c1	3	7	emmax_consensus	mvn	200	0.05	2	1	0	1	0.05	1	0.0505157191379023	2.44237360697388e-05	0.0331548918015557
bgs	V2_c1	3	7	emmax_consensus	spatial	200	0.36	2	1	0	1	0.36	1	0.0505157191379023	2.44237360697388e-05	0.0331548918015557
bgs	V2_c1	3	7	emmax_simes	group	200	0.16	2	1	0	1	0.16	1	0.0505157191379023	2.44237360697388e-05	0.0331548918015557
bgs	V2_c1	3	7	emmax_simes	mvn	200	0.055	2	1	0	1	0.055	1	0.0505157191379023	2.44237360697388e-05	0.0331548918015557
bgs	V2_c1	3	7	emmax_simes	spatial	200	0.275	2	1	0	1	0.275	1	0.0505157191379023	2.44237360697388e-05	0.0331548918015557
bgs	V2_c1	3	8	emmax_consensus	group	200	1.52	9	2	0	2	0.76	1	0.0473365543426318	2.09012547567982e-05	0.0356692299639208
bgs	V2_c1	3	8	emmax_consensus	mvn	200	0.035	1	2	0	2	0.0175	1	0.0473365543426318	2.09012547567982e-05	0.0356692299639208
bgs	V2_c1	3	8	emmax_consensus	spatial	200	0.275	5	2	0	2	0.1375	1	0.0473365543426318	2.09012547567982e-05	0.0356692299639208
bgs	V2_c1	3	8	emmax_simes	group	200	1.71	7	4	1	3	0.4275	0.75	0.0473365543426318	2.09012547567982e-05	0.0356692299639208
bgs	V2_c1	3	8	emmax_simes	mvn	200	0.05	1	4	1	3	0.0125	0.75	0.0473365543426318	2.09012547567982e-05	0.0356692299639208
bgs	V2_c1	3	8	emmax_simes	spatial	200	0.14	2	4	1	3	0.035	0.75	0.0473365543426318	2.09012547567982e-05	0.0356692299639208
bgs	V2_c1	3	9	emmax_consensus	group	200	0.285	3	0	0	0			0.0384217064946087	1.94863672474975e-05	0.0305419388896537
bgs	V2_c1	3	9	emmax_consensus	mvn	200	0.05	2	0	0	0			0.0384217064946087	1.94863672474975e-05	0.0305419388896537
bgs	V2_c1	3	9	emmax_consensus	spatial	200	0.235	3	0	0	0			0.0384217064946087	1.94863672474975e-05	0.0305419388896537
bgs	V2_c1	3	9	emmax_simes	group	200	0.205	3	0	0	0			0.0384217064946087	1.94863672474975e-05	0.0305419388896537
bgs	V2_c1	3	9	emmax_simes	mvn	200	0.04	2	0	0	0			0.0384217064946087	1.94863672474975e-05	0.0305419388896537
bgs	V2_c1	3	9	emmax_simes	spatial	200	0.385	5	0	0	0			0.0384217064946087	1.94863672474975e-05	0.0305419388896537
bgs	V2_c1	3	10	emmax_consensus	group	200	0.4	4	0	0	0			0.0476208226510544	2.27233655373952e-05	0.0324221006186697
bgs	V2_c1	3	10	emmax_consensus	mvn	200	0.08	2	0	0	0			0.0476208226510544	2.27233655373952e-05	0.0324221006186697
bgs	V2_c1	3	10	emmax_consensus	spatial	200	0.435	4	0	0	0			0.0476208226510544	2.27233655373952e-05	0.0324221006186697
bgs	V2_c1	3	10	emmax_simes	group	200	0.63	5	0	0	0			0.0476208226510544	2.27233655373952e-05	0.0324221006186697
bgs	V2_c1	3	10	emmax_simes	mvn	200	0.075	1	0	0	0			0.0476208226510544	2.27233655373952e-05	0.0324221006186697
bgs	V2_c1	3	10	emmax_simes	spatial	200	0.41	3	0	0	0			0.0476208226510544	2.27233655373952e-05	0.0324221006186697
bgs	V2_c1	4	1	emmax_consensus	group	200	0.165	4	0	0	0			0.0428841100501509	3.83846420876854e-05	0.0306858557944227
bgs	V2_c1	4	1	emmax_consensus	mvn	200	0.035	2	0	0	0			0.0428841100501509	3.83846420876854e-05	0.0306858557944227
bgs	V2_c1	4	1	emmax_consensus	spatial	200	0.54	5	0	0	0			0.0428841100501509	3.83846420876854e-05	0.0306858557944227
bgs	V2_c1	4	1	emmax_simes	group	200	0.115	3	0	0	0			0.0428841100501509	3.83846420876854e-05	0.0306858557944227
bgs	V2_c1	4	1	emmax_simes	mvn	200	0.035	1	0	0	0			0.0428841100501509	3.83846420876854e-05	0.0306858557944227
bgs	V2_c1	4	1	emmax_simes	spatial	200	0.555	6	0	0	0			0.0428841100501509	3.83846420876854e-05	0.0306858557944227
bgs	V2_c1	4	2	emmax_consensus	group	200	0.11	2	0	0	0			0.0468049571549883	3.48789147944764e-05	0.0307984735535143
bgs	V2_c1	4	2	emmax_consensus	mvn	200	0.055	1	0	0	0			0.0468049571549883	3.48789147944764e-05	0.0307984735535143
bgs	V2_c1	4	2	emmax_consensus	spatial	200	0.37	3	0	0	0			0.0468049571549883	3.48789147944764e-05	0.0307984735535143
bgs	V2_c1	4	2	emmax_simes	group	200	0.14	3	0	0	0			0.0468049571549883	3.48789147944764e-05	0.0307984735535143
bgs	V2_c1	4	2	emmax_simes	mvn	200	0.055	1	0	0	0			0.0468049571549883	3.48789147944764e-05	0.0307984735535143
bgs	V2_c1	4	2	emmax_simes	spatial	200	0.32	3	0	0	0			0.0468049571549883	3.48789147944764e-05	0.0307984735535143
bgs	V2_c1	4	3	emmax_consensus	group	200	2.34	7	1	1	0	2.34	0	0.0466359826742192	3.96659390163301e-05	0.0317264446850398
bgs	V2_c1	4	3	emmax_consensus	mvn	200	0.06	1	1	1	0	0.06	0	0.0466359826742192	3.96659390163301e-05	0.0317264446850398
bgs	V2_c1	4	3	emmax_consensus	spatial	200	0.68	4	1	1	0	0.68	0	0.0466359826742192	3.96659390163301e-05	0.0317264446850398
bgs	V2_c1	4	3	emmax_simes	group	200	2.13	6	1	1	0	2.13	0	0.0466359826742192	3.96659390163301e-05	0.0317264446850398
bgs	V2_c1	4	3	emmax_simes	mvn	200	0.035	1	1	1	0	0.035	0	0.0466359826742192	3.96659390163301e-05	0.0317264446850398
bgs	V2_c1	4	3	emmax_simes	spatial	200	0.69	6	1	1	0	0.69	0	0.0466359826742192	3.96659390163301e-05	0.0317264446850398
bgs	V2_c1	4	4	emmax_consensus	group	200	0.16	2	0	0	0			0.0471254216441928	3.99100560153822e-05	0.0302821590414074
bgs	V2_c1	4	4	emmax_consensus	mvn	200	0.04	1	0	0	0			0.0471254216441928	3.99100560153822e-05	0.0302821590414074
bgs	V2_c1	4	4	emmax_consensus	spatial	200	0.105	1	0	0	0			0.0471254216441928	3.99100560153822e-05	0.0302821590414074
bgs	V2_c1	4	4	emmax_simes	group	200	0.15	3	0	0	0			0.0471254216441928	3.99100560153822e-05	0.0302821590414074
bgs	V2_c1	4	4	emmax_simes	mvn	200	0.035	1	0	0	0			0.0471254216441928	3.99100560153822e-05	0.0302821590414074
bgs	V2_c1	4	4	emmax_simes	spatial	200	0.095	2	0	0	0			0.0471254216441928	3.99100560153822e-05	0.0302821590414074
bgs	V2_c1	4	5	emmax_consensus	group	200	0.23	5	0	0	0			0.038912429135001	3.44610730876698e-05	0.0310399346342914
bgs	V2_c1	4	5	emmax_consensus	mvn	200	0.035	1	0	0	0			0.038912429135001	3.44610730876698e-05	0.0310399346342914
bgs	V2_c1	4	5	emmax_consensus	spatial	200	0.785	5	0	0	0			0.038912429135001	3.44610730876698e-05	0.0310399346342914
bgs	V2_c1	4	5	emmax_simes	group	200	0.205	4	0	0	0			0.038912429135001	3.44610730876698e-05	0.0310399346342914
bgs	V2_c1	4	5	emmax_simes	mvn	200	0.025	1	0	0	0			0.038912429135001	3.44610730876698e-05	0.0310399346342914
bgs	V2_c1	4	5	emmax_simes	spatial	200	0.72	4	0	0	0			0.038912429135001	3.44610730876698e-05	0.0310399346342914
bgs	V2_c1	4	6	emmax_consensus	group	200	1.36	7	0	0	0			0.0461854735805485	3.66941780107715e-05	0.0308638916740953
bgs	V2_c1	4	6	emmax_consensus	mvn	200	0.06	2	0	0	0			0.0461854735805485	3.66941780107715e-05	0.0308638916740953
bgs	V2_c1	4	6	emmax_consensus	spatial	200	0.13	3	0	0	0			0.0461854735805485	3.66941780107715e-05	0.0308638916740953
bgs	V2_c1	4	6	emmax_simes	group	200	1.615	6	1	1	0	1.615	0	0.0461854735805485	3.66941780107715e-05	0.0308638916740953
bgs	V2_c1	4	6	emmax_simes	mvn	200	0.07	3	1	1	0	0.07	0	0.0461854735805485	3.66941780107715e-05	0.0308638916740953
bgs	V2_c1	4	6	emmax_simes	spatial	200	0.075	2	1	1	0	0.075	0	0.0461854735805485	3.66941780107715e-05	0.0308638916740953
bgs	V2_c1	4	7	emmax_consensus	group	200	0.215	2	0	0	0			0.0427968833247117	3.99751561206809e-05	0.0297536592073095
bgs	V2_c1	4	7	emmax_consensus	mvn	200	0.07	3	0	0	0			0.0427968833247117	3.99751561206809e-05	0.0297536592073095
bgs	V2_c1	4	7	emmax_consensus	spatial	200	0.2	2	0	0	0			0.0427968833247117	3.99751561206809e-05	0.0297536592073095
bgs	V2_c1	4	7	emmax_simes	group	200	0.19	1	0	0	0			0.0427968833247117	3.99751561206809e-05	0.0297536592073095
bgs	V2_c1	4	7	emmax_simes	mvn	200	0.07	3	0	0	0			0.0427968833247117	3.99751561206809e-05	0.0297536592073095
bgs	V2_c1	4	7	emmax_simes	spatial	200	0.33	2	0	0	0			0.0427968833247117	3.99751561206809e-05	0.0297536592073095
bgs	V2_c1	4	8	emmax_consensus	group	200	0.22	3	0	0	0			0.0479454354388239	3.94128094379467e-05	0.0301771682725573
bgs	V2_c1	4	8	emmax_consensus	mvn	200	0.065	1	0	0	0			0.0479454354388239	3.94128094379467e-05	0.0301771682725573
bgs	V2_c1	4	8	emmax_consensus	spatial	200	0.49	4	0	0	0			0.0479454354388239	3.94128094379467e-05	0.0301771682725573
bgs	V2_c1	4	8	emmax_simes	group	200	0.2	4	0	0	0			0.0479454354388239	3.94128094379467e-05	0.0301771682725573
bgs	V2_c1	4	8	emmax_simes	mvn	200	0.065	2	0	0	0			0.0479454354388239	3.94128094379467e-05	0.0301771682725573
bgs	V2_c1	4	8	emmax_simes	spatial	200	0.265	3	0	0	0			0.0479454354388239	3.94128094379467e-05	0.0301771682725573
bgs	V2_c1	4	9	emmax_consensus	group	200	0.465	2	1	0	1	0.465	1	0.0473321276742874	3.76461668698796e-05	0.0300712194406114
bgs	V2_c1	4	9	emmax_consensus	mvn	200	0.04	2	1	0	1	0.04	1	0.0473321276742874	3.76461668698796e-05	0.0300712194406114
bgs	V2_c1	4	9	emmax_consensus	spatial	200	0.185	3	1	0	1	0.185	1	0.0473321276742874	3.76461668698796e-05	0.0300712194406114
bgs	V2_c1	4	9	emmax_simes	group	200	0.325	2	0	0	0			0.0473321276742874	3.76461668698796e-05	0.0300712194406114
bgs	V2_c1	4	9	emmax_simes	mvn	200	0.025	1	0	0	0			0.0473321276742874	3.76461668698796e-05	0.0300712194406114
bgs	V2_c1	4	9	emmax_simes	spatial	200	0.135	3	0	0	0			0.0473321276742874	3.76461668698796e-05	0.0300712194406114
bgs	V2_c1	4	10	emmax_consensus	group	200	1.27	6	1	0	1	1.27	1	0.0627113473511421	3.64679870185633e-05	0.0293028239149602
bgs	V2_c1	4	10	emmax_consensus	mvn	200	0.045	2	1	0	1	0.045	1	0.0627113473511421	3.64679870185633e-05	0.0293028239149602
bgs	V2_c1	4	10	emmax_consensus	spatial	200	0.3	4	1	0	1	0.3	1	0.0627113473511421	3.64679870185633e-05	0.0293028239149602
bgs	V2_c1	4	10	emmax_simes	group	200	0.93	5	2	0	2	0.465	1	0.0627113473511421	3.64679870185633e-05	0.0293028239149602
bgs	V2_c1	4	10	emmax_simes	mvn	200	0.06	2	2	0	2	0.03	1	0.0627113473511421	3.64679870185633e-05	0.0293028239149602
bgs	V2_c1	4	10	emmax_simes	spatial	200	0.31	3	2	0	2	0.155	1	0.0627113473511421	3.64679870185633e-05	0.0293028239149602
bgs	V2_c1	5	1	emmax_consensus	group	200	0.145	3	0	0	0			0.0451651300113729	2.37675718476314e-05	0.0324318633621996
bgs	V2_c1	5	1	emmax_consensus	mvn	200	0.055	2	0	0	0			0.0451651300113729	2.37675718476314e-05	0.0324318633621996
bgs	V2_c1	5	1	emmax_consensus	spatial	200	0.11	2	0	0	0			0.0451651300113729	2.37675718476314e-05	0.0324318633621996
bgs	V2_c1	5	1	emmax_simes	group	200	0.085	2	0	0	0			0.0451651300113729	2.37675718476314e-05	0.0324318633621996
bgs	V2_c1	5	1	emmax_simes	mvn	200	0.045	2	0	0	0			0.0451651300113729	2.37675718476314e-05	0.0324318633621996
bgs	V2_c1	5	1	emmax_simes	spatial	200	0.09	3	0	0	0			0.0451651300113729	2.37675718476314e-05	0.0324318633621996
bgs	V2_c1	5	2	emmax_consensus	group	200	1.685	7	1	1	0	1.685	0	0.0396641651466458	2.24009581316969e-05	0.032985068414136
bgs	V2_c1	5	2	emmax_consensus	mvn	200	0.03	1	1	1	0	0.03	0	0.0396641651466458	2.24009581316969e-05	0.032985068414136
bgs	V2_c1	5	2	emmax_consensus	spatial	200	0.11	2	1	1	0	0.11	0	0.0396641651466458	2.24009581316969e-05	0.032985068414136
bgs	V2_c1	5	2	emmax_simes	group	200	1.16	6	2	1	1	0.58	0.5	0.0396641651466458	2.24009581316969e-05	0.032985068414136
bgs	V2_c1	5	2	emmax_simes	mvn	200	0.045	1	2	1	1	0.0225	0.5	0.0396641651466458	2.24009581316969e-05	0.032985068414136
bgs	V2_c1	5	2	emmax_simes	spatial	200	0.21	2	2	1	1	0.105	0.5	0.0396641651466458	2.24009581316969e-05	0.032985068414136
bgs	V2_c1	5	3	emmax_consensus	group	200	1.45	4	2	1	1	0.725	0.5	0.0429045131677613	1.9465134364556e-05	0.0353009270231963
bgs	V2_c1	5	3	emmax_consensus	mvn	200	0.045	1	2	1	1	0.0225	0.5	0.0429045131677613	1.9465134364556e-05	0.0353009270231963
bgs	V2_c1	5	3	emmax_consensus	spatial	200	0.16	3	2	1	1	0.08	0.5	0.0429045131677613	1.9465134364556e-05	0.0353009270231963
bgs	V2_c1	5	3	emmax_simes	group	200	1.36	4	2	1	1	0.68	0.5	0.0429045131677613	1.9465134364556e-05	0.0353009270231963
bgs	V2_c1	5	3	emmax_simes	mvn	200	0.05	1	2	1	1	0.025	0.5	0.0429045131677613	1.9465134364556e-05	0.0353009270231963
bgs	V2_c1	5	3	emmax_simes	spatial	200	0.175	3	2	1	1	0.0875	0.5	0.0429045131677613	1.9465134364556e-05	0.0353009270231963
bgs	V2_c1	5	4	emmax_consensus	group	200	0.51	3	1	1	0	0.51	0	0.0422965168026593	1.71007468702253e-05	0.0352795729672388
bgs	V2_c1	5	4	emmax_consensus	mvn	200	0.07	2	1	1	0	0.07	0	0.0422965168026593	1.71007468702253e-05	0.0352795729672388
bgs	V2_c1	5	4	emmax_consensus	spatial	200	0.175	4	1	1	0	0.175	0	0.0422965168026593	1.71007468702253e-05	0.0352795729672388
bgs	V2_c1	5	4	emmax_simes	group	200	0.435	2	1	1	0	0.435	0	0.0422965168026593	1.71007468702253e-05	0.0352795729672388
bgs	V2_c1	5	4	emmax_simes	mvn	200	0.06	1	1	1	0	0.06	0	0.0422965168026593	1.71007468702253e-05	0.0352795729672388
bgs	V2_c1	5	4	emmax_simes	spatial	200	0.26	5	1	1	0	0.26	0	0.0422965168026593	1.71007468702253e-05	0.0352795729672388
bgs	V2_c1	5	5	emmax_consensus	group	200	0.1	2	0	0	0			0.0489488017854211	1.54676463719095e-05	0.0336385892663519
bgs	V2_c1	5	5	emmax_consensus	mvn	200	0.055	2	0	0	0			0.0489488017854211	1.54676463719095e-05	0.0336385892663519
bgs	V2_c1	5	5	emmax_consensus	spatial	200	0.385	3	0	0	0			0.0489488017854211	1.54676463719095e-05	0.0336385892663519
bgs	V2_c1	5	5	emmax_simes	group	200	0.065	2	0	0	0			0.0489488017854211	1.54676463719095e-05	0.0336385892663519
bgs	V2_c1	5	5	emmax_simes	mvn	200	0.04	2	0	0	0			0.0489488017854211	1.54676463719095e-05	0.0336385892663519
bgs	V2_c1	5	5	emmax_simes	spatial	200	0.47	3	0	0	0			0.0489488017854211	1.54676463719095e-05	0.0336385892663519
bgs	V2_c1	5	6	emmax_consensus	group	200	0.13	3	0	0	0			0.0464137132933085	2.54145856531252e-05	0.0327740997757748
bgs	V2_c1	5	6	emmax_consensus	mvn	200	0.05	1	0	0	0			0.0464137132933085	2.54145856531252e-05	0.0327740997757748
bgs	V2_c1	5	6	emmax_consensus	spatial	200	0.705	8	0	0	0			0.0464137132933085	2.54145856531252e-05	0.0327740997757748
bgs	V2_c1	5	6	emmax_simes	group	200	0.085	2	0	0	0			0.0464137132933085	2.54145856531252e-05	0.0327740997757748
bgs	V2_c1	5	6	emmax_simes	mvn	200	0.03	1	0	0	0			0.0464137132933085	2.54145856531252e-05	0.0327740997757748
bgs	V2_c1	5	6	emmax_simes	spatial	200	0.465	8	0	0	0			0.0464137132933085	2.54145856531252e-05	0.0327740997757748
bgs	V2_c1	5	7	emmax_consensus	group	200	0.535	3	1	0	1	0.535	1	0.0383913391338003	2.21028836808166e-05	0.0320767996578907
bgs	V2_c1	5	7	emmax_consensus	mvn	200	0.06	2	1	0	1	0.06	1	0.0383913391338003	2.21028836808166e-05	0.0320767996578907
bgs	V2_c1	5	7	emmax_consensus	spatial	200	0.135	2	1	0	1	0.135	1	0.0383913391338003	2.21028836808166e-05	0.0320767996578907
bgs	V2_c1	5	7	emmax_simes	group	200	0.195	3	0	0	0			0.0383913391338003	2.21028836808166e-05	0.0320767996578907
bgs	V2_c1	5	7	emmax_simes	mvn	200	0.055	1	0	0	0			0.0383913391338003	2.21028836808166e-05	0.0320767996578907
bgs	V2_c1	5	7	emmax_simes	spatial	200	0.095	1	0	0	0			0.0383913391338003	2.21028836808166e-05	0.0320767996578907
bgs	V2_c1	5	8	emmax_consensus	group	200	1.545	5	1	1	0	1.545	0	0.0426235891630377	1.6505898071844e-05	0.0304493487635692
bgs	V2_c1	5	8	emmax_consensus	mvn	200	0.09	2	1	1	0	0.09	0	0.0426235891630377	1.6505898071844e-05	0.0304493487635692
bgs	V2_c1	5	8	emmax_consensus	spatial	200	0.695	5	1	1	0	0.695	0	0.0426235891630377	1.6505898071844e-05	0.0304493487635692
bgs	V2_c1	5	8	emmax_simes	group	200	1.5	5	1	1	0	1.5	0	0.0426235891630377	1.6505898071844e-05	0.0304493487635692
bgs	V2_c1	5	8	emmax_simes	mvn	200	0.08	2	1	1	0	0.08	0	0.0426235891630377	1.6505898071844e-05	0.0304493487635692
bgs	V2_c1	5	8	emmax_simes	spatial	200	0.445	6	1	1	0	0.445	0	0.0426235891630377	1.6505898071844e-05	0.0304493487635692
bgs	V2_c1	5	9	emmax_consensus	group	200	0.035	1	0	0	0			0.0465510242069432	1.73531636215032e-05	0.0326524616553104
bgs	V2_c1	5	9	emmax_consensus	mvn	200	0.055	1	0	0	0			0.0465510242069432	1.73531636215032e-05	0.0326524616553104
bgs	V2_c1	5	9	emmax_consensus	spatial	200	0.115	3	0	0	0			0.0465510242069432	1.73531636215032e-05	0.0326524616553104
bgs	V2_c1	5	9	emmax_simes	group	200	0.02	1	0	0	0			0.0465510242069432	1.73531636215032e-05	0.0326524616553104
bgs	V2_c1	5	9	emmax_simes	mvn	200	0.03	2	0	0	0			0.0465510242069432	1.73531636215032e-05	0.0326524616553104
bgs	V2_c1	5	9	emmax_simes	spatial	200	0.07	3	0	0	0			0.0465510242069432	1.73531636215032e-05	0.0326524616553104
bgs	V2_c1	5	10	emmax_consensus	group	200	0.4	3	0	0	0			0.0442691788279779	2.13902112628544e-05	0.0313965587585579
bgs	V2_c1	5	10	emmax_consensus	mvn	200	0.08	2	0	0	0			0.0442691788279779	2.13902112628544e-05	0.0313965587585579
bgs	V2_c1	5	10	emmax_consensus	spatial	200	0.53	3	0	0	0			0.0442691788279779	2.13902112628544e-05	0.0313965587585579
bgs	V2_c1	5	10	emmax_simes	group	200	0.395	4	0	0	0			0.0442691788279779	2.13902112628544e-05	0.0313965587585579
bgs	V2_c1	5	10	emmax_simes	mvn	200	0.06	3	0	0	0			0.0442691788279779	2.13902112628544e-05	0.0313965587585579
bgs	V2_c1	5	10	emmax_simes	spatial	200	0.44	3	0	0	0			0.0442691788279779	2.13902112628544e-05	0.0313965587585579
bgs	V2_c1	6	1	emmax_consensus	group	200	0.365	4	3	2	1	0.121666666666667	0.333333333333333	0.0369546380881726	2.31664146069382e-05	0.0331876389877831
bgs	V2_c1	6	1	emmax_consensus	mvn	200	0.055	3	3	2	1	0.0183333333333333	0.333333333333333	0.0369546380881726	2.31664146069382e-05	0.0331876389877831
bgs	V2_c1	6	1	emmax_consensus	spatial	200	0.24	6	3	2	1	0.08	0.333333333333333	0.0369546380881726	2.31664146069382e-05	0.0331876389877831
bgs	V2_c1	6	1	emmax_simes	group	200	0.255	4	2	2	0	0.1275	0	0.0369546380881726	2.31664146069382e-05	0.0331876389877831
bgs	V2_c1	6	1	emmax_simes	mvn	200	0.08	2	2	2	0	0.04	0	0.0369546380881726	2.31664146069382e-05	0.0331876389877831
bgs	V2_c1	6	1	emmax_simes	spatial	200	0.15	3	2	2	0	0.075	0	0.0369546380881726	2.31664146069382e-05	0.0331876389877831
bgs	V2_c1	6	2	emmax_consensus	group	200	0.125	3	0	0	0			0.0437849137622922	2.51386631512599e-05	0.0325218632202372
bgs	V2_c1	6	2	emmax_consensus	mvn	200	0.05	1	0	0	0			0.0437849137622922	2.51386631512599e-05	0.0325218632202372
bgs	V2_c1	6	2	emmax_consensus	spatial	200	0.78	3	0	0	0			0.0437849137622922	2.51386631512599e-05	0.0325218632202372
bgs	V2_c1	6	2	emmax_simes	group	200	0.085	3	0	0	0			0.0437849137622922	2.51386631512599e-05	0.0325218632202372
bgs	V2_c1	6	2	emmax_simes	mvn	200	0.045	1	0	0	0			0.0437849137622922	2.51386631512599e-05	0.0325218632202372
bgs	V2_c1	6	2	emmax_simes	spatial	200	0.615	3	0	0	0			0.0437849137622922	2.51386631512599e-05	0.0325218632202372
bgs	V2_c1	6	3	emmax_consensus	group	200	1.24	7	0	0	0			0.036509358750628	2.24749954651135e-05	0.0299464707114054
bgs	V2_c1	6	3	emmax_consensus	mvn	200	0.05	1	0	0	0			0.036509358750628	2.24749954651135e-05	0.0299464707114054
bgs	V2_c1	6	3	emmax_consensus	spatial	200	0.015	2	0	0	0			0.036509358750628	2.24749954651135e-05	0.0299464707114054
bgs	V2_c1	6	3	emmax_simes	group	200	1.245	6	0	0	0			0.036509358750628	2.24749954651135e-05	0.0299464707114054
bgs	V2_c1	6	3	emmax_simes	mvn	200	0.05	1	0	0	0			0.036509358750628	2.24749954651135e-05	0.0299464707114054
bgs	V2_c1	6	3	emmax_simes	spatial	200	0.005	1	0	0	0			0.036509358750628	2.24749954651135e-05	0.0299464707114054
bgs	V2_c1	6	4	emmax_consensus	group	200	0.21	3	0	0	0			0.0406277730070204	2.37455395554854e-05	0.0303980241284317
bgs	V2_c1	6	4	emmax_consensus	mvn	200	0.075	2	0	0	0			0.0406277730070204	2.37455395554854e-05	0.0303980241284317
bgs	V2_c1	6	4	emmax_consensus	spatial	200	0.465	4	0	0	0			0.0406277730070204	2.37455395554854e-05	0.0303980241284317
bgs	V2_c1	6	4	emmax_simes	group	200	0.36	3	0	0	0			0.0406277730070204	2.37455395554854e-05	0.0303980241284317
bgs	V2_c1	6	4	emmax_simes	mvn	200	0.065	2	0	0	0			0.0406277730070204	2.37455395554854e-05	0.0303980241284317
bgs	V2_c1	6	4	emmax_simes	spatial	200	0.245	5	0	0	0			0.0406277730070204	2.37455395554854e-05	0.0303980241284317
bgs	V2_c1	6	5	emmax_consensus	group	200	0.155	4	0	0	0			0.0462379708475039	2.44423656264255e-05	0.0326164831668287
bgs	V2_c1	6	5	emmax_consensus	mvn	200	0.04	1	0	0	0			0.0462379708475039	2.44423656264255e-05	0.0326164831668287
bgs	V2_c1	6	5	emmax_consensus	spatial	200	0.32	4	0	0	0			0.0462379708475039	2.44423656264255e-05	0.0326164831668287
bgs	V2_c1	6	5	emmax_simes	group	200	0.465	3	1	1	0	0.465	0	0.0462379708475039	2.44423656264255e-05	0.0326164831668287
bgs	V2_c1	6	5	emmax_simes	mvn	200	0.055	2	1	1	0	0.055	0	0.0462379708475039	2.44423656264255e-05	0.0326164831668287
bgs	V2_c1	6	5	emmax_simes	spatial	200	0.305	4	1	1	0	0.305	0	0.0462379708475039	2.44423656264255e-05	0.0326164831668287
bgs	V2_c1	6	6	emmax_consensus	group	200	1.05	5	1	0	1	1.05	1	0.0406961664341298	2.18691427768235e-05	0.0314346626339225
bgs	V2_c1	6	6	emmax_consensus	mvn	200	0.07	2	1	0	1	0.07	1	0.0406961664341298	2.18691427768235e-05	0.0314346626339225
bgs	V2_c1	6	6	emmax_consensus	spatial	200	0.105	4	1	0	1	0.105	1	0.0406961664341298	2.18691427768235e-05	0.0314346626339225
bgs	V2_c1	6	6	emmax_simes	group	200	0.945	5	1	0	1	0.945	1	0.0406961664341298	2.18691427768235e-05	0.0314346626339225
bgs	V2_c1	6	6	emmax_simes	mvn	200	0.05	2	1	0	1	0.05	1	0.0406961664341298	2.18691427768235e-05	0.0314346626339225
bgs	V2_c1	6	6	emmax_simes	spatial	200	0.095	3	1	0	1	0.095	1	0.0406961664341298	2.18691427768235e-05	0.0314346626339225
bgs	V2_c1	6	7	emmax_consensus	group	200	0.01	1	0	0	0			0.0432023583347068	2.092105647571e-05	0.0300130326670522
bgs	V2_c1	6	7	emmax_consensus	mvn	200	0.045	2	0	0	0			0.0432023583347068	2.092105647571e-05	0.0300130326670522
bgs	V2_c1	6	7	emmax_consensus	spatial	200	0.22	3	0	0	0			0.0432023583347068	2.092105647571e-05	0.0300130326670522
bgs	V2_c1	6	7	emmax_simes	group	200	0.01	1	0	0	0			0.0432023583347068	2.092105647571e-05	0.0300130326670522
bgs	V2_c1	6	7	emmax_simes	mvn	200	0.05	2	0	0	0			0.0432023583347068	2.092105647571e-05	0.0300130326670522
bgs	V2_c1	6	7	emmax_simes	spatial	200	0.255	4	0	0	0			0.0432023583347068	2.092105647571e-05	0.0300130326670522
bgs	V2_c1	6	8	emmax_consensus	group	200	0.47	4	1	0	1	0.47	1	0.0436049608489161	2.28776875620602e-05	0.031069176887193
bgs	V2_c1	6	8	emmax_consensus	mvn	200	0.055	1	1	0	1	0.055	1	0.0436049608489161	2.28776875620602e-05	0.031069176887193
bgs	V2_c1	6	8	emmax_consensus	spatial	200	0.36	5	1	0	1	0.36	1	0.0436049608489161	2.28776875620602e-05	0.031069176887193
bgs	V2_c1	6	8	emmax_simes	group	200	0.56	6	1	0	1	0.56	1	0.0436049608489161	2.28776875620602e-05	0.031069176887193
bgs	V2_c1	6	8	emmax_simes	mvn	200	0.035	1	1	0	1	0.035	1	0.0436049608489161	2.28776875620602e-05	0.031069176887193
bgs	V2_c1	6	8	emmax_simes	spatial	200	0.205	3	1	0	1	0.205	1	0.0436049608489161	2.28776875620602e-05	0.031069176887193
bgs	V2_c1	6	9	emmax_consensus	group	200	0.11	3	0	0	0			0.0428352751965963	2.44321965462918e-05	0.0291150277534533
bgs	V2_c1	6	9	emmax_consensus	mvn	200	0.03	2	0	0	0			0.0428352751965963	2.44321965462918e-05	0.0291150277534533
bgs	V2_c1	6	9	emmax_consensus	spatial	200	0.56	6	0	0	0			0.0428352751965963	2.44321965462918e-05	0.0291150277534533
bgs	V2_c1	6	9	emmax_simes	group	200	0.09	2	0	0	0			0.0428352751965963	2.44321965462918e-05	0.0291150277534533
bgs	V2_c1	6	9	emmax_simes	mvn	200	0.045	1	0	0	0			0.0428352751965963	2.44321965462918e-05	0.0291150277534533
bgs	V2_c1	6	9	emmax_simes	spatial	200	0.505	9	0	0	0			0.0428352751965963	2.44321965462918e-05	0.0291150277534533
bgs	V2_c1	6	10	emmax_consensus	group	200	0.765	5	3	1	2	0.255	0.666666666666667	0.0421036127080548	2.23014933744948e-05	0.0307226057598902
bgs	V2_c1	6	10	emmax_consensus	mvn	200	0.045	2	3	1	2	0.015	0.666666666666667	0.0421036127080548	2.23014933744948e-05	0.0307226057598902
bgs	V2_c1	6	10	emmax_consensus	spatial	200	0.29	4	3	1	2	0.0966666666666667	0.666666666666667	0.0421036127080548	2.23014933744948e-05	0.0307226057598902
bgs	V2_c1	6	10	emmax_simes	group	200	0.47	5	0	0	0			0.0421036127080548	2.23014933744948e-05	0.0307226057598902
bgs	V2_c1	6	10	emmax_simes	mvn	200	0.04	1	0	0	0			0.0421036127080548	2.23014933744948e-05	0.0307226057598902
bgs	V2_c1	6	10	emmax_simes	spatial	200	0.25	4	0	0	0			0.0421036127080548	2.23014933744948e-05	0.0307226057598902
bgs	V2_c1.5	1	1	emmax_consensus	group	200	0.305	4	2	0	2	0.1525	1	0.289021528089586		
bgs	V2_c1.5	1	1	emmax_consensus	mvn	200	0.065	3	2	0	2	0.0325	1	0.289021528089586		
bgs	V2_c1.5	1	1	emmax_consensus	spatial	200	8.615	52	2	0	2	4.3075	1	0.289021528089586		
bgs	V2_c1.5	1	1	emmax_simes	group	200	0.325	4	1	0	1	0.325	1	0.289021528089586		
bgs	V2_c1.5	1	1	emmax_simes	mvn	200	0.055	2	1	0	1	0.055	1	0.289021528089586		
bgs	V2_c1.5	1	1	emmax_simes	spatial	200	6.5	37	1	0	1	6.5	1	0.289021528089586		
bgs	V2_c1.5	1	2	emmax_consensus	group	200	3.34	9	9	0	9	0.371111111111111	1	0.284489571385954		
bgs	V2_c1.5	1	2	emmax_consensus	mvn	200	0.07	2	9	0	9	0.00777777777777778	1	0.284489571385954		
bgs	V2_c1.5	1	2	emmax_consensus	spatial	200	9.725	51	9	0	9	1.08055555555556	1	0.284489571385954		
bgs	V2_c1.5	1	2	emmax_simes	group	200	2.73	14	0	0	0			0.284489571385954		
bgs	V2_c1.5	1	2	emmax_simes	mvn	200	0.035	2	0	0	0			0.284489571385954		
bgs	V2_c1.5	1	2	emmax_simes	spatial	200	6.47	50	0	0	0			0.284489571385954		
bgs	V2_c1.5	1	3	emmax_consensus	group	200	1.87	7	2	0	2	0.935	1	0.276009917754945		
bgs	V2_c1.5	1	3	emmax_consensus	mvn	200	0.04	2	2	0	2	0.02	1	0.276009917754945		
bgs	V2_c1.5	1	3	emmax_consensus	spatial	200	12.265	45	2	0	2	6.1325	1	0.276009917754945		
bgs	V2_c1.5	1	3	emmax_simes	group	200	1.63	7	1	0	1	1.63	1	0.276009917754945		
bgs	V2_c1.5	1	3	emmax_simes	mvn	200	0.05	2	1	0	1	0.05	1	0.276009917754945		
bgs	V2_c1.5	1	3	emmax_simes	spatial	200	8.68	41	1	0	1	8.68	1	0.276009917754945		
bgs	V2_c1.5	1	4	emmax_consensus	group	200	0.11	4	3	0	3	0.0366666666666667	1	0.267770274883105		
bgs	V2_c1.5	1	4	emmax_consensus	mvn	200	0.075	3	3	0	3	0.025	1	0.267770274883105		
bgs	V2_c1.5	1	4	emmax_consensus	spatial	200	6.42	41	3	0	3	2.14	1	0.267770274883105		
bgs	V2_c1.5	1	4	emmax_simes	group	200	0.075	1	2	0	2	0.0375	1	0.267770274883105		
bgs	V2_c1.5	1	4	emmax_simes	mvn	200	0.055	2	2	0	2	0.0275	1	0.267770274883105		
bgs	V2_c1.5	1	4	emmax_simes	spatial	200	5.055	36	2	0	2	2.5275	1	0.267770274883105		
bgs	V2_c1.5	1	5	emmax_consensus	group	200	0.945	9	4	0	4	0.23625	1	0.275989866251746		
bgs	V2_c1.5	1	5	emmax_consensus	mvn	200	0.105	2	4	0	4	0.02625	1	0.275989866251746		
bgs	V2_c1.5	1	5	emmax_consensus	spatial	200	9.76	51	4	0	4	2.44	1	0.275989866251746		
bgs	V2_c1.5	1	5	emmax_simes	group	200	0.965	7	0	0	0			0.275989866251746		
bgs	V2_c1.5	1	5	emmax_simes	mvn	200	0.085	2	0	0	0			0.275989866251746		
bgs	V2_c1.5	1	5	emmax_simes	spatial	200	7	48	0	0	0			0.275989866251746		
bgs	V2_c1.5	1	6	emmax_consensus	group	200	5.2	15	9	1	8	0.577777777777778	0.888888888888889	0.30729375897937		
bgs	V2_c1.5	1	6	emmax_consensus	mvn	200	0.055	2	9	1	8	0.00611111111111111	0.888888888888889	0.30729375897937		
bgs	V2_c1.5	1	6	emmax_consensus	spatial	200	11.55	46	9	1	8	1.28333333333333	0.888888888888889	0.30729375897937		
bgs	V2_c1.5	1	6	emmax_simes	group	200	5.815	15	8	1	7	0.726875	0.875	0.30729375897937		
bgs	V2_c1.5	1	6	emmax_simes	mvn	200	0.05	2	8	1	7	0.00625	0.875	0.30729375897937		
bgs	V2_c1.5	1	6	emmax_simes	spatial	200	8.57	43	8	1	7	1.07125	0.875	0.30729375897937		
bgs	V2_c1.5	1	7	emmax_consensus	group	200	0.395	5	4	0	4	0.09875	1	0.292483462797441		
bgs	V2_c1.5	1	7	emmax_consensus	mvn	200	0.05	1	4	0	4	0.0125	1	0.292483462797441		
bgs	V2_c1.5	1	7	emmax_consensus	spatial	200	13.445	49	4	0	4	3.36125	1	0.292483462797441		
bgs	V2_c1.5	1	7	emmax_simes	group	200	0.32	4	3	0	3	0.106666666666667	1	0.292483462797441		
bgs	V2_c1.5	1	7	emmax_simes	mvn	200	0.06	1	3	0	3	0.02	1	0.292483462797441		
bgs	V2_c1.5	1	7	emmax_simes	spatial	200	9.54	42	3	0	3	3.18	1	0.292483462797441		
bgs	V2_c1.5	1	8	emmax_consensus	group	200	2.15	10	9	1	8	0.238888888888889	0.888888888888889	0.299551682375219		
bgs	V2_c1.5	1	8	emmax_consensus	mvn	200	0.05	1	9	1	8	0.00555555555555556	0.888888888888889	0.299551682375219		
bgs	V2_c1.5	1	8	emmax_consensus	spatial	200	11.95	58	9	1	8	1.32777777777778	0.888888888888889	0.299551682375219		
bgs	V2_c1.5	1	8	emmax_simes	group	200	1.35	11	6	1	5	0.225	0.833333333333333	0.299551682375219		
bgs	V2_c1.5	1	8	emmax_simes	mvn	200	0.05	2	6	1	5	0.00833333333333333	0.833333333333333	0.299551682375219		
bgs	V2_c1.5	1	8	emmax_simes	spatial	200	9.895	54	6	1	5	1.64916666666667	0.833333333333333	0.299551682375219		
bgs	V2_c1.5	1	9	emmax_consensus	group	200	0.27	4	1	0	1	0.27	1	0.28644660721002		
bgs	V2_c1.5	1	9	emmax_consensus	mvn	200	0.06	3	1	0	1	0.06	1	0.28644660721002		
bgs	V2_c1.5	1	9	emmax_consensus	spatial	200	8.25	47	1	0	1	8.25	1	0.28644660721002		
bgs	V2_c1.5	1	9	emmax_simes	group	200	0.305	4	0	0	0			0.28644660721002		
bgs	V2_c1.5	1	9	emmax_simes	mvn	200	0.055	2	0	0	0			0.28644660721002		
bgs	V2_c1.5	1	9	emmax_simes	spatial	200	6.15	45	0	0	0			0.28644660721002		
bgs	V2_c1.5	1	10	emmax_consensus	group	200	0.635	4	0	0	0			0.264426162074472		
bgs	V2_c1.5	1	10	emmax_consensus	mvn	200	0.015	1	0	0	0			0.264426162074472		
bgs	V2_c1.5	1	10	emmax_consensus	spatial	200	8.5	49	0	0	0			0.264426162074472		
bgs	V2_c1.5	1	10	emmax_simes	group	200	0.43	5	0	0	0			0.264426162074472		
bgs	V2_c1.5	1	10	emmax_simes	mvn	200	0.035	2	0	0	0			0.264426162074472		
bgs	V2_c1.5	1	10	emmax_simes	spatial	200	5.735	40	0	0	0			0.264426162074472		
bgs	V2_c1.5	2	1	emmax_consensus	group	200	0.325	4	0	0	0			0.31303899968182		
bgs	V2_c1.5	2	1	emmax_consensus	mvn	200	0.065	2	0	0	0			0.31303899968182		
bgs	V2_c1.5	2	1	emmax_consensus	spatial	200	11.04	48	0	0	0			0.31303899968182		
bgs	V2_c1.5	2	1	emmax_simes	group	200	0.23	4	1	0	1	0.23	1	0.31303899968182		
bgs	V2_c1.5	2	1	emmax_simes	mvn	200	0.055	2	1	0	1	0.055	1	0.31303899968182		
bgs	V2_c1.5	2	1	emmax_simes	spatial	200	8.64	43	1	0	1	8.64	1	0.31303899968182		
bgs	V2_c1.5	2	2	emmax_consensus	group	200	4.13	16	10	1	9	0.413	0.9	0.291826364348407		
bgs	V2_c1.5	2	2	emmax_consensus	mvn	200	0.035	1	10	1	9	0.0035	0.9	0.291826364348407		
bgs	V2_c1.5	2	2	emmax_consensus	spatial	200	9.99	45	10	1	9	0.999	0.9	0.291826364348407		
bgs	V2_c1.5	2	2	emmax_simes	group	200	4.255	11	11	1	10	0.386818181818182	0.909090909090909	0.291826364348407		
bgs	V2_c1.5	2	2	emmax_simes	mvn	200	0.03	1	11	1	10	0.00272727272727273	0.909090909090909	0.291826364348407		
bgs	V2_c1.5	2	2	emmax_simes	spatial	200	7.945	37	11	1	10	0.722272727272727	0.909090909090909	0.291826364348407		
bgs	V2_c1.5	2	3	emmax_consensus	group	200	0.945	9	2	1	1	0.4725	0.5	0.297688232135151		
bgs	V2_c1.5	2	3	emmax_consensus	mvn	200	0.05	3	2	1	1	0.025	0.5	0.297688232135151		
bgs	V2_c1.5	2	3	emmax_consensus	spatial	200	9.22	50	2	1	1	4.61	0.5	0.297688232135151		
bgs	V2_c1.5	2	3	emmax_simes	group	200	0.785	5	1	1	0	0.785	0	0.297688232135151		
bgs	V2_c1.5	2	3	emmax_simes	mvn	200	0.055	2	1	1	0	0.055	0	0.297688232135151		
bgs	V2_c1.5	2	3	emmax_simes	spatial	200	6.825	47	1	1	0	6.825	0	0.297688232135151		
bgs	V2_c1.5	2	4	emmax_consensus	group	200	0.18	3	0	0	0			0.313063374178772		
bgs	V2_c1.5	2	4	emmax_consensus	mvn	200	0.055	2	0	0	0			0.313063374178772		
bgs	V2_c1.5	2	4	emmax_consensus	spatial	200	8.88	52	0	0	0			0.313063374178772		
bgs	V2_c1.5	2	4	emmax_simes	group	200	0.14	2	0	0	0			0.313063374178772		
bgs	V2_c1.5	2	4	emmax_simes	mvn	200	0.06	3	0	0	0			0.313063374178772		
bgs	V2_c1.5	2	4	emmax_simes	spatial	200	6.645	37	0	0	0			0.313063374178772		
bgs	V2_c1.5	2	5	emmax_consensus	group	200	0.95	6	0	0	0			0.302676179195795		
bgs	V2_c1.5	2	5	emmax_consensus	mvn	200	0.05	2	0	0	0			0.302676179195795		
bgs	V2_c1.5	2	5	emmax_consensus	spatial	200	10.91	54	0	0	0			0.302676179195795		
bgs	V2_c1.5	2	5	emmax_simes	group	200	0.805	6	0	0	0			0.302676179195795		
bgs	V2_c1.5	2	5	emmax_simes	mvn	200	0.045	3	0	0	0			0.302676179195795		
bgs	V2_c1.5	2	5	emmax_simes	spatial	200	7.67	49	0	0	0			0.302676179195795		
bgs	V2_c1.5	2	6	emmax_consensus	group	200	4.795	13	3	0	3	1.59833333333333	1	0.286980715948875		
bgs	V2_c1.5	2	6	emmax_consensus	mvn	200	0.065	2	3	0	3	0.0216666666666667	1	0.286980715948875		
bgs	V2_c1.5	2	6	emmax_consensus	spatial	200	10.31	48	3	0	3	3.43666666666667	1	0.286980715948875		
bgs	V2_c1.5	2	6	emmax_simes	group	200	4.365	14	5	0	5	0.873	1	0.286980715948875		
bgs	V2_c1.5	2	6	emmax_simes	mvn	200	0.06	2	5	0	5	0.012	1	0.286980715948875		
bgs	V2_c1.5	2	6	emmax_simes	spatial	200	8.075	46	5	0	5	1.615	1	0.286980715948875		
bgs	V2_c1.5	2	7	emmax_consensus	group	200	0.72	7	2	0	2	0.36	1	0.29655744160662		
bgs	V2_c1.5	2	7	emmax_consensus	mvn	200	0.07	2	2	0	2	0.035	1	0.29655744160662		
bgs	V2_c1.5	2	7	emmax_consensus	spatial	200	11.985	56	2	0	2	5.9925	1	0.29655744160662		
bgs	V2_c1.5	2	7	emmax_simes	group	200	0.66	5	1	0	1	0.66	1	0.29655744160662		
bgs	V2_c1.5	2	7	emmax_simes	mvn	200	0.04	2	1	0	1	0.04	1	0.29655744160662		
bgs	V2_c1.5	2	7	emmax_simes	spatial	200	10.775	48	1	0	1	10.775	1	0.29655744160662		
bgs	V2_c1.5	2	8	emmax_consensus	group	200	1.415	8	5	1	4	0.283	0.8	0.298455851572282		
bgs	V2_c1.5	2	8	emmax_consensus	mvn	200	0.045	1	5	1	4	0.009	0.8	0.298455851572282		
bgs	V2_c1.5	2	8	emmax_consensus	spatial	200	14.11	62	5	1	4	2.822	0.8	0.298455851572282		
bgs	V2_c1.5	2	8	emmax_simes	group	200	1.32	8	3	0	3	0.44	1	0.298455851572282		
bgs	V2_c1.5	2	8	emmax_simes	mvn	200	0.045	1	3	0	3	0.015	1	0.298455851572282		
bgs	V2_c1.5	2	8	emmax_simes	spatial	200	11.27	46	3	0	3	3.75666666666667	1	0.298455851572282		
bgs	V2_c1.5	2	9	emmax_consensus	group	200	0.315	3	3	0	3	0.105	1	0.300650848388708		
bgs	V2_c1.5	2	9	emmax_consensus	mvn	200	0.045	2	3	0	3	0.015	1	0.300650848388708		
bgs	V2_c1.5	2	9	emmax_consensus	spatial	200	10.01	54	3	0	3	3.33666666666667	1	0.300650848388708		
bgs	V2_c1.5	2	9	emmax_simes	group	200	0.34	4	2	0	2	0.17	1	0.300650848388708		
bgs	V2_c1.5	2	9	emmax_simes	mvn	200	0.055	2	2	0	2	0.0275	1	0.300650848388708		
bgs	V2_c1.5	2	9	emmax_simes	spatial	200	7.165	42	2	0	2	3.5825	1	0.300650848388708		
bgs	V2_c1.5	2	10	emmax_consensus	group	200	0.71	7	0	0	0			0.298655661601601		
bgs	V2_c1.5	2	10	emmax_consensus	mvn	200	0.065	2	0	0	0			0.298655661601601		
bgs	V2_c1.5	2	10	emmax_consensus	spatial	200	7.635	49	0	0	0			0.298655661601601		
bgs	V2_c1.5	2	10	emmax_simes	group	200	0.76	5	0	0	0			0.298655661601601		
bgs	V2_c1.5	2	10	emmax_simes	mvn	200	0.045	1	0	0	0			0.298655661601601		
bgs	V2_c1.5	2	10	emmax_simes	spatial	200	5.25	39	0	0	0			0.298655661601601		
bgs	V2_c1.5	5	1	emmax_consensus	group	200	0.175	4	0	0	0			0.27997799983692		
bgs	V2_c1.5	5	1	emmax_consensus	mvn	200	0.04	3	0	0	0			0.27997799983692		
bgs	V2_c1.5	5	1	emmax_consensus	spatial	200	5.475	37	0	0	0			0.27997799983692		
bgs	V2_c1.5	5	1	emmax_simes	group	200	0.125	3	0	0	0			0.27997799983692		
bgs	V2_c1.5	5	1	emmax_simes	mvn	200	0.045	2	0	0	0			0.27997799983692		
bgs	V2_c1.5	5	1	emmax_simes	spatial	200	4.515	27	0	0	0			0.27997799983692		
bgs	V2_c1.5	5	2	emmax_consensus	group	200	5.185	14	3	1	2	1.72833333333333	0.666666666666667	0.310340838070059		
bgs	V2_c1.5	5	2	emmax_consensus	mvn	200	0.065	2	3	1	2	0.0216666666666667	0.666666666666667	0.310340838070059		
bgs	V2_c1.5	5	2	emmax_consensus	spatial	200	13.42	48	3	1	2	4.47333333333333	0.666666666666667	0.310340838070059		
bgs	V2_c1.5	5	2	emmax_simes	group	200	4.68	12	1	1	0	4.68	0	0.310340838070059		
bgs	V2_c1.5	5	2	emmax_simes	mvn	200	0.08	2	1	1	0	0.08	0	0.310340838070059		
bgs	V2_c1.5	5	2	emmax_simes	spatial	200	10.895	38	1	1	0	10.895	0	0.310340838070059		
bgs	V2_c1.5	5	3	emmax_consensus	group	200	0.385	4	3	0	3	0.128333333333333	1	0.29122724949099		
bgs	V2_c1.5	5	3	emmax_consensus	mvn	200	0.07	2	3	0	3	0.0233333333333333	1	0.29122724949099		
bgs	V2_c1.5	5	3	emmax_consensus	spatial	200	6.765	43	3	0	3	2.255	1	0.29122724949099		
bgs	V2_c1.5	5	3	emmax_simes	group	200	0.24	4	2	0	2	0.12	1	0.29122724949099		
bgs	V2_c1.5	5	3	emmax_simes	mvn	200	0.05	2	2	0	2	0.025	1	0.29122724949099		
bgs	V2_c1.5	5	3	emmax_simes	spatial	200	6.375	39	2	0	2	3.1875	1	0.29122724949099		
bgs	V2_c1.5	5	4	emmax_consensus	group	200	0.13	3	0	0	0			0.293219294284148		
bgs	V2_c1.5	5	4	emmax_consensus	mvn	200	0.105	2	0	0	0			0.293219294284148		
bgs	V2_c1.5	5	4	emmax_consensus	spatial	200	7.99	43	0	0	0			0.293219294284148		
bgs	V2_c1.5	5	4	emmax_simes	group	200	0.09	3	0	0	0			0.293219294284148		
bgs	V2_c1.5	5	4	emmax_simes	mvn	200	0.08	1	0	0	0			0.293219294284148		
bgs	V2_c1.5	5	4	emmax_simes	spatial	200	5.92	36	0	0	0			0.293219294284148		
bgs	V2_c1.5	5	5	emmax_consensus	group	200	0.935	8	0	0	0			0.321069752544549		
bgs	V2_c1.5	5	5	emmax_consensus	mvn	200	0.02	1	0	0	0			0.321069752544549		
bgs	V2_c1.5	5	5	emmax_consensus	spatial	200	10.25	44	0	0	0			0.321069752544549		
bgs	V2_c1.5	5	5	emmax_simes	group	200	0.83	7	0	0	0			0.321069752544549		
bgs	V2_c1.5	5	5	emmax_simes	mvn	200	0.02	1	0	0	0			0.321069752544549		
bgs	V2_c1.5	5	5	emmax_simes	spatial	200	7.765	43	0	0	0			0.321069752544549		
bgs	V2_c1.5	5	6	emmax_consensus	group	200	6.165	19	7	0	7	0.880714285714286	1	0.325609308446535		
bgs	V2_c1.5	5	6	emmax_consensus	mvn	200	0.065	2	7	0	7	0.00928571428571429	1	0.325609308446535		
bgs	V2_c1.5	5	6	emmax_consensus	spatial	200	11.135	46	7	0	7	1.59071428571429	1	0.325609308446535		
bgs	V2_c1.5	5	6	emmax_simes	group	200	6.83	18	8	0	8	0.85375	1	0.325609308446535		
bgs	V2_c1.5	5	6	emmax_simes	mvn	200	0.05	2	8	0	8	0.00625	1	0.325609308446535		
bgs	V2_c1.5	5	6	emmax_simes	spatial	200	9.295	47	8	0	8	1.161875	1	0.325609308446535		
bgs	V2_c1.5	5	7	emmax_consensus	group	200	0.565	5	0	0	0			0.276604531417757		
bgs	V2_c1.5	5	7	emmax_consensus	mvn	200	0.055	2	0	0	0			0.276604531417757		
bgs	V2_c1.5	5	7	emmax_consensus	spatial	200	9.255	42	0	0	0			0.276604531417757		
bgs	V2_c1.5	5	7	emmax_simes	group	200	0.665	4	0	0	0			0.276604531417757		
bgs	V2_c1.5	5	7	emmax_simes	mvn	200	0.06	2	0	0	0			0.276604531417757		
bgs	V2_c1.5	5	7	emmax_simes	spatial	200	7.635	38	0	0	0			0.276604531417757		
bgs	V2_c1.5	5	8	emmax_consensus	group	200	2.41	9	1	0	1	2.41	1	0.296637331634423		
bgs	V2_c1.5	5	8	emmax_consensus	mvn	200	0.065	2	1	0	1	0.065	1	0.296637331634423		
bgs	V2_c1.5	5	8	emmax_consensus	spatial	200	9.73	50	1	0	1	9.73	1	0.296637331634423		
bgs	V2_c1.5	5	8	emmax_simes	group	200	2.89	11	1	0	1	2.89	1	0.296637331634423		
bgs	V2_c1.5	5	8	emmax_simes	mvn	200	0.055	1	1	0	1	0.055	1	0.296637331634423		
bgs	V2_c1.5	5	8	emmax_simes	spatial	200	7.8	48	1	0	1	7.8	1	0.296637331634423		
bgs	V2_c1.5	5	9	emmax_consensus	group	200	0.42	4	0	0	0			0.291276828631844		
bgs	V2_c1.5	5	9	emmax_consensus	mvn	200	0.09	2	0	0	0			0.291276828631844		
bgs	V2_c1.5	5	9	emmax_consensus	spatial	200	7.755	37	0	0	0			0.291276828631844		
bgs	V2_c1.5	5	9	emmax_simes	group	200	0.315	4	0	0	0			0.291276828631844		
bgs	V2_c1.5	5	9	emmax_simes	mvn	200	0.08	2	0	0	0			0.291276828631844		
bgs	V2_c1.5	5	9	emmax_simes	spatial	200	5.06	31	0	0	0			0.291276828631844		
bgs	V2_c1.5	5	10	emmax_consensus	group	200	0.605	6	0	0	0			0.287389140316209		
bgs	V2_c1.5	5	10	emmax_consensus	mvn	200	0.04	4	0	0	0			0.287389140316209		
bgs	V2_c1.5	5	10	emmax_consensus	spatial	200	9.08	40	0	0	0			0.287389140316209		
bgs	V2_c1.5	5	10	emmax_simes	group	200	0.45	6	0	0	0			0.287389140316209		
bgs	V2_c1.5	5	10	emmax_simes	mvn	200	0.05	4	0	0	0			0.287389140316209		
bgs	V2_c1.5	5	10	emmax_simes	spatial	200	6.195	38	0	0	0			0.287389140316209		
bgs	V2_c1.5	8	1	emmax_consensus	group	200	0.285	4	1	1	0	0.285	0	0.301800563857201		
bgs	V2_c1.5	8	1	emmax_consensus	mvn	200	0.045	1	1	1	0	0.045	0	0.301800563857201		
bgs	V2_c1.5	8	1	emmax_consensus	spatial	200	7.095	42	1	1	0	7.095	0	0.301800563857201		
bgs	V2_c1.5	8	1	emmax_simes	group	200	0.155	2	1	1	0	0.155	0	0.301800563857201		
bgs	V2_c1.5	8	1	emmax_simes	mvn	200	0.05	1	1	1	0	0.05	0	0.301800563857201		
bgs	V2_c1.5	8	1	emmax_simes	spatial	200	5.805	30	1	1	0	5.805	0	0.301800563857201		
bgs	V2_c1.5	8	2	emmax_consensus	group	200	3.55	15	11	0	11	0.322727272727273	1	0.297249506479508		
bgs	V2_c1.5	8	2	emmax_consensus	mvn	200	0.07	2	11	0	11	0.00636363636363636	1	0.297249506479508		
bgs	V2_c1.5	8	2	emmax_consensus	spatial	200	13.635	56	11	0	11	1.23954545454545	1	0.297249506479508		
bgs	V2_c1.5	8	2	emmax_simes	group	200	3.255	12	9	0	9	0.361666666666667	1	0.297249506479508		
bgs	V2_c1.5	8	2	emmax_simes	mvn	200	0.055	2	9	0	9	0.00611111111111111	1	0.297249506479508		
bgs	V2_c1.5	8	2	emmax_simes	spatial	200	10.805	57	9	0	9	1.20055555555556	1	0.297249506479508		
bgs	V2_c1.5	8	3	emmax_consensus	group	200	0.62	8	0	0	0			0.304539477547842		
bgs	V2_c1.5	8	3	emmax_consensus	mvn	200	0.095	2	0	0	0			0.304539477547842		
bgs	V2_c1.5	8	3	emmax_consensus	spatial	200	7.175	45	0	0	0			0.304539477547842		
bgs	V2_c1.5	8	3	emmax_simes	group	200	0.805	5	3	0	3	0.268333333333333	1	0.304539477547842		
bgs	V2_c1.5	8	3	emmax_simes	mvn	200	0.085	2	3	0	3	0.0283333333333333	1	0.304539477547842		
bgs	V2_c1.5	8	3	emmax_simes	spatial	200	6.535	39	3	0	3	2.17833333333333	1	0.304539477547842		
bgs	V2_c1.5	8	4	emmax_consensus	group	200	0.1	2	1	0	1	0.1	1	0.299265932154349		
bgs	V2_c1.5	8	4	emmax_consensus	mvn	200	0.065	3	1	0	1	0.065	1	0.299265932154349		
bgs	V2_c1.5	8	4	emmax_consensus	spatial	200	8.475	49	1	0	1	8.475	1	0.299265932154349		
bgs	V2_c1.5	8	4	emmax_simes	group	200	0.135	3	1	0	1	0.135	1	0.299265932154349		
bgs	V2_c1.5	8	4	emmax_simes	mvn	200	0.05	2	1	0	1	0.05	1	0.299265932154349		
bgs	V2_c1.5	8	4	emmax_simes	spatial	200	7.165	43	1	0	1	7.165	1	0.299265932154349		
bgs	V2_c1.5	8	5	emmax_consensus	group	200	1.03	7	0	0	0			0.298489639358805		
bgs	V2_c1.5	8	5	emmax_consensus	mvn	200	0.075	2	0	0	0			0.298489639358805		
bgs	V2_c1.5	8	5	emmax_consensus	spatial	200	15.17	65	0	0	0			0.298489639358805		
bgs	V2_c1.5	8	5	emmax_simes	group	200	0.9	14	0	0	0			0.298489639358805		
bgs	V2_c1.5	8	5	emmax_simes	mvn	200	0.08	2	0	0	0			0.298489639358805		
bgs	V2_c1.5	8	5	emmax_simes	spatial	200	11.13	61	0	0	0			0.298489639358805		
bgs	V2_c1.5	8	6	emmax_consensus	group	200	3.575	14	4	0	4	0.89375	1	0.303732247660194		
bgs	V2_c1.5	8	6	emmax_consensus	mvn	200	0.065	2	4	0	4	0.01625	1	0.303732247660194		
bgs	V2_c1.5	8	6	emmax_consensus	spatial	200	11.75	50	4	0	4	2.9375	1	0.303732247660194		
bgs	V2_c1.5	8	6	emmax_simes	group	200	4.115	16	3	0	3	1.37166666666667	1	0.303732247660194		
bgs	V2_c1.5	8	6	emmax_simes	mvn	200	0.045	2	3	0	3	0.015	1	0.303732247660194		
bgs	V2_c1.5	8	6	emmax_simes	spatial	200	9.12	49	3	0	3	3.04	1	0.303732247660194		
bgs	V2_c1.5	8	7	emmax_consensus	group	200	1.575	8	1	1	0	1.575	0	0.302178204191856		
bgs	V2_c1.5	8	7	emmax_consensus	mvn	200	0.04	2	1	1	0	0.04	0	0.302178204191856		
bgs	V2_c1.5	8	7	emmax_consensus	spatial	200	11.32	36	1	1	0	11.32	0	0.302178204191856		
bgs	V2_c1.5	8	7	emmax_simes	group	200	1.39	6	1	1	0	1.39	0	0.302178204191856		
bgs	V2_c1.5	8	7	emmax_simes	mvn	200	0.04	2	1	1	0	0.04	0	0.302178204191856		
bgs	V2_c1.5	8	7	emmax_simes	spatial	200	7.55	38	1	1	0	7.55	0	0.302178204191856		
bgs	V2_c1.5	8	8	emmax_consensus	group	200	2.77	11	4	0	4	0.6925	1	0.301437105689582		
bgs	V2_c1.5	8	8	emmax_consensus	mvn	200	0.09	4	4	0	4	0.0225	1	0.301437105689582		
bgs	V2_c1.5	8	8	emmax_consensus	spatial	200	12.845	51	4	0	4	3.21125	1	0.301437105689582		
bgs	V2_c1.5	8	8	emmax_simes	group	200	2.305	13	9	1	8	0.256111111111111	0.888888888888889	0.301437105689582		
bgs	V2_c1.5	8	8	emmax_simes	mvn	200	0.075	3	9	1	8	0.00833333333333333	0.888888888888889	0.301437105689582		
bgs	V2_c1.5	8	8	emmax_simes	spatial	200	10.335	55	9	1	8	1.14833333333333	0.888888888888889	0.301437105689582		
bgs	V2_c1.5	8	9	emmax_consensus	group	200	0.225	5	2	0	2	0.1125	1	0.29229238283271		
bgs	V2_c1.5	8	9	emmax_consensus	mvn	200	0.1	3	2	0	2	0.05	1	0.29229238283271		
bgs	V2_c1.5	8	9	emmax_consensus	spatial	200	8.625	49	2	0	2	4.3125	1	0.29229238283271		
bgs	V2_c1.5	8	9	emmax_simes	group	200	0.235	5	1	0	1	0.235	1	0.29229238283271		
bgs	V2_c1.5	8	9	emmax_simes	mvn	200	0.065	2	1	0	1	0.065	1	0.29229238283271		
bgs	V2_c1.5	8	9	emmax_simes	spatial	200	6.68	40	1	0	1	6.68	1	0.29229238283271		
bgs	V2_c1.5	8	10	emmax_consensus	group	200	0.97	7	0	0	0			0.297953301986305		
bgs	V2_c1.5	8	10	emmax_consensus	mvn	200	0.06	3	0	0	0			0.297953301986305		
bgs	V2_c1.5	8	10	emmax_consensus	spatial	200	10.34	55	0	0	0			0.297953301986305		
bgs	V2_c1.5	8	10	emmax_simes	group	200	0.75	5	0	0	0			0.297953301986305		
bgs	V2_c1.5	8	10	emmax_simes	mvn	200	0.075	3	0	0	0			0.297953301986305		
bgs	V2_c1.5	8	10	emmax_simes	spatial	200	7.27	36	0	0	0			0.297953301986305		
bgs	V2_c1.5	9	1	emmax_consensus	group	200	0.395	5	0	0	0			0.271489819622072		
bgs	V2_c1.5	9	1	emmax_consensus	mvn	200	0.025	1	0	0	0			0.271489819622072		
bgs	V2_c1.5	9	1	emmax_consensus	spatial	200	6.175	47	0	0	0			0.271489819622072		
bgs	V2_c1.5	9	1	emmax_simes	group	200	0.325	4	0	0	0			0.271489819622072		
bgs	V2_c1.5	9	1	emmax_simes	mvn	200	0.01	1	0	0	0			0.271489819622072		
bgs	V2_c1.5	9	1	emmax_simes	spatial	200	4.31	33	0	0	0			0.271489819622072		
bgs	V2_c1.5	9	2	emmax_consensus	group	200	2.72	10	7	0	7	0.388571428571429	1	0.27579799191849		
bgs	V2_c1.5	9	2	emmax_consensus	mvn	200	0.055	2	7	0	7	0.00785714285714286	1	0.27579799191849		
bgs	V2_c1.5	9	2	emmax_consensus	spatial	200	11.655	41	7	0	7	1.665	1	0.27579799191849		
bgs	V2_c1.5	9	2	emmax_simes	group	200	2.51	10	7	0	7	0.358571428571429	1	0.27579799191849		
bgs	V2_c1.5	9	2	emmax_simes	mvn	200	0.04	1	7	0	7	0.00571428571428571	1	0.27579799191849		
bgs	V2_c1.5	9	2	emmax_simes	spatial	200	7.82	36	7	0	7	1.11714285714286	1	0.27579799191849		
bgs	V2_c1.5	9	3	emmax_consensus	group	200	0.585	7	1	0	1	0.585	1	0.280624172387565		
bgs	V2_c1.5	9	3	emmax_consensus	mvn	200	0.06	2	1	0	1	0.06	1	0.280624172387565		
bgs	V2_c1.5	9	3	emmax_consensus	spatial	200	8.815	47	1	0	1	8.815	1	0.280624172387565		
bgs	V2_c1.5	9	3	emmax_simes	group	200	0.435	4	2	0	2	0.2175	1	0.280624172387565		
bgs	V2_c1.5	9	3	emmax_simes	mvn	200	0.045	2	2	0	2	0.0225	1	0.280624172387565		
bgs	V2_c1.5	9	3	emmax_simes	spatial	200	7.325	46	2	0	2	3.6625	1	0.280624172387565		
bgs	V2_c1.5	9	4	emmax_consensus	group	200	0.23	6	0	0	0			0.276120301467425		
bgs	V2_c1.5	9	4	emmax_consensus	mvn	200	0.05	3	0	0	0			0.276120301467425		
bgs	V2_c1.5	9	4	emmax_consensus	spatial	200	4.665	40	0	0	0			0.276120301467425		
bgs	V2_c1.5	9	4	emmax_simes	group	200	0.125	7	0	0	0			0.276120301467425		
bgs	V2_c1.5	9	4	emmax_simes	mvn	200	0.035	1	0	0	0			0.276120301467425		
bgs	V2_c1.5	9	4	emmax_simes	spatial	200	3.34	36	0	0	0			0.276120301467425		
bgs	V2_c1.5	9	5	emmax_consensus	group	200	1.005	7	2	0	2	0.5025	1	0.280909787662679		
bgs	V2_c1.5	9	5	emmax_consensus	mvn	200	0.055	3	2	0	2	0.0275	1	0.280909787662679		
bgs	V2_c1.5	9	5	emmax_consensus	spatial	200	12.67	57	2	0	2	6.335	1	0.280909787662679		
bgs	V2_c1.5	9	5	emmax_simes	group	200	0.875	6	0	0	0			0.280909787662679		
bgs	V2_c1.5	9	5	emmax_simes	mvn	200	0.045	1	0	0	0			0.280909787662679		
bgs	V2_c1.5	9	5	emmax_simes	spatial	200	9.085	54	0	0	0			0.280909787662679		
bgs	V2_c1.5	9	6	emmax_consensus	group	200	5.21	20	2	0	2	2.605	1	0.291549255822963		
bgs	V2_c1.5	9	6	emmax_consensus	mvn	200	0.045	2	2	0	2	0.0225	1	0.291549255822963		
bgs	V2_c1.5	9	6	emmax_consensus	spatial	200	10.12	47	2	0	2	5.06	1	0.291549255822963		
bgs	V2_c1.5	9	6	emmax_simes	group	200	5.445	23	4	0	4	1.36125	1	0.291549255822963		
bgs	V2_c1.5	9	6	emmax_simes	mvn	200	0.03	1	4	0	4	0.0075	1	0.291549255822963		
bgs	V2_c1.5	9	6	emmax_simes	spatial	200	8.65	38	4	0	4	2.1625	1	0.291549255822963		
bgs	V2_c1.5	9	7	emmax_consensus	group	200	0.535	7	1	0	1	0.535	1	0.289479110540363		
bgs	V2_c1.5	9	7	emmax_consensus	mvn	200	0.045	1	1	0	1	0.045	1	0.289479110540363		
bgs	V2_c1.5	9	7	emmax_consensus	spatial	200	12.285	50	1	0	1	12.285	1	0.289479110540363		
bgs	V2_c1.5	9	7	emmax_simes	group	200	0.445	5	1	0	1	0.445	1	0.289479110540363		
bgs	V2_c1.5	9	7	emmax_simes	mvn	200	0.045	1	1	0	1	0.045	1	0.289479110540363		
bgs	V2_c1.5	9	7	emmax_simes	spatial	200	8.805	42	1	0	1	8.805	1	0.289479110540363		
bgs	V2_c1.5	9	8	emmax_consensus	group	200	1.555	9	7	0	7	0.222142857142857	1	0.294528897071005		
bgs	V2_c1.5	9	8	emmax_consensus	mvn	200	0.04	2	7	0	7	0.00571428571428571	1	0.294528897071005		
bgs	V2_c1.5	9	8	emmax_consensus	spatial	200	10.795	47	7	0	7	1.54214285714286	1	0.294528897071005		
bgs	V2_c1.5	9	8	emmax_simes	group	200	1.555	8	2	0	2	0.7775	1	0.294528897071005		
bgs	V2_c1.5	9	8	emmax_simes	mvn	200	0.02	1	2	0	2	0.01	1	0.294528897071005		
bgs	V2_c1.5	9	8	emmax_simes	spatial	200	7.38	45	2	0	2	3.69	1	0.294528897071005		
bgs	V2_c1.5	9	9	emmax_consensus	group	200	0.265	4	0	0	0			0.276512784216542		
bgs	V2_c1.5	9	9	emmax_consensus	mvn	200	0.045	2	0	0	0			0.276512784216542		
bgs	V2_c1.5	9	9	emmax_consensus	spatial	200	7.19	44	0	0	0			0.276512784216542		
bgs	V2_c1.5	9	9	emmax_simes	group	200	0.345	3	0	0	0			0.276512784216542		
bgs	V2_c1.5	9	9	emmax_simes	mvn	200	0.06	2	0	0	0			0.276512784216542		
bgs	V2_c1.5	9	9	emmax_simes	spatial	200	5.56	47	0	0	0			0.276512784216542		
bgs	V2_c1.5	9	10	emmax_consensus	group	200	0.46	5	2	0	2	0.23	1	0.286762773599603		
bgs	V2_c1.5	9	10	emmax_consensus	mvn	200	0.06	3	2	0	2	0.03	1	0.286762773599603		
bgs	V2_c1.5	9	10	emmax_consensus	spatial	200	9.105	45	2	0	2	4.5525	1	0.286762773599603		
bgs	V2_c1.5	9	10	emmax_simes	group	200	0.295	4	0	0	0			0.286762773599603		
bgs	V2_c1.5	9	10	emmax_simes	mvn	200	0.04	3	0	0	0			0.286762773599603		
bgs	V2_c1.5	9	10	emmax_simes	spatial	200	6.525	34	0	0	0			0.286762773599603		
nobgs	V0.5_c1	2	1	emmax_consensus	group	200	0.18	3	1	1	0	0.18	0	0.0397305757912214	1.27899182845743e-05	0.0300292222247732
nobgs	V0.5_c1	2	1	emmax_consensus	mvn	200	0.055	1	1	1	0	0.055	0	0.0397305757912214	1.27899182845743e-05	0.0300292222247732
nobgs	V0.5_c1	2	1	emmax_consensus	spatial	200	0.06	2	1	1	0	0.06	0	0.0397305757912214	1.27899182845743e-05	0.0300292222247732
nobgs	V0.5_c1	2	1	emmax_simes	group	200	0.145	4	1	1	0	0.145	0	0.0397305757912214	1.27899182845743e-05	0.0300292222247732
nobgs	V0.5_c1	2	1	emmax_simes	mvn	200	0.05	1	1	1	0	0.05	0	0.0397305757912214	1.27899182845743e-05	0.0300292222247732
nobgs	V0.5_c1	2	1	emmax_simes	spatial	200	0.055	4	1	1	0	0.055	0	0.0397305757912214	1.27899182845743e-05	0.0300292222247732
nobgs	V0.5_c1	2	2	emmax_consensus	group	200	1.215	4	1	1	0	1.215	0	0.0405229928084834	1.47630011192798e-05	0.0304068018068952
nobgs	V0.5_c1	2	2	emmax_consensus	mvn	200	0.09	3	1	1	0	0.09	0	0.0405229928084834	1.47630011192798e-05	0.0304068018068952
nobgs	V0.5_c1	2	2	emmax_consensus	spatial	200	0.43	3	1	1	0	0.43	0	0.0405229928084834	1.47630011192798e-05	0.0304068018068952
nobgs	V0.5_c1	2	2	emmax_simes	group	200	1.215	4	1	1	0	1.215	0	0.0405229928084834	1.47630011192798e-05	0.0304068018068952
nobgs	V0.5_c1	2	2	emmax_simes	mvn	200	0.1	3	1	1	0	0.1	0	0.0405229928084834	1.47630011192798e-05	0.0304068018068952
nobgs	V0.5_c1	2	2	emmax_simes	spatial	200	0.365	3	1	1	0	0.365	0	0.0405229928084834	1.47630011192798e-05	0.0304068018068952
nobgs	V0.5_c1	2	3	emmax_consensus	group	200	3.345	10	4	1	3	0.83625	0.75	0.0578942098230131	1.1149554123183e-05	0.0313354828668566
nobgs	V0.5_c1	2	3	emmax_consensus	mvn	200	0.045	2	4	1	3	0.01125	0.75	0.0578942098230131	1.1149554123183e-05	0.0313354828668566
nobgs	V0.5_c1	2	3	emmax_consensus	spatial	200	0.62	5	4	1	3	0.155	0.75	0.0578942098230131	1.1149554123183e-05	0.0313354828668566
nobgs	V0.5_c1	2	3	emmax_simes	group	200	2.575	7	3	1	2	0.858333333333333	0.666666666666667	0.0578942098230131	1.1149554123183e-05	0.0313354828668566
nobgs	V0.5_c1	2	3	emmax_simes	mvn	200	0.04	2	3	1	2	0.0133333333333333	0.666666666666667	0.0578942098230131	1.1149554123183e-05	0.0313354828668566
nobgs	V0.5_c1	2	3	emmax_simes	spatial	200	0.57	7	3	1	2	0.19	0.666666666666667	0.0578942098230131	1.1149554123183e-05	0.0313354828668566
nobgs	V0.5_c1	2	4	emmax_consensus	group	200	1.11	2	1	1	0	1.11	0	0.0356266781047968	1.54037079112799e-05	0.0291230316995326
nobgs	V0.5_c1	2	4	emmax_consensus	mvn	200	0.055	2	1	1	0	0.055	0	0.0356266781047968	1.54037079112799e-05	0.0291230316995326
nobgs	V0.5_c1	2	4	emmax_consensus	spatial	200	0.03	2	1	1	0	0.03	0	0.0356266781047968	1.54037079112799e-05	0.0291230316995326
nobgs	V0.5_c1	2	4	emmax_simes	group	200	1.115	3	1	1	0	1.115	0	0.0356266781047968	1.54037079112799e-05	0.0291230316995326
nobgs	V0.5_c1	2	4	emmax_simes	mvn	200	0.065	2	1	1	0	0.065	0	0.0356266781047968	1.54037079112799e-05	0.0291230316995326
nobgs	V0.5_c1	2	4	emmax_simes	spatial	200	0.1	2	1	1	0	0.1	0	0.0356266781047968	1.54037079112799e-05	0.0291230316995326
nobgs	V0.5_c1	2	5	emmax_consensus	group	200	0.44	4	0	0	0			0.0387109105581652	1.18891149755273e-05	0.0332410476322233
nobgs	V0.5_c1	2	5	emmax_consensus	mvn	200	0.05	2	0	0	0			0.0387109105581652	1.18891149755273e-05	0.0332410476322233
nobgs	V0.5_c1	2	5	emmax_consensus	spatial	200	0.13	2	0	0	0			0.0387109105581652	1.18891149755273e-05	0.0332410476322233
nobgs	V0.5_c1	2	5	emmax_simes	group	200	0.4	4	0	0	0			0.0387109105581652	1.18891149755273e-05	0.0332410476322233
nobgs	V0.5_c1	2	5	emmax_simes	mvn	200	0.03	1	0	0	0			0.0387109105581652	1.18891149755273e-05	0.0332410476322233
nobgs	V0.5_c1	2	5	emmax_simes	spatial	200	0.09	2	0	0	0			0.0387109105581652	1.18891149755273e-05	0.0332410476322233
nobgs	V0.5_c1	2	6	emmax_consensus	group	200	4.145	10	4	2	2	1.03625	0.5	0.0458671460188538	1.68367743555254e-05	0.0295390554879323
nobgs	V0.5_c1	2	6	emmax_consensus	mvn	200	0.07	2	4	2	2	0.0175	0.5	0.0458671460188538	1.68367743555254e-05	0.0295390554879323
nobgs	V0.5_c1	2	6	emmax_consensus	spatial	200	0.435	3	4	2	2	0.10875	0.5	0.0458671460188538	1.68367743555254e-05	0.0295390554879323
nobgs	V0.5_c1	2	6	emmax_simes	group	200	3.805	9	3	2	1	1.26833333333333	0.333333333333333	0.0458671460188538	1.68367743555254e-05	0.0295390554879323
nobgs	V0.5_c1	2	6	emmax_simes	mvn	200	0.08	3	3	2	1	0.0266666666666667	0.333333333333333	0.0458671460188538	1.68367743555254e-05	0.0295390554879323
nobgs	V0.5_c1	2	6	emmax_simes	spatial	200	0.37	2	3	2	1	0.123333333333333	0.333333333333333	0.0458671460188538	1.68367743555254e-05	0.0295390554879323
nobgs	V0.5_c1	2	7	emmax_consensus	group	200	1.175	5	1	1	0	1.175	0	0.038645356004304	1.47398982673329e-05	0.0304538133410075
nobgs	V0.5_c1	2	7	emmax_consensus	mvn	200	0.08	2	1	1	0	0.08	0	0.038645356004304	1.47398982673329e-05	0.0304538133410075
nobgs	V0.5_c1	2	7	emmax_consensus	spatial	200	0.015	1	1	1	0	0.015	0	0.038645356004304	1.47398982673329e-05	0.0304538133410075
nobgs	V0.5_c1	2	7	emmax_simes	group	200	1.08	5	1	1	0	1.08	0	0.038645356004304	1.47398982673329e-05	0.0304538133410075
nobgs	V0.5_c1	2	7	emmax_simes	mvn	200	0.085	2	1	1	0	0.085	0	0.038645356004304	1.47398982673329e-05	0.0304538133410075
nobgs	V0.5_c1	2	7	emmax_simes	spatial	200	0.015	2	1	1	0	0.015	0	0.038645356004304	1.47398982673329e-05	0.0304538133410075
nobgs	V0.5_c1	2	8	emmax_consensus	group	200	2.305	6	1	1	0	2.305	0	0.0446186505608049	1.49488155016498e-05	0.0296698098631557
nobgs	V0.5_c1	2	8	emmax_consensus	mvn	200	0.06	2	1	1	0	0.06	0	0.0446186505608049	1.49488155016498e-05	0.0296698098631557
nobgs	V0.5_c1	2	8	emmax_consensus	spatial	200	0.145	2	1	1	0	0.145	0	0.0446186505608049	1.49488155016498e-05	0.0296698098631557
nobgs	V0.5_c1	2	8	emmax_simes	group	200	2.245	6	1	1	0	2.245	0	0.0446186505608049	1.49488155016498e-05	0.0296698098631557
nobgs	V0.5_c1	2	8	emmax_simes	mvn	200	0.04	2	1	1	0	0.04	0	0.0446186505608049	1.49488155016498e-05	0.0296698098631557
nobgs	V0.5_c1	2	8	emmax_simes	spatial	200	0.185	2	1	1	0	0.185	0	0.0446186505608049	1.49488155016498e-05	0.0296698098631557
nobgs	V0.5_c1	2	9	emmax_consensus	group	200	0.345	3	2	1	1	0.1725	0.5	0.0405553192476097	1.54800048365234e-05	0.0301318267419962
nobgs	V0.5_c1	2	9	emmax_consensus	mvn	200	0.035	1	2	1	1	0.0175	0.5	0.0405553192476097	1.54800048365234e-05	0.0301318267419962
nobgs	V0.5_c1	2	9	emmax_consensus	spatial	200	0.005	1	2	1	1	0.0025	0.5	0.0405553192476097	1.54800048365234e-05	0.0301318267419962
nobgs	V0.5_c1	2	9	emmax_simes	group	200	0.415	2	1	1	0	0.415	0	0.0405553192476097	1.54800048365234e-05	0.0301318267419962
nobgs	V0.5_c1	2	9	emmax_simes	mvn	200	0.025	1	1	1	0	0.025	0	0.0405553192476097	1.54800048365234e-05	0.0301318267419962
nobgs	V0.5_c1	2	9	emmax_simes	spatial	200	0.005	1	1	1	0	0.005	0	0.0405553192476097	1.54800048365234e-05	0.0301318267419962
nobgs	V0.5_c1	2	10	emmax_consensus	group	200	2.065	6	2	1	1	1.0325	0.5	0.0402570972770197	1.74185185341229e-05	0.029307948433703
nobgs	V0.5_c1	2	10	emmax_consensus	mvn	200	0.08	2	2	1	1	0.04	0.5	0.0402570972770197	1.74185185341229e-05	0.029307948433703
nobgs	V0.5_c1	2	10	emmax_consensus	spatial	200	0.105	3	2	1	1	0.0525	0.5	0.0402570972770197	1.74185185341229e-05	0.029307948433703
nobgs	V0.5_c1	2	10	emmax_simes	group	200	1.815	6	2	1	1	0.9075	0.5	0.0402570972770197	1.74185185341229e-05	0.029307948433703
nobgs	V0.5_c1	2	10	emmax_simes	mvn	200	0.065	1	2	1	1	0.0325	0.5	0.0402570972770197	1.74185185341229e-05	0.029307948433703
nobgs	V0.5_c1	2	10	emmax_simes	spatial	200	0.18	3	2	1	1	0.09	0.5	0.0402570972770197	1.74185185341229e-05	0.029307948433703
nobgs	V0.5_c1	3	1	emmax_consensus	group	200	3.875	9	3	3	0	1.29166666666667	0	0.052001012586992	2.21233492982769e-05	0.0294575583861569
nobgs	V0.5_c1	3	1	emmax_consensus	mvn	200	0.035	1	3	3	0	0.0116666666666667	0	0.052001012586992	2.21233492982769e-05	0.0294575583861569
nobgs	V0.5_c1	3	1	emmax_consensus	spatial	200	0.04	1	3	3	0	0.0133333333333333	0	0.052001012586992	2.21233492982769e-05	0.0294575583861569
nobgs	V0.5_c1	3	1	emmax_simes	group	200	3.585	9	2	2	0	1.7925	0	0.052001012586992	2.21233492982769e-05	0.0294575583861569
nobgs	V0.5_c1	3	1	emmax_simes	mvn	200	0.03	1	2	2	0	0.015	0	0.052001012586992	2.21233492982769e-05	0.0294575583861569
nobgs	V0.5_c1	3	1	emmax_simes	spatial	200	0.035	1	2	2	0	0.0175	0	0.052001012586992	2.21233492982769e-05	0.0294575583861569
nobgs	V0.5_c1	3	2	emmax_consensus	group	200	0.595	4	0	0	0			0.0408876906095584	2.34409856391647e-05	0.0317328194342808
nobgs	V0.5_c1	3	2	emmax_consensus	mvn	200	0.02	1	0	0	0			0.0408876906095584	2.34409856391647e-05	0.0317328194342808
nobgs	V0.5_c1	3	2	emmax_consensus	spatial	200	0.125	2	0	0	0			0.0408876906095584	2.34409856391647e-05	0.0317328194342808
nobgs	V0.5_c1	3	2	emmax_simes	group	200	0.66	4	0	0	0			0.0408876906095584	2.34409856391647e-05	0.0317328194342808
nobgs	V0.5_c1	3	2	emmax_simes	mvn	200	0.03	2	0	0	0			0.0408876906095584	2.34409856391647e-05	0.0317328194342808
nobgs	V0.5_c1	3	2	emmax_simes	spatial	200	0.12	3	0	0	0			0.0408876906095584	2.34409856391647e-05	0.0317328194342808
nobgs	V0.5_c1	3	3	emmax_consensus	group	200	2.225	6	4	2	2	0.55625	0.5	0.0383533520534391	2.06098794421274e-05	0.0299377978930188
nobgs	V0.5_c1	3	3	emmax_consensus	mvn	200	0.035	2	4	2	2	0.00875	0.5	0.0383533520534391	2.06098794421274e-05	0.0299377978930188
nobgs	V0.5_c1	3	3	emmax_consensus	spatial	200	0.415	3	4	2	2	0.10375	0.5	0.0383533520534391	2.06098794421274e-05	0.0299377978930188
nobgs	V0.5_c1	3	3	emmax_simes	group	200	3.335	7	5	3	2	0.667	0.4	0.0383533520534391	2.06098794421274e-05	0.0299377978930188
nobgs	V0.5_c1	3	3	emmax_simes	mvn	200	0.01	1	5	3	2	0.002	0.4	0.0383533520534391	2.06098794421274e-05	0.0299377978930188
nobgs	V0.5_c1	3	3	emmax_simes	spatial	200	0.34	4	5	3	2	0.068	0.4	0.0383533520534391	2.06098794421274e-05	0.0299377978930188
nobgs	V0.5_c1	3	4	emmax_consensus	group	200	1.24	5	2	2	0	0.62	0	0.0434523941497218	2.192725478007e-05	0.0302664983200124
nobgs	V0.5_c1	3	4	emmax_consensus	mvn	200	0.03	1	2	2	0	0.015	0	0.0434523941497218	2.192725478007e-05	0.0302664983200124
nobgs	V0.5_c1	3	4	emmax_consensus	spatial	200	0.225	3	2	2	0	0.1125	0	0.0434523941497218	2.192725478007e-05	0.0302664983200124
nobgs	V0.5_c1	3	4	emmax_simes	group	200	1.335	6	2	2	0	0.6675	0	0.0434523941497218	2.192725478007e-05	0.0302664983200124
nobgs	V0.5_c1	3	4	emmax_simes	mvn	200	0.045	2	2	2	0	0.0225	0	0.0434523941497218	2.192725478007e-05	0.0302664983200124
nobgs	V0.5_c1	3	4	emmax_simes	spatial	200	0.25	3	2	2	0	0.125	0	0.0434523941497218	2.192725478007e-05	0.0302664983200124
nobgs	V0.5_c1	3	5	emmax_consensus	group	200	1.44	5	1	1	0	1.44	0	0.0345614679022286	2.43465941219411e-05	0.0279902113075125
nobgs	V0.5_c1	3	5	emmax_consensus	mvn	200	0.035	2	1	1	0	0.035	0	0.0345614679022286	2.43465941219411e-05	0.0279902113075125
nobgs	V0.5_c1	3	5	emmax_consensus	spatial	200	0.215	2	1	1	0	0.215	0	0.0345614679022286	2.43465941219411e-05	0.0279902113075125
nobgs	V0.5_c1	3	5	emmax_simes	group	200	1.495	5	2	2	0	0.7475	0	0.0345614679022286	2.43465941219411e-05	0.0279902113075125
nobgs	V0.5_c1	3	5	emmax_simes	mvn	200	0.035	1	2	2	0	0.0175	0	0.0345614679022286	2.43465941219411e-05	0.0279902113075125
nobgs	V0.5_c1	3	5	emmax_simes	spatial	200	0.26	2	2	2	0	0.13	0	0.0345614679022286	2.43465941219411e-05	0.0279902113075125
nobgs	V0.5_c1	3	6	emmax_consensus	group	200	1.46	5	1	1	0	1.46	0	0.041537051894449	2.65637467205066e-05	0.0303034147878981
nobgs	V0.5_c1	3	6	emmax_consensus	mvn	200	0.095	2	1	1	0	0.095	0	0.041537051894449	2.65637467205066e-05	0.0303034147878981
nobgs	V0.5_c1	3	6	emmax_consensus	spatial	200	0.845	7	1	1	0	0.845	0	0.041537051894449	2.65637467205066e-05	0.0303034147878981
nobgs	V0.5_c1	3	6	emmax_simes	group	200	1.615	4	1	1	0	1.615	0	0.041537051894449	2.65637467205066e-05	0.0303034147878981
nobgs	V0.5_c1	3	6	emmax_simes	mvn	200	0.065	2	1	1	0	0.065	0	0.041537051894449	2.65637467205066e-05	0.0303034147878981
nobgs	V0.5_c1	3	6	emmax_simes	spatial	200	0.695	6	1	1	0	0.695	0	0.041537051894449	2.65637467205066e-05	0.0303034147878981
nobgs	V0.5_c1	3	7	emmax_consensus	group	200	0.23	2	0	0	0			0.0414823629920688	2.23592727407968e-05	0.0335864904974876
nobgs	V0.5_c1	3	7	emmax_consensus	mvn	200	0.075	3	0	0	0			0.0414823629920688	2.23592727407968e-05	0.0335864904974876
nobgs	V0.5_c1	3	7	emmax_consensus	spatial	200	0.735	4	0	0	0			0.0414823629920688	2.23592727407968e-05	0.0335864904974876
nobgs	V0.5_c1	3	7	emmax_simes	group	200	0.265	2	1	1	0	0.265	0	0.0414823629920688	2.23592727407968e-05	0.0335864904974876
nobgs	V0.5_c1	3	7	emmax_simes	mvn	200	0.09	4	1	1	0	0.09	0	0.0414823629920688	2.23592727407968e-05	0.0335864904974876
nobgs	V0.5_c1	3	7	emmax_simes	spatial	200	0.61	4	1	1	0	0.61	0	0.0414823629920688	2.23592727407968e-05	0.0335864904974876
nobgs	V0.5_c1	3	8	emmax_consensus	group	200	3.23	9	6	2	4	0.538333333333333	0.666666666666667	0.0399225671785342	2.30980655187994e-05	0.0290846479594211
nobgs	V0.5_c1	3	8	emmax_consensus	mvn	200	0.075	2	6	2	4	0.0125	0.666666666666667	0.0399225671785342	2.30980655187994e-05	0.0290846479594211
nobgs	V0.5_c1	3	8	emmax_consensus	spatial	200	0.695	9	6	2	4	0.115833333333333	0.666666666666667	0.0399225671785342	2.30980655187994e-05	0.0290846479594211
nobgs	V0.5_c1	3	8	emmax_simes	group	200	3.265	9	6	2	4	0.544166666666667	0.666666666666667	0.0399225671785342	2.30980655187994e-05	0.0290846479594211
nobgs	V0.5_c1	3	8	emmax_simes	mvn	200	0.075	2	6	2	4	0.0125	0.666666666666667	0.0399225671785342	2.30980655187994e-05	0.0290846479594211
nobgs	V0.5_c1	3	8	emmax_simes	spatial	200	0.76	9	6	2	4	0.126666666666667	0.666666666666667	0.0399225671785342	2.30980655187994e-05	0.0290846479594211
nobgs	V0.5_c1	3	9	emmax_consensus	group	200	1.185	4	3	1	2	0.395	0.666666666666667	0.0487613521079233	2.50737732327211e-05	0.0338195040790039
nobgs	V0.5_c1	3	9	emmax_consensus	mvn	200	0.05	1	3	1	2	0.0166666666666667	0.666666666666667	0.0487613521079233	2.50737732327211e-05	0.0338195040790039
nobgs	V0.5_c1	3	9	emmax_consensus	spatial	200	1.845	9	3	1	2	0.615	0.666666666666667	0.0487613521079233	2.50737732327211e-05	0.0338195040790039
nobgs	V0.5_c1	3	9	emmax_simes	group	200	1.14	3	1	1	0	1.14	0	0.0487613521079233	2.50737732327211e-05	0.0338195040790039
nobgs	V0.5_c1	3	9	emmax_simes	mvn	200	0.035	1	1	1	0	0.035	0	0.0487613521079233	2.50737732327211e-05	0.0338195040790039
nobgs	V0.5_c1	3	9	emmax_simes	spatial	200	1.61	9	1	1	0	1.61	0	0.0487613521079233	2.50737732327211e-05	0.0338195040790039
nobgs	V0.5_c1	3	10	emmax_consensus	group	200	0.265	3	0	0	0			0.0411853308297018	2.43752459614546e-05	0.0293285469260691
nobgs	V0.5_c1	3	10	emmax_consensus	mvn	200	0.035	2	0	0	0			0.0411853308297018	2.43752459614546e-05	0.0293285469260691
nobgs	V0.5_c1	3	10	emmax_consensus	spatial	200	0.275	3	0	0	0			0.0411853308297018	2.43752459614546e-05	0.0293285469260691
nobgs	V0.5_c1	3	10	emmax_simes	group	200	0.385	3	0	0	0			0.0411853308297018	2.43752459614546e-05	0.0293285469260691
nobgs	V0.5_c1	3	10	emmax_simes	mvn	200	0.03	1	0	0	0			0.0411853308297018	2.43752459614546e-05	0.0293285469260691
nobgs	V0.5_c1	3	10	emmax_simes	spatial	200	0.215	2	0	0	0			0.0411853308297018	2.43752459614546e-05	0.0293285469260691
nobgs	V0.5_c1	5	1	emmax_consensus	group	200	1.24	6	0	0	0			0.0511963794288069	2.40944918481308e-05	0.0302787853610845
nobgs	V0.5_c1	5	1	emmax_consensus	mvn	200	0.035	2	0	0	0			0.0511963794288069	2.40944918481308e-05	0.0302787853610845
nobgs	V0.5_c1	5	1	emmax_consensus	spatial	200	0.365	5	0	0	0			0.0511963794288069	2.40944918481308e-05	0.0302787853610845
nobgs	V0.5_c1	5	1	emmax_simes	group	200	1.025	5	0	0	0			0.0511963794288069	2.40944918481308e-05	0.0302787853610845
nobgs	V0.5_c1	5	1	emmax_simes	mvn	200	0.035	1	0	0	0			0.0511963794288069	2.40944918481308e-05	0.0302787853610845
nobgs	V0.5_c1	5	1	emmax_simes	spatial	200	0.575	7	0	0	0			0.0511963794288069	2.40944918481308e-05	0.0302787853610845
nobgs	V0.5_c1	5	2	emmax_consensus	group	200	0.95	3	1	1	0	0.95	0	0.0394401111755005	1.7501673072871e-05	0.0297194681868219
nobgs	V0.5_c1	5	2	emmax_consensus	mvn	200	0.055	3	1	1	0	0.055	0	0.0394401111755005	1.7501673072871e-05	0.0297194681868219
nobgs	V0.5_c1	5	2	emmax_consensus	spatial	200	0.19	4	1	1	0	0.19	0	0.0394401111755005	1.7501673072871e-05	0.0297194681868219
nobgs	V0.5_c1	5	2	emmax_simes	group	200	0.99	3	1	1	0	0.99	0	0.0394401111755005	1.7501673072871e-05	0.0297194681868219
nobgs	V0.5_c1	5	2	emmax_simes	mvn	200	0.04	2	1	1	0	0.04	0	0.0394401111755005	1.7501673072871e-05	0.0297194681868219
nobgs	V0.5_c1	5	2	emmax_simes	spatial	200	0.185	3	1	1	0	0.185	0	0.0394401111755005	1.7501673072871e-05	0.0297194681868219
nobgs	V0.5_c1	5	3	emmax_consensus	group	200	4.705	11	9	4	5	0.522777777777778	0.555555555555556	0.0380930900053425	2.36884123131693e-05	0.040125624833271
nobgs	V0.5_c1	5	3	emmax_consensus	mvn	200	0.1	3	9	4	5	0.0111111111111111	0.555555555555556	0.0380930900053425	2.36884123131693e-05	0.040125624833271
nobgs	V0.5_c1	5	3	emmax_consensus	spatial	200	0.13	3	9	4	5	0.0144444444444444	0.555555555555556	0.0380930900053425	2.36884123131693e-05	0.040125624833271
nobgs	V0.5_c1	5	3	emmax_simes	group	200	5.28	13	11	6	5	0.48	0.454545454545455	0.0380930900053425	2.36884123131693e-05	0.040125624833271
nobgs	V0.5_c1	5	3	emmax_simes	mvn	200	0.08	4	11	6	5	0.00727272727272727	0.454545454545455	0.0380930900053425	2.36884123131693e-05	0.040125624833271
nobgs	V0.5_c1	5	3	emmax_simes	spatial	200	0.14	2	11	6	5	0.0127272727272727	0.454545454545455	0.0380930900053425	2.36884123131693e-05	0.040125624833271
nobgs	V0.5_c1	5	4	emmax_consensus	group	200	1.065	3	1	1	0	1.065	0	0.0450865460031773	2.78028280179813e-05	0.0298004154285033
nobgs	V0.5_c1	5	4	emmax_consensus	mvn	200	0.05	1	1	1	0	0.05	0	0.0450865460031773	2.78028280179813e-05	0.0298004154285033
nobgs	V0.5_c1	5	4	emmax_consensus	spatial	200	0.18	5	1	1	0	0.18	0	0.0450865460031773	2.78028280179813e-05	0.0298004154285033
nobgs	V0.5_c1	5	4	emmax_simes	group	200	1.055	3	1	1	0	1.055	0	0.0450865460031773	2.78028280179813e-05	0.0298004154285033
nobgs	V0.5_c1	5	4	emmax_simes	mvn	200	0.045	2	1	1	0	0.045	0	0.0450865460031773	2.78028280179813e-05	0.0298004154285033
nobgs	V0.5_c1	5	4	emmax_simes	spatial	200	0.1	3	1	1	0	0.1	0	0.0450865460031773	2.78028280179813e-05	0.0298004154285033
nobgs	V0.5_c1	5	5	emmax_consensus	group	200	0.045	1	0	0	0			0.043389224982366	2.29852709393513e-05	0.0384828586048098
nobgs	V0.5_c1	5	5	emmax_consensus	mvn	200	0.01	1	0	0	0			0.043389224982366	2.29852709393513e-05	0.0384828586048098
nobgs	V0.5_c1	5	5	emmax_consensus	spatial	200	0.61	5	0	0	0			0.043389224982366	2.29852709393513e-05	0.0384828586048098
nobgs	V0.5_c1	5	5	emmax_simes	group	200	0.025	1	0	0	0			0.043389224982366	2.29852709393513e-05	0.0384828586048098
nobgs	V0.5_c1	5	5	emmax_simes	mvn	200	0.025	1	0	0	0			0.043389224982366	2.29852709393513e-05	0.0384828586048098
nobgs	V0.5_c1	5	5	emmax_simes	spatial	200	0.575	6	0	0	0			0.043389224982366	2.29852709393513e-05	0.0384828586048098
nobgs	V0.5_c1	5	6	emmax_consensus	group	200	3.555	13	4	4	0	0.88875	0	0.0558298170122479	2.61509849193629e-05	0.0286738339992857
nobgs	V0.5_c1	5	6	emmax_consensus	mvn	200	0.04	2	4	4	0	0.01	0	0.0558298170122479	2.61509849193629e-05	0.0286738339992857
nobgs	V0.5_c1	5	6	emmax_consensus	spatial	200	0	0	4	4	0	0	0	0.0558298170122479	2.61509849193629e-05	0.0286738339992857
nobgs	V0.5_c1	5	6	emmax_simes	group	200	3.325	9	3	2	1	1.10833333333333	0.333333333333333	0.0558298170122479	2.61509849193629e-05	0.0286738339992857
nobgs	V0.5_c1	5	6	emmax_simes	mvn	200	0.025	2	3	2	1	0.00833333333333333	0.333333333333333	0.0558298170122479	2.61509849193629e-05	0.0286738339992857
nobgs	V0.5_c1	5	6	emmax_simes	spatial	200	0.05	1	3	2	1	0.0166666666666667	0.333333333333333	0.0558298170122479	2.61509849193629e-05	0.0286738339992857
nobgs	V0.5_c1	5	7	emmax_consensus	group	200	1.18	3	1	1	0	1.18	0	0.0343386161298178	2.86268548329585e-05	0.0382429562244007
nobgs	V0.5_c1	5	7	emmax_consensus	mvn	200	0.08	2	1	1	0	0.08	0	0.0343386161298178	2.86268548329585e-05	0.0382429562244007
nobgs	V0.5_c1	5	7	emmax_consensus	spatial	200	0.615	5	1	1	0	0.615	0	0.0343386161298178	2.86268548329585e-05	0.0382429562244007
nobgs	V0.5_c1	5	7	emmax_simes	group	200	1.055	2	1	1	0	1.055	0	0.0343386161298178	2.86268548329585e-05	0.0382429562244007
nobgs	V0.5_c1	5	7	emmax_simes	mvn	200	0.07	2	1	1	0	0.07	0	0.0343386161298178	2.86268548329585e-05	0.0382429562244007
nobgs	V0.5_c1	5	7	emmax_simes	spatial	200	0.5	3	1	1	0	0.5	0	0.0343386161298178	2.86268548329585e-05	0.0382429562244007
nobgs	V0.5_c1	5	8	emmax_consensus	group	200	0.075	3	0	0	0			0.0296024619822781	1.99449502234574e-05	0.0331109187192177
nobgs	V0.5_c1	5	8	emmax_consensus	mvn	200	0.035	1	0	0	0			0.0296024619822781	1.99449502234574e-05	0.0331109187192177
nobgs	V0.5_c1	5	8	emmax_consensus	spatial	200	0.215	3	0	0	0			0.0296024619822781	1.99449502234574e-05	0.0331109187192177
nobgs	V0.5_c1	5	8	emmax_simes	group	200	0.075	2	0	0	0			0.0296024619822781	1.99449502234574e-05	0.0331109187192177
nobgs	V0.5_c1	5	8	emmax_simes	mvn	200	0.025	1	0	0	0			0.0296024619822781	1.99449502234574e-05	0.0331109187192177
nobgs	V0.5_c1	5	8	emmax_simes	spatial	200	0.27	4	0	0	0			0.0296024619822781	1.99449502234574e-05	0.0331109187192177
nobgs	V0.5_c1	5	9	emmax_consensus	group	200	0.02	1	0	0	0			0.0418704329068375	2.65633814070559e-05	0.0294468053994495
nobgs	V0.5_c1	5	9	emmax_consensus	mvn	200	0.05	2	0	0	0			0.0418704329068375	2.65633814070559e-05	0.0294468053994495
nobgs	V0.5_c1	5	9	emmax_consensus	spatial	200	0.415	4	0	0	0			0.0418704329068375	2.65633814070559e-05	0.0294468053994495
nobgs	V0.5_c1	5	9	emmax_simes	group	200	0.03	1	0	0	0			0.0418704329068375	2.65633814070559e-05	0.0294468053994495
nobgs	V0.5_c1	5	9	emmax_simes	mvn	200	0.05	2	0	0	0			0.0418704329068375	2.65633814070559e-05	0.0294468053994495
nobgs	V0.5_c1	5	9	emmax_simes	spatial	200	0.25	4	0	0	0			0.0418704329068375	2.65633814070559e-05	0.0294468053994495
nobgs	V0.5_c1	5	10	emmax_consensus	group	200	0.71	4	1	1	0	0.71	0	0.0481764941268405	2.48440315329937e-05	0.0314537846570863
nobgs	V0.5_c1	5	10	emmax_consensus	mvn	200	0.06	2	1	1	0	0.06	0	0.0481764941268405	2.48440315329937e-05	0.0314537846570863
nobgs	V0.5_c1	5	10	emmax_consensus	spatial	200	0.275	3	1	1	0	0.275	0	0.0481764941268405	2.48440315329937e-05	0.0314537846570863
nobgs	V0.5_c1	5	10	emmax_simes	group	200	0.67	3	2	2	0	0.335	0	0.0481764941268405	2.48440315329937e-05	0.0314537846570863
nobgs	V0.5_c1	5	10	emmax_simes	mvn	200	0.045	1	2	2	0	0.0225	0	0.0481764941268405	2.48440315329937e-05	0.0314537846570863
nobgs	V0.5_c1	5	10	emmax_simes	spatial	200	0.24	4	2	2	0	0.12	0	0.0481764941268405	2.48440315329937e-05	0.0314537846570863
nobgs	V0.5_c1	6	1	emmax_consensus	group	200	0.215	4	0	0	0			0.0402521945694759	2.73752549658194e-05	0.0309713529360667
nobgs	V0.5_c1	6	1	emmax_consensus	mvn	200	0.085	2	0	0	0			0.0402521945694759	2.73752549658194e-05	0.0309713529360667
nobgs	V0.5_c1	6	1	emmax_consensus	spatial	200	0.305	5	0	0	0			0.0402521945694759	2.73752549658194e-05	0.0309713529360667
nobgs	V0.5_c1	6	1	emmax_simes	group	200	0.185	6	0	0	0			0.0402521945694759	2.73752549658194e-05	0.0309713529360667
nobgs	V0.5_c1	6	1	emmax_simes	mvn	200	0.06	2	0	0	0			0.0402521945694759	2.73752549658194e-05	0.0309713529360667
nobgs	V0.5_c1	6	1	emmax_simes	spatial	200	0.215	5	0	0	0			0.0402521945694759	2.73752549658194e-05	0.0309713529360667
nobgs	V0.5_c1	6	2	emmax_consensus	group	200	1.41	4	3	1	2	0.47	0.666666666666667	0.040302937920152	2.68378672456569e-05	0.0292531983969815
nobgs	V0.5_c1	6	2	emmax_consensus	mvn	200	0.07	3	3	1	2	0.0233333333333333	0.666666666666667	0.040302937920152	2.68378672456569e-05	0.0292531983969815
nobgs	V0.5_c1	6	2	emmax_consensus	spatial	200	0.545	4	3	1	2	0.181666666666667	0.666666666666667	0.040302937920152	2.68378672456569e-05	0.0292531983969815
nobgs	V0.5_c1	6	2	emmax_simes	group	200	1.565	5	3	1	2	0.521666666666667	0.666666666666667	0.040302937920152	2.68378672456569e-05	0.0292531983969815
nobgs	V0.5_c1	6	2	emmax_simes	mvn	200	0.06	2	3	1	2	0.02	0.666666666666667	0.040302937920152	2.68378672456569e-05	0.0292531983969815
nobgs	V0.5_c1	6	2	emmax_simes	spatial	200	0.625	4	3	1	2	0.208333333333333	0.666666666666667	0.040302937920152	2.68378672456569e-05	0.0292531983969815
nobgs	V0.5_c1	6	3	emmax_consensus	group	200	3.88	7	3	2	1	1.29333333333333	0.333333333333333	0.0447461706896727	2.91468581917277e-05	0.0297944848426869
nobgs	V0.5_c1	6	3	emmax_consensus	mvn	200	0.065	2	3	2	1	0.0216666666666667	0.333333333333333	0.0447461706896727	2.91468581917277e-05	0.0297944848426869
nobgs	V0.5_c1	6	3	emmax_consensus	spatial	200	2.175	12	3	2	1	0.725	0.333333333333333	0.0447461706896727	2.91468581917277e-05	0.0297944848426869
nobgs	V0.5_c1	6	3	emmax_simes	group	200	4.135	7	4	2	2	1.03375	0.5	0.0447461706896727	2.91468581917277e-05	0.0297944848426869
nobgs	V0.5_c1	6	3	emmax_simes	mvn	200	0.04	2	4	2	2	0.01	0.5	0.0447461706896727	2.91468581917277e-05	0.0297944848426869
nobgs	V0.5_c1	6	3	emmax_simes	spatial	200	2.24	11	4	2	2	0.56	0.5	0.0447461706896727	2.91468581917277e-05	0.0297944848426869
nobgs	V0.5_c1	6	4	emmax_consensus	group	200	2.05	5	2	2	0	1.025	0	0.0316562749707848	3.16428091569302e-05	0.0281305803008371
nobgs	V0.5_c1	6	4	emmax_consensus	mvn	200	0.085	3	2	2	0	0.0425	0	0.0316562749707848	3.16428091569302e-05	0.0281305803008371
nobgs	V0.5_c1	6	4	emmax_consensus	spatial	200	0.395	4	2	2	0	0.1975	0	0.0316562749707848	3.16428091569302e-05	0.0281305803008371
nobgs	V0.5_c1	6	4	emmax_simes	group	200	1.91	5	2	2	0	0.955	0	0.0316562749707848	3.16428091569302e-05	0.0281305803008371
nobgs	V0.5_c1	6	4	emmax_simes	mvn	200	0.07	2	2	2	0	0.035	0	0.0316562749707848	3.16428091569302e-05	0.0281305803008371
nobgs	V0.5_c1	6	4	emmax_simes	spatial	200	0.405	4	2	2	0	0.2025	0	0.0316562749707848	3.16428091569302e-05	0.0281305803008371
nobgs	V0.5_c1	6	5	emmax_consensus	group	200	3.445	8	6	2	4	0.574166666666667	0.666666666666667	0.050783714513128	2.47090604274616e-05	0.03125
nobgs	V0.5_c1	6	5	emmax_consensus	mvn	200	0.08	2	6	2	4	0.0133333333333333	0.666666666666667	0.050783714513128	2.47090604274616e-05	0.03125
nobgs	V0.5_c1	6	5	emmax_consensus	spatial	200	0.34	4	6	2	4	0.0566666666666667	0.666666666666667	0.050783714513128	2.47090604274616e-05	0.03125
nobgs	V0.5_c1	6	5	emmax_simes	group	200	3.25	7	6	1	5	0.541666666666667	0.833333333333333	0.050783714513128	2.47090604274616e-05	0.03125
nobgs	V0.5_c1	6	5	emmax_simes	mvn	200	0.085	3	6	1	5	0.0141666666666667	0.833333333333333	0.050783714513128	2.47090604274616e-05	0.03125
nobgs	V0.5_c1	6	5	emmax_simes	spatial	200	0.36	4	6	1	5	0.06	0.833333333333333	0.050783714513128	2.47090604274616e-05	0.03125
nobgs	V0.5_c1	6	6	emmax_consensus	group	200	1.875	6	3	0	3	0.625	1	0.0351732119531746	2.75453654019881e-05	0.0298340161876919
nobgs	V0.5_c1	6	6	emmax_consensus	mvn	200	0.05	4	3	0	3	0.0166666666666667	1	0.0351732119531746	2.75453654019881e-05	0.0298340161876919
nobgs	V0.5_c1	6	6	emmax_consensus	spatial	200	0.195	2	3	0	3	0.065	1	0.0351732119531746	2.75453654019881e-05	0.0298340161876919
nobgs	V0.5_c1	6	6	emmax_simes	group	200	1.655	6	3	0	3	0.551666666666667	1	0.0351732119531746	2.75453654019881e-05	0.0298340161876919
nobgs	V0.5_c1	6	6	emmax_simes	mvn	200	0.03	2	3	0	3	0.01	1	0.0351732119531746	2.75453654019881e-05	0.0298340161876919
nobgs	V0.5_c1	6	6	emmax_simes	spatial	200	0.15	3	3	0	3	0.05	1	0.0351732119531746	2.75453654019881e-05	0.0298340161876919
nobgs	V0.5_c1	6	7	emmax_consensus	group	200	1.145	3	1	1	0	1.145	0	0.047601341152417	2.68987804326486e-05	0.0300440652376939
nobgs	V0.5_c1	6	7	emmax_consensus	mvn	200	0.055	3	1	1	0	0.055	0	0.047601341152417	2.68987804326486e-05	0.0300440652376939
nobgs	V0.5_c1	6	7	emmax_consensus	spatial	200	0.34	5	1	1	0	0.34	0	0.047601341152417	2.68987804326486e-05	0.0300440652376939
nobgs	V0.5_c1	6	7	emmax_simes	group	200	1.145	3	1	1	0	1.145	0	0.047601341152417	2.68987804326486e-05	0.0300440652376939
nobgs	V0.5_c1	6	7	emmax_simes	mvn	200	0.06	2	1	1	0	0.06	0	0.047601341152417	2.68987804326486e-05	0.0300440652376939
nobgs	V0.5_c1	6	7	emmax_simes	spatial	200	0.215	4	1	1	0	0.215	0	0.047601341152417	2.68987804326486e-05	0.0300440652376939
nobgs	V0.5_c1	6	8	emmax_consensus	group	200	6.035	15	2	1	1	3.0175	0.5	0.0513592289007944	2.10937472686393e-05	0.0320577499873847
nobgs	V0.5_c1	6	8	emmax_consensus	mvn	200	0.055	2	2	1	1	0.0275	0.5	0.0513592289007944	2.10937472686393e-05	0.0320577499873847
nobgs	V0.5_c1	6	8	emmax_consensus	spatial	200	0.935	7	2	1	1	0.4675	0.5	0.0513592289007944	2.10937472686393e-05	0.0320577499873847
nobgs	V0.5_c1	6	8	emmax_simes	group	200	5.935	13	2	1	1	2.9675	0.5	0.0513592289007944	2.10937472686393e-05	0.0320577499873847
nobgs	V0.5_c1	6	8	emmax_simes	mvn	200	0.05	1	2	1	1	0.025	0.5	0.0513592289007944	2.10937472686393e-05	0.0320577499873847
nobgs	V0.5_c1	6	8	emmax_simes	spatial	200	0.955	6	2	1	1	0.4775	0.5	0.0513592289007944	2.10937472686393e-05	0.0320577499873847
nobgs	V0.5_c1	6	9	emmax_consensus	group	200	0.04	1	0	0	0			0.0431943277842328	2.58800796167344e-05	0.0303488373397237
nobgs	V0.5_c1	6	9	emmax_consensus	mvn	200	0.055	2	0	0	0			0.0431943277842328	2.58800796167344e-05	0.0303488373397237
nobgs	V0.5_c1	6	9	emmax_consensus	spatial	200	0.265	3	0	0	0			0.0431943277842328	2.58800796167344e-05	0.0303488373397237
nobgs	V0.5_c1	6	9	emmax_simes	group	200	0.03	1	0	0	0			0.0431943277842328	2.58800796167344e-05	0.0303488373397237
nobgs	V0.5_c1	6	9	emmax_simes	mvn	200	0.03	1	0	0	0			0.0431943277842328	2.58800796167344e-05	0.0303488373397237
nobgs	V0.5_c1	6	9	emmax_simes	spatial	200	0.38	3	0	0	0			0.0431943277842328	2.58800796167344e-05	0.0303488373397237
nobgs	V0.5_c1	6	10	emmax_consensus	group	200	0.085	2	0	0	0			0.0318134466698819	2.8388851491861e-05	0.028701213882114
nobgs	V0.5_c1	6	10	emmax_consensus	mvn	200	0.045	2	0	0	0			0.0318134466698819	2.8388851491861e-05	0.028701213882114
nobgs	V0.5_c1	6	10	emmax_consensus	spatial	200	1.525	6	0	0	0			0.0318134466698819	2.8388851491861e-05	0.028701213882114
nobgs	V0.5_c1	6	10	emmax_simes	group	200	0.045	2	0	0	0			0.0318134466698819	2.8388851491861e-05	0.028701213882114
nobgs	V0.5_c1	6	10	emmax_simes	mvn	200	0.035	1	0	0	0			0.0318134466698819	2.8388851491861e-05	0.028701213882114
nobgs	V0.5_c1	6	10	emmax_simes	spatial	200	1.36	6	0	0	0			0.0318134466698819	2.8388851491861e-05	0.028701213882114
nobgs	V0.5_c1	8	1	emmax_consensus	group	200	0.1	2	0	0	0			0.0480879701095477	2.3349435335534e-05	0.0360270065451784
nobgs	V0.5_c1	8	1	emmax_consensus	mvn	200	0.045	1	0	0	0			0.0480879701095477	2.3349435335534e-05	0.0360270065451784
nobgs	V0.5_c1	8	1	emmax_consensus	spatial	200	3.085	19	0	0	0			0.0480879701095477	2.3349435335534e-05	0.0360270065451784
nobgs	V0.5_c1	8	1	emmax_simes	group	200	0.135	4	1	0	1	0.135	1	0.0480879701095477	2.3349435335534e-05	0.0360270065451784
nobgs	V0.5_c1	8	1	emmax_simes	mvn	200	0.03	1	1	0	1	0.03	1	0.0480879701095477	2.3349435335534e-05	0.0360270065451784
nobgs	V0.5_c1	8	1	emmax_simes	spatial	200	2.605	14	1	0	1	2.605	1	0.0480879701095477	2.3349435335534e-05	0.0360270065451784
nobgs	V0.5_c1	8	2	emmax_consensus	group	200	2.77	8	1	1	0	2.77	0	0.0450531550110998	2.61052738185281e-05	0.0291827221039584
nobgs	V0.5_c1	8	2	emmax_consensus	mvn	200	0.075	2	1	1	0	0.075	0	0.0450531550110998	2.61052738185281e-05	0.0291827221039584
nobgs	V0.5_c1	8	2	emmax_consensus	spatial	200	1.65	10	1	1	0	1.65	0	0.0450531550110998	2.61052738185281e-05	0.0291827221039584
nobgs	V0.5_c1	8	2	emmax_simes	group	200	2.53	8	1	1	0	2.53	0	0.0450531550110998	2.61052738185281e-05	0.0291827221039584
nobgs	V0.5_c1	8	2	emmax_simes	mvn	200	0.05	1	1	1	0	0.05	0	0.0450531550110998	2.61052738185281e-05	0.0291827221039584
nobgs	V0.5_c1	8	2	emmax_simes	spatial	200	1.38	9	1	1	0	1.38	0	0.0450531550110998	2.61052738185281e-05	0.0291827221039584
nobgs	V0.5_c1	8	3	emmax_consensus	group	200	3.32	7	5	4	1	0.664	0.2	0.0434228230253197	2.26105573229914e-05	0.03286179838695
nobgs	V0.5_c1	8	3	emmax_consensus	mvn	200	0.095	2	5	4	1	0.019	0.2	0.0434228230253197	2.26105573229914e-05	0.03286179838695
nobgs	V0.5_c1	8	3	emmax_consensus	spatial	200	0.33	3	5	4	1	0.066	0.2	0.0434228230253197	2.26105573229914e-05	0.03286179838695
nobgs	V0.5_c1	8	3	emmax_simes	group	200	2.66	6	3	3	0	0.886666666666667	0	0.0434228230253197	2.26105573229914e-05	0.03286179838695
nobgs	V0.5_c1	8	3	emmax_simes	mvn	200	0.075	2	3	3	0	0.025	0	0.0434228230253197	2.26105573229914e-05	0.03286179838695
nobgs	V0.5_c1	8	3	emmax_simes	spatial	200	0.18	2	3	3	0	0.06	0	0.0434228230253197	2.26105573229914e-05	0.03286179838695
nobgs	V0.5_c1	8	4	emmax_consensus	group	200	0.925	4	1	1	0	0.925	0	0.0471215679335565	2.26889242112295e-05	0.0316662108263013
nobgs	V0.5_c1	8	4	emmax_consensus	mvn	200	0.04	1	1	1	0	0.04	0	0.0471215679335565	2.26889242112295e-05	0.0316662108263013
nobgs	V0.5_c1	8	4	emmax_consensus	spatial	200	0.035	2	1	1	0	0.035	0	0.0471215679335565	2.26889242112295e-05	0.0316662108263013
nobgs	V0.5_c1	8	4	emmax_simes	group	200	0.62	4	1	1	0	0.62	0	0.0471215679335565	2.26889242112295e-05	0.0316662108263013
nobgs	V0.5_c1	8	4	emmax_simes	mvn	200	0.025	1	1	1	0	0.025	0	0.0471215679335565	2.26889242112295e-05	0.0316662108263013
nobgs	V0.5_c1	8	4	emmax_simes	spatial	200	0.035	1	1	1	0	0.035	0	0.0471215679335565	2.26889242112295e-05	0.0316662108263013
nobgs	V0.5_c1	8	5	emmax_consensus	group	200	0.29	3	0	0	0			0.0469606244476005	2.21771423178105e-05	0.029877313217929
nobgs	V0.5_c1	8	5	emmax_consensus	mvn	200	0.035	1	0	0	0			0.0469606244476005	2.21771423178105e-05	0.029877313217929
nobgs	V0.5_c1	8	5	emmax_consensus	spatial	200	1.345	7	0	0	0			0.0469606244476005	2.21771423178105e-05	0.029877313217929
nobgs	V0.5_c1	8	5	emmax_simes	group	200	0.575	2	1	1	0	0.575	0	0.0469606244476005	2.21771423178105e-05	0.029877313217929
nobgs	V0.5_c1	8	5	emmax_simes	mvn	200	0.025	1	1	1	0	0.025	0	0.0469606244476005	2.21771423178105e-05	0.029877313217929
nobgs	V0.5_c1	8	5	emmax_simes	spatial	200	1.15	6	1	1	0	1.15	0	0.0469606244476005	2.21771423178105e-05	0.029877313217929
nobgs	V0.5_c1	8	6	emmax_consensus	group	200	0.98	6	4	1	3	0.245	0.75	0.0380068282748259	2.39781160719514e-05	0.029769650490257
nobgs	V0.5_c1	8	6	emmax_consensus	mvn	200	0.04	1	4	1	3	0.01	0.75	0.0380068282748259	2.39781160719514e-05	0.029769650490257
nobgs	V0.5_c1	8	6	emmax_consensus	spatial	200	0.555	7	4	1	3	0.13875	0.75	0.0380068282748259	2.39781160719514e-05	0.029769650490257
nobgs	V0.5_c1	8	6	emmax_simes	group	200	0.89	5	3	1	2	0.296666666666667	0.666666666666667	0.0380068282748259	2.39781160719514e-05	0.029769650490257
nobgs	V0.5_c1	8	6	emmax_simes	mvn	200	0.06	2	3	1	2	0.02	0.666666666666667	0.0380068282748259	2.39781160719514e-05	0.029769650490257
nobgs	V0.5_c1	8	6	emmax_simes	spatial	200	0.705	6	3	1	2	0.235	0.666666666666667	0.0380068282748259	2.39781160719514e-05	0.029769650490257
nobgs	V0.5_c1	8	7	emmax_consensus	group	200	1.84	4	1	1	0	1.84	0	0.0392148816459202	2.28625564354761e-05	0.0295141838903135
nobgs	V0.5_c1	8	7	emmax_consensus	mvn	200	0.03	1	1	1	0	0.03	0	0.0392148816459202	2.28625564354761e-05	0.0295141838903135
nobgs	V0.5_c1	8	7	emmax_consensus	spatial	200	0.11	1	1	1	0	0.11	0	0.0392148816459202	2.28625564354761e-05	0.0295141838903135
nobgs	V0.5_c1	8	7	emmax_simes	group	200	1.835	6	2	1	1	0.9175	0.5	0.0392148816459202	2.28625564354761e-05	0.0295141838903135
nobgs	V0.5_c1	8	7	emmax_simes	mvn	200	0.03	1	2	1	1	0.015	0.5	0.0392148816459202	2.28625564354761e-05	0.0295141838903135
nobgs	V0.5_c1	8	7	emmax_simes	spatial	200	0.105	2	2	1	1	0.0525	0.5	0.0392148816459202	2.28625564354761e-05	0.0295141838903135
nobgs	V0.5_c1	8	8	emmax_consensus	group	200	2.79	7	4	2	2	0.6975	0.5	0.050853760732542	2.27469526905611e-05	0.0306939083466644
nobgs	V0.5_c1	8	8	emmax_consensus	mvn	200	0.035	1	4	2	2	0.00875	0.5	0.050853760732542	2.27469526905611e-05	0.0306939083466644
nobgs	V0.5_c1	8	8	emmax_consensus	spatial	200	0.655	7	4	2	2	0.16375	0.5	0.050853760732542	2.27469526905611e-05	0.0306939083466644
nobgs	V0.5_c1	8	8	emmax_simes	group	200	2.835	7	3	2	1	0.945	0.333333333333333	0.050853760732542	2.27469526905611e-05	0.0306939083466644
nobgs	V0.5_c1	8	8	emmax_simes	mvn	200	0.04	3	3	2	1	0.0133333333333333	0.333333333333333	0.050853760732542	2.27469526905611e-05	0.0306939083466644
nobgs	V0.5_c1	8	8	emmax_simes	spatial	200	0.665	7	3	2	1	0.221666666666667	0.333333333333333	0.050853760732542	2.27469526905611e-05	0.0306939083466644
nobgs	V0.5_c1	8	9	emmax_consensus	group	200	0.655	3	1	1	0	0.655	0	0.0527622531404479	2.30571429848559e-05	0.0323816823146197
nobgs	V0.5_c1	8	9	emmax_consensus	mvn	200	0.065	2	1	1	0	0.065	0	0.0527622531404479	2.30571429848559e-05	0.0323816823146197
nobgs	V0.5_c1	8	9	emmax_consensus	spatial	200	2.355	12	1	1	0	2.355	0	0.0527622531404479	2.30571429848559e-05	0.0323816823146197
nobgs	V0.5_c1	8	9	emmax_simes	group	200	0.54	3	1	1	0	0.54	0	0.0527622531404479	2.30571429848559e-05	0.0323816823146197
nobgs	V0.5_c1	8	9	emmax_simes	mvn	200	0.055	1	1	1	0	0.055	0	0.0527622531404479	2.30571429848559e-05	0.0323816823146197
nobgs	V0.5_c1	8	9	emmax_simes	spatial	200	2.045	12	1	1	0	2.045	0	0.0527622531404479	2.30571429848559e-05	0.0323816823146197
nobgs	V0.5_c1	8	10	emmax_consensus	group	200	0.67	4	1	1	0	0.67	0	0.0410047805584552	2.41433556050419e-05	0.0317978098253542
nobgs	V0.5_c1	8	10	emmax_consensus	mvn	200	0.03	2	1	1	0	0.03	0	0.0410047805584552	2.41433556050419e-05	0.0317978098253542
nobgs	V0.5_c1	8	10	emmax_consensus	spatial	200	0.44	6	1	1	0	0.44	0	0.0410047805584552	2.41433556050419e-05	0.0317978098253542
nobgs	V0.5_c1	8	10	emmax_simes	group	200	0.605	4	1	1	0	0.605	0	0.0410047805584552	2.41433556050419e-05	0.0317978098253542
nobgs	V0.5_c1	8	10	emmax_simes	mvn	200	0.015	1	1	1	0	0.015	0	0.0410047805584552	2.41433556050419e-05	0.0317978098253542
nobgs	V0.5_c1	8	10	emmax_simes	spatial	200	0.39	7	1	1	0	0.39	0	0.0410047805584552	2.41433556050419e-05	0.0317978098253542
nobgs	V0.5_c1.5	2	1	emmax_consensus	group	200	0.125	2	0	0	0			0.298295264680689		
nobgs	V0.5_c1.5	2	1	emmax_consensus	mvn	200	0.055	2	0	0	0			0.298295264680689		
nobgs	V0.5_c1.5	2	1	emmax_consensus	spatial	200	6.92	39	0	0	0			0.298295264680689		
nobgs	V0.5_c1.5	2	1	emmax_simes	group	200	0.135	2	0	0	0			0.298295264680689		
nobgs	V0.5_c1.5	2	1	emmax_simes	mvn	200	0.085	2	0	0	0			0.298295264680689		
nobgs	V0.5_c1.5	2	1	emmax_simes	spatial	200	5.38	32	0	0	0			0.298295264680689		
nobgs	V0.5_c1.5	2	2	emmax_consensus	group	200	3.445	12	4	0	4	0.86125	1	0.266136258075555		
nobgs	V0.5_c1.5	2	2	emmax_consensus	mvn	200	0.1	3	4	0	4	0.025	1	0.266136258075555		
nobgs	V0.5_c1.5	2	2	emmax_consensus	spatial	200	8.215	41	4	0	4	2.05375	1	0.266136258075555		
nobgs	V0.5_c1.5	2	2	emmax_simes	group	200	3.17	13	2	0	2	1.585	1	0.266136258075555		
nobgs	V0.5_c1.5	2	2	emmax_simes	mvn	200	0.095	3	2	0	2	0.0475	1	0.266136258075555		
nobgs	V0.5_c1.5	2	2	emmax_simes	spatial	200	6.16	40	2	0	2	3.08	1	0.266136258075555		
nobgs	V0.5_c1.5	2	3	emmax_consensus	group	200	1.105	6	1	0	1	1.105	1	0.302487169023176		
nobgs	V0.5_c1.5	2	3	emmax_consensus	mvn	200	0.06	2	1	0	1	0.06	1	0.302487169023176		
nobgs	V0.5_c1.5	2	3	emmax_consensus	spatial	200	12.695	51	1	0	1	12.695	1	0.302487169023176		
nobgs	V0.5_c1.5	2	3	emmax_simes	group	200	1.075	6	0	0	0			0.302487169023176		
nobgs	V0.5_c1.5	2	3	emmax_simes	mvn	200	0.05	2	0	0	0			0.302487169023176		
nobgs	V0.5_c1.5	2	3	emmax_simes	spatial	200	10.465	46	0	0	0			0.302487169023176		
nobgs	V0.5_c1.5	2	4	emmax_consensus	group	200	0.73	4	0	0	0			0.252189627136031		
nobgs	V0.5_c1.5	2	4	emmax_consensus	mvn	200	0.045	2	0	0	0			0.252189627136031		
nobgs	V0.5_c1.5	2	4	emmax_consensus	spatial	200	7.555	43	0	0	0			0.252189627136031		
nobgs	V0.5_c1.5	2	4	emmax_simes	group	200	0.565	4	0	0	0			0.252189627136031		
nobgs	V0.5_c1.5	2	4	emmax_simes	mvn	200	0.045	2	0	0	0			0.252189627136031		
nobgs	V0.5_c1.5	2	4	emmax_simes	spatial	200	4.97	38	0	0	0			0.252189627136031		
nobgs	V0.5_c1.5	2	5	emmax_consensus	group	200	0.815	5	0	0	0			0.253680097390356		
nobgs	V0.5_c1.5	2	5	emmax_consensus	mvn	200	0.04	2	0	0	0			0.253680097390356		
nobgs	V0.5_c1.5	2	5	emmax_consensus	spatial	200	9.42	46	0	0	0			0.253680097390356		
nobgs	V0.5_c1.5	2	5	emmax_simes	group	200	0.68	5	0	0	0			0.253680097390356		
nobgs	V0.5_c1.5	2	5	emmax_simes	mvn	200	0.04	3	0	0	0			0.253680097390356		
nobgs	V0.5_c1.5	2	5	emmax_simes	spatial	200	6.84	46	0	0	0			0.253680097390356		
nobgs	V0.5_c1.5	2	6	emmax_consensus	group	200	4.385	15	12	0	12	0.365416666666667	1	0.259647118024943		
nobgs	V0.5_c1.5	2	6	emmax_consensus	mvn	200	0.075	3	12	0	12	0.00625	1	0.259647118024943		
nobgs	V0.5_c1.5	2	6	emmax_consensus	spatial	200	10.025	49	12	0	12	0.835416666666667	1	0.259647118024943		
nobgs	V0.5_c1.5	2	6	emmax_simes	group	200	4.215	14	11	0	11	0.383181818181818	1	0.259647118024943		
nobgs	V0.5_c1.5	2	6	emmax_simes	mvn	200	0.055	2	11	0	11	0.005	1	0.259647118024943		
nobgs	V0.5_c1.5	2	6	emmax_simes	spatial	200	7.72	46	11	0	11	0.701818181818182	1	0.259647118024943		
nobgs	V0.5_c1.5	2	7	emmax_consensus	group	200	1.54	10	5	2	3	0.308	0.6	0.302173388705959		
nobgs	V0.5_c1.5	2	7	emmax_consensus	mvn	200	0.03	2	5	2	3	0.006	0.6	0.302173388705959		
nobgs	V0.5_c1.5	2	7	emmax_consensus	spatial	200	11.225	44	5	2	3	2.245	0.6	0.302173388705959		
nobgs	V0.5_c1.5	2	7	emmax_simes	group	200	1.785	10	7	3	4	0.255	0.571428571428571	0.302173388705959		
nobgs	V0.5_c1.5	2	7	emmax_simes	mvn	200	0.05	2	7	3	4	0.00714285714285714	0.571428571428571	0.302173388705959		
nobgs	V0.5_c1.5	2	7	emmax_simes	spatial	200	8.67	41	7	3	4	1.23857142857143	0.571428571428571	0.302173388705959		
nobgs	V0.5_c1.5	2	8	emmax_consensus	group	200	2.945	12	0	0	0			0.267986175980537		
nobgs	V0.5_c1.5	2	8	emmax_consensus	mvn	200	0.115	4	0	0	0			0.267986175980537		
nobgs	V0.5_c1.5	2	8	emmax_consensus	spatial	200	9.91	49	0	0	0			0.267986175980537		
nobgs	V0.5_c1.5	2	8	emmax_simes	group	200	2.8	19	3	1	2	0.933333333333333	0.666666666666667	0.267986175980537		
nobgs	V0.5_c1.5	2	8	emmax_simes	mvn	200	0.09	4	3	1	2	0.03	0.666666666666667	0.267986175980537		
nobgs	V0.5_c1.5	2	8	emmax_simes	spatial	200	7.445	47	3	1	2	2.48166666666667	0.666666666666667	0.267986175980537		
nobgs	V0.5_c1.5	2	9	emmax_consensus	group	200	0.18	3	1	0	1	0.18	1	0.280603241063686		
nobgs	V0.5_c1.5	2	9	emmax_consensus	mvn	200	0.045	2	1	0	1	0.045	1	0.280603241063686		
nobgs	V0.5_c1.5	2	9	emmax_consensus	spatial	200	8.685	50	1	0	1	8.685	1	0.280603241063686		
nobgs	V0.5_c1.5	2	9	emmax_simes	group	200	0.165	3	1	0	1	0.165	1	0.280603241063686		
nobgs	V0.5_c1.5	2	9	emmax_simes	mvn	200	0.03	2	1	0	1	0.03	1	0.280603241063686		
nobgs	V0.5_c1.5	2	9	emmax_simes	spatial	200	5.92	41	1	0	1	5.92	1	0.280603241063686		
nobgs	V0.5_c1.5	2	10	emmax_consensus	group	200	1.055	7	5	1	4	0.211	0.8	0.271194061749344		
nobgs	V0.5_c1.5	2	10	emmax_consensus	mvn	200	0.05	1	5	1	4	0.01	0.8	0.271194061749344		
nobgs	V0.5_c1.5	2	10	emmax_consensus	spatial	200	11.98	44	5	1	4	2.396	0.8	0.271194061749344		
nobgs	V0.5_c1.5	2	10	emmax_simes	group	200	0.995	7	2	1	1	0.4975	0.5	0.271194061749344		
nobgs	V0.5_c1.5	2	10	emmax_simes	mvn	200	0.045	1	2	1	1	0.0225	0.5	0.271194061749344		
nobgs	V0.5_c1.5	2	10	emmax_simes	spatial	200	8.425	36	2	1	1	4.2125	0.5	0.271194061749344		
nobgs	V0.5_c1.5	3	1	emmax_consensus	group	200	0.145	3	1	0	1	0.145	1	0.273594112295535		
nobgs	V0.5_c1.5	3	1	emmax_consensus	mvn	200	0.04	2	1	0	1	0.04	1	0.273594112295535		
nobgs	V0.5_c1.5	3	1	emmax_consensus	spatial	200	7.165	35	1	0	1	7.165	1	0.273594112295535		
nobgs	V0.5_c1.5	3	1	emmax_simes	group	200	0.115	3	1	0	1	0.115	1	0.273594112295535		
nobgs	V0.5_c1.5	3	1	emmax_simes	mvn	200	0.025	1	1	0	1	0.025	1	0.273594112295535		
nobgs	V0.5_c1.5	3	1	emmax_simes	spatial	200	5.825	28	1	0	1	5.825	1	0.273594112295535		
nobgs	V0.5_c1.5	3	2	emmax_consensus	group	200	4.815	16	6	0	6	0.8025	1	0.292923854672172		
nobgs	V0.5_c1.5	3	2	emmax_consensus	mvn	200	0.025	1	6	0	6	0.00416666666666667	1	0.292923854672172		
nobgs	V0.5_c1.5	3	2	emmax_consensus	spatial	200	9.48	54	6	0	6	1.58	1	0.292923854672172		
nobgs	V0.5_c1.5	3	2	emmax_simes	group	200	3.88	18	0	0	0			0.292923854672172		
nobgs	V0.5_c1.5	3	2	emmax_simes	mvn	200	0.045	2	0	0	0			0.292923854672172		
nobgs	V0.5_c1.5	3	2	emmax_simes	spatial	200	8.09	52	0	0	0			0.292923854672172		
nobgs	V0.5_c1.5	3	3	emmax_consensus	group	200	1.49	7	4	1	3	0.3725	0.75	0.281062999349672		
nobgs	V0.5_c1.5	3	3	emmax_consensus	mvn	200	0.05	1	4	1	3	0.0125	0.75	0.281062999349672		
nobgs	V0.5_c1.5	3	3	emmax_consensus	spatial	200	12.23	61	4	1	3	3.0575	0.75	0.281062999349672		
nobgs	V0.5_c1.5	3	3	emmax_simes	group	200	1.425	6	1	1	0	1.425	0	0.281062999349672		
nobgs	V0.5_c1.5	3	3	emmax_simes	mvn	200	0.03	1	1	1	0	0.03	0	0.281062999349672		
nobgs	V0.5_c1.5	3	3	emmax_simes	spatial	200	9.205	46	1	1	0	9.205	0	0.281062999349672		
nobgs	V0.5_c1.5	3	4	emmax_consensus	group	200	0.095	2	0	0	0			0.269028953505599		
nobgs	V0.5_c1.5	3	4	emmax_consensus	mvn	200	0.045	2	0	0	0			0.269028953505599		
nobgs	V0.5_c1.5	3	4	emmax_consensus	spatial	200	8.515	45	0	0	0			0.269028953505599		
nobgs	V0.5_c1.5	3	4	emmax_simes	group	200	0.085	1	0	0	0			0.269028953505599		
nobgs	V0.5_c1.5	3	4	emmax_simes	mvn	200	0.045	2	0	0	0			0.269028953505599		
nobgs	V0.5_c1.5	3	4	emmax_simes	spatial	200	5.99	32	0	0	0			0.269028953505599		
nobgs	V0.5_c1.5	3	5	emmax_consensus	group	200	0.785	7	0	0	0			0.256468389490006		
nobgs	V0.5_c1.5	3	5	emmax_consensus	mvn	200	0.075	2	0	0	0			0.256468389490006		
nobgs	V0.5_c1.5	3	5	emmax_consensus	spatial	200	11.005	57	0	0	0			0.256468389490006		
nobgs	V0.5_c1.5	3	5	emmax_simes	group	200	0.675	8	0	0	0			0.256468389490006		
nobgs	V0.5_c1.5	3	5	emmax_simes	mvn	200	0.075	2	0	0	0			0.256468389490006		
nobgs	V0.5_c1.5	3	5	emmax_simes	spatial	200	8.59	56	0	0	0			0.256468389490006		
nobgs	V0.5_c1.5	3	6	emmax_consensus	group	200	5.505	16	4	1	3	1.37625	0.75	0.273217339352683		
nobgs	V0.5_c1.5	3	6	emmax_consensus	mvn	200	0.08	2	4	1	3	0.02	0.75	0.273217339352683		
nobgs	V0.5_c1.5	3	6	emmax_consensus	spatial	200	12.43	45	4	1	3	3.1075	0.75	0.273217339352683		
nobgs	V0.5_c1.5	3	6	emmax_simes	group	200	6.265	17	6	1	5	1.04416666666667	0.833333333333333	0.273217339352683		
nobgs	V0.5_c1.5	3	6	emmax_simes	mvn	200	0.07	2	6	1	5	0.0116666666666667	0.833333333333333	0.273217339352683		
nobgs	V0.5_c1.5	3	6	emmax_simes	spatial	200	9.5	45	6	1	5	1.58333333333333	0.833333333333333	0.273217339352683		
nobgs	V0.5_c1.5	3	7	emmax_consensus	group	200	2	8	2	1	1	1	0.5	0.300223373998324		
nobgs	V0.5_c1.5	3	7	emmax_consensus	mvn	200	0.09	2	2	1	1	0.045	0.5	0.300223373998324		
nobgs	V0.5_c1.5	3	7	emmax_consensus	spatial	200	15.415	51	2	1	1	7.7075	0.5	0.300223373998324		
nobgs	V0.5_c1.5	3	7	emmax_simes	group	200	2.285	7	1	1	0	2.285	0	0.300223373998324		
nobgs	V0.5_c1.5	3	7	emmax_simes	mvn	200	0.075	3	1	1	0	0.075	0	0.300223373998324		
nobgs	V0.5_c1.5	3	7	emmax_simes	spatial	200	12.54	47	1	1	0	12.54	0	0.300223373998324		
nobgs	V0.5_c1.5	3	8	emmax_consensus	group	200	2.34	10	5	1	4	0.468	0.8	0.253757121180154		
nobgs	V0.5_c1.5	3	8	emmax_consensus	mvn	200	0.07	2	5	1	4	0.014	0.8	0.253757121180154		
nobgs	V0.5_c1.5	3	8	emmax_consensus	spatial	200	11.99	50	5	1	4	2.398	0.8	0.253757121180154		
nobgs	V0.5_c1.5	3	8	emmax_simes	group	200	2.24	10	4	1	3	0.56	0.75	0.253757121180154		
nobgs	V0.5_c1.5	3	8	emmax_simes	mvn	200	0.065	2	4	1	3	0.01625	0.75	0.253757121180154		
nobgs	V0.5_c1.5	3	8	emmax_simes	spatial	200	8.23	40	4	1	3	2.0575	0.75	0.253757121180154		
nobgs	V0.5_c1.5	3	9	emmax_consensus	group	200	0.285	7	0	0	0			0.278423586106499		
nobgs	V0.5_c1.5	3	9	emmax_consensus	mvn	200	0.1	2	0	0	0			0.278423586106499		
nobgs	V0.5_c1.5	3	9	emmax_consensus	spatial	200	10.565	47	0	0	0			0.278423586106499		
nobgs	V0.5_c1.5	3	9	emmax_simes	group	200	0.27	4	0	0	0			0.278423586106499		
nobgs	V0.5_c1.5	3	9	emmax_simes	mvn	200	0.05	2	0	0	0			0.278423586106499		
nobgs	V0.5_c1.5	3	9	emmax_simes	spatial	200	8.885	40	0	0	0			0.278423586106499		
nobgs	V0.5_c1.5	3	10	emmax_consensus	group	200	1.29	10	0	0	0			0.283539642479132		
nobgs	V0.5_c1.5	3	10	emmax_consensus	mvn	200	0.045	2	0	0	0			0.283539642479132		
nobgs	V0.5_c1.5	3	10	emmax_consensus	spatial	200	8.955	45	0	0	0			0.283539642479132		
nobgs	V0.5_c1.5	3	10	emmax_simes	group	200	0.885	6	0	0	0			0.283539642479132		
nobgs	V0.5_c1.5	3	10	emmax_simes	mvn	200	0.035	2	0	0	0			0.283539642479132		
nobgs	V0.5_c1.5	3	10	emmax_simes	spatial	200	7.375	36	0	0	0			0.283539642479132		
nobgs	V0.5_c1.5	6	1	emmax_consensus	group	200	0.11	3	0	0	0			0.264440234040858		
nobgs	V0.5_c1.5	6	1	emmax_consensus	mvn	200	0.055	2	0	0	0			0.264440234040858		
nobgs	V0.5_c1.5	6	1	emmax_consensus	spatial	200	7.505	41	0	0	0			0.264440234040858		
nobgs	V0.5_c1.5	6	1	emmax_simes	group	200	0.14	3	0	0	0			0.264440234040858		
nobgs	V0.5_c1.5	6	1	emmax_simes	mvn	200	0.055	2	0	0	0			0.264440234040858		
nobgs	V0.5_c1.5	6	1	emmax_simes	spatial	200	6.335	32	0	0	0			0.264440234040858		
nobgs	V0.5_c1.5	6	2	emmax_consensus	group	200	3.34	11	2	0	2	1.67	1	0.255261095076801		
nobgs	V0.5_c1.5	6	2	emmax_consensus	mvn	200	0.085	3	2	0	2	0.0425	1	0.255261095076801		
nobgs	V0.5_c1.5	6	2	emmax_consensus	spatial	200	9.545	41	2	0	2	4.7725	1	0.255261095076801		
nobgs	V0.5_c1.5	6	2	emmax_simes	group	200	2.795	13	0	0	0			0.255261095076801		
nobgs	V0.5_c1.5	6	2	emmax_simes	mvn	200	0.08	3	0	0	0			0.255261095076801		
nobgs	V0.5_c1.5	6	2	emmax_simes	spatial	200	7.205	42	0	0	0			0.255261095076801		
nobgs	V0.5_c1.5	6	3	emmax_consensus	group	200	2.19	8	3	1	2	0.73	0.666666666666667	0.290958175558758		
nobgs	V0.5_c1.5	6	3	emmax_consensus	mvn	200	0.065	3	3	1	2	0.0216666666666667	0.666666666666667	0.290958175558758		
nobgs	V0.5_c1.5	6	3	emmax_consensus	spatial	200	11.44	48	3	1	2	3.81333333333333	0.666666666666667	0.290958175558758		
nobgs	V0.5_c1.5	6	3	emmax_simes	group	200	1.765	6	3	2	1	0.588333333333333	0.333333333333333	0.290958175558758		
nobgs	V0.5_c1.5	6	3	emmax_simes	mvn	200	0.07	3	3	2	1	0.0233333333333333	0.333333333333333	0.290958175558758		
nobgs	V0.5_c1.5	6	3	emmax_simes	spatial	200	8.89	43	3	2	1	2.96333333333333	0.333333333333333	0.290958175558758		
nobgs	V0.5_c1.5	6	4	emmax_consensus	group	200	0.235	2	0	0	0			0.257319809866425		
nobgs	V0.5_c1.5	6	4	emmax_consensus	mvn	200	0.075	1	0	0	0			0.257319809866425		
nobgs	V0.5_c1.5	6	4	emmax_consensus	spatial	200	9.01	48	0	0	0			0.257319809866425		
nobgs	V0.5_c1.5	6	4	emmax_simes	group	200	0.14	2	0	0	0			0.257319809866425		
nobgs	V0.5_c1.5	6	4	emmax_simes	mvn	200	0.07	2	0	0	0			0.257319809866425		
nobgs	V0.5_c1.5	6	4	emmax_simes	spatial	200	6.655	37	0	0	0			0.257319809866425		
nobgs	V0.5_c1.5	6	5	emmax_consensus	group	200	1.005	8	0	0	0			0.277335394625489		
nobgs	V0.5_c1.5	6	5	emmax_consensus	mvn	200	0.065	3	0	0	0			0.277335394625489		
nobgs	V0.5_c1.5	6	5	emmax_consensus	spatial	200	8.58	40	0	0	0			0.277335394625489		
nobgs	V0.5_c1.5	6	5	emmax_simes	group	200	0.685	5	0	0	0			0.277335394625489		
nobgs	V0.5_c1.5	6	5	emmax_simes	mvn	200	0.065	2	0	0	0			0.277335394625489		
nobgs	V0.5_c1.5	6	5	emmax_simes	spatial	200	6.695	43	0	0	0			0.277335394625489		
nobgs	V0.5_c1.5	6	6	emmax_consensus	group	200	3.525	14	2	0	2	1.7625	1	0.265152791653754		
nobgs	V0.5_c1.5	6	6	emmax_consensus	mvn	200	0.04	1	2	0	2	0.02	1	0.265152791653754		
nobgs	V0.5_c1.5	6	6	emmax_consensus	spatial	200	8.37	55	2	0	2	4.185	1	0.265152791653754		
nobgs	V0.5_c1.5	6	6	emmax_simes	group	200	3.25	12	2	0	2	1.625	1	0.265152791653754		
nobgs	V0.5_c1.5	6	6	emmax_simes	mvn	200	0.045	1	2	0	2	0.0225	1	0.265152791653754		
nobgs	V0.5_c1.5	6	6	emmax_simes	spatial	200	6.26	47	2	0	2	3.13	1	0.265152791653754		
nobgs	V0.5_c1.5	6	7	emmax_consensus	group	200	1.995	6	2	1	1	0.9975	0.5	0.285095350303162		
nobgs	V0.5_c1.5	6	7	emmax_consensus	mvn	200	0.07	2	2	1	1	0.035	0.5	0.285095350303162		
nobgs	V0.5_c1.5	6	7	emmax_consensus	spatial	200	9.675	56	2	1	1	4.8375	0.5	0.285095350303162		
nobgs	V0.5_c1.5	6	7	emmax_simes	group	200	2.04	6	3	1	2	0.68	0.666666666666667	0.285095350303162		
nobgs	V0.5_c1.5	6	7	emmax_simes	mvn	200	0.09	3	3	1	2	0.03	0.666666666666667	0.285095350303162		
nobgs	V0.5_c1.5	6	7	emmax_simes	spatial	200	7.225	49	3	1	2	2.40833333333333	0.666666666666667	0.285095350303162		
nobgs	V0.5_c1.5	6	8	emmax_consensus	group	200	1.745	10	1	0	1	1.745	1	0.277347212783166		
nobgs	V0.5_c1.5	6	8	emmax_consensus	mvn	200	0.065	2	1	0	1	0.065	1	0.277347212783166		
nobgs	V0.5_c1.5	6	8	emmax_consensus	spatial	200	9.935	48	1	0	1	9.935	1	0.277347212783166		
nobgs	V0.5_c1.5	6	8	emmax_simes	group	200	1.555	7	3	0	3	0.518333333333333	1	0.277347212783166		
nobgs	V0.5_c1.5	6	8	emmax_simes	mvn	200	0.07	3	3	0	3	0.0233333333333333	1	0.277347212783166		
nobgs	V0.5_c1.5	6	8	emmax_simes	spatial	200	7.775	47	3	0	3	2.59166666666667	1	0.277347212783166		
nobgs	V0.5_c1.5	6	9	emmax_consensus	group	200	0.335	5	0	0	0			0.25887384188591		
nobgs	V0.5_c1.5	6	9	emmax_consensus	mvn	200	0.075	2	0	0	0			0.25887384188591		
nobgs	V0.5_c1.5	6	9	emmax_consensus	spatial	200	5.47	37	0	0	0			0.25887384188591		
nobgs	V0.5_c1.5	6	9	emmax_simes	group	200	0.335	4	0	0	0			0.25887384188591		
nobgs	V0.5_c1.5	6	9	emmax_simes	mvn	200	0.065	2	0	0	0			0.25887384188591		
nobgs	V0.5_c1.5	6	9	emmax_simes	spatial	200	4.59	36	0	0	0			0.25887384188591		
nobgs	V0.5_c1.5	6	10	emmax_consensus	group	200	1.59	6	3	1	2	0.53	0.666666666666667	0.270678415964256		
nobgs	V0.5_c1.5	6	10	emmax_consensus	mvn	200	0.045	2	3	1	2	0.015	0.666666666666667	0.270678415964256		
nobgs	V0.5_c1.5	6	10	emmax_consensus	spatial	200	9.53	38	3	1	2	3.17666666666667	0.666666666666667	0.270678415964256		
nobgs	V0.5_c1.5	6	10	emmax_simes	group	200	1.675	8	4	1	3	0.41875	0.75	0.270678415964256		
nobgs	V0.5_c1.5	6	10	emmax_simes	mvn	200	0.04	1	4	1	3	0.01	0.75	0.270678415964256		
nobgs	V0.5_c1.5	6	10	emmax_simes	spatial	200	6.665	42	4	1	3	1.66625	0.75	0.270678415964256		
nobgs	V0.5_c1.5	8	1	emmax_consensus	group	200	0.175	5	1	0	1	0.175	1	0.25808271094373		
nobgs	V0.5_c1.5	8	1	emmax_consensus	mvn	200	0.075	2	1	0	1	0.075	1	0.25808271094373		
nobgs	V0.5_c1.5	8	1	emmax_consensus	spatial	200	6.59	46	1	0	1	6.59	1	0.25808271094373		
nobgs	V0.5_c1.5	8	1	emmax_simes	group	200	0.165	5	1	0	1	0.165	1	0.25808271094373		
nobgs	V0.5_c1.5	8	1	emmax_simes	mvn	200	0.06	2	1	0	1	0.06	1	0.25808271094373		
nobgs	V0.5_c1.5	8	1	emmax_simes	spatial	200	4.885	31	1	0	1	4.885	1	0.25808271094373		
nobgs	V0.5_c1.5	8	2	emmax_consensus	group	200	4.615	14	9	1	8	0.512777777777778	0.888888888888889	0.262793723573889		
nobgs	V0.5_c1.5	8	2	emmax_consensus	mvn	200	0.03	1	9	1	8	0.00333333333333333	0.888888888888889	0.262793723573889		
nobgs	V0.5_c1.5	8	2	emmax_consensus	spatial	200	9.31	49	9	1	8	1.03444444444444	0.888888888888889	0.262793723573889		
nobgs	V0.5_c1.5	8	2	emmax_simes	group	200	3.795	12	4	1	3	0.94875	0.75	0.262793723573889		
nobgs	V0.5_c1.5	8	2	emmax_simes	mvn	200	0.035	1	4	1	3	0.00875	0.75	0.262793723573889		
nobgs	V0.5_c1.5	8	2	emmax_simes	spatial	200	7.25	48	4	1	3	1.8125	0.75	0.262793723573889		
nobgs	V0.5_c1.5	8	3	emmax_consensus	group	200	0.485	3	0	0	0			0.276484227119682		
nobgs	V0.5_c1.5	8	3	emmax_consensus	mvn	200	0.055	3	0	0	0			0.276484227119682		
nobgs	V0.5_c1.5	8	3	emmax_consensus	spatial	200	9.43	46	0	0	0			0.276484227119682		
nobgs	V0.5_c1.5	8	3	emmax_simes	group	200	0.365	3	1	0	1	0.365	1	0.276484227119682		
nobgs	V0.5_c1.5	8	3	emmax_simes	mvn	200	0.03	2	1	0	1	0.03	1	0.276484227119682		
nobgs	V0.5_c1.5	8	3	emmax_simes	spatial	200	6.875	38	1	0	1	6.875	1	0.276484227119682		
nobgs	V0.5_c1.5	8	4	emmax_consensus	group	200	0.28	4	0	0	0			0.262675896181317		
nobgs	V0.5_c1.5	8	4	emmax_consensus	mvn	200	0.06	1	0	0	0			0.262675896181317		
nobgs	V0.5_c1.5	8	4	emmax_consensus	spatial	200	7.18	51	0	0	0			0.262675896181317		
nobgs	V0.5_c1.5	8	4	emmax_simes	group	200	0.19	2	0	0	0			0.262675896181317		
nobgs	V0.5_c1.5	8	4	emmax_simes	mvn	200	0.055	1	0	0	0			0.262675896181317		
nobgs	V0.5_c1.5	8	4	emmax_simes	spatial	200	4.78	42	0	0	0			0.262675896181317		
nobgs	V0.5_c1.5	8	5	emmax_consensus	group	200	0.61	6	0	0	0			0.263023579503229		
nobgs	V0.5_c1.5	8	5	emmax_consensus	mvn	200	0.07	2	0	0	0			0.263023579503229		
nobgs	V0.5_c1.5	8	5	emmax_consensus	spatial	200	9.96	35	0	0	0			0.263023579503229		
nobgs	V0.5_c1.5	8	5	emmax_simes	group	200	0.54	5	0	0	0			0.263023579503229		
nobgs	V0.5_c1.5	8	5	emmax_simes	mvn	200	0.055	2	0	0	0			0.263023579503229		
nobgs	V0.5_c1.5	8	5	emmax_simes	spatial	200	7.895	36	0	0	0			0.263023579503229		
nobgs	V0.5_c1.5	8	6	emmax_consensus	group	200	5.275	14	12	1	11	0.439583333333333	0.916666666666667	0.271214654120073		
nobgs	V0.5_c1.5	8	6	emmax_consensus	mvn	200	0.04	1	12	1	11	0.00333333333333333	0.916666666666667	0.271214654120073		
nobgs	V0.5_c1.5	8	6	emmax_consensus	spatial	200	8.785	36	12	1	11	0.732083333333333	0.916666666666667	0.271214654120073		
nobgs	V0.5_c1.5	8	6	emmax_simes	group	200	5.265	14	14	1	13	0.376071428571429	0.928571428571429	0.271214654120073		
nobgs	V0.5_c1.5	8	6	emmax_simes	mvn	200	0.035	3	14	1	13	0.0025	0.928571428571429	0.271214654120073		
nobgs	V0.5_c1.5	8	6	emmax_simes	spatial	200	6.82	36	14	1	13	0.487142857142857	0.928571428571429	0.271214654120073		
nobgs	V0.5_c1.5	8	7	emmax_consensus	group	200	0.425	5	0	0	0			0.273414473704366		
nobgs	V0.5_c1.5	8	7	emmax_consensus	mvn	200	0.06	2	0	0	0			0.273414473704366		
nobgs	V0.5_c1.5	8	7	emmax_consensus	spatial	200	13.76	56	0	0	0			0.273414473704366		
nobgs	V0.5_c1.5	8	7	emmax_simes	group	200	0.205	3	0	0	0			0.273414473704366		
nobgs	V0.5_c1.5	8	7	emmax_simes	mvn	200	0.035	1	0	0	0			0.273414473704366		
nobgs	V0.5_c1.5	8	7	emmax_simes	spatial	200	10.575	50	0	0	0			0.273414473704366		
nobgs	V0.5_c1.5	8	8	emmax_consensus	group	200	2.045	10	1	0	1	2.045	1	0.287235437692159		
nobgs	V0.5_c1.5	8	8	emmax_consensus	mvn	200	0.065	2	1	0	1	0.065	1	0.287235437692159		
nobgs	V0.5_c1.5	8	8	emmax_consensus	spatial	200	11.82	50	1	0	1	11.82	1	0.287235437692159		
nobgs	V0.5_c1.5	8	8	emmax_simes	group	200	1.415	8	1	0	1	1.415	1	0.287235437692159		
nobgs	V0.5_c1.5	8	8	emmax_simes	mvn	200	0.045	1	1	0	1	0.045	1	0.287235437692159		
nobgs	V0.5_c1.5	8	8	emmax_simes	spatial	200	9.465	43	1	0	1	9.465	1	0.287235437692159		
nobgs	V0.5_c1.5	8	9	emmax_consensus	group	200	0.335	4	0	0	0			0.275364876135227		
nobgs	V0.5_c1.5	8	9	emmax_consensus	mvn	200	0.06	1	0	0	0			0.275364876135227		
nobgs	V0.5_c1.5	8	9	emmax_consensus	spatial	200	9.265	36	0	0	0			0.275364876135227		
nobgs	V0.5_c1.5	8	9	emmax_simes	group	200	0.38	4	0	0	0			0.275364876135227		
nobgs	V0.5_c1.5	8	9	emmax_simes	mvn	200	0.035	1	0	0	0			0.275364876135227		
nobgs	V0.5_c1.5	8	9	emmax_simes	spatial	200	7.495	34	0	0	0			0.275364876135227		
nobgs	V0.5_c1.5	8	10	emmax_consensus	group	200	3.28	9	8	3	5	0.41	0.625	0.277777636067476		
nobgs	V0.5_c1.5	8	10	emmax_consensus	mvn	200	0.06	2	8	3	5	0.0075	0.625	0.277777636067476		
nobgs	V0.5_c1.5	8	10	emmax_consensus	spatial	200	8.075	45	8	3	5	1.009375	0.625	0.277777636067476		
nobgs	V0.5_c1.5	8	10	emmax_simes	group	200	3.035	9	4	1	3	0.75875	0.75	0.277777636067476		
nobgs	V0.5_c1.5	8	10	emmax_simes	mvn	200	0.04	1	4	1	3	0.01	0.75	0.277777636067476		
nobgs	V0.5_c1.5	8	10	emmax_simes	spatial	200	5.98	40	4	1	3	1.495	0.75	0.277777636067476		
nobgs	V0.5_c1.5	10	1	emmax_consensus	group	200	0.395	4	0	0	0			0.28663750318431		
nobgs	V0.5_c1.5	10	1	emmax_consensus	mvn	200	0.05	1	0	0	0			0.28663750318431		
nobgs	V0.5_c1.5	10	1	emmax_consensus	spatial	200	7.545	45	0	0	0			0.28663750318431		
nobgs	V0.5_c1.5	10	1	emmax_simes	group	200	0.205	4	1	1	0	0.205	0	0.28663750318431		
nobgs	V0.5_c1.5	10	1	emmax_simes	mvn	200	0.035	1	1	1	0	0.035	0	0.28663750318431		
nobgs	V0.5_c1.5	10	1	emmax_simes	spatial	200	6.02	36	1	1	0	6.02	0	0.28663750318431		
nobgs	V0.5_c1.5	10	2	emmax_consensus	group	200	2.695	12	1	0	1	2.695	1	0.280282400683818		
nobgs	V0.5_c1.5	10	2	emmax_consensus	mvn	200	0.07	2	1	0	1	0.07	1	0.280282400683818		
nobgs	V0.5_c1.5	10	2	emmax_consensus	spatial	200	7.735	39	1	0	1	7.735	1	0.280282400683818		
nobgs	V0.5_c1.5	10	2	emmax_simes	group	200	2.61	11	2	0	2	1.305	1	0.280282400683818		
nobgs	V0.5_c1.5	10	2	emmax_simes	mvn	200	0.095	3	2	0	2	0.0475	1	0.280282400683818		
nobgs	V0.5_c1.5	10	2	emmax_simes	spatial	200	5.67	31	2	0	2	2.835	1	0.280282400683818		
nobgs	V0.5_c1.5	10	3	emmax_consensus	group	200	0.78	5	2	0	2	0.39	1	0.272952961486641		
nobgs	V0.5_c1.5	10	3	emmax_consensus	mvn	200	0.06	2	2	0	2	0.03	1	0.272952961486641		
nobgs	V0.5_c1.5	10	3	emmax_consensus	spatial	200	11.63	49	2	0	2	5.815	1	0.272952961486641		
nobgs	V0.5_c1.5	10	3	emmax_simes	group	200	1.44	5	3	1	2	0.48	0.666666666666667	0.272952961486641		
nobgs	V0.5_c1.5	10	3	emmax_simes	mvn	200	0.04	2	3	1	2	0.0133333333333333	0.666666666666667	0.272952961486641		
nobgs	V0.5_c1.5	10	3	emmax_simes	spatial	200	8.6	41	3	1	2	2.86666666666667	0.666666666666667	0.272952961486641		
nobgs	V0.5_c1.5	10	4	emmax_consensus	group	200	0.175	3	0	0	0			0.266283912043586		
nobgs	V0.5_c1.5	10	4	emmax_consensus	mvn	200	0.075	2	0	0	0			0.266283912043586		
nobgs	V0.5_c1.5	10	4	emmax_consensus	spatial	200	6.49	42	0	0	0			0.266283912043586		
nobgs	V0.5_c1.5	10	4	emmax_simes	group	200	0.145	2	0	0	0			0.266283912043586		
nobgs	V0.5_c1.5	10	4	emmax_simes	mvn	200	0.075	2	0	0	0			0.266283912043586		
nobgs	V0.5_c1.5	10	4	emmax_simes	spatial	200	4.415	37	0	0	0			0.266283912043586		
nobgs	V0.5_c1.5	10	5	emmax_consensus	group	200	0.63	5	0	0	0			0.258744673109122		
nobgs	V0.5_c1.5	10	5	emmax_consensus	mvn	200	0.08	2	0	0	0			0.258744673109122		
nobgs	V0.5_c1.5	10	5	emmax_consensus	spatial	200	11.12	43	0	0	0			0.258744673109122		
nobgs	V0.5_c1.5	10	5	emmax_simes	group	200	0.795	5	0	0	0			0.258744673109122		
nobgs	V0.5_c1.5	10	5	emmax_simes	mvn	200	0.055	2	0	0	0			0.258744673109122		
nobgs	V0.5_c1.5	10	5	emmax_simes	spatial	200	9.455	40	0	0	0			0.258744673109122		
nobgs	V0.5_c1.5	10	6	emmax_consensus	group	200	4.515	13	3	0	3	1.505	1	0.274920859565148		
nobgs	V0.5_c1.5	10	6	emmax_consensus	mvn	200	0.04	1	3	0	3	0.0133333333333333	1	0.274920859565148		
nobgs	V0.5_c1.5	10	6	emmax_consensus	spatial	200	11.89	45	3	0	3	3.96333333333333	1	0.274920859565148		
nobgs	V0.5_c1.5	10	6	emmax_simes	group	200	4.29	15	3	0	3	1.43	1	0.274920859565148		
nobgs	V0.5_c1.5	10	6	emmax_simes	mvn	200	0.04	1	3	0	3	0.0133333333333333	1	0.274920859565148		
nobgs	V0.5_c1.5	10	6	emmax_simes	spatial	200	9.465	38	3	0	3	3.155	1	0.274920859565148		
nobgs	V0.5_c1.5	10	7	emmax_consensus	group	200	0.65	6	0	0	0			0.276050942790587		
nobgs	V0.5_c1.5	10	7	emmax_consensus	mvn	200	0.065	2	0	0	0			0.276050942790587		
nobgs	V0.5_c1.5	10	7	emmax_consensus	spatial	200	10.85	43	0	0	0			0.276050942790587		
nobgs	V0.5_c1.5	10	7	emmax_simes	group	200	1.705	7	2	1	1	0.8525	0.5	0.276050942790587		
nobgs	V0.5_c1.5	10	7	emmax_simes	mvn	200	0.065	2	2	1	1	0.0325	0.5	0.276050942790587		
nobgs	V0.5_c1.5	10	7	emmax_simes	spatial	200	9.69	35	2	1	1	4.845	0.5	0.276050942790587		
nobgs	V0.5_c1.5	10	8	emmax_consensus	group	200	2.595	13	3	0	3	0.865	1	0.2843561855746		
nobgs	V0.5_c1.5	10	8	emmax_consensus	mvn	200	0.05	1	3	0	3	0.0166666666666667	1	0.2843561855746		
nobgs	V0.5_c1.5	10	8	emmax_consensus	spatial	200	13.44	48	3	0	3	4.48	1	0.2843561855746		
nobgs	V0.5_c1.5	10	8	emmax_simes	group	200	3.035	11	3	0	3	1.01166666666667	1	0.2843561855746		
nobgs	V0.5_c1.5	10	8	emmax_simes	mvn	200	0.04	1	3	0	3	0.0133333333333333	1	0.2843561855746		
nobgs	V0.5_c1.5	10	8	emmax_simes	spatial	200	11.705	44	3	0	3	3.90166666666667	1	0.2843561855746		
nobgs	V0.5_c1.5	10	9	emmax_consensus	group	200	0.46	4	2	0	2	0.23	1	0.273409154279449		
nobgs	V0.5_c1.5	10	9	emmax_consensus	mvn	200	0.055	2	2	0	2	0.0275	1	0.273409154279449		
nobgs	V0.5_c1.5	10	9	emmax_consensus	spatial	200	10.42	42	2	0	2	5.21	1	0.273409154279449		
nobgs	V0.5_c1.5	10	9	emmax_simes	group	200	0.495	5	1	0	1	0.495	1	0.273409154279449		
nobgs	V0.5_c1.5	10	9	emmax_simes	mvn	200	0.03	2	1	0	1	0.03	1	0.273409154279449		
nobgs	V0.5_c1.5	10	9	emmax_simes	spatial	200	9.19	39	1	0	1	9.19	1	0.273409154279449		
nobgs	V0.5_c1.5	10	10	emmax_consensus	group	200	0.255	4	1	0	1	0.255	1	0.264203521117767		
nobgs	V0.5_c1.5	10	10	emmax_consensus	mvn	200	0.06	2	1	0	1	0.06	1	0.264203521117767		
nobgs	V0.5_c1.5	10	10	emmax_consensus	spatial	200	10.11	46	1	0	1	10.11	1	0.264203521117767		
nobgs	V0.5_c1.5	10	10	emmax_simes	group	200	0.275	3	1	0	1	0.275	1	0.264203521117767		
nobgs	V0.5_c1.5	10	10	emmax_simes	mvn	200	0.055	2	1	0	1	0.055	1	0.264203521117767		
nobgs	V0.5_c1.5	10	10	emmax_simes	spatial	200	7.48	36	1	0	1	7.48	1	0.264203521117767		
nobgs	V0.5_c2	2	1	emmax_consensus	group	200	0.26	4	0	0	0			0.614688202613739	5.58945624952541e-06	0.441818459860522
nobgs	V0.5_c2	2	1	emmax_consensus	mvn	200	0.09	6	0	0	0			0.614688202613739	5.58945624952541e-06	0.441818459860522
nobgs	V0.5_c2	2	1	emmax_consensus	spatial	200	18.585	73	0	0	0			0.614688202613739	5.58945624952541e-06	0.441818459860522
nobgs	V0.5_c2	2	1	emmax_simes	group	200	0.145	4	0	0	0			0.614688202613739	5.58945624952541e-06	0.441818459860522
nobgs	V0.5_c2	2	1	emmax_simes	mvn	200	0.07	5	0	0	0			0.614688202613739	5.58945624952541e-06	0.441818459860522
nobgs	V0.5_c2	2	1	emmax_simes	spatial	200	21.17	78	0	0	0			0.614688202613739	5.58945624952541e-06	0.441818459860522
nobgs	V0.5_c2	2	2	emmax_consensus	group	200	9.11	23	13	0	13	0.700769230769231	1	0.655457465751843	6.12620427799336e-06	0.355765252251216
nobgs	V0.5_c2	2	2	emmax_consensus	mvn	200	0.07	2	13	0	13	0.00538461538461539	1	0.655457465751843	6.12620427799336e-06	0.355765252251216
nobgs	V0.5_c2	2	2	emmax_consensus	spatial	200	31.21	79	13	0	13	2.40076923076923	1	0.655457465751843	6.12620427799336e-06	0.355765252251216
nobgs	V0.5_c2	2	2	emmax_simes	group	200	12.21	34	17	1	16	0.718235294117647	0.941176470588235	0.655457465751843	6.12620427799336e-06	0.355765252251216
nobgs	V0.5_c2	2	2	emmax_simes	mvn	200	0.055	2	17	1	16	0.00323529411764706	0.941176470588235	0.655457465751843	6.12620427799336e-06	0.355765252251216
nobgs	V0.5_c2	2	2	emmax_simes	spatial	200	31.62	81	17	1	16	1.86	0.941176470588235	0.655457465751843	6.12620427799336e-06	0.355765252251216
nobgs	V0.5_c2	2	3	emmax_consensus	group	200	4.32	22	17	0	17	0.254117647058824	1	0.63077881115977	3.90172376601681e-06	0.392198172697878
nobgs	V0.5_c2	2	3	emmax_consensus	mvn	200	0.03	1	17	0	17	0.00176470588235294	1	0.63077881115977	3.90172376601681e-06	0.392198172697878
nobgs	V0.5_c2	2	3	emmax_consensus	spatial	200	27.61	76	17	0	17	1.62411764705882	1	0.63077881115977	3.90172376601681e-06	0.392198172697878
nobgs	V0.5_c2	2	3	emmax_simes	group	200	7.13	19	20	0	20	0.3565	1	0.63077881115977	3.90172376601681e-06	0.392198172697878
nobgs	V0.5_c2	2	3	emmax_simes	mvn	200	0.04	1	20	0	20	0.002	1	0.63077881115977	3.90172376601681e-06	0.392198172697878
nobgs	V0.5_c2	2	3	emmax_simes	spatial	200	27.7	77	20	0	20	1.385	1	0.63077881115977	3.90172376601681e-06	0.392198172697878
nobgs	V0.5_c2	2	4	emmax_consensus	group	200	0.405	7	3	0	3	0.135	1	0.645048172199984	3.49018453938058e-06	0.451502772049626
nobgs	V0.5_c2	2	4	emmax_consensus	mvn	200	0.045	2	3	0	3	0.015	1	0.645048172199984	3.49018453938058e-06	0.451502772049626
nobgs	V0.5_c2	2	4	emmax_consensus	spatial	200	22.35	69	3	0	3	7.45	1	0.645048172199984	3.49018453938058e-06	0.451502772049626
nobgs	V0.5_c2	2	4	emmax_simes	group	200	0.585	9	11	0	11	0.0531818181818182	1	0.645048172199984	3.49018453938058e-06	0.451502772049626
nobgs	V0.5_c2	2	4	emmax_simes	mvn	200	0.035	1	11	0	11	0.00318181818181818	1	0.645048172199984	3.49018453938058e-06	0.451502772049626
nobgs	V0.5_c2	2	4	emmax_simes	spatial	200	23.595	62	11	0	11	2.145	1	0.645048172199984	3.49018453938058e-06	0.451502772049626
nobgs	V0.5_c2	2	5	emmax_consensus	group	200	3.49	11	4	0	4	0.8725	1	0.640478750383797	4.11258044089304e-06	0.395163922492944
nobgs	V0.5_c2	2	5	emmax_consensus	mvn	200	0.055	3	4	0	4	0.01375	1	0.640478750383797	4.11258044089304e-06	0.395163922492944
nobgs	V0.5_c2	2	5	emmax_consensus	spatial	200	27.585	69	4	0	4	6.89625	1	0.640478750383797	4.11258044089304e-06	0.395163922492944
nobgs	V0.5_c2	2	5	emmax_simes	group	200	4.865	17	14	0	14	0.3475	1	0.640478750383797	4.11258044089304e-06	0.395163922492944
nobgs	V0.5_c2	2	5	emmax_simes	mvn	200	0.035	1	14	0	14	0.0025	1	0.640478750383797	4.11258044089304e-06	0.395163922492944
nobgs	V0.5_c2	2	5	emmax_simes	spatial	200	27.805	78	14	0	14	1.98607142857143	1	0.640478750383797	4.11258044089304e-06	0.395163922492944
nobgs	V0.5_c2	2	6	emmax_consensus	group	200	7.705	20	7	0	7	1.10071428571429	1	0.645195570995529	4.41764281373033e-06	0.459139120928306
nobgs	V0.5_c2	2	6	emmax_consensus	mvn	200	0.02	3	7	0	7	0.00285714285714286	1	0.645195570995529	4.41764281373033e-06	0.459139120928306
nobgs	V0.5_c2	2	6	emmax_consensus	spatial	200	25.465	76	7	0	7	3.63785714285714	1	0.645195570995529	4.41764281373033e-06	0.459139120928306
nobgs	V0.5_c2	2	6	emmax_simes	group	200	10.82	28	10	0	10	1.082	1	0.645195570995529	4.41764281373033e-06	0.459139120928306
nobgs	V0.5_c2	2	6	emmax_simes	mvn	200	0.01	1	10	0	10	0.001	1	0.645195570995529	4.41764281373033e-06	0.459139120928306
nobgs	V0.5_c2	2	6	emmax_simes	spatial	200	25.815	65	10	0	10	2.5815	1	0.645195570995529	4.41764281373033e-06	0.459139120928306
nobgs	V0.5_c2	2	7	emmax_consensus	group	200	1.89	11	5	0	5	0.378	1	0.632376006066793	5.18794344698832e-06	0.414911630739094
nobgs	V0.5_c2	2	7	emmax_consensus	mvn	200	0.065	3	5	0	5	0.013	1	0.632376006066793	5.18794344698832e-06	0.414911630739094
nobgs	V0.5_c2	2	7	emmax_consensus	spatial	200	30.865	80	5	0	5	6.173	1	0.632376006066793	5.18794344698832e-06	0.414911630739094
nobgs	V0.5_c2	2	7	emmax_simes	group	200	2.285	14	18	0	18	0.126944444444444	1	0.632376006066793	5.18794344698832e-06	0.414911630739094
nobgs	V0.5_c2	2	7	emmax_simes	mvn	200	0.065	2	18	0	18	0.00361111111111111	1	0.632376006066793	5.18794344698832e-06	0.414911630739094
nobgs	V0.5_c2	2	7	emmax_simes	spatial	200	29.465	79	18	0	18	1.63694444444444	1	0.632376006066793	5.18794344698832e-06	0.414911630739094
nobgs	V0.5_c2	2	8	emmax_consensus	group	200	3.515	14	8	0	8	0.439375	1	0.636977093883628	5.02294347275567e-06	0.439808367521413
nobgs	V0.5_c2	2	8	emmax_consensus	mvn	200	0.015	1	8	0	8	0.001875	1	0.636977093883628	5.02294347275567e-06	0.439808367521413
nobgs	V0.5_c2	2	8	emmax_consensus	spatial	200	26.59	77	8	0	8	3.32375	1	0.636977093883628	5.02294347275567e-06	0.439808367521413
nobgs	V0.5_c2	2	8	emmax_simes	group	200	5.845	17	10	0	10	0.5845	1	0.636977093883628	5.02294347275567e-06	0.439808367521413
nobgs	V0.5_c2	2	8	emmax_simes	mvn	200	0.02	1	10	0	10	0.002	1	0.636977093883628	5.02294347275567e-06	0.439808367521413
nobgs	V0.5_c2	2	8	emmax_simes	spatial	200	27.455	75	10	0	10	2.7455	1	0.636977093883628	5.02294347275567e-06	0.439808367521413
nobgs	V0.5_c2	2	9	emmax_consensus	group	200	0.56	8	0	0	0			0.615165667568433	4.28520688462154e-06	0.45066672644419
nobgs	V0.5_c2	2	9	emmax_consensus	mvn	200	0.085	3	0	0	0			0.615165667568433	4.28520688462154e-06	0.45066672644419
nobgs	V0.5_c2	2	9	emmax_consensus	spatial	200	23.14	94	0	0	0			0.615165667568433	4.28520688462154e-06	0.45066672644419
nobgs	V0.5_c2	2	9	emmax_simes	group	200	0.98	9	0	0	0			0.615165667568433	4.28520688462154e-06	0.45066672644419
nobgs	V0.5_c2	2	9	emmax_simes	mvn	200	0.065	2	0	0	0			0.615165667568433	4.28520688462154e-06	0.45066672644419
nobgs	V0.5_c2	2	9	emmax_simes	spatial	200	22.275	84	0	0	0			0.615165667568433	4.28520688462154e-06	0.45066672644419
nobgs	V0.5_c2	2	10	emmax_consensus	group	200	2.205	9	5	0	5	0.441	1	0.645425967350062	5.77638847868611e-06	0.42867321089297
nobgs	V0.5_c2	2	10	emmax_consensus	mvn	200	0.06	1	5	0	5	0.012	1	0.645425967350062	5.77638847868611e-06	0.42867321089297
nobgs	V0.5_c2	2	10	emmax_consensus	spatial	200	23.27	84	5	0	5	4.654	1	0.645425967350062	5.77638847868611e-06	0.42867321089297
nobgs	V0.5_c2	2	10	emmax_simes	group	200	4.195	17	9	0	9	0.466111111111111	1	0.645425967350062	5.77638847868611e-06	0.42867321089297
nobgs	V0.5_c2	2	10	emmax_simes	mvn	200	0.035	1	9	0	9	0.00388888888888889	1	0.645425967350062	5.77638847868611e-06	0.42867321089297
nobgs	V0.5_c2	2	10	emmax_simes	spatial	200	25.125	70	9	0	9	2.79166666666667	1	0.645425967350062	5.77638847868611e-06	0.42867321089297
nobgs	V0.5_c2	5	1	emmax_consensus	group	200	0.41	5	4	0	4	0.1025	1	0.617782842493559	5.64550744570148e-06	0.420491072179869
nobgs	V0.5_c2	5	1	emmax_consensus	mvn	200	0.06	2	4	0	4	0.015	1	0.617782842493559	5.64550744570148e-06	0.420491072179869
nobgs	V0.5_c2	5	1	emmax_consensus	spatial	200	19.82	76	4	0	4	4.955	1	0.617782842493559	5.64550744570148e-06	0.420491072179869
nobgs	V0.5_c2	5	1	emmax_simes	group	200	0.685	8	6	0	6	0.114166666666667	1	0.617782842493559	5.64550744570148e-06	0.420491072179869
nobgs	V0.5_c2	5	1	emmax_simes	mvn	200	0.035	1	6	0	6	0.00583333333333333	1	0.617782842493559	5.64550744570148e-06	0.420491072179869
nobgs	V0.5_c2	5	1	emmax_simes	spatial	200	20.005	66	6	0	6	3.33416666666667	1	0.617782842493559	5.64550744570148e-06	0.420491072179869
nobgs	V0.5_c2	5	2	emmax_consensus	group	200	6.805	18	11	0	11	0.618636363636364	1	0.633949221273418	4.06568062718784e-06	0.425282867037163
nobgs	V0.5_c2	5	2	emmax_consensus	mvn	200	0.05	2	11	0	11	0.00454545454545455	1	0.633949221273418	4.06568062718784e-06	0.425282867037163
nobgs	V0.5_c2	5	2	emmax_consensus	spatial	200	22.21	79	11	0	11	2.01909090909091	1	0.633949221273418	4.06568062718784e-06	0.425282867037163
nobgs	V0.5_c2	5	2	emmax_simes	group	200	9.365	26	11	0	11	0.851363636363636	1	0.633949221273418	4.06568062718784e-06	0.425282867037163
nobgs	V0.5_c2	5	2	emmax_simes	mvn	200	0.075	2	11	0	11	0.00681818181818182	1	0.633949221273418	4.06568062718784e-06	0.425282867037163
nobgs	V0.5_c2	5	2	emmax_simes	spatial	200	22.945	75	11	0	11	2.08590909090909	1	0.633949221273418	4.06568062718784e-06	0.425282867037163
nobgs	V0.5_c2	5	3	emmax_consensus	group	200	2.635	14	12	0	12	0.219583333333333	1	0.605763595903416	4.38494150324277e-06	0.415542970154621
nobgs	V0.5_c2	5	3	emmax_consensus	mvn	200	0.04	1	12	0	12	0.00333333333333333	1	0.605763595903416	4.38494150324277e-06	0.415542970154621
nobgs	V0.5_c2	5	3	emmax_consensus	spatial	200	22.335	62	12	0	12	1.86125	1	0.605763595903416	4.38494150324277e-06	0.415542970154621
nobgs	V0.5_c2	5	3	emmax_simes	group	200	4.7	15	12	0	12	0.391666666666667	1	0.605763595903416	4.38494150324277e-06	0.415542970154621
nobgs	V0.5_c2	5	3	emmax_simes	mvn	200	0.025	1	12	0	12	0.00208333333333333	1	0.605763595903416	4.38494150324277e-06	0.415542970154621
nobgs	V0.5_c2	5	3	emmax_simes	spatial	200	22.325	56	12	0	12	1.86041666666667	1	0.605763595903416	4.38494150324277e-06	0.415542970154621
nobgs	V0.5_c2	5	4	emmax_consensus	group	200	0.415	5	3	0	3	0.138333333333333	1	0.616411461160037	4.34385348335632e-06	0.470753040863742
nobgs	V0.5_c2	5	4	emmax_consensus	mvn	200	0.105	4	3	0	3	0.035	1	0.616411461160037	4.34385348335632e-06	0.470753040863742
nobgs	V0.5_c2	5	4	emmax_consensus	spatial	200	22.12	74	3	0	3	7.37333333333333	1	0.616411461160037	4.34385348335632e-06	0.470753040863742
nobgs	V0.5_c2	5	4	emmax_simes	group	200	0.7	9	14	1	13	0.05	0.928571428571429	0.616411461160037	4.34385348335632e-06	0.470753040863742
nobgs	V0.5_c2	5	4	emmax_simes	mvn	200	0.08	4	14	1	13	0.00571428571428571	0.928571428571429	0.616411461160037	4.34385348335632e-06	0.470753040863742
nobgs	V0.5_c2	5	4	emmax_simes	spatial	200	22.665	65	14	1	13	1.61892857142857	0.928571428571429	0.616411461160037	4.34385348335632e-06	0.470753040863742
nobgs	V0.5_c2	5	5	emmax_consensus	group	200	3.745	14	1	0	1	3.745	1	0.633675638951455	5.51387562077241e-06	0.375416778411593
nobgs	V0.5_c2	5	5	emmax_consensus	mvn	200	0.04	2	1	0	1	0.04	1	0.633675638951455	5.51387562077241e-06	0.375416778411593
nobgs	V0.5_c2	5	5	emmax_consensus	spatial	200	23.18	56	1	0	1	23.18	1	0.633675638951455	5.51387562077241e-06	0.375416778411593
nobgs	V0.5_c2	5	5	emmax_simes	group	200	5.07	17	1	0	1	5.07	1	0.633675638951455	5.51387562077241e-06	0.375416778411593
nobgs	V0.5_c2	5	5	emmax_simes	mvn	200	0.03	1	1	0	1	0.03	1	0.633675638951455	5.51387562077241e-06	0.375416778411593
nobgs	V0.5_c2	5	5	emmax_simes	spatial	200	24.52	52	1	0	1	24.52	1	0.633675638951455	5.51387562077241e-06	0.375416778411593
nobgs	V0.5_c2	5	6	emmax_consensus	group	200	7.73	18	7	0	7	1.10428571428571	1	0.630257255338567	5.90151884518689e-06	0.455259493912734
nobgs	V0.5_c2	5	6	emmax_consensus	mvn	200	0.11	3	7	0	7	0.0157142857142857	1	0.630257255338567	5.90151884518689e-06	0.455259493912734
nobgs	V0.5_c2	5	6	emmax_consensus	spatial	200	22.605	70	7	0	7	3.22928571428571	1	0.630257255338567	5.90151884518689e-06	0.455259493912734
nobgs	V0.5_c2	5	6	emmax_simes	group	200	11.78	22	10	0	10	1.178	1	0.630257255338567	5.90151884518689e-06	0.455259493912734
nobgs	V0.5_c2	5	6	emmax_simes	mvn	200	0.085	4	10	0	10	0.0085	1	0.630257255338567	5.90151884518689e-06	0.455259493912734
nobgs	V0.5_c2	5	6	emmax_simes	spatial	200	24.325	66	10	0	10	2.4325	1	0.630257255338567	5.90151884518689e-06	0.455259493912734
nobgs	V0.5_c2	5	7	emmax_consensus	group	200	1.17	8	8	0	8	0.14625	1	0.622069315680758	4.37438007389307e-06	0.488708054646215
nobgs	V0.5_c2	5	7	emmax_consensus	mvn	200	0.05	2	8	0	8	0.00625	1	0.622069315680758	4.37438007389307e-06	0.488708054646215
nobgs	V0.5_c2	5	7	emmax_consensus	spatial	200	23.175	59	8	0	8	2.896875	1	0.622069315680758	4.37438007389307e-06	0.488708054646215
nobgs	V0.5_c2	5	7	emmax_simes	group	200	2.59	12	11	1	10	0.235454545454545	0.909090909090909	0.622069315680758	4.37438007389307e-06	0.488708054646215
nobgs	V0.5_c2	5	7	emmax_simes	mvn	200	0.05	1	11	1	10	0.00454545454545455	0.909090909090909	0.622069315680758	4.37438007389307e-06	0.488708054646215
nobgs	V0.5_c2	5	7	emmax_simes	spatial	200	24.335	55	11	1	10	2.21227272727273	0.909090909090909	0.622069315680758	4.37438007389307e-06	0.488708054646215
nobgs	V0.5_c2	5	8	emmax_consensus	group	200	4.725	14	19	1	18	0.248684210526316	0.947368421052632	0.608790949592142	6.09439240103734e-06	0.402415175414402
nobgs	V0.5_c2	5	8	emmax_consensus	mvn	200	0.065	2	19	1	18	0.00342105263157895	0.947368421052632	0.608790949592142	6.09439240103734e-06	0.402415175414402
nobgs	V0.5_c2	5	8	emmax_consensus	spatial	200	25.03	69	19	1	18	1.31736842105263	0.947368421052632	0.608790949592142	6.09439240103734e-06	0.402415175414402
nobgs	V0.5_c2	5	8	emmax_simes	group	200	9.08	19	20	1	19	0.454	0.95	0.608790949592142	6.09439240103734e-06	0.402415175414402
nobgs	V0.5_c2	5	8	emmax_simes	mvn	200	0.035	1	20	1	19	0.00175	0.95	0.608790949592142	6.09439240103734e-06	0.402415175414402
nobgs	V0.5_c2	5	8	emmax_simes	spatial	200	23.58	63	20	1	19	1.179	0.95	0.608790949592142	6.09439240103734e-06	0.402415175414402
nobgs	V0.5_c2	5	9	emmax_consensus	group	200	0.835	8	0	0	0			0.624292081450582	6.26560282848014e-06	0.464857568805235
nobgs	V0.5_c2	5	9	emmax_consensus	mvn	200	0.07	2	0	0	0			0.624292081450582	6.26560282848014e-06	0.464857568805235
nobgs	V0.5_c2	5	9	emmax_consensus	spatial	200	18.04	58	0	0	0			0.624292081450582	6.26560282848014e-06	0.464857568805235
nobgs	V0.5_c2	5	9	emmax_simes	group	200	1.06	9	0	0	0			0.624292081450582	6.26560282848014e-06	0.464857568805235
nobgs	V0.5_c2	5	9	emmax_simes	mvn	200	0.035	2	0	0	0			0.624292081450582	6.26560282848014e-06	0.464857568805235
nobgs	V0.5_c2	5	9	emmax_simes	spatial	200	20.175	63	0	0	0			0.624292081450582	6.26560282848014e-06	0.464857568805235
nobgs	V0.5_c2	5	10	emmax_consensus	group	200	1.18	9	3	0	3	0.393333333333333	1	0.644405717625809	6.57652403641949e-06	0.401543220047737
nobgs	V0.5_c2	5	10	emmax_consensus	mvn	200	0.075	3	3	0	3	0.025	1	0.644405717625809	6.57652403641949e-06	0.401543220047737
nobgs	V0.5_c2	5	10	emmax_consensus	spatial	200	20.455	73	3	0	3	6.81833333333333	1	0.644405717625809	6.57652403641949e-06	0.401543220047737
nobgs	V0.5_c2	5	10	emmax_simes	group	200	3.255	11	6	0	6	0.5425	1	0.644405717625809	6.57652403641949e-06	0.401543220047737
nobgs	V0.5_c2	5	10	emmax_simes	mvn	200	0.085	3	6	0	6	0.0141666666666667	1	0.644405717625809	6.57652403641949e-06	0.401543220047737
nobgs	V0.5_c2	5	10	emmax_simes	spatial	200	19.835	63	6	0	6	3.30583333333333	1	0.644405717625809	6.57652403641949e-06	0.401543220047737
nobgs	V0.5_c2	6	1	emmax_consensus	group	200	0.275	5	0	0	0			0.637029797296132	5.79784510446951e-06	0.422871617650819
nobgs	V0.5_c2	6	1	emmax_consensus	mvn	200	0.075	4	0	0	0			0.637029797296132	5.79784510446951e-06	0.422871617650819
nobgs	V0.5_c2	6	1	emmax_consensus	spatial	200	20.535	65	0	0	0			0.637029797296132	5.79784510446951e-06	0.422871617650819
nobgs	V0.5_c2	6	1	emmax_simes	group	200	0.37	4	1	0	1	0.37	1	0.637029797296132	5.79784510446951e-06	0.422871617650819
nobgs	V0.5_c2	6	1	emmax_simes	mvn	200	0.03	1	1	0	1	0.03	1	0.637029797296132	5.79784510446951e-06	0.422871617650819
nobgs	V0.5_c2	6	1	emmax_simes	spatial	200	22.39	60	1	0	1	22.39	1	0.637029797296132	5.79784510446951e-06	0.422871617650819
nobgs	V0.5_c2	6	2	emmax_consensus	group	200	9.255	22	15	0	15	0.617	1	0.636825811655966	6.75783113319907e-06	0.412958090822559
nobgs	V0.5_c2	6	2	emmax_consensus	mvn	200	0.06	2	15	0	15	0.004	1	0.636825811655966	6.75783113319907e-06	0.412958090822559
nobgs	V0.5_c2	6	2	emmax_consensus	spatial	200	25.465	72	15	0	15	1.69766666666667	1	0.636825811655966	6.75783113319907e-06	0.412958090822559
nobgs	V0.5_c2	6	2	emmax_simes	group	200	15.095	31	11	0	11	1.37227272727273	1	0.636825811655966	6.75783113319907e-06	0.412958090822559
nobgs	V0.5_c2	6	2	emmax_simes	mvn	200	0.05	2	11	0	11	0.00454545454545455	1	0.636825811655966	6.75783113319907e-06	0.412958090822559
nobgs	V0.5_c2	6	2	emmax_simes	spatial	200	29.475	71	11	0	11	2.67954545454545	1	0.636825811655966	6.75783113319907e-06	0.412958090822559
nobgs	V0.5_c2	6	3	emmax_consensus	group	200	3.65	12	13	0	13	0.280769230769231	1	0.612547141849122	6.8204145677624e-06	0.402928547721681
nobgs	V0.5_c2	6	3	emmax_consensus	mvn	200	0.02	1	13	0	13	0.00153846153846154	1	0.612547141849122	6.8204145677624e-06	0.402928547721681
nobgs	V0.5_c2	6	3	emmax_consensus	spatial	200	26.73	77	13	0	13	2.05615384615385	1	0.612547141849122	6.8204145677624e-06	0.402928547721681
nobgs	V0.5_c2	6	3	emmax_simes	group	200	5.805	17	12	0	12	0.48375	1	0.612547141849122	6.8204145677624e-06	0.402928547721681
nobgs	V0.5_c2	6	3	emmax_simes	mvn	200	0.025	1	12	0	12	0.00208333333333333	1	0.612547141849122	6.8204145677624e-06	0.402928547721681
nobgs	V0.5_c2	6	3	emmax_simes	spatial	200	25.34	72	12	0	12	2.11166666666667	1	0.612547141849122	6.8204145677624e-06	0.402928547721681
nobgs	V0.5_c2	6	4	emmax_consensus	group	200	0.365	6	0	0	0			0.648722467675861	7.34328743135698e-06	0.455579890817872
nobgs	V0.5_c2	6	4	emmax_consensus	mvn	200	0.07	2	0	0	0			0.648722467675861	7.34328743135698e-06	0.455579890817872
nobgs	V0.5_c2	6	4	emmax_consensus	spatial	200	22.575	82	0	0	0			0.648722467675861	7.34328743135698e-06	0.455579890817872
nobgs	V0.5_c2	6	4	emmax_simes	group	200	0.565	7	0	0	0			0.648722467675861	7.34328743135698e-06	0.455579890817872
nobgs	V0.5_c2	6	4	emmax_simes	mvn	200	0.055	2	0	0	0			0.648722467675861	7.34328743135698e-06	0.455579890817872
nobgs	V0.5_c2	6	4	emmax_simes	spatial	200	24.94	75	0	0	0			0.648722467675861	7.34328743135698e-06	0.455579890817872
nobgs	V0.5_c2	6	5	emmax_consensus	group	200	3.91	18	4	0	4	0.9775	1	0.630265885516911	6.23017755345593e-06	0.445241174680463
nobgs	V0.5_c2	6	5	emmax_consensus	mvn	200	0.045	2	4	0	4	0.01125	1	0.630265885516911	6.23017755345593e-06	0.445241174680463
nobgs	V0.5_c2	6	5	emmax_consensus	spatial	200	28.16	61	4	0	4	7.04	1	0.630265885516911	6.23017755345593e-06	0.445241174680463
nobgs	V0.5_c2	6	5	emmax_simes	group	200	5.62	19	0	0	0			0.630265885516911	6.23017755345593e-06	0.445241174680463
nobgs	V0.5_c2	6	5	emmax_simes	mvn	200	0.01	1	0	0	0			0.630265885516911	6.23017755345593e-06	0.445241174680463
nobgs	V0.5_c2	6	5	emmax_simes	spatial	200	28.725	60	0	0	0			0.630265885516911	6.23017755345593e-06	0.445241174680463
nobgs	V0.5_c2	6	6	emmax_consensus	group	200	8.235	22	12	0	12	0.68625	1	0.608781727678716	6.09384556732628e-06	0.44437661320508
nobgs	V0.5_c2	6	6	emmax_consensus	mvn	200	0.07	2	12	0	12	0.00583333333333333	1	0.608781727678716	6.09384556732628e-06	0.44437661320508
nobgs	V0.5_c2	6	6	emmax_consensus	spatial	200	22.545	73	12	0	12	1.87875	1	0.608781727678716	6.09384556732628e-06	0.44437661320508
nobgs	V0.5_c2	6	6	emmax_simes	group	200	11.115	25	7	0	7	1.58785714285714	1	0.608781727678716	6.09384556732628e-06	0.44437661320508
nobgs	V0.5_c2	6	6	emmax_simes	mvn	200	0.085	2	7	0	7	0.0121428571428571	1	0.608781727678716	6.09384556732628e-06	0.44437661320508
nobgs	V0.5_c2	6	6	emmax_simes	spatial	200	23.94	77	7	0	7	3.42	1	0.608781727678716	6.09384556732628e-06	0.44437661320508
nobgs	V0.5_c2	6	7	emmax_consensus	group	200	1.805	10	8	0	8	0.225625	1	0.617384580603248	5.99046222917047e-06	0.428499885232561
nobgs	V0.5_c2	6	7	emmax_consensus	mvn	200	0.01	1	8	0	8	0.00125	1	0.617384580603248	5.99046222917047e-06	0.428499885232561
nobgs	V0.5_c2	6	7	emmax_consensus	spatial	200	25.305	81	8	0	8	3.163125	1	0.617384580603248	5.99046222917047e-06	0.428499885232561
nobgs	V0.5_c2	6	7	emmax_simes	group	200	3.355	16	12	0	12	0.279583333333333	1	0.617384580603248	5.99046222917047e-06	0.428499885232561
nobgs	V0.5_c2	6	7	emmax_simes	mvn	200	0.01	1	12	0	12	0.000833333333333333	1	0.617384580603248	5.99046222917047e-06	0.428499885232561
nobgs	V0.5_c2	6	7	emmax_simes	spatial	200	27.16	72	12	0	12	2.26333333333333	1	0.617384580603248	5.99046222917047e-06	0.428499885232561
nobgs	V0.5_c2	6	8	emmax_consensus	group	200	5.17	19	14	2	12	0.369285714285714	0.857142857142857	0.641821441079473	7.57585782484116e-06	0.474499841080056
nobgs	V0.5_c2	6	8	emmax_consensus	mvn	200	0.045	2	14	2	12	0.00321428571428571	0.857142857142857	0.641821441079473	7.57585782484116e-06	0.474499841080056
nobgs	V0.5_c2	6	8	emmax_consensus	spatial	200	21.545	79	14	2	12	1.53892857142857	0.857142857142857	0.641821441079473	7.57585782484116e-06	0.474499841080056
nobgs	V0.5_c2	6	8	emmax_simes	group	200	10.59	22	20	2	18	0.5295	0.9	0.641821441079473	7.57585782484116e-06	0.474499841080056
nobgs	V0.5_c2	6	8	emmax_simes	mvn	200	0.025	1	20	2	18	0.00125	0.9	0.641821441079473	7.57585782484116e-06	0.474499841080056
nobgs	V0.5_c2	6	8	emmax_simes	spatial	200	27.065	68	20	2	18	1.35325	0.9	0.641821441079473	7.57585782484116e-06	0.474499841080056
nobgs	V0.5_c2	6	9	emmax_consensus	group	200	0.925	7	5	0	5	0.185	1	0.632584730577347	7.07518006730103e-06	0.453701451390578
nobgs	V0.5_c2	6	9	emmax_consensus	mvn	200	0.03	2	5	0	5	0.006	1	0.632584730577347	7.07518006730103e-06	0.453701451390578
nobgs	V0.5_c2	6	9	emmax_consensus	spatial	200	21.68	75	5	0	5	4.336	1	0.632584730577347	7.07518006730103e-06	0.453701451390578
nobgs	V0.5_c2	6	9	emmax_simes	group	200	1.25	9	7	0	7	0.178571428571429	1	0.632584730577347	7.07518006730103e-06	0.453701451390578
nobgs	V0.5_c2	6	9	emmax_simes	mvn	200	0.03	1	7	0	7	0.00428571428571429	1	0.632584730577347	7.07518006730103e-06	0.453701451390578
nobgs	V0.5_c2	6	9	emmax_simes	spatial	200	24.775	76	7	0	7	3.53928571428571	1	0.632584730577347	7.07518006730103e-06	0.453701451390578
nobgs	V0.5_c2	6	10	emmax_consensus	group	200	1.09	10	10	0	10	0.109	1	0.623784277426658	5.81416387186548e-06	0.452969292434789
nobgs	V0.5_c2	6	10	emmax_consensus	mvn	200	0.045	2	10	0	10	0.0045	1	0.623784277426658	5.81416387186548e-06	0.452969292434789
nobgs	V0.5_c2	6	10	emmax_consensus	spatial	200	22.13	70	10	0	10	2.213	1	0.623784277426658	5.81416387186548e-06	0.452969292434789
nobgs	V0.5_c2	6	10	emmax_simes	group	200	1.895	12	5	0	5	0.379	1	0.623784277426658	5.81416387186548e-06	0.452969292434789
nobgs	V0.5_c2	6	10	emmax_simes	mvn	200	0.045	3	5	0	5	0.009	1	0.623784277426658	5.81416387186548e-06	0.452969292434789
nobgs	V0.5_c2	6	10	emmax_simes	spatial	200	23.83	76	5	0	5	4.766	1	0.623784277426658	5.81416387186548e-06	0.452969292434789
nobgs	V0.5_c2	8	1	emmax_consensus	group	200	0.43	5	1	0	1	0.43	1	0.635929843891148	7.80816979272502e-06	0.441432529655356
nobgs	V0.5_c2	8	1	emmax_consensus	mvn	200	0.03	1	1	0	1	0.03	1	0.635929843891148	7.80816979272502e-06	0.441432529655356
nobgs	V0.5_c2	8	1	emmax_consensus	spatial	200	21.41	71	1	0	1	21.41	1	0.635929843891148	7.80816979272502e-06	0.441432529655356
nobgs	V0.5_c2	8	1	emmax_simes	group	200	0.715	10	1	0	1	0.715	1	0.635929843891148	7.80816979272502e-06	0.441432529655356
nobgs	V0.5_c2	8	1	emmax_simes	mvn	200	0.055	2	1	0	1	0.055	1	0.635929843891148	7.80816979272502e-06	0.441432529655356
nobgs	V0.5_c2	8	1	emmax_simes	spatial	200	22.57	67	1	0	1	22.57	1	0.635929843891148	7.80816979272502e-06	0.441432529655356
nobgs	V0.5_c2	8	2	emmax_consensus	group	200	8.575	23	15	0	15	0.571666666666667	1	0.628052327067698	6.51798141999161e-06	0.431568095021514
nobgs	V0.5_c2	8	2	emmax_consensus	mvn	200	0.075	2	15	0	15	0.005	1	0.628052327067698	6.51798141999161e-06	0.431568095021514
nobgs	V0.5_c2	8	2	emmax_consensus	spatial	200	25.765	78	15	0	15	1.71766666666667	1	0.628052327067698	6.51798141999161e-06	0.431568095021514
nobgs	V0.5_c2	8	2	emmax_simes	group	200	12.73	28	11	0	11	1.15727272727273	1	0.628052327067698	6.51798141999161e-06	0.431568095021514
nobgs	V0.5_c2	8	2	emmax_simes	mvn	200	0.05	2	11	0	11	0.00454545454545455	1	0.628052327067698	6.51798141999161e-06	0.431568095021514
nobgs	V0.5_c2	8	2	emmax_simes	spatial	200	26.17	70	11	0	11	2.37909090909091	1	0.628052327067698	6.51798141999161e-06	0.431568095021514
nobgs	V0.5_c2	8	3	emmax_consensus	group	200	3.7	17	12	0	12	0.308333333333333	1	0.627197268815597	7.94290195365975e-06	0.45236325430677
nobgs	V0.5_c2	8	3	emmax_consensus	mvn	200	0.055	3	12	0	12	0.00458333333333333	1	0.627197268815597	7.94290195365975e-06	0.45236325430677
nobgs	V0.5_c2	8	3	emmax_consensus	spatial	200	27.425	69	12	0	12	2.28541666666667	1	0.627197268815597	7.94290195365975e-06	0.45236325430677
nobgs	V0.5_c2	8	3	emmax_simes	group	200	5.8	23	15	0	15	0.386666666666667	1	0.627197268815597	7.94290195365975e-06	0.45236325430677
nobgs	V0.5_c2	8	3	emmax_simes	mvn	200	0.06	2	15	0	15	0.004	1	0.627197268815597	7.94290195365975e-06	0.45236325430677
nobgs	V0.5_c2	8	3	emmax_simes	spatial	200	26.69	71	15	0	15	1.77933333333333	1	0.627197268815597	7.94290195365975e-06	0.45236325430677
nobgs	V0.5_c2	8	4	emmax_consensus	group	200	0.34	6	3	0	3	0.113333333333333	1	0.624787359586861	8.18678667173449e-06	0.445186324361869
nobgs	V0.5_c2	8	4	emmax_consensus	mvn	200	0.075	5	3	0	3	0.025	1	0.624787359586861	8.18678667173449e-06	0.445186324361869
nobgs	V0.5_c2	8	4	emmax_consensus	spatial	200	21.44	69	3	0	3	7.14666666666667	1	0.624787359586861	8.18678667173449e-06	0.445186324361869
nobgs	V0.5_c2	8	4	emmax_simes	group	200	0.49	9	5	1	4	0.098	0.8	0.624787359586861	8.18678667173449e-06	0.445186324361869
nobgs	V0.5_c2	8	4	emmax_simes	mvn	200	0.08	5	5	1	4	0.016	0.8	0.624787359586861	8.18678667173449e-06	0.445186324361869
nobgs	V0.5_c2	8	4	emmax_simes	spatial	200	24.1	66	5	1	4	4.82	0.8	0.624787359586861	8.18678667173449e-06	0.445186324361869
nobgs	V0.5_c2	8	5	emmax_consensus	group	200	4.37	14	3	0	3	1.45666666666667	1	0.628538945959304	6.02994564597618e-06	0.446801873758371
nobgs	V0.5_c2	8	5	emmax_consensus	mvn	200	0.1	2	3	0	3	0.0333333333333333	1	0.628538945959304	6.02994564597618e-06	0.446801873758371
nobgs	V0.5_c2	8	5	emmax_consensus	spatial	200	31.82	73	3	0	3	10.6066666666667	1	0.628538945959304	6.02994564597618e-06	0.446801873758371
nobgs	V0.5_c2	8	5	emmax_simes	group	200	6.55	26	1	0	1	6.55	1	0.628538945959304	6.02994564597618e-06	0.446801873758371
nobgs	V0.5_c2	8	5	emmax_simes	mvn	200	0.09	3	1	0	1	0.09	1	0.628538945959304	6.02994564597618e-06	0.446801873758371
nobgs	V0.5_c2	8	5	emmax_simes	spatial	200	34.12	76	1	0	1	34.12	1	0.628538945959304	6.02994564597618e-06	0.446801873758371
nobgs	V0.5_c2	8	6	emmax_consensus	group	200	9.12	24	9	0	9	1.01333333333333	1	0.622439085307021	8.80759206009776e-06	0.456170450022652
nobgs	V0.5_c2	8	6	emmax_consensus	mvn	200	0.02	1	9	0	9	0.00222222222222222	1	0.622439085307021	8.80759206009776e-06	0.456170450022652
nobgs	V0.5_c2	8	6	emmax_consensus	spatial	200	23.74	72	9	0	9	2.63777777777778	1	0.622439085307021	8.80759206009776e-06	0.456170450022652
nobgs	V0.5_c2	8	6	emmax_simes	group	200	14.34	30	12	0	12	1.195	1	0.622439085307021	8.80759206009776e-06	0.456170450022652
nobgs	V0.5_c2	8	6	emmax_simes	mvn	200	0.025	2	12	0	12	0.00208333333333333	1	0.622439085307021	8.80759206009776e-06	0.456170450022652
nobgs	V0.5_c2	8	6	emmax_simes	spatial	200	25.4	75	12	0	12	2.11666666666667	1	0.622439085307021	8.80759206009776e-06	0.456170450022652
nobgs	V0.5_c2	8	7	emmax_consensus	group	200	3.755	14	9	0	9	0.417222222222222	1	0.624450855462942	8.52804890493974e-06	0.402867007790506
nobgs	V0.5_c2	8	7	emmax_consensus	mvn	200	0.065	3	9	0	9	0.00722222222222222	1	0.624450855462942	8.52804890493974e-06	0.402867007790506
nobgs	V0.5_c2	8	7	emmax_consensus	spatial	200	32.905	89	9	0	9	3.65611111111111	1	0.624450855462942	8.52804890493974e-06	0.402867007790506
nobgs	V0.5_c2	8	7	emmax_simes	group	200	5.11	15	13	0	13	0.393076923076923	1	0.624450855462942	8.52804890493974e-06	0.402867007790506
nobgs	V0.5_c2	8	7	emmax_simes	mvn	200	0.05	3	13	0	13	0.00384615384615385	1	0.624450855462942	8.52804890493974e-06	0.402867007790506
nobgs	V0.5_c2	8	7	emmax_simes	spatial	200	34.27	86	13	0	13	2.63615384615385	1	0.624450855462942	8.52804890493974e-06	0.402867007790506
nobgs	V0.5_c2	8	8	emmax_consensus	group	200	3.17	14	5	0	5	0.634	1	0.628568449170293	6.41385262779604e-06	0.421346413683728
nobgs	V0.5_c2	8	8	emmax_consensus	mvn	200	0.075	2	5	0	5	0.015	1	0.628568449170293	6.41385262779604e-06	0.421346413683728
nobgs	V0.5_c2	8	8	emmax_consensus	spatial	200	24.435	71	5	0	5	4.887	1	0.628568449170293	6.41385262779604e-06	0.421346413683728
nobgs	V0.5_c2	8	8	emmax_simes	group	200	5.85	20	18	0	18	0.325	1	0.628568449170293	6.41385262779604e-06	0.421346413683728
nobgs	V0.5_c2	8	8	emmax_simes	mvn	200	0.085	2	18	0	18	0.00472222222222222	1	0.628568449170293	6.41385262779604e-06	0.421346413683728
nobgs	V0.5_c2	8	8	emmax_simes	spatial	200	26.585	71	18	0	18	1.47694444444444	1	0.628568449170293	6.41385262779604e-06	0.421346413683728
nobgs	V0.5_c2	8	9	emmax_consensus	group	200	0.7	8	3	0	3	0.233333333333333	1	0.633971839430036	9.10399184204516e-06	0.402984794990238
nobgs	V0.5_c2	8	9	emmax_consensus	mvn	200	0.06	2	3	0	3	0.02	1	0.633971839430036	9.10399184204516e-06	0.402984794990238
nobgs	V0.5_c2	8	9	emmax_consensus	spatial	200	23.925	78	3	0	3	7.975	1	0.633971839430036	9.10399184204516e-06	0.402984794990238
nobgs	V0.5_c2	8	9	emmax_simes	group	200	0.985	8	4	0	4	0.24625	1	0.633971839430036	9.10399184204516e-06	0.402984794990238
nobgs	V0.5_c2	8	9	emmax_simes	mvn	200	0.055	3	4	0	4	0.01375	1	0.633971839430036	9.10399184204516e-06	0.402984794990238
nobgs	V0.5_c2	8	9	emmax_simes	spatial	200	24.465	78	4	0	4	6.11625	1	0.633971839430036	9.10399184204516e-06	0.402984794990238
nobgs	V0.5_c2	8	10	emmax_consensus	group	200	1.65	8	2	0	2	0.825	1	0.646386363695639	7.53099081374259e-06	0.49216449654085
nobgs	V0.5_c2	8	10	emmax_consensus	mvn	200	0.055	3	2	0	2	0.0275	1	0.646386363695639	7.53099081374259e-06	0.49216449654085
nobgs	V0.5_c2	8	10	emmax_consensus	spatial	200	23.145	84	2	0	2	11.5725	1	0.646386363695639	7.53099081374259e-06	0.49216449654085
nobgs	V0.5_c2	8	10	emmax_simes	group	200	5.69	20	6	1	5	0.948333333333333	0.833333333333333	0.646386363695639	7.53099081374259e-06	0.49216449654085
nobgs	V0.5_c2	8	10	emmax_simes	mvn	200	0.05	3	6	1	5	0.00833333333333333	0.833333333333333	0.646386363695639	7.53099081374259e-06	0.49216449654085
nobgs	V0.5_c2	8	10	emmax_simes	spatial	200	23.385	68	6	1	5	3.8975	0.833333333333333	0.646386363695639	7.53099081374259e-06	0.49216449654085
nobgs	V0.5_c2	10	1	emmax_consensus	group	200	0.355	5	7	1	6	0.0507142857142857	0.857142857142857	0.625860860156231	6.69002797255438e-06	0.47933739787728
nobgs	V0.5_c2	10	1	emmax_consensus	mvn	200	0.055	2	7	1	6	0.00785714285714286	0.857142857142857	0.625860860156231	6.69002797255438e-06	0.47933739787728
nobgs	V0.5_c2	10	1	emmax_consensus	spatial	200	18.355	67	7	1	6	2.62214285714286	0.857142857142857	0.625860860156231	6.69002797255438e-06	0.47933739787728
nobgs	V0.5_c2	10	1	emmax_simes	group	200	0.65	8	7	0	7	0.0928571428571429	1	0.625860860156231	6.69002797255438e-06	0.47933739787728
nobgs	V0.5_c2	10	1	emmax_simes	mvn	200	0.045	1	7	0	7	0.00642857142857143	1	0.625860860156231	6.69002797255438e-06	0.47933739787728
nobgs	V0.5_c2	10	1	emmax_simes	spatial	200	21.28	64	7	0	7	3.04	1	0.625860860156231	6.69002797255438e-06	0.47933739787728
nobgs	V0.5_c2	10	2	emmax_consensus	group	200	7.235	17	10	0	10	0.7235	1	0.628332940317896	4.47662416595708e-06	0.392919720321638
nobgs	V0.5_c2	10	2	emmax_consensus	mvn	200	0.07	2	10	0	10	0.007	1	0.628332940317896	4.47662416595708e-06	0.392919720321638
nobgs	V0.5_c2	10	2	emmax_consensus	spatial	200	24.475	69	10	0	10	2.4475	1	0.628332940317896	4.47662416595708e-06	0.392919720321638
nobgs	V0.5_c2	10	2	emmax_simes	group	200	13.67	26	15	0	15	0.911333333333333	1	0.628332940317896	4.47662416595708e-06	0.392919720321638
nobgs	V0.5_c2	10	2	emmax_simes	mvn	200	0.055	2	15	0	15	0.00366666666666667	1	0.628332940317896	4.47662416595708e-06	0.392919720321638
nobgs	V0.5_c2	10	2	emmax_simes	spatial	200	26.195	69	15	0	15	1.74633333333333	1	0.628332940317896	4.47662416595708e-06	0.392919720321638
nobgs	V0.5_c2	10	3	emmax_consensus	group	200	2.755	11	14	1	13	0.196785714285714	0.928571428571429	0.620603366544065	6.87197194444329e-06	0.419844508370573
nobgs	V0.5_c2	10	3	emmax_consensus	mvn	200	0.025	2	14	1	13	0.00178571428571429	0.928571428571429	0.620603366544065	6.87197194444329e-06	0.419844508370573
nobgs	V0.5_c2	10	3	emmax_consensus	spatial	200	24.905	81	14	1	13	1.77892857142857	0.928571428571429	0.620603366544065	6.87197194444329e-06	0.419844508370573
nobgs	V0.5_c2	10	3	emmax_simes	group	200	9.415	24	15	2	13	0.627666666666667	0.866666666666667	0.620603366544065	6.87197194444329e-06	0.419844508370573
nobgs	V0.5_c2	10	3	emmax_simes	mvn	200	0.025	2	15	2	13	0.00166666666666667	0.866666666666667	0.620603366544065	6.87197194444329e-06	0.419844508370573
nobgs	V0.5_c2	10	3	emmax_simes	spatial	200	25.78	72	15	2	13	1.71866666666667	0.866666666666667	0.620603366544065	6.87197194444329e-06	0.419844508370573
nobgs	V0.5_c2	10	4	emmax_consensus	group	200	0.325	4	4	0	4	0.08125	1	0.60253532911843	5.25902944005784e-06	0.382162388236283
nobgs	V0.5_c2	10	4	emmax_consensus	mvn	200	0.07	3	4	0	4	0.0175	1	0.60253532911843	5.25902944005784e-06	0.382162388236283
nobgs	V0.5_c2	10	4	emmax_consensus	spatial	200	17.43	62	4	0	4	4.3575	1	0.60253532911843	5.25902944005784e-06	0.382162388236283
nobgs	V0.5_c2	10	4	emmax_simes	group	200	0.465	5	5	0	5	0.093	1	0.60253532911843	5.25902944005784e-06	0.382162388236283
nobgs	V0.5_c2	10	4	emmax_simes	mvn	200	0.06	2	5	0	5	0.012	1	0.60253532911843	5.25902944005784e-06	0.382162388236283
nobgs	V0.5_c2	10	4	emmax_simes	spatial	200	17.965	58	5	0	5	3.593	1	0.60253532911843	5.25902944005784e-06	0.382162388236283
nobgs	V0.5_c2	10	5	emmax_consensus	group	200	3.285	13	7	0	7	0.469285714285714	1	0.618398070413212	5.81922597738051e-06	0.45278918135716
nobgs	V0.5_c2	10	5	emmax_consensus	mvn	200	0.075	3	7	0	7	0.0107142857142857	1	0.618398070413212	5.81922597738051e-06	0.45278918135716
nobgs	V0.5_c2	10	5	emmax_consensus	spatial	200	27.855	76	7	0	7	3.97928571428571	1	0.618398070413212	5.81922597738051e-06	0.45278918135716
nobgs	V0.5_c2	10	5	emmax_simes	group	200	4.385	17	6	0	6	0.730833333333333	1	0.618398070413212	5.81922597738051e-06	0.45278918135716
nobgs	V0.5_c2	10	5	emmax_simes	mvn	200	0.075	2	6	0	6	0.0125	1	0.618398070413212	5.81922597738051e-06	0.45278918135716
nobgs	V0.5_c2	10	5	emmax_simes	spatial	200	29.53	81	6	0	6	4.92166666666667	1	0.618398070413212	5.81922597738051e-06	0.45278918135716
nobgs	V0.5_c2	10	6	emmax_consensus	group	200	8.37	21	2	0	2	4.185	1	0.6440295508645	5.7162593868365e-06	0.484673126078293
nobgs	V0.5_c2	10	6	emmax_consensus	mvn	200	0.08	2	2	0	2	0.04	1	0.6440295508645	5.7162593868365e-06	0.484673126078293
nobgs	V0.5_c2	10	6	emmax_consensus	spatial	200	22.85	79	2	0	2	11.425	1	0.6440295508645	5.7162593868365e-06	0.484673126078293
nobgs	V0.5_c2	10	6	emmax_simes	group	200	11.585	24	8	0	8	1.448125	1	0.6440295508645	5.7162593868365e-06	0.484673126078293
nobgs	V0.5_c2	10	6	emmax_simes	mvn	200	0.05	2	8	0	8	0.00625	1	0.6440295508645	5.7162593868365e-06	0.484673126078293
nobgs	V0.5_c2	10	6	emmax_simes	spatial	200	24.39	72	8	0	8	3.04875	1	0.6440295508645	5.7162593868365e-06	0.484673126078293
nobgs	V0.5_c2	10	7	emmax_consensus	group	200	2.975	13	10	1	9	0.2975	0.9	0.63042418197319	8.17090943445537e-06	0.514484948126311
nobgs	V0.5_c2	10	7	emmax_consensus	mvn	200	0.06	2	10	1	9	0.006	0.9	0.63042418197319	8.17090943445537e-06	0.514484948126311
nobgs	V0.5_c2	10	7	emmax_consensus	spatial	200	30.455	73	10	1	9	3.0455	0.9	0.63042418197319	8.17090943445537e-06	0.514484948126311
nobgs	V0.5_c2	10	7	emmax_simes	group	200	6.86	18	14	1	13	0.49	0.928571428571429	0.63042418197319	8.17090943445537e-06	0.514484948126311
nobgs	V0.5_c2	10	7	emmax_simes	mvn	200	0.045	3	14	1	13	0.00321428571428571	0.928571428571429	0.63042418197319	8.17090943445537e-06	0.514484948126311
nobgs	V0.5_c2	10	7	emmax_simes	spatial	200	32.815	67	14	1	13	2.34392857142857	0.928571428571429	0.63042418197319	8.17090943445537e-06	0.514484948126311
nobgs	V0.5_c2	10	8	emmax_consensus	group	200	5.2	22	17	0	17	0.305882352941177	1	0.628693033434537	6.89165455156096e-06	0.392467857026374
nobgs	V0.5_c2	10	8	emmax_consensus	mvn	200	0.05	2	17	0	17	0.00294117647058824	1	0.628693033434537	6.89165455156096e-06	0.392467857026374
nobgs	V0.5_c2	10	8	emmax_consensus	spatial	200	25.445	71	17	0	17	1.49676470588235	1	0.628693033434537	6.89165455156096e-06	0.392467857026374
nobgs	V0.5_c2	10	8	emmax_simes	group	200	8.865	26	18	0	18	0.4925	1	0.628693033434537	6.89165455156096e-06	0.392467857026374
nobgs	V0.5_c2	10	8	emmax_simes	mvn	200	0.04	2	18	0	18	0.00222222222222222	1	0.628693033434537	6.89165455156096e-06	0.392467857026374
nobgs	V0.5_c2	10	8	emmax_simes	spatial	200	27.59	77	18	0	18	1.53277777777778	1	0.628693033434537	6.89165455156096e-06	0.392467857026374
nobgs	V0.5_c2	10	9	emmax_consensus	group	200	1.625	14	1	0	1	1.625	1	0.608974413352312	6.62048348160846e-06	0.411166472838413
nobgs	V0.5_c2	10	9	emmax_consensus	mvn	200	0.04	2	1	0	1	0.04	1	0.608974413352312	6.62048348160846e-06	0.411166472838413
nobgs	V0.5_c2	10	9	emmax_consensus	spatial	200	21.045	63	1	0	1	21.045	1	0.608974413352312	6.62048348160846e-06	0.411166472838413
nobgs	V0.5_c2	10	9	emmax_simes	group	200	2.31	12	1	0	1	2.31	1	0.608974413352312	6.62048348160846e-06	0.411166472838413
nobgs	V0.5_c2	10	9	emmax_simes	mvn	200	0.025	1	1	0	1	0.025	1	0.608974413352312	6.62048348160846e-06	0.411166472838413
nobgs	V0.5_c2	10	9	emmax_simes	spatial	200	23.025	67	1	0	1	23.025	1	0.608974413352312	6.62048348160846e-06	0.411166472838413
nobgs	V0.5_c2	10	10	emmax_consensus	group	200	3.465	14	8	0	8	0.433125	1	0.621347046006742	5.75328759208995e-06	0.439773234964595
nobgs	V0.5_c2	10	10	emmax_consensus	mvn	200	0.05	2	8	0	8	0.00625	1	0.621347046006742	5.75328759208995e-06	0.439773234964595
nobgs	V0.5_c2	10	10	emmax_consensus	spatial	200	20.875	72	8	0	8	2.609375	1	0.621347046006742	5.75328759208995e-06	0.439773234964595
nobgs	V0.5_c2	10	10	emmax_simes	group	200	7.17	15	9	0	9	0.796666666666667	1	0.621347046006742	5.75328759208995e-06	0.439773234964595
nobgs	V0.5_c2	10	10	emmax_simes	mvn	200	0.045	1	9	0	9	0.005	1	0.621347046006742	5.75328759208995e-06	0.439773234964595
nobgs	V0.5_c2	10	10	emmax_simes	spatial	200	20.89	60	9	0	9	2.32111111111111	1	0.621347046006742	5.75328759208995e-06	0.439773234964595
nobgs	V1_c1	1	1	emmax_consensus	group	200	0.86	5	0	0	0			0.0474680367225802		
nobgs	V1_c1	1	1	emmax_consensus	mvn	200	0.045	3	0	0	0			0.0474680367225802		
nobgs	V1_c1	1	1	emmax_consensus	spatial	200	0.44	3	0	0	0			0.0474680367225802		
nobgs	V1_c1	1	1	emmax_simes	group	200	1.025	5	0	0	0			0.0474680367225802		
nobgs	V1_c1	1	1	emmax_simes	mvn	200	0.045	3	0	0	0			0.0474680367225802		
nobgs	V1_c1	1	1	emmax_simes	spatial	200	0.255	3	0	0	0			0.0474680367225802		
nobgs	V1_c1	1	2	emmax_consensus	group	200	1.245	5	1	1	0	1.245	0	0.0452642908253928		
nobgs	V1_c1	1	2	emmax_consensus	mvn	200	0.09	2	1	1	0	0.09	0	0.0452642908253928		
nobgs	V1_c1	1	2	emmax_consensus	spatial	200	0.67	8	1	1	0	0.67	0	0.0452642908253928		
nobgs	V1_c1	1	2	emmax_simes	group	200	1.13	5	1	1	0	1.13	0	0.0452642908253928		
nobgs	V1_c1	1	2	emmax_simes	mvn	200	0.055	1	1	1	0	0.055	0	0.0452642908253928		
nobgs	V1_c1	1	2	emmax_simes	spatial	200	0.59	5	1	1	0	0.59	0	0.0452642908253928		
nobgs	V1_c1	1	3	emmax_consensus	group	200	0.605	3	1	1	0	0.605	0	0.0363226669950023		
nobgs	V1_c1	1	3	emmax_consensus	mvn	200	0.05	2	1	1	0	0.05	0	0.0363226669950023		
nobgs	V1_c1	1	3	emmax_consensus	spatial	200	0.145	2	1	1	0	0.145	0	0.0363226669950023		
nobgs	V1_c1	1	3	emmax_simes	group	200	0.54	3	1	1	0	0.54	0	0.0363226669950023		
nobgs	V1_c1	1	3	emmax_simes	mvn	200	0.06	3	1	1	0	0.06	0	0.0363226669950023		
nobgs	V1_c1	1	3	emmax_simes	spatial	200	0.125	3	1	1	0	0.125	0	0.0363226669950023		
nobgs	V1_c1	1	4	emmax_consensus	group	200	1.16	5	1	0	1	1.16	1	0.0341925552640096		
nobgs	V1_c1	1	4	emmax_consensus	mvn	200	0.055	2	1	0	1	0.055	1	0.0341925552640096		
nobgs	V1_c1	1	4	emmax_consensus	spatial	200	0.53	4	1	0	1	0.53	1	0.0341925552640096		
nobgs	V1_c1	1	4	emmax_simes	group	200	0.915	4	0	0	0			0.0341925552640096		
nobgs	V1_c1	1	4	emmax_simes	mvn	200	0.05	2	0	0	0			0.0341925552640096		
nobgs	V1_c1	1	4	emmax_simes	spatial	200	0.585	4	0	0	0			0.0341925552640096		
nobgs	V1_c1	1	5	emmax_consensus	group	200	0.93	4	2	1	1	0.465	0.5	0.0432677776043003		
nobgs	V1_c1	1	5	emmax_consensus	mvn	200	0.065	3	2	1	1	0.0325	0.5	0.0432677776043003		
nobgs	V1_c1	1	5	emmax_consensus	spatial	200	0.44	6	2	1	1	0.22	0.5	0.0432677776043003		
nobgs	V1_c1	1	5	emmax_simes	group	200	0.78	3	1	1	0	0.78	0	0.0432677776043003		
nobgs	V1_c1	1	5	emmax_simes	mvn	200	0.04	1	1	1	0	0.04	0	0.0432677776043003		
nobgs	V1_c1	1	5	emmax_simes	spatial	200	0.17	3	1	1	0	0.17	0	0.0432677776043003		
nobgs	V1_c1	1	6	emmax_consensus	group	200	0.83	7	0	0	0			0.0379262630128701		
nobgs	V1_c1	1	6	emmax_consensus	mvn	200	0.035	3	0	0	0			0.0379262630128701		
nobgs	V1_c1	1	6	emmax_consensus	spatial	200	0.095	1	0	0	0			0.0379262630128701		
nobgs	V1_c1	1	6	emmax_simes	group	200	0.65	4	1	0	1	0.65	1	0.0379262630128701		
nobgs	V1_c1	1	6	emmax_simes	mvn	200	0.03	2	1	0	1	0.03	1	0.0379262630128701		
nobgs	V1_c1	1	6	emmax_simes	spatial	200	0.205	2	1	0	1	0.205	1	0.0379262630128701		
nobgs	V1_c1	1	7	emmax_consensus	group	200	1.795	5	2	2	0	0.8975	0	0.037181478106003		
nobgs	V1_c1	1	7	emmax_consensus	mvn	200	0.06	2	2	2	0	0.03	0	0.037181478106003		
nobgs	V1_c1	1	7	emmax_consensus	spatial	200	0.52	6	2	2	0	0.26	0	0.037181478106003		
nobgs	V1_c1	1	7	emmax_simes	group	200	1.455	4	2	2	0	0.7275	0	0.037181478106003		
nobgs	V1_c1	1	7	emmax_simes	mvn	200	0.05	2	2	2	0	0.025	0	0.037181478106003		
nobgs	V1_c1	1	7	emmax_simes	spatial	200	0.335	3	2	2	0	0.1675	0	0.037181478106003		
nobgs	V1_c1	1	8	emmax_consensus	group	200	0.545	4	0	0	0			0.0352339489388507		
nobgs	V1_c1	1	8	emmax_consensus	mvn	200	0.055	2	0	0	0			0.0352339489388507		
nobgs	V1_c1	1	8	emmax_consensus	spatial	200	0.105	2	0	0	0			0.0352339489388507		
nobgs	V1_c1	1	8	emmax_simes	group	200	0.435	4	0	0	0			0.0352339489388507		
nobgs	V1_c1	1	8	emmax_simes	mvn	200	0.045	2	0	0	0			0.0352339489388507		
nobgs	V1_c1	1	8	emmax_simes	spatial	200	0.1	2	0	0	0			0.0352339489388507		
nobgs	V1_c1	1	9	emmax_consensus	group	200	0.06	1	0	0	0			0.0348807198624476		
nobgs	V1_c1	1	9	emmax_consensus	mvn	200	0.045	1	0	0	0			0.0348807198624476		
nobgs	V1_c1	1	9	emmax_consensus	spatial	200	0.35	3	0	0	0			0.0348807198624476		
nobgs	V1_c1	1	9	emmax_simes	group	200	0.07	2	0	0	0			0.0348807198624476		
nobgs	V1_c1	1	9	emmax_simes	mvn	200	0.045	1	0	0	0			0.0348807198624476		
nobgs	V1_c1	1	9	emmax_simes	spatial	200	0.25	4	0	0	0			0.0348807198624476		
nobgs	V1_c1	1	10	emmax_consensus	group	200	0.13	2	1	1	0	0.13	0	0.0422458582622354		
nobgs	V1_c1	1	10	emmax_consensus	mvn	200	0.05	2	1	1	0	0.05	0	0.0422458582622354		
nobgs	V1_c1	1	10	emmax_consensus	spatial	200	0.085	2	1	1	0	0.085	0	0.0422458582622354		
nobgs	V1_c1	1	10	emmax_simes	group	200	0.21	4	1	1	0	0.21	0	0.0422458582622354		
nobgs	V1_c1	1	10	emmax_simes	mvn	200	0.03	1	1	1	0	0.03	0	0.0422458582622354		
nobgs	V1_c1	1	10	emmax_simes	spatial	200	0.035	1	1	1	0	0.035	0	0.0422458582622354		
nobgs	V1_c1	2	1	emmax_consensus	group	200	1.73	6	1	1	0	1.73	0	0.0392527387035801		
nobgs	V1_c1	2	1	emmax_consensus	mvn	200	0.015	1	1	1	0	0.015	0	0.0392527387035801		
nobgs	V1_c1	2	1	emmax_consensus	spatial	200	0.055	2	1	1	0	0.055	0	0.0392527387035801		
nobgs	V1_c1	2	1	emmax_simes	group	200	1.86	6	1	1	0	1.86	0	0.0392527387035801		
nobgs	V1_c1	2	1	emmax_simes	mvn	200	0.04	2	1	1	0	0.04	0	0.0392527387035801		
nobgs	V1_c1	2	1	emmax_simes	spatial	200	0.04	2	1	1	0	0.04	0	0.0392527387035801		
nobgs	V1_c1	2	2	emmax_consensus	group	200	1.26	6	4	1	3	0.315	0.75	0.0418033015351162		
nobgs	V1_c1	2	2	emmax_consensus	mvn	200	0.085	2	4	1	3	0.02125	0.75	0.0418033015351162		
nobgs	V1_c1	2	2	emmax_consensus	spatial	200	0.105	2	4	1	3	0.02625	0.75	0.0418033015351162		
nobgs	V1_c1	2	2	emmax_simes	group	200	1.155	5	3	1	2	0.385	0.666666666666667	0.0418033015351162		
nobgs	V1_c1	2	2	emmax_simes	mvn	200	0.06	2	3	1	2	0.02	0.666666666666667	0.0418033015351162		
nobgs	V1_c1	2	2	emmax_simes	spatial	200	0.135	3	3	1	2	0.045	0.666666666666667	0.0418033015351162		
nobgs	V1_c1	2	3	emmax_consensus	group	200	1.34	4	1	1	0	1.34	0	0.038647989239606		
nobgs	V1_c1	2	3	emmax_consensus	mvn	200	0.07	3	1	1	0	0.07	0	0.038647989239606		
nobgs	V1_c1	2	3	emmax_consensus	spatial	200	0.145	3	1	1	0	0.145	0	0.038647989239606		
nobgs	V1_c1	2	3	emmax_simes	group	200	1.255	5	1	1	0	1.255	0	0.038647989239606		
nobgs	V1_c1	2	3	emmax_simes	mvn	200	0.065	2	1	1	0	0.065	0	0.038647989239606		
nobgs	V1_c1	2	3	emmax_simes	spatial	200	0.14	3	1	1	0	0.14	0	0.038647989239606		
nobgs	V1_c1	2	4	emmax_consensus	group	200	0.045	2	0	0	0			0.0394481636480746		
nobgs	V1_c1	2	4	emmax_consensus	mvn	200	0.07	2	0	0	0			0.0394481636480746		
nobgs	V1_c1	2	4	emmax_consensus	spatial	200	0.365	6	0	0	0			0.0394481636480746		
nobgs	V1_c1	2	4	emmax_simes	group	200	0.03	1	0	0	0			0.0394481636480746		
nobgs	V1_c1	2	4	emmax_simes	mvn	200	0.065	1	0	0	0			0.0394481636480746		
nobgs	V1_c1	2	4	emmax_simes	spatial	200	0.32	4	0	0	0			0.0394481636480746		
nobgs	V1_c1	2	5	emmax_consensus	group	200	0.49	4	0	0	0			0.043209133010005		
nobgs	V1_c1	2	5	emmax_consensus	mvn	200	0.055	2	0	0	0			0.043209133010005		
nobgs	V1_c1	2	5	emmax_consensus	spatial	200	0.595	3	0	0	0			0.043209133010005		
nobgs	V1_c1	2	5	emmax_simes	group	200	0.455	3	0	0	0			0.043209133010005		
nobgs	V1_c1	2	5	emmax_simes	mvn	200	0.04	2	0	0	0			0.043209133010005		
nobgs	V1_c1	2	5	emmax_simes	spatial	200	0.42	3	0	0	0			0.043209133010005		
nobgs	V1_c1	2	6	emmax_consensus	group	200	0.935	5	0	0	0			0.0358873862116534		
nobgs	V1_c1	2	6	emmax_consensus	mvn	200	0.05	3	0	0	0			0.0358873862116534		
nobgs	V1_c1	2	6	emmax_consensus	spatial	200	0.09	2	0	0	0			0.0358873862116534		
nobgs	V1_c1	2	6	emmax_simes	group	200	1.12	4	0	0	0			0.0358873862116534		
nobgs	V1_c1	2	6	emmax_simes	mvn	200	0.04	3	0	0	0			0.0358873862116534		
nobgs	V1_c1	2	6	emmax_simes	spatial	200	0.075	2	0	0	0			0.0358873862116534		
nobgs	V1_c1	2	7	emmax_consensus	group	200	1.385	4	1	1	0	1.385	0	0.0392958001543085		
nobgs	V1_c1	2	7	emmax_consensus	mvn	200	0.05	2	1	1	0	0.05	0	0.0392958001543085		
nobgs	V1_c1	2	7	emmax_consensus	spatial	200	0.335	3	1	1	0	0.335	0	0.0392958001543085		
nobgs	V1_c1	2	7	emmax_simes	group	200	1.52	4	1	1	0	1.52	0	0.0392958001543085		
nobgs	V1_c1	2	7	emmax_simes	mvn	200	0.045	2	1	1	0	0.045	0	0.0392958001543085		
nobgs	V1_c1	2	7	emmax_simes	spatial	200	0.24	3	1	1	0	0.24	0	0.0392958001543085		
nobgs	V1_c1	2	8	emmax_consensus	group	200	0.74	3	2	1	1	0.37	0.5	0.0459740001670562		
nobgs	V1_c1	2	8	emmax_consensus	mvn	200	0.045	2	2	1	1	0.0225	0.5	0.0459740001670562		
nobgs	V1_c1	2	8	emmax_consensus	spatial	200	0.56	5	2	1	1	0.28	0.5	0.0459740001670562		
nobgs	V1_c1	2	8	emmax_simes	group	200	0.74	3	1	1	0	0.74	0	0.0459740001670562		
nobgs	V1_c1	2	8	emmax_simes	mvn	200	0.035	2	1	1	0	0.035	0	0.0459740001670562		
nobgs	V1_c1	2	8	emmax_simes	spatial	200	0.53	4	1	1	0	0.53	0	0.0459740001670562		
nobgs	V1_c1	2	9	emmax_consensus	group	200	0.17	4	0	0	0			0.046878514822952		
nobgs	V1_c1	2	9	emmax_consensus	mvn	200	0.045	1	0	0	0			0.046878514822952		
nobgs	V1_c1	2	9	emmax_consensus	spatial	200	0.21	2	0	0	0			0.046878514822952		
nobgs	V1_c1	2	9	emmax_simes	group	200	0.085	2	0	0	0			0.046878514822952		
nobgs	V1_c1	2	9	emmax_simes	mvn	200	0.03	1	0	0	0			0.046878514822952		
nobgs	V1_c1	2	9	emmax_simes	spatial	200	0.12	2	0	0	0			0.046878514822952		
nobgs	V1_c1	2	10	emmax_consensus	group	200	1.605	5	1	1	0	1.605	0	0.0417570771158577		
nobgs	V1_c1	2	10	emmax_consensus	mvn	200	0.08	2	1	1	0	0.08	0	0.0417570771158577		
nobgs	V1_c1	2	10	emmax_consensus	spatial	200	0.29	2	1	1	0	0.29	0	0.0417570771158577		
nobgs	V1_c1	2	10	emmax_simes	group	200	1.43	6	2	1	1	0.715	0.5	0.0417570771158577		
nobgs	V1_c1	2	10	emmax_simes	mvn	200	0.07	2	2	1	1	0.035	0.5	0.0417570771158577		
nobgs	V1_c1	2	10	emmax_simes	spatial	200	0.235	2	2	1	1	0.1175	0.5	0.0417570771158577		
nobgs	V1_c1	4	1	emmax_consensus	group	200	1.33	5	1	1	0	1.33	0	0.0486988118579716		
nobgs	V1_c1	4	1	emmax_consensus	mvn	200	0.06	2	1	1	0	0.06	0	0.0486988118579716		
nobgs	V1_c1	4	1	emmax_consensus	spatial	200	0.025	1	1	1	0	0.025	0	0.0486988118579716		
nobgs	V1_c1	4	1	emmax_simes	group	200	1.22	6	1	1	0	1.22	0	0.0486988118579716		
nobgs	V1_c1	4	1	emmax_simes	mvn	200	0.045	2	1	1	0	0.045	0	0.0486988118579716		
nobgs	V1_c1	4	1	emmax_simes	spatial	200	0.055	2	1	1	0	0.055	0	0.0486988118579716		
nobgs	V1_c1	4	2	emmax_consensus	group	200	0.625	5	0	0	0			0.0368011693562915		
nobgs	V1_c1	4	2	emmax_consensus	mvn	200	0.085	2	0	0	0			0.0368011693562915		
nobgs	V1_c1	4	2	emmax_consensus	spatial	200	0.435	6	0	0	0			0.0368011693562915		
nobgs	V1_c1	4	2	emmax_simes	group	200	0.385	5	0	0	0			0.0368011693562915		
nobgs	V1_c1	4	2	emmax_simes	mvn	200	0.065	2	0	0	0			0.0368011693562915		
nobgs	V1_c1	4	2	emmax_simes	spatial	200	0.34	5	0	0	0			0.0368011693562915		
nobgs	V1_c1	4	3	emmax_consensus	group	200	1.385	4	2	1	1	0.6925	0.5	0.0373028127020636		
nobgs	V1_c1	4	3	emmax_consensus	mvn	200	0.055	1	2	1	1	0.0275	0.5	0.0373028127020636		
nobgs	V1_c1	4	3	emmax_consensus	spatial	200	0.13	2	2	1	1	0.065	0.5	0.0373028127020636		
nobgs	V1_c1	4	3	emmax_simes	group	200	1.1	4	2	1	1	0.55	0.5	0.0373028127020636		
nobgs	V1_c1	4	3	emmax_simes	mvn	200	0.045	1	2	1	1	0.0225	0.5	0.0373028127020636		
nobgs	V1_c1	4	3	emmax_simes	spatial	200	0.175	3	2	1	1	0.0875	0.5	0.0373028127020636		
nobgs	V1_c1	4	4	emmax_consensus	group	200	2.375	6	2	2	0	1.1875	0	0.0471340901195976		
nobgs	V1_c1	4	4	emmax_consensus	mvn	200	0.06	2	2	2	0	0.03	0	0.0471340901195976		
nobgs	V1_c1	4	4	emmax_consensus	spatial	200	0.145	3	2	2	0	0.0725	0	0.0471340901195976		
nobgs	V1_c1	4	4	emmax_simes	group	200	2.43	7	2	2	0	1.215	0	0.0471340901195976		
nobgs	V1_c1	4	4	emmax_simes	mvn	200	0.055	2	2	2	0	0.0275	0	0.0471340901195976		
nobgs	V1_c1	4	4	emmax_simes	spatial	200	0.075	2	2	2	0	0.0375	0	0.0471340901195976		
nobgs	V1_c1	4	5	emmax_consensus	group	200	2.92	10	2	2	0	1.46	0	0.039652636223548		
nobgs	V1_c1	4	5	emmax_consensus	mvn	200	0.06	2	2	2	0	0.03	0	0.039652636223548		
nobgs	V1_c1	4	5	emmax_consensus	spatial	200	0.695	5	2	2	0	0.3475	0	0.039652636223548		
nobgs	V1_c1	4	5	emmax_simes	group	200	2.79	7	2	2	0	1.395	0	0.039652636223548		
nobgs	V1_c1	4	5	emmax_simes	mvn	200	0.07	3	2	2	0	0.035	0	0.039652636223548		
nobgs	V1_c1	4	5	emmax_simes	spatial	200	0.65	6	2	2	0	0.325	0	0.039652636223548		
nobgs	V1_c1	4	6	emmax_consensus	group	200	3.74	9	4	1	3	0.935	0.75	0.0437016442632036		
nobgs	V1_c1	4	6	emmax_consensus	mvn	200	0.03	2	4	1	3	0.0075	0.75	0.0437016442632036		
nobgs	V1_c1	4	6	emmax_consensus	spatial	200	0.025	1	4	1	3	0.00625	0.75	0.0437016442632036		
nobgs	V1_c1	4	6	emmax_simes	group	200	3.17	8	3	1	2	1.05666666666667	0.666666666666667	0.0437016442632036		
nobgs	V1_c1	4	6	emmax_simes	mvn	200	0.04	1	3	1	2	0.0133333333333333	0.666666666666667	0.0437016442632036		
nobgs	V1_c1	4	6	emmax_simes	spatial	200	0.14	2	3	1	2	0.0466666666666667	0.666666666666667	0.0437016442632036		
nobgs	V1_c1	4	7	emmax_consensus	group	200	2.03	5	2	2	0	1.015	0	0.0450779268689755		
nobgs	V1_c1	4	7	emmax_consensus	mvn	200	0.065	3	2	2	0	0.0325	0	0.0450779268689755		
nobgs	V1_c1	4	7	emmax_consensus	spatial	200	0.345	6	2	2	0	0.1725	0	0.0450779268689755		
nobgs	V1_c1	4	7	emmax_simes	group	200	1.84	5	2	2	0	0.92	0	0.0450779268689755		
nobgs	V1_c1	4	7	emmax_simes	mvn	200	0.035	1	2	2	0	0.0175	0	0.0450779268689755		
nobgs	V1_c1	4	7	emmax_simes	spatial	200	0.22	4	2	2	0	0.11	0	0.0450779268689755		
nobgs	V1_c1	4	8	emmax_consensus	group	200	2	5	2	1	1	1	0.5	0.036056632205384		
nobgs	V1_c1	4	8	emmax_consensus	mvn	200	0.05	2	2	1	1	0.025	0.5	0.036056632205384		
nobgs	V1_c1	4	8	emmax_consensus	spatial	200	0.01	1	2	1	1	0.005	0.5	0.036056632205384		
nobgs	V1_c1	4	8	emmax_simes	group	200	1.71	4	2	1	1	0.855	0.5	0.036056632205384		
nobgs	V1_c1	4	8	emmax_simes	mvn	200	0.06	2	2	1	1	0.03	0.5	0.036056632205384		
nobgs	V1_c1	4	8	emmax_simes	spatial	200	0.01	1	2	1	1	0.005	0.5	0.036056632205384		
nobgs	V1_c1	4	9	emmax_consensus	group	200	0.03	2	0	0	0			0.045568080900981		
nobgs	V1_c1	4	9	emmax_consensus	mvn	200	0.065	1	0	0	0			0.045568080900981		
nobgs	V1_c1	4	9	emmax_consensus	spatial	200	0.36	7	0	0	0			0.045568080900981		
nobgs	V1_c1	4	9	emmax_simes	group	200	0.025	2	0	0	0			0.045568080900981		
nobgs	V1_c1	4	9	emmax_simes	mvn	200	0.065	1	0	0	0			0.045568080900981		
nobgs	V1_c1	4	9	emmax_simes	spatial	200	0.22	6	0	0	0			0.045568080900981		
nobgs	V1_c1	4	10	emmax_consensus	group	200	0.18	3	0	0	0			0.046430259161582		
nobgs	V1_c1	4	10	emmax_consensus	mvn	200	0.02	1	0	0	0			0.046430259161582		
nobgs	V1_c1	4	10	emmax_consensus	spatial	200	0.27	4	0	0	0			0.046430259161582		
nobgs	V1_c1	4	10	emmax_simes	group	200	0.22	3	0	0	0			0.046430259161582		
nobgs	V1_c1	4	10	emmax_simes	mvn	200	0.02	2	0	0	0			0.046430259161582		
nobgs	V1_c1	4	10	emmax_simes	spatial	200	0.24	4	0	0	0			0.046430259161582		
nobgs	V1_c1	9	1	emmax_consensus	group	200	1.345	5	1	1	0	1.345	0	0.0341372012089089		
nobgs	V1_c1	9	1	emmax_consensus	mvn	200	0.06	2	1	1	0	0.06	0	0.0341372012089089		
nobgs	V1_c1	9	1	emmax_consensus	spatial	200	0.2	3	1	1	0	0.2	0	0.0341372012089089		
nobgs	V1_c1	9	1	emmax_simes	group	200	1.295	6	1	1	0	1.295	0	0.0341372012089089		
nobgs	V1_c1	9	1	emmax_simes	mvn	200	0.05	1	1	1	0	0.05	0	0.0341372012089089		
nobgs	V1_c1	9	1	emmax_simes	spatial	200	0.35	3	1	1	0	0.35	0	0.0341372012089089		
nobgs	V1_c1	9	2	emmax_consensus	group	200	1.17	6	1	1	0	1.17	0	0.0358895382916557		
nobgs	V1_c1	9	2	emmax_consensus	mvn	200	0.03	2	1	1	0	0.03	0	0.0358895382916557		
nobgs	V1_c1	9	2	emmax_consensus	spatial	200	0.15	3	1	1	0	0.15	0	0.0358895382916557		
nobgs	V1_c1	9	2	emmax_simes	group	200	0.965	5	0	0	0			0.0358895382916557		
nobgs	V1_c1	9	2	emmax_simes	mvn	200	0.02	1	0	0	0			0.0358895382916557		
nobgs	V1_c1	9	2	emmax_simes	spatial	200	0.17	3	0	0	0			0.0358895382916557		
nobgs	V1_c1	9	3	emmax_consensus	group	200	1.79	5	4	2	2	0.4475	0.5	0.0430017917359879		
nobgs	V1_c1	9	3	emmax_consensus	mvn	200	0.045	2	4	2	2	0.01125	0.5	0.0430017917359879		
nobgs	V1_c1	9	3	emmax_consensus	spatial	200	0.405	4	4	2	2	0.10125	0.5	0.0430017917359879		
nobgs	V1_c1	9	3	emmax_simes	group	200	1.67	5	3	1	2	0.556666666666667	0.666666666666667	0.0430017917359879		
nobgs	V1_c1	9	3	emmax_simes	mvn	200	0.02	1	3	1	2	0.00666666666666667	0.666666666666667	0.0430017917359879		
nobgs	V1_c1	9	3	emmax_simes	spatial	200	0.415	4	3	1	2	0.138333333333333	0.666666666666667	0.0430017917359879		
nobgs	V1_c1	9	4	emmax_consensus	group	200	0.155	4	0	0	0			0.0419381367070956		
nobgs	V1_c1	9	4	emmax_consensus	mvn	200	0.07	2	0	0	0			0.0419381367070956		
nobgs	V1_c1	9	4	emmax_consensus	spatial	200	0.33	3	0	0	0			0.0419381367070956		
nobgs	V1_c1	9	4	emmax_simes	group	200	0.19	3	0	0	0			0.0419381367070956		
nobgs	V1_c1	9	4	emmax_simes	mvn	200	0.055	1	0	0	0			0.0419381367070956		
nobgs	V1_c1	9	4	emmax_simes	spatial	200	0.305	4	0	0	0			0.0419381367070956		
nobgs	V1_c1	9	5	emmax_consensus	group	200	0.43	2	1	1	0	0.43	0	0.0362104819219736		
nobgs	V1_c1	9	5	emmax_consensus	mvn	200	0.055	2	1	1	0	0.055	0	0.0362104819219736		
nobgs	V1_c1	9	5	emmax_consensus	spatial	200	0.43	4	1	1	0	0.43	0	0.0362104819219736		
nobgs	V1_c1	9	5	emmax_simes	group	200	0.285	2	1	1	0	0.285	0	0.0362104819219736		
nobgs	V1_c1	9	5	emmax_simes	mvn	200	0.04	1	1	1	0	0.04	0	0.0362104819219736		
nobgs	V1_c1	9	5	emmax_simes	spatial	200	0.555	3	1	1	0	0.555	0	0.0362104819219736		
nobgs	V1_c1	9	6	emmax_consensus	group	200	1.275	6	2	0	2	0.6375	1	0.0381648121895347		
nobgs	V1_c1	9	6	emmax_consensus	mvn	200	0.09	2	2	0	2	0.045	1	0.0381648121895347		
nobgs	V1_c1	9	6	emmax_consensus	spatial	200	0.26	3	2	0	2	0.13	1	0.0381648121895347		
nobgs	V1_c1	9	6	emmax_simes	group	200	1.075	6	0	0	0			0.0381648121895347		
nobgs	V1_c1	9	6	emmax_simes	mvn	200	0.065	3	0	0	0			0.0381648121895347		
nobgs	V1_c1	9	6	emmax_simes	spatial	200	0.225	3	0	0	0			0.0381648121895347		
nobgs	V1_c1	9	7	emmax_consensus	group	200	0	0	0	0	0			0.037286812062614		
nobgs	V1_c1	9	7	emmax_consensus	mvn	200	0.055	2	0	0	0			0.037286812062614		
nobgs	V1_c1	9	7	emmax_consensus	spatial	200	0.26	4	0	0	0			0.037286812062614		
nobgs	V1_c1	9	7	emmax_simes	group	200	0	0	0	0	0			0.037286812062614		
nobgs	V1_c1	9	7	emmax_simes	mvn	200	0.08	2	0	0	0			0.037286812062614		
nobgs	V1_c1	9	7	emmax_simes	spatial	200	0.255	4	0	0	0			0.037286812062614		
nobgs	V1_c1	9	8	emmax_consensus	group	200	0.87	7	0	0	0			0.0387309046325094		
nobgs	V1_c1	9	8	emmax_consensus	mvn	200	0.12	3	0	0	0			0.0387309046325094		
nobgs	V1_c1	9	8	emmax_consensus	spatial	200	0.825	6	0	0	0			0.0387309046325094		
nobgs	V1_c1	9	8	emmax_simes	group	200	1.03	6	0	0	0			0.0387309046325094		
nobgs	V1_c1	9	8	emmax_simes	mvn	200	0.08	2	0	0	0			0.0387309046325094		
nobgs	V1_c1	9	8	emmax_simes	spatial	200	0.875	8	0	0	0			0.0387309046325094		
nobgs	V1_c1	9	9	emmax_consensus	group	200	0.255	4	0	0	0			0.0378281861949669		
nobgs	V1_c1	9	9	emmax_consensus	mvn	200	0.08	1	0	0	0			0.0378281861949669		
nobgs	V1_c1	9	9	emmax_consensus	spatial	200	0.035	1	0	0	0			0.0378281861949669		
nobgs	V1_c1	9	9	emmax_simes	group	200	0.17	3	0	0	0			0.0378281861949669		
nobgs	V1_c1	9	9	emmax_simes	mvn	200	0.055	1	0	0	0			0.0378281861949669		
nobgs	V1_c1	9	9	emmax_simes	spatial	200	0.125	2	0	0	0			0.0378281861949669		
nobgs	V1_c1	9	10	emmax_consensus	group	200	2.25	7	2	1	1	1.125	0.5	0.0428266734066436		
nobgs	V1_c1	9	10	emmax_consensus	mvn	200	0.045	4	2	1	1	0.0225	0.5	0.0428266734066436		
nobgs	V1_c1	9	10	emmax_consensus	spatial	200	0.05	3	2	1	1	0.025	0.5	0.0428266734066436		
nobgs	V1_c1	9	10	emmax_simes	group	200	2.1	7	4	1	3	0.525	0.75	0.0428266734066436		
nobgs	V1_c1	9	10	emmax_simes	mvn	200	0.04	3	4	1	3	0.01	0.75	0.0428266734066436		
nobgs	V1_c1	9	10	emmax_simes	spatial	200	0.165	3	4	1	3	0.04125	0.75	0.0428266734066436		
nobgs	V1_c1	10	1	emmax_consensus	group	200	0.4	3	1	1	0	0.4	0	0.0385905203510183		
nobgs	V1_c1	10	1	emmax_consensus	mvn	200	0.07	1	1	1	0	0.07	0	0.0385905203510183		
nobgs	V1_c1	10	1	emmax_consensus	spatial	200	0.22	1	1	1	0	0.22	0	0.0385905203510183		
nobgs	V1_c1	10	1	emmax_simes	group	200	0.8	4	1	1	0	0.8	0	0.0385905203510183		
nobgs	V1_c1	10	1	emmax_simes	mvn	200	0.065	2	1	1	0	0.065	0	0.0385905203510183		
nobgs	V1_c1	10	1	emmax_simes	spatial	200	0.13	2	1	1	0	0.13	0	0.0385905203510183		
nobgs	V1_c1	10	2	emmax_consensus	group	200	0.7	5	1	1	0	0.7	0	0.0429396518181311		
nobgs	V1_c1	10	2	emmax_consensus	mvn	200	0.06	3	1	1	0	0.06	0	0.0429396518181311		
nobgs	V1_c1	10	2	emmax_consensus	spatial	200	0.545	4	1	1	0	0.545	0	0.0429396518181311		
nobgs	V1_c1	10	2	emmax_simes	group	200	0.395	5	1	1	0	0.395	0	0.0429396518181311		
nobgs	V1_c1	10	2	emmax_simes	mvn	200	0.025	2	1	1	0	0.025	0	0.0429396518181311		
nobgs	V1_c1	10	2	emmax_simes	spatial	200	0.505	3	1	1	0	0.505	0	0.0429396518181311		
nobgs	V1_c1	10	3	emmax_consensus	group	200	0.015	1	0	0	0			0.0403070858509004		
nobgs	V1_c1	10	3	emmax_consensus	mvn	200	0.08	2	0	0	0			0.0403070858509004		
nobgs	V1_c1	10	3	emmax_consensus	spatial	200	0.955	7	0	0	0			0.0403070858509004		
nobgs	V1_c1	10	3	emmax_simes	group	200	0.01	1	0	0	0			0.0403070858509004		
nobgs	V1_c1	10	3	emmax_simes	mvn	200	0.04	2	0	0	0			0.0403070858509004		
nobgs	V1_c1	10	3	emmax_simes	spatial	200	0.965	5	0	0	0			0.0403070858509004		
nobgs	V1_c1	10	4	emmax_consensus	group	200	0.53	2	1	1	0	0.53	0	0.0458491621817354		
nobgs	V1_c1	10	4	emmax_consensus	mvn	200	0.075	2	1	1	0	0.075	0	0.0458491621817354		
nobgs	V1_c1	10	4	emmax_consensus	spatial	200	0.22	5	1	1	0	0.22	0	0.0458491621817354		
nobgs	V1_c1	10	4	emmax_simes	group	200	0.63	3	1	1	0	0.63	0	0.0458491621817354		
nobgs	V1_c1	10	4	emmax_simes	mvn	200	0.07	2	1	1	0	0.07	0	0.0458491621817354		
nobgs	V1_c1	10	4	emmax_simes	spatial	200	0.29	4	1	1	0	0.29	0	0.0458491621817354		
nobgs	V1_c1	10	5	emmax_consensus	group	200	0.08	2	0	0	0			0.0356442662138098		
nobgs	V1_c1	10	5	emmax_consensus	mvn	200	0.085	3	0	0	0			0.0356442662138098		
nobgs	V1_c1	10	5	emmax_consensus	spatial	200	0.745	5	0	0	0			0.0356442662138098		
nobgs	V1_c1	10	5	emmax_simes	group	200	0.05	1	0	0	0			0.0356442662138098		
nobgs	V1_c1	10	5	emmax_simes	mvn	200	0.065	3	0	0	0			0.0356442662138098		
nobgs	V1_c1	10	5	emmax_simes	spatial	200	0.815	6	0	0	0			0.0356442662138098		
nobgs	V1_c1	10	6	emmax_consensus	group	200	0.59	5	0	0	0			0.0402682069716236		
nobgs	V1_c1	10	6	emmax_consensus	mvn	200	0.06	1	0	0	0			0.0402682069716236		
nobgs	V1_c1	10	6	emmax_consensus	spatial	200	0.265	3	0	0	0			0.0402682069716236		
nobgs	V1_c1	10	6	emmax_simes	group	200	0.76	6	0	0	0			0.0402682069716236		
nobgs	V1_c1	10	6	emmax_simes	mvn	200	0.055	2	0	0	0			0.0402682069716236		
nobgs	V1_c1	10	6	emmax_simes	spatial	200	0.42	3	0	0	0			0.0402682069716236		
nobgs	V1_c1	10	7	emmax_consensus	group	200	0.725	3	1	1	0	0.725	0	0.0349102166477007		
nobgs	V1_c1	10	7	emmax_consensus	mvn	200	0.08	2	1	1	0	0.08	0	0.0349102166477007		
nobgs	V1_c1	10	7	emmax_consensus	spatial	200	0.18	2	1	1	0	0.18	0	0.0349102166477007		
nobgs	V1_c1	10	7	emmax_simes	group	200	0.86	3	1	1	0	0.86	0	0.0349102166477007		
nobgs	V1_c1	10	7	emmax_simes	mvn	200	0.075	2	1	1	0	0.075	0	0.0349102166477007		
nobgs	V1_c1	10	7	emmax_simes	spatial	200	0.12	2	1	1	0	0.12	0	0.0349102166477007		
nobgs	V1_c1	10	8	emmax_consensus	group	200	0.93	4	2	1	1	0.465	0.5	0.0386384593658133		
nobgs	V1_c1	10	8	emmax_consensus	mvn	200	0.08	2	2	1	1	0.04	0.5	0.0386384593658133		
nobgs	V1_c1	10	8	emmax_consensus	spatial	200	0.275	3	2	1	1	0.1375	0.5	0.0386384593658133		
nobgs	V1_c1	10	8	emmax_simes	group	200	1.06	5	2	1	1	0.53	0.5	0.0386384593658133		
nobgs	V1_c1	10	8	emmax_simes	mvn	200	0.045	1	2	1	1	0.0225	0.5	0.0386384593658133		
nobgs	V1_c1	10	8	emmax_simes	spatial	200	0.345	5	2	1	1	0.1725	0.5	0.0386384593658133		
nobgs	V1_c1	10	9	emmax_consensus	group	200	0.13	2	0	0	0			0.0355815868250637		
nobgs	V1_c1	10	9	emmax_consensus	mvn	200	0.05	2	0	0	0			0.0355815868250637		
nobgs	V1_c1	10	9	emmax_consensus	spatial	200	0.015	1	0	0	0			0.0355815868250637		
nobgs	V1_c1	10	9	emmax_simes	group	200	0.165	4	0	0	0			0.0355815868250637		
nobgs	V1_c1	10	9	emmax_simes	mvn	200	0.02	1	0	0	0			0.0355815868250637		
nobgs	V1_c1	10	9	emmax_simes	spatial	200	0.035	1	0	0	0			0.0355815868250637		
nobgs	V1_c1	10	10	emmax_consensus	group	200	0.135	2	0	0	0			0.0373123778047205		
nobgs	V1_c1	10	10	emmax_consensus	mvn	200	0.045	1	0	0	0			0.0373123778047205		
nobgs	V1_c1	10	10	emmax_consensus	spatial	200	0.03	2	0	0	0			0.0373123778047205		
nobgs	V1_c1	10	10	emmax_simes	group	200	0.19	4	0	0	0			0.0373123778047205		
nobgs	V1_c1	10	10	emmax_simes	mvn	200	0.045	2	0	0	0			0.0373123778047205		
nobgs	V1_c1	10	10	emmax_simes	spatial	200	0.07	1	0	0	0			0.0373123778047205		
nobgs	V1_c1.5	2	1	emmax_consensus	group	200	0.225	3	0	0	0			0.270000129018558	1.74347570572227e-05	0.116184079150404
nobgs	V1_c1.5	2	1	emmax_consensus	mvn	200	0.05	2	0	0	0			0.270000129018558	1.74347570572227e-05	0.116184079150404
nobgs	V1_c1.5	2	1	emmax_consensus	spatial	200	6.36	37	0	0	0			0.270000129018558	1.74347570572227e-05	0.116184079150404
nobgs	V1_c1.5	2	1	emmax_simes	group	200	0.235	3	0	0	0			0.270000129018558	1.74347570572227e-05	0.116184079150404
nobgs	V1_c1.5	2	1	emmax_simes	mvn	200	0.055	2	0	0	0			0.270000129018558	1.74347570572227e-05	0.116184079150404
nobgs	V1_c1.5	2	1	emmax_simes	spatial	200	4.21	27	0	0	0			0.270000129018558	1.74347570572227e-05	0.116184079150404
nobgs	V1_c1.5	2	2	emmax_consensus	group	200	4.59	14	3	0	3	1.53	1	0.258070993284299	1.74409076089598e-05	0.11763796365185
nobgs	V1_c1.5	2	2	emmax_consensus	mvn	200	0.075	2	3	0	3	0.025	1	0.258070993284299	1.74409076089598e-05	0.11763796365185
nobgs	V1_c1.5	2	2	emmax_consensus	spatial	200	11.87	54	3	0	3	3.95666666666667	1	0.258070993284299	1.74409076089598e-05	0.11763796365185
nobgs	V1_c1.5	2	2	emmax_simes	group	200	4.04	12	5	0	5	0.808	1	0.258070993284299	1.74409076089598e-05	0.11763796365185
nobgs	V1_c1.5	2	2	emmax_simes	mvn	200	0.075	2	5	0	5	0.015	1	0.258070993284299	1.74409076089598e-05	0.11763796365185
nobgs	V1_c1.5	2	2	emmax_simes	spatial	200	8.975	49	5	0	5	1.795	1	0.258070993284299	1.74409076089598e-05	0.11763796365185
nobgs	V1_c1.5	2	3	emmax_consensus	group	200	0.995	7	2	0	2	0.4975	1	0.255673283154703	1.54593805278995e-05	0.133466999094592
nobgs	V1_c1.5	2	3	emmax_consensus	mvn	200	0.055	2	2	0	2	0.0275	1	0.255673283154703	1.54593805278995e-05	0.133466999094592
nobgs	V1_c1.5	2	3	emmax_consensus	spatial	200	7.055	41	2	0	2	3.5275	1	0.255673283154703	1.54593805278995e-05	0.133466999094592
nobgs	V1_c1.5	2	3	emmax_simes	group	200	0.375	3	0	0	0			0.255673283154703	1.54593805278995e-05	0.133466999094592
nobgs	V1_c1.5	2	3	emmax_simes	mvn	200	0.05	2	0	0	0			0.255673283154703	1.54593805278995e-05	0.133466999094592
nobgs	V1_c1.5	2	3	emmax_simes	spatial	200	4.525	37	0	0	0			0.255673283154703	1.54593805278995e-05	0.133466999094592
nobgs	V1_c1.5	2	4	emmax_consensus	group	200	0.295	3	1	1	0	0.295	0	0.266005192574809	1.66431177760823e-05	0.144990538322523
nobgs	V1_c1.5	2	4	emmax_consensus	mvn	200	0.025	1	1	1	0	0.025	0	0.266005192574809	1.66431177760823e-05	0.144990538322523
nobgs	V1_c1.5	2	4	emmax_consensus	spatial	200	5.17	40	1	1	0	5.17	0	0.266005192574809	1.66431177760823e-05	0.144990538322523
nobgs	V1_c1.5	2	4	emmax_simes	group	200	0.435	4	2	1	1	0.2175	0.5	0.266005192574809	1.66431177760823e-05	0.144990538322523
nobgs	V1_c1.5	2	4	emmax_simes	mvn	200	0.025	1	2	1	1	0.0125	0.5	0.266005192574809	1.66431177760823e-05	0.144990538322523
nobgs	V1_c1.5	2	4	emmax_simes	spatial	200	3.3	35	2	1	1	1.65	0.5	0.266005192574809	1.66431177760823e-05	0.144990538322523
nobgs	V1_c1.5	2	5	emmax_consensus	group	200	1.035	9	3	1	2	0.345	0.666666666666667	0.267791705259247	1.24123949103493e-05	0.129837292890217
nobgs	V1_c1.5	2	5	emmax_consensus	mvn	200	0.03	2	3	1	2	0.01	0.666666666666667	0.267791705259247	1.24123949103493e-05	0.129837292890217
nobgs	V1_c1.5	2	5	emmax_consensus	spatial	200	14.42	52	3	1	2	4.80666666666667	0.666666666666667	0.267791705259247	1.24123949103493e-05	0.129837292890217
nobgs	V1_c1.5	2	5	emmax_simes	group	200	1.37	8	3	1	2	0.456666666666667	0.666666666666667	0.267791705259247	1.24123949103493e-05	0.129837292890217
nobgs	V1_c1.5	2	5	emmax_simes	mvn	200	0.02	1	3	1	2	0.00666666666666667	0.666666666666667	0.267791705259247	1.24123949103493e-05	0.129837292890217
nobgs	V1_c1.5	2	5	emmax_simes	spatial	200	12.51	52	3	1	2	4.17	0.666666666666667	0.267791705259247	1.24123949103493e-05	0.129837292890217
nobgs	V1_c1.5	2	6	emmax_consensus	group	200	4.02	13	2	0	2	2.01	1	0.265093141830002	1.51006981573882e-05	0.122045284024374
nobgs	V1_c1.5	2	6	emmax_consensus	mvn	200	0.045	2	2	0	2	0.0225	1	0.265093141830002	1.51006981573882e-05	0.122045284024374
nobgs	V1_c1.5	2	6	emmax_consensus	spatial	200	9.125	44	2	0	2	4.5625	1	0.265093141830002	1.51006981573882e-05	0.122045284024374
nobgs	V1_c1.5	2	6	emmax_simes	group	200	4.135	12	1	0	1	4.135	1	0.265093141830002	1.51006981573882e-05	0.122045284024374
nobgs	V1_c1.5	2	6	emmax_simes	mvn	200	0.035	2	1	0	1	0.035	1	0.265093141830002	1.51006981573882e-05	0.122045284024374
nobgs	V1_c1.5	2	6	emmax_simes	spatial	200	6.82	44	1	0	1	6.82	1	0.265093141830002	1.51006981573882e-05	0.122045284024374
nobgs	V1_c1.5	2	7	emmax_consensus	group	200	1.665	7	2	0	2	0.8325	1	0.254819855334052	1.2623981886933e-05	0.141791980192129
nobgs	V1_c1.5	2	7	emmax_consensus	mvn	200	0.065	2	2	0	2	0.0325	1	0.254819855334052	1.2623981886933e-05	0.141791980192129
nobgs	V1_c1.5	2	7	emmax_consensus	spatial	200	8.52	35	2	0	2	4.26	1	0.254819855334052	1.2623981886933e-05	0.141791980192129
nobgs	V1_c1.5	2	7	emmax_simes	group	200	1.555	8	4	0	4	0.38875	1	0.254819855334052	1.2623981886933e-05	0.141791980192129
nobgs	V1_c1.5	2	7	emmax_simes	mvn	200	0.065	3	4	0	4	0.01625	1	0.254819855334052	1.2623981886933e-05	0.141791980192129
nobgs	V1_c1.5	2	7	emmax_simes	spatial	200	6.75	34	4	0	4	1.6875	1	0.254819855334052	1.2623981886933e-05	0.141791980192129
nobgs	V1_c1.5	2	8	emmax_consensus	group	200	3	12	3	0	3	1	1	0.263096732025251	1.19825456835009e-05	0.136251632708001
nobgs	V1_c1.5	2	8	emmax_consensus	mvn	200	0.07	2	3	0	3	0.0233333333333333	1	0.263096732025251	1.19825456835009e-05	0.136251632708001
nobgs	V1_c1.5	2	8	emmax_consensus	spatial	200	9.585	40	3	0	3	3.195	1	0.263096732025251	1.19825456835009e-05	0.136251632708001
nobgs	V1_c1.5	2	8	emmax_simes	group	200	1.88	10	1	0	1	1.88	1	0.263096732025251	1.19825456835009e-05	0.136251632708001
nobgs	V1_c1.5	2	8	emmax_simes	mvn	200	0.08	5	1	0	1	0.08	1	0.263096732025251	1.19825456835009e-05	0.136251632708001
nobgs	V1_c1.5	2	8	emmax_simes	spatial	200	7.005	38	1	0	1	7.005	1	0.263096732025251	1.19825456835009e-05	0.136251632708001
nobgs	V1_c1.5	2	9	emmax_consensus	group	200	0.27	8	1	0	1	0.27	1	0.272777135095224	1.43406438169737e-05	0.13330125205723
nobgs	V1_c1.5	2	9	emmax_consensus	mvn	200	0.045	2	1	0	1	0.045	1	0.272777135095224	1.43406438169737e-05	0.13330125205723
nobgs	V1_c1.5	2	9	emmax_consensus	spatial	200	8.175	40	1	0	1	8.175	1	0.272777135095224	1.43406438169737e-05	0.13330125205723
nobgs	V1_c1.5	2	9	emmax_simes	group	200	0.225	3	0	0	0			0.272777135095224	1.43406438169737e-05	0.13330125205723
nobgs	V1_c1.5	2	9	emmax_simes	mvn	200	0.035	1	0	0	0			0.272777135095224	1.43406438169737e-05	0.13330125205723
nobgs	V1_c1.5	2	9	emmax_simes	spatial	200	6.07	35	0	0	0			0.272777135095224	1.43406438169737e-05	0.13330125205723
nobgs	V1_c1.5	2	10	emmax_consensus	group	200	1	8	3	1	2	0.333333333333333	0.666666666666667	0.273140459480779	1.77723416832455e-05	0.126026694487053
nobgs	V1_c1.5	2	10	emmax_consensus	mvn	200	0.05	2	3	1	2	0.0166666666666667	0.666666666666667	0.273140459480779	1.77723416832455e-05	0.126026694487053
nobgs	V1_c1.5	2	10	emmax_consensus	spatial	200	9.655	51	3	1	2	3.21833333333333	0.666666666666667	0.273140459480779	1.77723416832455e-05	0.126026694487053
nobgs	V1_c1.5	2	10	emmax_simes	group	200	0.805	8	0	0	0			0.273140459480779	1.77723416832455e-05	0.126026694487053
nobgs	V1_c1.5	2	10	emmax_simes	mvn	200	0.055	2	0	0	0			0.273140459480779	1.77723416832455e-05	0.126026694487053
nobgs	V1_c1.5	2	10	emmax_simes	spatial	200	6.965	41	0	0	0			0.273140459480779	1.77723416832455e-05	0.126026694487053
nobgs	V1_c1.5	4	1	emmax_consensus	group	200	0.1	2	0	0	0			0.269773647919083	3.59735697209694e-05	0.127293151886921
nobgs	V1_c1.5	4	1	emmax_consensus	mvn	200	0.04	2	0	0	0			0.269773647919083	3.59735697209694e-05	0.127293151886921
nobgs	V1_c1.5	4	1	emmax_consensus	spatial	200	7.04	37	0	0	0			0.269773647919083	3.59735697209694e-05	0.127293151886921
nobgs	V1_c1.5	4	1	emmax_simes	group	200	0.095	3	0	0	0			0.269773647919083	3.59735697209694e-05	0.127293151886921
nobgs	V1_c1.5	4	1	emmax_simes	mvn	200	0.06	1	0	0	0			0.269773647919083	3.59735697209694e-05	0.127293151886921
nobgs	V1_c1.5	4	1	emmax_simes	spatial	200	4.945	26	0	0	0			0.269773647919083	3.59735697209694e-05	0.127293151886921
nobgs	V1_c1.5	4	2	emmax_consensus	group	200	4.86	17	8	1	7	0.6075	0.875	0.286338355420112	2.94296849086941e-05	0.113200156678418
nobgs	V1_c1.5	4	2	emmax_consensus	mvn	200	0.055	1	8	1	7	0.006875	0.875	0.286338355420112	2.94296849086941e-05	0.113200156678418
nobgs	V1_c1.5	4	2	emmax_consensus	spatial	200	6.73	29	8	1	7	0.84125	0.875	0.286338355420112	2.94296849086941e-05	0.113200156678418
nobgs	V1_c1.5	4	2	emmax_simes	group	200	3.58	17	0	0	0			0.286338355420112	2.94296849086941e-05	0.113200156678418
nobgs	V1_c1.5	4	2	emmax_simes	mvn	200	0.08	2	0	0	0			0.286338355420112	2.94296849086941e-05	0.113200156678418
nobgs	V1_c1.5	4	2	emmax_simes	spatial	200	4.395	23	0	0	0			0.286338355420112	2.94296849086941e-05	0.113200156678418
nobgs	V1_c1.5	4	3	emmax_consensus	group	200	0.515	5	0	0	0			0.240569061020808	3.20506271562037e-05	0.109977691588526
nobgs	V1_c1.5	4	3	emmax_consensus	mvn	200	0.03	2	0	0	0			0.240569061020808	3.20506271562037e-05	0.109977691588526
nobgs	V1_c1.5	4	3	emmax_consensus	spatial	200	5.915	32	0	0	0			0.240569061020808	3.20506271562037e-05	0.109977691588526
nobgs	V1_c1.5	4	3	emmax_simes	group	200	0.26	4	0	0	0			0.240569061020808	3.20506271562037e-05	0.109977691588526
nobgs	V1_c1.5	4	3	emmax_simes	mvn	200	0.045	2	0	0	0			0.240569061020808	3.20506271562037e-05	0.109977691588526
nobgs	V1_c1.5	4	3	emmax_simes	spatial	200	4.18	26	0	0	0			0.240569061020808	3.20506271562037e-05	0.109977691588526
nobgs	V1_c1.5	4	4	emmax_consensus	group	200	0.085	2	1	0	1	0.085	1	0.262281953584026	3.48236802978681e-05	0.129078995229209
nobgs	V1_c1.5	4	4	emmax_consensus	mvn	200	0.05	1	1	0	1	0.05	1	0.262281953584026	3.48236802978681e-05	0.129078995229209
nobgs	V1_c1.5	4	4	emmax_consensus	spatial	200	3.53	33	1	0	1	3.53	1	0.262281953584026	3.48236802978681e-05	0.129078995229209
nobgs	V1_c1.5	4	4	emmax_simes	group	200	0.08	1	0	0	0			0.262281953584026	3.48236802978681e-05	0.129078995229209
nobgs	V1_c1.5	4	4	emmax_simes	mvn	200	0.05	1	0	0	0			0.262281953584026	3.48236802978681e-05	0.129078995229209
nobgs	V1_c1.5	4	4	emmax_simes	spatial	200	3.085	32	0	0	0			0.262281953584026	3.48236802978681e-05	0.129078995229209
nobgs	V1_c1.5	4	5	emmax_consensus	group	200	0.95	6	0	0	0			0.28057979572691	3.24578742696809e-05	0.135233149046054
nobgs	V1_c1.5	4	5	emmax_consensus	mvn	200	0.095	3	0	0	0			0.28057979572691	3.24578742696809e-05	0.135233149046054
nobgs	V1_c1.5	4	5	emmax_consensus	spatial	200	9.19	44	0	0	0			0.28057979572691	3.24578742696809e-05	0.135233149046054
nobgs	V1_c1.5	4	5	emmax_simes	group	200	0.845	4	0	0	0			0.28057979572691	3.24578742696809e-05	0.135233149046054
nobgs	V1_c1.5	4	5	emmax_simes	mvn	200	0.05	1	0	0	0			0.28057979572691	3.24578742696809e-05	0.135233149046054
nobgs	V1_c1.5	4	5	emmax_simes	spatial	200	5.785	46	0	0	0			0.28057979572691	3.24578742696809e-05	0.135233149046054
nobgs	V1_c1.5	4	6	emmax_consensus	group	200	4.2	13	8	0	8	0.525	1	0.249287567145592	3.63437081678468e-05	0.103369065849923
nobgs	V1_c1.5	4	6	emmax_consensus	mvn	200	0.04	2	8	0	8	0.005	1	0.249287567145592	3.63437081678468e-05	0.103369065849923
nobgs	V1_c1.5	4	6	emmax_consensus	spatial	200	8.26	38	8	0	8	1.0325	1	0.249287567145592	3.63437081678468e-05	0.103369065849923
nobgs	V1_c1.5	4	6	emmax_simes	group	200	4.17	14	3	0	3	1.39	1	0.249287567145592	3.63437081678468e-05	0.103369065849923
nobgs	V1_c1.5	4	6	emmax_simes	mvn	200	0.045	1	3	0	3	0.015	1	0.249287567145592	3.63437081678468e-05	0.103369065849923
nobgs	V1_c1.5	4	6	emmax_simes	spatial	200	6.39	41	3	0	3	2.13	1	0.249287567145592	3.63437081678468e-05	0.103369065849923
nobgs	V1_c1.5	4	7	emmax_consensus	group	200	0.155	3	1	0	1	0.155	1	0.298497384074855	2.97841806946275e-05	0.122969249051654
nobgs	V1_c1.5	4	7	emmax_consensus	mvn	200	0.02	2	1	0	1	0.02	1	0.298497384074855	2.97841806946275e-05	0.122969249051654
nobgs	V1_c1.5	4	7	emmax_consensus	spatial	200	9.315	42	1	0	1	9.315	1	0.298497384074855	2.97841806946275e-05	0.122969249051654
nobgs	V1_c1.5	4	7	emmax_simes	group	200	0.13	3	1	0	1	0.13	1	0.298497384074855	2.97841806946275e-05	0.122969249051654
nobgs	V1_c1.5	4	7	emmax_simes	mvn	200	0.015	1	1	0	1	0.015	1	0.298497384074855	2.97841806946275e-05	0.122969249051654
nobgs	V1_c1.5	4	7	emmax_simes	spatial	200	7.18	40	1	0	1	7.18	1	0.298497384074855	2.97841806946275e-05	0.122969249051654
nobgs	V1_c1.5	4	8	emmax_consensus	group	200	2.76	12	3	0	3	0.92	1	0.254601427294651	3.70272711640506e-05	0.110988525964424
nobgs	V1_c1.5	4	8	emmax_consensus	mvn	200	0.025	1	3	0	3	0.00833333333333333	1	0.254601427294651	3.70272711640506e-05	0.110988525964424
nobgs	V1_c1.5	4	8	emmax_consensus	spatial	200	8.56	44	3	0	3	2.85333333333333	1	0.254601427294651	3.70272711640506e-05	0.110988525964424
nobgs	V1_c1.5	4	8	emmax_simes	group	200	2.08	7	5	0	5	0.416	1	0.254601427294651	3.70272711640506e-05	0.110988525964424
nobgs	V1_c1.5	4	8	emmax_simes	mvn	200	0.015	1	5	0	5	0.003	1	0.254601427294651	3.70272711640506e-05	0.110988525964424
nobgs	V1_c1.5	4	8	emmax_simes	spatial	200	5.92	33	5	0	5	1.184	1	0.254601427294651	3.70272711640506e-05	0.110988525964424
nobgs	V1_c1.5	4	9	emmax_consensus	group	200	0.365	4	1	0	1	0.365	1	0.262482189268053	3.19653515634686e-05	0.133425610505747
nobgs	V1_c1.5	4	9	emmax_consensus	mvn	200	0.04	1	1	0	1	0.04	1	0.262482189268053	3.19653515634686e-05	0.133425610505747
nobgs	V1_c1.5	4	9	emmax_consensus	spatial	200	5.33	34	1	0	1	5.33	1	0.262482189268053	3.19653515634686e-05	0.133425610505747
nobgs	V1_c1.5	4	9	emmax_simes	group	200	0.43	6	1	0	1	0.43	1	0.262482189268053	3.19653515634686e-05	0.133425610505747
nobgs	V1_c1.5	4	9	emmax_simes	mvn	200	0.035	2	1	0	1	0.035	1	0.262482189268053	3.19653515634686e-05	0.133425610505747
nobgs	V1_c1.5	4	9	emmax_simes	spatial	200	3.945	29	1	0	1	3.945	1	0.262482189268053	3.19653515634686e-05	0.133425610505747
nobgs	V1_c1.5	4	10	emmax_consensus	group	200	0.5	3	0	0	0			0.269291537010244	3.24005149673196e-05	0.130741053817977
nobgs	V1_c1.5	4	10	emmax_consensus	mvn	200	0.05	1	0	0	0			0.269291537010244	3.24005149673196e-05	0.130741053817977
nobgs	V1_c1.5	4	10	emmax_consensus	spatial	200	5.575	30	0	0	0			0.269291537010244	3.24005149673196e-05	0.130741053817977
nobgs	V1_c1.5	4	10	emmax_simes	group	200	0.4	3	0	0	0			0.269291537010244	3.24005149673196e-05	0.130741053817977
nobgs	V1_c1.5	4	10	emmax_simes	mvn	200	0.035	1	0	0	0			0.269291537010244	3.24005149673196e-05	0.130741053817977
nobgs	V1_c1.5	4	10	emmax_simes	spatial	200	4.78	30	0	0	0			0.269291537010244	3.24005149673196e-05	0.130741053817977
nobgs	V1_c1.5	6	1	emmax_consensus	group	200	0.375	4	1	1	0	0.375	0	0.304023963740864	2.42790153750291e-05	0.107582166330679
nobgs	V1_c1.5	6	1	emmax_consensus	mvn	200	0.045	2	1	1	0	0.045	0	0.304023963740864	2.42790153750291e-05	0.107582166330679
nobgs	V1_c1.5	6	1	emmax_consensus	spatial	200	5.66	36	1	1	0	5.66	0	0.304023963740864	2.42790153750291e-05	0.107582166330679
nobgs	V1_c1.5	6	1	emmax_simes	group	200	0.34	4	2	2	0	0.17	0	0.304023963740864	2.42790153750291e-05	0.107582166330679
nobgs	V1_c1.5	6	1	emmax_simes	mvn	200	0.025	1	2	2	0	0.0125	0	0.304023963740864	2.42790153750291e-05	0.107582166330679
nobgs	V1_c1.5	6	1	emmax_simes	spatial	200	4.145	32	2	2	0	2.0725	0	0.304023963740864	2.42790153750291e-05	0.107582166330679
nobgs	V1_c1.5	6	2	emmax_consensus	group	200	2.285	11	8	0	8	0.285625	1	0.293620766842404	2.54354437460976e-05	0.129869786486689
nobgs	V1_c1.5	6	2	emmax_consensus	mvn	200	0.08	4	8	0	8	0.01	1	0.293620766842404	2.54354437460976e-05	0.129869786486689
nobgs	V1_c1.5	6	2	emmax_consensus	spatial	200	11.1	46	8	0	8	1.3875	1	0.293620766842404	2.54354437460976e-05	0.129869786486689
nobgs	V1_c1.5	6	2	emmax_simes	group	200	1.765	11	7	0	7	0.252142857142857	1	0.293620766842404	2.54354437460976e-05	0.129869786486689
nobgs	V1_c1.5	6	2	emmax_simes	mvn	200	0.095	4	7	0	7	0.0135714285714286	1	0.293620766842404	2.54354437460976e-05	0.129869786486689
nobgs	V1_c1.5	6	2	emmax_simes	spatial	200	8.875	43	7	0	7	1.26785714285714	1	0.293620766842404	2.54354437460976e-05	0.129869786486689
nobgs	V1_c1.5	6	3	emmax_consensus	group	200	0.57	8	0	0	0			0.292140728009092	2.71006123287846e-05	0.128109266755372
nobgs	V1_c1.5	6	3	emmax_consensus	mvn	200	0.03	1	0	0	0			0.292140728009092	2.71006123287846e-05	0.128109266755372
nobgs	V1_c1.5	6	3	emmax_consensus	spatial	200	11.515	42	0	0	0			0.292140728009092	2.71006123287846e-05	0.128109266755372
nobgs	V1_c1.5	6	3	emmax_simes	group	200	1.315	9	3	1	2	0.438333333333333	0.666666666666667	0.292140728009092	2.71006123287846e-05	0.128109266755372
nobgs	V1_c1.5	6	3	emmax_simes	mvn	200	0.04	1	3	1	2	0.0133333333333333	0.666666666666667	0.292140728009092	2.71006123287846e-05	0.128109266755372
nobgs	V1_c1.5	6	3	emmax_simes	spatial	200	10.93	43	3	1	2	3.64333333333333	0.666666666666667	0.292140728009092	2.71006123287846e-05	0.128109266755372
nobgs	V1_c1.5	6	4	emmax_consensus	group	200	0.09	2	0	0	0			0.285388571804288	1.9559210554873e-05	0.110607462733818
nobgs	V1_c1.5	6	4	emmax_consensus	mvn	200	0.035	1	0	0	0			0.285388571804288	1.9559210554873e-05	0.110607462733818
nobgs	V1_c1.5	6	4	emmax_consensus	spatial	200	9	40	0	0	0			0.285388571804288	1.9559210554873e-05	0.110607462733818
nobgs	V1_c1.5	6	4	emmax_simes	group	200	0.035	1	0	0	0			0.285388571804288	1.9559210554873e-05	0.110607462733818
nobgs	V1_c1.5	6	4	emmax_simes	mvn	200	0.025	1	0	0	0			0.285388571804288	1.9559210554873e-05	0.110607462733818
nobgs	V1_c1.5	6	4	emmax_simes	spatial	200	7.6	41	0	0	0			0.285388571804288	1.9559210554873e-05	0.110607462733818
nobgs	V1_c1.5	6	5	emmax_consensus	group	200	0.955	8	0	0	0			0.257884976912542	2.69540704838777e-05	0.128066076863035
nobgs	V1_c1.5	6	5	emmax_consensus	mvn	200	0.05	1	0	0	0			0.257884976912542	2.69540704838777e-05	0.128066076863035
nobgs	V1_c1.5	6	5	emmax_consensus	spatial	200	12.19	38	0	0	0			0.257884976912542	2.69540704838777e-05	0.128066076863035
nobgs	V1_c1.5	6	5	emmax_simes	group	200	0.775	5	0	0	0			0.257884976912542	2.69540704838777e-05	0.128066076863035
nobgs	V1_c1.5	6	5	emmax_simes	mvn	200	0.04	2	0	0	0			0.257884976912542	2.69540704838777e-05	0.128066076863035
nobgs	V1_c1.5	6	5	emmax_simes	spatial	200	9.87	36	0	0	0			0.257884976912542	2.69540704838777e-05	0.128066076863035
nobgs	V1_c1.5	6	6	emmax_consensus	group	200	6.935	21	2	0	2	3.4675	1	0.263337971515146	2.63984729056249e-05	0.11493824995877
nobgs	V1_c1.5	6	6	emmax_consensus	mvn	200	0.025	1	2	0	2	0.0125	1	0.263337971515146	2.63984729056249e-05	0.11493824995877
nobgs	V1_c1.5	6	6	emmax_consensus	spatial	200	8.01	38	2	0	2	4.005	1	0.263337971515146	2.63984729056249e-05	0.11493824995877
nobgs	V1_c1.5	6	6	emmax_simes	group	200	7.52	24	5	0	5	1.504	1	0.263337971515146	2.63984729056249e-05	0.11493824995877
nobgs	V1_c1.5	6	6	emmax_simes	mvn	200	0.03	1	5	0	5	0.006	1	0.263337971515146	2.63984729056249e-05	0.11493824995877
nobgs	V1_c1.5	6	6	emmax_simes	spatial	200	6.48	31	5	0	5	1.296	1	0.263337971515146	2.63984729056249e-05	0.11493824995877
nobgs	V1_c1.5	6	7	emmax_consensus	group	200	0.44	4	2	1	1	0.22	0.5	0.272301503835153	2.90861968864896e-05	0.119530109296592
nobgs	V1_c1.5	6	7	emmax_consensus	mvn	200	0.03	1	2	1	1	0.015	0.5	0.272301503835153	2.90861968864896e-05	0.119530109296592
nobgs	V1_c1.5	6	7	emmax_consensus	spatial	200	10.605	48	2	1	1	5.3025	0.5	0.272301503835153	2.90861968864896e-05	0.119530109296592
nobgs	V1_c1.5	6	7	emmax_simes	group	200	0.33	4	1	0	1	0.33	1	0.272301503835153	2.90861968864896e-05	0.119530109296592
nobgs	V1_c1.5	6	7	emmax_simes	mvn	200	0.025	1	1	0	1	0.025	1	0.272301503835153	2.90861968864896e-05	0.119530109296592
nobgs	V1_c1.5	6	7	emmax_simes	spatial	200	7.8	43	1	0	1	7.8	1	0.272301503835153	2.90861968864896e-05	0.119530109296592
nobgs	V1_c1.5	6	8	emmax_consensus	group	200	2.805	9	6	0	6	0.4675	1	0.275105467822245	3.51248764865457e-05	0.114659430640163
nobgs	V1_c1.5	6	8	emmax_consensus	mvn	200	0.045	2	6	0	6	0.0075	1	0.275105467822245	3.51248764865457e-05	0.114659430640163
nobgs	V1_c1.5	6	8	emmax_consensus	spatial	200	12.115	41	6	0	6	2.01916666666667	1	0.275105467822245	3.51248764865457e-05	0.114659430640163
nobgs	V1_c1.5	6	8	emmax_simes	group	200	2.815	9	4	0	4	0.70375	1	0.275105467822245	3.51248764865457e-05	0.114659430640163
nobgs	V1_c1.5	6	8	emmax_simes	mvn	200	0.05	2	4	0	4	0.0125	1	0.275105467822245	3.51248764865457e-05	0.114659430640163
nobgs	V1_c1.5	6	8	emmax_simes	spatial	200	9.925	38	4	0	4	2.48125	1	0.275105467822245	3.51248764865457e-05	0.114659430640163
nobgs	V1_c1.5	6	9	emmax_consensus	group	200	0.31	3	0	0	0			0.25223100298096	2.36234967996612e-05	0.121473342096721
nobgs	V1_c1.5	6	9	emmax_consensus	mvn	200	0.05	2	0	0	0			0.25223100298096	2.36234967996612e-05	0.121473342096721
nobgs	V1_c1.5	6	9	emmax_consensus	spatial	200	8.235	51	0	0	0			0.25223100298096	2.36234967996612e-05	0.121473342096721
nobgs	V1_c1.5	6	9	emmax_simes	group	200	0.33	5	0	0	0			0.25223100298096	2.36234967996612e-05	0.121473342096721
nobgs	V1_c1.5	6	9	emmax_simes	mvn	200	0.045	3	0	0	0			0.25223100298096	2.36234967996612e-05	0.121473342096721
nobgs	V1_c1.5	6	9	emmax_simes	spatial	200	5.67	37	0	0	0			0.25223100298096	2.36234967996612e-05	0.121473342096721
nobgs	V1_c1.5	6	10	emmax_consensus	group	200	0.685	5	0	0	0			0.271259653606959	2.3563942990982e-05	0.124157888545028
nobgs	V1_c1.5	6	10	emmax_consensus	mvn	200	0.08	3	0	0	0			0.271259653606959	2.3563942990982e-05	0.124157888545028
nobgs	V1_c1.5	6	10	emmax_consensus	spatial	200	9.545	48	0	0	0			0.271259653606959	2.3563942990982e-05	0.124157888545028
nobgs	V1_c1.5	6	10	emmax_simes	group	200	0.735	5	1	1	0	0.735	0	0.271259653606959	2.3563942990982e-05	0.124157888545028
nobgs	V1_c1.5	6	10	emmax_simes	mvn	200	0.05	1	1	1	0	0.05	0	0.271259653606959	2.3563942990982e-05	0.124157888545028
nobgs	V1_c1.5	6	10	emmax_simes	spatial	200	7.29	48	1	1	0	7.29	0	0.271259653606959	2.3563942990982e-05	0.124157888545028
nobgs	V1_c1.5	8	1	emmax_consensus	group	200	0.265	5	1	0	1	0.265	1	0.275072511880564	2.06607169790688e-05	0.110474051804495
nobgs	V1_c1.5	8	1	emmax_consensus	mvn	200	0.06	2	1	0	1	0.06	1	0.275072511880564	2.06607169790688e-05	0.110474051804495
nobgs	V1_c1.5	8	1	emmax_consensus	spatial	200	6.41	48	1	0	1	6.41	1	0.275072511880564	2.06607169790688e-05	0.110474051804495
nobgs	V1_c1.5	8	1	emmax_simes	group	200	0.24	4	0	0	0			0.275072511880564	2.06607169790688e-05	0.110474051804495
nobgs	V1_c1.5	8	1	emmax_simes	mvn	200	0.055	2	0	0	0			0.275072511880564	2.06607169790688e-05	0.110474051804495
nobgs	V1_c1.5	8	1	emmax_simes	spatial	200	4.73	29	0	0	0			0.275072511880564	2.06607169790688e-05	0.110474051804495
nobgs	V1_c1.5	8	2	emmax_consensus	group	200	1.95	8	1	0	1	1.95	1	0.256246260338631	2.94378905086954e-05	0.112426331535606
nobgs	V1_c1.5	8	2	emmax_consensus	mvn	200	0.025	1	1	0	1	0.025	1	0.256246260338631	2.94378905086954e-05	0.112426331535606
nobgs	V1_c1.5	8	2	emmax_consensus	spatial	200	8.215	40	1	0	1	8.215	1	0.256246260338631	2.94378905086954e-05	0.112426331535606
nobgs	V1_c1.5	8	2	emmax_simes	group	200	1.575	9	5	0	5	0.315	1	0.256246260338631	2.94378905086954e-05	0.112426331535606
nobgs	V1_c1.5	8	2	emmax_simes	mvn	200	0.02	1	5	0	5	0.004	1	0.256246260338631	2.94378905086954e-05	0.112426331535606
nobgs	V1_c1.5	8	2	emmax_simes	spatial	200	6.45	37	5	0	5	1.29	1	0.256246260338631	2.94378905086954e-05	0.112426331535606
nobgs	V1_c1.5	8	3	emmax_consensus	group	200	0.425	5	1	0	1	0.425	1	0.262182292321281	2.62199819896377e-05	0.1301742377259
nobgs	V1_c1.5	8	3	emmax_consensus	mvn	200	0.045	2	1	0	1	0.045	1	0.262182292321281	2.62199819896377e-05	0.1301742377259
nobgs	V1_c1.5	8	3	emmax_consensus	spatial	200	8.935	40	1	0	1	8.935	1	0.262182292321281	2.62199819896377e-05	0.1301742377259
nobgs	V1_c1.5	8	3	emmax_simes	group	200	0.38	5	1	0	1	0.38	1	0.262182292321281	2.62199819896377e-05	0.1301742377259
nobgs	V1_c1.5	8	3	emmax_simes	mvn	200	0.035	2	1	0	1	0.035	1	0.262182292321281	2.62199819896377e-05	0.1301742377259
nobgs	V1_c1.5	8	3	emmax_simes	spatial	200	6.02	35	1	0	1	6.02	1	0.262182292321281	2.62199819896377e-05	0.1301742377259
nobgs	V1_c1.5	8	4	emmax_consensus	group	200	0.075	2	0	0	0			0.272842659896596	2.31541518946544e-05	0.112424922424988
nobgs	V1_c1.5	8	4	emmax_consensus	mvn	200	0.075	3	0	0	0			0.272842659896596	2.31541518946544e-05	0.112424922424988
nobgs	V1_c1.5	8	4	emmax_consensus	spatial	200	6.805	46	0	0	0			0.272842659896596	2.31541518946544e-05	0.112424922424988
nobgs	V1_c1.5	8	4	emmax_simes	group	200	0.11	2	0	0	0			0.272842659896596	2.31541518946544e-05	0.112424922424988
nobgs	V1_c1.5	8	4	emmax_simes	mvn	200	0.055	2	0	0	0			0.272842659896596	2.31541518946544e-05	0.112424922424988
nobgs	V1_c1.5	8	4	emmax_simes	spatial	200	4.9	40	0	0	0			0.272842659896596	2.31541518946544e-05	0.112424922424988
nobgs	V1_c1.5	8	5	emmax_consensus	group	200	0.78	5	1	0	1	0.78	1	0.261132593462243	2.82405265420241e-05	0.114330393499073
nobgs	V1_c1.5	8	5	emmax_consensus	mvn	200	0.065	3	1	0	1	0.065	1	0.261132593462243	2.82405265420241e-05	0.114330393499073
nobgs	V1_c1.5	8	5	emmax_consensus	spatial	200	9.14	39	1	0	1	9.14	1	0.261132593462243	2.82405265420241e-05	0.114330393499073
nobgs	V1_c1.5	8	5	emmax_simes	group	200	0.98	6	1	0	1	0.98	1	0.261132593462243	2.82405265420241e-05	0.114330393499073
nobgs	V1_c1.5	8	5	emmax_simes	mvn	200	0.07	3	1	0	1	0.07	1	0.261132593462243	2.82405265420241e-05	0.114330393499073
nobgs	V1_c1.5	8	5	emmax_simes	spatial	200	6.63	47	1	0	1	6.63	1	0.261132593462243	2.82405265420241e-05	0.114330393499073
nobgs	V1_c1.5	8	6	emmax_consensus	group	200	5.15	17	6	0	6	0.858333333333333	1	0.258240217466952	2.78346858289597e-05	0.10824041396607
nobgs	V1_c1.5	8	6	emmax_consensus	mvn	200	0.045	1	6	0	6	0.0075	1	0.258240217466952	2.78346858289597e-05	0.10824041396607
nobgs	V1_c1.5	8	6	emmax_consensus	spatial	200	8.81	43	6	0	6	1.46833333333333	1	0.258240217466952	2.78346858289597e-05	0.10824041396607
nobgs	V1_c1.5	8	6	emmax_simes	group	200	4.87	16	5	0	5	0.974	1	0.258240217466952	2.78346858289597e-05	0.10824041396607
nobgs	V1_c1.5	8	6	emmax_simes	mvn	200	0.05	1	5	0	5	0.01	1	0.258240217466952	2.78346858289597e-05	0.10824041396607
nobgs	V1_c1.5	8	6	emmax_simes	spatial	200	7.34	44	5	0	5	1.468	1	0.258240217466952	2.78346858289597e-05	0.10824041396607
nobgs	V1_c1.5	8	7	emmax_consensus	group	200	2.095	8	1	1	0	2.095	0	0.274418525212755	2.30700972412167e-05	0.127204163448039
nobgs	V1_c1.5	8	7	emmax_consensus	mvn	200	0.06	1	1	1	0	0.06	0	0.274418525212755	2.30700972412167e-05	0.127204163448039
nobgs	V1_c1.5	8	7	emmax_consensus	spatial	200	10.77	45	1	1	0	10.77	0	0.274418525212755	2.30700972412167e-05	0.127204163448039
nobgs	V1_c1.5	8	7	emmax_simes	group	200	1.52	6	1	1	0	1.52	0	0.274418525212755	2.30700972412167e-05	0.127204163448039
nobgs	V1_c1.5	8	7	emmax_simes	mvn	200	0.035	1	1	1	0	0.035	0	0.274418525212755	2.30700972412167e-05	0.127204163448039
nobgs	V1_c1.5	8	7	emmax_simes	spatial	200	7.575	39	1	1	0	7.575	0	0.274418525212755	2.30700972412167e-05	0.127204163448039
nobgs	V1_c1.5	8	8	emmax_consensus	group	200	2.255	13	2	0	2	1.1275	1	0.268201711335391	2.67021082651843e-05	0.106332342435749
nobgs	V1_c1.5	8	8	emmax_consensus	mvn	200	0.055	1	2	0	2	0.0275	1	0.268201711335391	2.67021082651843e-05	0.106332342435749
nobgs	V1_c1.5	8	8	emmax_consensus	spatial	200	12.925	51	2	0	2	6.4625	1	0.268201711335391	2.67021082651843e-05	0.106332342435749
nobgs	V1_c1.5	8	8	emmax_simes	group	200	2.005	10	3	0	3	0.668333333333333	1	0.268201711335391	2.67021082651843e-05	0.106332342435749
nobgs	V1_c1.5	8	8	emmax_simes	mvn	200	0.055	1	3	0	3	0.0183333333333333	1	0.268201711335391	2.67021082651843e-05	0.106332342435749
nobgs	V1_c1.5	8	8	emmax_simes	spatial	200	9.23	49	3	0	3	3.07666666666667	1	0.268201711335391	2.67021082651843e-05	0.106332342435749
nobgs	V1_c1.5	8	9	emmax_consensus	group	200	0.24	2	0	0	0			0.265782332064874	2.41380955095908e-05	0.117324119589688
nobgs	V1_c1.5	8	9	emmax_consensus	mvn	200	0.105	6	0	0	0			0.265782332064874	2.41380955095908e-05	0.117324119589688
nobgs	V1_c1.5	8	9	emmax_consensus	spatial	200	8.72	44	0	0	0			0.265782332064874	2.41380955095908e-05	0.117324119589688
nobgs	V1_c1.5	8	9	emmax_simes	group	200	0.245	3	0	0	0			0.265782332064874	2.41380955095908e-05	0.117324119589688
nobgs	V1_c1.5	8	9	emmax_simes	mvn	200	0.065	2	0	0	0			0.265782332064874	2.41380955095908e-05	0.117324119589688
nobgs	V1_c1.5	8	9	emmax_simes	spatial	200	6.235	40	0	0	0			0.265782332064874	2.41380955095908e-05	0.117324119589688
nobgs	V1_c1.5	8	10	emmax_consensus	group	200	0.565	5	0	0	0			0.276461345586904	3.00254385010739e-05	0.111604890071923
nobgs	V1_c1.5	8	10	emmax_consensus	mvn	200	0.07	2	0	0	0			0.276461345586904	3.00254385010739e-05	0.111604890071923
nobgs	V1_c1.5	8	10	emmax_consensus	spatial	200	7.91	41	0	0	0			0.276461345586904	3.00254385010739e-05	0.111604890071923
nobgs	V1_c1.5	8	10	emmax_simes	group	200	0.465	4	1	0	1	0.465	1	0.276461345586904	3.00254385010739e-05	0.111604890071923
nobgs	V1_c1.5	8	10	emmax_simes	mvn	200	0.045	1	1	0	1	0.045	1	0.276461345586904	3.00254385010739e-05	0.111604890071923
nobgs	V1_c1.5	8	10	emmax_simes	spatial	200	5.445	36	1	0	1	5.445	1	0.276461345586904	3.00254385010739e-05	0.111604890071923
nobgs	V1_c1.5	10	1	emmax_consensus	group	200	0.235	3	0	0	0			0.269137355222456	1.89420891256436e-05	0.141025850986301
nobgs	V1_c1.5	10	1	emmax_consensus	mvn	200	0.08	3	0	0	0			0.269137355222456	1.89420891256436e-05	0.141025850986301
nobgs	V1_c1.5	10	1	emmax_consensus	spatial	200	7.91	45	0	0	0			0.269137355222456	1.89420891256436e-05	0.141025850986301
nobgs	V1_c1.5	10	1	emmax_simes	group	200	0.14	3	0	0	0			0.269137355222456	1.89420891256436e-05	0.141025850986301
nobgs	V1_c1.5	10	1	emmax_simes	mvn	200	0.045	2	0	0	0			0.269137355222456	1.89420891256436e-05	0.141025850986301
nobgs	V1_c1.5	10	1	emmax_simes	spatial	200	6.28	32	0	0	0			0.269137355222456	1.89420891256436e-05	0.141025850986301
nobgs	V1_c1.5	10	2	emmax_consensus	group	200	4.37	15	7	0	7	0.624285714285714	1	0.275620523973487	1.69802718321906e-05	0.149952633109107
nobgs	V1_c1.5	10	2	emmax_consensus	mvn	200	0.055	2	7	0	7	0.00785714285714286	1	0.275620523973487	1.69802718321906e-05	0.149952633109107
nobgs	V1_c1.5	10	2	emmax_consensus	spatial	200	10.69	48	7	0	7	1.52714285714286	1	0.275620523973487	1.69802718321906e-05	0.149952633109107
nobgs	V1_c1.5	10	2	emmax_simes	group	200	3.005	12	7	1	6	0.429285714285714	0.857142857142857	0.275620523973487	1.69802718321906e-05	0.149952633109107
nobgs	V1_c1.5	10	2	emmax_simes	mvn	200	0.055	1	7	1	6	0.00785714285714286	0.857142857142857	0.275620523973487	1.69802718321906e-05	0.149952633109107
nobgs	V1_c1.5	10	2	emmax_simes	spatial	200	8.26	43	7	1	6	1.18	0.857142857142857	0.275620523973487	1.69802718321906e-05	0.149952633109107
nobgs	V1_c1.5	10	3	emmax_consensus	group	200	0.385	5	1	1	0	0.385	0	0.245755248485668	2.16989114412348e-05	0.161561038325388
nobgs	V1_c1.5	10	3	emmax_consensus	mvn	200	0.08	6	1	1	0	0.08	0	0.245755248485668	2.16989114412348e-05	0.161561038325388
nobgs	V1_c1.5	10	3	emmax_consensus	spatial	200	5.75	40	1	1	0	5.75	0	0.245755248485668	2.16989114412348e-05	0.161561038325388
nobgs	V1_c1.5	10	3	emmax_simes	group	200	0.23	2	0	0	0			0.245755248485668	2.16989114412348e-05	0.161561038325388
nobgs	V1_c1.5	10	3	emmax_simes	mvn	200	0.045	5	0	0	0			0.245755248485668	2.16989114412348e-05	0.161561038325388
nobgs	V1_c1.5	10	3	emmax_simes	spatial	200	4.735	34	0	0	0			0.245755248485668	2.16989114412348e-05	0.161561038325388
nobgs	V1_c1.5	10	4	emmax_consensus	group	200	0.105	2	0	0	0			0.266996967237564	1.51299791999724e-05	0.158499931713472
nobgs	V1_c1.5	10	4	emmax_consensus	mvn	200	0.055	3	0	0	0			0.266996967237564	1.51299791999724e-05	0.158499931713472
nobgs	V1_c1.5	10	4	emmax_consensus	spatial	200	7.595	40	0	0	0			0.266996967237564	1.51299791999724e-05	0.158499931713472
nobgs	V1_c1.5	10	4	emmax_simes	group	200	0.075	2	0	0	0			0.266996967237564	1.51299791999724e-05	0.158499931713472
nobgs	V1_c1.5	10	4	emmax_simes	mvn	200	0.065	4	0	0	0			0.266996967237564	1.51299791999724e-05	0.158499931713472
nobgs	V1_c1.5	10	4	emmax_simes	spatial	200	5.22	35	0	0	0			0.266996967237564	1.51299791999724e-05	0.158499931713472
nobgs	V1_c1.5	10	5	emmax_consensus	group	200	0.915	6	1	0	1	0.915	1	0.275938266015787	9.29130809391733e-06	0.137165655080803
nobgs	V1_c1.5	10	5	emmax_consensus	mvn	200	0.08	2	1	0	1	0.08	1	0.275938266015787	9.29130809391733e-06	0.137165655080803
nobgs	V1_c1.5	10	5	emmax_consensus	spatial	200	8.355	43	1	0	1	8.355	1	0.275938266015787	9.29130809391733e-06	0.137165655080803
nobgs	V1_c1.5	10	5	emmax_simes	group	200	0.92	6	0	0	0			0.275938266015787	9.29130809391733e-06	0.137165655080803
nobgs	V1_c1.5	10	5	emmax_simes	mvn	200	0.075	2	0	0	0			0.275938266015787	9.29130809391733e-06	0.137165655080803
nobgs	V1_c1.5	10	5	emmax_simes	spatial	200	6.83	37	0	0	0			0.275938266015787	9.29130809391733e-06	0.137165655080803
nobgs	V1_c1.5	10	6	emmax_consensus	group	200	4.82	15	5	0	5	0.964	1	0.247213945011587	1.88461932829464e-05	0.127483074499234
nobgs	V1_c1.5	10	6	emmax_consensus	mvn	200	0.035	1	5	0	5	0.007	1	0.247213945011587	1.88461932829464e-05	0.127483074499234
nobgs	V1_c1.5	10	6	emmax_consensus	spatial	200	6.825	39	5	0	5	1.365	1	0.247213945011587	1.88461932829464e-05	0.127483074499234
nobgs	V1_c1.5	10	6	emmax_simes	group	200	5.07	14	5	0	5	1.014	1	0.247213945011587	1.88461932829464e-05	0.127483074499234
nobgs	V1_c1.5	10	6	emmax_simes	mvn	200	0.02	1	5	0	5	0.004	1	0.247213945011587	1.88461932829464e-05	0.127483074499234
nobgs	V1_c1.5	10	6	emmax_simes	spatial	200	4.865	35	5	0	5	0.973	1	0.247213945011587	1.88461932829464e-05	0.127483074499234
nobgs	V1_c1.5	10	7	emmax_consensus	group	200	1	7	2	0	2	0.5	1	0.256892126272864	1.03233658475179e-05	0.128761313707941
nobgs	V1_c1.5	10	7	emmax_consensus	mvn	200	0.075	2	2	0	2	0.0375	1	0.256892126272864	1.03233658475179e-05	0.128761313707941
nobgs	V1_c1.5	10	7	emmax_consensus	spatial	200	10.36	41	2	0	2	5.18	1	0.256892126272864	1.03233658475179e-05	0.128761313707941
nobgs	V1_c1.5	10	7	emmax_simes	group	200	0.53	4	2	0	2	0.265	1	0.256892126272864	1.03233658475179e-05	0.128761313707941
nobgs	V1_c1.5	10	7	emmax_simes	mvn	200	0.075	1	2	0	2	0.0375	1	0.256892126272864	1.03233658475179e-05	0.128761313707941
nobgs	V1_c1.5	10	7	emmax_simes	spatial	200	6.97	35	2	0	2	3.485	1	0.256892126272864	1.03233658475179e-05	0.128761313707941
nobgs	V1_c1.5	10	8	emmax_consensus	group	200	1.85	12	1	0	1	1.85	1	0.283740778144035	1.5994900536257e-05	0.120638708642888
nobgs	V1_c1.5	10	8	emmax_consensus	mvn	200	0.075	2	1	0	1	0.075	1	0.283740778144035	1.5994900536257e-05	0.120638708642888
nobgs	V1_c1.5	10	8	emmax_consensus	spatial	200	11.255	45	1	0	1	11.255	1	0.283740778144035	1.5994900536257e-05	0.120638708642888
nobgs	V1_c1.5	10	8	emmax_simes	group	200	1.27	8	0	0	0			0.283740778144035	1.5994900536257e-05	0.120638708642888
nobgs	V1_c1.5	10	8	emmax_simes	mvn	200	0.065	2	0	0	0			0.283740778144035	1.5994900536257e-05	0.120638708642888
nobgs	V1_c1.5	10	8	emmax_simes	spatial	200	9.51	40	0	0	0			0.283740778144035	1.5994900536257e-05	0.120638708642888
nobgs	V1_c1.5	10	9	emmax_consensus	group	200	0.18	3	0	0	0			0.272797297128083	1.48469308253234e-05	0.122456490901203
nobgs	V1_c1.5	10	9	emmax_consensus	mvn	200	0.065	2	0	0	0			0.272797297128083	1.48469308253234e-05	0.122456490901203
nobgs	V1_c1.5	10	9	emmax_consensus	spatial	200	8.95	44	0	0	0			0.272797297128083	1.48469308253234e-05	0.122456490901203
nobgs	V1_c1.5	10	9	emmax_simes	group	200	0.155	3	0	0	0			0.272797297128083	1.48469308253234e-05	0.122456490901203
nobgs	V1_c1.5	10	9	emmax_simes	mvn	200	0.05	2	0	0	0			0.272797297128083	1.48469308253234e-05	0.122456490901203
nobgs	V1_c1.5	10	9	emmax_simes	spatial	200	7.025	42	0	0	0			0.272797297128083	1.48469308253234e-05	0.122456490901203
nobgs	V1_c1.5	10	10	emmax_consensus	group	200	0.955	12	0	0	0			0.261577805455275	1.78400775840435e-05	0.159195139476619
nobgs	V1_c1.5	10	10	emmax_consensus	mvn	200	0.035	2	0	0	0			0.261577805455275	1.78400775840435e-05	0.159195139476619
nobgs	V1_c1.5	10	10	emmax_consensus	spatial	200	8.125	47	0	0	0			0.261577805455275	1.78400775840435e-05	0.159195139476619
nobgs	V1_c1.5	10	10	emmax_simes	group	200	0.73	5	0	0	0			0.261577805455275	1.78400775840435e-05	0.159195139476619
nobgs	V1_c1.5	10	10	emmax_simes	mvn	200	0.02	1	0	0	0			0.261577805455275	1.78400775840435e-05	0.159195139476619
nobgs	V1_c1.5	10	10	emmax_simes	spatial	200	6.31	44	0	0	0			0.261577805455275	1.78400775840435e-05	0.159195139476619
nobgs	V2_c1	1	1	emmax_consensus	group	200	0.285	3	0	0	0			0.0360631805301304	3.0674750665034e-05	0.0294763953408037
nobgs	V2_c1	1	1	emmax_consensus	mvn	200	0.055	2	0	0	0			0.0360631805301304	3.0674750665034e-05	0.0294763953408037
nobgs	V2_c1	1	1	emmax_consensus	spatial	200	0.345	3	0	0	0			0.0360631805301304	3.0674750665034e-05	0.0294763953408037
nobgs	V2_c1	1	1	emmax_simes	group	200	0.235	3	0	0	0			0.0360631805301304	3.0674750665034e-05	0.0294763953408037
nobgs	V2_c1	1	1	emmax_simes	mvn	200	0.055	2	0	0	0			0.0360631805301304	3.0674750665034e-05	0.0294763953408037
nobgs	V2_c1	1	1	emmax_simes	spatial	200	0.43	4	0	0	0			0.0360631805301304	3.0674750665034e-05	0.0294763953408037
nobgs	V2_c1	1	2	emmax_consensus	group	200	2.005	9	2	1	1	1.0025	0.5	0.0461167710548418	2.80056909888226e-05	0.0282503454043892
nobgs	V2_c1	1	2	emmax_consensus	mvn	200	0.065	2	2	1	1	0.0325	0.5	0.0461167710548418	2.80056909888226e-05	0.0282503454043892
nobgs	V2_c1	1	2	emmax_consensus	spatial	200	0.1	3	2	1	1	0.05	0.5	0.0461167710548418	2.80056909888226e-05	0.0282503454043892
nobgs	V2_c1	1	2	emmax_simes	group	200	1.585	7	3	1	2	0.528333333333333	0.666666666666667	0.0461167710548418	2.80056909888226e-05	0.0282503454043892
nobgs	V2_c1	1	2	emmax_simes	mvn	200	0.065	3	3	1	2	0.0216666666666667	0.666666666666667	0.0461167710548418	2.80056909888226e-05	0.0282503454043892
nobgs	V2_c1	1	2	emmax_simes	spatial	200	0.02	1	3	1	2	0.00666666666666667	0.666666666666667	0.0461167710548418	2.80056909888226e-05	0.0282503454043892
nobgs	V2_c1	1	3	emmax_consensus	group	200	1.215	5	2	1	1	0.6075	0.5	0.0343218668024681	2.9054122377941e-05	0.0289049958744509
nobgs	V2_c1	1	3	emmax_consensus	mvn	200	0.05	1	2	1	1	0.025	0.5	0.0343218668024681	2.9054122377941e-05	0.0289049958744509
nobgs	V2_c1	1	3	emmax_consensus	spatial	200	0.21	3	2	1	1	0.105	0.5	0.0343218668024681	2.9054122377941e-05	0.0289049958744509
nobgs	V2_c1	1	3	emmax_simes	group	200	1.335	6	2	1	1	0.6675	0.5	0.0343218668024681	2.9054122377941e-05	0.0289049958744509
nobgs	V2_c1	1	3	emmax_simes	mvn	200	0.04	1	2	1	1	0.02	0.5	0.0343218668024681	2.9054122377941e-05	0.0289049958744509
nobgs	V2_c1	1	3	emmax_simes	spatial	200	0.255	3	2	1	1	0.1275	0.5	0.0343218668024681	2.9054122377941e-05	0.0289049958744509
nobgs	V2_c1	1	4	emmax_consensus	group	200	1.775	6	1	1	0	1.775	0	0.0461604881849776	3.59210492652564e-05	0.0291234516417363
nobgs	V2_c1	1	4	emmax_consensus	mvn	200	0.06	2	1	1	0	0.06	0	0.0461604881849776	3.59210492652564e-05	0.0291234516417363
nobgs	V2_c1	1	4	emmax_consensus	spatial	200	0.495	4	1	1	0	0.495	0	0.0461604881849776	3.59210492652564e-05	0.0291234516417363
nobgs	V2_c1	1	4	emmax_simes	group	200	1.515	5	1	1	0	1.515	0	0.0461604881849776	3.59210492652564e-05	0.0291234516417363
nobgs	V2_c1	1	4	emmax_simes	mvn	200	0.06	2	1	1	0	0.06	0	0.0461604881849776	3.59210492652564e-05	0.0291234516417363
nobgs	V2_c1	1	4	emmax_simes	spatial	200	0.44	5	1	1	0	0.44	0	0.0461604881849776	3.59210492652564e-05	0.0291234516417363
nobgs	V2_c1	1	5	emmax_consensus	group	200	0.94	4	2	2	0	0.47	0	0.0354194256840333	3.21070217258032e-05	0.0293569146725864
nobgs	V2_c1	1	5	emmax_consensus	mvn	200	0.045	2	2	2	0	0.0225	0	0.0354194256840333	3.21070217258032e-05	0.0293569146725864
nobgs	V2_c1	1	5	emmax_consensus	spatial	200	0.085	1	2	2	0	0.0425	0	0.0354194256840333	3.21070217258032e-05	0.0293569146725864
nobgs	V2_c1	1	5	emmax_simes	group	200	0.785	3	1	1	0	0.785	0	0.0354194256840333	3.21070217258032e-05	0.0293569146725864
nobgs	V2_c1	1	5	emmax_simes	mvn	200	0.055	2	1	1	0	0.055	0	0.0354194256840333	3.21070217258032e-05	0.0293569146725864
nobgs	V2_c1	1	5	emmax_simes	spatial	200	0.025	1	1	1	0	0.025	0	0.0354194256840333	3.21070217258032e-05	0.0293569146725864
nobgs	V2_c1	1	6	emmax_consensus	group	200	1.415	6	0	0	0			0.0405359183199704	3.4986757682375e-05	0.0291713923665836
nobgs	V2_c1	1	6	emmax_consensus	mvn	200	0.035	1	0	0	0			0.0405359183199704	3.4986757682375e-05	0.0291713923665836
nobgs	V2_c1	1	6	emmax_consensus	spatial	200	0.325	3	0	0	0			0.0405359183199704	3.4986757682375e-05	0.0291713923665836
nobgs	V2_c1	1	6	emmax_simes	group	200	1.75	6	0	0	0			0.0405359183199704	3.4986757682375e-05	0.0291713923665836
nobgs	V2_c1	1	6	emmax_simes	mvn	200	0.04	1	0	0	0			0.0405359183199704	3.4986757682375e-05	0.0291713923665836
nobgs	V2_c1	1	6	emmax_simes	spatial	200	0.26	3	0	0	0			0.0405359183199704	3.4986757682375e-05	0.0291713923665836
nobgs	V2_c1	1	7	emmax_consensus	group	200	0.09	2	0	0	0			0.0458453482170101	3.08977184774052e-05	0.0292280282357186
nobgs	V2_c1	1	7	emmax_consensus	mvn	200	0.075	1	0	0	0			0.0458453482170101	3.08977184774052e-05	0.0292280282357186
nobgs	V2_c1	1	7	emmax_consensus	spatial	200	0.125	3	0	0	0			0.0458453482170101	3.08977184774052e-05	0.0292280282357186
nobgs	V2_c1	1	7	emmax_simes	group	200	0.1	2	0	0	0			0.0458453482170101	3.08977184774052e-05	0.0292280282357186
nobgs	V2_c1	1	7	emmax_simes	mvn	200	0.04	2	0	0	0			0.0458453482170101	3.08977184774052e-05	0.0292280282357186
nobgs	V2_c1	1	7	emmax_simes	spatial	200	0.045	2	0	0	0			0.0458453482170101	3.08977184774052e-05	0.0292280282357186
nobgs	V2_c1	1	8	emmax_consensus	group	200	0.225	4	0	0	0			0.0373934372587324	3.26060712970436e-05	0.0292960488341362
nobgs	V2_c1	1	8	emmax_consensus	mvn	200	0.07	2	0	0	0			0.0373934372587324	3.26060712970436e-05	0.0292960488341362
nobgs	V2_c1	1	8	emmax_consensus	spatial	200	0.215	2	0	0	0			0.0373934372587324	3.26060712970436e-05	0.0292960488341362
nobgs	V2_c1	1	8	emmax_simes	group	200	0.225	2	0	0	0			0.0373934372587324	3.26060712970436e-05	0.0292960488341362
nobgs	V2_c1	1	8	emmax_simes	mvn	200	0.075	2	0	0	0			0.0373934372587324	3.26060712970436e-05	0.0292960488341362
nobgs	V2_c1	1	8	emmax_simes	spatial	200	0.215	3	0	0	0			0.0373934372587324	3.26060712970436e-05	0.0292960488341362
nobgs	V2_c1	1	9	emmax_consensus	group	200	0.095	2	0	0	0			0.0366149442695927	3.41907917050954e-05	0.0292511077999301
nobgs	V2_c1	1	9	emmax_consensus	mvn	200	0.065	3	0	0	0			0.0366149442695927	3.41907917050954e-05	0.0292511077999301
nobgs	V2_c1	1	9	emmax_consensus	spatial	200	0.265	3	0	0	0			0.0366149442695927	3.41907917050954e-05	0.0292511077999301
nobgs	V2_c1	1	9	emmax_simes	group	200	0.065	1	0	0	0			0.0366149442695927	3.41907917050954e-05	0.0292511077999301
nobgs	V2_c1	1	9	emmax_simes	mvn	200	0.055	1	0	0	0			0.0366149442695927	3.41907917050954e-05	0.0292511077999301
nobgs	V2_c1	1	9	emmax_simes	spatial	200	0.325	2	0	0	0			0.0366149442695927	3.41907917050954e-05	0.0292511077999301
nobgs	V2_c1	1	10	emmax_consensus	group	200	1.02	4	2	1	1	0.51	0.5	0.045262251274874	3.23991239251093e-05	0.0282728051462333
nobgs	V2_c1	1	10	emmax_consensus	mvn	200	0.07	2	2	1	1	0.035	0.5	0.045262251274874	3.23991239251093e-05	0.0282728051462333
nobgs	V2_c1	1	10	emmax_consensus	spatial	200	0.1	2	2	1	1	0.05	0.5	0.045262251274874	3.23991239251093e-05	0.0282728051462333
nobgs	V2_c1	1	10	emmax_simes	group	200	1.06	3	1	1	0	1.06	0	0.045262251274874	3.23991239251093e-05	0.0282728051462333
nobgs	V2_c1	1	10	emmax_simes	mvn	200	0.07	1	1	1	0	0.07	0	0.045262251274874	3.23991239251093e-05	0.0282728051462333
nobgs	V2_c1	1	10	emmax_simes	spatial	200	0.13	2	1	1	0	0.13	0	0.045262251274874	3.23991239251093e-05	0.0282728051462333
nobgs	V2_c1	3	1	emmax_consensus	group	200	0.3	5	0	0	0			0.0429135083776167	2.55944576501811e-05	0.0307014823544005
nobgs	V2_c1	3	1	emmax_consensus	mvn	200	0.07	2	0	0	0			0.0429135083776167	2.55944576501811e-05	0.0307014823544005
nobgs	V2_c1	3	1	emmax_consensus	spatial	200	0.17	4	0	0	0			0.0429135083776167	2.55944576501811e-05	0.0307014823544005
nobgs	V2_c1	3	1	emmax_simes	group	200	0.175	3	0	0	0			0.0429135083776167	2.55944576501811e-05	0.0307014823544005
nobgs	V2_c1	3	1	emmax_simes	mvn	200	0.05	2	0	0	0			0.0429135083776167	2.55944576501811e-05	0.0307014823544005
nobgs	V2_c1	3	1	emmax_simes	spatial	200	0.18	3	0	0	0			0.0429135083776167	2.55944576501811e-05	0.0307014823544005
nobgs	V2_c1	3	2	emmax_consensus	group	200	1.63	7	1	0	1	1.63	1	0.0419969316201503	2.37778974865656e-05	0.0288426790704683
nobgs	V2_c1	3	2	emmax_consensus	mvn	200	0.055	2	1	0	1	0.055	1	0.0419969316201503	2.37778974865656e-05	0.0288426790704683
nobgs	V2_c1	3	2	emmax_consensus	spatial	200	0.17	3	1	0	1	0.17	1	0.0419969316201503	2.37778974865656e-05	0.0288426790704683
nobgs	V2_c1	3	2	emmax_simes	group	200	1.465	7	2	1	1	0.7325	0.5	0.0419969316201503	2.37778974865656e-05	0.0288426790704683
nobgs	V2_c1	3	2	emmax_simes	mvn	200	0.04	2	2	1	1	0.02	0.5	0.0419969316201503	2.37778974865656e-05	0.0288426790704683
nobgs	V2_c1	3	2	emmax_simes	spatial	200	0.19	4	2	1	1	0.095	0.5	0.0419969316201503	2.37778974865656e-05	0.0288426790704683
nobgs	V2_c1	3	3	emmax_consensus	group	200	1.165	3	1	1	0	1.165	0	0.036441360452176	2.33417250743974e-05	0.0301879788319911
nobgs	V2_c1	3	3	emmax_consensus	mvn	200	0.075	2	1	1	0	0.075	0	0.036441360452176	2.33417250743974e-05	0.0301879788319911
nobgs	V2_c1	3	3	emmax_consensus	spatial	200	0.07	4	1	1	0	0.07	0	0.036441360452176	2.33417250743974e-05	0.0301879788319911
nobgs	V2_c1	3	3	emmax_simes	group	200	1.185	3	1	1	0	1.185	0	0.036441360452176	2.33417250743974e-05	0.0301879788319911
nobgs	V2_c1	3	3	emmax_simes	mvn	200	0.06	1	1	1	0	0.06	0	0.036441360452176	2.33417250743974e-05	0.0301879788319911
nobgs	V2_c1	3	3	emmax_simes	spatial	200	0.155	4	1	1	0	0.155	0	0.036441360452176	2.33417250743974e-05	0.0301879788319911
nobgs	V2_c1	3	4	emmax_consensus	group	200	1.74	4	1	1	0	1.74	0	0.0310805528771379	2.89219646091834e-05	0.0299483906336071
nobgs	V2_c1	3	4	emmax_consensus	mvn	200	0.085	4	1	1	0	0.085	0	0.0310805528771379	2.89219646091834e-05	0.0299483906336071
nobgs	V2_c1	3	4	emmax_consensus	spatial	200	0.185	3	1	1	0	0.185	0	0.0310805528771379	2.89219646091834e-05	0.0299483906336071
nobgs	V2_c1	3	4	emmax_simes	group	200	1.68	5	2	2	0	0.84	0	0.0310805528771379	2.89219646091834e-05	0.0299483906336071
nobgs	V2_c1	3	4	emmax_simes	mvn	200	0.08	4	2	2	0	0.04	0	0.0310805528771379	2.89219646091834e-05	0.0299483906336071
nobgs	V2_c1	3	4	emmax_simes	spatial	200	0.055	1	2	2	0	0.0275	0	0.0310805528771379	2.89219646091834e-05	0.0299483906336071
nobgs	V2_c1	3	5	emmax_consensus	group	200	0.68	3	1	1	0	0.68	0	0.037083844605635	2.51291139981479e-05	0.0293391059394875
nobgs	V2_c1	3	5	emmax_consensus	mvn	200	0.045	1	1	1	0	0.045	0	0.037083844605635	2.51291139981479e-05	0.0293391059394875
nobgs	V2_c1	3	5	emmax_consensus	spatial	200	0.53	4	1	1	0	0.53	0	0.037083844605635	2.51291139981479e-05	0.0293391059394875
nobgs	V2_c1	3	5	emmax_simes	group	200	0.51	2	1	1	0	0.51	0	0.037083844605635	2.51291139981479e-05	0.0293391059394875
nobgs	V2_c1	3	5	emmax_simes	mvn	200	0.025	1	1	1	0	0.025	0	0.037083844605635	2.51291139981479e-05	0.0293391059394875
nobgs	V2_c1	3	5	emmax_simes	spatial	200	0.605	4	1	1	0	0.605	0	0.037083844605635	2.51291139981479e-05	0.0293391059394875
nobgs	V2_c1	3	6	emmax_consensus	group	200	3.195	8	4	3	1	0.79875	0.25	0.0408225259509817	3.07202409724369e-05	0.0297415662334815
nobgs	V2_c1	3	6	emmax_consensus	mvn	200	0.05	2	4	3	1	0.0125	0.25	0.0408225259509817	3.07202409724369e-05	0.0297415662334815
nobgs	V2_c1	3	6	emmax_consensus	spatial	200	0.57	4	4	3	1	0.1425	0.25	0.0408225259509817	3.07202409724369e-05	0.0297415662334815
nobgs	V2_c1	3	6	emmax_simes	group	200	3.065	8	5	3	2	0.613	0.4	0.0408225259509817	3.07202409724369e-05	0.0297415662334815
nobgs	V2_c1	3	6	emmax_simes	mvn	200	0.05	2	5	3	2	0.01	0.4	0.0408225259509817	3.07202409724369e-05	0.0297415662334815
nobgs	V2_c1	3	6	emmax_simes	spatial	200	0.66	5	5	3	2	0.132	0.4	0.0408225259509817	3.07202409724369e-05	0.0297415662334815
nobgs	V2_c1	3	7	emmax_consensus	group	200	0.655	2	1	1	0	0.655	0	0.041434958154467	2.3837460643154e-05	0.0285270585057898
nobgs	V2_c1	3	7	emmax_consensus	mvn	200	0.025	1	1	1	0	0.025	0	0.041434958154467	2.3837460643154e-05	0.0285270585057898
nobgs	V2_c1	3	7	emmax_consensus	spatial	200	0.115	1	1	1	0	0.115	0	0.041434958154467	2.3837460643154e-05	0.0285270585057898
nobgs	V2_c1	3	7	emmax_simes	group	200	0.685	3	1	1	0	0.685	0	0.041434958154467	2.3837460643154e-05	0.0285270585057898
nobgs	V2_c1	3	7	emmax_simes	mvn	200	0.03	1	1	1	0	0.03	0	0.041434958154467	2.3837460643154e-05	0.0285270585057898
nobgs	V2_c1	3	7	emmax_simes	spatial	200	0.055	1	1	1	0	0.055	0	0.041434958154467	2.3837460643154e-05	0.0285270585057898
nobgs	V2_c1	3	8	emmax_consensus	group	200	1.18	8	1	1	0	1.18	0	0.0367328585387951	2.53395943654473e-05	0.0311520172683924
nobgs	V2_c1	3	8	emmax_consensus	mvn	200	0.03	2	1	1	0	0.03	0	0.0367328585387951	2.53395943654473e-05	0.0311520172683924
nobgs	V2_c1	3	8	emmax_consensus	spatial	200	0.45	5	1	1	0	0.45	0	0.0367328585387951	2.53395943654473e-05	0.0311520172683924
nobgs	V2_c1	3	8	emmax_simes	group	200	1.265	6	1	1	0	1.265	0	0.0367328585387951	2.53395943654473e-05	0.0311520172683924
nobgs	V2_c1	3	8	emmax_simes	mvn	200	0.055	2	1	1	0	0.055	0	0.0367328585387951	2.53395943654473e-05	0.0311520172683924
nobgs	V2_c1	3	8	emmax_simes	spatial	200	0.505	6	1	1	0	0.505	0	0.0367328585387951	2.53395943654473e-05	0.0311520172683924
nobgs	V2_c1	3	9	emmax_consensus	group	200	0.03	1	0	0	0			0.0337804286416197	2.53350298453755e-05	0.0305819538541298
nobgs	V2_c1	3	9	emmax_consensus	mvn	200	0.06	2	0	0	0			0.0337804286416197	2.53350298453755e-05	0.0305819538541298
nobgs	V2_c1	3	9	emmax_consensus	spatial	200	0.195	3	0	0	0			0.0337804286416197	2.53350298453755e-05	0.0305819538541298
nobgs	V2_c1	3	9	emmax_simes	group	200	0.025	1	0	0	0			0.0337804286416197	2.53350298453755e-05	0.0305819538541298
nobgs	V2_c1	3	9	emmax_simes	mvn	200	0.055	2	0	0	0			0.0337804286416197	2.53350298453755e-05	0.0305819538541298
nobgs	V2_c1	3	9	emmax_simes	spatial	200	0.19	2	0	0	0			0.0337804286416197	2.53350298453755e-05	0.0305819538541298
nobgs	V2_c1	3	10	emmax_consensus	group	200	0.12	3	0	0	0			0.0358246011904999	2.6382145485045e-05	0.0286198437095424
nobgs	V2_c1	3	10	emmax_consensus	mvn	200	0.045	1	0	0	0			0.0358246011904999	2.6382145485045e-05	0.0286198437095424
nobgs	V2_c1	3	10	emmax_consensus	spatial	200	0.365	2	0	0	0			0.0358246011904999	2.6382145485045e-05	0.0286198437095424
nobgs	V2_c1	3	10	emmax_simes	group	200	0.125	3	0	0	0			0.0358246011904999	2.6382145485045e-05	0.0286198437095424
nobgs	V2_c1	3	10	emmax_simes	mvn	200	0.065	1	0	0	0			0.0358246011904999	2.6382145485045e-05	0.0286198437095424
nobgs	V2_c1	3	10	emmax_simes	spatial	200	0.265	1	0	0	0			0.0358246011904999	2.6382145485045e-05	0.0286198437095424
nobgs	V2_c1	4	1	emmax_consensus	group	200	0.88	6	3	1	2	0.293333333333333	0.666666666666667	0.038450480638026	3.67650751963366e-05	0.0295526016462255
nobgs	V2_c1	4	1	emmax_consensus	mvn	200	0.06	3	3	1	2	0.02	0.666666666666667	0.038450480638026	3.67650751963366e-05	0.0295526016462255
nobgs	V2_c1	4	1	emmax_consensus	spatial	200	0.26	4	3	1	2	0.0866666666666667	0.666666666666667	0.038450480638026	3.67650751963366e-05	0.0295526016462255
nobgs	V2_c1	4	1	emmax_simes	group	200	0.72	4	3	1	2	0.24	0.666666666666667	0.038450480638026	3.67650751963366e-05	0.0295526016462255
nobgs	V2_c1	4	1	emmax_simes	mvn	200	0.06	4	3	1	2	0.02	0.666666666666667	0.038450480638026	3.67650751963366e-05	0.0295526016462255
nobgs	V2_c1	4	1	emmax_simes	spatial	200	0.17	3	3	1	2	0.0566666666666667	0.666666666666667	0.038450480638026	3.67650751963366e-05	0.0295526016462255
nobgs	V2_c1	4	2	emmax_consensus	group	200	0.975	6	0	0	0			0.0382351533674271	3.65477784892059e-05	0.0296998917747808
nobgs	V2_c1	4	2	emmax_consensus	mvn	200	0.08	2	0	0	0			0.0382351533674271	3.65477784892059e-05	0.0296998917747808
nobgs	V2_c1	4	2	emmax_consensus	spatial	200	0.4	3	0	0	0			0.0382351533674271	3.65477784892059e-05	0.0296998917747808
nobgs	V2_c1	4	2	emmax_simes	group	200	0.915	6	0	0	0			0.0382351533674271	3.65477784892059e-05	0.0296998917747808
nobgs	V2_c1	4	2	emmax_simes	mvn	200	0.075	2	0	0	0			0.0382351533674271	3.65477784892059e-05	0.0296998917747808
nobgs	V2_c1	4	2	emmax_simes	spatial	200	0.215	3	0	0	0			0.0382351533674271	3.65477784892059e-05	0.0296998917747808
nobgs	V2_c1	4	3	emmax_consensus	group	200	2.23	5	2	1	1	1.115	0.5	0.0431204618298413	3.55947824375164e-05	0.0332768455885335
nobgs	V2_c1	4	3	emmax_consensus	mvn	200	0.065	3	2	1	1	0.0325	0.5	0.0431204618298413	3.55947824375164e-05	0.0332768455885335
nobgs	V2_c1	4	3	emmax_consensus	spatial	200	0.28	2	2	1	1	0.14	0.5	0.0431204618298413	3.55947824375164e-05	0.0332768455885335
nobgs	V2_c1	4	3	emmax_simes	group	200	2.28	4	2	1	1	1.14	0.5	0.0431204618298413	3.55947824375164e-05	0.0332768455885335
nobgs	V2_c1	4	3	emmax_simes	mvn	200	0.045	3	2	1	1	0.0225	0.5	0.0431204618298413	3.55947824375164e-05	0.0332768455885335
nobgs	V2_c1	4	3	emmax_simes	spatial	200	0.25	2	2	1	1	0.125	0.5	0.0431204618298413	3.55947824375164e-05	0.0332768455885335
nobgs	V2_c1	4	4	emmax_consensus	group	200	0.055	2	0	0	0			0.0404459492118763	3.82913516372525e-05	0.028962326014917
nobgs	V2_c1	4	4	emmax_consensus	mvn	200	0.09	2	0	0	0			0.0404459492118763	3.82913516372525e-05	0.028962326014917
nobgs	V2_c1	4	4	emmax_consensus	spatial	200	0.16	3	0	0	0			0.0404459492118763	3.82913516372525e-05	0.028962326014917
nobgs	V2_c1	4	4	emmax_simes	group	200	0.04	2	0	0	0			0.0404459492118763	3.82913516372525e-05	0.028962326014917
nobgs	V2_c1	4	4	emmax_simes	mvn	200	0.075	2	0	0	0			0.0404459492118763	3.82913516372525e-05	0.028962326014917
nobgs	V2_c1	4	4	emmax_simes	spatial	200	0.165	3	0	0	0			0.0404459492118763	3.82913516372525e-05	0.028962326014917
nobgs	V2_c1	4	5	emmax_consensus	group	200	0.19	3	0	0	0			0.0414816699483036	4.21000731814321e-05	0.0310362158080206
nobgs	V2_c1	4	5	emmax_consensus	mvn	200	0.06	2	0	0	0			0.0414816699483036	4.21000731814321e-05	0.0310362158080206
nobgs	V2_c1	4	5	emmax_consensus	spatial	200	0.06	2	0	0	0			0.0414816699483036	4.21000731814321e-05	0.0310362158080206
nobgs	V2_c1	4	5	emmax_simes	group	200	0.17	3	0	0	0			0.0414816699483036	4.21000731814321e-05	0.0310362158080206
nobgs	V2_c1	4	5	emmax_simes	mvn	200	0.05	2	0	0	0			0.0414816699483036	4.21000731814321e-05	0.0310362158080206
nobgs	V2_c1	4	5	emmax_simes	spatial	200	0.045	3	0	0	0			0.0414816699483036	4.21000731814321e-05	0.0310362158080206
nobgs	V2_c1	4	6	emmax_consensus	group	200	0.19	3	0	0	0			0.0310726861652494	4.65780336317578e-05	0.0291152576635611
nobgs	V2_c1	4	6	emmax_consensus	mvn	200	0.025	1	0	0	0			0.0310726861652494	4.65780336317578e-05	0.0291152576635611
nobgs	V2_c1	4	6	emmax_consensus	spatial	200	0.38	4	0	0	0			0.0310726861652494	4.65780336317578e-05	0.0291152576635611
nobgs	V2_c1	4	6	emmax_simes	group	200	0.185	3	0	0	0			0.0310726861652494	4.65780336317578e-05	0.0291152576635611
nobgs	V2_c1	4	6	emmax_simes	mvn	200	0.02	1	0	0	0			0.0310726861652494	4.65780336317578e-05	0.0291152576635611
nobgs	V2_c1	4	6	emmax_simes	spatial	200	0.425	5	0	0	0			0.0310726861652494	4.65780336317578e-05	0.0291152576635611
nobgs	V2_c1	4	7	emmax_consensus	group	200	0.195	4	1	1	0	0.195	0	0.0338838573982708	3.32525774442711e-05	0.029087207203765
nobgs	V2_c1	4	7	emmax_consensus	mvn	200	0.085	2	1	1	0	0.085	0	0.0338838573982708	3.32525774442711e-05	0.029087207203765
nobgs	V2_c1	4	7	emmax_consensus	spatial	200	0.09	1	1	1	0	0.09	0	0.0338838573982708	3.32525774442711e-05	0.029087207203765
nobgs	V2_c1	4	7	emmax_simes	group	200	0.135	2	1	1	0	0.135	0	0.0338838573982708	3.32525774442711e-05	0.029087207203765
nobgs	V2_c1	4	7	emmax_simes	mvn	200	0.07	2	1	1	0	0.07	0	0.0338838573982708	3.32525774442711e-05	0.029087207203765
nobgs	V2_c1	4	7	emmax_simes	spatial	200	0.14	2	1	1	0	0.14	0	0.0338838573982708	3.32525774442711e-05	0.029087207203765
nobgs	V2_c1	4	8	emmax_consensus	group	200	0.975	6	2	1	1	0.4875	0.5	0.0458092267614328	3.44615418108814e-05	0.0293633782929357
nobgs	V2_c1	4	8	emmax_consensus	mvn	200	0.08	2	2	1	1	0.04	0.5	0.0458092267614328	3.44615418108814e-05	0.0293633782929357
nobgs	V2_c1	4	8	emmax_consensus	spatial	200	0.17	4	2	1	1	0.085	0.5	0.0458092267614328	3.44615418108814e-05	0.0293633782929357
nobgs	V2_c1	4	8	emmax_simes	group	200	0.68	7	0	0	0			0.0458092267614328	3.44615418108814e-05	0.0293633782929357
nobgs	V2_c1	4	8	emmax_simes	mvn	200	0.095	2	0	0	0			0.0458092267614328	3.44615418108814e-05	0.0293633782929357
nobgs	V2_c1	4	8	emmax_simes	spatial	200	0.195	2	0	0	0			0.0458092267614328	3.44615418108814e-05	0.0293633782929357
nobgs	V2_c1	4	9	emmax_consensus	group	200	0.015	1	0	0	0			0.0399489709814867	4.35323408145604e-05	0.0321428571428572
nobgs	V2_c1	4	9	emmax_consensus	mvn	200	0.015	1	0	0	0			0.0399489709814867	4.35323408145604e-05	0.0321428571428572
nobgs	V2_c1	4	9	emmax_consensus	spatial	200	0.015	1	0	0	0			0.0399489709814867	4.35323408145604e-05	0.0321428571428572
nobgs	V2_c1	4	9	emmax_simes	group	200	0.04	1	0	0	0			0.0399489709814867	4.35323408145604e-05	0.0321428571428572
nobgs	V2_c1	4	9	emmax_simes	mvn	200	0.035	1	0	0	0			0.0399489709814867	4.35323408145604e-05	0.0321428571428572
nobgs	V2_c1	4	9	emmax_simes	spatial	200	0.01	1	0	0	0			0.0399489709814867	4.35323408145604e-05	0.0321428571428572
nobgs	V2_c1	4	10	emmax_consensus	group	200	0.91	4	0	0	0			0.044060417109522	3.96483278292871e-05	0.0306250132899767
nobgs	V2_c1	4	10	emmax_consensus	mvn	200	0.065	2	0	0	0			0.044060417109522	3.96483278292871e-05	0.0306250132899767
nobgs	V2_c1	4	10	emmax_consensus	spatial	200	0.22	3	0	0	0			0.044060417109522	3.96483278292871e-05	0.0306250132899767
nobgs	V2_c1	4	10	emmax_simes	group	200	1.075	6	0	0	0			0.044060417109522	3.96483278292871e-05	0.0306250132899767
nobgs	V2_c1	4	10	emmax_simes	mvn	200	0.04	2	0	0	0			0.044060417109522	3.96483278292871e-05	0.0306250132899767
nobgs	V2_c1	4	10	emmax_simes	spatial	200	0.245	4	0	0	0			0.044060417109522	3.96483278292871e-05	0.0306250132899767
nobgs	V2_c1	5	1	emmax_consensus	group	200	0.075	3	0	0	0			0.0415216004389397	2.26985413144892e-05	0.0291176295952281
nobgs	V2_c1	5	1	emmax_consensus	mvn	200	0.035	1	0	0	0			0.0415216004389397	2.26985413144892e-05	0.0291176295952281
nobgs	V2_c1	5	1	emmax_consensus	spatial	200	0.075	2	0	0	0			0.0415216004389397	2.26985413144892e-05	0.0291176295952281
nobgs	V2_c1	5	1	emmax_simes	group	200	0.075	3	0	0	0			0.0415216004389397	2.26985413144892e-05	0.0291176295952281
nobgs	V2_c1	5	1	emmax_simes	mvn	200	0.03	1	0	0	0			0.0415216004389397	2.26985413144892e-05	0.0291176295952281
nobgs	V2_c1	5	1	emmax_simes	spatial	200	0.145	2	0	0	0			0.0415216004389397	2.26985413144892e-05	0.0291176295952281
nobgs	V2_c1	5	2	emmax_consensus	group	200	0.795	6	2	1	1	0.3975	0.5	0.039780487501766	2.57603160151085e-05	0.0291839554180366
nobgs	V2_c1	5	2	emmax_consensus	mvn	200	0.04	1	2	1	1	0.02	0.5	0.039780487501766	2.57603160151085e-05	0.0291839554180366
nobgs	V2_c1	5	2	emmax_consensus	spatial	200	0.285	4	2	1	1	0.1425	0.5	0.039780487501766	2.57603160151085e-05	0.0291839554180366
nobgs	V2_c1	5	2	emmax_simes	group	200	0.665	4	4	1	3	0.16625	0.75	0.039780487501766	2.57603160151085e-05	0.0291839554180366
nobgs	V2_c1	5	2	emmax_simes	mvn	200	0.035	1	4	1	3	0.00875	0.75	0.039780487501766	2.57603160151085e-05	0.0291839554180366
nobgs	V2_c1	5	2	emmax_simes	spatial	200	0.145	3	4	1	3	0.03625	0.75	0.039780487501766	2.57603160151085e-05	0.0291839554180366
nobgs	V2_c1	5	3	emmax_consensus	group	200	0.095	3	0	0	0			0.0398620524224804	2.62680503786204e-05	0.0304001516248511
nobgs	V2_c1	5	3	emmax_consensus	mvn	200	0.055	2	0	0	0			0.0398620524224804	2.62680503786204e-05	0.0304001516248511
nobgs	V2_c1	5	3	emmax_consensus	spatial	200	0.705	7	0	0	0			0.0398620524224804	2.62680503786204e-05	0.0304001516248511
nobgs	V2_c1	5	3	emmax_simes	group	200	0.02	1	0	0	0			0.0398620524224804	2.62680503786204e-05	0.0304001516248511
nobgs	V2_c1	5	3	emmax_simes	mvn	200	0.045	1	0	0	0			0.0398620524224804	2.62680503786204e-05	0.0304001516248511
nobgs	V2_c1	5	3	emmax_simes	spatial	200	0.765	6	0	0	0			0.0398620524224804	2.62680503786204e-05	0.0304001516248511
nobgs	V2_c1	5	4	emmax_consensus	group	200	2.02	6	1	1	0	2.02	0	0.0472178792049808	2.56612763437087e-05	0.0349243720165438
nobgs	V2_c1	5	4	emmax_consensus	mvn	200	0.075	2	1	1	0	0.075	0	0.0472178792049808	2.56612763437087e-05	0.0349243720165438
nobgs	V2_c1	5	4	emmax_consensus	spatial	200	0.02	2	1	1	0	0.02	0	0.0472178792049808	2.56612763437087e-05	0.0349243720165438
nobgs	V2_c1	5	4	emmax_simes	group	200	2.195	6	1	1	0	2.195	0	0.0472178792049808	2.56612763437087e-05	0.0349243720165438
nobgs	V2_c1	5	4	emmax_simes	mvn	200	0.045	1	1	1	0	0.045	0	0.0472178792049808	2.56612763437087e-05	0.0349243720165438
nobgs	V2_c1	5	4	emmax_simes	spatial	200	0.02	2	1	1	0	0.02	0	0.0472178792049808	2.56612763437087e-05	0.0349243720165438
nobgs	V2_c1	5	5	emmax_consensus	group	200	0.62	3	1	1	0	0.62	0	0.0446929078722198	2.09935185765115e-05	0.0295128516217709
nobgs	V2_c1	5	5	emmax_consensus	mvn	200	0.07	2	1	1	0	0.07	0	0.0446929078722198	2.09935185765115e-05	0.0295128516217709
nobgs	V2_c1	5	5	emmax_consensus	spatial	200	0.05	2	1	1	0	0.05	0	0.0446929078722198	2.09935185765115e-05	0.0295128516217709
nobgs	V2_c1	5	5	emmax_simes	group	200	0.615	3	1	1	0	0.615	0	0.0446929078722198	2.09935185765115e-05	0.0295128516217709
nobgs	V2_c1	5	5	emmax_simes	mvn	200	0.09	2	1	1	0	0.09	0	0.0446929078722198	2.09935185765115e-05	0.0295128516217709
nobgs	V2_c1	5	5	emmax_simes	spatial	200	0.1	2	1	1	0	0.1	0	0.0446929078722198	2.09935185765115e-05	0.0295128516217709
nobgs	V2_c1	5	6	emmax_consensus	group	200	0.99	5	0	0	0			0.0418234009220481	2.11740020916271e-05	0.0331384015594542
nobgs	V2_c1	5	6	emmax_consensus	mvn	200	0.07	2	0	0	0			0.0418234009220481	2.11740020916271e-05	0.0331384015594542
nobgs	V2_c1	5	6	emmax_consensus	spatial	200	0.085	2	0	0	0			0.0418234009220481	2.11740020916271e-05	0.0331384015594542
nobgs	V2_c1	5	6	emmax_simes	group	200	0.8	5	0	0	0			0.0418234009220481	2.11740020916271e-05	0.0331384015594542
nobgs	V2_c1	5	6	emmax_simes	mvn	200	0.065	2	0	0	0			0.0418234009220481	2.11740020916271e-05	0.0331384015594542
nobgs	V2_c1	5	6	emmax_simes	spatial	200	0.115	2	0	0	0			0.0418234009220481	2.11740020916271e-05	0.0331384015594542
nobgs	V2_c1	5	7	emmax_consensus	group	200	0.715	3	1	1	0	0.715	0	0.0397708717888973	2.57902095024031e-05	0.0333907717183898
nobgs	V2_c1	5	7	emmax_consensus	mvn	200	0.045	2	1	1	0	0.045	0	0.0397708717888973	2.57902095024031e-05	0.0333907717183898
nobgs	V2_c1	5	7	emmax_consensus	spatial	200	0.385	3	1	1	0	0.385	0	0.0397708717888973	2.57902095024031e-05	0.0333907717183898
nobgs	V2_c1	5	7	emmax_simes	group	200	0.68	3	1	1	0	0.68	0	0.0397708717888973	2.57902095024031e-05	0.0333907717183898
nobgs	V2_c1	5	7	emmax_simes	mvn	200	0.035	2	1	1	0	0.035	0	0.0397708717888973	2.57902095024031e-05	0.0333907717183898
nobgs	V2_c1	5	7	emmax_simes	spatial	200	0.49	5	1	1	0	0.49	0	0.0397708717888973	2.57902095024031e-05	0.0333907717183898
nobgs	V2_c1	5	8	emmax_consensus	group	200	0.24	3	0	0	0			0.0343612203104904	1.92252795697415e-05	0.0294032594498003
nobgs	V2_c1	5	8	emmax_consensus	mvn	200	0.055	1	0	0	0			0.0343612203104904	1.92252795697415e-05	0.0294032594498003
nobgs	V2_c1	5	8	emmax_consensus	spatial	200	0.3	3	0	0	0			0.0343612203104904	1.92252795697415e-05	0.0294032594498003
nobgs	V2_c1	5	8	emmax_simes	group	200	0.22	3	0	0	0			0.0343612203104904	1.92252795697415e-05	0.0294032594498003
nobgs	V2_c1	5	8	emmax_simes	mvn	200	0.035	1	0	0	0			0.0343612203104904	1.92252795697415e-05	0.0294032594498003
nobgs	V2_c1	5	8	emmax_simes	spatial	200	0.195	2	0	0	0			0.0343612203104904	1.92252795697415e-05	0.0294032594498003
nobgs	V2_c1	5	9	emmax_consensus	group	200	0.025	2	0	0	0			0.0355731745858874	2.50222127536811e-05	0.0307023392362561
nobgs	V2_c1	5	9	emmax_consensus	mvn	200	0.085	2	0	0	0			0.0355731745858874	2.50222127536811e-05	0.0307023392362561
nobgs	V2_c1	5	9	emmax_consensus	spatial	200	0.06	2	0	0	0			0.0355731745858874	2.50222127536811e-05	0.0307023392362561
nobgs	V2_c1	5	9	emmax_simes	group	200	0.09	2	0	0	0			0.0355731745858874	2.50222127536811e-05	0.0307023392362561
nobgs	V2_c1	5	9	emmax_simes	mvn	200	0.055	2	0	0	0			0.0355731745858874	2.50222127536811e-05	0.0307023392362561
nobgs	V2_c1	5	9	emmax_simes	spatial	200	0.03	2	0	0	0			0.0355731745858874	2.50222127536811e-05	0.0307023392362561
nobgs	V2_c1	5	10	emmax_consensus	group	200	0.63	3	1	0	1	0.63	1	0.0448715748709346	2.58053087747808e-05	0.0305503214364886
nobgs	V2_c1	5	10	emmax_consensus	mvn	200	0.055	2	1	0	1	0.055	1	0.0448715748709346	2.58053087747808e-05	0.0305503214364886
nobgs	V2_c1	5	10	emmax_consensus	spatial	200	0.51	3	1	0	1	0.51	1	0.0448715748709346	2.58053087747808e-05	0.0305503214364886
nobgs	V2_c1	5	10	emmax_simes	group	200	0.535	3	1	0	1	0.535	1	0.0448715748709346	2.58053087747808e-05	0.0305503214364886
nobgs	V2_c1	5	10	emmax_simes	mvn	200	0.065	2	1	0	1	0.065	1	0.0448715748709346	2.58053087747808e-05	0.0305503214364886
nobgs	V2_c1	5	10	emmax_simes	spatial	200	0.315	4	1	0	1	0.315	1	0.0448715748709346	2.58053087747808e-05	0.0305503214364886
nobgs	V2_c1	6	1	emmax_consensus	group	200	0.05	3	0	0	0			0.0416183106117232	2.97720490832164e-05	0.0288797621282924
nobgs	V2_c1	6	1	emmax_consensus	mvn	200	0.05	1	0	0	0			0.0416183106117232	2.97720490832164e-05	0.0288797621282924
nobgs	V2_c1	6	1	emmax_consensus	spatial	200	0.23	3	0	0	0			0.0416183106117232	2.97720490832164e-05	0.0288797621282924
nobgs	V2_c1	6	1	emmax_simes	group	200	0.12	2	0	0	0			0.0416183106117232	2.97720490832164e-05	0.0288797621282924
nobgs	V2_c1	6	1	emmax_simes	mvn	200	0.04	1	0	0	0			0.0416183106117232	2.97720490832164e-05	0.0288797621282924
nobgs	V2_c1	6	1	emmax_simes	spatial	200	0.28	5	0	0	0			0.0416183106117232	2.97720490832164e-05	0.0288797621282924
nobgs	V2_c1	6	2	emmax_consensus	group	200	1.99	6	5	2	3	0.398	0.6	0.0413833169561023	2.77337355646383e-05	0.0303837361564241
nobgs	V2_c1	6	2	emmax_consensus	mvn	200	0.035	1	5	2	3	0.007	0.6	0.0413833169561023	2.77337355646383e-05	0.0303837361564241
nobgs	V2_c1	6	2	emmax_consensus	spatial	200	0.295	7	5	2	3	0.059	0.6	0.0413833169561023	2.77337355646383e-05	0.0303837361564241
nobgs	V2_c1	6	2	emmax_simes	group	200	1.51	6	2	1	1	0.755	0.5	0.0413833169561023	2.77337355646383e-05	0.0303837361564241
nobgs	V2_c1	6	2	emmax_simes	mvn	200	0.04	1	2	1	1	0.02	0.5	0.0413833169561023	2.77337355646383e-05	0.0303837361564241
nobgs	V2_c1	6	2	emmax_simes	spatial	200	0.21	4	2	1	1	0.105	0.5	0.0413833169561023	2.77337355646383e-05	0.0303837361564241
nobgs	V2_c1	6	3	emmax_consensus	group	200	0.3	2	1	1	0	0.3	0	0.0450570990625381	2.4386575423509e-05	0.0288622126822393
nobgs	V2_c1	6	3	emmax_consensus	mvn	200	0.025	1	1	1	0	0.025	0	0.0450570990625381	2.4386575423509e-05	0.0288622126822393
nobgs	V2_c1	6	3	emmax_consensus	spatial	200	0.04	1	1	1	0	0.04	0	0.0450570990625381	2.4386575423509e-05	0.0288622126822393
nobgs	V2_c1	6	3	emmax_simes	group	200	0.435	4	1	1	0	0.435	0	0.0450570990625381	2.4386575423509e-05	0.0288622126822393
nobgs	V2_c1	6	3	emmax_simes	mvn	200	0.025	1	1	1	0	0.025	0	0.0450570990625381	2.4386575423509e-05	0.0288622126822393
nobgs	V2_c1	6	3	emmax_simes	spatial	200	0.035	2	1	1	0	0.035	0	0.0450570990625381	2.4386575423509e-05	0.0288622126822393
nobgs	V2_c1	6	4	emmax_consensus	group	200	0.07	2	0	0	0			0.040965382267448	2.76168025317576e-05	0.0290391226297322
nobgs	V2_c1	6	4	emmax_consensus	mvn	200	0.055	1	0	0	0			0.040965382267448	2.76168025317576e-05	0.0290391226297322
nobgs	V2_c1	6	4	emmax_consensus	spatial	200	0.16	2	0	0	0			0.040965382267448	2.76168025317576e-05	0.0290391226297322
nobgs	V2_c1	6	4	emmax_simes	group	200	0.055	2	0	0	0			0.040965382267448	2.76168025317576e-05	0.0290391226297322
nobgs	V2_c1	6	4	emmax_simes	mvn	200	0.045	1	0	0	0			0.040965382267448	2.76168025317576e-05	0.0290391226297322
nobgs	V2_c1	6	4	emmax_simes	spatial	200	0.105	1	0	0	0			0.040965382267448	2.76168025317576e-05	0.0290391226297322
nobgs	V2_c1	6	5	emmax_consensus	group	200	1.03	3	1	1	0	1.03	0	0.0465816597038458	2.97628327374532e-05	0.0298515464319482
nobgs	V2_c1	6	5	emmax_consensus	mvn	200	0.055	2	1	1	0	0.055	0	0.0465816597038458	2.97628327374532e-05	0.0298515464319482
nobgs	V2_c1	6	5	emmax_consensus	spatial	200	0.125	3	1	1	0	0.125	0	0.0465816597038458	2.97628327374532e-05	0.0298515464319482
nobgs	V2_c1	6	5	emmax_simes	group	200	1.01	3	1	1	0	1.01	0	0.0465816597038458	2.97628327374532e-05	0.0298515464319482
nobgs	V2_c1	6	5	emmax_simes	mvn	200	0.04	2	1	1	0	0.04	0	0.0465816597038458	2.97628327374532e-05	0.0298515464319482
nobgs	V2_c1	6	5	emmax_simes	spatial	200	0.06	2	1	1	0	0.06	0	0.0465816597038458	2.97628327374532e-05	0.0298515464319482
nobgs	V2_c1	6	6	emmax_consensus	group	200	0.62	4	0	0	0			0.0367633277645618	2.75385541018182e-05	0.0301059930001493
nobgs	V2_c1	6	6	emmax_consensus	mvn	200	0.06	1	0	0	0			0.0367633277645618	2.75385541018182e-05	0.0301059930001493
nobgs	V2_c1	6	6	emmax_consensus	spatial	200	0.19	3	0	0	0			0.0367633277645618	2.75385541018182e-05	0.0301059930001493
nobgs	V2_c1	6	6	emmax_simes	group	200	0.495	4	0	0	0			0.0367633277645618	2.75385541018182e-05	0.0301059930001493
nobgs	V2_c1	6	6	emmax_simes	mvn	200	0.04	2	0	0	0			0.0367633277645618	2.75385541018182e-05	0.0301059930001493
nobgs	V2_c1	6	6	emmax_simes	spatial	200	0.07	3	0	0	0			0.0367633277645618	2.75385541018182e-05	0.0301059930001493
nobgs	V2_c1	6	7	emmax_consensus	group	200	0.11	3	0	0	0			0.0373212821088215	2.87089533285281e-05	0.029051971976968
nobgs	V2_c1	6	7	emmax_consensus	mvn	200	0.065	2	0	0	0			0.0373212821088215	2.87089533285281e-05	0.029051971976968
nobgs	V2_c1	6	7	emmax_consensus	spatial	200	0.175	2	0	0	0			0.0373212821088215	2.87089533285281e-05	0.029051971976968
nobgs	V2_c1	6	7	emmax_simes	group	200	0.095	1	0	0	0			0.0373212821088215	2.87089533285281e-05	0.029051971976968
nobgs	V2_c1	6	7	emmax_simes	mvn	200	0.035	1	0	0	0			0.0373212821088215	2.87089533285281e-05	0.029051971976968
nobgs	V2_c1	6	7	emmax_simes	spatial	200	0.26	3	0	0	0			0.0373212821088215	2.87089533285281e-05	0.029051971976968
nobgs	V2_c1	6	8	emmax_consensus	group	200	1.31	4	2	2	0	0.655	0	0.0377064393825901	2.46088396506157e-05	0.0311864661023427
nobgs	V2_c1	6	8	emmax_consensus	mvn	200	0.075	2	2	2	0	0.0375	0	0.0377064393825901	2.46088396506157e-05	0.0311864661023427
nobgs	V2_c1	6	8	emmax_consensus	spatial	200	0.175	3	2	2	0	0.0875	0	0.0377064393825901	2.46088396506157e-05	0.0311864661023427
nobgs	V2_c1	6	8	emmax_simes	group	200	1.845	6	2	2	0	0.9225	0	0.0377064393825901	2.46088396506157e-05	0.0311864661023427
nobgs	V2_c1	6	8	emmax_simes	mvn	200	0.055	2	2	2	0	0.0275	0	0.0377064393825901	2.46088396506157e-05	0.0311864661023427
nobgs	V2_c1	6	8	emmax_simes	spatial	200	0.15	3	2	2	0	0.075	0	0.0377064393825901	2.46088396506157e-05	0.0311864661023427
nobgs	V2_c1	6	9	emmax_consensus	group	200	0.04	1	0	0	0			0.0368728519619624	2.76153755173957e-05	0.0310411201691521
nobgs	V2_c1	6	9	emmax_consensus	mvn	200	0.05	1	0	0	0			0.0368728519619624	2.76153755173957e-05	0.0310411201691521
nobgs	V2_c1	6	9	emmax_consensus	spatial	200	0.3	4	0	0	0			0.0368728519619624	2.76153755173957e-05	0.0310411201691521
nobgs	V2_c1	6	9	emmax_simes	group	200	0.035	1	0	0	0			0.0368728519619624	2.76153755173957e-05	0.0310411201691521
nobgs	V2_c1	6	9	emmax_simes	mvn	200	0.055	2	0	0	0			0.0368728519619624	2.76153755173957e-05	0.0310411201691521
nobgs	V2_c1	6	9	emmax_simes	spatial	200	0.105	3	0	0	0			0.0368728519619624	2.76153755173957e-05	0.0310411201691521
nobgs	V2_c1	6	10	emmax_consensus	group	200	0.675	4	0	0	0			0.0346611411457667	2.79487565093223e-05	0.0289461927056102
nobgs	V2_c1	6	10	emmax_consensus	mvn	200	0.03	2	0	0	0			0.0346611411457667	2.79487565093223e-05	0.0289461927056102
nobgs	V2_c1	6	10	emmax_consensus	spatial	200	0.18	3	0	0	0			0.0346611411457667	2.79487565093223e-05	0.0289461927056102
nobgs	V2_c1	6	10	emmax_simes	group	200	0.36	4	0	0	0			0.0346611411457667	2.79487565093223e-05	0.0289461927056102
nobgs	V2_c1	6	10	emmax_simes	mvn	200	0.04	2	0	0	0			0.0346611411457667	2.79487565093223e-05	0.0289461927056102
nobgs	V2_c1	6	10	emmax_simes	spatial	200	0.315	3	0	0	0			0.0346611411457667	2.79487565093223e-05	0.0289461927056102
nobgs	V2_c1.5	1	1	emmax_consensus	group	200	0.26	3	0	0	0			0.256292505694906		
nobgs	V2_c1.5	1	1	emmax_consensus	mvn	200	0.045	2	0	0	0			0.256292505694906		
nobgs	V2_c1.5	1	1	emmax_consensus	spatial	200	6.62	41	0	0	0			0.256292505694906		
nobgs	V2_c1.5	1	1	emmax_simes	group	200	0.2	4	0	0	0			0.256292505694906		
nobgs	V2_c1.5	1	1	emmax_simes	mvn	200	0.05	1	0	0	0			0.256292505694906		
nobgs	V2_c1.5	1	1	emmax_simes	spatial	200	3.82	27	0	0	0			0.256292505694906		
nobgs	V2_c1.5	1	2	emmax_consensus	group	200	3.63	10	2	0	2	1.815	1	0.259641506474372		
nobgs	V2_c1.5	1	2	emmax_consensus	mvn	200	0.04	1	2	0	2	0.02	1	0.259641506474372		
nobgs	V2_c1.5	1	2	emmax_consensus	spatial	200	11.845	59	2	0	2	5.9225	1	0.259641506474372		
nobgs	V2_c1.5	1	2	emmax_simes	group	200	2.93	10	3	0	3	0.976666666666667	1	0.259641506474372		
nobgs	V2_c1.5	1	2	emmax_simes	mvn	200	0.04	1	3	0	3	0.0133333333333333	1	0.259641506474372		
nobgs	V2_c1.5	1	2	emmax_simes	spatial	200	8.775	55	3	0	3	2.925	1	0.259641506474372		
nobgs	V2_c1.5	1	3	emmax_consensus	group	200	0.555	8	1	1	0	0.555	0	0.273296736405346		
nobgs	V2_c1.5	1	3	emmax_consensus	mvn	200	0.035	1	1	1	0	0.035	0	0.273296736405346		
nobgs	V2_c1.5	1	3	emmax_consensus	spatial	200	7.385	45	1	1	0	7.385	0	0.273296736405346		
nobgs	V2_c1.5	1	3	emmax_simes	group	200	0.37	4	0	0	0			0.273296736405346		
nobgs	V2_c1.5	1	3	emmax_simes	mvn	200	0.035	1	0	0	0			0.273296736405346		
nobgs	V2_c1.5	1	3	emmax_simes	spatial	200	5.27	41	0	0	0			0.273296736405346		
nobgs	V2_c1.5	1	4	emmax_consensus	group	200	0.06	2	0	0	0			0.248548657941349		
nobgs	V2_c1.5	1	4	emmax_consensus	mvn	200	0.075	3	0	0	0			0.248548657941349		
nobgs	V2_c1.5	1	4	emmax_consensus	spatial	200	6.735	35	0	0	0			0.248548657941349		
nobgs	V2_c1.5	1	4	emmax_simes	group	200	0.055	1	0	0	0			0.248548657941349		
nobgs	V2_c1.5	1	4	emmax_simes	mvn	200	0.02	1	0	0	0			0.248548657941349		
nobgs	V2_c1.5	1	4	emmax_simes	spatial	200	4.555	27	0	0	0			0.248548657941349		
nobgs	V2_c1.5	1	5	emmax_consensus	group	200	1.365	8	0	0	0			0.253477740898908		
nobgs	V2_c1.5	1	5	emmax_consensus	mvn	200	0.07	3	0	0	0			0.253477740898908		
nobgs	V2_c1.5	1	5	emmax_consensus	spatial	200	8.155	36	0	0	0			0.253477740898908		
nobgs	V2_c1.5	1	5	emmax_simes	group	200	1.22	9	2	0	2	0.61	1	0.253477740898908		
nobgs	V2_c1.5	1	5	emmax_simes	mvn	200	0.055	2	2	0	2	0.0275	1	0.253477740898908		
nobgs	V2_c1.5	1	5	emmax_simes	spatial	200	5.66	34	2	0	2	2.83	1	0.253477740898908		
nobgs	V2_c1.5	1	6	emmax_consensus	group	200	4.915	14	10	1	9	0.4915	0.9	0.265093349060497		
nobgs	V2_c1.5	1	6	emmax_consensus	mvn	200	0.06	2	10	1	9	0.006	0.9	0.265093349060497		
nobgs	V2_c1.5	1	6	emmax_consensus	spatial	200	11.135	50	10	1	9	1.1135	0.9	0.265093349060497		
nobgs	V2_c1.5	1	6	emmax_simes	group	200	5.805	16	3	1	2	1.935	0.666666666666667	0.265093349060497		
nobgs	V2_c1.5	1	6	emmax_simes	mvn	200	0.075	2	3	1	2	0.025	0.666666666666667	0.265093349060497		
nobgs	V2_c1.5	1	6	emmax_simes	spatial	200	7.65	41	3	1	2	2.55	0.666666666666667	0.265093349060497		
nobgs	V2_c1.5	1	7	emmax_consensus	group	200	0.795	6	1	1	0	0.795	0	0.265709641887391		
nobgs	V2_c1.5	1	7	emmax_consensus	mvn	200	0.065	2	1	1	0	0.065	0	0.265709641887391		
nobgs	V2_c1.5	1	7	emmax_consensus	spatial	200	11.575	51	1	1	0	11.575	0	0.265709641887391		
nobgs	V2_c1.5	1	7	emmax_simes	group	200	0.585	5	1	1	0	0.585	0	0.265709641887391		
nobgs	V2_c1.5	1	7	emmax_simes	mvn	200	0.065	2	1	1	0	0.065	0	0.265709641887391		
nobgs	V2_c1.5	1	7	emmax_simes	spatial	200	8.135	43	1	1	0	8.135	0	0.265709641887391		
nobgs	V2_c1.5	1	8	emmax_consensus	group	200	2.265	10	4	0	4	0.56625	1	0.265606365753388		
nobgs	V2_c1.5	1	8	emmax_consensus	mvn	200	0.015	1	4	0	4	0.00375	1	0.265606365753388		
nobgs	V2_c1.5	1	8	emmax_consensus	spatial	200	11.2	43	4	0	4	2.8	1	0.265606365753388		
nobgs	V2_c1.5	1	8	emmax_simes	group	200	2.765	12	8	1	7	0.345625	0.875	0.265606365753388		
nobgs	V2_c1.5	1	8	emmax_simes	mvn	200	0.025	2	8	1	7	0.003125	0.875	0.265606365753388		
nobgs	V2_c1.5	1	8	emmax_simes	spatial	200	8.22	44	8	1	7	1.0275	0.875	0.265606365753388		
nobgs	V2_c1.5	1	9	emmax_consensus	group	200	0.27	3	0	0	0			0.267401198210981		
nobgs	V2_c1.5	1	9	emmax_consensus	mvn	200	0.035	2	0	0	0			0.267401198210981		
nobgs	V2_c1.5	1	9	emmax_consensus	spatial	200	8.79	50	0	0	0			0.267401198210981		
nobgs	V2_c1.5	1	9	emmax_simes	group	200	0.26	4	0	0	0			0.267401198210981		
nobgs	V2_c1.5	1	9	emmax_simes	mvn	200	0.015	1	0	0	0			0.267401198210981		
nobgs	V2_c1.5	1	9	emmax_simes	spatial	200	6.83	48	0	0	0			0.267401198210981		
nobgs	V2_c1.5	1	10	emmax_consensus	group	200	0.66	5	0	0	0			0.24502922797273		
nobgs	V2_c1.5	1	10	emmax_consensus	mvn	200	0.045	2	0	0	0			0.24502922797273		
nobgs	V2_c1.5	1	10	emmax_consensus	spatial	200	8.585	41	0	0	0			0.24502922797273		
nobgs	V2_c1.5	1	10	emmax_simes	group	200	0.51	5	0	0	0			0.24502922797273		
nobgs	V2_c1.5	1	10	emmax_simes	mvn	200	0.02	1	0	0	0			0.24502922797273		
nobgs	V2_c1.5	1	10	emmax_simes	spatial	200	6.045	43	0	0	0			0.24502922797273		
nobgs	V2_c1.5	2	1	emmax_consensus	group	200	0.295	3	0	0	0			0.25939019467502		
nobgs	V2_c1.5	2	1	emmax_consensus	mvn	200	0.04	1	0	0	0			0.25939019467502		
nobgs	V2_c1.5	2	1	emmax_consensus	spatial	200	7.49	40	0	0	0			0.25939019467502		
nobgs	V2_c1.5	2	1	emmax_simes	group	200	0.27	4	0	0	0			0.25939019467502		
nobgs	V2_c1.5	2	1	emmax_simes	mvn	200	0.04	1	0	0	0			0.25939019467502		
nobgs	V2_c1.5	2	1	emmax_simes	spatial	200	5.03	28	0	0	0			0.25939019467502		
nobgs	V2_c1.5	2	2	emmax_consensus	group	200	2.17	9	3	0	3	0.723333333333333	1	0.274580663814696		
nobgs	V2_c1.5	2	2	emmax_consensus	mvn	200	0.05	2	3	0	3	0.0166666666666667	1	0.274580663814696		
nobgs	V2_c1.5	2	2	emmax_consensus	spatial	200	8.015	42	3	0	3	2.67166666666667	1	0.274580663814696		
nobgs	V2_c1.5	2	2	emmax_simes	group	200	1.785	10	0	0	0			0.274580663814696		
nobgs	V2_c1.5	2	2	emmax_simes	mvn	200	0.065	2	0	0	0			0.274580663814696		
nobgs	V2_c1.5	2	2	emmax_simes	spatial	200	5.55	45	0	0	0			0.274580663814696		
nobgs	V2_c1.5	2	3	emmax_consensus	group	200	0.43	4	1	0	1	0.43	1	0.26438602495187		
nobgs	V2_c1.5	2	3	emmax_consensus	mvn	200	0.07	2	1	0	1	0.07	1	0.26438602495187		
nobgs	V2_c1.5	2	3	emmax_consensus	spatial	200	8.855	55	1	0	1	8.855	1	0.26438602495187		
nobgs	V2_c1.5	2	3	emmax_simes	group	200	0.48	5	2	0	2	0.24	1	0.26438602495187		
nobgs	V2_c1.5	2	3	emmax_simes	mvn	200	0.08	3	2	0	2	0.04	1	0.26438602495187		
nobgs	V2_c1.5	2	3	emmax_simes	spatial	200	6.165	43	2	0	2	3.0825	1	0.26438602495187		
nobgs	V2_c1.5	2	4	emmax_consensus	group	200	0.09	3	0	0	0			0.255315670319342		
nobgs	V2_c1.5	2	4	emmax_consensus	mvn	200	0.05	2	0	0	0			0.255315670319342		
nobgs	V2_c1.5	2	4	emmax_consensus	spatial	200	7.27	32	0	0	0			0.255315670319342		
nobgs	V2_c1.5	2	4	emmax_simes	group	200	0.06	2	0	0	0			0.255315670319342		
nobgs	V2_c1.5	2	4	emmax_simes	mvn	200	0.045	2	0	0	0			0.255315670319342		
nobgs	V2_c1.5	2	4	emmax_simes	spatial	200	5.215	29	0	0	0			0.255315670319342		
nobgs	V2_c1.5	2	5	emmax_consensus	group	200	0.73	5	2	0	2	0.365	1	0.273634655393217		
nobgs	V2_c1.5	2	5	emmax_consensus	mvn	200	0.055	2	2	0	2	0.0275	1	0.273634655393217		
nobgs	V2_c1.5	2	5	emmax_consensus	spatial	200	7.855	30	2	0	2	3.9275	1	0.273634655393217		
nobgs	V2_c1.5	2	5	emmax_simes	group	200	0.565	5	0	0	0			0.273634655393217		
nobgs	V2_c1.5	2	5	emmax_simes	mvn	200	0.055	1	0	0	0			0.273634655393217		
nobgs	V2_c1.5	2	5	emmax_simes	spatial	200	5.685	27	0	0	0			0.273634655393217		
nobgs	V2_c1.5	2	6	emmax_consensus	group	200	4.44	19	9	0	9	0.493333333333333	1	0.273379587639562		
nobgs	V2_c1.5	2	6	emmax_consensus	mvn	200	0.05	2	9	0	9	0.00555555555555556	1	0.273379587639562		
nobgs	V2_c1.5	2	6	emmax_consensus	spatial	200	6.99	41	9	0	9	0.776666666666667	1	0.273379587639562		
nobgs	V2_c1.5	2	6	emmax_simes	group	200	4.255	18	9	0	9	0.472777777777778	1	0.273379587639562		
nobgs	V2_c1.5	2	6	emmax_simes	mvn	200	0.03	1	9	0	9	0.00333333333333333	1	0.273379587639562		
nobgs	V2_c1.5	2	6	emmax_simes	spatial	200	5.38	34	9	0	9	0.597777777777778	1	0.273379587639562		
nobgs	V2_c1.5	2	7	emmax_consensus	group	200	0.525	8	3	0	3	0.175	1	0.254266441857117		
nobgs	V2_c1.5	2	7	emmax_consensus	mvn	200	0.04	1	3	0	3	0.0133333333333333	1	0.254266441857117		
nobgs	V2_c1.5	2	7	emmax_consensus	spatial	200	11.64	43	3	0	3	3.88	1	0.254266441857117		
nobgs	V2_c1.5	2	7	emmax_simes	group	200	0.38	4	1	0	1	0.38	1	0.254266441857117		
nobgs	V2_c1.5	2	7	emmax_simes	mvn	200	0.045	2	1	0	1	0.045	1	0.254266441857117		
nobgs	V2_c1.5	2	7	emmax_simes	spatial	200	9.485	39	1	0	1	9.485	1	0.254266441857117		
nobgs	V2_c1.5	2	8	emmax_consensus	group	200	1.725	20	5	0	5	0.345	1	0.278859729916963		
nobgs	V2_c1.5	2	8	emmax_consensus	mvn	200	0.06	2	5	0	5	0.012	1	0.278859729916963		
nobgs	V2_c1.5	2	8	emmax_consensus	spatial	200	8.98	44	5	0	5	1.796	1	0.278859729916963		
nobgs	V2_c1.5	2	8	emmax_simes	group	200	1.335	12	5	0	5	0.267	1	0.278859729916963		
nobgs	V2_c1.5	2	8	emmax_simes	mvn	200	0.06	1	5	0	5	0.012	1	0.278859729916963		
nobgs	V2_c1.5	2	8	emmax_simes	spatial	200	5.93	37	5	0	5	1.186	1	0.278859729916963		
nobgs	V2_c1.5	2	9	emmax_consensus	group	200	0.325	5	1	0	1	0.325	1	0.267081803535056		
nobgs	V2_c1.5	2	9	emmax_consensus	mvn	200	0.085	2	1	0	1	0.085	1	0.267081803535056		
nobgs	V2_c1.5	2	9	emmax_consensus	spatial	200	10.505	42	1	0	1	10.505	1	0.267081803535056		
nobgs	V2_c1.5	2	9	emmax_simes	group	200	0.27	3	0	0	0			0.267081803535056		
nobgs	V2_c1.5	2	9	emmax_simes	mvn	200	0.045	2	0	0	0			0.267081803535056		
nobgs	V2_c1.5	2	9	emmax_simes	spatial	200	7.43	34	0	0	0			0.267081803535056		
nobgs	V2_c1.5	2	10	emmax_consensus	group	200	0.495	6	0	0	0			0.277016643480262		
nobgs	V2_c1.5	2	10	emmax_consensus	mvn	200	0.09	3	0	0	0			0.277016643480262		
nobgs	V2_c1.5	2	10	emmax_consensus	spatial	200	7.47	43	0	0	0			0.277016643480262		
nobgs	V2_c1.5	2	10	emmax_simes	group	200	0.46	5	0	0	0			0.277016643480262		
nobgs	V2_c1.5	2	10	emmax_simes	mvn	200	0.05	1	0	0	0			0.277016643480262		
nobgs	V2_c1.5	2	10	emmax_simes	spatial	200	5.8	35	0	0	0			0.277016643480262		
nobgs	V2_c1.5	5	1	emmax_consensus	group	200	0.24	5	0	0	0			0.26413654302155		
nobgs	V2_c1.5	5	1	emmax_consensus	mvn	200	0.07	2	0	0	0			0.26413654302155		
nobgs	V2_c1.5	5	1	emmax_consensus	spatial	200	6.095	42	0	0	0			0.26413654302155		
nobgs	V2_c1.5	5	1	emmax_simes	group	200	0.15	4	1	0	1	0.15	1	0.26413654302155		
nobgs	V2_c1.5	5	1	emmax_simes	mvn	200	0.04	2	1	0	1	0.04	1	0.26413654302155		
nobgs	V2_c1.5	5	1	emmax_simes	spatial	200	4.29	33	1	0	1	4.29	1	0.26413654302155		
nobgs	V2_c1.5	5	2	emmax_consensus	group	200	3.39	12	2	0	2	1.695	1	0.275211421946424		
nobgs	V2_c1.5	5	2	emmax_consensus	mvn	200	0.055	2	2	0	2	0.0275	1	0.275211421946424		
nobgs	V2_c1.5	5	2	emmax_consensus	spatial	200	8.51	37	2	0	2	4.255	1	0.275211421946424		
nobgs	V2_c1.5	5	2	emmax_simes	group	200	2.6	10	2	0	2	1.3	1	0.275211421946424		
nobgs	V2_c1.5	5	2	emmax_simes	mvn	200	0.06	2	2	0	2	0.03	1	0.275211421946424		
nobgs	V2_c1.5	5	2	emmax_simes	spatial	200	6.575	32	2	0	2	3.2875	1	0.275211421946424		
nobgs	V2_c1.5	5	3	emmax_consensus	group	200	0.825	5	3	1	2	0.275	0.666666666666667	0.278462133865417		
nobgs	V2_c1.5	5	3	emmax_consensus	mvn	200	0.06	2	3	1	2	0.02	0.666666666666667	0.278462133865417		
nobgs	V2_c1.5	5	3	emmax_consensus	spatial	200	7.02	37	3	1	2	2.34	0.666666666666667	0.278462133865417		
nobgs	V2_c1.5	5	3	emmax_simes	group	200	0.465	4	0	0	0			0.278462133865417		
nobgs	V2_c1.5	5	3	emmax_simes	mvn	200	0.04	2	0	0	0			0.278462133865417		
nobgs	V2_c1.5	5	3	emmax_simes	spatial	200	6.405	35	0	0	0			0.278462133865417		
nobgs	V2_c1.5	5	4	emmax_consensus	group	200	0.12	2	1	0	1	0.12	1	0.256278526258154		
nobgs	V2_c1.5	5	4	emmax_consensus	mvn	200	0.04	2	1	0	1	0.04	1	0.256278526258154		
nobgs	V2_c1.5	5	4	emmax_consensus	spatial	200	4.065	32	1	0	1	4.065	1	0.256278526258154		
nobgs	V2_c1.5	5	4	emmax_simes	group	200	0.1	2	0	0	0			0.256278526258154		
nobgs	V2_c1.5	5	4	emmax_simes	mvn	200	0.045	2	0	0	0			0.256278526258154		
nobgs	V2_c1.5	5	4	emmax_simes	spatial	200	3.39	26	0	0	0			0.256278526258154		
nobgs	V2_c1.5	5	5	emmax_consensus	group	200	0.805	7	1	0	1	0.805	1	0.263635823829688		
nobgs	V2_c1.5	5	5	emmax_consensus	mvn	200	0.055	2	1	0	1	0.055	1	0.263635823829688		
nobgs	V2_c1.5	5	5	emmax_consensus	spatial	200	8.17	44	1	0	1	8.17	1	0.263635823829688		
nobgs	V2_c1.5	5	5	emmax_simes	group	200	0.81	5	0	0	0			0.263635823829688		
nobgs	V2_c1.5	5	5	emmax_simes	mvn	200	0.055	3	0	0	0			0.263635823829688		
nobgs	V2_c1.5	5	5	emmax_simes	spatial	200	5.785	33	0	0	0			0.263635823829688		
nobgs	V2_c1.5	5	6	emmax_consensus	group	200	4.19	13	2	0	2	2.095	1	0.255241174273897		
nobgs	V2_c1.5	5	6	emmax_consensus	mvn	200	0.065	2	2	0	2	0.0325	1	0.255241174273897		
nobgs	V2_c1.5	5	6	emmax_consensus	spatial	200	9.105	47	2	0	2	4.5525	1	0.255241174273897		
nobgs	V2_c1.5	5	6	emmax_simes	group	200	4.03	14	1	0	1	4.03	1	0.255241174273897		
nobgs	V2_c1.5	5	6	emmax_simes	mvn	200	0.08	2	1	0	1	0.08	1	0.255241174273897		
nobgs	V2_c1.5	5	6	emmax_simes	spatial	200	6.69	45	1	0	1	6.69	1	0.255241174273897		
nobgs	V2_c1.5	5	7	emmax_consensus	group	200	0.83	4	0	0	0			0.254518182621894		
nobgs	V2_c1.5	5	7	emmax_consensus	mvn	200	0.03	2	0	0	0			0.254518182621894		
nobgs	V2_c1.5	5	7	emmax_consensus	spatial	200	9.06	42	0	0	0			0.254518182621894		
nobgs	V2_c1.5	5	7	emmax_simes	group	200	0.5	5	0	0	0			0.254518182621894		
nobgs	V2_c1.5	5	7	emmax_simes	mvn	200	0.03	1	0	0	0			0.254518182621894		
nobgs	V2_c1.5	5	7	emmax_simes	spatial	200	6.685	35	0	0	0			0.254518182621894		
nobgs	V2_c1.5	5	8	emmax_consensus	group	200	2.94	12	7	0	7	0.42	1	0.244073992592461		
nobgs	V2_c1.5	5	8	emmax_consensus	mvn	200	0.095	3	7	0	7	0.0135714285714286	1	0.244073992592461		
nobgs	V2_c1.5	5	8	emmax_consensus	spatial	200	9.425	52	7	0	7	1.34642857142857	1	0.244073992592461		
nobgs	V2_c1.5	5	8	emmax_simes	group	200	2.825	11	8	0	8	0.353125	1	0.244073992592461		
nobgs	V2_c1.5	5	8	emmax_simes	mvn	200	0.08	3	8	0	8	0.01	1	0.244073992592461		
nobgs	V2_c1.5	5	8	emmax_simes	spatial	200	6.105	55	8	0	8	0.763125	1	0.244073992592461		
nobgs	V2_c1.5	5	9	emmax_consensus	group	200	0.49	5	0	0	0			0.247066844477901		
nobgs	V2_c1.5	5	9	emmax_consensus	mvn	200	0.055	2	0	0	0			0.247066844477901		
nobgs	V2_c1.5	5	9	emmax_consensus	spatial	200	5.49	31	0	0	0			0.247066844477901		
nobgs	V2_c1.5	5	9	emmax_simes	group	200	0.42	5	0	0	0			0.247066844477901		
nobgs	V2_c1.5	5	9	emmax_simes	mvn	200	0.035	1	0	0	0			0.247066844477901		
nobgs	V2_c1.5	5	9	emmax_simes	spatial	200	3.62	29	0	0	0			0.247066844477901		
nobgs	V2_c1.5	5	10	emmax_consensus	group	200	0.67	4	1	0	1	0.67	1	0.267996808183294		
nobgs	V2_c1.5	5	10	emmax_consensus	mvn	200	0.095	3	1	0	1	0.095	1	0.267996808183294		
nobgs	V2_c1.5	5	10	emmax_consensus	spatial	200	7.635	42	1	0	1	7.635	1	0.267996808183294		
nobgs	V2_c1.5	5	10	emmax_simes	group	200	0.59	4	0	0	0			0.267996808183294		
nobgs	V2_c1.5	5	10	emmax_simes	mvn	200	0.04	1	0	0	0			0.267996808183294		
nobgs	V2_c1.5	5	10	emmax_simes	spatial	200	4.885	29	0	0	0			0.267996808183294		
nobgs	V2_c1.5	8	1	emmax_consensus	group	200	0.295	3	1	0	1	0.295	1	0.258611523845593		
nobgs	V2_c1.5	8	1	emmax_consensus	mvn	200	0.075	2	1	0	1	0.075	1	0.258611523845593		
nobgs	V2_c1.5	8	1	emmax_consensus	spatial	200	7.36	42	1	0	1	7.36	1	0.258611523845593		
nobgs	V2_c1.5	8	1	emmax_simes	group	200	0.5	6	3	0	3	0.166666666666667	1	0.258611523845593		
nobgs	V2_c1.5	8	1	emmax_simes	mvn	200	0.05	2	3	0	3	0.0166666666666667	1	0.258611523845593		
nobgs	V2_c1.5	8	1	emmax_simes	spatial	200	6.485	37	3	0	3	2.16166666666667	1	0.258611523845593		
nobgs	V2_c1.5	8	2	emmax_consensus	group	200	5.1	13	4	1	3	1.275	0.75	0.255067632995767		
nobgs	V2_c1.5	8	2	emmax_consensus	mvn	200	0.075	3	4	1	3	0.01875	0.75	0.255067632995767		
nobgs	V2_c1.5	8	2	emmax_consensus	spatial	200	10.75	49	4	1	3	2.6875	0.75	0.255067632995767		
nobgs	V2_c1.5	8	2	emmax_simes	group	200	3.7	12	2	1	1	1.85	0.5	0.255067632995767		
nobgs	V2_c1.5	8	2	emmax_simes	mvn	200	0.065	2	2	1	1	0.0325	0.5	0.255067632995767		
nobgs	V2_c1.5	8	2	emmax_simes	spatial	200	8.985	50	2	1	1	4.4925	0.5	0.255067632995767		
nobgs	V2_c1.5	8	3	emmax_consensus	group	200	0.39	4	1	0	1	0.39	1	0.257363361150639		
nobgs	V2_c1.5	8	3	emmax_consensus	mvn	200	0.055	2	1	0	1	0.055	1	0.257363361150639		
nobgs	V2_c1.5	8	3	emmax_consensus	spatial	200	6.53	38	1	0	1	6.53	1	0.257363361150639		
nobgs	V2_c1.5	8	3	emmax_simes	group	200	0.2	4	1	0	1	0.2	1	0.257363361150639		
nobgs	V2_c1.5	8	3	emmax_simes	mvn	200	0.045	2	1	0	1	0.045	1	0.257363361150639		
nobgs	V2_c1.5	8	3	emmax_simes	spatial	200	4.525	31	1	0	1	4.525	1	0.257363361150639		
nobgs	V2_c1.5	8	4	emmax_consensus	group	200	0.065	2	0	0	0			0.256754182898888		
nobgs	V2_c1.5	8	4	emmax_consensus	mvn	200	0.025	2	0	0	0			0.256754182898888		
nobgs	V2_c1.5	8	4	emmax_consensus	spatial	200	4.76	37	0	0	0			0.256754182898888		
nobgs	V2_c1.5	8	4	emmax_simes	group	200	0.045	2	0	0	0			0.256754182898888		
nobgs	V2_c1.5	8	4	emmax_simes	mvn	200	0.07	3	0	0	0			0.256754182898888		
nobgs	V2_c1.5	8	4	emmax_simes	spatial	200	3.295	27	0	0	0			0.256754182898888		
nobgs	V2_c1.5	8	5	emmax_consensus	group	200	1.765	9	1	0	1	1.765	1	0.277814029351017		
nobgs	V2_c1.5	8	5	emmax_consensus	mvn	200	0.055	2	1	0	1	0.055	1	0.277814029351017		
nobgs	V2_c1.5	8	5	emmax_consensus	spatial	200	11.98	47	1	0	1	11.98	1	0.277814029351017		
nobgs	V2_c1.5	8	5	emmax_simes	group	200	1.63	8	1	0	1	1.63	1	0.277814029351017		
nobgs	V2_c1.5	8	5	emmax_simes	mvn	200	0.035	1	1	0	1	0.035	1	0.277814029351017		
nobgs	V2_c1.5	8	5	emmax_simes	spatial	200	7.295	42	1	0	1	7.295	1	0.277814029351017		
nobgs	V2_c1.5	8	6	emmax_consensus	group	200	3.875	14	3	0	3	1.29166666666667	1	0.255463433600848		
nobgs	V2_c1.5	8	6	emmax_consensus	mvn	200	0.065	3	3	0	3	0.0216666666666667	1	0.255463433600848		
nobgs	V2_c1.5	8	6	emmax_consensus	spatial	200	9.915	48	3	0	3	3.305	1	0.255463433600848		
nobgs	V2_c1.5	8	6	emmax_simes	group	200	4.65	16	6	0	6	0.775	1	0.255463433600848		
nobgs	V2_c1.5	8	6	emmax_simes	mvn	200	0.05	3	6	0	6	0.00833333333333333	1	0.255463433600848		
nobgs	V2_c1.5	8	6	emmax_simes	spatial	200	7.185	41	6	0	6	1.1975	1	0.255463433600848		
nobgs	V2_c1.5	8	7	emmax_consensus	group	200	0.265	2	0	0	0			0.262879558734335		
nobgs	V2_c1.5	8	7	emmax_consensus	mvn	200	0.05	1	0	0	0			0.262879558734335		
nobgs	V2_c1.5	8	7	emmax_consensus	spatial	200	7.45	36	0	0	0			0.262879558734335		
nobgs	V2_c1.5	8	7	emmax_simes	group	200	0.2	3	0	0	0			0.262879558734335		
nobgs	V2_c1.5	8	7	emmax_simes	mvn	200	0.045	2	0	0	0			0.262879558734335		
nobgs	V2_c1.5	8	7	emmax_simes	spatial	200	6.295	35	0	0	0			0.262879558734335		
nobgs	V2_c1.5	8	8	emmax_consensus	group	200	1.68	8	4	0	4	0.42	1	0.264476527325789		
nobgs	V2_c1.5	8	8	emmax_consensus	mvn	200	0.055	2	4	0	4	0.01375	1	0.264476527325789		
nobgs	V2_c1.5	8	8	emmax_consensus	spatial	200	11.635	41	4	0	4	2.90875	1	0.264476527325789		
nobgs	V2_c1.5	8	8	emmax_simes	group	200	1.48	9	4	0	4	0.37	1	0.264476527325789		
nobgs	V2_c1.5	8	8	emmax_simes	mvn	200	0.035	2	4	0	4	0.00875	1	0.264476527325789		
nobgs	V2_c1.5	8	8	emmax_simes	spatial	200	9.52	40	4	0	4	2.38	1	0.264476527325789		
nobgs	V2_c1.5	8	9	emmax_consensus	group	200	0.395	4	1	0	1	0.395	1	0.268125400654333		
nobgs	V2_c1.5	8	9	emmax_consensus	mvn	200	0.06	1	1	0	1	0.06	1	0.268125400654333		
nobgs	V2_c1.5	8	9	emmax_consensus	spatial	200	9.3	52	1	0	1	9.3	1	0.268125400654333		
nobgs	V2_c1.5	8	9	emmax_simes	group	200	0.335	4	1	0	1	0.335	1	0.268125400654333		
nobgs	V2_c1.5	8	9	emmax_simes	mvn	200	0.06	1	1	0	1	0.06	1	0.268125400654333		
nobgs	V2_c1.5	8	9	emmax_simes	spatial	200	7.495	48	1	0	1	7.495	1	0.268125400654333		
nobgs	V2_c1.5	8	10	emmax_consensus	group	200	0.77	9	3	0	3	0.256666666666667	1	0.260243576689865		
nobgs	V2_c1.5	8	10	emmax_consensus	mvn	200	0.105	3	3	0	3	0.035	1	0.260243576689865		
nobgs	V2_c1.5	8	10	emmax_consensus	spatial	200	8.205	43	3	0	3	2.735	1	0.260243576689865		
nobgs	V2_c1.5	8	10	emmax_simes	group	200	0.665	6	3	0	3	0.221666666666667	1	0.260243576689865		
nobgs	V2_c1.5	8	10	emmax_simes	mvn	200	0.065	3	3	0	3	0.0216666666666667	1	0.260243576689865		
nobgs	V2_c1.5	8	10	emmax_simes	spatial	200	5.94	37	3	0	3	1.98	1	0.260243576689865		
nobgs	V2_c1.5	9	1	emmax_consensus	group	200	0.17	4	0	0	0			0.26025349561837		
nobgs	V2_c1.5	9	1	emmax_consensus	mvn	200	0.06	2	0	0	0			0.26025349561837		
nobgs	V2_c1.5	9	1	emmax_consensus	spatial	200	7.435	39	0	0	0			0.26025349561837		
nobgs	V2_c1.5	9	1	emmax_simes	group	200	0.11	2	0	0	0			0.26025349561837		
nobgs	V2_c1.5	9	1	emmax_simes	mvn	200	0.045	2	0	0	0			0.26025349561837		
nobgs	V2_c1.5	9	1	emmax_simes	spatial	200	5.82	27	0	0	0			0.26025349561837		
nobgs	V2_c1.5	9	2	emmax_consensus	group	200	2.16	10	0	0	0			0.270476131634846		
nobgs	V2_c1.5	9	2	emmax_consensus	mvn	200	0.07	2	0	0	0			0.270476131634846		
nobgs	V2_c1.5	9	2	emmax_consensus	spatial	200	8.54	46	0	0	0			0.270476131634846		
nobgs	V2_c1.5	9	2	emmax_simes	group	200	2.415	11	0	0	0			0.270476131634846		
nobgs	V2_c1.5	9	2	emmax_simes	mvn	200	0.04	1	0	0	0			0.270476131634846		
nobgs	V2_c1.5	9	2	emmax_simes	spatial	200	5.71	31	0	0	0			0.270476131634846		
nobgs	V2_c1.5	9	3	emmax_consensus	group	200	1.245	8	5	1	4	0.249	0.8	0.259968456793269		
nobgs	V2_c1.5	9	3	emmax_consensus	mvn	200	0.05	2	5	1	4	0.01	0.8	0.259968456793269		
nobgs	V2_c1.5	9	3	emmax_consensus	spatial	200	10.77	47	5	1	4	2.154	0.8	0.259968456793269		
nobgs	V2_c1.5	9	3	emmax_simes	group	200	0.44	5	1	0	1	0.44	1	0.259968456793269		
nobgs	V2_c1.5	9	3	emmax_simes	mvn	200	0.05	1	1	0	1	0.05	1	0.259968456793269		
nobgs	V2_c1.5	9	3	emmax_simes	spatial	200	7.765	39	1	0	1	7.765	1	0.259968456793269		
nobgs	V2_c1.5	9	4	emmax_consensus	group	200	0.185	3	0	0	0			0.25137510923125		
nobgs	V2_c1.5	9	4	emmax_consensus	mvn	200	0.055	3	0	0	0			0.25137510923125		
nobgs	V2_c1.5	9	4	emmax_consensus	spatial	200	6.78	41	0	0	0			0.25137510923125		
nobgs	V2_c1.5	9	4	emmax_simes	group	200	0.2	2	0	0	0			0.25137510923125		
nobgs	V2_c1.5	9	4	emmax_simes	mvn	200	0.04	2	0	0	0			0.25137510923125		
nobgs	V2_c1.5	9	4	emmax_simes	spatial	200	4.35	42	0	0	0			0.25137510923125		
nobgs	V2_c1.5	9	5	emmax_consensus	group	200	0.98	6	3	0	3	0.326666666666667	1	0.244022200844469		
nobgs	V2_c1.5	9	5	emmax_consensus	mvn	200	0.025	1	3	0	3	0.00833333333333333	1	0.244022200844469		
nobgs	V2_c1.5	9	5	emmax_consensus	spatial	200	11.435	45	3	0	3	3.81166666666667	1	0.244022200844469		
nobgs	V2_c1.5	9	5	emmax_simes	group	200	0.995	8	3	0	3	0.331666666666667	1	0.244022200844469		
nobgs	V2_c1.5	9	5	emmax_simes	mvn	200	0.03	1	3	0	3	0.01	1	0.244022200844469		
nobgs	V2_c1.5	9	5	emmax_simes	spatial	200	8.69	42	3	0	3	2.89666666666667	1	0.244022200844469		
nobgs	V2_c1.5	9	6	emmax_consensus	group	200	4.945	14	5	0	5	0.989	1	0.247197266841614		
nobgs	V2_c1.5	9	6	emmax_consensus	mvn	200	0.015	1	5	0	5	0.003	1	0.247197266841614		
nobgs	V2_c1.5	9	6	emmax_consensus	spatial	200	9.255	49	5	0	5	1.851	1	0.247197266841614		
nobgs	V2_c1.5	9	6	emmax_simes	group	200	5.28	16	4	0	4	1.32	1	0.247197266841614		
nobgs	V2_c1.5	9	6	emmax_simes	mvn	200	0.015	2	4	0	4	0.00375	1	0.247197266841614		
nobgs	V2_c1.5	9	6	emmax_simes	spatial	200	7.095	44	4	0	4	1.77375	1	0.247197266841614		
nobgs	V2_c1.5	9	7	emmax_consensus	group	200	0.635	5	4	1	3	0.15875	0.75	0.258900459276046		
nobgs	V2_c1.5	9	7	emmax_consensus	mvn	200	0.075	2	4	1	3	0.01875	0.75	0.258900459276046		
nobgs	V2_c1.5	9	7	emmax_consensus	spatial	200	9.305	42	4	1	3	2.32625	0.75	0.258900459276046		
nobgs	V2_c1.5	9	7	emmax_simes	group	200	0.77	5	3	1	2	0.256666666666667	0.666666666666667	0.258900459276046		
nobgs	V2_c1.5	9	7	emmax_simes	mvn	200	0.055	2	3	1	2	0.0183333333333333	0.666666666666667	0.258900459276046		
nobgs	V2_c1.5	9	7	emmax_simes	spatial	200	6.595	37	3	1	2	2.19833333333333	0.666666666666667	0.258900459276046		
nobgs	V2_c1.5	9	8	emmax_consensus	group	200	0.935	9	2	0	2	0.4675	1	0.249872977926967		
nobgs	V2_c1.5	9	8	emmax_consensus	mvn	200	0.035	1	2	0	2	0.0175	1	0.249872977926967		
nobgs	V2_c1.5	9	8	emmax_consensus	spatial	200	9.36	35	2	0	2	4.68	1	0.249872977926967		
nobgs	V2_c1.5	9	8	emmax_simes	group	200	0.935	7	0	0	0			0.249872977926967		
nobgs	V2_c1.5	9	8	emmax_simes	mvn	200	0.05	2	0	0	0			0.249872977926967		
nobgs	V2_c1.5	9	8	emmax_simes	spatial	200	7.21	36	0	0	0			0.249872977926967		
nobgs	V2_c1.5	9	9	emmax_consensus	group	200	0.29	3	0	0	0			0.243768116453785		
nobgs	V2_c1.5	9	9	emmax_consensus	mvn	200	0.04	1	0	0	0			0.243768116453785		
nobgs	V2_c1.5	9	9	emmax_consensus	spatial	200	6.75	40	0	0	0			0.243768116453785		
nobgs	V2_c1.5	9	9	emmax_simes	group	200	0.26	3	0	0	0			0.243768116453785		
nobgs	V2_c1.5	9	9	emmax_simes	mvn	200	0.04	1	0	0	0			0.243768116453785		
nobgs	V2_c1.5	9	9	emmax_simes	spatial	200	4.565	30	0	0	0			0.243768116453785		
nobgs	V2_c1.5	9	10	emmax_consensus	group	200	0.87	7	1	0	1	0.87	1	0.270320381313264		
nobgs	V2_c1.5	9	10	emmax_consensus	mvn	200	0.03	1	1	0	1	0.03	1	0.270320381313264		
nobgs	V2_c1.5	9	10	emmax_consensus	spatial	200	8.695	52	1	0	1	8.695	1	0.270320381313264		
nobgs	V2_c1.5	9	10	emmax_simes	group	200	1.03	6	2	0	2	0.515	1	0.270320381313264		
nobgs	V2_c1.5	9	10	emmax_simes	mvn	200	0.035	1	2	0	2	0.0175	1	0.270320381313264		
nobgs	V2_c1.5	9	10	emmax_simes	spatial	200	6.085	36	2	0	2	3.0425	1	0.270320381313264		
