target	floor	achieved_reduction	n_eligible_units	markers_per_mb	tag	cell	rep	env	combo_id	n_total_markers
0.995	4	0.95712659668648	678	280.570197984021	bgs	V0.5_c1	1	1	bgs_V0.5_c1_rep1_env1	15814
0.997	2	0.799102061464525	3177	280.570197984021	bgs	V0.5_c1	1	1	bgs_V0.5_c1_rep1_env1	15814
0.999	8	0.992664727456684	116	280.570197984021	bgs	V0.5_c1	1	1	bgs_V0.5_c1_rep1_env1	15814
0.995	4	0.958078983430921	673	284.820489021558	bgs	V0.5_c1	1	2	bgs_V0.5_c1_rep1_env2	16054
0.997	2	0.798056559112994	3242	284.820489021558	bgs	V0.5_c1	1	2	bgs_V0.5_c1_rep1_env2	16054
0.999	8	0.993771022798057	100	284.820489021558	bgs	V0.5_c1	1	2	bgs_V0.5_c1_rep1_env2	16054
0.995	4	0.958262404640313	662	281.399373661519	bgs	V0.5_c1	1	3	bgs_V0.5_c1_rep1_env3	15861
0.997	2	0.797427652733119	3213	281.399373661519	bgs	V0.5_c1	1	3	bgs_V0.5_c1_rep1_env3	15861
0.999	8	0.993884370468445	97	281.399373661519	bgs	V0.5_c1	1	3	bgs_V0.5_c1_rep1_env3	15861
0.995	4	0.960306406685237	627	280.243206963032	bgs	V0.5_c1	1	4	bgs_V0.5_c1_rep1_env4	15796
0.997	2	0.800709040263358	3148	280.243206963032	bgs	V0.5_c1	1	4	bgs_V0.5_c1_rep1_env4	15796
0.999	8	0.99385920486199	97	280.243206963032	bgs	V0.5_c1	1	4	bgs_V0.5_c1_rep1_env4	15796
0.995	4	0.959742048585024	643	283.364728709408	bgs	V0.5_c1	1	5	bgs_V0.5_c1_rep1_env5	15972
0.997	2	0.799148509892312	3208	283.364728709408	bgs	V0.5_c1	1	5	bgs_V0.5_c1_rep1_env5	15972
0.999	8	0.993613824192337	102	283.364728709408	bgs	V0.5_c1	1	5	bgs_V0.5_c1_rep1_env5	15972
0.995	4	0.95896922692019	656	283.645153171754	bgs	V0.5_c1	1	6	bgs_V0.5_c1_rep1_env6	15988
0.997	2	0.802727045283963	3154	283.645153171754	bgs	V0.5_c1	1	6	bgs_V0.5_c1_rep1_env6	15988
0.999	8	0.994245684263197	92	283.645153171754	bgs	V0.5_c1	1	6	bgs_V0.5_c1_rep1_env6	15988
0.995	4	0.959574334109943	642	281.749096831901	bgs	V0.5_c1	1	7	bgs_V0.5_c1_rep1_env7	15881
0.997	2	0.799005100434482	3192	281.749096831901	bgs	V0.5_c1	1	7	bgs_V0.5_c1_rep1_env7	15881
0.999	8	0.99433285057616	90	281.749096831901	bgs	V0.5_c1	1	7	bgs_V0.5_c1_rep1_env7	15881
0.995	4	0.959705097241642	634	279.15084703937	bgs	V0.5_c1	1	8	bgs_V0.5_c1_rep1_env8	15734
0.997	2	0.801258421253337	3127	279.15084703937	bgs	V0.5_c1	1	8	bgs_V0.5_c1_rep1_env8	15734
0.999	8	0.992690987670014	115	279.15084703937	bgs	V0.5_c1	1	8	bgs_V0.5_c1_rep1_env8	15734
0.995	4	0.958874188716925	659	284.287278539917	bgs	V0.5_c1	1	9	bgs_V0.5_c1_rep1_env9	16024
0.997	2	0.798427358961558	3230	284.287278539917	bgs	V0.5_c1	1	9	bgs_V0.5_c1_rep1_env9	16024
0.999	8	0.994071392910634	95	284.287278539917	bgs	V0.5_c1	1	9	bgs_V0.5_c1_rep1_env9	16024
0.995	4	0.958904109589041	636	274.565022633784	bgs	V0.5_c1	1	10	bgs_V0.5_c1_rep1_env10	15476
0.997	2	0.80188679245283	3066	274.565022633784	bgs	V0.5_c1	1	10	bgs_V0.5_c1_rep1_env10	15476
0.999	8	0.993344533471181	103	274.565022633784	bgs	V0.5_c1	1	10	bgs_V0.5_c1_rep1_env10	15476
0.995	4	0.954456646230546	676	318.654796297834	bgs	V0.5_c1	2	1	bgs_V0.5_c1_rep2_env1	14843
0.997	2	0.816748635720542	2720	318.654796297834	bgs	V0.5_c1	2	1	bgs_V0.5_c1_rep2_env1	14843
0.999	8	0.988816277032945	166	318.654796297834	bgs	V0.5_c1	2	1	bgs_V0.5_c1_rep2_env1	14843
0.995	4	0.954254286638628	707	331.771549088053	bgs	V0.5_c1	2	2	bgs_V0.5_c1_rep2_env2	15455
0.997	2	0.817470074409576	2821	331.771549088053	bgs	V0.5_c1	2	2	bgs_V0.5_c1_rep2_env2	15455
0.999	8	0.987965059851181	186	331.771549088053	bgs	V0.5_c1	2	2	bgs_V0.5_c1_rep2_env2	15455
0.995	4	0.954443375040103	710	334.675751379273	bgs	V0.5_c1	2	3	bgs_V0.5_c1_rep2_env3	15585
0.997	2	0.813282001924928	2910	334.675751379273	bgs	V0.5_c1	2	3	bgs_V0.5_c1_rep2_env3	15585
0.999	8	0.989220404234841	168	334.675751379273	bgs	V0.5_c1	2	3	bgs_V0.5_c1_rep2_env3	15585
0.995	4	0.953476249429856	714	329.474847320815	bgs	V0.5_c1	2	4	bgs_V0.5_c1_rep2_env4	15347
0.997	2	0.824200169414218	2698	329.474847320815	bgs	V0.5_c1	2	4	bgs_V0.5_c1_rep2_env4	15347
0.999	8	0.98781520818401	187	329.474847320815	bgs	V0.5_c1	2	4	bgs_V0.5_c1_rep2_env4	15347
0.995	4	0.955192658074094	664	318.13955577293	bgs	V0.5_c1	2	5	bgs_V0.5_c1_rep2_env5	14819
0.997	2	0.817733990147783	2701	318.13955577293	bgs	V0.5_c1	2	5	bgs_V0.5_c1_rep2_env5	14819
0.999	8	0.9891355692017	161	318.13955577293	bgs	V0.5_c1	2	5	bgs_V0.5_c1_rep2_env5	14819
0.995	4	0.952836856647176	734	334.074896745463	bgs	V0.5_c1	2	6	bgs_V0.5_c1_rep2_env6	15563
0.997	2	0.816552078648076	2855	334.074896745463	bgs	V0.5_c1	2	6	bgs_V0.5_c1_rep2_env6	15563
0.999	8	0.987663046970378	192	334.074896745463	bgs	V0.5_c1	2	6	bgs_V0.5_c1_rep2_env6	15563
0.995	4	0.954775188710207	689	327.071809920076	bgs	V0.5_c1	2	7	bgs_V0.5_c1_rep2_env7	15235
0.997	2	0.814177879881851	2831	327.071809920076	bgs	V0.5_c1	2	7	bgs_V0.5_c1_rep2_env7	15235
0.999	8	0.98831637676403	178	327.071809920076	bgs	V0.5_c1	2	7	bgs_V0.5_c1_rep2_env7	15235
0.995	4	0.951271736309369	751	330.994323958483	bgs	V0.5_c1	2	8	bgs_V0.5_c1_rep2_env8	15412
0.997	2	0.816311964702829	2831	330.994323958483	bgs	V0.5_c1	2	8	bgs_V0.5_c1_rep2_env8	15412
0.999	8	0.988774980534648	173	330.994323958483	bgs	V0.5_c1	2	8	bgs_V0.5_c1_rep2_env8	15412
0.995	4	0.950791781180474	752	328.175087529463	bgs	V0.5_c1	2	9	bgs_V0.5_c1_rep2_env9	15282
0.997	2	0.816908781573093	2798	328.175087529463	bgs	V0.5_c1	2	9	bgs_V0.5_c1_rep2_env9	15282
0.999	8	0.98835230990708	178	328.175087529463	bgs	V0.5_c1	2	9	bgs_V0.5_c1_rep2_env9	15282
0.995	4	0.952587029847897	745	337.428799420257	bgs	V0.5_c1	2	10	bgs_V0.5_c1_rep2_env10	15713
0.997	2	0.817030484312353	2875	337.428799420257	bgs	V0.5_c1	2	10	bgs_V0.5_c1_rep2_env10	15713
0.999	8	0.989371857697448	167	337.428799420257	bgs	V0.5_c1	2	10	bgs_V0.5_c1_rep2_env10	15713
0.995	4	0.96003627177926	617	459.861512552099	bgs	V0.5_c1	3	1	bgs_V0.5_c1_rep3_env1	15439
0.997	2	0.795582615454369	3156	459.861512552099	bgs	V0.5_c1	3	1	bgs_V0.5_c1_rep3_env1	15439
0.999	8	0.994559233110953	84	459.861512552099	bgs	V0.5_c1	3	1	bgs_V0.5_c1_rep3_env1	15439
0.995	4	0.962729320888317	579	462.720940313288	bgs	V0.5_c1	3	2	bgs_V0.5_c1_rep3_env2	15535
0.997	2	0.791309945284841	3242	462.720940313288	bgs	V0.5_c1	3	2	bgs_V0.5_c1_rep3_env2	15535
0.999	8	0.995236562600579	74	462.720940313288	bgs	V0.5_c1	3	2	bgs_V0.5_c1_rep3_env2	15535
0.995	4	0.960119511561444	614	458.610533404621	bgs	V0.5_c1	3	3	bgs_V0.5_c1_rep3_env3	15396
0.997	2	0.798389191997922	3104	458.610533404621	bgs	V0.5_c1	3	3	bgs_V0.5_c1_rep3_env3	15396
0.999	8	0.994349181605612	87	458.610533404621	bgs	V0.5_c1	3	3	bgs_V0.5_c1_rep3_env3	15396
0.995	4	0.960314899657998	615	461.58908349115	bgs	V0.5_c1	3	4	bgs_V0.5_c1_rep3_env4	15497
0.997	2	0.796928437762148	3147	461.58908349115	bgs	V0.5_c1	3	4	bgs_V0.5_c1_rep3_env4	15497
0.999	8	0.994837710524618	80	461.58908349115	bgs	V0.5_c1	3	4	bgs_V0.5_c1_rep3_env4	15497
0.995	4	0.960983775431368	606	462.489570758939	bgs	V0.5_c1	3	5	bgs_V0.5_c1_rep3_env5	15532
0.997	2	0.79365181560649	3205	462.489570758939	bgs	V0.5_c1	3	5	bgs_V0.5_c1_rep3_env5	15532
0.999	8	0.994913726500129	79	462.489570758939	bgs	V0.5_c1	3	5	bgs_V0.5_c1_rep3_env5	15532
0.995	4	0.962228753673942	604	476.257615252347	bgs	V0.5_c1	3	6	bgs_V0.5_c1_rep3_env6	15991
0.997	2	0.794259270839847	3290	476.257615252347	bgs	V0.5_c1	3	6	bgs_V0.5_c1_rep3_env6	15991
0.999	8	0.995184791445188	77	476.257615252347	bgs	V0.5_c1	3	6	bgs_V0.5_c1_rep3_env6	15991
0.995	4	0.961027401614852	613	468.37491147062	bgs	V0.5_c1	3	7	bgs_V0.5_c1_rep3_env7	15729
0.997	2	0.793375294042851	3250	468.37491147062	bgs	V0.5_c1	3	7	bgs_V0.5_c1_rep3_env7	15729
0.999	8	0.995168160722233	76	468.37491147062	bgs	V0.5_c1	3	7	bgs_V0.5_c1_rep3_env7	15729
0.995	4	0.961331343670927	596	459.274032363727	bgs	V0.5_c1	3	8	bgs_V0.5_c1_rep3_env8	15413
0.997	2	0.795432427171868	3153	459.274032363727	bgs	V0.5_c1	3	8	bgs_V0.5_c1_rep3_env8	15413
0.999	8	0.995328618698501	72	459.274032363727	bgs	V0.5_c1	3	8	bgs_V0.5_c1_rep3_env8	15413
0.995	4	0.962810713597534	579	463.642426000879	bgs	V0.5_c1	3	9	bgs_V0.5_c1_rep3_env9	15569
0.997	2	0.796390262701522	3170	463.642426000879	bgs	V0.5_c1	3	9	bgs_V0.5_c1_rep3_env9	15569
0.999	8	0.994733123514677	82	463.642426000879	bgs	V0.5_c1	3	9	bgs_V0.5_c1_rep3_env9	15569
0.995	4	0.961344113188479	612	471.567294949467	bgs	V0.5_c1	3	10	bgs_V0.5_c1_rep3_env10	15832
0.997	2	0.792572006063669	3284	471.567294949467	bgs	V0.5_c1	3	10	bgs_V0.5_c1_rep3_env10	15832
0.999	8	0.995452248610409	72	471.567294949467	bgs	V0.5_c1	3	10	bgs_V0.5_c1_rep3_env10	15832
0.995	4	0.948364534046492	753	223.778408583037	bgs	V0.5_c1	4	1	bgs_V0.5_c1_rep4_env1	14583
0.997	2	0.810052801206885	2770	223.778408583037	bgs	V0.5_c1	4	1	bgs_V0.5_c1_rep4_env1	14583
0.999	8	0.988411163683741	169	223.778408583037	bgs	V0.5_c1	4	1	bgs_V0.5_c1_rep4_env1	14583
0.995	4	0.947729052466719	801	235.143836014457	bgs	V0.5_c1	4	2	bgs_V0.5_c1_rep4_env2	15324
0.997	2	0.810819629339598	2899	235.143836014457	bgs	V0.5_c1	4	2	bgs_V0.5_c1_rep4_env2	15324
0.999	8	0.98871051944662	173	235.143836014457	bgs	V0.5_c1	4	2	bgs_V0.5_c1_rep4_env2	15324
0.995	4	0.948378072337308	775	230.372017894227	bgs	V0.5_c1	4	3	bgs_V0.5_c1_rep4_env3	15013
0.997	2	0.809365216812096	2862	230.372017894227	bgs	V0.5_c1	4	3	bgs_V0.5_c1_rep4_env3	15013
0.999	8	0.989076134017185	164	230.372017894227	bgs	V0.5_c1	4	3	bgs_V0.5_c1_rep4_env3	15013
0.995	4	0.947570511030438	751	219.676240102204	bgs	V0.5_c1	4	4	bgs_V0.5_c1_rep4_env4	14324
0.997	2	0.815554314437308	2642	219.676240102204	bgs	V0.5_c1	4	4	bgs_V0.5_c1_rep4_env4	14324
0.999	8	0.989109187377827	156	219.676240102204	bgs	V0.5_c1	4	4	bgs_V0.5_c1_rep4_env4	14324
0.995	4	0.947687996263428	784	229.78276567009	bgs	V0.5_c1	4	5	bgs_V0.5_c1_rep4_env5	14987
0.997	2	0.812037098818976	2817	229.78276567009	bgs	V0.5_c1	4	5	bgs_V0.5_c1_rep4_env5	14987
0.999	8	0.987589244011477	186	229.78276567009	bgs	V0.5_c1	4	5	bgs_V0.5_c1_rep4_env5	14987
0.995	4	0.948157067362365	775	229.188885677475	bgs	V0.5_c1	4	6	bgs_V0.5_c1_rep4_env6	14949
0.997	2	0.809284902000134	2851	229.188885677475	bgs	V0.5_c1	4	6	bgs_V0.5_c1_rep4_env6	14949
0.999	8	0.988828684192923	167	229.188885677475	bgs	V0.5_c1	4	6	bgs_V0.5_c1_rep4_env6	14949
0.995	4	0.945895020188425	804	227.824804503781	bgs	V0.5_c1	4	7	bgs_V0.5_c1_rep4_env7	14860
0.997	2	0.808277254374159	2849	227.824804503781	bgs	V0.5_c1	4	7	bgs_V0.5_c1_rep4_env7	14860
0.999	8	0.988627187079408	169	227.824804503781	bgs	V0.5_c1	4	7	bgs_V0.5_c1_rep4_env7	14860
0.995	4	0.947923577020035	785	231.308947318259	bgs	V0.5_c1	4	8	bgs_V0.5_c1_rep4_env8	15074
0.997	2	0.81000398036354	2864	231.308947318259	bgs	V0.5_c1	4	8	bgs_V0.5_c1_rep4_env8	15074
0.999	8	0.987793551811065	184	231.308947318259	bgs	V0.5_c1	4	8	bgs_V0.5_c1_rep4_env8	15074
0.995	4	0.945359636634804	806	226.216881889131	bgs	V0.5_c1	4	9	bgs_V0.5_c1_rep4_env9	14751
0.997	2	0.815673513660091	2719	226.216881889131	bgs	V0.5_c1	4	9	bgs_V0.5_c1_rep4_env9	14751
0.999	8	0.986644973222154	197	226.216881889131	bgs	V0.5_c1	4	9	bgs_V0.5_c1_rep4_env9	14751
0.995	4	0.948193411264612	780	230.948717266708	bgs	V0.5_c1	4	10	bgs_V0.5_c1_rep4_env10	15056
0.997	2	0.813496280552604	2808	230.948717266708	bgs	V0.5_c1	4	10	bgs_V0.5_c1_rep4_env10	15056
0.999	8	0.987579702444208	187	230.948717266708	bgs	V0.5_c1	4	10	bgs_V0.5_c1_rep4_env10	15056
0.995	4	0.957811384435646	650	628.880783640887	bgs	V0.5_c1	5	1	bgs_V0.5_c1_rep5_env1	15407
0.997	2	0.808853118712274	2945	628.880783640887	bgs	V0.5_c1	5	1	bgs_V0.5_c1_rep5_env1	15407
0.999	8	0.99214642694879	121	628.880783640887	bgs	V0.5_c1	5	1	bgs_V0.5_c1_rep5_env1	15407
0.995	4	0.959576088336083	637	643.218275987255	bgs	V0.5_c1	5	2	bgs_V0.5_c1_rep5_env2	15758
0.997	2	0.806828277700216	3044	643.218275987255	bgs	V0.5_c1	5	2	bgs_V0.5_c1_rep5_env2	15758
0.999	8	0.993019418707958	110	643.218275987255	bgs	V0.5_c1	5	2	bgs_V0.5_c1_rep5_env2	15758
0.995	4	0.961253670368952	607	639.452609626672	bgs	V0.5_c1	5	3	bgs_V0.5_c1_rep5_env3	15666
0.997	2	0.806651346865824	3029	639.452609626672	bgs	V0.5_c1	5	3	bgs_V0.5_c1_rep5_env3	15666
0.999	8	0.992978424613813	110	639.452609626672	bgs	V0.5_c1	5	3	bgs_V0.5_c1_rep5_env3	15666
0.995	4	0.957449560269012	658	631.142662076815	bgs	V0.5_c1	5	4	bgs_V0.5_c1_rep5_env4	15464
0.997	2	0.804643041903777	3021	631.142662076815	bgs	V0.5_c1	5	4	bgs_V0.5_c1_rep5_env4	15464
0.999	8	0.993404035178479	102	631.142662076815	bgs	V0.5_c1	5	4	bgs_V0.5_c1_rep5_env4	15464
0.995	4	0.959040449151461	642	639.718442257431	bgs	V0.5_c1	5	5	bgs_V0.5_c1_rep5_env5	15674
0.997	2	0.802092637488835	3102	639.718442257431	bgs	V0.5_c1	5	5	bgs_V0.5_c1_rep5_env5	15674
0.999	8	0.99285440857471	112	639.718442257431	bgs	V0.5_c1	5	5	bgs_V0.5_c1_rep5_env5	15674
0.995	4	0.958500582675126	641	630.436396596003	bgs	V0.5_c1	5	6	bgs_V0.5_c1_rep5_env6	15446
0.997	2	0.8026026155639	3049	630.436396596003	bgs	V0.5_c1	5	6	bgs_V0.5_c1_rep5_env6	15446
0.999	8	0.992943156804351	109	630.436396596003	bgs	V0.5_c1	5	6	bgs_V0.5_c1_rep5_env6	15446
0.995	4	0.96006867171107	628	641.94249914456	bgs	V0.5_c1	5	7	bgs_V0.5_c1_rep5_env7	15727
0.997	2	0.804094868697145	3081	641.94249914456	bgs	V0.5_c1	5	7	bgs_V0.5_c1_rep5_env7	15727
0.999	8	0.993387168563617	104	641.94249914456	bgs	V0.5_c1	5	7	bgs_V0.5_c1_rep5_env7	15727
0.995	4	0.957704896989924	659	635.971098397313	bgs	V0.5_c1	5	8	bgs_V0.5_c1_rep5_env8	15581
0.997	2	0.80553237917977	3030	635.971098397313	bgs	V0.5_c1	5	8	bgs_V0.5_c1_rep5_env8	15581
0.999	8	0.992362492779668	119	635.971098397313	bgs	V0.5_c1	5	8	bgs_V0.5_c1_rep5_env8	15581
0.995	4	0.959169679591074	655	654.820331987622	bgs	V0.5_c1	5	9	bgs_V0.5_c1_rep5_env9	16042
0.997	2	0.804263807505299	3140	654.820331987622	bgs	V0.5_c1	5	9	bgs_V0.5_c1_rep5_env9	16042
0.999	8	0.992893654157836	114	654.820331987622	bgs	V0.5_c1	5	9	bgs_V0.5_c1_rep5_env9	16042
0.995	4	0.958486194245993	645	634.195233923016	bgs	V0.5_c1	5	10	bgs_V0.5_c1_rep5_env10	15537
0.997	2	0.808907768552488	2969	634.195233923016	bgs	V0.5_c1	5	10	bgs_V0.5_c1_rep5_env10	15537
0.999	8	0.992147776275986	122	634.195233923016	bgs	V0.5_c1	5	10	bgs_V0.5_c1_rep5_env10	15537
0.995	4	0.957262210796915	665	455.644394499259	bgs	V0.5_c1	6	1	bgs_V0.5_c1_rep6_env1	15560
0.997	2	0.792352185089974	3231	455.644394499259	bgs	V0.5_c1	6	1	bgs_V0.5_c1_rep6_env1	15560
0.999	8	0.995758354755784	66	455.644394499259	bgs	V0.5_c1	6	1	bgs_V0.5_c1_rep6_env1	15560
0.995	4	0.956958116193785	669	455.142824011441	bgs	V0.5_c1	6	2	bgs_V0.5_c1_rep6_env2	15543
0.997	2	0.79283278646336	3220	455.142824011441	bgs	V0.5_c1	6	2	bgs_V0.5_c1_rep6_env2	15543
0.999	8	0.994917326127517	79	455.142824011441	bgs	V0.5_c1	6	2	bgs_V0.5_c1_rep6_env2	15543
0.995	4	0.956008654035272	671	446.654495456118	bgs	V0.5_c1	6	3	bgs_V0.5_c1_rep6_env3	15253
0.997	2	0.796826853733692	3099	446.654495456118	bgs	V0.5_c1	6	3	bgs_V0.5_c1_rep6_env3	15253
0.999	8	0.993837277912542	94	446.654495456118	bgs	V0.5_c1	6	3	bgs_V0.5_c1_rep6_env3	15253
0.995	4	0.95806389653627	655	457.368318100412	bgs	V0.5_c1	6	4	bgs_V0.5_c1_rep6_env4	15619
0.997	2	0.793008515269864	3233	457.368318100412	bgs	V0.5_c1	6	4	bgs_V0.5_c1_rep6_env4	15619
0.999	8	0.994814008579294	81	457.368318100412	bgs	V0.5_c1	6	4	bgs_V0.5_c1_rep6_env4	15619
0.995	4	0.956120701014626	666	444.458266048185	bgs	V0.5_c1	6	5	bgs_V0.5_c1_rep6_env5	15178
0.997	2	0.792792199235736	3145	444.458266048185	bgs	V0.5_c1	6	5	bgs_V0.5_c1_rep6_env5	15178
0.999	8	0.993872710502042	93	444.458266048185	bgs	V0.5_c1	6	5	bgs_V0.5_c1_rep6_env5	15178
0.995	4	0.959904749646029	623	455.000167206266	bgs	V0.5_c1	6	6	bgs_V0.5_c1_rep6_env6	15538
0.997	2	0.792251254987772	3228	455.000167206266	bgs	V0.5_c1	6	6	bgs_V0.5_c1_rep6_env6	15538
0.999	8	0.995687990732398	67	455.000167206266	bgs	V0.5_c1	6	6	bgs_V0.5_c1_rep6_env6	15538
0.995	4	0.960090556274256	617	452.716088622015	bgs	V0.5_c1	6	7	bgs_V0.5_c1_rep6_env7	15460
0.997	2	0.788033635187581	3277	452.716088622015	bgs	V0.5_c1	6	7	bgs_V0.5_c1_rep6_env7	15460
0.999	8	0.995407503234153	71	452.716088622015	bgs	V0.5_c1	6	7	bgs_V0.5_c1_rep6_env7	15460
0.995	4	0.957487351337144	647	445.658871457855	bgs	V0.5_c1	6	8	bgs_V0.5_c1_rep6_env8	15219
0.997	2	0.796110125501019	3103	445.658871457855	bgs	V0.5_c1	6	8	bgs_V0.5_c1_rep6_env8	15219
0.999	8	0.994414876141665	85	445.658871457855	bgs	V0.5_c1	6	8	bgs_V0.5_c1_rep6_env8	15219
0.995	4	0.95757108928686	661	456.169755233698	bgs	V0.5_c1	6	9	bgs_V0.5_c1_rep6_env9	15579
0.997	2	0.796200012837794	3175	456.169755233698	bgs	V0.5_c1	6	9	bgs_V0.5_c1_rep6_env9	15579
0.999	8	0.994993260157905	78	456.169755233698	bgs	V0.5_c1	6	9	bgs_V0.5_c1_rep6_env9	15579
0.995	4	0.959699542782495	617	448.323629806148	bgs	V0.5_c1	6	10	bgs_V0.5_c1_rep6_env10	15310
0.997	2	0.79013716525147	3213	448.323629806148	bgs	V0.5_c1	6	10	bgs_V0.5_c1_rep6_env10	15310
0.999	8	0.996472893533638	54	448.323629806148	bgs	V0.5_c1	6	10	bgs_V0.5_c1_rep6_env10	15310
0.995	4	0.94835806863206	769	266.655888929039	bgs	V0.5_c1	7	1	bgs_V0.5_c1_rep7_env1	14891
0.997	2	0.819488281512323	2688	266.655888929039	bgs	V0.5_c1	7	1	bgs_V0.5_c1_rep7_env1	14891
0.999	8	0.987576388422537	185	266.655888929039	bgs	V0.5_c1	7	1	bgs_V0.5_c1_rep7_env1	14891
0.995	4	0.949289791583698	764	269.906229351932	bgs	V0.5_c1	7	2	bgs_V0.5_c1_rep7_env2	15066
0.997	2	0.808310102216912	2888	269.906229351932	bgs	V0.5_c1	7	2	bgs_V0.5_c1_rep7_env2	15066
0.999	8	0.989380061064649	160	269.906229351932	bgs	V0.5_c1	7	2	bgs_V0.5_c1_rep7_env2	15066
0.995	4	0.947945751894695	783	269.455842149106	bgs	V0.5_c1	7	3	bgs_V0.5_c1_rep7_env3	15042
0.997	2	0.81970482648584	2712	269.455842149106	bgs	V0.5_c1	7	3	bgs_V0.5_c1_rep7_env3	15042
0.999	8	0.987102778885786	194	269.455842149106	bgs	V0.5_c1	7	3	bgs_V0.5_c1_rep7_env3	15042
0.995	4	0.945755031320805	814	269.018092031401	bgs	V0.5_c1	7	4	bgs_V0.5_c1_rep7_env4	15006
0.997	2	0.817073170731707	2745	269.018092031401	bgs	V0.5_c1	7	4	bgs_V0.5_c1_rep7_env4	15006
0.999	8	0.985605757696921	216	269.018092031401	bgs	V0.5_c1	7	4	bgs_V0.5_c1_rep7_env4	15006
0.995	4	0.948616864893759	769	268.079437780493	bgs	V0.5_c1	7	5	bgs_V0.5_c1_rep7_env5	14966
0.997	2	0.815916076439931	2755	268.079437780493	bgs	V0.5_c1	7	5	bgs_V0.5_c1_rep7_env5	14966
0.999	8	0.987170920753708	192	268.079437780493	bgs	V0.5_c1	7	5	bgs_V0.5_c1_rep7_env5	14966
0.995	4	0.946492592843131	791	264.986712215056	bgs	V0.5_c1	7	6	bgs_V0.5_c1_rep7_env6	14783
0.997	2	0.815260772508963	2731	264.986712215056	bgs	V0.5_c1	7	6	bgs_V0.5_c1_rep7_env6	14783
0.999	8	0.987688561185145	182	264.986712215056	bgs	V0.5_c1	7	6	bgs_V0.5_c1_rep7_env6	14783
0.995	4	0.94576202668104	805	265.764173886337	bgs	V0.5_c1	7	7	bgs_V0.5_c1_rep7_env7	14842
0.997	2	0.819027085298477	2686	265.764173886337	bgs	V0.5_c1	7	7	bgs_V0.5_c1_rep7_env7	14842
0.999	8	0.987400619862552	187	265.764173886337	bgs	V0.5_c1	7	7	bgs_V0.5_c1_rep7_env7	14842
0.995	4	0.946090205497731	808	268.645788627744	bgs	V0.5_c1	7	8	bgs_V0.5_c1_rep7_env8	14988
0.997	2	0.809580998131839	2854	268.645788627744	bgs	V0.5_c1	7	8	bgs_V0.5_c1_rep7_env8	14988
0.999	8	0.988457432612757	173	268.645788627744	bgs	V0.5_c1	7	8	bgs_V0.5_c1_rep7_env8	14988
0.995	4	0.946641100238032	807	271.078606612228	bgs	V0.5_c1	7	9	bgs_V0.5_c1_rep7_env9	15124
0.997	2	0.812218989685269	2840	271.078606612228	bgs	V0.5_c1	7	9	bgs_V0.5_c1_rep7_env9	15124
0.999	8	0.988164506744248	179	271.078606612228	bgs	V0.5_c1	7	9	bgs_V0.5_c1_rep7_env9	15124
0.995	4	0.946287309712158	808	269.532192415848	bgs	V0.5_c1	7	10	bgs_V0.5_c1_rep7_env10	15043
0.997	2	0.811274346872299	2839	269.532192415848	bgs	V0.5_c1	7	10	bgs_V0.5_c1_rep7_env10	15043
0.999	8	0.989164395399854	163	269.532192415848	bgs	V0.5_c1	7	10	bgs_V0.5_c1_rep7_env10	15043
0.995	4	0.957969712525667	655	402.414725920686	bgs	V0.5_c1	8	1	bgs_V0.5_c1_rep8_env1	15584
0.997	2	0.78952772073922	3280	402.414725920686	bgs	V0.5_c1	8	1	bgs_V0.5_c1_rep8_env1	15584
0.999	8	0.995187371663244	75	402.414725920686	bgs	V0.5_c1	8	1	bgs_V0.5_c1_rep8_env1	15584
0.995	4	0.956815882650481	683	408.36054704202	bgs	V0.5_c1	8	2	bgs_V0.5_c1_rep8_env2	15816
0.997	2	0.790718259989884	3310	408.36054704202	bgs	V0.5_c1	8	2	bgs_V0.5_c1_rep8_env2	15816
0.999	8	0.994941831057157	80	408.36054704202	bgs	V0.5_c1	8	2	bgs_V0.5_c1_rep8_env2	15816
0.995	4	0.956354052837951	679	401.845622674994	bgs	V0.5_c1	8	3	bgs_V0.5_c1_rep8_env3	15557
0.997	2	0.792312142443916	3231	401.845622674994	bgs	V0.5_c1	8	3	bgs_V0.5_c1_rep8_env3	15557
0.999	8	0.994793340618371	81	401.845622674994	bgs	V0.5_c1	8	3	bgs_V0.5_c1_rep8_env3	15557
0.995	4	0.958387771100078	637	395.348952526721	bgs	V0.5_c1	8	4	bgs_V0.5_c1_rep8_env4	15308
0.997	2	0.789913770577476	3216	395.348952526721	bgs	V0.5_c1	8	4	bgs_V0.5_c1_rep8_env4	15308
0.999	8	0.995231251633133	73	395.348952526721	bgs	V0.5_c1	8	4	bgs_V0.5_c1_rep8_env4	15308
0.995	4	0.957239848544196	655	395.545994074247	bgs	V0.5_c1	8	5	bgs_V0.5_c1_rep8_env5	15318
0.997	2	0.793249771510641	3167	395.545994074247	bgs	V0.5_c1	8	5	bgs_V0.5_c1_rep8_env5	15318
0.999	8	0.995364930147539	71	395.545994074247	bgs	V0.5_c1	8	5	bgs_V0.5_c1_rep8_env5	15318
0.995	4	0.956535758044754	674	400.492471183176	bgs	V0.5_c1	8	6	bgs_V0.5_c1_rep8_env6	15507
0.997	2	0.794415425291804	3188	400.492471183176	bgs	V0.5_c1	8	6	bgs_V0.5_c1_rep8_env6	15507
0.999	8	0.994325143483588	88	400.492471183176	bgs	V0.5_c1	8	6	bgs_V0.5_c1_rep8_env6	15507
0.995	4	0.959029541505146	613	386.426586645043	bgs	V0.5_c1	8	7	bgs_V0.5_c1_rep8_env7	14962
0.997	2	0.79742013099853	3031	386.426586645043	bgs	V0.5_c1	8	7	bgs_V0.5_c1_rep8_env7	14962
0.999	8	0.993650581473065	95	386.426586645043	bgs	V0.5_c1	8	7	bgs_V0.5_c1_rep8_env7	14962
0.995	4	0.956877658888746	669	400.687972519117	bgs	V0.5_c1	8	8	bgs_V0.5_c1_rep8_env8	15514
0.997	2	0.791736496068068	3231	400.687972519117	bgs	V0.5_c1	8	8	bgs_V0.5_c1_rep8_env8	15514
0.999	8	0.994198788191311	90	400.687972519117	bgs	V0.5_c1	8	8	bgs_V0.5_c1_rep8_env8	15514
0.995	4	0.956006659836066	687	403.297660842576	bgs	V0.5_c1	8	9	bgs_V0.5_c1_rep8_env9	15616
0.997	2	0.792328381147541	3243	403.297660842576	bgs	V0.5_c1	8	9	bgs_V0.5_c1_rep8_env9	15616
0.999	8	0.994813012295082	81	403.297660842576	bgs	V0.5_c1	8	9	bgs_V0.5_c1_rep8_env9	15616
0.995	4	0.957730315588142	663	404.988623266673	bgs	V0.5_c1	8	10	bgs_V0.5_c1_rep8_env10	15685
0.997	2	0.795154606311763	3213	404.988623266673	bgs	V0.5_c1	8	10	bgs_V0.5_c1_rep8_env10	15685
0.999	8	0.994517054510679	86	404.988623266673	bgs	V0.5_c1	8	10	bgs_V0.5_c1_rep8_env10	15685
0.995	4	0.953902533110454	717	384.632504587201	bgs	V0.5_c1	9	1	bgs_V0.5_c1_rep9_env1	15554
0.997	2	0.792400668638292	3229	384.632504587201	bgs	V0.5_c1	9	1	bgs_V0.5_c1_rep9_env1	15554
0.999	8	0.994085122797994	92	384.632504587201	bgs	V0.5_c1	9	1	bgs_V0.5_c1_rep9_env1	15554
0.995	4	0.958193331610235	647	382.430505994158	bgs	V0.5_c1	9	2	bgs_V0.5_c1_rep9_env2	15476
0.997	2	0.794391315585423	3182	382.430505994158	bgs	V0.5_c1	9	2	bgs_V0.5_c1_rep9_env2	15476
0.999	8	0.994055311449987	92	382.430505994158	bgs	V0.5_c1	9	2	bgs_V0.5_c1_rep9_env2	15476
0.995	4	0.959141453322989	632	382.232816407188	bgs	V0.5_c1	9	3	bgs_V0.5_c1_rep9_env3	15468
0.997	2	0.789113007499354	3262	382.232816407188	bgs	V0.5_c1	9	3	bgs_V0.5_c1_rep9_env3	15468
0.999	8	0.995086630462891	76	382.232816407188	bgs	V0.5_c1	9	3	bgs_V0.5_c1_rep9_env3	15468
0.995	4	0.95708045831487	678	390.362800671344	bgs	V0.5_c1	9	4	bgs_V0.5_c1_rep9_env4	15797
0.997	2	0.789010571627524	3333	390.362800671344	bgs	V0.5_c1	9	4	bgs_V0.5_c1_rep9_env4	15797
0.999	8	0.99493574729379	80	390.362800671344	bgs	V0.5_c1	9	4	bgs_V0.5_c1_rep9_env4	15797
0.995	4	0.957917685142366	637	374.053409746289	bgs	V0.5_c1	9	5	bgs_V0.5_c1_rep9_env5	15137
0.997	2	0.792230957257052	3145	374.053409746289	bgs	V0.5_c1	9	5	bgs_V0.5_c1_rep9_env5	15137
0.999	8	0.995045253352712	75	374.053409746289	bgs	V0.5_c1	9	5	bgs_V0.5_c1_rep9_env5	15137
0.995	4	0.95519968879668	691	381.145523678851	bgs	V0.5_c1	9	6	bgs_V0.5_c1_rep9_env6	15424
0.997	2	0.789743257261411	3243	381.145523678851	bgs	V0.5_c1	9	6	bgs_V0.5_c1_rep9_env6	15424
0.999	8	0.995396784232365	71	381.145523678851	bgs	V0.5_c1	9	6	bgs_V0.5_c1_rep9_env6	15424
0.995	4	0.956983024691358	669	384.308557070377	bgs	V0.5_c1	9	7	bgs_V0.5_c1_rep9_env7	15552
0.997	2	0.791280864197531	3246	384.308557070377	bgs	V0.5_c1	9	7	bgs_V0.5_c1_rep9_env7	15552
0.999	8	0.993762860082304	97	384.308557070377	bgs	V0.5_c1	9	7	bgs_V0.5_c1_rep9_env7	15552
0.995	4	0.959681662720337	613	375.709060037166	bgs	V0.5_c1	9	8	bgs_V0.5_c1_rep9_env8	15204
0.997	2	0.789331754801368	3203	375.709060037166	bgs	V0.5_c1	9	8	bgs_V0.5_c1_rep9_env8	15204
0.999	8	0.994475138121547	84	375.709060037166	bgs	V0.5_c1	9	8	bgs_V0.5_c1_rep9_env8	15204
0.995	4	0.956259522600305	689	389.250796744636	bgs	V0.5_c1	9	9	bgs_V0.5_c1_rep9_env9	15752
0.997	2	0.786312849162011	3366	389.250796744636	bgs	V0.5_c1	9	9	bgs_V0.5_c1_rep9_env9	15752
0.999	8	0.99530218384967	74	389.250796744636	bgs	V0.5_c1	9	9	bgs_V0.5_c1_rep9_env9	15752
0.995	4	0.956135902636917	692	389.843865505547	bgs	V0.5_c1	9	10	bgs_V0.5_c1_rep9_env10	15776
0.997	2	0.789807302231237	3316	389.843865505547	bgs	V0.5_c1	9	10	bgs_V0.5_c1_rep9_env10	15776
0.999	8	0.994865618661258	81	389.843865505547	bgs	V0.5_c1	9	10	bgs_V0.5_c1_rep9_env10	15776
0.995	4	0.960240108436068	616	495.879825334309	bgs	V0.5_c1	10	1	bgs_V0.5_c1_rep10_env1	15493
0.997	2	0.794810559607565	3179	495.879825334309	bgs	V0.5_c1	10	1	bgs_V0.5_c1_rep10_env1	15493
0.999	8	0.993997289098303	93	495.879825334309	bgs	V0.5_c1	10	1	bgs_V0.5_c1_rep10_env1	15493
0.995	4	0.960584502980196	615	499.173514799633	bgs	V0.5_c1	10	2	bgs_V0.5_c1_rep10_env2	15603
0.997	2	0.797282573864001	3163	499.173514799633	bgs	V0.5_c1	10	2	bgs_V0.5_c1_rep10_env2	15603
0.999	8	0.993719156572454	98	499.173514799633	bgs	V0.5_c1	10	2	bgs_V0.5_c1_rep10_env2	15603
0.995	4	0.958830586600998	652	506.844513180118	bgs	V0.5_c1	10	3	bgs_V0.5_c1_rep10_env3	15837
0.997	2	0.793142640651639	3276	506.844513180118	bgs	V0.5_c1	10	3	bgs_V0.5_c1_rep10_env3	15837
0.999	8	0.994443392056576	88	506.844513180118	bgs	V0.5_c1	10	3	bgs_V0.5_c1_rep10_env3	15837
0.995	4	0.959531013615734	642	507.708616347123	bgs	V0.5_c1	10	4	bgs_V0.5_c1_rep10_env4	15864
0.997	2	0.791981845688351	3300	507.708616347123	bgs	V0.5_c1	10	4	bgs_V0.5_c1_rep10_env4	15864
0.999	8	0.994389813414019	89	507.708616347123	bgs	V0.5_c1	10	4	bgs_V0.5_c1_rep10_env4	15864
0.995	4	0.956169882170141	677	494.505374888603	bgs	V0.5_c1	10	5	bgs_V0.5_c1_rep10_env5	15446
0.997	2	0.797099572704907	3134	494.505374888603	bgs	V0.5_c1	10	5	bgs_V0.5_c1_rep10_env5	15446
0.999	8	0.993137381846433	106	494.505374888603	bgs	V0.5_c1	10	5	bgs_V0.5_c1_rep10_env5	15446
0.995	4	0.959133685703236	634	496.790523155581	bgs	V0.5_c1	10	6	bgs_V0.5_c1_rep10_env6	15514
0.997	2	0.792638906793864	3217	496.790523155581	bgs	V0.5_c1	10	6	bgs_V0.5_c1_rep10_env6	15514
0.999	8	0.99477890937218	81	496.790523155581	bgs	V0.5_c1	10	6	bgs_V0.5_c1_rep10_env6	15514
0.995	4	0.958851983231216	638	495.639649739883	bgs	V0.5_c1	10	7	bgs_V0.5_c1_rep10_env7	15505
0.997	2	0.794453402128346	3187	495.639649739883	bgs	V0.5_c1	10	7	bgs_V0.5_c1_rep10_env7	15505
0.999	8	0.994646888100613	83	495.639649739883	bgs	V0.5_c1	10	7	bgs_V0.5_c1_rep10_env7	15505
0.995	4	0.961499493414387	608	505.149715378268	bgs	V0.5_c1	10	8	bgs_V0.5_c1_rep10_env8	15792
0.997	2	0.795276089159068	3233	505.149715378268	bgs	V0.5_c1	10	8	bgs_V0.5_c1_rep10_env8	15792
0.999	8	0.994934143870314	80	505.149715378268	bgs	V0.5_c1	10	8	bgs_V0.5_c1_rep10_env8	15792
0.995	4	0.960457330553976	626	506.490572223969	bgs	V0.5_c1	10	9	bgs_V0.5_c1_rep10_env9	15831
0.997	2	0.79634893563262	3224	506.490572223969	bgs	V0.5_c1	10	9	bgs_V0.5_c1_rep10_env9	15831
0.999	8	0.995072958120144	78	506.490572223969	bgs	V0.5_c1	10	9	bgs_V0.5_c1_rep10_env9	15831
0.995	4	0.959672853098459	641	508.692611024603	bgs	V0.5_c1	10	10	bgs_V0.5_c1_rep10_env10	15895
0.997	2	0.797672223969802	3216	508.692611024603	bgs	V0.5_c1	10	10	bgs_V0.5_c1_rep10_env10	15895
0.999	8	0.994904057879836	81	508.692611024603	bgs	V0.5_c1	10	10	bgs_V0.5_c1_rep10_env10	15895
0.995	4	0.958714715483582	645	277.190576017205	bgs	V1_c1	1	1	bgs_V1_c1_rep1_env1	15623
0.997	2	0.801830634321193	3096	277.190576017205	bgs	V1_c1	1	1	bgs_V1_c1_rep1_env1	15623
0.999	8	0.99353517250208	101	277.190576017205	bgs	V1_c1	1	1	bgs_V1_c1_rep1_env1	15623
0.995	4	0.960677017052685	618	278.823340664481	bgs	V1_c1	1	2	bgs_V1_c1_rep1_env2	15716
0.997	2	0.799185543395266	3156	278.823340664481	bgs	V1_c1	1	2	bgs_V1_c1_rep1_env2	15716
0.999	8	0.99370068719776	99	278.823340664481	bgs	V1_c1	1	2	bgs_V1_c1_rep1_env2	15716
0.995	4	0.956835443037975	682	280.313545958728	bgs	V1_c1	1	3	bgs_V1_c1_rep1_env3	15800
0.997	2	0.802848101265823	3115	280.313545958728	bgs	V1_c1	1	3	bgs_V1_c1_rep1_env3	15800
0.999	8	0.994050632911392	94	280.313545958728	bgs	V1_c1	1	3	bgs_V1_c1_rep1_env3	15800
0.995	4	0.959505487574114	642	281.289086102334	bgs	V1_c1	1	4	bgs_V1_c1_rep1_env4	15854
0.997	2	0.80074429166141	3159	281.289086102334	bgs	V1_c1	1	4	bgs_V1_c1_rep1_env4	15854
0.999	8	0.99369244354737	100	281.289086102334	bgs	V1_c1	1	4	bgs_V1_c1_rep1_env4	15854
0.995	4	0.960268677523604	627	279.993885945561	bgs	V1_c1	1	5	bgs_V1_c1_rep1_env5	15781
0.997	2	0.797477979849186	3196	279.993885945561	bgs	V1_c1	1	5	bgs_V1_c1_rep1_env5	15781
0.999	8	0.993663265952728	100	279.993885945561	bgs	V1_c1	1	5	bgs_V1_c1_rep1_env5	15781
0.995	4	0.959901215311627	617	273.021528564622	bgs	V1_c1	1	6	bgs_V1_c1_rep1_env6	15387
0.997	2	0.80262559303308	3037	273.021528564622	bgs	V1_c1	1	6	bgs_V1_c1_rep1_env6	15387
0.999	8	0.994280886462598	88	273.021528564622	bgs	V1_c1	1	6	bgs_V1_c1_rep1_env6	15387
0.995	4	0.958139830778039	658	278.8938529357	bgs	V1_c1	1	7	bgs_V1_c1_rep1_env7	15719
0.997	2	0.8020230294548	3112	278.8938529357	bgs	V1_c1	1	7	bgs_V1_c1_rep1_env7	15719
0.999	8	0.993192951205547	107	278.8938529357	bgs	V1_c1	1	7	bgs_V1_c1_rep1_env7	15719
0.995	4	0.959338300290441	644	281.005206615918	bgs	V1_c1	1	8	bgs_V1_c1_rep1_env8	15838
0.997	2	0.803194847834322	3117	281.005206615918	bgs	V1_c1	1	8	bgs_V1_c1_rep1_env8	15838
0.999	8	0.993117817906301	109	281.005206615918	bgs	V1_c1	1	8	bgs_V1_c1_rep1_env8	15838
0.995	4	0.956798866855524	671	275.560992024539	bgs	V1_c1	1	9	bgs_V1_c1_rep1_env9	15532
0.997	2	0.798866855524079	3124	275.560992024539	bgs	V1_c1	1	9	bgs_V1_c1_rep1_env9	15532
0.999	8	0.993239763069792	105	275.560992024539	bgs	V1_c1	1	9	bgs_V1_c1_rep1_env9	15532
0.995	4	0.960934977723252	605	274.77760038267	bgs	V1_c1	1	10	bgs_V1_c1_rep1_env10	15487
0.997	2	0.798798992703558	3116	274.77760038267	bgs	V1_c1	1	10	bgs_V1_c1_rep1_env10	15487
0.999	8	0.99334926067024	103	274.77760038267	bgs	V1_c1	1	10	bgs_V1_c1_rep1_env10	15487
0.995	4	0.954168028767571	701	328.441265639774	bgs	V1_c1	2	1	bgs_V1_c1_rep2_env1	15295
0.997	2	0.812095456031383	2874	328.441265639774	bgs	V1_c1	2	1	bgs_V1_c1_rep2_env1	15295
0.999	8	0.990062111801242	152	328.441265639774	bgs	V1_c1	2	1	bgs_V1_c1_rep2_env1	15295
0.995	4	0.952693148219566	736	334.091692987643	bgs	V1_c1	2	2	bgs_V1_c1_rep2_env2	15558
0.997	2	0.811158246561255	2938	334.091692987643	bgs	V1_c1	2	2	bgs_V1_c1_rep2_env2	15558
0.999	8	0.989201696876205	168	334.091692987643	bgs	V1_c1	2	2	bgs_V1_c1_rep2_env2	15558
0.995	4	0.956280177260401	661	324.661882654968	bgs	V1_c1	2	3	bgs_V1_c1_rep2_env3	15119
0.997	2	0.820887624842913	2708	324.661882654968	bgs	V1_c1	2	3	bgs_V1_c1_rep2_env3	15119
0.999	8	0.988160592631788	179	324.661882654968	bgs	V1_c1	2	3	bgs_V1_c1_rep2_env3	15119
0.995	4	0.955905006418485	687	334.630711062125	bgs	V1_c1	2	4	bgs_V1_c1_rep2_env4	15580
0.997	2	0.811553273427471	2936	334.630711062125	bgs	V1_c1	2	4	bgs_V1_c1_rep2_env4	15580
0.999	8	0.989088575096277	170	334.630711062125	bgs	V1_c1	2	4	bgs_V1_c1_rep2_env4	15580
0.995	4	0.952821166719796	740	336.817958665425	bgs	V1_c1	2	5	bgs_V1_c1_rep2_env5	15685
0.997	2	0.812049729040485	2948	336.817958665425	bgs	V1_c1	2	5	bgs_V1_c1_rep2_env5	15685
0.999	8	0.988906598661141	174	336.817958665425	bgs	V1_c1	2	5	bgs_V1_c1_rep2_env5	15685
0.995	4	0.953963041658618	715	333.56384912708	bgs	V1_c1	2	6	bgs_V1_c1_rep2_env6	15531
0.997	2	0.812246474792351	2916	333.56384912708	bgs	V1_c1	2	6	bgs_V1_c1_rep2_env6	15531
0.999	8	0.988539050930397	178	333.56384912708	bgs	V1_c1	2	6	bgs_V1_c1_rep2_env6	15531
0.995	4	0.953784198414728	723	335.990783320072	bgs	V1_c1	2	7	bgs_V1_c1_rep2_env7	15644
0.997	2	0.809511633853234	2980	335.990783320072	bgs	V1_c1	2	7	bgs_V1_c1_rep2_env7	15644
0.999	8	0.989708514446433	161	335.990783320072	bgs	V1_c1	2	7	bgs_V1_c1_rep2_env7	15644
0.995	4	0.951896333754741	761	339.751858729373	bgs	V1_c1	2	8	bgs_V1_c1_rep2_env8	15820
0.997	2	0.808280657395702	3033	339.751858729373	bgs	V1_c1	2	8	bgs_V1_c1_rep2_env8	15820
0.999	8	0.989127686472819	172	339.751858729373	bgs	V1_c1	2	8	bgs_V1_c1_rep2_env8	15820
0.995	4	0.958500493258797	631	326.480127881439	bgs	V1_c1	2	9	bgs_V1_c1_rep2_env9	15205
0.997	2	0.816178888523512	2795	326.480127881439	bgs	V1_c1	2	9	bgs_V1_c1_rep2_env9	15205
0.999	8	0.9888194672805	170	326.480127881439	bgs	V1_c1	2	9	bgs_V1_c1_rep2_env9	15205
0.995	4	0.956232470158502	671	329.207068132228	bgs	V1_c1	2	10	bgs_V1_c1_rep2_env10	15331
0.997	2	0.81612419281195	2819	329.207068132228	bgs	V1_c1	2	10	bgs_V1_c1_rep2_env10	15331
0.999	8	0.988389537538321	178	329.207068132228	bgs	V1_c1	2	10	bgs_V1_c1_rep2_env10	15331
0.995	4	0.962317718415279	584	462.100540053544	bgs	V1_c1	3	1	bgs_V1_c1_rep3_env1	15498
0.997	2	0.792876500193573	3210	462.100540053544	bgs	V1_c1	3	1	bgs_V1_c1_rep3_env1	15498
0.999	8	0.995934959349593	63	462.100540053544	bgs	V1_c1	3	1	bgs_V1_c1_rep3_env1	15498
0.995	4	0.96068093755955	619	469.539087868948	bgs	V1_c1	3	2	bgs_V1_c1_rep3_env2	15743
0.997	2	0.795337610366512	3222	469.539087868948	bgs	V1_c1	3	2	bgs_V1_c1_rep3_env2	15743
0.999	8	0.996315822905418	58	469.539087868948	bgs	V1_c1	3	2	bgs_V1_c1_rep3_env2	15743
0.995	4	0.961963904521638	588	460.924574325318	bgs	V1_c1	3	3	bgs_V1_c1_rep3_env3	15459
0.997	2	0.795264894236367	3165	460.924574325318	bgs	V1_c1	3	3	bgs_V1_c1_rep3_env3	15459
0.999	8	0.995989391293098	62	460.924574325318	bgs	V1_c1	3	3	bgs_V1_c1_rep3_env3	15459
0.995	4	0.962991322103114	580	467.336901896287	bgs	V1_c1	3	4	bgs_V1_c1_rep3_env4	15672
0.997	2	0.790645737621235	3281	467.336901896287	bgs	V1_c1	3	4	bgs_V1_c1_rep3_env4	15672
0.999	8	0.996171516079633	60	467.336901896287	bgs	V1_c1	3	4	bgs_V1_c1_rep3_env4	15672
0.995	4	0.963303909205549	582	472.88963385074	bgs	V1_c1	3	5	bgs_V1_c1_rep3_env5	15860
0.997	2	0.791488020176545	3307	472.88963385074	bgs	V1_c1	3	5	bgs_V1_c1_rep3_env5	15860
0.999	8	0.995838587641866	66	472.88963385074	bgs	V1_c1	3	5	bgs_V1_c1_rep3_env5	15860
0.995	4	0.960527985784998	622	469.668499520317	bgs	V1_c1	3	6	bgs_V1_c1_rep3_env6	15758
0.997	2	0.79318441426577	3259	469.668499520317	bgs	V1_c1	3	6	bgs_V1_c1_rep3_env6	15758
0.999	8	0.995684731564919	68	469.668499520317	bgs	V1_c1	3	6	bgs_V1_c1_rep3_env6	15758
0.995	4	0.962989186405767	575	462.829332071079	bgs	V1_c1	3	7	bgs_V1_c1_rep3_env7	15536
0.997	2	0.796408341915551	3163	462.829332071079	bgs	V1_c1	3	7	bgs_V1_c1_rep3_env7	15536
0.999	8	0.995236869207003	74	462.829332071079	bgs	V1_c1	3	7	bgs_V1_c1_rep3_env7	15536
0.995	4	0.963232453316162	571	463.053144636245	bgs	V1_c1	3	8	bgs_V1_c1_rep3_env8	15530
0.997	2	0.791951062459755	3231	463.053144636245	bgs	V1_c1	3	8	bgs_V1_c1_rep3_env8	15530
0.999	8	0.996844816484224	49	463.053144636245	bgs	V1_c1	3	8	bgs_V1_c1_rep3_env8	15530
0.995	4	0.964198167978325	555	462.051026683521	bgs	V1_c1	3	9	bgs_V1_c1_rep3_env9	15502
0.997	2	0.791188233776287	3237	462.051026683521	bgs	V1_c1	3	9	bgs_V1_c1_rep3_env9	15502
0.999	8	0.996839117533221	49	462.051026683521	bgs	V1_c1	3	9	bgs_V1_c1_rep3_env9	15502
0.995	4	0.961657117672984	609	473.417021707078	bgs	V1_c1	3	10	bgs_V1_c1_rep3_env10	15883
0.997	2	0.792293647295851	3299	473.417021707078	bgs	V1_c1	3	10	bgs_V1_c1_rep3_env10	15883
0.999	8	0.996222376125417	60	473.417021707078	bgs	V1_c1	3	10	bgs_V1_c1_rep3_env10	15883
0.995	4	0.947150397541257	791	230.009250161546	bgs	V1_c1	4	1	bgs_V1_c1_rep4_env1	14967
0.997	2	0.810583283223091	2835	230.009250161546	bgs	V1_c1	4	1	bgs_V1_c1_rep4_env1	14967
0.999	8	0.987639473508385	185	230.009250161546	bgs	V1_c1	4	1	bgs_V1_c1_rep4_env1	14967
0.995	4	0.946272799365583	813	232.187916929755	bgs	V1_c1	4	2	bgs_V1_c1_rep4_env2	15132
0.997	2	0.814300819455459	2810	232.187916929755	bgs	V1_c1	4	2	bgs_V1_c1_rep4_env2	15132
0.999	8	0.987443827650013	190	232.187916929755	bgs	V1_c1	4	2	bgs_V1_c1_rep4_env2	15132
0.995	4	0.947252893441533	793	230.79624843876	bgs	V1_c1	4	3	bgs_V1_c1_rep4_env3	15034
0.997	2	0.810030597312758	2856	230.79624843876	bgs	V1_c1	4	3	bgs_V1_c1_rep4_env3	15034
0.999	8	0.987228947718505	192	230.79624843876	bgs	V1_c1	4	3	bgs_V1_c1_rep4_env3	15034
0.995	4	0.948796586439096	768	229.993103273681	bgs	V1_c1	4	4	bgs_V1_c1_rep4_env4	14999
0.997	2	0.810254016934462	2846	229.993103273681	bgs	V1_c1	4	4	bgs_V1_c1_rep4_env4	14999
0.999	8	0.989732648843256	154	229.993103273681	bgs	V1_c1	4	4	bgs_V1_c1_rep4_env4	14999
0.995	4	0.943514359602559	830	225.495970283885	bgs	V1_c1	4	5	bgs_V1_c1_rep4_env5	14694
0.997	2	0.820538995508371	2637	225.495970283885	bgs	V1_c1	4	5	bgs_V1_c1_rep4_env5	14694
0.999	8	0.986661222267592	196	225.495970283885	bgs	V1_c1	4	5	bgs_V1_c1_rep4_env5	14694
0.995	4	0.947410411541786	791	230.692763420622	bgs	V1_c1	4	6	bgs_V1_c1_rep4_env6	15041
0.997	2	0.816435077454957	2761	230.692763420622	bgs	V1_c1	4	6	bgs_V1_c1_rep4_env6	15041
0.999	8	0.988298650355694	176	230.692763420622	bgs	V1_c1	4	6	bgs_V1_c1_rep4_env6	15041
0.995	4	0.947551978537894	782	228.80814558226	bgs	V1_c1	4	7	bgs_V1_c1_rep4_env7	14910
0.997	2	0.81046277665996	2826	228.80814558226	bgs	V1_c1	4	7	bgs_V1_c1_rep4_env7	14910
0.999	8	0.988665325285044	169	228.80814558226	bgs	V1_c1	4	7	bgs_V1_c1_rep4_env7	14910
0.995	4	0.948358977745493	782	232.257853549391	bgs	V1_c1	4	8	bgs_V1_c1_rep4_env8	15143
0.997	2	0.811992339694909	2847	232.257853549391	bgs	V1_c1	4	8	bgs_V1_c1_rep4_env8	15143
0.999	8	0.988773690814238	170	232.257853549391	bgs	V1_c1	4	8	bgs_V1_c1_rep4_env8	15143
0.995	4	0.945368483334429	831	233.279338059028	bgs	V1_c1	4	9	bgs_V1_c1_rep4_env9	15211
0.997	2	0.815462494247584	2807	233.279338059028	bgs	V1_c1	4	9	bgs_V1_c1_rep4_env9	15211
0.999	8	0.986983104332391	198	233.279338059028	bgs	V1_c1	4	9	bgs_V1_c1_rep4_env9	15211
0.995	4	0.9450119395065	829	231.441016460206	bgs	V1_c1	4	10	bgs_V1_c1_rep4_env10	15076
0.997	2	0.81440700451048	2798	231.441016460206	bgs	V1_c1	4	10	bgs_V1_c1_rep4_env10	15076
0.999	8	0.987065534624569	195	231.441016460206	bgs	V1_c1	4	10	bgs_V1_c1_rep4_env10	15076
0.995	4	0.955976884617882	678	628.804248350282	bgs	V1_c1	5	1	bgs_V1_c1_rep5_env1	15401
0.997	2	0.807999480553211	2957	628.804248350282	bgs	V1_c1	5	1	bgs_V1_c1_rep5_env1	15401
0.999	8	0.993441984286735	101	628.804248350282	bgs	V1_c1	5	1	bgs_V1_c1_rep5_env1	15401
0.995	4	0.956808336995417	688	650.219529200078	bgs	V1_c1	5	2	bgs_V1_c1_rep5_env2	15929
0.997	2	0.805825852219223	3093	650.219529200078	bgs	V1_c1	5	2	bgs_V1_c1_rep5_env2	15929
0.999	8	0.992152677506435	125	650.219529200078	bgs	V1_c1	5	2	bgs_V1_c1_rep5_env2	15929
0.995	4	0.958701868723815	621	613.876499250566	bgs	V1_c1	5	3	bgs_V1_c1_rep5_env3	15037
0.997	2	0.80760790051207	2893	613.876499250566	bgs	V1_c1	5	3	bgs_V1_c1_rep5_env3	15037
0.999	8	0.993349737314624	100	613.876499250566	bgs	V1_c1	5	3	bgs_V1_c1_rep5_env3	15037
0.995	4	0.958131222874649	656	639.547402246866	bgs	V1_c1	5	4	bgs_V1_c1_rep5_env4	15668
0.997	2	0.807250446770488	3020	639.547402246866	bgs	V1_c1	5	4	bgs_V1_c1_rep5_env4	15668
0.999	8	0.993681388817973	99	639.547402246866	bgs	V1_c1	5	4	bgs_V1_c1_rep5_env4	15668
0.995	4	0.954886743643132	715	646.960780395778	bgs	V1_c1	5	5	bgs_V1_c1_rep5_env5	15849
0.997	2	0.809830273203357	3014	646.960780395778	bgs	V1_c1	5	5	bgs_V1_c1_rep5_env5	15849
0.999	8	0.992365448924222	121	646.960780395778	bgs	V1_c1	5	5	bgs_V1_c1_rep5_env5	15849
0.995	4	0.959138953338489	634	633.429809314603	bgs	V1_c1	5	6	bgs_V1_c1_rep5_env6	15516
0.997	2	0.809164733178654	2961	633.429809314603	bgs	V1_c1	5	6	bgs_V1_c1_rep5_env6	15516
0.999	8	0.993168342356277	106	633.429809314603	bgs	V1_c1	5	6	bgs_V1_c1_rep5_env6	15516
0.995	4	0.957288824014724	673	643.233802526202	bgs	V1_c1	5	7	bgs_V1_c1_rep5_env7	15757
0.997	2	0.810052675001587	2993	643.233802526202	bgs	V1_c1	5	7	bgs_V1_c1_rep5_env7	15757
0.999	8	0.991749698546678	130	643.233802526202	bgs	V1_c1	5	7	bgs_V1_c1_rep5_env7	15757
0.995	4	0.959946764687242	632	644.096550395381	bgs	V1_c1	5	8	bgs_V1_c1_rep5_env8	15779
0.997	2	0.807592369605171	3036	644.096550395381	bgs	V1_c1	5	8	bgs_V1_c1_rep5_env8	15779
0.999	8	0.992141453831041	124	644.096550395381	bgs	V1_c1	5	8	bgs_V1_c1_rep5_env8	15779
0.995	4	0.956604855668132	681	640.586042547355	bgs	V1_c1	5	9	bgs_V1_c1_rep5_env9	15693
0.997	2	0.811635761167399	2956	640.586042547355	bgs	V1_c1	5	9	bgs_V1_c1_rep5_env9	15693
0.999	8	0.992735614605238	114	640.586042547355	bgs	V1_c1	5	9	bgs_V1_c1_rep5_env9	15693
0.995	4	0.956677087985708	679	639.876239696423	bgs	V1_c1	5	10	bgs_V1_c1_rep5_env10	15673
0.997	2	0.807375741721432	3019	639.876239696423	bgs	V1_c1	5	10	bgs_V1_c1_rep5_env10	15673
0.999	8	0.992726344669176	114	639.876239696423	bgs	V1_c1	5	10	bgs_V1_c1_rep5_env10	15673
0.995	4	0.958883994126285	644	458.750689165787	bgs	V1_c1	6	1	bgs_V1_c1_rep6_env1	15663
0.997	2	0.790844665772841	3276	458.750689165787	bgs	V1_c1	6	1	bgs_V1_c1_rep6_env1	15663
0.999	8	0.994892421630594	80	458.750689165787	bgs	V1_c1	6	1	bgs_V1_c1_rep6_env1	15663
0.995	4	0.959959707882146	636	465.043221586625	bgs	V1_c1	6	2	bgs_V1_c1_rep6_env2	15884
0.997	2	0.792243767313019	3300	465.043221586625	bgs	V1_c1	6	2	bgs_V1_c1_rep6_env2	15884
0.999	8	0.996348526819441	58	465.043221586625	bgs	V1_c1	6	2	bgs_V1_c1_rep6_env2	15884
0.995	4	0.957390063883892	687	472.129346398224	bgs	V1_c1	6	3	bgs_V1_c1_rep6_env3	16123
0.997	2	0.798610680394468	3247	472.129346398224	bgs	V1_c1	6	3	bgs_V1_c1_rep6_env3	16123
0.999	8	0.995472306642684	73	472.129346398224	bgs	V1_c1	6	3	bgs_V1_c1_rep6_env3	16123
0.995	4	0.960358216432866	633	467.685297820024	bgs	V1_c1	6	4	bgs_V1_c1_rep6_env4	15968
0.997	2	0.791958917835671	3322	467.685297820024	bgs	V1_c1	6	4	bgs_V1_c1_rep6_env4	15968
0.999	8	0.996117234468938	62	467.685297820024	bgs	V1_c1	6	4	bgs_V1_c1_rep6_env4	15968
0.995	4	0.957314756174794	674	462.491283254851	bgs	V1_c1	6	5	bgs_V1_c1_rep6_env5	15790
0.997	2	0.797846738442052	3192	462.491283254851	bgs	V1_c1	6	5	bgs_V1_c1_rep6_env5	15790
0.999	8	0.995503483217226	71	462.491283254851	bgs	V1_c1	6	5	bgs_V1_c1_rep6_env5	15790
0.995	4	0.958873097723557	654	465.570215919826	bgs	V1_c1	6	6	bgs_V1_c1_rep6_env6	15902
0.997	2	0.794742799647843	3264	465.570215919826	bgs	V1_c1	6	6	bgs_V1_c1_rep6_env6	15902
0.999	8	0.995535152810967	71	465.570215919826	bgs	V1_c1	6	6	bgs_V1_c1_rep6_env6	15902
0.995	4	0.959216863701758	652	468.288982721786	bgs	V1_c1	6	7	bgs_V1_c1_rep6_env7	15987
0.997	2	0.795271157815725	3273	468.288982721786	bgs	V1_c1	6	7	bgs_V1_c1_rep6_env7	15987
0.999	8	0.995558891599425	71	468.288982721786	bgs	V1_c1	6	7	bgs_V1_c1_rep6_env7	15987
0.995	4	0.960804020100502	624	466.211674918447	bgs	V1_c1	6	8	bgs_V1_c1_rep6_env8	15920
0.997	2	0.794158291457286	3277	466.211674918447	bgs	V1_c1	6	8	bgs_V1_c1_rep6_env8	15920
0.999	8	0.995226130653266	76	466.211674918447	bgs	V1_c1	6	8	bgs_V1_c1_rep6_env8	15920
0.995	4	0.96196022551267	614	472.721182099925	bgs	V1_c1	6	9	bgs_V1_c1_rep6_env9	16141
0.997	2	0.794560436156372	3316	472.721182099925	bgs	V1_c1	6	9	bgs_V1_c1_rep6_env9	16141
0.999	8	0.995972988042872	65	472.721182099925	bgs	V1_c1	6	9	bgs_V1_c1_rep6_env9	16141
0.995	4	0.958992311058323	656	468.584728830425	bgs	V1_c1	6	10	bgs_V1_c1_rep6_env10	15997
0.997	2	0.798837281990373	3218	468.584728830425	bgs	V1_c1	6	10	bgs_V1_c1_rep6_env10	15997
0.999	8	0.994498968556604	88	468.584728830425	bgs	V1_c1	6	10	bgs_V1_c1_rep6_env10	15997
0.995	4	0.949852110782468	746	267.096592351295	bgs	V1_c1	7	1	bgs_V1_c1_rep7_env1	14876
0.997	2	0.813054584565744	2781	267.096592351295	bgs	V1_c1	7	1	bgs_V1_c1_rep7_env1	14876
0.999	8	0.989109975799946	162	267.096592351295	bgs	V1_c1	7	1	bgs_V1_c1_rep7_env1	14876
0.995	4	0.94682917029398	794	267.49306193789	bgs	V1_c1	7	2	bgs_V1_c1_rep7_env2	14933
0.997	2	0.813165472443581	2790	267.49306193789	bgs	V1_c1	7	2	bgs_V1_c1_rep7_env2	14933
0.999	8	0.988548851536865	171	267.49306193789	bgs	V1_c1	7	2	bgs_V1_c1_rep7_env2	14933
0.995	4	0.945906722079293	820	271.835857694224	bgs	V1_c1	7	3	bgs_V1_c1_rep7_env3	15159
0.997	2	0.814895441651824	2806	271.835857694224	bgs	V1_c1	7	3	bgs_V1_c1_rep7_env3	15159
0.999	8	0.988059898410185	181	271.835857694224	bgs	V1_c1	7	3	bgs_V1_c1_rep7_env3	15159
0.995	4	0.948183041722746	770	266.897705006624	bgs	V1_c1	7	4	bgs_V1_c1_rep7_env4	14860
0.997	2	0.824562584118439	2607	266.897705006624	bgs	V1_c1	7	4	bgs_V1_c1_rep7_env4	14860
0.999	8	0.986541049798116	200	266.897705006624	bgs	V1_c1	7	4	bgs_V1_c1_rep7_env4	14860
0.995	4	0.947636569487688	740	253.413610624106	bgs	V1_c1	7	5	bgs_V1_c1_rep7_env5	14132
0.997	2	0.818992357769601	2558	253.413610624106	bgs	V1_c1	7	5	bgs_V1_c1_rep7_env5	14132
0.999	8	0.98839513161619	164	253.413610624106	bgs	V1_c1	7	5	bgs_V1_c1_rep7_env5	14132
0.995	4	0.946334388185654	814	271.71336504266	bgs	V1_c1	7	6	bgs_V1_c1_rep7_env6	15168
0.997	2	0.817246835443038	2772	271.71336504266	bgs	V1_c1	7	6	bgs_V1_c1_rep7_env6	15168
0.999	8	0.986880274261603	199	271.71336504266	bgs	V1_c1	7	6	bgs_V1_c1_rep7_env6	15168
0.995	4	0.94407220019144	818	262.044628927176	bgs	V1_c1	7	7	bgs_V1_c1_rep7_env7	14626
0.997	2	0.814781895255025	2709	262.044628927176	bgs	V1_c1	7	7	bgs_V1_c1_rep7_env7	14626
0.999	8	0.98837686312047	170	262.044628927176	bgs	V1_c1	7	7	bgs_V1_c1_rep7_env7	14626
0.995	4	0.94565290591959	807	266.039976407742	bgs	V1_c1	7	8	bgs_V1_c1_rep7_env8	14849
0.997	2	0.820055222573911	2672	266.039976407742	bgs	V1_c1	7	8	bgs_V1_c1_rep7_env8	14849
0.999	8	0.987541248568927	185	266.039976407742	bgs	V1_c1	7	8	bgs_V1_c1_rep7_env8	14849
0.995	4	0.948091091761554	775	267.488910497422	bgs	V1_c1	7	9	bgs_V1_c1_rep7_env9	14930
0.997	2	0.81687876758205	2734	267.488910497422	bgs	V1_c1	7	9	bgs_V1_c1_rep7_env9	14930
0.999	8	0.987474882786336	187	267.488910497422	bgs	V1_c1	7	9	bgs_V1_c1_rep7_env9	14930
0.995	4	0.949024373776247	755	265.680528089155	bgs	V1_c1	7	10	bgs_V1_c1_rep7_env10	14811
0.997	2	0.820268719195193	2662	265.680528089155	bgs	V1_c1	7	10	bgs_V1_c1_rep7_env10	14811
0.999	8	0.988184457497806	175	265.680528089155	bgs	V1_c1	7	10	bgs_V1_c1_rep7_env10	14811
0.995	4	0.958220087225839	661	408.491774833116	bgs	V1_c1	8	1	bgs_V1_c1_rep8_env1	15821
0.997	2	0.789836293533911	3325	408.491774833116	bgs	V1_c1	8	1	bgs_V1_c1_rep8_env1	15821
0.999	8	0.994943429618861	80	408.491774833116	bgs	V1_c1	8	1	bgs_V1_c1_rep8_env1	15821
0.995	4	0.959056433988945	637	401.764312937575	bgs	V1_c1	8	2	bgs_V1_c1_rep8_env2	15558
0.997	2	0.78666923769122	3319	401.764312937575	bgs	V1_c1	8	2	bgs_V1_c1_rep8_env2	15558
0.999	8	0.996272014397737	58	401.764312937575	bgs	V1_c1	8	2	bgs_V1_c1_rep8_env2	15558
0.995	4	0.958926650212012	649	408.03596108389	bgs	V1_c1	8	3	bgs_V1_c1_rep8_env3	15801
0.997	2	0.793683944054174	3260	408.03596108389	bgs	V1_c1	8	3	bgs_V1_c1_rep8_env3	15801
0.999	8	0.994810455034492	82	408.03596108389	bgs	V1_c1	8	3	bgs_V1_c1_rep8_env3	15801
0.995	4	0.956997553753058	668	401.10767068456	bgs	V1_c1	8	4	bgs_V1_c1_rep8_env4	15534
0.997	2	0.793034633706708	3215	401.10767068456	bgs	V1_c1	8	4	bgs_V1_c1_rep8_env4	15534
0.999	8	0.994785631517961	81	401.10767068456	bgs	V1_c1	8	4	bgs_V1_c1_rep8_env4	15534
0.995	4	0.959653811887489	634	405.768020558293	bgs	V1_c1	8	5	bgs_V1_c1_rep8_env5	15714
0.997	2	0.793623520427644	3243	405.768020558293	bgs	V1_c1	8	5	bgs_V1_c1_rep8_env5	15714
0.999	8	0.995481736031564	71	405.768020558293	bgs	V1_c1	8	5	bgs_V1_c1_rep8_env5	15714
0.995	4	0.957413658789925	656	397.788097784495	bgs	V1_c1	8	6	bgs_V1_c1_rep8_env6	15404
0.997	2	0.796091924175539	3141	397.788097784495	bgs	V1_c1	8	6	bgs_V1_c1_rep8_env6	15404
0.999	8	0.994027525318099	92	397.788097784495	bgs	V1_c1	8	6	bgs_V1_c1_rep8_env6	15404
0.995	4	0.961638450320208	605	407.185824160271	bgs	V1_c1	8	7	bgs_V1_c1_rep8_env7	15771
0.997	2	0.793037854289519	3264	407.185824160271	bgs	V1_c1	8	7	bgs_V1_c1_rep8_env7	15771
0.999	8	0.995815103671296	66	407.185824160271	bgs	V1_c1	8	7	bgs_V1_c1_rep8_env7	15771
0.995	4	0.961680129240711	593	399.588848251184	bgs	V1_c1	8	8	bgs_V1_c1_rep8_env8	15475
0.997	2	0.792568659127625	3210	399.588848251184	bgs	V1_c1	8	8	bgs_V1_c1_rep8_env8	15475
0.999	8	0.994830371567044	80	399.588848251184	bgs	V1_c1	8	8	bgs_V1_c1_rep8_env8	15475
0.995	4	0.960254072070939	632	410.593089982453	bgs	V1_c1	8	9	bgs_V1_c1_rep8_env9	15901
0.997	2	0.794855669454751	3262	410.593089982453	bgs	V1_c1	8	9	bgs_V1_c1_rep8_env9	15901
0.999	8	0.995220426388278	76	410.593089982453	bgs	V1_c1	8	9	bgs_V1_c1_rep8_env9	15901
0.995	4	0.956919557758292	678	406.391874352247	bgs	V1_c1	8	10	bgs_V1_c1_rep8_env10	15738
0.997	2	0.79266742915237	3263	406.391874352247	bgs	V1_c1	8	10	bgs_V1_c1_rep8_env10	15738
0.999	8	0.994726140551531	83	406.391874352247	bgs	V1_c1	8	10	bgs_V1_c1_rep8_env10	15738
0.995	4	0.960793150067598	609	383.66864387053	bgs	V1_c1	9	1	bgs_V1_c1_rep9_env1	15533
0.997	2	0.792055623511234	3230	383.66864387053	bgs	V1_c1	9	1	bgs_V1_c1_rep9_env1	15533
0.999	8	0.995300328333226	73	383.66864387053	bgs	V1_c1	9	1	bgs_V1_c1_rep9_env1	15533
0.995	4	0.958553791887125	658	392.105839531797	bgs	V1_c1	9	2	bgs_V1_c1_rep9_env2	15876
0.997	2	0.794280675233056	3266	392.105839531797	bgs	V1_c1	9	2	bgs_V1_c1_rep9_env2	15876
0.999	8	0.994646006550768	85	392.105839531797	bgs	V1_c1	9	2	bgs_V1_c1_rep9_env2	15876
0.995	4	0.959292262324508	635	385.326688557919	bgs	V1_c1	9	3	bgs_V1_c1_rep9_env3	15599
0.997	2	0.794986858131932	3198	385.326688557919	bgs	V1_c1	9	3	bgs_V1_c1_rep9_env3	15599
0.999	8	0.994807359446118	81	385.326688557919	bgs	V1_c1	9	3	bgs_V1_c1_rep9_env3	15599
0.995	4	0.957540911101283	672	390.898687121796	bgs	V1_c1	9	4	bgs_V1_c1_rep9_env4	15827
0.997	2	0.791432362418652	3301	390.898687121796	bgs	V1_c1	9	4	bgs_V1_c1_rep9_env4	15827
0.999	8	0.994566247551652	86	390.898687121796	bgs	V1_c1	9	4	bgs_V1_c1_rep9_env4	15827
0.995	4	0.959581611570248	626	382.578386144161	bgs	V1_c1	9	5	bgs_V1_c1_rep9_env5	15488
0.997	2	0.793323863636364	3201	382.578386144161	bgs	V1_c1	9	5	bgs_V1_c1_rep9_env5	15488
0.999	8	0.994447314049587	86	382.578386144161	bgs	V1_c1	9	5	bgs_V1_c1_rep9_env5	15488
0.995	4	0.958019169329073	657	386.563993952509	bgs	V1_c1	9	6	bgs_V1_c1_rep9_env6	15650
0.997	2	0.79482428115016	3211	386.563993952509	bgs	V1_c1	9	6	bgs_V1_c1_rep9_env6	15650
0.999	8	0.994696485623003	83	386.563993952509	bgs	V1_c1	9	6	bgs_V1_c1_rep9_env6	15650
0.995	4	0.957256838905775	675	390.071475558979	bgs	V1_c1	9	7	bgs_V1_c1_rep9_env7	15792
0.997	2	0.79483282674772	3240	390.071475558979	bgs	V1_c1	9	7	bgs_V1_c1_rep9_env7	15792
0.999	8	0.993731003039514	99	390.071475558979	bgs	V1_c1	9	7	bgs_V1_c1_rep9_env7	15792
0.995	4	0.957448174058148	663	384.822925636236	bgs	V1_c1	9	8	bgs_V1_c1_rep9_env8	15581
0.997	2	0.79308131698864	3224	384.822925636236	bgs	V1_c1	9	8	bgs_V1_c1_rep9_env8	15581
0.999	8	0.994737179898594	82	384.822925636236	bgs	V1_c1	9	8	bgs_V1_c1_rep9_env8	15581
0.995	4	0.960121534371439	630	390.182438816588	bgs	V1_c1	9	9	bgs_V1_c1_rep9_env9	15798
0.997	2	0.79377136346373	3258	390.182438816588	bgs	V1_c1	9	9	bgs_V1_c1_rep9_env9	15798
0.999	8	0.994682871249525	84	390.182438816588	bgs	V1_c1	9	9	bgs_V1_c1_rep9_env9	15798
0.995	4	0.958917197452229	645	387.792097296	bgs	V1_c1	9	10	bgs_V1_c1_rep9_env10	15700
0.997	2	0.792929936305733	3251	387.792097296	bgs	V1_c1	9	10	bgs_V1_c1_rep9_env10	15700
0.999	8	0.995668789808917	68	387.792097296	bgs	V1_c1	9	10	bgs_V1_c1_rep9_env10	15700
0.995	4	0.961506329927383	599	497.16199765384	bgs	V1_c1	10	1	bgs_V1_c1_rep10_env1	15561
0.997	2	0.797763639868903	3147	497.16199765384	bgs	V1_c1	10	1	bgs_V1_c1_rep10_env1	15561
0.999	8	0.994152046783626	91	497.16199765384	bgs	V1_c1	10	1	bgs_V1_c1_rep10_env1	15561
0.995	4	0.961298932384342	609	503.299158608288	bgs	V1_c1	10	2	bgs_V1_c1_rep10_env2	15736
0.997	2	0.797343670564311	3189	503.299158608288	bgs	V1_c1	10	2	bgs_V1_c1_rep10_env2	15736
0.999	8	0.994725470259278	83	503.299158608288	bgs	V1_c1	10	2	bgs_V1_c1_rep10_env2	15736
0.995	4	0.958689188334282	653	505.196263331035	bgs	V1_c1	10	3	bgs_V1_c1_rep10_env3	15807
0.997	2	0.795913203011324	3226	505.196263331035	bgs	V1_c1	10	3	bgs_V1_c1_rep10_env3	15807
0.999	8	0.994559372429936	86	505.196263331035	bgs	V1_c1	10	3	bgs_V1_c1_rep10_env3	15807
0.995	4	0.959398014729427	634	499.075567583797	bgs	V1_c1	10	4	bgs_V1_c1_rep10_env4	15615
0.997	2	0.793019532500801	3232	499.075567583797	bgs	V1_c1	10	4	bgs_V1_c1_rep10_env4	15615
0.999	8	0.994364393211655	88	499.075567583797	bgs	V1_c1	10	4	bgs_V1_c1_rep10_env4	15615
0.995	4	0.959310827134592	640	502.828566531949	bgs	V1_c1	10	5	bgs_V1_c1_rep10_env5	15729
0.997	2	0.78930637675631	3314	502.828566531949	bgs	V1_c1	10	5	bgs_V1_c1_rep10_env5	15729
0.999	8	0.995358891220039	73	502.828566531949	bgs	V1_c1	10	5	bgs_V1_c1_rep10_env5	15729
0.995	4	0.960458053903581	625	505.075923558616	bgs	V1_c1	10	6	bgs_V1_c1_rep10_env6	15806
0.997	2	0.790902189042136	3305	505.075923558616	bgs	V1_c1	10	6	bgs_V1_c1_rep10_env6	15806
0.999	8	0.995444767809692	72	505.075923558616	bgs	V1_c1	10	6	bgs_V1_c1_rep10_env6	15806
0.995	4	0.960333226529958	619	498.627520161902	bgs	V1_c1	10	7	bgs_V1_c1_rep10_env7	15605
0.997	2	0.793848125600769	3217	498.627520161902	bgs	V1_c1	10	7	bgs_V1_c1_rep10_env7	15605
0.999	8	0.995706504325537	67	498.627520161902	bgs	V1_c1	10	7	bgs_V1_c1_rep10_env7	15605
0.995	4	0.958655156746933	637	492.396301073732	bgs	V1_c1	10	8	bgs_V1_c1_rep10_env8	15407
0.997	2	0.795287856169274	3154	492.396301073732	bgs	V1_c1	10	8	bgs_V1_c1_rep10_env8	15407
0.999	8	0.994742649445057	81	492.396301073732	bgs	V1_c1	10	8	bgs_V1_c1_rep10_env8	15407
0.995	4	0.9603230113817	624	502.525793629365	bgs	V1_c1	10	9	bgs_V1_c1_rep10_env9	15727
0.997	2	0.792395243848159	3265	502.525793629365	bgs	V1_c1	10	9	bgs_V1_c1_rep10_env9	15727
0.999	8	0.995167546258028	76	502.525793629365	bgs	V1_c1	10	9	bgs_V1_c1_rep10_env9	15727
0.995	4	0.962457121077373	591	503.036095412226	bgs	V1_c1	10	10	bgs_V1_c1_rep10_env10	15742
0.997	2	0.795959852623555	3212	503.036095412226	bgs	V1_c1	10	10	bgs_V1_c1_rep10_env10	15742
0.999	8	0.994536907635624	86	503.036095412226	bgs	V1_c1	10	10	bgs_V1_c1_rep10_env10	15742
0.995	4	0.959350115592088	633	276.256953170366	bgs	V2_c1	1	1	bgs_V2_c1_rep1_env1	15572
0.997	2	0.795209350115592	3189	276.256953170366	bgs	V2_c1	1	1	bgs_V2_c1_rep1_env1	15572
0.999	8	0.994541484716157	85	276.256953170366	bgs	V2_c1	1	1	bgs_V2_c1_rep1_env1	15572
0.995	4	0.957333845071324	667	277.358640903273	bgs	V2_c1	1	2	bgs_V2_c1_rep1_env2	15633
0.997	2	0.793513720974861	3228	277.358640903273	bgs	V2_c1	1	2	bgs_V2_c1_rep1_env2	15633
0.999	8	0.993603275123137	100	277.358640903273	bgs	V2_c1	1	2	bgs_V2_c1_rep1_env2	15633
0.995	4	0.95936038427506	643	280.686625977691	bgs	V2_c1	1	3	bgs_V2_c1_rep1_env3	15822
0.997	2	0.7968019213753	3215	280.686625977691	bgs	V2_c1	1	3	bgs_V2_c1_rep1_env3	15822
0.999	8	0.993932499051953	96	280.686625977691	bgs	V2_c1	1	3	bgs_V2_c1_rep1_env3	15822
0.995	4	0.959585166561911	643	282.251856045451	bgs	V2_c1	1	4	bgs_V2_c1_rep1_env4	15910
0.997	2	0.801068510370836	3165	282.251856045451	bgs	V2_c1	1	4	bgs_V2_c1_rep1_env4	15910
0.999	8	0.993777498428661	99	282.251856045451	bgs	V2_c1	1	4	bgs_V2_c1_rep1_env4	15910
0.995	4	0.95800241438465	661	279.229474965913	bgs	V2_c1	1	5	bgs_V2_c1_rep1_env5	15739
0.997	2	0.800622657093843	3138	279.229474965913	bgs	V2_c1	1	5	bgs_V2_c1_rep1_env5	15739
0.999	8	0.993201601118241	107	279.229474965913	bgs	V2_c1	1	5	bgs_V2_c1_rep1_env5	15739
0.995	4	0.96008982996471	622	276.520228284171	bgs	V2_c1	1	6	bgs_V2_c1_rep1_env6	15585
0.997	2	0.79916586461341	3130	276.520228284171	bgs	V2_c1	1	6	bgs_V2_c1_rep1_env6	15585
0.999	8	0.994161052293872	91	276.520228284171	bgs	V2_c1	1	6	bgs_V2_c1_rep1_env6	15585
0.995	4	0.958582545501318	644	275.871167579253	bgs	V2_c1	1	7	bgs_V2_c1_rep1_env7	15549
0.997	2	0.797350311917165	3151	275.871167579253	bgs	V2_c1	1	7	bgs_V2_c1_rep1_env7	15549
0.999	8	0.993633031063091	99	275.871167579253	bgs	V2_c1	1	7	bgs_V2_c1_rep1_env7	15549
0.995	4	0.956964457252642	672	277.02110714559	bgs	V2_c1	1	8	bgs_V2_c1_rep1_env8	15615
0.997	2	0.797886647454371	3156	277.02110714559	bgs	V2_c1	1	8	bgs_V2_c1_rep1_env8	15615
0.999	8	0.993467819404419	102	277.02110714559	bgs	V2_c1	1	8	bgs_V2_c1_rep1_env8	15615
0.995	4	0.959329680953916	631	275.28918894198	bgs	V2_c1	1	9	bgs_V2_c1_rep1_env9	15515
0.997	2	0.801546890106349	3079	275.28918894198	bgs	V2_c1	1	9	bgs_V2_c1_rep1_env9	15515
0.999	8	0.994199162101192	90	275.28918894198	bgs	V2_c1	1	9	bgs_V2_c1_rep1_env9	15515
0.995	4	0.960744457854284	618	279.30795709746	bgs	V2_c1	1	10	bgs_V2_c1_rep1_env10	15743
0.997	2	0.800292193355777	3144	279.30795709746	bgs	V2_c1	1	10	bgs_V2_c1_rep1_env10	15743
0.999	8	0.993457409642381	103	279.30795709746	bgs	V2_c1	1	10	bgs_V2_c1_rep1_env10	15743
0.995	4	0.954616081833484	701	331.659774874172	bgs	V2_c1	2	1	bgs_V2_c1_rep2_env1	15446
0.997	2	0.816392593551729	2836	331.659774874172	bgs	V2_c1	2	1	bgs_V2_c1_rep2_env1	15446
0.999	8	0.989706072769649	159	331.659774874172	bgs	V2_c1	2	1	bgs_V2_c1_rep2_env1	15446
0.995	4	0.953575828308371	716	331.132645623165	bgs	V2_c1	2	2	bgs_V2_c1_rep2_env2	15423
0.997	2	0.811969137003177	2900	331.132645623165	bgs	V2_c1	2	2	bgs_V2_c1_rep2_env2	15423
0.999	8	0.989366530506387	164	331.132645623165	bgs	V2_c1	2	2	bgs_V2_c1_rep2_env2	15423
0.995	4	0.950832266325224	768	335.335319540318	bgs	V2_c1	2	3	bgs_V2_c1_rep2_env3	15620
0.997	2	0.814980793854033	2890	335.335319540318	bgs	V2_c1	2	3	bgs_V2_c1_rep2_env3	15620
0.999	8	0.98898847631242	172	335.335319540318	bgs	V2_c1	2	3	bgs_V2_c1_rep2_env3	15620
0.995	4	0.953681099832969	721	334.279700368049	bgs	V2_c1	2	4	bgs_V2_c1_rep2_env4	15566
0.997	2	0.813953488372093	2896	334.279700368049	bgs	V2_c1	2	4	bgs_V2_c1_rep2_env4	15566
0.999	8	0.988629063343184	177	334.279700368049	bgs	V2_c1	2	4	bgs_V2_c1_rep2_env4	15566
0.995	4	0.952730129632054	722	327.898851040193	bgs	V2_c1	2	5	bgs_V2_c1_rep2_env5	15274
0.997	2	0.813866701584392	2843	327.898851040193	bgs	V2_c1	2	5	bgs_V2_c1_rep2_env5	15274
0.999	8	0.989786565405264	156	327.898851040193	bgs	V2_c1	2	5	bgs_V2_c1_rep2_env5	15274
0.995	4	0.953370895667379	720	331.636719025434	bgs	V2_c1	2	6	bgs_V2_c1_rep2_env6	15441
0.997	2	0.81251214299592	2895	331.636719025434	bgs	V2_c1	2	6	bgs_V2_c1_rep2_env6	15441
0.999	8	0.98950845152516	162	331.636719025434	bgs	V2_c1	2	6	bgs_V2_c1_rep2_env6	15441
0.995	4	0.955017301038062	689	328.921472140585	bgs	V2_c1	2	7	bgs_V2_c1_rep2_env7	15317
0.997	2	0.806881243063263	2958	328.921472140585	bgs	V2_c1	2	7	bgs_V2_c1_rep2_env7	15317
0.999	8	0.991120976692564	136	328.921472140585	bgs	V2_c1	2	7	bgs_V2_c1_rep2_env7	15317
0.995	4	0.951626463170148	748	332.39524057651	bgs	V2_c1	2	8	bgs_V2_c1_rep2_env8	15463
0.997	2	0.820733363512902	2772	332.39524057651	bgs	V2_c1	2	8	bgs_V2_c1_rep2_env8	15463
0.999	8	0.989006014356852	170	332.39524057651	bgs	V2_c1	2	8	bgs_V2_c1_rep2_env8	15463
0.995	4	0.954655976867977	690	326.818132850229	bgs	V2_c1	2	9	bgs_V2_c1_rep2_env9	15217
0.997	2	0.809620818821055	2897	326.818132850229	bgs	V2_c1	2	9	bgs_V2_c1_rep2_env9	15217
0.999	8	0.990011171715844	152	326.818132850229	bgs	V2_c1	2	9	bgs_V2_c1_rep2_env9	15217
0.995	4	0.953206465067779	718	329.401595545419	bgs	V2_c1	2	10	bgs_V2_c1_rep2_env10	15344
0.997	2	0.813347236704901	2864	329.401595545419	bgs	V2_c1	2	10	bgs_V2_c1_rep2_env10	15344
0.999	8	0.989181438998957	166	329.401595545419	bgs	V2_c1	2	10	bgs_V2_c1_rep2_env10	15344
0.995	4	0.962687042343203	586	467.744455523117	bgs	V2_c1	3	1	bgs_V2_c1_rep3_env1	15705
0.997	2	0.798535498248965	3164	467.744455523117	bgs	V2_c1	3	1	bgs_V2_c1_rep3_env1	15705
0.999	8	0.99554282075772	70	467.744455523117	bgs	V2_c1	3	1	bgs_V2_c1_rep3_env1	15705
0.995	4	0.963523302775819	569	464.596573571231	bgs	V2_c1	3	2	bgs_V2_c1_rep3_env2	15599
0.997	2	0.796268991602026	3178	464.596573571231	bgs	V2_c1	3	2	bgs_V2_c1_rep3_env2	15599
0.999	8	0.994999679466632	78	464.596573571231	bgs	V2_c1	3	2	bgs_V2_c1_rep3_env2	15599
0.995	4	0.960345605777291	615	461.901701933095	bgs	V2_c1	3	3	bgs_V2_c1_rep3_env3	15509
0.997	2	0.799277838674318	3113	461.901701933095	bgs	V2_c1	3	3	bgs_V2_c1_rep3_env3	15509
0.999	8	0.996066799922626	61	461.901701933095	bgs	V2_c1	3	3	bgs_V2_c1_rep3_env3	15509
0.995	4	0.959551411290323	642	472.653656660358	bgs	V2_c1	3	4	bgs_V2_c1_rep3_env4	15872
0.997	2	0.798954133064516	3191	472.653656660358	bgs	V2_c1	3	4	bgs_V2_c1_rep3_env4	15872
0.999	8	0.994833669354839	82	472.653656660358	bgs	V2_c1	3	4	bgs_V2_c1_rep3_env4	15872
0.995	4	0.962329204443877	590	466.453791158136	bgs	V2_c1	3	5	bgs_V2_c1_rep3_env5	15662
0.997	2	0.796194611160771	3192	466.453791158136	bgs	V2_c1	3	5	bgs_V2_c1_rep3_env5	15662
0.999	8	0.995785978802197	66	466.453791158136	bgs	V2_c1	3	5	bgs_V2_c1_rep3_env5	15662
0.995	4	0.961272564332352	605	465.208885102577	bgs	V2_c1	3	6	bgs_V2_c1_rep3_env6	15622
0.997	2	0.797081039559595	3170	465.208885102577	bgs	V2_c1	3	6	bgs_V2_c1_rep3_env6	15622
0.999	8	0.995327102803738	73	465.208885102577	bgs	V2_c1	3	6	bgs_V2_c1_rep3_env6	15622
0.995	4	0.9600025395213	630	469.082236182415	bgs	V2_c1	3	7	bgs_V2_c1_rep3_env7	15751
0.997	2	0.798298520728843	3177	469.082236182415	bgs	V2_c1	3	7	bgs_V2_c1_rep3_env7	15751
0.999	8	0.995682813789601	68	469.082236182415	bgs	V2_c1	3	7	bgs_V2_c1_rep3_env7	15751
0.995	4	0.960161626365301	631	471.897996145148	bgs	V2_c1	3	8	bgs_V2_c1_rep3_env8	15839
0.997	2	0.799797967043374	3171	471.897996145148	bgs	V2_c1	3	8	bgs_V2_c1_rep3_env8	15839
0.999	8	0.995201717280131	76	471.897996145148	bgs	V2_c1	3	8	bgs_V2_c1_rep3_env8	15839
0.995	4	0.965211052945464	525	449.618263934233	bgs	V2_c1	3	9	bgs_V2_c1_rep3_env9	15091
0.997	2	0.800410840898549	3012	449.618263934233	bgs	V2_c1	3	9	bgs_V2_c1_rep3_env9	15091
0.999	8	0.996487972964018	53	449.618263934233	bgs	V2_c1	3	9	bgs_V2_c1_rep3_env9	15091
0.995	4	0.964124419566185	564	468.157014639458	bgs	V2_c1	3	10	bgs_V2_c1_rep3_env10	15721
0.997	2	0.797404745245213	3185	468.157014639458	bgs	V2_c1	3	10	bgs_V2_c1_rep3_env10	15721
0.999	8	0.997010368297182	47	468.157014639458	bgs	V2_c1	3	10	bgs_V2_c1_rep3_env10	15721
0.995	4	0.949921031850487	761	232.907799931403	bgs	V2_c1	4	1	bgs_V2_c1_rep4_env1	15196
0.997	2	0.816135825217162	2794	232.907799931403	bgs	V2_c1	4	1	bgs_V2_c1_rep4_env1	15196
0.999	8	0.987036062121611	197	232.907799931403	bgs	V2_c1	4	1	bgs_V2_c1_rep4_env1	15196
0.995	4	0.951001785360048	741	231.862934738978	bgs	V2_c1	4	2	bgs_V2_c1_rep4_env2	15123
0.997	2	0.818422270713483	2746	231.862934738978	bgs	V2_c1	4	2	bgs_V2_c1_rep4_env2	15123
0.999	8	0.987436355220525	190	231.862934738978	bgs	V2_c1	4	2	bgs_V2_c1_rep4_env2	15123
0.995	4	0.949544914918876	765	232.38801337048	bgs	V2_c1	4	3	bgs_V2_c1_rep4_env3	15162
0.997	2	0.816119245482126	2788	232.38801337048	bgs	V2_c1	4	3	bgs_V2_c1_rep4_env3	15162
0.999	8	0.98812821527503	180	232.38801337048	bgs	V2_c1	4	3	bgs_V2_c1_rep4_env3	15162
0.995	4	0.948687191789951	770	229.997000965402	bgs	V2_c1	4	4	bgs_V2_c1_rep4_env4	15006
0.997	2	0.818472610955618	2724	229.997000965402	bgs	V2_c1	4	4	bgs_V2_c1_rep4_env4	15006
0.999	8	0.987471677995469	188	229.997000965402	bgs	V2_c1	4	4	bgs_V2_c1_rep4_env4	15006
0.995	4	0.950904562139486	749	233.7959958298	bgs	V2_c1	4	5	bgs_V2_c1_rep4_env5	15256
0.997	2	0.816006816990037	2807	233.7959958298	bgs	V2_c1	4	5	bgs_V2_c1_rep4_env5	15256
0.999	8	0.987283691662297	194	233.7959958298	bgs	V2_c1	4	5	bgs_V2_c1_rep4_env5	15256
0.995	4	0.950997573469938	727	227.484026361774	bgs	V2_c1	4	6	bgs_V2_c1_rep4_env6	14836
0.997	2	0.817133998382313	2713	227.484026361774	bgs	V2_c1	4	6	bgs_V2_c1_rep4_env6	14836
0.999	8	0.988608789431114	169	227.484026361774	bgs	V2_c1	4	6	bgs_V2_c1_rep4_env6	14836
0.995	4	0.94989741213846	757	231.574358328742	bgs	V2_c1	4	7	bgs_V2_c1_rep4_env7	15109
0.997	2	0.816400820702892	2774	231.574358328742	bgs	V2_c1	4	7	bgs_V2_c1_rep4_env7	15109
0.999	8	0.988483685220729	174	231.574358328742	bgs	V2_c1	4	7	bgs_V2_c1_rep4_env7	15109
0.995	4	0.950036885520757	745	228.539629164066	bgs	V2_c1	4	8	bgs_V2_c1_rep4_env8	14911
0.997	2	0.82174233787137	2658	228.539629164066	bgs	V2_c1	4	8	bgs_V2_c1_rep4_env8	14911
0.999	8	0.986251760445309	205	228.539629164066	bgs	V2_c1	4	8	bgs_V2_c1_rep4_env8	14911
0.995	4	0.947974155337192	773	227.865063088395	bgs	V2_c1	4	9	bgs_V2_c1_rep4_env9	14858
0.997	2	0.820231525104321	2671	227.865063088395	bgs	V2_c1	4	9	bgs_V2_c1_rep4_env9	14858
0.999	8	0.987279580024229	189	227.865063088395	bgs	V2_c1	4	9	bgs_V2_c1_rep4_env9	14858
0.995	4	0.950393224440411	738	227.996974017172	bgs	V2_c1	4	10	bgs_V2_c1_rep4_env10	14877
0.997	2	0.811252268602541	2808	227.996974017172	bgs	V2_c1	4	10	bgs_V2_c1_rep4_env10	14877
0.999	8	0.988572964979499	170	227.996974017172	bgs	V2_c1	4	10	bgs_V2_c1_rep4_env10	14877
0.995	4	0.960472051265783	623	643.282885495769	bgs	V2_c1	5	1	bgs_V2_c1_rep5_env1	15761
0.997	2	0.805278852864666	3069	643.282885495769	bgs	V2_c1	5	1	bgs_V2_c1_rep5_env1	15761
0.999	8	0.992640060909841	116	643.282885495769	bgs	V2_c1	5	1	bgs_V2_c1_rep5_env1	15761
0.995	4	0.954707606064467	711	640.793097591303	bgs	V2_c1	5	2	bgs_V2_c1_rep5_env2	15698
0.997	2	0.805962542999108	3046	640.793097591303	bgs	V2_c1	5	2	bgs_V2_c1_rep5_env2	15698
0.999	8	0.992483118868646	118	640.793097591303	bgs	V2_c1	5	2	bgs_V2_c1_rep5_env2	15698
0.995	4	0.95970217490693	617	625.051182673913	bgs	V2_c1	5	3	bgs_V2_c1_rep5_env3	15311
0.997	2	0.804127751289922	2999	625.051182673913	bgs	V2_c1	5	3	bgs_V2_c1_rep5_env3	15311
0.999	8	0.993729998040624	96	625.051182673913	bgs	V2_c1	5	3	bgs_V2_c1_rep5_env3	15311
0.995	4	0.957684319833852	652	628.876911058487	bgs	V2_c1	5	4	bgs_V2_c1_rep5_env4	15408
0.997	2	0.803997923156802	3020	628.876911058487	bgs	V2_c1	5	4	bgs_V2_c1_rep5_env4	15408
0.999	8	0.992860851505711	110	628.876911058487	bgs	V2_c1	5	4	bgs_V2_c1_rep5_env4	15408
0.995	4	0.958982772764561	650	646.801912088	bgs	V2_c1	5	5	bgs_V2_c1_rep5_env5	15847
0.997	2	0.805325929197955	3085	646.801912088	bgs	V2_c1	5	5	bgs_V2_c1_rep5_env5	15847
0.999	8	0.992995519656717	111	646.801912088	bgs	V2_c1	5	5	bgs_V2_c1_rep5_env5	15847
0.995	4	0.957967907490418	647	628.271712801829	bgs	V2_c1	5	6	bgs_V2_c1_rep5_env6	15393
0.997	2	0.801987916585461	3048	628.271712801829	bgs	V2_c1	5	6	bgs_V2_c1_rep5_env6	15393
0.999	8	0.992139284090171	121	628.271712801829	bgs	V2_c1	5	6	bgs_V2_c1_rep5_env6	15393
0.995	4	0.959794806027573	627	636.518115705565	bgs	V2_c1	5	7	bgs_V2_c1_rep5_env7	15595
0.997	2	0.807245912151331	3006	636.518115705565	bgs	V2_c1	5	7	bgs_V2_c1_rep5_env7	15595
0.999	8	0.993459442128887	102	636.518115705565	bgs	V2_c1	5	7	bgs_V2_c1_rep5_env7	15595
0.995	4	0.959599203545507	629	635.500851531955	bgs	V2_c1	5	8	bgs_V2_c1_rep5_env8	15569
0.997	2	0.810392446528358	2952	635.500851531955	bgs	V2_c1	5	8	bgs_V2_c1_rep5_env8	15569
0.999	8	0.993384289292825	103	635.500851531955	bgs	V2_c1	5	8	bgs_V2_c1_rep5_env8	15569
0.995	4	0.957160264221125	668	636.464488542843	bgs	V2_c1	5	9	bgs_V2_c1_rep5_env9	15593
0.997	2	0.803116783171936	3070	636.464488542843	bgs	V2_c1	5	9	bgs_V2_c1_rep5_env9	15593
0.999	8	0.993330340537421	104	636.464488542843	bgs	V2_c1	5	9	bgs_V2_c1_rep5_env9	15593
0.995	4	0.958047780695574	655	637.251104526405	bgs	V2_c1	5	10	bgs_V2_c1_rep5_env10	15613
0.997	2	0.805738807404086	3033	637.251104526405	bgs	V2_c1	5	10	bgs_V2_c1_rep5_env10	15613
0.999	8	0.993210785883559	106	637.251104526405	bgs	V2_c1	5	10	bgs_V2_c1_rep5_env10	15613
0.995	4	0.960508912263022	627	464.867282542862	bgs	V2_c1	6	1	bgs_V2_c1_rep6_env1	15877
0.997	2	0.794419600680229	3264	464.867282542862	bgs	V2_c1	6	1	bgs_V2_c1_rep6_env1	15877
0.999	8	0.995402154059331	73	464.867282542862	bgs	V2_c1	6	1	bgs_V2_c1_rep6_env1	15877
0.995	4	0.960074626865672	642	470.810978351654	bgs	V2_c1	6	2	bgs_V2_c1_rep6_env2	16080
0.997	2	0.796019900497513	3280	470.810978351654	bgs	V2_c1	6	2	bgs_V2_c1_rep6_env2	16080
0.999	8	0.994589552238806	87	470.810978351654	bgs	V2_c1	6	2	bgs_V2_c1_rep6_env2	16080
0.995	4	0.956543772963385	686	462.276281677536	bgs	V2_c1	6	3	bgs_V2_c1_rep6_env3	15786
0.997	2	0.795071582414798	3235	462.276281677536	bgs	V2_c1	6	3	bgs_V2_c1_rep6_env3	15786
0.999	8	0.995185607500317	76	462.276281677536	bgs	V2_c1	6	3	bgs_V2_c1_rep6_env3	15786
0.995	4	0.960295240519216	624	460.117751030156	bgs	V2_c1	6	4	bgs_V2_c1_rep6_env4	15716
0.997	2	0.796004072283024	3206	460.117751030156	bgs	V2_c1	6	4	bgs_V2_c1_rep6_env4	15716
0.999	8	0.995291422753881	74	460.117751030156	bgs	V2_c1	6	4	bgs_V2_c1_rep6_env4	15716
0.995	4	0.959266031906173	646	464.304365842915	bgs	V2_c1	6	5	bgs_V2_c1_rep6_env5	15859
0.997	2	0.797023771990668	3219	464.304365842915	bgs	V2_c1	6	5	bgs_V2_c1_rep6_env5	15859
0.999	8	0.994703323034239	84	464.304365842915	bgs	V2_c1	6	5	bgs_V2_c1_rep6_env5	15859
0.995	4	0.960012674271229	631	462.100578035698	bgs	V2_c1	6	6	bgs_V2_c1_rep6_env6	15780
0.997	2	0.793472750316857	3259	462.100578035698	bgs	V2_c1	6	6	bgs_V2_c1_rep6_env6	15780
0.999	8	0.995183776932826	76	462.100578035698	bgs	V2_c1	6	6	bgs_V2_c1_rep6_env6	15780
0.995	4	0.958825772016775	648	460.849235213696	bgs	V2_c1	6	7	bgs_V2_c1_rep6_env7	15738
0.997	2	0.792540348201805	3265	460.849235213696	bgs	V2_c1	6	7	bgs_V2_c1_rep6_env7	15738
0.999	8	0.995933409581904	64	460.849235213696	bgs	V2_c1	6	7	bgs_V2_c1_rep6_env7	15738
0.995	4	0.959804044718	640	466.107811538929	bgs	V2_c1	6	8	bgs_V2_c1_rep6_env8	15922
0.997	2	0.791985931415651	3312	466.107811538929	bgs	V2_c1	6	8	bgs_V2_c1_rep6_env8	15922
0.999	8	0.995289536490391	75	466.107811538929	bgs	V2_c1	6	8	bgs_V2_c1_rep6_env8	15922
0.995	4	0.959570594513152	644	466.463885141358	bgs	V2_c1	6	9	bgs_V2_c1_rep6_env9	15929
0.997	2	0.792705129009982	3302	466.463885141358	bgs	V2_c1	6	9	bgs_V2_c1_rep6_env9	15929
0.999	8	0.995731056563501	68	466.463885141358	bgs	V2_c1	6	9	bgs_V2_c1_rep6_env9	15929
0.995	4	0.95875510845646	656	465.743722005962	bgs	V2_c1	6	10	bgs_V2_c1_rep6_env10	15905
0.997	2	0.793901288902861	3278	465.743722005962	bgs	V2_c1	6	10	bgs_V2_c1_rep6_env10	15905
0.999	8	0.995787488211254	67	465.743722005962	bgs	V2_c1	6	10	bgs_V2_c1_rep6_env10	15905
0.995	4	0.951785956811083	710	264.453935845336	bgs	V2_c1	7	1	bgs_V2_c1_rep7_env1	14726
0.997	2	0.811625696047807	2774	264.453935845336	bgs	V2_c1	7	1	bgs_V2_c1_rep7_env1	14726
0.999	8	0.989949748743719	148	264.453935845336	bgs	V2_c1	7	1	bgs_V2_c1_rep7_env1	14726
0.995	4	0.948873306555926	751	263.263727149451	bgs	V2_c1	7	2	bgs_V2_c1_rep7_env2	14689
0.997	2	0.816052828647287	2702	263.263727149451	bgs	V2_c1	7	2	bgs_V2_c1_rep7_env2	14689
0.999	8	0.988154401252638	174	263.263727149451	bgs	V2_c1	7	2	bgs_V2_c1_rep7_env2	14689
0.995	4	0.948890106878597	746	261.449564442687	bgs	V2_c1	7	3	bgs_V2_c1_rep7_env3	14596
0.997	2	0.815428884625925	2694	261.449564442687	bgs	V2_c1	7	3	bgs_V2_c1_rep7_env3	14596
0.999	8	0.989106604549191	159	261.449564442687	bgs	V2_c1	7	3	bgs_V2_c1_rep7_env3	14596
0.995	4	0.951027606321644	722	264.387372422961	bgs	V2_c1	7	4	bgs_V2_c1_rep7_env4	14743
0.997	2	0.813402970901445	2751	264.387372422961	bgs	V2_c1	7	4	bgs_V2_c1_rep7_env4	14743
0.999	8	0.988876076782202	164	264.387372422961	bgs	V2_c1	7	4	bgs_V2_c1_rep7_env4	14743
0.995	4	0.951723194748359	706	262.093742601506	bgs	V2_c1	7	5	bgs_V2_c1_rep7_env5	14624
0.997	2	0.812568380743983	2741	262.093742601506	bgs	V2_c1	7	5	bgs_V2_c1_rep7_env5	14624
0.999	8	0.989469365426696	154	262.093742601506	bgs	V2_c1	7	5	bgs_V2_c1_rep7_env5	14624
0.995	4	0.950547558371789	718	260.231937472211	bgs	V2_c1	7	6	bgs_V2_c1_rep7_env6	14519
0.997	2	0.812314897720229	2725	260.231937472211	bgs	V2_c1	7	6	bgs_V2_c1_rep7_env6	14519
0.999	8	0.990564088435843	137	260.231937472211	bgs	V2_c1	7	6	bgs_V2_c1_rep7_env6	14519
0.995	4	0.94668666484865	782	262.733196534623	bgs	V2_c1	7	7	bgs_V2_c1_rep7_env7	14668
0.997	2	0.819266430324516	2651	262.733196534623	bgs	V2_c1	7	7	bgs_V2_c1_rep7_env7	14668
0.999	8	0.988137442050723	174	262.733196534623	bgs	V2_c1	7	7	bgs_V2_c1_rep7_env7	14668
0.995	4	0.948719723183391	741	258.897375606575	bgs	V2_c1	7	8	bgs_V2_c1_rep7_env8	14450
0.997	2	0.81598615916955	2659	258.897375606575	bgs	V2_c1	7	8	bgs_V2_c1_rep7_env8	14450
0.999	8	0.98878892733564	162	258.897375606575	bgs	V2_c1	7	8	bgs_V2_c1_rep7_env8	14450
0.995	4	0.950612188746733	718	260.391064105153	bgs	V2_c1	7	9	bgs_V2_c1_rep7_env9	14538
0.997	2	0.820057779612051	2616	260.391064105153	bgs	V2_c1	7	9	bgs_V2_c1_rep7_env9	14538
0.999	8	0.98865043334709	165	260.391064105153	bgs	V2_c1	7	9	bgs_V2_c1_rep7_env9	14538
0.995	4	0.949643805000698	721	256.762195007247	bgs	V2_c1	7	10	bgs_V2_c1_rep7_env10	14318
0.997	2	0.81792149741584	2607	256.762195007247	bgs	V2_c1	7	10	bgs_V2_c1_rep7_env10	14318
0.999	8	0.988964939237324	158	256.762195007247	bgs	V2_c1	7	10	bgs_V2_c1_rep7_env10	14318
0.995	4	0.959049703032198	655	413.058815056021	bgs	V2_c1	8	1	bgs_V2_c1_rep8_env1	15995
0.997	2	0.794060643951235	3294	413.058815056021	bgs	V2_c1	8	1	bgs_V2_c1_rep8_env1	15995
0.999	8	0.995060956548922	79	413.058815056021	bgs	V2_c1	8	1	bgs_V2_c1_rep8_env1	15995
0.995	4	0.960546282245827	624	408.488935221264	bgs	V2_c1	8	2	bgs_V2_c1_rep8_env2	15816
0.997	2	0.791729893778452	3294	408.488935221264	bgs	V2_c1	8	2	bgs_V2_c1_rep8_env2	15816
0.999	8	0.995763783510369	67	408.488935221264	bgs	V2_c1	8	2	bgs_V2_c1_rep8_env2	15816
0.995	4	0.956754758824617	702	419.262033734671	bgs	V2_c1	8	3	bgs_V2_c1_rep8_env3	16233
0.997	2	0.790550113965379	3400	419.262033734671	bgs	V2_c1	8	3	bgs_V2_c1_rep8_env3	16233
0.999	8	0.993901312141933	99	419.262033734671	bgs	V2_c1	8	3	bgs_V2_c1_rep8_env3	16233
0.995	4	0.959417012187461	646	411.041613741422	bgs	V2_c1	8	4	bgs_V2_c1_rep8_env4	15918
0.997	2	0.791368262344516	3321	411.041613741422	bgs	V2_c1	8	4	bgs_V2_c1_rep8_env4	15918
0.999	8	0.995853750471165	66	411.041613741422	bgs	V2_c1	8	4	bgs_V2_c1_rep8_env4	15918
0.995	4	0.957858048162231	665	407.570648032681	bgs	V2_c1	8	5	bgs_V2_c1_rep8_env5	15780
0.997	2	0.788339670468948	3340	407.570648032681	bgs	V2_c1	8	5	bgs_V2_c1_rep8_env5	15780
0.999	8	0.99575411913815	67	407.570648032681	bgs	V2_c1	8	5	bgs_V2_c1_rep8_env5	15780
0.995	4	0.957284851534977	679	410.581789953733	bgs	V2_c1	8	6	bgs_V2_c1_rep8_env6	15896
0.997	2	0.790450427780574	3331	410.581789953733	bgs	V2_c1	8	6	bgs_V2_c1_rep8_env6	15896
0.999	8	0.995659285354806	69	410.581789953733	bgs	V2_c1	8	6	bgs_V2_c1_rep8_env6	15896
0.995	4	0.957109468763818	679	408.822086753333	bgs	V2_c1	8	7	bgs_V2_c1_rep8_env7	15831
0.997	2	0.795717263596741	3234	408.822086753333	bgs	V2_c1	8	7	bgs_V2_c1_rep8_env7	15831
0.999	8	0.995009790916556	79	408.822086753333	bgs	V2_c1	8	7	bgs_V2_c1_rep8_env7	15831
0.995	4	0.955611285266458	708	411.905882578984	bgs	V2_c1	8	8	bgs_V2_c1_rep8_env8	15950
0.997	2	0.790219435736677	3346	411.905882578984	bgs	V2_c1	8	8	bgs_V2_c1_rep8_env8	15950
0.999	8	0.99435736677116	90	411.905882578984	bgs	V2_c1	8	8	bgs_V2_c1_rep8_env8	15950
0.995	4	0.960170607790253	635	411.771983233651	bgs	V2_c1	8	9	bgs_V2_c1_rep8_env9	15943
0.997	2	0.791193627297246	3329	411.771983233651	bgs	V2_c1	8	9	bgs_V2_c1_rep8_env9	15943
0.999	8	0.995358464529888	74	411.771983233651	bgs	V2_c1	8	9	bgs_V2_c1_rep8_env9	15943
0.995	4	0.958851917703835	648	406.7156953467	bgs	V2_c1	8	10	bgs_V2_c1_rep8_env10	15748
0.997	2	0.787782575565151	3342	406.7156953467	bgs	V2_c1	8	10	bgs_V2_c1_rep8_env10	15748
0.999	8	0.995554991109982	70	406.7156953467	bgs	V2_c1	8	10	bgs_V2_c1_rep8_env10	15748
0.995	4	0.957221623677039	675	390.165813670912	bgs	V2_c1	9	1	bgs_V2_c1_rep9_env1	15779
0.997	2	0.788326256416756	3340	390.165813670912	bgs	V2_c1	9	1	bgs_V2_c1_rep9_env1	15779
0.999	8	0.994422967234932	88	390.165813670912	bgs	V2_c1	9	1	bgs_V2_c1_rep9_env1	15779
0.995	4	0.957120202981288	676	389.512326860659	bgs	V2_c1	9	2	bgs_V2_c1_rep9_env2	15765
0.997	2	0.791056137012369	3294	389.512326860659	bgs	V2_c1	9	2	bgs_V2_c1_rep9_env2	15765
0.999	8	0.994925467808436	80	389.512326860659	bgs	V2_c1	9	2	bgs_V2_c1_rep9_env2	15765
0.995	4	0.957126303592121	666	383.759791569074	bgs	V2_c1	9	3	bgs_V2_c1_rep9_env3	15534
0.997	2	0.788657139178576	3283	383.759791569074	bgs	V2_c1	9	3	bgs_V2_c1_rep9_env3	15534
0.999	8	0.995944380069525	63	383.759791569074	bgs	V2_c1	9	3	bgs_V2_c1_rep9_env3	15534
0.995	4	0.958042844466979	662	389.655599571749	bgs	V2_c1	9	4	bgs_V2_c1_rep9_env4	15778
0.997	2	0.791671948282419	3287	389.655599571749	bgs	V2_c1	9	4	bgs_V2_c1_rep9_env4	15778
0.999	8	0.994676131322094	84	389.655599571749	bgs	V2_c1	9	4	bgs_V2_c1_rep9_env4	15778
0.995	4	0.955221024430695	702	387.161290054906	bgs	V2_c1	9	5	bgs_V2_c1_rep9_env5	15677
0.997	2	0.787842061618932	3326	387.161290054906	bgs	V2_c1	9	5	bgs_V2_c1_rep9_env5	15677
0.999	8	0.995853798558398	65	387.161290054906	bgs	V2_c1	9	5	bgs_V2_c1_rep9_env5	15677
0.995	4	0.957195245321194	677	391.066890859229	bgs	V2_c1	9	6	bgs_V2_c1_rep9_env6	15816
0.997	2	0.790971168437026	3306	391.066890859229	bgs	V2_c1	9	6	bgs_V2_c1_rep9_env6	15816
0.999	8	0.994878603945372	81	391.066890859229	bgs	V2_c1	9	6	bgs_V2_c1_rep9_env6	15816
0.995	4	0.960981829773669	612	387.358859125547	bgs	V2_c1	9	7	bgs_V2_c1_rep9_env7	15685
0.997	2	0.79132929550526	3273	387.358859125547	bgs	V2_c1	9	7	bgs_V2_c1_rep9_env7	15685
0.999	8	0.995218361491871	75	387.358859125547	bgs	V2_c1	9	7	bgs_V2_c1_rep9_env7	15685
0.995	4	0.956482956355527	683	387.587968824938	bgs	V2_c1	9	8	bgs_V2_c1_rep9_env8	15695
0.997	2	0.790506530742275	3288	387.587968824938	bgs	V2_c1	9	8	bgs_V2_c1_rep9_env8	15695
0.999	8	0.994775406180312	82	387.587968824938	bgs	V2_c1	9	8	bgs_V2_c1_rep9_env8	15695
0.995	4	0.957368287095953	670	388.301663745139	bgs	V2_c1	9	9	bgs_V2_c1_rep9_env9	15716
0.997	2	0.790341053703232	3295	388.301663745139	bgs	V2_c1	9	9	bgs_V2_c1_rep9_env9	15716
0.999	8	0.994973275642657	79	388.301663745139	bgs	V2_c1	9	9	bgs_V2_c1_rep9_env9	15716
0.995	4	0.959170774870434	646	390.905234683597	bgs	V2_c1	9	10	bgs_V2_c1_rep9_env10	15822
0.997	2	0.790987232966755	3307	390.905234683597	bgs	V2_c1	9	10	bgs_V2_c1_rep9_env10	15822
0.999	8	0.993742889647326	99	390.905234683597	bgs	V2_c1	9	10	bgs_V2_c1_rep9_env10	15822
0.995	4	0.958489368454459	654	503.898182566709	bgs	V2_c1	10	1	bgs_V2_c1_rep10_env1	15755
0.997	2	0.795747381783561	3218	503.898182566709	bgs	V2_c1	10	1	bgs_V2_c1_rep10_env1	15755
0.999	8	0.993398920977467	104	503.898182566709	bgs	V2_c1	10	1	bgs_V2_c1_rep10_env1	15755
0.995	4	0.960339397055988	617	497.601743195791	bgs	V2_c1	10	2	bgs_V2_c1_rep10_env2	15557
0.997	2	0.801568425789034	3087	497.601743195791	bgs	V2_c1	10	2	bgs_V2_c1_rep10_env2	15557
0.999	8	0.994086263418397	92	497.601743195791	bgs	V2_c1	10	2	bgs_V2_c1_rep10_env2	15557
0.995	4	0.95851638006778	661	509.266841122681	bgs	V2_c1	10	3	bgs_V2_c1_rep10_env3	15934
0.997	2	0.796410192042174	3244	509.266841122681	bgs	V2_c1	10	3	bgs_V2_c1_rep10_env3	15934
0.999	8	0.993786870842224	99	509.266841122681	bgs	V2_c1	10	3	bgs_V2_c1_rep10_env3	15934
0.995	4	0.958333333333333	659	505.750271222013	bgs	V2_c1	10	4	bgs_V2_c1_rep10_env4	15816
0.997	2	0.79742033383915	3204	505.750271222013	bgs	V2_c1	10	4	bgs_V2_c1_rep10_env4	15816
0.999	8	0.994436014162873	88	505.750271222013	bgs	V2_c1	10	4	bgs_V2_c1_rep10_env4	15816
0.995	4	0.959337543497874	631	496.352045956864	bgs	V2_c1	10	5	bgs_V2_c1_rep10_env5	15518
0.997	2	0.796365511019461	3160	496.352045956864	bgs	V2_c1	10	5	bgs_V2_c1_rep10_env5	15518
0.999	8	0.993169222837995	106	496.352045956864	bgs	V2_c1	10	5	bgs_V2_c1_rep10_env5	15518
0.995	4	0.958974358974359	648	504.699391999395	bgs	V2_c1	10	6	bgs_V2_c1_rep10_env6	15795
0.997	2	0.796201329534663	3219	504.699391999395	bgs	V2_c1	10	6	bgs_V2_c1_rep10_env6	15795
0.999	8	0.99417537195315	92	504.699391999395	bgs	V2_c1	10	6	bgs_V2_c1_rep10_env6	15795
0.995	4	0.958768836165438	643	498.67364641362	bgs	V2_c1	10	7	bgs_V2_c1_rep10_env7	15595
0.997	2	0.798012183392113	3150	498.67364641362	bgs	V2_c1	10	7	bgs_V2_c1_rep10_env7	15595
0.999	8	0.994036550176338	93	498.67364641362	bgs	V2_c1	10	7	bgs_V2_c1_rep10_env7	15595
0.995	4	0.959399653646334	633	498.646751841412	bgs	V2_c1	10	8	bgs_V2_c1_rep10_env8	15591
0.997	2	0.797511384773267	3157	498.646751841412	bgs	V2_c1	10	8	bgs_V2_c1_rep10_env8	15591
0.999	8	0.993586043230069	100	498.646751841412	bgs	V2_c1	10	8	bgs_V2_c1_rep10_env8	15591
0.995	4	0.959447415329768	637	502.264089358243	bgs	V2_c1	10	9	bgs_V2_c1_rep10_env9	15708
0.997	2	0.798319327731092	3168	502.264089358243	bgs	V2_c1	10	9	bgs_V2_c1_rep10_env9	15708
0.999	8	0.993570155334861	101	502.264089358243	bgs	V2_c1	10	9	bgs_V2_c1_rep10_env9	15708
0.995	4	0.960007605526683	631	504.566215521535	bgs	V2_c1	10	10	bgs_V2_c1_rep10_env10	15778
0.997	2	0.799340854354164	3166	504.566215521535	bgs	V2_c1	10	10	bgs_V2_c1_rep10_env10	15778
0.999	8	0.99410571682089	93	504.566215521535	bgs	V2_c1	10	10	bgs_V2_c1_rep10_env10	15778
0.995	4	0.964007591126235	550	271.118385250762	nobgs	V0.5_c1	1	1	nobgs_V0.5_c1_rep1_env1	15281
0.997	2	0.805706432825077	2969	271.118385250762	nobgs	V0.5_c1	1	1	nobgs_V0.5_c1_rep1_env1	15281
0.999	8	0.994306655323605	87	271.118385250762	nobgs	V0.5_c1	1	1	nobgs_V0.5_c1_rep1_env1	15281
0.995	4	0.964418728385209	535	266.78996683064	nobgs	V0.5_c1	1	2	nobgs_V0.5_c1_rep1_env2	15036
0.997	2	0.806464485235435	2910	266.78996683064	nobgs	V0.5_c1	1	2	nobgs_V0.5_c1_rep1_env2	15036
0.999	8	0.995011971268955	75	266.78996683064	nobgs	V0.5_c1	1	2	nobgs_V0.5_c1_rep1_env2	15036
0.995	4	0.964340119097078	515	256.284675381351	nobgs	V0.5_c1	1	3	nobgs_V0.5_c1_rep1_env3	14442
0.997	2	0.807644370585791	2778	256.284675381351	nobgs	V0.5_c1	1	3	nobgs_V0.5_c1_rep1_env3	14442
0.999	8	0.993906661127268	88	256.284675381351	nobgs	V0.5_c1	1	3	nobgs_V0.5_c1_rep1_env3	14442
0.995	4	0.960116468039003	589	262.011324396278	nobgs	V0.5_c1	1	4	nobgs_V0.5_c1_rep1_env4	14768
0.997	2	0.807082881906826	2849	262.011324396278	nobgs	V0.5_c1	1	4	nobgs_V0.5_c1_rep1_env4	14768
0.999	8	0.993905742145179	90	262.011324396278	nobgs	V0.5_c1	1	4	nobgs_V0.5_c1_rep1_env4	14768
0.995	4	0.96152839570793	588	271.178540089996	nobgs	V0.5_c1	1	5	nobgs_V0.5_c1_rep1_env5	15284
0.997	2	0.804632295210678	2986	271.178540089996	nobgs	V0.5_c1	1	5	nobgs_V0.5_c1_rep1_env5	15284
0.999	8	0.994962051818896	77	271.178540089996	nobgs	V0.5_c1	1	5	nobgs_V0.5_c1_rep1_env5	15284
0.995	4	0.962918897481658	561	268.421572571087	nobgs	V0.5_c1	1	6	nobgs_V0.5_c1_rep1_env6	15129
0.997	2	0.808381254544253	2899	268.421572571087	nobgs	V0.5_c1	1	6	nobgs_V0.5_c1_rep1_env6	15129
0.999	8	0.994976535131205	76	268.421572571087	nobgs	V0.5_c1	1	6	nobgs_V0.5_c1_rep1_env6	15129
0.995	4	0.962176236809648	552	258.940251976509	nobgs	V0.5_c1	1	7	nobgs_V0.5_c1_rep1_env7	14594
0.997	2	0.807318075921612	2812	258.940251976509	nobgs	V0.5_c1	1	7	nobgs_V0.5_c1_rep1_env7	14594
0.999	8	0.993353432917637	97	258.940251976509	nobgs	V0.5_c1	1	7	nobgs_V0.5_c1_rep1_env7	14594
0.995	4	0.961517761033369	572	263.728539586889	nobgs	V0.5_c1	1	8	nobgs_V0.5_c1_rep1_env8	14864
0.997	2	0.803417653390743	2922	263.728539586889	nobgs	V0.5_c1	1	8	nobgs_V0.5_c1_rep1_env8	14864
0.999	8	0.994483315392896	82	263.728539586889	nobgs	V0.5_c1	1	8	nobgs_V0.5_c1_rep1_env8	14864
0.995	4	0.961589229144667	582	268.838457469089	nobgs	V0.5_c1	1	9	nobgs_V0.5_c1_rep1_env9	15152
0.997	2	0.808606124604013	2900	268.838457469089	nobgs	V0.5_c1	1	9	nobgs_V0.5_c1_rep1_env9	15152
0.999	8	0.99373020063358	95	268.838457469089	nobgs	V0.5_c1	1	9	nobgs_V0.5_c1_rep1_env9	15152
0.995	4	0.963316117070587	554	267.940284906998	nobgs	V0.5_c1	1	10	nobgs_V0.5_c1_rep1_env10	15102
0.997	2	0.806581909680837	2921	267.940284906998	nobgs	V0.5_c1	1	10	nobgs_V0.5_c1_rep1_env10	15102
0.999	8	0.995364852337439	70	267.940284906998	nobgs	V0.5_c1	1	10	nobgs_V0.5_c1_rep1_env10	15102
0.995	4	0.955558670965933	634	306.320256948285	nobgs	V0.5_c1	2	1	nobgs_V0.5_c1_rep2_env1	14266
0.997	2	0.819080330856582	2581	306.320256948285	nobgs	V0.5_c1	2	1	nobgs_V0.5_c1_rep2_env1	14266
0.999	8	0.988854619374737	159	306.320256948285	nobgs	V0.5_c1	2	1	nobgs_V0.5_c1_rep2_env1	14266
0.995	4	0.955916473317865	665	323.94830991861	nobgs	V0.5_c1	2	2	nobgs_V0.5_c1_rep2_env2	15085
0.997	2	0.807557176002652	2903	323.94830991861	nobgs	V0.5_c1	2	2	nobgs_V0.5_c1_rep2_env2	15085
0.999	8	0.991183294663573	133	323.94830991861	nobgs	V0.5_c1	2	2	nobgs_V0.5_c1_rep2_env2	15085
0.995	4	0.960002716284123	589	316.20272266305	nobgs	V0.5_c1	2	3	nobgs_V0.5_c1_rep2_env3	14726
0.997	2	0.824731766942822	2581	316.20272266305	nobgs	V0.5_c1	2	3	nobgs_V0.5_c1_rep2_env3	14726
0.999	8	0.989881841640636	149	316.20272266305	nobgs	V0.5_c1	2	3	nobgs_V0.5_c1_rep2_env3	14726
0.995	4	0.958163408803263	595	305.414125727584	nobgs	V0.5_c1	2	4	nobgs_V0.5_c1_rep2_env4	14222
0.997	2	0.819786246660104	2563	305.414125727584	nobgs	V0.5_c1	2	4	nobgs_V0.5_c1_rep2_env4	14222
0.999	8	0.988749824216003	160	305.414125727584	nobgs	V0.5_c1	2	4	nobgs_V0.5_c1_rep2_env4	14222
0.995	4	0.956760693947821	653	324.371561244227	nobgs	V0.5_c1	2	5	nobgs_V0.5_c1_rep2_env5	15102
0.997	2	0.81704410011919	2763	324.371561244227	nobgs	V0.5_c1	2	5	nobgs_V0.5_c1_rep2_env5	15102
0.999	8	0.989736458747186	155	324.371561244227	nobgs	V0.5_c1	2	5	nobgs_V0.5_c1_rep2_env5	15102
0.995	4	0.959756864389017	576	307.287598155502	nobgs	V0.5_c1	2	6	nobgs_V0.5_c1_rep2_env6	14313
0.997	2	0.815063229232167	2647	307.287598155502	nobgs	V0.5_c1	2	6	nobgs_V0.5_c1_rep2_env6	14313
0.999	8	0.990428281981415	137	307.287598155502	nobgs	V0.5_c1	2	6	nobgs_V0.5_c1_rep2_env6	14313
0.995	4	0.954480603301855	670	315.957353248929	nobgs	V0.5_c1	2	7	nobgs_V0.5_c1_rep2_env7	14719
0.997	2	0.808139139887221	2824	315.957353248929	nobgs	V0.5_c1	2	7	nobgs_V0.5_c1_rep2_env7	14719
0.999	8	0.9906923024662	137	315.957353248929	nobgs	V0.5_c1	2	7	nobgs_V0.5_c1_rep2_env7	14719
0.995	4	0.953217568947906	687	315.429062785398	nobgs	V0.5_c1	2	8	nobgs_V0.5_c1_rep2_env8	14685
0.997	2	0.817637044603337	2678	315.429062785398	nobgs	V0.5_c1	2	8	nobgs_V0.5_c1_rep2_env8	14685
0.999	8	0.989513108614232	154	315.429062785398	nobgs	V0.5_c1	2	8	nobgs_V0.5_c1_rep2_env8	14685
0.995	4	0.955871553508245	661	321.587534177397	nobgs	V0.5_c1	2	9	nobgs_V0.5_c1_rep2_env9	14979
0.997	2	0.811803191134255	2819	321.587534177397	nobgs	V0.5_c1	2	9	nobgs_V0.5_c1_rep2_env9	14979
0.999	8	0.989785699979972	153	321.587534177397	nobgs	V0.5_c1	2	9	nobgs_V0.5_c1_rep2_env9	14979
0.995	4	0.955958042869242	676	329.616951773125	nobgs	V0.5_c1	2	10	nobgs_V0.5_c1_rep2_env10	15349
0.997	2	0.814580754446544	2846	329.616951773125	nobgs	V0.5_c1	2	10	nobgs_V0.5_c1_rep2_env10	15349
0.999	8	0.989901622255522	155	329.616951773125	nobgs	V0.5_c1	2	10	nobgs_V0.5_c1_rep2_env10	15349
0.995	4	0.961087894772899	568	434.863200563365	nobgs	V0.5_c1	3	1	nobgs_V0.5_c1_rep3_env1	14597
0.997	2	0.797013084880455	2963	434.863200563365	nobgs	V0.5_c1	3	1	nobgs_V0.5_c1_rep3_env1	14597
0.999	8	0.995135986846612	71	434.863200563365	nobgs	V0.5_c1	3	1	nobgs_V0.5_c1_rep3_env1	14597
0.995	4	0.963736045973975	549	450.849954460849	nobgs	V0.5_c1	3	2	nobgs_V0.5_c1_rep3_env2	15139
0.997	2	0.79318316929784	3131	450.849954460849	nobgs	V0.5_c1	3	2	nobgs_V0.5_c1_rep3_env2	15139
0.999	8	0.996168835458088	58	450.849954460849	nobgs	V0.5_c1	3	2	nobgs_V0.5_c1_rep3_env2	15139
0.995	4	0.959979005379871	610	453.872274648411	nobgs	V0.5_c1	3	3	nobgs_V0.5_c1_rep3_env3	15242
0.997	2	0.800419892402572	3042	453.872274648411	nobgs	V0.5_c1	3	3	nobgs_V0.5_c1_rep3_env3	15242
0.999	8	0.994554520404147	83	453.872274648411	nobgs	V0.5_c1	3	3	nobgs_V0.5_c1_rep3_env3	15242
0.995	4	0.964275937585546	522	435.249178367389	nobgs	V0.5_c1	3	4	nobgs_V0.5_c1_rep3_env4	14612
0.997	2	0.794963044073364	2996	435.249178367389	nobgs	V0.5_c1	3	4	nobgs_V0.5_c1_rep3_env4	14612
0.999	8	0.995140980016425	71	435.249178367389	nobgs	V0.5_c1	3	4	nobgs_V0.5_c1_rep3_env4	14612
0.995	4	0.960655958968822	583	441.37906383435	nobgs	V0.5_c1	3	5	nobgs_V0.5_c1_rep3_env5	14818
0.997	2	0.797273586178972	3004	441.37906383435	nobgs	V0.5_c1	3	5	nobgs_V0.5_c1_rep3_env5	14818
0.999	8	0.99581589958159	62	441.37906383435	nobgs	V0.5_c1	3	5	nobgs_V0.5_c1_rep3_env5	14818
0.995	4	0.963104581740122	550	443.946901484707	nobgs	V0.5_c1	3	6	nobgs_V0.5_c1_rep3_env6	14907
0.997	2	0.795666465418931	3046	443.946901484707	nobgs	V0.5_c1	3	6	nobgs_V0.5_c1_rep3_env6	14907
0.999	8	0.995639632387469	65	443.946901484707	nobgs	V0.5_c1	3	6	nobgs_V0.5_c1_rep3_env6	14907
0.995	4	0.964923891462607	530	450.120229168691	nobgs	V0.5_c1	3	7	nobgs_V0.5_c1_rep3_env7	15110
0.997	2	0.795102581072138	3096	450.120229168691	nobgs	V0.5_c1	3	7	nobgs_V0.5_c1_rep3_env7	15110
0.999	8	0.996558570483124	52	450.120229168691	nobgs	V0.5_c1	3	7	nobgs_V0.5_c1_rep3_env7	15110
0.995	4	0.963380664447313	539	438.270746033641	nobgs	V0.5_c1	3	8	nobgs_V0.5_c1_rep3_env8	14719
0.997	2	0.803926897207691	2886	438.270746033641	nobgs	V0.5_c1	3	8	nobgs_V0.5_c1_rep3_env8	14719
0.999	8	0.994768666349616	77	438.270746033641	nobgs	V0.5_c1	3	8	nobgs_V0.5_c1_rep3_env8	14719
0.995	4	0.964185299236846	535	445.08284610249	nobgs	V0.5_c1	3	9	nobgs_V0.5_c1_rep3_env9	14938
0.997	2	0.791806132012318	3110	445.08284610249	nobgs	V0.5_c1	3	9	nobgs_V0.5_c1_rep3_env9	14938
0.999	8	0.99671977507029	49	445.08284610249	nobgs	V0.5_c1	3	9	nobgs_V0.5_c1_rep3_env9	14938
0.995	4	0.964044191496485	537	444.782865254587	nobgs	V0.5_c1	3	10	nobgs_V0.5_c1_rep3_env10	14935
0.997	2	0.798995647807164	3002	444.782865254587	nobgs	V0.5_c1	3	10	nobgs_V0.5_c1_rep3_env10	14935
0.999	8	0.9953130231001	70	444.782865254587	nobgs	V0.5_c1	3	10	nobgs_V0.5_c1_rep3_env10	14935
0.995	4	0.951581843191197	704	223.159211235634	nobgs	V0.5_c1	4	1	nobgs_V0.5_c1_rep4_env1	14540
0.997	2	0.82283356258597	2576	223.159211235634	nobgs	V0.5_c1	4	1	nobgs_V0.5_c1_rep4_env1	14540
0.999	8	0.988583218707015	166	223.159211235634	nobgs	V0.5_c1	4	1	nobgs_V0.5_c1_rep4_env1	14540
0.995	4	0.95325944290506	641	210.436812748647	nobgs	V0.5_c1	4	2	nobgs_V0.5_c1_rep4_env2	13714
0.997	2	0.80735015312819	2642	210.436812748647	nobgs	V0.5_c1	4	2	nobgs_V0.5_c1_rep4_env2	13714
0.999	8	0.990885226775558	125	210.436812748647	nobgs	V0.5_c1	4	2	nobgs_V0.5_c1_rep4_env2	13714
0.995	4	0.950382704444743	739	228.644922678824	nobgs	V0.5_c1	4	3	nobgs_V0.5_c1_rep4_env3	14894
0.997	2	0.814287632603733	2766	228.644922678824	nobgs	V0.5_c1	4	3	nobgs_V0.5_c1_rep4_env3	14894
0.999	8	0.988653148919028	169	228.644922678824	nobgs	V0.5_c1	4	3	nobgs_V0.5_c1_rep4_env3	14894
0.995	4	0.951633808581759	709	225.185395832268	nobgs	V0.5_c1	4	4	nobgs_V0.5_c1_rep4_env4	14659
0.997	2	0.819496555017395	2646	225.185395832268	nobgs	V0.5_c1	4	4	nobgs_V0.5_c1_rep4_env4	14659
0.999	8	0.987789071560134	179	225.185395832268	nobgs	V0.5_c1	4	4	nobgs_V0.5_c1_rep4_env4	14659
0.995	4	0.95140752976805	706	223.041632979766	nobgs	V0.5_c1	4	5	nobgs_V0.5_c1_rep4_env5	14529
0.997	2	0.820703420744717	2605	223.041632979766	nobgs	V0.5_c1	4	5	nobgs_V0.5_c1_rep4_env5	14529
0.999	8	0.989469337187694	153	223.041632979766	nobgs	V0.5_c1	4	5	nobgs_V0.5_c1_rep4_env5	14529
0.995	4	0.950157728706625	711	218.94911332516	nobgs	V0.5_c1	4	6	nobgs_V0.5_c1_rep4_env6	14265
0.997	2	0.812197686645636	2679	218.94911332516	nobgs	V0.5_c1	4	6	nobgs_V0.5_c1_rep4_env6	14265
0.999	8	0.989484752891693	150	218.94911332516	nobgs	V0.5_c1	4	6	nobgs_V0.5_c1_rep4_env6	14265
0.995	4	0.951887387071924	687	219.131171836591	nobgs	V0.5_c1	4	7	nobgs_V0.5_c1_rep4_env7	14279
0.997	2	0.814552839834722	2648	219.131171836591	nobgs	V0.5_c1	4	7	nobgs_V0.5_c1_rep4_env7	14279
0.999	8	0.987814272708173	174	219.131171836591	nobgs	V0.5_c1	4	7	nobgs_V0.5_c1_rep4_env7	14279
0.995	4	0.946696003974732	751	216.226509615634	nobgs	V0.5_c1	4	8	nobgs_V0.5_c1_rep4_env8	14089
0.997	2	0.816381574277805	2587	216.226509615634	nobgs	V0.5_c1	4	8	nobgs_V0.5_c1_rep4_env8	14089
0.999	8	0.988643622684364	160	216.226509615634	nobgs	V0.5_c1	4	8	nobgs_V0.5_c1_rep4_env8	14089
0.995	4	0.948122866894198	760	225.059567045614	nobgs	V0.5_c1	4	9	nobgs_V0.5_c1_rep4_env9	14650
0.997	2	0.811877133105802	2756	225.059567045614	nobgs	V0.5_c1	4	9	nobgs_V0.5_c1_rep4_env9	14650
0.999	8	0.988191126279863	173	225.059567045614	nobgs	V0.5_c1	4	9	nobgs_V0.5_c1_rep4_env9	14650
0.995	4	0.949118183661058	753	227.161636610026	nobgs	V0.5_c1	4	10	nobgs_V0.5_c1_rep4_env10	14799
0.997	2	0.813163051557538	2765	227.161636610026	nobgs	V0.5_c1	4	10	nobgs_V0.5_c1_rep4_env10	14799
0.999	8	0.98858030948037	169	227.161636610026	nobgs	V0.5_c1	4	10	nobgs_V0.5_c1_rep4_env10	14799
0.995	4	0.960998439937597	575	601.780131181783	nobgs	V0.5_c1	5	1	nobgs_V0.5_c1_rep5_env1	14743
0.997	2	0.802889506884623	2906	601.780131181783	nobgs	V0.5_c1	5	1	nobgs_V0.5_c1_rep5_env1	14743
0.999	8	0.994777182391643	77	601.780131181783	nobgs	V0.5_c1	5	1	nobgs_V0.5_c1_rep5_env1	14743
0.995	4	0.962395543175487	567	615.515773683692	nobgs	V0.5_c1	5	2	nobgs_V0.5_c1_rep5_env2	15078
0.997	2	0.814100013264359	2803	615.515773683692	nobgs	V0.5_c1	5	2	nobgs_V0.5_c1_rep5_env2	15078
0.999	8	0.993898395012601	92	615.515773683692	nobgs	V0.5_c1	5	2	nobgs_V0.5_c1_rep5_env2	15078
0.995	4	0.961305518169583	575	606.555840016366	nobgs	V0.5_c1	5	3	nobgs_V0.5_c1_rep5_env3	14860
0.997	2	0.808479138627187	2846	606.555840016366	nobgs	V0.5_c1	5	3	nobgs_V0.5_c1_rep5_env3	14860
0.999	8	0.994347240915209	84	606.555840016366	nobgs	V0.5_c1	5	3	nobgs_V0.5_c1_rep5_env3	14860
0.995	4	0.964657101487429	537	620.189060108255	nobgs	V0.5_c1	5	4	nobgs_V0.5_c1_rep5_env4	15194
0.997	2	0.817559562985389	2772	620.189060108255	nobgs	V0.5_c1	5	4	nobgs_V0.5_c1_rep5_env4	15194
0.999	8	0.994274055548243	87	620.189060108255	nobgs	V0.5_c1	5	4	nobgs_V0.5_c1_rep5_env4	15194
0.995	4	0.962349102773246	577	625.566785959089	nobgs	V0.5_c1	5	5	nobgs_V0.5_c1_rep5_env5	15325
0.997	2	0.812593800978793	2872	625.566785959089	nobgs	V0.5_c1	5	5	nobgs_V0.5_c1_rep5_env5	15325
0.999	8	0.993996737357259	92	625.566785959089	nobgs	V0.5_c1	5	5	nobgs_V0.5_c1_rep5_env5	15325
0.995	4	0.965510176205436	505	597.668269211145	nobgs	V0.5_c1	5	6	nobgs_V0.5_c1_rep5_env6	14642
0.997	2	0.811159677639667	2765	597.668269211145	nobgs	V0.5_c1	5	6	nobgs_V0.5_c1_rep5_env6	14642
0.999	8	0.995492419068433	66	597.668269211145	nobgs	V0.5_c1	5	6	nobgs_V0.5_c1_rep5_env6	14642
0.995	4	0.962132767424895	571	615.493680913855	nobgs	V0.5_c1	5	7	nobgs_V0.5_c1_rep5_env7	15079
0.997	2	0.80900590224816	2880	615.493680913855	nobgs	V0.5_c1	5	7	nobgs_V0.5_c1_rep5_env7	15079
0.999	8	0.994495656210624	83	615.493680913855	nobgs	V0.5_c1	5	7	nobgs_V0.5_c1_rep5_env7	15079
0.995	4	0.965944272445821	495	593.289982142523	nobgs	V0.5_c1	5	8	nobgs_V0.5_c1_rep5_env8	14535
0.997	2	0.81265909872721	2723	593.289982142523	nobgs	V0.5_c1	5	8	nobgs_V0.5_c1_rep5_env8	14535
0.999	8	0.995115239078087	71	593.289982142523	nobgs	V0.5_c1	5	8	nobgs_V0.5_c1_rep5_env8	14535
0.995	4	0.961538461538461	566	600.653723169409	nobgs	V0.5_c1	5	9	nobgs_V0.5_c1_rep5_env9	14716
0.997	2	0.810138624626257	2794	600.653723169409	nobgs	V0.5_c1	5	9	nobgs_V0.5_c1_rep5_env9	14716
0.999	8	0.995243272628432	70	600.653723169409	nobgs	V0.5_c1	5	9	nobgs_V0.5_c1_rep5_env9	14716
0.995	4	0.961276372690342	591	623.019183128859	nobgs	V0.5_c1	5	10	nobgs_V0.5_c1_rep5_env10	15262
0.997	2	0.815227362075744	2820	623.019183128859	nobgs	V0.5_c1	5	10	nobgs_V0.5_c1_rep5_env10	15262
0.999	8	0.993120167736863	105	623.019183128859	nobgs	V0.5_c1	5	10	nobgs_V0.5_c1_rep5_env10	15262
0.995	4	0.964264443120905	540	442.543925581631	nobgs	V0.5_c1	6	1	nobgs_V0.5_c1_rep6_env1	15111
0.997	2	0.798822050162134	3040	442.543925581631	nobgs	V0.5_c1	6	1	nobgs_V0.5_c1_rep6_env1	15111
0.999	8	0.995897028654623	62	442.543925581631	nobgs	V0.5_c1	6	1	nobgs_V0.5_c1_rep6_env1	15111
0.995	4	0.962395178197065	574	447.037807818435	nobgs	V0.5_c1	6	2	nobgs_V0.5_c1_rep6_env2	15264
0.997	2	0.796318134171908	3109	447.037807818435	nobgs	V0.5_c1	6	2	nobgs_V0.5_c1_rep6_env2	15264
0.999	8	0.99626572327044	57	447.037807818435	nobgs	V0.5_c1	6	2	nobgs_V0.5_c1_rep6_env2	15264
0.995	4	0.963083676998803	555	440.239417152763	nobgs	V0.5_c1	6	3	nobgs_V0.5_c1_rep6_env3	15034
0.997	2	0.797259545031263	3048	440.239417152763	nobgs	V0.5_c1	6	3	nobgs_V0.5_c1_rep6_env3	15034
0.999	8	0.996075562059332	59	440.239417152763	nobgs	V0.5_c1	6	3	nobgs_V0.5_c1_rep6_env3	15034
0.995	4	0.962985194077631	555	439.348077074206	nobgs	V0.5_c1	6	4	nobgs_V0.5_c1_rep6_env4	14994
0.997	2	0.796118447378952	3057	439.348077074206	nobgs	V0.5_c1	6	4	nobgs_V0.5_c1_rep6_env4	14994
0.999	8	0.996531946111778	52	439.348077074206	nobgs	V0.5_c1	6	4	nobgs_V0.5_c1_rep6_env4	14994
0.995	4	0.960248783126014	588	433.026692939841	nobgs	V0.5_c1	6	5	nobgs_V0.5_c1_rep6_env5	14792
0.997	2	0.802460789616009	2922	433.026692939841	nobgs	V0.5_c1	6	5	nobgs_V0.5_c1_rep6_env5	14792
0.999	8	0.994118442401298	87	433.026692939841	nobgs	V0.5_c1	6	5	nobgs_V0.5_c1_rep6_env5	14792
0.995	4	0.964594070008701	529	437.589477983664	nobgs	V0.5_c1	6	6	nobgs_V0.5_c1_rep6_env6	14941
0.997	2	0.797001539388261	3033	437.589477983664	nobgs	V0.5_c1	6	6	nobgs_V0.5_c1_rep6_env6	14941
0.999	8	0.996184994310956	57	437.589477983664	nobgs	V0.5_c1	6	6	nobgs_V0.5_c1_rep6_env6	14941
0.995	4	0.963158939083273	557	442.728465340736	nobgs	V0.5_c1	6	7	nobgs_V0.5_c1_rep6_env7	15119
0.997	2	0.795885971294398	3086	442.728465340736	nobgs	V0.5_c1	6	7	nobgs_V0.5_c1_rep6_env7	15119
0.999	8	0.996494477147959	53	442.728465340736	nobgs	V0.5_c1	6	7	nobgs_V0.5_c1_rep6_env7	15119
0.995	4	0.965653190778483	514	438.094765240341	nobgs	V0.5_c1	6	8	nobgs_V0.5_c1_rep6_env8	14965
0.997	2	0.798128967591046	3021	438.094765240341	nobgs	V0.5_c1	6	8	nobgs_V0.5_c1_rep6_env8	14965
0.999	8	0.995456064149683	68	438.094765240341	nobgs	V0.5_c1	6	8	nobgs_V0.5_c1_rep6_env8	14965
0.995	4	0.962580731073973	562	439.942231914615	nobgs	V0.5_c1	6	9	nobgs_V0.5_c1_rep6_env9	15019
0.997	2	0.792729209667754	3113	439.942231914615	nobgs	V0.5_c1	6	9	nobgs_V0.5_c1_rep6_env9	15019
0.999	8	0.996737465876556	49	439.942231914615	nobgs	V0.5_c1	6	9	nobgs_V0.5_c1_rep6_env9	15019
0.995	4	0.963849796571733	542	439.043278633357	nobgs	V0.5_c1	6	10	nobgs_V0.5_c1_rep6_env10	14993
0.997	2	0.795237777629561	3070	439.043278633357	nobgs	V0.5_c1	6	10	nobgs_V0.5_c1_rep6_env10	14993
0.999	8	0.996264923631028	56	439.043278633357	nobgs	V0.5_c1	6	10	nobgs_V0.5_c1_rep6_env10	14993
0.995	4	0.951426964712498	691	254.872122669132	nobgs	V0.5_c1	7	1	nobgs_V0.5_c1_rep7_env1	14226
0.997	2	0.816884577534093	2605	254.872122669132	nobgs	V0.5_c1	7	1	nobgs_V0.5_c1_rep7_env1	14226
0.999	8	0.989877688738929	144	254.872122669132	nobgs	V0.5_c1	7	1	nobgs_V0.5_c1_rep7_env1	14226
0.995	4	0.950417179592395	725	262.058696703351	nobgs	V0.5_c1	7	2	nobgs_V0.5_c1_rep7_env2	14622
0.997	2	0.816099028860621	2689	262.058696703351	nobgs	V0.5_c1	7	2	nobgs_V0.5_c1_rep7_env2	14622
0.999	8	0.989467925044454	154	262.058696703351	nobgs	V0.5_c1	7	2	nobgs_V0.5_c1_rep7_env2	14622
0.995	4	0.95247774584706	678	255.634457955326	nobgs	V0.5_c1	7	3	nobgs_V0.5_c1_rep7_env3	14267
0.997	2	0.814116492605313	2652	255.634457955326	nobgs	V0.5_c1	7	3	nobgs_V0.5_c1_rep7_env3	14267
0.999	8	0.989976869699306	143	255.634457955326	nobgs	V0.5_c1	7	3	nobgs_V0.5_c1_rep7_env3	14267
0.995	4	0.948677970506074	790	275.798689209977	nobgs	V0.5_c1	7	4	nobgs_V0.5_c1_rep7_env4	15393
0.997	2	0.812447216267134	2887	275.798689209977	nobgs	V0.5_c1	7	4	nobgs_V0.5_c1_rep7_env4	15393
0.999	8	0.989865523289807	156	275.798689209977	nobgs	V0.5_c1	7	4	nobgs_V0.5_c1_rep7_env4	15393
0.995	4	0.951123632313438	746	273.467294024732	nobgs	V0.5_c1	7	5	nobgs_V0.5_c1_rep7_env5	15263
0.997	2	0.80960492694752	2906	273.467294024732	nobgs	V0.5_c1	7	5	nobgs_V0.5_c1_rep7_env5	15263
0.999	8	0.991679224267837	127	273.467294024732	nobgs	V0.5_c1	7	5	nobgs_V0.5_c1_rep7_env5	15263
0.995	4	0.950114416475973	763	274.097493010604	nobgs	V0.5_c1	7	6	nobgs_V0.5_c1_rep7_env6	15295
0.997	2	0.813664596273292	2850	274.097493010604	nobgs	V0.5_c1	7	6	nobgs_V0.5_c1_rep7_env6	15295
0.999	8	0.988950637463223	169	274.097493010604	nobgs	V0.5_c1	7	6	nobgs_V0.5_c1_rep7_env6	15295
0.995	4	0.950486413955049	738	267.066068257106	nobgs	V0.5_c1	7	7	nobgs_V0.5_c1_rep7_env7	14905
0.997	2	0.806776249580678	2880	267.066068257106	nobgs	V0.5_c1	7	7	nobgs_V0.5_c1_rep7_env7	14905
0.999	8	0.991747735659175	123	267.066068257106	nobgs	V0.5_c1	7	7	nobgs_V0.5_c1_rep7_env7	14905
0.995	4	0.950709434469773	733	266.475715400209	nobgs	V0.5_c1	7	8	nobgs_V0.5_c1_rep7_env8	14871
0.997	2	0.81366417860265	2771	266.475715400209	nobgs	V0.5_c1	7	8	nobgs_V0.5_c1_rep7_env8	14871
0.999	8	0.989913253984265	150	266.475715400209	nobgs	V0.5_c1	7	8	nobgs_V0.5_c1_rep7_env8	14871
0.995	4	0.948885446831436	759	266.067691534066	nobgs	V0.5_c1	7	9	nobgs_V0.5_c1_rep7_env9	14849
0.997	2	0.810424944440703	2815	266.067691534066	nobgs	V0.5_c1	7	9	nobgs_V0.5_c1_rep7_env9	14849
0.999	8	0.990639100276113	139	266.067691534066	nobgs	V0.5_c1	7	9	nobgs_V0.5_c1_rep7_env9	14849
0.995	4	0.951227738801943	723	266.196013535126	nobgs	V0.5_c1	7	10	nobgs_V0.5_c1_rep7_env10	14824
0.997	2	0.811926605504587	2788	266.196013535126	nobgs	V0.5_c1	7	10	nobgs_V0.5_c1_rep7_env10	14824
0.999	8	0.990825688073395	136	266.196013535126	nobgs	V0.5_c1	7	10	nobgs_V0.5_c1_rep7_env10	14824
0.995	4	0.958448936451315	629	390.88024589151	nobgs	V0.5_c1	8	1	nobgs_V0.5_c1_rep8_env1	15138
0.997	2	0.798057867617915	3057	390.88024589151	nobgs	V0.5_c1	8	1	nobgs_V0.5_c1_rep8_env1	15138
0.999	8	0.994649227110583	81	390.88024589151	nobgs	V0.5_c1	8	1	nobgs_V0.5_c1_rep8_env1	15138
0.995	4	0.960459861775651	595	388.662512031091	nobgs	V0.5_c1	8	2	nobgs_V0.5_c1_rep8_env2	15048
0.997	2	0.796916533758639	3056	388.662512031091	nobgs	V0.5_c1	8	2	nobgs_V0.5_c1_rep8_env2	15048
0.999	8	0.995215311004785	72	388.662512031091	nobgs	V0.5_c1	8	2	nobgs_V0.5_c1_rep8_env2	15048
0.995	4	0.963653496668237	540	383.691502218474	nobgs	V0.5_c1	8	3	nobgs_V0.5_c1_rep8_env3	14857
0.997	2	0.797267281416167	3012	383.691502218474	nobgs	V0.5_c1	8	3	nobgs_V0.5_c1_rep8_env3	14857
0.999	8	0.995490341253281	67	383.691502218474	nobgs	V0.5_c1	8	3	nobgs_V0.5_c1_rep8_env3	14857
0.995	4	0.962341964708268	557	382.075303061583	nobgs	V0.5_c1	8	4	nobgs_V0.5_c1_rep8_env4	14791
0.997	2	0.795483740112231	3025	382.075303061583	nobgs	V0.5_c1	8	4	nobgs_V0.5_c1_rep8_env4	14791
0.999	8	0.99634913122845	54	382.075303061583	nobgs	V0.5_c1	8	4	nobgs_V0.5_c1_rep8_env4	14791
0.995	4	0.961200830932118	579	385.320136792134	nobgs	V0.5_c1	8	5	nobgs_V0.5_c1_rep8_env5	14923
0.997	2	0.794545332707901	3066	385.320136792134	nobgs	V0.5_c1	8	5	nobgs_V0.5_c1_rep8_env5	14923
0.999	8	0.996046371373048	59	385.320136792134	nobgs	V0.5_c1	8	5	nobgs_V0.5_c1_rep8_env5	14923
0.995	4	0.960104250200481	597	386.729422759042	nobgs	V0.5_c1	8	6	nobgs_V0.5_c1_rep8_env6	14964
0.997	2	0.793638064688586	3088	386.729422759042	nobgs	V0.5_c1	8	6	nobgs_V0.5_c1_rep8_env6	14964
0.999	8	0.995923549852981	61	386.729422759042	nobgs	V0.5_c1	8	6	nobgs_V0.5_c1_rep8_env6	14964
0.995	4	0.958484828452436	628	390.716905210095	nobgs	V0.5_c1	8	7	nobgs_V0.5_c1_rep8_env7	15127
0.997	2	0.794275137171944	3112	390.716905210095	nobgs	V0.5_c1	8	7	nobgs_V0.5_c1_rep8_env7	15127
0.999	8	0.994843657037086	78	390.716905210095	nobgs	V0.5_c1	8	7	nobgs_V0.5_c1_rep8_env7	15127
0.995	4	0.9603153393907	594	386.621271557274	nobgs	V0.5_c1	8	8	nobgs_V0.5_c1_rep8_env8	14968
0.997	2	0.797701763762694	3028	386.621271557274	nobgs	V0.5_c1	8	8	nobgs_V0.5_c1_rep8_env8	14968
0.999	8	0.995791020844468	63	386.621271557274	nobgs	V0.5_c1	8	8	nobgs_V0.5_c1_rep8_env8	14968
0.995	4	0.958338861616028	628	389.587535245796	nobgs	V0.5_c1	8	9	nobgs_V0.5_c1_rep8_env9	15074
0.997	2	0.797134138251294	3058	389.587535245796	nobgs	V0.5_c1	8	9	nobgs_V0.5_c1_rep8_env9	15074
0.999	8	0.995157224359825	73	389.587535245796	nobgs	V0.5_c1	8	9	nobgs_V0.5_c1_rep8_env9	15074
0.995	4	0.96181220914317	558	377.401423830297	nobgs	V0.5_c1	8	10	nobgs_V0.5_c1_rep8_env10	14612
0.997	2	0.796468655899261	2974	377.401423830297	nobgs	V0.5_c1	8	10	nobgs_V0.5_c1_rep8_env10	14612
0.999	8	0.996099096632904	57	377.401423830297	nobgs	V0.5_c1	8	10	nobgs_V0.5_c1_rep8_env10	14612
0.995	4	0.9644128113879	540	375.008591166568	nobgs	V0.5_c1	9	1	nobgs_V0.5_c1_rep9_env1	15174
0.997	2	0.78944246737841	3195	375.008591166568	nobgs	V0.5_c1	9	1	nobgs_V0.5_c1_rep9_env1	15174
0.999	8	0.995782259127455	64	375.008591166568	nobgs	V0.5_c1	9	1	nobgs_V0.5_c1_rep9_env1	15174
0.995	4	0.963935070035345	551	377.498108185453	nobgs	V0.5_c1	9	2	nobgs_V0.5_c1_rep9_env2	15278
0.997	2	0.789828511585286	3211	377.498108185453	nobgs	V0.5_c1	9	2	nobgs_V0.5_c1_rep9_env2	15278
0.999	8	0.996400052362875	55	377.498108185453	nobgs	V0.5_c1	9	2	nobgs_V0.5_c1_rep9_env2	15278
0.995	4	0.96310666842036	561	375.658244973397	nobgs	V0.5_c1	9	3	nobgs_V0.5_c1_rep9_env3	15206
0.997	2	0.789951334999342	3194	375.658244973397	nobgs	V0.5_c1	9	3	nobgs_V0.5_c1_rep9_env3	15206
0.999	8	0.995199263448639	73	375.658244973397	nobgs	V0.5_c1	9	3	nobgs_V0.5_c1_rep9_env3	15206
0.995	4	0.962116263879817	580	378.227439943733	nobgs	V0.5_c1	9	4	nobgs_V0.5_c1_rep9_env4	15310
0.997	2	0.792945787067276	3170	378.227439943733	nobgs	V0.5_c1	9	4	nobgs_V0.5_c1_rep9_env4	15310
0.999	8	0.995297191378184	72	378.227439943733	nobgs	V0.5_c1	9	4	nobgs_V0.5_c1_rep9_env4	15310
0.995	4	0.963688074608109	549	373.523745538696	nobgs	V0.5_c1	9	5	nobgs_V0.5_c1_rep9_env5	15119
0.997	2	0.791520603214498	3152	373.523745538696	nobgs	V0.5_c1	9	5	nobgs_V0.5_c1_rep9_env5	15119
0.999	8	0.99576691580131	64	373.523745538696	nobgs	V0.5_c1	9	5	nobgs_V0.5_c1_rep9_env5	15119
0.995	4	0.962401495926272	563	369.949295896856	nobgs	V0.5_c1	9	6	nobgs_V0.5_c1_rep9_env6	14974
0.997	2	0.789301455856819	3155	369.949295896856	nobgs	V0.5_c1	9	6	nobgs_V0.5_c1_rep9_env6	14974
0.999	8	0.995258447976493	71	369.949295896856	nobgs	V0.5_c1	9	6	nobgs_V0.5_c1_rep9_env6	14974
0.995	4	0.962543611348825	569	375.287675877343	nobgs	V0.5_c1	9	7	nobgs_V0.5_c1_rep9_env7	15191
0.997	2	0.788361529853203	3215	375.287675877343	nobgs	V0.5_c1	9	7	nobgs_V0.5_c1_rep9_env7	15191
0.999	8	0.996247778289777	57	375.287675877343	nobgs	V0.5_c1	9	7	nobgs_V0.5_c1_rep9_env7	15191
0.995	4	0.964777031966505	530	371.71663991379	nobgs	V0.5_c1	9	8	nobgs_V0.5_c1_rep9_env8	15047
0.997	2	0.791719279590616	3134	371.71663991379	nobgs	V0.5_c1	9	8	nobgs_V0.5_c1_rep9_env8	15047
0.999	8	0.996211869475643	57	371.71663991379	nobgs	V0.5_c1	9	8	nobgs_V0.5_c1_rep9_env8	15047
0.995	4	0.962362102530824	580	380.701154189057	nobgs	V0.5_c1	9	9	nobgs_V0.5_c1_rep9_env9	15410
0.997	2	0.791044776119403	3220	380.701154189057	nobgs	V0.5_c1	9	9	nobgs_V0.5_c1_rep9_env9	15410
0.999	8	0.995262816353017	73	380.701154189057	nobgs	V0.5_c1	9	9	nobgs_V0.5_c1_rep9_env9	15410
0.995	4	0.960242632030065	603	374.679418365724	nobgs	V0.5_c1	9	10	nobgs_V0.5_c1_rep9_env10	15167
0.997	2	0.791784795938551	3158	374.679418365724	nobgs	V0.5_c1	9	10	nobgs_V0.5_c1_rep9_env10	15167
0.999	8	0.995516582053142	68	374.679418365724	nobgs	V0.5_c1	9	10	nobgs_V0.5_c1_rep9_env10	15167
0.995	4	0.966947115384615	495	478.326027544182	nobgs	V0.5_c1	10	1	nobgs_V0.5_c1_rep10_env1	14976
0.997	2	0.798344017094017	3020	478.326027544182	nobgs	V0.5_c1	10	1	nobgs_V0.5_c1_rep10_env1	14976
0.999	8	0.996260683760684	56	478.326027544182	nobgs	V0.5_c1	10	1	nobgs_V0.5_c1_rep10_env1	14976
0.995	4	0.961180752122928	576	473.992951055899	nobgs	V0.5_c1	10	2	nobgs_V0.5_c1_rep10_env2	14838
0.997	2	0.807049467583232	2863	473.992951055899	nobgs	V0.5_c1	10	2	nobgs_V0.5_c1_rep10_env2	14838
0.999	8	0.994406254212158	83	473.992951055899	nobgs	V0.5_c1	10	2	nobgs_V0.5_c1_rep10_env2	14838
0.995	4	0.96238287394843	550	467.154062687532	nobgs	V0.5_c1	10	3	nobgs_V0.5_c1_rep10_env3	14621
0.997	2	0.804596128855756	2857	467.154062687532	nobgs	V0.5_c1	10	3	nobgs_V0.5_c1_rep10_env3	14621
0.999	8	0.994323233704945	83	467.154062687532	nobgs	V0.5_c1	10	3	nobgs_V0.5_c1_rep10_env3	14621
0.995	4	0.96261494060004	557	475.94156744722	nobgs	V0.5_c1	10	4	nobgs_V0.5_c1_rep10_env4	14899
0.997	2	0.79636217195785	3034	475.94156744722	nobgs	V0.5_c1	10	4	nobgs_V0.5_c1_rep10_env4	14899
0.999	8	0.99597288408618	60	475.94156744722	nobgs	V0.5_c1	10	4	nobgs_V0.5_c1_rep10_env4	14899
0.995	4	0.961507831165384	580	481.341146512572	nobgs	V0.5_c1	10	5	nobgs_V0.5_c1_rep10_env5	15068
0.997	2	0.804552694451818	2945	481.341146512572	nobgs	V0.5_c1	10	5	nobgs_V0.5_c1_rep10_env5	15068
0.999	8	0.994358906291479	85	481.341146512572	nobgs	V0.5_c1	10	5	nobgs_V0.5_c1_rep10_env5	15068
0.995	4	0.963906156005615	540	477.923074925311	nobgs	V0.5_c1	10	6	nobgs_V0.5_c1_rep10_env6	14961
0.997	2	0.798676559053539	3012	477.923074925311	nobgs	V0.5_c1	10	6	nobgs_V0.5_c1_rep10_env6	14961
0.999	8	0.995521689726623	67	477.923074925311	nobgs	V0.5_c1	10	6	nobgs_V0.5_c1_rep10_env6	14961
0.995	4	0.96386537270287	525	464.123010199174	nobgs	V0.5_c1	10	7	nobgs_V0.5_c1_rep10_env7	14529
0.997	2	0.802532865303875	2869	464.123010199174	nobgs	V0.5_c1	10	7	nobgs_V0.5_c1_rep10_env7	14529
0.999	8	0.994975566109161	73	464.123010199174	nobgs	V0.5_c1	10	7	nobgs_V0.5_c1_rep10_env7	14529
0.995	4	0.964124350933981	532	473.73178193975	nobgs	V0.5_c1	10	8	nobgs_V0.5_c1_rep10_env8	14829
0.997	2	0.802549059275744	2928	473.73178193975	nobgs	V0.5_c1	10	8	nobgs_V0.5_c1_rep10_env8	14829
0.999	8	0.995549261582035	66	473.73178193975	nobgs	V0.5_c1	10	8	nobgs_V0.5_c1_rep10_env8	14829
0.995	4	0.964461599893518	534	480.706677846259	nobgs	V0.5_c1	10	9	nobgs_V0.5_c1_rep10_env9	15026
0.997	2	0.800479169439638	2998	480.706677846259	nobgs	V0.5_c1	10	9	nobgs_V0.5_c1_rep10_env9	15026
0.999	8	0.995873818714229	62	480.706677846259	nobgs	V0.5_c1	10	9	nobgs_V0.5_c1_rep10_env9	15026
0.995	4	0.96534155661326	517	476.542524096593	nobgs	V0.5_c1	10	10	nobgs_V0.5_c1_rep10_env10	14917
0.997	2	0.797613461151706	3019	476.542524096593	nobgs	V0.5_c1	10	10	nobgs_V0.5_c1_rep10_env10	14917
0.999	8	0.996178856338406	57	476.542524096593	nobgs	V0.5_c1	10	10	nobgs_V0.5_c1_rep10_env10	14917
0.995	4	0.964668812013945	527	264.678791011305	nobgs	V1_c1	1	1	nobgs_V1_c1_rep1_env1	14916
0.997	2	0.800147492625369	2981	264.678791011305	nobgs	V1_c1	1	1	nobgs_V1_c1_rep1_env1	14916
0.999	8	0.995642263341378	65	264.678791011305	nobgs	V1_c1	1	1	nobgs_V1_c1_rep1_env1	14916
0.995	4	0.963669209152951	543	265.186712133667	nobgs	V1_c1	1	2	nobgs_V1_c1_rep1_env2	14946
0.997	2	0.803158035594808	2942	265.186712133667	nobgs	V1_c1	1	2	nobgs_V1_c1_rep1_env2	14946
0.999	8	0.995383380168607	69	265.186712133667	nobgs	V1_c1	1	2	nobgs_V1_c1_rep1_env2	14946
0.995	4	0.964226011367436	535	265.415554593832	nobgs	V1_c1	1	3	nobgs_V1_c1_rep1_env3	14955
0.997	2	0.801203610832497	2973	265.415554593832	nobgs	V1_c1	1	3	nobgs_V1_c1_rep1_env3	14955
0.999	8	0.994984954864594	75	265.415554593832	nobgs	V1_c1	1	3	nobgs_V1_c1_rep1_env3	14955
0.995	4	0.961646586345381	573	265.111092727236	nobgs	V1_c1	1	4	nobgs_V1_c1_rep1_env4	14940
0.997	2	0.807831325301205	2871	265.111092727236	nobgs	V1_c1	1	4	nobgs_V1_c1_rep1_env4	14940
0.999	8	0.99330655957162	100	265.111092727236	nobgs	V1_c1	1	4	nobgs_V1_c1_rep1_env4	14940
0.995	4	0.959787657597877	606	267.413147421514	nobgs	V1_c1	1	5	nobgs_V1_c1_rep1_env5	15070
0.997	2	0.811280690112807	2844	267.413147421514	nobgs	V1_c1	1	5	nobgs_V1_c1_rep1_env5	15070
0.999	8	0.993165228931652	103	267.413147421514	nobgs	V1_c1	1	5	nobgs_V1_c1_rep1_env5	15070
0.995	4	0.961744301288404	579	268.578941632872	nobgs	V1_c1	1	6	nobgs_V1_c1_rep1_env6	15135
0.997	2	0.803567888999009	2973	268.578941632872	nobgs	V1_c1	1	6	nobgs_V1_c1_rep1_env6	15135
0.999	8	0.994714238519987	80	268.578941632872	nobgs	V1_c1	1	6	nobgs_V1_c1_rep1_env6	15135
0.995	4	0.96255359056806	559	264.905612203205	nobgs	V1_c1	1	7	nobgs_V1_c1_rep1_env7	14928
0.997	2	0.80010718113612	2984	264.905612203205	nobgs	V1_c1	1	7	nobgs_V1_c1_rep1_env7	14928
0.999	8	0.996181672025724	57	264.905612203205	nobgs	V1_c1	1	7	nobgs_V1_c1_rep1_env7	14928
0.995	4	0.961976426716388	571	266.432334428237	nobgs	V1_c1	1	8	nobgs_V1_c1_rep1_env8	15017
0.997	2	0.801092095624958	2987	266.432334428237	nobgs	V1_c1	1	8	nobgs_V1_c1_rep1_env8	15017
0.999	8	0.99440633948192	84	266.432334428237	nobgs	V1_c1	1	8	nobgs_V1_c1_rep1_env8	15017
0.995	4	0.965231345279486	520	265.390247699812	nobgs	V1_c1	1	9	nobgs_V1_c1_rep1_env9	14956
0.997	2	0.800682000534902	2981	265.390247699812	nobgs	V1_c1	1	9	nobgs_V1_c1_rep1_env9	14956
0.999	8	0.994249799411607	86	265.390247699812	nobgs	V1_c1	1	9	nobgs_V1_c1_rep1_env9	14956
0.995	4	0.962490023942538	564	266.783647404424	nobgs	V1_c1	1	10	nobgs_V1_c1_rep1_env10	15036
0.997	2	0.802740090449588	2966	266.783647404424	nobgs	V1_c1	1	10	nobgs_V1_c1_rep1_env10	15036
0.999	8	0.99487895716946	77	266.783647404424	nobgs	V1_c1	1	10	nobgs_V1_c1_rep1_env10	15036
0.995	4	0.956779318702033	642	318.927599398422	nobgs	V1_c1	2	1	nobgs_V1_c1_rep2_env1	14854
0.997	2	0.817422916386159	2712	318.927599398422	nobgs	V1_c1	2	1	nobgs_V1_c1_rep2_env1	14854
0.999	8	0.990103675777568	147	318.927599398422	nobgs	V1_c1	2	1	nobgs_V1_c1_rep2_env1	14854
0.995	4	0.957779255319149	635	322.875501739728	nobgs	V1_c1	2	2	nobgs_V1_c1_rep2_env2	15040
0.997	2	0.809175531914894	2870	322.875501739728	nobgs	V1_c1	2	2	nobgs_V1_c1_rep2_env2	15040
0.999	8	0.990890957446809	137	322.875501739728	nobgs	V1_c1	2	2	nobgs_V1_c1_rep2_env2	15040
0.995	4	0.958068614993647	627	321.335531758622	nobgs	V1_c1	2	3	nobgs_V1_c1_rep2_env3	14953
0.997	2	0.807530261485989	2878	321.335531758622	nobgs	V1_c1	2	3	nobgs_V1_c1_rep2_env3	14953
0.999	8	0.992175483180633	117	321.335531758622	nobgs	V1_c1	2	3	nobgs_V1_c1_rep2_env3	14953
0.995	4	0.958178191489362	629	323.205135935911	nobgs	V1_c1	2	4	nobgs_V1_c1_rep2_env4	15040
0.997	2	0.808776595744681	2876	323.205135935911	nobgs	V1_c1	2	4	nobgs_V1_c1_rep2_env4	15040
0.999	8	0.989893617021277	152	323.205135935911	nobgs	V1_c1	2	4	nobgs_V1_c1_rep2_env4	15040
0.995	4	0.958286507569247	631	324.800257074669	nobgs	V1_c1	2	5	nobgs_V1_c1_rep2_env5	15127
0.997	2	0.813247834997025	2825	324.800257074669	nobgs	V1_c1	2	5	nobgs_V1_c1_rep2_env5	15127
0.999	8	0.989621207113109	157	324.800257074669	nobgs	V1_c1	2	5	nobgs_V1_c1_rep2_env5	15127
0.995	4	0.956261757592045	651	319.542332252835	nobgs	V1_c1	2	6	nobgs_V1_c1_rep2_env6	14884
0.997	2	0.813423810803547	2777	319.542332252835	nobgs	V1_c1	2	6	nobgs_V1_c1_rep2_env6	14884
0.999	8	0.991400161246977	128	319.542332252835	nobgs	V1_c1	2	6	nobgs_V1_c1_rep2_env6	14884
0.995	4	0.956696281671602	658	326.213022964882	nobgs	V1_c1	2	7	nobgs_V1_c1_rep2_env7	15195
0.997	2	0.812109246462652	2855	326.213022964882	nobgs	V1_c1	2	7	nobgs_V1_c1_rep2_env7	15195
0.999	8	0.990654820664692	142	326.213022964882	nobgs	V1_c1	2	7	nobgs_V1_c1_rep2_env7	15195
0.995	4	0.956398603701508	662	325.961517777129	nobgs	V1_c1	2	8	nobgs_V1_c1_rep2_env8	15183
0.997	2	0.810841072251861	2872	325.961517777129	nobgs	V1_c1	2	8	nobgs_V1_c1_rep2_env8	15183
0.999	8	0.99097675031285	137	325.961517777129	nobgs	V1_c1	2	8	nobgs_V1_c1_rep2_env8	15183
0.995	4	0.960280842527583	594	321.073658290505	nobgs	V1_c1	2	9	nobgs_V1_c1_rep2_env9	14955
0.997	2	0.81089936476095	2828	321.073658290505	nobgs	V1_c1	2	9	nobgs_V1_c1_rep2_env9	14955
0.999	8	0.99164159144099	125	321.073658290505	nobgs	V1_c1	2	9	nobgs_V1_c1_rep2_env9	14955
0.995	4	0.955902709116077	669	325.699220687704	nobgs	V1_c1	2	10	nobgs_V1_c1_rep2_env10	15171
0.997	2	0.813196229648672	2834	325.699220687704	nobgs	V1_c1	2	10	nobgs_V1_c1_rep2_env10	15171
0.999	8	0.991299189242634	132	325.699220687704	nobgs	V1_c1	2	10	nobgs_V1_c1_rep2_env10	15171
0.995	4	0.966276440069177	507	448.333888208896	nobgs	V1_c1	3	1	nobgs_V1_c1_rep3_env1	15034
0.997	2	0.804443261939604	2940	448.333888208896	nobgs	V1_c1	3	1	nobgs_V1_c1_rep3_env1	15034
0.999	8	0.996940268724225	46	448.333888208896	nobgs	V1_c1	3	1	nobgs_V1_c1_rep3_env1	15034
0.995	4	0.967904472667035	465	431.653848889154	nobgs	V1_c1	3	2	nobgs_V1_c1_rep3_env2	14488
0.997	2	0.804942020982882	2826	431.653848889154	nobgs	V1_c1	3	2	nobgs_V1_c1_rep3_env2	14488
0.999	8	0.996065709552733	57	431.653848889154	nobgs	V1_c1	3	2	nobgs_V1_c1_rep3_env2	14488
0.995	4	0.967184801381693	494	448.485227291652	nobgs	V1_c1	3	3	nobgs_V1_c1_rep3_env3	15054
0.997	2	0.794938222399362	3087	448.485227291652	nobgs	V1_c1	3	3	nobgs_V1_c1_rep3_env3	15054
0.999	8	0.996811478676764	48	448.485227291652	nobgs	V1_c1	3	3	nobgs_V1_c1_rep3_env3	15054
0.995	4	0.967161793112636	493	447.25008080769	nobgs	V1_c1	3	4	nobgs_V1_c1_rep3_env4	15013
0.997	2	0.799174049157397	3015	447.25008080769	nobgs	V1_c1	3	4	nobgs_V1_c1_rep3_env4	15013
0.999	8	0.996336508359422	55	447.25008080769	nobgs	V1_c1	3	4	nobgs_V1_c1_rep3_env4	15013
0.995	4	0.963220350095063	561	454.747916471636	nobgs	V1_c1	3	5	nobgs_V1_c1_rep3_env5	15253
0.997	2	0.799252606044712	3062	454.747916471636	nobgs	V1_c1	3	5	nobgs_V1_c1_rep3_env5	15253
0.999	8	0.995804104110667	64	454.747916471636	nobgs	V1_c1	3	5	nobgs_V1_c1_rep3_env5	15253
0.995	4	0.966282284712388	500	441.806890971927	nobgs	V1_c1	3	6	nobgs_V1_c1_rep3_env6	14829
0.997	2	0.800593431789062	2957	441.806890971927	nobgs	V1_c1	3	6	nobgs_V1_c1_rep3_env6	14829
0.999	8	0.996763099332389	48	441.806890971927	nobgs	V1_c1	3	6	nobgs_V1_c1_rep3_env6	14829
0.995	4	0.964754098360656	516	436.552505502753	nobgs	V1_c1	3	7	nobgs_V1_c1_rep3_env7	14640
0.997	2	0.800546448087432	2920	436.552505502753	nobgs	V1_c1	3	7	nobgs_V1_c1_rep3_env7	14640
0.999	8	0.996106557377049	57	436.552505502753	nobgs	V1_c1	3	7	nobgs_V1_c1_rep3_env7	14640
0.995	4	0.966315368196371	505	447.234128975736	nobgs	V1_c1	3	8	nobgs_V1_c1_rep3_env8	14992
0.997	2	0.794623799359659	3079	447.234128975736	nobgs	V1_c1	3	8	nobgs_V1_c1_rep3_env8	14992
0.999	8	0.997065101387407	44	447.234128975736	nobgs	V1_c1	3	8	nobgs_V1_c1_rep3_env8	14992
0.995	4	0.96889301585196	469	449.105506461853	nobgs	V1_c1	3	9	nobgs_V1_c1_rep3_env9	15077
0.997	2	0.797373482788353	3055	449.105506461853	nobgs	V1_c1	3	9	nobgs_V1_c1_rep3_env9	15077
0.999	8	0.996948995158188	46	449.105506461853	nobgs	V1_c1	3	9	nobgs_V1_c1_rep3_env9	15077
0.995	4	0.968671180140714	472	448.955614989182	nobgs	V1_c1	3	10	nobgs_V1_c1_rep3_env10	15066
0.997	2	0.804194875879464	2950	448.955614989182	nobgs	V1_c1	3	10	nobgs_V1_c1_rep3_env10	15066
0.999	8	0.996747643701049	49	448.955614989182	nobgs	V1_c1	3	10	nobgs_V1_c1_rep3_env10	15066
0.995	4	0.952698605215282	702	228.187024797753	nobgs	V1_c1	4	1	nobgs_V1_c1_rep4_env1	14841
0.997	2	0.81901489117984	2686	228.187024797753	nobgs	V1_c1	4	1	nobgs_V1_c1_rep4_env1	14841
0.999	8	0.988275722660198	174	228.187024797753	nobgs	V1_c1	4	1	nobgs_V1_c1_rep4_env1	14841
0.995	4	0.949931368063272	766	235.273800096315	nobgs	V1_c1	4	2	nobgs_V1_c1_rep4_env2	15299
0.997	2	0.81573959082293	2819	235.273800096315	nobgs	V1_c1	4	2	nobgs_V1_c1_rep4_env2	15299
0.999	8	0.988626707627949	174	235.273800096315	nobgs	V1_c1	4	2	nobgs_V1_c1_rep4_env2	15299
0.995	4	0.94816223928256	763	226.283685641151	nobgs	V1_c1	4	3	nobgs_V1_c1_rep4_env3	14719
0.997	2	0.817175079828793	2691	226.283685641151	nobgs	V1_c1	4	3	nobgs_V1_c1_rep4_env3	14719
0.999	8	0.988246484136151	173	226.283685641151	nobgs	V1_c1	4	3	nobgs_V1_c1_rep4_env3	14719
0.995	4	0.952020877944326	717	229.559179093672	nobgs	V1_c1	4	4	nobgs_V1_c1_rep4_env4	14944
0.997	2	0.818857066381156	2707	229.559179093672	nobgs	V1_c1	4	4	nobgs_V1_c1_rep4_env4	14944
0.999	8	0.988289614561028	175	229.559179093672	nobgs	V1_c1	4	4	nobgs_V1_c1_rep4_env4	14944
0.995	4	0.95213779956427	703	225.896631067339	nobgs	V1_c1	4	5	nobgs_V1_c1_rep4_env5	14688
0.997	2	0.820329520697168	2639	225.896631067339	nobgs	V1_c1	4	5	nobgs_V1_c1_rep4_env5	14688
0.999	8	0.989447167755991	155	225.896631067339	nobgs	V1_c1	4	5	nobgs_V1_c1_rep4_env5	14688
0.995	4	0.950121326503101	740	227.776478746978	nobgs	V1_c1	4	6	nobgs_V1_c1_rep4_env6	14836
0.997	2	0.817875438123483	2702	227.776478746978	nobgs	V1_c1	4	6	nobgs_V1_c1_rep4_env6	14836
0.999	8	0.988743596656781	167	227.776478746978	nobgs	V1_c1	4	6	nobgs_V1_c1_rep4_env6	14836
0.995	4	0.947606508675984	776	228.143657398375	nobgs	V1_c1	4	7	nobgs_V1_c1_rep4_env7	14811
0.997	2	0.821078927823915	2650	228.143657398375	nobgs	V1_c1	4	7	nobgs_V1_c1_rep4_env7	14811
0.999	8	0.988049422726352	177	228.143657398375	nobgs	V1_c1	4	7	nobgs_V1_c1_rep4_env7	14811
0.995	4	0.950547581797157	727	226.209144502743	nobgs	V1_c1	4	8	nobgs_V1_c1_rep4_env8	14701
0.997	2	0.812189646962792	2761	226.209144502743	nobgs	V1_c1	4	8	nobgs_V1_c1_rep4_env8	14701
0.999	8	0.988980341473369	162	226.209144502743	nobgs	V1_c1	4	8	nobgs_V1_c1_rep4_env8	14701
0.995	4	0.949646107178969	747	228.065214936899	nobgs	V1_c1	4	9	nobgs_V1_c1_rep4_env9	14835
0.997	2	0.814290529154028	2755	228.065214936899	nobgs	V1_c1	4	9	nobgs_V1_c1_rep4_env9	14835
0.999	8	0.990091001011122	147	228.065214936899	nobgs	V1_c1	4	9	nobgs_V1_c1_rep4_env9	14835
0.995	4	0.951481580352376	727	230.182498897708	nobgs	V1_c1	4	10	nobgs_V1_c1_rep4_env10	14984
0.997	2	0.81727175654031	2738	230.182498897708	nobgs	V1_c1	4	10	nobgs_V1_c1_rep4_env10	14984
0.999	8	0.987720234917245	184	230.182498897708	nobgs	V1_c1	4	10	nobgs_V1_c1_rep4_env10	14984
0.995	4	0.962790077353961	558	612.108765310985	nobgs	V1_c1	5	1	nobgs_V1_c1_rep5_env1	14996
0.997	2	0.804814617231262	2927	612.108765310985	nobgs	V1_c1	5	1	nobgs_V1_c1_rep5_env1	14996
0.999	8	0.994998666311016	75	612.108765310985	nobgs	V1_c1	5	1	nobgs_V1_c1_rep5_env1	14996
0.995	4	0.963493150684931	533	597.51125919932	nobgs	V1_c1	5	2	nobgs_V1_c1_rep5_env2	14600
0.997	2	0.797876712328767	2951	597.51125919932	nobgs	V1_c1	5	2	nobgs_V1_c1_rep5_env2	14600
0.999	8	0.996438356164384	52	597.51125919932	nobgs	V1_c1	5	2	nobgs_V1_c1_rep5_env2	14600
0.995	4	0.961372266596831	590	623.496138050879	nobgs	V1_c1	5	3	nobgs_V1_c1_rep5_env3	15274
0.997	2	0.811902579546943	2873	623.496138050879	nobgs	V1_c1	5	3	nobgs_V1_c1_rep5_env3	15274
0.999	8	0.993649338745581	97	623.496138050879	nobgs	V1_c1	5	3	nobgs_V1_c1_rep5_env3	15274
0.995	4	0.961561362884552	581	616.983802736298	nobgs	V1_c1	5	4	nobgs_V1_c1_rep5_env4	15115
0.997	2	0.803506450545815	2970	616.983802736298	nobgs	V1_c1	5	4	nobgs_V1_c1_rep5_env4	15115
0.999	8	0.994971882236189	76	616.983802736298	nobgs	V1_c1	5	4	nobgs_V1_c1_rep5_env4	15115
0.995	4	0.959334438000552	589	591.266402499092	nobgs	V1_c1	5	5	nobgs_V1_c1_rep5_env5	14484
0.997	2	0.807097486882077	2794	591.266402499092	nobgs	V1_c1	5	5	nobgs_V1_c1_rep5_env5	14484
0.999	8	0.994614747307374	78	591.266402499092	nobgs	V1_c1	5	5	nobgs_V1_c1_rep5_env5	14484
0.995	4	0.965128405683744	535	626.254642109473	nobgs	V1_c1	5	6	nobgs_V1_c1_rep5_env6	15342
0.997	2	0.814887237648286	2840	626.254642109473	nobgs	V1_c1	5	6	nobgs_V1_c1_rep5_env6	15342
0.999	8	0.994524833789597	84	626.254642109473	nobgs	V1_c1	5	6	nobgs_V1_c1_rep5_env6	15342
0.995	4	0.961746020903067	560	608.511091121616	nobgs	V1_c1	5	7	nobgs_V1_c1_rep5_env7	14639
0.997	2	0.801762415465537	2902	608.511091121616	nobgs	V1_c1	5	7	nobgs_V1_c1_rep5_env7	14639
0.999	8	0.99542318464376	67	608.511091121616	nobgs	V1_c1	5	7	nobgs_V1_c1_rep5_env7	14639
0.995	4	0.962026174815217	560	602.355923607038	nobgs	V1_c1	5	8	nobgs_V1_c1_rep5_env8	14747
0.997	2	0.805451956330101	2869	602.355923607038	nobgs	V1_c1	5	8	nobgs_V1_c1_rep5_env8	14747
0.999	8	0.995727944666712	63	602.355923607038	nobgs	V1_c1	5	8	nobgs_V1_c1_rep5_env8	14747
0.995	4	0.96118455158113	599	629.957208466605	nobgs	V1_c1	5	9	nobgs_V1_c1_rep5_env9	15432
0.997	2	0.810523587350959	2924	629.957208466605	nobgs	V1_c1	5	9	nobgs_V1_c1_rep5_env9	15432
0.999	8	0.993584758942457	99	629.957208466605	nobgs	V1_c1	5	9	nobgs_V1_c1_rep5_env9	15432
0.995	4	0.963100835945663	565	625.042835966954	nobgs	V1_c1	5	10	nobgs_V1_c1_rep5_env10	15312
0.997	2	0.809887669801463	2911	625.042835966954	nobgs	V1_c1	5	10	nobgs_V1_c1_rep5_env10	15312
0.999	8	0.993861024033438	94	625.042835966954	nobgs	V1_c1	5	10	nobgs_V1_c1_rep5_env10	15312
0.995	4	0.962960552011457	569	450.102074313663	nobgs	V1_c1	6	1	nobgs_V1_c1_rep6_env1	15362
0.997	2	0.804322353860174	3006	450.102074313663	nobgs	V1_c1	6	1	nobgs_V1_c1_rep6_env1	15362
0.999	8	0.995508397344096	69	450.102074313663	nobgs	V1_c1	6	1	nobgs_V1_c1_rep6_env1	15362
0.995	4	0.963882618510158	544	441.13774996317	nobgs	V1_c1	6	2	nobgs_V1_c1_rep6_env2	15062
0.997	2	0.795910237684239	3074	441.13774996317	nobgs	V1_c1	6	2	nobgs_V1_c1_rep6_env2	15062
0.999	8	0.996547603239942	52	441.13774996317	nobgs	V1_c1	6	2	nobgs_V1_c1_rep6_env2	15062
0.995	4	0.962471544715447	577	450.611710892802	nobgs	V1_c1	6	3	nobgs_V1_c1_rep6_env3	15375
0.997	2	0.793951219512195	3168	450.611710892802	nobgs	V1_c1	6	3	nobgs_V1_c1_rep6_env3	15375
0.999	8	0.995382113821138	71	450.611710892802	nobgs	V1_c1	6	3	nobgs_V1_c1_rep6_env3	15375
0.995	4	0.962086886993603	569	439.561430862666	nobgs	V1_c1	6	4	nobgs_V1_c1_rep6_env4	15008
0.997	2	0.796641791044776	3052	439.561430862666	nobgs	V1_c1	6	4	nobgs_V1_c1_rep6_env4	15008
0.999	8	0.995402452025586	69	439.561430862666	nobgs	V1_c1	6	4	nobgs_V1_c1_rep6_env4	15008
0.995	4	0.962630085146641	553	433.944080742337	nobgs	V1_c1	6	5	nobgs_V1_c1_rep6_env5	14798
0.997	2	0.795377753750507	3028	433.944080742337	nobgs	V1_c1	6	5	nobgs_V1_c1_rep6_env5	14798
0.999	8	0.9966211650223	50	433.944080742337	nobgs	V1_c1	6	5	nobgs_V1_c1_rep6_env5	14798
0.995	4	0.963876709639421	552	447.838927334185	nobgs	V1_c1	6	6	nobgs_V1_c1_rep6_env6	15281
0.997	2	0.800798377069564	3044	447.838927334185	nobgs	V1_c1	6	6	nobgs_V1_c1_rep6_env6	15281
0.999	8	0.995811792421962	64	447.838927334185	nobgs	V1_c1	6	6	nobgs_V1_c1_rep6_env6	15281
0.995	4	0.962386686510621	556	433.350352297243	nobgs	V1_c1	6	7	nobgs_V1_c1_rep6_env7	14782
0.997	2	0.802124205114328	2925	433.350352297243	nobgs	V1_c1	6	7	nobgs_V1_c1_rep6_env7	14782
0.999	8	0.995602760113652	65	433.350352297243	nobgs	V1_c1	6	7	nobgs_V1_c1_rep6_env7	14782
0.995	4	0.962355147699109	562	437.277110668279	nobgs	V1_c1	6	8	nobgs_V1_c1_rep6_env8	14929
0.997	2	0.798512961350392	3008	437.277110668279	nobgs	V1_c1	6	8	nobgs_V1_c1_rep6_env8	14929
0.999	8	0.995980976622681	60	437.277110668279	nobgs	V1_c1	6	8	nobgs_V1_c1_rep6_env8	14929
0.995	4	0.962453066332916	570	444.817334520685	nobgs	V1_c1	6	9	nobgs_V1_c1_rep6_env9	15181
0.997	2	0.794611685659706	3118	444.817334520685	nobgs	V1_c1	6	9	nobgs_V1_c1_rep6_env9	15181
0.999	8	0.996508793887096	53	444.817334520685	nobgs	V1_c1	6	9	nobgs_V1_c1_rep6_env9	15181
0.995	4	0.96313730690181	556	441.967612971982	nobgs	V1_c1	6	10	nobgs_V1_c1_rep6_env10	15083
0.997	2	0.79075780680236	3156	441.967612971982	nobgs	V1_c1	6	10	nobgs_V1_c1_rep6_env10	15083
0.999	8	0.996552409998011	52	441.967612971982	nobgs	V1_c1	6	10	nobgs_V1_c1_rep6_env10	15083
0.995	4	0.950635160929375	750	272.220424401192	nobgs	V1_c1	7	1	nobgs_V1_c1_rep7_env1	15193
0.997	2	0.813795827025604	2829	272.220424401192	nobgs	V1_c1	7	1	nobgs_V1_c1_rep7_env1	15193
0.999	8	0.989797933258738	155	272.220424401192	nobgs	V1_c1	7	1	nobgs_V1_c1_rep7_env1	15193
0.995	4	0.949122568358047	748	263.339355461255	nobgs	V1_c1	7	2	nobgs_V1_c1_rep7_env2	14702
0.997	2	0.814174942184737	2732	263.339355461255	nobgs	V1_c1	7	2	nobgs_V1_c1_rep7_env2	14702
0.999	8	0.98945721670521	155	263.339355461255	nobgs	V1_c1	7	2	nobgs_V1_c1_rep7_env2	14702
0.995	4	0.950676589986468	729	264.815267521113	nobgs	V1_c1	7	3	nobgs_V1_c1_rep7_env3	14780
0.997	2	0.819418132611637	2669	264.815267521113	nobgs	V1_c1	7	3	nobgs_V1_c1_rep7_env3	14780
0.999	8	0.98809201623816	176	264.815267521113	nobgs	V1_c1	7	3	nobgs_V1_c1_rep7_env3	14780
0.995	4	0.950167000668003	746	268.017537119713	nobgs	V1_c1	7	4	nobgs_V1_c1_rep7_env4	14970
0.997	2	0.80935203740815	2854	268.017537119713	nobgs	V1_c1	7	4	nobgs_V1_c1_rep7_env4	14970
0.999	8	0.990046760187041	149	268.017537119713	nobgs	V1_c1	7	4	nobgs_V1_c1_rep7_env4	14970
0.995	4	0.948975571315997	777	272.754809063305	nobgs	V1_c1	7	5	nobgs_V1_c1_rep7_env5	15228
0.997	2	0.807328605200946	2934	272.754809063305	nobgs	V1_c1	7	5	nobgs_V1_c1_rep7_env5	15228
0.999	8	0.990675072235356	142	272.754809063305	nobgs	V1_c1	7	5	nobgs_V1_c1_rep7_env5	15228
0.995	4	0.955638732931309	640	258.493394711673	nobgs	V1_c1	7	6	nobgs_V1_c1_rep7_env6	14427
0.997	2	0.816524571983087	2647	258.493394711673	nobgs	V1_c1	7	6	nobgs_V1_c1_rep7_env6	14427
0.999	8	0.990503916268108	137	258.493394711673	nobgs	V1_c1	7	6	nobgs_V1_c1_rep7_env6	14427
0.995	4	0.952677212257595	715	270.506143509802	nobgs	V1_c1	7	7	nobgs_V1_c1_rep7_env7	15109
0.997	2	0.807465748891389	2909	270.506143509802	nobgs	V1_c1	7	7	nobgs_V1_c1_rep7_env7	15109
0.999	8	0.991263485339864	132	270.506143509802	nobgs	V1_c1	7	7	nobgs_V1_c1_rep7_env7	15109
0.995	4	0.954015725919685	655	255.194925010692	nobgs	V1_c1	7	8	nobgs_V1_c1_rep7_env8	14244
0.997	2	0.81318449873631	2661	255.194925010692	nobgs	V1_c1	7	8	nobgs_V1_c1_rep7_env8	14244
0.999	8	0.990873350182533	130	255.194925010692	nobgs	V1_c1	7	8	nobgs_V1_c1_rep7_env8	14244
0.995	4	0.948798663754337	797	278.688108403838	nobgs	V1_c1	7	9	nobgs_V1_c1_rep7_env9	15566
0.997	2	0.816266221251446	2860	278.688108403838	nobgs	V1_c1	7	9	nobgs_V1_c1_rep7_env9	15566
0.999	8	0.98914300398304	169	278.688108403838	nobgs	V1_c1	7	9	nobgs_V1_c1_rep7_env9	15566
0.995	4	0.949032688458973	764	268.375609981596	nobgs	V1_c1	7	10	nobgs_V1_c1_rep7_env10	14990
0.997	2	0.807204803202135	2890	268.375609981596	nobgs	V1_c1	7	10	nobgs_V1_c1_rep7_env10	14990
0.999	8	0.989593062041361	156	268.375609981596	nobgs	V1_c1	7	10	nobgs_V1_c1_rep7_env10	14990
0.995	4	0.965489832417036	521	389.755258378538	nobgs	V1_c1	8	1	nobgs_V1_c1_rep8_env1	15097
0.997	2	0.797840630588859	3052	389.755258378538	nobgs	V1_c1	8	1	nobgs_V1_c1_rep8_env1	15097
0.999	8	0.996621845399748	51	389.755258378538	nobgs	V1_c1	8	1	nobgs_V1_c1_rep8_env1	15097
0.995	4	0.964116130782797	529	380.590317216427	nobgs	V1_c1	8	2	nobgs_V1_c1_rep8_env2	14742
0.997	2	0.804843304843305	2877	380.590317216427	nobgs	V1_c1	8	2	nobgs_V1_c1_rep8_env2	14742
0.999	8	0.995522995522995	66	380.590317216427	nobgs	V1_c1	8	2	nobgs_V1_c1_rep8_env2	14742
0.995	4	0.966465053763441	499	384.1530267386	nobgs	V1_c1	8	3	nobgs_V1_c1_rep8_env3	14880
0.997	2	0.801948924731183	2947	384.1530267386	nobgs	V1_c1	8	3	nobgs_V1_c1_rep8_env3	14880
0.999	8	0.996841397849462	47	384.1530267386	nobgs	V1_c1	8	3	nobgs_V1_c1_rep8_env3	14880
0.995	4	0.967067848168232	498	390.433284641485	nobgs	V1_c1	8	4	nobgs_V1_c1_rep8_env4	15122
0.997	2	0.792289379711678	3141	390.433284641485	nobgs	V1_c1	8	4	nobgs_V1_c1_rep8_env4	15122
0.999	8	0.997090331966671	44	390.433284641485	nobgs	V1_c1	8	4	nobgs_V1_c1_rep8_env4	15122
0.995	4	0.964011643291876	544	390.245776356228	nobgs	V1_c1	8	5	nobgs_V1_c1_rep8_env5	15116
0.997	2	0.797962423921672	3054	390.245776356228	nobgs	V1_c1	8	5	nobgs_V1_c1_rep8_env5	15116
0.999	8	0.996493781423657	53	390.245776356228	nobgs	V1_c1	8	5	nobgs_V1_c1_rep8_env5	15116
0.995	4	0.963691576445735	550	391.077626430404	nobgs	V1_c1	8	6	nobgs_V1_c1_rep8_env6	15148
0.997	2	0.794692368629522	3110	391.077626430404	nobgs	V1_c1	8	6	nobgs_V1_c1_rep8_env6	15148
0.999	8	0.996369157644574	55	391.077626430404	nobgs	V1_c1	8	6	nobgs_V1_c1_rep8_env6	15148
0.995	4	0.962511715089035	560	385.64458305413	nobgs	V1_c1	8	7	nobgs_V1_c1_rep8_env7	14938
0.997	2	0.80037488284911	2982	385.64458305413	nobgs	V1_c1	8	7	nobgs_V1_c1_rep8_env7	14938
0.999	8	0.995782567947516	63	385.64458305413	nobgs	V1_c1	8	7	nobgs_V1_c1_rep8_env7	14938
0.995	4	0.966646694627521	501	387.797761802021	nobgs	V1_c1	8	8	nobgs_V1_c1_rep8_env8	15021
0.997	2	0.794554290659743	3086	387.797761802021	nobgs	V1_c1	8	8	nobgs_V1_c1_rep8_env8	15021
0.999	8	0.996871047200586	47	387.797761802021	nobgs	V1_c1	8	8	nobgs_V1_c1_rep8_env8	15021
0.995	4	0.961872554870367	575	389.484773704724	nobgs	V1_c1	8	9	nobgs_V1_c1_rep8_env9	15081
0.997	2	0.795305351104038	3087	389.484773704724	nobgs	V1_c1	8	9	nobgs_V1_c1_rep8_env9	15081
0.999	8	0.997612890391884	36	389.484773704724	nobgs	V1_c1	8	9	nobgs_V1_c1_rep8_env9	15081
0.995	4	0.964136559496188	541	389.554495820417	nobgs	V1_c1	8	10	nobgs_V1_c1_rep8_env10	15085
0.997	2	0.797812396420285	3050	389.554495820417	nobgs	V1_c1	8	10	nobgs_V1_c1_rep8_env10	15085
0.999	8	0.996884322174345	47	389.554495820417	nobgs	V1_c1	8	10	nobgs_V1_c1_rep8_env10	15085
0.995	4	0.965023091551209	515	363.75344641197	nobgs	V1_c1	9	1	nobgs_V1_c1_rep9_env1	14724
0.997	2	0.79333061668025	3043	363.75344641197	nobgs	V1_c1	9	1	nobgs_V1_c1_rep9_env1	14724
0.999	8	0.996060853029068	58	363.75344641197	nobgs	V1_c1	9	1	nobgs_V1_c1_rep9_env1	14724
0.995	4	0.962820771873106	552	366.795924328323	nobgs	V1_c1	9	2	nobgs_V1_c1_rep9_env2	14847
0.997	2	0.795312184279652	3039	366.795924328323	nobgs	V1_c1	9	2	nobgs_V1_c1_rep9_env2	14847
0.999	8	0.995891425877282	61	366.795924328323	nobgs	V1_c1	9	2	nobgs_V1_c1_rep9_env2	14847
0.995	4	0.962857336864263	547	363.827560806105	nobgs	V1_c1	9	3	nobgs_V1_c1_rep9_env3	14727
0.997	2	0.796156718951585	3002	363.827560806105	nobgs	V1_c1	9	3	nobgs_V1_c1_rep9_env3	14727
0.999	8	0.995857947986691	61	363.827560806105	nobgs	V1_c1	9	3	nobgs_V1_c1_rep9_env3	14727
0.995	4	0.961569524835106	571	367.036559711831	nobgs	V1_c1	9	4	nobgs_V1_c1_rep9_env4	14858
0.997	2	0.796338672768879	3026	367.036559711831	nobgs	V1_c1	9	4	nobgs_V1_c1_rep9_env4	14858
0.999	8	0.995288733342307	70	367.036559711831	nobgs	V1_c1	9	4	nobgs_V1_c1_rep9_env4	14858
0.995	4	0.962004034969738	565	367.337350889012	nobgs	V1_c1	9	5	nobgs_V1_c1_rep9_env5	14870
0.997	2	0.798924008069939	2990	367.337350889012	nobgs	V1_c1	9	5	nobgs_V1_c1_rep9_env5	14870
0.999	8	0.994687289845326	79	367.337350889012	nobgs	V1_c1	9	5	nobgs_V1_c1_rep9_env5	14870
0.995	4	0.964139137455426	533	367.19120517895	nobgs	V1_c1	9	6	nobgs_V1_c1_rep9_env6	14863
0.997	2	0.795263405772724	3043	367.19120517895	nobgs	V1_c1	9	6	nobgs_V1_c1_rep9_env6	14863
0.999	8	0.99562672407993	65	367.19120517895	nobgs	V1_c1	9	6	nobgs_V1_c1_rep9_env6	14863
0.995	4	0.962486673773987	563	370.742003510241	nobgs	V1_c1	9	7	nobgs_V1_c1_rep9_env7	15008
0.997	2	0.790245202558635	3148	370.742003510241	nobgs	V1_c1	9	7	nobgs_V1_c1_rep9_env7	15008
0.999	8	0.996068763326226	59	370.742003510241	nobgs	V1_c1	9	7	nobgs_V1_c1_rep9_env7	15008
0.995	4	0.962691494981511	565	374.129461590796	nobgs	V1_c1	9	8	nobgs_V1_c1_rep9_env8	15144
0.997	2	0.797279450607501	3070	374.129461590796	nobgs	V1_c1	9	8	nobgs_V1_c1_rep9_env8	15144
0.999	8	0.995972002113048	61	374.129461590796	nobgs	V1_c1	9	8	nobgs_V1_c1_rep9_env8	15144
0.995	4	0.963226966890947	552	370.816112386209	nobgs	V1_c1	9	9	nobgs_V1_c1_rep9_env9	15011
0.997	2	0.794550662847245	3084	370.816112386209	nobgs	V1_c1	9	9	nobgs_V1_c1_rep9_env9	15011
0.999	8	0.995736459929385	64	370.816112386209	nobgs	V1_c1	9	9	nobgs_V1_c1_rep9_env9	15011
0.995	4	0.96593525667073	503	364.794815022026	nobgs	V1_c1	9	10	nobgs_V1_c1_rep9_env10	14766
0.997	2	0.797236895570906	2994	364.794815022026	nobgs	V1_c1	9	10	nobgs_V1_c1_rep9_env10	14766
0.999	8	0.996342950020317	54	364.794815022026	nobgs	V1_c1	9	10	nobgs_V1_c1_rep9_env10	14766
0.995	4	0.966369067597503	501	475.89526738976	nobgs	V1_c1	10	1	nobgs_V1_c1_rep10_env1	14897
0.997	2	0.798885681680875	2996	475.89526738976	nobgs	V1_c1	10	1	nobgs_V1_c1_rep10_env1	14897
0.999	8	0.996912129959052	46	475.89526738976	nobgs	V1_c1	10	1	nobgs_V1_c1_rep10_env1	14897
0.995	4	0.963240346296551	535	465.135157333869	nobgs	V1_c1	10	2	nobgs_V1_c1_rep10_env2	14554
0.997	2	0.806170125051532	2821	465.135157333869	nobgs	V1_c1	10	2	nobgs_V1_c1_rep10_env2	14554
0.999	8	0.99512161605057	71	465.135157333869	nobgs	V1_c1	10	2	nobgs_V1_c1_rep10_env2	14554
0.995	4	0.963958501751549	535	474.537516931613	nobgs	V1_c1	10	3	nobgs_V1_c1_rep10_env3	14844
0.997	2	0.79890864995958	2985	474.537516931613	nobgs	V1_c1	10	3	nobgs_V1_c1_rep10_env3	14844
0.999	8	0.996362166531932	54	474.537516931613	nobgs	V1_c1	10	3	nobgs_V1_c1_rep10_env3	14844
0.995	4	0.966471309799646	492	468.725808466573	nobgs	V1_c1	10	4	nobgs_V1_c1_rep10_env4	14674
0.997	2	0.806187815183317	2844	468.725808466573	nobgs	V1_c1	10	4	nobgs_V1_c1_rep10_env4	14674
0.999	8	0.995161510154014	71	468.725808466573	nobgs	V1_c1	10	4	nobgs_V1_c1_rep10_env4	14674
0.995	4	0.964849788292224	523	475.274042808651	nobgs	V1_c1	10	5	nobgs_V1_c1_rep10_env5	14879
0.997	2	0.799650514147456	2981	475.274042808651	nobgs	V1_c1	10	5	nobgs_V1_c1_rep10_env5	14879
0.999	8	0.995631426843202	65	475.274042808651	nobgs	V1_c1	10	5	nobgs_V1_c1_rep10_env5	14879
0.995	4	0.965913702150683	504	472.569552355887	nobgs	V1_c1	10	6	nobgs_V1_c1_rep10_env6	14786
0.997	2	0.7992695793318	2968	472.569552355887	nobgs	V1_c1	10	6	nobgs_V1_c1_rep10_env6	14786
0.999	8	0.996483159745705	52	472.569552355887	nobgs	V1_c1	10	6	nobgs_V1_c1_rep10_env6	14786
0.995	4	0.963698164513936	534	470.02921498379	nobgs	V1_c1	10	7	nobgs_V1_c1_rep10_env7	14710
0.997	2	0.800679809653297	2932	470.02921498379	nobgs	V1_c1	10	7	nobgs_V1_c1_rep10_env7	14710
0.999	8	0.995921142080218	60	470.02921498379	nobgs	V1_c1	10	7	nobgs_V1_c1_rep10_env7	14710
0.995	4	0.966241058894311	505	478.130904819987	nobgs	V1_c1	10	8	nobgs_V1_c1_rep10_env8	14959
0.997	2	0.801123069723912	2975	478.130904819987	nobgs	V1_c1	10	8	nobgs_V1_c1_rep10_env8	14959
0.999	8	0.994986295875393	75	478.130904819987	nobgs	V1_c1	10	8	nobgs_V1_c1_rep10_env8	14959
0.995	4	0.964905284147557	528	480.816031572979	nobgs	V1_c1	10	9	nobgs_V1_c1_rep10_env9	15045
0.997	2	0.797673645729478	3044	480.816031572979	nobgs	V1_c1	10	9	nobgs_V1_c1_rep10_env9	15045
0.999	8	0.996211365902293	57	480.816031572979	nobgs	V1_c1	10	9	nobgs_V1_c1_rep10_env9	15045
0.995	4	0.96726710579379	487	475.405908389876	nobgs	V1_c1	10	10	nobgs_V1_c1_rep10_env10	14878
0.997	2	0.800712461352332	2965	475.405908389876	nobgs	V1_c1	10	10	nobgs_V1_c1_rep10_env10	14878
0.999	8	0.994824573195322	77	475.405908389876	nobgs	V1_c1	10	10	nobgs_V1_c1_rep10_env10	14878
0.995	4	0.962027886828212	561	262.1692845561	nobgs	V2_c1	1	1	nobgs_V2_c1_rep1_env1	14774
0.997	2	0.804115337755517	2894	262.1692845561	nobgs	V2_c1	1	1	nobgs_V2_c1_rep1_env1	14774
0.999	8	0.994991200758088	74	262.1692845561	nobgs	V2_c1	1	1	nobgs_V2_c1_rep1_env1	14774
0.995	4	0.961933045356371	564	262.917923664613	nobgs	V2_c1	1	2	nobgs_V2_c1_rep1_env2	14816
0.997	2	0.806088012958963	2873	262.917923664613	nobgs	V2_c1	1	2	nobgs_V2_c1_rep1_env2	14816
0.999	8	0.994532937365011	81	262.917923664613	nobgs	V2_c1	1	2	nobgs_V2_c1_rep1_env2	14816
0.995	4	0.96428084526244	524	260.307119460047	nobgs	V2_c1	1	3	nobgs_V2_c1_rep1_env3	14670
0.997	2	0.805589638718473	2852	260.307119460047	nobgs	V2_c1	1	3	nobgs_V2_c1_rep1_env3	14670
0.999	8	0.995364689843217	68	260.307119460047	nobgs	V2_c1	1	3	nobgs_V2_c1_rep1_env3	14670
0.995	4	0.965152332165004	517	263.419216946783	nobgs	V2_c1	1	4	nobgs_V2_c1_rep1_env4	14836
0.997	2	0.802709625235913	2927	263.419216946783	nobgs	V2_c1	1	4	nobgs_V2_c1_rep1_env4	14836
0.999	8	0.994742518198975	78	263.419216946783	nobgs	V2_c1	1	4	nobgs_V2_c1_rep1_env4	14836
0.995	4	0.964127665280944	535	264.651656205822	nobgs	V2_c1	1	5	nobgs_V2_c1_rep1_env5	14914
0.997	2	0.803339144428054	2933	264.651656205822	nobgs	V2_c1	1	5	nobgs_V2_c1_rep1_env5	14914
0.999	8	0.995574627866434	66	264.651656205822	nobgs	V2_c1	1	5	nobgs_V2_c1_rep1_env5	14914
0.995	4	0.962668784749802	564	268.057228621465	nobgs	V2_c1	1	6	nobgs_V2_c1_rep1_env6	15108
0.997	2	0.80904156738152	2885	268.057228621465	nobgs	V2_c1	1	6	nobgs_V2_c1_rep1_env6	15108
0.999	8	0.993976701085518	91	268.057228621465	nobgs	V2_c1	1	6	nobgs_V2_c1_rep1_env6	15108
0.995	4	0.962962962962963	553	264.955299019028	nobgs	V2_c1	1	7	nobgs_V2_c1_rep1_env7	14931
0.997	2	0.804634652735919	2917	264.955299019028	nobgs	V2_c1	1	7	nobgs_V2_c1_rep1_env7	14931
0.999	8	0.994775969459514	78	264.955299019028	nobgs	V2_c1	1	7	nobgs_V2_c1_rep1_env7	14931
0.995	4	0.962882244772867	545	260.573946282476	nobgs	V2_c1	1	8	nobgs_V2_c1_rep1_env8	14683
0.997	2	0.803582374174215	2884	260.573946282476	nobgs	V2_c1	1	8	nobgs_V2_c1_rep1_env8	14683
0.999	8	0.995028263978751	73	260.573946282476	nobgs	V2_c1	1	8	nobgs_V2_c1_rep1_env8	14683
0.995	4	0.965384879018439	505	258.8750453506	nobgs	V2_c1	1	9	nobgs_V2_c1_rep1_env9	14589
0.997	2	0.800123380629241	2916	258.8750453506	nobgs	V2_c1	1	9	nobgs_V2_c1_rep1_env9	14589
0.999	8	0.995407498800466	67	258.8750453506	nobgs	V2_c1	1	9	nobgs_V2_c1_rep1_env9	14589
0.995	4	0.965044874822862	518	262.928342188454	nobgs	V2_c1	1	10	nobgs_V2_c1_rep1_env10	14819
0.997	2	0.799919022876038	2965	262.928342188454	nobgs	V2_c1	1	10	nobgs_V2_c1_rep1_env10	14819
0.999	8	0.995411296308793	68	262.928342188454	nobgs	V2_c1	1	10	nobgs_V2_c1_rep1_env10	14819
0.995	4	0.956218442731863	659	323.625604392639	nobgs	V2_c1	2	1	nobgs_V2_c1_rep2_env1	15052
0.997	2	0.815572681371246	2776	323.625604392639	nobgs	V2_c1	2	1	nobgs_V2_c1_rep2_env1	15052
0.999	8	0.98990167419612	152	323.625604392639	nobgs	V2_c1	2	1	nobgs_V2_c1_rep2_env1	15052
0.995	4	0.959480173275575	608	322.497371501347	nobgs	V2_c1	2	2	nobgs_V2_c1_rep2_env2	15005
0.997	2	0.81726091302899	2742	322.497371501347	nobgs	V2_c1	2	2	nobgs_V2_c1_rep2_env2	15005
0.999	8	0.990069976674442	149	322.497371501347	nobgs	V2_c1	2	2	nobgs_V2_c1_rep2_env2	15005
0.995	4	0.957570167347477	644	325.996738572094	nobgs	V2_c1	2	3	nobgs_V2_c1_rep2_env3	15178
0.997	2	0.818355514560548	2757	325.996738572094	nobgs	V2_c1	2	3	nobgs_V2_c1_rep2_env3	15178
0.999	8	0.989524311503492	159	325.996738572094	nobgs	V2_c1	2	3	nobgs_V2_c1_rep2_env3	15178
0.995	4	0.957974784870922	630	321.915653031059	nobgs	V2_c1	2	4	nobgs_V2_c1_rep2_env4	14991
0.997	2	0.818157561203389	2726	321.915653031059	nobgs	V2_c1	2	4	nobgs_V2_c1_rep2_env4	14991
0.999	8	0.990527649923287	142	321.915653031059	nobgs	V2_c1	2	4	nobgs_V2_c1_rep2_env4	14991
0.995	4	0.954485049833887	685	323.391303391152	nobgs	V2_c1	2	5	nobgs_V2_c1_rep2_env5	15050
0.997	2	0.815946843853821	2770	323.391303391152	nobgs	V2_c1	2	5	nobgs_V2_c1_rep2_env5	15050
0.999	8	0.989435215946844	159	323.391303391152	nobgs	V2_c1	2	5	nobgs_V2_c1_rep2_env5	15050
0.995	4	0.955626200410623	670	324.492686019961	nobgs	V2_c1	2	6	nobgs_V2_c1_rep2_env6	15099
0.997	2	0.814689714550632	2798	324.492686019961	nobgs	V2_c1	2	6	nobgs_V2_c1_rep2_env6	15099
0.999	8	0.990860321875621	138	324.492686019961	nobgs	V2_c1	2	6	nobgs_V2_c1_rep2_env6	15099
0.995	4	0.954345507864569	685	322.418702416434	nobgs	V2_c1	2	7	nobgs_V2_c1_rep2_env7	15004
0.997	2	0.813716342308718	2795	322.418702416434	nobgs	V2_c1	2	7	nobgs_V2_c1_rep2_env7	15004
0.999	8	0.990869101572914	137	322.418702416434	nobgs	V2_c1	2	7	nobgs_V2_c1_rep2_env7	15004
0.995	4	0.957988666710089	645	329.87263925291	nobgs	V2_c1	2	8	nobgs_V2_c1_rep2_env8	15353
0.997	2	0.813521787272846	2863	329.87263925291	nobgs	V2_c1	2	8	nobgs_V2_c1_rep2_env8	15353
0.999	8	0.989773985540285	157	329.87263925291	nobgs	V2_c1	2	8	nobgs_V2_c1_rep2_env8	15353
0.995	4	0.957589433862083	639	323.817458594532	nobgs	V2_c1	2	9	nobgs_V2_c1_rep2_env9	15067
0.997	2	0.812636888564412	2823	323.817458594532	nobgs	V2_c1	2	9	nobgs_V2_c1_rep2_env9	15067
0.999	8	0.989978097829694	151	323.817458594532	nobgs	V2_c1	2	9	nobgs_V2_c1_rep2_env9	15067
0.995	4	0.958663497094559	626	325.413820164212	nobgs	V2_c1	2	10	nobgs_V2_c1_rep2_env10	15144
0.997	2	0.816957210776545	2772	325.413820164212	nobgs	V2_c1	2	10	nobgs_V2_c1_rep2_env10	15144
0.999	8	0.989434759640782	160	325.413820164212	nobgs	V2_c1	2	10	nobgs_V2_c1_rep2_env10	15144
0.995	4	0.964348059621324	531	443.927823547423	nobgs	V2_c1	3	1	nobgs_V2_c1_rep3_env1	14894
0.997	2	0.796898079763663	3025	443.927823547423	nobgs	V2_c1	3	1	nobgs_V2_c1_rep3_env1	14894
0.999	8	0.995568685376662	66	443.927823547423	nobgs	V2_c1	3	1	nobgs_V2_c1_rep3_env1	14894
0.995	4	0.96511010878217	526	449.176696596188	nobgs	V2_c1	3	2	nobgs_V2_c1_rep3_env2	15076
0.997	2	0.802268506235076	2981	449.176696596188	nobgs	V2_c1	3	2	nobgs_V2_c1_rep3_env2	15076
0.999	8	0.99588750331653	62	449.176696596188	nobgs	V2_c1	3	2	nobgs_V2_c1_rep3_env2	15076
0.995	4	0.967360454115421	483	440.770752504512	nobgs	V2_c1	3	3	nobgs_V2_c1_rep3_env3	14798
0.997	2	0.797134747938911	3002	440.770752504512	nobgs	V2_c1	3	3	nobgs_V2_c1_rep3_env3	14798
0.999	8	0.996486011623192	52	440.770752504512	nobgs	V2_c1	3	3	nobgs_V2_c1_rep3_env3	14798
0.995	4	0.967130129589633	487	441.540391856369	nobgs	V2_c1	3	4	nobgs_V2_c1_rep3_env4	14816
0.997	2	0.795963822894168	3023	441.540391856369	nobgs	V2_c1	3	4	nobgs_V2_c1_rep3_env4	14816
0.999	8	0.99723272138229	41	441.540391856369	nobgs	V2_c1	3	4	nobgs_V2_c1_rep3_env4	14816
0.995	4	0.967383196582356	481	439.238068641589	nobgs	V2_c1	3	5	nobgs_V2_c1_rep3_env5	14747
0.997	2	0.792093307113311	3066	439.238068641589	nobgs	V2_c1	3	5	nobgs_V2_c1_rep3_env5	14747
0.999	8	0.996202617481522	56	439.238068641589	nobgs	V2_c1	3	5	nobgs_V2_c1_rep3_env5	14747
0.995	4	0.968357846444474	469	441.597521190544	nobgs	V2_c1	3	6	nobgs_V2_c1_rep3_env6	14822
0.997	2	0.795978950209149	3024	441.597521190544	nobgs	V2_c1	3	6	nobgs_V2_c1_rep3_env6	14822
0.999	8	0.99709890703009	43	441.597521190544	nobgs	V2_c1	3	6	nobgs_V2_c1_rep3_env6	14822
0.995	4	0.966914017291851	486	437.503780763576	nobgs	V2_c1	3	7	nobgs_V2_c1_rep3_env7	14689
0.997	2	0.800803322213902	2926	437.503780763576	nobgs	V2_c1	3	7	nobgs_V2_c1_rep3_env7	14689
0.999	8	0.995302607393288	69	437.503780763576	nobgs	V2_c1	3	7	nobgs_V2_c1_rep3_env7	14689
0.995	4	0.964043737841283	536	444.079788152462	nobgs	V2_c1	3	8	nobgs_V2_c1_rep3_env8	14907
0.997	2	0.796471456362783	3034	444.079788152462	nobgs	V2_c1	3	8	nobgs_V2_c1_rep3_env8	14907
0.999	8	0.996176293016704	57	444.079788152462	nobgs	V2_c1	3	8	nobgs_V2_c1_rep3_env8	14907
0.995	4	0.967375790117583	480	438.302052464872	nobgs	V2_c1	3	9	nobgs_V2_c1_rep3_env9	14713
0.997	2	0.794467477740773	3024	438.302052464872	nobgs	V2_c1	3	9	nobgs_V2_c1_rep3_env9	14713
0.999	8	0.996125875076463	57	438.302052464872	nobgs	V2_c1	3	9	nobgs_V2_c1_rep3_env9	14713
0.995	4	0.969013704178762	459	441.19705251895	nobgs	V2_c1	3	10	nobgs_V2_c1_rep3_env10	14813
0.997	2	0.795247417808682	3033	441.19705251895	nobgs	V2_c1	3	10	nobgs_V2_c1_rep3_env10	14813
0.999	8	0.996827111321137	47	441.19705251895	nobgs	V2_c1	3	10	nobgs_V2_c1_rep3_env10	14813
0.995	4	0.95003970354685	755	231.732670173888	nobgs	V2_c1	4	1	nobgs_V2_c1_rep4_env1	15112
0.997	2	0.815841715193224	2783	231.732670173888	nobgs	V2_c1	4	1	nobgs_V2_c1_rep4_env1	15112
0.999	8	0.988949179460032	167	231.732670173888	nobgs	V2_c1	4	1	nobgs_V2_c1_rep4_env1	15112
0.995	4	0.950191318115846	755	233.030905604712	nobgs	V2_c1	4	2	nobgs_V2_c1_rep4_env2	15158
0.997	2	0.814421427628975	2813	233.030905604712	nobgs	V2_c1	4	2	nobgs_V2_c1_rep4_env2	15158
0.999	8	0.9885868848133	173	233.030905604712	nobgs	V2_c1	4	2	nobgs_V2_c1_rep4_env2	15158
0.995	4	0.952523439058448	714	231.11957540388	nobgs	V2_c1	4	3	nobgs_V2_c1_rep4_env3	15039
0.997	2	0.813152470244032	2810	231.11957540388	nobgs	V2_c1	4	3	nobgs_V2_c1_rep4_env3	15039
0.999	8	0.989427488529822	159	231.11957540388	nobgs	V2_c1	4	3	nobgs_V2_c1_rep4_env3	15039
0.995	4	0.95128749668171	734	231.556287379425	nobgs	V2_c1	4	4	nobgs_V2_c1_rep4_env4	15068
0.997	2	0.812649323068755	2823	231.556287379425	nobgs	V2_c1	4	4	nobgs_V2_c1_rep4_env4	15068
0.999	8	0.988319617732944	176	231.556287379425	nobgs	V2_c1	4	4	nobgs_V2_c1_rep4_env4	15068
0.995	4	0.952104596090988	718	230.345583679283	nobgs	V2_c1	4	5	nobgs_V2_c1_rep4_env5	14991
0.997	2	0.811153358681876	2831	230.345583679283	nobgs	V2_c1	4	5	nobgs_V2_c1_rep4_env5	14991
0.999	8	0.991128010139417	133	230.345583679283	nobgs	V2_c1	4	5	nobgs_V2_c1_rep4_env5	14991
0.995	4	0.9537104582532	698	231.551148073097	nobgs	V2_c1	4	6	nobgs_V2_c1_rep4_env6	15079
0.997	2	0.813183898136481	2817	231.551148073097	nobgs	V2_c1	4	6	nobgs_V2_c1_rep4_env6	15079
0.999	8	0.99025134292725	147	231.551148073097	nobgs	V2_c1	4	6	nobgs_V2_c1_rep4_env6	15079
0.995	4	0.950449550449551	744	230.75074304736	nobgs	V2_c1	4	7	nobgs_V2_c1_rep4_env7	15015
0.997	2	0.811788211788212	2826	230.75074304736	nobgs	V2_c1	4	7	nobgs_V2_c1_rep4_env7	15015
0.999	8	0.98974358974359	154	230.75074304736	nobgs	V2_c1	4	7	nobgs_V2_c1_rep4_env7	15015
0.995	4	0.952212389380531	702	225.542814305734	nobgs	V2_c1	4	8	nobgs_V2_c1_rep4_env8	14690
0.997	2	0.815452688904016	2711	225.542814305734	nobgs	V2_c1	4	8	nobgs_V2_c1_rep4_env8	14690
0.999	8	0.989652825051055	152	225.542814305734	nobgs	V2_c1	4	8	nobgs_V2_c1_rep4_env8	14690
0.995	4	0.951828363243827	714	227.608922355751	nobgs	V2_c1	4	9	nobgs_V2_c1_rep4_env9	14822
0.997	2	0.815072189987856	2741	227.608922355751	nobgs	V2_c1	4	9	nobgs_V2_c1_rep4_env9	14822
0.999	8	0.988732964512212	167	227.608922355751	nobgs	V2_c1	4	9	nobgs_V2_c1_rep4_env9	14822
0.995	4	0.953215982865939	699	229.694864800105	nobgs	V2_c1	4	10	nobgs_V2_c1_rep4_env10	14941
0.997	2	0.81346630078308	2787	229.694864800105	nobgs	V2_c1	4	10	nobgs_V2_c1_rep4_env10	14941
0.999	8	0.989826651495884	152	229.694864800105	nobgs	V2_c1	4	10	nobgs_V2_c1_rep4_env10	14941
0.995	4	0.961746737017495	551	587.984989646174	nobgs	V2_c1	5	1	nobgs_V2_c1_rep5_env1	14404
0.997	2	0.803040821993891	2837	587.984989646174	nobgs	V2_c1	5	1	nobgs_V2_c1_rep5_env1	14404
0.999	8	0.995140238822549	70	587.984989646174	nobgs	V2_c1	5	1	nobgs_V2_c1_rep5_env1	14404
0.995	4	0.9633959638135	526	586.681976194756	nobgs	V2_c1	5	2	nobgs_V2_c1_rep5_env2	14370
0.997	2	0.803340292275574	2826	586.681976194756	nobgs	V2_c1	5	2	nobgs_V2_c1_rep5_env2	14370
0.999	8	0.995685455810717	62	586.681976194756	nobgs	V2_c1	5	2	nobgs_V2_c1_rep5_env2	14370
0.995	4	0.963752962498257	520	585.994821792586	nobgs	V2_c1	5	3	nobgs_V2_c1_rep5_env3	14346
0.997	2	0.807333054509968	2764	585.994821792586	nobgs	V2_c1	5	3	nobgs_V2_c1_rep5_env3	14346
0.999	8	0.994911473581486	73	585.994821792586	nobgs	V2_c1	5	3	nobgs_V2_c1_rep5_env3	14346
0.995	4	0.962029592595095	562	604.203264248855	nobgs	V2_c1	5	4	nobgs_V2_c1_rep5_env4	14801
0.997	2	0.809202080940477	2824	604.203264248855	nobgs	V2_c1	5	4	nobgs_V2_c1_rep5_env4	14801
0.999	8	0.995000337815013	74	604.203264248855	nobgs	V2_c1	5	4	nobgs_V2_c1_rep5_env4	14801
0.995	4	0.961755012359242	557	594.424547529822	nobgs	V2_c1	5	5	nobgs_V2_c1_rep5_env5	14564
0.997	2	0.810354298269706	2762	594.424547529822	nobgs	V2_c1	5	5	nobgs_V2_c1_rep5_env5	14564
0.999	8	0.995124965668772	71	594.424547529822	nobgs	V2_c1	5	5	nobgs_V2_c1_rep5_env5	14564
0.995	4	0.962093739308929	554	596.553013419279	nobgs	V2_c1	5	6	nobgs_V2_c1_rep5_env6	14615
0.997	2	0.808073896681492	2805	596.553013419279	nobgs	V2_c1	5	6	nobgs_V2_c1_rep5_env6	14615
0.999	8	0.994457748888129	81	596.553013419279	nobgs	V2_c1	5	6	nobgs_V2_c1_rep5_env6	14615
0.995	4	0.961304020272584	565	596.04932092792	nobgs	V2_c1	5	7	nobgs_V2_c1_rep5_env7	14601
0.997	2	0.807068009040477	2817	596.04932092792	nobgs	V2_c1	5	7	nobgs_V2_c1_rep5_env7	14601
0.999	8	0.994520923224437	80	596.04932092792	nobgs	V2_c1	5	7	nobgs_V2_c1_rep5_env7	14601
0.995	4	0.96336946083139	534	595.013340861952	nobgs	V2_c1	5	8	nobgs_V2_c1_rep5_env8	14578
0.997	2	0.810536424749623	2762	595.013340861952	nobgs	V2_c1	5	8	nobgs_V2_c1_rep5_env8	14578
0.999	8	0.995404033475099	67	595.013340861952	nobgs	V2_c1	5	8	nobgs_V2_c1_rep5_env8	14578
0.995	4	0.964419608120535	503	577.451068813443	nobgs	V2_c1	5	9	nobgs_V2_c1_rep5_env9	14137
0.997	2	0.801301549126406	2809	577.451068813443	nobgs	V2_c1	5	9	nobgs_V2_c1_rep5_env9	14137
0.999	8	0.995048454410412	70	577.451068813443	nobgs	V2_c1	5	9	nobgs_V2_c1_rep5_env9	14137
0.995	4	0.965334980779791	505	594.623118006403	nobgs	V2_c1	5	10	nobgs_V2_c1_rep5_env10	14568
0.997	2	0.807660626029654	2802	594.623118006403	nobgs	V2_c1	5	10	nobgs_V2_c1_rep5_env10	14568
0.999	8	0.995812740252608	61	594.623118006403	nobgs	V2_c1	5	10	nobgs_V2_c1_rep5_env10	14568
0.995	4	0.965783004451531	515	440.824527850454	nobgs	V2_c1	6	1	nobgs_V2_c1_rep6_env1	15051
0.997	2	0.802471596571656	2973	440.824527850454	nobgs	V2_c1	6	1	nobgs_V2_c1_rep6_env1	15051
0.999	8	0.995149823931965	73	440.824527850454	nobgs	V2_c1	6	1	nobgs_V2_c1_rep6_env1	15051
0.995	4	0.96462849855695	527	436.508084159602	nobgs	V2_c1	6	2	nobgs_V2_c1_rep6_env2	14899
0.997	2	0.799919457681724	2981	436.508084159602	nobgs	V2_c1	6	2	nobgs_V2_c1_rep6_env2	14899
0.999	8	0.996107121283308	58	436.508084159602	nobgs	V2_c1	6	2	nobgs_V2_c1_rep6_env2	14899
0.995	4	0.964386697185943	529	435.044380003622	nobgs	V2_c1	6	3	nobgs_V2_c1_rep6_env3	14854
0.997	2	0.799649925945873	2976	435.044380003622	nobgs	V2_c1	6	3	nobgs_V2_c1_rep6_env3	14854
0.999	8	0.996701225259189	49	435.044380003622	nobgs	V2_c1	6	3	nobgs_V2_c1_rep6_env3	14854
0.995	4	0.966227125941873	502	435.656235341592	nobgs	V2_c1	6	4	nobgs_V2_c1_rep6_env4	14864
0.997	2	0.797766415500538	3006	435.656235341592	nobgs	V2_c1	6	4	nobgs_V2_c1_rep6_env4	14864
0.999	8	0.996703444564047	49	435.656235341592	nobgs	V2_c1	6	4	nobgs_V2_c1_rep6_env4	14864
0.995	4	0.964913466738778	519	433.350454074637	nobgs	V2_c1	6	5	nobgs_V2_c1_rep6_env5	14792
0.997	2	0.798674959437534	2978	433.350454074637	nobgs	V2_c1	6	5	nobgs_V2_c1_rep6_env5	14792
0.999	8	0.996146565711195	57	433.350454074637	nobgs	V2_c1	6	5	nobgs_V2_c1_rep6_env5	14792
0.995	4	0.964855584730357	522	435.160384859559	nobgs	V2_c1	6	6	nobgs_V2_c1_rep6_env6	14853
0.997	2	0.795866154985525	3032	435.160384859559	nobgs	V2_c1	6	6	nobgs_V2_c1_rep6_env6	14853
0.999	8	0.99663367669831	50	435.160384859559	nobgs	V2_c1	6	6	nobgs_V2_c1_rep6_env6	14853
0.995	4	0.965033076819225	518	433.980134818592	nobgs	V2_c1	6	7	nobgs_V2_c1_rep6_env7	14814
0.997	2	0.79566626164439	3027	433.980134818592	nobgs	V2_c1	6	7	nobgs_V2_c1_rep6_env7	14814
0.999	8	0.997367355204536	39	433.980134818592	nobgs	V2_c1	6	7	nobgs_V2_c1_rep6_env7	14814
0.995	4	0.964889730753619	519	433.207160502315	nobgs	V2_c1	6	8	nobgs_V2_c1_rep6_env8	14782
0.997	2	0.797659315383575	2991	433.207160502315	nobgs	V2_c1	6	8	nobgs_V2_c1_rep6_env8	14782
0.999	8	0.996820457312948	47	433.207160502315	nobgs	V2_c1	6	8	nobgs_V2_c1_rep6_env8	14782
0.995	4	0.964061456245825	538	438.655147197665	nobgs	V2_c1	6	9	nobgs_V2_c1_rep6_env9	14970
0.997	2	0.796192384769539	3051	438.655147197665	nobgs	V2_c1	6	9	nobgs_V2_c1_rep6_env9	14970
0.999	8	0.996593186372746	51	438.655147197665	nobgs	V2_c1	6	9	nobgs_V2_c1_rep6_env9	14970
0.995	4	0.964709051724138	524	434.941236210908	nobgs	V2_c1	6	10	nobgs_V2_c1_rep6_env10	14848
0.997	2	0.799905711206897	2971	434.941236210908	nobgs	V2_c1	6	10	nobgs_V2_c1_rep6_env10	14848
0.999	8	0.996699892241379	49	434.941236210908	nobgs	V2_c1	6	10	nobgs_V2_c1_rep6_env10	14848
0.995	4	0.953941965507802	673	261.805282518216	nobgs	V2_c1	7	1	nobgs_V2_c1_rep7_env1	14612
0.997	2	0.814056939501779	2717	261.805282518216	nobgs	V2_c1	7	1	nobgs_V2_c1_rep7_env1	14612
0.999	8	0.990692581439912	136	261.805282518216	nobgs	V2_c1	7	1	nobgs_V2_c1_rep7_env1	14612
0.995	4	0.952082912712834	712	266.318410104722	nobgs	V2_c1	7	2	nobgs_V2_c1_rep7_env2	14859
0.997	2	0.809408439329699	2832	266.318410104722	nobgs	V2_c1	7	2	nobgs_V2_c1_rep7_env2	14859
0.999	8	0.989568611615856	155	266.318410104722	nobgs	V2_c1	7	2	nobgs_V2_c1_rep7_env2	14859
0.995	4	0.952781996410327	684	259.54112391125	nobgs	V2_c1	7	3	nobgs_V2_c1_rep7_env3	14486
0.997	2	0.809747342261494	2756	259.54112391125	nobgs	V2_c1	7	3	nobgs_V2_c1_rep7_env3	14486
0.999	8	0.99171613972111	120	259.54112391125	nobgs	V2_c1	7	3	nobgs_V2_c1_rep7_env3	14486
0.995	4	0.954493359401335	675	265.774047158024	nobgs	V2_c1	7	4	nobgs_V2_c1_rep7_env4	14833
0.997	2	0.804355154048406	2902	265.774047158024	nobgs	V2_c1	7	4	nobgs_V2_c1_rep7_env4	14833
0.999	8	0.992584103013551	110	265.774047158024	nobgs	V2_c1	7	4	nobgs_V2_c1_rep7_env4	14833
0.995	4	0.949653362051558	748	266.402118622155	nobgs	V2_c1	7	5	nobgs_V2_c1_rep7_env5	14857
0.997	2	0.808507774113213	2845	266.402118622155	nobgs	V2_c1	7	5	nobgs_V2_c1_rep7_env5	14857
0.999	8	0.99010567409302	147	266.402118622155	nobgs	V2_c1	7	5	nobgs_V2_c1_rep7_env5	14857
0.995	4	0.950943906894918	725	265.023524401863	nobgs	V2_c1	7	6	nobgs_V2_c1_rep7_env6	14779
0.997	2	0.806752824954327	2856	265.023524401863	nobgs	V2_c1	7	6	nobgs_V2_c1_rep7_env6	14779
0.999	8	0.99066242641586	138	265.023524401863	nobgs	V2_c1	7	6	nobgs_V2_c1_rep7_env6	14779
0.995	4	0.955641272902604	644	260.396838827576	nobgs	V2_c1	7	7	nobgs_V2_c1_rep7_env7	14518
0.997	2	0.815194930431189	2683	260.396838827576	nobgs	V2_c1	7	7	nobgs_V2_c1_rep7_env7	14518
0.999	8	0.990012398401984	145	260.396838827576	nobgs	V2_c1	7	7	nobgs_V2_c1_rep7_env7	14518
0.995	4	0.952543997808669	693	261.714515934781	nobgs	V2_c1	7	8	nobgs_V2_c1_rep7_env8	14603
0.997	2	0.813462987057454	2724	261.714515934781	nobgs	V2_c1	7	8	nobgs_V2_c1_rep7_env8	14603
0.999	8	0.989933575292748	147	261.714515934781	nobgs	V2_c1	7	8	nobgs_V2_c1_rep7_env8	14603
0.995	4	0.950149213239284	735	264.257260824013	nobgs	V2_c1	7	9	nobgs_V2_c1_rep7_env9	14744
0.997	2	0.812126966901791	2770	264.257260824013	nobgs	V2_c1	7	9	nobgs_V2_c1_rep7_env9	14744
0.999	8	0.989419424850787	156	264.257260824013	nobgs	V2_c1	7	9	nobgs_V2_c1_rep7_env9	14744
0.995	4	0.952455554798719	698	263.127552985628	nobgs	V2_c1	7	10	nobgs_V2_c1_rep7_env10	14681
0.997	2	0.811729446223009	2764	263.127552985628	nobgs	V2_c1	7	10	nobgs_V2_c1_rep7_env10	14681
0.999	8	0.991145017369389	130	263.127552985628	nobgs	V2_c1	7	10	nobgs_V2_c1_rep7_env10	14681
0.995	4	0.965279636071715	519	385.943069369497	nobgs	V2_c1	8	1	nobgs_V2_c1_rep8_env1	14948
0.997	2	0.793082686647043	3093	385.943069369497	nobgs	V2_c1	8	1	nobgs_V2_c1_rep8_env1	14948
0.999	8	0.997390955311747	39	385.943069369497	nobgs	V2_c1	8	1	nobgs_V2_c1_rep8_env1	14948
0.995	4	0.963579745464392	538	381.456356055267	nobgs	V2_c1	8	2	nobgs_V2_c1_rep8_env2	14772
0.997	2	0.794814513945302	3031	381.456356055267	nobgs	V2_c1	8	2	nobgs_V2_c1_rep8_env2	14772
0.999	8	0.997089087462767	43	381.456356055267	nobgs	V2_c1	8	2	nobgs_V2_c1_rep8_env2	14772
0.995	4	0.962491627595445	560	385.47832657791	nobgs	V2_c1	8	3	nobgs_V2_c1_rep8_env3	14930
0.997	2	0.802478231748158	2949	385.47832657791	nobgs	V2_c1	8	3	nobgs_V2_c1_rep8_env3	14930
0.999	8	0.995981245813798	60	385.47832657791	nobgs	V2_c1	8	3	nobgs_V2_c1_rep8_env3	14930
0.995	4	0.964661654135338	517	380.378016709021	nobgs	V2_c1	8	4	nobgs_V2_c1_rep8_env4	14630
0.997	2	0.792481203007519	3036	380.378016709021	nobgs	V2_c1	8	4	nobgs_V2_c1_rep8_env4	14630
0.999	8	0.996855775803144	46	380.378016709021	nobgs	V2_c1	8	4	nobgs_V2_c1_rep8_env4	14630
0.995	4	0.962303175874032	565	386.975831128581	nobgs	V2_c1	8	5	nobgs_V2_c1_rep8_env5	14988
0.997	2	0.799839871897518	3000	386.975831128581	nobgs	V2_c1	8	5	nobgs_V2_c1_rep8_env5	14988
0.999	8	0.99599679743795	60	386.975831128581	nobgs	V2_c1	8	5	nobgs_V2_c1_rep8_env5	14988
0.995	4	0.965282414207504	520	386.808023159724	nobgs	V2_c1	8	6	nobgs_V2_c1_rep8_env6	14978
0.997	2	0.793630658298838	3091	386.808023159724	nobgs	V2_c1	8	6	nobgs_V2_c1_rep8_env6	14978
0.999	8	0.996728535184938	49	386.808023159724	nobgs	V2_c1	8	6	nobgs_V2_c1_rep8_env6	14978
0.995	4	0.960302328748468	583	379.1784798475	nobgs	V2_c1	8	7	nobgs_V2_c1_rep8_env7	14686
0.997	2	0.79381724090971	3028	379.1784798475	nobgs	V2_c1	8	7	nobgs_V2_c1_rep8_env7	14686
0.999	8	0.996186844613918	56	379.1784798475	nobgs	V2_c1	8	7	nobgs_V2_c1_rep8_env7	14686
0.995	4	0.962556231807356	566	390.339444769254	nobgs	V2_c1	8	8	nobgs_V2_c1_rep8_env8	15116
0.997	2	0.793926964805504	3115	390.339444769254	nobgs	V2_c1	8	8	nobgs_V2_c1_rep8_env8	15116
0.999	8	0.995832230748875	63	390.339444769254	nobgs	V2_c1	8	8	nobgs_V2_c1_rep8_env8	15116
0.995	4	0.962848297213622	552	383.619355411559	nobgs	V2_c1	8	9	nobgs_V2_c1_rep8_env9	14858
0.997	2	0.797213622291022	3013	383.619355411559	nobgs	V2_c1	8	9	nobgs_V2_c1_rep8_env9	14858
0.999	8	0.996702113339615	49	383.619355411559	nobgs	V2_c1	8	9	nobgs_V2_c1_rep8_env9	14858
0.995	4	0.963507984690511	553	391.320716196962	nobgs	V2_c1	8	10	nobgs_V2_c1_rep8_env10	15154
0.997	2	0.798733007786723	3050	391.320716196962	nobgs	V2_c1	8	10	nobgs_V2_c1_rep8_env10	15154
0.999	8	0.99577669262241	64	391.320716196962	nobgs	V2_c1	8	10	nobgs_V2_c1_rep8_env10	15154
0.995	4	0.964087495919034	550	378.790595704171	nobgs	V2_c1	9	1	nobgs_V2_c1_rep9_env1	15315
0.997	2	0.79418870388508	3152	378.790595704171	nobgs	V2_c1	9	1	nobgs_V2_c1_rep9_env1	15315
0.999	8	0.99503754489063	76	378.790595704171	nobgs	V2_c1	9	1	nobgs_V2_c1_rep9_env1	15315
0.995	4	0.962958115183246	566	377.699774754488	nobgs	V2_c1	9	2	nobgs_V2_c1_rep9_env2	15280
0.997	2	0.801112565445026	3039	377.699774754488	nobgs	V2_c1	9	2	nobgs_V2_c1_rep9_env2	15280
0.999	8	0.995091623036649	75	377.699774754488	nobgs	V2_c1	9	2	nobgs_V2_c1_rep9_env2	15280
0.995	4	0.959968291716211	606	374.030382197874	nobgs	V2_c1	9	3	nobgs_V2_c1_rep9_env3	15138
0.997	2	0.795943982031973	3089	374.030382197874	nobgs	V2_c1	9	3	nobgs_V2_c1_rep9_env3	15138
0.999	8	0.995441934205311	69	374.030382197874	nobgs	V2_c1	9	3	nobgs_V2_c1_rep9_env3	15138
0.995	4	0.959228033197207	619	375.216437752181	nobgs	V2_c1	9	4	nobgs_V2_c1_rep9_env4	15182
0.997	2	0.795020418917139	3112	375.216437752181	nobgs	V2_c1	9	4	nobgs_V2_c1_rep9_env4	15182
0.999	8	0.995850349097616	63	375.216437752181	nobgs	V2_c1	9	4	nobgs_V2_c1_rep9_env4	15182
0.995	4	0.965316732795184	507	361.457976776436	nobgs	V2_c1	9	5	nobgs_V2_c1_rep9_env5	14618
0.997	2	0.793473799425366	3019	361.457976776436	nobgs	V2_c1	9	5	nobgs_V2_c1_rep9_env5	14618
0.999	8	0.996169106580928	56	361.457976776436	nobgs	V2_c1	9	5	nobgs_V2_c1_rep9_env5	14618
0.995	4	0.963331977768741	541	364.787832137665	nobgs	V2_c1	9	6	nobgs_V2_c1_rep9_env6	14754
0.997	2	0.796665311102074	3000	364.787832137665	nobgs	V2_c1	9	6	nobgs_V2_c1_rep9_env6	14754
0.999	8	0.995662193303511	64	364.787832137665	nobgs	V2_c1	9	6	nobgs_V2_c1_rep9_env6	14754
0.995	4	0.963591256537482	543	368.634853978059	nobgs	V2_c1	9	7	nobgs_V2_c1_rep9_env7	14914
0.997	2	0.798109159179295	3011	368.634853978059	nobgs	V2_c1	9	7	nobgs_V2_c1_rep9_env7	14914
0.999	8	0.995440525680569	68	368.634853978059	nobgs	V2_c1	9	7	nobgs_V2_c1_rep9_env7	14914
0.995	4	0.961980957418672	575	373.851440079504	nobgs	V2_c1	9	8	nobgs_V2_c1_rep9_env8	15124
0.997	2	0.797209732874901	3067	373.851440079504	nobgs	V2_c1	9	8	nobgs_V2_c1_rep9_env8	15124
0.999	8	0.995768315260513	64	373.851440079504	nobgs	V2_c1	9	8	nobgs_V2_c1_rep9_env8	15124
0.995	4	0.964734845964469	530	371.478600259538	nobgs	V2_c1	9	9	nobgs_V2_c1_rep9_env9	15029
0.997	2	0.794796726329097	3084	371.478600259538	nobgs	V2_c1	9	9	nobgs_V2_c1_rep9_env9	15029
0.999	8	0.996007718411072	60	371.478600259538	nobgs	V2_c1	9	9	nobgs_V2_c1_rep9_env9	15029
0.995	4	0.964339659814803	543	376.436401407433	nobgs	V2_c1	9	10	nobgs_V2_c1_rep9_env10	15227
0.997	2	0.796414264136074	3100	376.436401407433	nobgs	V2_c1	9	10	nobgs_V2_c1_rep9_env10	15227
0.999	8	0.99573126682866	65	376.436401407433	nobgs	V2_c1	9	10	nobgs_V2_c1_rep9_env10	15227
0.995	4	0.965586234493798	516	479.471940035117	nobgs	V2_c1	10	1	nobgs_V2_c1_rep10_env1	14994
0.997	2	0.806589302387622	2900	479.471940035117	nobgs	V2_c1	10	1	nobgs_V2_c1_rep10_env1	14994
0.999	8	0.994197679071629	87	479.471940035117	nobgs	V2_c1	10	1	nobgs_V2_c1_rep10_env1	14994
0.995	4	0.964816877415973	537	487.663094996982	nobgs	V2_c1	10	2	nobgs_V2_c1_rep10_env2	15263
0.997	2	0.805935923475071	2962	487.663094996982	nobgs	V2_c1	10	2	nobgs_V2_c1_rep10_env2	15263
0.999	8	0.99482408438708	79	487.663094996982	nobgs	V2_c1	10	2	nobgs_V2_c1_rep10_env2	15263
0.995	4	0.964156262585582	534	476.001099997709	nobgs	V2_c1	10	3	nobgs_V2_c1_rep10_env3	14898
0.997	2	0.806282722513089	2886	476.001099997709	nobgs	V2_c1	10	3	nobgs_V2_c1_rep10_env3	14898
0.999	8	0.994630151698215	80	476.001099997709	nobgs	V2_c1	10	3	nobgs_V2_c1_rep10_env3	14898
0.995	4	0.966229638458482	510	482.519036928809	nobgs	V2_c1	10	4	nobgs_V2_c1_rep10_env4	15102
0.997	2	0.803602171897762	2966	482.519036928809	nobgs	V2_c1	10	4	nobgs_V2_c1_rep10_env4	15102
0.999	8	0.995563501522977	67	482.519036928809	nobgs	V2_c1	10	4	nobgs_V2_c1_rep10_env4	15102
0.995	4	0.963427377220481	560	489.252751096146	nobgs	V2_c1	10	5	nobgs_V2_c1_rep10_env5	15312
0.997	2	0.802899686520376	3018	489.252751096146	nobgs	V2_c1	10	5	nobgs_V2_c1_rep10_env5	15312
0.999	8	0.994710031347962	81	489.252751096146	nobgs	V2_c1	10	5	nobgs_V2_c1_rep10_env5	15312
0.995	4	0.965358122115963	518	477.758386915408	nobgs	V2_c1	10	6	nobgs_V2_c1_rep10_env6	14953
0.997	2	0.803049555273189	2945	477.758386915408	nobgs	V2_c1	10	6	nobgs_V2_c1_rep10_env6	14953
0.999	8	0.994716779241624	79	477.758386915408	nobgs	V2_c1	10	6	nobgs_V2_c1_rep10_env6	14953
0.995	4	0.965915885987642	513	480.889552696034	nobgs	V2_c1	10	7	nobgs_V2_c1_rep10_env7	15051
0.997	2	0.803069563484154	2964	480.889552696034	nobgs	V2_c1	10	7	nobgs_V2_c1_rep10_env7	15051
0.999	8	0.995016942395854	75	480.889552696034	nobgs	V2_c1	10	7	nobgs_V2_c1_rep10_env7	15051
0.995	4	0.965805723391541	515	481.37564316593	nobgs	V2_c1	10	8	nobgs_V2_c1_rep10_env8	15061
0.997	2	0.803598698625589	2958	481.37564316593	nobgs	V2_c1	10	8	nobgs_V2_c1_rep10_env8	15061
0.999	8	0.995617820861829	66	481.37564316593	nobgs	V2_c1	10	8	nobgs_V2_c1_rep10_env8	15061
0.995	4	0.963520021109572	553	484.34022518897	nobgs	V2_c1	10	9	nobgs_V2_c1_rep10_env9	15159
0.997	2	0.804472590540273	2964	484.34022518897	nobgs	V2_c1	10	9	nobgs_V2_c1_rep10_env9	15159
0.999	8	0.995052444092618	75	484.34022518897	nobgs	V2_c1	10	9	nobgs_V2_c1_rep10_env9	15159
0.995	4	0.964351974556056	538	482.620729052783	nobgs	V2_c1	10	10	nobgs_V2_c1_rep10_env10	15092
0.997	2	0.806122448979592	2926	482.620729052783	nobgs	V2_c1	10	10	nobgs_V2_c1_rep10_env10	15092
0.999	8	0.995361781076067	70	482.620729052783	nobgs	V2_c1	10	10	nobgs_V2_c1_rep10_env10	15092
