combo_id	method	floor	Chr	from	to	n_markers	TP	found_at_floor2
bgs_V0.5_c1_rep1_env1	emmax_simes	9	Chr1	26526895	26576737	9	FALSE	TRUE
bgs_V0.5_c1_rep1_env3	emmax_simes	9	Chr1	26421695	26767087	20	TRUE	TRUE
bgs_V0.5_c1_rep1_env3	emmax_simes	11	Chr1	26421695	26767087	20	TRUE	TRUE
bgs_V0.5_c1_rep1_env3	emmax_simes	18	Chr1	26421695	26767087	20	TRUE	TRUE
bgs_V0.5_c1_rep1_env5	emmax_simes	9	Chr1	1919	309271	69	TRUE	TRUE
bgs_V0.5_c1_rep1_env5	emmax_simes	11	Chr1	1919	309271	69	TRUE	TRUE
bgs_V0.5_c1_rep1_env5	emmax_simes	16	Chr1	1919	309271	69	TRUE	TRUE
bgs_V0.5_c1_rep1_env8	emmax_simes	9	Chr1	13479397	13769795	54	TRUE	FALSE
bgs_V0.5_c1_rep1_env8	emmax_simes	12	Chr1	13479397	13769795	54	TRUE	FALSE
bgs_V0.5_c1_rep1_env8	emmax_simes	19	Chr1	13479397	13590424	21	TRUE	FALSE
bgs_V0.5_c1_rep1_env8	emmax_simes	19	Chr1	13607589	13699468	20	TRUE	FALSE
bgs_V0.5_c1_rep1_env9	emmax_simes	8	Chr1	25726352	25814628	13	TRUE	TRUE
bgs_V0.5_c1_rep1_env9	emmax_simes	11	Chr1	25726352	25814628	13	TRUE	TRUE
bgs_V0.5_c1_rep2_env2	emmax_simes	13	Chr1	15621923	15773054	23	TRUE	TRUE
bgs_V0.5_c1_rep2_env2	emmax_simes	15	Chr1	15621923	15938646	41	TRUE	TRUE
bgs_V0.5_c1_rep2_env4	emmax_simes	12	Chr1	11161501	11673278	69	TRUE	TRUE
bgs_V0.5_c1_rep2_env4	emmax_simes	15	Chr1	11223650	11673278	57	TRUE	TRUE
bgs_V0.5_c1_rep2_env4	emmax_simes	15	Chr1	12400914	12667948	22	FALSE	FALSE
bgs_V0.5_c1_rep2_env4	emmax_simes	26	Chr1	11223650	11520849	35	TRUE	TRUE
bgs_V0.5_c1_rep2_env6	emmax_simes	12	Chr1	15766719	15873108	13	TRUE	FALSE
bgs_V0.5_c1_rep2_env8	emmax_simes	12	Chr2	14720508	15053162	51	FALSE	TRUE
bgs_V0.5_c1_rep2_env8	emmax_simes	12	Chr2	15071151	15456057	31	FALSE	TRUE
bgs_V0.5_c1_rep2_env8	emmax_simes	15	Chr2	14720508	15053162	39	FALSE	TRUE
bgs_V0.5_c1_rep2_env8	emmax_simes	15	Chr2	15071151	15456057	31	FALSE	TRUE
bgs_V0.5_c1_rep3_env1	emmax_simes	8	Chr1	5375086	5414866	8	FALSE	FALSE
bgs_V0.5_c1_rep3_env1	emmax_simes	8	Chr1	5506251	5528147	8	FALSE	FALSE
bgs_V0.5_c1_rep3_env1	emmax_simes	8	Chr1	5530278	5888042	45	TRUE	TRUE
bgs_V0.5_c1_rep3_env1	emmax_simes	8	Chr1	5980004	6073902	8	FALSE	FALSE
bgs_V0.5_c1_rep3_env1	emmax_simes	9	Chr1	5530278	5888042	45	TRUE	TRUE
bgs_V0.5_c1_rep3_env1	emmax_simes	14	Chr1	5530278	5888042	45	TRUE	TRUE
bgs_V0.5_c1_rep3_env2	emmax_simes	8	Chr1	8508048	8548128	8	TRUE	FALSE
bgs_V0.5_c1_rep3_env3	emmax_simes	8	Chr1	3346917	3445735	25	FALSE	FALSE
bgs_V0.5_c1_rep3_env3	emmax_simes	8	Chr1	3448084	3953920	75	TRUE	TRUE
bgs_V0.5_c1_rep3_env3	emmax_simes	8	Chr1	3594497	3715505	9	TRUE	FALSE
bgs_V0.5_c1_rep3_env3	emmax_simes	10	Chr1	3346917	3445735	25	FALSE	FALSE
bgs_V0.5_c1_rep3_env3	emmax_simes	10	Chr1	3448084	3953920	75	TRUE	TRUE
bgs_V0.5_c1_rep3_env3	emmax_simes	14	Chr1	3346917	3445735	25	FALSE	FALSE
bgs_V0.5_c1_rep3_env3	emmax_simes	14	Chr1	3472034	3953920	62	TRUE	TRUE
bgs_V0.5_c1_rep3_env4	emmax_simes	12	Chr1	2700034	3053827	15	TRUE	FALSE
bgs_V0.5_c1_rep3_env6	emmax_simes	9	Chr1	4388315	4441859	12	FALSE	FALSE
bgs_V0.5_c1_rep3_env8	emmax_simes	8	Chr1	3175356	3347690	30	FALSE	FALSE
bgs_V0.5_c1_rep3_env8	emmax_simes	8	Chr1	3634666	3690044	16	FALSE	FALSE
bgs_V0.5_c1_rep3_env8	emmax_simes	9	Chr1	3175356	3347690	30	FALSE	FALSE
bgs_V0.5_c1_rep3_env8	emmax_simes	9	Chr1	3634666	3690044	16	FALSE	FALSE
bgs_V0.5_c1_rep3_env8	emmax_simes	15	Chr1	3248353	3347690	21	FALSE	FALSE
bgs_V0.5_c1_rep3_env8	emmax_simes	15	Chr1	3634666	3690044	16	FALSE	FALSE
bgs_V0.5_c1_rep3_env9	emmax_simes	8	Chr1	11526645	11598367	9	TRUE	FALSE
bgs_V0.5_c1_rep3_env9	emmax_simes	9	Chr1	11526645	11598367	9	TRUE	FALSE
bgs_V0.5_c1_rep4_env2	emmax_simes	12	Chr1	24631137	25232540	42	FALSE	FALSE
bgs_V0.5_c1_rep4_env2	emmax_simes	17	Chr1	24631137	25232540	42	FALSE	FALSE
bgs_V0.5_c1_rep4_env2	emmax_simes	25	Chr1	24631137	25232540	42	FALSE	FALSE
bgs_V0.5_c1_rep4_env3	emmax_simes	23	Chr1	22819827	23688620	42	FALSE	FALSE
bgs_V0.5_c1_rep4_env5	emmax_simes	12	Chr1	19302955	19462081	20	TRUE	FALSE
bgs_V0.5_c1_rep4_env5	emmax_simes	15	Chr1	19302955	19462081	20	TRUE	FALSE
bgs_V0.5_c1_rep4_env10	emmax_simes	12	Chr1	11359	352760	14	TRUE	FALSE
bgs_V0.5_c1_rep5_env1	emmax_simes	10	Chr1	4023822	4284750	87	TRUE	TRUE
bgs_V0.5_c1_rep5_env1	emmax_simes	13	Chr1	4023822	4284750	65	TRUE	TRUE
bgs_V0.5_c1_rep5_env1	emmax_simes	25	Chr1	4131899	4284750	30	TRUE	TRUE
bgs_V0.5_c1_rep5_env5	emmax_simes	9	Chr1	6873404	6950690	12	FALSE	FALSE
bgs_V0.5_c1_rep5_env5	emmax_simes	9	Chr1	7154126	7425741	42	TRUE	TRUE
bgs_V0.5_c1_rep5_env5	emmax_simes	12	Chr1	6873404	6950690	12	FALSE	FALSE
bgs_V0.5_c1_rep5_env5	emmax_simes	12	Chr1	7040629	7187840	17	TRUE	FALSE
bgs_V0.5_c1_rep5_env5	emmax_simes	12	Chr1	7154126	7425741	42	TRUE	TRUE
bgs_V0.5_c1_rep5_env6	emmax_simes	9	Chr1	1049	534482	171	TRUE	TRUE
bgs_V0.5_c1_rep5_env6	emmax_simes	11	Chr1	1049	534482	171	TRUE	TRUE
bgs_V0.5_c1_rep5_env6	emmax_simes	22	Chr1	1049	433320	102	TRUE	FALSE
bgs_V0.5_c1_rep5_env8	emmax_simes	10	Chr1	4126782	4482962	64	TRUE	TRUE
bgs_V0.5_c1_rep5_env8	emmax_simes	10	Chr1	6701310	6822056	13	FALSE	FALSE
bgs_V0.5_c1_rep5_env8	emmax_simes	12	Chr1	4126782	4482962	64	TRUE	TRUE
bgs_V0.5_c1_rep5_env8	emmax_simes	12	Chr1	6701310	6822056	13	FALSE	FALSE
bgs_V0.5_c1_rep5_env8	emmax_simes	28	Chr1	4126782	4291687	35	TRUE	TRUE
bgs_V0.5_c1_rep5_env9	emmax_simes	30	Chr1	6985	396147	54	FALSE	FALSE
bgs_V0.5_c1_rep6_env3	emmax_simes	9	Chr1	2966844	3032373	10	TRUE	TRUE
bgs_V0.5_c1_rep6_env3	emmax_simes	9	Chr1	8670601	8792807	43	TRUE	TRUE
bgs_V0.5_c1_rep6_env3	emmax_simes	10	Chr1	2966844	3032373	10	TRUE	TRUE
bgs_V0.5_c1_rep6_env3	emmax_simes	10	Chr1	8670601	8792807	43	TRUE	TRUE
bgs_V0.5_c1_rep6_env3	emmax_simes	15	Chr1	8670601	8792807	43	TRUE	TRUE
bgs_V0.5_c1_rep6_env5	emmax_simes	9	Chr1	149310	486330	12	FALSE	FALSE
bgs_V0.5_c1_rep6_env5	emmax_simes	9	Chr1	8543982	8692220	32	TRUE	FALSE
bgs_V0.5_c1_rep6_env5	emmax_simes	9	Chr1	10934631	10993577	14	FALSE	FALSE
bgs_V0.5_c1_rep6_env5	emmax_simes	10	Chr1	149310	486330	12	FALSE	FALSE
bgs_V0.5_c1_rep6_env5	emmax_simes	10	Chr1	8543982	8692220	32	TRUE	FALSE
bgs_V0.5_c1_rep6_env5	emmax_simes	10	Chr1	10934631	10993577	14	FALSE	FALSE
bgs_V0.5_c1_rep6_env5	emmax_simes	10	Chr1	11063669	11123695	10	TRUE	FALSE
bgs_V0.5_c1_rep6_env5	emmax_simes	15	Chr1	8543982	8692220	32	TRUE	FALSE
bgs_V0.5_c1_rep6_env6	emmax_simes	8	Chr1	15341609	15366575	8	TRUE	TRUE
bgs_V0.5_c1_rep6_env8	emmax_simes	8	Chr1	572276	666505	10	TRUE	TRUE
bgs_V0.5_c1_rep6_env8	emmax_simes	8	Chr1	1127294	1134789	8	FALSE	FALSE
bgs_V0.5_c1_rep6_env8	emmax_simes	10	Chr1	572276	666505	10	TRUE	TRUE
bgs_V0.5_c1_rep6_env8	emmax_simes	10	Chr1	890993	918240	13	FALSE	FALSE
bgs_V0.5_c1_rep7_env1	emmax_simes	11	Chr1	6483457	6670565	24	TRUE	TRUE
bgs_V0.5_c1_rep7_env1	emmax_simes	11	Chr1	7079602	7331501	13	FALSE	TRUE
bgs_V0.5_c1_rep7_env1	emmax_simes	11	Chr1	14732231	15904535	162	TRUE	TRUE
bgs_V0.5_c1_rep7_env1	emmax_simes	11	Chr1	16724198	16892565	13	FALSE	FALSE
bgs_V0.5_c1_rep7_env1	emmax_simes	14	Chr1	14732231	15904535	162	TRUE	TRUE
bgs_V0.5_c1_rep7_env1	emmax_simes	22	Chr1	14732231	15904535	162	TRUE	TRUE
bgs_V0.5_c1_rep7_env3	emmax_simes	13	Chr1	6015027	6166816	13	FALSE	FALSE
bgs_V0.5_c1_rep7_env3	emmax_simes	13	Chr1	6308421	6685583	14	TRUE	TRUE
bgs_V0.5_c1_rep7_env3	emmax_simes	13	Chr1	9666094	9817761	17	FALSE	FALSE
bgs_V0.5_c1_rep7_env3	emmax_simes	13	Chr1	11604035	12121259	26	FALSE	FALSE
bgs_V0.5_c1_rep7_env3	emmax_simes	13	Chr1	12551004	14274911	13	FALSE	TRUE
bgs_V0.5_c1_rep7_env3	emmax_simes	13	Chr1	18269376	18293312	16	TRUE	FALSE
bgs_V0.5_c1_rep7_env3	emmax_simes	15	Chr1	9666094	9817761	17	FALSE	FALSE
bgs_V0.5_c1_rep7_env3	emmax_simes	15	Chr1	11604035	12121259	26	FALSE	FALSE
bgs_V0.5_c1_rep7_env3	emmax_simes	15	Chr1	18269376	18293312	16	TRUE	FALSE
bgs_V0.5_c1_rep7_env3	emmax_simes	21	Chr1	11604035	12121259	26	FALSE	FALSE
bgs_V0.5_c1_rep7_env5	emmax_simes	12	Chr1	21331436	21505534	12	TRUE	TRUE
bgs_V0.5_c1_rep7_env6	emmax_simes	11	Chr1	15056234	15983353	30	FALSE	TRUE
bgs_V0.5_c1_rep7_env6	emmax_simes	11	Chr1	21829227	21905878	11	FALSE	FALSE
bgs_V0.5_c1_rep7_env6	emmax_simes	11	Chr1	21979918	22357236	38	TRUE	TRUE
bgs_V0.5_c1_rep7_env6	emmax_simes	14	Chr1	15146073	15983353	18	FALSE	TRUE
bgs_V0.5_c1_rep7_env6	emmax_simes	14	Chr1	22193820	22228348	14	TRUE	TRUE
bgs_V0.5_c1_rep7_env7	emmax_simes	12	Chr1	6507076	6567071	14	TRUE	FALSE
bgs_V0.5_c1_rep7_env8	emmax_simes	11	Chr1	14829615	15200724	30	FALSE	TRUE
bgs_V0.5_c1_rep7_env8	emmax_simes	13	Chr1	10122627	12264234	36	FALSE	FALSE
bgs_V0.5_c1_rep7_env8	emmax_simes	13	Chr1	14829615	15502449	60	FALSE	TRUE
bgs_V0.5_c1_rep7_env8	emmax_simes	19	Chr1	10122627	12264234	36	FALSE	FALSE
bgs_V0.5_c1_rep7_env8	emmax_simes	19	Chr1	14829615	15502449	60	FALSE	TRUE
bgs_V0.5_c1_rep8_env1	emmax_simes	8	Chr1	7421199	7499250	11	FALSE	FALSE
bgs_V0.5_c1_rep8_env1	emmax_simes	9	Chr1	7421199	7499250	11	FALSE	FALSE
bgs_V0.5_c1_rep8_env2	emmax_simes	8	Chr1	11146529	11270995	10	TRUE	TRUE
bgs_V0.5_c1_rep8_env2	emmax_simes	9	Chr1	11146529	11270995	10	TRUE	TRUE
bgs_V0.5_c1_rep8_env3	emmax_simes	8	Chr1	4425774	4562411	36	TRUE	TRUE
bgs_V0.5_c1_rep8_env3	emmax_simes	8	Chr1	4665436	4711983	11	FALSE	TRUE
bgs_V0.5_c1_rep8_env3	emmax_simes	8	Chr1	4770860	4801756	8	FALSE	FALSE
bgs_V0.5_c1_rep8_env3	emmax_simes	8	Chr1	9842236	9984454	8	TRUE	FALSE
bgs_V0.5_c1_rep8_env3	emmax_simes	9	Chr1	4425774	4523285	28	TRUE	TRUE
bgs_V0.5_c1_rep8_env3	emmax_simes	9	Chr1	4665436	4711983	11	FALSE	TRUE
bgs_V0.5_c1_rep8_env3	emmax_simes	13	Chr1	4474416	4523285	19	TRUE	TRUE
bgs_V0.5_c1_rep8_env4	emmax_simes	8	Chr1	4499677	4534439	13	TRUE	TRUE
bgs_V0.5_c1_rep8_env4	emmax_simes	10	Chr1	4499677	4534439	13	TRUE	TRUE
bgs_V0.5_c1_rep8_env4	emmax_simes	12	Chr1	4499677	4534439	13	TRUE	TRUE
bgs_V0.5_c1_rep8_env5	emmax_simes	8	Chr1	4808145	5669601	35	TRUE	TRUE
bgs_V0.5_c1_rep8_env5	emmax_simes	9	Chr1	4808145	5669601	27	TRUE	TRUE
bgs_V0.5_c1_rep8_env5	emmax_simes	12	Chr1	4808145	5669601	27	TRUE	TRUE
bgs_V0.5_c1_rep8_env6	emmax_simes	8	Chr1	4839263	4907830	15	TRUE	TRUE
bgs_V0.5_c1_rep8_env6	emmax_simes	8	Chr1	18641626	18683693	15	TRUE	FALSE
bgs_V0.5_c1_rep8_env6	emmax_simes	10	Chr1	4839263	4907830	15	TRUE	TRUE
bgs_V0.5_c1_rep8_env6	emmax_simes	10	Chr1	18641626	18683693	15	TRUE	FALSE
bgs_V0.5_c1_rep8_env6	emmax_simes	15	Chr1	4839263	4907830	15	TRUE	TRUE
bgs_V0.5_c1_rep8_env6	emmax_simes	15	Chr1	18641626	18683693	15	TRUE	FALSE
bgs_V0.5_c1_rep8_env7	emmax_simes	9	Chr1	7532803	7627736	29	TRUE	TRUE
bgs_V0.5_c1_rep8_env7	emmax_simes	10	Chr1	7532803	7627736	29	TRUE	TRUE
bgs_V0.5_c1_rep8_env7	emmax_simes	15	Chr1	7532803	7627736	15	TRUE	TRUE
bgs_V0.5_c1_rep8_env8	emmax_simes	8	Chr1	12219124	12649887	28	TRUE	FALSE
bgs_V0.5_c1_rep8_env8	emmax_simes	10	Chr1	12219124	12686556	39	TRUE	FALSE
bgs_V0.5_c1_rep8_env8	emmax_simes	16	Chr1	12219124	12649887	28	TRUE	FALSE
bgs_V0.5_c1_rep8_env9	emmax_simes	8	Chr1	4857571	4937350	15	TRUE	TRUE
bgs_V0.5_c1_rep8_env9	emmax_simes	10	Chr1	4857571	4937350	15	TRUE	TRUE
bgs_V0.5_c1_rep8_env9	emmax_simes	12	Chr1	4857571	4937350	15	TRUE	TRUE
bgs_V0.5_c1_rep9_env1	emmax_simes	8	Chr2	4198990	4252371	8	FALSE	FALSE
bgs_V0.5_c1_rep9_env3	emmax_simes	8	Chr1	6055016	6101738	10	TRUE	TRUE
bgs_V0.5_c1_rep9_env3	emmax_simes	10	Chr1	6055016	6101738	10	TRUE	TRUE
bgs_V0.5_c1_rep9_env4	emmax_simes	8	Chr1	3510712	3702095	28	TRUE	TRUE
bgs_V0.5_c1_rep9_env4	emmax_simes	9	Chr1	3510712	3702095	28	TRUE	TRUE
bgs_V0.5_c1_rep9_env4	emmax_simes	14	Chr1	3579548	3702095	19	TRUE	TRUE
bgs_V0.5_c1_rep9_env5	emmax_simes	8	Chr1	10456882	10614574	26	TRUE	TRUE
bgs_V0.5_c1_rep9_env5	emmax_simes	10	Chr1	10456882	10614574	26	TRUE	TRUE
bgs_V0.5_c1_rep9_env6	emmax_simes	8	Chr1	10463945	10676432	17	TRUE	TRUE
bgs_V0.5_c1_rep9_env6	emmax_simes	9	Chr1	10463945	10532090	9	TRUE	TRUE
bgs_V0.5_c1_rep9_env7	emmax_simes	9	Chr1	19177770	19299768	10	TRUE	FALSE
bgs_V0.5_c1_rep9_env7	emmax_simes	10	Chr1	19177770	19299768	10	TRUE	FALSE
bgs_V0.5_c1_rep9_env8	emmax_simes	8	Chr1	3508660	3756869	37	TRUE	FALSE
bgs_V0.5_c1_rep9_env8	emmax_simes	10	Chr1	3508660	3756869	37	TRUE	FALSE
bgs_V0.5_c1_rep9_env8	emmax_simes	16	Chr1	3409272	3756869	41	TRUE	FALSE
bgs_V0.5_c1_rep9_env9	emmax_simes	10	Chr2	9347972	9541498	13	FALSE	FALSE
bgs_V0.5_c1_rep9_env10	emmax_simes	8	Chr1	3752215	4037642	55	TRUE	TRUE
bgs_V0.5_c1_rep9_env10	emmax_simes	8	Chr1	4055486	4149942	13	TRUE	TRUE
bgs_V0.5_c1_rep9_env10	emmax_simes	9	Chr1	3752215	4037642	55	TRUE	TRUE
bgs_V0.5_c1_rep9_env10	emmax_simes	9	Chr1	4055486	4149942	13	TRUE	TRUE
bgs_V0.5_c1_rep9_env10	emmax_simes	14	Chr1	3752215	4037642	55	TRUE	TRUE
bgs_V0.5_c1_rep10_env2	emmax_simes	9	Chr1	8498312	8723199	30	TRUE	FALSE
bgs_V0.5_c1_rep10_env2	emmax_simes	9	Chr1	14582252	14612024	9	TRUE	TRUE
bgs_V0.5_c1_rep10_env2	emmax_simes	10	Chr1	8498312	8596694	21	TRUE	FALSE
bgs_V0.5_c1_rep10_env2	emmax_simes	15	Chr1	8498312	8596694	21	TRUE	FALSE
bgs_V0.5_c1_rep10_env3	emmax_simes	8	Chr1	6704364	6745342	15	FALSE	FALSE
bgs_V0.5_c1_rep10_env3	emmax_simes	8	Chr1	6726574	6838036	29	FALSE	TRUE
bgs_V0.5_c1_rep10_env3	emmax_simes	10	Chr1	6704364	6745342	15	FALSE	FALSE
bgs_V0.5_c1_rep10_env3	emmax_simes	10	Chr1	6726574	6838036	29	FALSE	TRUE
bgs_V0.5_c1_rep10_env3	emmax_simes	14	Chr1	6704364	6745342	15	FALSE	FALSE
bgs_V0.5_c1_rep10_env3	emmax_simes	14	Chr1	6726574	6838036	29	FALSE	TRUE
bgs_V0.5_c1_rep10_env4	emmax_simes	8	Chr1	3902063	3950130	19	TRUE	TRUE
bgs_V0.5_c1_rep10_env4	emmax_simes	10	Chr1	3902063	3950130	19	TRUE	TRUE
bgs_V0.5_c1_rep10_env4	emmax_simes	13	Chr1	3902063	3950130	19	TRUE	TRUE
bgs_V0.5_c1_rep10_env5	emmax_simes	9	Chr1	6677700	6723479	12	FALSE	FALSE
bgs_V0.5_c1_rep10_env5	emmax_simes	9	Chr1	6844254	6920878	14	TRUE	TRUE
bgs_V0.5_c1_rep10_env5	emmax_simes	10	Chr1	6677700	6832925	23	TRUE	FALSE
bgs_V0.5_c1_rep10_env5	emmax_simes	10	Chr1	6844254	6920878	14	TRUE	TRUE
bgs_V0.5_c1_rep10_env6	emmax_simes	12	Chr1	6666029	6715045	17	FALSE	FALSE
bgs_V0.5_c1_rep10_env7	emmax_simes	8	Chr1	13322010	13338623	9	TRUE	TRUE
bgs_V0.5_c1_rep10_env7	emmax_simes	9	Chr1	13322010	13338623	9	TRUE	TRUE
bgs_V0.5_c1_rep10_env8	emmax_simes	8	Chr1	5961421	6854838	111	TRUE	TRUE
bgs_V0.5_c1_rep10_env8	emmax_simes	10	Chr1	5961421	6854838	111	TRUE	TRUE
bgs_V0.5_c1_rep10_env8	emmax_simes	16	Chr1	5963773	6220752	20	TRUE	TRUE
bgs_V0.5_c1_rep10_env8	emmax_simes	16	Chr1	6700799	6777798	26	FALSE	TRUE
bgs_V0.5_c1_rep10_env10	emmax_simes	8	Chr1	17610	624456	17	TRUE	TRUE
bgs_V0.5_c1_rep10_env10	emmax_simes	8	Chr1	73124	496382	54	TRUE	TRUE
bgs_V0.5_c1_rep10_env10	emmax_simes	8	Chr1	652253	698510	9	FALSE	TRUE
bgs_V0.5_c1_rep10_env10	emmax_simes	8	Chr1	1029746	1094073	8	FALSE	FALSE
bgs_V0.5_c1_rep10_env10	emmax_simes	9	Chr1	17610	624456	17	TRUE	TRUE
bgs_V0.5_c1_rep10_env10	emmax_simes	9	Chr1	73124	496382	54	TRUE	TRUE
bgs_V0.5_c1_rep10_env10	emmax_simes	9	Chr1	652253	698510	9	FALSE	TRUE
bgs_V0.5_c1_rep10_env10	emmax_simes	14	Chr1	17610	624456	17	TRUE	TRUE
bgs_V0.5_c1_rep10_env10	emmax_simes	14	Chr1	73124	496382	43	FALSE	TRUE
bgs_V1_c1_rep1_env2	emmax_simes	9	Chr1	753	300424	45	TRUE	TRUE
bgs_V1_c1_rep1_env2	emmax_simes	9	Chr1	26074	295896	33	FALSE	FALSE
bgs_V1_c1_rep1_env2	emmax_simes	11	Chr1	753	300424	45	TRUE	TRUE
bgs_V1_c1_rep1_env2	emmax_simes	11	Chr1	26074	295896	33	FALSE	FALSE
bgs_V1_c1_rep1_env2	emmax_simes	14	Chr1	753	300424	45	TRUE	TRUE
bgs_V1_c1_rep1_env2	emmax_simes	14	Chr1	26074	295896	33	FALSE	FALSE
bgs_V1_c1_rep1_env4	emmax_simes	9	Chr1	16693073	16985612	20	TRUE	TRUE
bgs_V1_c1_rep1_env4	emmax_simes	9	Chr1	16738244	16892607	10	TRUE	FALSE
bgs_V1_c1_rep1_env4	emmax_simes	11	Chr1	16921596	16985612	11	TRUE	TRUE
bgs_V1_c1_rep2_env3	emmax_simes	12	Chr1	11649342	11769017	18	FALSE	FALSE
bgs_V1_c1_rep2_env3	emmax_simes	12	Chr1	11827790	12160488	106	TRUE	FALSE
bgs_V1_c1_rep2_env3	emmax_simes	12	Chr1	12197361	12546415	86	FALSE	FALSE
bgs_V1_c1_rep2_env3	emmax_simes	12	Chr1	12389285	12658116	63	FALSE	FALSE
bgs_V1_c1_rep2_env3	emmax_simes	12	Chr1	12896361	13192900	12	FALSE	FALSE
bgs_V1_c1_rep2_env3	emmax_simes	15	Chr1	11649342	11769017	18	FALSE	FALSE
bgs_V1_c1_rep2_env3	emmax_simes	15	Chr1	11827790	12160488	106	TRUE	FALSE
bgs_V1_c1_rep2_env3	emmax_simes	15	Chr1	12197361	12546415	105	FALSE	FALSE
bgs_V1_c1_rep2_env3	emmax_simes	15	Chr1	12389285	12658116	63	FALSE	FALSE
bgs_V1_c1_rep2_env3	emmax_simes	27	Chr1	11827790	12071574	91	TRUE	FALSE
bgs_V1_c1_rep2_env3	emmax_simes	27	Chr1	12197361	12343131	30	FALSE	FALSE
bgs_V1_c1_rep2_env3	emmax_simes	27	Chr1	12354805	12546415	33	FALSE	FALSE
bgs_V1_c1_rep2_env3	emmax_simes	27	Chr1	12389285	12658116	63	FALSE	FALSE
bgs_V1_c1_rep2_env3	emmax_simes	27	Chr2	12153035	12250572	32	FALSE	FALSE
bgs_V1_c1_rep2_env8	emmax_simes	13	Chr2	191751	509145	21	FALSE	FALSE
bgs_V1_c1_rep2_env8	emmax_simes	20	Chr2	191751	509145	21	FALSE	FALSE
bgs_V1_c1_rep2_env9	emmax_simes	12	Chr1	12109399	12310002	28	FALSE	FALSE
bgs_V1_c1_rep2_env9	emmax_simes	12	Chr1	12382517	12676426	45	TRUE	TRUE
bgs_V1_c1_rep2_env9	emmax_simes	12	Chr1	15754583	15928629	15	FALSE	FALSE
bgs_V1_c1_rep2_env9	emmax_simes	14	Chr1	12109399	12310002	28	FALSE	FALSE
bgs_V1_c1_rep2_env9	emmax_simes	14	Chr1	12382517	12515533	33	TRUE	TRUE
bgs_V1_c1_rep2_env9	emmax_simes	14	Chr1	15754583	15928629	15	FALSE	FALSE
bgs_V1_c1_rep2_env9	emmax_simes	25	Chr1	12109399	12310002	28	FALSE	FALSE
bgs_V1_c1_rep2_env9	emmax_simes	25	Chr1	12118030	12516002	119	TRUE	FALSE
bgs_V1_c1_rep2_env9	emmax_simes	25	Chr1	12382517	12515533	33	TRUE	TRUE
bgs_V1_c1_rep3_env7	emmax_simes	8	Chr1	10989694	11035563	10	TRUE	TRUE
bgs_V1_c1_rep3_env7	emmax_simes	9	Chr1	10989694	11035563	10	TRUE	TRUE
bgs_V1_c1_rep3_env7	emmax_simes	12	Chr1	11105995	11191270	12	FALSE	FALSE
bgs_V1_c1_rep5_env2	emmax_simes	10	Chr1	23522	519770	30	FALSE	TRUE
bgs_V1_c1_rep5_env2	emmax_simes	13	Chr1	23522	408091	18	FALSE	TRUE
bgs_V1_c1_rep5_env3	emmax_simes	9	Chr1	510185	554682	12	TRUE	TRUE
bgs_V1_c1_rep5_env3	emmax_simes	11	Chr1	510185	554682	12	TRUE	TRUE
bgs_V1_c1_rep5_env5	emmax_simes	10	Chr1	600	669916	186	TRUE	TRUE
bgs_V1_c1_rep5_env5	emmax_simes	12	Chr1	600	619082	176	TRUE	TRUE
bgs_V1_c1_rep5_env5	emmax_simes	24	Chr1	600	488737	144	TRUE	TRUE
bgs_V1_c1_rep5_env8	emmax_simes	10	Chr1	4826	494299	171	FALSE	FALSE
bgs_V1_c1_rep5_env8	emmax_simes	10	Chr1	6904578	6942254	11	FALSE	FALSE
bgs_V1_c1_rep5_env8	emmax_simes	12	Chr1	4826	494299	171	FALSE	FALSE
bgs_V1_c1_rep5_env8	emmax_simes	21	Chr1	4826	494299	171	FALSE	FALSE
bgs_V1_c1_rep5_env10	emmax_simes	9	Chr1	4218738	4330237	22	TRUE	TRUE
bgs_V1_c1_rep5_env10	emmax_simes	10	Chr1	4218738	4330237	22	TRUE	TRUE
bgs_V1_c1_rep6_env2	emmax_simes	7	Chr1	11557829	11678121	7	FALSE	FALSE
bgs_V1_c1_rep6_env2	emmax_simes	12	Chr1	56878	444838	54	FALSE	FALSE
bgs_V1_c1_rep6_env3	emmax_simes	8	Chr1	1271955	1287991	8	FALSE	FALSE
bgs_V1_c1_rep6_env3	emmax_simes	8	Chr1	2564116	2615785	15	TRUE	FALSE
bgs_V1_c1_rep6_env3	emmax_simes	9	Chr1	2564116	2615785	15	TRUE	FALSE
bgs_V1_c1_rep6_env6	emmax_simes	9	Chr1	8492554	8545159	9	FALSE	FALSE
bgs_V1_c1_rep6_env8	emmax_simes	8	Chr1	8612891	8887544	40	TRUE	TRUE
bgs_V1_c1_rep6_env8	emmax_simes	9	Chr1	8612891	8887544	40	TRUE	TRUE
bgs_V1_c1_rep6_env8	emmax_simes	13	Chr1	8612891	8779972	30	TRUE	TRUE
bgs_V1_c1_rep6_env10	emmax_simes	10	Chr1	17308	421840	18	FALSE	FALSE
bgs_V1_c1_rep6_env10	emmax_simes	16	Chr1	17308	421840	18	FALSE	FALSE
bgs_V1_c1_rep7_env4	emmax_simes	13	Chr1	19559763	20191942	45	TRUE	TRUE
bgs_V1_c1_rep7_env4	emmax_simes	17	Chr1	19559763	20191942	45	TRUE	TRUE
bgs_V1_c1_rep7_env6	emmax_simes	12	Chr1	13143640	13719710	27	FALSE	TRUE
bgs_V1_c1_rep7_env6	emmax_simes	12	Chr1	14081583	15308308	84	FALSE	TRUE
bgs_V1_c1_rep7_env6	emmax_simes	14	Chr1	13143640	13719710	27	FALSE	TRUE
bgs_V1_c1_rep7_env6	emmax_simes	14	Chr1	14081583	15308308	84	FALSE	TRUE
bgs_V1_c1_rep7_env6	emmax_simes	21	Chr1	13143640	13719710	27	FALSE	TRUE
bgs_V1_c1_rep7_env6	emmax_simes	21	Chr1	14081583	14967954	65	FALSE	TRUE
bgs_V1_c1_rep7_env6	emmax_simes	21	Chr1	15075877	15178931	21	FALSE	FALSE
bgs_V1_c1_rep7_env7	emmax_simes	11	Chr1	9487235	9698193	33	FALSE	FALSE
bgs_V1_c1_rep7_env7	emmax_simes	11	Chr1	10514967	11405302	28	FALSE	FALSE
bgs_V1_c1_rep7_env7	emmax_simes	11	Chr1	10808801	11393549	12	FALSE	FALSE
bgs_V1_c1_rep7_env7	emmax_simes	11	Chr1	11507238	11874521	15	FALSE	FALSE
bgs_V1_c1_rep7_env7	emmax_simes	11	Chr1	15325364	15411982	12	FALSE	FALSE
bgs_V1_c1_rep7_env7	emmax_simes	13	Chr1	9487235	9698193	33	FALSE	FALSE
bgs_V1_c1_rep7_env7	emmax_simes	13	Chr1	10514967	11405302	28	FALSE	FALSE
bgs_V1_c1_rep7_env7	emmax_simes	13	Chr1	11507238	11874521	15	FALSE	FALSE
bgs_V1_c1_rep7_env7	emmax_simes	19	Chr1	9487235	9698193	33	FALSE	FALSE
bgs_V1_c1_rep8_env2	emmax_simes	11	Chr1	1655	476604	49	TRUE	FALSE
bgs_V1_c1_rep8_env3	emmax_simes	8	Chr1	11053768	11104456	9	FALSE	FALSE
bgs_V1_c1_rep8_env4	emmax_simes	8	Chr1	4428985	4447326	8	TRUE	FALSE
bgs_V1_c1_rep8_env4	emmax_simes	8	Chr1	4506068	4635064	29	TRUE	TRUE
bgs_V1_c1_rep8_env4	emmax_simes	10	Chr1	4506068	4635064	29	TRUE	TRUE
bgs_V1_c1_rep8_env4	emmax_simes	15	Chr1	4506068	4559903	18	TRUE	TRUE
bgs_V1_c1_rep8_env5	emmax_simes	8	Chr1	8542645	8717438	22	FALSE	FALSE
bgs_V1_c1_rep8_env5	emmax_simes	8	Chr1	18642535	18677994	9	TRUE	FALSE
bgs_V1_c1_rep8_env5	emmax_simes	9	Chr1	8542645	8717438	22	FALSE	FALSE
bgs_V1_c1_rep8_env5	emmax_simes	9	Chr1	18642535	18677994	9	TRUE	FALSE
bgs_V1_c1_rep8_env5	emmax_simes	9	Chr1	18948418	18987658	11	FALSE	FALSE
bgs_V1_c1_rep8_env5	emmax_simes	14	Chr1	8542645	8717438	22	FALSE	FALSE
bgs_V1_c1_rep8_env6	emmax_simes	9	Chr1	12042174	12123151	10	FALSE	FALSE
bgs_V1_c1_rep8_env6	emmax_simes	9	Chr1	12165134	12224834	11	FALSE	FALSE
bgs_V1_c1_rep8_env6	emmax_simes	10	Chr1	12042174	12123151	10	FALSE	FALSE
bgs_V1_c1_rep8_env6	emmax_simes	10	Chr1	12165134	12224834	11	FALSE	FALSE
bgs_V1_c1_rep8_env10	emmax_simes	8	Chr1	1065598	1199488	11	TRUE	TRUE
bgs_V1_c1_rep8_env10	emmax_simes	8	Chr1	13956517	13976914	8	TRUE	TRUE
bgs_V1_c1_rep8_env10	emmax_simes	9	Chr1	1065598	1199488	11	TRUE	TRUE
bgs_V1_c1_rep9_env1	emmax_simes	8	Chr1	3287992	3385867	11	FALSE	TRUE
bgs_V1_c1_rep9_env1	emmax_simes	8	Chr1	3464364	3684433	57	TRUE	TRUE
bgs_V1_c1_rep9_env1	emmax_simes	9	Chr1	3287992	3385867	11	FALSE	TRUE
bgs_V1_c1_rep9_env1	emmax_simes	9	Chr1	3464364	3684433	49	TRUE	TRUE
bgs_V1_c1_rep9_env1	emmax_simes	9	Chr1	3762441	3923148	12	TRUE	FALSE
bgs_V1_c1_rep9_env1	emmax_simes	14	Chr1	3539106	3650575	30	TRUE	TRUE
bgs_V1_c1_rep9_env3	emmax_simes	8	Chr1	3819220	4136355	56	TRUE	FALSE
bgs_V1_c1_rep9_env3	emmax_simes	10	Chr1	3819220	4258995	67	TRUE	FALSE
bgs_V1_c1_rep9_env3	emmax_simes	13	Chr1	3819220	4136355	56	TRUE	FALSE
bgs_V1_c1_rep9_env5	emmax_simes	8	Chr1	3274863	3405734	21	TRUE	TRUE
bgs_V1_c1_rep9_env5	emmax_simes	10	Chr1	3322400	3405734	12	TRUE	TRUE
bgs_V1_c1_rep9_env7	emmax_simes	9	Chr1	14484280	14525070	10	TRUE	TRUE
bgs_V1_c1_rep9_env7	emmax_simes	10	Chr1	14484280	14525070	10	TRUE	TRUE
bgs_V1_c1_rep9_env10	emmax_simes	8	Chr1	6379478	6424599	9	TRUE	TRUE
bgs_V1_c1_rep9_env10	emmax_simes	9	Chr1	6379478	6424599	9	TRUE	TRUE
bgs_V1_c1_rep10_env3	emmax_simes	8	Chr1	4345227	4384115	9	TRUE	TRUE
bgs_V1_c1_rep10_env7	emmax_simes	8	Chr1	591824	682579	28	TRUE	TRUE
bgs_V1_c1_rep10_env7	emmax_simes	8	Chr1	615849	635624	11	TRUE	FALSE
bgs_V1_c1_rep10_env7	emmax_simes	9	Chr1	591824	682579	28	TRUE	TRUE
bgs_V1_c1_rep10_env7	emmax_simes	9	Chr1	615849	635624	11	TRUE	FALSE
bgs_V1_c1_rep10_env7	emmax_simes	13	Chr1	637342	682579	18	TRUE	TRUE
bgs_V2_c1_rep1_env1	emmax_simes	8	Chr1	10533689	10677394	13	FALSE	FALSE
bgs_V2_c1_rep1_env1	emmax_simes	10	Chr1	10533689	10677394	13	FALSE	FALSE
bgs_V2_c1_rep1_env2	emmax_simes	9	Chr1	25786036	25805516	9	TRUE	TRUE
bgs_V2_c1_rep1_env4	emmax_simes	9	Chr1	9071034	9102618	11	TRUE	FALSE
bgs_V2_c1_rep1_env4	emmax_simes	10	Chr1	9071034	9102618	11	TRUE	FALSE
bgs_V2_c1_rep1_env7	emmax_simes	9	Chr1	9047750	9187249	23	TRUE	TRUE
bgs_V2_c1_rep1_env7	emmax_simes	11	Chr1	9091558	9290115	35	TRUE	TRUE
bgs_V2_c1_rep1_env7	emmax_simes	15	Chr1	9190584	9290115	21	FALSE	FALSE
bgs_V2_c1_rep2_env7	emmax_simes	12	Chr1	12279363	12352411	14	FALSE	FALSE
bgs_V2_c1_rep3_env2	emmax_simes	8	Chr1	3402103	3528103	32	TRUE	FALSE
bgs_V2_c1_rep3_env2	emmax_simes	9	Chr1	3402103	3528103	32	TRUE	FALSE
bgs_V2_c1_rep3_env2	emmax_simes	13	Chr1	3402103	3488392	23	TRUE	FALSE
bgs_V2_c1_rep3_env3	emmax_simes	8	Chr1	8484389	8632531	25	TRUE	TRUE
bgs_V2_c1_rep3_env3	emmax_simes	8	Chr1	8878048	8904174	8	FALSE	FALSE
bgs_V2_c1_rep3_env3	emmax_simes	9	Chr1	8484389	8632531	25	TRUE	TRUE
bgs_V2_c1_rep3_env3	emmax_simes	11	Chr1	8484389	8632531	25	TRUE	TRUE
bgs_V2_c1_rep3_env4	emmax_simes	8	Chr1	11887254	11903811	8	TRUE	FALSE
bgs_V2_c1_rep3_env6	emmax_simes	8	Chr1	3640408	3752528	11	TRUE	FALSE
bgs_V2_c1_rep3_env6	emmax_simes	9	Chr1	3640408	3752528	11	TRUE	FALSE
bgs_V2_c1_rep3_env9	emmax_simes	7	Chr1	3657628	3731640	12	TRUE	FALSE
bgs_V2_c1_rep3_env9	emmax_simes	7	Chr1	3710336	3775793	7	TRUE	FALSE
bgs_V2_c1_rep3_env9	emmax_simes	8	Chr1	3657628	3731640	12	TRUE	FALSE
bgs_V2_c1_rep3_env9	emmax_simes	11	Chr1	3657628	3731640	12	TRUE	FALSE
bgs_V2_c1_rep4_env3	emmax_simes	17	Chr1	8264333	8389991	17	FALSE	FALSE
bgs_V2_c1_rep4_env6	emmax_simes	15	Chr1	9189077	9343193	15	TRUE	FALSE
bgs_V2_c1_rep5_env1	emmax_simes	12	Chr1	10365	496414	65	TRUE	FALSE
bgs_V2_c1_rep5_env1	emmax_simes	12	Chr1	6878062	6921420	16	FALSE	FALSE
bgs_V2_c1_rep5_env1	emmax_simes	24	Chr1	10365	496414	65	TRUE	FALSE
bgs_V2_c1_rep5_env2	emmax_simes	9	Chr1	1204773	1277869	22	TRUE	TRUE
bgs_V2_c1_rep5_env2	emmax_simes	12	Chr1	1232450	1277869	12	TRUE	TRUE
bgs_V2_c1_rep5_env3	emmax_simes	9	Chr1	351	492572	43	TRUE	TRUE
bgs_V2_c1_rep5_env3	emmax_simes	11	Chr1	351	492572	109	TRUE	TRUE
bgs_V2_c1_rep5_env3	emmax_simes	21	Chr1	3040	492572	98	TRUE	FALSE
bgs_V2_c1_rep5_env8	emmax_simes	9	Chr1	11913516	11945612	12	TRUE	FALSE
bgs_V2_c1_rep5_env8	emmax_simes	12	Chr1	11913516	11945612	12	TRUE	FALSE
bgs_V2_c1_rep6_env3	emmax_simes	9	Chr1	10230189	10451664	22	FALSE	FALSE
bgs_V2_c1_rep6_env3	emmax_simes	12	Chr1	10275029	10399214	12	FALSE	FALSE
bgs_V2_c1_rep6_env4	emmax_simes	14	Chr1	46515	446347	24	FALSE	FALSE
bgs_V2_c1_rep6_env4	emmax_simes	14	Chr1	5069609	5136454	18	FALSE	FALSE
bgs_V2_c1_rep6_env4	emmax_simes	14	Chr1	8457848	8545356	14	FALSE	FALSE
bgs_V2_c1_rep6_env5	emmax_simes	16	Chr1	8301726	8523781	25	TRUE	FALSE
bgs_V2_c1_rep6_env9	emmax_simes	9	Chr2	8379614	8420119	11	FALSE	FALSE
bgs_V2_c1_rep7_env3	emmax_simes	11	Chr1	6642032	6756871	11	TRUE	FALSE
bgs_V2_c1_rep7_env10	emmax_simes	14	Chr2	15573074	15710803	16	FALSE	FALSE
bgs_V2_c1_rep8_env5	emmax_simes	13	Chr2	11928	480083	69	FALSE	FALSE
bgs_V2_c1_rep8_env7	emmax_simes	10	Chr1	8077501	8144945	13	FALSE	FALSE
bgs_V2_c1_rep8_env8	emmax_simes	8	Chr1	13587349	13637406	14	TRUE	FALSE
bgs_V2_c1_rep8_env8	emmax_simes	8	Chr1	13668218	13709511	9	TRUE	FALSE
bgs_V2_c1_rep8_env8	emmax_simes	9	Chr1	13587349	13637406	14	TRUE	FALSE
bgs_V2_c1_rep8_env8	emmax_simes	9	Chr1	13668218	13709511	9	TRUE	FALSE
bgs_V2_c1_rep8_env8	emmax_simes	12	Chr1	13587349	13637406	14	TRUE	FALSE
bgs_V2_c1_rep9_env4	emmax_simes	8	Chr1	8212503	8346812	34	TRUE	TRUE
bgs_V2_c1_rep9_env4	emmax_simes	10	Chr1	8212503	8346812	34	TRUE	TRUE
bgs_V2_c1_rep9_env4	emmax_simes	15	Chr1	8260754	8346812	22	TRUE	TRUE
bgs_V2_c1_rep9_env7	emmax_simes	8	Chr1	8220416	8259257	9	TRUE	FALSE
bgs_V2_c1_rep9_env7	emmax_simes	9	Chr1	8220416	8259257	9	TRUE	FALSE
bgs_V2_c1_rep10_env2	emmax_simes	9	Chr1	8858480	8997255	19	TRUE	FALSE
bgs_V2_c1_rep10_env2	emmax_simes	10	Chr1	8949642	8997255	10	TRUE	FALSE
bgs_V2_c1_rep10_env3	emmax_simes	9	Chr1	156179	494546	38	TRUE	TRUE
bgs_V2_c1_rep10_env3	emmax_simes	10	Chr1	13559	494546	67	TRUE	TRUE
bgs_V2_c1_rep10_env3	emmax_simes	15	Chr1	13559	494546	67	TRUE	TRUE
bgs_V2_c1_rep10_env6	emmax_simes	8	Chr1	70633	504863	36	TRUE	FALSE
bgs_V2_c1_rep10_env6	emmax_simes	10	Chr1	70633	504863	36	TRUE	FALSE
bgs_V2_c1_rep10_env6	emmax_simes	14	Chr1	29124	487715	58	TRUE	FALSE
bgs_V2_c1_rep10_env9	emmax_simes	9	Chr1	672306	716439	10	TRUE	FALSE
nobgs_V0.5_c1_rep1_env2	emmax_simes	8	Chr1	11888112	12622979	54	FALSE	FALSE
nobgs_V0.5_c1_rep1_env2	emmax_simes	9	Chr1	11888112	12622979	54	FALSE	FALSE
nobgs_V0.5_c1_rep1_env2	emmax_simes	16	Chr1	11888112	12622979	54	FALSE	FALSE
nobgs_V0.5_c1_rep1_env3	emmax_simes	9	Chr1	8764401	9361131	54	TRUE	TRUE
nobgs_V0.5_c1_rep1_env3	emmax_simes	9	Chr1	9473908	9620569	12	FALSE	TRUE
nobgs_V0.5_c1_rep1_env3	emmax_simes	9	Chr1	10583680	10929773	63	FALSE	TRUE
nobgs_V0.5_c1_rep1_env3	emmax_simes	9	Chr1	15695220	16331942	153	TRUE	TRUE
nobgs_V0.5_c1_rep1_env3	emmax_simes	11	Chr1	8764401	9361131	54	TRUE	TRUE
nobgs_V0.5_c1_rep1_env3	emmax_simes	11	Chr1	9473908	9620569	12	FALSE	TRUE
nobgs_V0.5_c1_rep1_env3	emmax_simes	11	Chr1	10583680	10668138	11	FALSE	FALSE
nobgs_V0.5_c1_rep1_env3	emmax_simes	11	Chr1	10724617	10929773	43	FALSE	TRUE
nobgs_V0.5_c1_rep1_env3	emmax_simes	11	Chr1	15695220	16331942	125	TRUE	TRUE
nobgs_V0.5_c1_rep1_env3	emmax_simes	18	Chr1	8764401	9361131	43	TRUE	TRUE
nobgs_V0.5_c1_rep1_env3	emmax_simes	18	Chr1	10724617	10865602	26	FALSE	TRUE
nobgs_V0.5_c1_rep1_env3	emmax_simes	18	Chr1	15740611	15841314	18	TRUE	FALSE
nobgs_V0.5_c1_rep1_env3	emmax_simes	18	Chr1	15827311	16000101	29	FALSE	TRUE
nobgs_V0.5_c1_rep1_env3	emmax_simes	18	Chr1	16111429	16262055	20	TRUE	TRUE
nobgs_V0.5_c1_rep1_env6	emmax_simes	8	Chr1	19096550	19247143	26	FALSE	TRUE
nobgs_V0.5_c1_rep1_env6	emmax_simes	10	Chr1	19096550	19247143	26	FALSE	TRUE
nobgs_V0.5_c1_rep1_env6	emmax_simes	18	Chr1	19096550	19247143	26	FALSE	TRUE
nobgs_V0.5_c1_rep1_env7	emmax_simes	9	Chr1	13394658	15552634	11	TRUE	TRUE
nobgs_V0.5_c1_rep1_env7	emmax_simes	11	Chr1	13394658	15552634	11	TRUE	TRUE
nobgs_V0.5_c1_rep1_env7	emmax_simes	18	Chr1	13446650	13569185	35	TRUE	FALSE
nobgs_V0.5_c1_rep1_env8	emmax_simes	8	Chr1	16313024	16418632	15	FALSE	TRUE
nobgs_V0.5_c1_rep1_env8	emmax_simes	8	Chr1	17327591	17492574	16	FALSE	FALSE
nobgs_V0.5_c1_rep1_env8	emmax_simes	10	Chr1	16313024	16418632	15	FALSE	TRUE
nobgs_V0.5_c1_rep1_env8	emmax_simes	10	Chr1	17327591	17492574	16	FALSE	FALSE
nobgs_V0.5_c1_rep1_env8	emmax_simes	15	Chr1	16313024	16418632	15	FALSE	TRUE
nobgs_V0.5_c1_rep1_env8	emmax_simes	15	Chr1	17327591	17492574	16	FALSE	FALSE
nobgs_V0.5_c1_rep1_env10	emmax_simes	8	Chr1	10398286	10783737	49	TRUE	TRUE
nobgs_V0.5_c1_rep1_env10	emmax_simes	10	Chr1	10398286	10518166	10	TRUE	TRUE
nobgs_V0.5_c1_rep1_env10	emmax_simes	10	Chr1	10583353	10783737	31	FALSE	FALSE
nobgs_V0.5_c1_rep1_env10	emmax_simes	16	Chr1	10694139	10783737	18	FALSE	FALSE
nobgs_V0.5_c1_rep2_env1	emmax_simes	12	Chr1	12207029	12784182	94	TRUE	TRUE
nobgs_V0.5_c1_rep2_env1	emmax_simes	12	Chr2	11265020	11371763	13	FALSE	FALSE
nobgs_V0.5_c1_rep2_env1	emmax_simes	14	Chr1	12207029	12784182	94	TRUE	TRUE
nobgs_V0.5_c1_rep2_env1	emmax_simes	21	Chr1	12207029	12289804	29	FALSE	FALSE
nobgs_V0.5_c1_rep2_env1	emmax_simes	21	Chr1	12392049	12784182	49	TRUE	TRUE
nobgs_V0.5_c1_rep2_env3	emmax_simes	11	Chr1	11638869	11697790	13	FALSE	FALSE
nobgs_V0.5_c1_rep2_env3	emmax_simes	11	Chr1	13873169	13996091	12	FALSE	FALSE
nobgs_V0.5_c1_rep2_env3	emmax_simes	11	Chr1	13930751	15986754	483	TRUE	TRUE
nobgs_V0.5_c1_rep2_env3	emmax_simes	11	Chr1	16091535	16136340	11	FALSE	FALSE
nobgs_V0.5_c1_rep2_env3	emmax_simes	15	Chr1	13930751	15920090	459	TRUE	TRUE
nobgs_V0.5_c1_rep2_env3	emmax_simes	26	Chr1	14410494	15920090	370	TRUE	TRUE
nobgs_V0.5_c1_rep2_env8	emmax_simes	11	Chr1	15414721	15919809	53	TRUE	TRUE
nobgs_V0.5_c1_rep2_env8	emmax_simes	13	Chr1	15414721	15919809	53	TRUE	TRUE
nobgs_V0.5_c1_rep2_env8	emmax_simes	19	Chr1	15589331	15782299	22	TRUE	TRUE
nobgs_V0.5_c1_rep3_env1	emmax_simes	8	Chr1	5347634	5737683	53	TRUE	TRUE
nobgs_V0.5_c1_rep3_env1	emmax_simes	9	Chr1	5347634	5737683	53	TRUE	TRUE
nobgs_V0.5_c1_rep3_env1	emmax_simes	13	Chr1	5347634	5626257	32	TRUE	TRUE
nobgs_V0.5_c1_rep3_env3	emmax_simes	8	Chr1	9605495	9809964	30	TRUE	TRUE
nobgs_V0.5_c1_rep3_env3	emmax_simes	10	Chr1	9605495	9809964	30	TRUE	TRUE
nobgs_V0.5_c1_rep3_env3	emmax_simes	14	Chr1	18184	456702	20	FALSE	FALSE
nobgs_V0.5_c1_rep3_env3	emmax_simes	14	Chr1	9605495	9759797	19	TRUE	TRUE
nobgs_V0.5_c1_rep3_env5	emmax_simes	11	Chr1	8709370	8772253	13	FALSE	FALSE
nobgs_V0.5_c1_rep3_env7	emmax_simes	8	Chr1	11507276	11547979	10	TRUE	TRUE
nobgs_V0.5_c1_rep3_env8	emmax_simes	8	Chr1	2354533	3705924	209	TRUE	TRUE
nobgs_V0.5_c1_rep3_env8	emmax_simes	8	Chr1	2883555	2979267	8	FALSE	FALSE
nobgs_V0.5_c1_rep3_env8	emmax_simes	8	Chr1	3038486	3085238	8	FALSE	FALSE
nobgs_V0.5_c1_rep3_env8	emmax_simes	8	Chr1	3783035	3916211	19	FALSE	TRUE
nobgs_V0.5_c1_rep3_env8	emmax_simes	8	Chr1	4330538	4350774	8	FALSE	FALSE
nobgs_V0.5_c1_rep3_env8	emmax_simes	10	Chr1	2386498	2929545	86	TRUE	TRUE
nobgs_V0.5_c1_rep3_env8	emmax_simes	10	Chr1	2820407	2847352	10	FALSE	FALSE
nobgs_V0.5_c1_rep3_env8	emmax_simes	10	Chr1	3009801	3705924	106	TRUE	TRUE
nobgs_V0.5_c1_rep3_env8	emmax_simes	10	Chr1	3783035	3916211	19	FALSE	TRUE
nobgs_V0.5_c1_rep3_env8	emmax_simes	16	Chr1	2386498	2489067	28	TRUE	FALSE
nobgs_V0.5_c1_rep3_env8	emmax_simes	16	Chr1	2766802	2929545	27	FALSE	TRUE
nobgs_V0.5_c1_rep3_env8	emmax_simes	16	Chr1	3009801	3110680	18	FALSE	TRUE
nobgs_V0.5_c1_rep3_env8	emmax_simes	16	Chr1	3250761	3705924	63	TRUE	TRUE
nobgs_V0.5_c1_rep3_env8	emmax_simes	16	Chr1	3783035	3916211	19	FALSE	TRUE
nobgs_V0.5_c1_rep3_env9	emmax_simes	7	Chr1	15317483	15360195	10	TRUE	TRUE
nobgs_V0.5_c1_rep3_env9	emmax_simes	8	Chr1	15317483	15360195	10	TRUE	TRUE
nobgs_V0.5_c1_rep4_env1	emmax_simes	13	Chr1	16743633	17429761	43	TRUE	FALSE
nobgs_V0.5_c1_rep4_env2	emmax_simes	11	Chr1	18821201	18899887	11	TRUE	TRUE
nobgs_V0.5_c1_rep4_env3	emmax_simes	12	Chr1	30004578	30108874	14	TRUE	TRUE
nobgs_V0.5_c1_rep4_env4	emmax_simes	13	Chr1	18734076	19579958	68	TRUE	TRUE
nobgs_V0.5_c1_rep4_env4	emmax_simes	17	Chr1	18734076	19579958	68	TRUE	TRUE
nobgs_V0.5_c1_rep4_env4	emmax_simes	30	Chr1	18734076	19359811	39	TRUE	TRUE
nobgs_V0.5_c1_rep4_env5	emmax_simes	12	Chr1	35531	300067	15	FALSE	FALSE
nobgs_V0.5_c1_rep4_env5	emmax_simes	12	Chr1	23007104	23933341	81	FALSE	FALSE
nobgs_V0.5_c1_rep4_env5	emmax_simes	12	Chr1	24347215	27266523	341	TRUE	TRUE
nobgs_V0.5_c1_rep4_env5	emmax_simes	12	Chr1	26060167	27421174	102	TRUE	TRUE
nobgs_V0.5_c1_rep4_env5	emmax_simes	12	Chr1	27452942	27598092	27	FALSE	FALSE
nobgs_V0.5_c1_rep4_env5	emmax_simes	12	Chr2	24931227	25321088	28	FALSE	FALSE
nobgs_V0.5_c1_rep4_env5	emmax_simes	17	Chr1	23007104	23933341	81	FALSE	FALSE
nobgs_V0.5_c1_rep4_env5	emmax_simes	17	Chr1	24347215	27266523	341	TRUE	TRUE
nobgs_V0.5_c1_rep4_env5	emmax_simes	17	Chr1	26318439	27421174	88	TRUE	TRUE
nobgs_V0.5_c1_rep4_env5	emmax_simes	17	Chr1	27452942	27598092	27	FALSE	FALSE
nobgs_V0.5_c1_rep4_env5	emmax_simes	17	Chr2	24931227	25321088	28	FALSE	FALSE
nobgs_V0.5_c1_rep4_env5	emmax_simes	24	Chr1	23007104	23933341	81	FALSE	FALSE
nobgs_V0.5_c1_rep4_env5	emmax_simes	24	Chr1	24347215	26083807	239	TRUE	FALSE
nobgs_V0.5_c1_rep4_env5	emmax_simes	24	Chr1	26318439	27421174	88	TRUE	TRUE
nobgs_V0.5_c1_rep4_env5	emmax_simes	24	Chr1	26368390	27266523	81	TRUE	TRUE
nobgs_V0.5_c1_rep4_env5	emmax_simes	24	Chr1	27452942	27598092	27	FALSE	FALSE
nobgs_V0.5_c1_rep4_env5	emmax_simes	24	Chr2	24931227	25321088	28	FALSE	FALSE
nobgs_V0.5_c1_rep4_env7	emmax_simes	21	Chr2	27265338	27506203	26	FALSE	FALSE
nobgs_V0.5_c1_rep4_env8	emmax_simes	12	Chr1	12756199	12859382	12	TRUE	TRUE
nobgs_V0.5_c1_rep4_env9	emmax_simes	22	Chr2	41478	348962	23	FALSE	FALSE
nobgs_V0.5_c1_rep4_env10	emmax_simes	14	Chr1	27137277	27338568	15	TRUE	FALSE
nobgs_V0.5_c1_rep5_env1	emmax_simes	14	Chr1	9430	492610	171	TRUE	FALSE
nobgs_V0.5_c1_rep5_env2	emmax_simes	9	Chr1	641693	683402	19	TRUE	TRUE
nobgs_V0.5_c1_rep5_env3	emmax_simes	8	Chr1	3757577	3813402	10	TRUE	TRUE
nobgs_V0.5_c1_rep5_env3	emmax_simes	10	Chr1	3757577	3813402	10	TRUE	TRUE
nobgs_V0.5_c1_rep5_env6	emmax_simes	8	Chr1	6457975	7423701	354	TRUE	TRUE
nobgs_V0.5_c1_rep5_env6	emmax_simes	8	Chr1	6476481	6529289	13	FALSE	FALSE
nobgs_V0.5_c1_rep5_env6	emmax_simes	8	Chr1	7439528	7472416	9	TRUE	FALSE
nobgs_V0.5_c1_rep5_env6	emmax_simes	8	Chr1	7485816	7514335	10	FALSE	FALSE
nobgs_V0.5_c1_rep5_env6	emmax_simes	8	Chr2	1767126	1785004	9	FALSE	FALSE
nobgs_V0.5_c1_rep5_env6	emmax_simes	9	Chr1	6457975	7423701	354	TRUE	TRUE
nobgs_V0.5_c1_rep5_env6	emmax_simes	9	Chr1	6476481	6529289	13	FALSE	FALSE
nobgs_V0.5_c1_rep5_env6	emmax_simes	9	Chr1	7439528	7472416	9	TRUE	FALSE
nobgs_V0.5_c1_rep5_env6	emmax_simes	9	Chr1	7485816	7514335	10	FALSE	FALSE
nobgs_V0.5_c1_rep5_env6	emmax_simes	9	Chr2	1767126	1785004	9	FALSE	FALSE
nobgs_V0.5_c1_rep5_env6	emmax_simes	25	Chr1	6457975	7353699	293	TRUE	TRUE
nobgs_V0.5_c1_rep5_env10	emmax_simes	9	Chr1	12052166	12072124	10	TRUE	TRUE
nobgs_V0.5_c1_rep6_env1	emmax_simes	8	Chr1	10429476	10683447	51	TRUE	FALSE
nobgs_V0.5_c1_rep6_env1	emmax_simes	8	Chr1	11067107	11107401	8	FALSE	FALSE
nobgs_V0.5_c1_rep6_env1	emmax_simes	9	Chr1	10429476	10683447	51	TRUE	FALSE
nobgs_V0.5_c1_rep6_env1	emmax_simes	13	Chr1	10166457	10297088	22	FALSE	FALSE
nobgs_V0.5_c1_rep6_env1	emmax_simes	13	Chr1	10429476	10683447	51	TRUE	FALSE
nobgs_V0.5_c1_rep6_env2	emmax_simes	7	Chr1	2038946	2095254	8	TRUE	TRUE
nobgs_V0.5_c1_rep6_env2	emmax_simes	7	Chr1	8696015	8706134	7	FALSE	FALSE
nobgs_V0.5_c1_rep6_env3	emmax_simes	8	Chr1	12635325	12739713	9	TRUE	TRUE
nobgs_V0.5_c1_rep6_env3	emmax_simes	8	Chr1	12742098	12768029	8	TRUE	TRUE
nobgs_V0.5_c1_rep6_env3	emmax_simes	9	Chr1	12635325	12739713	9	TRUE	TRUE
nobgs_V0.5_c1_rep6_env4	emmax_simes	7	Chr1	2482081	2496507	8	TRUE	FALSE
nobgs_V0.5_c1_rep6_env4	emmax_simes	7	Chr1	10688466	10746758	7	FALSE	FALSE
nobgs_V0.5_c1_rep6_env4	emmax_simes	8	Chr1	2482081	2496507	8	TRUE	FALSE
nobgs_V0.5_c1_rep6_env5	emmax_simes	9	Chr1	5060822	5433208	57	TRUE	TRUE
nobgs_V0.5_c1_rep6_env5	emmax_simes	9	Chr1	8424926	8749899	60	TRUE	TRUE
nobgs_V0.5_c1_rep6_env5	emmax_simes	10	Chr1	5060822	5433208	57	TRUE	TRUE
nobgs_V0.5_c1_rep6_env5	emmax_simes	10	Chr1	6728855	6872716	19	FALSE	FALSE
nobgs_V0.5_c1_rep6_env5	emmax_simes	10	Chr1	8313777	8749899	72	TRUE	TRUE
nobgs_V0.5_c1_rep6_env5	emmax_simes	10	Chr1	8459495	8525801	10	FALSE	FALSE
nobgs_V0.5_c1_rep6_env5	emmax_simes	17	Chr1	5060822	5433208	57	TRUE	TRUE
nobgs_V0.5_c1_rep6_env5	emmax_simes	17	Chr1	6728855	6872716	19	FALSE	FALSE
nobgs_V0.5_c1_rep6_env5	emmax_simes	17	Chr1	8685599	8749899	17	TRUE	FALSE
nobgs_V0.5_c1_rep6_env6	emmax_simes	7	Chr1	10110247	10220383	11	FALSE	TRUE
nobgs_V0.5_c1_rep6_env6	emmax_simes	7	Chr1	10674479	10728487	7	FALSE	TRUE
nobgs_V0.5_c1_rep6_env6	emmax_simes	9	Chr1	10110247	10220383	11	FALSE	TRUE
nobgs_V0.5_c1_rep7_env1	emmax_simes	10	Chr1	14364977	14566476	13	FALSE	FALSE
nobgs_V0.5_c1_rep7_env1	emmax_simes	10	Chr1	14600362	15030263	29	TRUE	FALSE
nobgs_V0.5_c1_rep7_env1	emmax_simes	10	Chr1	15985824	16202558	13	FALSE	TRUE
nobgs_V0.5_c1_rep7_env1	emmax_simes	10	Chr1	15991632	16058523	10	FALSE	FALSE
nobgs_V0.5_c1_rep7_env1	emmax_simes	10	Chr1	17151240	17258157	10	FALSE	FALSE
nobgs_V0.5_c1_rep7_env1	emmax_simes	10	Chr1	21247758	21390112	11	TRUE	TRUE
nobgs_V0.5_c1_rep7_env1	emmax_simes	10	Chr2	12939499	13412454	19	FALSE	FALSE
nobgs_V0.5_c1_rep7_env1	emmax_simes	13	Chr1	14364977	14566476	13	FALSE	FALSE
nobgs_V0.5_c1_rep7_env1	emmax_simes	13	Chr1	14600362	15030263	29	TRUE	FALSE
nobgs_V0.5_c1_rep7_env1	emmax_simes	13	Chr1	15985824	16202558	13	FALSE	TRUE
nobgs_V0.5_c1_rep7_env1	emmax_simes	13	Chr2	12939499	13412454	19	FALSE	FALSE
nobgs_V0.5_c1_rep7_env1	emmax_simes	18	Chr1	14600362	15030263	29	TRUE	FALSE
nobgs_V0.5_c1_rep7_env1	emmax_simes	18	Chr2	12939499	13412454	19	FALSE	FALSE
nobgs_V0.5_c1_rep7_env2	emmax_simes	10	Chr1	6408180	6563281	22	TRUE	TRUE
nobgs_V0.5_c1_rep7_env2	emmax_simes	12	Chr1	6496034	6563281	12	TRUE	TRUE
nobgs_V0.5_c1_rep7_env3	emmax_simes	11	Chr1	17264895	18262641	90	TRUE	FALSE
nobgs_V0.5_c1_rep7_env3	emmax_simes	13	Chr1	17264895	18165763	78	TRUE	FALSE
nobgs_V0.5_c1_rep7_env3	emmax_simes	18	Chr1	17264895	18165763	78	TRUE	FALSE
nobgs_V0.5_c1_rep7_env6	emmax_simes	11	Chr1	6454825	6536854	17	TRUE	TRUE
nobgs_V0.5_c1_rep7_env6	emmax_simes	13	Chr1	6454825	6536854	17	TRUE	TRUE
nobgs_V0.5_c1_rep7_env8	emmax_simes	11	Chr1	16968603	17090566	11	FALSE	TRUE
nobgs_V0.5_c1_rep7_env8	emmax_simes	11	Chr1	17496021	17728403	15	FALSE	TRUE
nobgs_V0.5_c1_rep7_env8	emmax_simes	11	Chr1	17923740	18034426	14	TRUE	TRUE
nobgs_V0.5_c1_rep7_env8	emmax_simes	11	Chr1	18184836	18557802	29	FALSE	TRUE
nobgs_V0.5_c1_rep7_env8	emmax_simes	11	Chr1	20045930	20168054	12	FALSE	FALSE
nobgs_V0.5_c1_rep7_env8	emmax_simes	13	Chr1	17496021	17728403	15	FALSE	TRUE
nobgs_V0.5_c1_rep7_env8	emmax_simes	13	Chr1	17923740	18034426	14	TRUE	TRUE
nobgs_V0.5_c1_rep7_env8	emmax_simes	13	Chr1	18184836	18557802	18	FALSE	TRUE
nobgs_V0.5_c1_rep7_env10	emmax_simes	10	Chr1	14407239	16089224	164	TRUE	TRUE
nobgs_V0.5_c1_rep7_env10	emmax_simes	12	Chr1	14407239	15925286	153	TRUE	TRUE
nobgs_V0.5_c1_rep7_env10	emmax_simes	19	Chr1	14407239	15925286	153	TRUE	TRUE
nobgs_V0.5_c1_rep8_env1	emmax_simes	8	Chr1	12347017	12791923	42	TRUE	FALSE
nobgs_V0.5_c1_rep8_env1	emmax_simes	10	Chr1	12347017	12791923	42	TRUE	FALSE
nobgs_V0.5_c1_rep8_env1	emmax_simes	13	Chr1	12399584	12791923	30	TRUE	FALSE
nobgs_V0.5_c1_rep8_env2	emmax_simes	8	Chr1	9705998	10019705	17	TRUE	TRUE
nobgs_V0.5_c1_rep8_env2	emmax_simes	10	Chr1	9705998	10019705	17	TRUE	TRUE
nobgs_V0.5_c1_rep8_env2	emmax_simes	10	Chr1	11520978	11585766	13	FALSE	FALSE
nobgs_V0.5_c1_rep8_env2	emmax_simes	15	Chr1	9705998	10019705	17	TRUE	TRUE
nobgs_V0.5_c1_rep8_env3	emmax_simes	8	Chr1	11452329	11733771	34	TRUE	TRUE
nobgs_V0.5_c1_rep8_env3	emmax_simes	8	Chr1	11842395	11901374	11	FALSE	FALSE
nobgs_V0.5_c1_rep8_env3	emmax_simes	8	Chr1	12708597	12806113	11	TRUE	FALSE
nobgs_V0.5_c1_rep8_env3	emmax_simes	9	Chr1	11452329	11733771	34	TRUE	TRUE
nobgs_V0.5_c1_rep8_env3	emmax_simes	9	Chr1	11842395	11901374	11	FALSE	FALSE
nobgs_V0.5_c1_rep8_env3	emmax_simes	9	Chr1	12708597	12806113	11	TRUE	FALSE
nobgs_V0.5_c1_rep8_env3	emmax_simes	12	Chr1	11452329	11733771	24	TRUE	TRUE
nobgs_V0.5_c1_rep8_env3	emmax_simes	12	Chr1	19119429	19168743	16	TRUE	FALSE
nobgs_V0.5_c1_rep8_env4	emmax_simes	7	Chr1	60009	497029	12	TRUE	FALSE
nobgs_V0.5_c1_rep8_env4	emmax_simes	7	Chr1	19083101	19242809	39	TRUE	TRUE
nobgs_V0.5_c1_rep8_env4	emmax_simes	8	Chr1	60009	497029	12	TRUE	FALSE
nobgs_V0.5_c1_rep8_env4	emmax_simes	8	Chr1	19083101	19159751	25	TRUE	FALSE
nobgs_V0.5_c1_rep8_env4	emmax_simes	13	Chr1	19126257	19159751	16	TRUE	FALSE
nobgs_V0.5_c1_rep8_env6	emmax_simes	8	Chr1	19162770	19212959	10	TRUE	TRUE
nobgs_V0.5_c1_rep8_env6	emmax_simes	9	Chr1	19162770	19212959	10	TRUE	TRUE
nobgs_V0.5_c1_rep8_env9	emmax_simes	8	Chr1	12160596	12848943	67	TRUE	TRUE
nobgs_V0.5_c1_rep8_env9	emmax_simes	10	Chr1	12160596	12848943	67	TRUE	TRUE
nobgs_V0.5_c1_rep8_env9	emmax_simes	14	Chr1	12241072	12848943	56	TRUE	TRUE
nobgs_V0.5_c1_rep8_env10	emmax_simes	8	Chr1	9867878	9960232	9	TRUE	TRUE
nobgs_V0.5_c1_rep8_env10	emmax_simes	9	Chr1	9867878	9960232	9	TRUE	TRUE
nobgs_V0.5_c1_rep9_env3	emmax_simes	8	Chr1	3443874	3502116	18	FALSE	FALSE
nobgs_V0.5_c1_rep9_env3	emmax_simes	8	Chr1	15816458	16494901	27	TRUE	TRUE
nobgs_V0.5_c1_rep9_env3	emmax_simes	10	Chr1	3443874	3502116	18	FALSE	FALSE
nobgs_V0.5_c1_rep9_env3	emmax_simes	10	Chr1	15816458	16494901	27	TRUE	TRUE
nobgs_V0.5_c1_rep9_env3	emmax_simes	14	Chr1	3443874	3502116	18	FALSE	FALSE
nobgs_V0.5_c1_rep9_env3	emmax_simes	14	Chr1	15816458	16494901	17	TRUE	TRUE
nobgs_V0.5_c1_rep9_env7	emmax_simes	8	Chr2	19779317	19815577	9	FALSE	FALSE
nobgs_V0.5_c1_rep9_env7	emmax_simes	9	Chr2	19779317	19815577	9	FALSE	FALSE
nobgs_V0.5_c1_rep10_env2	emmax_simes	8	Chr1	8903585	8963526	14	TRUE	TRUE
nobgs_V0.5_c1_rep10_env2	emmax_simes	8	Chr1	11072699	11135066	10	FALSE	FALSE
nobgs_V0.5_c1_rep10_env2	emmax_simes	8	Chr2	6441733	6468902	9	FALSE	FALSE
nobgs_V0.5_c1_rep10_env2	emmax_simes	10	Chr1	8903585	8963526	14	TRUE	TRUE
nobgs_V0.5_c1_rep10_env2	emmax_simes	10	Chr1	11072699	11135066	10	FALSE	FALSE
nobgs_V0.5_c1_rep10_env3	emmax_simes	8	Chr1	967111	1052276	9	TRUE	TRUE
nobgs_V0.5_c1_rep10_env3	emmax_simes	8	Chr1	8922490	8966068	11	TRUE	TRUE
nobgs_V0.5_c1_rep10_env3	emmax_simes	10	Chr1	8922490	8966068	11	TRUE	TRUE
nobgs_V0.5_c1_rep10_env5	emmax_simes	9	Chr1	4325095	4687009	15	TRUE	TRUE
nobgs_V0.5_c1_rep10_env5	emmax_simes	11	Chr1	4325095	4687009	15	TRUE	TRUE
nobgs_V0.5_c1_rep10_env6	emmax_simes	8	Chr1	11735557	11763075	9	TRUE	TRUE
nobgs_V0.5_c1_rep10_env6	emmax_simes	9	Chr1	11735557	11763075	9	TRUE	TRUE
nobgs_V0.5_c1_rep10_env7	emmax_simes	10	Chr1	6055309	6126908	17	TRUE	FALSE
nobgs_V0.5_c1_rep10_env7	emmax_simes	17	Chr1	6055309	6126908	17	TRUE	FALSE
nobgs_V0.5_c1_rep10_env8	emmax_simes	8	Chr1	2819187	2855125	8	TRUE	TRUE
nobgs_V1_c1_rep1_env1	emmax_simes	8	Chr1	7295	339256	118	TRUE	FALSE
nobgs_V1_c1_rep1_env1	emmax_simes	9	Chr1	7295	339256	118	TRUE	FALSE
nobgs_V1_c1_rep1_env1	emmax_simes	14	Chr1	7295	339256	118	TRUE	FALSE
nobgs_V1_c1_rep1_env2	emmax_simes	8	Chr2	11931073	12079879	12	FALSE	FALSE
nobgs_V1_c1_rep1_env2	emmax_simes	9	Chr2	11931073	12079879	12	FALSE	FALSE
nobgs_V1_c1_rep1_env5	emmax_simes	9	Chr1	11920375	12469234	56	TRUE	TRUE
nobgs_V1_c1_rep1_env5	emmax_simes	11	Chr1	11920375	12469234	68	TRUE	TRUE
nobgs_V1_c1_rep1_env5	emmax_simes	19	Chr1	11920375	12469234	56	TRUE	TRUE
nobgs_V1_c1_rep1_env5	emmax_simes	19	Chr1	12269385	12523041	20	FALSE	FALSE
nobgs_V1_c1_rep1_env6	emmax_simes	8	Chr1	13383114	13559722	8	FALSE	FALSE
nobgs_V1_c1_rep1_env6	emmax_simes	8	Chr1	15917669	15984892	11	FALSE	TRUE
nobgs_V1_c1_rep1_env6	emmax_simes	10	Chr1	15917669	15984892	11	FALSE	TRUE
nobgs_V1_c1_rep2_env1	emmax_simes	11	Chr1	7597926	7839458	43	TRUE	TRUE
nobgs_V1_c1_rep2_env1	emmax_simes	13	Chr1	7638049	7839458	31	TRUE	TRUE
nobgs_V1_c1_rep2_env4	emmax_simes	10	Chr1	15419052	15495811	16	TRUE	FALSE
nobgs_V1_c1_rep2_env4	emmax_simes	13	Chr1	15419052	15495811	16	TRUE	FALSE
nobgs_V1_c1_rep2_env9	emmax_simes	10	Chr1	11802301	11845118	11	FALSE	FALSE
nobgs_V1_c1_rep2_env10	emmax_simes	10	Chr1	16654913	16983935	19	TRUE	TRUE
nobgs_V1_c1_rep2_env10	emmax_simes	12	Chr1	16654913	16983935	19	TRUE	TRUE
nobgs_V1_c1_rep2_env10	emmax_simes	18	Chr1	16654913	16983935	19	TRUE	TRUE
nobgs_V1_c1_rep3_env2	emmax_simes	7	Chr1	3575355	3702430	23	TRUE	TRUE
nobgs_V1_c1_rep3_env2	emmax_simes	9	Chr1	20060	422150	22	FALSE	FALSE
nobgs_V1_c1_rep3_env2	emmax_simes	9	Chr1	3018990	3062170	12	FALSE	FALSE
nobgs_V1_c1_rep3_env2	emmax_simes	9	Chr1	3246519	3311329	15	FALSE	FALSE
nobgs_V1_c1_rep3_env2	emmax_simes	9	Chr1	3360360	3702430	72	TRUE	TRUE
nobgs_V1_c1_rep3_env2	emmax_simes	9	Chr1	3716125	3775731	17	TRUE	FALSE
nobgs_V1_c1_rep3_env2	emmax_simes	9	Chr1	5471982	5519781	12	FALSE	FALSE
nobgs_V1_c1_rep3_env2	emmax_simes	15	Chr1	20060	422150	22	FALSE	FALSE
nobgs_V1_c1_rep3_env2	emmax_simes	15	Chr1	3246519	3775731	93	TRUE	TRUE
nobgs_V1_c1_rep3_env5	emmax_simes	8	Chr1	10937776	10989694	10	TRUE	FALSE
nobgs_V1_c1_rep3_env5	emmax_simes	9	Chr1	10937776	10989694	10	TRUE	FALSE
nobgs_V1_c1_rep3_env7	emmax_simes	7	Chr1	10961243	11041530	19	TRUE	TRUE
nobgs_V1_c1_rep3_env7	emmax_simes	9	Chr1	10961243	11041530	19	TRUE	TRUE
nobgs_V1_c1_rep3_env8	emmax_simes	7	Chr1	11812755	11831041	7	TRUE	FALSE
nobgs_V1_c1_rep3_env8	emmax_simes	7	Chr1	11918139	11941670	7	TRUE	TRUE
nobgs_V1_c1_rep4_env1	emmax_simes	13	Chr1	19255136	19273189	13	FALSE	FALSE
nobgs_V1_c1_rep4_env1	emmax_simes	13	Chr1	19283346	19826773	124	TRUE	TRUE
nobgs_V1_c1_rep4_env1	emmax_simes	16	Chr1	19283346	19826773	124	TRUE	TRUE
nobgs_V1_c1_rep4_env1	emmax_simes	25	Chr1	19283346	19826773	83	TRUE	TRUE
nobgs_V1_c1_rep4_env3	emmax_simes	11	Chr1	11164245	11296976	18	TRUE	TRUE
nobgs_V1_c1_rep4_env3	emmax_simes	14	Chr1	11164245	11296976	18	TRUE	TRUE
nobgs_V1_c1_rep4_env4	emmax_simes	12	Chr1	19265158	19814018	106	TRUE	TRUE
nobgs_V1_c1_rep4_env4	emmax_simes	12	Chr1	19291950	19378028	15	TRUE	TRUE
nobgs_V1_c1_rep4_env4	emmax_simes	16	Chr1	19265158	19814018	106	TRUE	TRUE
nobgs_V1_c1_rep4_env4	emmax_simes	26	Chr1	19265158	19736061	90	TRUE	TRUE
nobgs_V1_c1_rep4_env5	emmax_simes	12	Chr1	24411704	25477430	99	TRUE	TRUE
nobgs_V1_c1_rep4_env5	emmax_simes	12	Chr1	25483220	25682888	16	FALSE	TRUE
nobgs_V1_c1_rep4_env5	emmax_simes	15	Chr1	24411704	25477430	99	TRUE	TRUE
nobgs_V1_c1_rep4_env5	emmax_simes	15	Chr1	25483220	25682888	16	FALSE	TRUE
nobgs_V1_c1_rep4_env5	emmax_simes	25	Chr1	22956870	23715456	79	FALSE	FALSE
nobgs_V1_c1_rep4_env5	emmax_simes	25	Chr1	24411704	25477430	78	TRUE	TRUE
nobgs_V1_c1_rep4_env6	emmax_simes	12	Chr1	16640305	16739297	19	FALSE	TRUE
nobgs_V1_c1_rep4_env6	emmax_simes	12	Chr1	16869871	17441317	50	TRUE	TRUE
nobgs_V1_c1_rep4_env6	emmax_simes	15	Chr1	16640305	16739297	19	FALSE	TRUE
nobgs_V1_c1_rep4_env6	emmax_simes	15	Chr1	16869871	17441317	37	TRUE	TRUE
nobgs_V1_c1_rep4_env7	emmax_simes	13	Chr1	19283346	19892357	110	TRUE	TRUE
nobgs_V1_c1_rep4_env7	emmax_simes	15	Chr1	19283346	19892357	110	TRUE	TRUE
nobgs_V1_c1_rep4_env7	emmax_simes	25	Chr1	19356951	19728732	75	TRUE	TRUE
nobgs_V1_c1_rep5_env1	emmax_simes	8	Chr1	6944074	7004924	9	FALSE	FALSE
nobgs_V1_c1_rep5_env3	emmax_simes	9	Chr1	6478058	7050390	115	TRUE	TRUE
nobgs_V1_c1_rep5_env3	emmax_simes	9	Chr2	6780234	7248481	59	FALSE	TRUE
nobgs_V1_c1_rep5_env3	emmax_simes	12	Chr1	6478058	7050390	115	TRUE	TRUE
nobgs_V1_c1_rep5_env3	emmax_simes	12	Chr2	6780234	7248481	50	FALSE	TRUE
nobgs_V1_c1_rep5_env3	emmax_simes	32	Chr2	7011026	7248481	33	FALSE	FALSE
nobgs_V1_c1_rep5_env5	emmax_simes	8	Chr1	4334437	4451935	36	TRUE	TRUE
nobgs_V1_c1_rep5_env5	emmax_simes	9	Chr1	4334437	4451935	36	TRUE	TRUE
nobgs_V1_c1_rep5_env5	emmax_simes	14	Chr1	4392326	4451935	27	TRUE	TRUE
nobgs_V1_c1_rep5_env6	emmax_simes	8	Chr1	6374693	6448154	8	FALSE	FALSE
nobgs_V1_c1_rep5_env6	emmax_simes	8	Chr1	6560166	6583028	12	FALSE	TRUE
nobgs_V1_c1_rep5_env6	emmax_simes	8	Chr1	6595094	7384661	143	TRUE	TRUE
nobgs_V1_c1_rep5_env6	emmax_simes	8	Chr1	6776025	6851103	8	TRUE	TRUE
nobgs_V1_c1_rep5_env6	emmax_simes	8	Chr1	6966282	7307473	72	TRUE	TRUE
nobgs_V1_c1_rep5_env6	emmax_simes	8	Chr1	7410551	7441030	10	TRUE	TRUE
nobgs_V1_c1_rep5_env6	emmax_simes	13	Chr1	6658725	7384661	206	TRUE	TRUE
nobgs_V1_c1_rep5_env6	emmax_simes	29	Chr1	6739267	7384661	160	TRUE	TRUE
nobgs_V1_c1_rep5_env8	emmax_simes	14	Chr1	1560	506640	188	TRUE	FALSE
nobgs_V1_c1_rep6_env5	emmax_simes	14	Chr1	2893100	2927651	15	TRUE	FALSE
nobgs_V1_c1_rep6_env6	emmax_simes	8	Chr1	4716098	4852261	13	TRUE	TRUE
nobgs_V1_c1_rep6_env6	emmax_simes	9	Chr1	4716098	4852261	13	TRUE	TRUE
nobgs_V1_c1_rep6_env10	emmax_simes	7	Chr1	10297681	10339769	7	TRUE	FALSE
nobgs_V1_c1_rep6_env10	emmax_simes	7	Chr1	10352475	10444918	18	TRUE	TRUE
nobgs_V1_c1_rep6_env10	emmax_simes	8	Chr1	10352475	10444918	18	TRUE	TRUE
nobgs_V1_c1_rep6_env10	emmax_simes	12	Chr1	10352475	10444918	18	TRUE	TRUE
nobgs_V1_c1_rep7_env1	emmax_simes	11	Chr1	21771221	21843643	11	FALSE	FALSE
nobgs_V1_c1_rep7_env3	emmax_simes	11	Chr1	15187196	15965759	110	TRUE	TRUE
nobgs_V1_c1_rep7_env3	emmax_simes	11	Chr1	16033128	16104365	16	FALSE	TRUE
nobgs_V1_c1_rep7_env3	emmax_simes	11	Chr1	17271523	17488621	13	FALSE	FALSE
nobgs_V1_c1_rep7_env3	emmax_simes	11	Chr1	20904467	21123904	11	FALSE	TRUE
nobgs_V1_c1_rep7_env3	emmax_simes	13	Chr1	15187196	15965759	110	TRUE	TRUE
nobgs_V1_c1_rep7_env3	emmax_simes	13	Chr1	16033128	16104365	16	FALSE	TRUE
nobgs_V1_c1_rep7_env3	emmax_simes	13	Chr1	17271523	17488621	13	FALSE	FALSE
nobgs_V1_c1_rep7_env3	emmax_simes	23	Chr1	15324741	15965759	93	TRUE	TRUE
nobgs_V1_c1_rep7_env4	emmax_simes	10	Chr1	22580630	22677762	17	TRUE	TRUE
nobgs_V1_c1_rep7_env4	emmax_simes	12	Chr1	22580630	22677762	17	TRUE	TRUE
nobgs_V1_c1_rep7_env4	emmax_simes	17	Chr1	22580630	22677762	17	TRUE	TRUE
nobgs_V1_c1_rep7_env6	emmax_simes	11	Chr1	8959990	9742289	76	TRUE	TRUE
nobgs_V1_c1_rep7_env6	emmax_simes	11	Chr1	9189206	9313936	11	FALSE	FALSE
nobgs_V1_c1_rep7_env6	emmax_simes	11	Chr1	14915213	15897148	123	TRUE	TRUE
nobgs_V1_c1_rep7_env6	emmax_simes	11	Chr1	19405010	19641381	13	FALSE	FALSE
nobgs_V1_c1_rep7_env6	emmax_simes	15	Chr1	9294298	9742289	63	TRUE	TRUE
nobgs_V1_c1_rep7_env6	emmax_simes	15	Chr1	15041827	15897148	109	TRUE	TRUE
nobgs_V1_c1_rep7_env6	emmax_simes	22	Chr1	9294298	9566153	27	TRUE	TRUE
nobgs_V1_c1_rep7_env6	emmax_simes	22	Chr1	15041827	15378131	37	FALSE	TRUE
nobgs_V1_c1_rep7_env6	emmax_simes	22	Chr1	15496223	15897148	56	TRUE	TRUE
nobgs_V1_c1_rep7_env8	emmax_simes	10	Chr1	15161711	15432367	29	FALSE	FALSE
nobgs_V1_c1_rep7_env8	emmax_simes	10	Chr1	15454406	15830044	54	TRUE	FALSE
nobgs_V1_c1_rep7_env8	emmax_simes	12	Chr1	15161711	15432367	29	FALSE	FALSE
nobgs_V1_c1_rep7_env8	emmax_simes	12	Chr1	15454406	15830044	54	TRUE	FALSE
nobgs_V1_c1_rep7_env8	emmax_simes	18	Chr1	15161711	15432367	29	FALSE	FALSE
nobgs_V1_c1_rep7_env8	emmax_simes	18	Chr1	15454406	15830044	54	TRUE	FALSE
nobgs_V1_c1_rep8_env1	emmax_simes	7	Chr1	11075806	12616990	170	TRUE	TRUE
nobgs_V1_c1_rep8_env1	emmax_simes	7	Chr1	11122192	11290458	16	TRUE	FALSE
nobgs_V1_c1_rep8_env1	emmax_simes	7	Chr1	12034645	12194309	28	FALSE	TRUE
nobgs_V1_c1_rep8_env1	emmax_simes	7	Chr1	12659971	12738434	9	FALSE	FALSE
nobgs_V1_c1_rep8_env1	emmax_simes	8	Chr1	11075806	12616990	163	TRUE	TRUE
nobgs_V1_c1_rep8_env1	emmax_simes	8	Chr1	11122192	11167712	9	TRUE	FALSE
nobgs_V1_c1_rep8_env1	emmax_simes	8	Chr1	12034645	12194309	28	FALSE	TRUE
nobgs_V1_c1_rep8_env1	emmax_simes	8	Chr1	12659971	12738434	9	FALSE	FALSE
nobgs_V1_c1_rep8_env1	emmax_simes	16	Chr1	11075806	12616990	151	TRUE	TRUE
nobgs_V1_c1_rep8_env2	emmax_simes	9	Chr1	4597073	4611567	9	TRUE	FALSE
nobgs_V1_c1_rep8_env2	emmax_simes	15	Chr1	4503269	4578136	19	TRUE	FALSE
nobgs_V1_c1_rep8_env2	emmax_simes	15	Chr1	11888790	12017069	23	FALSE	FALSE
nobgs_V1_c1_rep8_env3	emmax_simes	7	Chr1	11040463	12585097	195	TRUE	TRUE
nobgs_V1_c1_rep8_env3	emmax_simes	7	Chr1	12588831	12738434	12	TRUE	TRUE
nobgs_V1_c1_rep8_env3	emmax_simes	8	Chr1	11040463	12585097	188	TRUE	TRUE
nobgs_V1_c1_rep8_env3	emmax_simes	8	Chr1	12588831	12738434	12	TRUE	TRUE
nobgs_V1_c1_rep8_env3	emmax_simes	14	Chr1	11040463	12585097	180	TRUE	TRUE
nobgs_V1_c1_rep8_env4	emmax_simes	12	Chr1	1409036	1442839	12	TRUE	FALSE
nobgs_V1_c1_rep8_env6	emmax_simes	7	Chr1	1105713	1151279	10	TRUE	FALSE
nobgs_V1_c1_rep8_env6	emmax_simes	9	Chr1	1105713	1151279	10	TRUE	FALSE
nobgs_V1_c1_rep8_env7	emmax_simes	8	Chr1	11516520	11714153	11	FALSE	FALSE
nobgs_V1_c1_rep8_env7	emmax_simes	8	Chr1	11969012	12716990	51	TRUE	TRUE
nobgs_V1_c1_rep8_env7	emmax_simes	9	Chr1	11516520	11714153	11	FALSE	FALSE
nobgs_V1_c1_rep8_env7	emmax_simes	9	Chr1	11969012	12716990	51	TRUE	TRUE
nobgs_V1_c1_rep8_env7	emmax_simes	13	Chr1	11969012	12541485	41	TRUE	TRUE
nobgs_V1_c1_rep8_env10	emmax_simes	7	Chr1	19168743	19201253	8	TRUE	FALSE
nobgs_V1_c1_rep8_env10	emmax_simes	8	Chr1	19168743	19201253	8	TRUE	FALSE
nobgs_V1_c1_rep9_env1	emmax_simes	7	Chr1	15670692	15724614	8	TRUE	FALSE
nobgs_V1_c1_rep9_env1	emmax_simes	7	Chr1	15826480	15854297	12	TRUE	FALSE
nobgs_V1_c1_rep9_env1	emmax_simes	9	Chr1	3321487	3389213	10	FALSE	FALSE
nobgs_V1_c1_rep9_env1	emmax_simes	9	Chr1	15826480	15854297	12	TRUE	FALSE
nobgs_V1_c1_rep9_env1	emmax_simes	12	Chr1	15826480	15854297	12	TRUE	FALSE
nobgs_V1_c1_rep9_env3	emmax_simes	8	Chr1	15952871	16009881	11	FALSE	TRUE
nobgs_V1_c1_rep9_env3	emmax_simes	8	Chr1	16123442	16301694	28	TRUE	TRUE
nobgs_V1_c1_rep9_env3	emmax_simes	8	Chr1	16314960	16339294	8	FALSE	FALSE
nobgs_V1_c1_rep9_env3	emmax_simes	9	Chr1	15952871	16009881	11	FALSE	TRUE
nobgs_V1_c1_rep9_env3	emmax_simes	9	Chr1	16123442	16301694	28	TRUE	TRUE
nobgs_V1_c1_rep9_env3	emmax_simes	14	Chr1	16220097	16301694	15	TRUE	TRUE
nobgs_V1_c1_rep9_env6	emmax_simes	8	Chr1	4160279	4229548	9	FALSE	FALSE
nobgs_V1_c1_rep9_env6	emmax_simes	8	Chr1	15811755	15854297	12	TRUE	FALSE
nobgs_V1_c1_rep9_env6	emmax_simes	8	Chr1	15947634	16053684	17	FALSE	FALSE
nobgs_V1_c1_rep9_env6	emmax_simes	8	Chr1	16233754	16306544	10	FALSE	FALSE
nobgs_V1_c1_rep9_env6	emmax_simes	9	Chr1	4160279	4229548	9	FALSE	FALSE
nobgs_V1_c1_rep9_env6	emmax_simes	9	Chr1	15811755	15854297	12	TRUE	FALSE
nobgs_V1_c1_rep9_env6	emmax_simes	9	Chr1	15947634	16053684	17	FALSE	FALSE
nobgs_V1_c1_rep9_env6	emmax_simes	9	Chr1	16233754	16306544	10	FALSE	FALSE
nobgs_V1_c1_rep9_env6	emmax_simes	13	Chr1	15947634	16053684	17	FALSE	FALSE
nobgs_V1_c1_rep9_env10	emmax_simes	7	Chr1	11480501	11737525	17	TRUE	TRUE
nobgs_V1_c1_rep9_env10	emmax_simes	7	Chr1	11925480	12007393	13	FALSE	FALSE
nobgs_V1_c1_rep9_env10	emmax_simes	9	Chr1	11480501	11737525	17	TRUE	TRUE
nobgs_V1_c1_rep9_env10	emmax_simes	9	Chr1	11925480	12007393	13	FALSE	FALSE
nobgs_V1_c1_rep9_env10	emmax_simes	13	Chr1	11480501	11737525	17	TRUE	TRUE
nobgs_V1_c1_rep9_env10	emmax_simes	13	Chr1	11925480	12007393	13	FALSE	FALSE
nobgs_V1_c1_rep10_env2	emmax_simes	8	Chr1	5924710	6124870	51	TRUE	TRUE
nobgs_V1_c1_rep10_env2	emmax_simes	9	Chr1	5924710	6124870	51	TRUE	TRUE
nobgs_V1_c1_rep10_env2	emmax_simes	14	Chr1	5965250	6124870	38	TRUE	TRUE
nobgs_V1_c1_rep10_env10	emmax_simes	8	Chr1	8474987	8503753	11	TRUE	FALSE
nobgs_V1_c1_rep10_env10	emmax_simes	10	Chr1	8474987	8503753	11	TRUE	FALSE
nobgs_V2_c1_rep1_env2	emmax_simes	8	Chr1	15480720	15647964	36	TRUE	TRUE
nobgs_V2_c1_rep1_env2	emmax_simes	10	Chr1	15480720	15647964	36	TRUE	TRUE
nobgs_V2_c1_rep1_env2	emmax_simes	17	Chr1	15583826	15647964	20	TRUE	FALSE
nobgs_V2_c1_rep1_env3	emmax_simes	8	Chr1	617	261838	50	TRUE	TRUE
nobgs_V2_c1_rep1_env3	emmax_simes	9	Chr1	617	261838	50	TRUE	TRUE
nobgs_V2_c1_rep1_env3	emmax_simes	14	Chr1	617	261838	50	TRUE	TRUE
nobgs_V2_c1_rep1_env4	emmax_simes	8	Chr1	32647	317659	56	TRUE	TRUE
nobgs_V2_c1_rep1_env4	emmax_simes	10	Chr1	32647	317659	56	TRUE	TRUE
nobgs_V2_c1_rep1_env4	emmax_simes	14	Chr1	32647	269338	34	TRUE	TRUE
nobgs_V2_c1_rep1_env6	emmax_simes	9	Chr1	11935921	12057090	15	FALSE	FALSE
nobgs_V2_c1_rep1_env6	emmax_simes	9	Chr1	15538369	15625528	10	TRUE	FALSE
nobgs_V2_c1_rep1_env6	emmax_simes	11	Chr1	11935921	12057090	15	FALSE	FALSE
nobgs_V2_c1_rep2_env1	emmax_simes	11	Chr1	14697016	14797021	12	FALSE	FALSE
nobgs_V2_c1_rep2_env1	emmax_simes	11	Chr1	14971146	15129605	12	FALSE	FALSE
nobgs_V2_c1_rep2_env1	emmax_simes	20	Chr1	14650006	14967080	34	FALSE	FALSE
nobgs_V2_c1_rep2_env1	emmax_simes	20	Chr1	14857478	15126612	28	FALSE	FALSE
nobgs_V2_c1_rep2_env2	emmax_simes	12	Chr1	10610995	10750509	14	TRUE	TRUE
nobgs_V2_c1_rep2_env2	emmax_simes	12	Chr1	10934731	11125170	18	FALSE	FALSE
nobgs_V2_c1_rep2_env2	emmax_simes	15	Chr1	10934731	11125170	18	FALSE	FALSE
nobgs_V2_c1_rep2_env3	emmax_simes	12	Chr1	10774663	10961982	22	TRUE	TRUE
nobgs_V2_c1_rep2_env3	emmax_simes	14	Chr1	10774663	10961982	22	TRUE	TRUE
nobgs_V2_c1_rep2_env4	emmax_simes	11	Chr1	15553807	15698609	14	TRUE	TRUE
nobgs_V2_c1_rep2_env4	emmax_simes	11	Chr1	22670112	22824994	11	FALSE	TRUE
nobgs_V2_c1_rep2_env6	emmax_simes	10	Chr1	11381574	11498635	14	TRUE	FALSE
nobgs_V2_c1_rep2_env6	emmax_simes	14	Chr1	11381574	11498635	14	TRUE	FALSE
nobgs_V2_c1_rep3_env1	emmax_simes	8	Chr1	2363454	2400813	10	TRUE	FALSE
nobgs_V2_c1_rep3_env1	emmax_simes	8	Chr2	10011	457065	24	FALSE	FALSE
nobgs_V2_c1_rep3_env1	emmax_simes	9	Chr1	2363454	2400813	10	TRUE	FALSE
nobgs_V2_c1_rep3_env1	emmax_simes	9	Chr2	10011	457065	24	FALSE	FALSE
nobgs_V2_c1_rep3_env1	emmax_simes	14	Chr2	10011	457065	24	FALSE	FALSE
nobgs_V2_c1_rep3_env2	emmax_simes	8	Chr1	5504790	5684716	24	TRUE	TRUE
nobgs_V2_c1_rep3_env2	emmax_simes	9	Chr1	5504790	5684716	24	TRUE	TRUE
nobgs_V2_c1_rep3_env2	emmax_simes	14	Chr1	5579299	5684716	15	TRUE	TRUE
nobgs_V2_c1_rep3_env7	emmax_simes	8	Chr1	2912609	3064299	16	TRUE	TRUE
nobgs_V2_c1_rep3_env8	emmax_simes	7	Chr1	10989694	11008257	8	TRUE	TRUE
nobgs_V2_c1_rep3_env10	emmax_simes	7	Chr2	3340285	3375232	7	FALSE	FALSE
nobgs_V2_c1_rep4_env1	emmax_simes	13	Chr1	19336918	19428771	13	TRUE	TRUE
nobgs_V2_c1_rep4_env8	emmax_simes	12	Chr1	24788140	25668337	75	TRUE	FALSE
nobgs_V2_c1_rep4_env8	emmax_simes	15	Chr1	24788140	25478159	62	TRUE	FALSE
nobgs_V2_c1_rep4_env8	emmax_simes	25	Chr1	24788140	26324502	94	TRUE	FALSE
nobgs_V2_c1_rep5_env1	emmax_simes	8	Chr1	16219	504170	108	TRUE	FALSE
nobgs_V2_c1_rep5_env1	emmax_simes	8	Chr1	1732319	1746329	9	FALSE	FALSE
nobgs_V2_c1_rep5_env1	emmax_simes	9	Chr1	16219	504170	108	TRUE	FALSE
nobgs_V2_c1_rep5_env1	emmax_simes	9	Chr1	1732319	1746329	9	FALSE	FALSE
nobgs_V2_c1_rep5_env1	emmax_simes	15	Chr1	16219	504170	108	TRUE	FALSE
nobgs_V2_c1_rep5_env2	emmax_simes	18	Chr1	3570	489560	74	TRUE	FALSE
nobgs_V2_c1_rep5_env4	emmax_simes	8	Chr1	552031	590681	13	TRUE	FALSE
nobgs_V2_c1_rep5_env4	emmax_simes	8	Chr1	623854	685390	33	TRUE	TRUE
nobgs_V2_c1_rep5_env4	emmax_simes	8	Chr1	747115	829929	17	TRUE	FALSE
nobgs_V2_c1_rep5_env4	emmax_simes	10	Chr1	552031	590681	13	TRUE	FALSE
nobgs_V2_c1_rep5_env4	emmax_simes	10	Chr1	623854	685390	33	TRUE	TRUE
nobgs_V2_c1_rep5_env4	emmax_simes	10	Chr1	747115	829929	17	TRUE	FALSE
nobgs_V2_c1_rep5_env10	emmax_simes	18	Chr1	16219	504170	81	TRUE	FALSE
nobgs_V2_c1_rep6_env1	emmax_simes	8	Chr1	47715	440647	19	FALSE	FALSE
nobgs_V2_c1_rep6_env1	emmax_simes	9	Chr1	47715	440647	19	FALSE	FALSE
nobgs_V2_c1_rep6_env1	emmax_simes	14	Chr1	19339	440250	52	FALSE	FALSE
nobgs_V2_c1_rep6_env1	emmax_simes	14	Chr1	47715	440647	19	FALSE	FALSE
nobgs_V2_c1_rep6_env2	emmax_simes	7	Chr1	10504492	10559094	14	TRUE	TRUE
nobgs_V2_c1_rep6_env2	emmax_simes	9	Chr1	10504492	10559094	14	TRUE	TRUE
nobgs_V2_c1_rep6_env5	emmax_simes	8	Chr1	11048165	11209697	23	TRUE	TRUE
nobgs_V2_c1_rep6_env5	emmax_simes	9	Chr1	11048165	11209697	23	TRUE	TRUE
nobgs_V2_c1_rep6_env6	emmax_simes	7	Chr1	10730319	10767602	7	TRUE	FALSE
nobgs_V2_c1_rep7_env1	emmax_simes	10	Chr1	15062542	15753050	61	TRUE	TRUE
nobgs_V2_c1_rep7_env1	emmax_simes	12	Chr1	15062542	15753050	61	TRUE	TRUE
nobgs_V2_c1_rep7_env1	emmax_simes	18	Chr1	14232565	14809170	52	FALSE	FALSE
nobgs_V2_c1_rep7_env1	emmax_simes	18	Chr1	15287808	15753050	47	TRUE	FALSE
nobgs_V2_c1_rep7_env2	emmax_simes	11	Chr1	16277207	16490960	13	FALSE	FALSE
nobgs_V2_c1_rep7_env3	emmax_simes	10	Chr1	14272449	15570404	133	TRUE	TRUE
nobgs_V2_c1_rep7_env3	emmax_simes	10	Chr1	14990877	15343172	26	FALSE	FALSE
nobgs_V2_c1_rep7_env3	emmax_simes	10	Chr1	15576963	15933207	48	TRUE	TRUE
nobgs_V2_c1_rep7_env3	emmax_simes	12	Chr1	14272449	15570404	133	TRUE	TRUE
nobgs_V2_c1_rep7_env3	emmax_simes	12	Chr1	14990877	15343172	26	FALSE	FALSE
nobgs_V2_c1_rep7_env3	emmax_simes	12	Chr1	15576963	15933207	38	TRUE	TRUE
nobgs_V2_c1_rep7_env3	emmax_simes	17	Chr1	14272449	14492770	23	FALSE	TRUE
nobgs_V2_c1_rep7_env3	emmax_simes	17	Chr1	14670523	15570404	95	TRUE	TRUE
nobgs_V2_c1_rep7_env3	emmax_simes	17	Chr1	15736685	15933207	24	FALSE	TRUE
nobgs_V2_c1_rep7_env5	emmax_simes	11	Chr1	21361996	21448421	11	TRUE	TRUE
nobgs_V2_c1_rep7_env7	emmax_simes	10	Chr1	15559234	15923219	66	TRUE	FALSE
nobgs_V2_c1_rep7_env7	emmax_simes	12	Chr1	15559234	15923219	66	TRUE	FALSE
nobgs_V2_c1_rep7_env7	emmax_simes	20	Chr1	15152660	15832586	106	TRUE	FALSE
nobgs_V2_c1_rep7_env8	emmax_simes	11	Chr1	15315040	15905371	92	TRUE	TRUE
nobgs_V2_c1_rep7_env8	emmax_simes	13	Chr1	14229065	14694489	29	FALSE	FALSE
nobgs_V2_c1_rep7_env8	emmax_simes	13	Chr1	15315040	15905371	92	TRUE	TRUE
nobgs_V2_c1_rep7_env8	emmax_simes	21	Chr1	14229065	14694489	29	FALSE	FALSE
nobgs_V2_c1_rep7_env8	emmax_simes	21	Chr1	15315040	15905371	92	TRUE	TRUE
nobgs_V2_c1_rep7_env10	emmax_simes	10	Chr1	15183480	15841651	56	TRUE	FALSE
nobgs_V2_c1_rep7_env10	emmax_simes	13	Chr1	14481873	14891710	23	FALSE	FALSE
nobgs_V2_c1_rep7_env10	emmax_simes	13	Chr1	15183480	15841651	56	TRUE	FALSE
nobgs_V2_c1_rep7_env10	emmax_simes	19	Chr1	14481873	14891710	23	FALSE	FALSE
nobgs_V2_c1_rep7_env10	emmax_simes	19	Chr1	15183480	15841651	56	TRUE	FALSE
nobgs_V2_c1_rep8_env1	emmax_simes	7	Chr1	4477969	4535776	19	TRUE	TRUE
nobgs_V2_c1_rep8_env1	emmax_simes	7	Chr1	4875793	4905652	7	FALSE	FALSE
nobgs_V2_c1_rep8_env1	emmax_simes	11	Chr1	4497459	4535776	12	TRUE	FALSE
nobgs_V2_c1_rep8_env2	emmax_simes	7	Chr1	3644	406006	16	FALSE	FALSE
nobgs_V2_c1_rep8_env2	emmax_simes	7	Chr1	19049616	19065795	7	TRUE	TRUE
nobgs_V2_c1_rep8_env2	emmax_simes	8	Chr1	3644	406006	16	FALSE	FALSE
nobgs_V2_c1_rep8_env2	emmax_simes	11	Chr1	3644	406006	16	FALSE	FALSE
nobgs_V2_c1_rep8_env3	emmax_simes	14	Chr1	11357499	11432791	15	FALSE	FALSE
nobgs_V2_c1_rep8_env5	emmax_simes	7	Chr1	11624880	11979598	48	TRUE	TRUE
nobgs_V2_c1_rep8_env5	emmax_simes	7	Chr1	11756262	11786594	9	TRUE	FALSE
nobgs_V2_c1_rep8_env5	emmax_simes	9	Chr1	11481342	11979598	75	TRUE	TRUE
nobgs_V2_c1_rep8_env5	emmax_simes	9	Chr1	11756262	11786594	9	TRUE	FALSE
nobgs_V2_c1_rep8_env5	emmax_simes	9	Chr1	11804519	11908952	15	TRUE	FALSE
nobgs_V2_c1_rep8_env5	emmax_simes	16	Chr1	11481342	11730381	46	FALSE	TRUE
nobgs_V2_c1_rep8_env7	emmax_simes	8	Chr1	4498889	4579411	20	TRUE	TRUE
nobgs_V2_c1_rep8_env7	emmax_simes	9	Chr1	4498889	4536929	12	TRUE	TRUE
nobgs_V2_c1_rep8_env7	emmax_simes	12	Chr1	4498889	4536929	12	TRUE	TRUE
nobgs_V2_c1_rep8_env8	emmax_simes	8	Chr1	10892522	11005553	10	FALSE	FALSE
nobgs_V2_c1_rep8_env8	emmax_simes	8	Chr1	11584280	11644325	12	FALSE	FALSE
nobgs_V2_c1_rep8_env8	emmax_simes	8	Chr1	12086690	12167978	13	FALSE	FALSE
nobgs_V2_c1_rep8_env8	emmax_simes	8	Chr1	12282275	12667966	43	TRUE	TRUE
nobgs_V2_c1_rep8_env8	emmax_simes	9	Chr1	10892522	11005553	10	FALSE	FALSE
nobgs_V2_c1_rep8_env8	emmax_simes	9	Chr1	11584280	11644325	12	FALSE	FALSE
nobgs_V2_c1_rep8_env8	emmax_simes	9	Chr1	12086690	12167978	13	FALSE	FALSE
nobgs_V2_c1_rep8_env8	emmax_simes	9	Chr1	12282275	12331004	13	FALSE	FALSE
nobgs_V2_c1_rep8_env8	emmax_simes	9	Chr1	12463038	12667966	22	TRUE	TRUE
nobgs_V2_c1_rep8_env8	emmax_simes	13	Chr1	12086690	12167978	13	FALSE	FALSE
nobgs_V2_c1_rep8_env8	emmax_simes	13	Chr1	12282275	12331004	13	FALSE	FALSE
nobgs_V2_c1_rep8_env8	emmax_simes	13	Chr1	12463038	12667966	22	TRUE	TRUE
nobgs_V2_c1_rep8_env10	emmax_simes	7	Chr1	12480725	12674664	22	TRUE	FALSE
nobgs_V2_c1_rep8_env10	emmax_simes	9	Chr1	12480725	12674664	22	TRUE	FALSE
nobgs_V2_c1_rep8_env10	emmax_simes	13	Chr1	12480725	12674664	22	TRUE	FALSE
nobgs_V2_c1_rep9_env1	emmax_simes	8	Chr1	3748580	3778555	11	FALSE	FALSE
nobgs_V2_c1_rep9_env1	emmax_simes	8	Chr1	19609645	19650365	8	TRUE	FALSE
nobgs_V2_c1_rep9_env1	emmax_simes	8	Chr1	19746545	19819222	22	TRUE	FALSE
nobgs_V2_c1_rep9_env1	emmax_simes	9	Chr1	3748580	3778555	11	FALSE	FALSE
nobgs_V2_c1_rep9_env1	emmax_simes	9	Chr1	19746545	19819222	22	TRUE	FALSE
nobgs_V2_c1_rep9_env1	emmax_simes	14	Chr1	19746545	19819222	22	TRUE	FALSE
nobgs_V2_c1_rep9_env3	emmax_simes	8	Chr1	14445813	14476961	8	TRUE	FALSE
nobgs_V2_c1_rep9_env3	emmax_simes	8	Chr1	14514419	14585884	13	TRUE	TRUE
nobgs_V2_c1_rep9_env3	emmax_simes	9	Chr1	14514419	14585884	13	TRUE	TRUE
nobgs_V2_c1_rep9_env3	emmax_simes	13	Chr1	14514419	14585884	13	TRUE	TRUE
nobgs_V2_c1_rep9_env3	emmax_simes	13	Chr2	3814057	3874486	19	FALSE	FALSE
nobgs_V2_c1_rep9_env4	emmax_simes	8	Chr1	6972856	7007444	8	TRUE	FALSE
nobgs_V2_c1_rep10_env7	emmax_simes	8	Chr1	12326	485117	35	FALSE	FALSE
nobgs_V2_c1_rep10_env7	emmax_simes	10	Chr1	12326	485117	35	FALSE	FALSE
nobgs_V2_c1_rep10_env7	emmax_simes	16	Chr1	12326	485117	35	FALSE	FALSE
bgs_V0.5_c1_rep1_env1	emmax_consensus	9	Chr1	26526895	26576737	9	FALSE	TRUE
bgs_V0.5_c1_rep1_env3	emmax_consensus	9	Chr1	26421695	26767087	20	TRUE	TRUE
bgs_V0.5_c1_rep1_env3	emmax_consensus	11	Chr1	26421695	26767087	20	TRUE	TRUE
bgs_V0.5_c1_rep1_env3	emmax_consensus	18	Chr1	26421695	26767087	20	TRUE	TRUE
bgs_V0.5_c1_rep1_env5	emmax_consensus	9	Chr1	1919	309271	69	TRUE	TRUE
bgs_V0.5_c1_rep1_env5	emmax_consensus	11	Chr1	1919	309271	69	TRUE	TRUE
bgs_V0.5_c1_rep1_env5	emmax_consensus	16	Chr1	1919	309271	69	TRUE	TRUE
bgs_V0.5_c1_rep1_env8	emmax_consensus	9	Chr1	13479397	13769795	54	TRUE	FALSE
bgs_V0.5_c1_rep1_env8	emmax_consensus	12	Chr1	13479397	13769795	54	TRUE	FALSE
bgs_V0.5_c1_rep1_env8	emmax_consensus	19	Chr1	13479397	13590424	21	TRUE	FALSE
bgs_V0.5_c1_rep1_env8	emmax_consensus	19	Chr1	13607589	13699468	20	TRUE	FALSE
bgs_V0.5_c1_rep1_env9	emmax_consensus	8	Chr1	25726352	25814628	13	TRUE	FALSE
bgs_V0.5_c1_rep1_env9	emmax_consensus	11	Chr1	25726352	25814628	13	TRUE	FALSE
bgs_V0.5_c1_rep1_env9	emmax_consensus	11	Chr1	25818200	25863804	12	TRUE	FALSE
bgs_V0.5_c1_rep2_env2	emmax_consensus	13	Chr1	15502380	15604006	13	FALSE	FALSE
bgs_V0.5_c1_rep2_env2	emmax_consensus	13	Chr1	15621923	15938646	41	TRUE	TRUE
bgs_V0.5_c1_rep2_env2	emmax_consensus	15	Chr1	15621923	15938646	41	TRUE	TRUE
bgs_V0.5_c1_rep2_env4	emmax_consensus	12	Chr1	11161501	11673278	69	TRUE	TRUE
bgs_V0.5_c1_rep2_env4	emmax_consensus	12	Chr1	11865542	12049861	15	FALSE	FALSE
bgs_V0.5_c1_rep2_env4	emmax_consensus	15	Chr1	11223650	12049861	94	TRUE	TRUE
bgs_V0.5_c1_rep2_env4	emmax_consensus	15	Chr1	12400914	12667948	22	FALSE	FALSE
bgs_V0.5_c1_rep2_env4	emmax_consensus	26	Chr1	11223650	11520849	35	TRUE	TRUE
bgs_V0.5_c1_rep2_env6	emmax_consensus	12	Chr1	15766719	15873108	13	TRUE	FALSE
bgs_V0.5_c1_rep2_env8	emmax_consensus	12	Chr2	14720508	15053162	51	FALSE	TRUE
bgs_V0.5_c1_rep2_env8	emmax_consensus	12	Chr2	15071151	15456057	31	FALSE	TRUE
bgs_V0.5_c1_rep2_env8	emmax_consensus	15	Chr2	14720508	15053162	39	FALSE	TRUE
bgs_V0.5_c1_rep2_env8	emmax_consensus	15	Chr2	15071151	15456057	31	FALSE	TRUE
bgs_V0.5_c1_rep3_env1	emmax_consensus	8	Chr1	5375086	5414866	8	FALSE	FALSE
bgs_V0.5_c1_rep3_env1	emmax_consensus	8	Chr1	5506251	5528147	8	FALSE	TRUE
bgs_V0.5_c1_rep3_env1	emmax_consensus	8	Chr1	5530278	5888042	45	TRUE	TRUE
bgs_V0.5_c1_rep3_env1	emmax_consensus	8	Chr1	5980004	6073902	8	FALSE	FALSE
bgs_V0.5_c1_rep3_env1	emmax_consensus	9	Chr1	5530278	5888042	45	TRUE	TRUE
bgs_V0.5_c1_rep3_env1	emmax_consensus	14	Chr1	5530278	5888042	45	TRUE	TRUE
bgs_V0.5_c1_rep3_env2	emmax_consensus	8	Chr1	8508048	8548128	8	TRUE	FALSE
bgs_V0.5_c1_rep3_env3	emmax_consensus	8	Chr1	3346917	3445735	25	FALSE	FALSE
bgs_V0.5_c1_rep3_env3	emmax_consensus	8	Chr1	3448084	3953920	75	TRUE	TRUE
bgs_V0.5_c1_rep3_env3	emmax_consensus	8	Chr1	3594497	3715505	9	TRUE	FALSE
bgs_V0.5_c1_rep3_env3	emmax_consensus	10	Chr1	3346917	3445735	25	FALSE	FALSE
bgs_V0.5_c1_rep3_env3	emmax_consensus	10	Chr1	3448084	3953920	75	TRUE	TRUE
bgs_V0.5_c1_rep3_env3	emmax_consensus	14	Chr1	3346917	3445735	25	FALSE	FALSE
bgs_V0.5_c1_rep3_env3	emmax_consensus	14	Chr1	3472034	3953920	62	TRUE	TRUE
bgs_V0.5_c1_rep3_env4	emmax_consensus	12	Chr1	2700034	3053827	15	TRUE	FALSE
bgs_V0.5_c1_rep3_env6	emmax_consensus	8	Chr1	4388315	4441859	12	FALSE	FALSE
bgs_V0.5_c1_rep3_env6	emmax_consensus	9	Chr1	4388315	4441859	12	FALSE	FALSE
bgs_V0.5_c1_rep3_env8	emmax_consensus	8	Chr1	3634666	3690044	16	FALSE	FALSE
bgs_V0.5_c1_rep3_env8	emmax_consensus	9	Chr1	3634666	3690044	16	FALSE	FALSE
bgs_V0.5_c1_rep3_env8	emmax_consensus	15	Chr1	3248353	3347690	21	FALSE	FALSE
bgs_V0.5_c1_rep3_env8	emmax_consensus	15	Chr1	3634666	3690044	16	FALSE	FALSE
bgs_V0.5_c1_rep3_env9	emmax_consensus	8	Chr1	11526645	11598367	9	TRUE	TRUE
bgs_V0.5_c1_rep3_env9	emmax_consensus	9	Chr1	11526645	11598367	9	TRUE	TRUE
bgs_V0.5_c1_rep4_env2	emmax_consensus	12	Chr1	24631137	25232540	42	FALSE	FALSE
bgs_V0.5_c1_rep4_env2	emmax_consensus	17	Chr1	24631137	25232540	42	FALSE	FALSE
bgs_V0.5_c1_rep4_env2	emmax_consensus	25	Chr1	24631137	25232540	42	FALSE	FALSE
bgs_V0.5_c1_rep4_env5	emmax_consensus	12	Chr1	19302955	19462081	20	TRUE	FALSE
bgs_V0.5_c1_rep4_env5	emmax_consensus	15	Chr1	19302955	19462081	20	TRUE	FALSE
bgs_V0.5_c1_rep4_env10	emmax_consensus	12	Chr1	11359	352760	14	TRUE	FALSE
bgs_V0.5_c1_rep5_env1	emmax_consensus	10	Chr1	2089828	2115268	11	TRUE	FALSE
bgs_V0.5_c1_rep5_env1	emmax_consensus	10	Chr1	4023822	4284750	87	TRUE	TRUE
bgs_V0.5_c1_rep5_env1	emmax_consensus	13	Chr1	4023822	4284750	65	TRUE	TRUE
bgs_V0.5_c1_rep5_env1	emmax_consensus	25	Chr1	4131899	4284750	30	TRUE	TRUE
bgs_V0.5_c1_rep5_env5	emmax_consensus	9	Chr1	6873404	6950690	12	FALSE	FALSE
bgs_V0.5_c1_rep5_env5	emmax_consensus	9	Chr1	7154126	7425741	42	TRUE	TRUE
bgs_V0.5_c1_rep5_env5	emmax_consensus	12	Chr1	6626756	7152827	39	TRUE	FALSE
bgs_V0.5_c1_rep5_env5	emmax_consensus	12	Chr1	6873404	6950690	12	FALSE	FALSE
bgs_V0.5_c1_rep5_env5	emmax_consensus	12	Chr1	6909832	7157840	24	TRUE	FALSE
bgs_V0.5_c1_rep5_env5	emmax_consensus	12	Chr1	7040629	7187840	17	TRUE	FALSE
bgs_V0.5_c1_rep5_env5	emmax_consensus	12	Chr1	7154126	7425741	42	TRUE	TRUE
bgs_V0.5_c1_rep5_env6	emmax_consensus	9	Chr1	1049	534482	171	TRUE	TRUE
bgs_V0.5_c1_rep5_env6	emmax_consensus	11	Chr1	1049	534482	171	TRUE	TRUE
bgs_V0.5_c1_rep5_env6	emmax_consensus	22	Chr1	1049	433320	102	TRUE	FALSE
bgs_V0.5_c1_rep5_env8	emmax_consensus	10	Chr1	4126782	4482962	64	TRUE	TRUE
bgs_V0.5_c1_rep5_env8	emmax_consensus	10	Chr1	6701310	6822056	13	FALSE	FALSE
bgs_V0.5_c1_rep5_env8	emmax_consensus	12	Chr1	4126782	4482962	64	TRUE	TRUE
bgs_V0.5_c1_rep5_env8	emmax_consensus	12	Chr1	6701310	6822056	13	FALSE	FALSE
bgs_V0.5_c1_rep5_env8	emmax_consensus	28	Chr1	4126782	4291687	35	TRUE	TRUE
bgs_V0.5_c1_rep5_env9	emmax_consensus	30	Chr1	6985	396147	54	FALSE	FALSE
bgs_V0.5_c1_rep6_env3	emmax_consensus	9	Chr1	2966844	3032373	10	TRUE	TRUE
bgs_V0.5_c1_rep6_env3	emmax_consensus	9	Chr1	5344654	5388855	10	FALSE	FALSE
bgs_V0.5_c1_rep6_env3	emmax_consensus	9	Chr1	8670601	8792807	43	TRUE	TRUE
bgs_V0.5_c1_rep6_env3	emmax_consensus	10	Chr1	2966844	3032373	10	TRUE	TRUE
bgs_V0.5_c1_rep6_env3	emmax_consensus	10	Chr1	5344654	5388855	10	FALSE	FALSE
bgs_V0.5_c1_rep6_env3	emmax_consensus	10	Chr1	8670601	8792807	43	TRUE	TRUE
bgs_V0.5_c1_rep6_env3	emmax_consensus	15	Chr1	8670601	8792807	43	TRUE	TRUE
bgs_V0.5_c1_rep6_env5	emmax_consensus	9	Chr1	149310	486330	12	FALSE	FALSE
bgs_V0.5_c1_rep6_env5	emmax_consensus	9	Chr1	8543982	8692220	32	TRUE	FALSE
bgs_V0.5_c1_rep6_env5	emmax_consensus	9	Chr1	10934631	10993577	14	FALSE	FALSE
bgs_V0.5_c1_rep6_env5	emmax_consensus	9	Chr1	11063669	11123695	10	TRUE	FALSE
bgs_V0.5_c1_rep6_env5	emmax_consensus	10	Chr1	149310	486330	12	FALSE	FALSE
bgs_V0.5_c1_rep6_env5	emmax_consensus	10	Chr1	8543982	8692220	32	TRUE	FALSE
bgs_V0.5_c1_rep6_env5	emmax_consensus	10	Chr1	10934631	10993577	14	FALSE	FALSE
bgs_V0.5_c1_rep6_env5	emmax_consensus	10	Chr1	11063669	11123695	10	TRUE	FALSE
bgs_V0.5_c1_rep6_env5	emmax_consensus	15	Chr1	8543982	8692220	32	TRUE	FALSE
bgs_V0.5_c1_rep6_env6	emmax_consensus	8	Chr1	15341609	15366575	8	TRUE	TRUE
bgs_V0.5_c1_rep6_env8	emmax_consensus	8	Chr1	572276	666505	10	TRUE	TRUE
bgs_V0.5_c1_rep6_env8	emmax_consensus	8	Chr1	1127294	1134789	8	FALSE	FALSE
bgs_V0.5_c1_rep6_env8	emmax_consensus	10	Chr1	572276	666505	10	TRUE	TRUE
bgs_V0.5_c1_rep6_env8	emmax_consensus	10	Chr1	890993	918240	13	FALSE	FALSE
bgs_V0.5_c1_rep6_env9	emmax_consensus	16	Chr1	7028429	7113161	24	FALSE	FALSE
bgs_V0.5_c1_rep7_env1	emmax_consensus	11	Chr1	6483457	6670565	24	TRUE	TRUE
bgs_V0.5_c1_rep7_env1	emmax_consensus	11	Chr1	7079602	7331501	13	FALSE	TRUE
bgs_V0.5_c1_rep7_env1	emmax_consensus	11	Chr1	14732231	15904535	162	TRUE	TRUE
bgs_V0.5_c1_rep7_env1	emmax_consensus	11	Chr1	16724198	16892565	13	FALSE	FALSE
bgs_V0.5_c1_rep7_env1	emmax_consensus	14	Chr1	14732231	15904535	162	TRUE	TRUE
bgs_V0.5_c1_rep7_env1	emmax_consensus	22	Chr1	14732231	15904535	162	TRUE	TRUE
bgs_V0.5_c1_rep7_env3	emmax_consensus	13	Chr1	6015027	6166816	13	FALSE	FALSE
bgs_V0.5_c1_rep7_env3	emmax_consensus	13	Chr1	6308421	6685583	14	TRUE	TRUE
bgs_V0.5_c1_rep7_env3	emmax_consensus	13	Chr1	11604035	12121259	26	FALSE	FALSE
bgs_V0.5_c1_rep7_env3	emmax_consensus	13	Chr1	12551004	14274911	13	FALSE	TRUE
bgs_V0.5_c1_rep7_env3	emmax_consensus	13	Chr1	18269376	18293312	16	TRUE	FALSE
bgs_V0.5_c1_rep7_env3	emmax_consensus	15	Chr1	11604035	12121259	26	FALSE	FALSE
bgs_V0.5_c1_rep7_env3	emmax_consensus	15	Chr1	18269376	18293312	16	TRUE	FALSE
bgs_V0.5_c1_rep7_env3	emmax_consensus	21	Chr1	11604035	12121259	26	FALSE	FALSE
bgs_V0.5_c1_rep7_env5	emmax_consensus	12	Chr1	21331436	21505534	12	TRUE	TRUE
bgs_V0.5_c1_rep7_env6	emmax_consensus	11	Chr1	15056234	15983353	30	FALSE	TRUE
bgs_V0.5_c1_rep7_env6	emmax_consensus	11	Chr1	21829227	21905878	11	FALSE	FALSE
bgs_V0.5_c1_rep7_env6	emmax_consensus	11	Chr1	21979918	22357236	38	TRUE	TRUE
bgs_V0.5_c1_rep7_env6	emmax_consensus	14	Chr1	15146073	15983353	18	FALSE	FALSE
bgs_V0.5_c1_rep7_env6	emmax_consensus	14	Chr1	22193820	22228348	14	TRUE	TRUE
bgs_V0.5_c1_rep7_env7	emmax_consensus	12	Chr1	6507076	6567071	14	TRUE	FALSE
bgs_V0.5_c1_rep7_env8	emmax_consensus	11	Chr1	14829615	15502449	60	FALSE	TRUE
bgs_V0.5_c1_rep7_env8	emmax_consensus	13	Chr1	14829615	15502449	60	FALSE	TRUE
bgs_V0.5_c1_rep7_env8	emmax_consensus	19	Chr1	10122627	12264234	36	FALSE	FALSE
bgs_V0.5_c1_rep7_env8	emmax_consensus	19	Chr1	14829615	15502449	60	FALSE	TRUE
bgs_V0.5_c1_rep8_env1	emmax_consensus	8	Chr1	7421199	7499250	11	FALSE	FALSE
bgs_V0.5_c1_rep8_env1	emmax_consensus	9	Chr1	7421199	7499250	11	FALSE	FALSE
bgs_V0.5_c1_rep8_env2	emmax_consensus	8	Chr1	11146529	11270995	10	TRUE	TRUE
bgs_V0.5_c1_rep8_env2	emmax_consensus	9	Chr1	11146529	11270995	10	TRUE	TRUE
bgs_V0.5_c1_rep8_env3	emmax_consensus	8	Chr1	4425774	4562411	36	TRUE	TRUE
bgs_V0.5_c1_rep8_env3	emmax_consensus	8	Chr1	4665436	4711983	11	FALSE	TRUE
bgs_V0.5_c1_rep8_env3	emmax_consensus	8	Chr1	4770860	4801756	8	FALSE	FALSE
bgs_V0.5_c1_rep8_env3	emmax_consensus	8	Chr1	9842236	9984454	8	TRUE	FALSE
bgs_V0.5_c1_rep8_env3	emmax_consensus	9	Chr1	4425774	4523285	28	TRUE	TRUE
bgs_V0.5_c1_rep8_env3	emmax_consensus	9	Chr1	4665436	4711983	11	FALSE	TRUE
bgs_V0.5_c1_rep8_env3	emmax_consensus	13	Chr1	4474416	4523285	19	TRUE	TRUE
bgs_V0.5_c1_rep8_env4	emmax_consensus	8	Chr1	4499677	4534439	13	TRUE	TRUE
bgs_V0.5_c1_rep8_env4	emmax_consensus	8	Chr1	7437691	7476467	10	FALSE	FALSE
bgs_V0.5_c1_rep8_env4	emmax_consensus	10	Chr1	4499677	4534439	13	TRUE	TRUE
bgs_V0.5_c1_rep8_env4	emmax_consensus	10	Chr1	4936251	4994022	12	FALSE	FALSE
bgs_V0.5_c1_rep8_env4	emmax_consensus	10	Chr1	7437691	7476467	10	FALSE	FALSE
bgs_V0.5_c1_rep8_env4	emmax_consensus	12	Chr1	4499677	4534439	13	TRUE	TRUE
bgs_V0.5_c1_rep8_env4	emmax_consensus	12	Chr1	4634510	4662951	12	FALSE	FALSE
bgs_V0.5_c1_rep8_env4	emmax_consensus	12	Chr1	4936251	4994022	12	FALSE	FALSE
bgs_V0.5_c1_rep8_env5	emmax_consensus	8	Chr1	4808145	5669601	35	TRUE	TRUE
bgs_V0.5_c1_rep8_env5	emmax_consensus	9	Chr1	4808145	5669601	27	TRUE	TRUE
bgs_V0.5_c1_rep8_env5	emmax_consensus	12	Chr1	4808145	5669601	27	TRUE	TRUE
bgs_V0.5_c1_rep8_env6	emmax_consensus	8	Chr1	4839263	4907830	15	TRUE	TRUE
bgs_V0.5_c1_rep8_env6	emmax_consensus	8	Chr1	18641626	18683693	15	TRUE	FALSE
bgs_V0.5_c1_rep8_env6	emmax_consensus	10	Chr1	4839263	4907830	15	TRUE	TRUE
bgs_V0.5_c1_rep8_env6	emmax_consensus	10	Chr1	18641626	18683693	15	TRUE	FALSE
bgs_V0.5_c1_rep8_env6	emmax_consensus	15	Chr1	4839263	4907830	15	TRUE	TRUE
bgs_V0.5_c1_rep8_env6	emmax_consensus	15	Chr1	18641626	18683693	15	TRUE	FALSE
bgs_V0.5_c1_rep8_env7	emmax_consensus	9	Chr1	7532803	7627736	29	TRUE	TRUE
bgs_V0.5_c1_rep8_env7	emmax_consensus	10	Chr1	7532803	7627736	29	TRUE	TRUE
bgs_V0.5_c1_rep8_env7	emmax_consensus	15	Chr1	7532803	7627736	15	TRUE	TRUE
bgs_V0.5_c1_rep8_env8	emmax_consensus	8	Chr1	12219124	12649887	28	TRUE	TRUE
bgs_V0.5_c1_rep8_env8	emmax_consensus	10	Chr1	11358076	11485574	13	FALSE	FALSE
bgs_V0.5_c1_rep8_env8	emmax_consensus	10	Chr1	12219124	12686556	39	TRUE	TRUE
bgs_V0.5_c1_rep8_env8	emmax_consensus	16	Chr1	12219124	12649887	28	TRUE	TRUE
bgs_V0.5_c1_rep8_env9	emmax_consensus	8	Chr1	4857571	4937350	15	TRUE	TRUE
bgs_V0.5_c1_rep8_env9	emmax_consensus	10	Chr1	4039801	4078991	11	FALSE	FALSE
bgs_V0.5_c1_rep8_env9	emmax_consensus	10	Chr1	4857571	4937350	15	TRUE	TRUE
bgs_V0.5_c1_rep8_env9	emmax_consensus	12	Chr1	4857571	4937350	15	TRUE	TRUE
bgs_V0.5_c1_rep9_env1	emmax_consensus	8	Chr2	4198990	4252371	8	FALSE	FALSE
bgs_V0.5_c1_rep9_env3	emmax_consensus	8	Chr1	6055016	6101738	10	TRUE	TRUE
bgs_V0.5_c1_rep9_env3	emmax_consensus	8	Chr1	13627256	13677589	12	TRUE	FALSE
bgs_V0.5_c1_rep9_env3	emmax_consensus	10	Chr1	6055016	6101738	10	TRUE	TRUE
bgs_V0.5_c1_rep9_env3	emmax_consensus	10	Chr1	13627256	13677589	12	TRUE	FALSE
bgs_V0.5_c1_rep9_env4	emmax_consensus	8	Chr1	3579548	3702095	19	TRUE	TRUE
bgs_V0.5_c1_rep9_env4	emmax_consensus	9	Chr1	3510712	3702095	28	TRUE	TRUE
bgs_V0.5_c1_rep9_env4	emmax_consensus	14	Chr1	3579548	3702095	19	TRUE	TRUE
bgs_V0.5_c1_rep9_env5	emmax_consensus	8	Chr1	10456882	10614574	26	TRUE	TRUE
bgs_V0.5_c1_rep9_env5	emmax_consensus	10	Chr1	10456882	10614574	26	TRUE	TRUE
bgs_V0.5_c1_rep9_env6	emmax_consensus	8	Chr1	10463945	10676432	17	TRUE	TRUE
bgs_V0.5_c1_rep9_env6	emmax_consensus	9	Chr1	10463945	10532090	9	TRUE	TRUE
bgs_V0.5_c1_rep9_env6	emmax_consensus	14	Chr2	3951643	4160816	15	FALSE	FALSE
bgs_V0.5_c1_rep9_env7	emmax_consensus	9	Chr1	19177770	19537538	28	TRUE	FALSE
bgs_V0.5_c1_rep9_env7	emmax_consensus	10	Chr1	19177770	19537538	28	TRUE	FALSE
bgs_V0.5_c1_rep9_env7	emmax_consensus	14	Chr1	19398254	19537538	18	TRUE	FALSE
bgs_V0.5_c1_rep9_env8	emmax_consensus	8	Chr1	3409272	3756869	53	TRUE	FALSE
bgs_V0.5_c1_rep9_env8	emmax_consensus	10	Chr1	3409272	3756869	53	TRUE	FALSE
bgs_V0.5_c1_rep9_env8	emmax_consensus	16	Chr1	3409272	3756869	41	TRUE	FALSE
bgs_V0.5_c1_rep9_env9	emmax_consensus	8	Chr2	3975641	4055441	11	FALSE	FALSE
bgs_V0.5_c1_rep9_env9	emmax_consensus	8	Chr2	9347972	9541498	13	FALSE	FALSE
bgs_V0.5_c1_rep9_env9	emmax_consensus	10	Chr2	3975641	4055441	11	FALSE	FALSE
bgs_V0.5_c1_rep9_env9	emmax_consensus	10	Chr2	9347972	9541498	13	FALSE	FALSE
bgs_V0.5_c1_rep9_env10	emmax_consensus	8	Chr1	3752215	4037642	55	TRUE	TRUE
bgs_V0.5_c1_rep9_env10	emmax_consensus	8	Chr1	4055486	4149942	13	TRUE	TRUE
bgs_V0.5_c1_rep9_env10	emmax_consensus	9	Chr1	3752215	4037642	55	TRUE	TRUE
bgs_V0.5_c1_rep9_env10	emmax_consensus	9	Chr1	4055486	4149942	13	TRUE	TRUE
bgs_V0.5_c1_rep9_env10	emmax_consensus	14	Chr1	3752215	4037642	55	TRUE	TRUE
bgs_V0.5_c1_rep10_env2	emmax_consensus	9	Chr1	8498312	8723199	30	TRUE	TRUE
bgs_V0.5_c1_rep10_env2	emmax_consensus	9	Chr1	14582252	14612024	9	TRUE	TRUE
bgs_V0.5_c1_rep10_env2	emmax_consensus	10	Chr1	8498312	8596694	21	TRUE	TRUE
bgs_V0.5_c1_rep10_env2	emmax_consensus	15	Chr1	8498312	8596694	21	TRUE	TRUE
bgs_V0.5_c1_rep10_env3	emmax_consensus	8	Chr1	6704364	6745342	15	FALSE	FALSE
bgs_V0.5_c1_rep10_env3	emmax_consensus	8	Chr1	6726574	6838036	29	FALSE	FALSE
bgs_V0.5_c1_rep10_env3	emmax_consensus	10	Chr1	6488300	6838036	76	FALSE	FALSE
bgs_V0.5_c1_rep10_env3	emmax_consensus	10	Chr1	6704364	6745342	15	FALSE	FALSE
bgs_V0.5_c1_rep10_env3	emmax_consensus	14	Chr1	6488300	6838036	76	FALSE	FALSE
bgs_V0.5_c1_rep10_env3	emmax_consensus	14	Chr1	6704364	6745342	15	FALSE	FALSE
bgs_V0.5_c1_rep10_env4	emmax_consensus	8	Chr1	3902063	3950130	19	TRUE	TRUE
bgs_V0.5_c1_rep10_env4	emmax_consensus	10	Chr1	3902063	3950130	19	TRUE	TRUE
bgs_V0.5_c1_rep10_env4	emmax_consensus	13	Chr1	3902063	3950130	19	TRUE	TRUE
bgs_V0.5_c1_rep10_env5	emmax_consensus	9	Chr1	6677700	6832925	23	TRUE	FALSE
bgs_V0.5_c1_rep10_env5	emmax_consensus	9	Chr1	6844254	6920878	14	TRUE	TRUE
bgs_V0.5_c1_rep10_env5	emmax_consensus	10	Chr1	6677700	6832925	23	TRUE	FALSE
bgs_V0.5_c1_rep10_env5	emmax_consensus	10	Chr1	6844254	6920878	14	TRUE	TRUE
bgs_V0.5_c1_rep10_env6	emmax_consensus	9	Chr1	6666029	6715045	17	FALSE	FALSE
bgs_V0.5_c1_rep10_env6	emmax_consensus	12	Chr1	6666029	6715045	17	FALSE	FALSE
bgs_V0.5_c1_rep10_env7	emmax_consensus	8	Chr1	13322010	13338623	9	TRUE	TRUE
bgs_V0.5_c1_rep10_env7	emmax_consensus	9	Chr1	13322010	13338623	9	TRUE	TRUE
bgs_V0.5_c1_rep10_env8	emmax_consensus	8	Chr1	5961421	6854838	111	TRUE	TRUE
bgs_V0.5_c1_rep10_env8	emmax_consensus	10	Chr1	5961421	6854838	111	TRUE	TRUE
bgs_V0.5_c1_rep10_env8	emmax_consensus	16	Chr1	5963773	6220752	20	TRUE	TRUE
bgs_V0.5_c1_rep10_env8	emmax_consensus	16	Chr1	6700799	6777798	26	FALSE	TRUE
bgs_V0.5_c1_rep10_env10	emmax_consensus	8	Chr1	17610	624456	17	TRUE	TRUE
bgs_V0.5_c1_rep10_env10	emmax_consensus	8	Chr1	73124	496382	54	TRUE	TRUE
bgs_V0.5_c1_rep10_env10	emmax_consensus	8	Chr1	652253	698510	9	FALSE	TRUE
bgs_V0.5_c1_rep10_env10	emmax_consensus	8	Chr1	1029746	1094073	8	FALSE	TRUE
bgs_V0.5_c1_rep10_env10	emmax_consensus	9	Chr1	17610	624456	17	TRUE	TRUE
bgs_V0.5_c1_rep10_env10	emmax_consensus	9	Chr1	73124	496382	54	TRUE	TRUE
bgs_V0.5_c1_rep10_env10	emmax_consensus	9	Chr1	652253	698510	9	FALSE	TRUE
bgs_V0.5_c1_rep10_env10	emmax_consensus	14	Chr1	17610	624456	17	TRUE	TRUE
bgs_V0.5_c1_rep10_env10	emmax_consensus	14	Chr1	73124	496382	43	FALSE	TRUE
bgs_V1_c1_rep1_env2	emmax_consensus	9	Chr1	753	300424	45	TRUE	TRUE
bgs_V1_c1_rep1_env2	emmax_consensus	9	Chr1	26074	295896	33	FALSE	TRUE
bgs_V1_c1_rep1_env2	emmax_consensus	11	Chr1	753	300424	45	TRUE	TRUE
bgs_V1_c1_rep1_env2	emmax_consensus	11	Chr1	26074	295896	33	FALSE	TRUE
bgs_V1_c1_rep1_env2	emmax_consensus	14	Chr1	753	300424	45	TRUE	TRUE
bgs_V1_c1_rep1_env2	emmax_consensus	14	Chr1	26074	295896	33	FALSE	TRUE
bgs_V1_c1_rep1_env4	emmax_consensus	9	Chr1	16026366	16061113	9	FALSE	FALSE
bgs_V1_c1_rep1_env4	emmax_consensus	9	Chr1	16693073	16985612	20	TRUE	TRUE
bgs_V1_c1_rep1_env4	emmax_consensus	9	Chr1	16738244	16892607	10	TRUE	FALSE
bgs_V1_c1_rep1_env4	emmax_consensus	11	Chr1	16921596	16985612	11	TRUE	TRUE
bgs_V1_c1_rep2_env3	emmax_consensus	12	Chr1	11649342	11769017	18	FALSE	FALSE
bgs_V1_c1_rep2_env3	emmax_consensus	12	Chr1	11827790	12071574	91	TRUE	FALSE
bgs_V1_c1_rep2_env3	emmax_consensus	12	Chr1	12197361	12546415	105	FALSE	FALSE
bgs_V1_c1_rep2_env3	emmax_consensus	12	Chr1	12389285	12658116	63	FALSE	FALSE
bgs_V1_c1_rep2_env3	emmax_consensus	12	Chr1	12896361	13192900	12	FALSE	FALSE
bgs_V1_c1_rep2_env3	emmax_consensus	12	Chr1	12928882	13089575	24	FALSE	FALSE
bgs_V1_c1_rep2_env3	emmax_consensus	12	Chr2	12153035	12250572	32	FALSE	FALSE
bgs_V1_c1_rep2_env3	emmax_consensus	15	Chr1	11649342	11769017	18	FALSE	FALSE
bgs_V1_c1_rep2_env3	emmax_consensus	15	Chr1	11827790	12071574	91	TRUE	FALSE
bgs_V1_c1_rep2_env3	emmax_consensus	15	Chr1	12197361	12546415	105	FALSE	FALSE
bgs_V1_c1_rep2_env3	emmax_consensus	15	Chr1	12389285	12658116	63	FALSE	FALSE
bgs_V1_c1_rep2_env3	emmax_consensus	15	Chr1	12928882	13089575	24	FALSE	FALSE
bgs_V1_c1_rep2_env3	emmax_consensus	15	Chr2	12153035	12250572	32	FALSE	FALSE
bgs_V1_c1_rep2_env3	emmax_consensus	27	Chr1	11827790	12071574	91	TRUE	FALSE
bgs_V1_c1_rep2_env3	emmax_consensus	27	Chr1	12197361	12343131	30	FALSE	FALSE
bgs_V1_c1_rep2_env3	emmax_consensus	27	Chr1	12354805	12546415	33	FALSE	FALSE
bgs_V1_c1_rep2_env3	emmax_consensus	27	Chr1	12389285	12658116	63	FALSE	FALSE
bgs_V1_c1_rep2_env3	emmax_consensus	27	Chr2	12153035	12250572	32	FALSE	FALSE
bgs_V1_c1_rep2_env8	emmax_consensus	11	Chr2	191751	509145	21	FALSE	FALSE
bgs_V1_c1_rep2_env8	emmax_consensus	13	Chr2	191751	509145	21	FALSE	FALSE
bgs_V1_c1_rep2_env8	emmax_consensus	20	Chr2	191751	509145	21	FALSE	FALSE
bgs_V1_c1_rep2_env9	emmax_consensus	12	Chr1	12109399	12310002	28	FALSE	FALSE
bgs_V1_c1_rep2_env9	emmax_consensus	12	Chr1	12212280	12676426	74	TRUE	TRUE
bgs_V1_c1_rep2_env9	emmax_consensus	12	Chr1	15754583	15928629	15	FALSE	FALSE
bgs_V1_c1_rep2_env9	emmax_consensus	14	Chr1	12109399	12310002	28	FALSE	FALSE
bgs_V1_c1_rep2_env9	emmax_consensus	14	Chr1	12178651	12516002	77	TRUE	FALSE
bgs_V1_c1_rep2_env9	emmax_consensus	14	Chr1	12382517	12515533	33	TRUE	TRUE
bgs_V1_c1_rep2_env9	emmax_consensus	14	Chr1	15754583	15928629	15	FALSE	FALSE
bgs_V1_c1_rep2_env9	emmax_consensus	25	Chr1	12109399	12310002	28	FALSE	FALSE
bgs_V1_c1_rep2_env9	emmax_consensus	25	Chr1	12118030	12516002	119	TRUE	FALSE
bgs_V1_c1_rep2_env9	emmax_consensus	25	Chr1	12382517	12515533	33	TRUE	TRUE
bgs_V1_c1_rep3_env3	emmax_consensus	9	Chr1	4817525	4903009	10	FALSE	FALSE
bgs_V1_c1_rep3_env7	emmax_consensus	8	Chr1	10989694	11035563	10	TRUE	FALSE
bgs_V1_c1_rep3_env7	emmax_consensus	8	Chr1	11105995	11191270	12	FALSE	FALSE
bgs_V1_c1_rep3_env7	emmax_consensus	9	Chr1	4565348	4581560	9	FALSE	FALSE
bgs_V1_c1_rep3_env7	emmax_consensus	9	Chr1	10989694	11035563	10	TRUE	FALSE
bgs_V1_c1_rep3_env7	emmax_consensus	9	Chr1	11105995	11191270	12	FALSE	FALSE
bgs_V1_c1_rep3_env7	emmax_consensus	12	Chr1	11105995	11191270	12	FALSE	FALSE
bgs_V1_c1_rep5_env2	emmax_consensus	10	Chr1	23522	519770	30	FALSE	TRUE
bgs_V1_c1_rep5_env2	emmax_consensus	13	Chr1	23522	408091	18	FALSE	TRUE
bgs_V1_c1_rep5_env3	emmax_consensus	9	Chr1	510185	554682	12	TRUE	TRUE
bgs_V1_c1_rep5_env3	emmax_consensus	11	Chr1	510185	554682	12	TRUE	TRUE
bgs_V1_c1_rep5_env5	emmax_consensus	10	Chr1	600	669916	186	TRUE	TRUE
bgs_V1_c1_rep5_env5	emmax_consensus	12	Chr1	600	619082	176	TRUE	TRUE
bgs_V1_c1_rep5_env5	emmax_consensus	24	Chr1	600	488737	144	TRUE	TRUE
bgs_V1_c1_rep5_env8	emmax_consensus	10	Chr1	4826	494299	171	FALSE	FALSE
bgs_V1_c1_rep5_env8	emmax_consensus	12	Chr1	4826	494299	171	FALSE	FALSE
bgs_V1_c1_rep5_env8	emmax_consensus	21	Chr1	4826	494299	171	FALSE	FALSE
bgs_V1_c1_rep5_env10	emmax_consensus	9	Chr1	4218738	4330237	22	TRUE	TRUE
bgs_V1_c1_rep5_env10	emmax_consensus	10	Chr1	4218738	4330237	22	TRUE	TRUE
bgs_V1_c1_rep6_env2	emmax_consensus	7	Chr1	11557829	11678121	7	FALSE	FALSE
bgs_V1_c1_rep6_env2	emmax_consensus	12	Chr1	56878	444838	54	FALSE	FALSE
bgs_V1_c1_rep6_env3	emmax_consensus	8	Chr1	2564116	2615785	15	TRUE	TRUE
bgs_V1_c1_rep6_env3	emmax_consensus	9	Chr1	2564116	2615785	15	TRUE	TRUE
bgs_V1_c1_rep6_env6	emmax_consensus	9	Chr1	8492554	8545159	9	FALSE	FALSE
bgs_V1_c1_rep6_env8	emmax_consensus	8	Chr1	8612891	8887544	40	TRUE	TRUE
bgs_V1_c1_rep6_env8	emmax_consensus	9	Chr1	8612891	8887544	40	TRUE	TRUE
bgs_V1_c1_rep6_env8	emmax_consensus	13	Chr1	8612891	8779972	30	TRUE	TRUE
bgs_V1_c1_rep6_env10	emmax_consensus	10	Chr1	17308	421840	18	FALSE	FALSE
bgs_V1_c1_rep6_env10	emmax_consensus	16	Chr1	17308	421840	18	FALSE	FALSE
bgs_V1_c1_rep7_env1	emmax_consensus	11	Chr2	9848903	10129885	21	FALSE	FALSE
bgs_V1_c1_rep7_env1	emmax_consensus	15	Chr2	9848903	10129885	21	FALSE	FALSE
bgs_V1_c1_rep7_env4	emmax_consensus	13	Chr1	19559763	20191942	45	TRUE	TRUE
bgs_V1_c1_rep7_env4	emmax_consensus	17	Chr1	19559763	20191942	45	TRUE	TRUE
bgs_V1_c1_rep7_env5	emmax_consensus	22	Chr1	15493591	15813132	41	TRUE	FALSE
bgs_V1_c1_rep7_env6	emmax_consensus	12	Chr1	13143640	13719710	27	FALSE	TRUE
bgs_V1_c1_rep7_env6	emmax_consensus	12	Chr1	14081583	15308308	84	FALSE	TRUE
bgs_V1_c1_rep7_env6	emmax_consensus	12	Chr1	15075877	15178931	21	FALSE	FALSE
bgs_V1_c1_rep7_env6	emmax_consensus	14	Chr1	13143640	13719710	27	FALSE	TRUE
bgs_V1_c1_rep7_env6	emmax_consensus	14	Chr1	14081583	15308308	84	FALSE	TRUE
bgs_V1_c1_rep7_env6	emmax_consensus	14	Chr1	15075877	15178931	21	FALSE	FALSE
bgs_V1_c1_rep7_env6	emmax_consensus	21	Chr1	13143640	13719710	27	FALSE	TRUE
bgs_V1_c1_rep7_env6	emmax_consensus	21	Chr1	14081583	14967954	65	FALSE	TRUE
bgs_V1_c1_rep7_env6	emmax_consensus	21	Chr1	15075877	15178931	21	FALSE	FALSE
bgs_V1_c1_rep7_env7	emmax_consensus	11	Chr1	9487235	9698193	33	FALSE	FALSE
bgs_V1_c1_rep7_env7	emmax_consensus	11	Chr1	10514967	11405302	28	FALSE	TRUE
bgs_V1_c1_rep7_env7	emmax_consensus	11	Chr1	10808801	11393549	12	FALSE	FALSE
bgs_V1_c1_rep7_env7	emmax_consensus	11	Chr1	11507238	11874521	15	FALSE	FALSE
bgs_V1_c1_rep7_env7	emmax_consensus	11	Chr1	15325364	15411982	12	FALSE	FALSE
bgs_V1_c1_rep7_env7	emmax_consensus	13	Chr1	9487235	9698193	33	FALSE	FALSE
bgs_V1_c1_rep7_env7	emmax_consensus	13	Chr1	10514967	11405302	28	FALSE	TRUE
bgs_V1_c1_rep7_env7	emmax_consensus	13	Chr1	11507238	11874521	15	FALSE	FALSE
bgs_V1_c1_rep7_env7	emmax_consensus	19	Chr1	9487235	9698193	33	FALSE	FALSE
bgs_V1_c1_rep8_env2	emmax_consensus	11	Chr1	1655	476604	49	TRUE	FALSE
bgs_V1_c1_rep8_env3	emmax_consensus	8	Chr1	11053768	11104456	9	FALSE	FALSE
bgs_V1_c1_rep8_env3	emmax_consensus	8	Chr2	11637894	11792225	8	FALSE	FALSE
bgs_V1_c1_rep8_env4	emmax_consensus	8	Chr1	4428985	4447326	8	TRUE	FALSE
bgs_V1_c1_rep8_env4	emmax_consensus	8	Chr1	4506068	4635064	29	TRUE	TRUE
bgs_V1_c1_rep8_env4	emmax_consensus	10	Chr1	4506068	4635064	29	TRUE	TRUE
bgs_V1_c1_rep8_env4	emmax_consensus	15	Chr1	4506068	4559903	18	TRUE	TRUE
bgs_V1_c1_rep8_env5	emmax_consensus	8	Chr1	8542645	8717438	22	FALSE	FALSE
bgs_V1_c1_rep8_env5	emmax_consensus	8	Chr1	18642535	18677994	9	TRUE	FALSE
bgs_V1_c1_rep8_env5	emmax_consensus	8	Chr1	18948418	18987658	11	FALSE	FALSE
bgs_V1_c1_rep8_env5	emmax_consensus	9	Chr1	8542645	8717438	22	FALSE	FALSE
bgs_V1_c1_rep8_env5	emmax_consensus	9	Chr1	18642535	18677994	9	TRUE	FALSE
bgs_V1_c1_rep8_env5	emmax_consensus	9	Chr1	18948418	18987658	11	FALSE	FALSE
bgs_V1_c1_rep8_env5	emmax_consensus	14	Chr1	8542645	8717438	22	FALSE	FALSE
bgs_V1_c1_rep8_env6	emmax_consensus	9	Chr1	12042174	12123151	10	FALSE	FALSE
bgs_V1_c1_rep8_env6	emmax_consensus	9	Chr1	12165134	12224834	11	FALSE	FALSE
bgs_V1_c1_rep8_env6	emmax_consensus	10	Chr1	12042174	12123151	10	FALSE	FALSE
bgs_V1_c1_rep8_env6	emmax_consensus	10	Chr1	12165134	12224834	11	FALSE	FALSE
bgs_V1_c1_rep8_env10	emmax_consensus	8	Chr1	1065598	1199488	11	TRUE	TRUE
bgs_V1_c1_rep8_env10	emmax_consensus	8	Chr1	13956517	13976914	8	TRUE	TRUE
bgs_V1_c1_rep8_env10	emmax_consensus	9	Chr1	1065598	1199488	11	TRUE	TRUE
bgs_V1_c1_rep9_env1	emmax_consensus	8	Chr1	3287992	3385867	11	FALSE	FALSE
bgs_V1_c1_rep9_env1	emmax_consensus	8	Chr1	3464364	3684433	57	TRUE	TRUE
bgs_V1_c1_rep9_env1	emmax_consensus	8	Chr1	3762441	3923148	12	TRUE	FALSE
bgs_V1_c1_rep9_env1	emmax_consensus	9	Chr1	3287992	3385867	11	FALSE	FALSE
bgs_V1_c1_rep9_env1	emmax_consensus	9	Chr1	3464364	3684433	49	TRUE	TRUE
bgs_V1_c1_rep9_env1	emmax_consensus	9	Chr1	3762441	3923148	12	TRUE	FALSE
bgs_V1_c1_rep9_env1	emmax_consensus	14	Chr1	3539106	3650575	30	TRUE	TRUE
bgs_V1_c1_rep9_env3	emmax_consensus	8	Chr1	3819220	4258995	67	TRUE	FALSE
bgs_V1_c1_rep9_env3	emmax_consensus	10	Chr1	3819220	4258995	67	TRUE	FALSE
bgs_V1_c1_rep9_env3	emmax_consensus	13	Chr1	3819220	4136355	56	TRUE	FALSE
bgs_V1_c1_rep9_env5	emmax_consensus	8	Chr1	3274863	3530322	31	TRUE	TRUE
bgs_V1_c1_rep9_env5	emmax_consensus	10	Chr1	3322400	3530322	22	TRUE	TRUE
bgs_V1_c1_rep9_env7	emmax_consensus	9	Chr1	14484280	14525070	10	TRUE	TRUE
bgs_V1_c1_rep9_env7	emmax_consensus	10	Chr1	14484280	14525070	10	TRUE	TRUE
bgs_V1_c1_rep9_env10	emmax_consensus	8	Chr1	6379478	6424599	9	TRUE	TRUE
bgs_V1_c1_rep9_env10	emmax_consensus	9	Chr1	6379478	6424599	9	TRUE	TRUE
bgs_V1_c1_rep10_env1	emmax_consensus	10	Chr1	10721492	10745867	10	FALSE	FALSE
bgs_V1_c1_rep10_env3	emmax_consensus	8	Chr1	4345227	4384115	9	TRUE	TRUE
bgs_V1_c1_rep10_env7	emmax_consensus	8	Chr1	591824	682579	28	TRUE	TRUE
bgs_V1_c1_rep10_env7	emmax_consensus	8	Chr1	615849	635624	11	TRUE	FALSE
bgs_V1_c1_rep10_env7	emmax_consensus	9	Chr1	591824	682579	28	TRUE	TRUE
bgs_V1_c1_rep10_env7	emmax_consensus	9	Chr1	615849	635624	11	TRUE	FALSE
bgs_V1_c1_rep10_env7	emmax_consensus	13	Chr1	637342	682579	18	TRUE	TRUE
bgs_V2_c1_rep1_env1	emmax_consensus	8	Chr1	10533689	10677394	13	FALSE	FALSE
bgs_V2_c1_rep1_env1	emmax_consensus	10	Chr1	10533689	10677394	13	FALSE	FALSE
bgs_V2_c1_rep1_env2	emmax_consensus	9	Chr1	25786036	25805516	9	TRUE	TRUE
bgs_V2_c1_rep1_env4	emmax_consensus	9	Chr1	9071034	9102618	11	TRUE	FALSE
bgs_V2_c1_rep1_env4	emmax_consensus	10	Chr1	9071034	9102618	11	TRUE	FALSE
bgs_V2_c1_rep1_env7	emmax_consensus	9	Chr1	9047750	9290115	44	TRUE	TRUE
bgs_V2_c1_rep1_env7	emmax_consensus	11	Chr1	9091558	9290115	35	TRUE	TRUE
bgs_V2_c1_rep1_env7	emmax_consensus	15	Chr1	9190584	9290115	21	FALSE	FALSE
bgs_V2_c1_rep2_env5	emmax_consensus	14	Chr2	13075361	13269231	18	FALSE	FALSE
bgs_V2_c1_rep2_env7	emmax_consensus	10	Chr1	12279363	12352411	14	FALSE	FALSE
bgs_V2_c1_rep2_env7	emmax_consensus	12	Chr1	12279363	12352411	14	FALSE	FALSE
bgs_V2_c1_rep3_env2	emmax_consensus	8	Chr1	3402103	3528103	32	TRUE	FALSE
bgs_V2_c1_rep3_env2	emmax_consensus	9	Chr1	3402103	3528103	32	TRUE	FALSE
bgs_V2_c1_rep3_env2	emmax_consensus	13	Chr1	3402103	3632440	40	TRUE	FALSE
bgs_V2_c1_rep3_env3	emmax_consensus	8	Chr1	8292433	8632531	34	TRUE	TRUE
bgs_V2_c1_rep3_env3	emmax_consensus	8	Chr1	8878048	8904174	8	FALSE	FALSE
bgs_V2_c1_rep3_env3	emmax_consensus	9	Chr1	8484389	8632531	25	TRUE	TRUE
bgs_V2_c1_rep3_env3	emmax_consensus	11	Chr1	8484389	8632531	25	TRUE	TRUE
bgs_V2_c1_rep3_env6	emmax_consensus	8	Chr1	3640408	3752528	11	TRUE	FALSE
bgs_V2_c1_rep3_env6	emmax_consensus	9	Chr1	3640408	3752528	11	TRUE	FALSE
bgs_V2_c1_rep3_env9	emmax_consensus	7	Chr1	3710336	3775793	7	TRUE	FALSE
bgs_V2_c1_rep3_env9	emmax_consensus	11	Chr1	3657628	3731640	12	TRUE	FALSE
bgs_V2_c1_rep4_env3	emmax_consensus	13	Chr1	8264333	8389991	17	FALSE	FALSE
bgs_V2_c1_rep4_env3	emmax_consensus	17	Chr1	8264333	8389991	17	FALSE	FALSE
bgs_V2_c1_rep4_env6	emmax_consensus	12	Chr1	9189077	9343193	15	TRUE	FALSE
bgs_V2_c1_rep4_env6	emmax_consensus	15	Chr1	9189077	9343193	15	TRUE	FALSE
bgs_V2_c1_rep5_env1	emmax_consensus	9	Chr1	6878062	6921420	16	FALSE	FALSE
bgs_V2_c1_rep5_env1	emmax_consensus	12	Chr1	10365	496414	65	TRUE	FALSE
bgs_V2_c1_rep5_env1	emmax_consensus	12	Chr1	6878062	6921420	16	FALSE	FALSE
bgs_V2_c1_rep5_env1	emmax_consensus	24	Chr1	10365	496414	65	TRUE	FALSE
bgs_V2_c1_rep5_env2	emmax_consensus	9	Chr1	1204773	1277869	22	TRUE	TRUE
bgs_V2_c1_rep5_env2	emmax_consensus	12	Chr1	1232450	1277869	12	TRUE	TRUE
bgs_V2_c1_rep5_env3	emmax_consensus	9	Chr1	351	492572	109	TRUE	TRUE
bgs_V2_c1_rep5_env3	emmax_consensus	11	Chr1	351	492572	109	TRUE	TRUE
bgs_V2_c1_rep5_env3	emmax_consensus	21	Chr1	3040	492572	98	TRUE	FALSE
bgs_V2_c1_rep5_env4	emmax_consensus	12	Chr1	4179661	4227213	14	TRUE	FALSE
bgs_V2_c1_rep5_env4	emmax_consensus	22	Chr1	6877522	7015415	28	FALSE	FALSE
bgs_V2_c1_rep5_env8	emmax_consensus	9	Chr1	11913516	11945612	12	TRUE	TRUE
bgs_V2_c1_rep5_env8	emmax_consensus	12	Chr1	11913516	11945612	12	TRUE	TRUE
bgs_V2_c1_rep5_env9	emmax_consensus	9	Chr2	7285826	7354557	13	FALSE	FALSE
bgs_V2_c1_rep5_env9	emmax_consensus	12	Chr2	7285826	7354557	13	FALSE	FALSE
bgs_V2_c1_rep6_env3	emmax_consensus	8	Chr1	10230189	10451664	22	FALSE	FALSE
bgs_V2_c1_rep6_env3	emmax_consensus	8	Chr1	10296233	10352278	9	FALSE	FALSE
bgs_V2_c1_rep6_env3	emmax_consensus	9	Chr1	10230189	10451664	22	FALSE	FALSE
bgs_V2_c1_rep6_env3	emmax_consensus	9	Chr1	10296233	10352278	9	FALSE	FALSE
bgs_V2_c1_rep6_env3	emmax_consensus	12	Chr1	10275029	10399214	12	FALSE	FALSE
bgs_V2_c1_rep6_env4	emmax_consensus	14	Chr1	46515	446347	24	FALSE	FALSE
bgs_V2_c1_rep6_env4	emmax_consensus	14	Chr1	5069609	5136454	18	FALSE	FALSE
bgs_V2_c1_rep6_env4	emmax_consensus	14	Chr1	8457848	8545356	14	FALSE	FALSE
bgs_V2_c1_rep6_env9	emmax_consensus	9	Chr2	8379614	8420119	11	FALSE	FALSE
bgs_V2_c1_rep7_env3	emmax_consensus	11	Chr1	6642032	6756871	11	TRUE	FALSE
bgs_V2_c1_rep7_env10	emmax_consensus	20	Chr1	15132048	15317055	33	FALSE	FALSE
bgs_V2_c1_rep7_env10	emmax_consensus	20	Chr1	15466713	15670152	36	TRUE	FALSE
bgs_V2_c1_rep7_env10	emmax_consensus	20	Chr2	9718757	9791116	20	FALSE	FALSE
bgs_V2_c1_rep8_env3	emmax_consensus	9	Chr1	14862580	14879919	9	TRUE	FALSE
bgs_V2_c1_rep8_env5	emmax_consensus	9	Chr1	4446793	4466233	9	TRUE	FALSE
bgs_V2_c1_rep8_env5	emmax_consensus	9	Chr2	11928	480083	52	FALSE	FALSE
bgs_V2_c1_rep8_env5	emmax_consensus	13	Chr2	11928	480083	69	FALSE	FALSE
bgs_V2_c1_rep8_env7	emmax_consensus	10	Chr1	8077501	8144945	13	FALSE	FALSE
bgs_V2_c1_rep8_env8	emmax_consensus	8	Chr1	13587349	13637406	14	TRUE	TRUE
bgs_V2_c1_rep8_env8	emmax_consensus	8	Chr1	13668218	13709511	9	TRUE	FALSE
bgs_V2_c1_rep8_env8	emmax_consensus	9	Chr1	13587349	13637406	14	TRUE	TRUE
bgs_V2_c1_rep8_env8	emmax_consensus	9	Chr1	13668218	13709511	9	TRUE	FALSE
bgs_V2_c1_rep8_env8	emmax_consensus	12	Chr1	13587349	13637406	14	TRUE	TRUE
bgs_V2_c1_rep9_env4	emmax_consensus	8	Chr1	8212503	8346812	34	TRUE	TRUE
bgs_V2_c1_rep9_env4	emmax_consensus	10	Chr1	8212503	8346812	34	TRUE	TRUE
bgs_V2_c1_rep9_env4	emmax_consensus	15	Chr1	8260754	8346812	22	TRUE	TRUE
bgs_V2_c1_rep9_env7	emmax_consensus	9	Chr1	8220416	8259257	9	TRUE	FALSE
bgs_V2_c1_rep10_env1	emmax_consensus	9	Chr1	7870727	7934283	9	TRUE	FALSE
bgs_V2_c1_rep10_env2	emmax_consensus	9	Chr1	8858480	8997255	19	TRUE	FALSE
bgs_V2_c1_rep10_env2	emmax_consensus	10	Chr1	8949642	8997255	10	TRUE	FALSE
bgs_V2_c1_rep10_env3	emmax_consensus	9	Chr1	13559	494546	67	TRUE	TRUE
bgs_V2_c1_rep10_env3	emmax_consensus	10	Chr1	13559	494546	67	TRUE	TRUE
bgs_V2_c1_rep10_env3	emmax_consensus	15	Chr1	13559	494546	67	TRUE	TRUE
bgs_V2_c1_rep10_env6	emmax_consensus	8	Chr1	70633	504863	36	TRUE	TRUE
bgs_V2_c1_rep10_env6	emmax_consensus	10	Chr1	29124	504863	69	TRUE	TRUE
bgs_V2_c1_rep10_env6	emmax_consensus	14	Chr1	29124	487715	58	TRUE	FALSE
bgs_V2_c1_rep10_env9	emmax_consensus	9	Chr1	672306	716439	10	TRUE	FALSE
nobgs_V0.5_c1_rep1_env2	emmax_consensus	8	Chr1	11888112	12622979	54	FALSE	FALSE
nobgs_V0.5_c1_rep1_env2	emmax_consensus	9	Chr1	11888112	12622979	54	FALSE	FALSE
nobgs_V0.5_c1_rep1_env2	emmax_consensus	16	Chr1	11888112	12622979	54	FALSE	FALSE
nobgs_V0.5_c1_rep1_env3	emmax_consensus	9	Chr1	8764401	9361131	54	TRUE	TRUE
nobgs_V0.5_c1_rep1_env3	emmax_consensus	9	Chr1	9473908	9620569	12	FALSE	TRUE
nobgs_V0.5_c1_rep1_env3	emmax_consensus	9	Chr1	10583680	10929773	63	FALSE	TRUE
nobgs_V0.5_c1_rep1_env3	emmax_consensus	9	Chr1	15695220	16331942	153	TRUE	TRUE
nobgs_V0.5_c1_rep1_env3	emmax_consensus	11	Chr1	8764401	9361131	54	TRUE	TRUE
nobgs_V0.5_c1_rep1_env3	emmax_consensus	11	Chr1	9473908	9620569	12	FALSE	TRUE
nobgs_V0.5_c1_rep1_env3	emmax_consensus	11	Chr1	10583680	10668138	11	FALSE	FALSE
nobgs_V0.5_c1_rep1_env3	emmax_consensus	11	Chr1	10724617	10929773	43	FALSE	TRUE
nobgs_V0.5_c1_rep1_env3	emmax_consensus	11	Chr1	15695220	16331942	125	TRUE	TRUE
nobgs_V0.5_c1_rep1_env3	emmax_consensus	18	Chr1	8764401	9361131	43	TRUE	TRUE
nobgs_V0.5_c1_rep1_env3	emmax_consensus	18	Chr1	10724617	10865602	26	FALSE	TRUE
nobgs_V0.5_c1_rep1_env3	emmax_consensus	18	Chr1	15740611	15841314	18	TRUE	FALSE
nobgs_V0.5_c1_rep1_env3	emmax_consensus	18	Chr1	15827311	16000101	29	FALSE	TRUE
nobgs_V0.5_c1_rep1_env3	emmax_consensus	18	Chr1	16111429	16262055	20	TRUE	TRUE
nobgs_V0.5_c1_rep1_env6	emmax_consensus	8	Chr1	19096550	19247143	26	FALSE	TRUE
nobgs_V0.5_c1_rep1_env6	emmax_consensus	10	Chr1	19096550	19247143	26	FALSE	TRUE
nobgs_V0.5_c1_rep1_env6	emmax_consensus	18	Chr1	19096550	19247143	26	FALSE	TRUE
nobgs_V0.5_c1_rep1_env7	emmax_consensus	9	Chr1	13394658	15552634	11	TRUE	FALSE
nobgs_V0.5_c1_rep1_env7	emmax_consensus	11	Chr1	13394658	15552634	46	TRUE	FALSE
nobgs_V0.5_c1_rep1_env7	emmax_consensus	18	Chr1	13446650	13569185	35	TRUE	FALSE
nobgs_V0.5_c1_rep1_env8	emmax_consensus	8	Chr1	16313024	16418632	15	FALSE	TRUE
nobgs_V0.5_c1_rep1_env8	emmax_consensus	8	Chr1	17327591	17492574	16	FALSE	FALSE
nobgs_V0.5_c1_rep1_env8	emmax_consensus	10	Chr1	16313024	16418632	15	FALSE	TRUE
nobgs_V0.5_c1_rep1_env8	emmax_consensus	10	Chr1	17327591	17492574	16	FALSE	FALSE
nobgs_V0.5_c1_rep1_env8	emmax_consensus	10	Chr1	18973541	19064363	10	FALSE	FALSE
nobgs_V0.5_c1_rep1_env8	emmax_consensus	15	Chr1	16313024	16418632	15	FALSE	TRUE
nobgs_V0.5_c1_rep1_env8	emmax_consensus	15	Chr1	17327591	17492574	16	FALSE	FALSE
nobgs_V0.5_c1_rep1_env10	emmax_consensus	8	Chr1	10398286	10783737	49	TRUE	TRUE
nobgs_V0.5_c1_rep1_env10	emmax_consensus	10	Chr1	10398286	10518166	10	TRUE	TRUE
nobgs_V0.5_c1_rep1_env10	emmax_consensus	10	Chr1	10583353	10783737	31	FALSE	FALSE
nobgs_V0.5_c1_rep1_env10	emmax_consensus	16	Chr1	10694139	10783737	18	FALSE	FALSE
nobgs_V0.5_c1_rep2_env1	emmax_consensus	12	Chr1	12207029	12784182	94	TRUE	TRUE
nobgs_V0.5_c1_rep2_env1	emmax_consensus	12	Chr2	11265020	11371763	13	FALSE	FALSE
nobgs_V0.5_c1_rep2_env1	emmax_consensus	14	Chr1	12207029	12784182	94	TRUE	TRUE
nobgs_V0.5_c1_rep2_env1	emmax_consensus	21	Chr1	11944323	12033478	28	FALSE	FALSE
nobgs_V0.5_c1_rep2_env1	emmax_consensus	21	Chr1	12207029	12289804	29	FALSE	TRUE
nobgs_V0.5_c1_rep2_env1	emmax_consensus	21	Chr1	12392049	12784182	49	TRUE	TRUE
nobgs_V0.5_c1_rep2_env3	emmax_consensus	11	Chr1	11638869	11697790	13	FALSE	FALSE
nobgs_V0.5_c1_rep2_env3	emmax_consensus	11	Chr1	13873169	13996091	12	FALSE	FALSE
nobgs_V0.5_c1_rep2_env3	emmax_consensus	11	Chr1	13930751	15986754	483	TRUE	TRUE
nobgs_V0.5_c1_rep2_env3	emmax_consensus	11	Chr1	16091535	16136340	11	FALSE	FALSE
nobgs_V0.5_c1_rep2_env3	emmax_consensus	15	Chr1	13930751	15920090	459	TRUE	TRUE
nobgs_V0.5_c1_rep2_env3	emmax_consensus	26	Chr1	14410494	15920090	370	TRUE	TRUE
nobgs_V0.5_c1_rep2_env8	emmax_consensus	11	Chr1	15414721	15919809	53	TRUE	TRUE
nobgs_V0.5_c1_rep2_env8	emmax_consensus	13	Chr1	15414721	15919809	53	TRUE	TRUE
nobgs_V0.5_c1_rep2_env8	emmax_consensus	19	Chr1	15589331	15782299	22	TRUE	TRUE
nobgs_V0.5_c1_rep3_env1	emmax_consensus	8	Chr1	3597671	3624696	8	FALSE	FALSE
nobgs_V0.5_c1_rep3_env1	emmax_consensus	8	Chr1	5347634	5737683	61	TRUE	TRUE
nobgs_V0.5_c1_rep3_env1	emmax_consensus	8	Chr1	10629562	10654823	9	FALSE	FALSE
nobgs_V0.5_c1_rep3_env1	emmax_consensus	8	Chr2	4836059	4876468	8	FALSE	FALSE
nobgs_V0.5_c1_rep3_env1	emmax_consensus	9	Chr1	5347634	5737683	53	TRUE	TRUE
nobgs_V0.5_c1_rep3_env1	emmax_consensus	9	Chr1	10629562	10654823	9	FALSE	FALSE
nobgs_V0.5_c1_rep3_env1	emmax_consensus	13	Chr1	5347634	5626257	32	TRUE	TRUE
nobgs_V0.5_c1_rep3_env3	emmax_consensus	8	Chr1	9605495	9809964	30	TRUE	TRUE
nobgs_V0.5_c1_rep3_env3	emmax_consensus	10	Chr1	18184	456702	20	FALSE	FALSE
nobgs_V0.5_c1_rep3_env3	emmax_consensus	10	Chr1	9605495	9809964	30	TRUE	TRUE
nobgs_V0.5_c1_rep3_env3	emmax_consensus	14	Chr1	18184	456702	20	FALSE	FALSE
nobgs_V0.5_c1_rep3_env3	emmax_consensus	14	Chr1	9605495	9759797	19	TRUE	TRUE
nobgs_V0.5_c1_rep3_env5	emmax_consensus	8	Chr1	8709370	8772253	13	FALSE	FALSE
nobgs_V0.5_c1_rep3_env5	emmax_consensus	9	Chr1	8709370	8772253	13	FALSE	FALSE
nobgs_V0.5_c1_rep3_env5	emmax_consensus	11	Chr1	8709370	8772253	13	FALSE	FALSE
nobgs_V0.5_c1_rep3_env7	emmax_consensus	8	Chr1	11507276	11547979	10	TRUE	FALSE
nobgs_V0.5_c1_rep3_env8	emmax_consensus	8	Chr1	2354533	3705924	209	TRUE	TRUE
nobgs_V0.5_c1_rep3_env8	emmax_consensus	8	Chr1	2883555	2979267	8	FALSE	FALSE
nobgs_V0.5_c1_rep3_env8	emmax_consensus	8	Chr1	3783035	3916211	19	FALSE	TRUE
nobgs_V0.5_c1_rep3_env8	emmax_consensus	8	Chr1	4330538	4350774	8	FALSE	FALSE
nobgs_V0.5_c1_rep3_env8	emmax_consensus	10	Chr1	2386498	2929545	86	TRUE	TRUE
nobgs_V0.5_c1_rep3_env8	emmax_consensus	10	Chr1	3009801	3705924	91	TRUE	TRUE
nobgs_V0.5_c1_rep3_env8	emmax_consensus	10	Chr1	3420684	3489721	36	FALSE	TRUE
nobgs_V0.5_c1_rep3_env8	emmax_consensus	10	Chr1	3511852	3582406	16	TRUE	FALSE
nobgs_V0.5_c1_rep3_env8	emmax_consensus	10	Chr1	3783035	3916211	19	FALSE	TRUE
nobgs_V0.5_c1_rep3_env8	emmax_consensus	16	Chr1	2386498	2489067	28	TRUE	FALSE
nobgs_V0.5_c1_rep3_env8	emmax_consensus	16	Chr1	2766802	2929545	27	FALSE	TRUE
nobgs_V0.5_c1_rep3_env8	emmax_consensus	16	Chr1	3009801	3110680	18	FALSE	TRUE
nobgs_V0.5_c1_rep3_env8	emmax_consensus	16	Chr1	3250761	3705924	100	TRUE	TRUE
nobgs_V0.5_c1_rep3_env8	emmax_consensus	16	Chr1	3783035	3916211	19	FALSE	TRUE
nobgs_V0.5_c1_rep3_env9	emmax_consensus	7	Chr1	15317483	15360195	10	TRUE	TRUE
nobgs_V0.5_c1_rep3_env9	emmax_consensus	8	Chr1	15317483	15360195	10	TRUE	TRUE
nobgs_V0.5_c1_rep4_env1	emmax_consensus	13	Chr1	16743633	17429761	43	TRUE	FALSE
nobgs_V0.5_c1_rep4_env2	emmax_consensus	11	Chr1	18821201	18899887	11	TRUE	TRUE
nobgs_V0.5_c1_rep4_env3	emmax_consensus	12	Chr1	30004578	30108874	14	TRUE	TRUE
nobgs_V0.5_c1_rep4_env4	emmax_consensus	13	Chr1	18734076	19579958	68	TRUE	TRUE
nobgs_V0.5_c1_rep4_env4	emmax_consensus	17	Chr1	18734076	19579958	68	TRUE	TRUE
nobgs_V0.5_c1_rep4_env4	emmax_consensus	30	Chr1	18734076	19359811	39	TRUE	TRUE
nobgs_V0.5_c1_rep4_env5	emmax_consensus	12	Chr1	35531	300067	15	FALSE	FALSE
nobgs_V0.5_c1_rep4_env5	emmax_consensus	12	Chr1	20530870	20719152	13	FALSE	FALSE
nobgs_V0.5_c1_rep4_env5	emmax_consensus	12	Chr1	22673935	23933341	95	FALSE	TRUE
nobgs_V0.5_c1_rep4_env5	emmax_consensus	12	Chr1	24347215	27266523	341	TRUE	TRUE
nobgs_V0.5_c1_rep4_env5	emmax_consensus	12	Chr1	26060167	27598092	129	TRUE	TRUE
nobgs_V0.5_c1_rep4_env5	emmax_consensus	12	Chr1	27275896	27476291	17	TRUE	FALSE
nobgs_V0.5_c1_rep4_env5	emmax_consensus	12	Chr2	24931227	25321088	28	FALSE	FALSE
nobgs_V0.5_c1_rep4_env5	emmax_consensus	17	Chr1	23007104	23933341	81	FALSE	TRUE
nobgs_V0.5_c1_rep4_env5	emmax_consensus	17	Chr1	24347215	27266523	341	TRUE	TRUE
nobgs_V0.5_c1_rep4_env5	emmax_consensus	17	Chr1	26318439	27598092	115	TRUE	TRUE
nobgs_V0.5_c1_rep4_env5	emmax_consensus	17	Chr1	27275896	27476291	17	TRUE	FALSE
nobgs_V0.5_c1_rep4_env5	emmax_consensus	17	Chr2	24931227	25321088	28	FALSE	FALSE
nobgs_V0.5_c1_rep4_env5	emmax_consensus	24	Chr1	23007104	23994642	144	FALSE	TRUE
nobgs_V0.5_c1_rep4_env5	emmax_consensus	24	Chr1	24347215	26083807	239	TRUE	TRUE
nobgs_V0.5_c1_rep4_env5	emmax_consensus	24	Chr1	26318439	27421174	88	TRUE	TRUE
nobgs_V0.5_c1_rep4_env5	emmax_consensus	24	Chr1	26368390	27266523	81	TRUE	TRUE
nobgs_V0.5_c1_rep4_env5	emmax_consensus	24	Chr1	27452942	27598092	27	FALSE	TRUE
nobgs_V0.5_c1_rep4_env5	emmax_consensus	24	Chr2	24931227	25321088	28	FALSE	FALSE
nobgs_V0.5_c1_rep4_env6	emmax_consensus	11	Chr2	21349215	21451889	16	FALSE	FALSE
nobgs_V0.5_c1_rep4_env6	emmax_consensus	15	Chr2	21349215	21451889	16	FALSE	FALSE
nobgs_V0.5_c1_rep4_env7	emmax_consensus	21	Chr2	27265338	27506203	26	FALSE	FALSE
nobgs_V0.5_c1_rep4_env8	emmax_consensus	12	Chr1	12756199	12859382	12	TRUE	TRUE
nobgs_V0.5_c1_rep4_env9	emmax_consensus	22	Chr2	41478	348962	23	FALSE	FALSE
nobgs_V0.5_c1_rep4_env10	emmax_consensus	12	Chr1	27137277	27338568	15	TRUE	FALSE
nobgs_V0.5_c1_rep4_env10	emmax_consensus	14	Chr1	27137277	27338568	15	TRUE	FALSE
nobgs_V0.5_c1_rep5_env1	emmax_consensus	14	Chr1	9430	492610	171	TRUE	FALSE
nobgs_V0.5_c1_rep5_env2	emmax_consensus	9	Chr1	583075	682719	32	TRUE	TRUE
nobgs_V0.5_c1_rep5_env2	emmax_consensus	9	Chr1	641693	683402	9	TRUE	FALSE
nobgs_V0.5_c1_rep5_env2	emmax_consensus	9	Chr2	6409855	6440702	11	FALSE	FALSE
nobgs_V0.5_c1_rep5_env2	emmax_consensus	11	Chr1	583075	649806	22	TRUE	FALSE
nobgs_V0.5_c1_rep5_env2	emmax_consensus	11	Chr2	6409855	6440702	11	FALSE	FALSE
nobgs_V0.5_c1_rep5_env3	emmax_consensus	8	Chr1	3757577	3813402	10	TRUE	TRUE
nobgs_V0.5_c1_rep5_env3	emmax_consensus	8	Chr2	835076	868463	8	FALSE	FALSE
nobgs_V0.5_c1_rep5_env3	emmax_consensus	10	Chr1	3757577	3813402	10	TRUE	TRUE
nobgs_V0.5_c1_rep5_env6	emmax_consensus	8	Chr1	6457975	7423701	354	TRUE	TRUE
nobgs_V0.5_c1_rep5_env6	emmax_consensus	8	Chr1	6476481	6529289	13	FALSE	FALSE
nobgs_V0.5_c1_rep5_env6	emmax_consensus	8	Chr1	7439528	7472416	9	TRUE	TRUE
nobgs_V0.5_c1_rep5_env6	emmax_consensus	8	Chr1	7485816	7514335	10	FALSE	FALSE
nobgs_V0.5_c1_rep5_env6	emmax_consensus	8	Chr2	1767126	1785004	9	FALSE	FALSE
nobgs_V0.5_c1_rep5_env6	emmax_consensus	9	Chr1	6457975	7423701	354	TRUE	TRUE
nobgs_V0.5_c1_rep5_env6	emmax_consensus	9	Chr1	6476481	6529289	13	FALSE	FALSE
nobgs_V0.5_c1_rep5_env6	emmax_consensus	9	Chr1	7439528	7472416	9	TRUE	TRUE
nobgs_V0.5_c1_rep5_env6	emmax_consensus	9	Chr1	7485816	7514335	10	FALSE	FALSE
nobgs_V0.5_c1_rep5_env6	emmax_consensus	9	Chr2	1767126	1785004	9	FALSE	FALSE
nobgs_V0.5_c1_rep5_env6	emmax_consensus	25	Chr1	6457975	7353699	293	TRUE	TRUE
nobgs_V0.5_c1_rep5_env10	emmax_consensus	9	Chr1	12052166	12072124	10	TRUE	TRUE
nobgs_V0.5_c1_rep6_env1	emmax_consensus	8	Chr1	10166457	10297088	22	FALSE	FALSE
nobgs_V0.5_c1_rep6_env1	emmax_consensus	8	Chr1	10429476	10683447	51	TRUE	FALSE
nobgs_V0.5_c1_rep6_env1	emmax_consensus	8	Chr1	11067107	11107401	8	FALSE	FALSE
nobgs_V0.5_c1_rep6_env1	emmax_consensus	9	Chr1	10166457	10297088	22	FALSE	FALSE
nobgs_V0.5_c1_rep6_env1	emmax_consensus	9	Chr1	10429476	10683447	51	TRUE	FALSE
nobgs_V0.5_c1_rep6_env1	emmax_consensus	13	Chr1	10166457	10297088	22	FALSE	FALSE
nobgs_V0.5_c1_rep6_env1	emmax_consensus	13	Chr1	10429476	10683447	51	TRUE	FALSE
nobgs_V0.5_c1_rep6_env2	emmax_consensus	7	Chr1	2038946	2095254	8	TRUE	TRUE
nobgs_V0.5_c1_rep6_env2	emmax_consensus	7	Chr1	8696015	8706134	7	FALSE	FALSE
nobgs_V0.5_c1_rep6_env3	emmax_consensus	8	Chr1	12635325	12739713	9	TRUE	TRUE
nobgs_V0.5_c1_rep6_env3	emmax_consensus	8	Chr1	12742098	12768029	8	TRUE	TRUE
nobgs_V0.5_c1_rep6_env3	emmax_consensus	9	Chr1	12635325	12739713	9	TRUE	TRUE
nobgs_V0.5_c1_rep6_env4	emmax_consensus	7	Chr1	2482081	2496507	8	TRUE	FALSE
nobgs_V0.5_c1_rep6_env4	emmax_consensus	7	Chr1	10688466	10746758	7	FALSE	FALSE
nobgs_V0.5_c1_rep6_env4	emmax_consensus	8	Chr1	2482081	2496507	8	TRUE	FALSE
nobgs_V0.5_c1_rep6_env5	emmax_consensus	9	Chr1	5060822	5516752	66	TRUE	TRUE
nobgs_V0.5_c1_rep6_env5	emmax_consensus	9	Chr1	8424926	8749899	60	TRUE	TRUE
nobgs_V0.5_c1_rep6_env5	emmax_consensus	9	Chr1	8459495	8525801	10	FALSE	FALSE
nobgs_V0.5_c1_rep6_env5	emmax_consensus	10	Chr1	5060822	5433208	57	TRUE	TRUE
nobgs_V0.5_c1_rep6_env5	emmax_consensus	10	Chr1	6728855	6872716	19	FALSE	FALSE
nobgs_V0.5_c1_rep6_env5	emmax_consensus	10	Chr1	8424926	8749899	60	TRUE	TRUE
nobgs_V0.5_c1_rep6_env5	emmax_consensus	10	Chr1	8459495	8525801	10	FALSE	FALSE
nobgs_V0.5_c1_rep6_env5	emmax_consensus	17	Chr1	5060822	5433208	57	TRUE	TRUE
nobgs_V0.5_c1_rep6_env5	emmax_consensus	17	Chr1	6728855	6872716	19	FALSE	FALSE
nobgs_V0.5_c1_rep6_env5	emmax_consensus	17	Chr1	8685599	8749899	17	TRUE	FALSE
nobgs_V0.5_c1_rep6_env6	emmax_consensus	7	Chr1	10110247	10220383	11	FALSE	TRUE
nobgs_V0.5_c1_rep6_env6	emmax_consensus	7	Chr1	10674479	10728487	7	FALSE	TRUE
nobgs_V0.5_c1_rep6_env6	emmax_consensus	9	Chr1	10110247	10220383	11	FALSE	TRUE
nobgs_V0.5_c1_rep6_env8	emmax_consensus	10	Chr1	6759746	6878653	15	FALSE	FALSE
nobgs_V0.5_c1_rep6_env8	emmax_consensus	10	Chr1	6918907	6987569	16	FALSE	FALSE
nobgs_V0.5_c1_rep6_env8	emmax_consensus	10	Chr1	7058236	7183967	17	FALSE	FALSE
nobgs_V0.5_c1_rep6_env8	emmax_consensus	10	Chr1	10048270	10126758	16	TRUE	FALSE
nobgs_V0.5_c1_rep7_env1	emmax_consensus	10	Chr1	14364977	14566476	13	FALSE	FALSE
nobgs_V0.5_c1_rep7_env1	emmax_consensus	10	Chr1	14600362	15030263	29	TRUE	FALSE
nobgs_V0.5_c1_rep7_env1	emmax_consensus	10	Chr1	15985824	16202558	13	FALSE	TRUE
nobgs_V0.5_c1_rep7_env1	emmax_consensus	10	Chr1	15991632	16058523	10	FALSE	FALSE
nobgs_V0.5_c1_rep7_env1	emmax_consensus	10	Chr1	17151240	17258157	10	FALSE	FALSE
nobgs_V0.5_c1_rep7_env1	emmax_consensus	10	Chr1	21247758	21390112	11	TRUE	TRUE
nobgs_V0.5_c1_rep7_env1	emmax_consensus	10	Chr2	12939499	13412454	19	FALSE	FALSE
nobgs_V0.5_c1_rep7_env1	emmax_consensus	13	Chr1	14364977	14566476	13	FALSE	FALSE
nobgs_V0.5_c1_rep7_env1	emmax_consensus	13	Chr1	14600362	15030263	29	TRUE	FALSE
nobgs_V0.5_c1_rep7_env1	emmax_consensus	13	Chr1	15985824	16202558	13	FALSE	TRUE
nobgs_V0.5_c1_rep7_env1	emmax_consensus	13	Chr2	12939499	13412454	19	FALSE	FALSE
nobgs_V0.5_c1_rep7_env1	emmax_consensus	18	Chr1	14600362	15030263	29	TRUE	FALSE
nobgs_V0.5_c1_rep7_env1	emmax_consensus	18	Chr2	12939499	13412454	19	FALSE	FALSE
nobgs_V0.5_c1_rep7_env2	emmax_consensus	10	Chr1	6408180	6563281	22	TRUE	TRUE
nobgs_V0.5_c1_rep7_env2	emmax_consensus	10	Chr1	17936480	17982012	10	FALSE	FALSE
nobgs_V0.5_c1_rep7_env2	emmax_consensus	12	Chr1	6496034	6563281	12	TRUE	TRUE
nobgs_V0.5_c1_rep7_env3	emmax_consensus	11	Chr1	17264895	18262641	90	TRUE	TRUE
nobgs_V0.5_c1_rep7_env3	emmax_consensus	13	Chr1	17264895	18165763	78	TRUE	FALSE
nobgs_V0.5_c1_rep7_env3	emmax_consensus	18	Chr1	17264895	18165763	78	TRUE	FALSE
nobgs_V0.5_c1_rep7_env6	emmax_consensus	11	Chr1	6454825	6536854	17	TRUE	TRUE
nobgs_V0.5_c1_rep7_env6	emmax_consensus	13	Chr1	6454825	6536854	17	TRUE	TRUE
nobgs_V0.5_c1_rep7_env8	emmax_consensus	11	Chr1	16968603	17090566	11	FALSE	TRUE
nobgs_V0.5_c1_rep7_env8	emmax_consensus	11	Chr1	17496021	17728403	15	FALSE	TRUE
nobgs_V0.5_c1_rep7_env8	emmax_consensus	11	Chr1	17923740	18034426	14	TRUE	TRUE
nobgs_V0.5_c1_rep7_env8	emmax_consensus	11	Chr1	18184836	18557802	29	FALSE	TRUE
nobgs_V0.5_c1_rep7_env8	emmax_consensus	11	Chr1	20045930	20168054	12	FALSE	FALSE
nobgs_V0.5_c1_rep7_env8	emmax_consensus	13	Chr1	17496021	17728403	15	FALSE	TRUE
nobgs_V0.5_c1_rep7_env8	emmax_consensus	13	Chr1	17923740	18034426	14	TRUE	TRUE
nobgs_V0.5_c1_rep7_env8	emmax_consensus	13	Chr1	18184836	18557802	18	FALSE	TRUE
nobgs_V0.5_c1_rep7_env10	emmax_consensus	10	Chr1	10108035	10152904	11	FALSE	FALSE
nobgs_V0.5_c1_rep7_env10	emmax_consensus	10	Chr1	14407239	15925286	153	TRUE	TRUE
nobgs_V0.5_c1_rep7_env10	emmax_consensus	10	Chr1	15530642	15628473	17	FALSE	FALSE
nobgs_V0.5_c1_rep7_env10	emmax_consensus	10	Chr1	15985930	16089224	11	FALSE	TRUE
nobgs_V0.5_c1_rep7_env10	emmax_consensus	12	Chr1	14407239	15925286	153	TRUE	TRUE
nobgs_V0.5_c1_rep7_env10	emmax_consensus	12	Chr1	15530642	15628473	17	FALSE	FALSE
nobgs_V0.5_c1_rep7_env10	emmax_consensus	19	Chr1	14407239	15925286	153	TRUE	TRUE
nobgs_V0.5_c1_rep8_env1	emmax_consensus	8	Chr1	12347017	12791923	42	TRUE	FALSE
nobgs_V0.5_c1_rep8_env1	emmax_consensus	10	Chr1	12347017	12791923	42	TRUE	FALSE
nobgs_V0.5_c1_rep8_env1	emmax_consensus	13	Chr1	12399584	12791923	30	TRUE	FALSE
nobgs_V0.5_c1_rep8_env2	emmax_consensus	8	Chr1	9705998	10019705	17	TRUE	TRUE
nobgs_V0.5_c1_rep8_env2	emmax_consensus	10	Chr1	9705998	10019705	17	TRUE	TRUE
nobgs_V0.5_c1_rep8_env2	emmax_consensus	15	Chr1	9705998	10019705	17	TRUE	TRUE
nobgs_V0.5_c1_rep8_env3	emmax_consensus	8	Chr1	11452329	11733771	34	TRUE	TRUE
nobgs_V0.5_c1_rep8_env3	emmax_consensus	8	Chr1	11842395	11901374	11	FALSE	FALSE
nobgs_V0.5_c1_rep8_env3	emmax_consensus	8	Chr1	12708597	12806113	11	TRUE	FALSE
nobgs_V0.5_c1_rep8_env3	emmax_consensus	9	Chr1	11452329	11733771	34	TRUE	TRUE
nobgs_V0.5_c1_rep8_env3	emmax_consensus	9	Chr1	11842395	11901374	11	FALSE	FALSE
nobgs_V0.5_c1_rep8_env3	emmax_consensus	9	Chr1	12708597	12806113	11	TRUE	FALSE
nobgs_V0.5_c1_rep8_env3	emmax_consensus	12	Chr1	11452329	11733771	24	TRUE	TRUE
nobgs_V0.5_c1_rep8_env4	emmax_consensus	7	Chr1	60009	497029	12	TRUE	FALSE
nobgs_V0.5_c1_rep8_env4	emmax_consensus	7	Chr1	19083101	19242809	39	TRUE	TRUE
nobgs_V0.5_c1_rep8_env4	emmax_consensus	8	Chr1	60009	497029	12	TRUE	FALSE
nobgs_V0.5_c1_rep8_env4	emmax_consensus	8	Chr1	19083101	19159751	25	TRUE	FALSE
nobgs_V0.5_c1_rep8_env4	emmax_consensus	13	Chr1	19126257	19159751	16	TRUE	FALSE
nobgs_V0.5_c1_rep8_env6	emmax_consensus	8	Chr1	19162770	19212959	10	TRUE	TRUE
nobgs_V0.5_c1_rep8_env6	emmax_consensus	9	Chr1	19162770	19212959	10	TRUE	TRUE
nobgs_V0.5_c1_rep8_env9	emmax_consensus	8	Chr1	12160596	12848943	67	TRUE	TRUE
nobgs_V0.5_c1_rep8_env9	emmax_consensus	10	Chr1	12160596	12848943	67	TRUE	TRUE
nobgs_V0.5_c1_rep8_env9	emmax_consensus	14	Chr1	12241072	12848943	56	TRUE	TRUE
nobgs_V0.5_c1_rep8_env10	emmax_consensus	8	Chr1	9867878	9960232	9	TRUE	TRUE
nobgs_V0.5_c1_rep8_env10	emmax_consensus	9	Chr1	9867878	9960232	9	TRUE	TRUE
nobgs_V0.5_c1_rep9_env2	emmax_consensus	8	Chr1	3702447	3725999	10	FALSE	FALSE
nobgs_V0.5_c1_rep9_env3	emmax_consensus	8	Chr1	15816458	16494901	27	TRUE	TRUE
nobgs_V0.5_c1_rep9_env3	emmax_consensus	10	Chr1	3443874	3502116	18	FALSE	FALSE
nobgs_V0.5_c1_rep9_env3	emmax_consensus	10	Chr1	15816458	16494901	27	TRUE	TRUE
nobgs_V0.5_c1_rep9_env3	emmax_consensus	14	Chr1	3443874	3502116	18	FALSE	FALSE
nobgs_V0.5_c1_rep9_env3	emmax_consensus	14	Chr1	15816458	16494901	17	TRUE	TRUE
nobgs_V0.5_c1_rep9_env7	emmax_consensus	8	Chr2	19779317	19815577	9	FALSE	FALSE
nobgs_V0.5_c1_rep9_env7	emmax_consensus	9	Chr2	19779317	19815577	9	FALSE	FALSE
nobgs_V0.5_c1_rep10_env2	emmax_consensus	8	Chr1	8903585	8963526	14	TRUE	TRUE
nobgs_V0.5_c1_rep10_env2	emmax_consensus	8	Chr1	11072699	11135066	10	FALSE	FALSE
nobgs_V0.5_c1_rep10_env2	emmax_consensus	10	Chr1	8903585	8963526	14	TRUE	TRUE
nobgs_V0.5_c1_rep10_env2	emmax_consensus	10	Chr1	11072699	11135066	10	FALSE	FALSE
nobgs_V0.5_c1_rep10_env3	emmax_consensus	8	Chr1	967111	1052276	9	TRUE	TRUE
nobgs_V0.5_c1_rep10_env3	emmax_consensus	8	Chr1	8922490	8966068	11	TRUE	TRUE
nobgs_V0.5_c1_rep10_env3	emmax_consensus	10	Chr1	8910775	8966068	22	TRUE	TRUE
nobgs_V0.5_c1_rep10_env3	emmax_consensus	10	Chr1	8971111	9068562	21	TRUE	FALSE
nobgs_V0.5_c1_rep10_env5	emmax_consensus	9	Chr1	4325095	4687009	15	TRUE	TRUE
nobgs_V0.5_c1_rep10_env5	emmax_consensus	11	Chr1	4325095	4687009	15	TRUE	TRUE
nobgs_V0.5_c1_rep10_env6	emmax_consensus	8	Chr1	11735557	11763075	9	TRUE	TRUE
nobgs_V0.5_c1_rep10_env6	emmax_consensus	9	Chr1	11735557	11763075	9	TRUE	TRUE
nobgs_V0.5_c1_rep10_env7	emmax_consensus	8	Chr1	6055309	6126908	17	TRUE	FALSE
nobgs_V0.5_c1_rep10_env7	emmax_consensus	10	Chr1	6055309	6126908	17	TRUE	FALSE
nobgs_V0.5_c1_rep10_env7	emmax_consensus	17	Chr1	6055309	6126908	17	TRUE	FALSE
nobgs_V0.5_c1_rep10_env8	emmax_consensus	8	Chr1	2819187	2855125	8	TRUE	TRUE
nobgs_V1_c1_rep1_env1	emmax_consensus	8	Chr1	7295	339256	118	TRUE	FALSE
nobgs_V1_c1_rep1_env1	emmax_consensus	9	Chr1	7295	339256	118	TRUE	FALSE
nobgs_V1_c1_rep1_env1	emmax_consensus	14	Chr1	7295	339256	118	TRUE	FALSE
nobgs_V1_c1_rep1_env2	emmax_consensus	8	Chr2	11931073	12079879	12	FALSE	FALSE
nobgs_V1_c1_rep1_env2	emmax_consensus	9	Chr2	11931073	12079879	12	FALSE	FALSE
nobgs_V1_c1_rep1_env5	emmax_consensus	9	Chr1	11920375	12469234	56	TRUE	TRUE
nobgs_V1_c1_rep1_env5	emmax_consensus	11	Chr1	11920375	12469234	68	TRUE	TRUE
nobgs_V1_c1_rep1_env5	emmax_consensus	11	Chr1	12269385	12523041	20	FALSE	FALSE
nobgs_V1_c1_rep1_env5	emmax_consensus	19	Chr1	11920375	12469234	56	TRUE	TRUE
nobgs_V1_c1_rep1_env5	emmax_consensus	19	Chr1	12269385	12523041	20	FALSE	FALSE
nobgs_V1_c1_rep1_env6	emmax_consensus	8	Chr1	13383114	13559722	8	FALSE	FALSE
nobgs_V1_c1_rep1_env6	emmax_consensus	8	Chr1	15917669	15984892	11	FALSE	FALSE
nobgs_V1_c1_rep1_env6	emmax_consensus	10	Chr1	15917669	15984892	11	FALSE	FALSE
nobgs_V1_c1_rep2_env1	emmax_consensus	11	Chr1	7597926	7839458	43	TRUE	TRUE
nobgs_V1_c1_rep2_env1	emmax_consensus	13	Chr1	7638049	7839458	31	TRUE	TRUE
nobgs_V1_c1_rep2_env4	emmax_consensus	10	Chr1	15419052	15495811	16	TRUE	FALSE
nobgs_V1_c1_rep2_env4	emmax_consensus	13	Chr1	15294136	15410924	18	FALSE	FALSE
nobgs_V1_c1_rep2_env4	emmax_consensus	13	Chr1	15419052	15495811	16	TRUE	FALSE
nobgs_V1_c1_rep2_env4	emmax_consensus	18	Chr1	15294136	15410924	18	FALSE	FALSE
nobgs_V1_c1_rep2_env9	emmax_consensus	10	Chr1	11802301	11845118	11	FALSE	FALSE
nobgs_V1_c1_rep2_env10	emmax_consensus	10	Chr1	16654913	16983935	19	TRUE	TRUE
nobgs_V1_c1_rep2_env10	emmax_consensus	10	Chr2	12526751	12575174	11	FALSE	FALSE
nobgs_V1_c1_rep2_env10	emmax_consensus	12	Chr1	16654913	16983935	19	TRUE	TRUE
nobgs_V1_c1_rep2_env10	emmax_consensus	18	Chr1	16654913	16983935	19	TRUE	TRUE
nobgs_V1_c1_rep3_env2	emmax_consensus	7	Chr1	3018990	3062170	12	FALSE	FALSE
nobgs_V1_c1_rep3_env2	emmax_consensus	7	Chr1	3246519	3311329	15	FALSE	FALSE
nobgs_V1_c1_rep3_env2	emmax_consensus	7	Chr1	3360360	3702430	72	TRUE	TRUE
nobgs_V1_c1_rep3_env2	emmax_consensus	7	Chr1	3716125	3775731	17	TRUE	FALSE
nobgs_V1_c1_rep3_env2	emmax_consensus	9	Chr1	3018990	3062170	12	FALSE	FALSE
nobgs_V1_c1_rep3_env2	emmax_consensus	9	Chr1	3246519	3311329	15	FALSE	FALSE
nobgs_V1_c1_rep3_env2	emmax_consensus	9	Chr1	3360360	3702430	72	TRUE	TRUE
nobgs_V1_c1_rep3_env2	emmax_consensus	9	Chr1	3716125	3775731	17	TRUE	FALSE
nobgs_V1_c1_rep3_env2	emmax_consensus	15	Chr1	20060	422150	22	FALSE	FALSE
nobgs_V1_c1_rep3_env2	emmax_consensus	15	Chr1	3246519	3775731	93	TRUE	TRUE
nobgs_V1_c1_rep3_env5	emmax_consensus	8	Chr1	10937776	10989694	10	TRUE	TRUE
nobgs_V1_c1_rep3_env5	emmax_consensus	9	Chr1	10937776	10989694	10	TRUE	TRUE
nobgs_V1_c1_rep3_env7	emmax_consensus	7	Chr1	10961243	11041530	19	TRUE	TRUE
nobgs_V1_c1_rep3_env7	emmax_consensus	9	Chr1	10961243	11041530	19	TRUE	TRUE
nobgs_V1_c1_rep3_env8	emmax_consensus	7	Chr1	11918139	11941670	7	TRUE	TRUE
nobgs_V1_c1_rep4_env1	emmax_consensus	13	Chr1	19255136	19273189	13	FALSE	FALSE
nobgs_V1_c1_rep4_env1	emmax_consensus	13	Chr1	19283346	19826773	124	TRUE	TRUE
nobgs_V1_c1_rep4_env1	emmax_consensus	16	Chr1	19283346	19826773	124	TRUE	TRUE
nobgs_V1_c1_rep4_env1	emmax_consensus	25	Chr1	19283346	19826773	83	TRUE	TRUE
nobgs_V1_c1_rep4_env3	emmax_consensus	11	Chr1	11164245	11296976	18	TRUE	TRUE
nobgs_V1_c1_rep4_env3	emmax_consensus	14	Chr1	11164245	11296976	18	TRUE	TRUE
nobgs_V1_c1_rep4_env4	emmax_consensus	12	Chr1	19265158	19814018	106	TRUE	TRUE
nobgs_V1_c1_rep4_env4	emmax_consensus	12	Chr1	19291950	19378028	15	TRUE	TRUE
nobgs_V1_c1_rep4_env4	emmax_consensus	16	Chr1	19265158	19814018	106	TRUE	TRUE
nobgs_V1_c1_rep4_env4	emmax_consensus	16	Chr1	20758072	21024397	18	FALSE	FALSE
nobgs_V1_c1_rep4_env4	emmax_consensus	26	Chr1	19265158	19736061	90	TRUE	TRUE
nobgs_V1_c1_rep4_env5	emmax_consensus	12	Chr1	22956870	23715456	79	FALSE	FALSE
nobgs_V1_c1_rep4_env5	emmax_consensus	12	Chr1	24411704	25477430	99	TRUE	TRUE
nobgs_V1_c1_rep4_env5	emmax_consensus	12	Chr1	25483220	25682888	16	FALSE	TRUE
nobgs_V1_c1_rep4_env5	emmax_consensus	15	Chr1	22956870	23715456	79	FALSE	FALSE
nobgs_V1_c1_rep4_env5	emmax_consensus	15	Chr1	24411704	25477430	99	TRUE	TRUE
nobgs_V1_c1_rep4_env5	emmax_consensus	15	Chr1	25483220	25682888	16	FALSE	TRUE
nobgs_V1_c1_rep4_env5	emmax_consensus	25	Chr1	22956870	23715456	79	FALSE	FALSE
nobgs_V1_c1_rep4_env5	emmax_consensus	25	Chr1	23013992	23935612	78	FALSE	FALSE
nobgs_V1_c1_rep4_env5	emmax_consensus	25	Chr1	24411704	25477430	78	TRUE	TRUE
nobgs_V1_c1_rep4_env5	emmax_consensus	25	Chr1	24808100	25363756	26	TRUE	FALSE
nobgs_V1_c1_rep4_env6	emmax_consensus	12	Chr1	16640305	16739297	19	FALSE	TRUE
nobgs_V1_c1_rep4_env6	emmax_consensus	12	Chr1	16869871	17441317	50	TRUE	TRUE
nobgs_V1_c1_rep4_env6	emmax_consensus	15	Chr1	16640305	16739297	19	FALSE	TRUE
nobgs_V1_c1_rep4_env6	emmax_consensus	15	Chr1	16869871	17441317	37	TRUE	TRUE
nobgs_V1_c1_rep4_env7	emmax_consensus	13	Chr1	19283346	19892357	110	TRUE	TRUE
nobgs_V1_c1_rep4_env7	emmax_consensus	15	Chr1	19283346	19892357	110	TRUE	TRUE
nobgs_V1_c1_rep4_env7	emmax_consensus	25	Chr1	19356951	19728732	75	TRUE	TRUE
nobgs_V1_c1_rep4_env10	emmax_consensus	13	Chr1	27600396	27790348	13	FALSE	FALSE
nobgs_V1_c1_rep5_env1	emmax_consensus	8	Chr1	6944074	7004924	9	FALSE	FALSE
nobgs_V1_c1_rep5_env3	emmax_consensus	9	Chr1	6577670	7050390	91	TRUE	TRUE
nobgs_V1_c1_rep5_env3	emmax_consensus	9	Chr2	6780234	7248481	59	FALSE	TRUE
nobgs_V1_c1_rep5_env3	emmax_consensus	12	Chr1	6577670	7050390	91	TRUE	TRUE
nobgs_V1_c1_rep5_env3	emmax_consensus	12	Chr2	6780234	7248481	50	FALSE	TRUE
nobgs_V1_c1_rep5_env3	emmax_consensus	12	Chr2	6998301	7052826	14	FALSE	FALSE
nobgs_V1_c1_rep5_env3	emmax_consensus	32	Chr2	7011026	7248481	33	FALSE	FALSE
nobgs_V1_c1_rep5_env5	emmax_consensus	8	Chr1	4334437	4451935	36	TRUE	TRUE
nobgs_V1_c1_rep5_env5	emmax_consensus	9	Chr1	4334437	4451935	36	TRUE	TRUE
nobgs_V1_c1_rep5_env5	emmax_consensus	14	Chr1	4392326	4451935	27	TRUE	TRUE
nobgs_V1_c1_rep5_env6	emmax_consensus	8	Chr1	5958757	6034459	12	FALSE	FALSE
nobgs_V1_c1_rep5_env6	emmax_consensus	8	Chr1	6374693	6448154	8	FALSE	FALSE
nobgs_V1_c1_rep5_env6	emmax_consensus	8	Chr1	6560166	6583028	12	FALSE	FALSE
nobgs_V1_c1_rep5_env6	emmax_consensus	8	Chr1	6595094	7384661	143	TRUE	TRUE
nobgs_V1_c1_rep5_env6	emmax_consensus	8	Chr1	6776025	6851103	8	TRUE	TRUE
nobgs_V1_c1_rep5_env6	emmax_consensus	8	Chr1	6781933	6824621	18	TRUE	FALSE
nobgs_V1_c1_rep5_env6	emmax_consensus	8	Chr1	6966282	7307473	72	TRUE	TRUE
nobgs_V1_c1_rep5_env6	emmax_consensus	8	Chr1	7410551	7441030	10	TRUE	TRUE
nobgs_V1_c1_rep5_env6	emmax_consensus	13	Chr1	6658725	7384661	134	TRUE	TRUE
nobgs_V1_c1_rep5_env6	emmax_consensus	13	Chr1	6781933	6824621	18	TRUE	FALSE
nobgs_V1_c1_rep5_env6	emmax_consensus	13	Chr1	6966282	7307473	72	TRUE	TRUE
nobgs_V1_c1_rep5_env6	emmax_consensus	29	Chr1	6739267	7384661	160	TRUE	TRUE
nobgs_V1_c1_rep5_env8	emmax_consensus	8	Chr1	1560	506640	188	TRUE	FALSE
nobgs_V1_c1_rep5_env8	emmax_consensus	9	Chr1	1560	506640	188	TRUE	FALSE
nobgs_V1_c1_rep5_env8	emmax_consensus	14	Chr1	1560	506640	188	TRUE	FALSE
nobgs_V1_c1_rep6_env4	emmax_consensus	13	Chr1	22786	386520	18	FALSE	FALSE
nobgs_V1_c1_rep6_env4	emmax_consensus	13	Chr1	10395821	10476131	15	FALSE	FALSE
nobgs_V1_c1_rep6_env5	emmax_consensus	9	Chr1	2893100	2927651	15	TRUE	FALSE
nobgs_V1_c1_rep6_env5	emmax_consensus	14	Chr1	2893100	2927651	15	TRUE	FALSE
nobgs_V1_c1_rep6_env5	emmax_consensus	14	Chr1	5222544	5294350	19	TRUE	FALSE
nobgs_V1_c1_rep6_env6	emmax_consensus	8	Chr1	4716098	4852261	13	TRUE	TRUE
nobgs_V1_c1_rep6_env6	emmax_consensus	9	Chr1	4716098	4852261	13	TRUE	TRUE
nobgs_V1_c1_rep6_env10	emmax_consensus	7	Chr1	10297681	10339769	7	TRUE	FALSE
nobgs_V1_c1_rep6_env10	emmax_consensus	7	Chr1	10352475	10444918	18	TRUE	TRUE
nobgs_V1_c1_rep6_env10	emmax_consensus	8	Chr1	10352475	10444918	18	TRUE	TRUE
nobgs_V1_c1_rep6_env10	emmax_consensus	12	Chr1	10352475	10444918	18	TRUE	TRUE
nobgs_V1_c1_rep7_env1	emmax_consensus	11	Chr1	21771221	21843643	11	FALSE	TRUE
nobgs_V1_c1_rep7_env3	emmax_consensus	11	Chr1	15187196	15965759	110	TRUE	TRUE
nobgs_V1_c1_rep7_env3	emmax_consensus	11	Chr1	16033128	16104365	16	FALSE	TRUE
nobgs_V1_c1_rep7_env3	emmax_consensus	11	Chr1	17271523	17488621	13	FALSE	FALSE
nobgs_V1_c1_rep7_env3	emmax_consensus	11	Chr1	17969455	18079948	11	FALSE	FALSE
nobgs_V1_c1_rep7_env3	emmax_consensus	11	Chr1	20904467	21123904	11	FALSE	TRUE
nobgs_V1_c1_rep7_env3	emmax_consensus	13	Chr1	14397753	14658697	13	FALSE	FALSE
nobgs_V1_c1_rep7_env3	emmax_consensus	13	Chr1	15187196	15965759	110	TRUE	TRUE
nobgs_V1_c1_rep7_env3	emmax_consensus	13	Chr1	16033128	16104365	16	FALSE	TRUE
nobgs_V1_c1_rep7_env3	emmax_consensus	13	Chr1	17271523	17488621	13	FALSE	FALSE
nobgs_V1_c1_rep7_env3	emmax_consensus	23	Chr1	15324741	15965759	93	TRUE	TRUE
nobgs_V1_c1_rep7_env4	emmax_consensus	10	Chr1	22580630	22677762	17	TRUE	TRUE
nobgs_V1_c1_rep7_env4	emmax_consensus	12	Chr1	22580630	22677762	17	TRUE	TRUE
nobgs_V1_c1_rep7_env4	emmax_consensus	17	Chr1	22580630	22677762	17	TRUE	TRUE
nobgs_V1_c1_rep7_env6	emmax_consensus	11	Chr1	8959990	9742289	76	TRUE	TRUE
nobgs_V1_c1_rep7_env6	emmax_consensus	11	Chr1	9189206	9313936	11	FALSE	FALSE
nobgs_V1_c1_rep7_env6	emmax_consensus	11	Chr1	14915213	15897148	123	TRUE	TRUE
nobgs_V1_c1_rep7_env6	emmax_consensus	11	Chr1	19405010	19641381	13	FALSE	FALSE
nobgs_V1_c1_rep7_env6	emmax_consensus	15	Chr1	9294298	9742289	63	TRUE	TRUE
nobgs_V1_c1_rep7_env6	emmax_consensus	15	Chr1	15041827	15897148	109	TRUE	TRUE
nobgs_V1_c1_rep7_env6	emmax_consensus	22	Chr1	9294298	9566153	27	TRUE	TRUE
nobgs_V1_c1_rep7_env6	emmax_consensus	22	Chr1	15041827	15378131	37	FALSE	TRUE
nobgs_V1_c1_rep7_env6	emmax_consensus	22	Chr1	15496223	15897148	56	TRUE	TRUE
nobgs_V1_c1_rep7_env8	emmax_consensus	10	Chr1	15161711	15432367	29	FALSE	FALSE
nobgs_V1_c1_rep7_env8	emmax_consensus	10	Chr1	15454406	15830044	54	TRUE	FALSE
nobgs_V1_c1_rep7_env8	emmax_consensus	12	Chr1	15161711	15432367	29	FALSE	FALSE
nobgs_V1_c1_rep7_env8	emmax_consensus	12	Chr1	15454406	15830044	54	TRUE	FALSE
nobgs_V1_c1_rep7_env8	emmax_consensus	12	Chr1	15880806	16081313	12	FALSE	FALSE
nobgs_V1_c1_rep7_env8	emmax_consensus	18	Chr1	15161711	15432367	29	FALSE	FALSE
nobgs_V1_c1_rep7_env8	emmax_consensus	18	Chr1	15454406	15830044	54	TRUE	FALSE
nobgs_V1_c1_rep8_env1	emmax_consensus	7	Chr1	11075806	12616990	170	TRUE	TRUE
nobgs_V1_c1_rep8_env1	emmax_consensus	7	Chr1	11122192	11290458	16	TRUE	TRUE
nobgs_V1_c1_rep8_env1	emmax_consensus	7	Chr1	12034645	12194309	28	FALSE	TRUE
nobgs_V1_c1_rep8_env1	emmax_consensus	7	Chr1	12659971	12738434	9	FALSE	FALSE
nobgs_V1_c1_rep8_env1	emmax_consensus	8	Chr1	11075806	12616990	163	TRUE	TRUE
nobgs_V1_c1_rep8_env1	emmax_consensus	8	Chr1	11122192	11167712	9	TRUE	FALSE
nobgs_V1_c1_rep8_env1	emmax_consensus	8	Chr1	12034645	12194309	28	FALSE	TRUE
nobgs_V1_c1_rep8_env1	emmax_consensus	8	Chr1	12659971	12738434	9	FALSE	FALSE
nobgs_V1_c1_rep8_env1	emmax_consensus	16	Chr1	11075806	12616990	151	TRUE	TRUE
nobgs_V1_c1_rep8_env2	emmax_consensus	8	Chr1	4597073	4611567	9	TRUE	FALSE
nobgs_V1_c1_rep8_env2	emmax_consensus	8	Chr1	11888790	12078311	31	FALSE	FALSE
nobgs_V1_c1_rep8_env2	emmax_consensus	9	Chr1	4503269	4578136	19	TRUE	FALSE
nobgs_V1_c1_rep8_env2	emmax_consensus	9	Chr1	4597073	4698152	34	TRUE	FALSE
nobgs_V1_c1_rep8_env2	emmax_consensus	9	Chr1	11539614	11584195	9	TRUE	FALSE
nobgs_V1_c1_rep8_env2	emmax_consensus	9	Chr1	11701791	12017069	43	FALSE	FALSE
nobgs_V1_c1_rep8_env2	emmax_consensus	9	Chr1	12176035	12224906	10	FALSE	FALSE
nobgs_V1_c1_rep8_env2	emmax_consensus	15	Chr1	4503269	4578136	19	TRUE	FALSE
nobgs_V1_c1_rep8_env2	emmax_consensus	15	Chr1	4619548	4668146	16	TRUE	FALSE
nobgs_V1_c1_rep8_env2	emmax_consensus	15	Chr1	11888790	12017069	23	FALSE	FALSE
nobgs_V1_c1_rep8_env3	emmax_consensus	7	Chr1	11040463	12585097	195	TRUE	TRUE
nobgs_V1_c1_rep8_env3	emmax_consensus	7	Chr1	12101972	12342583	11	FALSE	FALSE
nobgs_V1_c1_rep8_env3	emmax_consensus	7	Chr1	12588831	12738434	12	TRUE	TRUE
nobgs_V1_c1_rep8_env3	emmax_consensus	8	Chr1	11040463	12585097	188	TRUE	TRUE
nobgs_V1_c1_rep8_env3	emmax_consensus	8	Chr1	12101972	12342583	11	FALSE	FALSE
nobgs_V1_c1_rep8_env3	emmax_consensus	8	Chr1	12588831	12738434	12	TRUE	TRUE
nobgs_V1_c1_rep8_env3	emmax_consensus	14	Chr1	11040463	12585097	180	TRUE	TRUE
nobgs_V1_c1_rep8_env6	emmax_consensus	9	Chr1	1105713	1151279	10	TRUE	FALSE
nobgs_V1_c1_rep8_env7	emmax_consensus	8	Chr1	11516520	11714153	11	FALSE	FALSE
nobgs_V1_c1_rep8_env7	emmax_consensus	8	Chr1	11969012	12716990	51	TRUE	TRUE
nobgs_V1_c1_rep8_env7	emmax_consensus	9	Chr1	11516520	11714153	11	FALSE	FALSE
nobgs_V1_c1_rep8_env7	emmax_consensus	9	Chr1	11969012	12716990	51	TRUE	TRUE
nobgs_V1_c1_rep8_env7	emmax_consensus	13	Chr1	11505455	11584195	17	FALSE	FALSE
nobgs_V1_c1_rep8_env7	emmax_consensus	13	Chr1	11732517	11846291	18	FALSE	FALSE
nobgs_V1_c1_rep8_env7	emmax_consensus	13	Chr1	11969012	12541485	41	TRUE	TRUE
nobgs_V1_c1_rep8_env10	emmax_consensus	7	Chr1	19168743	19201253	8	TRUE	FALSE
nobgs_V1_c1_rep8_env10	emmax_consensus	8	Chr1	19168743	19201253	8	TRUE	FALSE
nobgs_V1_c1_rep9_env1	emmax_consensus	7	Chr1	15670692	15724614	8	TRUE	FALSE
nobgs_V1_c1_rep9_env1	emmax_consensus	9	Chr1	3321487	3389213	10	FALSE	FALSE
nobgs_V1_c1_rep9_env1	emmax_consensus	9	Chr1	15826480	15854297	12	TRUE	FALSE
nobgs_V1_c1_rep9_env1	emmax_consensus	9	Chr2	3552218	3596738	9	FALSE	FALSE
nobgs_V1_c1_rep9_env1	emmax_consensus	12	Chr1	15826480	15854297	12	TRUE	FALSE
nobgs_V1_c1_rep9_env3	emmax_consensus	8	Chr1	3643232	3673763	8	FALSE	FALSE
nobgs_V1_c1_rep9_env3	emmax_consensus	8	Chr1	15952871	16009881	11	FALSE	TRUE
nobgs_V1_c1_rep9_env3	emmax_consensus	8	Chr1	16123442	16301694	28	TRUE	TRUE
nobgs_V1_c1_rep9_env3	emmax_consensus	8	Chr1	16314960	16339294	8	FALSE	FALSE
nobgs_V1_c1_rep9_env3	emmax_consensus	9	Chr1	15952871	16009881	11	FALSE	TRUE
nobgs_V1_c1_rep9_env3	emmax_consensus	9	Chr1	16123442	16301694	28	TRUE	TRUE
nobgs_V1_c1_rep9_env3	emmax_consensus	14	Chr1	16220097	16301694	15	TRUE	TRUE
nobgs_V1_c1_rep9_env6	emmax_consensus	8	Chr1	4160279	4229548	9	FALSE	FALSE
nobgs_V1_c1_rep9_env6	emmax_consensus	8	Chr1	15811755	15854297	12	TRUE	FALSE
nobgs_V1_c1_rep9_env6	emmax_consensus	8	Chr1	15947634	16053684	17	FALSE	TRUE
nobgs_V1_c1_rep9_env6	emmax_consensus	8	Chr1	16233754	16306544	10	FALSE	FALSE
nobgs_V1_c1_rep9_env6	emmax_consensus	9	Chr1	4160279	4229548	9	FALSE	FALSE
nobgs_V1_c1_rep9_env6	emmax_consensus	9	Chr1	15811755	15854297	12	TRUE	FALSE
nobgs_V1_c1_rep9_env6	emmax_consensus	9	Chr1	15947634	16053684	17	FALSE	TRUE
nobgs_V1_c1_rep9_env6	emmax_consensus	9	Chr1	16233754	16306544	10	FALSE	FALSE
nobgs_V1_c1_rep9_env6	emmax_consensus	13	Chr1	15947634	16053684	17	FALSE	TRUE
nobgs_V1_c1_rep9_env10	emmax_consensus	7	Chr1	11480501	11737525	17	TRUE	TRUE
nobgs_V1_c1_rep9_env10	emmax_consensus	7	Chr1	11925480	12007393	13	FALSE	TRUE
nobgs_V1_c1_rep9_env10	emmax_consensus	9	Chr1	11480501	11737525	17	TRUE	TRUE
nobgs_V1_c1_rep9_env10	emmax_consensus	9	Chr1	11925480	12007393	13	FALSE	TRUE
nobgs_V1_c1_rep9_env10	emmax_consensus	13	Chr1	11480501	11737525	17	TRUE	TRUE
nobgs_V1_c1_rep9_env10	emmax_consensus	13	Chr1	11925480	12007393	13	FALSE	TRUE
nobgs_V1_c1_rep10_env2	emmax_consensus	8	Chr1	5924710	6124870	51	TRUE	TRUE
nobgs_V1_c1_rep10_env2	emmax_consensus	9	Chr1	5924710	6124870	51	TRUE	TRUE
nobgs_V1_c1_rep10_env2	emmax_consensus	14	Chr1	5965250	6124870	38	TRUE	TRUE
nobgs_V1_c1_rep10_env10	emmax_consensus	8	Chr1	8474987	8503753	11	TRUE	FALSE
nobgs_V1_c1_rep10_env10	emmax_consensus	10	Chr1	8474987	8503753	11	TRUE	FALSE
nobgs_V2_c1_rep1_env2	emmax_consensus	8	Chr1	15480720	15647964	36	TRUE	TRUE
nobgs_V2_c1_rep1_env2	emmax_consensus	10	Chr1	15480720	15647964	36	TRUE	TRUE
nobgs_V2_c1_rep1_env2	emmax_consensus	17	Chr1	15583826	15647964	20	TRUE	TRUE
nobgs_V2_c1_rep1_env3	emmax_consensus	8	Chr1	617	261838	50	TRUE	TRUE
nobgs_V2_c1_rep1_env3	emmax_consensus	9	Chr1	617	261838	50	TRUE	TRUE
nobgs_V2_c1_rep1_env3	emmax_consensus	14	Chr1	617	261838	50	TRUE	TRUE
nobgs_V2_c1_rep1_env4	emmax_consensus	8	Chr1	32647	317659	56	TRUE	TRUE
nobgs_V2_c1_rep1_env4	emmax_consensus	8	Chr2	11966218	12071778	8	FALSE	FALSE
nobgs_V2_c1_rep1_env4	emmax_consensus	10	Chr1	32647	317659	56	TRUE	TRUE
nobgs_V2_c1_rep1_env4	emmax_consensus	14	Chr1	32647	269338	34	TRUE	TRUE
nobgs_V2_c1_rep1_env5	emmax_consensus	8	Chr2	15815976	15881925	8	FALSE	FALSE
nobgs_V2_c1_rep1_env6	emmax_consensus	9	Chr1	11935921	12057090	15	FALSE	FALSE
nobgs_V2_c1_rep1_env6	emmax_consensus	9	Chr1	15538369	15625528	10	TRUE	FALSE
nobgs_V2_c1_rep1_env8	emmax_consensus	15	Chr1	11132	354111	50	TRUE	FALSE
nobgs_V2_c1_rep1_env10	emmax_consensus	9	Chr1	9340648	9404373	10	FALSE	FALSE
nobgs_V2_c1_rep2_env1	emmax_consensus	11	Chr1	14650006	14967080	34	FALSE	FALSE
nobgs_V2_c1_rep2_env1	emmax_consensus	11	Chr1	14697016	15129605	52	FALSE	TRUE
nobgs_V2_c1_rep2_env1	emmax_consensus	13	Chr1	14650006	14967080	34	FALSE	FALSE
nobgs_V2_c1_rep2_env1	emmax_consensus	13	Chr1	14857478	15126612	28	FALSE	FALSE
nobgs_V2_c1_rep2_env1	emmax_consensus	20	Chr1	14650006	14967080	34	FALSE	FALSE
nobgs_V2_c1_rep2_env1	emmax_consensus	20	Chr1	14857478	15126612	28	FALSE	FALSE
nobgs_V2_c1_rep2_env2	emmax_consensus	12	Chr1	10610995	10750509	14	TRUE	TRUE
nobgs_V2_c1_rep2_env2	emmax_consensus	12	Chr1	10934731	11125170	18	FALSE	TRUE
nobgs_V2_c1_rep2_env2	emmax_consensus	15	Chr1	10934731	11125170	18	FALSE	TRUE
nobgs_V2_c1_rep2_env3	emmax_consensus	12	Chr1	10774663	10961982	22	TRUE	TRUE
nobgs_V2_c1_rep2_env3	emmax_consensus	14	Chr1	10774663	10961982	22	TRUE	TRUE
nobgs_V2_c1_rep2_env3	emmax_consensus	14	Chr1	11673845	11809298	25	FALSE	FALSE
nobgs_V2_c1_rep2_env3	emmax_consensus	24	Chr1	11606481	11835018	28	FALSE	FALSE
nobgs_V2_c1_rep2_env3	emmax_consensus	24	Chr1	11673845	11809298	25	FALSE	FALSE
nobgs_V2_c1_rep2_env4	emmax_consensus	11	Chr1	15553807	15698609	14	TRUE	TRUE
nobgs_V2_c1_rep2_env4	emmax_consensus	11	Chr1	22670112	22824994	11	FALSE	FALSE
nobgs_V2_c1_rep2_env6	emmax_consensus	10	Chr1	11381574	11498635	14	TRUE	FALSE
nobgs_V2_c1_rep2_env6	emmax_consensus	14	Chr1	11381574	11498635	14	TRUE	FALSE
nobgs_V2_c1_rep3_env1	emmax_consensus	8	Chr1	2363454	2400813	10	TRUE	FALSE
nobgs_V2_c1_rep3_env1	emmax_consensus	8	Chr2	10011	457065	24	FALSE	FALSE
nobgs_V2_c1_rep3_env1	emmax_consensus	9	Chr1	2363454	2400813	10	TRUE	FALSE
nobgs_V2_c1_rep3_env1	emmax_consensus	9	Chr2	10011	457065	24	FALSE	FALSE
nobgs_V2_c1_rep3_env1	emmax_consensus	14	Chr2	10011	457065	24	FALSE	FALSE
nobgs_V2_c1_rep3_env2	emmax_consensus	8	Chr1	5504790	5684716	24	TRUE	FALSE
nobgs_V2_c1_rep3_env2	emmax_consensus	9	Chr1	5504790	5684716	24	TRUE	FALSE
nobgs_V2_c1_rep3_env2	emmax_consensus	14	Chr1	5275865	5410393	14	FALSE	FALSE
nobgs_V2_c1_rep3_env2	emmax_consensus	14	Chr1	5579299	5684716	15	TRUE	FALSE
nobgs_V2_c1_rep3_env7	emmax_consensus	8	Chr1	2912609	3064299	16	TRUE	TRUE
nobgs_V2_c1_rep3_env8	emmax_consensus	7	Chr1	10989694	11008257	8	TRUE	TRUE
nobgs_V2_c1_rep3_env10	emmax_consensus	7	Chr2	3340285	3375232	7	FALSE	FALSE
nobgs_V2_c1_rep4_env1	emmax_consensus	13	Chr1	19336918	19428771	13	TRUE	TRUE
nobgs_V2_c1_rep4_env8	emmax_consensus	12	Chr1	24788140	25668337	75	TRUE	TRUE
nobgs_V2_c1_rep4_env8	emmax_consensus	15	Chr1	24788140	25478159	62	TRUE	TRUE
nobgs_V2_c1_rep4_env8	emmax_consensus	25	Chr1	5226	354691	26	FALSE	FALSE
nobgs_V2_c1_rep4_env8	emmax_consensus	25	Chr1	23058861	23773479	38	FALSE	FALSE
nobgs_V2_c1_rep4_env8	emmax_consensus	25	Chr1	24788140	26324502	94	TRUE	TRUE
nobgs_V2_c1_rep4_env8	emmax_consensus	25	Chr1	26422025	26765134	26	FALSE	FALSE
nobgs_V2_c1_rep5_env1	emmax_consensus	8	Chr1	16219	504170	108	TRUE	FALSE
nobgs_V2_c1_rep5_env1	emmax_consensus	8	Chr1	1732319	1746329	9	FALSE	FALSE
nobgs_V2_c1_rep5_env1	emmax_consensus	9	Chr1	16219	504170	108	TRUE	FALSE
nobgs_V2_c1_rep5_env1	emmax_consensus	9	Chr1	1732319	1746329	9	FALSE	FALSE
nobgs_V2_c1_rep5_env1	emmax_consensus	15	Chr1	16219	504170	108	TRUE	FALSE
nobgs_V2_c1_rep5_env2	emmax_consensus	18	Chr1	3570	489560	74	TRUE	FALSE
nobgs_V2_c1_rep5_env4	emmax_consensus	8	Chr1	552031	590681	13	TRUE	FALSE
nobgs_V2_c1_rep5_env4	emmax_consensus	8	Chr1	623854	685390	33	TRUE	TRUE
nobgs_V2_c1_rep5_env4	emmax_consensus	8	Chr1	747115	829929	17	TRUE	FALSE
nobgs_V2_c1_rep5_env4	emmax_consensus	10	Chr1	552031	590681	13	TRUE	FALSE
nobgs_V2_c1_rep5_env4	emmax_consensus	10	Chr1	623854	685390	33	TRUE	TRUE
nobgs_V2_c1_rep5_env4	emmax_consensus	10	Chr1	747115	829929	17	TRUE	FALSE
nobgs_V2_c1_rep5_env10	emmax_consensus	18	Chr1	16219	504170	81	TRUE	FALSE
nobgs_V2_c1_rep6_env1	emmax_consensus	8	Chr1	47715	440647	19	FALSE	FALSE
nobgs_V2_c1_rep6_env1	emmax_consensus	9	Chr1	47715	440647	19	FALSE	FALSE
nobgs_V2_c1_rep6_env1	emmax_consensus	14	Chr1	19339	440250	52	FALSE	FALSE
nobgs_V2_c1_rep6_env1	emmax_consensus	14	Chr1	47715	440647	19	FALSE	FALSE
nobgs_V2_c1_rep6_env2	emmax_consensus	7	Chr1	10504492	10559094	14	TRUE	TRUE
nobgs_V2_c1_rep6_env2	emmax_consensus	9	Chr1	10504492	10559094	14	TRUE	TRUE
nobgs_V2_c1_rep6_env5	emmax_consensus	8	Chr1	11048165	11209697	23	TRUE	TRUE
nobgs_V2_c1_rep6_env5	emmax_consensus	9	Chr1	11048165	11209697	23	TRUE	TRUE
nobgs_V2_c1_rep6_env6	emmax_consensus	7	Chr1	10348758	10407535	8	FALSE	FALSE
nobgs_V2_c1_rep6_env6	emmax_consensus	7	Chr1	10730319	10767602	7	TRUE	FALSE
nobgs_V2_c1_rep6_env6	emmax_consensus	8	Chr1	10348758	10407535	8	FALSE	FALSE
nobgs_V2_c1_rep6_env6	emmax_consensus	8	Chr2	8558040	8575196	9	FALSE	FALSE
nobgs_V2_c1_rep7_env1	emmax_consensus	10	Chr1	14232565	14809170	52	FALSE	FALSE
nobgs_V2_c1_rep7_env1	emmax_consensus	10	Chr1	15062542	15753050	61	TRUE	TRUE
nobgs_V2_c1_rep7_env1	emmax_consensus	12	Chr1	14146033	14290785	13	FALSE	FALSE
nobgs_V2_c1_rep7_env1	emmax_consensus	12	Chr1	14232565	14809170	52	FALSE	FALSE
nobgs_V2_c1_rep7_env1	emmax_consensus	12	Chr1	15062542	15753050	61	TRUE	TRUE
nobgs_V2_c1_rep7_env1	emmax_consensus	18	Chr1	14232565	14809170	52	FALSE	FALSE
nobgs_V2_c1_rep7_env1	emmax_consensus	18	Chr1	15287808	15753050	47	TRUE	FALSE
nobgs_V2_c1_rep7_env3	emmax_consensus	10	Chr1	14272449	15570404	133	TRUE	TRUE
nobgs_V2_c1_rep7_env3	emmax_consensus	10	Chr1	14990877	15343172	26	FALSE	FALSE
nobgs_V2_c1_rep7_env3	emmax_consensus	10	Chr1	15576963	15933207	48	TRUE	TRUE
nobgs_V2_c1_rep7_env3	emmax_consensus	12	Chr1	14272449	15570404	172	TRUE	TRUE
nobgs_V2_c1_rep7_env3	emmax_consensus	12	Chr1	15576963	15933207	38	TRUE	TRUE
nobgs_V2_c1_rep7_env3	emmax_consensus	17	Chr1	14272449	15570404	118	TRUE	TRUE
nobgs_V2_c1_rep7_env3	emmax_consensus	17	Chr1	14311679	14764760	39	FALSE	FALSE
nobgs_V2_c1_rep7_env3	emmax_consensus	17	Chr1	15736685	15933207	24	FALSE	TRUE
nobgs_V2_c1_rep7_env5	emmax_consensus	11	Chr1	21361996	21448421	11	TRUE	TRUE
nobgs_V2_c1_rep7_env7	emmax_consensus	10	Chr1	15152660	15923219	119	TRUE	FALSE
nobgs_V2_c1_rep7_env7	emmax_consensus	12	Chr1	15152660	15923219	119	TRUE	FALSE
nobgs_V2_c1_rep7_env7	emmax_consensus	20	Chr1	15152660	15832586	106	TRUE	FALSE
nobgs_V2_c1_rep7_env8	emmax_consensus	11	Chr1	14053503	14694489	40	FALSE	FALSE
nobgs_V2_c1_rep7_env8	emmax_consensus	11	Chr1	15315040	15905371	92	TRUE	TRUE
nobgs_V2_c1_rep7_env8	emmax_consensus	13	Chr1	14229065	14694489	29	FALSE	FALSE
nobgs_V2_c1_rep7_env8	emmax_consensus	13	Chr1	15315040	15905371	92	TRUE	TRUE
nobgs_V2_c1_rep7_env8	emmax_consensus	21	Chr1	14229065	14694489	29	FALSE	FALSE
nobgs_V2_c1_rep7_env8	emmax_consensus	21	Chr1	15152660	15905371	116	TRUE	TRUE
nobgs_V2_c1_rep7_env10	emmax_consensus	10	Chr1	15183480	15841651	56	TRUE	FALSE
nobgs_V2_c1_rep7_env10	emmax_consensus	13	Chr1	15183480	15841651	56	TRUE	FALSE
nobgs_V2_c1_rep7_env10	emmax_consensus	19	Chr1	14481873	14891710	23	FALSE	FALSE
nobgs_V2_c1_rep7_env10	emmax_consensus	19	Chr1	15183480	15841651	56	TRUE	FALSE
nobgs_V2_c1_rep8_env1	emmax_consensus	7	Chr1	4477969	4535776	19	TRUE	TRUE
nobgs_V2_c1_rep8_env1	emmax_consensus	7	Chr1	4875793	4905652	7	FALSE	FALSE
nobgs_V2_c1_rep8_env1	emmax_consensus	7	Chr2	56467	421853	7	FALSE	FALSE
nobgs_V2_c1_rep8_env1	emmax_consensus	8	Chr1	4497459	4535776	12	TRUE	FALSE
nobgs_V2_c1_rep8_env1	emmax_consensus	11	Chr1	4497459	4535776	12	TRUE	FALSE
nobgs_V2_c1_rep8_env2	emmax_consensus	7	Chr1	3644	406006	16	FALSE	FALSE
nobgs_V2_c1_rep8_env2	emmax_consensus	7	Chr1	19049616	19065795	7	TRUE	TRUE
nobgs_V2_c1_rep8_env2	emmax_consensus	7	Chr1	19305162	19332736	9	FALSE	FALSE
nobgs_V2_c1_rep8_env2	emmax_consensus	8	Chr1	3644	406006	16	FALSE	FALSE
nobgs_V2_c1_rep8_env2	emmax_consensus	8	Chr1	19305162	19332736	9	FALSE	FALSE
nobgs_V2_c1_rep8_env2	emmax_consensus	11	Chr1	3644	456260	37	FALSE	FALSE
nobgs_V2_c1_rep8_env2	emmax_consensus	11	Chr1	19100132	19138246	12	TRUE	FALSE
nobgs_V2_c1_rep8_env3	emmax_consensus	8	Chr1	11357499	11432791	15	FALSE	FALSE
nobgs_V2_c1_rep8_env3	emmax_consensus	9	Chr1	11357499	11432791	15	FALSE	FALSE
nobgs_V2_c1_rep8_env3	emmax_consensus	14	Chr1	11357499	11432791	15	FALSE	FALSE
nobgs_V2_c1_rep8_env5	emmax_consensus	7	Chr1	11481342	11979598	75	TRUE	TRUE
nobgs_V2_c1_rep8_env5	emmax_consensus	7	Chr1	11756262	11786594	9	TRUE	FALSE
nobgs_V2_c1_rep8_env5	emmax_consensus	9	Chr1	11481342	11979598	75	TRUE	TRUE
nobgs_V2_c1_rep8_env5	emmax_consensus	9	Chr1	11756262	11786594	9	TRUE	FALSE
nobgs_V2_c1_rep8_env5	emmax_consensus	9	Chr1	11804519	11908952	15	TRUE	FALSE
nobgs_V2_c1_rep8_env5	emmax_consensus	16	Chr1	11481342	11730381	46	FALSE	TRUE
nobgs_V2_c1_rep8_env7	emmax_consensus	8	Chr1	4498889	4579411	20	TRUE	TRUE
nobgs_V2_c1_rep8_env7	emmax_consensus	9	Chr1	4498889	4536929	12	TRUE	TRUE
nobgs_V2_c1_rep8_env7	emmax_consensus	12	Chr1	4498889	4536929	12	TRUE	TRUE
nobgs_V2_c1_rep8_env8	emmax_consensus	8	Chr1	11584280	11644325	12	FALSE	FALSE
nobgs_V2_c1_rep8_env8	emmax_consensus	8	Chr1	12086690	12167978	13	FALSE	FALSE
nobgs_V2_c1_rep8_env8	emmax_consensus	8	Chr1	12282275	12331004	13	FALSE	FALSE
nobgs_V2_c1_rep8_env8	emmax_consensus	8	Chr1	12463038	12667966	22	TRUE	TRUE
nobgs_V2_c1_rep8_env8	emmax_consensus	9	Chr1	10892522	11005553	10	FALSE	FALSE
nobgs_V2_c1_rep8_env8	emmax_consensus	9	Chr1	11584280	11644325	12	FALSE	FALSE
nobgs_V2_c1_rep8_env8	emmax_consensus	9	Chr1	12086690	12167978	13	FALSE	FALSE
nobgs_V2_c1_rep8_env8	emmax_consensus	9	Chr1	12282275	12331004	13	FALSE	FALSE
nobgs_V2_c1_rep8_env8	emmax_consensus	9	Chr1	12463038	12667966	22	TRUE	TRUE
nobgs_V2_c1_rep8_env8	emmax_consensus	13	Chr1	12086690	12167978	13	FALSE	FALSE
nobgs_V2_c1_rep8_env8	emmax_consensus	13	Chr1	12282275	12331004	13	FALSE	FALSE
nobgs_V2_c1_rep8_env8	emmax_consensus	13	Chr1	12463038	12667966	22	TRUE	TRUE
nobgs_V2_c1_rep8_env10	emmax_consensus	7	Chr1	12480725	12674664	22	TRUE	FALSE
nobgs_V2_c1_rep8_env10	emmax_consensus	9	Chr1	12480725	12674664	22	TRUE	FALSE
nobgs_V2_c1_rep8_env10	emmax_consensus	13	Chr1	12480725	12674664	22	TRUE	FALSE
nobgs_V2_c1_rep9_env1	emmax_consensus	8	Chr1	3748580	3778555	11	FALSE	FALSE
nobgs_V2_c1_rep9_env1	emmax_consensus	8	Chr1	19746545	19819222	22	TRUE	FALSE
nobgs_V2_c1_rep9_env1	emmax_consensus	9	Chr1	3748580	3778555	11	FALSE	FALSE
nobgs_V2_c1_rep9_env1	emmax_consensus	9	Chr1	19746545	19819222	22	TRUE	FALSE
nobgs_V2_c1_rep9_env1	emmax_consensus	14	Chr1	19746545	19819222	22	TRUE	FALSE
nobgs_V2_c1_rep9_env2	emmax_consensus	16	Chr2	4032857	4182765	18	FALSE	FALSE
nobgs_V2_c1_rep9_env3	emmax_consensus	8	Chr1	14445813	14476961	8	TRUE	FALSE
nobgs_V2_c1_rep9_env3	emmax_consensus	8	Chr1	14514419	14585884	13	TRUE	TRUE
nobgs_V2_c1_rep9_env3	emmax_consensus	9	Chr1	14514419	14585884	13	TRUE	TRUE
nobgs_V2_c1_rep9_env3	emmax_consensus	13	Chr1	14514419	14585884	13	TRUE	TRUE
nobgs_V2_c1_rep9_env3	emmax_consensus	13	Chr2	3814057	3874486	19	FALSE	FALSE
nobgs_V2_c1_rep10_env7	emmax_consensus	8	Chr1	12326	485117	35	FALSE	FALSE
nobgs_V2_c1_rep10_env7	emmax_consensus	10	Chr1	12326	485117	35	FALSE	FALSE
nobgs_V2_c1_rep10_env7	emmax_consensus	16	Chr1	12326	485117	35	FALSE	FALSE
nobgs_V2_c1_rep10_env7	emmax_consensus	16	Chr2	64783	479037	16	FALSE	FALSE
nobgs_V2_c1_rep10_env10	emmax_consensus	9	Chr1	6696357	6777502	11	FALSE	FALSE
bgs_V0.5_c1_rep1_env1	lfmm_simes	9	Chr1	26526895	26576737	9	FALSE	TRUE
bgs_V0.5_c1_rep1_env1	lfmm_simes	9	Chr1	26897815	27001413	10	FALSE	FALSE
bgs_V0.5_c1_rep1_env3	lfmm_simes	9	Chr1	26421695	26767087	20	TRUE	TRUE
bgs_V0.5_c1_rep1_env3	lfmm_simes	11	Chr1	26421695	26767087	20	TRUE	TRUE
bgs_V0.5_c1_rep1_env3	lfmm_simes	18	Chr1	26421695	26767087	20	TRUE	TRUE
bgs_V0.5_c1_rep1_env5	lfmm_simes	9	Chr1	1919	309271	69	TRUE	TRUE
bgs_V0.5_c1_rep1_env5	lfmm_simes	11	Chr1	1919	309271	69	TRUE	TRUE
bgs_V0.5_c1_rep1_env5	lfmm_simes	16	Chr1	1919	309271	69	TRUE	TRUE
bgs_V0.5_c1_rep1_env6	lfmm_simes	19	Chr1	12231931	12468844	20	FALSE	FALSE
bgs_V0.5_c1_rep1_env6	lfmm_simes	19	Chr1	15942003	16149139	26	FALSE	FALSE
bgs_V0.5_c1_rep1_env8	lfmm_simes	9	Chr1	13479397	13590424	21	TRUE	TRUE
bgs_V0.5_c1_rep1_env8	lfmm_simes	9	Chr2	19050640	19153855	9	FALSE	FALSE
bgs_V0.5_c1_rep1_env8	lfmm_simes	12	Chr1	13479397	13769795	54	TRUE	TRUE
bgs_V0.5_c1_rep1_env8	lfmm_simes	19	Chr1	13479397	13590424	21	TRUE	TRUE
bgs_V0.5_c1_rep1_env8	lfmm_simes	19	Chr1	13607589	13699468	20	TRUE	FALSE
bgs_V0.5_c1_rep1_env9	lfmm_simes	8	Chr1	25726352	25814628	13	TRUE	TRUE
bgs_V0.5_c1_rep1_env9	lfmm_simes	11	Chr1	25726352	25814628	13	TRUE	TRUE
bgs_V0.5_c1_rep1_env9	lfmm_simes	11	Chr1	25818200	25863804	12	TRUE	FALSE
bgs_V0.5_c1_rep2_env1	lfmm_simes	11	Chr2	11064125	11181704	11	FALSE	FALSE
bgs_V0.5_c1_rep2_env2	lfmm_simes	13	Chr1	15621923	15773054	23	TRUE	TRUE
bgs_V0.5_c1_rep2_env2	lfmm_simes	15	Chr1	15621923	15773054	23	TRUE	TRUE
bgs_V0.5_c1_rep2_env4	lfmm_simes	12	Chr1	11161501	11673278	69	TRUE	TRUE
bgs_V0.5_c1_rep2_env4	lfmm_simes	15	Chr1	11223650	11673278	57	TRUE	TRUE
bgs_V0.5_c1_rep2_env4	lfmm_simes	26	Chr1	11223650	11520849	35	TRUE	TRUE
bgs_V0.5_c1_rep2_env5	lfmm_simes	15	Chr1	12137725	12256796	26	FALSE	FALSE
bgs_V0.5_c1_rep2_env5	lfmm_simes	24	Chr1	12137725	12256796	26	FALSE	FALSE
bgs_V0.5_c1_rep2_env8	lfmm_simes	12	Chr2	11878527	12002145	24	FALSE	FALSE
bgs_V0.5_c1_rep2_env8	lfmm_simes	12	Chr2	14720508	15053162	51	FALSE	FALSE
bgs_V0.5_c1_rep2_env8	lfmm_simes	12	Chr2	15071151	15440246	15	FALSE	FALSE
bgs_V0.5_c1_rep2_env8	lfmm_simes	15	Chr2	11878527	12002145	24	FALSE	FALSE
bgs_V0.5_c1_rep2_env8	lfmm_simes	15	Chr2	14720508	15053162	39	FALSE	FALSE
bgs_V0.5_c1_rep2_env8	lfmm_simes	15	Chr2	15071151	15440246	15	FALSE	FALSE
bgs_V0.5_c1_rep2_env8	lfmm_simes	23	Chr2	11878527	12002145	24	FALSE	FALSE
bgs_V0.5_c1_rep2_env9	lfmm_simes	22	Chr1	11941934	12101203	43	TRUE	FALSE
bgs_V0.5_c1_rep3_env1	lfmm_simes	8	Chr1	5375086	5414866	8	FALSE	FALSE
bgs_V0.5_c1_rep3_env1	lfmm_simes	8	Chr1	5506251	5528147	8	FALSE	TRUE
bgs_V0.5_c1_rep3_env1	lfmm_simes	8	Chr1	5530278	5888042	45	TRUE	TRUE
bgs_V0.5_c1_rep3_env1	lfmm_simes	8	Chr1	5980004	6073902	8	FALSE	TRUE
bgs_V0.5_c1_rep3_env1	lfmm_simes	9	Chr1	5530278	5888042	45	TRUE	TRUE
bgs_V0.5_c1_rep3_env1	lfmm_simes	14	Chr1	4213388	4379361	33	FALSE	FALSE
bgs_V0.5_c1_rep3_env1	lfmm_simes	14	Chr1	5530278	5888042	45	TRUE	TRUE
bgs_V0.5_c1_rep3_env2	lfmm_simes	8	Chr1	8508048	8548128	8	TRUE	TRUE
bgs_V0.5_c1_rep3_env3	lfmm_simes	8	Chr1	3448084	3953920	75	TRUE	TRUE
bgs_V0.5_c1_rep3_env3	lfmm_simes	10	Chr1	3346917	3445735	25	FALSE	FALSE
bgs_V0.5_c1_rep3_env3	lfmm_simes	10	Chr1	3448084	3953920	75	TRUE	TRUE
bgs_V0.5_c1_rep3_env3	lfmm_simes	10	Chr1	4134401	4163142	12	FALSE	FALSE
bgs_V0.5_c1_rep3_env3	lfmm_simes	10	Chr2	3042467	3144399	12	FALSE	FALSE
bgs_V0.5_c1_rep3_env3	lfmm_simes	14	Chr1	3346917	3445735	25	FALSE	FALSE
bgs_V0.5_c1_rep3_env3	lfmm_simes	14	Chr1	3472034	3953920	62	TRUE	TRUE
bgs_V0.5_c1_rep3_env4	lfmm_simes	8	Chr1	2700034	3053827	15	TRUE	FALSE
bgs_V0.5_c1_rep3_env4	lfmm_simes	8	Chr2	3133104	3191931	14	FALSE	FALSE
bgs_V0.5_c1_rep3_env4	lfmm_simes	9	Chr1	2700034	3053827	15	TRUE	FALSE
bgs_V0.5_c1_rep3_env4	lfmm_simes	9	Chr2	3133104	3191931	14	FALSE	FALSE
bgs_V0.5_c1_rep3_env4	lfmm_simes	12	Chr1	2700034	3053827	15	TRUE	FALSE
bgs_V0.5_c1_rep3_env4	lfmm_simes	12	Chr2	3133104	3191931	14	FALSE	FALSE
bgs_V0.5_c1_rep3_env6	lfmm_simes	8	Chr1	4388315	4441859	12	FALSE	FALSE
bgs_V0.5_c1_rep3_env6	lfmm_simes	9	Chr1	4388315	4441859	12	FALSE	FALSE
bgs_V0.5_c1_rep3_env8	lfmm_simes	8	Chr1	3248353	3347690	21	FALSE	FALSE
bgs_V0.5_c1_rep3_env8	lfmm_simes	8	Chr1	3634666	3690044	16	FALSE	FALSE
bgs_V0.5_c1_rep3_env8	lfmm_simes	9	Chr1	3248353	3347690	21	FALSE	FALSE
bgs_V0.5_c1_rep3_env8	lfmm_simes	9	Chr1	3634666	3690044	16	FALSE	FALSE
bgs_V0.5_c1_rep3_env8	lfmm_simes	15	Chr1	3248353	3347690	21	FALSE	FALSE
bgs_V0.5_c1_rep3_env8	lfmm_simes	15	Chr1	3634666	3690044	16	FALSE	FALSE
bgs_V0.5_c1_rep3_env9	lfmm_simes	8	Chr1	11526645	11598367	9	TRUE	TRUE
bgs_V0.5_c1_rep3_env9	lfmm_simes	9	Chr1	11526645	11598367	9	TRUE	TRUE
bgs_V0.5_c1_rep4_env2	lfmm_simes	12	Chr1	21268724	21387930	14	FALSE	FALSE
bgs_V0.5_c1_rep4_env2	lfmm_simes	12	Chr1	24631137	25232540	42	FALSE	FALSE
bgs_V0.5_c1_rep4_env2	lfmm_simes	17	Chr1	24631137	25232540	42	FALSE	FALSE
bgs_V0.5_c1_rep4_env2	lfmm_simes	25	Chr1	24631137	25232540	42	FALSE	FALSE
bgs_V0.5_c1_rep4_env3	lfmm_simes	23	Chr1	22819827	23688620	42	FALSE	FALSE
bgs_V0.5_c1_rep4_env3	lfmm_simes	23	Chr2	22816819	24665010	64	FALSE	FALSE
bgs_V0.5_c1_rep4_env5	lfmm_simes	12	Chr1	19302955	19462081	35	TRUE	TRUE
bgs_V0.5_c1_rep4_env5	lfmm_simes	15	Chr1	19302955	19462081	35	TRUE	TRUE
bgs_V0.5_c1_rep4_env7	lfmm_simes	12	Chr1	7792636	7961147	19	TRUE	FALSE
bgs_V0.5_c1_rep4_env7	lfmm_simes	15	Chr1	7792636	7961147	19	TRUE	FALSE
bgs_V0.5_c1_rep4_env10	lfmm_simes	12	Chr1	11359	352760	14	TRUE	TRUE
bgs_V0.5_c1_rep5_env1	lfmm_simes	10	Chr1	4023822	4284750	87	TRUE	TRUE
bgs_V0.5_c1_rep5_env1	lfmm_simes	13	Chr1	4023822	4284750	65	TRUE	TRUE
bgs_V0.5_c1_rep5_env1	lfmm_simes	25	Chr1	4131899	4284750	30	TRUE	TRUE
bgs_V0.5_c1_rep5_env5	lfmm_simes	9	Chr1	6873404	6950690	12	FALSE	TRUE
bgs_V0.5_c1_rep5_env5	lfmm_simes	9	Chr1	7154126	7425741	42	TRUE	TRUE
bgs_V0.5_c1_rep5_env5	lfmm_simes	9	Chr2	4808941	4856132	9	FALSE	FALSE
bgs_V0.5_c1_rep5_env5	lfmm_simes	12	Chr1	6873404	6950690	12	FALSE	TRUE
bgs_V0.5_c1_rep5_env5	lfmm_simes	12	Chr1	6909832	7157840	24	TRUE	FALSE
bgs_V0.5_c1_rep5_env5	lfmm_simes	12	Chr1	7154126	7425741	42	TRUE	TRUE
bgs_V0.5_c1_rep5_env5	lfmm_simes	12	Chr2	4041890	4108439	12	FALSE	FALSE
bgs_V0.5_c1_rep5_env6	lfmm_simes	9	Chr1	1049	534482	171	TRUE	TRUE
bgs_V0.5_c1_rep5_env6	lfmm_simes	9	Chr1	6985	491617	91	FALSE	FALSE
bgs_V0.5_c1_rep5_env6	lfmm_simes	9	Chr1	12096	466285	30	FALSE	TRUE
bgs_V0.5_c1_rep5_env6	lfmm_simes	11	Chr1	1049	534482	171	TRUE	TRUE
bgs_V0.5_c1_rep5_env6	lfmm_simes	11	Chr1	6985	491617	91	FALSE	FALSE
bgs_V0.5_c1_rep5_env6	lfmm_simes	11	Chr1	12096	466285	30	FALSE	TRUE
bgs_V0.5_c1_rep5_env6	lfmm_simes	22	Chr1	1049	433320	102	TRUE	FALSE
bgs_V0.5_c1_rep5_env6	lfmm_simes	22	Chr1	6985	491617	91	FALSE	FALSE
bgs_V0.5_c1_rep5_env8	lfmm_simes	10	Chr1	4126782	4482962	64	TRUE	TRUE
bgs_V0.5_c1_rep5_env8	lfmm_simes	10	Chr1	6701310	6822056	13	FALSE	TRUE
bgs_V0.5_c1_rep5_env8	lfmm_simes	10	Chr1	11971006	11996903	11	FALSE	FALSE
bgs_V0.5_c1_rep5_env8	lfmm_simes	12	Chr1	4126782	4482962	64	TRUE	TRUE
bgs_V0.5_c1_rep5_env8	lfmm_simes	12	Chr1	6701310	6822056	13	FALSE	TRUE
bgs_V0.5_c1_rep5_env8	lfmm_simes	28	Chr1	4126782	4291687	35	TRUE	TRUE
bgs_V0.5_c1_rep6_env1	lfmm_simes	8	Chr1	5150747	5398414	10	TRUE	FALSE
bgs_V0.5_c1_rep6_env1	lfmm_simes	9	Chr1	5150747	5398414	10	TRUE	FALSE
bgs_V0.5_c1_rep6_env3	lfmm_simes	9	Chr1	2862508	2885313	10	TRUE	FALSE
bgs_V0.5_c1_rep6_env3	lfmm_simes	9	Chr1	2966844	3032373	10	TRUE	TRUE
bgs_V0.5_c1_rep6_env3	lfmm_simes	9	Chr1	8670601	8792807	43	TRUE	TRUE
bgs_V0.5_c1_rep6_env3	lfmm_simes	10	Chr1	2862508	2885313	10	TRUE	FALSE
bgs_V0.5_c1_rep6_env3	lfmm_simes	10	Chr1	2966844	3032373	10	TRUE	TRUE
bgs_V0.5_c1_rep6_env3	lfmm_simes	10	Chr1	8670601	8792807	43	TRUE	TRUE
bgs_V0.5_c1_rep6_env3	lfmm_simes	15	Chr1	8670601	8792807	43	TRUE	TRUE
bgs_V0.5_c1_rep6_env4	lfmm_simes	8	Chr1	4910493	5107187	11	TRUE	TRUE
bgs_V0.5_c1_rep6_env4	lfmm_simes	10	Chr1	4910493	5107187	11	TRUE	TRUE
bgs_V0.5_c1_rep6_env5	lfmm_simes	10	Chr1	10934631	10993577	14	FALSE	FALSE
bgs_V0.5_c1_rep6_env5	lfmm_simes	10	Chr1	11063669	11123695	10	TRUE	FALSE
bgs_V0.5_c1_rep6_env6	lfmm_simes	8	Chr1	15341609	15366575	8	TRUE	TRUE
bgs_V0.5_c1_rep6_env7	lfmm_simes	13	Chr1	9463891	9531977	13	FALSE	FALSE
bgs_V0.5_c1_rep6_env8	lfmm_simes	8	Chr1	572276	666505	10	TRUE	TRUE
bgs_V0.5_c1_rep6_env8	lfmm_simes	8	Chr1	1127294	1134789	8	FALSE	FALSE
bgs_V0.5_c1_rep6_env8	lfmm_simes	10	Chr1	37012	440247	17	FALSE	FALSE
bgs_V0.5_c1_rep6_env8	lfmm_simes	10	Chr1	572276	666505	10	TRUE	TRUE
bgs_V0.5_c1_rep6_env8	lfmm_simes	14	Chr1	37012	440247	17	FALSE	FALSE
bgs_V0.5_c1_rep6_env10	lfmm_simes	7	Chr1	8200655	8221931	7	FALSE	FALSE
bgs_V0.5_c1_rep6_env10	lfmm_simes	7	Chr1	10687669	10750370	7	FALSE	FALSE
bgs_V0.5_c1_rep7_env1	lfmm_simes	11	Chr1	6483457	6670565	24	TRUE	TRUE
bgs_V0.5_c1_rep7_env1	lfmm_simes	11	Chr1	7079602	7331501	13	FALSE	FALSE
bgs_V0.5_c1_rep7_env1	lfmm_simes	11	Chr1	14732231	15904535	162	TRUE	TRUE
bgs_V0.5_c1_rep7_env1	lfmm_simes	14	Chr1	15342320	15904535	58	TRUE	TRUE
bgs_V0.5_c1_rep7_env1	lfmm_simes	22	Chr1	14732231	15904535	162	TRUE	TRUE
bgs_V0.5_c1_rep7_env3	lfmm_simes	13	Chr1	6308421	6685583	14	TRUE	TRUE
bgs_V0.5_c1_rep7_env3	lfmm_simes	13	Chr1	11604035	14274911	39	FALSE	TRUE
bgs_V0.5_c1_rep7_env3	lfmm_simes	13	Chr1	12106235	13065051	14	FALSE	FALSE
bgs_V0.5_c1_rep7_env3	lfmm_simes	15	Chr1	11604035	12121259	26	FALSE	FALSE
bgs_V0.5_c1_rep7_env3	lfmm_simes	21	Chr1	11604035	12121259	26	FALSE	FALSE
bgs_V0.5_c1_rep7_env5	lfmm_simes	12	Chr1	21331436	21505534	12	TRUE	TRUE
bgs_V0.5_c1_rep7_env6	lfmm_simes	11	Chr1	15146073	15983353	18	FALSE	FALSE
bgs_V0.5_c1_rep7_env6	lfmm_simes	11	Chr1	21829227	21905878	11	FALSE	TRUE
bgs_V0.5_c1_rep7_env6	lfmm_simes	11	Chr1	21979918	22357236	38	TRUE	TRUE
bgs_V0.5_c1_rep7_env6	lfmm_simes	14	Chr1	15146073	15983353	18	FALSE	FALSE
bgs_V0.5_c1_rep7_env6	lfmm_simes	14	Chr1	22193820	22228348	14	TRUE	TRUE
bgs_V0.5_c1_rep7_env7	lfmm_simes	12	Chr1	6507076	6567071	14	TRUE	FALSE
bgs_V0.5_c1_rep7_env7	lfmm_simes	12	Chr1	15061863	15122868	16	FALSE	FALSE
bgs_V0.5_c1_rep7_env7	lfmm_simes	12	Chr2	9211510	9300056	13	FALSE	FALSE
bgs_V0.5_c1_rep7_env7	lfmm_simes	15	Chr1	15061863	15122868	16	FALSE	FALSE
bgs_V0.5_c1_rep7_env8	lfmm_simes	11	Chr1	14829615	15200724	30	FALSE	FALSE
bgs_V0.5_c1_rep7_env8	lfmm_simes	13	Chr1	10122627	12264234	36	FALSE	FALSE
bgs_V0.5_c1_rep7_env8	lfmm_simes	13	Chr1	14829615	15502449	60	FALSE	FALSE
bgs_V0.5_c1_rep7_env8	lfmm_simes	19	Chr1	10122627	12264234	36	FALSE	FALSE
bgs_V0.5_c1_rep7_env8	lfmm_simes	19	Chr1	14829615	15502449	60	FALSE	FALSE
bgs_V0.5_c1_rep8_env1	lfmm_simes	8	Chr1	7421199	7499250	11	FALSE	FALSE
bgs_V0.5_c1_rep8_env1	lfmm_simes	9	Chr1	7421199	7499250	11	FALSE	FALSE
bgs_V0.5_c1_rep8_env2	lfmm_simes	8	Chr1	11146529	11270995	10	TRUE	TRUE
bgs_V0.5_c1_rep8_env2	lfmm_simes	9	Chr1	11146529	11270995	10	TRUE	TRUE
bgs_V0.5_c1_rep8_env3	lfmm_simes	8	Chr1	4425774	4562411	36	TRUE	TRUE
bgs_V0.5_c1_rep8_env3	lfmm_simes	8	Chr1	4665436	4711983	11	FALSE	TRUE
bgs_V0.5_c1_rep8_env3	lfmm_simes	8	Chr1	4770860	4801756	8	FALSE	FALSE
bgs_V0.5_c1_rep8_env3	lfmm_simes	8	Chr1	9842236	9984454	8	TRUE	FALSE
bgs_V0.5_c1_rep8_env3	lfmm_simes	9	Chr1	4425774	4523285	28	TRUE	TRUE
bgs_V0.5_c1_rep8_env3	lfmm_simes	9	Chr1	4665436	4711983	11	FALSE	TRUE
bgs_V0.5_c1_rep8_env3	lfmm_simes	13	Chr1	4474416	4523285	19	TRUE	TRUE
bgs_V0.5_c1_rep8_env4	lfmm_simes	8	Chr1	4499677	4534439	13	TRUE	TRUE
bgs_V0.5_c1_rep8_env4	lfmm_simes	8	Chr1	4936251	4994022	12	FALSE	FALSE
bgs_V0.5_c1_rep8_env4	lfmm_simes	10	Chr1	4499677	4534439	13	TRUE	TRUE
bgs_V0.5_c1_rep8_env4	lfmm_simes	10	Chr1	4634510	4662951	12	FALSE	FALSE
bgs_V0.5_c1_rep8_env4	lfmm_simes	10	Chr1	4936251	4994022	12	FALSE	FALSE
bgs_V0.5_c1_rep8_env4	lfmm_simes	12	Chr1	4499677	4534439	13	TRUE	TRUE
bgs_V0.5_c1_rep8_env4	lfmm_simes	12	Chr1	4634510	4662951	12	FALSE	FALSE
bgs_V0.5_c1_rep8_env4	lfmm_simes	12	Chr1	4936251	4994022	12	FALSE	FALSE
bgs_V0.5_c1_rep8_env5	lfmm_simes	8	Chr1	4808145	5669601	35	TRUE	TRUE
bgs_V0.5_c1_rep8_env5	lfmm_simes	8	Chr1	10043896	10350370	8	FALSE	FALSE
bgs_V0.5_c1_rep8_env5	lfmm_simes	9	Chr1	4808145	5669601	27	TRUE	TRUE
bgs_V0.5_c1_rep8_env5	lfmm_simes	12	Chr1	4808145	5669601	27	TRUE	TRUE
bgs_V0.5_c1_rep8_env6	lfmm_simes	8	Chr1	4839263	4907830	15	TRUE	TRUE
bgs_V0.5_c1_rep8_env6	lfmm_simes	8	Chr1	18641626	18683693	15	TRUE	TRUE
bgs_V0.5_c1_rep8_env6	lfmm_simes	10	Chr1	4839263	4907830	15	TRUE	TRUE
bgs_V0.5_c1_rep8_env6	lfmm_simes	10	Chr1	18641626	18683693	15	TRUE	TRUE
bgs_V0.5_c1_rep8_env6	lfmm_simes	15	Chr1	4839263	4907830	15	TRUE	TRUE
bgs_V0.5_c1_rep8_env6	lfmm_simes	15	Chr1	18641626	18683693	15	TRUE	TRUE
bgs_V0.5_c1_rep8_env7	lfmm_simes	9	Chr1	7532803	7627736	29	TRUE	TRUE
bgs_V0.5_c1_rep8_env7	lfmm_simes	10	Chr1	7532803	7627736	29	TRUE	TRUE
bgs_V0.5_c1_rep8_env7	lfmm_simes	15	Chr1	7532803	7627736	15	TRUE	TRUE
bgs_V0.5_c1_rep8_env8	lfmm_simes	8	Chr1	12219124	12649887	28	TRUE	TRUE
bgs_V0.5_c1_rep8_env8	lfmm_simes	10	Chr1	12219124	12649887	28	TRUE	TRUE
bgs_V0.5_c1_rep8_env8	lfmm_simes	16	Chr1	12219124	12649887	28	TRUE	TRUE
bgs_V0.5_c1_rep8_env9	lfmm_simes	8	Chr1	4039801	4078991	11	FALSE	FALSE
bgs_V0.5_c1_rep8_env9	lfmm_simes	8	Chr1	4857571	4937350	15	TRUE	TRUE
bgs_V0.5_c1_rep8_env9	lfmm_simes	10	Chr1	4039801	4078991	11	FALSE	FALSE
bgs_V0.5_c1_rep8_env9	lfmm_simes	10	Chr1	4857571	4937350	15	TRUE	TRUE
bgs_V0.5_c1_rep8_env9	lfmm_simes	12	Chr1	4857571	4937350	15	TRUE	TRUE
bgs_V0.5_c1_rep9_env2	lfmm_simes	9	Chr1	10666107	10681855	10	FALSE	FALSE
bgs_V0.5_c1_rep9_env2	lfmm_simes	10	Chr1	10666107	10681855	10	FALSE	FALSE
bgs_V0.5_c1_rep9_env3	lfmm_simes	8	Chr1	6055016	6101738	10	TRUE	TRUE
bgs_V0.5_c1_rep9_env3	lfmm_simes	8	Chr1	13627256	13677589	12	TRUE	FALSE
bgs_V0.5_c1_rep9_env3	lfmm_simes	10	Chr1	6055016	6101738	10	TRUE	TRUE
bgs_V0.5_c1_rep9_env3	lfmm_simes	10	Chr1	13627256	13677589	12	TRUE	FALSE
bgs_V0.5_c1_rep9_env4	lfmm_simes	8	Chr1	3579548	3702095	19	TRUE	TRUE
bgs_V0.5_c1_rep9_env4	lfmm_simes	9	Chr1	3510712	3702095	28	TRUE	TRUE
bgs_V0.5_c1_rep9_env4	lfmm_simes	14	Chr1	3579548	3702095	19	TRUE	TRUE
bgs_V0.5_c1_rep9_env5	lfmm_simes	8	Chr1	10456882	10614574	26	TRUE	TRUE
bgs_V0.5_c1_rep9_env5	lfmm_simes	10	Chr1	10456882	10614574	26	TRUE	TRUE
bgs_V0.5_c1_rep9_env6	lfmm_simes	8	Chr1	10463945	10676432	17	TRUE	TRUE
bgs_V0.5_c1_rep9_env6	lfmm_simes	9	Chr1	10463945	10532090	9	TRUE	TRUE
bgs_V0.5_c1_rep9_env7	lfmm_simes	9	Chr1	19177770	19537538	28	TRUE	TRUE
bgs_V0.5_c1_rep9_env7	lfmm_simes	10	Chr1	19177770	19537538	28	TRUE	TRUE
bgs_V0.5_c1_rep9_env7	lfmm_simes	14	Chr1	19398254	19537538	18	TRUE	FALSE
bgs_V0.5_c1_rep9_env8	lfmm_simes	10	Chr1	3508660	3541639	12	FALSE	FALSE
bgs_V0.5_c1_rep9_env9	lfmm_simes	8	Chr2	9347972	9541498	13	FALSE	FALSE
bgs_V0.5_c1_rep9_env9	lfmm_simes	10	Chr2	9347972	9541498	13	FALSE	FALSE
bgs_V0.5_c1_rep9_env10	lfmm_simes	8	Chr1	3752215	4037642	55	TRUE	TRUE
bgs_V0.5_c1_rep9_env10	lfmm_simes	8	Chr1	4055486	4149942	13	TRUE	TRUE
bgs_V0.5_c1_rep9_env10	lfmm_simes	9	Chr1	3752215	4037642	55	TRUE	TRUE
bgs_V0.5_c1_rep9_env10	lfmm_simes	9	Chr1	3928306	3969924	11	FALSE	FALSE
bgs_V0.5_c1_rep9_env10	lfmm_simes	9	Chr1	4055486	4149942	13	TRUE	TRUE
bgs_V0.5_c1_rep9_env10	lfmm_simes	14	Chr1	3752215	4037642	55	TRUE	TRUE
bgs_V0.5_c1_rep10_env1	lfmm_simes	10	Chr1	10642534	10682682	11	TRUE	FALSE
bgs_V0.5_c1_rep10_env2	lfmm_simes	9	Chr1	8498312	8723199	30	TRUE	TRUE
bgs_V0.5_c1_rep10_env2	lfmm_simes	9	Chr1	14582252	14612024	9	TRUE	TRUE
bgs_V0.5_c1_rep10_env2	lfmm_simes	10	Chr1	8498312	8596694	21	TRUE	FALSE
bgs_V0.5_c1_rep10_env2	lfmm_simes	15	Chr1	8498312	8596694	21	TRUE	FALSE
bgs_V0.5_c1_rep10_env3	lfmm_simes	8	Chr1	6488300	6838036	76	FALSE	TRUE
bgs_V0.5_c1_rep10_env3	lfmm_simes	8	Chr1	6704364	6745342	15	FALSE	FALSE
bgs_V0.5_c1_rep10_env3	lfmm_simes	10	Chr1	6488300	6838036	76	FALSE	TRUE
bgs_V0.5_c1_rep10_env3	lfmm_simes	10	Chr1	6704364	6745342	15	FALSE	FALSE
bgs_V0.5_c1_rep10_env3	lfmm_simes	14	Chr1	6488300	6838036	76	FALSE	TRUE
bgs_V0.5_c1_rep10_env3	lfmm_simes	14	Chr1	6704364	6745342	15	FALSE	FALSE
bgs_V0.5_c1_rep10_env4	lfmm_simes	8	Chr1	3902063	3950130	19	TRUE	TRUE
bgs_V0.5_c1_rep10_env4	lfmm_simes	10	Chr1	3902063	3950130	19	TRUE	TRUE
bgs_V0.5_c1_rep10_env4	lfmm_simes	13	Chr1	3902063	3950130	19	TRUE	TRUE
bgs_V0.5_c1_rep10_env5	lfmm_simes	9	Chr1	6677700	6832925	23	TRUE	FALSE
bgs_V0.5_c1_rep10_env5	lfmm_simes	9	Chr1	6844254	6920878	14	TRUE	TRUE
bgs_V0.5_c1_rep10_env5	lfmm_simes	10	Chr1	6677700	6832925	23	TRUE	FALSE
bgs_V0.5_c1_rep10_env5	lfmm_simes	10	Chr1	6844254	6920878	14	TRUE	TRUE
bgs_V0.5_c1_rep10_env7	lfmm_simes	8	Chr1	4821079	4839994	8	TRUE	FALSE
bgs_V0.5_c1_rep10_env7	lfmm_simes	8	Chr1	13322010	13338623	9	TRUE	TRUE
bgs_V0.5_c1_rep10_env7	lfmm_simes	9	Chr1	13322010	13338623	9	TRUE	TRUE
bgs_V0.5_c1_rep10_env8	lfmm_simes	8	Chr1	5961421	6220752	30	TRUE	TRUE
bgs_V0.5_c1_rep10_env8	lfmm_simes	8	Chr1	6447777	6777798	56	FALSE	TRUE
bgs_V0.5_c1_rep10_env8	lfmm_simes	8	Chr1	6783750	6854838	11	FALSE	TRUE
bgs_V0.5_c1_rep10_env8	lfmm_simes	10	Chr1	5961421	6220752	30	TRUE	TRUE
bgs_V0.5_c1_rep10_env8	lfmm_simes	10	Chr1	6447777	6777798	56	FALSE	TRUE
bgs_V0.5_c1_rep10_env8	lfmm_simes	10	Chr1	6783750	6854838	11	FALSE	TRUE
bgs_V0.5_c1_rep10_env8	lfmm_simes	16	Chr1	5963773	6220752	20	TRUE	TRUE
bgs_V0.5_c1_rep10_env8	lfmm_simes	16	Chr1	6700799	6777798	26	FALSE	FALSE
bgs_V0.5_c1_rep10_env10	lfmm_simes	8	Chr1	17610	624456	17	TRUE	TRUE
bgs_V0.5_c1_rep10_env10	lfmm_simes	8	Chr1	102618	496382	31	TRUE	TRUE
bgs_V0.5_c1_rep10_env10	lfmm_simes	8	Chr1	652253	698510	9	FALSE	TRUE
bgs_V0.5_c1_rep10_env10	lfmm_simes	8	Chr1	1029746	1094073	8	FALSE	FALSE
bgs_V0.5_c1_rep10_env10	lfmm_simes	9	Chr1	17610	624456	17	TRUE	TRUE
bgs_V0.5_c1_rep10_env10	lfmm_simes	9	Chr1	102618	496382	31	TRUE	TRUE
bgs_V0.5_c1_rep10_env10	lfmm_simes	9	Chr1	652253	698510	9	FALSE	TRUE
bgs_V0.5_c1_rep10_env10	lfmm_simes	14	Chr1	17610	624456	17	TRUE	TRUE
bgs_V0.5_c1_rep10_env10	lfmm_simes	14	Chr1	102618	496382	20	FALSE	TRUE
bgs_V1_c1_rep1_env2	lfmm_simes	9	Chr1	753	300424	45	TRUE	TRUE
bgs_V1_c1_rep1_env2	lfmm_simes	9	Chr1	26074	295896	33	FALSE	TRUE
bgs_V1_c1_rep1_env2	lfmm_simes	11	Chr1	753	300424	45	TRUE	TRUE
bgs_V1_c1_rep1_env2	lfmm_simes	11	Chr1	26074	295896	33	FALSE	TRUE
bgs_V1_c1_rep1_env2	lfmm_simes	14	Chr1	753	300424	45	TRUE	TRUE
bgs_V1_c1_rep1_env2	lfmm_simes	14	Chr1	26074	295896	33	FALSE	TRUE
bgs_V1_c1_rep1_env3	lfmm_simes	9	Chr1	26773393	26948870	13	TRUE	FALSE
bgs_V1_c1_rep1_env3	lfmm_simes	11	Chr1	26773393	26948870	13	TRUE	FALSE
bgs_V1_c1_rep1_env4	lfmm_simes	9	Chr1	16693073	16985612	20	TRUE	TRUE
bgs_V1_c1_rep1_env4	lfmm_simes	9	Chr1	16738244	16892607	10	TRUE	TRUE
bgs_V1_c1_rep1_env4	lfmm_simes	11	Chr1	16921596	16985612	11	TRUE	TRUE
bgs_V1_c1_rep2_env2	lfmm_simes	11	Chr2	11552972	11731675	26	FALSE	FALSE
bgs_V1_c1_rep2_env2	lfmm_simes	11	Chr2	12545070	12717755	19	FALSE	FALSE
bgs_V1_c1_rep2_env2	lfmm_simes	13	Chr2	11552972	11673930	15	FALSE	FALSE
bgs_V1_c1_rep2_env2	lfmm_simes	13	Chr2	12545070	12717755	19	FALSE	FALSE
bgs_V1_c1_rep2_env3	lfmm_simes	27	Chr1	12389285	12658116	63	FALSE	FALSE
bgs_V1_c1_rep2_env3	lfmm_simes	27	Chr2	12153035	12250572	32	FALSE	FALSE
bgs_V1_c1_rep2_env9	lfmm_simes	12	Chr1	12382517	12515533	33	TRUE	FALSE
bgs_V1_c1_rep2_env9	lfmm_simes	14	Chr1	12382517	12515533	33	TRUE	FALSE
bgs_V1_c1_rep2_env9	lfmm_simes	25	Chr1	12382517	12515533	33	TRUE	FALSE
bgs_V1_c1_rep3_env7	lfmm_simes	8	Chr1	10989694	11035563	10	TRUE	TRUE
bgs_V1_c1_rep3_env7	lfmm_simes	8	Chr1	11105995	11191270	12	FALSE	FALSE
bgs_V1_c1_rep3_env7	lfmm_simes	9	Chr1	10989694	11035563	10	TRUE	TRUE
bgs_V1_c1_rep3_env7	lfmm_simes	9	Chr1	11105995	11191270	12	FALSE	FALSE
bgs_V1_c1_rep3_env7	lfmm_simes	12	Chr1	11105995	11191270	12	FALSE	FALSE
bgs_V1_c1_rep4_env2	lfmm_simes	16	Chr1	22823948	23549941	29	FALSE	FALSE
bgs_V1_c1_rep4_env2	lfmm_simes	16	Chr1	26386048	27358493	62	FALSE	FALSE
bgs_V1_c1_rep4_env2	lfmm_simes	16	Chr1	26791270	27418450	38	FALSE	FALSE
bgs_V1_c1_rep4_env2	lfmm_simes	16	Chr2	20999845	21263967	18	FALSE	FALSE
bgs_V1_c1_rep4_env2	lfmm_simes	26	Chr1	22823948	23549941	29	FALSE	FALSE
bgs_V1_c1_rep4_env2	lfmm_simes	26	Chr1	26386048	27358493	62	FALSE	FALSE
bgs_V1_c1_rep4_env2	lfmm_simes	26	Chr1	26791270	27418450	38	FALSE	FALSE
bgs_V1_c1_rep5_env2	lfmm_simes	10	Chr1	23522	519770	30	FALSE	FALSE
bgs_V1_c1_rep5_env2	lfmm_simes	13	Chr1	23522	408091	18	FALSE	FALSE
bgs_V1_c1_rep5_env3	lfmm_simes	9	Chr1	9372	554682	47	TRUE	TRUE
bgs_V1_c1_rep5_env3	lfmm_simes	11	Chr1	9372	554682	47	TRUE	TRUE
bgs_V1_c1_rep5_env3	lfmm_simes	20	Chr1	9372	490606	35	TRUE	FALSE
bgs_V1_c1_rep5_env5	lfmm_simes	10	Chr1	600	669916	170	TRUE	TRUE
bgs_V1_c1_rep5_env5	lfmm_simes	12	Chr1	600	557485	160	TRUE	TRUE
bgs_V1_c1_rep5_env5	lfmm_simes	24	Chr1	600	488737	144	TRUE	TRUE
bgs_V1_c1_rep5_env8	lfmm_simes	10	Chr2	3977758	4079523	12	FALSE	FALSE
bgs_V1_c1_rep5_env8	lfmm_simes	12	Chr2	3977758	4079523	12	FALSE	FALSE
bgs_V1_c1_rep5_env10	lfmm_simes	9	Chr1	4218738	4330237	22	TRUE	TRUE
bgs_V1_c1_rep5_env10	lfmm_simes	10	Chr1	4218738	4330237	22	TRUE	TRUE
bgs_V1_c1_rep6_env1	lfmm_simes	8	Chr1	9543617	9635556	8	FALSE	FALSE
bgs_V1_c1_rep6_env2	lfmm_simes	7	Chr1	11557829	11678121	7	FALSE	TRUE
bgs_V1_c1_rep6_env3	lfmm_simes	8	Chr1	2564116	2615785	15	TRUE	TRUE
bgs_V1_c1_rep6_env3	lfmm_simes	9	Chr1	2564116	2615785	15	TRUE	TRUE
bgs_V1_c1_rep6_env8	lfmm_simes	8	Chr1	8612891	8887544	40	TRUE	TRUE
bgs_V1_c1_rep6_env8	lfmm_simes	8	Chr2	8719029	8752703	8	FALSE	FALSE
bgs_V1_c1_rep6_env8	lfmm_simes	9	Chr1	8612891	8887544	40	TRUE	TRUE
bgs_V1_c1_rep6_env8	lfmm_simes	13	Chr1	67084	427709	13	FALSE	FALSE
bgs_V1_c1_rep6_env8	lfmm_simes	13	Chr1	8612891	8779972	30	TRUE	TRUE
bgs_V1_c1_rep6_env10	lfmm_simes	10	Chr1	17308	421840	18	FALSE	FALSE
bgs_V1_c1_rep6_env10	lfmm_simes	16	Chr1	17308	421840	18	FALSE	FALSE
bgs_V1_c1_rep7_env4	lfmm_simes	13	Chr1	19559763	20191942	45	TRUE	TRUE
bgs_V1_c1_rep7_env4	lfmm_simes	17	Chr1	19559763	20191942	45	TRUE	TRUE
bgs_V1_c1_rep7_env5	lfmm_simes	22	Chr1	15493591	15813132	41	TRUE	FALSE
bgs_V1_c1_rep7_env6	lfmm_simes	12	Chr1	13143640	13719710	27	FALSE	TRUE
bgs_V1_c1_rep7_env6	lfmm_simes	12	Chr1	14081583	15308308	84	FALSE	TRUE
bgs_V1_c1_rep7_env6	lfmm_simes	12	Chr1	15075877	15178931	21	FALSE	FALSE
bgs_V1_c1_rep7_env6	lfmm_simes	14	Chr1	13143640	13719710	27	FALSE	TRUE
bgs_V1_c1_rep7_env6	lfmm_simes	14	Chr1	14081583	15308308	84	FALSE	TRUE
bgs_V1_c1_rep7_env6	lfmm_simes	14	Chr1	15075877	15178931	21	FALSE	FALSE
bgs_V1_c1_rep7_env6	lfmm_simes	21	Chr1	13143640	13719710	27	FALSE	TRUE
bgs_V1_c1_rep7_env6	lfmm_simes	21	Chr1	14081583	14967954	65	FALSE	TRUE
bgs_V1_c1_rep7_env6	lfmm_simes	21	Chr1	15075877	15178931	21	FALSE	FALSE
bgs_V1_c1_rep7_env7	lfmm_simes	11	Chr1	9487235	9903006	45	FALSE	FALSE
bgs_V1_c1_rep7_env7	lfmm_simes	11	Chr1	10514967	11405302	28	FALSE	FALSE
bgs_V1_c1_rep7_env7	lfmm_simes	11	Chr1	11507238	11874521	15	FALSE	FALSE
bgs_V1_c1_rep7_env7	lfmm_simes	11	Chr1	14502095	15071896	19	FALSE	FALSE
bgs_V1_c1_rep7_env7	lfmm_simes	11	Chr1	15325364	15411982	12	FALSE	FALSE
bgs_V1_c1_rep7_env7	lfmm_simes	13	Chr1	9487235	9698193	33	FALSE	FALSE
bgs_V1_c1_rep7_env7	lfmm_simes	13	Chr1	10514967	11405302	28	FALSE	FALSE
bgs_V1_c1_rep7_env7	lfmm_simes	13	Chr1	11507238	11874521	15	FALSE	FALSE
bgs_V1_c1_rep7_env7	lfmm_simes	13	Chr1	14502095	15071896	19	FALSE	FALSE
bgs_V1_c1_rep7_env7	lfmm_simes	19	Chr1	9487235	9698193	33	FALSE	FALSE
bgs_V1_c1_rep7_env7	lfmm_simes	19	Chr1	14502095	15071896	19	FALSE	FALSE
bgs_V1_c1_rep7_env8	lfmm_simes	12	Chr1	15417319	15668943	15	FALSE	FALSE
bgs_V1_c1_rep7_env8	lfmm_simes	15	Chr1	15417319	15668943	15	FALSE	FALSE
bgs_V1_c1_rep8_env2	lfmm_simes	8	Chr1	1655	476604	49	TRUE	TRUE
bgs_V1_c1_rep8_env2	lfmm_simes	11	Chr1	1655	476604	49	TRUE	TRUE
bgs_V1_c1_rep8_env4	lfmm_simes	8	Chr1	4428985	4447326	8	TRUE	TRUE
bgs_V1_c1_rep8_env4	lfmm_simes	8	Chr1	4506068	4635064	29	TRUE	TRUE
bgs_V1_c1_rep8_env4	lfmm_simes	10	Chr1	4506068	4635064	29	TRUE	TRUE
bgs_V1_c1_rep8_env4	lfmm_simes	15	Chr1	4506068	4559903	18	TRUE	TRUE
bgs_V1_c1_rep8_env5	lfmm_simes	8	Chr1	8542645	8717438	22	FALSE	FALSE
bgs_V1_c1_rep8_env5	lfmm_simes	8	Chr1	18642535	18677994	9	TRUE	FALSE
bgs_V1_c1_rep8_env5	lfmm_simes	9	Chr1	8542645	8717438	22	FALSE	FALSE
bgs_V1_c1_rep8_env5	lfmm_simes	9	Chr1	18642535	18677994	9	TRUE	FALSE
bgs_V1_c1_rep8_env5	lfmm_simes	14	Chr1	8542645	8717438	22	FALSE	FALSE
bgs_V1_c1_rep8_env6	lfmm_simes	9	Chr1	12042174	12123151	10	FALSE	TRUE
bgs_V1_c1_rep8_env6	lfmm_simes	9	Chr1	12165134	12224834	11	FALSE	TRUE
bgs_V1_c1_rep8_env6	lfmm_simes	10	Chr1	12042174	12123151	10	FALSE	TRUE
bgs_V1_c1_rep8_env6	lfmm_simes	10	Chr1	12165134	12224834	11	FALSE	TRUE
bgs_V1_c1_rep8_env10	lfmm_simes	8	Chr1	1065598	1199488	11	TRUE	TRUE
bgs_V1_c1_rep8_env10	lfmm_simes	8	Chr1	13956517	13976914	8	TRUE	TRUE
bgs_V1_c1_rep8_env10	lfmm_simes	9	Chr1	1065598	1199488	11	TRUE	TRUE
bgs_V1_c1_rep9_env1	lfmm_simes	8	Chr1	3287992	3684433	52	TRUE	TRUE
bgs_V1_c1_rep9_env1	lfmm_simes	8	Chr1	3762441	3923148	12	TRUE	FALSE
bgs_V1_c1_rep9_env1	lfmm_simes	9	Chr1	3287992	3684433	44	TRUE	TRUE
bgs_V1_c1_rep9_env1	lfmm_simes	9	Chr1	3762441	3923148	12	TRUE	FALSE
bgs_V1_c1_rep9_env1	lfmm_simes	14	Chr1	3539106	3594009	14	FALSE	TRUE
bgs_V1_c1_rep9_env3	lfmm_simes	8	Chr1	3819220	4258995	67	TRUE	TRUE
bgs_V1_c1_rep9_env3	lfmm_simes	10	Chr1	3819220	4258995	67	TRUE	TRUE
bgs_V1_c1_rep9_env3	lfmm_simes	13	Chr1	3819220	4136355	56	TRUE	TRUE
bgs_V1_c1_rep9_env5	lfmm_simes	8	Chr1	3274863	3405734	21	TRUE	TRUE
bgs_V1_c1_rep9_env5	lfmm_simes	8	Chr1	3897308	3976912	10	FALSE	FALSE
bgs_V1_c1_rep9_env5	lfmm_simes	10	Chr1	3322400	3530322	22	TRUE	TRUE
bgs_V1_c1_rep9_env5	lfmm_simes	10	Chr1	3897308	3976912	10	FALSE	FALSE
bgs_V1_c1_rep9_env6	lfmm_simes	8	Chr2	13131376	13221503	9	FALSE	FALSE
bgs_V1_c1_rep9_env6	lfmm_simes	9	Chr2	13131376	13221503	9	FALSE	FALSE
bgs_V1_c1_rep9_env7	lfmm_simes	9	Chr1	14484280	14525070	10	TRUE	TRUE
bgs_V1_c1_rep9_env7	lfmm_simes	10	Chr1	14484280	14525070	10	TRUE	TRUE
bgs_V1_c1_rep9_env10	lfmm_simes	8	Chr1	3642525	3675101	10	FALSE	TRUE
bgs_V1_c1_rep9_env10	lfmm_simes	8	Chr1	6379478	6424599	9	TRUE	TRUE
bgs_V1_c1_rep9_env10	lfmm_simes	9	Chr1	3642525	3675101	10	FALSE	TRUE
bgs_V1_c1_rep9_env10	lfmm_simes	9	Chr1	6379478	6424599	9	TRUE	TRUE
bgs_V1_c1_rep10_env3	lfmm_simes	8	Chr1	4345227	4384115	9	TRUE	TRUE
bgs_V1_c1_rep10_env7	lfmm_simes	8	Chr1	591824	682579	28	TRUE	TRUE
bgs_V1_c1_rep10_env7	lfmm_simes	8	Chr1	615849	635624	11	TRUE	FALSE
bgs_V1_c1_rep10_env7	lfmm_simes	9	Chr1	591824	682579	28	TRUE	TRUE
bgs_V1_c1_rep10_env7	lfmm_simes	9	Chr1	615849	635624	11	TRUE	FALSE
bgs_V1_c1_rep10_env7	lfmm_simes	13	Chr1	637342	682579	18	TRUE	TRUE
bgs_V1_c1_rep10_env9	lfmm_simes	8	Chr1	8127832	8188316	10	FALSE	FALSE
bgs_V1_c1_rep10_env9	lfmm_simes	10	Chr1	8127832	8188316	10	FALSE	FALSE
bgs_V2_c1_rep1_env1	lfmm_simes	8	Chr1	10533689	10677394	13	FALSE	FALSE
bgs_V2_c1_rep1_env1	lfmm_simes	10	Chr1	10533689	10677394	13	FALSE	FALSE
bgs_V2_c1_rep1_env1	lfmm_simes	16	Chr1	15589556	15641234	17	FALSE	FALSE
bgs_V2_c1_rep1_env2	lfmm_simes	9	Chr1	25786036	25805516	9	TRUE	TRUE
bgs_V2_c1_rep1_env4	lfmm_simes	9	Chr1	9071034	9102618	11	TRUE	FALSE
bgs_V2_c1_rep1_env4	lfmm_simes	10	Chr1	9071034	9102618	11	TRUE	FALSE
bgs_V2_c1_rep1_env5	lfmm_simes	9	Chr1	16867030	16920547	9	TRUE	FALSE
bgs_V2_c1_rep1_env6	lfmm_simes	15	Chr2	18857667	19005167	15	FALSE	FALSE
bgs_V2_c1_rep1_env7	lfmm_simes	9	Chr1	9047750	9290115	44	TRUE	TRUE
bgs_V2_c1_rep1_env7	lfmm_simes	11	Chr1	9091558	9290115	35	TRUE	TRUE
bgs_V2_c1_rep1_env7	lfmm_simes	15	Chr1	9190584	9290115	21	FALSE	FALSE
bgs_V2_c1_rep2_env4	lfmm_simes	23	Chr2	12149755	12276551	30	FALSE	FALSE
bgs_V2_c1_rep2_env5	lfmm_simes	11	Chr1	10737676	11036384	12	FALSE	FALSE
bgs_V2_c1_rep2_env6	lfmm_simes	11	Chr2	15151413	15382147	17	FALSE	FALSE
bgs_V2_c1_rep2_env6	lfmm_simes	14	Chr2	15151413	15382147	17	FALSE	FALSE
bgs_V2_c1_rep2_env7	lfmm_simes	10	Chr1	12279363	12352411	14	FALSE	FALSE
bgs_V2_c1_rep2_env7	lfmm_simes	12	Chr1	12279363	12352411	14	FALSE	FALSE
bgs_V2_c1_rep3_env2	lfmm_simes	8	Chr1	3402103	3528103	32	TRUE	FALSE
bgs_V2_c1_rep3_env2	lfmm_simes	9	Chr1	3402103	3528103	32	TRUE	FALSE
bgs_V2_c1_rep3_env2	lfmm_simes	13	Chr1	3402103	3488392	23	TRUE	FALSE
bgs_V2_c1_rep3_env3	lfmm_simes	8	Chr1	8484389	8632531	25	TRUE	TRUE
bgs_V2_c1_rep3_env3	lfmm_simes	8	Chr1	8878048	8904174	8	FALSE	FALSE
bgs_V2_c1_rep3_env3	lfmm_simes	9	Chr1	8484389	8632531	25	TRUE	TRUE
bgs_V2_c1_rep3_env3	lfmm_simes	11	Chr1	8484389	8632531	25	TRUE	TRUE
bgs_V2_c1_rep3_env4	lfmm_simes	8	Chr1	11887254	11903811	8	TRUE	TRUE
bgs_V2_c1_rep3_env6	lfmm_simes	8	Chr1	3640408	3752528	11	TRUE	TRUE
bgs_V2_c1_rep3_env6	lfmm_simes	9	Chr1	3640408	3752528	11	TRUE	TRUE
bgs_V2_c1_rep3_env7	lfmm_simes	12	Chr2	16742	459591	24	FALSE	FALSE
bgs_V2_c1_rep3_env9	lfmm_simes	7	Chr1	3657628	3731640	12	TRUE	FALSE
bgs_V2_c1_rep3_env9	lfmm_simes	7	Chr1	3710336	3775793	7	TRUE	FALSE
bgs_V2_c1_rep3_env9	lfmm_simes	7	Chr1	4217995	4257616	7	FALSE	FALSE
bgs_V2_c1_rep3_env9	lfmm_simes	8	Chr1	3657628	3731640	12	TRUE	FALSE
bgs_V2_c1_rep3_env9	lfmm_simes	11	Chr1	3657628	3731640	12	TRUE	FALSE
bgs_V2_c1_rep4_env6	lfmm_simes	12	Chr1	9189077	9343193	15	TRUE	FALSE
bgs_V2_c1_rep4_env6	lfmm_simes	15	Chr1	9189077	9343193	15	TRUE	FALSE
bgs_V2_c1_rep5_env1	lfmm_simes	9	Chr1	10365	496414	65	TRUE	FALSE
bgs_V2_c1_rep5_env1	lfmm_simes	9	Chr1	6857590	6998748	27	FALSE	FALSE
bgs_V2_c1_rep5_env1	lfmm_simes	12	Chr1	10365	496414	65	TRUE	FALSE
bgs_V2_c1_rep5_env1	lfmm_simes	12	Chr1	6878062	6921420	16	FALSE	FALSE
bgs_V2_c1_rep5_env1	lfmm_simes	24	Chr1	10365	496414	65	TRUE	FALSE
bgs_V2_c1_rep5_env2	lfmm_simes	9	Chr1	1204773	1277869	22	TRUE	TRUE
bgs_V2_c1_rep5_env2	lfmm_simes	9	Chr1	1213186	1270023	14	TRUE	FALSE
bgs_V2_c1_rep5_env2	lfmm_simes	9	Chr2	4442719	4511341	9	FALSE	FALSE
bgs_V2_c1_rep5_env2	lfmm_simes	12	Chr1	1213186	1270023	14	TRUE	FALSE
bgs_V2_c1_rep5_env2	lfmm_simes	12	Chr1	1232450	1277869	12	TRUE	TRUE
bgs_V2_c1_rep5_env3	lfmm_simes	9	Chr1	351	492572	109	TRUE	TRUE
bgs_V2_c1_rep5_env3	lfmm_simes	9	Chr1	562618	586741	12	FALSE	FALSE
bgs_V2_c1_rep5_env3	lfmm_simes	11	Chr1	351	492572	109	TRUE	TRUE
bgs_V2_c1_rep5_env3	lfmm_simes	11	Chr1	562618	586741	12	FALSE	FALSE
bgs_V2_c1_rep5_env3	lfmm_simes	21	Chr1	3040	492572	98	TRUE	TRUE
bgs_V2_c1_rep5_env4	lfmm_simes	9	Chr1	4179661	4227213	14	TRUE	FALSE
bgs_V2_c1_rep5_env4	lfmm_simes	12	Chr1	4179661	4227213	14	TRUE	FALSE
bgs_V2_c1_rep5_env8	lfmm_simes	9	Chr1	11913516	11945612	12	TRUE	TRUE
bgs_V2_c1_rep5_env8	lfmm_simes	12	Chr1	11913516	11945612	12	TRUE	TRUE
bgs_V2_c1_rep6_env2	lfmm_simes	8	Chr1	11066878	11132421	15	TRUE	FALSE
bgs_V2_c1_rep6_env2	lfmm_simes	10	Chr1	11066878	11132421	15	TRUE	FALSE
bgs_V2_c1_rep6_env2	lfmm_simes	14	Chr1	11066878	11132421	15	TRUE	FALSE
bgs_V2_c1_rep6_env3	lfmm_simes	8	Chr1	10230189	10451664	22	FALSE	FALSE
bgs_V2_c1_rep6_env3	lfmm_simes	8	Chr1	10282276	10374235	17	FALSE	FALSE
bgs_V2_c1_rep6_env3	lfmm_simes	9	Chr1	10230189	10451664	22	FALSE	FALSE
bgs_V2_c1_rep6_env3	lfmm_simes	9	Chr1	10296233	10352278	9	FALSE	FALSE
bgs_V2_c1_rep6_env3	lfmm_simes	12	Chr1	10275029	10399214	12	FALSE	FALSE
bgs_V2_c1_rep6_env4	lfmm_simes	8	Chr1	13238092	13273230	8	FALSE	FALSE
bgs_V2_c1_rep6_env5	lfmm_simes	16	Chr1	8301726	8523781	25	TRUE	FALSE
bgs_V2_c1_rep6_env7	lfmm_simes	14	Chr2	8484152	8594818	16	FALSE	FALSE
bgs_V2_c1_rep6_env9	lfmm_simes	8	Chr2	8379614	8420119	11	FALSE	FALSE
bgs_V2_c1_rep6_env9	lfmm_simes	9	Chr2	8379614	8420119	11	FALSE	FALSE
bgs_V2_c1_rep7_env2	lfmm_simes	11	Chr2	12992357	13098203	11	FALSE	FALSE
bgs_V2_c1_rep7_env2	lfmm_simes	20	Chr2	15630920	15825661	26	FALSE	FALSE
bgs_V2_c1_rep7_env3	lfmm_simes	11	Chr1	6642032	6756871	11	TRUE	FALSE
bgs_V2_c1_rep7_env8	lfmm_simes	11	Chr1	16669460	16835028	12	FALSE	TRUE
bgs_V2_c1_rep7_env9	lfmm_simes	11	Chr1	14230206	14497940	12	TRUE	FALSE
bgs_V2_c1_rep8_env3	lfmm_simes	9	Chr1	14862580	14879919	9	TRUE	FALSE
bgs_V2_c1_rep8_env5	lfmm_simes	8	Chr1	4446793	4466233	9	TRUE	FALSE
bgs_V2_c1_rep8_env5	lfmm_simes	8	Chr1	4556347	4592364	8	TRUE	FALSE
bgs_V2_c1_rep8_env5	lfmm_simes	9	Chr1	4446793	4466233	9	TRUE	FALSE
bgs_V2_c1_rep8_env7	lfmm_simes	8	Chr1	8077501	8144945	13	FALSE	FALSE
bgs_V2_c1_rep8_env7	lfmm_simes	10	Chr1	8077501	8144945	13	FALSE	FALSE
bgs_V2_c1_rep8_env8	lfmm_simes	8	Chr1	13587349	13637406	14	TRUE	TRUE
bgs_V2_c1_rep8_env8	lfmm_simes	8	Chr1	13668218	13709511	9	TRUE	FALSE
bgs_V2_c1_rep8_env8	lfmm_simes	9	Chr1	13587349	13637406	14	TRUE	TRUE
bgs_V2_c1_rep8_env8	lfmm_simes	9	Chr1	13668218	13709511	9	TRUE	FALSE
bgs_V2_c1_rep8_env8	lfmm_simes	12	Chr1	13587349	13637406	14	TRUE	TRUE
bgs_V2_c1_rep9_env4	lfmm_simes	8	Chr1	8212503	8346812	34	TRUE	TRUE
bgs_V2_c1_rep9_env4	lfmm_simes	10	Chr1	8212503	8346812	34	TRUE	TRUE
bgs_V2_c1_rep9_env4	lfmm_simes	15	Chr1	8260754	8346812	22	TRUE	TRUE
bgs_V2_c1_rep9_env5	lfmm_simes	13	Chr1	87737	479073	18	FALSE	FALSE
bgs_V2_c1_rep9_env5	lfmm_simes	13	Chr2	3929627	4101892	31	FALSE	FALSE
bgs_V2_c1_rep9_env7	lfmm_simes	8	Chr1	8220416	8259257	9	TRUE	FALSE
bgs_V2_c1_rep9_env7	lfmm_simes	9	Chr1	8220416	8259257	9	TRUE	FALSE
bgs_V2_c1_rep9_env10	lfmm_simes	9	Chr2	18604104	18715519	9	FALSE	FALSE
bgs_V2_c1_rep10_env2	lfmm_simes	9	Chr1	8858480	8997255	19	TRUE	TRUE
bgs_V2_c1_rep10_env2	lfmm_simes	10	Chr1	8949642	8997255	10	TRUE	TRUE
bgs_V2_c1_rep10_env3	lfmm_simes	9	Chr1	156179	494546	38	TRUE	TRUE
bgs_V2_c1_rep10_env3	lfmm_simes	10	Chr1	156179	494546	38	TRUE	TRUE
bgs_V2_c1_rep10_env3	lfmm_simes	15	Chr1	13559	494546	67	TRUE	TRUE
bgs_V2_c1_rep10_env6	lfmm_simes	8	Chr1	70633	504863	36	TRUE	FALSE
bgs_V2_c1_rep10_env6	lfmm_simes	10	Chr1	70633	504863	36	TRUE	FALSE
bgs_V2_c1_rep10_env6	lfmm_simes	14	Chr1	95392	487715	25	TRUE	FALSE
bgs_V2_c1_rep10_env8	lfmm_simes	9	Chr1	8074260	8166593	13	TRUE	FALSE
bgs_V2_c1_rep10_env8	lfmm_simes	10	Chr1	8074260	8166593	13	TRUE	FALSE
bgs_V2_c1_rep10_env8	lfmm_simes	13	Chr1	8074260	8166593	13	TRUE	FALSE
bgs_V2_c1_rep10_env9	lfmm_simes	9	Chr1	672306	716439	10	TRUE	FALSE
nobgs_V0.5_c1_rep1_env2	lfmm_simes	8	Chr1	11888112	12622979	54	FALSE	TRUE
nobgs_V0.5_c1_rep1_env2	lfmm_simes	9	Chr1	11888112	12622979	54	FALSE	TRUE
nobgs_V0.5_c1_rep1_env2	lfmm_simes	16	Chr1	11888112	12622979	54	FALSE	TRUE
nobgs_V0.5_c1_rep1_env2	lfmm_simes	16	Chr1	12015244	12478802	43	FALSE	FALSE
nobgs_V0.5_c1_rep1_env3	lfmm_simes	9	Chr1	8764401	9361131	54	TRUE	TRUE
nobgs_V0.5_c1_rep1_env3	lfmm_simes	9	Chr1	9473908	9620569	12	FALSE	FALSE
nobgs_V0.5_c1_rep1_env3	lfmm_simes	9	Chr1	10583680	10929773	63	FALSE	FALSE
nobgs_V0.5_c1_rep1_env3	lfmm_simes	9	Chr1	15695220	16331942	138	TRUE	TRUE
nobgs_V0.5_c1_rep1_env3	lfmm_simes	11	Chr1	8764401	9361131	54	TRUE	TRUE
nobgs_V0.5_c1_rep1_env3	lfmm_simes	11	Chr1	9473908	9620569	12	FALSE	FALSE
nobgs_V0.5_c1_rep1_env3	lfmm_simes	11	Chr1	10583680	10668138	11	FALSE	FALSE
nobgs_V0.5_c1_rep1_env3	lfmm_simes	11	Chr1	10724617	10929773	43	FALSE	FALSE
nobgs_V0.5_c1_rep1_env3	lfmm_simes	11	Chr1	15695220	16002520	77	TRUE	TRUE
nobgs_V0.5_c1_rep1_env3	lfmm_simes	11	Chr1	16111429	16331942	33	TRUE	TRUE
nobgs_V0.5_c1_rep1_env3	lfmm_simes	18	Chr1	8764401	9361131	43	TRUE	TRUE
nobgs_V0.5_c1_rep1_env3	lfmm_simes	18	Chr1	10724617	10865602	26	FALSE	FALSE
nobgs_V0.5_c1_rep1_env3	lfmm_simes	18	Chr1	15740611	15841314	18	TRUE	FALSE
nobgs_V0.5_c1_rep1_env3	lfmm_simes	18	Chr1	15827311	16000101	29	FALSE	TRUE
nobgs_V0.5_c1_rep1_env3	lfmm_simes	18	Chr1	16111429	16262055	20	TRUE	TRUE
nobgs_V0.5_c1_rep1_env4	lfmm_simes	8	Chr1	16626245	16663675	8	FALSE	TRUE
nobgs_V0.5_c1_rep1_env6	lfmm_simes	8	Chr1	19096550	19247143	26	FALSE	TRUE
nobgs_V0.5_c1_rep1_env6	lfmm_simes	10	Chr1	19096550	19247143	26	FALSE	TRUE
nobgs_V0.5_c1_rep1_env6	lfmm_simes	18	Chr1	19096550	19247143	26	FALSE	TRUE
nobgs_V0.5_c1_rep1_env7	lfmm_simes	9	Chr1	13394658	15552634	46	TRUE	TRUE
nobgs_V0.5_c1_rep1_env7	lfmm_simes	11	Chr1	13394658	15552634	46	TRUE	TRUE
nobgs_V0.5_c1_rep1_env7	lfmm_simes	18	Chr1	13446650	13569185	35	TRUE	FALSE
nobgs_V0.5_c1_rep1_env8	lfmm_simes	8	Chr1	16313024	16418632	15	FALSE	TRUE
nobgs_V0.5_c1_rep1_env8	lfmm_simes	10	Chr1	16313024	16418632	15	FALSE	TRUE
nobgs_V0.5_c1_rep1_env8	lfmm_simes	15	Chr1	16313024	16418632	15	FALSE	TRUE
nobgs_V0.5_c1_rep1_env10	lfmm_simes	8	Chr1	10398286	10567907	18	TRUE	TRUE
nobgs_V0.5_c1_rep1_env10	lfmm_simes	8	Chr1	10694139	10783737	18	FALSE	FALSE
nobgs_V0.5_c1_rep1_env10	lfmm_simes	10	Chr1	10398286	10518166	10	TRUE	TRUE
nobgs_V0.5_c1_rep1_env10	lfmm_simes	10	Chr1	10583353	10783737	31	FALSE	FALSE
nobgs_V0.5_c1_rep1_env10	lfmm_simes	16	Chr1	10694139	10783737	18	FALSE	FALSE
nobgs_V0.5_c1_rep2_env1	lfmm_simes	12	Chr1	12297897	12784182	65	TRUE	FALSE
nobgs_V0.5_c1_rep2_env1	lfmm_simes	14	Chr1	12297897	12784182	65	TRUE	FALSE
nobgs_V0.5_c1_rep2_env1	lfmm_simes	21	Chr1	12207029	12289804	29	FALSE	FALSE
nobgs_V0.5_c1_rep2_env1	lfmm_simes	21	Chr1	12392049	12784182	49	TRUE	FALSE
nobgs_V0.5_c1_rep2_env3	lfmm_simes	11	Chr1	14718960	15920090	339	TRUE	TRUE
nobgs_V0.5_c1_rep2_env3	lfmm_simes	15	Chr1	14718960	15920090	339	TRUE	TRUE
nobgs_V0.5_c1_rep2_env3	lfmm_simes	26	Chr1	14718960	15920090	339	TRUE	TRUE
nobgs_V0.5_c1_rep2_env8	lfmm_simes	11	Chr1	15414721	15919809	53	TRUE	TRUE
nobgs_V0.5_c1_rep2_env8	lfmm_simes	13	Chr1	15414721	15919809	53	TRUE	TRUE
nobgs_V0.5_c1_rep2_env8	lfmm_simes	19	Chr1	15589331	15782299	22	TRUE	TRUE
nobgs_V0.5_c1_rep3_env1	lfmm_simes	8	Chr1	5347634	5737683	53	TRUE	TRUE
nobgs_V0.5_c1_rep3_env1	lfmm_simes	9	Chr1	5347634	5737683	53	TRUE	TRUE
nobgs_V0.5_c1_rep3_env1	lfmm_simes	13	Chr1	5347634	5626257	32	TRUE	TRUE
nobgs_V0.5_c1_rep3_env3	lfmm_simes	8	Chr1	9605495	9809964	30	TRUE	TRUE
nobgs_V0.5_c1_rep3_env3	lfmm_simes	10	Chr1	9605495	9809964	30	TRUE	TRUE
nobgs_V0.5_c1_rep3_env3	lfmm_simes	14	Chr1	9605495	9759797	19	TRUE	TRUE
nobgs_V0.5_c1_rep3_env5	lfmm_simes	9	Chr1	8709370	8772253	13	FALSE	FALSE
nobgs_V0.5_c1_rep3_env5	lfmm_simes	11	Chr1	8709370	8772253	13	FALSE	FALSE
nobgs_V0.5_c1_rep3_env7	lfmm_simes	8	Chr1	11456985	11547979	18	TRUE	TRUE
nobgs_V0.5_c1_rep3_env8	lfmm_simes	8	Chr1	2354533	2384567	8	TRUE	TRUE
nobgs_V0.5_c1_rep3_env8	lfmm_simes	8	Chr1	3458443	3705924	44	TRUE	TRUE
nobgs_V0.5_c1_rep3_env8	lfmm_simes	10	Chr1	3458443	3705924	44	TRUE	TRUE
nobgs_V0.5_c1_rep3_env8	lfmm_simes	16	Chr1	2766802	2929545	27	FALSE	FALSE
nobgs_V0.5_c1_rep3_env8	lfmm_simes	16	Chr1	3458443	3705924	44	TRUE	TRUE
nobgs_V0.5_c1_rep3_env9	lfmm_simes	7	Chr1	13080126	13136418	11	TRUE	TRUE
nobgs_V0.5_c1_rep3_env9	lfmm_simes	7	Chr1	15317483	15360195	10	TRUE	TRUE
nobgs_V0.5_c1_rep3_env9	lfmm_simes	8	Chr1	13080126	13136418	11	TRUE	TRUE
nobgs_V0.5_c1_rep3_env9	lfmm_simes	8	Chr1	15317483	15360195	10	TRUE	TRUE
nobgs_V0.5_c1_rep3_env9	lfmm_simes	11	Chr1	13080126	13136418	11	TRUE	TRUE
nobgs_V0.5_c1_rep4_env1	lfmm_simes	13	Chr1	16743633	17429761	43	TRUE	TRUE
nobgs_V0.5_c1_rep4_env2	lfmm_simes	11	Chr1	18821201	18899887	11	TRUE	TRUE
nobgs_V0.5_c1_rep4_env2	lfmm_simes	11	Chr1	27146675	27437722	39	TRUE	FALSE
nobgs_V0.5_c1_rep4_env2	lfmm_simes	14	Chr1	27146675	27437722	39	TRUE	FALSE
nobgs_V0.5_c1_rep4_env2	lfmm_simes	22	Chr1	27146675	27437722	39	TRUE	FALSE
nobgs_V0.5_c1_rep4_env3	lfmm_simes	12	Chr1	30004578	30108874	14	TRUE	TRUE
nobgs_V0.5_c1_rep4_env4	lfmm_simes	13	Chr1	18734076	19579958	68	TRUE	TRUE
nobgs_V0.5_c1_rep4_env4	lfmm_simes	13	Chr1	27041985	27421174	33	FALSE	FALSE
nobgs_V0.5_c1_rep4_env4	lfmm_simes	17	Chr1	18734076	19579958	68	TRUE	TRUE
nobgs_V0.5_c1_rep4_env4	lfmm_simes	17	Chr1	27041985	27421174	33	FALSE	FALSE
nobgs_V0.5_c1_rep4_env4	lfmm_simes	30	Chr1	18734076	19359811	39	TRUE	TRUE
nobgs_V0.5_c1_rep4_env4	lfmm_simes	30	Chr1	27041985	27421174	33	FALSE	FALSE
nobgs_V0.5_c1_rep4_env8	lfmm_simes	12	Chr1	12756199	12859382	12	TRUE	TRUE
nobgs_V0.5_c1_rep4_env10	lfmm_simes	12	Chr1	27137277	27338568	15	TRUE	TRUE
nobgs_V0.5_c1_rep4_env10	lfmm_simes	14	Chr1	27137277	27338568	15	TRUE	TRUE
nobgs_V0.5_c1_rep5_env1	lfmm_simes	8	Chr1	9430	492610	171	TRUE	FALSE
nobgs_V0.5_c1_rep5_env1	lfmm_simes	8	Chr2	6555107	6641775	19	FALSE	FALSE
nobgs_V0.5_c1_rep5_env1	lfmm_simes	9	Chr1	9430	492610	171	TRUE	FALSE
nobgs_V0.5_c1_rep5_env1	lfmm_simes	9	Chr2	6555107	6609317	11	FALSE	FALSE
nobgs_V0.5_c1_rep5_env1	lfmm_simes	14	Chr1	9430	492610	171	TRUE	FALSE
nobgs_V0.5_c1_rep5_env2	lfmm_simes	9	Chr1	19927	483981	56	TRUE	FALSE
nobgs_V0.5_c1_rep5_env2	lfmm_simes	9	Chr1	583075	682719	32	TRUE	TRUE
nobgs_V0.5_c1_rep5_env2	lfmm_simes	9	Chr1	641693	683402	9	TRUE	FALSE
nobgs_V0.5_c1_rep5_env2	lfmm_simes	11	Chr1	19927	483981	56	TRUE	FALSE
nobgs_V0.5_c1_rep5_env2	lfmm_simes	11	Chr1	583075	649806	22	TRUE	FALSE
nobgs_V0.5_c1_rep5_env2	lfmm_simes	35	Chr1	16524	487673	104	TRUE	FALSE
nobgs_V0.5_c1_rep5_env3	lfmm_simes	8	Chr1	3757577	3813402	10	TRUE	TRUE
nobgs_V0.5_c1_rep5_env3	lfmm_simes	10	Chr1	3757577	3813402	10	TRUE	TRUE
nobgs_V0.5_c1_rep5_env6	lfmm_simes	8	Chr1	6851553	7423701	224	TRUE	TRUE
nobgs_V0.5_c1_rep5_env6	lfmm_simes	9	Chr1	60	488204	124	FALSE	FALSE
nobgs_V0.5_c1_rep5_env6	lfmm_simes	9	Chr1	6476481	6695880	41	FALSE	FALSE
nobgs_V0.5_c1_rep5_env6	lfmm_simes	9	Chr1	6851553	7423701	224	TRUE	TRUE
nobgs_V0.5_c1_rep5_env6	lfmm_simes	25	Chr1	60	488204	124	FALSE	FALSE
nobgs_V0.5_c1_rep5_env6	lfmm_simes	25	Chr1	6582033	6695880	28	FALSE	FALSE
nobgs_V0.5_c1_rep5_env6	lfmm_simes	25	Chr1	6851553	7353699	193	TRUE	TRUE
nobgs_V0.5_c1_rep5_env10	lfmm_simes	9	Chr1	12052166	12072124	10	TRUE	TRUE
nobgs_V0.5_c1_rep6_env1	lfmm_simes	8	Chr1	10166457	10297088	22	FALSE	FALSE
nobgs_V0.5_c1_rep6_env1	lfmm_simes	8	Chr1	10429476	10683447	51	TRUE	FALSE
nobgs_V0.5_c1_rep6_env1	lfmm_simes	8	Chr1	11067107	11107401	8	FALSE	FALSE
nobgs_V0.5_c1_rep6_env1	lfmm_simes	8	Chr1	12703950	12786754	16	TRUE	FALSE
nobgs_V0.5_c1_rep6_env1	lfmm_simes	9	Chr1	10429476	10683447	51	TRUE	FALSE
nobgs_V0.5_c1_rep6_env1	lfmm_simes	13	Chr1	10166457	10297088	22	FALSE	FALSE
nobgs_V0.5_c1_rep6_env1	lfmm_simes	13	Chr1	10429476	10683447	51	TRUE	FALSE
nobgs_V0.5_c1_rep6_env2	lfmm_simes	7	Chr1	2038946	2095254	8	TRUE	TRUE
nobgs_V0.5_c1_rep6_env3	lfmm_simes	8	Chr1	12635325	12739713	9	TRUE	TRUE
nobgs_V0.5_c1_rep6_env3	lfmm_simes	8	Chr1	12742098	12768029	8	TRUE	TRUE
nobgs_V0.5_c1_rep6_env3	lfmm_simes	9	Chr1	12635325	12739713	9	TRUE	TRUE
nobgs_V0.5_c1_rep6_env4	lfmm_simes	7	Chr1	2482081	2496507	8	TRUE	TRUE
nobgs_V0.5_c1_rep6_env4	lfmm_simes	7	Chr1	10688466	10746758	7	FALSE	FALSE
nobgs_V0.5_c1_rep6_env4	lfmm_simes	8	Chr1	2482081	2496507	8	TRUE	TRUE
nobgs_V0.5_c1_rep6_env5	lfmm_simes	9	Chr1	5060822	5433208	57	TRUE	TRUE
nobgs_V0.5_c1_rep6_env5	lfmm_simes	9	Chr1	8424926	8662224	43	TRUE	FALSE
nobgs_V0.5_c1_rep6_env5	lfmm_simes	10	Chr1	5060822	5433208	57	TRUE	TRUE
nobgs_V0.5_c1_rep6_env5	lfmm_simes	10	Chr1	8424926	8662224	43	TRUE	FALSE
nobgs_V0.5_c1_rep6_env5	lfmm_simes	17	Chr1	5060822	5433208	57	TRUE	TRUE
nobgs_V0.5_c1_rep6_env6	lfmm_simes	7	Chr1	10110247	10220383	11	FALSE	TRUE
nobgs_V0.5_c1_rep6_env6	lfmm_simes	7	Chr1	10674479	10728487	7	FALSE	FALSE
nobgs_V0.5_c1_rep6_env6	lfmm_simes	9	Chr1	10110247	10220383	11	FALSE	TRUE
nobgs_V0.5_c1_rep7_env1	lfmm_simes	10	Chr1	15985824	16202558	13	FALSE	TRUE
nobgs_V0.5_c1_rep7_env1	lfmm_simes	10	Chr1	21247758	21390112	11	TRUE	TRUE
nobgs_V0.5_c1_rep7_env1	lfmm_simes	13	Chr1	15985824	16202558	13	FALSE	TRUE
nobgs_V0.5_c1_rep7_env1	lfmm_simes	13	Chr2	12939499	13412454	19	FALSE	FALSE
nobgs_V0.5_c1_rep7_env1	lfmm_simes	18	Chr2	12939499	13412454	19	FALSE	FALSE
nobgs_V0.5_c1_rep7_env2	lfmm_simes	10	Chr1	6408180	6563281	22	TRUE	TRUE
nobgs_V0.5_c1_rep7_env2	lfmm_simes	10	Chr1	6903122	7003015	12	FALSE	TRUE
nobgs_V0.5_c1_rep7_env2	lfmm_simes	10	Chr2	14521629	15126182	14	FALSE	FALSE
nobgs_V0.5_c1_rep7_env2	lfmm_simes	12	Chr1	6496034	6563281	12	TRUE	TRUE
nobgs_V0.5_c1_rep7_env2	lfmm_simes	12	Chr1	6903122	7003015	12	FALSE	TRUE
nobgs_V0.5_c1_rep7_env2	lfmm_simes	12	Chr2	14521629	15126182	14	FALSE	FALSE
nobgs_V0.5_c1_rep7_env2	lfmm_simes	12	Chr2	15204948	15293976	12	FALSE	FALSE
nobgs_V0.5_c1_rep7_env3	lfmm_simes	11	Chr1	17264895	18262641	90	TRUE	TRUE
nobgs_V0.5_c1_rep7_env3	lfmm_simes	13	Chr1	17264895	18165763	78	TRUE	TRUE
nobgs_V0.5_c1_rep7_env3	lfmm_simes	18	Chr1	17264895	18165763	78	TRUE	TRUE
nobgs_V0.5_c1_rep7_env6	lfmm_simes	11	Chr1	6454825	6536854	17	TRUE	TRUE
nobgs_V0.5_c1_rep7_env6	lfmm_simes	13	Chr1	6454825	6536854	17	TRUE	TRUE
nobgs_V0.5_c1_rep7_env6	lfmm_simes	19	Chr1	14371634	14692455	21	FALSE	FALSE
nobgs_V0.5_c1_rep7_env8	lfmm_simes	11	Chr1	16968603	17090566	11	FALSE	TRUE
nobgs_V0.5_c1_rep7_env8	lfmm_simes	11	Chr1	17496021	17728403	15	FALSE	TRUE
nobgs_V0.5_c1_rep7_env8	lfmm_simes	11	Chr1	17923740	18034426	14	TRUE	TRUE
nobgs_V0.5_c1_rep7_env8	lfmm_simes	11	Chr1	18184836	18557802	29	FALSE	TRUE
nobgs_V0.5_c1_rep7_env8	lfmm_simes	11	Chr1	20045930	20168054	12	FALSE	FALSE
nobgs_V0.5_c1_rep7_env8	lfmm_simes	13	Chr1	17496021	17728403	15	FALSE	TRUE
nobgs_V0.5_c1_rep7_env8	lfmm_simes	13	Chr1	17923740	18034426	14	TRUE	TRUE
nobgs_V0.5_c1_rep7_env8	lfmm_simes	13	Chr1	18184836	18557802	18	FALSE	TRUE
nobgs_V0.5_c1_rep7_env10	lfmm_simes	10	Chr1	15005642	15925286	116	TRUE	TRUE
nobgs_V0.5_c1_rep7_env10	lfmm_simes	10	Chr1	15530642	15628473	17	FALSE	FALSE
nobgs_V0.5_c1_rep7_env10	lfmm_simes	10	Chr1	15985930	16089224	11	FALSE	FALSE
nobgs_V0.5_c1_rep7_env10	lfmm_simes	12	Chr1	15005642	15925286	116	TRUE	TRUE
nobgs_V0.5_c1_rep7_env10	lfmm_simes	12	Chr1	15530642	15628473	17	FALSE	FALSE
nobgs_V0.5_c1_rep7_env10	lfmm_simes	19	Chr1	15005642	15925286	116	TRUE	TRUE
nobgs_V0.5_c1_rep8_env1	lfmm_simes	8	Chr1	12347017	12791923	42	TRUE	TRUE
nobgs_V0.5_c1_rep8_env1	lfmm_simes	8	Chr1	14860782	14888849	9	TRUE	TRUE
nobgs_V0.5_c1_rep8_env1	lfmm_simes	10	Chr1	12347017	12791923	42	TRUE	TRUE
nobgs_V0.5_c1_rep8_env1	lfmm_simes	13	Chr1	12399584	12791923	30	TRUE	TRUE
nobgs_V0.5_c1_rep8_env2	lfmm_simes	8	Chr1	9705998	10019705	17	TRUE	TRUE
nobgs_V0.5_c1_rep8_env2	lfmm_simes	8	Chr1	11520978	11585766	13	FALSE	FALSE
nobgs_V0.5_c1_rep8_env2	lfmm_simes	10	Chr1	9705998	10019705	17	TRUE	TRUE
nobgs_V0.5_c1_rep8_env2	lfmm_simes	10	Chr1	11520978	11585766	13	FALSE	FALSE
nobgs_V0.5_c1_rep8_env2	lfmm_simes	15	Chr1	9705998	10019705	17	TRUE	TRUE
nobgs_V0.5_c1_rep8_env3	lfmm_simes	8	Chr1	11452329	11733771	34	TRUE	TRUE
nobgs_V0.5_c1_rep8_env3	lfmm_simes	8	Chr1	11842395	11901374	11	FALSE	TRUE
nobgs_V0.5_c1_rep8_env3	lfmm_simes	8	Chr1	12708597	12806113	11	TRUE	FALSE
nobgs_V0.5_c1_rep8_env3	lfmm_simes	8	Chr1	19119429	19168743	16	TRUE	TRUE
nobgs_V0.5_c1_rep8_env3	lfmm_simes	9	Chr1	11452329	11733771	34	TRUE	TRUE
nobgs_V0.5_c1_rep8_env3	lfmm_simes	9	Chr1	11842395	11901374	11	FALSE	TRUE
nobgs_V0.5_c1_rep8_env3	lfmm_simes	9	Chr1	12156594	12403788	11	FALSE	FALSE
nobgs_V0.5_c1_rep8_env3	lfmm_simes	9	Chr1	12708597	12806113	11	TRUE	FALSE
nobgs_V0.5_c1_rep8_env3	lfmm_simes	9	Chr1	19119429	19168743	16	TRUE	TRUE
nobgs_V0.5_c1_rep8_env3	lfmm_simes	12	Chr1	11452329	11733771	24	TRUE	TRUE
nobgs_V0.5_c1_rep8_env3	lfmm_simes	12	Chr1	19119429	19168743	16	TRUE	TRUE
nobgs_V0.5_c1_rep8_env4	lfmm_simes	7	Chr1	60009	497029	12	TRUE	FALSE
nobgs_V0.5_c1_rep8_env4	lfmm_simes	7	Chr1	19083101	19242809	39	TRUE	TRUE
nobgs_V0.5_c1_rep8_env4	lfmm_simes	8	Chr1	60009	497029	12	TRUE	FALSE
nobgs_V0.5_c1_rep8_env4	lfmm_simes	8	Chr1	19083101	19159751	25	TRUE	TRUE
nobgs_V0.5_c1_rep8_env4	lfmm_simes	13	Chr1	19126257	19159751	16	TRUE	TRUE
nobgs_V0.5_c1_rep8_env6	lfmm_simes	8	Chr1	19162770	19212959	10	TRUE	TRUE
nobgs_V0.5_c1_rep8_env6	lfmm_simes	9	Chr1	19162770	19212959	10	TRUE	TRUE
nobgs_V0.5_c1_rep8_env9	lfmm_simes	8	Chr1	12160596	12848943	67	TRUE	TRUE
nobgs_V0.5_c1_rep8_env9	lfmm_simes	10	Chr1	12160596	12848943	67	TRUE	TRUE
nobgs_V0.5_c1_rep8_env9	lfmm_simes	14	Chr1	12068579	12139513	14	FALSE	FALSE
nobgs_V0.5_c1_rep8_env9	lfmm_simes	14	Chr1	12241072	12848943	56	TRUE	TRUE
nobgs_V0.5_c1_rep8_env10	lfmm_simes	8	Chr1	9867878	9960232	9	TRUE	TRUE
nobgs_V0.5_c1_rep8_env10	lfmm_simes	9	Chr1	9867878	9960232	9	TRUE	TRUE
nobgs_V0.5_c1_rep9_env3	lfmm_simes	8	Chr1	15816458	16494901	27	TRUE	TRUE
nobgs_V0.5_c1_rep9_env3	lfmm_simes	10	Chr1	15816458	16494901	27	TRUE	TRUE
nobgs_V0.5_c1_rep9_env3	lfmm_simes	14	Chr1	15816458	16494901	17	TRUE	TRUE
nobgs_V0.5_c1_rep9_env6	lfmm_simes	8	Chr1	16178496	16460786	16	TRUE	TRUE
nobgs_V0.5_c1_rep9_env6	lfmm_simes	9	Chr1	16178496	16460786	16	TRUE	TRUE
nobgs_V0.5_c1_rep9_env6	lfmm_simes	13	Chr1	16178496	16460786	16	TRUE	TRUE
nobgs_V0.5_c1_rep9_env7	lfmm_simes	9	Chr2	19779317	19815577	9	FALSE	FALSE
nobgs_V0.5_c1_rep9_env9	lfmm_simes	8	Chr1	6191921	6462882	10	TRUE	TRUE
nobgs_V0.5_c1_rep9_env9	lfmm_simes	8	Chr1	7517329	7724062	8	TRUE	TRUE
nobgs_V0.5_c1_rep9_env9	lfmm_simes	8	Chr1	16082052	16565680	16	TRUE	TRUE
nobgs_V0.5_c1_rep9_env9	lfmm_simes	8	Chr1	16090251	16118417	9	FALSE	FALSE
nobgs_V0.5_c1_rep9_env9	lfmm_simes	9	Chr1	6191921	6462882	10	TRUE	TRUE
nobgs_V0.5_c1_rep9_env9	lfmm_simes	9	Chr1	16082052	16565680	16	TRUE	TRUE
nobgs_V0.5_c1_rep9_env9	lfmm_simes	9	Chr1	16090251	16118417	9	FALSE	FALSE
nobgs_V0.5_c1_rep9_env9	lfmm_simes	14	Chr1	16082052	16565680	16	TRUE	TRUE
nobgs_V0.5_c1_rep9_env10	lfmm_simes	8	Chr1	16268056	16400216	11	TRUE	TRUE
nobgs_V0.5_c1_rep9_env10	lfmm_simes	9	Chr1	16268056	16400216	11	TRUE	TRUE
nobgs_V0.5_c1_rep10_env2	lfmm_simes	8	Chr1	8903585	8963526	14	TRUE	TRUE
nobgs_V0.5_c1_rep10_env2	lfmm_simes	8	Chr1	11072699	11135066	10	FALSE	FALSE
nobgs_V0.5_c1_rep10_env2	lfmm_simes	10	Chr1	8903585	8963526	14	TRUE	TRUE
nobgs_V0.5_c1_rep10_env2	lfmm_simes	10	Chr1	11072699	11135066	10	FALSE	FALSE
nobgs_V0.5_c1_rep10_env3	lfmm_simes	8	Chr1	967111	1052276	9	TRUE	TRUE
nobgs_V0.5_c1_rep10_env3	lfmm_simes	8	Chr1	8910775	8966068	22	TRUE	TRUE
nobgs_V0.5_c1_rep10_env3	lfmm_simes	8	Chr1	9028763	9068562	10	TRUE	FALSE
nobgs_V0.5_c1_rep10_env3	lfmm_simes	10	Chr1	8910775	8966068	22	TRUE	TRUE
nobgs_V0.5_c1_rep10_env3	lfmm_simes	10	Chr1	8971111	9068562	21	TRUE	FALSE
nobgs_V0.5_c1_rep10_env5	lfmm_simes	9	Chr1	4325095	4687009	15	TRUE	TRUE
nobgs_V0.5_c1_rep10_env5	lfmm_simes	11	Chr1	4325095	4687009	15	TRUE	TRUE
nobgs_V0.5_c1_rep10_env6	lfmm_simes	8	Chr1	11735557	11763075	9	TRUE	TRUE
nobgs_V0.5_c1_rep10_env6	lfmm_simes	9	Chr1	11735557	11763075	9	TRUE	TRUE
nobgs_V0.5_c1_rep10_env7	lfmm_simes	8	Chr1	6055309	6126908	17	TRUE	FALSE
nobgs_V0.5_c1_rep10_env7	lfmm_simes	10	Chr1	6055309	6191311	33	TRUE	FALSE
nobgs_V0.5_c1_rep10_env7	lfmm_simes	17	Chr1	6055309	6126908	17	TRUE	FALSE
nobgs_V0.5_c1_rep10_env8	lfmm_simes	8	Chr1	2819187	2855125	8	TRUE	TRUE
nobgs_V0.5_c1_rep10_env9	lfmm_simes	8	Chr1	594079	743718	27	TRUE	FALSE
nobgs_V0.5_c1_rep10_env9	lfmm_simes	10	Chr1	594079	743718	27	TRUE	FALSE
nobgs_V0.5_c1_rep10_env9	lfmm_simes	14	Chr1	594079	743718	27	TRUE	FALSE
nobgs_V1_c1_rep1_env1	lfmm_simes	8	Chr1	7295	339256	118	TRUE	TRUE
nobgs_V1_c1_rep1_env1	lfmm_simes	9	Chr1	7295	339256	118	TRUE	TRUE
nobgs_V1_c1_rep1_env1	lfmm_simes	14	Chr1	7295	339256	118	TRUE	TRUE
nobgs_V1_c1_rep1_env2	lfmm_simes	9	Chr2	11931073	12079879	12	FALSE	FALSE
nobgs_V1_c1_rep1_env5	lfmm_simes	9	Chr1	11920375	12469234	56	TRUE	TRUE
nobgs_V1_c1_rep1_env5	lfmm_simes	11	Chr1	11920375	12469234	56	TRUE	TRUE
nobgs_V1_c1_rep1_env5	lfmm_simes	19	Chr1	11920375	12469234	56	TRUE	TRUE
nobgs_V1_c1_rep1_env6	lfmm_simes	8	Chr1	13383114	13559722	8	FALSE	FALSE
nobgs_V1_c1_rep1_env6	lfmm_simes	8	Chr1	15917669	15984892	11	FALSE	TRUE
nobgs_V1_c1_rep1_env6	lfmm_simes	10	Chr1	15917669	15984892	11	FALSE	TRUE
nobgs_V1_c1_rep1_env10	lfmm_simes	8	Chr2	9453770	9494120	8	FALSE	FALSE
nobgs_V1_c1_rep2_env1	lfmm_simes	11	Chr1	7597926	7839458	43	TRUE	TRUE
nobgs_V1_c1_rep2_env1	lfmm_simes	13	Chr1	7638049	7839458	31	TRUE	TRUE
nobgs_V1_c1_rep2_env4	lfmm_simes	10	Chr1	15419052	15495811	16	TRUE	FALSE
nobgs_V1_c1_rep2_env4	lfmm_simes	13	Chr1	15419052	15495811	16	TRUE	FALSE
nobgs_V1_c1_rep2_env10	lfmm_simes	10	Chr1	10794306	10897969	12	FALSE	FALSE
nobgs_V1_c1_rep2_env10	lfmm_simes	10	Chr1	11479862	11847012	18	FALSE	FALSE
nobgs_V1_c1_rep2_env10	lfmm_simes	10	Chr1	16654913	16983935	19	TRUE	TRUE
nobgs_V1_c1_rep2_env10	lfmm_simes	10	Chr2	12380395	12515476	15	FALSE	FALSE
nobgs_V1_c1_rep2_env10	lfmm_simes	10	Chr2	12526751	12575174	11	FALSE	TRUE
nobgs_V1_c1_rep2_env10	lfmm_simes	12	Chr1	10794306	10897969	12	FALSE	FALSE
nobgs_V1_c1_rep2_env10	lfmm_simes	12	Chr1	11479862	11847012	18	FALSE	FALSE
nobgs_V1_c1_rep2_env10	lfmm_simes	12	Chr1	16654913	16983935	19	TRUE	TRUE
nobgs_V1_c1_rep2_env10	lfmm_simes	12	Chr2	12380395	12515476	15	FALSE	FALSE
nobgs_V1_c1_rep2_env10	lfmm_simes	18	Chr1	11479862	11847012	18	FALSE	FALSE
nobgs_V1_c1_rep2_env10	lfmm_simes	18	Chr1	16654913	16983935	19	TRUE	TRUE
nobgs_V1_c1_rep3_env2	lfmm_simes	7	Chr1	3575355	3702430	23	TRUE	TRUE
nobgs_V1_c1_rep3_env2	lfmm_simes	9	Chr1	3246519	3311329	15	FALSE	FALSE
nobgs_V1_c1_rep3_env2	lfmm_simes	9	Chr1	3551327	3702430	34	TRUE	TRUE
nobgs_V1_c1_rep3_env2	lfmm_simes	15	Chr1	20060	422150	22	FALSE	FALSE
nobgs_V1_c1_rep3_env2	lfmm_simes	15	Chr1	3246519	3775731	93	TRUE	TRUE
nobgs_V1_c1_rep3_env5	lfmm_simes	8	Chr1	10937776	10989694	10	TRUE	TRUE
nobgs_V1_c1_rep3_env5	lfmm_simes	9	Chr1	10937776	10989694	10	TRUE	TRUE
nobgs_V1_c1_rep3_env7	lfmm_simes	7	Chr1	10961243	11041530	19	TRUE	TRUE
nobgs_V1_c1_rep3_env7	lfmm_simes	9	Chr1	10961243	11041530	19	TRUE	TRUE
nobgs_V1_c1_rep3_env8	lfmm_simes	7	Chr1	11695951	11728177	7	FALSE	FALSE
nobgs_V1_c1_rep3_env8	lfmm_simes	7	Chr1	11812755	11831041	7	TRUE	FALSE
nobgs_V1_c1_rep3_env8	lfmm_simes	7	Chr1	11918139	11941670	7	TRUE	TRUE
nobgs_V1_c1_rep3_env9	lfmm_simes	12	Chr1	8508863	8595544	12	TRUE	FALSE
nobgs_V1_c1_rep4_env1	lfmm_simes	13	Chr1	19283346	19826773	100	TRUE	TRUE
nobgs_V1_c1_rep4_env1	lfmm_simes	16	Chr1	19283346	19826773	100	TRUE	TRUE
nobgs_V1_c1_rep4_env1	lfmm_simes	25	Chr1	19283346	19826773	83	TRUE	TRUE
nobgs_V1_c1_rep4_env3	lfmm_simes	11	Chr1	11164245	11296976	18	TRUE	TRUE
nobgs_V1_c1_rep4_env3	lfmm_simes	14	Chr1	11164245	11296976	18	TRUE	TRUE
nobgs_V1_c1_rep4_env4	lfmm_simes	12	Chr1	19265158	19814018	106	TRUE	TRUE
nobgs_V1_c1_rep4_env4	lfmm_simes	12	Chr1	19291950	19378028	15	TRUE	FALSE
nobgs_V1_c1_rep4_env4	lfmm_simes	12	Chr1	20758072	21183590	30	FALSE	FALSE
nobgs_V1_c1_rep4_env4	lfmm_simes	16	Chr1	19265158	19814018	106	TRUE	TRUE
nobgs_V1_c1_rep4_env4	lfmm_simes	16	Chr1	20758072	21024397	18	FALSE	FALSE
nobgs_V1_c1_rep4_env4	lfmm_simes	26	Chr1	19265158	19736061	90	TRUE	TRUE
nobgs_V1_c1_rep4_env5	lfmm_simes	12	Chr1	24411704	25682888	94	TRUE	TRUE
nobgs_V1_c1_rep4_env5	lfmm_simes	15	Chr1	24411704	25682888	94	TRUE	TRUE
nobgs_V1_c1_rep4_env5	lfmm_simes	25	Chr1	24411704	25477430	78	TRUE	TRUE
nobgs_V1_c1_rep4_env6	lfmm_simes	12	Chr1	16640305	16739297	19	FALSE	TRUE
nobgs_V1_c1_rep4_env6	lfmm_simes	12	Chr1	16869871	17441317	50	TRUE	TRUE
nobgs_V1_c1_rep4_env6	lfmm_simes	15	Chr1	16640305	16739297	19	FALSE	TRUE
nobgs_V1_c1_rep4_env6	lfmm_simes	15	Chr1	16869871	17441317	37	TRUE	TRUE
nobgs_V1_c1_rep4_env7	lfmm_simes	13	Chr1	19283346	19892357	110	TRUE	TRUE
nobgs_V1_c1_rep4_env7	lfmm_simes	15	Chr1	19283346	19892357	110	TRUE	TRUE
nobgs_V1_c1_rep4_env7	lfmm_simes	25	Chr1	19356951	19728732	75	TRUE	TRUE
nobgs_V1_c1_rep4_env10	lfmm_simes	13	Chr1	17200765	17344522	14	TRUE	FALSE
nobgs_V1_c1_rep4_env10	lfmm_simes	13	Chr1	22777453	23733881	44	FALSE	FALSE
nobgs_V1_c1_rep4_env10	lfmm_simes	13	Chr1	27600396	27790348	13	FALSE	FALSE
nobgs_V1_c1_rep4_env10	lfmm_simes	21	Chr1	22777453	23733881	44	FALSE	FALSE
nobgs_V1_c1_rep5_env3	lfmm_simes	9	Chr1	6577670	7050390	91	TRUE	TRUE
nobgs_V1_c1_rep5_env3	lfmm_simes	9	Chr2	6780234	7248481	59	FALSE	TRUE
nobgs_V1_c1_rep5_env3	lfmm_simes	12	Chr1	6577670	7050390	91	TRUE	TRUE
nobgs_V1_c1_rep5_env3	lfmm_simes	12	Chr2	6780234	7248481	50	FALSE	TRUE
nobgs_V1_c1_rep5_env3	lfmm_simes	32	Chr2	7011026	7248481	33	FALSE	FALSE
nobgs_V1_c1_rep5_env4	lfmm_simes	19	Chr1	1560	494395	130	FALSE	FALSE
nobgs_V1_c1_rep5_env4	lfmm_simes	19	Chr1	4509	481796	19	FALSE	FALSE
nobgs_V1_c1_rep5_env5	lfmm_simes	8	Chr1	4334437	4451935	36	TRUE	TRUE
nobgs_V1_c1_rep5_env5	lfmm_simes	9	Chr1	4334437	4451935	36	TRUE	TRUE
nobgs_V1_c1_rep5_env5	lfmm_simes	14	Chr1	4392326	4451935	27	TRUE	TRUE
nobgs_V1_c1_rep5_env6	lfmm_simes	8	Chr1	6560166	6583028	12	FALSE	FALSE
nobgs_V1_c1_rep5_env6	lfmm_simes	8	Chr1	6595094	7384661	143	TRUE	TRUE
nobgs_V1_c1_rep5_env6	lfmm_simes	8	Chr1	6776025	6851103	8	TRUE	FALSE
nobgs_V1_c1_rep5_env6	lfmm_simes	8	Chr1	7059347	7307473	48	TRUE	TRUE
nobgs_V1_c1_rep5_env6	lfmm_simes	8	Chr1	7410551	7441030	10	TRUE	TRUE
nobgs_V1_c1_rep5_env6	lfmm_simes	13	Chr1	6658725	7384661	182	TRUE	TRUE
nobgs_V1_c1_rep5_env6	lfmm_simes	29	Chr1	6739267	7384661	160	TRUE	TRUE
nobgs_V1_c1_rep5_env6	lfmm_simes	29	Chr2	1639	473149	62	FALSE	FALSE
nobgs_V1_c1_rep5_env7	lfmm_simes	8	Chr2	3937	492853	168	FALSE	FALSE
nobgs_V1_c1_rep5_env7	lfmm_simes	10	Chr2	3937	492853	168	FALSE	FALSE
nobgs_V1_c1_rep5_env7	lfmm_simes	16	Chr2	2792	504679	163	FALSE	FALSE
nobgs_V1_c1_rep5_env7	lfmm_simes	16	Chr2	3937	492853	168	FALSE	FALSE
nobgs_V1_c1_rep6_env4	lfmm_simes	8	Chr1	5401532	5431087	8	FALSE	FALSE
nobgs_V1_c1_rep6_env4	lfmm_simes	13	Chr1	8593409	8655619	20	TRUE	FALSE
nobgs_V1_c1_rep6_env5	lfmm_simes	7	Chr1	2893100	2927651	15	TRUE	FALSE
nobgs_V1_c1_rep6_env5	lfmm_simes	9	Chr1	2893100	2927651	15	TRUE	FALSE
nobgs_V1_c1_rep6_env5	lfmm_simes	14	Chr1	2893100	2927651	15	TRUE	FALSE
nobgs_V1_c1_rep6_env5	lfmm_simes	14	Chr1	5222544	5294350	19	TRUE	FALSE
nobgs_V1_c1_rep6_env6	lfmm_simes	8	Chr1	4716098	4852261	13	TRUE	TRUE
nobgs_V1_c1_rep6_env6	lfmm_simes	9	Chr1	4716098	4852261	13	TRUE	TRUE
nobgs_V1_c1_rep6_env10	lfmm_simes	7	Chr1	10297681	10339769	7	TRUE	TRUE
nobgs_V1_c1_rep6_env10	lfmm_simes	7	Chr1	10352475	10444918	18	TRUE	TRUE
nobgs_V1_c1_rep6_env10	lfmm_simes	8	Chr1	10352475	10444918	18	TRUE	TRUE
nobgs_V1_c1_rep6_env10	lfmm_simes	12	Chr1	10352475	10444918	18	TRUE	TRUE
nobgs_V1_c1_rep7_env1	lfmm_simes	11	Chr1	21771221	21843643	11	FALSE	TRUE
nobgs_V1_c1_rep7_env3	lfmm_simes	11	Chr1	15187196	15965759	110	TRUE	TRUE
nobgs_V1_c1_rep7_env3	lfmm_simes	11	Chr1	16033128	16104365	16	FALSE	TRUE
nobgs_V1_c1_rep7_env3	lfmm_simes	11	Chr1	20904467	21123904	11	FALSE	TRUE
nobgs_V1_c1_rep7_env3	lfmm_simes	13	Chr1	15187196	15965759	110	TRUE	TRUE
nobgs_V1_c1_rep7_env3	lfmm_simes	13	Chr1	16033128	16104365	16	FALSE	TRUE
nobgs_V1_c1_rep7_env3	lfmm_simes	23	Chr1	15324741	15965759	93	TRUE	TRUE
nobgs_V1_c1_rep7_env4	lfmm_simes	10	Chr1	22580630	22677762	17	TRUE	TRUE
nobgs_V1_c1_rep7_env4	lfmm_simes	12	Chr1	22580630	22677762	17	TRUE	TRUE
nobgs_V1_c1_rep7_env4	lfmm_simes	17	Chr1	9891427	10256097	30	FALSE	FALSE
nobgs_V1_c1_rep7_env4	lfmm_simes	17	Chr1	22580630	22677762	17	TRUE	TRUE
nobgs_V1_c1_rep7_env6	lfmm_simes	11	Chr1	8959990	9742289	76	TRUE	TRUE
nobgs_V1_c1_rep7_env6	lfmm_simes	11	Chr1	9921379	10216994	30	FALSE	FALSE
nobgs_V1_c1_rep7_env6	lfmm_simes	11	Chr1	9932919	10302343	39	FALSE	FALSE
nobgs_V1_c1_rep7_env6	lfmm_simes	11	Chr1	14915213	15897148	123	TRUE	TRUE
nobgs_V1_c1_rep7_env6	lfmm_simes	11	Chr1	19405010	19641381	13	FALSE	FALSE
nobgs_V1_c1_rep7_env6	lfmm_simes	15	Chr1	9294298	9742289	63	TRUE	TRUE
nobgs_V1_c1_rep7_env6	lfmm_simes	15	Chr1	9921379	10216994	30	FALSE	FALSE
nobgs_V1_c1_rep7_env6	lfmm_simes	15	Chr1	9932919	10302343	39	FALSE	FALSE
nobgs_V1_c1_rep7_env6	lfmm_simes	15	Chr1	15041827	15897148	109	TRUE	TRUE
nobgs_V1_c1_rep7_env6	lfmm_simes	22	Chr1	9294298	9566153	27	TRUE	TRUE
nobgs_V1_c1_rep7_env6	lfmm_simes	22	Chr1	9921379	10502274	53	FALSE	FALSE
nobgs_V1_c1_rep7_env6	lfmm_simes	22	Chr1	9932919	10302343	39	FALSE	FALSE
nobgs_V1_c1_rep7_env6	lfmm_simes	22	Chr1	15041827	15378131	37	FALSE	TRUE
nobgs_V1_c1_rep7_env6	lfmm_simes	22	Chr1	15496223	15897148	56	TRUE	TRUE
nobgs_V1_c1_rep7_env10	lfmm_simes	10	Chr1	22608178	22650919	11	FALSE	FALSE
nobgs_V1_c1_rep8_env1	lfmm_simes	7	Chr1	11207763	12616990	144	TRUE	TRUE
nobgs_V1_c1_rep8_env1	lfmm_simes	7	Chr1	11212371	11290458	7	TRUE	FALSE
nobgs_V1_c1_rep8_env1	lfmm_simes	8	Chr1	11207763	12616990	144	TRUE	TRUE
nobgs_V1_c1_rep8_env1	lfmm_simes	16	Chr1	11075806	12616990	135	TRUE	TRUE
nobgs_V1_c1_rep8_env2	lfmm_simes	9	Chr1	4597073	4611567	9	TRUE	FALSE
nobgs_V1_c1_rep8_env3	lfmm_simes	7	Chr1	11040463	12585097	195	TRUE	TRUE
nobgs_V1_c1_rep8_env3	lfmm_simes	7	Chr1	12588831	12738434	12	TRUE	FALSE
nobgs_V1_c1_rep8_env3	lfmm_simes	8	Chr1	11040463	12585097	188	TRUE	TRUE
nobgs_V1_c1_rep8_env3	lfmm_simes	8	Chr1	12588831	12738434	12	TRUE	FALSE
nobgs_V1_c1_rep8_env3	lfmm_simes	14	Chr1	11040463	12585097	180	TRUE	TRUE
nobgs_V1_c1_rep8_env4	lfmm_simes	7	Chr1	1409036	1442839	12	TRUE	FALSE
nobgs_V1_c1_rep8_env4	lfmm_simes	8	Chr1	1409036	1442839	12	TRUE	FALSE
nobgs_V1_c1_rep8_env4	lfmm_simes	12	Chr1	1409036	1442839	12	TRUE	FALSE
nobgs_V1_c1_rep8_env6	lfmm_simes	7	Chr1	1105713	1218575	24	TRUE	TRUE
nobgs_V1_c1_rep8_env6	lfmm_simes	9	Chr1	1105713	1218575	24	TRUE	TRUE
nobgs_V1_c1_rep8_env6	lfmm_simes	13	Chr1	1173643	1218575	14	FALSE	FALSE
nobgs_V1_c1_rep8_env7	lfmm_simes	8	Chr1	11516520	11714153	11	FALSE	FALSE
nobgs_V1_c1_rep8_env7	lfmm_simes	8	Chr1	11969012	12716990	51	TRUE	TRUE
nobgs_V1_c1_rep8_env7	lfmm_simes	9	Chr1	11516520	11714153	11	FALSE	FALSE
nobgs_V1_c1_rep8_env7	lfmm_simes	9	Chr1	11969012	12716990	51	TRUE	TRUE
nobgs_V1_c1_rep8_env7	lfmm_simes	13	Chr1	11969012	12541485	41	TRUE	TRUE
nobgs_V1_c1_rep8_env10	lfmm_simes	7	Chr1	19168743	19201253	8	TRUE	FALSE
nobgs_V1_c1_rep8_env10	lfmm_simes	8	Chr1	19168743	19201253	8	TRUE	FALSE
nobgs_V1_c1_rep9_env1	lfmm_simes	7	Chr1	15670692	15724614	8	TRUE	TRUE
nobgs_V1_c1_rep9_env1	lfmm_simes	7	Chr1	15826480	15854297	12	TRUE	TRUE
nobgs_V1_c1_rep9_env1	lfmm_simes	9	Chr1	15826480	15854297	12	TRUE	TRUE
nobgs_V1_c1_rep9_env1	lfmm_simes	12	Chr1	15826480	15854297	12	TRUE	TRUE
nobgs_V1_c1_rep9_env3	lfmm_simes	8	Chr1	15952871	16009881	11	FALSE	TRUE
nobgs_V1_c1_rep9_env3	lfmm_simes	8	Chr1	16123442	16301694	28	TRUE	TRUE
nobgs_V1_c1_rep9_env3	lfmm_simes	8	Chr1	16314960	16339294	8	FALSE	TRUE
nobgs_V1_c1_rep9_env3	lfmm_simes	9	Chr1	15952871	16009881	11	FALSE	TRUE
nobgs_V1_c1_rep9_env3	lfmm_simes	9	Chr1	16123442	16301694	28	TRUE	TRUE
nobgs_V1_c1_rep9_env3	lfmm_simes	14	Chr1	16220097	16301694	15	TRUE	TRUE
nobgs_V1_c1_rep9_env6	lfmm_simes	8	Chr1	4160279	4229548	9	FALSE	FALSE
nobgs_V1_c1_rep9_env6	lfmm_simes	8	Chr1	15811755	15854297	12	TRUE	FALSE
nobgs_V1_c1_rep9_env6	lfmm_simes	8	Chr1	15947634	16087651	25	FALSE	TRUE
nobgs_V1_c1_rep9_env6	lfmm_simes	8	Chr1	16233754	16306544	10	FALSE	FALSE
nobgs_V1_c1_rep9_env6	lfmm_simes	8	Chr2	3601413	3612816	8	FALSE	FALSE
nobgs_V1_c1_rep9_env6	lfmm_simes	9	Chr1	4160279	4229548	9	FALSE	FALSE
nobgs_V1_c1_rep9_env6	lfmm_simes	9	Chr1	15811755	15854297	12	TRUE	FALSE
nobgs_V1_c1_rep9_env6	lfmm_simes	9	Chr1	15947634	16053684	17	FALSE	TRUE
nobgs_V1_c1_rep9_env6	lfmm_simes	9	Chr1	16233754	16306544	10	FALSE	FALSE
nobgs_V1_c1_rep9_env6	lfmm_simes	13	Chr1	15947634	16053684	17	FALSE	TRUE
nobgs_V1_c1_rep9_env8	lfmm_simes	7	Chr2	16044874	16083473	11	FALSE	FALSE
nobgs_V1_c1_rep9_env8	lfmm_simes	9	Chr2	16044874	16083473	11	FALSE	FALSE
nobgs_V1_c1_rep9_env10	lfmm_simes	7	Chr1	11480501	11737525	17	TRUE	TRUE
nobgs_V1_c1_rep9_env10	lfmm_simes	7	Chr1	11925480	12007393	13	FALSE	FALSE
nobgs_V1_c1_rep9_env10	lfmm_simes	7	Chr2	4256006	4308673	8	FALSE	FALSE
nobgs_V1_c1_rep9_env10	lfmm_simes	7	Chr2	10894132	10904899	7	FALSE	FALSE
nobgs_V1_c1_rep9_env10	lfmm_simes	7	Chr2	19632000	19696776	8	FALSE	FALSE
nobgs_V1_c1_rep9_env10	lfmm_simes	9	Chr1	11480501	11737525	17	TRUE	TRUE
nobgs_V1_c1_rep9_env10	lfmm_simes	9	Chr1	11925480	12007393	13	FALSE	FALSE
nobgs_V1_c1_rep9_env10	lfmm_simes	13	Chr1	11480501	11737525	17	TRUE	TRUE
nobgs_V1_c1_rep9_env10	lfmm_simes	13	Chr1	11925480	12007393	13	FALSE	FALSE
nobgs_V1_c1_rep10_env2	lfmm_simes	8	Chr1	5924710	6124870	51	TRUE	TRUE
nobgs_V1_c1_rep10_env2	lfmm_simes	9	Chr1	5924710	6124870	51	TRUE	TRUE
nobgs_V1_c1_rep10_env2	lfmm_simes	14	Chr1	5965250	6124870	38	TRUE	TRUE
nobgs_V1_c1_rep10_env3	lfmm_simes	7	Chr1	29217	524894	62	TRUE	FALSE
nobgs_V1_c1_rep10_env3	lfmm_simes	8	Chr1	29217	524894	62	TRUE	FALSE
nobgs_V1_c1_rep10_env3	lfmm_simes	11	Chr1	29217	524894	62	TRUE	FALSE
nobgs_V1_c1_rep10_env6	lfmm_simes	7	Chr1	6805526	6849253	9	FALSE	FALSE
nobgs_V1_c1_rep10_env6	lfmm_simes	7	Chr1	6855613	6888587	7	FALSE	FALSE
nobgs_V1_c1_rep10_env6	lfmm_simes	8	Chr1	6805526	6849253	9	FALSE	FALSE
nobgs_V2_c1_rep1_env2	lfmm_simes	8	Chr1	15480720	15647964	36	TRUE	TRUE
nobgs_V2_c1_rep1_env2	lfmm_simes	10	Chr1	15480720	15647964	36	TRUE	TRUE
nobgs_V2_c1_rep1_env2	lfmm_simes	17	Chr1	15583826	15647964	20	TRUE	FALSE
nobgs_V2_c1_rep1_env3	lfmm_simes	8	Chr1	617	261838	50	TRUE	TRUE
nobgs_V2_c1_rep1_env3	lfmm_simes	9	Chr1	617	261838	50	TRUE	TRUE
nobgs_V2_c1_rep1_env3	lfmm_simes	14	Chr1	617	261838	50	TRUE	TRUE
nobgs_V2_c1_rep1_env4	lfmm_simes	8	Chr1	32647	317659	56	TRUE	TRUE
nobgs_V2_c1_rep1_env4	lfmm_simes	10	Chr1	32647	317659	56	TRUE	TRUE
nobgs_V2_c1_rep1_env4	lfmm_simes	14	Chr1	32647	269338	34	TRUE	TRUE
nobgs_V2_c1_rep1_env6	lfmm_simes	9	Chr1	15538369	15625528	10	TRUE	TRUE
nobgs_V2_c1_rep1_env8	lfmm_simes	15	Chr1	11132	354111	50	TRUE	FALSE
nobgs_V2_c1_rep2_env1	lfmm_simes	11	Chr1	14697016	14797021	12	FALSE	FALSE
nobgs_V2_c1_rep2_env1	lfmm_simes	11	Chr1	14971146	15129605	12	FALSE	FALSE
nobgs_V2_c1_rep2_env2	lfmm_simes	12	Chr1	10610995	10750509	14	TRUE	TRUE
nobgs_V2_c1_rep2_env2	lfmm_simes	12	Chr1	10934731	11303069	36	FALSE	TRUE
nobgs_V2_c1_rep2_env2	lfmm_simes	15	Chr1	10934731	11303069	36	FALSE	TRUE
nobgs_V2_c1_rep2_env3	lfmm_simes	12	Chr1	10774663	10961982	22	TRUE	TRUE
nobgs_V2_c1_rep2_env3	lfmm_simes	14	Chr1	10774663	10961982	22	TRUE	TRUE
nobgs_V2_c1_rep2_env4	lfmm_simes	11	Chr1	15553807	15698609	14	TRUE	TRUE
nobgs_V2_c1_rep2_env4	lfmm_simes	11	Chr1	22670112	22824994	11	FALSE	FALSE
nobgs_V2_c1_rep2_env5	lfmm_simes	14	Chr2	11727138	11763978	14	FALSE	FALSE
nobgs_V2_c1_rep2_env6	lfmm_simes	10	Chr1	11381574	11498635	14	TRUE	TRUE
nobgs_V2_c1_rep2_env6	lfmm_simes	14	Chr1	11381574	11498635	14	TRUE	TRUE
nobgs_V2_c1_rep2_env10	lfmm_simes	12	Chr1	11069700	11134735	14	FALSE	FALSE
nobgs_V2_c1_rep3_env1	lfmm_simes	8	Chr1	2363454	2400813	10	TRUE	FALSE
nobgs_V2_c1_rep3_env1	lfmm_simes	9	Chr1	2363454	2400813	10	TRUE	FALSE
nobgs_V2_c1_rep3_env1	lfmm_simes	9	Chr1	4415634	4439132	11	TRUE	FALSE
nobgs_V2_c1_rep3_env2	lfmm_simes	8	Chr1	5504790	5684716	24	TRUE	TRUE
nobgs_V2_c1_rep3_env2	lfmm_simes	9	Chr1	5504790	5684716	24	TRUE	TRUE
nobgs_V2_c1_rep3_env2	lfmm_simes	14	Chr1	5579299	5684716	15	TRUE	TRUE
nobgs_V2_c1_rep3_env7	lfmm_simes	8	Chr1	2912609	3064299	16	TRUE	TRUE
nobgs_V2_c1_rep3_env8	lfmm_simes	7	Chr1	10989694	11008257	8	TRUE	TRUE
nobgs_V2_c1_rep3_env10	lfmm_simes	7	Chr2	3340285	3375232	7	FALSE	FALSE
nobgs_V2_c1_rep4_env1	lfmm_simes	13	Chr1	19336918	19428771	13	TRUE	TRUE
nobgs_V2_c1_rep4_env2	lfmm_simes	15	Chr1	7761295	7932787	16	TRUE	FALSE
nobgs_V2_c1_rep4_env7	lfmm_simes	11	Chr1	21173841	21319945	13	FALSE	FALSE
nobgs_V2_c1_rep4_env8	lfmm_simes	12	Chr1	24788140	25478159	62	TRUE	FALSE
nobgs_V2_c1_rep4_env8	lfmm_simes	15	Chr1	24788140	25478159	62	TRUE	FALSE
nobgs_V2_c1_rep4_env8	lfmm_simes	25	Chr1	24788140	25478159	62	TRUE	FALSE
nobgs_V2_c1_rep5_env1	lfmm_simes	8	Chr1	16219	504170	108	TRUE	FALSE
nobgs_V2_c1_rep5_env1	lfmm_simes	8	Chr1	1732319	1746329	9	FALSE	FALSE
nobgs_V2_c1_rep5_env1	lfmm_simes	9	Chr1	16219	504170	108	TRUE	FALSE
nobgs_V2_c1_rep5_env1	lfmm_simes	9	Chr1	1732319	1746329	9	FALSE	FALSE
nobgs_V2_c1_rep5_env1	lfmm_simes	15	Chr1	16219	504170	108	TRUE	FALSE
nobgs_V2_c1_rep5_env2	lfmm_simes	8	Chr1	3570	489560	45	TRUE	FALSE
nobgs_V2_c1_rep5_env2	lfmm_simes	9	Chr1	3570	489560	45	TRUE	FALSE
nobgs_V2_c1_rep5_env2	lfmm_simes	18	Chr1	3570	489560	74	TRUE	FALSE
nobgs_V2_c1_rep5_env3	lfmm_simes	8	Chr1	16219	508376	144	TRUE	FALSE
nobgs_V2_c1_rep5_env3	lfmm_simes	10	Chr1	16219	508376	144	TRUE	FALSE
nobgs_V2_c1_rep5_env3	lfmm_simes	16	Chr1	16219	508376	144	TRUE	FALSE
nobgs_V2_c1_rep5_env4	lfmm_simes	8	Chr1	1586	488858	61	FALSE	FALSE
nobgs_V2_c1_rep5_env4	lfmm_simes	8	Chr1	552031	590681	13	TRUE	TRUE
nobgs_V2_c1_rep5_env4	lfmm_simes	8	Chr1	623854	685390	33	TRUE	TRUE
nobgs_V2_c1_rep5_env4	lfmm_simes	8	Chr1	747115	829929	17	TRUE	TRUE
nobgs_V2_c1_rep5_env4	lfmm_simes	10	Chr1	1586	488858	61	FALSE	FALSE
nobgs_V2_c1_rep5_env4	lfmm_simes	10	Chr1	552031	590681	13	TRUE	TRUE
nobgs_V2_c1_rep5_env4	lfmm_simes	10	Chr1	623854	685390	33	TRUE	TRUE
nobgs_V2_c1_rep5_env4	lfmm_simes	10	Chr1	747115	829929	17	TRUE	TRUE
nobgs_V2_c1_rep5_env4	lfmm_simes	10	Chr1	6798945	6862391	11	FALSE	FALSE
nobgs_V2_c1_rep5_env4	lfmm_simes	31	Chr1	1586	365197	46	FALSE	FALSE
nobgs_V2_c1_rep6_env2	lfmm_simes	7	Chr1	10504492	10559094	14	TRUE	TRUE
nobgs_V2_c1_rep6_env2	lfmm_simes	9	Chr1	79991	443389	18	FALSE	FALSE
nobgs_V2_c1_rep6_env2	lfmm_simes	9	Chr1	10504492	10559094	14	TRUE	TRUE
nobgs_V2_c1_rep6_env2	lfmm_simes	16	Chr1	79991	443389	37	FALSE	FALSE
nobgs_V2_c1_rep6_env3	lfmm_simes	14	Chr2	5155525	5209568	19	FALSE	FALSE
nobgs_V2_c1_rep6_env4	lfmm_simes	15	Chr2	8522218	8614224	17	FALSE	FALSE
nobgs_V2_c1_rep6_env5	lfmm_simes	8	Chr1	11048165	11209697	23	TRUE	TRUE
nobgs_V2_c1_rep6_env5	lfmm_simes	9	Chr1	11048165	11209697	23	TRUE	TRUE
nobgs_V2_c1_rep6_env6	lfmm_simes	7	Chr1	8448094	8496952	8	FALSE	FALSE
nobgs_V2_c1_rep6_env6	lfmm_simes	7	Chr1	10348758	10407535	8	FALSE	FALSE
nobgs_V2_c1_rep6_env6	lfmm_simes	7	Chr1	10730319	10767602	7	TRUE	FALSE
nobgs_V2_c1_rep6_env6	lfmm_simes	7	Chr2	10362685	10414994	7	FALSE	FALSE
nobgs_V2_c1_rep6_env6	lfmm_simes	8	Chr1	10348758	10407535	8	FALSE	FALSE
nobgs_V2_c1_rep7_env1	lfmm_simes	10	Chr1	15062542	15529944	14	TRUE	TRUE
nobgs_V2_c1_rep7_env1	lfmm_simes	12	Chr1	15062542	15529944	14	TRUE	TRUE
nobgs_V2_c1_rep7_env1	lfmm_simes	18	Chr1	15287808	15753050	47	TRUE	FALSE
nobgs_V2_c1_rep7_env2	lfmm_simes	11	Chr1	16277207	16490960	13	FALSE	TRUE
nobgs_V2_c1_rep7_env3	lfmm_simes	10	Chr1	14670523	15933207	143	TRUE	TRUE
nobgs_V2_c1_rep7_env3	lfmm_simes	12	Chr1	14670523	15933207	133	TRUE	TRUE
nobgs_V2_c1_rep7_env3	lfmm_simes	17	Chr1	14670523	15570404	95	TRUE	TRUE
nobgs_V2_c1_rep7_env3	lfmm_simes	17	Chr1	15736685	15933207	24	FALSE	FALSE
nobgs_V2_c1_rep7_env5	lfmm_simes	11	Chr1	21361996	21448421	11	TRUE	TRUE
nobgs_V2_c1_rep7_env7	lfmm_simes	10	Chr1	15559234	15832586	53	TRUE	TRUE
nobgs_V2_c1_rep7_env7	lfmm_simes	12	Chr1	15152660	15923219	119	TRUE	TRUE
nobgs_V2_c1_rep7_env7	lfmm_simes	20	Chr1	15152660	15832586	106	TRUE	TRUE
nobgs_V2_c1_rep7_env8	lfmm_simes	11	Chr1	15543298	15905371	40	TRUE	TRUE
nobgs_V2_c1_rep7_env8	lfmm_simes	13	Chr1	15543298	15905371	40	TRUE	TRUE
nobgs_V2_c1_rep7_env8	lfmm_simes	21	Chr1	15315040	15905371	92	TRUE	TRUE
nobgs_V2_c1_rep7_env10	lfmm_simes	10	Chr1	15183480	15841651	56	TRUE	FALSE
nobgs_V2_c1_rep7_env10	lfmm_simes	13	Chr1	15183480	15841651	56	TRUE	FALSE
nobgs_V2_c1_rep7_env10	lfmm_simes	19	Chr1	14481873	14891710	23	FALSE	FALSE
nobgs_V2_c1_rep7_env10	lfmm_simes	19	Chr1	15183480	15841651	56	TRUE	FALSE
nobgs_V2_c1_rep8_env1	lfmm_simes	7	Chr1	4477969	4492703	7	TRUE	FALSE
nobgs_V2_c1_rep8_env2	lfmm_simes	7	Chr1	3644	406006	16	FALSE	FALSE
nobgs_V2_c1_rep8_env2	lfmm_simes	7	Chr1	19049616	19065795	7	TRUE	TRUE
nobgs_V2_c1_rep8_env2	lfmm_simes	8	Chr1	3644	406006	16	FALSE	FALSE
nobgs_V2_c1_rep8_env2	lfmm_simes	11	Chr1	3644	406006	16	FALSE	FALSE
nobgs_V2_c1_rep8_env3	lfmm_simes	8	Chr1	11357499	11432791	15	FALSE	FALSE
nobgs_V2_c1_rep8_env3	lfmm_simes	9	Chr1	11357499	11432791	15	FALSE	FALSE
nobgs_V2_c1_rep8_env3	lfmm_simes	14	Chr1	11357499	11432791	15	FALSE	FALSE
nobgs_V2_c1_rep8_env5	lfmm_simes	7	Chr1	11624880	11979598	48	TRUE	TRUE
nobgs_V2_c1_rep8_env5	lfmm_simes	7	Chr1	11756262	11786594	9	TRUE	FALSE
nobgs_V2_c1_rep8_env5	lfmm_simes	9	Chr1	11624880	11979598	48	TRUE	TRUE
nobgs_V2_c1_rep8_env5	lfmm_simes	9	Chr1	11756262	11786594	9	TRUE	FALSE
nobgs_V2_c1_rep8_env5	lfmm_simes	9	Chr1	11804519	11908952	15	TRUE	FALSE
nobgs_V2_c1_rep8_env5	lfmm_simes	16	Chr1	11624880	11730381	19	FALSE	FALSE
nobgs_V2_c1_rep8_env6	lfmm_simes	7	Chr1	11400357	11435152	9	FALSE	FALSE
nobgs_V2_c1_rep8_env6	lfmm_simes	7	Chr1	18891325	18911529	11	FALSE	FALSE
nobgs_V2_c1_rep8_env6	lfmm_simes	8	Chr1	11400357	11435152	9	FALSE	FALSE
nobgs_V2_c1_rep8_env6	lfmm_simes	8	Chr1	18891325	18911529	11	FALSE	FALSE
nobgs_V2_c1_rep8_env7	lfmm_simes	8	Chr1	4498889	4579411	20	TRUE	TRUE
nobgs_V2_c1_rep8_env7	lfmm_simes	9	Chr1	4498889	4536929	12	TRUE	TRUE
nobgs_V2_c1_rep8_env7	lfmm_simes	12	Chr1	4498889	4536929	12	TRUE	TRUE
nobgs_V2_c1_rep8_env8	lfmm_simes	8	Chr1	8916953	8976541	8	FALSE	FALSE
nobgs_V2_c1_rep8_env8	lfmm_simes	8	Chr1	10892522	11005553	10	FALSE	FALSE
nobgs_V2_c1_rep8_env8	lfmm_simes	8	Chr1	12086690	12167978	13	FALSE	FALSE
nobgs_V2_c1_rep8_env8	lfmm_simes	8	Chr1	12282275	12667966	43	TRUE	TRUE
nobgs_V2_c1_rep8_env8	lfmm_simes	8	Chr2	13713	457704	56	FALSE	FALSE
nobgs_V2_c1_rep8_env8	lfmm_simes	9	Chr1	10892522	11005553	10	FALSE	FALSE
nobgs_V2_c1_rep8_env8	lfmm_simes	9	Chr1	12086690	12167978	13	FALSE	FALSE
nobgs_V2_c1_rep8_env8	lfmm_simes	9	Chr1	12282275	12331004	13	FALSE	FALSE
nobgs_V2_c1_rep8_env8	lfmm_simes	9	Chr1	12463038	12667966	22	TRUE	TRUE
nobgs_V2_c1_rep8_env8	lfmm_simes	9	Chr2	13713	457704	56	FALSE	FALSE
nobgs_V2_c1_rep8_env8	lfmm_simes	13	Chr1	12086690	12167978	13	FALSE	FALSE
nobgs_V2_c1_rep8_env8	lfmm_simes	13	Chr1	12282275	12331004	13	FALSE	FALSE
nobgs_V2_c1_rep8_env8	lfmm_simes	13	Chr1	12463038	12667966	22	TRUE	TRUE
nobgs_V2_c1_rep8_env8	lfmm_simes	13	Chr2	13713	457704	56	FALSE	FALSE
nobgs_V2_c1_rep8_env10	lfmm_simes	7	Chr1	7797856	7832429	8	FALSE	FALSE
nobgs_V2_c1_rep8_env10	lfmm_simes	7	Chr1	11530019	11561315	7	FALSE	FALSE
nobgs_V2_c1_rep8_env10	lfmm_simes	7	Chr1	12480725	12674664	22	TRUE	TRUE
nobgs_V2_c1_rep8_env10	lfmm_simes	9	Chr1	12480725	12674664	22	TRUE	TRUE
nobgs_V2_c1_rep8_env10	lfmm_simes	13	Chr1	12480725	12674664	22	TRUE	TRUE
nobgs_V2_c1_rep9_env1	lfmm_simes	8	Chr1	3748580	3778555	11	FALSE	FALSE
nobgs_V2_c1_rep9_env1	lfmm_simes	8	Chr1	19746545	19819222	22	TRUE	TRUE
nobgs_V2_c1_rep9_env1	lfmm_simes	9	Chr1	3748580	3778555	11	FALSE	FALSE
nobgs_V2_c1_rep9_env1	lfmm_simes	9	Chr1	19746545	19819222	22	TRUE	TRUE
nobgs_V2_c1_rep9_env1	lfmm_simes	14	Chr1	15781354	15906074	15	FALSE	FALSE
nobgs_V2_c1_rep9_env1	lfmm_simes	14	Chr1	19746545	19819222	22	TRUE	TRUE
nobgs_V2_c1_rep9_env3	lfmm_simes	8	Chr1	14445813	14476961	8	TRUE	TRUE
nobgs_V2_c1_rep9_env3	lfmm_simes	8	Chr1	14514419	14585884	13	TRUE	TRUE
nobgs_V2_c1_rep9_env3	lfmm_simes	8	Chr2	3814057	3874486	19	FALSE	FALSE
nobgs_V2_c1_rep9_env3	lfmm_simes	9	Chr1	14514419	14585884	13	TRUE	TRUE
nobgs_V2_c1_rep9_env3	lfmm_simes	9	Chr2	3814057	3874486	19	FALSE	FALSE
nobgs_V2_c1_rep9_env3	lfmm_simes	13	Chr1	14514419	14585884	13	TRUE	TRUE
nobgs_V2_c1_rep9_env3	lfmm_simes	13	Chr2	3814057	3874486	19	FALSE	FALSE
nobgs_V2_c1_rep9_env4	lfmm_simes	8	Chr1	6972856	7007444	8	TRUE	TRUE
nobgs_V2_c1_rep9_env5	lfmm_simes	7	Chr1	3636004	3712315	22	TRUE	FALSE
nobgs_V2_c1_rep9_env5	lfmm_simes	9	Chr1	3636004	3712315	22	TRUE	FALSE
nobgs_V2_c1_rep9_env5	lfmm_simes	13	Chr1	3685405	3712315	13	TRUE	FALSE
nobgs_V2_c1_rep9_env10	lfmm_simes	9	Chr2	55892	476133	13	FALSE	FALSE
nobgs_V2_c1_rep9_env10	lfmm_simes	9	Chr2	3767711	3868311	12	FALSE	FALSE
nobgs_V2_c1_rep10_env2	lfmm_simes	16	Chr1	8660560	8693794	17	TRUE	FALSE
nobgs_V2_c1_rep10_env6	lfmm_simes	8	Chr2	6867637	6876629	8	FALSE	FALSE
nobgs_V2_c1_rep10_env7	lfmm_simes	8	Chr1	12326	485117	35	FALSE	FALSE
nobgs_V2_c1_rep10_env7	lfmm_simes	10	Chr1	12326	485117	35	FALSE	FALSE
nobgs_V2_c1_rep10_env7	lfmm_simes	16	Chr1	12326	485117	35	FALSE	FALSE
