target	floor	achieved_reduction	n_eligible_units	tag	cell	rep	env	combo_id	n_total_markers
0.995	9	0.994435310484381	88	bgs	V0.5_c1	1	1	bgs_V0.5_c1_rep1_env1	15814
0.997	11	0.997091185025926	46	bgs	V0.5_c1	1	1	bgs_V0.5_c1_rep1_env1	15814
0.999	16	0.998925003161755	17	bgs	V0.5_c1	1	1	bgs_V0.5_c1_rep1_env1	15814
0.995	9	0.994954528466426	81	bgs	V0.5_c1	1	2	bgs_V0.5_c1_rep1_env2	16054
0.997	11	0.997072380715087	47	bgs	V0.5_c1	1	2	bgs_V0.5_c1_rep1_env2	16054
0.999	17	0.999065653419708	15	bgs	V0.5_c1	1	2	bgs_V0.5_c1_rep1_env2	16054
0.995	9	0.995145325011033	77	bgs	V0.5_c1	1	3	bgs_V0.5_c1_rep1_env3	15861
0.997	11	0.996910661370658	49	bgs	V0.5_c1	1	3	bgs_V0.5_c1_rep1_env3	15861
0.999	18	0.999054284093058	15	bgs	V0.5_c1	1	3	bgs_V0.5_c1_rep1_env3	15861
0.995	9	0.9953785768549	73	bgs	V0.5_c1	1	4	bgs_V0.5_c1_rep1_env4	15796
0.997	10	0.996771334515067	51	bgs	V0.5_c1	1	4	bgs_V0.5_c1_rep1_env4	15796
0.999	16	0.999050392504432	15	bgs	V0.5_c1	1	4	bgs_V0.5_c1_rep1_env4	15796
0.995	9	0.99511645379414	78	bgs	V0.5_c1	1	5	bgs_V0.5_c1_rep1_env5	15972
0.997	11	0.997370398196844	42	bgs	V0.5_c1	1	5	bgs_V0.5_c1_rep1_env5	15972
0.999	16	0.998998246932131	16	bgs	V0.5_c1	1	5	bgs_V0.5_c1_rep1_env5	15972
0.995	9	0.995559169377033	71	bgs	V0.5_c1	1	6	bgs_V0.5_c1_rep1_env6	15988
0.997	11	0.997185389041781	45	bgs	V0.5_c1	1	6	bgs_V0.5_c1_rep1_env6	15988
0.999	19	0.999124343257443	14	bgs	V0.5_c1	1	6	bgs_V0.5_c1_rep1_env6	15988
0.995	9	0.995655185441723	69	bgs	V0.5_c1	1	7	bgs_V0.5_c1_rep1_env7	15881
0.997	10	0.996788615326491	51	bgs	V0.5_c1	1	7	bgs_V0.5_c1_rep1_env7	15881
0.999	18	0.99918141174989	13	bgs	V0.5_c1	1	7	bgs_V0.5_c1_rep1_env7	15881
0.995	9	0.994597686538706	85	bgs	V0.5_c1	1	8	bgs_V0.5_c1_rep1_env8	15734
0.997	12	0.997330621583831	42	bgs	V0.5_c1	1	8	bgs_V0.5_c1_rep1_env8	15734
0.999	19	0.999046650565654	15	bgs	V0.5_c1	1	8	bgs_V0.5_c1_rep1_env8	15734
0.995	8	0.994071392910634	95	bgs	V0.5_c1	1	9	bgs_V0.5_c1_rep1_env9	16024
0.997	11	0.997191712431353	45	bgs	V0.5_c1	1	9	bgs_V0.5_c1_rep1_env9	16024
0.999	18	0.999126310534199	14	bgs	V0.5_c1	1	9	bgs_V0.5_c1_rep1_env9	16024
0.995	9	0.995412251227707	71	bgs	V0.5_c1	1	10	bgs_V0.5_c1_rep1_env10	15476
0.997	11	0.997027655724994	46	bgs	V0.5_c1	1	10	bgs_V0.5_c1_rep1_env10	15476
0.999	19	0.999030757301628	15	bgs	V0.5_c1	1	10	bgs_V0.5_c1_rep1_env10	15476
0.995	11	0.995014484942397	74	bgs	V0.5_c1	2	1	bgs_V0.5_c1_rep2_env1	14843
0.997	13	0.996833524220171	47	bgs	V0.5_c1	2	1	bgs_V0.5_c1_rep2_env1	14843
0.999	20	0.999056794448562	14	bgs	V0.5_c1	2	1	bgs_V0.5_c1_rep2_env1	14843
0.995	13	0.995147201552895	75	bgs	V0.5_c1	2	2	bgs_V0.5_c1_rep2_env2	15455
0.997	15	0.996958912973148	47	bgs	V0.5_c1	2	2	bgs_V0.5_c1_rep2_env2	15455
0.999	24	0.99890003235199	17	bgs	V0.5_c1	2	2	bgs_V0.5_c1_rep2_env2	15455
0.995	11	0.995187680461983	75	bgs	V0.5_c1	2	3	bgs_V0.5_c1_rep2_env3	15585
0.997	13	0.996791786974655	50	bgs	V0.5_c1	2	3	bgs_V0.5_c1_rep2_env3	15585
0.999	22	0.998909207571383	17	bgs	V0.5_c1	2	3	bgs_V0.5_c1_rep2_env3	15585
0.995	12	0.994787254838079	80	bgs	V0.5_c1	2	4	bgs_V0.5_c1_rep2_env4	15347
0.997	15	0.996807193588323	49	bgs	V0.5_c1	2	4	bgs_V0.5_c1_rep2_env4	15347
0.999	26	0.998957450967616	16	bgs	V0.5_c1	2	4	bgs_V0.5_c1_rep2_env4	15347
0.995	12	0.995141372562251	72	bgs	V0.5_c1	2	5	bgs_V0.5_c1_rep2_env5	14819
0.997	15	0.996963357851407	45	bgs	V0.5_c1	2	5	bgs_V0.5_c1_rep2_env5	14819
0.999	24	0.999055266887104	14	bgs	V0.5_c1	2	5	bgs_V0.5_c1_rep2_env5	14819
0.995	12	0.9952451326865	74	bgs	V0.5_c1	2	6	bgs_V0.5_c1_rep2_env6	15563
0.997	15	0.997237036561074	43	bgs	V0.5_c1	2	6	bgs_V0.5_c1_rep2_env6	15563
0.999	23	0.999036175544561	15	bgs	V0.5_c1	2	6	bgs_V0.5_c1_rep2_env6	15563
0.995	12	0.995536593370528	68	bgs	V0.5_c1	2	7	bgs_V0.5_c1_rep2_env7	15235
0.997	14	0.997046275024614	45	bgs	V0.5_c1	2	7	bgs_V0.5_c1_rep2_env7	15235
0.999	21	0.998884148342632	17	bgs	V0.5_c1	2	7	bgs_V0.5_c1_rep2_env7	15235
0.995	12	0.995198546587075	74	bgs	V0.5_c1	2	8	bgs_V0.5_c1_rep2_env8	15412
0.997	15	0.996755774720997	50	bgs	V0.5_c1	2	8	bgs_V0.5_c1_rep2_env8	15412
0.999	23	0.999026732416299	15	bgs	V0.5_c1	2	8	bgs_V0.5_c1_rep2_env8	15412
0.995	11	0.994437900798325	85	bgs	V0.5_c1	2	9	bgs_V0.5_c1_rep2_env9	15282
0.997	14	0.996728176940191	50	bgs	V0.5_c1	2	9	bgs_V0.5_c1_rep2_env9	15282
0.999	22	0.999018453082057	15	bgs	V0.5_c1	2	9	bgs_V0.5_c1_rep2_env9	15282
0.995	11	0.994717749634061	83	bgs	V0.5_c1	2	10	bgs_V0.5_c1_rep2_env10	15713
0.997	14	0.997008846178324	47	bgs	V0.5_c1	2	10	bgs_V0.5_c1_rep2_env10	15713
0.999	23	0.998981734869217	16	bgs	V0.5_c1	2	10	bgs_V0.5_c1_rep2_env10	15713
0.995	8	0.994559233110953	84	bgs	V0.5_c1	3	1	bgs_V0.5_c1_rep3_env1	15439
0.997	9	0.996502364142755	54	bgs	V0.5_c1	3	1	bgs_V0.5_c1_rep3_env1	15439
0.999	14	0.999028434484099	15	bgs	V0.5_c1	3	1	bgs_V0.5_c1_rep3_env1	15439
0.995	8	0.995236562600579	74	bgs	V0.5_c1	3	2	bgs_V0.5_c1_rep3_env2	15535
0.997	9	0.996845831992275	49	bgs	V0.5_c1	3	2	bgs_V0.5_c1_rep3_env2	15535
0.999	13	0.999034438364982	15	bgs	V0.5_c1	3	2	bgs_V0.5_c1_rep3_env2	15535
0.995	8	0.994349181605612	87	bgs	V0.5_c1	3	3	bgs_V0.5_c1_rep3_env3	15396
0.997	10	0.997531826448428	38	bgs	V0.5_c1	3	3	bgs_V0.5_c1_rep3_env3	15396
0.999	14	0.999025720966485	15	bgs	V0.5_c1	3	3	bgs_V0.5_c1_rep3_env3	15396
0.995	8	0.994837710524618	80	bgs	V0.5_c1	3	4	bgs_V0.5_c1_rep3_env4	15497
0.997	9	0.996902626314771	48	bgs	V0.5_c1	3	4	bgs_V0.5_c1_rep3_env4	15497
0.999	12	0.999032070723366	15	bgs	V0.5_c1	3	4	bgs_V0.5_c1_rep3_env4	15497
0.995	8	0.994913726500129	79	bgs	V0.5_c1	3	5	bgs_V0.5_c1_rep3_env5	15532
0.997	10	0.997424671645635	40	bgs	V0.5_c1	3	5	bgs_V0.5_c1_rep3_env5	15532
0.999	13	0.999098635075972	14	bgs	V0.5_c1	3	5	bgs_V0.5_c1_rep3_env5	15532
0.995	8	0.995184791445188	77	bgs	V0.5_c1	3	6	bgs_V0.5_c1_rep3_env6	15991
0.997	9	0.996748170846101	52	bgs	V0.5_c1	3	6	bgs_V0.5_c1_rep3_env6	15991
0.999	13	0.999187042711525	13	bgs	V0.5_c1	3	6	bgs_V0.5_c1_rep3_env6	15991
0.995	8	0.995168160722233	76	bgs	V0.5_c1	3	7	bgs_V0.5_c1_rep3_env7	15729
0.997	9	0.996694004704686	52	bgs	V0.5_c1	3	7	bgs_V0.5_c1_rep3_env7	15729
0.999	13	0.999173501176171	13	bgs	V0.5_c1	3	7	bgs_V0.5_c1_rep3_env7	15729
0.995	8	0.995328618698501	72	bgs	V0.5_c1	3	8	bgs_V0.5_c1_rep3_env8	15413
0.997	9	0.996626224615584	52	bgs	V0.5_c1	3	8	bgs_V0.5_c1_rep3_env8	15413
0.999	15	0.999091675858042	14	bgs	V0.5_c1	3	8	bgs_V0.5_c1_rep3_env8	15413
0.995	8	0.994733123514677	82	bgs	V0.5_c1	3	9	bgs_V0.5_c1_rep3_env9	15569
0.997	9	0.99633887854069	57	bgs	V0.5_c1	3	9	bgs_V0.5_c1_rep3_env9	15569
0.999	13	0.998972316783352	16	bgs	V0.5_c1	3	9	bgs_V0.5_c1_rep3_env9	15569
0.995	8	0.995452248610409	72	bgs	V0.5_c1	3	10	bgs_V0.5_c1_rep3_env10	15832
0.997	9	0.997094492167762	46	bgs	V0.5_c1	3	10	bgs_V0.5_c1_rep3_env10	15832
0.999	13	0.99911571500758	14	bgs	V0.5_c1	3	10	bgs_V0.5_c1_rep3_env10	15832
0.995	12	0.994651306315573	78	bgs	V0.5_c1	4	1	bgs_V0.5_c1_rep4_env1	14583
0.997	15	0.997119934169924	42	bgs	V0.5_c1	4	1	bgs_V0.5_c1_rep4_env1	14583
0.999	22	0.998971405060687	15	bgs	V0.5_c1	4	1	bgs_V0.5_c1_rep4_env1	14583
0.995	12	0.995236230749152	73	bgs	V0.5_c1	4	2	bgs_V0.5_c1_rep4_env2	15324
0.997	17	0.997128687026886	44	bgs	V0.5_c1	4	2	bgs_V0.5_c1_rep4_env2	15324
0.999	25	0.99902114330462	15	bgs	V0.5_c1	4	2	bgs_V0.5_c1_rep4_env2	15324
0.995	11	0.995137547458869	73	bgs	V0.5_c1	4	3	bgs_V0.5_c1_rep4_env3	15013
0.997	15	0.997135815626457	43	bgs	V0.5_c1	4	3	bgs_V0.5_c1_rep4_env3	15013
0.999	23	0.998934256977286	16	bgs	V0.5_c1	4	3	bgs_V0.5_c1_rep4_env3	15013
0.995	11	0.994624406590338	77	bgs	V0.5_c1	4	4	bgs_V0.5_c1_rep4_env4	14324
0.997	15	0.997207483943033	40	bgs	V0.5_c1	4	4	bgs_V0.5_c1_rep4_env4	14324
0.999	24	0.999022619380061	14	bgs	V0.5_c1	4	4	bgs_V0.5_c1_rep4_env4	14324
0.995	12	0.994862213918729	77	bgs	V0.5_c1	4	5	bgs_V0.5_c1_rep4_env5	14987
0.997	15	0.996997397744712	45	bgs	V0.5_c1	4	5	bgs_V0.5_c1_rep4_env5	14987
0.999	24	0.998999132581571	15	bgs	V0.5_c1	4	5	bgs_V0.5_c1_rep4_env5	14987
0.995	11	0.994782259682922	78	bgs	V0.5_c1	4	6	bgs_V0.5_c1_rep4_env6	14949
0.997	16	0.997257341628203	41	bgs	V0.5_c1	4	6	bgs_V0.5_c1_rep4_env6	14949
0.999	25	0.999063482507191	14	bgs	V0.5_c1	4	6	bgs_V0.5_c1_rep4_env6	14949
0.995	12	0.995154777927322	72	bgs	V0.5_c1	4	7	bgs_V0.5_c1_rep4_env7	14860
0.997	15	0.997039030955585	44	bgs	V0.5_c1	4	7	bgs_V0.5_c1_rep4_env7	14860
0.999	24	0.999057873485868	14	bgs	V0.5_c1	4	7	bgs_V0.5_c1_rep4_env7	14860
0.995	11	0.994759188005838	79	bgs	V0.5_c1	4	8	bgs_V0.5_c1_rep4_env8	15074
0.997	15	0.997014727345098	45	bgs	V0.5_c1	4	8	bgs_V0.5_c1_rep4_env8	15074
0.999	24	0.999004909115033	15	bgs	V0.5_c1	4	8	bgs_V0.5_c1_rep4_env8	15074
0.995	13	0.994983390956545	74	bgs	V0.5_c1	4	9	bgs_V0.5_c1_rep4_env9	14751
0.997	17	0.996813775337265	47	bgs	V0.5_c1	4	9	bgs_V0.5_c1_rep4_env9	14751
0.999	27	0.998983119788489	15	bgs	V0.5_c1	4	9	bgs_V0.5_c1_rep4_env9	14751
0.995	12	0.995151434643996	73	bgs	V0.5_c1	4	10	bgs_V0.5_c1_rep4_env10	15056
0.997	16	0.997011158342189	45	bgs	V0.5_c1	4	10	bgs_V0.5_c1_rep4_env10	15056
0.999	24	0.999070138150903	14	bgs	V0.5_c1	4	10	bgs_V0.5_c1_rep4_env10	15056
0.995	10	0.995391705069124	71	bgs	V0.5_c1	5	1	bgs_V0.5_c1_rep5_env1	15407
0.997	13	0.997014344129292	46	bgs	V0.5_c1	5	1	bgs_V0.5_c1_rep5_env1	15407
0.999	25	0.9990264165639	15	bgs	V0.5_c1	5	1	bgs_V0.5_c1_rep5_env1	15407
0.995	9	0.994923213605787	80	bgs	V0.5_c1	5	2	bgs_V0.5_c1_rep5_env2	15758
0.997	12	0.996890468333545	49	bgs	V0.5_c1	5	2	bgs_V0.5_c1_rep5_env2	15758
0.999	32	0.998984642721157	16	bgs	V0.5_c1	5	2	bgs_V0.5_c1_rep5_env2	15758
0.995	10	0.995531724754245	70	bgs	V0.5_c1	5	3	bgs_V0.5_c1_rep5_env3	15666
0.997	12	0.996999872334993	47	bgs	V0.5_c1	5	3	bgs_V0.5_c1_rep5_env3	15666
0.999	23	0.999042512447338	15	bgs	V0.5_c1	5	3	bgs_V0.5_c1_rep5_env3	15666
0.995	9	0.995279358510088	73	bgs	V0.5_c1	5	4	bgs_V0.5_c1_rep5_env4	15464
0.997	11	0.996831350232799	49	bgs	V0.5_c1	5	4	bgs_V0.5_c1_rep5_env4	15464
0.999	26	0.999030005173306	15	bgs	V0.5_c1	5	4	bgs_V0.5_c1_rep5_env4	15464
0.995	9	0.994832206201353	81	bgs	V0.5_c1	5	5	bgs_V0.5_c1_rep5_env5	15674
0.997	12	0.997065203521756	46	bgs	V0.5_c1	5	5	bgs_V0.5_c1_rep5_env5	15674
0.999	25	0.999043001148399	15	bgs	V0.5_c1	5	5	bgs_V0.5_c1_rep5_env5	15674
0.995	9	0.99501489058656	77	bgs	V0.5_c1	5	6	bgs_V0.5_c1_rep5_env6	15446
0.997	11	0.996892399326686	48	bgs	V0.5_c1	5	6	bgs_V0.5_c1_rep5_env6	15446
0.999	22	0.99902887478959	15	bgs	V0.5_c1	5	6	bgs_V0.5_c1_rep5_env6	15446
0.995	9	0.995485470846315	71	bgs	V0.5_c1	5	7	bgs_V0.5_c1_rep5_env7	15727
0.997	11	0.997075093787753	46	bgs	V0.5_c1	5	7	bgs_V0.5_c1_rep5_env7	15727
0.999	27	0.998982641317479	16	bgs	V0.5_c1	5	7	bgs_V0.5_c1_rep5_env7	15727
0.995	10	0.995378987228034	72	bgs	V0.5_c1	5	8	bgs_V0.5_c1_rep5_env8	15581
0.997	12	0.997047686284577	46	bgs	V0.5_c1	5	8	bgs_V0.5_c1_rep5_env8	15581
0.999	28	0.998973108272896	16	bgs	V0.5_c1	5	8	bgs_V0.5_c1_rep5_env8	15581
0.995	9	0.994888417903005	82	bgs	V0.5_c1	5	9	bgs_V0.5_c1_rep5_env9	16042
0.997	12	0.99713252711632	46	bgs	V0.5_c1	5	9	bgs_V0.5_c1_rep5_env9	16042
0.999	30	0.999002618127416	16	bgs	V0.5_c1	5	9	bgs_V0.5_c1_rep5_env9	16042
0.995	9	0.993949925983137	94	bgs	V0.5_c1	5	10	bgs_V0.5_c1_rep5_env10	15537
0.997	12	0.997361137928815	41	bgs	V0.5_c1	5	10	bgs_V0.5_c1_rep5_env10	15537
0.999	24	0.998970200167343	16	bgs	V0.5_c1	5	10	bgs_V0.5_c1_rep5_env10	15537
0.995	8	0.995758354755784	66	bgs	V0.5_c1	6	1	bgs_V0.5_c1_rep6_env1	15560
0.997	9	0.996979434447301	47	bgs	V0.5_c1	6	1	bgs_V0.5_c1_rep6_env1	15560
0.999	15	0.998907455012854	17	bgs	V0.5_c1	6	1	bgs_V0.5_c1_rep6_env1	15560
0.995	8	0.994917326127517	79	bgs	V0.5_c1	6	2	bgs_V0.5_c1_rep6_env2	15543
0.997	10	0.997233481309914	43	bgs	V0.5_c1	6	2	bgs_V0.5_c1_rep6_env2	15543
0.999	14	0.999034935340668	15	bgs	V0.5_c1	6	2	bgs_V0.5_c1_rep6_env2	15543
0.995	9	0.996000786730479	61	bgs	V0.5_c1	6	3	bgs_V0.5_c1_rep6_env3	15253
0.997	10	0.996853078083	48	bgs	V0.5_c1	6	3	bgs_V0.5_c1_rep6_env3	15253
0.999	15	0.999016586900938	15	bgs	V0.5_c1	6	3	bgs_V0.5_c1_rep6_env3	15253
0.995	8	0.994814008579294	81	bgs	V0.5_c1	6	4	bgs_V0.5_c1_rep6_env4	15619
0.997	10	0.997503041167808	39	bgs	V0.5_c1	6	4	bgs_V0.5_c1_rep6_env4	15619
0.999	13	0.998975606632947	16	bgs	V0.5_c1	6	4	bgs_V0.5_c1_rep6_env4	15619
0.995	9	0.995519831334827	68	bgs	V0.5_c1	6	5	bgs_V0.5_c1_rep6_env5	15178
0.997	10	0.997035182500988	45	bgs	V0.5_c1	6	5	bgs_V0.5_c1_rep6_env5	15178
0.999	15	0.999011727500329	15	bgs	V0.5_c1	6	5	bgs_V0.5_c1_rep6_env5	15178
0.995	8	0.995687990732398	67	bgs	V0.5_c1	6	6	bgs_V0.5_c1_rep6_env6	15538
0.997	9	0.997039516025228	46	bgs	V0.5_c1	6	6	bgs_V0.5_c1_rep6_env6	15538
0.999	14	0.999034624790835	15	bgs	V0.5_c1	6	6	bgs_V0.5_c1_rep6_env6	15538
0.995	8	0.995407503234153	71	bgs	V0.5_c1	6	7	bgs_V0.5_c1_rep6_env7	15460
0.997	9	0.997089262613195	45	bgs	V0.5_c1	6	7	bgs_V0.5_c1_rep6_env7	15460
0.999	13	0.998900388098318	17	bgs	V0.5_c1	6	7	bgs_V0.5_c1_rep6_env7	15460
0.995	8	0.994414876141665	85	bgs	V0.5_c1	6	8	bgs_V0.5_c1_rep6_env8	15219
0.997	10	0.997174584401078	43	bgs	V0.5_c1	6	8	bgs_V0.5_c1_rep6_env8	15219
0.999	14	0.998948682567843	16	bgs	V0.5_c1	6	8	bgs_V0.5_c1_rep6_env8	15219
0.995	8	0.994993260157905	78	bgs	V0.5_c1	6	9	bgs_V0.5_c1_rep6_env9	15579
0.997	10	0.997111496244945	45	bgs	V0.5_c1	6	9	bgs_V0.5_c1_rep6_env9	15579
0.999	16	0.998972976442647	16	bgs	V0.5_c1	6	9	bgs_V0.5_c1_rep6_env9	15579
0.995	7	0.993533638145003	99	bgs	V0.5_c1	6	10	bgs_V0.5_c1_rep6_env10	15310
0.997	8	0.996472893533638	54	bgs	V0.5_c1	6	10	bgs_V0.5_c1_rep6_env10	15310
0.999	12	0.999020248203788	15	bgs	V0.5_c1	6	10	bgs_V0.5_c1_rep6_env10	15310
0.995	11	0.994627627425962	80	bgs	V0.5_c1	7	1	bgs_V0.5_c1_rep7_env1	14891
0.997	14	0.996910885769928	46	bgs	V0.5_c1	7	1	bgs_V0.5_c1_rep7_env1	14891
0.999	22	0.999059834799543	14	bgs	V0.5_c1	7	1	bgs_V0.5_c1_rep7_env1	14891
0.995	11	0.995221027479092	72	bgs	V0.5_c1	7	2	bgs_V0.5_c1_rep7_env2	15066
0.997	14	0.997079516792778	44	bgs	V0.5_c1	7	2	bgs_V0.5_c1_rep7_env2	15066
0.999	19	0.999004380724811	15	bgs	V0.5_c1	7	2	bgs_V0.5_c1_rep7_env2	15066
0.995	13	0.995213402473075	72	bgs	V0.5_c1	7	3	bgs_V0.5_c1_rep7_env3	15042
0.997	15	0.996742454460843	49	bgs	V0.5_c1	7	3	bgs_V0.5_c1_rep7_env3	15042
0.999	21	0.999002792181891	15	bgs	V0.5_c1	7	3	bgs_V0.5_c1_rep7_env3	15042
0.995	12	0.99473543915767	79	bgs	V0.5_c1	7	4	bgs_V0.5_c1_rep7_env4	15006
0.997	15	0.997134479541517	43	bgs	V0.5_c1	7	4	bgs_V0.5_c1_rep7_env4	15006
0.999	20	0.999000399840064	15	bgs	V0.5_c1	7	4	bgs_V0.5_c1_rep7_env4	15006
0.995	12	0.995389549645864	69	bgs	V0.5_c1	7	5	bgs_V0.5_c1_rep7_env5	14966
0.997	15	0.997193638914874	42	bgs	V0.5_c1	7	5	bgs_V0.5_c1_rep7_env5	14966
0.999	22	0.998997728183883	15	bgs	V0.5_c1	7	5	bgs_V0.5_c1_rep7_env5	14966
0.995	11	0.99438544273828	83	bgs	V0.5_c1	7	6	bgs_V0.5_c1_rep7_env6	14783
0.997	14	0.997361834539674	39	bgs	V0.5_c1	7	6	bgs_V0.5_c1_rep7_env6	14783
0.999	19	0.998917675708584	16	bgs	V0.5_c1	7	6	bgs_V0.5_c1_rep7_env6	14783
0.995	12	0.995081525400889	73	bgs	V0.5_c1	7	7	bgs_V0.5_c1_rep7_env7	14842
0.997	15	0.996968063603288	45	bgs	V0.5_c1	7	7	bgs_V0.5_c1_rep7_env7	14842
0.999	22	0.998989354534429	15	bgs	V0.5_c1	7	7	bgs_V0.5_c1_rep7_env7	14842
0.995	11	0.994528956498532	82	bgs	V0.5_c1	7	8	bgs_V0.5_c1_rep7_env8	14988
0.997	13	0.996930878035762	46	bgs	V0.5_c1	7	8	bgs_V0.5_c1_rep7_env8	14988
0.999	19	0.99919935948759	12	bgs	V0.5_c1	7	8	bgs_V0.5_c1_rep7_env8	14988
0.995	11	0.994776514149696	79	bgs	V0.5_c1	7	9	bgs_V0.5_c1_rep7_env9	15124
0.997	14	0.997289076963766	41	bgs	V0.5_c1	7	9	bgs_V0.5_c1_rep7_env9	15124
0.999	20	0.998942078815128	16	bgs	V0.5_c1	7	9	bgs_V0.5_c1_rep7_env9	15124
0.995	11	0.994615435750848	81	bgs	V0.5_c1	7	10	bgs_V0.5_c1_rep7_env10	15043
0.997	14	0.997008575417138	45	bgs	V0.5_c1	7	10	bgs_V0.5_c1_rep7_env10	15043
0.999	21	0.999002858472379	15	bgs	V0.5_c1	7	10	bgs_V0.5_c1_rep7_env10	15043
0.995	8	0.995187371663244	75	bgs	V0.5_c1	8	1	bgs_V0.5_c1_rep8_env1	15584
0.997	9	0.996599075975359	53	bgs	V0.5_c1	8	1	bgs_V0.5_c1_rep8_env1	15584
0.999	13	0.998973305954826	16	bgs	V0.5_c1	8	1	bgs_V0.5_c1_rep8_env1	15584
0.995	8	0.994941831057157	80	bgs	V0.5_c1	8	2	bgs_V0.5_c1_rep8_env2	15816
0.997	9	0.996838644410723	50	bgs	V0.5_c1	8	2	bgs_V0.5_c1_rep8_env2	15816
0.999	13	0.998988366211431	16	bgs	V0.5_c1	8	2	bgs_V0.5_c1_rep8_env2	15816
0.995	8	0.994793340618371	81	bgs	V0.5_c1	8	3	bgs_V0.5_c1_rep8_env3	15557
0.997	9	0.996721732981937	51	bgs	V0.5_c1	8	3	bgs_V0.5_c1_rep8_env3	15557
0.999	13	0.999035803818217	15	bgs	V0.5_c1	8	3	bgs_V0.5_c1_rep8_env3	15557
0.995	8	0.995231251633133	73	bgs	V0.5_c1	8	4	bgs_V0.5_c1_rep8_env4	15308
0.997	10	0.997648288476613	36	bgs	V0.5_c1	8	4	bgs_V0.5_c1_rep8_env4	15308
0.999	12	0.998954794878495	16	bgs	V0.5_c1	8	4	bgs_V0.5_c1_rep8_env4	15308
0.995	8	0.995364930147539	71	bgs	V0.5_c1	8	5	bgs_V0.5_c1_rep8_env5	15318
0.997	9	0.996996996996997	46	bgs	V0.5_c1	8	5	bgs_V0.5_c1_rep8_env5	15318
0.999	12	0.99882491186839	18	bgs	V0.5_c1	8	5	bgs_V0.5_c1_rep8_env5	15318
0.995	8	0.994325143483588	88	bgs	V0.5_c1	8	6	bgs_V0.5_c1_rep8_env6	15507
0.997	10	0.996840136712452	49	bgs	V0.5_c1	8	6	bgs_V0.5_c1_rep8_env6	15507
0.999	15	0.998903720900239	17	bgs	V0.5_c1	8	6	bgs_V0.5_c1_rep8_env6	15507
0.995	9	0.995655661007887	65	bgs	V0.5_c1	8	7	bgs_V0.5_c1_rep8_env7	14962
0.997	10	0.996725036759791	49	bgs	V0.5_c1	8	7	bgs_V0.5_c1_rep8_env7	14962
0.999	15	0.998997460232589	15	bgs	V0.5_c1	8	7	bgs_V0.5_c1_rep8_env7	14962
0.995	8	0.994198788191311	90	bgs	V0.5_c1	8	8	bgs_V0.5_c1_rep8_env8	15514
0.997	10	0.997099394095656	45	bgs	V0.5_c1	8	8	bgs_V0.5_c1_rep8_env8	15514
0.999	16	0.999097589274204	14	bgs	V0.5_c1	8	8	bgs_V0.5_c1_rep8_env8	15514
0.995	8	0.994813012295082	81	bgs	V0.5_c1	8	9	bgs_V0.5_c1_rep8_env9	15616
0.997	10	0.997438524590164	40	bgs	V0.5_c1	8	9	bgs_V0.5_c1_rep8_env9	15616
0.999	12	0.999167520491803	13	bgs	V0.5_c1	8	9	bgs_V0.5_c1_rep8_env9	15616
0.995	8	0.994517054510679	86	bgs	V0.5_c1	8	10	bgs_V0.5_c1_rep8_env10	15685
0.997	9	0.996875996174689	49	bgs	V0.5_c1	8	10	bgs_V0.5_c1_rep8_env10	15685
0.999	14	0.999107427478483	14	bgs	V0.5_c1	8	10	bgs_V0.5_c1_rep8_env10	15685
0.995	8	0.994085122797994	92	bgs	V0.5_c1	9	1	bgs_V0.5_c1_rep9_env1	15554
0.997	10	0.997042561398997	46	bgs	V0.5_c1	9	1	bgs_V0.5_c1_rep9_env1	15554
0.999	15	0.998971325703999	16	bgs	V0.5_c1	9	1	bgs_V0.5_c1_rep9_env1	15554
0.995	9	0.995735332127165	66	bgs	V0.5_c1	9	2	bgs_V0.5_c1_rep9_env2	15476
0.997	10	0.997027655724994	46	bgs	V0.5_c1	9	2	bgs_V0.5_c1_rep9_env2	15476
0.999	14	0.99909537348152	14	bgs	V0.5_c1	9	2	bgs_V0.5_c1_rep9_env2	15476
0.995	8	0.995086630462891	76	bgs	V0.5_c1	9	3	bgs_V0.5_c1_rep9_env3	15468
0.997	10	0.997284716834756	42	bgs	V0.5_c1	9	3	bgs_V0.5_c1_rep9_env3	15468
0.999	14	0.999159555210758	13	bgs	V0.5_c1	9	3	bgs_V0.5_c1_rep9_env3	15468
0.995	8	0.99493574729379	80	bgs	V0.5_c1	9	4	bgs_V0.5_c1_rep9_env4	15797
0.997	9	0.996518326264481	55	bgs	V0.5_c1	9	4	bgs_V0.5_c1_rep9_env4	15797
0.999	14	0.999050452617586	15	bgs	V0.5_c1	9	4	bgs_V0.5_c1_rep9_env4	15797
0.995	8	0.995045253352712	75	bgs	V0.5_c1	9	5	bgs_V0.5_c1_rep9_env5	15137
0.997	10	0.99735746845478	40	bgs	V0.5_c1	9	5	bgs_V0.5_c1_rep9_env5	15137
0.999	15	0.999009050670542	15	bgs	V0.5_c1	9	5	bgs_V0.5_c1_rep9_env5	15137
0.995	8	0.995396784232365	71	bgs	V0.5_c1	9	6	bgs_V0.5_c1_rep9_env6	15424
0.997	9	0.996823132780083	49	bgs	V0.5_c1	9	6	bgs_V0.5_c1_rep9_env6	15424
0.999	14	0.99896265560166	16	bgs	V0.5_c1	9	6	bgs_V0.5_c1_rep9_env6	15424
0.995	9	0.995627572016461	68	bgs	V0.5_c1	9	7	bgs_V0.5_c1_rep9_env7	15552
0.997	10	0.997106481481481	45	bgs	V0.5_c1	9	7	bgs_V0.5_c1_rep9_env7	15552
0.999	14	0.99903549382716	15	bgs	V0.5_c1	9	7	bgs_V0.5_c1_rep9_env7	15552
0.995	8	0.994475138121547	84	bgs	V0.5_c1	9	8	bgs_V0.5_c1_rep9_env8	15204
0.997	10	0.997106024730334	44	bgs	V0.5_c1	9	8	bgs_V0.5_c1_rep9_env8	15204
0.999	16	0.999013417521705	15	bgs	V0.5_c1	9	8	bgs_V0.5_c1_rep9_env8	15204
0.995	8	0.99530218384967	74	bgs	V0.5_c1	9	9	bgs_V0.5_c1_rep9_env9	15752
0.997	10	0.997206703910615	44	bgs	V0.5_c1	9	9	bgs_V0.5_c1_rep9_env9	15752
0.999	14	0.999047739969528	15	bgs	V0.5_c1	9	9	bgs_V0.5_c1_rep9_env9	15752
0.995	8	0.994865618661258	81	bgs	V0.5_c1	9	10	bgs_V0.5_c1_rep9_env10	15776
0.997	9	0.99664046653144	53	bgs	V0.5_c1	9	10	bgs_V0.5_c1_rep9_env10	15776
0.999	14	0.999049188640974	15	bgs	V0.5_c1	9	10	bgs_V0.5_c1_rep9_env10	15776
0.995	9	0.995481830504099	70	bgs	V0.5_c1	10	1	bgs_V0.5_c1_rep10_env1	15493
0.997	10	0.99709546246692	45	bgs	V0.5_c1	10	1	bgs_V0.5_c1_rep10_env1	15493
0.999	15	0.99909636610082	14	bgs	V0.5_c1	10	1	bgs_V0.5_c1_rep10_env1	15493
0.995	9	0.995705953983208	67	bgs	V0.5_c1	10	2	bgs_V0.5_c1_rep10_env2	15603
0.997	10	0.996603217330001	53	bgs	V0.5_c1	10	2	bgs_V0.5_c1_rep10_env2	15603
0.999	15	0.998910465936038	17	bgs	V0.5_c1	10	2	bgs_V0.5_c1_rep10_env2	15603
0.995	8	0.994443392056576	88	bgs	V0.5_c1	10	3	bgs_V0.5_c1_rep10_env3	15837
0.997	10	0.997032266212035	47	bgs	V0.5_c1	10	3	bgs_V0.5_c1_rep10_env3	15837
0.999	14	0.998926564374566	17	bgs	V0.5_c1	10	3	bgs_V0.5_c1_rep10_env3	15837
0.995	8	0.994389813414019	89	bgs	V0.5_c1	10	4	bgs_V0.5_c1_rep10_env4	15864
0.997	10	0.996974281391831	48	bgs	V0.5_c1	10	4	bgs_V0.5_c1_rep10_env4	15864
0.999	13	0.999054462934947	15	bgs	V0.5_c1	10	4	bgs_V0.5_c1_rep10_env4	15864
0.995	9	0.995468082351418	70	bgs	V0.5_c1	10	5	bgs_V0.5_c1_rep10_env5	15446
0.997	10	0.996698174284604	51	bgs	V0.5_c1	10	5	bgs_V0.5_c1_rep10_env5	15446
0.999	15	0.999093616470284	14	bgs	V0.5_c1	10	5	bgs_V0.5_c1_rep10_env5	15446
0.995	8	0.99477890937218	81	bgs	V0.5_c1	10	6	bgs_V0.5_c1_rep10_env6	15514
0.997	9	0.996390357096816	56	bgs	V0.5_c1	10	6	bgs_V0.5_c1_rep10_env6	15514
0.999	12	0.998904215547248	17	bgs	V0.5_c1	10	6	bgs_V0.5_c1_rep10_env6	15514
0.995	8	0.994646888100613	83	bgs	V0.5_c1	10	7	bgs_V0.5_c1_rep10_env7	15505
0.997	9	0.996517252499194	54	bgs	V0.5_c1	10	7	bgs_V0.5_c1_rep10_env7	15505
0.999	13	0.999032570138665	15	bgs	V0.5_c1	10	7	bgs_V0.5_c1_rep10_env7	15505
0.995	8	0.994934143870314	80	bgs	V0.5_c1	10	8	bgs_V0.5_c1_rep10_env8	15792
0.997	10	0.996960486322189	48	bgs	V0.5_c1	10	8	bgs_V0.5_c1_rep10_env8	15792
0.999	16	0.998986828774063	16	bgs	V0.5_c1	10	8	bgs_V0.5_c1_rep10_env8	15792
0.995	8	0.995072958120144	78	bgs	V0.5_c1	10	9	bgs_V0.5_c1_rep10_env9	15831
0.997	10	0.997346977449308	42	bgs	V0.5_c1	10	9	bgs_V0.5_c1_rep10_env9	15831
0.999	13	0.998926157539006	17	bgs	V0.5_c1	10	9	bgs_V0.5_c1_rep10_env9	15831
0.995	8	0.994904057879836	81	bgs	V0.5_c1	10	10	bgs_V0.5_c1_rep10_env10	15895
0.997	9	0.996665618118905	53	bgs	V0.5_c1	10	10	bgs_V0.5_c1_rep10_env10	15895
0.999	14	0.998993394149104	16	bgs	V0.5_c1	10	10	bgs_V0.5_c1_rep10_env10	15895
0.995	9	0.995583434679639	69	bgs	V1_c1	1	1	bgs_V1_c1_rep1_env1	15623
0.997	11	0.997119631312808	45	bgs	V1_c1	1	1	bgs_V1_c1_rep1_env1	15623
0.999	18	0.998975868911221	16	bgs	V1_c1	1	1	bgs_V1_c1_rep1_env1	15623
0.995	9	0.995418681598371	72	bgs	V1_c1	1	2	bgs_V1_c1_rep1_env2	15716
0.997	11	0.997200305421227	44	bgs	V1_c1	1	2	bgs_V1_c1_rep1_env2	15716
0.999	14	0.999109188088572	14	bgs	V1_c1	1	2	bgs_V1_c1_rep1_env2	15716
0.995	9	0.995379746835443	73	bgs	V1_c1	1	3	bgs_V1_c1_rep1_env3	15800
0.997	11	0.997341772151899	42	bgs	V1_c1	1	3	bgs_V1_c1_rep1_env3	15800
0.999	18	0.999113924050633	14	bgs	V1_c1	1	3	bgs_V1_c1_rep1_env3	15800
0.995	9	0.995332408225054	74	bgs	V1_c1	1	4	bgs_V1_c1_rep1_env4	15854
0.997	11	0.997350826289895	42	bgs	V1_c1	1	4	bgs_V1_c1_rep1_env4	15854
0.999	17	0.998927715403053	17	bgs	V1_c1	1	4	bgs_V1_c1_rep1_env4	15854
0.995	9	0.995374184145491	73	bgs	V1_c1	1	5	bgs_V1_c1_rep1_env5	15781
0.997	10	0.996768265635891	51	bgs	V1_c1	1	5	bgs_V1_c1_rep1_env5	15781
0.999	16	0.998922755211964	17	bgs	V1_c1	1	5	bgs_V1_c1_rep1_env5	15781
0.995	9	0.995645674920387	67	bgs	V1_c1	1	6	bgs_V1_c1_rep1_env6	15387
0.997	11	0.99720543315786	43	bgs	V1_c1	1	6	bgs_V1_c1_rep1_env6	15387
0.999	18	0.999220120881263	12	bgs	V1_c1	1	6	bgs_V1_c1_rep1_env6	15387
0.995	9	0.994974235002227	79	bgs	V1_c1	1	7	bgs_V1_c1_rep1_env7	15719
0.997	11	0.997200839748076	44	bgs	V1_c1	1	7	bgs_V1_c1_rep1_env7	15719
0.999	16	0.998982123544755	16	bgs	V1_c1	1	7	bgs_V1_c1_rep1_env7	15719
0.995	9	0.994948857178937	80	bgs	V1_c1	1	8	bgs_V1_c1_rep1_env8	15838
0.997	11	0.997032453592625	47	bgs	V1_c1	1	8	bgs_V1_c1_rep1_env8	15838
0.999	16	0.998926632150524	17	bgs	V1_c1	1	8	bgs_V1_c1_rep1_env8	15838
0.995	9	0.995364408962143	72	bgs	V1_c1	1	9	bgs_V1_c1_rep1_env9	15532
0.997	10	0.996716456348184	51	bgs	V1_c1	1	9	bgs_V1_c1_rep1_env9	15532
0.999	15	0.998969868658254	16	bgs	V1_c1	1	9	bgs_V1_c1_rep1_env9	15532
0.995	9	0.994834377219604	80	bgs	V1_c1	1	10	bgs_V1_c1_rep1_env10	15487
0.997	11	0.997288048040292	42	bgs	V1_c1	1	10	bgs_V1_c1_rep1_env10	15487
0.999	16	0.999160586298186	13	bgs	V1_c1	1	10	bgs_V1_c1_rep1_env10	15487
0.995	10	0.994508009153318	84	bgs	V1_c1	2	1	bgs_V1_c1_rep2_env1	15295
0.997	13	0.996992481203008	46	bgs	V1_c1	2	1	bgs_V1_c1_rep2_env1	15295
0.999	21	0.999019287348807	15	bgs	V1_c1	2	1	bgs_V1_c1_rep2_env1	15295
0.995	11	0.99511505334876	76	bgs	V1_c1	2	2	bgs_V1_c1_rep2_env2	15558
0.997	13	0.996850494922226	49	bgs	V1_c1	2	2	bgs_V1_c1_rep2_env2	15558
0.999	20	0.998971590178686	16	bgs	V1_c1	2	2	bgs_V1_c1_rep2_env2	15558
0.995	12	0.99503935445466	75	bgs	V1_c1	2	3	bgs_V1_c1_rep2_env3	15119
0.997	15	0.996692902969773	50	bgs	V1_c1	2	3	bgs_V1_c1_rep2_env3	15119
0.999	27	0.999007870890932	15	bgs	V1_c1	2	3	bgs_V1_c1_rep2_env3	15119
0.995	11	0.994929396662388	79	bgs	V1_c1	2	4	bgs_V1_c1_rep2_env4	15580
0.997	14	0.996854942233633	49	bgs	V1_c1	2	4	bgs_V1_c1_rep2_env4	15580
0.999	21	0.999165596919127	13	bgs	V1_c1	2	4	bgs_V1_c1_rep2_env4	15580
0.995	12	0.995473382212305	71	bgs	V1_c1	2	5	bgs_V1_c1_rep2_env5	15685
0.997	14	0.997131016895123	45	bgs	V1_c1	2	5	bgs_V1_c1_rep2_env5	15685
0.999	22	0.998916161938157	17	bgs	V1_c1	2	5	bgs_V1_c1_rep2_env5	15685
0.995	11	0.994398300173846	87	bgs	V1_c1	2	6	bgs_V1_c1_rep2_env6	15531
0.997	14	0.996909406992467	48	bgs	V1_c1	2	6	bgs_V1_c1_rep2_env6	15531
0.999	20	0.998905414976499	17	bgs	V1_c1	2	6	bgs_V1_c1_rep2_env6	15531
0.995	11	0.995205829711071	75	bgs	V1_c1	2	7	bgs_V1_c1_rep2_env7	15644
0.997	13	0.997059575556124	46	bgs	V1_c1	2	7	bgs_V1_c1_rep2_env7	15644
0.999	19	0.998913321401176	17	bgs	V1_c1	2	7	bgs_V1_c1_rep2_env7	15644
0.995	11	0.995322376738306	74	bgs	V1_c1	2	8	bgs_V1_c1_rep2_env8	15820
0.997	13	0.996776232616941	51	bgs	V1_c1	2	8	bgs_V1_c1_rep2_env8	15820
0.999	20	0.99905183312263	15	bgs	V1_c1	2	8	bgs_V1_c1_rep2_env8	15820
0.995	12	0.995264715554094	72	bgs	V1_c1	2	9	bgs_V1_c1_rep2_env9	15205
0.997	14	0.996908911542256	47	bgs	V1_c1	2	9	bgs_V1_c1_rep2_env9	15205
0.999	25	0.998947714567576	16	bgs	V1_c1	2	9	bgs_V1_c1_rep2_env9	15205
0.995	12	0.995238405844368	73	bgs	V1_c1	2	10	bgs_V1_c1_rep2_env10	15331
0.997	15	0.99706477072598	45	bgs	V1_c1	2	10	bgs_V1_c1_rep2_env10	15331
0.999	22	0.999021590241993	15	bgs	V1_c1	2	10	bgs_V1_c1_rep2_env10	15331
0.995	8	0.995934959349593	63	bgs	V1_c1	3	1	bgs_V1_c1_rep3_env1	15498
0.997	9	0.997677119628339	36	bgs	V1_c1	3	1	bgs_V1_c1_rep3_env1	15498
0.999	11	0.999032133178475	15	bgs	V1_c1	3	1	bgs_V1_c1_rep3_env1	15498
0.995	8	0.996315822905418	58	bgs	V1_c1	3	2	bgs_V1_c1_rep3_env2	15743
0.997	9	0.997459188210633	40	bgs	V1_c1	3	2	bgs_V1_c1_rep3_env2	15743
0.999	11	0.998920154989519	17	bgs	V1_c1	3	2	bgs_V1_c1_rep3_env2	15743
0.995	7	0.994048774176855	92	bgs	V1_c1	3	3	bgs_V1_c1_rep3_env3	15459
0.997	9	0.997153761562844	44	bgs	V1_c1	3	3	bgs_V1_c1_rep3_env3	15459
0.999	12	0.99896500420467	16	bgs	V1_c1	3	3	bgs_V1_c1_rep3_env3	15459
0.995	7	0.994002041858091	94	bgs	V1_c1	3	4	bgs_V1_c1_rep3_env4	15672
0.997	9	0.997575293517101	38	bgs	V1_c1	3	4	bgs_V1_c1_rep3_env4	15672
0.999	11	0.999170495150587	13	bgs	V1_c1	3	4	bgs_V1_c1_rep3_env4	15672
0.995	8	0.995838587641866	66	bgs	V1_c1	3	5	bgs_V1_c1_rep3_env5	15860
0.997	9	0.997162673392182	45	bgs	V1_c1	3	5	bgs_V1_c1_rep3_env5	15860
0.999	11	0.999054224464061	15	bgs	V1_c1	3	5	bgs_V1_c1_rep3_env5	15860
0.995	8	0.995684731564919	68	bgs	V1_c1	3	6	bgs_V1_c1_rep3_env6	15758
0.997	9	0.997461606802894	40	bgs	V1_c1	3	6	bgs_V1_c1_rep3_env6	15758
0.999	12	0.999111562381013	14	bgs	V1_c1	3	6	bgs_V1_c1_rep3_env6	15758
0.995	8	0.995236869207003	74	bgs	V1_c1	3	7	bgs_V1_c1_rep3_env7	15536
0.997	9	0.996524201853759	54	bgs	V1_c1	3	7	bgs_V1_c1_rep3_env7	15536
0.999	12	0.998970133882595	16	bgs	V1_c1	3	7	bgs_V1_c1_rep3_env7	15536
0.995	7	0.994269156471346	89	bgs	V1_c1	3	8	bgs_V1_c1_rep3_env8	15530
0.997	8	0.996844816484224	49	bgs	V1_c1	3	8	bgs_V1_c1_rep3_env8	15530
0.999	11	0.998905344494527	17	bgs	V1_c1	3	8	bgs_V1_c1_rep3_env8	15530
0.995	7	0.994258805315443	89	bgs	V1_c1	3	9	bgs_V1_c1_rep3_env9	15502
0.997	8	0.996839117533221	49	bgs	V1_c1	3	9	bgs_V1_c1_rep3_env9	15502
0.999	11	0.998967875112889	16	bgs	V1_c1	3	9	bgs_V1_c1_rep3_env9	15502
0.995	8	0.996222376125417	60	bgs	V1_c1	3	10	bgs_V1_c1_rep3_env10	15883
0.997	9	0.997544544481521	39	bgs	V1_c1	3	10	bgs_V1_c1_rep3_env10	15883
0.999	13	0.998992633633445	16	bgs	V1_c1	3	10	bgs_V1_c1_rep3_env10	15883
0.995	12	0.995256230373488	71	bgs	V1_c1	4	1	bgs_V1_c1_rep4_env1	14967
0.997	15	0.997327453731543	40	bgs	V1_c1	4	1	bgs_V1_c1_rep4_env1	14967
0.999	22	0.99906460880604	14	bgs	V1_c1	4	1	bgs_V1_c1_rep4_env1	14967
0.995	13	0.995109701295268	74	bgs	V1_c1	4	2	bgs_V1_c1_rep4_env2	15132
0.997	16	0.997158339941845	43	bgs	V1_c1	4	2	bgs_V1_c1_rep4_env2	15132
0.999	26	0.999008723235527	15	bgs	V1_c1	4	2	bgs_V1_c1_rep4_env2	15132
0.995	12	0.995277371291739	71	bgs	V1_c1	4	3	bgs_V1_c1_rep4_env3	15034
0.997	15	0.997006784621525	45	bgs	V1_c1	4	3	bgs_V1_c1_rep4_env3	15034
0.999	20	0.998869229745909	17	bgs	V1_c1	4	3	bgs_V1_c1_rep4_env3	15034
0.995	12	0.995399693312888	69	bgs	V1_c1	4	4	bgs_V1_c1_rep4_env4	14999
0.997	16	0.996999799986666	45	bgs	V1_c1	4	4	bgs_V1_c1_rep4_env4	14999
0.999	24	0.999066604440296	14	bgs	V1_c1	4	4	bgs_V1_c1_rep4_env4	14999
0.995	12	0.99482782087927	76	bgs	V1_c1	4	5	bgs_V1_c1_rep4_env5	14694
0.997	15	0.996733360555329	48	bgs	V1_c1	4	5	bgs_V1_c1_rep4_env5	14694
0.999	24	0.999047230161971	14	bgs	V1_c1	4	5	bgs_V1_c1_rep4_env5	14694
0.995	11	0.994814174589455	78	bgs	V1_c1	4	6	bgs_V1_c1_rep4_env6	15041
0.997	16	0.997074662588924	44	bgs	V1_c1	4	6	bgs_V1_c1_rep4_env6	15041
0.999	25	0.999002725882588	15	bgs	V1_c1	4	6	bgs_V1_c1_rep4_env6	15041
0.995	11	0.994366197183099	84	bgs	V1_c1	4	7	bgs_V1_c1_rep4_env7	14910
0.997	15	0.997183098591549	42	bgs	V1_c1	4	7	bgs_V1_c1_rep4_env7	14910
0.999	22	0.998993963782696	15	bgs	V1_c1	4	7	bgs_V1_c1_rep4_env7	14910
0.995	12	0.995311364987123	71	bgs	V1_c1	4	8	bgs_V1_c1_rep4_env8	15143
0.997	15	0.996962292808558	46	bgs	V1_c1	4	8	bgs_V1_c1_rep4_env8	15143
0.999	22	0.998943406194281	16	bgs	V1_c1	4	8	bgs_V1_c1_rep4_env8	15143
0.995	13	0.995266583393597	72	bgs	V1_c1	4	9	bgs_V1_c1_rep4_env9	15211
0.997	17	0.996778647031753	49	bgs	V1_c1	4	9	bgs_V1_c1_rep4_env9	15211
0.999	26	0.998948129643022	16	bgs	V1_c1	4	9	bgs_V1_c1_rep4_env9	15211
0.995	12	0.994958875033165	76	bgs	V1_c1	4	10	bgs_V1_c1_rep4_env10	15076
0.997	15	0.997214115149907	42	bgs	V1_c1	4	10	bgs_V1_c1_rep4_env10	15076
0.999	20	0.998938710533298	16	bgs	V1_c1	4	10	bgs_V1_c1_rep4_env10	15076
0.995	9	0.995000324654243	77	bgs	V1_c1	5	1	bgs_V1_c1_rep5_env1	15401
0.997	11	0.996883319264983	48	bgs	V1_c1	5	1	bgs_V1_c1_rep5_env1	15401
0.999	16	0.999026037270307	15	bgs	V1_c1	5	1	bgs_V1_c1_rep5_env1	15401
0.995	10	0.99491493502417	81	bgs	V1_c1	5	2	bgs_V1_c1_rep5_env2	15929
0.997	13	0.996923849582523	49	bgs	V1_c1	5	2	bgs_V1_c1_rep5_env2	15929
0.999	27	0.999058321300772	15	bgs	V1_c1	5	2	bgs_V1_c1_rep5_env2	15929
0.995	9	0.995544324000798	67	bgs	V1_c1	5	3	bgs_V1_c1_rep5_env3	15037
0.997	11	0.997206889672142	42	bgs	V1_c1	5	3	bgs_V1_c1_rep5_env3	15037
0.999	20	0.99893595797034	16	bgs	V1_c1	5	3	bgs_V1_c1_rep5_env3	15037
0.995	9	0.995213173346949	75	bgs	V1_c1	5	4	bgs_V1_c1_rep5_env4	15668
0.997	11	0.997064079652796	46	bgs	V1_c1	5	4	bgs_V1_c1_rep5_env4	15668
0.999	32	0.99904263466939	15	bgs	V1_c1	5	4	bgs_V1_c1_rep5_env4	15668
0.995	10	0.995457126632595	72	bgs	V1_c1	5	5	bgs_V1_c1_rep5_env5	15849
0.997	12	0.996719035901319	52	bgs	V1_c1	5	5	bgs_V1_c1_rep5_env5	15849
0.999	24	0.998990472585021	16	bgs	V1_c1	5	5	bgs_V1_c1_rep5_env5	15849
0.995	9	0.994779582366589	81	bgs	V1_c1	5	6	bgs_V1_c1_rep5_env6	15516
0.997	11	0.996970868780614	47	bgs	V1_c1	5	6	bgs_V1_c1_rep5_env6	15516
0.999	23	0.998904356792988	17	bgs	V1_c1	5	6	bgs_V1_c1_rep5_env6	15516
0.995	10	0.99530367455734	74	bgs	V1_c1	5	7	bgs_V1_c1_rep5_env7	15757
0.997	12	0.996890270990671	49	bgs	V1_c1	5	7	bgs_V1_c1_rep5_env7	15757
0.999	27	0.999048042140001	15	bgs	V1_c1	5	7	bgs_V1_c1_rep5_env7	15757
0.995	10	0.995373597819887	73	bgs	V1_c1	5	8	bgs_V1_c1_rep5_env8	15779
0.997	12	0.996957982128145	48	bgs	V1_c1	5	8	bgs_V1_c1_rep5_env8	15779
0.999	21	0.999049369415045	15	bgs	V1_c1	5	8	bgs_V1_c1_rep5_env8	15779
0.995	9	0.994519849614478	86	bgs	V1_c1	5	9	bgs_V1_c1_rep5_env9	15693
0.997	12	0.997196202128337	44	bgs	V1_c1	5	9	bgs_V1_c1_rep5_env9	15693
0.999	23	0.99910788249538	14	bgs	V1_c1	5	9	bgs_V1_c1_rep5_env9	15693
0.995	9	0.995214700440247	75	bgs	V1_c1	5	10	bgs_V1_c1_rep5_env10	15673
0.997	10	0.996682192305238	52	bgs	V1_c1	5	10	bgs_V1_c1_rep5_env10	15673
0.999	19	0.99897913609392	16	bgs	V1_c1	5	10	bgs_V1_c1_rep5_env10	15673
0.995	8	0.994892421630594	80	bgs	V1_c1	6	1	bgs_V1_c1_rep6_env1	15663
0.997	9	0.996743918789504	51	bgs	V1_c1	6	1	bgs_V1_c1_rep6_env1	15663
0.999	13	0.998914639596501	17	bgs	V1_c1	6	1	bgs_V1_c1_rep6_env1	15663
0.995	7	0.993767313019391	99	bgs	V1_c1	6	2	bgs_V1_c1_rep6_env2	15884
0.997	9	0.997481742634097	40	bgs	V1_c1	6	2	bgs_V1_c1_rep6_env2	15884
0.999	12	0.998929740619491	17	bgs	V1_c1	6	2	bgs_V1_c1_rep6_env2	15884
0.995	8	0.995472306642684	73	bgs	V1_c1	6	3	bgs_V1_c1_rep6_env3	16123
0.997	9	0.996712770576196	53	bgs	V1_c1	6	3	bgs_V1_c1_rep6_env3	16123
0.999	18	0.999007628853191	16	bgs	V1_c1	6	3	bgs_V1_c1_rep6_env3	16123
0.995	8	0.996117234468938	62	bgs	V1_c1	6	4	bgs_V1_c1_rep6_env4	15968
0.997	9	0.997119238476954	46	bgs	V1_c1	6	4	bgs_V1_c1_rep6_env4	15968
0.999	13	0.998997995991984	16	bgs	V1_c1	6	4	bgs_V1_c1_rep6_env4	15968
0.995	8	0.995503483217226	71	bgs	V1_c1	6	5	bgs_V1_c1_rep6_env5	15790
0.997	9	0.996770107663078	51	bgs	V1_c1	6	5	bgs_V1_c1_rep6_env5	15790
0.999	12	0.998986700443319	16	bgs	V1_c1	6	5	bgs_V1_c1_rep6_env5	15790
0.995	8	0.995535152810967	71	bgs	V1_c1	6	6	bgs_V1_c1_rep6_env6	15902
0.997	9	0.996855741416174	50	bgs	V1_c1	6	6	bgs_V1_c1_rep6_env6	15902
0.999	14	0.998930952081499	17	bgs	V1_c1	6	6	bgs_V1_c1_rep6_env6	15902
0.995	8	0.995558891599425	71	bgs	V1_c1	6	7	bgs_V1_c1_rep6_env7	15987
0.997	9	0.996872458872834	50	bgs	V1_c1	6	7	bgs_V1_c1_rep6_env7	15987
0.999	16	0.99906173766185	15	bgs	V1_c1	6	7	bgs_V1_c1_rep6_env7	15987
0.995	8	0.995226130653266	76	bgs	V1_c1	6	8	bgs_V1_c1_rep6_env8	15920
0.997	9	0.99679648241206	51	bgs	V1_c1	6	8	bgs_V1_c1_rep6_env8	15920
0.999	13	0.99893216080402	17	bgs	V1_c1	6	8	bgs_V1_c1_rep6_env8	15920
0.995	7	0.994238275199802	93	bgs	V1_c1	6	9	bgs_V1_c1_rep6_env9	16141
0.997	9	0.997274022675175	44	bgs	V1_c1	6	9	bgs_V1_c1_rep6_env9	16141
0.999	14	0.999070689548355	15	bgs	V1_c1	6	9	bgs_V1_c1_rep6_env9	16141
0.995	8	0.994498968556604	88	bgs	V1_c1	6	10	bgs_V1_c1_rep6_env10	15997
0.997	10	0.997374507720198	42	bgs	V1_c1	6	10	bgs_V1_c1_rep6_env10	15997
0.999	16	0.998999812464837	16	bgs	V1_c1	6	10	bgs_V1_c1_rep6_env10	15997
0.995	11	0.994823877386394	77	bgs	V1_c1	7	1	bgs_V1_c1_rep7_env1	14876
0.997	15	0.996907770906158	46	bgs	V1_c1	7	1	bgs_V1_c1_rep7_env1	14876
0.999	22	0.999058886797526	14	bgs	V1_c1	7	1	bgs_V1_c1_rep7_env1	14876
0.995	11	0.994776669122079	78	bgs	V1_c1	7	2	bgs_V1_c1_rep7_env2	14933
0.997	14	0.997254403000067	41	bgs	V1_c1	7	2	bgs_V1_c1_rep7_env2	14933
0.999	20	0.998995513292707	15	bgs	V1_c1	7	2	bgs_V1_c1_rep7_env2	14933
0.995	11	0.994656639620028	81	bgs	V1_c1	7	3	bgs_V1_c1_rep7_env3	15159
0.997	13	0.996569694570882	52	bgs	V1_c1	7	3	bgs_V1_c1_rep7_env3	15159
0.999	18	0.998944521406425	16	bgs	V1_c1	7	3	bgs_V1_c1_rep7_env3	15159
0.995	13	0.995087483176312	73	bgs	V1_c1	7	4	bgs_V1_c1_rep7_env4	14860
0.997	17	0.997106325706595	43	bgs	V1_c1	7	4	bgs_V1_c1_rep7_env4	14860
0.999	24	0.998990578734859	15	bgs	V1_c1	7	4	bgs_V1_c1_rep7_env4	14860
0.995	12	0.995400509482027	65	bgs	V1_c1	7	5	bgs_V1_c1_rep7_env5	14132
0.997	14	0.997098782904047	41	bgs	V1_c1	7	5	bgs_V1_c1_rep7_env5	14132
0.999	22	0.999009340503821	14	bgs	V1_c1	7	5	bgs_V1_c1_rep7_env5	14132
0.995	12	0.995385021097046	70	bgs	V1_c1	7	6	bgs_V1_c1_rep7_env6	15168
0.997	14	0.99670358649789	50	bgs	V1_c1	7	6	bgs_V1_c1_rep7_env6	15168
0.999	21	0.998945147679325	16	bgs	V1_c1	7	6	bgs_V1_c1_rep7_env6	15168
0.995	11	0.994872145494325	75	bgs	V1_c1	7	7	bgs_V1_c1_rep7_env7	14626
0.997	13	0.997128401476822	42	bgs	V1_c1	7	7	bgs_V1_c1_rep7_env7	14626
0.999	19	0.998837686312047	17	bgs	V1_c1	7	7	bgs_V1_c1_rep7_env7	14626
0.995	12	0.995218533234561	71	bgs	V1_c1	7	8	bgs_V1_c1_rep7_env8	14849
0.997	15	0.996902148292814	46	bgs	V1_c1	7	8	bgs_V1_c1_rep7_env8	14849
0.999	20	0.998922486362718	16	bgs	V1_c1	7	8	bgs_V1_c1_rep7_env8	14849
0.995	12	0.994641661085064	80	bgs	V1_c1	7	9	bgs_V1_c1_rep7_env9	14930
0.997	15	0.996985934360348	45	bgs	V1_c1	7	9	bgs_V1_c1_rep7_env9	14930
0.999	22	0.998995311453449	15	bgs	V1_c1	7	9	bgs_V1_c1_rep7_env9	14930
0.995	12	0.994801161299035	77	bgs	V1_c1	7	10	bgs_V1_c1_rep7_env10	14811
0.997	15	0.997164269799473	42	bgs	V1_c1	7	10	bgs_V1_c1_rep7_env10	14811
0.999	22	0.998919721828371	16	bgs	V1_c1	7	10	bgs_V1_c1_rep7_env10	14811
0.995	8	0.994943429618861	80	bgs	V1_c1	8	1	bgs_V1_c1_rep8_env1	15821
0.997	9	0.996776436382024	51	bgs	V1_c1	8	1	bgs_V1_c1_rep8_env1	15821
0.999	13	0.999051893053536	15	bgs	V1_c1	8	1	bgs_V1_c1_rep8_env1	15821
0.995	8	0.996272014397737	58	bgs	V1_c1	8	2	bgs_V1_c1_rep8_env2	15558
0.997	8	0.996272014397737	58	bgs	V1_c1	8	2	bgs_V1_c1_rep8_env2	15558
0.999	11	0.998843038951022	18	bgs	V1_c1	8	2	bgs_V1_c1_rep8_env2	15558
0.995	8	0.994810455034492	82	bgs	V1_c1	8	3	bgs_V1_c1_rep8_env3	15801
0.997	10	0.997278653249794	43	bgs	V1_c1	8	3	bgs_V1_c1_rep8_env3	15801
0.999	15	0.998987405860389	16	bgs	V1_c1	8	3	bgs_V1_c1_rep8_env3	15801
0.995	8	0.994785631517961	81	bgs	V1_c1	8	4	bgs_V1_c1_rep8_env4	15534
0.997	10	0.997425003218746	40	bgs	V1_c1	8	4	bgs_V1_c1_rep8_env4	15534
0.999	15	0.998970001287498	16	bgs	V1_c1	8	4	bgs_V1_c1_rep8_env4	15534
0.995	8	0.995481736031564	71	bgs	V1_c1	8	5	bgs_V1_c1_rep8_env5	15714
0.997	9	0.997072674048619	46	bgs	V1_c1	8	5	bgs_V1_c1_rep8_env5	15714
0.999	14	0.999045437189767	15	bgs	V1_c1	8	5	bgs_V1_c1_rep8_env5	15714
0.995	9	0.995650480394703	67	bgs	V1_c1	8	6	bgs_V1_c1_rep8_env6	15404
0.997	10	0.997208517268242	43	bgs	V1_c1	8	6	bgs_V1_c1_rep8_env6	15404
0.999	15	0.99889639054791	17	bgs	V1_c1	8	6	bgs_V1_c1_rep8_env6	15404
0.995	8	0.995815103671296	66	bgs	V1_c1	8	7	bgs_V1_c1_rep8_env7	15771
0.997	9	0.996956439033669	48	bgs	V1_c1	8	7	bgs_V1_c1_rep8_env7	15771
0.999	14	0.99898547967789	16	bgs	V1_c1	8	7	bgs_V1_c1_rep8_env7	15771
0.995	8	0.994830371567044	80	bgs	V1_c1	8	8	bgs_V1_c1_rep8_env8	15475
0.997	10	0.997609046849758	37	bgs	V1_c1	8	8	bgs_V1_c1_rep8_env8	15475
0.999	14	0.998966074313409	16	bgs	V1_c1	8	8	bgs_V1_c1_rep8_env8	15475
0.995	8	0.995220426388278	76	bgs	V1_c1	8	9	bgs_V1_c1_rep8_env9	15901
0.997	10	0.997295767561789	43	bgs	V1_c1	8	9	bgs_V1_c1_rep8_env9	15901
0.999	15	0.998993773976479	16	bgs	V1_c1	8	9	bgs_V1_c1_rep8_env9	15901
0.995	8	0.994726140551531	83	bgs	V1_c1	8	10	bgs_V1_c1_rep8_env10	15738
0.997	9	0.996632354810014	53	bgs	V1_c1	8	10	bgs_V1_c1_rep8_env10	15738
0.999	14	0.999110433346041	14	bgs	V1_c1	8	10	bgs_V1_c1_rep8_env10	15738
0.995	8	0.995300328333226	73	bgs	V1_c1	9	1	bgs_V1_c1_rep9_env1	15533
0.997	9	0.99678104680358	50	bgs	V1_c1	9	1	bgs_V1_c1_rep9_env1	15533
0.999	14	0.998905555913217	17	bgs	V1_c1	9	1	bgs_V1_c1_rep9_env1	15533
0.995	8	0.994646006550768	85	bgs	V1_c1	9	2	bgs_V1_c1_rep9_env2	15876
0.997	10	0.996850592088687	50	bgs	V1_c1	9	2	bgs_V1_c1_rep9_env2	15876
0.999	15	0.99899218946838	16	bgs	V1_c1	9	2	bgs_V1_c1_rep9_env2	15876
0.995	8	0.994807359446118	81	bgs	V1_c1	9	3	bgs_V1_c1_rep9_env3	15599
0.997	10	0.997371626386307	41	bgs	V1_c1	9	3	bgs_V1_c1_rep9_env3	15599
0.999	13	0.99891018655042	17	bgs	V1_c1	9	3	bgs_V1_c1_rep9_env3	15599
0.995	8	0.994566247551652	86	bgs	V1_c1	9	4	bgs_V1_c1_rep9_env4	15827
0.997	10	0.997599039615846	38	bgs	V1_c1	9	4	bgs_V1_c1_rep9_env4	15827
0.999	16	0.998989069311935	16	bgs	V1_c1	9	4	bgs_V1_c1_rep9_env4	15827
0.995	8	0.994447314049587	86	bgs	V1_c1	9	5	bgs_V1_c1_rep9_env5	15488
0.997	10	0.997029958677686	46	bgs	V1_c1	9	5	bgs_V1_c1_rep9_env5	15488
0.999	15	0.99896694214876	16	bgs	V1_c1	9	5	bgs_V1_c1_rep9_env5	15488
0.995	8	0.994696485623003	83	bgs	V1_c1	9	6	bgs_V1_c1_rep9_env6	15650
0.997	9	0.996613418530352	53	bgs	V1_c1	9	6	bgs_V1_c1_rep9_env6	15650
0.999	13	0.998849840255591	18	bgs	V1_c1	9	6	bgs_V1_c1_rep9_env6	15650
0.995	9	0.995820668693009	66	bgs	V1_c1	9	7	bgs_V1_c1_rep9_env7	15792
0.997	10	0.996833839918946	50	bgs	V1_c1	9	7	bgs_V1_c1_rep9_env7	15792
0.999	16	0.999050151975684	15	bgs	V1_c1	9	7	bgs_V1_c1_rep9_env7	15792
0.995	8	0.994737179898594	82	bgs	V1_c1	9	8	bgs_V1_c1_rep9_env8	15581
0.997	10	0.997176047750465	44	bgs	V1_c1	9	8	bgs_V1_c1_rep9_env8	15581
0.999	15	0.99903728900584	15	bgs	V1_c1	9	8	bgs_V1_c1_rep9_env8	15581
0.995	8	0.994682871249525	84	bgs	V1_c1	9	9	bgs_V1_c1_rep9_env9	15798
0.997	10	0.997024939865806	47	bgs	V1_c1	9	9	bgs_V1_c1_rep9_env9	15798
0.999	15	0.998987213571338	16	bgs	V1_c1	9	9	bgs_V1_c1_rep9_env9	15798
0.995	8	0.995668789808917	68	bgs	V1_c1	9	10	bgs_V1_c1_rep9_env10	15700
0.997	9	0.996624203821656	53	bgs	V1_c1	9	10	bgs_V1_c1_rep9_env10	15700
0.999	12	0.998980891719745	16	bgs	V1_c1	9	10	bgs_V1_c1_rep9_env10	15700
0.995	8	0.994152046783626	91	bgs	V1_c1	10	1	bgs_V1_c1_rep10_env1	15561
0.997	10	0.997108155002892	45	bgs	V1_c1	10	1	bgs_V1_c1_rep10_env1	15561
0.999	16	0.999100314889789	14	bgs	V1_c1	10	1	bgs_V1_c1_rep10_env1	15561
0.995	8	0.994725470259278	83	bgs	V1_c1	10	2	bgs_V1_c1_rep10_env2	15736
0.997	10	0.997013218098627	47	bgs	V1_c1	10	2	bgs_V1_c1_rep10_env2	15736
0.999	14	0.999046771733605	15	bgs	V1_c1	10	2	bgs_V1_c1_rep10_env2	15736
0.995	8	0.994559372429936	86	bgs	V1_c1	10	3	bgs_V1_c1_rep10_env3	15807
0.997	10	0.997089896881129	46	bgs	V1_c1	10	3	bgs_V1_c1_rep10_env3	15807
0.999	15	0.999114316442083	14	bgs	V1_c1	10	3	bgs_V1_c1_rep10_env3	15807
0.995	8	0.994364393211655	88	bgs	V1_c1	10	4	bgs_V1_c1_rep10_env4	15615
0.997	10	0.99731027857829	42	bgs	V1_c1	10	4	bgs_V1_c1_rep10_env4	15615
0.999	14	0.999039385206532	15	bgs	V1_c1	10	4	bgs_V1_c1_rep10_env4	15615
0.995	8	0.995358891220039	73	bgs	V1_c1	10	5	bgs_V1_c1_rep10_env5	15729
0.997	9	0.99682115836989	50	bgs	V1_c1	10	5	bgs_V1_c1_rep10_env5	15729
0.999	14	0.999046347510967	15	bgs	V1_c1	10	5	bgs_V1_c1_rep10_env5	15729
0.995	8	0.995444767809692	72	bgs	V1_c1	10	6	bgs_V1_c1_rep10_env6	15806
0.997	9	0.996963178539795	48	bgs	V1_c1	10	6	bgs_V1_c1_rep10_env6	15806
0.999	13	0.998987726179932	16	bgs	V1_c1	10	6	bgs_V1_c1_rep10_env6	15806
0.995	8	0.995706504325537	67	bgs	V1_c1	10	7	bgs_V1_c1_rep10_env7	15605
0.997	9	0.997244472925344	43	bgs	V1_c1	10	7	bgs_V1_c1_rep10_env7	15605
0.999	13	0.999102851650112	14	bgs	V1_c1	10	7	bgs_V1_c1_rep10_env7	15605
0.995	8	0.994742649445057	81	bgs	V1_c1	10	8	bgs_V1_c1_rep10_env8	15407
0.997	9	0.996624910754852	52	bgs	V1_c1	10	8	bgs_V1_c1_rep10_env8	15407
0.999	12	0.998961511001493	16	bgs	V1_c1	10	8	bgs_V1_c1_rep10_env8	15407
0.995	8	0.995167546258028	76	bgs	V1_c1	10	9	bgs_V1_c1_rep10_env9	15727
0.997	10	0.997329433458384	42	bgs	V1_c1	10	9	bgs_V1_c1_rep10_env9	15727
0.999	14	0.998919056399822	17	bgs	V1_c1	10	9	bgs_V1_c1_rep10_env9	15727
0.995	8	0.994536907635624	86	bgs	V1_c1	10	10	bgs_V1_c1_rep10_env10	15742
0.997	10	0.997204929487994	44	bgs	V1_c1	10	10	bgs_V1_c1_rep10_env10	15742
0.999	16	0.999047135052725	15	bgs	V1_c1	10	10	bgs_V1_c1_rep10_env10	15742
0.995	8	0.994541484716157	85	bgs	V2_c1	1	1	bgs_V2_c1_rep1_env1	15572
0.997	10	0.997367069098382	41	bgs	V2_c1	1	1	bgs_V2_c1_rep1_env1	15572
0.999	16	0.999036732596969	15	bgs	V2_c1	1	1	bgs_V2_c1_rep1_env1	15572
0.995	9	0.995010554596047	78	bgs	V2_c1	1	2	bgs_V2_c1_rep1_env2	15633
0.997	11	0.996929572059106	48	bgs	V2_c1	1	2	bgs_V2_c1_rep1_env2	15633
0.999	16	0.998976524019702	16	bgs	V2_c1	1	2	bgs_V2_c1_rep1_env2	15633
0.995	9	0.995070155479712	78	bgs	V2_c1	1	3	bgs_V2_c1_rep1_env3	15822
0.997	11	0.996966249525977	48	bgs	V2_c1	1	3	bgs_V2_c1_rep1_env3	15822
0.999	16	0.998988749841992	16	bgs	V2_c1	1	3	bgs_V2_c1_rep1_env3	15822
0.995	9	0.995474544311754	72	bgs	V2_c1	1	4	bgs_V2_c1_rep1_env4	15910
0.997	10	0.996731615336267	52	bgs	V2_c1	1	4	bgs_V2_c1_rep1_env4	15910
0.999	18	0.998931489629164	17	bgs	V2_c1	1	4	bgs_V2_c1_rep1_env4	15910
0.995	9	0.995298303577101	74	bgs	V2_c1	1	5	bgs_V2_c1_rep1_env5	15739
0.997	11	0.997267933159667	43	bgs	V2_c1	1	5	bgs_V2_c1_rep1_env5	15739
0.999	15	0.998983416989643	16	bgs	V2_c1	1	5	bgs_V2_c1_rep1_env5	15739
0.995	8	0.994161052293872	91	bgs	V2_c1	1	6	bgs_V2_c1_rep1_env6	15585
0.997	10	0.996855951235162	49	bgs	V2_c1	1	6	bgs_V2_c1_rep1_env6	15585
0.999	15	0.999037536092396	15	bgs	V2_c1	1	6	bgs_V2_c1_rep1_env6	15585
0.995	9	0.994983600231526	78	bgs	V2_c1	1	7	bgs_V2_c1_rep1_env7	15549
0.997	11	0.997298861663129	42	bgs	V2_c1	1	7	bgs_V2_c1_rep1_env7	15549
0.999	15	0.999035307736832	15	bgs	V2_c1	1	7	bgs_V2_c1_rep1_env7	15549
0.995	9	0.99570925392251	67	bgs	V2_c1	1	8	bgs_V2_c1_rep1_env8	15615
0.997	10	0.996797950688441	50	bgs	V2_c1	1	8	bgs_V2_c1_rep1_env8	15615
0.999	16	0.999103426192763	14	bgs	V2_c1	1	8	bgs_V2_c1_rep1_env8	15615
0.995	9	0.995552690944247	69	bgs	V2_c1	1	9	bgs_V2_c1_rep1_env9	15515
0.997	10	0.996583951015147	53	bgs	V2_c1	1	9	bgs_V2_c1_rep1_env9	15515
0.999	15	0.998968739929101	16	bgs	V2_c1	1	9	bgs_V2_c1_rep1_env9	15515
0.995	9	0.994981896716001	79	bgs	V2_c1	1	10	bgs_V2_c1_rep1_env10	15743
0.997	10	0.996506383789621	55	bgs	V2_c1	1	10	bgs_V2_c1_rep1_env10	15743
0.999	16	0.998920154989519	17	bgs	V2_c1	1	10	bgs_V2_c1_rep1_env10	15743
0.995	11	0.994561698821702	84	bgs	V2_c1	2	1	bgs_V2_c1_rep2_env1	15446
0.997	14	0.997216107730157	43	bgs	V2_c1	2	1	bgs_V2_c1_rep2_env1	15446
0.999	21	0.999158358150978	13	bgs	V2_c1	2	1	bgs_V2_c1_rep2_env1	15446
0.995	11	0.995526162225248	69	bgs	V2_c1	2	2	bgs_V2_c1_rep2_env2	15423
0.997	13	0.997276794397977	42	bgs	V2_c1	2	2	bgs_V2_c1_rep2_env2	15423
0.999	20	0.999027426570706	15	bgs	V2_c1	2	2	bgs_V2_c1_rep2_env2	15423
0.995	11	0.994686299615877	83	bgs	V2_c1	2	3	bgs_V2_c1_rep2_env3	15620
0.997	14	0.996798975672215	50	bgs	V2_c1	2	3	bgs_V2_c1_rep2_env3	15620
0.999	19	0.998911651728553	17	bgs	V2_c1	2	3	bgs_V2_c1_rep2_env3	15620
0.995	12	0.995631504561223	68	bgs	V2_c1	2	4	bgs_V2_c1_rep2_env4	15566
0.997	14	0.996980598740845	47	bgs	V2_c1	2	4	bgs_V2_c1_rep2_env4	15566
0.999	23	0.998972118720288	16	bgs	V2_c1	2	4	bgs_V2_c1_rep2_env4	15566
0.995	11	0.99522063637554	73	bgs	V2_c1	2	5	bgs_V2_c1_rep2_env5	15274
0.997	14	0.997119287678408	44	bgs	V2_c1	2	5	bgs_V2_c1_rep2_env5	15274
0.999	20	0.998952468246694	16	bgs	V2_c1	2	5	bgs_V2_c1_rep2_env5	15274
0.995	11	0.995207564276925	74	bgs	V2_c1	2	6	bgs_V2_c1_rep2_env6	15441
0.997	14	0.997344731558837	41	bgs	V2_c1	2	6	bgs_V2_c1_rep2_env6	15441
0.999	19	0.998963797681497	16	bgs	V2_c1	2	6	bgs_V2_c1_rep2_env6	15441
0.995	10	0.994777045113273	80	bgs	V2_c1	2	7	bgs_V2_c1_rep2_env7	15317
0.997	12	0.99680094013188	49	bgs	V2_c1	2	7	bgs_V2_c1_rep2_env7	15317
0.999	18	0.999020695958739	15	bgs	V2_c1	2	7	bgs_V2_c1_rep2_env7	15317
0.995	12	0.995279053223825	73	bgs	V2_c1	2	8	bgs_V2_c1_rep2_env8	15463
0.997	15	0.997154497833538	44	bgs	V2_c1	2	8	bgs_V2_c1_rep2_env8	15463
0.999	21	0.998965271939468	16	bgs	V2_c1	2	8	bgs_V2_c1_rep2_env8	15463
0.995	11	0.995597029637905	67	bgs	V2_c1	2	9	bgs_V2_c1_rep2_env9	15217
0.997	13	0.997174213051193	43	bgs	V2_c1	2	9	bgs_V2_c1_rep2_env9	15217
0.999	18	0.999079976342249	14	bgs	V2_c1	2	9	bgs_V2_c1_rep2_env9	15217
0.995	11	0.994981751824817	77	bgs	V2_c1	2	10	bgs_V2_c1_rep2_env10	15344
0.997	13	0.996741397288843	50	bgs	V2_c1	2	10	bgs_V2_c1_rep2_env10	15344
0.999	19	0.99895724713243	16	bgs	V2_c1	2	10	bgs_V2_c1_rep2_env10	15344
0.995	8	0.99554282075772	70	bgs	V2_c1	3	1	bgs_V2_c1_rep3_env1	15705
0.997	9	0.997198344476281	44	bgs	V2_c1	3	1	bgs_V2_c1_rep3_env1	15705
0.999	13	0.998981216173193	16	bgs	V2_c1	3	1	bgs_V2_c1_rep3_env1	15705
0.995	8	0.994999679466632	78	bgs	V2_c1	3	2	bgs_V2_c1_rep3_env2	15599
0.997	9	0.99660234630425	53	bgs	V2_c1	3	2	bgs_V2_c1_rep3_env2	15599
0.999	13	0.999038399897429	15	bgs	V2_c1	3	2	bgs_V2_c1_rep3_env2	15599
0.995	8	0.996066799922626	61	bgs	V2_c1	3	3	bgs_V2_c1_rep3_env3	15509
0.997	9	0.997162937649107	44	bgs	V2_c1	3	3	bgs_V2_c1_rep3_env3	15509
0.999	11	0.998903862273519	17	bgs	V2_c1	3	3	bgs_V2_c1_rep3_env3	15509
0.995	8	0.994833669354839	82	bgs	V2_c1	3	4	bgs_V2_c1_rep3_env4	15872
0.997	9	0.997038810483871	47	bgs	V2_c1	3	4	bgs_V2_c1_rep3_env4	15872
0.999	13	0.998991935483871	16	bgs	V2_c1	3	4	bgs_V2_c1_rep3_env4	15872
0.995	8	0.995785978802197	66	bgs	V2_c1	3	5	bgs_V2_c1_rep3_env5	15662
0.997	9	0.997509896564934	39	bgs	V2_c1	3	5	bgs_V2_c1_rep3_env5	15662
0.999	13	0.99904226790959	15	bgs	V2_c1	3	5	bgs_V2_c1_rep3_env5	15662
0.995	8	0.995327102803738	73	bgs	V2_c1	3	6	bgs_V2_c1_rep3_env6	15622
0.997	9	0.996479324030214	55	bgs	V2_c1	3	6	bgs_V2_c1_rep3_env6	15622
0.999	14	0.999039815644604	15	bgs	V2_c1	3	6	bgs_V2_c1_rep3_env6	15622
0.995	8	0.995682813789601	68	bgs	V2_c1	3	7	bgs_V2_c1_rep3_env7	15751
0.997	9	0.996889086407212	49	bgs	V2_c1	3	7	bgs_V2_c1_rep3_env7	15751
0.999	12	0.998984191479906	16	bgs	V2_c1	3	7	bgs_V2_c1_rep3_env7	15751
0.995	8	0.995201717280131	76	bgs	V2_c1	3	8	bgs_V2_c1_rep3_env8	15839
0.997	9	0.997285182145338	43	bgs	V2_c1	3	8	bgs_V2_c1_rep3_env8	15839
0.999	13	0.998926699917924	17	bgs	V2_c1	3	8	bgs_V2_c1_rep3_env8	15839
0.995	7	0.993837386521768	93	bgs	V2_c1	3	9	bgs_V2_c1_rep3_env9	15091
0.997	8	0.996487972964018	53	bgs	V2_c1	3	9	bgs_V2_c1_rep3_env9	15091
0.999	11	0.999006030084156	15	bgs	V2_c1	3	9	bgs_V2_c1_rep3_env9	15091
0.995	7	0.994402391705362	88	bgs	V2_c1	3	10	bgs_V2_c1_rep3_env10	15721
0.997	8	0.997010368297182	47	bgs	V2_c1	3	10	bgs_V2_c1_rep3_env10	15721
0.999	11	0.999109471407671	14	bgs	V2_c1	3	10	bgs_V2_c1_rep3_env10	15721
0.995	12	0.995590944985523	67	bgs	V2_c1	4	1	bgs_V2_c1_rep4_env1	15196
0.997	15	0.997170307975783	43	bgs	V2_c1	4	1	bgs_V2_c1_rep4_env1	15196
0.999	25	0.999012898131087	15	bgs	V2_c1	4	1	bgs_V2_c1_rep4_env1	15196
0.995	13	0.995305164319249	71	bgs	V2_c1	4	2	bgs_V2_c1_rep4_env2	15123
0.997	17	0.997222773259274	42	bgs	V2_c1	4	2	bgs_V2_c1_rep4_env2	15123
0.999	27	0.999008133306883	15	bgs	V2_c1	4	2	bgs_V2_c1_rep4_env2	15123
0.995	13	0.995317240469595	71	bgs	V2_c1	4	3	bgs_V2_c1_rep4_env3	15162
0.997	17	0.996768236380425	49	bgs	V2_c1	4	3	bgs_V2_c1_rep4_env3	15162
0.999	26	0.999076638965836	14	bgs	V2_c1	4	3	bgs_V2_c1_rep4_env3	15162
0.995	12	0.995068639210982	74	bgs	V2_c1	4	4	bgs_V2_c1_rep4_env4	15006
0.997	16	0.997201119552179	42	bgs	V2_c1	4	4	bgs_V2_c1_rep4_env4	15006
0.999	25	0.999000399840064	15	bgs	V2_c1	4	4	bgs_V2_c1_rep4_env4	15006
0.995	13	0.995214997378081	73	bgs	V2_c1	4	5	bgs_V2_c1_rep4_env5	15256
0.997	17	0.996853696906135	48	bgs	V2_c1	4	5	bgs_V2_c1_rep4_env5	15256
0.999	31	0.999016780283167	15	bgs	V2_c1	4	5	bgs_V2_c1_rep4_env5	15256
0.995	12	0.99501213265031	74	bgs	V2_c1	4	6	bgs_V2_c1_rep4_env6	14836
0.997	15	0.996764626583985	48	bgs	V2_c1	4	6	bgs_V2_c1_rep4_env6	14836
0.999	29	0.998988945807495	15	bgs	V2_c1	4	6	bgs_V2_c1_rep4_env6	14836
0.995	12	0.99470514263022	80	bgs	V2_c1	4	7	bgs_V2_c1_rep4_env7	15109
0.997	17	0.996823085578132	48	bgs	V2_c1	4	7	bgs_V2_c1_rep4_env7	15109
0.999	23	0.999007214243166	15	bgs	V2_c1	4	7	bgs_V2_c1_rep4_env7	15109
0.995	13	0.995104285426866	73	bgs	V2_c1	4	8	bgs_V2_c1_rep4_env8	14911
0.997	17	0.997116222922675	43	bgs	V2_c1	4	8	bgs_V2_c1_rep4_env8	14911
0.999	27	0.998994031252096	15	bgs	V2_c1	4	8	bgs_V2_c1_rep4_env8	14911
0.995	13	0.995154125723516	72	bgs	V2_c1	4	9	bgs_V2_c1_rep4_env9	14858
0.997	17	0.997038632386593	44	bgs	V2_c1	4	9	bgs_V2_c1_rep4_env9	14858
0.999	27	0.998990442859066	15	bgs	V2_c1	4	9	bgs_V2_c1_rep4_env9	14858
0.995	12	0.994891443167305	76	bgs	V2_c1	4	10	bgs_V2_c1_rep4_env10	14877
0.997	14	0.996907978759159	46	bgs	V2_c1	4	10	bgs_V2_c1_rep4_env10	14877
0.999	23	0.998991732204073	15	bgs	V2_c1	4	10	bgs_V2_c1_rep4_env10	14877
0.995	9	0.994289702430049	90	bgs	V2_c1	5	1	bgs_V2_c1_rep5_env1	15761
0.997	12	0.997081403464247	46	bgs	V2_c1	5	1	bgs_V2_c1_rep5_env1	15761
0.999	24	0.998984835987564	16	bgs	V2_c1	5	1	bgs_V2_c1_rep5_env1	15761
0.995	9	0.994394190342719	88	bgs	V2_c1	5	2	bgs_V2_c1_rep5_env2	15698
0.997	12	0.997260797553828	43	bgs	V2_c1	5	2	bgs_V2_c1_rep5_env2	15698
0.999	23	0.998917059498025	17	bgs	V2_c1	5	2	bgs_V2_c1_rep5_env2	15698
0.995	9	0.995754686173339	65	bgs	V2_c1	5	3	bgs_V2_c1_rep5_env3	15311
0.997	11	0.996995624061132	46	bgs	V2_c1	5	3	bgs_V2_c1_rep5_env3	15311
0.999	21	0.999020312193848	15	bgs	V2_c1	5	3	bgs_V2_c1_rep5_env3	15311
0.995	9	0.994548286604361	84	bgs	V2_c1	5	4	bgs_V2_c1_rep5_env4	15408
0.997	12	0.996819833852544	49	bgs	V2_c1	5	4	bgs_V2_c1_rep5_env4	15408
0.999	22	0.999026479750779	15	bgs	V2_c1	5	4	bgs_V2_c1_rep5_env4	15408
0.995	9	0.994825519025683	82	bgs	V2_c1	5	5	bgs_V2_c1_rep5_env5	15847
0.997	12	0.996781725247681	51	bgs	V2_c1	5	5	bgs_V2_c1_rep5_env5	15847
0.999	22	0.998990345175743	16	bgs	V2_c1	5	5	bgs_V2_c1_rep5_env5	15847
0.995	9	0.994672903267719	82	bgs	V2_c1	5	6	bgs_V2_c1_rep5_env6	15393
0.997	11	0.996946664068083	47	bgs	V2_c1	5	6	bgs_V2_c1_rep5_env6	15393
0.999	22	0.999025531085558	15	bgs	V2_c1	5	6	bgs_V2_c1_rep5_env6	15393
0.995	9	0.995254889387624	74	bgs	V2_c1	5	7	bgs_V2_c1_rep5_env7	15595
0.997	11	0.996986213529978	47	bgs	V2_c1	5	7	bgs_V2_c1_rep5_env7	15595
0.999	20	0.998974030137865	16	bgs	V2_c1	5	7	bgs_V2_c1_rep5_env7	15595
0.995	9	0.994925814117798	79	bgs	V2_c1	5	8	bgs_V2_c1_rep5_env8	15569
0.997	12	0.997302331556298	42	bgs	V2_c1	5	8	bgs_V2_c1_rep5_env8	15569
0.999	18	0.998908086582311	17	bgs	V2_c1	5	8	bgs_V2_c1_rep5_env8	15569
0.995	9	0.994933624062079	79	bgs	V2_c1	5	9	bgs_V2_c1_rep5_env9	15593
0.997	12	0.996921695632656	48	bgs	V2_c1	5	9	bgs_V2_c1_rep5_env9	15593
0.999	25	0.998973898544219	16	bgs	V2_c1	5	9	bgs_V2_c1_rep5_env9	15593
0.995	9	0.99545250752578	71	bgs	V2_c1	5	10	bgs_V2_c1_rep5_env10	15613
0.997	12	0.997181835649779	44	bgs	V2_c1	5	10	bgs_V2_c1_rep5_env10	15613
0.999	22	0.998911163773778	17	bgs	V2_c1	5	10	bgs_V2_c1_rep5_env10	15613
0.995	8	0.995402154059331	73	bgs	V2_c1	6	1	bgs_V2_c1_rep6_env1	15877
0.997	9	0.996913774642565	49	bgs	V2_c1	6	1	bgs_V2_c1_rep6_env1	15877
0.999	13	0.998992252944511	16	bgs	V2_c1	6	1	bgs_V2_c1_rep6_env1	15877
0.995	8	0.994589552238806	87	bgs	V2_c1	6	2	bgs_V2_c1_rep6_env2	16080
0.997	10	0.997574626865672	39	bgs	V2_c1	6	2	bgs_V2_c1_rep6_env2	16080
0.999	14	0.998880597014925	18	bgs	V2_c1	6	2	bgs_V2_c1_rep6_env2	16080
0.995	8	0.995185607500317	76	bgs	V2_c1	6	3	bgs_V2_c1_rep6_env3	15786
0.997	9	0.996769289243634	51	bgs	V2_c1	6	3	bgs_V2_c1_rep6_env3	15786
0.999	12	0.998923096414545	17	bgs	V2_c1	6	3	bgs_V2_c1_rep6_env3	15786
0.995	8	0.995291422753881	74	bgs	V2_c1	6	4	bgs_V2_c1_rep6_env4	15716
0.997	9	0.996564011198778	54	bgs	V2_c1	6	4	bgs_V2_c1_rep6_env4	15716
0.999	14	0.998918299821838	17	bgs	V2_c1	6	4	bgs_V2_c1_rep6_env4	15716
0.995	8	0.994703323034239	84	bgs	V2_c1	6	5	bgs_V2_c1_rep6_env5	15859
0.997	10	0.9970363831263	47	bgs	V2_c1	6	5	bgs_V2_c1_rep6_env5	15859
0.999	16	0.998991109149379	16	bgs	V2_c1	6	5	bgs_V2_c1_rep6_env5	15859
0.995	8	0.995183776932826	76	bgs	V2_c1	6	6	bgs_V2_c1_rep6_env6	15780
0.997	10	0.997211660329531	44	bgs	V2_c1	6	6	bgs_V2_c1_rep6_env6	15780
0.999	13	0.999049429657795	15	bgs	V2_c1	6	6	bgs_V2_c1_rep6_env6	15780
0.995	8	0.995933409581904	64	bgs	V2_c1	6	7	bgs_V2_c1_rep6_env7	15738
0.997	9	0.997204219087559	44	bgs	V2_c1	6	7	bgs_V2_c1_rep6_env7	15738
0.999	14	0.999046892870759	15	bgs	V2_c1	6	7	bgs_V2_c1_rep6_env7	15738
0.995	8	0.995289536490391	75	bgs	V2_c1	6	8	bgs_V2_c1_rep6_env8	15922
0.997	9	0.996671272453209	53	bgs	V2_c1	6	8	bgs_V2_c1_rep6_env8	15922
0.999	13	0.99899510111795	16	bgs	V2_c1	6	8	bgs_V2_c1_rep6_env8	15922
0.995	8	0.995731056563501	68	bgs	V2_c1	6	9	bgs_V2_c1_rep6_env9	15929
0.997	9	0.997174963902317	45	bgs	V2_c1	6	9	bgs_V2_c1_rep6_env9	15929
0.999	13	0.999121099880721	14	bgs	V2_c1	6	9	bgs_V2_c1_rep6_env9	15929
0.995	8	0.995787488211254	67	bgs	V2_c1	6	10	bgs_V2_c1_rep6_env10	15905
0.997	9	0.996856334486011	50	bgs	V2_c1	6	10	bgs_V2_c1_rep6_env10	15905
0.999	16	0.998994027035523	16	bgs	V2_c1	6	10	bgs_V2_c1_rep6_env10	15905
0.995	11	0.995178595681108	71	bgs	V2_c1	7	1	bgs_V2_c1_rep7_env1	14726
0.997	13	0.996740459052017	48	bgs	V2_c1	7	1	bgs_V2_c1_rep7_env1	14726
0.999	20	0.998913486350672	16	bgs	V2_c1	7	1	bgs_V2_c1_rep7_env1	14726
0.995	11	0.994621825856083	79	bgs	V2_c1	7	2	bgs_V2_c1_rep7_env2	14689
0.997	14	0.99714071754374	42	bgs	V2_c1	7	2	bgs_V2_c1_rep7_env2	14689
0.999	20	0.998978827694193	15	bgs	V2_c1	7	2	bgs_V2_c1_rep7_env2	14689
0.995	11	0.994724582077281	77	bgs	V2_c1	7	3	bgs_V2_c1_rep7_env3	14596
0.997	14	0.997191011235955	41	bgs	V2_c1	7	3	bgs_V2_c1_rep7_env3	14596
0.999	20	0.99904083310496	14	bgs	V2_c1	7	3	bgs_V2_c1_rep7_env3	14596
0.995	11	0.995251983992403	70	bgs	V2_c1	7	4	bgs_V2_c1_rep7_env4	14743
0.997	13	0.996947703995116	45	bgs	V2_c1	7	4	bgs_V2_c1_rep7_env4	14743
0.999	22	0.998982567998372	15	bgs	V2_c1	7	4	bgs_V2_c1_rep7_env4	14743
0.995	11	0.994597921225383	79	bgs	V2_c1	7	5	bgs_V2_c1_rep7_env5	14624
0.997	13	0.996786105032823	47	bgs	V2_c1	7	5	bgs_V2_c1_rep7_env5	14624
0.999	21	0.998837527352298	17	bgs	V2_c1	7	5	bgs_V2_c1_rep7_env5	14624
0.995	10	0.994421103381775	81	bgs	V2_c1	7	6	bgs_V2_c1_rep7_env6	14519
0.997	13	0.99710723879055	42	bgs	V2_c1	7	6	bgs_V2_c1_rep7_env6	14519
0.999	20	0.999035746263517	14	bgs	V2_c1	7	6	bgs_V2_c1_rep7_env6	14519
0.995	11	0.994886828470139	75	bgs	V2_c1	7	7	bgs_V2_c1_rep7_env7	14668
0.997	14	0.996932097082084	45	bgs	V2_c1	7	7	bgs_V2_c1_rep7_env7	14668
0.999	23	0.999045541314426	14	bgs	V2_c1	7	7	bgs_V2_c1_rep7_env7	14668
0.995	11	0.995017301038062	72	bgs	V2_c1	7	8	bgs_V2_c1_rep7_env8	14450
0.997	14	0.996885813148789	45	bgs	V2_c1	7	8	bgs_V2_c1_rep7_env8	14450
0.999	20	0.99916955017301	12	bgs	V2_c1	7	8	bgs_V2_c1_rep7_env8	14450
0.995	11	0.994565965057092	79	bgs	V2_c1	7	9	bgs_V2_c1_rep7_env9	14538
0.997	14	0.996973448892557	44	bgs	V2_c1	7	9	bgs_V2_c1_rep7_env9	14538
0.999	24	0.998968221213372	15	bgs	V2_c1	7	9	bgs_V2_c1_rep7_env9	14538
0.995	12	0.995390417656097	66	bgs	V2_c1	7	10	bgs_V2_c1_rep7_env10	14318
0.997	14	0.997066629417516	42	bgs	V2_c1	7	10	bgs_V2_c1_rep7_env10	14318
0.999	20	0.998952367649113	15	bgs	V2_c1	7	10	bgs_V2_c1_rep7_env10	14318
0.995	8	0.995060956548922	79	bgs	V2_c1	8	1	bgs_V2_c1_rep8_env1	15995
0.997	9	0.996748984057518	52	bgs	V2_c1	8	1	bgs_V2_c1_rep8_env1	15995
0.999	13	0.998874648327602	18	bgs	V2_c1	8	1	bgs_V2_c1_rep8_env1	15995
0.995	8	0.995763783510369	67	bgs	V2_c1	8	2	bgs_V2_c1_rep8_env2	15816
0.997	9	0.997407688416793	41	bgs	V2_c1	8	2	bgs_V2_c1_rep8_env2	15816
0.999	13	0.999051593323217	15	bgs	V2_c1	8	2	bgs_V2_c1_rep8_env2	15816
0.995	9	0.995687796463993	70	bgs	V2_c1	8	3	bgs_V2_c1_rep8_env3	16233
0.997	10	0.997043060432452	48	bgs	V2_c1	8	3	bgs_V2_c1_rep8_env3	16233
0.999	16	0.999075956385141	15	bgs	V2_c1	8	3	bgs_V2_c1_rep8_env3	16233
0.995	8	0.995853750471165	66	bgs	V2_c1	8	4	bgs_V2_c1_rep8_env4	15918
0.997	9	0.996921723834653	49	bgs	V2_c1	8	4	bgs_V2_c1_rep8_env4	15918
0.999	12	0.998869204673954	18	bgs	V2_c1	8	4	bgs_V2_c1_rep8_env4	15918
0.995	8	0.99575411913815	67	bgs	V2_c1	8	5	bgs_V2_c1_rep8_env5	15780
0.997	9	0.997148288973384	45	bgs	V2_c1	8	5	bgs_V2_c1_rep8_env5	15780
0.999	13	0.998922686945501	17	bgs	V2_c1	8	5	bgs_V2_c1_rep8_env5	15780
0.995	8	0.995659285354806	69	bgs	V2_c1	8	6	bgs_V2_c1_rep8_env6	15896
0.997	9	0.997357825868143	42	bgs	V2_c1	8	6	bgs_V2_c1_rep8_env6	15896
0.999	12	0.998930548565677	17	bgs	V2_c1	8	6	bgs_V2_c1_rep8_env6	15896
0.995	8	0.995009790916556	79	bgs	V2_c1	8	7	bgs_V2_c1_rep8_env7	15831
0.997	10	0.997346977449308	42	bgs	V2_c1	8	7	bgs_V2_c1_rep8_env7	15831
0.999	14	0.999052491946182	15	bgs	V2_c1	8	7	bgs_V2_c1_rep8_env7	15831
0.995	8	0.99435736677116	90	bgs	V2_c1	8	8	bgs_V2_c1_rep8_env8	15950
0.997	9	0.996363636363636	58	bgs	V2_c1	8	8	bgs_V2_c1_rep8_env8	15950
0.999	12	0.998934169278997	17	bgs	V2_c1	8	8	bgs_V2_c1_rep8_env8	15950
0.995	8	0.995358464529888	74	bgs	V2_c1	8	9	bgs_V2_c1_rep8_env9	15943
0.997	9	0.996989274289657	48	bgs	V2_c1	8	9	bgs_V2_c1_rep8_env9	15943
0.999	12	0.999059148215518	15	bgs	V2_c1	8	9	bgs_V2_c1_rep8_env9	15943
0.995	8	0.995554991109982	70	bgs	V2_c1	8	10	bgs_V2_c1_rep8_env10	15748
0.997	9	0.996888493776988	49	bgs	V2_c1	8	10	bgs_V2_c1_rep8_env10	15748
0.999	12	0.998920497840996	17	bgs	V2_c1	8	10	bgs_V2_c1_rep8_env10	15748
0.995	8	0.994422967234932	88	bgs	V2_c1	9	1	bgs_V2_c1_rep9_env1	15779
0.997	10	0.997528360479118	39	bgs	V2_c1	9	1	bgs_V2_c1_rep9_env1	15779
0.999	12	0.998922618670385	17	bgs	V2_c1	9	1	bgs_V2_c1_rep9_env1	15779
0.995	8	0.994925467808436	80	bgs	V2_c1	9	2	bgs_V2_c1_rep9_env2	15765
0.997	9	0.996574690770695	54	bgs	V2_c1	9	2	bgs_V2_c1_rep9_env2	15765
0.999	13	0.998921661909293	17	bgs	V2_c1	9	2	bgs_V2_c1_rep9_env2	15765
0.995	8	0.995944380069525	63	bgs	V2_c1	9	3	bgs_V2_c1_rep9_env3	15534
0.997	9	0.997489378138277	39	bgs	V2_c1	9	3	bgs_V2_c1_rep9_env3	15534
0.999	12	0.998905626367967	17	bgs	V2_c1	9	3	bgs_V2_c1_rep9_env3	15534
0.995	8	0.994676131322094	84	bgs	V2_c1	9	4	bgs_V2_c1_rep9_env4	15778
0.997	10	0.997084548104956	46	bgs	V2_c1	9	4	bgs_V2_c1_rep9_env4	15778
0.999	15	0.999112688553682	14	bgs	V2_c1	9	4	bgs_V2_c1_rep9_env4	15778
0.995	8	0.995853798558398	65	bgs	V2_c1	9	5	bgs_V2_c1_rep9_env5	15677
0.997	9	0.997001977419149	47	bgs	V2_c1	9	5	bgs_V2_c1_rep9_env5	15677
0.999	13	0.99917075971168	13	bgs	V2_c1	9	5	bgs_V2_c1_rep9_env5	15677
0.995	8	0.994878603945372	81	bgs	V2_c1	9	6	bgs_V2_c1_rep9_env6	15816
0.997	10	0.996901871522509	49	bgs	V2_c1	9	6	bgs_V2_c1_rep9_env6	15816
0.999	13	0.998925139099646	17	bgs	V2_c1	9	6	bgs_V2_c1_rep9_env6	15816
0.995	8	0.995218361491871	75	bgs	V2_c1	9	7	bgs_V2_c1_rep9_env7	15685
0.997	9	0.996939751354798	48	bgs	V2_c1	9	7	bgs_V2_c1_rep9_env7	15685
0.999	13	0.999043672298374	15	bgs	V2_c1	9	7	bgs_V2_c1_rep9_env7	15685
0.995	8	0.994775406180312	82	bgs	V2_c1	9	8	bgs_V2_c1_rep9_env8	15695
0.997	10	0.997069130296273	46	bgs	V2_c1	9	8	bgs_V2_c1_rep9_env8	15695
0.999	16	0.998980567059573	16	bgs	V2_c1	9	8	bgs_V2_c1_rep9_env8	15695
0.995	8	0.994973275642657	79	bgs	V2_c1	9	9	bgs_V2_c1_rep9_env9	15716
0.997	10	0.996945787732247	48	bgs	V2_c1	9	9	bgs_V2_c1_rep9_env9	15716
0.999	14	0.999045558666327	15	bgs	V2_c1	9	9	bgs_V2_c1_rep9_env9	15716
0.995	9	0.995828593098218	66	bgs	V2_c1	9	10	bgs_V2_c1_rep9_env10	15822
0.997	10	0.997219062065479	44	bgs	V2_c1	9	10	bgs_V2_c1_rep9_env10	15822
0.999	14	0.998988749841992	16	bgs	V2_c1	9	10	bgs_V2_c1_rep9_env10	15822
0.995	9	0.995810853697239	66	bgs	V2_c1	10	1	bgs_V2_c1_rep10_env1	15755
0.997	10	0.997207235798159	44	bgs	V2_c1	10	1	bgs_V2_c1_rep10_env1	15755
0.999	14	0.999047921294827	15	bgs	V2_c1	10	1	bgs_V2_c1_rep10_env1	15755
0.995	9	0.995179019091084	75	bgs	V2_c1	10	2	bgs_V2_c1_rep10_env2	15557
0.997	10	0.996657453236485	52	bgs	V2_c1	10	2	bgs_V2_c1_rep10_env2	15557
0.999	15	0.999035803818217	15	bgs	V2_c1	10	2	bgs_V2_c1_rep10_env2	15557
0.995	9	0.995544119492908	71	bgs	V2_c1	10	3	bgs_V2_c1_rep10_env3	15934
0.997	10	0.996673779339777	53	bgs	V2_c1	10	3	bgs_V2_c1_rep10_env3	15934
0.999	15	0.999058616794276	15	bgs	V2_c1	10	3	bgs_V2_c1_rep10_env3	15934
0.995	8	0.994436014162873	88	bgs	V2_c1	10	4	bgs_V2_c1_rep10_env4	15816
0.997	10	0.997281234193222	43	bgs	V2_c1	10	4	bgs_V2_c1_rep10_env4	15816
0.999	14	0.998925139099646	17	bgs	V2_c1	10	4	bgs_V2_c1_rep10_env4	15816
0.995	9	0.994973579069468	78	bgs	V2_c1	10	5	bgs_V2_c1_rep10_env5	15518
0.997	10	0.996777935300941	50	bgs	V2_c1	10	5	bgs_V2_c1_rep10_env5	15518
0.999	16	0.999162263178245	13	bgs	V2_c1	10	5	bgs_V2_c1_rep10_env5	15518
0.995	8	0.99417537195315	92	bgs	V2_c1	10	6	bgs_V2_c1_rep10_env6	15795
0.997	10	0.997277619499842	43	bgs	V2_c1	10	6	bgs_V2_c1_rep10_env6	15795
0.999	14	0.998923710034821	17	bgs	V2_c1	10	6	bgs_V2_c1_rep10_env6	15795
0.995	8	0.994036550176338	93	bgs	V2_c1	10	7	bgs_V2_c1_rep10_env7	15595
0.997	10	0.996729721064444	51	bgs	V2_c1	10	7	bgs_V2_c1_rep10_env7	15595
0.999	15	0.998909907021481	17	bgs	V2_c1	10	7	bgs_V2_c1_rep10_env7	15595
0.995	9	0.995574369828747	69	bgs	V2_c1	10	8	bgs_V2_c1_rep10_env8	15591
0.997	10	0.99717785902123	44	bgs	V2_c1	10	8	bgs_V2_c1_rep10_env8	15591
0.999	13	0.998973766916811	16	bgs	V2_c1	10	8	bgs_V2_c1_rep10_env8	15591
0.995	9	0.995289024700789	74	bgs	V2_c1	10	9	bgs_V2_c1_rep10_env9	15708
0.997	11	0.997453526865291	40	bgs	V2_c1	10	9	bgs_V2_c1_rep10_env9	15708
0.999	15	0.998917748917749	17	bgs	V2_c1	10	9	bgs_V2_c1_rep10_env9	15708
0.995	8	0.99410571682089	93	bgs	V2_c1	10	10	bgs_V2_c1_rep10_env10	15778
0.997	10	0.997274686272024	43	bgs	V2_c1	10	10	bgs_V2_c1_rep10_env10	15778
0.999	15	0.99904930916466	15	bgs	V2_c1	10	10	bgs_V2_c1_rep10_env10	15778
0.995	8	0.994306655323605	87	nobgs	V0.5_c1	1	1	nobgs_V0.5_c1_rep1_env1	15281
0.997	10	0.997055166546692	45	nobgs	V0.5_c1	1	1	nobgs_V0.5_c1_rep1_env1	15281
0.999	15	0.998952948105491	16	nobgs	V0.5_c1	1	1	nobgs_V0.5_c1_rep1_env1	15281
0.995	8	0.995011971268955	75	nobgs	V0.5_c1	1	2	nobgs_V0.5_c1_rep1_env2	15036
0.997	9	0.996475126363394	53	nobgs	V0.5_c1	1	2	nobgs_V0.5_c1_rep1_env2	15036
0.999	16	0.998935887204044	16	nobgs	V0.5_c1	1	2	nobgs_V0.5_c1_rep1_env2	15036
0.995	9	0.995291510871071	68	nobgs	V0.5_c1	1	3	nobgs_V0.5_c1_rep1_env3	14442
0.997	11	0.997230300512394	40	nobgs	V0.5_c1	1	3	nobgs_V0.5_c1_rep1_env3	14442
0.999	18	0.998961362692148	15	nobgs	V0.5_c1	1	3	nobgs_V0.5_c1_rep1_env3	14442
0.995	8	0.993905742145179	90	nobgs	V0.5_c1	1	4	nobgs_V0.5_c1_rep1_env4	14768
0.997	10	0.997291440953413	40	nobgs	V0.5_c1	1	4	nobgs_V0.5_c1_rep1_env4	14768
0.999	16	0.99898429035753	15	nobgs	V0.5_c1	1	4	nobgs_V0.5_c1_rep1_env4	14768
0.995	8	0.994962051818896	77	nobgs	V0.5_c1	1	5	nobgs_V0.5_c1_rep1_env5	15284
0.997	10	0.996990316671029	46	nobgs	V0.5_c1	1	5	nobgs_V0.5_c1_rep1_env5	15284
0.999	19	0.998953153624706	16	nobgs	V0.5_c1	1	5	nobgs_V0.5_c1_rep1_env5	15284
0.995	8	0.994976535131205	76	nobgs	V0.5_c1	1	6	nobgs_V0.5_c1_rep1_env6	15129
0.997	10	0.997289972899729	41	nobgs	V0.5_c1	1	6	nobgs_V0.5_c1_rep1_env6	15129
0.999	18	0.999008526670633	15	nobgs	V0.5_c1	1	6	nobgs_V0.5_c1_rep1_env6	15129
0.995	9	0.995134986980951	71	nobgs	V0.5_c1	1	7	nobgs_V0.5_c1_rep1_env7	14594
0.997	11	0.997259147594902	40	nobgs	V0.5_c1	1	7	nobgs_V0.5_c1_rep1_env7	14594
0.999	18	0.999040701658216	14	nobgs	V0.5_c1	1	7	nobgs_V0.5_c1_rep1_env7	14594
0.995	8	0.994483315392896	82	nobgs	V0.5_c1	1	8	nobgs_V0.5_c1_rep1_env8	14864
0.997	10	0.996905274488697	46	nobgs	V0.5_c1	1	8	nobgs_V0.5_c1_rep1_env8	14864
0.999	15	0.998990850376749	15	nobgs	V0.5_c1	1	8	nobgs_V0.5_c1_rep1_env8	14864
0.995	9	0.995446145723337	69	nobgs	V0.5_c1	1	9	nobgs_V0.5_c1_rep1_env9	15152
0.997	11	0.997228088701162	42	nobgs	V0.5_c1	1	9	nobgs_V0.5_c1_rep1_env9	15152
0.999	17	0.998944033790919	16	nobgs	V0.5_c1	1	9	nobgs_V0.5_c1_rep1_env9	15152
0.995	8	0.995364852337439	70	nobgs	V0.5_c1	1	10	nobgs_V0.5_c1_rep1_env10	15102
0.997	10	0.997285127797643	41	nobgs	V0.5_c1	1	10	nobgs_V0.5_c1_rep1_env10	15102
0.999	16	0.999006754072308	15	nobgs	V0.5_c1	1	10	nobgs_V0.5_c1_rep1_env10	15102
0.995	12	0.99558390578999	63	nobgs	V0.5_c1	2	1	nobgs_V0.5_c1_rep2_env1	14266
0.997	14	0.996985840459835	43	nobgs	V0.5_c1	2	1	nobgs_V0.5_c1_rep2_env1	14266
0.999	21	0.998948548997617	15	nobgs	V0.5_c1	2	1	nobgs_V0.5_c1_rep2_env1	14266
0.995	10	0.994763009612198	79	nobgs	V0.5_c1	2	2	nobgs_V0.5_c1_rep2_env2	15085
0.997	13	0.997282068279748	41	nobgs	V0.5_c1	2	2	nobgs_V0.5_c1_rep2_env2	15085
0.999	21	0.999005634736493	15	nobgs	V0.5_c1	2	2	nobgs_V0.5_c1_rep2_env2	15085
0.995	11	0.994635338856444	79	nobgs	V0.5_c1	2	3	nobgs_V0.5_c1_rep2_env3	14726
0.997	15	0.997147901670515	42	nobgs	V0.5_c1	2	3	nobgs_V0.5_c1_rep2_env3	14726
0.999	26	0.998981393453755	15	nobgs	V0.5_c1	2	3	nobgs_V0.5_c1_rep2_env3	14726
0.995	11	0.994304598509352	81	nobgs	V0.5_c1	2	4	nobgs_V0.5_c1_rep2_env4	14222
0.997	14	0.997046828856701	42	nobgs	V0.5_c1	2	4	nobgs_V0.5_c1_rep2_env4	14222
0.999	21	0.9990156096189	14	nobgs	V0.5_c1	2	4	nobgs_V0.5_c1_rep2_env4	14222
0.995	11	0.995497285127798	68	nobgs	V0.5_c1	2	5	nobgs_V0.5_c1_rep2_env5	15102
0.997	13	0.997152695007284	43	nobgs	V0.5_c1	2	5	nobgs_V0.5_c1_rep2_env5	15102
0.999	18	0.998874321281949	17	nobgs	V0.5_c1	2	5	nobgs_V0.5_c1_rep2_env5	15102
0.995	11	0.995388807377908	66	nobgs	V0.5_c1	2	6	nobgs_V0.5_c1_rep2_env6	14313
0.997	13	0.996925871585272	44	nobgs	V0.5_c1	2	6	nobgs_V0.5_c1_rep2_env6	14313
0.999	22	0.999021868231677	14	nobgs	V0.5_c1	2	6	nobgs_V0.5_c1_rep2_env6	14313
0.995	11	0.995380120932129	68	nobgs	V0.5_c1	2	7	nobgs_V0.5_c1_rep2_env7	14719
0.997	13	0.996874787689381	46	nobgs	V0.5_c1	2	7	nobgs_V0.5_c1_rep2_env7	14719
0.999	23	0.99911678782526	13	nobgs	V0.5_c1	2	7	nobgs_V0.5_c1_rep2_env7	14719
0.995	11	0.995165134490977	71	nobgs	V0.5_c1	2	8	nobgs_V0.5_c1_rep2_env8	14685
0.997	13	0.996731358529111	48	nobgs	V0.5_c1	2	8	nobgs_V0.5_c1_rep2_env8	14685
0.999	19	0.999046646237657	14	nobgs	V0.5_c1	2	8	nobgs_V0.5_c1_rep2_env8	14685
0.995	11	0.99552707123306	67	nobgs	V0.5_c1	2	9	nobgs_V0.5_c1_rep2_env9	14979
0.997	13	0.997062554242606	44	nobgs	V0.5_c1	2	9	nobgs_V0.5_c1_rep2_env9	14979
0.999	22	0.999065358168102	14	nobgs	V0.5_c1	2	9	nobgs_V0.5_c1_rep2_env9	14979
0.995	10	0.994462179946576	85	nobgs	V0.5_c1	2	10	nobgs_V0.5_c1_rep2_env10	15349
0.997	13	0.996937911264578	47	nobgs	V0.5_c1	2	10	nobgs_V0.5_c1_rep2_env10	15349
0.999	21	0.999022737637631	15	nobgs	V0.5_c1	2	10	nobgs_V0.5_c1_rep2_env10	15349
0.995	8	0.995135986846612	71	nobgs	V0.5_c1	3	1	nobgs_V0.5_c1_rep3_env1	14597
0.997	9	0.99698568198945	44	nobgs	V0.5_c1	3	1	nobgs_V0.5_c1_rep3_env1	14597
0.999	13	0.999109406042338	13	nobgs	V0.5_c1	3	1	nobgs_V0.5_c1_rep3_env1	14597
0.995	8	0.996168835458088	58	nobgs	V0.5_c1	3	2	nobgs_V0.5_c1_rep3_env2	15139
0.997	9	0.997820199484774	33	nobgs	V0.5_c1	3	2	nobgs_V0.5_c1_rep3_env2	15139
0.999	14	0.998943127022921	16	nobgs	V0.5_c1	3	2	nobgs_V0.5_c1_rep3_env2	15139
0.995	8	0.994554520404147	83	nobgs	V0.5_c1	3	3	nobgs_V0.5_c1_rep3_env3	15242
0.997	10	0.997244456108122	42	nobgs	V0.5_c1	3	3	nobgs_V0.5_c1_rep3_env3	15242
0.999	14	0.99895026899357	16	nobgs	V0.5_c1	3	3	nobgs_V0.5_c1_rep3_env3	15242
0.995	8	0.995140980016425	71	nobgs	V0.5_c1	3	4	nobgs_V0.5_c1_rep3_env4	14612
0.997	10	0.997330960854093	39	nobgs	V0.5_c1	3	4	nobgs_V0.5_c1_rep3_env4	14612
0.999	13	0.999178757185875	12	nobgs	V0.5_c1	3	4	nobgs_V0.5_c1_rep3_env4	14612
0.995	8	0.99581589958159	62	nobgs	V0.5_c1	3	5	nobgs_V0.5_c1_rep3_env5	14818
0.997	9	0.997435551356458	38	nobgs	V0.5_c1	3	5	nobgs_V0.5_c1_rep3_env5	14818
0.999	11	0.998920232150088	16	nobgs	V0.5_c1	3	5	nobgs_V0.5_c1_rep3_env5	14818
0.995	8	0.995639632387469	65	nobgs	V0.5_c1	3	6	nobgs_V0.5_c1_rep3_env6	14907
0.997	9	0.996578788488629	51	nobgs	V0.5_c1	3	6	nobgs_V0.5_c1_rep3_env6	14907
0.999	13	0.998993761320185	15	nobgs	V0.5_c1	3	6	nobgs_V0.5_c1_rep3_env6	14907
0.995	8	0.996558570483124	52	nobgs	V0.5_c1	3	7	nobgs_V0.5_c1_rep3_env7	15110
0.997	8	0.996558570483124	52	nobgs	V0.5_c1	3	7	nobgs_V0.5_c1_rep3_env7	15110
0.999	12	0.999205823957644	12	nobgs	V0.5_c1	3	7	nobgs_V0.5_c1_rep3_env7	15110
0.995	8	0.994768666349616	77	nobgs	V0.5_c1	3	8	nobgs_V0.5_c1_rep3_env8	14719
0.997	10	0.997010666485495	44	nobgs	V0.5_c1	3	8	nobgs_V0.5_c1_rep3_env8	14719
0.999	16	0.999048848427203	14	nobgs	V0.5_c1	3	8	nobgs_V0.5_c1_rep3_env8	14719
0.995	7	0.99451064399518	82	nobgs	V0.5_c1	3	9	nobgs_V0.5_c1_rep3_env9	14938
0.997	8	0.99671977507029	49	nobgs	V0.5_c1	3	9	nobgs_V0.5_c1_rep3_env9	14938
0.999	11	0.998928906145401	16	nobgs	V0.5_c1	3	9	nobgs_V0.5_c1_rep3_env9	14938
0.995	8	0.9953130231001	70	nobgs	V0.5_c1	3	10	nobgs_V0.5_c1_rep3_env10	14935
0.997	9	0.996986943421493	45	nobgs	V0.5_c1	3	10	nobgs_V0.5_c1_rep3_env10	14935
0.999	13	0.999129561432876	13	nobgs	V0.5_c1	3	10	nobgs_V0.5_c1_rep3_env10	14935
0.995	13	0.995048143053645	72	nobgs	V0.5_c1	4	1	nobgs_V0.5_c1_rep4_env1	14540
0.997	16	0.997180192572215	41	nobgs	V0.5_c1	4	1	nobgs_V0.5_c1_rep4_env1	14540
0.999	26	0.999037138927098	14	nobgs	V0.5_c1	4	1	nobgs_V0.5_c1_rep4_env1	14540
0.995	11	0.994676972436926	73	nobgs	V0.5_c1	4	2	nobgs_V0.5_c1_rep4_env2	13714
0.997	14	0.996864518010792	43	nobgs	V0.5_c1	4	2	nobgs_V0.5_c1_rep4_env2	13714
0.999	22	0.998979145398862	14	nobgs	V0.5_c1	4	2	nobgs_V0.5_c1_rep4_env2	13714
0.995	12	0.995165838592722	72	nobgs	V0.5_c1	4	3	nobgs_V0.5_c1_rep4_env3	14894
0.997	15	0.997112931381765	43	nobgs	V0.5_c1	4	3	nobgs_V0.5_c1_rep4_env3	14894
0.999	25	0.999127165301464	13	nobgs	V0.5_c1	4	3	nobgs_V0.5_c1_rep4_env3	14894
0.995	13	0.995224776587762	70	nobgs	V0.5_c1	4	4	nobgs_V0.5_c1_rep4_env4	14659
0.997	17	0.996861996043386	46	nobgs	V0.5_c1	4	4	nobgs_V0.5_c1_rep4_env4	14659
0.999	30	0.998976737840235	15	nobgs	V0.5_c1	4	4	nobgs_V0.5_c1_rep4_env4	14659
0.995	12	0.995044393970679	72	nobgs	V0.5_c1	4	5	nobgs_V0.5_c1_rep4_env5	14529
0.997	17	0.997178057677748	41	nobgs	V0.5_c1	4	5	nobgs_V0.5_c1_rep4_env5	14529
0.999	24	0.998967582077225	15	nobgs	V0.5_c1	4	5	nobgs_V0.5_c1_rep4_env5	14529
0.995	11	0.995303189624956	67	nobgs	V0.5_c1	4	6	nobgs_V0.5_c1_rep4_env6	14265
0.997	15	0.996985629162285	43	nobgs	V0.5_c1	4	6	nobgs_V0.5_c1_rep4_env6	14265
0.999	22	0.99887837364178	16	nobgs	V0.5_c1	4	6	nobgs_V0.5_c1_rep4_env6	14265
0.995	13	0.995307794663492	67	nobgs	V0.5_c1	4	7	nobgs_V0.5_c1_rep4_env7	14279
0.997	15	0.99733874921213	38	nobgs	V0.5_c1	4	7	nobgs_V0.5_c1_rep4_env7	14279
0.999	21	0.999089572098887	13	nobgs	V0.5_c1	4	7	nobgs_V0.5_c1_rep4_env7	14279
0.995	12	0.9953154943573	66	nobgs	V0.5_c1	4	8	nobgs_V0.5_c1_rep4_env8	14089
0.997	14	0.996806018879977	45	nobgs	V0.5_c1	4	8	nobgs_V0.5_c1_rep4_env8	14089
0.999	23	0.999006316984882	14	nobgs	V0.5_c1	4	8	nobgs_V0.5_c1_rep4_env8	14089
0.995	12	0.995017064846416	73	nobgs	V0.5_c1	4	9	nobgs_V0.5_c1_rep4_env9	14650
0.997	14	0.996860068259386	46	nobgs	V0.5_c1	4	9	nobgs_V0.5_c1_rep4_env9	14650
0.999	22	0.998976109215017	15	nobgs	V0.5_c1	4	9	nobgs_V0.5_c1_rep4_env9	14650
0.995	12	0.995337522805595	69	nobgs	V0.5_c1	4	10	nobgs_V0.5_c1_rep4_env10	14799
0.997	14	0.997094398270153	43	nobgs	V0.5_c1	4	10	nobgs_V0.5_c1_rep4_env10	14799
0.999	20	0.998986418001216	15	nobgs	V0.5_c1	4	10	nobgs_V0.5_c1_rep4_env10	14799
0.995	8	0.994777182391643	77	nobgs	V0.5_c1	5	1	nobgs_V0.5_c1_rep5_env1	14743
0.997	9	0.997083361595333	43	nobgs	V0.5_c1	5	1	nobgs_V0.5_c1_rep5_env1	14743
0.999	14	0.999050396798481	14	nobgs	V0.5_c1	5	1	nobgs_V0.5_c1_rep5_env1	14743
0.995	9	0.995291152672768	71	nobgs	V0.5_c1	5	2	nobgs_V0.5_c1_rep5_env2	15078
0.997	11	0.997081841092983	44	nobgs	V0.5_c1	5	2	nobgs_V0.5_c1_rep5_env2	15078
0.999	35	0.999005173099881	15	nobgs	V0.5_c1	5	2	nobgs_V0.5_c1_rep5_env2	15078
0.995	8	0.994347240915209	84	nobgs	V0.5_c1	5	3	nobgs_V0.5_c1_rep5_env3	14860
0.997	10	0.997039030955585	44	nobgs	V0.5_c1	5	3	nobgs_V0.5_c1_rep5_env3	14860
0.999	18	0.999057873485868	14	nobgs	V0.5_c1	5	3	nobgs_V0.5_c1_rep5_env3	14860
0.995	9	0.995327102803738	71	nobgs	V0.5_c1	5	4	nobgs_V0.5_c1_rep5_env4	15194
0.997	12	0.996840858233513	48	nobgs	V0.5_c1	5	4	nobgs_V0.5_c1_rep5_env4	15194
0.999	38	0.999012768197973	15	nobgs	V0.5_c1	5	4	nobgs_V0.5_c1_rep5_env4	15194
0.995	9	0.995432300163132	70	nobgs	V0.5_c1	5	5	nobgs_V0.5_c1_rep5_env5	15325
0.997	11	0.996802610114193	49	nobgs	V0.5_c1	5	5	nobgs_V0.5_c1_rep5_env5	15325
0.999	33	0.999021207177814	15	nobgs	V0.5_c1	5	5	nobgs_V0.5_c1_rep5_env5	15325
0.995	8	0.995492419068433	66	nobgs	V0.5_c1	5	6	nobgs_V0.5_c1_rep5_env6	14642
0.997	9	0.996653462641716	49	nobgs	V0.5_c1	5	6	nobgs_V0.5_c1_rep5_env6	14642
0.999	25	0.99897554978828	15	nobgs	V0.5_c1	5	6	nobgs_V0.5_c1_rep5_env6	14642
0.995	8	0.994495656210624	83	nobgs	V0.5_c1	5	7	nobgs_V0.5_c1_rep5_env7	15079
0.997	11	0.997347304197891	40	nobgs	V0.5_c1	5	7	nobgs_V0.5_c1_rep5_env7	15079
0.999	33	0.999005239074209	15	nobgs	V0.5_c1	5	7	nobgs_V0.5_c1_rep5_env7	15079
0.995	8	0.995115239078087	71	nobgs	V0.5_c1	5	8	nobgs_V0.5_c1_rep5_env8	14535
0.997	10	0.997110423116615	42	nobgs	V0.5_c1	5	8	nobgs_V0.5_c1_rep5_env8	14535
0.999	25	0.998968008255934	15	nobgs	V0.5_c1	5	8	nobgs_V0.5_c1_rep5_env8	14535
0.995	8	0.995243272628432	70	nobgs	V0.5_c1	5	9	nobgs_V0.5_c1_rep5_env9	14716
0.997	10	0.997349823321555	39	nobgs	V0.5_c1	5	9	nobgs_V0.5_c1_rep5_env9	14716
0.999	21	0.998980701277521	15	nobgs	V0.5_c1	5	9	nobgs_V0.5_c1_rep5_env9	14716
0.995	9	0.99488926746167	78	nobgs	V0.5_c1	5	10	nobgs_V0.5_c1_rep5_env10	15262
0.997	11	0.996920456034596	47	nobgs	V0.5_c1	5	10	nobgs_V0.5_c1_rep5_env10	15262
0.999	35	0.999017166819552	15	nobgs	V0.5_c1	5	10	nobgs_V0.5_c1_rep5_env10	15262
0.995	8	0.995897028654623	62	nobgs	V0.5_c1	6	1	nobgs_V0.5_c1_rep6_env1	15111
0.997	9	0.997022036926742	45	nobgs	V0.5_c1	6	1	nobgs_V0.5_c1_rep6_env1	15111
0.999	13	0.998941168685064	16	nobgs	V0.5_c1	6	1	nobgs_V0.5_c1_rep6_env1	15111
0.995	7	0.994038259958071	91	nobgs	V0.5_c1	6	2	nobgs_V0.5_c1_rep6_env2	15264
0.997	9	0.997444968553459	39	nobgs	V0.5_c1	6	2	nobgs_V0.5_c1_rep6_env2	15264
0.999	14	0.998886268343816	17	nobgs	V0.5_c1	6	2	nobgs_V0.5_c1_rep6_env2	15264
0.995	8	0.996075562059332	59	nobgs	V0.5_c1	6	3	nobgs_V0.5_c1_rep6_env3	15034
0.997	9	0.997405880005321	39	nobgs	V0.5_c1	6	3	nobgs_V0.5_c1_rep6_env3	15034
0.999	15	0.999002261540508	15	nobgs	V0.5_c1	6	3	nobgs_V0.5_c1_rep6_env3	15034
0.995	7	0.994597839135654	81	nobgs	V0.5_c1	6	4	nobgs_V0.5_c1_rep6_env4	14994
0.997	8	0.996531946111778	52	nobgs	V0.5_c1	6	4	nobgs_V0.5_c1_rep6_env4	14994
0.999	12	0.99906629318394	14	nobgs	V0.5_c1	6	4	nobgs_V0.5_c1_rep6_env4	14994
0.995	9	0.995605732828556	65	nobgs	V0.5_c1	6	5	nobgs_V0.5_c1_rep6_env5	14792
0.997	10	0.996822606814494	47	nobgs	V0.5_c1	6	5	nobgs_V0.5_c1_rep6_env5	14792
0.999	17	0.998985938345051	15	nobgs	V0.5_c1	6	5	nobgs_V0.5_c1_rep6_env5	14792
0.995	7	0.994043236731143	89	nobgs	V0.5_c1	6	6	nobgs_V0.5_c1_rep6_env6	14941
0.997	9	0.99752359279834	37	nobgs	V0.5_c1	6	6	nobgs_V0.5_c1_rep6_env6	14941
0.999	16	0.998996051134462	15	nobgs	V0.5_c1	6	6	nobgs_V0.5_c1_rep6_env6	14941
0.995	7	0.994774786692241	79	nobgs	V0.5_c1	6	7	nobgs_V0.5_c1_rep6_env7	15119
0.997	8	0.996494477147959	53	nobgs	V0.5_c1	6	7	nobgs_V0.5_c1_rep6_env7	15119
0.999	15	0.998941728950327	16	nobgs	V0.5_c1	6	7	nobgs_V0.5_c1_rep6_env7	15119
0.995	8	0.995456064149683	68	nobgs	V0.5_c1	6	8	nobgs_V0.5_c1_rep6_env8	14965
0.997	10	0.997327096558637	40	nobgs	V0.5_c1	6	8	nobgs_V0.5_c1_rep6_env8	14965
0.999	17	0.999064483795523	14	nobgs	V0.5_c1	6	8	nobgs_V0.5_c1_rep6_env8	14965
0.995	7	0.994273919701711	86	nobgs	V0.5_c1	6	9	nobgs_V0.5_c1_rep6_env9	15019
0.997	8	0.996737465876556	49	nobgs	V0.5_c1	6	9	nobgs_V0.5_c1_rep6_env9	15019
0.999	12	0.999001265064252	15	nobgs	V0.5_c1	6	9	nobgs_V0.5_c1_rep6_env9	15019
0.995	7	0.994530781031148	82	nobgs	V0.5_c1	6	10	nobgs_V0.5_c1_rep6_env10	14993
0.997	8	0.996264923631028	56	nobgs	V0.5_c1	6	10	nobgs_V0.5_c1_rep6_env10	14993
0.999	12	0.998999533115454	15	nobgs	V0.5_c1	6	10	nobgs_V0.5_c1_rep6_env10	14993
0.995	10	0.994446787572051	79	nobgs	V0.5_c1	7	1	nobgs_V0.5_c1_rep7_env1	14226
0.997	13	0.997188246871925	40	nobgs	V0.5_c1	7	1	nobgs_V0.5_c1_rep7_env1	14226
0.999	18	0.999015886405174	14	nobgs	V0.5_c1	7	1	nobgs_V0.5_c1_rep7_env1	14226
0.995	10	0.994665572425113	78	nobgs	V0.5_c1	7	2	nobgs_V0.5_c1_rep7_env2	14622
0.997	12	0.996785665435645	47	nobgs	V0.5_c1	7	2	nobgs_V0.5_c1_rep7_env2	14622
0.999	18	0.999110928737519	13	nobgs	V0.5_c1	7	2	nobgs_V0.5_c1_rep7_env2	14622
0.995	11	0.995444031681503	65	nobgs	V0.5_c1	7	3	nobgs_V0.5_c1_rep7_env3	14267
0.997	13	0.997476694469755	36	nobgs	V0.5_c1	7	3	nobgs_V0.5_c1_rep7_env3	14267
0.999	18	0.998948622695731	15	nobgs	V0.5_c1	7	3	nobgs_V0.5_c1_rep7_env3	14267
0.995	11	0.994932761644904	78	nobgs	V0.5_c1	7	4	nobgs_V0.5_c1_rep7_env4	15393
0.997	14	0.997141557850971	44	nobgs	V0.5_c1	7	4	nobgs_V0.5_c1_rep7_env4	15393
0.999	19	0.998960566491262	16	nobgs	V0.5_c1	7	4	nobgs_V0.5_c1_rep7_env4	15393
0.995	10	0.995020638144533	76	nobgs	V0.5_c1	7	5	nobgs_V0.5_c1_rep7_env5	15263
0.997	13	0.99705169363821	45	nobgs	V0.5_c1	7	5	nobgs_V0.5_c1_rep7_env5	15263
0.999	19	0.998886195374435	17	nobgs	V0.5_c1	7	5	nobgs_V0.5_c1_rep7_env5	15263
0.995	11	0.994965675057208	77	nobgs	V0.5_c1	7	6	nobgs_V0.5_c1_rep7_env6	15295
0.997	13	0.99705786204642	45	nobgs	V0.5_c1	7	6	nobgs_V0.5_c1_rep7_env6	15295
0.999	19	0.99908466819222	14	nobgs	V0.5_c1	7	6	nobgs_V0.5_c1_rep7_env6	15295
0.995	10	0.995773230459577	63	nobgs	V0.5_c1	7	7	nobgs_V0.5_c1_rep7_env7	14905
0.997	11	0.996779604159678	48	nobgs	V0.5_c1	7	7	nobgs_V0.5_c1_rep7_env7	14905
0.999	15	0.999060717879906	14	nobgs	V0.5_c1	7	7	nobgs_V0.5_c1_rep7_env7	14905
0.995	11	0.995023871965571	74	nobgs	V0.5_c1	7	8	nobgs_V0.5_c1_rep7_env8	14871
0.997	13	0.997175711115594	42	nobgs	V0.5_c1	7	8	nobgs_V0.5_c1_rep7_env8	14871
0.999	20	0.999058570371865	14	nobgs	V0.5_c1	7	8	nobgs_V0.5_c1_rep7_env8	14871
0.995	10	0.995285877836891	70	nobgs	V0.5_c1	7	9	nobgs_V0.5_c1_rep7_env9	14849
0.997	12	0.997373560509125	39	nobgs	V0.5_c1	7	9	nobgs_V0.5_c1_rep7_env9	14849
0.999	16	0.998922486362718	16	nobgs	V0.5_c1	7	9	nobgs_V0.5_c1_rep7_env9	14849
0.995	10	0.995210469508904	71	nobgs	V0.5_c1	7	10	nobgs_V0.5_c1_rep7_env10	14824
0.997	12	0.997301672962763	40	nobgs	V0.5_c1	7	10	nobgs_V0.5_c1_rep7_env10	14824
0.999	19	0.999123043712898	13	nobgs	V0.5_c1	7	10	nobgs_V0.5_c1_rep7_env10	14824
0.995	8	0.994649227110583	81	nobgs	V0.5_c1	8	1	nobgs_V0.5_c1_rep8_env1	15138
0.997	10	0.997357643017572	40	nobgs	V0.5_c1	8	1	nobgs_V0.5_c1_rep8_env1	15138
0.999	13	0.999009116131589	15	nobgs	V0.5_c1	8	1	nobgs_V0.5_c1_rep8_env1	15138
0.995	8	0.995215311004785	72	nobgs	V0.5_c1	8	2	nobgs_V0.5_c1_rep8_env2	15048
0.997	10	0.99754120148857	37	nobgs	V0.5_c1	8	2	nobgs_V0.5_c1_rep8_env2	15048
0.999	15	0.998936735778841	16	nobgs	V0.5_c1	8	2	nobgs_V0.5_c1_rep8_env2	15048
0.995	8	0.995490341253281	67	nobgs	V0.5_c1	8	3	nobgs_V0.5_c1_rep8_env3	14857
0.997	9	0.997038433061856	44	nobgs	V0.5_c1	8	3	nobgs_V0.5_c1_rep8_env3	14857
0.999	12	0.998855758228444	17	nobgs	V0.5_c1	8	3	nobgs_V0.5_c1_rep8_env3	14857
0.995	7	0.994118044756947	87	nobgs	V0.5_c1	8	4	nobgs_V0.5_c1_rep8_env4	14791
0.997	8	0.99634913122845	54	nobgs	V0.5_c1	8	4	nobgs_V0.5_c1_rep8_env4	14791
0.999	13	0.998985869785681	15	nobgs	V0.5_c1	8	4	nobgs_V0.5_c1_rep8_env4	14791
0.995	8	0.996046371373048	59	nobgs	V0.5_c1	8	5	nobgs_V0.5_c1_rep8_env5	14923
0.997	9	0.997319573812236	40	nobgs	V0.5_c1	8	5	nobgs_V0.5_c1_rep8_env5	14923
0.999	12	0.998994840179589	15	nobgs	V0.5_c1	8	5	nobgs_V0.5_c1_rep8_env5	14923
0.995	8	0.995923549852981	61	nobgs	V0.5_c1	8	6	nobgs_V0.5_c1_rep8_env6	14964
0.997	9	0.997059609730019	44	nobgs	V0.5_c1	8	6	nobgs_V0.5_c1_rep8_env6	14964
0.999	12	0.999064421277733	14	nobgs	V0.5_c1	8	6	nobgs_V0.5_c1_rep8_env6	14964
0.995	8	0.994843657037086	78	nobgs	V0.5_c1	8	7	nobgs_V0.5_c1_rep8_env7	15127
0.997	9	0.997025186752165	45	nobgs	V0.5_c1	8	7	nobgs_V0.5_c1_rep8_env7	15127
0.999	14	0.999008395584055	15	nobgs	V0.5_c1	8	7	nobgs_V0.5_c1_rep8_env7	15127
0.995	8	0.995791020844468	63	nobgs	V0.5_c1	8	8	nobgs_V0.5_c1_rep8_env8	14968
0.997	9	0.997394441475147	39	nobgs	V0.5_c1	8	8	nobgs_V0.5_c1_rep8_env8	14968
0.999	12	0.998997862105826	15	nobgs	V0.5_c1	8	8	nobgs_V0.5_c1_rep8_env8	14968
0.995	8	0.995157224359825	73	nobgs	V0.5_c1	8	9	nobgs_V0.5_c1_rep8_env9	15074
0.997	10	0.997213745522091	42	nobgs	V0.5_c1	8	9	nobgs_V0.5_c1_rep8_env9	15074
0.999	14	0.999071248507364	14	nobgs	V0.5_c1	8	9	nobgs_V0.5_c1_rep8_env9	15074
0.995	8	0.996099096632904	57	nobgs	V0.5_c1	8	10	nobgs_V0.5_c1_rep8_env10	14612
0.997	9	0.997467834656447	37	nobgs	V0.5_c1	8	10	nobgs_V0.5_c1_rep8_env10	14612
0.999	13	0.99904188338352	14	nobgs	V0.5_c1	8	10	nobgs_V0.5_c1_rep8_env10	14612
0.995	8	0.995782259127455	64	nobgs	V0.5_c1	9	1	nobgs_V0.5_c1_rep9_env1	15174
0.997	9	0.997034400948992	45	nobgs	V0.5_c1	9	1	nobgs_V0.5_c1_rep9_env1	15174
0.999	12	0.998813760379597	18	nobgs	V0.5_c1	9	1	nobgs_V0.5_c1_rep9_env1	15174
0.995	7	0.9942400837806	88	nobgs	V0.5_c1	9	2	nobgs_V0.5_c1_rep9_env2	15278
0.997	8	0.996400052362875	55	nobgs	V0.5_c1	9	2	nobgs_V0.5_c1_rep9_env2	15278
0.999	11	0.999018196098966	15	nobgs	V0.5_c1	9	2	nobgs_V0.5_c1_rep9_env2	15278
0.995	8	0.995199263448639	73	nobgs	V0.5_c1	9	3	nobgs_V0.5_c1_rep9_env3	15206
0.997	10	0.996974878337498	46	nobgs	V0.5_c1	9	3	nobgs_V0.5_c1_rep9_env3	15206
0.999	14	0.999079310798369	14	nobgs	V0.5_c1	9	3	nobgs_V0.5_c1_rep9_env3	15206
0.995	8	0.995297191378184	72	nobgs	V0.5_c1	9	4	nobgs_V0.5_c1_rep9_env4	15310
0.997	9	0.996603527106466	52	nobgs	V0.5_c1	9	4	nobgs_V0.5_c1_rep9_env4	15310
0.999	14	0.999085564990203	14	nobgs	V0.5_c1	9	4	nobgs_V0.5_c1_rep9_env4	15310
0.995	8	0.99576691580131	64	nobgs	V0.5_c1	9	5	nobgs_V0.5_c1_rep9_env5	15119
0.997	9	0.997486606257027	38	nobgs	V0.5_c1	9	5	nobgs_V0.5_c1_rep9_env5	15119
0.999	12	0.999007870890932	15	nobgs	V0.5_c1	9	5	nobgs_V0.5_c1_rep9_env5	15119
0.995	8	0.995258447976493	71	nobgs	V0.5_c1	9	6	nobgs_V0.5_c1_rep9_env6	14974
0.997	9	0.99692800854815	46	nobgs	V0.5_c1	9	6	nobgs_V0.5_c1_rep9_env6	14974
0.999	13	0.998998263657005	15	nobgs	V0.5_c1	9	6	nobgs_V0.5_c1_rep9_env6	14974
0.995	8	0.996247778289777	57	nobgs	V0.5_c1	9	7	nobgs_V0.5_c1_rep9_env7	15191
0.997	9	0.997235205055625	42	nobgs	V0.5_c1	9	7	nobgs_V0.5_c1_rep9_env7	15191
0.999	13	0.998946744783095	16	nobgs	V0.5_c1	9	7	nobgs_V0.5_c1_rep9_env7	15191
0.995	8	0.996211869475643	57	nobgs	V0.5_c1	9	8	nobgs_V0.5_c1_rep9_env8	15047
0.997	9	0.997341662789925	40	nobgs	V0.5_c1	9	8	nobgs_V0.5_c1_rep9_env8	15047
0.999	12	0.99893666511597	16	nobgs	V0.5_c1	9	8	nobgs_V0.5_c1_rep9_env8	15047
0.995	8	0.995262816353017	73	nobgs	V0.5_c1	9	9	nobgs_V0.5_c1_rep9_env9	15410
0.997	9	0.996950032446463	47	nobgs	V0.5_c1	9	9	nobgs_V0.5_c1_rep9_env9	15410
0.999	14	0.999026606099935	15	nobgs	V0.5_c1	9	9	nobgs_V0.5_c1_rep9_env9	15410
0.995	8	0.995516582053142	68	nobgs	V0.5_c1	9	10	nobgs_V0.5_c1_rep9_env10	15167
0.997	9	0.997098964857915	44	nobgs	V0.5_c1	9	10	nobgs_V0.5_c1_rep9_env10	15167
0.999	12	0.999011010747017	15	nobgs	V0.5_c1	9	10	nobgs_V0.5_c1_rep9_env10	15167
0.995	8	0.996260683760684	56	nobgs	V0.5_c1	10	1	nobgs_V0.5_c1_rep10_env1	14976
0.997	9	0.996861645299145	47	nobgs	V0.5_c1	10	1	nobgs_V0.5_c1_rep10_env1	14976
0.999	15	0.999065170940171	14	nobgs	V0.5_c1	10	1	nobgs_V0.5_c1_rep10_env1	14976
0.995	8	0.994406254212158	83	nobgs	V0.5_c1	10	2	nobgs_V0.5_c1_rep10_env2	14838
0.997	10	0.996899851732039	46	nobgs	V0.5_c1	10	2	nobgs_V0.5_c1_rep10_env2	14838
0.999	17	0.999056476614099	14	nobgs	V0.5_c1	10	2	nobgs_V0.5_c1_rep10_env2	14838
0.995	8	0.994323233704945	83	nobgs	V0.5_c1	10	3	nobgs_V0.5_c1_rep10_env3	14621
0.997	10	0.997537788112988	36	nobgs	V0.5_c1	10	3	nobgs_V0.5_c1_rep10_env3	14621
0.999	14	0.999042473155051	14	nobgs	V0.5_c1	10	3	nobgs_V0.5_c1_rep10_env3	14621
0.995	8	0.99597288408618	60	nobgs	V0.5_c1	10	4	nobgs_V0.5_c1_rep10_env4	14899
0.997	9	0.997449493254581	38	nobgs	V0.5_c1	10	4	nobgs_V0.5_c1_rep10_env4	14899
0.999	12	0.998993221021545	15	nobgs	V0.5_c1	10	4	nobgs_V0.5_c1_rep10_env4	14899
0.995	9	0.995420759224847	69	nobgs	V0.5_c1	10	5	nobgs_V0.5_c1_rep10_env5	15068
0.997	11	0.997013538624901	45	nobgs	V0.5_c1	10	5	nobgs_V0.5_c1_rep10_env5	15068
0.999	18	0.998938147066631	16	nobgs	V0.5_c1	10	5	nobgs_V0.5_c1_rep10_env5	15068
0.995	8	0.995521689726623	67	nobgs	V0.5_c1	10	6	nobgs_V0.5_c1_rep10_env6	14961
0.997	9	0.99679165831161	48	nobgs	V0.5_c1	10	6	nobgs_V0.5_c1_rep10_env6	14961
0.999	13	0.998863712318695	17	nobgs	V0.5_c1	10	6	nobgs_V0.5_c1_rep10_env6	14961
0.995	8	0.994975566109161	73	nobgs	V0.5_c1	10	7	nobgs_V0.5_c1_rep10_env7	14529
0.997	10	0.996765090508638	47	nobgs	V0.5_c1	10	7	nobgs_V0.5_c1_rep10_env7	14529
0.999	17	0.998967582077225	15	nobgs	V0.5_c1	10	7	nobgs_V0.5_c1_rep10_env7	14529
0.995	8	0.995549261582035	66	nobgs	V0.5_c1	10	8	nobgs_V0.5_c1_rep10_env8	14829
0.997	9	0.996763099332389	48	nobgs	V0.5_c1	10	8	nobgs_V0.5_c1_rep10_env8	14829
0.999	14	0.999123339402522	13	nobgs	V0.5_c1	10	8	nobgs_V0.5_c1_rep10_env8	14829
0.995	8	0.995873818714229	62	nobgs	V0.5_c1	10	9	nobgs_V0.5_c1_rep10_env9	15026
0.997	10	0.997471050179688	38	nobgs	V0.5_c1	10	9	nobgs_V0.5_c1_rep10_env9	15026
0.999	14	0.999001730334088	15	nobgs	V0.5_c1	10	9	nobgs_V0.5_c1_rep10_env9	15026
0.995	7	0.994167728095461	87	nobgs	V0.5_c1	10	10	nobgs_V0.5_c1_rep10_env10	14917
0.997	9	0.997653683716565	35	nobgs	V0.5_c1	10	10	nobgs_V0.5_c1_rep10_env10	14917
0.999	14	0.998994435878528	15	nobgs	V0.5_c1	10	10	nobgs_V0.5_c1_rep10_env10	14917
0.995	8	0.995642263341378	65	nobgs	V1_c1	1	1	nobgs_V1_c1_rep1_env1	14916
0.997	9	0.996983105390185	45	nobgs	V1_c1	1	1	nobgs_V1_c1_rep1_env1	14916
0.999	14	0.999128452668276	13	nobgs	V1_c1	1	1	nobgs_V1_c1_rep1_env1	14916
0.995	8	0.995383380168607	69	nobgs	V1_c1	1	2	nobgs_V1_c1_rep1_env2	14946
0.997	9	0.996788438378161	48	nobgs	V1_c1	1	2	nobgs_V1_c1_rep1_env2	14946
0.999	16	0.999063294526964	14	nobgs	V1_c1	1	2	nobgs_V1_c1_rep1_env2	14946
0.995	8	0.994984954864594	75	nobgs	V1_c1	1	3	nobgs_V1_c1_rep1_env3	14955
0.997	9	0.99679037111334	48	nobgs	V1_c1	1	3	nobgs_V1_c1_rep1_env3	14955
0.999	15	0.999130725509863	13	nobgs	V1_c1	1	3	nobgs_V1_c1_rep1_env3	14955
0.995	9	0.995850066934404	62	nobgs	V1_c1	1	4	nobgs_V1_c1_rep1_env4	14940
0.997	10	0.996720214190094	49	nobgs	V1_c1	1	4	nobgs_V1_c1_rep1_env4	14940
0.999	18	0.998929049531459	16	nobgs	V1_c1	1	4	nobgs_V1_c1_rep1_env4	14940
0.995	9	0.995155938951559	73	nobgs	V1_c1	1	5	nobgs_V1_c1_rep1_env5	15070
0.997	11	0.997013934970139	45	nobgs	V1_c1	1	5	nobgs_V1_c1_rep1_env5	15070
0.999	19	0.99907100199071	14	nobgs	V1_c1	1	5	nobgs_V1_c1_rep1_env5	15070
0.995	8	0.994714238519987	80	nobgs	V1_c1	1	6	nobgs_V1_c1_rep1_env6	15135
0.997	10	0.997092831185993	44	nobgs	V1_c1	1	6	nobgs_V1_c1_rep1_env6	15135
0.999	17	0.999008919722498	15	nobgs	V1_c1	1	6	nobgs_V1_c1_rep1_env6	15135
0.995	7	0.993904072883172	91	nobgs	V1_c1	1	7	nobgs_V1_c1_rep1_env7	14928
0.997	9	0.996717577706324	49	nobgs	V1_c1	1	7	nobgs_V1_c1_rep1_env7	14928
0.999	16	0.99906216505895	14	nobgs	V1_c1	1	7	nobgs_V1_c1_rep1_env7	14928
0.995	8	0.99440633948192	84	nobgs	V1_c1	1	8	nobgs_V1_c1_rep1_env8	15017
0.997	10	0.996803622561097	48	nobgs	V1_c1	1	8	nobgs_V1_c1_rep1_env8	15017
0.999	17	0.999001132050343	15	nobgs	V1_c1	1	8	nobgs_V1_c1_rep1_env8	15017
0.995	8	0.994249799411607	86	nobgs	V1_c1	1	9	nobgs_V1_c1_rep1_env9	14956
0.997	10	0.996723722920567	49	nobgs	V1_c1	1	9	nobgs_V1_c1_rep1_env9	14956
0.999	18	0.999063920834448	14	nobgs	V1_c1	1	9	nobgs_V1_c1_rep1_env9	14956
0.995	8	0.99487895716946	77	nobgs	V1_c1	1	10	nobgs_V1_c1_rep1_env10	15036
0.997	10	0.997406225059856	39	nobgs	V1_c1	1	10	nobgs_V1_c1_rep1_env10	15036
0.999	14	0.998935887204044	16	nobgs	V1_c1	1	10	nobgs_V1_c1_rep1_env10	15036
0.995	11	0.995287464655985	70	nobgs	V1_c1	2	1	nobgs_V1_c1_rep2_env1	14854
0.997	13	0.997037834926619	44	nobgs	V1_c1	2	1	nobgs_V1_c1_rep2_env1	14854
0.999	19	0.999057492931197	14	nobgs	V1_c1	2	1	nobgs_V1_c1_rep2_env1	14854
0.995	10	0.994747340425532	79	nobgs	V1_c1	2	2	nobgs_V1_c1_rep2_env2	15040
0.997	12	0.997074468085106	44	nobgs	V1_c1	2	2	nobgs_V1_c1_rep2_env2	15040
0.999	17	0.999002659574468	15	nobgs	V1_c1	2	2	nobgs_V1_c1_rep2_env2	15040
0.995	10	0.995184912726543	72	nobgs	V1_c1	2	3	nobgs_V1_c1_rep2_env3	14953
0.997	12	0.997057446666221	44	nobgs	V1_c1	2	3	nobgs_V1_c1_rep2_env3	14953
0.999	17	0.999063733030161	14	nobgs	V1_c1	2	3	nobgs_V1_c1_rep2_env3	14953
0.995	10	0.994414893617021	84	nobgs	V1_c1	2	4	nobgs_V1_c1_rep2_env4	15040
0.997	13	0.997140957446809	43	nobgs	V1_c1	2	4	nobgs_V1_c1_rep2_env4	15040
0.999	18	0.99906914893617	14	nobgs	V1_c1	2	4	nobgs_V1_c1_rep2_env4	15040
0.995	11	0.994579229192834	82	nobgs	V1_c1	2	5	nobgs_V1_c1_rep2_env5	15127
0.997	14	0.997157400674291	43	nobgs	V1_c1	2	5	nobgs_V1_c1_rep2_env5	15127
0.999	19	0.998942288622992	16	nobgs	V1_c1	2	5	nobgs_V1_c1_rep2_env5	15127
0.995	10	0.995028218220908	74	nobgs	V1_c1	2	6	nobgs_V1_c1_rep2_env6	14884
0.997	12	0.997110991668906	43	nobgs	V1_c1	2	6	nobgs_V1_c1_rep2_env6	14884
0.999	18	0.99899220639613	15	nobgs	V1_c1	2	6	nobgs_V1_c1_rep2_env6	14884
0.995	10	0.994537676867391	83	nobgs	V1_c1	2	7	nobgs_V1_c1_rep2_env7	15195
0.997	13	0.997301743994735	41	nobgs	V1_c1	2	7	nobgs_V1_c1_rep2_env7	15195
0.999	18	0.999144455412965	13	nobgs	V1_c1	2	7	nobgs_V1_c1_rep2_env7	15195
0.995	10	0.994467496542185	84	nobgs	V1_c1	2	8	nobgs_V1_c1_rep2_env8	15183
0.997	13	0.996838569452677	48	nobgs	V1_c1	2	8	nobgs_V1_c1_rep2_env8	15183
0.999	18	0.999012052953962	15	nobgs	V1_c1	2	8	nobgs_V1_c1_rep2_env8	15183
0.995	10	0.99518555667001	72	nobgs	V1_c1	2	9	nobgs_V1_c1_rep2_env9	14955
0.997	12	0.9971247074557	43	nobgs	V1_c1	2	9	nobgs_V1_c1_rep2_env9	14955
0.999	17	0.999063858241391	14	nobgs	V1_c1	2	9	nobgs_V1_c1_rep2_env9	14955
0.995	10	0.995583679388307	67	nobgs	V1_c1	2	10	nobgs_V1_c1_rep2_env10	15171
0.997	12	0.996967899281524	46	nobgs	V1_c1	2	10	nobgs_V1_c1_rep2_env10	15171
0.999	18	0.998813525805814	18	nobgs	V1_c1	2	10	nobgs_V1_c1_rep2_env10	15171
0.995	7	0.995210855394439	72	nobgs	V1_c1	3	1	nobgs_V1_c1_rep3_env1	15034
0.997	8	0.996940268724225	46	nobgs	V1_c1	3	1	nobgs_V1_c1_rep3_env1	15034
0.999	12	0.999002261540508	15	nobgs	V1_c1	3	1	nobgs_V1_c1_rep3_env1	15034
0.995	7	0.994064053009387	86	nobgs	V1_c1	3	2	nobgs_V1_c1_rep3_env2	14488
0.997	9	0.997170071783545	41	nobgs	V1_c1	3	2	nobgs_V1_c1_rep3_env2	14488
0.999	15	0.99903368304804	14	nobgs	V1_c1	3	2	nobgs_V1_c1_rep3_env2	14488
0.995	7	0.995017935432443	75	nobgs	V1_c1	3	3	nobgs_V1_c1_rep3_env3	15054
0.997	8	0.996811478676764	48	nobgs	V1_c1	3	3	nobgs_V1_c1_rep3_env3	15054
0.999	11	0.998937159558921	16	nobgs	V1_c1	3	3	nobgs_V1_c1_rep3_env3	15054
0.995	7	0.994471458069673	83	nobgs	V1_c1	3	4	nobgs_V1_c1_rep3_env4	15013
0.997	9	0.997202424565377	42	nobgs	V1_c1	3	4	nobgs_V1_c1_rep3_env4	15013
0.999	12	0.998934256977286	16	nobgs	V1_c1	3	4	nobgs_V1_c1_rep3_env4	15013
0.995	8	0.995804104110667	64	nobgs	V1_c1	3	5	nobgs_V1_c1_rep3_env5	15253
0.997	9	0.997443125942438	39	nobgs	V1_c1	3	5	nobgs_V1_c1_rep3_env5	15253
0.999	11	0.998885465154396	17	nobgs	V1_c1	3	5	nobgs_V1_c1_rep3_env5	15253
0.995	7	0.995279519859734	70	nobgs	V1_c1	3	6	nobgs_V1_c1_rep3_env6	14829
0.997	8	0.996763099332389	48	nobgs	V1_c1	3	6	nobgs_V1_c1_rep3_env6	14829
0.999	11	0.998988468541372	15	nobgs	V1_c1	3	6	nobgs_V1_c1_rep3_env6	14829
0.995	7	0.994262295081967	84	nobgs	V1_c1	3	7	nobgs_V1_c1_rep3_env7	14640
0.997	9	0.997404371584699	38	nobgs	V1_c1	3	7	nobgs_V1_c1_rep3_env7	14640
0.999	12	0.998975409836066	15	nobgs	V1_c1	3	7	nobgs_V1_c1_rep3_env7	14640
0.995	7	0.994530416221985	82	nobgs	V1_c1	3	8	nobgs_V1_c1_rep3_env8	14992
0.997	8	0.997065101387407	44	nobgs	V1_c1	3	8	nobgs_V1_c1_rep3_env8	14992
0.999	11	0.999066168623266	14	nobgs	V1_c1	3	8	nobgs_V1_c1_rep3_env8	14992
0.995	7	0.995224514160642	72	nobgs	V1_c1	3	9	nobgs_V1_c1_rep3_env9	15077
0.997	8	0.996948995158188	46	nobgs	V1_c1	3	9	nobgs_V1_c1_rep3_env9	15077
0.999	12	0.9990051071168	15	nobgs	V1_c1	3	9	nobgs_V1_c1_rep3_env9	15077
0.995	7	0.995287402097438	71	nobgs	V1_c1	3	10	nobgs_V1_c1_rep3_env10	15066
0.997	8	0.996747643701049	49	nobgs	V1_c1	3	10	nobgs_V1_c1_rep3_env10	15066
0.999	12	0.999004380724811	15	nobgs	V1_c1	3	10	nobgs_V1_c1_rep3_env10	15066
0.995	13	0.995215955798127	71	nobgs	V1_c1	4	1	nobgs_V1_c1_rep4_env1	14841
0.997	16	0.996967859308672	45	nobgs	V1_c1	4	1	nobgs_V1_c1_rep4_env1	14841
0.999	25	0.999124048244727	13	nobgs	V1_c1	4	1	nobgs_V1_c1_rep4_env1	14841
0.995	12	0.994770900058827	80	nobgs	V1_c1	4	2	nobgs_V1_c1_rep4_env2	15299
0.997	16	0.997123995032355	44	nobgs	V1_c1	4	2	nobgs_V1_c1_rep4_env2	15299
0.999	25	0.99901954376103	15	nobgs	V1_c1	4	2	nobgs_V1_c1_rep4_env2	15299
0.995	11	0.994836605747673	76	nobgs	V1_c1	4	3	nobgs_V1_c1_rep4_env3	14719
0.997	14	0.997078605883552	43	nobgs	V1_c1	4	3	nobgs_V1_c1_rep4_env3	14719
0.999	20	0.999048848427203	14	nobgs	V1_c1	4	3	nobgs_V1_c1_rep4_env3	14719
0.995	12	0.99478051391863	78	nobgs	V1_c1	4	4	nobgs_V1_c1_rep4_env4	14944
0.997	16	0.996921841541756	46	nobgs	V1_c1	4	4	nobgs_V1_c1_rep4_env4	14944
0.999	26	0.99899625267666	15	nobgs	V1_c1	4	4	nobgs_V1_c1_rep4_env4	14944
0.995	12	0.995029956427015	73	nobgs	V1_c1	4	5	nobgs_V1_c1_rep4_env5	14688
0.997	15	0.997004357298475	44	nobgs	V1_c1	4	5	nobgs_V1_c1_rep4_env5	14688
0.999	25	0.999046840958606	14	nobgs	V1_c1	4	5	nobgs_V1_c1_rep4_env5	14688
0.995	12	0.994944729037476	75	nobgs	V1_c1	4	6	nobgs_V1_c1_rep4_env6	14836
0.997	15	0.997034241035319	44	nobgs	V1_c1	4	6	nobgs_V1_c1_rep4_env6	14836
0.999	24	0.999056349420329	14	nobgs	V1_c1	4	6	nobgs_V1_c1_rep4_env6	14836
0.995	13	0.995476335156303	67	nobgs	V1_c1	4	7	nobgs_V1_c1_rep4_env7	14811
0.997	15	0.996894200256566	46	nobgs	V1_c1	4	7	nobgs_V1_c1_rep4_env7	14811
0.999	25	0.998987239214098	15	nobgs	V1_c1	4	7	nobgs_V1_c1_rep4_env7	14811
0.995	11	0.994830283654173	76	nobgs	V1_c1	4	8	nobgs_V1_c1_rep4_env8	14701
0.997	14	0.997211074076593	41	nobgs	V1_c1	4	8	nobgs_V1_c1_rep4_env8	14701
0.999	19	0.999047683831032	14	nobgs	V1_c1	4	8	nobgs_V1_c1_rep4_env8	14701
0.995	11	0.99474216380182	78	nobgs	V1_c1	4	9	nobgs_V1_c1_rep4_env9	14835
0.997	13	0.996764408493428	48	nobgs	V1_c1	4	9	nobgs_V1_c1_rep4_env9	14835
0.999	20	0.998988877654196	15	nobgs	V1_c1	4	9	nobgs_V1_c1_rep4_env9	14835
0.995	13	0.994994660971703	75	nobgs	V1_c1	4	10	nobgs_V1_c1_rep4_env10	14984
0.997	15	0.996863320875601	47	nobgs	V1_c1	4	10	nobgs_V1_c1_rep4_env10	14984
0.999	21	0.998998932194341	15	nobgs	V1_c1	4	10	nobgs_V1_c1_rep4_env10	14984
0.995	8	0.994998666311016	75	nobgs	V1_c1	5	1	nobgs_V1_c1_rep5_env1	14996
0.997	10	0.997332622032542	40	nobgs	V1_c1	5	1	nobgs_V1_c1_rep5_env1	14996
0.999	16	0.99906641771139	14	nobgs	V1_c1	5	1	nobgs_V1_c1_rep5_env1	14996
0.995	7	0.994383561643836	82	nobgs	V1_c1	5	2	nobgs_V1_c1_rep5_env2	14600
0.997	9	0.997397260273973	38	nobgs	V1_c1	5	2	nobgs_V1_c1_rep5_env2	14600
0.999	15	0.999041095890411	14	nobgs	V1_c1	5	2	nobgs_V1_c1_rep5_env2	14600
0.995	9	0.995286107110122	72	nobgs	V1_c1	5	3	nobgs_V1_c1_rep5_env3	15274
0.997	12	0.997053816943826	45	nobgs	V1_c1	5	3	nobgs_V1_c1_rep5_env3	15274
0.999	32	0.999017938981275	15	nobgs	V1_c1	5	3	nobgs_V1_c1_rep5_env3	15274
0.995	8	0.994971882236189	76	nobgs	V1_c1	5	4	nobgs_V1_c1_rep5_env4	15115
0.997	10	0.997353622229573	40	nobgs	V1_c1	5	4	nobgs_V1_c1_rep5_env4	15115
0.999	19	0.998941448891829	16	nobgs	V1_c1	5	4	nobgs_V1_c1_rep5_env4	15115
0.995	8	0.994614747307374	78	nobgs	V1_c1	5	5	nobgs_V1_c1_rep5_env5	14484
0.997	9	0.996409831538249	52	nobgs	V1_c1	5	5	nobgs_V1_c1_rep5_env5	14484
0.999	14	0.998964374482187	15	nobgs	V1_c1	5	5	nobgs_V1_c1_rep5_env5	14484
0.995	8	0.994524833789597	84	nobgs	V1_c1	5	6	nobgs_V1_c1_rep5_env6	15342
0.997	13	0.997197236344675	43	nobgs	V1_c1	5	6	nobgs_V1_c1_rep5_env6	15342
0.999	29	0.999022291748142	15	nobgs	V1_c1	5	6	nobgs_V1_c1_rep5_env6	15342
0.995	8	0.99542318464376	67	nobgs	V1_c1	5	7	nobgs_V1_c1_rep5_env7	14639
0.997	10	0.997335883598607	39	nobgs	V1_c1	5	7	nobgs_V1_c1_rep5_env7	14639
0.999	16	0.999043650522577	14	nobgs	V1_c1	5	7	nobgs_V1_c1_rep5_env7	14639
0.995	8	0.995727944666712	63	nobgs	V1_c1	5	8	nobgs_V1_c1_rep5_env8	14747
0.997	9	0.996812911100563	47	nobgs	V1_c1	5	8	nobgs_V1_c1_rep5_env8	14747
0.999	14	0.998982843968265	15	nobgs	V1_c1	5	8	nobgs_V1_c1_rep5_env8	14747
0.995	9	0.99559357179886	68	nobgs	V1_c1	5	9	nobgs_V1_c1_rep5_env9	15432
0.997	12	0.996954380508035	47	nobgs	V1_c1	5	9	nobgs_V1_c1_rep5_env9	15432
0.999	29	0.99902799377916	15	nobgs	V1_c1	5	9	nobgs_V1_c1_rep5_env9	15432
0.995	9	0.995101880877743	75	nobgs	V1_c1	5	10	nobgs_V1_c1_rep5_env10	15312
0.997	11	0.997126436781609	44	nobgs	V1_c1	5	10	nobgs_V1_c1_rep5_env10	15312
0.999	19	0.999020376175549	15	nobgs	V1_c1	5	10	nobgs_V1_c1_rep5_env10	15312
0.995	8	0.995508397344096	69	nobgs	V1_c1	6	1	nobgs_V1_c1_rep6_env1	15362
0.997	9	0.996875406848067	48	nobgs	V1_c1	6	1	nobgs_V1_c1_rep6_env1	15362
0.999	14	0.999088660330686	14	nobgs	V1_c1	6	1	nobgs_V1_c1_rep6_env1	15362
0.995	7	0.994091090160669	89	nobgs	V1_c1	6	2	nobgs_V1_c1_rep6_env2	15062
0.997	8	0.996547603239942	52	nobgs	V1_c1	6	2	nobgs_V1_c1_rep6_env2	15062
0.999	13	0.999004116319214	15	nobgs	V1_c1	6	2	nobgs_V1_c1_rep6_env2	15062
0.995	8	0.995382113821138	71	nobgs	V1_c1	6	3	nobgs_V1_c1_rep6_env3	15375
0.997	9	0.996747967479675	50	nobgs	V1_c1	6	3	nobgs_V1_c1_rep6_env3	15375
0.999	16	0.999089430894309	14	nobgs	V1_c1	6	3	nobgs_V1_c1_rep6_env3	15375
0.995	8	0.995402452025586	69	nobgs	V1_c1	6	4	nobgs_V1_c1_rep6_env4	15008
0.997	9	0.997268123667377	41	nobgs	V1_c1	6	4	nobgs_V1_c1_rep6_env4	15008
0.999	13	0.99900053304904	15	nobgs	V1_c1	6	4	nobgs_V1_c1_rep6_env4	15008
0.995	7	0.993918097040141	90	nobgs	V1_c1	6	5	nobgs_V1_c1_rep6_env5	14798
0.997	9	0.997229355318286	41	nobgs	V1_c1	6	5	nobgs_V1_c1_rep6_env5	14798
0.999	14	0.999053926206244	14	nobgs	V1_c1	6	5	nobgs_V1_c1_rep6_env5	14798
0.995	8	0.995811792421962	64	nobgs	V1_c1	6	6	nobgs_V1_c1_rep6_env6	15281
0.997	9	0.997120607290099	44	nobgs	V1_c1	6	6	nobgs_V1_c1_rep6_env6	15281
0.999	14	0.999018388848897	15	nobgs	V1_c1	6	6	nobgs_V1_c1_rep6_env6	15281
0.995	8	0.995602760113652	65	nobgs	V1_c1	6	7	nobgs_V1_c1_rep6_env7	14782
0.997	9	0.99722635637938	41	nobgs	V1_c1	6	7	nobgs_V1_c1_rep6_env7	14782
0.999	14	0.998917602489514	16	nobgs	V1_c1	6	7	nobgs_V1_c1_rep6_env7	14782
0.995	8	0.995980976622681	60	nobgs	V1_c1	6	8	nobgs_V1_c1_rep6_env8	14929
0.997	9	0.997588585973608	36	nobgs	V1_c1	6	8	nobgs_V1_c1_rep6_env8	14929
0.999	13	0.999062227878625	14	nobgs	V1_c1	6	8	nobgs_V1_c1_rep6_env8	14929
0.995	7	0.99486199855082	78	nobgs	V1_c1	6	9	nobgs_V1_c1_rep6_env9	15181
0.997	8	0.996508793887096	53	nobgs	V1_c1	6	9	nobgs_V1_c1_rep6_env9	15181
0.999	12	0.998946050984784	16	nobgs	V1_c1	6	9	nobgs_V1_c1_rep6_env9	15181
0.995	7	0.994430816150633	84	nobgs	V1_c1	6	10	nobgs_V1_c1_rep6_env10	15083
0.997	8	0.996552409998011	52	nobgs	V1_c1	6	10	nobgs_V1_c1_rep6_env10	15083
0.999	12	0.999071802691772	14	nobgs	V1_c1	6	10	nobgs_V1_c1_rep6_env10	15083
0.995	11	0.995458434805503	69	nobgs	V1_c1	7	1	nobgs_V1_c1_rep7_env1	15193
0.997	13	0.996906470084907	47	nobgs	V1_c1	7	1	nobgs_V1_c1_rep7_env1	15193
0.999	18	0.999012703218587	15	nobgs	V1_c1	7	1	nobgs_V1_c1_rep7_env1	15193
0.995	10	0.994558563460754	80	nobgs	V1_c1	7	2	nobgs_V1_c1_rep7_env2	14702
0.997	12	0.997143245816896	42	nobgs	V1_c1	7	2	nobgs_V1_c1_rep7_env2	14702
0.999	15	0.999047748605632	14	nobgs	V1_c1	7	2	nobgs_V1_c1_rep7_env2	14702
0.995	11	0.994384303112314	83	nobgs	V1_c1	7	3	nobgs_V1_c1_rep7_env3	14780
0.997	13	0.996752368064953	48	nobgs	V1_c1	7	3	nobgs_V1_c1_rep7_env3	14780
0.999	23	0.999052774018945	14	nobgs	V1_c1	7	3	nobgs_V1_c1_rep7_env3	14780
0.995	10	0.994589178356713	81	nobgs	V1_c1	7	4	nobgs_V1_c1_rep7_env4	14970
0.997	12	0.99686038744155	47	nobgs	V1_c1	7	4	nobgs_V1_c1_rep7_env4	14970
0.999	17	0.999064796259185	14	nobgs	V1_c1	7	4	nobgs_V1_c1_rep7_env4	14970
0.995	10	0.994812188074599	79	nobgs	V1_c1	7	5	nobgs_V1_c1_rep7_env5	15228
0.997	12	0.997176254268453	43	nobgs	V1_c1	7	5	nobgs_V1_c1_rep7_env5	15228
0.999	16	0.999080640924613	14	nobgs	V1_c1	7	5	nobgs_V1_c1_rep7_env5	15228
0.995	11	0.995217300894157	69	nobgs	V1_c1	7	6	nobgs_V1_c1_rep7_env6	14427
0.997	15	0.997158106328412	41	nobgs	V1_c1	7	6	nobgs_V1_c1_rep7_env6	14427
0.999	22	0.998890968323283	16	nobgs	V1_c1	7	6	nobgs_V1_c1_rep7_env6	14427
0.995	10	0.995234628367198	72	nobgs	V1_c1	7	7	nobgs_V1_c1_rep7_env7	15109
0.997	12	0.997286385597988	41	nobgs	V1_c1	7	7	nobgs_V1_c1_rep7_env7	15109
0.999	17	0.998941028526044	16	nobgs	V1_c1	7	7	nobgs_V1_c1_rep7_env7	15109
0.995	10	0.994945240101095	72	nobgs	V1_c1	7	8	nobgs_V1_c1_rep7_env8	14244
0.997	12	0.996770570064589	46	nobgs	V1_c1	7	8	nobgs_V1_c1_rep7_env8	14244
0.999	18	0.999017130019657	14	nobgs	V1_c1	7	8	nobgs_V1_c1_rep7_env8	14244
0.995	11	0.994603623281511	84	nobgs	V1_c1	7	9	nobgs_V1_c1_rep7_env9	15566
0.997	14	0.99710908390081	45	nobgs	V1_c1	7	9	nobgs_V1_c1_rep7_env9	15566
0.999	21	0.999164846460234	13	nobgs	V1_c1	7	9	nobgs_V1_c1_rep7_env9	15566
0.995	10	0.995330220146765	70	nobgs	V1_c1	7	10	nobgs_V1_c1_rep7_env10	14990
0.997	12	0.997064709806538	44	nobgs	V1_c1	7	10	nobgs_V1_c1_rep7_env10	14990
0.999	17	0.998999332888592	15	nobgs	V1_c1	7	10	nobgs_V1_c1_rep7_env10	14990
0.995	7	0.99496588726237	76	nobgs	V1_c1	8	1	nobgs_V1_c1_rep8_env1	15097
0.997	8	0.996621845399748	51	nobgs	V1_c1	8	1	nobgs_V1_c1_rep8_env1	15097
0.999	16	0.999072663443068	14	nobgs	V1_c1	8	1	nobgs_V1_c1_rep8_env1	15097
0.995	8	0.995522995522995	66	nobgs	V1_c1	8	2	nobgs_V1_c1_rep8_env2	14742
0.997	9	0.99647266313933	52	nobgs	V1_c1	8	2	nobgs_V1_c1_rep8_env2	14742
0.999	15	0.999050332383666	14	nobgs	V1_c1	8	2	nobgs_V1_c1_rep8_env2	14742
0.995	7	0.994623655913978	80	nobgs	V1_c1	8	3	nobgs_V1_c1_rep8_env3	14880
0.997	8	0.996841397849462	47	nobgs	V1_c1	8	3	nobgs_V1_c1_rep8_env3	14880
0.999	14	0.999126344086022	13	nobgs	V1_c1	8	3	nobgs_V1_c1_rep8_env3	14880
0.995	7	0.995238725036371	72	nobgs	V1_c1	8	4	nobgs_V1_c1_rep8_env4	15122
0.997	8	0.997090331966671	44	nobgs	V1_c1	8	4	nobgs_V1_c1_rep8_env4	15122
0.999	12	0.998941938896971	16	nobgs	V1_c1	8	4	nobgs_V1_c1_rep8_env4	15122
0.995	7	0.994112198994443	89	nobgs	V1_c1	8	5	nobgs_V1_c1_rep8_env5	15116
0.997	8	0.996493781423657	53	nobgs	V1_c1	8	5	nobgs_V1_c1_rep8_env5	15116
0.999	12	0.999007673987827	15	nobgs	V1_c1	8	5	nobgs_V1_c1_rep8_env5	15116
0.995	7	0.99465275944019	81	nobgs	V1_c1	8	6	nobgs_V1_c1_rep8_env6	15148
0.997	9	0.997623448640084	36	nobgs	V1_c1	8	6	nobgs_V1_c1_rep8_env6	15148
0.999	13	0.999009770266702	15	nobgs	V1_c1	8	6	nobgs_V1_c1_rep8_env6	15148
0.995	8	0.995782567947516	63	nobgs	V1_c1	8	7	nobgs_V1_c1_rep8_env7	14938
0.997	9	0.996920605168028	46	nobgs	V1_c1	8	7	nobgs_V1_c1_rep8_env7	14938
0.999	13	0.998928906145401	16	nobgs	V1_c1	8	7	nobgs_V1_c1_rep8_env7	14938
0.995	7	0.995006990213701	75	nobgs	V1_c1	8	8	nobgs_V1_c1_rep8_env8	15021
0.997	8	0.996871047200586	47	nobgs	V1_c1	8	8	nobgs_V1_c1_rep8_env8	15021
0.999	12	0.998934824578923	16	nobgs	V1_c1	8	8	nobgs_V1_c1_rep8_env8	15021
0.995	7	0.995491015184669	68	nobgs	V1_c1	8	9	nobgs_V1_c1_rep8_env9	15081
0.997	8	0.997612890391884	36	nobgs	V1_c1	8	9	nobgs_V1_c1_rep8_env9	15081
0.999	10	0.998872753796167	17	nobgs	V1_c1	8	9	nobgs_V1_c1_rep8_env9	15081
0.995	7	0.994895591647332	77	nobgs	V1_c1	8	10	nobgs_V1_c1_rep8_env10	15085
0.997	8	0.996884322174345	47	nobgs	V1_c1	8	10	nobgs_V1_c1_rep8_env10	15085
0.999	12	0.998873052701359	17	nobgs	V1_c1	8	10	nobgs_V1_c1_rep8_env10	15085
0.995	7	0.994295028524857	84	nobgs	V1_c1	9	1	nobgs_V1_c1_rep9_env1	14724
0.997	9	0.997555012224939	36	nobgs	V1_c1	9	1	nobgs_V1_c1_rep9_env1	14724
0.999	12	0.99904917142081	14	nobgs	V1_c1	9	1	nobgs_V1_c1_rep9_env1	14724
0.995	7	0.994140230349566	87	nobgs	V1_c1	9	2	nobgs_V1_c1_rep9_env2	14847
0.997	9	0.997440560382569	38	nobgs	V1_c1	9	2	nobgs_V1_c1_rep9_env2	14847
0.999	12	0.999191755910285	12	nobgs	V1_c1	9	2	nobgs_V1_c1_rep9_env2	14847
0.995	8	0.995857947986691	61	nobgs	V1_c1	9	3	nobgs_V1_c1_rep9_env3	14727
0.997	9	0.997012290351056	44	nobgs	V1_c1	9	3	nobgs_V1_c1_rep9_env3	14727
0.999	14	0.999117267603721	13	nobgs	V1_c1	9	3	nobgs_V1_c1_rep9_env3	14727
0.995	8	0.995288733342307	70	nobgs	V1_c1	9	4	nobgs_V1_c1_rep9_env4	14858
0.997	9	0.996836720958406	47	nobgs	V1_c1	9	4	nobgs_V1_c1_rep9_env4	14858
0.999	13	0.999125050477857	13	nobgs	V1_c1	9	4	nobgs_V1_c1_rep9_env4	14858
0.995	8	0.994687289845326	79	nobgs	V1_c1	9	5	nobgs_V1_c1_rep9_env5	14870
0.997	9	0.996637525218561	50	nobgs	V1_c1	9	5	nobgs_V1_c1_rep9_env5	14870
0.999	14	0.999125756556826	13	nobgs	V1_c1	9	5	nobgs_V1_c1_rep9_env5	14870
0.995	8	0.99562672407993	65	nobgs	V1_c1	9	6	nobgs_V1_c1_rep9_env6	14863
0.997	9	0.996837785103949	47	nobgs	V1_c1	9	6	nobgs_V1_c1_rep9_env6	14863
0.999	13	0.999192625983987	12	nobgs	V1_c1	9	6	nobgs_V1_c1_rep9_env6	14863
0.995	8	0.996068763326226	59	nobgs	V1_c1	9	7	nobgs_V1_c1_rep9_env7	15008
0.997	9	0.997334754797441	40	nobgs	V1_c1	9	7	nobgs_V1_c1_rep9_env7	15008
0.999	12	0.998867270788913	17	nobgs	V1_c1	9	7	nobgs_V1_c1_rep9_env7	15008
0.995	7	0.99418911780243	88	nobgs	V1_c1	9	8	nobgs_V1_c1_rep9_env8	15144
0.997	9	0.996830427892234	48	nobgs	V1_c1	9	8	nobgs_V1_c1_rep9_env8	15144
0.999	13	0.999009508716323	15	nobgs	V1_c1	9	8	nobgs_V1_c1_rep9_env8	15144
0.995	8	0.995736459929385	64	nobgs	V1_c1	9	9	nobgs_V1_c1_rep9_env9	15011
0.997	9	0.997068816201452	44	nobgs	V1_c1	9	9	nobgs_V1_c1_rep9_env9	15011
0.999	14	0.999067350609553	14	nobgs	V1_c1	9	9	nobgs_V1_c1_rep9_env9	15011
0.995	7	0.994446701882703	82	nobgs	V1_c1	9	10	nobgs_V1_c1_rep9_env10	14766
0.997	9	0.997426520384668	38	nobgs	V1_c1	9	10	nobgs_V1_c1_rep9_env10	14766
0.999	13	0.998848706487878	17	nobgs	V1_c1	9	10	nobgs_V1_c1_rep9_env10	14766
0.995	7	0.995032556890649	74	nobgs	V1_c1	10	1	nobgs_V1_c1_rep10_env1	14897
0.997	8	0.996912129959052	46	nobgs	V1_c1	10	1	nobgs_V1_c1_rep10_env1	14897
0.999	11	0.999060213465798	14	nobgs	V1_c1	10	1	nobgs_V1_c1_rep10_env1	14897
0.995	8	0.99512161605057	71	nobgs	V1_c1	10	2	nobgs_V1_c1_rep10_env2	14554
0.997	9	0.996908066510925	45	nobgs	V1_c1	10	2	nobgs_V1_c1_rep10_env2	14554
0.999	14	0.998969355503642	15	nobgs	V1_c1	10	2	nobgs_V1_c1_rep10_env2	14554
0.995	7	0.994273780652115	85	nobgs	V1_c1	10	3	nobgs_V1_c1_rep10_env3	14844
0.997	8	0.996362166531932	54	nobgs	V1_c1	10	3	nobgs_V1_c1_rep10_env3	14844
0.999	11	0.998989490703315	15	nobgs	V1_c1	10	3	nobgs_V1_c1_rep10_env3	14844
0.995	8	0.995161510154014	71	nobgs	V1_c1	10	4	nobgs_V1_c1_rep10_env4	14674
0.997	10	0.997001499250375	44	nobgs	V1_c1	10	4	nobgs_V1_c1_rep10_env4	14674
0.999	15	0.998909636091046	16	nobgs	V1_c1	10	4	nobgs_V1_c1_rep10_env4	14674
0.995	8	0.995631426843202	65	nobgs	V1_c1	10	5	nobgs_V1_c1_rep10_env5	14879
0.997	9	0.996706767927952	49	nobgs	V1_c1	10	5	nobgs_V1_c1_rep10_env5	14879
0.999	13	0.99912628536864	13	nobgs	V1_c1	10	5	nobgs_V1_c1_rep10_env5	14879
0.995	7	0.994589476531855	80	nobgs	V1_c1	10	6	nobgs_V1_c1_rep10_env6	14786
0.997	8	0.996483159745705	52	nobgs	V1_c1	10	6	nobgs_V1_c1_rep10_env6	14786
0.999	12	0.999053158393074	14	nobgs	V1_c1	10	6	nobgs_V1_c1_rep10_env6	14786
0.995	7	0.994289598912304	84	nobgs	V1_c1	10	7	nobgs_V1_c1_rep10_env7	14710
0.997	9	0.996940856560163	45	nobgs	V1_c1	10	7	nobgs_V1_c1_rep10_env7	14710
0.999	12	0.998912304554725	16	nobgs	V1_c1	10	7	nobgs_V1_c1_rep10_env7	14710
0.995	8	0.994986295875393	75	nobgs	V1_c1	10	8	nobgs_V1_c1_rep10_env8	14959
0.997	10	0.99719232569022	42	nobgs	V1_c1	10	8	nobgs_V1_c1_rep10_env8	14959
0.999	14	0.99893040978675	16	nobgs	V1_c1	10	8	nobgs_V1_c1_rep10_env8	14959
0.995	8	0.996211365902293	57	nobgs	V1_c1	10	9	nobgs_V1_c1_rep10_env9	15045
0.997	9	0.997208374875374	42	nobgs	V1_c1	10	9	nobgs_V1_c1_rep10_env9	15045
0.999	14	0.999069458291791	14	nobgs	V1_c1	10	9	nobgs_V1_c1_rep10_env9	15045
0.995	8	0.994824573195322	77	nobgs	V1_c1	10	10	nobgs_V1_c1_rep10_env10	14878
0.997	10	0.997177039924721	42	nobgs	V1_c1	10	10	nobgs_V1_c1_rep10_env10	14878
0.999	16	0.998991799973115	15	nobgs	V1_c1	10	10	nobgs_V1_c1_rep10_env10	14878
0.995	8	0.994991200758088	74	nobgs	V2_c1	1	1	nobgs_V2_c1_rep1_env1	14774
0.997	10	0.997089481521592	43	nobgs	V2_c1	1	1	nobgs_V2_c1_rep1_env1	14774
0.999	18	0.998984702856369	15	nobgs	V2_c1	1	1	nobgs_V2_c1_rep1_env1	14774
0.995	8	0.994532937365011	81	nobgs	V2_c1	1	2	nobgs_V2_c1_rep1_env2	14816
0.997	10	0.99689524838013	46	nobgs	V2_c1	1	2	nobgs_V2_c1_rep1_env2	14816
0.999	17	0.99898758099352	15	nobgs	V2_c1	1	2	nobgs_V2_c1_rep1_env2	14816
0.995	8	0.995364689843217	68	nobgs	V2_c1	1	3	nobgs_V2_c1_rep1_env3	14670
0.997	9	0.996932515337423	45	nobgs	V2_c1	1	3	nobgs_V2_c1_rep1_env3	14670
0.999	14	0.99918200408998	12	nobgs	V2_c1	1	3	nobgs_V2_c1_rep1_env3	14670
0.995	8	0.994742518198975	78	nobgs	V2_c1	1	4	nobgs_V2_c1_rep1_env4	14836
0.997	10	0.997303855486654	40	nobgs	V2_c1	1	4	nobgs_V2_c1_rep1_env4	14836
0.999	14	0.998988945807495	15	nobgs	V2_c1	1	4	nobgs_V2_c1_rep1_env4	14836
0.995	8	0.995574627866434	66	nobgs	V2_c1	1	5	nobgs_V2_c1_rep1_env5	14914
0.997	9	0.997250905189755	41	nobgs	V2_c1	1	5	nobgs_V2_c1_rep1_env5	14914
0.999	14	0.998994233606008	15	nobgs	V2_c1	1	5	nobgs_V2_c1_rep1_env5	14914
0.995	9	0.995168122848822	73	nobgs	V2_c1	1	6	nobgs_V2_c1_rep1_env6	15108
0.997	11	0.996822875297855	48	nobgs	V2_c1	1	6	nobgs_V2_c1_rep1_env6	15108
0.999	18	0.998940958432618	16	nobgs	V2_c1	1	6	nobgs_V2_c1_rep1_env6	15108
0.995	8	0.994775969459514	78	nobgs	V2_c1	1	7	nobgs_V2_c1_rep1_env7	14931
0.997	10	0.996852186725605	47	nobgs	V2_c1	1	7	nobgs_V2_c1_rep1_env7	14931
0.999	17	0.998995378742214	15	nobgs	V2_c1	1	7	nobgs_V2_c1_rep1_env7	14931
0.995	8	0.995028263978751	73	nobgs	V2_c1	1	8	nobgs_V2_c1_rep1_env8	14683
0.997	10	0.997139549138459	42	nobgs	V2_c1	1	8	nobgs_V2_c1_rep1_env8	14683
0.999	15	0.998978410406593	15	nobgs	V2_c1	1	8	nobgs_V2_c1_rep1_env8	14683
0.995	8	0.995407498800466	67	nobgs	V2_c1	1	9	nobgs_V2_c1_rep1_env9	14589
0.997	10	0.99739529782713	38	nobgs	V2_c1	1	9	nobgs_V2_c1_rep1_env9	14589
0.999	15	0.998971828089657	15	nobgs	V2_c1	1	9	nobgs_V2_c1_rep1_env9	14589
0.995	8	0.995411296308793	68	nobgs	V2_c1	1	10	nobgs_V2_c1_rep1_env10	14819
0.997	9	0.99662595316823	50	nobgs	V2_c1	1	10	nobgs_V2_c1_rep1_env10	14819
0.999	15	0.998987785950469	15	nobgs	V2_c1	1	10	nobgs_V2_c1_rep1_env10	14819
0.995	11	0.995349455221897	70	nobgs	V2_c1	2	1	nobgs_V2_c1_rep2_env1	15052
0.997	13	0.997209673133139	42	nobgs	V2_c1	2	1	nobgs_V2_c1_rep2_env1	15052
0.999	20	0.99906989104438	14	nobgs	V2_c1	2	1	nobgs_V2_c1_rep2_env1	15052
0.995	12	0.994735088303899	79	nobgs	V2_c1	2	2	nobgs_V2_c1_rep2_env2	15005
0.997	15	0.997067644118627	44	nobgs	V2_c1	2	2	nobgs_V2_c1_rep2_env2	15005
0.999	24	0.999000333222259	15	nobgs	V2_c1	2	2	nobgs_V2_c1_rep2_env2	15005
0.995	12	0.994926867835024	77	nobgs	V2_c1	2	3	nobgs_V2_c1_rep2_env3	15178
0.997	14	0.996969297667677	46	nobgs	V2_c1	2	3	nobgs_V2_c1_rep2_env3	15178
0.999	24	0.998945842667018	16	nobgs	V2_c1	2	3	nobgs_V2_c1_rep2_env3	15178
0.995	11	0.994730171436195	79	nobgs	V2_c1	2	4	nobgs_V2_c1_rep2_env4	14991
0.997	15	0.997265025682076	41	nobgs	V2_c1	2	4	nobgs_V2_c1_rep2_env4	14991
0.999	23	0.998999399639784	15	nobgs	V2_c1	2	4	nobgs_V2_c1_rep2_env4	14991
0.995	11	0.994883720930233	77	nobgs	V2_c1	2	5	nobgs_V2_c1_rep2_env5	15050
0.997	14	0.997076411960133	44	nobgs	V2_c1	2	5	nobgs_V2_c1_rep2_env5	15050
0.999	21	0.999003322259136	15	nobgs	V2_c1	2	5	nobgs_V2_c1_rep2_env5	15050
0.995	10	0.994834094973177	78	nobgs	V2_c1	2	6	nobgs_V2_c1_rep2_env6	15099
0.997	14	0.997284588383337	41	nobgs	V2_c1	2	6	nobgs_V2_c1_rep2_env6	15099
0.999	20	0.998940327173985	16	nobgs	V2_c1	2	6	nobgs_V2_c1_rep2_env6	15099
0.995	10	0.994401492935217	84	nobgs	V2_c1	2	7	nobgs_V2_c1_rep2_env7	15004
0.997	13	0.997000799786723	45	nobgs	V2_c1	2	7	nobgs_V2_c1_rep2_env7	15004
0.999	17	0.999000266595574	15	nobgs	V2_c1	2	7	nobgs_V2_c1_rep2_env7	15004
0.995	11	0.995570898195792	68	nobgs	V2_c1	2	8	nobgs_V2_c1_rep2_env8	15353
0.997	14	0.996938709047092	47	nobgs	V2_c1	2	8	nobgs_V2_c1_rep2_env8	15353
0.999	24	0.999088126099134	14	nobgs	V2_c1	2	8	nobgs_V2_c1_rep2_env8	15353
0.995	11	0.994955863808323	76	nobgs	V2_c1	2	9	nobgs_V2_c1_rep2_env9	15067
0.997	13	0.996946970199774	46	nobgs	V2_c1	2	9	nobgs_V2_c1_rep2_env9	15067
0.999	20	0.998938076591226	16	nobgs	V2_c1	2	9	nobgs_V2_c1_rep2_env9	15067
0.995	12	0.995245641838352	72	nobgs	V2_c1	2	10	nobgs_V2_c1_rep2_env10	15144
0.997	15	0.997226624405705	42	nobgs	V2_c1	2	10	nobgs_V2_c1_rep2_env10	15144
0.999	20	0.998943475964078	16	nobgs	V2_c1	2	10	nobgs_V2_c1_rep2_env10	15144
0.995	8	0.995568685376662	66	nobgs	V2_c1	3	1	nobgs_V2_c1_rep3_env1	14894
0.997	9	0.996777225728481	48	nobgs	V2_c1	3	1	nobgs_V2_c1_rep3_env1	14894
0.999	14	0.999127165301464	13	nobgs	V2_c1	3	1	nobgs_V2_c1_rep3_env1	14894
0.995	8	0.99588750331653	62	nobgs	V2_c1	3	2	nobgs_V2_c1_rep3_env2	15076
0.997	9	0.997015123374901	45	nobgs	V2_c1	3	2	nobgs_V2_c1_rep3_env2	15076
0.999	14	0.999137702308305	13	nobgs	V2_c1	3	2	nobgs_V2_c1_rep3_env2	15076
0.995	7	0.99526963103122	70	nobgs	V2_c1	3	3	nobgs_V2_c1_rep3_env3	14798
0.997	9	0.997499662116502	37	nobgs	V2_c1	3	3	nobgs_V2_c1_rep3_env3	14798
0.999	13	0.999053926206244	14	nobgs	V2_c1	3	3	nobgs_V2_c1_rep3_env3	14798
0.995	7	0.995342872570194	69	nobgs	V2_c1	3	4	nobgs_V2_c1_rep3_env4	14816
0.997	8	0.99723272138229	41	nobgs	V2_c1	3	4	nobgs_V2_c1_rep3_env4	14816
0.999	11	0.999190064794816	12	nobgs	V2_c1	3	4	nobgs_V2_c1_rep3_env4	14816
0.995	7	0.994303926222283	84	nobgs	V2_c1	3	5	nobgs_V2_c1_rep3_env5	14747
0.997	9	0.997219773513257	41	nobgs	V2_c1	3	5	nobgs_V2_c1_rep3_env5	14747
0.999	12	0.99905065437038	14	nobgs	V2_c1	3	5	nobgs_V2_c1_rep3_env5	14747
0.995	7	0.995479692349211	67	nobgs	V2_c1	3	6	nobgs_V2_c1_rep3_env6	14822
0.997	8	0.99709890703009	43	nobgs	V2_c1	3	6	nobgs_V2_c1_rep3_env6	14822
0.999	11	0.99898799082445	15	nobgs	V2_c1	3	6	nobgs_V2_c1_rep3_env6	14822
0.995	8	0.995302607393288	69	nobgs	V2_c1	3	7	nobgs_V2_c1_rep3_env7	14689
0.997	9	0.997208795697461	41	nobgs	V2_c1	3	7	nobgs_V2_c1_rep3_env7	14689
0.999	13	0.998978827694193	15	nobgs	V2_c1	3	7	nobgs_V2_c1_rep3_env7	14689
0.995	7	0.994297980814382	85	nobgs	V2_c1	3	8	nobgs_V2_c1_rep3_env8	14907
0.997	9	0.99751794458979	37	nobgs	V2_c1	3	8	nobgs_V2_c1_rep3_env8	14907
0.999	11	0.998926678741531	16	nobgs	V2_c1	3	8	nobgs_V2_c1_rep3_env8	14907
0.995	7	0.994494664582342	81	nobgs	V2_c1	3	9	nobgs_V2_c1_rep3_env9	14713
0.997	9	0.997009447427445	44	nobgs	V2_c1	3	9	nobgs_V2_c1_rep3_env9	14713
0.999	12	0.998980493441174	15	nobgs	V2_c1	3	9	nobgs_V2_c1_rep3_env9	14713
0.995	7	0.994396813609667	83	nobgs	V2_c1	3	10	nobgs_V2_c1_rep3_env10	14813
0.997	8	0.996827111321137	47	nobgs	V2_c1	3	10	nobgs_V2_c1_rep3_env10	14813
0.999	12	0.999054884223317	14	nobgs	V2_c1	3	10	nobgs_V2_c1_rep3_env10	14813
0.995	13	0.995235574377978	72	nobgs	V2_c1	4	1	nobgs_V2_c1_rep4_env1	15112
0.997	15	0.996889888830069	47	nobgs	V2_c1	4	1	nobgs_V2_c1_rep4_env1	15112
0.999	24	0.999073583906829	14	nobgs	V2_c1	4	1	nobgs_V2_c1_rep4_env1	15112
0.995	12	0.994986145929542	76	nobgs	V2_c1	4	2	nobgs_V2_c1_rep4_env2	15158
0.997	15	0.996899327088006	47	nobgs	V2_c1	4	2	nobgs_V2_c1_rep4_env2	15158
0.999	23	0.99894445177464	16	nobgs	V2_c1	4	2	nobgs_V2_c1_rep4_env2	15158
0.995	11	0.994946472504821	76	nobgs	V2_c1	4	3	nobgs_V2_c1_rep4_env3	15039
0.997	15	0.99694128598976	46	nobgs	V2_c1	4	3	nobgs_V2_c1_rep4_env3	15039
0.999	24	0.999069087040362	14	nobgs	V2_c1	4	3	nobgs_V2_c1_rep4_env3	15039
0.995	12	0.995420759224847	69	nobgs	V2_c1	4	4	nobgs_V2_c1_rep4_env4	15068
0.997	14	0.997013538624901	45	nobgs	V2_c1	4	4	nobgs_V2_c1_rep4_env4	15068
0.999	21	0.998938147066631	16	nobgs	V2_c1	4	4	nobgs_V2_c1_rep4_env4	15068
0.995	10	0.994730171436195	79	nobgs	V2_c1	4	5	nobgs_V2_c1_rep4_env5	14991
0.997	14	0.997064905610033	44	nobgs	V2_c1	4	5	nobgs_V2_c1_rep4_env5	14991
0.999	24	0.998999399639784	15	nobgs	V2_c1	4	5	nobgs_V2_c1_rep4_env5	14991
0.995	11	0.994561973605677	82	nobgs	V2_c1	4	6	nobgs_V2_c1_rep4_env6	15079
0.997	14	0.996617812852311	51	nobgs	V2_c1	4	6	nobgs_V2_c1_rep4_env6	15079
0.999	23	0.999005239074209	15	nobgs	V2_c1	4	6	nobgs_V2_c1_rep4_env6	15079
0.995	11	0.994671994671995	80	nobgs	V2_c1	4	7	nobgs_V2_c1_rep4_env7	15015
0.997	15	0.997136197136197	43	nobgs	V2_c1	4	7	nobgs_V2_c1_rep4_env7	15015
0.999	23	0.999067599067599	14	nobgs	V2_c1	4	7	nobgs_V2_c1_rep4_env7	15015
0.995	12	0.995507147719537	66	nobgs	V2_c1	4	8	nobgs_V2_c1_rep4_env8	14690
0.997	15	0.997072838665759	43	nobgs	V2_c1	4	8	nobgs_V2_c1_rep4_env8	14690
0.999	25	0.999046970728387	14	nobgs	V2_c1	4	8	nobgs_V2_c1_rep4_env8	14690
0.995	11	0.995007421400621	74	nobgs	V2_c1	4	9	nobgs_V2_c1_rep4_env9	14822
0.997	15	0.99696397247335	45	nobgs	V2_c1	4	9	nobgs_V2_c1_rep4_env9	14822
0.999	25	0.99898799082445	15	nobgs	V2_c1	4	9	nobgs_V2_c1_rep4_env9	14822
0.995	11	0.995314905294157	70	nobgs	V2_c1	4	10	nobgs_V2_c1_rep4_env10	14941
0.997	14	0.997322803025233	40	nobgs	V2_c1	4	10	nobgs_V2_c1_rep4_env10	14941
0.999	22	0.998929121210093	16	nobgs	V2_c1	4	10	nobgs_V2_c1_rep4_env10	14941
0.995	8	0.995140238822549	70	nobgs	V2_c1	5	1	nobgs_V2_c1_rep5_env1	14404
0.997	9	0.996459316856429	51	nobgs	V2_c1	5	1	nobgs_V2_c1_rep5_env1	14404
0.999	15	0.99902804776451	14	nobgs	V2_c1	5	1	nobgs_V2_c1_rep5_env1	14404
0.995	8	0.995685455810717	62	nobgs	V2_c1	5	2	nobgs_V2_c1_rep5_env2	14370
0.997	9	0.996798886569241	46	nobgs	V2_c1	5	2	nobgs_V2_c1_rep5_env2	14370
0.999	18	0.999095337508699	13	nobgs	V2_c1	5	2	nobgs_V2_c1_rep5_env2	14370
0.995	8	0.994911473581486	73	nobgs	V2_c1	5	3	nobgs_V2_c1_rep5_env3	14346
0.997	10	0.997351178028719	38	nobgs	V2_c1	5	3	nobgs_V2_c1_rep5_env3	14346
0.999	16	0.999024118221107	14	nobgs	V2_c1	5	3	nobgs_V2_c1_rep5_env3	14346
0.995	8	0.995000337815013	74	nobgs	V2_c1	5	4	nobgs_V2_c1_rep5_env4	14801
0.997	10	0.997094790892507	43	nobgs	V2_c1	5	4	nobgs_V2_c1_rep5_env4	14801
0.999	31	0.998986554962503	15	nobgs	V2_c1	5	4	nobgs_V2_c1_rep5_env4	14801
0.995	8	0.995124965668772	71	nobgs	V2_c1	5	5	nobgs_V2_c1_rep5_env5	14564
0.997	10	0.997322164240593	39	nobgs	V2_c1	5	5	nobgs_V2_c1_rep5_env5	14564
0.999	18	0.999038725624828	14	nobgs	V2_c1	5	5	nobgs_V2_c1_rep5_env5	14564
0.995	8	0.994457748888129	81	nobgs	V2_c1	5	6	nobgs_V2_c1_rep5_env6	14615
0.997	10	0.99746835443038	37	nobgs	V2_c1	5	6	nobgs_V2_c1_rep5_env6	14615
0.999	16	0.998973657201505	15	nobgs	V2_c1	5	6	nobgs_V2_c1_rep5_env6	14615
0.995	8	0.994520923224437	80	nobgs	V2_c1	5	7	nobgs_V2_c1_rep5_env7	14601
0.997	10	0.99698650777344	44	nobgs	V2_c1	5	7	nobgs_V2_c1_rep5_env7	14601
0.999	22	0.998972673104582	15	nobgs	V2_c1	5	7	nobgs_V2_c1_rep5_env7	14601
0.995	8	0.995404033475099	67	nobgs	V2_c1	5	8	nobgs_V2_c1_rep5_env8	14578
0.997	9	0.996844560296337	46	nobgs	V2_c1	5	8	nobgs_V2_c1_rep5_env8	14578
0.999	15	0.998902455755248	16	nobgs	V2_c1	5	8	nobgs_V2_c1_rep5_env8	14578
0.995	8	0.995048454410412	70	nobgs	V2_c1	5	9	nobgs_V2_c1_rep5_env9	14137
0.997	9	0.996533918087289	49	nobgs	V2_c1	5	9	nobgs_V2_c1_rep5_env9	14137
0.999	14	0.999080427247648	13	nobgs	V2_c1	5	9	nobgs_V2_c1_rep5_env9	14137
0.995	8	0.995812740252608	61	nobgs	V2_c1	5	10	nobgs_V2_c1_rep5_env10	14568
0.997	9	0.996773750686436	47	nobgs	V2_c1	5	10	nobgs_V2_c1_rep5_env10	14568
0.999	18	0.999038989566172	14	nobgs	V2_c1	5	10	nobgs_V2_c1_rep5_env10	14568
0.995	8	0.995149823931965	73	nobgs	V2_c1	6	1	nobgs_V2_c1_rep6_env1	15051
0.997	9	0.996810843133347	48	nobgs	V2_c1	6	1	nobgs_V2_c1_rep6_env1	15051
0.999	14	0.999069829247226	14	nobgs	V2_c1	6	1	nobgs_V2_c1_rep6_env1	15051
0.995	7	0.994294919122089	85	nobgs	V2_c1	6	2	nobgs_V2_c1_rep6_env2	14899
0.997	9	0.996979663064635	45	nobgs	V2_c1	6	2	nobgs_V2_c1_rep6_env2	14899
0.999	16	0.998993221021545	15	nobgs	V2_c1	6	2	nobgs_V2_c1_rep6_env2	14899
0.995	7	0.994344957587182	84	nobgs	V2_c1	6	3	nobgs_V2_c1_rep6_env3	14854
0.997	8	0.996701225259189	49	nobgs	V2_c1	6	3	nobgs_V2_c1_rep6_env3	14854
0.999	14	0.998922849064225	16	nobgs	V2_c1	6	3	nobgs_V2_c1_rep6_env3	14854
0.995	7	0.994214208826696	86	nobgs	V2_c1	6	4	nobgs_V2_c1_rep6_env4	14864
0.997	8	0.996703444564047	49	nobgs	V2_c1	6	4	nobgs_V2_c1_rep6_env4	14864
0.999	15	0.998990850376749	15	nobgs	V2_c1	6	4	nobgs_V2_c1_rep6_env4	14864
0.995	8	0.996146565711195	57	nobgs	V2_c1	6	5	nobgs_V2_c1_rep6_env5	14792
0.997	9	0.997363439697134	39	nobgs	V2_c1	6	5	nobgs_V2_c1_rep6_env5	14792
0.999	13	0.998985938345051	15	nobgs	V2_c1	6	5	nobgs_V2_c1_rep6_env5	14792
0.995	7	0.994479229785229	82	nobgs	V2_c1	6	6	nobgs_V2_c1_rep6_env6	14853
0.997	8	0.99663367669831	50	nobgs	V2_c1	6	6	nobgs_V2_c1_rep6_env6	14853
0.999	13	0.998990103009493	15	nobgs	V2_c1	6	6	nobgs_V2_c1_rep6_env6	14853
0.995	7	0.995274740110706	70	nobgs	V2_c1	6	7	nobgs_V2_c1_rep6_env7	14814
0.997	8	0.997367355204536	39	nobgs	V2_c1	6	7	nobgs_V2_c1_rep6_env7	14814
0.999	12	0.999054948022141	14	nobgs	V2_c1	6	7	nobgs_V2_c1_rep6_env7	14814
0.995	7	0.994385062914355	83	nobgs	V2_c1	6	8	nobgs_V2_c1_rep6_env8	14782
0.997	8	0.996820457312948	47	nobgs	V2_c1	6	8	nobgs_V2_c1_rep6_env8	14782
0.999	14	0.99898525233392	15	nobgs	V2_c1	6	8	nobgs_V2_c1_rep6_env8	14782
0.995	7	0.994522378089512	82	nobgs	V2_c1	6	9	nobgs_V2_c1_rep6_env9	14970
0.997	8	0.996593186372746	51	nobgs	V2_c1	6	9	nobgs_V2_c1_rep6_env9	14970
0.999	17	0.998997995991984	15	nobgs	V2_c1	6	9	nobgs_V2_c1_rep6_env9	14970
0.995	7	0.995218211206897	71	nobgs	V2_c1	6	10	nobgs_V2_c1_rep6_env10	14848
0.997	8	0.996699892241379	49	nobgs	V2_c1	6	10	nobgs_V2_c1_rep6_env10	14848
0.999	12	0.998989762931035	15	nobgs	V2_c1	6	10	nobgs_V2_c1_rep6_env10	14848
0.995	10	0.994525047905831	80	nobgs	V2_c1	7	1	nobgs_V2_c1_rep7_env1	14612
0.997	12	0.996851902545853	46	nobgs	V2_c1	7	1	nobgs_V2_c1_rep7_env1	14612
0.999	18	0.998973446482343	15	nobgs	V2_c1	7	1	nobgs_V2_c1_rep7_env1	14612
0.995	11	0.994616057608184	80	nobgs	V2_c1	7	2	nobgs_V2_c1_rep7_env2	14859
0.997	14	0.997106130964399	43	nobgs	V2_c1	7	2	nobgs_V2_c1_rep7_env2	14859
0.999	19	0.998990510801534	15	nobgs	V2_c1	7	2	nobgs_V2_c1_rep7_env2	14859
0.995	10	0.995167748170648	70	nobgs	V2_c1	7	3	nobgs_V2_c1_rep7_env3	14486
0.997	12	0.99723871324037	40	nobgs	V2_c1	7	3	nobgs_V2_c1_rep7_env3	14486
0.999	17	0.998964517465139	15	nobgs	V2_c1	7	3	nobgs_V2_c1_rep7_env3	14486
0.995	9	0.99501112384548	74	nobgs	V2_c1	7	4	nobgs_V2_c1_rep7_env4	14833
0.997	11	0.997438144677408	38	nobgs	V2_c1	7	4	nobgs_V2_c1_rep7_env4	14833
0.999	15	0.99898874132003	15	nobgs	V2_c1	7	4	nobgs_V2_c1_rep7_env4	14833
0.995	11	0.995355724574275	69	nobgs	V2_c1	7	5	nobgs_V2_c1_rep7_env5	14857
0.997	13	0.99710574140136	43	nobgs	V2_c1	7	5	nobgs_V2_c1_rep7_env5	14857
0.999	17	0.998923066567948	16	nobgs	V2_c1	7	5	nobgs_V2_c1_rep7_env5	14857
0.995	10	0.99512822247784	72	nobgs	V2_c1	7	6	nobgs_V2_c1_rep7_env6	14779
0.997	12	0.997022802625347	44	nobgs	V2_c1	7	6	nobgs_V2_c1_rep7_env6	14779
0.999	16	0.99898504634955	15	nobgs	V2_c1	7	6	nobgs_V2_c1_rep7_env6	14779
0.995	10	0.994902879184461	74	nobgs	V2_c1	7	7	nobgs_V2_c1_rep7_env7	14518
0.997	12	0.996900399504064	45	nobgs	V2_c1	7	7	nobgs_V2_c1_rep7_env7	14518
0.999	20	0.998966799834688	15	nobgs	V2_c1	7	7	nobgs_V2_c1_rep7_env7	14518
0.995	11	0.995411901664042	67	nobgs	V2_c1	7	8	nobgs_V2_c1_rep7_env8	14603
0.997	13	0.997192357734712	41	nobgs	V2_c1	7	8	nobgs_V2_c1_rep7_env8	14603
0.999	21	0.998972813805383	15	nobgs	V2_c1	7	8	nobgs_V2_c1_rep7_env8	14603
0.995	11	0.995252306022789	70	nobgs	V2_c1	7	9	nobgs_V2_c1_rep7_env9	14744
0.997	13	0.997219207813348	41	nobgs	V2_c1	7	9	nobgs_V2_c1_rep7_env9	14744
0.999	18	0.999050461204558	14	nobgs	V2_c1	7	9	nobgs_V2_c1_rep7_env9	14744
0.995	10	0.994687010421633	78	nobgs	V2_c1	7	10	nobgs_V2_c1_rep7_env10	14681
0.997	13	0.997275389959812	40	nobgs	V2_c1	7	10	nobgs_V2_c1_rep7_env10	14681
0.999	19	0.999046386485934	14	nobgs	V2_c1	7	10	nobgs_V2_c1_rep7_env10	14681
0.995	7	0.995517795022745	67	nobgs	V2_c1	8	1	nobgs_V2_c1_rep8_env1	14948
0.997	8	0.997390955311747	39	nobgs	V2_c1	8	1	nobgs_V2_c1_rep8_env1	14948
0.999	11	0.998996521273749	15	nobgs	V2_c1	8	1	nobgs_V2_c1_rep8_env1	14948
0.995	7	0.994922826969943	75	nobgs	V2_c1	8	2	nobgs_V2_c1_rep8_env2	14772
0.997	8	0.997089087462767	43	nobgs	V2_c1	8	2	nobgs_V2_c1_rep8_env2	14772
0.999	11	0.998916869753588	16	nobgs	V2_c1	8	2	nobgs_V2_c1_rep8_env2	14772
0.995	8	0.995981245813798	60	nobgs	V2_c1	8	3	nobgs_V2_c1_rep8_env3	14930
0.997	9	0.997186872069658	42	nobgs	V2_c1	8	3	nobgs_V2_c1_rep8_env3	14930
0.999	14	0.998995311453449	15	nobgs	V2_c1	8	3	nobgs_V2_c1_rep8_env3	14930
0.995	7	0.994941900205058	74	nobgs	V2_c1	8	4	nobgs_V2_c1_rep8_env4	14630
0.997	8	0.996855775803144	46	nobgs	V2_c1	8	4	nobgs_V2_c1_rep8_env4	14630
0.999	10	0.99876965140123	18	nobgs	V2_c1	8	4	nobgs_V2_c1_rep8_env4	14630
0.995	7	0.994595676541233	81	nobgs	V2_c1	8	5	nobgs_V2_c1_rep8_env5	14988
0.997	9	0.996864157993061	47	nobgs	V2_c1	8	5	nobgs_V2_c1_rep8_env5	14988
0.999	16	0.999132639444889	13	nobgs	V2_c1	8	5	nobgs_V2_c1_rep8_env5	14988
0.995	7	0.995059420483376	74	nobgs	V2_c1	8	6	nobgs_V2_c1_rep8_env6	14978
0.997	8	0.996728535184938	49	nobgs	V2_c1	8	6	nobgs_V2_c1_rep8_env6	14978
0.999	12	0.99919882494325	12	nobgs	V2_c1	8	6	nobgs_V2_c1_rep8_env6	14978
0.995	8	0.996186844613918	56	nobgs	V2_c1	8	7	nobgs_V2_c1_rep8_env7	14686
0.997	9	0.997548685823233	36	nobgs	V2_c1	8	7	nobgs_V2_c1_rep8_env7	14686
0.999	12	0.998978619093014	15	nobgs	V2_c1	8	7	nobgs_V2_c1_rep8_env7	14686
0.995	8	0.995832230748875	63	nobgs	V2_c1	8	8	nobgs_V2_c1_rep8_env8	15116
0.997	9	0.997353797300873	40	nobgs	V2_c1	8	8	nobgs_V2_c1_rep8_env8	15116
0.999	13	0.999073829055306	14	nobgs	V2_c1	8	8	nobgs_V2_c1_rep8_env8	15116
0.995	7	0.994884910485933	76	nobgs	V2_c1	8	9	nobgs_V2_c1_rep8_env9	14858
0.997	8	0.996702113339615	49	nobgs	V2_c1	8	9	nobgs_V2_c1_rep8_env9	14858
0.999	11	0.998990442859066	15	nobgs	V2_c1	8	9	nobgs_V2_c1_rep8_env9	14858
0.995	7	0.994324930711363	86	nobgs	V2_c1	8	10	nobgs_V2_c1_rep8_env10	15154
0.997	9	0.996964497822357	46	nobgs	V2_c1	8	10	nobgs_V2_c1_rep8_env10	15154
0.999	13	0.999010162333377	15	nobgs	V2_c1	8	10	nobgs_V2_c1_rep8_env10	15154
0.995	8	0.99503754489063	76	nobgs	V2_c1	9	1	nobgs_V2_c1_rep9_env1	15315
0.997	9	0.996800522363696	49	nobgs	V2_c1	9	1	nobgs_V2_c1_rep9_env1	15315
0.999	14	0.999020568070519	15	nobgs	V2_c1	9	1	nobgs_V2_c1_rep9_env1	15315
0.995	8	0.995091623036649	75	nobgs	V2_c1	9	2	nobgs_V2_c1_rep9_env2	15280
0.997	10	0.99738219895288	40	nobgs	V2_c1	9	2	nobgs_V2_c1_rep9_env2	15280
0.999	16	0.99901832460733	15	nobgs	V2_c1	9	2	nobgs_V2_c1_rep9_env2	15280
0.995	8	0.995441934205311	69	nobgs	V2_c1	9	3	nobgs_V2_c1_rep9_env3	15138
0.997	9	0.996829171621086	48	nobgs	V2_c1	9	3	nobgs_V2_c1_rep9_env3	15138
0.999	13	0.999009116131589	15	nobgs	V2_c1	9	3	nobgs_V2_c1_rep9_env3	15138
0.995	8	0.995850349097616	63	nobgs	V2_c1	9	4	nobgs_V2_c1_rep9_env4	15182
0.997	9	0.997167698590436	43	nobgs	V2_c1	9	4	nobgs_V2_c1_rep9_env4	15182
0.999	13	0.998814385456462	18	nobgs	V2_c1	9	4	nobgs_V2_c1_rep9_env4	15182
0.995	7	0.993843207005062	90	nobgs	V2_c1	9	5	nobgs_V2_c1_rep9_env5	14618
0.997	9	0.996990012313586	44	nobgs	V2_c1	9	5	nobgs_V2_c1_rep9_env5	14618
0.999	13	0.999042276645232	14	nobgs	V2_c1	9	5	nobgs_V2_c1_rep9_env5	14618
0.995	8	0.995662193303511	64	nobgs	V2_c1	9	6	nobgs_V2_c1_rep9_env6	14754
0.997	9	0.997153314355429	42	nobgs	V2_c1	9	6	nobgs_V2_c1_rep9_env6	14754
0.999	14	0.99898332655551	15	nobgs	V2_c1	9	6	nobgs_V2_c1_rep9_env6	14754
0.995	8	0.995440525680569	68	nobgs	V2_c1	9	7	nobgs_V2_c1_rep9_env7	14914
0.997	9	0.996580394260426	51	nobgs	V2_c1	9	7	nobgs_V2_c1_rep9_env7	14914
0.999	14	0.999195386884806	12	nobgs	V2_c1	9	7	nobgs_V2_c1_rep9_env7	14914
0.995	8	0.995768315260513	64	nobgs	V2_c1	9	8	nobgs_V2_c1_rep9_env8	15124
0.997	10	0.99748743718593	38	nobgs	V2_c1	9	8	nobgs_V2_c1_rep9_env8	15124
0.999	14	0.999074318963237	14	nobgs	V2_c1	9	8	nobgs_V2_c1_rep9_env8	15124
0.995	8	0.996007718411072	60	nobgs	V2_c1	9	9	nobgs_V2_c1_rep9_env9	15029
0.997	9	0.997471554993679	38	nobgs	V2_c1	9	9	nobgs_V2_c1_rep9_env9	15029
0.999	11	0.998868853549804	17	nobgs	V2_c1	9	9	nobgs_V2_c1_rep9_env9	15029
0.995	8	0.99573126682866	65	nobgs	V2_c1	9	10	nobgs_V2_c1_rep9_env10	15227
0.997	9	0.996716359098969	50	nobgs	V2_c1	9	10	nobgs_V2_c1_rep9_env10	15227
0.999	14	0.999014907729691	15	nobgs	V2_c1	9	10	nobgs_V2_c1_rep9_env10	15227
0.995	8	0.994197679071629	87	nobgs	V2_c1	10	1	nobgs_V2_c1_rep10_env1	14994
0.997	10	0.996998799519808	45	nobgs	V2_c1	10	1	nobgs_V2_c1_rep10_env1	14994
0.999	17	0.998999599839936	15	nobgs	V2_c1	10	1	nobgs_V2_c1_rep10_env1	14994
0.995	8	0.99482408438708	79	nobgs	V2_c1	10	2	nobgs_V2_c1_rep10_env2	15263
0.997	10	0.996789621961607	49	nobgs	V2_c1	10	2	nobgs_V2_c1_rep10_env2	15263
0.999	16	0.999082749131887	14	nobgs	V2_c1	10	2	nobgs_V2_c1_rep10_env2	15263
0.995	8	0.994630151698215	80	nobgs	V2_c1	10	3	nobgs_V2_c1_rep10_env3	14898
0.997	10	0.99711370653779	43	nobgs	V2_c1	10	3	nobgs_V2_c1_rep10_env3	14898
0.999	16	0.998993153443415	15	nobgs	V2_c1	10	3	nobgs_V2_c1_rep10_env3	14898
0.995	8	0.995563501522977	67	nobgs	V2_c1	10	4	nobgs_V2_c1_rep10_env4	15102
0.997	10	0.997218911402463	42	nobgs	V2_c1	10	4	nobgs_V2_c1_rep10_env4	15102
0.999	17	0.999006754072308	15	nobgs	V2_c1	10	4	nobgs_V2_c1_rep10_env4	15102
0.995	8	0.994710031347962	81	nobgs	V2_c1	10	5	nobgs_V2_c1_rep10_env5	15312
0.997	10	0.9973223615465	41	nobgs	V2_c1	10	5	nobgs_V2_c1_rep10_env5	15312
0.999	15	0.999020376175549	15	nobgs	V2_c1	10	5	nobgs_V2_c1_rep10_env5	15312
0.995	8	0.994716779241624	79	nobgs	V2_c1	10	6	nobgs_V2_c1_rep10_env6	14953
0.997	10	0.997057446666221	44	nobgs	V2_c1	10	6	nobgs_V2_c1_rep10_env6	14953
0.999	17	0.999063733030161	14	nobgs	V2_c1	10	6	nobgs_V2_c1_rep10_env6	14953
0.995	8	0.995016942395854	75	nobgs	V2_c1	10	7	nobgs_V2_c1_rep10_env7	15051
0.997	10	0.997209487741678	42	nobgs	V2_c1	10	7	nobgs_V2_c1_rep10_env7	15051
0.999	16	0.999069829247226	14	nobgs	V2_c1	10	7	nobgs_V2_c1_rep10_env7	15051
0.995	8	0.995617820861829	66	nobgs	V2_c1	10	8	nobgs_V2_c1_rep10_env8	15061
0.997	9	0.996746563973176	49	nobgs	V2_c1	10	8	nobgs_V2_c1_rep10_env8	15061
0.999	16	0.998937653542261	16	nobgs	V2_c1	10	8	nobgs_V2_c1_rep10_env8	15061
0.995	8	0.995052444092618	75	nobgs	V2_c1	10	9	nobgs_V2_c1_rep10_env9	15159
0.997	10	0.997163401279768	43	nobgs	V2_c1	10	9	nobgs_V2_c1_rep10_env9	15159
0.999	14	0.998878553994327	17	nobgs	V2_c1	10	9	nobgs_V2_c1_rep10_env9	15159
0.995	8	0.995361781076067	70	nobgs	V2_c1	10	10	nobgs_V2_c1_rep10_env10	15092
0.997	9	0.996885767293931	47	nobgs	V2_c1	10	10	nobgs_V2_c1_rep10_env10	15092
0.999	14	0.99893983567453	16	nobgs	V2_c1	10	10	nobgs_V2_c1_rep10_env10	15092
