combo_id	method	Chr	from	to	n_markers	n_units	member_markers	member_units	linked_qtn	TP	recovered_995	recovered_999	n_matches_995	n_matches_999	collapsed_995_997	collapsed_997_999	tier_naive	tier_effective	tier_overlap_only	floor_995	floor_997	floor_999
bgs_V0.5_c1_rep10_env1	emmax_consensus	Chr1	10620653	10635532	5	1	Chr1:10620653;Chr1:10620936;Chr1:10624927;Chr1:10625180;Chr1:10635532	Chr1:10620936	Chr1:10625180	TRUE	TRUE	TRUE	1	1	FALSE	FALSE	3	3	3	1	2	4
bgs_V0.5_c1_rep10_env1	emmax_simes	Chr1	10575831	10635532	12	2	Chr1:10575831;Chr1:10577915;Chr1:10578019;Chr1:10594173;Chr1:10596326;Chr1:10603125;Chr1:10605219;Chr1:10620653;Chr1:10620936;Chr1:10624927;Chr1:10625180;Chr1:10635532	Chr1:10594173;Chr1:10620936	Chr1:10625180	TRUE	TRUE	TRUE	1	1	FALSE	FALSE	3	3	3	1	2	4
bgs_V0.5_c1_rep10_env1	lfmm_simes	Chr1	10575831	10635532	12	2	Chr1:10575831;Chr1:10577915;Chr1:10578019;Chr1:10594173;Chr1:10596326;Chr1:10603125;Chr1:10605219;Chr1:10620653;Chr1:10620936;Chr1:10624927;Chr1:10625180;Chr1:10635532	Chr1:10594173;Chr1:10620936	Chr1:10625180	TRUE	TRUE	TRUE	1	1	FALSE	FALSE	3	3	3	1	2	4
bgs_V0.5_c1_rep10_env10	emmax_consensus	Chr1	17610	698510	29	3	Chr1:17610;Chr1:24056;Chr1:180612;Chr1:244530;Chr1:289040;Chr1:329529;Chr1:347266;Chr1:364702;Chr1:421202;Chr1:494110;Chr1:550835;Chr1:574797;Chr1:593639;Chr1:600506;Chr1:607169;Chr1:610354;Chr1:624456;Chr1:639633;Chr1:642489;Chr1:645153;Chr1:652253;Chr1:664616;Chr1:680875;Chr1:683157;Chr1:687535;Chr1:694686;Chr1:697020;Chr1:698145;Chr1:698510	Chr1:24056;Chr1:642489;Chr1:694686	Chr1:329529	TRUE	TRUE	TRUE	2	1	FALSE	FALSE	3	3	3	1	2	4
bgs_V0.5_c1_rep10_env10	emmax_consensus	Chr1	102618	496382	31	2	Chr1:102618;Chr1:202478;Chr1:206553;Chr1:207045;Chr1:257886;Chr1:286967;Chr1:322411;Chr1:323843;Chr1:330913;Chr1:370931;Chr1:376149;Chr1:387531;Chr1:399485;Chr1:405792;Chr1:418194;Chr1:460553;Chr1:470549;Chr1:475085;Chr1:478187;Chr1:496382;Chr1:206319;Chr1:244043;Chr1:299988;Chr1:316923;Chr1:372121;Chr1:384753;Chr1:418164;Chr1:426556;Chr1:442507;Chr1:447328;Chr1:460428	Chr1:102618;Chr1:316923	Chr1:329529	TRUE	TRUE	TRUE	1	1	FALSE	FALSE	3	3	3	1	2	4
bgs_V0.5_c1_rep10_env10	emmax_consensus	Chr1	550908	551643	2	1	Chr1:550908;Chr1:551643	Chr1:550908	""	FALSE	FALSE	FALSE	0	0	FALSE	FALSE	1	1	3	1	2	4
bgs_V0.5_c1_rep10_env10	emmax_consensus	Chr1	1029746	1094073	8	1	Chr1:1029746;Chr1:1031175;Chr1:1069671;Chr1:1070741;Chr1:1072422;Chr1:1072695;Chr1:1074330;Chr1:1094073	Chr1:1072422	""	FALSE	FALSE	TRUE	0	1	FALSE	FALSE	2	2	2	1	2	4
bgs_V0.5_c1_rep10_env10	emmax_consensus	Chr2	10370451	10381025	2	1	Chr2:10370451;Chr2:10381025	Chr2:10370451	""	FALSE	FALSE	FALSE	0	0	FALSE	FALSE	1	1	1	1	2	4
bgs_V0.5_c1_rep10_env10	emmax_simes	Chr1	17610	698510	29	3	Chr1:17610;Chr1:24056;Chr1:180612;Chr1:244530;Chr1:289040;Chr1:329529;Chr1:347266;Chr1:364702;Chr1:421202;Chr1:494110;Chr1:550835;Chr1:574797;Chr1:593639;Chr1:600506;Chr1:607169;Chr1:610354;Chr1:624456;Chr1:639633;Chr1:642489;Chr1:645153;Chr1:652253;Chr1:664616;Chr1:680875;Chr1:683157;Chr1:687535;Chr1:694686;Chr1:697020;Chr1:698145;Chr1:698510	Chr1:24056;Chr1:642489;Chr1:694686	Chr1:329529	TRUE	TRUE	TRUE	1	1	FALSE	FALSE	3	3	3	1	2	4
bgs_V0.5_c1_rep10_env10	emmax_simes	Chr1	102618	496382	31	2	Chr1:102618;Chr1:202478;Chr1:206553;Chr1:207045;Chr1:257886;Chr1:286967;Chr1:322411;Chr1:323843;Chr1:330913;Chr1:370931;Chr1:376149;Chr1:387531;Chr1:399485;Chr1:405792;Chr1:418194;Chr1:460553;Chr1:470549;Chr1:475085;Chr1:478187;Chr1:496382;Chr1:206319;Chr1:244043;Chr1:299988;Chr1:316923;Chr1:372121;Chr1:384753;Chr1:418164;Chr1:426556;Chr1:442507;Chr1:447328;Chr1:460428	Chr1:102618;Chr1:316923	Chr1:329529	TRUE	TRUE	TRUE	1	1	FALSE	FALSE	3	3	3	1	2	4
bgs_V0.5_c1_rep10_env10	emmax_simes	Chr1	495562	564403	9	2	Chr1:495562;Chr1:519219;Chr1:531085;Chr1:540847;Chr1:561206;Chr1:561252;Chr1:564403;Chr1:550908;Chr1:551643	Chr1:561252;Chr1:550908	""	FALSE	TRUE	TRUE	1	1	FALSE	FALSE	3	3	3	1	2	4
bgs_V0.5_c1_rep10_env10	emmax_simes	Chr2	10370451	10381025	2	1	Chr2:10370451;Chr2:10381025	Chr2:10370451	""	FALSE	FALSE	FALSE	0	0	FALSE	FALSE	1	1	1	1	2	4
bgs_V0.5_c1_rep10_env10	lfmm_simes	Chr1	17610	698510	35	4	Chr1:17610;Chr1:24056;Chr1:180612;Chr1:244530;Chr1:289040;Chr1:329529;Chr1:347266;Chr1:364702;Chr1:421202;Chr1:494110;Chr1:550835;Chr1:574797;Chr1:593639;Chr1:600506;Chr1:607169;Chr1:610354;Chr1:624456;Chr1:639633;Chr1:642489;Chr1:645153;Chr1:652253;Chr1:664616;Chr1:680875;Chr1:683157;Chr1:687535;Chr1:694686;Chr1:697020;Chr1:698145;Chr1:698510;Chr1:652375;Chr1:654170;Chr1:656347;Chr1:660163;Chr1:666737;Chr1:670147	Chr1:24056;Chr1:642489;Chr1:694686;Chr1:660163	Chr1:329529	TRUE	TRUE	TRUE	1	1	FALSE	FALSE	3	3	3	1	2	4
bgs_V0.5_c1_rep10_env10	lfmm_simes	Chr1	102618	496382	31	2	Chr1:102618;Chr1:202478;Chr1:206553;Chr1:207045;Chr1:257886;Chr1:286967;Chr1:322411;Chr1:323843;Chr1:330913;Chr1:370931;Chr1:376149;Chr1:387531;Chr1:399485;Chr1:405792;Chr1:418194;Chr1:460553;Chr1:470549;Chr1:475085;Chr1:478187;Chr1:496382;Chr1:206319;Chr1:244043;Chr1:299988;Chr1:316923;Chr1:372121;Chr1:384753;Chr1:418164;Chr1:426556;Chr1:442507;Chr1:447328;Chr1:460428	Chr1:102618;Chr1:316923	Chr1:329529	TRUE	TRUE	TRUE	1	1	FALSE	FALSE	3	3	3	1	2	4
bgs_V0.5_c1_rep10_env10	lfmm_simes	Chr1	495562	564403	9	2	Chr1:495562;Chr1:519219;Chr1:531085;Chr1:540847;Chr1:561206;Chr1:561252;Chr1:564403;Chr1:550908;Chr1:551643	Chr1:561252;Chr1:550908	""	FALSE	TRUE	TRUE	1	1	FALSE	FALSE	3	3	3	1	2	4
bgs_V0.5_c1_rep10_env10	lfmm_simes	Chr1	5000307	5020698	5	1	Chr1:5000307;Chr1:5007930;Chr1:5012588;Chr1:5018618;Chr1:5020698	Chr1:5007930	Chr1:5020698	TRUE	TRUE	TRUE	1	1	FALSE	FALSE	3	3	3	1	2	4
bgs_V0.5_c1_rep10_env10	lfmm_simes	Chr2	10370451	10381025	2	1	Chr2:10370451;Chr2:10381025	Chr2:10370451	""	FALSE	TRUE	FALSE	1	0	FALSE	FALSE	2	2	2	1	2	4
bgs_V0.5_c1_rep10_env2	emmax_consensus	Chr1	8498312	8754315	42	4	Chr1:8498312;Chr1:8512988;Chr1:8516735;Chr1:8520027;Chr1:8522384;Chr1:8528668;Chr1:8530275;Chr1:8535546;Chr1:8537656;Chr1:8539119;Chr1:8550629;Chr1:8556695;Chr1:8561859;Chr1:8566813;Chr1:8573514;Chr1:8574476;Chr1:8574881;Chr1:8579433;Chr1:8582550;Chr1:8591571;Chr1:8596694;Chr1:8617580;Chr1:8622423;Chr1:8630053;Chr1:8630191;Chr1:8630238;Chr1:8630775;Chr1:8666537;Chr1:8670464;Chr1:8671544;Chr1:8673055;Chr1:8675530;Chr1:8689716;Chr1:8703082;Chr1:8703892;Chr1:8723199;Chr1:8740585;Chr1:8741455;Chr1:8743636;Chr1:8752443;Chr1:8752920;Chr1:8754315	Chr1:8522384;Chr1:8630053;Chr1:8671544;Chr1:8743636	Chr1:8689716	TRUE	FALSE	TRUE	0	1	FALSE	FALSE	2	2	2	1	2	4
bgs_V0.5_c1_rep10_env2	emmax_consensus	Chr1	14582252	14612024	9	1	Chr1:14582252;Chr1:14588213;Chr1:14591641;Chr1:14594898;Chr1:14598549;Chr1:14599420;Chr1:14603758;Chr1:14605149;Chr1:14612024	Chr1:14591641	Chr1:14599420	TRUE	TRUE	TRUE	1	1	FALSE	FALSE	3	3	3	1	2	4
bgs_V0.5_c1_rep10_env2	emmax_consensus	Chr2	10161290	10165101	3	1	Chr2:10161290;Chr2:10163534;Chr2:10165101	Chr2:10163534	""	FALSE	TRUE	FALSE	1	0	FALSE	FALSE	2	2	2	1	2	4
bgs_V0.5_c1_rep10_env2	emmax_consensus	Chr2	15108498	15120287	3	1	Chr2:15108498;Chr2:15118217;Chr2:15120287	Chr2:15120287	""	FALSE	FALSE	FALSE	0	0	FALSE	FALSE	1	1	1	1	2	4
bgs_V0.5_c1_rep10_env2	emmax_consensus	Chr2	15230065	15237223	4	1	Chr2:15230065;Chr2:15230552;Chr2:15233804;Chr2:15237223	Chr2:15230552	""	FALSE	FALSE	TRUE	0	1	FALSE	FALSE	2	2	2	1	2	4
bgs_V0.5_c1_rep10_env2	emmax_consensus	Chr2	15463834	15470323	5	1	Chr2:15463834;Chr2:15465814;Chr2:15467160;Chr2:15467521;Chr2:15470323	Chr2:15467160	""	FALSE	FALSE	TRUE	0	1	FALSE	FALSE	2	2	2	1	2	4
bgs_V0.5_c1_rep10_env2	emmax_simes	Chr1	7403196	7419674	4	1	Chr1:7403196;Chr1:7404298;Chr1:7406391;Chr1:7419674	Chr1:7404298	""	FALSE	FALSE	TRUE	0	1	FALSE	FALSE	2	2	2	1	2	4
bgs_V0.5_c1_rep10_env2	emmax_simes	Chr1	14582252	14612024	9	1	Chr1:14582252;Chr1:14588213;Chr1:14591641;Chr1:14594898;Chr1:14598549;Chr1:14599420;Chr1:14603758;Chr1:14605149;Chr1:14612024	Chr1:14591641	Chr1:14599420	TRUE	TRUE	TRUE	1	1	FALSE	FALSE	3	3	3	1	2	4
bgs_V0.5_c1_rep10_env2	emmax_simes	Chr2	10161290	10165101	3	1	Chr2:10161290;Chr2:10163534;Chr2:10165101	Chr2:10163534	""	FALSE	TRUE	FALSE	1	0	FALSE	FALSE	2	2	2	1	2	4
bgs_V0.5_c1_rep10_env2	lfmm_simes	Chr1	5141846	5143424	3	1	Chr1:5141846;Chr1:5142324;Chr1:5143424	Chr1:5142324	""	FALSE	TRUE	FALSE	1	0	FALSE	FALSE	2	2	2	1	2	4
bgs_V0.5_c1_rep10_env2	lfmm_simes	Chr1	8617580	8723199	15	2	Chr1:8617580;Chr1:8622423;Chr1:8630053;Chr1:8630191;Chr1:8630238;Chr1:8630775;Chr1:8666537;Chr1:8670464;Chr1:8671544;Chr1:8673055;Chr1:8675530;Chr1:8689716;Chr1:8703082;Chr1:8703892;Chr1:8723199	Chr1:8630053;Chr1:8671544	Chr1:8689716	TRUE	FALSE	TRUE	0	1	FALSE	FALSE	2	2	2	1	2	4
bgs_V0.5_c1_rep10_env2	lfmm_simes	Chr1	14582252	14612024	9	1	Chr1:14582252;Chr1:14588213;Chr1:14591641;Chr1:14594898;Chr1:14598549;Chr1:14599420;Chr1:14603758;Chr1:14605149;Chr1:14612024	Chr1:14591641	Chr1:14599420	TRUE	TRUE	TRUE	1	1	FALSE	FALSE	3	3	3	1	2	4
bgs_V0.5_c1_rep10_env2	lfmm_simes	Chr2	2263668	2267217	2	1	Chr2:2263668;Chr2:2267217	Chr2:2263668	""	FALSE	FALSE	FALSE	0	0	FALSE	FALSE	1	1	1	1	2	4
bgs_V0.5_c1_rep10_env2	lfmm_simes	Chr2	10161290	10165101	3	1	Chr2:10161290;Chr2:10163534;Chr2:10165101	Chr2:10163534	""	FALSE	FALSE	FALSE	0	0	FALSE	FALSE	1	1	1	1	2	4
bgs_V0.5_c1_rep10_env2	lfmm_simes	Chr2	14979279	15000557	3	1	Chr2:14979279;Chr2:14983819;Chr2:15000557	Chr2:14983819	""	FALSE	FALSE	FALSE	0	0	FALSE	FALSE	1	1	1	1	2	4
bgs_V0.5_c1_rep10_env2	lfmm_simes	Chr2	15108498	15120287	3	1	Chr2:15108498;Chr2:15118217;Chr2:15120287	Chr2:15120287	""	FALSE	TRUE	FALSE	1	0	FALSE	FALSE	2	2	2	1	2	4
bgs_V0.5_c1_rep10_env2	lfmm_simes	Chr2	15230065	15237223	4	1	Chr2:15230065;Chr2:15230552;Chr2:15233804;Chr2:15237223	Chr2:15230552	""	FALSE	FALSE	TRUE	0	1	FALSE	FALSE	2	2	2	1	2	4
bgs_V0.5_c1_rep10_env3	emmax_consensus	Chr1	11960088	11983038	5	1	Chr1:11960088;Chr1:11963313;Chr1:11967845;Chr1:11975371;Chr1:11983038	Chr1:11983038	Chr1:11983038	TRUE	TRUE	TRUE	1	1	FALSE	FALSE	3	3	3	1	2	4
bgs_V0.5_c1_rep10_env3	emmax_simes	Chr1	2220082	2233703	4	1	Chr1:2220082;Chr1:2226889;Chr1:2232656;Chr1:2233703	Chr1:2226889	""	FALSE	FALSE	TRUE	0	1	FALSE	FALSE	2	2	2	1	2	4
bgs_V0.5_c1_rep10_env3	emmax_simes	Chr1	3694492	3695148	2	1	Chr1:3694492;Chr1:3695148	Chr1:3694492	""	FALSE	FALSE	FALSE	0	0	FALSE	FALSE	1	1	1	1	2	4
bgs_V0.5_c1_rep10_env3	emmax_simes	Chr1	6726574	6838036	32	2	Chr1:6726574;Chr1:6736022;Chr1:6739496;Chr1:6743076;Chr1:6747922;Chr1:6749520;Chr1:6750705;Chr1:6763122;Chr1:6773382;Chr1:6775570;Chr1:6777042;Chr1:6777185;Chr1:6780551;Chr1:6781859;Chr1:6782643;Chr1:6783977;Chr1:6787568;Chr1:6788602;Chr1:6802016;Chr1:6805977;Chr1:6806507;Chr1:6806538;Chr1:6807729;Chr1:6814969;Chr1:6818059;Chr1:6825727;Chr1:6826301;Chr1:6833343;Chr1:6838036;Chr1:6820750;Chr1:6821873;Chr1:6823930	Chr1:6787568;Chr1:6821873	""	FALSE	FALSE	TRUE	0	1	FALSE	FALSE	2	2	2	1	2	4
bgs_V0.5_c1_rep10_env3	emmax_simes	Chr1	6879334	6906690	5	1	Chr1:6879334;Chr1:6887389;Chr1:6897040;Chr1:6900925;Chr1:6906690	Chr1:6900925	""	FALSE	FALSE	TRUE	0	1	FALSE	FALSE	2	2	2	1	2	4
bgs_V0.5_c1_rep10_env3	emmax_simes	Chr1	11960088	11983038	5	1	Chr1:11960088;Chr1:11963313;Chr1:11967845;Chr1:11975371;Chr1:11983038	Chr1:11983038	Chr1:11983038	TRUE	FALSE	TRUE	0	1	FALSE	FALSE	2	2	2	1	2	4
bgs_V0.5_c1_rep10_env3	lfmm_simes	Chr1	6726574	6906690	46	5	Chr1:6726574;Chr1:6736022;Chr1:6739496;Chr1:6743076;Chr1:6747922;Chr1:6749520;Chr1:6750705;Chr1:6763122;Chr1:6773382;Chr1:6775570;Chr1:6777042;Chr1:6777185;Chr1:6780551;Chr1:6781859;Chr1:6782643;Chr1:6783977;Chr1:6787568;Chr1:6788602;Chr1:6802016;Chr1:6805977;Chr1:6806507;Chr1:6806538;Chr1:6807729;Chr1:6814969;Chr1:6818059;Chr1:6825727;Chr1:6826301;Chr1:6833343;Chr1:6838036;Chr1:6820750;Chr1:6821873;Chr1:6823930;Chr1:6835032;Chr1:6840280;Chr1:6843131;Chr1:6844300;Chr1:6845188;Chr1:6848344;Chr1:6849833;Chr1:6864152;Chr1:6867692;Chr1:6879334;Chr1:6887389;Chr1:6897040;Chr1:6900925;Chr1:6906690	Chr1:6787568;Chr1:6821873;Chr1:6835032;Chr1:6864152;Chr1:6900925	""	FALSE	TRUE	TRUE	1	1	FALSE	FALSE	3	3	3	1	2	4
bgs_V0.5_c1_rep10_env3	lfmm_simes	Chr1	11960088	11983038	5	1	Chr1:11960088;Chr1:11963313;Chr1:11967845;Chr1:11975371;Chr1:11983038	Chr1:11983038	Chr1:11983038	TRUE	TRUE	TRUE	1	1	FALSE	FALSE	3	3	3	1	2	4
bgs_V0.5_c1_rep10_env4	emmax_consensus	Chr1	3902063	3950130	19	1	Chr1:3902063;Chr1:3905795;Chr1:3907492;Chr1:3911593;Chr1:3911877;Chr1:3913015;Chr1:3913353;Chr1:3915673;Chr1:3918842;Chr1:3923117;Chr1:3923447;Chr1:3931011;Chr1:3932161;Chr1:3932759;Chr1:3939344;Chr1:3945746;Chr1:3946817;Chr1:3947043;Chr1:3950130	Chr1:3911593	Chr1:3931011	TRUE	TRUE	TRUE	1	1	FALSE	FALSE	3	3	3	1	2	4
bgs_V0.5_c1_rep10_env4	emmax_simes	Chr1	2845568	2851692	3	1	Chr1:2845568;Chr1:2845814;Chr1:2851692	Chr1:2851692	Chr1:2845568	TRUE	TRUE	FALSE	1	0	FALSE	FALSE	2	2	2	1	2	4
bgs_V0.5_c1_rep10_env4	emmax_simes	Chr1	3902063	3950130	19	1	Chr1:3902063;Chr1:3905795;Chr1:3907492;Chr1:3911593;Chr1:3911877;Chr1:3913015;Chr1:3913353;Chr1:3915673;Chr1:3918842;Chr1:3923117;Chr1:3923447;Chr1:3931011;Chr1:3932161;Chr1:3932759;Chr1:3939344;Chr1:3945746;Chr1:3946817;Chr1:3947043;Chr1:3950130	Chr1:3911593	Chr1:3931011	TRUE	TRUE	TRUE	1	1	FALSE	FALSE	3	3	3	1	2	4
bgs_V0.5_c1_rep10_env4	lfmm_simes	Chr1	2845568	2851692	3	1	Chr1:2845568;Chr1:2845814;Chr1:2851692	Chr1:2851692	Chr1:2845568	TRUE	TRUE	FALSE	1	0	FALSE	FALSE	2	2	2	1	2	4
bgs_V0.5_c1_rep10_env4	lfmm_simes	Chr1	3902063	3950130	19	1	Chr1:3902063;Chr1:3905795;Chr1:3907492;Chr1:3911593;Chr1:3911877;Chr1:3913015;Chr1:3913353;Chr1:3915673;Chr1:3918842;Chr1:3923117;Chr1:3923447;Chr1:3931011;Chr1:3932161;Chr1:3932759;Chr1:3939344;Chr1:3945746;Chr1:3946817;Chr1:3947043;Chr1:3950130	Chr1:3911593	Chr1:3931011	TRUE	TRUE	TRUE	1	1	FALSE	FALSE	3	3	3	1	2	4
bgs_V0.5_c1_rep10_env5	emmax_consensus	Chr1	6844254	6920878	14	1	Chr1:6844254;Chr1:6844740;Chr1:6846568;Chr1:6859336;Chr1:6862547;Chr1:6881526;Chr1:6890864;Chr1:6896980;Chr1:6899878;Chr1:6901805;Chr1:6905114;Chr1:6912557;Chr1:6913323;Chr1:6920878	Chr1:6859336	Chr1:6901805	TRUE	TRUE	TRUE	1	1	FALSE	FALSE	3	3	3	1	2	4
bgs_V0.5_c1_rep10_env5	emmax_simes	Chr1	6844254	6920878	14	1	Chr1:6844254;Chr1:6844740;Chr1:6846568;Chr1:6859336;Chr1:6862547;Chr1:6881526;Chr1:6890864;Chr1:6896980;Chr1:6899878;Chr1:6901805;Chr1:6905114;Chr1:6912557;Chr1:6913323;Chr1:6920878	Chr1:6859336	Chr1:6901805	TRUE	TRUE	TRUE	1	1	FALSE	FALSE	3	3	3	1	2	4
bgs_V0.5_c1_rep10_env5	lfmm_simes	Chr1	6844254	6920878	14	1	Chr1:6844254;Chr1:6844740;Chr1:6846568;Chr1:6859336;Chr1:6862547;Chr1:6881526;Chr1:6890864;Chr1:6896980;Chr1:6899878;Chr1:6901805;Chr1:6905114;Chr1:6912557;Chr1:6913323;Chr1:6920878	Chr1:6859336	Chr1:6901805	TRUE	TRUE	TRUE	1	1	FALSE	FALSE	3	3	3	1	2	4
bgs_V0.5_c1_rep10_env6	emmax_consensus	Chr1	14899458	14961244	9	2	Chr1:14899458;Chr1:14901211;Chr1:14935517;Chr1:14961244;Chr1:14926622;Chr1:14933346;Chr1:14935421;Chr1:14938357;Chr1:14940027	Chr1:14935517;Chr1:14933346	Chr1:14935517	TRUE	TRUE	TRUE	1	1	FALSE	FALSE	3	3	3	1	2	4
bgs_V0.5_c1_rep10_env6	emmax_simes	Chr1	14899458	14961244	9	2	Chr1:14899458;Chr1:14901211;Chr1:14935517;Chr1:14961244;Chr1:14926622;Chr1:14933346;Chr1:14935421;Chr1:14938357;Chr1:14940027	Chr1:14935517;Chr1:14933346	Chr1:14935517	TRUE	TRUE	TRUE	1	1	FALSE	FALSE	3	3	3	1	2	4
bgs_V0.5_c1_rep10_env6	emmax_simes	Chr1	14984611	15008496	6	1	Chr1:14984611;Chr1:14990197;Chr1:14996581;Chr1:15003402;Chr1:15003807;Chr1:15008496	Chr1:15003402	Chr1:14935517	TRUE	TRUE	TRUE	1	1	FALSE	FALSE	3	3	3	1	2	4
bgs_V0.5_c1_rep10_env6	lfmm_simes	Chr1	14899458	14961244	9	2	Chr1:14899458;Chr1:14901211;Chr1:14935517;Chr1:14961244;Chr1:14926622;Chr1:14933346;Chr1:14935421;Chr1:14938357;Chr1:14940027	Chr1:14935517;Chr1:14933346	Chr1:14935517	TRUE	TRUE	TRUE	1	1	FALSE	FALSE	3	3	3	1	2	4
bgs_V0.5_c1_rep10_env6	lfmm_simes	Chr1	14984611	15008496	6	1	Chr1:14984611;Chr1:14990197;Chr1:14996581;Chr1:15003402;Chr1:15003807;Chr1:15008496	Chr1:15003402	Chr1:14935517	TRUE	TRUE	TRUE	1	1	FALSE	FALSE	3	3	3	1	2	4
bgs_V0.5_c1_rep10_env7	emmax_consensus	Chr1	13322010	13338623	9	1	Chr1:13322010;Chr1:13322286;Chr1:13322315;Chr1:13323117;Chr1:13324447;Chr1:13326266;Chr1:13327024;Chr1:13334412;Chr1:13338623	Chr1:13322286	Chr1:13327024	TRUE	TRUE	TRUE	1	1	FALSE	FALSE	3	3	3	1	2	4
bgs_V0.5_c1_rep10_env7	emmax_simes	Chr1	13322010	13338623	9	1	Chr1:13322010;Chr1:13322286;Chr1:13322315;Chr1:13323117;Chr1:13324447;Chr1:13326266;Chr1:13327024;Chr1:13334412;Chr1:13338623	Chr1:13322286	Chr1:13327024	TRUE	TRUE	TRUE	1	1	FALSE	FALSE	3	3	3	1	2	4
bgs_V0.5_c1_rep10_env7	lfmm_simes	Chr1	13322010	13338623	9	1	Chr1:13322010;Chr1:13322286;Chr1:13322315;Chr1:13323117;Chr1:13324447;Chr1:13326266;Chr1:13327024;Chr1:13334412;Chr1:13338623	Chr1:13322286	Chr1:13327024	TRUE	TRUE	TRUE	1	1	FALSE	FALSE	3	3	3	1	2	4
bgs_V0.5_c1_rep10_env8	emmax_consensus	Chr1	5912279	6220752	46	5	Chr1:5912279;Chr1:5928702;Chr1:5930867;Chr1:5952196;Chr1:5935325;Chr1:5940508;Chr1:5943097;Chr1:5950708;Chr1:5958901;Chr1:5959151;Chr1:5961421;Chr1:5968264;Chr1:5972909;Chr1:5974687;Chr1:5982799;Chr1:5991738;Chr1:5993040;Chr1:5996332;Chr1:6011290;Chr1:6047306;Chr1:5963773;Chr1:6044320;Chr1:6060393;Chr1:6070983;Chr1:6078100;Chr1:6079900;Chr1:6097343;Chr1:6106866;Chr1:6108518;Chr1:6115182;Chr1:6120223;Chr1:6120708;Chr1:6130807;Chr1:6136213;Chr1:6160815;Chr1:6197098;Chr1:6204902;Chr1:6206108;Chr1:6206256;Chr1:6220752;Chr1:6133622;Chr1:6134957;Chr1:6135678;Chr1:6136331;Chr1:6138206;Chr1:6138599	Chr1:5912279;Chr1:5940508;Chr1:5982799;Chr1:6106866;Chr1:6136331	Chr1:5963773	TRUE	TRUE	TRUE	1	1	FALSE	FALSE	3	3	3	1	2	4
bgs_V0.5_c1_rep10_env8	emmax_consensus	Chr1	6447777	6854838	52	3	Chr1:6447777;Chr1:6507489;Chr1:6515050;Chr1:6526779;Chr1:6530212;Chr1:6542314;Chr1:6549230;Chr1:6550790;Chr1:6563724;Chr1:6583355;Chr1:6617004;Chr1:6619785;Chr1:6621549;Chr1:6621835;Chr1:6631676;Chr1:6700799;Chr1:6700894;Chr1:6702366;Chr1:6702809;Chr1:6703072;Chr1:6703447;Chr1:6703469;Chr1:6705227;Chr1:6720847;Chr1:6721374;Chr1:6727573;Chr1:6739476;Chr1:6741098;Chr1:6742944;Chr1:6749666;Chr1:6750747;Chr1:6757736;Chr1:6758263;Chr1:6758529;Chr1:6762010;Chr1:6763296;Chr1:6769133;Chr1:6769326;Chr1:6771386;Chr1:6774102;Chr1:6777798;Chr1:6783750;Chr1:6786755;Chr1:6793606;Chr1:6797263;Chr1:6799871;Chr1:6811677;Chr1:6817930;Chr1:6824885;Chr1:6830940;Chr1:6853249;Chr1:6854838	Chr1:6583355;Chr1:6721374;Chr1:6811677	""	FALSE	TRUE	TRUE	1	2	FALSE	FALSE	3	3	3	1	2	4
bgs_V0.5_c1_rep10_env8	emmax_simes	Chr1	5912279	6220752	40	4	Chr1:5912279;Chr1:5928702;Chr1:5930867;Chr1:5952196;Chr1:5961421;Chr1:5968264;Chr1:5972909;Chr1:5974687;Chr1:5982799;Chr1:5991738;Chr1:5993040;Chr1:5996332;Chr1:6011290;Chr1:6047306;Chr1:5963773;Chr1:6044320;Chr1:6060393;Chr1:6070983;Chr1:6078100;Chr1:6079900;Chr1:6097343;Chr1:6106866;Chr1:6108518;Chr1:6115182;Chr1:6120223;Chr1:6120708;Chr1:6130807;Chr1:6136213;Chr1:6160815;Chr1:6197098;Chr1:6204902;Chr1:6206108;Chr1:6206256;Chr1:6220752;Chr1:6133622;Chr1:6134957;Chr1:6135678;Chr1:6136331;Chr1:6138206;Chr1:6138599	Chr1:5912279;Chr1:5982799;Chr1:6106866;Chr1:6136331	Chr1:5963773	TRUE	TRUE	TRUE	1	1	FALSE	FALSE	3	3	3	1	2	4
bgs_V0.5_c1_rep10_env8	emmax_simes	Chr1	6447777	6777798	56	3	Chr1:6447777;Chr1:6507489;Chr1:6515050;Chr1:6526779;Chr1:6530212;Chr1:6542314;Chr1:6549230;Chr1:6550790;Chr1:6563724;Chr1:6583355;Chr1:6617004;Chr1:6619785;Chr1:6621549;Chr1:6621835;Chr1:6631676;Chr1:6663788;Chr1:6674793;Chr1:6678564;Chr1:6680270;Chr1:6683064;Chr1:6683230;Chr1:6683606;Chr1:6683692;Chr1:6684191;Chr1:6687214;Chr1:6690992;Chr1:6693332;Chr1:6696335;Chr1:6713988;Chr1:6715194;Chr1:6700799;Chr1:6700894;Chr1:6702366;Chr1:6702809;Chr1:6703072;Chr1:6703447;Chr1:6703469;Chr1:6705227;Chr1:6720847;Chr1:6721374;Chr1:6727573;Chr1:6739476;Chr1:6741098;Chr1:6742944;Chr1:6749666;Chr1:6750747;Chr1:6757736;Chr1:6758263;Chr1:6758529;Chr1:6762010;Chr1:6763296;Chr1:6769133;Chr1:6769326;Chr1:6771386;Chr1:6774102;Chr1:6777798	Chr1:6583355;Chr1:6683606;Chr1:6721374	""	FALSE	TRUE	TRUE	1	1	FALSE	FALSE	3	3	3	1	2	4
bgs_V0.5_c1_rep10_env8	emmax_simes	Chr1	6783750	6854838	11	1	Chr1:6783750;Chr1:6786755;Chr1:6793606;Chr1:6797263;Chr1:6799871;Chr1:6811677;Chr1:6817930;Chr1:6824885;Chr1:6830940;Chr1:6853249;Chr1:6854838	Chr1:6811677	""	FALSE	TRUE	TRUE	1	1	FALSE	FALSE	3	3	3	1	2	4
bgs_V0.5_c1_rep10_env8	lfmm_simes	Chr1	5912279	6220752	40	4	Chr1:5912279;Chr1:5928702;Chr1:5930867;Chr1:5952196;Chr1:5935325;Chr1:5940508;Chr1:5943097;Chr1:5950708;Chr1:5958901;Chr1:5959151;Chr1:5961421;Chr1:5968264;Chr1:5972909;Chr1:5974687;Chr1:5982799;Chr1:5991738;Chr1:5993040;Chr1:5996332;Chr1:6011290;Chr1:6047306;Chr1:5963773;Chr1:6044320;Chr1:6060393;Chr1:6070983;Chr1:6078100;Chr1:6079900;Chr1:6097343;Chr1:6106866;Chr1:6108518;Chr1:6115182;Chr1:6120223;Chr1:6120708;Chr1:6130807;Chr1:6136213;Chr1:6160815;Chr1:6197098;Chr1:6204902;Chr1:6206108;Chr1:6206256;Chr1:6220752	Chr1:5912279;Chr1:5940508;Chr1:5982799;Chr1:6106866	Chr1:5963773	TRUE	TRUE	TRUE	1	1	FALSE	FALSE	3	3	3	1	2	4
bgs_V0.5_c1_rep10_env8	lfmm_simes	Chr1	6098973	6126838	10	2	Chr1:6098973;Chr1:6114872;Chr1:6118057;Chr1:6119915;Chr1:6124381;Chr1:6126838;Chr1:6102612;Chr1:6111632;Chr1:6112488;Chr1:6114962	Chr1:6119915;Chr1:6112488	""	FALSE	TRUE	TRUE	1	1	FALSE	FALSE	3	3	3	1	2	4
bgs_V0.5_c1_rep10_env8	lfmm_simes	Chr1	6447777	6631676	15	1	Chr1:6447777;Chr1:6507489;Chr1:6515050;Chr1:6526779;Chr1:6530212;Chr1:6542314;Chr1:6549230;Chr1:6550790;Chr1:6563724;Chr1:6583355;Chr1:6617004;Chr1:6619785;Chr1:6621549;Chr1:6621835;Chr1:6631676	Chr1:6583355	""	FALSE	FALSE	TRUE	0	1	FALSE	FALSE	2	2	2	1	2	4
bgs_V0.5_c1_rep10_env8	lfmm_simes	Chr1	6783750	6854838	11	1	Chr1:6783750;Chr1:6786755;Chr1:6793606;Chr1:6797263;Chr1:6799871;Chr1:6811677;Chr1:6817930;Chr1:6824885;Chr1:6830940;Chr1:6853249;Chr1:6854838	Chr1:6811677	""	FALSE	TRUE	TRUE	1	1	FALSE	FALSE	3	3	3	1	2	4
bgs_V0.5_c1_rep10_env9	emmax_consensus	Chr1	11983038	12019347	3	1	Chr1:11983038;Chr1:11987140;Chr1:12019347	Chr1:11983038	Chr1:11983038	TRUE	TRUE	FALSE	1	0	FALSE	FALSE	2	2	2	1	2	4
bgs_V0.5_c1_rep10_env9	emmax_simes	Chr1	11983038	12019347	3	1	Chr1:11983038;Chr1:11987140;Chr1:12019347	Chr1:11983038	Chr1:11983038	TRUE	TRUE	FALSE	1	0	FALSE	FALSE	2	2	2	1	2	4
bgs_V0.5_c1_rep10_env9	lfmm_simes	Chr1	11955693	12019347	6	2	Chr1:11955693;Chr1:11965366;Chr1:11965475;Chr1:11983038;Chr1:11987140;Chr1:12019347	Chr1:11965366;Chr1:11983038	Chr1:11983038	TRUE	TRUE	FALSE	1	0	FALSE	FALSE	2	2	2	1	2	4
bgs_V0.5_c1_rep10_env9	lfmm_simes	Chr1	12038711	12038807	2	1	Chr1:12038711;Chr1:12038807	Chr1:12038711	Chr1:11983038	TRUE	FALSE	FALSE	0	0	FALSE	FALSE	1	1	1	1	2	4
bgs_V0.5_c1_rep10_env9	lfmm_simes	Chr1	12053671	12067120	2	1	Chr1:12053671;Chr1:12067120	Chr1:12053671	Chr1:11983038	TRUE	FALSE	FALSE	0	0	FALSE	FALSE	1	1	1	1	2	4
bgs_V0.5_c1_rep1_env1	emmax_consensus	Chr1	26526895	26764646	27	4	Chr1:26526895;Chr1:26537356;Chr1:26541076;Chr1:26542521;Chr1:26545196;Chr1:26565351;Chr1:26569754;Chr1:26572340;Chr1:26576737;Chr1:26600049;Chr1:26602959;Chr1:26605969;Chr1:26614541;Chr1:26639190;Chr1:26640589;Chr1:26647844;Chr1:26654247;Chr1:26654310;Chr1:26659062;Chr1:26667597;Chr1:26681841;Chr1:26686168;Chr1:26703681;Chr1:26709662;Chr1:26716516;Chr1:26730811;Chr1:26764646	Chr1:26542521;Chr1:26605969;Chr1:26639190;Chr1:26681841	Chr1:26716516	TRUE	TRUE	TRUE	1	1	FALSE	FALSE	3	3	3	1	2	4
bgs_V0.5_c1_rep1_env1	emmax_simes	Chr1	26526895	26764646	27	4	Chr1:26526895;Chr1:26537356;Chr1:26541076;Chr1:26542521;Chr1:26545196;Chr1:26565351;Chr1:26569754;Chr1:26572340;Chr1:26576737;Chr1:26600049;Chr1:26602959;Chr1:26605969;Chr1:26614541;Chr1:26639190;Chr1:26640589;Chr1:26647844;Chr1:26654247;Chr1:26654310;Chr1:26659062;Chr1:26667597;Chr1:26681841;Chr1:26686168;Chr1:26703681;Chr1:26709662;Chr1:26716516;Chr1:26730811;Chr1:26764646	Chr1:26542521;Chr1:26605969;Chr1:26639190;Chr1:26681841	Chr1:26716516	TRUE	TRUE	TRUE	1	1	FALSE	FALSE	3	3	3	1	2	4
bgs_V0.5_c1_rep1_env1	lfmm_simes	Chr1	26526895	26862213	33	5	Chr1:26526895;Chr1:26537356;Chr1:26541076;Chr1:26542521;Chr1:26545196;Chr1:26565351;Chr1:26569754;Chr1:26572340;Chr1:26576737;Chr1:26600049;Chr1:26602959;Chr1:26605969;Chr1:26614541;Chr1:26639190;Chr1:26640589;Chr1:26647844;Chr1:26654247;Chr1:26654310;Chr1:26659062;Chr1:26667597;Chr1:26681841;Chr1:26686168;Chr1:26703681;Chr1:26709662;Chr1:26716516;Chr1:26730811;Chr1:26764646;Chr1:26806861;Chr1:26815401;Chr1:26817291;Chr1:26828105;Chr1:26856491;Chr1:26862213	Chr1:26542521;Chr1:26605969;Chr1:26639190;Chr1:26681841;Chr1:26856491	Chr1:26716516	TRUE	TRUE	TRUE	1	1	FALSE	FALSE	3	3	3	1	2	4
bgs_V0.5_c1_rep1_env10	emmax_consensus	Chr1	17513467	17750933	13	3	Chr1:17513467;Chr1:17529174;Chr1:17560264;Chr1:17585066;Chr1:17606630;Chr1:17607455;Chr1:17608559;Chr1:17674537;Chr1:17678470;Chr1:17713551;Chr1:17721637;Chr1:17734608;Chr1:17750933	Chr1:17560264;Chr1:17674537;Chr1:17734608	Chr1:17750933	TRUE	TRUE	TRUE	1	2	FALSE	FALSE	3	3	3	1	2	4
bgs_V0.5_c1_rep1_env10	emmax_simes	Chr1	17513467	17750933	13	3	Chr1:17513467;Chr1:17529174;Chr1:17560264;Chr1:17585066;Chr1:17606630;Chr1:17607455;Chr1:17608559;Chr1:17674537;Chr1:17678470;Chr1:17713551;Chr1:17721637;Chr1:17734608;Chr1:17750933	Chr1:17560264;Chr1:17674537;Chr1:17734608	Chr1:17750933	TRUE	TRUE	TRUE	1	2	FALSE	FALSE	3	3	3	1	2	4
bgs_V0.5_c1_rep1_env10	lfmm_simes	Chr1	13572942	13590402	8	1	Chr1:13572942;Chr1:13578331;Chr1:13580485;Chr1:13580760;Chr1:13583140;Chr1:13584262;Chr1:13586289;Chr1:13590402	Chr1:13572942	""	FALSE	TRUE	TRUE	1	1	FALSE	FALSE	3	3	3	1	2	4
bgs_V0.5_c1_rep1_env10	lfmm_simes	Chr1	17513467	17750933	13	3	Chr1:17513467;Chr1:17529174;Chr1:17560264;Chr1:17585066;Chr1:17606630;Chr1:17607455;Chr1:17608559;Chr1:17674537;Chr1:17678470;Chr1:17713551;Chr1:17721637;Chr1:17734608;Chr1:17750933	Chr1:17560264;Chr1:17674537;Chr1:17734608	Chr1:17750933	TRUE	TRUE	TRUE	1	2	FALSE	FALSE	3	3	3	1	2	4
bgs_V0.5_c1_rep1_env2	emmax_consensus	Chr1	20929441	20954739	10	2	Chr1:20929441;Chr1:20930165;Chr1:20931546;Chr1:20933489;Chr1:20936371;Chr1:20938334;Chr1:20939512;Chr1:20941670;Chr1:20947911;Chr1:20954739	Chr1:20933489;Chr1:20947911	Chr1:20936371	TRUE	TRUE	TRUE	1	1	FALSE	FALSE	3	3	3	1	2	4
bgs_V0.5_c1_rep1_env2	emmax_consensus	Chr2	6905411	6988712	5	1	Chr2:6905411;Chr2:6946856;Chr2:6961331;Chr2:6973872;Chr2:6988712	Chr2:6973872	""	FALSE	TRUE	TRUE	1	1	FALSE	FALSE	3	3	3	1	2	4
bgs_V0.5_c1_rep1_env2	emmax_simes	Chr1	20929441	20954739	10	2	Chr1:20929441;Chr1:20930165;Chr1:20931546;Chr1:20933489;Chr1:20936371;Chr1:20938334;Chr1:20939512;Chr1:20941670;Chr1:20947911;Chr1:20954739	Chr1:20933489;Chr1:20947911	Chr1:20936371	TRUE	TRUE	TRUE	1	1	FALSE	FALSE	3	3	3	1	2	4
bgs_V0.5_c1_rep1_env2	emmax_simes	Chr2	6905411	6988712	5	1	Chr2:6905411;Chr2:6946856;Chr2:6961331;Chr2:6973872;Chr2:6988712	Chr2:6973872	""	FALSE	FALSE	TRUE	0	1	FALSE	FALSE	2	2	2	1	2	4
bgs_V0.5_c1_rep1_env2	lfmm_simes	Chr1	20929441	20954739	10	2	Chr1:20929441;Chr1:20930165;Chr1:20931546;Chr1:20933489;Chr1:20936371;Chr1:20938334;Chr1:20939512;Chr1:20941670;Chr1:20947911;Chr1:20954739	Chr1:20933489;Chr1:20947911	Chr1:20936371	TRUE	TRUE	TRUE	1	1	FALSE	FALSE	3	3	3	1	2	4
bgs_V0.5_c1_rep1_env2	lfmm_simes	Chr2	6905411	6988712	5	1	Chr2:6905411;Chr2:6946856;Chr2:6961331;Chr2:6973872;Chr2:6988712	Chr2:6973872	""	FALSE	TRUE	TRUE	1	1	FALSE	FALSE	3	3	3	1	2	4
bgs_V0.5_c1_rep1_env3	emmax_consensus	Chr1	17639585	17672995	5	1	Chr1:17639585;Chr1:17649570;Chr1:17649989;Chr1:17655728;Chr1:17672995	Chr1:17649570	""	FALSE	TRUE	TRUE	1	1	FALSE	FALSE	3	3	3	1	2	4
bgs_V0.5_c1_rep1_env3	emmax_consensus	Chr1	19813453	19869814	5	1	Chr1:19813453;Chr1:19823026;Chr1:19828938;Chr1:19852245;Chr1:19869814	Chr1:19828938	""	FALSE	FALSE	TRUE	0	1	FALSE	FALSE	2	2	2	1	2	4
bgs_V0.5_c1_rep1_env3	emmax_consensus	Chr1	26421695	26767087	26	3	Chr1:26421695;Chr1:26422183;Chr1:26437845;Chr1:26438835;Chr1:26466989;Chr1:26470120;Chr1:26481782;Chr1:26495046;Chr1:26533678;Chr1:26534118;Chr1:26545196;Chr1:26549085;Chr1:26565351;Chr1:26569754;Chr1:26572340;Chr1:26576737;Chr1:26716516;Chr1:26759334;Chr1:26761451;Chr1:26767087;Chr1:26539376;Chr1:26566820;Chr1:26659183;Chr1:26685756;Chr1:26702077;Chr1:26724845	Chr1:26716516;Chr1:26539376;Chr1:26685756	Chr1:26716516	TRUE	TRUE	TRUE	1	1	FALSE	FALSE	3	3	3	1	2	4
bgs_V0.5_c1_rep1_env3	emmax_consensus	Chr2	28106312	28116171	2	1	Chr2:28106312;Chr2:28116171	Chr2:28106312	""	FALSE	FALSE	FALSE	0	0	FALSE	FALSE	1	1	1	1	2	4
bgs_V0.5_c1_rep1_env3	emmax_simes	Chr1	17639585	17672995	5	1	Chr1:17639585;Chr1:17649570;Chr1:17649989;Chr1:17655728;Chr1:17672995	Chr1:17649570	""	FALSE	TRUE	TRUE	1	1	FALSE	FALSE	3	3	3	1	2	4
bgs_V0.5_c1_rep1_env3	emmax_simes	Chr1	26389239	26399255	3	1	Chr1:26389239;Chr1:26392447;Chr1:26399255	Chr1:26392447	""	FALSE	FALSE	FALSE	0	0	FALSE	FALSE	1	1	1	1	2	4
bgs_V0.5_c1_rep1_env3	emmax_simes	Chr1	26421695	26796284	32	4	Chr1:26421695;Chr1:26422183;Chr1:26437845;Chr1:26438835;Chr1:26466989;Chr1:26470120;Chr1:26481782;Chr1:26495046;Chr1:26533678;Chr1:26534118;Chr1:26545196;Chr1:26549085;Chr1:26565351;Chr1:26569754;Chr1:26572340;Chr1:26576737;Chr1:26716516;Chr1:26759334;Chr1:26761451;Chr1:26767087;Chr1:26539376;Chr1:26566820;Chr1:26659183;Chr1:26685756;Chr1:26702077;Chr1:26724845;Chr1:26772424;Chr1:26777038;Chr1:26790401;Chr1:26794164;Chr1:26795005;Chr1:26796284	Chr1:26716516;Chr1:26539376;Chr1:26685756;Chr1:26790401	Chr1:26716516	TRUE	TRUE	TRUE	1	1	FALSE	FALSE	3	3	3	1	2	4
bgs_V0.5_c1_rep1_env3	emmax_simes	Chr1	26630831	26662830	5	1	Chr1:26630831;Chr1:26632279;Chr1:26643079;Chr1:26657369;Chr1:26662830	Chr1:26662830	Chr1:26716516	TRUE	FALSE	TRUE	0	1	FALSE	FALSE	2	2	3	1	2	4
bgs_V0.5_c1_rep1_env3	emmax_simes	Chr2	28106312	28120466	4	2	Chr2:28106312;Chr2:28116171;Chr2:28115316;Chr2:28120466	Chr2:28106312;Chr2:28115316	""	FALSE	FALSE	FALSE	0	0	FALSE	FALSE	1	1	1	1	2	4
bgs_V0.5_c1_rep1_env3	lfmm_simes	Chr1	13353391	13410103	5	1	Chr1:13353391;Chr1:13375716;Chr1:13386353;Chr1:13390045;Chr1:13410103	Chr1:13353391	""	FALSE	TRUE	TRUE	1	1	FALSE	FALSE	3	3	3	1	2	4
bgs_V0.5_c1_rep1_env3	lfmm_simes	Chr1	17639585	17672995	5	1	Chr1:17639585;Chr1:17649570;Chr1:17649989;Chr1:17655728;Chr1:17672995	Chr1:17649570	""	FALSE	FALSE	TRUE	0	1	FALSE	FALSE	2	2	2	1	2	4
bgs_V0.5_c1_rep1_env3	lfmm_simes	Chr1	26389239	26399255	3	1	Chr1:26389239;Chr1:26392447;Chr1:26399255	Chr1:26392447	""	FALSE	TRUE	FALSE	1	0	FALSE	FALSE	2	2	2	1	2	4
bgs_V0.5_c1_rep1_env3	lfmm_simes	Chr1	26421695	26796284	32	4	Chr1:26421695;Chr1:26422183;Chr1:26437845;Chr1:26438835;Chr1:26466989;Chr1:26470120;Chr1:26481782;Chr1:26495046;Chr1:26533678;Chr1:26534118;Chr1:26545196;Chr1:26549085;Chr1:26565351;Chr1:26569754;Chr1:26572340;Chr1:26576737;Chr1:26716516;Chr1:26759334;Chr1:26761451;Chr1:26767087;Chr1:26539376;Chr1:26566820;Chr1:26659183;Chr1:26685756;Chr1:26702077;Chr1:26724845;Chr1:26772424;Chr1:26777038;Chr1:26790401;Chr1:26794164;Chr1:26795005;Chr1:26796284	Chr1:26716516;Chr1:26539376;Chr1:26685756;Chr1:26790401	Chr1:26716516	TRUE	TRUE	TRUE	1	1	FALSE	FALSE	3	3	3	1	2	4
bgs_V0.5_c1_rep1_env3	lfmm_simes	Chr1	26630831	26662830	5	1	Chr1:26630831;Chr1:26632279;Chr1:26643079;Chr1:26657369;Chr1:26662830	Chr1:26662830	Chr1:26716516	TRUE	FALSE	TRUE	0	1	FALSE	FALSE	2	2	3	1	2	4
bgs_V0.5_c1_rep1_env3	lfmm_simes	Chr2	28115316	28120466	2	1	Chr2:28115316;Chr2:28120466	Chr2:28115316	""	FALSE	FALSE	FALSE	0	0	FALSE	FALSE	1	1	1	1	2	4
bgs_V0.5_c1_rep1_env4	emmax_consensus	Chr1	787803	852077	14	3	Chr1:787803;Chr1:791871;Chr1:798035;Chr1:799354;Chr1:804075;Chr1:806142;Chr1:828084;Chr1:830555;Chr1:834079;Chr1:835604;Chr1:844920;Chr1:830522;Chr1:836274;Chr1:852077	Chr1:804075;Chr1:828084;Chr1:836274	Chr1:828084	TRUE	TRUE	TRUE	1	1	FALSE	FALSE	3	3	3	1	2	4
bgs_V0.5_c1_rep1_env4	emmax_consensus	Chr2	24740377	24741720	2	1	Chr2:24740377;Chr2:24741720	Chr2:24740377	""	FALSE	FALSE	FALSE	0	0	FALSE	FALSE	1	1	1	1	2	4
bgs_V0.5_c1_rep1_env4	emmax_simes	Chr1	787803	844920	11	2	Chr1:787803;Chr1:791871;Chr1:798035;Chr1:799354;Chr1:804075;Chr1:806142;Chr1:828084;Chr1:830555;Chr1:834079;Chr1:835604;Chr1:844920	Chr1:804075;Chr1:828084	Chr1:828084	TRUE	TRUE	TRUE	1	1	FALSE	FALSE	3	3	3	1	2	4
bgs_V0.5_c1_rep1_env4	emmax_simes	Chr2	24740377	24741720	2	1	Chr2:24740377;Chr2:24741720	Chr2:24740377	""	FALSE	FALSE	FALSE	0	0	FALSE	FALSE	1	1	1	1	2	4
bgs_V0.5_c1_rep1_env4	lfmm_simes	Chr1	772029	852077	16	4	Chr1:772029;Chr1:774534;Chr1:787803;Chr1:791871;Chr1:798035;Chr1:799354;Chr1:804075;Chr1:806142;Chr1:828084;Chr1:830555;Chr1:834079;Chr1:835604;Chr1:844920;Chr1:830522;Chr1:836274;Chr1:852077	Chr1:772029;Chr1:804075;Chr1:828084;Chr1:836274	Chr1:828084	TRUE	TRUE	TRUE	1	1	FALSE	FALSE	3	3	3	1	2	4
bgs_V0.5_c1_rep1_env5	emmax_consensus	Chr1	1919	309271	69	1	Chr1:1919;Chr1:8269;Chr1:19184;Chr1:24100;Chr1:31439;Chr1:32639;Chr1:34121;Chr1:37755;Chr1:39275;Chr1:40745;Chr1:42380;Chr1:43625;Chr1:49281;Chr1:55053;Chr1:62006;Chr1:63537;Chr1:69063;Chr1:76161;Chr1:77256;Chr1:96184;Chr1:98217;Chr1:99623;Chr1:100256;Chr1:107840;Chr1:111350;Chr1:122587;Chr1:126132;Chr1:126694;Chr1:127505;Chr1:128881;Chr1:135056;Chr1:141309;Chr1:156436;Chr1:160049;Chr1:161563;Chr1:162852;Chr1:179572;Chr1:181287;Chr1:181979;Chr1:185367;Chr1:189546;Chr1:191228;Chr1:193784;Chr1:193942;Chr1:196411;Chr1:196541;Chr1:204775;Chr1:204852;Chr1:209931;Chr1:212259;Chr1:220001;Chr1:220736;Chr1:224171;Chr1:230249;Chr1:233810;Chr1:234347;Chr1:235173;Chr1:239734;Chr1:244273;Chr1:250718;Chr1:258860;Chr1:262888;Chr1:263932;Chr1:272957;Chr1:273956;Chr1:283469;Chr1:285658;Chr1:293996;Chr1:309271	Chr1:1919	Chr1:126132	TRUE	TRUE	TRUE	1	1	FALSE	FALSE	3	3	3	1	2	4
bgs_V0.5_c1_rep1_env5	emmax_consensus	Chr1	433290	452288	2	1	Chr1:433290;Chr1:452288	Chr1:433290	""	FALSE	TRUE	FALSE	1	0	FALSE	FALSE	2	2	2	1	2	4
bgs_V0.5_c1_rep1_env5	emmax_simes	Chr1	1919	309271	69	1	Chr1:1919;Chr1:8269;Chr1:19184;Chr1:24100;Chr1:31439;Chr1:32639;Chr1:34121;Chr1:37755;Chr1:39275;Chr1:40745;Chr1:42380;Chr1:43625;Chr1:49281;Chr1:55053;Chr1:62006;Chr1:63537;Chr1:69063;Chr1:76161;Chr1:77256;Chr1:96184;Chr1:98217;Chr1:99623;Chr1:100256;Chr1:107840;Chr1:111350;Chr1:122587;Chr1:126132;Chr1:126694;Chr1:127505;Chr1:128881;Chr1:135056;Chr1:141309;Chr1:156436;Chr1:160049;Chr1:161563;Chr1:162852;Chr1:179572;Chr1:181287;Chr1:181979;Chr1:185367;Chr1:189546;Chr1:191228;Chr1:193784;Chr1:193942;Chr1:196411;Chr1:196541;Chr1:204775;Chr1:204852;Chr1:209931;Chr1:212259;Chr1:220001;Chr1:220736;Chr1:224171;Chr1:230249;Chr1:233810;Chr1:234347;Chr1:235173;Chr1:239734;Chr1:244273;Chr1:250718;Chr1:258860;Chr1:262888;Chr1:263932;Chr1:272957;Chr1:273956;Chr1:283469;Chr1:285658;Chr1:293996;Chr1:309271	Chr1:1919	Chr1:126132	TRUE	TRUE	TRUE	1	1	FALSE	FALSE	3	3	3	1	2	4
bgs_V0.5_c1_rep1_env5	emmax_simes	Chr1	433290	452288	2	1	Chr1:433290;Chr1:452288	Chr1:433290	""	FALSE	FALSE	FALSE	0	0	FALSE	FALSE	1	1	1	1	2	4
bgs_V0.5_c1_rep1_env5	lfmm_simes	Chr1	1919	309271	69	1	Chr1:1919;Chr1:8269;Chr1:19184;Chr1:24100;Chr1:31439;Chr1:32639;Chr1:34121;Chr1:37755;Chr1:39275;Chr1:40745;Chr1:42380;Chr1:43625;Chr1:49281;Chr1:55053;Chr1:62006;Chr1:63537;Chr1:69063;Chr1:76161;Chr1:77256;Chr1:96184;Chr1:98217;Chr1:99623;Chr1:100256;Chr1:107840;Chr1:111350;Chr1:122587;Chr1:126132;Chr1:126694;Chr1:127505;Chr1:128881;Chr1:135056;Chr1:141309;Chr1:156436;Chr1:160049;Chr1:161563;Chr1:162852;Chr1:179572;Chr1:181287;Chr1:181979;Chr1:185367;Chr1:189546;Chr1:191228;Chr1:193784;Chr1:193942;Chr1:196411;Chr1:196541;Chr1:204775;Chr1:204852;Chr1:209931;Chr1:212259;Chr1:220001;Chr1:220736;Chr1:224171;Chr1:230249;Chr1:233810;Chr1:234347;Chr1:235173;Chr1:239734;Chr1:244273;Chr1:250718;Chr1:258860;Chr1:262888;Chr1:263932;Chr1:272957;Chr1:273956;Chr1:283469;Chr1:285658;Chr1:293996;Chr1:309271	Chr1:1919	Chr1:126132	TRUE	TRUE	TRUE	1	1	FALSE	FALSE	3	3	3	1	2	4
bgs_V0.5_c1_rep1_env7	emmax_consensus	Chr1	4165820	4203452	6	2	Chr1:4165820;Chr1:4171929;Chr1:4177227;Chr1:4183891;Chr1:4197933;Chr1:4203452	Chr1:4171929;Chr1:4197933	Chr1:4177227	TRUE	TRUE	TRUE	1	1	FALSE	FALSE	3	3	3	1	2	4
bgs_V0.5_c1_rep1_env7	emmax_simes	Chr1	4165820	4203452	6	2	Chr1:4165820;Chr1:4171929;Chr1:4177227;Chr1:4183891;Chr1:4197933;Chr1:4203452	Chr1:4171929;Chr1:4197933	Chr1:4177227	TRUE	TRUE	TRUE	1	1	FALSE	FALSE	3	3	3	1	2	4
bgs_V0.5_c1_rep1_env7	emmax_simes	Chr1	4214528	4226220	6	1	Chr1:4214528;Chr1:4217784;Chr1:4220160;Chr1:4223311;Chr1:4225804;Chr1:4226220	Chr1:4220160	Chr1:4177227	TRUE	FALSE	TRUE	0	1	FALSE	FALSE	2	2	2	1	2	4
bgs_V0.5_c1_rep1_env7	emmax_simes	Chr2	10671422	10802520	7	1	Chr2:10671422;Chr2:10780453;Chr2:10788549;Chr2:10789270;Chr2:10792562;Chr2:10802141;Chr2:10802520	Chr2:10780453	""	FALSE	FALSE	TRUE	0	1	FALSE	FALSE	2	2	2	1	2	4
bgs_V0.5_c1_rep1_env7	lfmm_simes	Chr1	4165820	4203452	6	2	Chr1:4165820;Chr1:4171929;Chr1:4177227;Chr1:4183891;Chr1:4197933;Chr1:4203452	Chr1:4171929;Chr1:4197933	Chr1:4177227	TRUE	TRUE	TRUE	1	1	FALSE	FALSE	3	3	3	1	2	4
bgs_V0.5_c1_rep1_env7	lfmm_simes	Chr1	4198832	4199840	2	1	Chr1:4198832;Chr1:4199840	Chr1:4198832	Chr1:4177227	TRUE	FALSE	FALSE	0	0	FALSE	FALSE	1	1	2	1	2	4
bgs_V0.5_c1_rep1_env7	lfmm_simes	Chr1	4214528	4226220	6	1	Chr1:4214528;Chr1:4217784;Chr1:4220160;Chr1:4223311;Chr1:4225804;Chr1:4226220	Chr1:4220160	Chr1:4177227	TRUE	FALSE	TRUE	0	1	FALSE	FALSE	2	2	2	1	2	4
bgs_V0.5_c1_rep1_env7	lfmm_simes	Chr2	10671422	10802520	7	1	Chr2:10671422;Chr2:10780453;Chr2:10788549;Chr2:10789270;Chr2:10792562;Chr2:10802141;Chr2:10802520	Chr2:10780453	""	FALSE	FALSE	TRUE	0	1	FALSE	FALSE	2	2	2	1	2	4
bgs_V0.5_c1_rep1_env8	lfmm_simes	Chr1	13479397	13590424	21	1	Chr1:13479397;Chr1:13488250;Chr1:13500735;Chr1:13511529;Chr1:13512176;Chr1:13523441;Chr1:13526246;Chr1:13529374;Chr1:13531859;Chr1:13533986;Chr1:13534756;Chr1:13537120;Chr1:13538741;Chr1:13542557;Chr1:13550282;Chr1:13551131;Chr1:13553765;Chr1:13564041;Chr1:13583030;Chr1:13584748;Chr1:13590424	Chr1:13537120	Chr1:13542557	TRUE	TRUE	TRUE	1	1	FALSE	FALSE	3	3	3	1	2	4
bgs_V0.5_c1_rep1_env9	emmax_simes	Chr1	25563392	25574238	4	1	Chr1:25563392;Chr1:25564390;Chr1:25564457;Chr1:25574238	Chr1:25564390	""	FALSE	FALSE	TRUE	0	1	FALSE	FALSE	2	2	2	1	2	4
bgs_V0.5_c1_rep1_env9	emmax_simes	Chr1	25726352	25814628	13	1	Chr1:25726352;Chr1:25750295;Chr1:25760030;Chr1:25765928;Chr1:25773713;Chr1:25776301;Chr1:25777210;Chr1:25784237;Chr1:25790983;Chr1:25791220;Chr1:25793911;Chr1:25804014;Chr1:25814628	Chr1:25773713	Chr1:25814628	TRUE	TRUE	TRUE	1	1	FALSE	FALSE	3	3	3	1	2	4
bgs_V0.5_c1_rep1_env9	emmax_simes	Chr1	26817995	26880087	2	1	Chr1:26817995;Chr1:26880087	Chr1:26817995	""	FALSE	FALSE	FALSE	0	0	FALSE	FALSE	1	1	1	1	2	4
bgs_V0.5_c1_rep1_env9	lfmm_simes	Chr1	18597670	18620820	3	1	Chr1:18597670;Chr1:18613470;Chr1:18620820	Chr1:18620820	""	FALSE	FALSE	FALSE	0	0	FALSE	FALSE	1	1	1	1	2	4
bgs_V0.5_c1_rep1_env9	lfmm_simes	Chr1	25563392	25574238	4	1	Chr1:25563392;Chr1:25564390;Chr1:25564457;Chr1:25574238	Chr1:25564390	""	FALSE	TRUE	TRUE	1	1	FALSE	FALSE	3	3	3	1	2	4
bgs_V0.5_c1_rep1_env9	lfmm_simes	Chr1	25713454	25722341	4	1	Chr1:25713454;Chr1:25717396;Chr1:25717702;Chr1:25722341	Chr1:25717396	Chr1:25814628	TRUE	TRUE	TRUE	1	1	FALSE	FALSE	3	3	3	1	2	4
bgs_V0.5_c1_rep1_env9	lfmm_simes	Chr1	25726352	25814628	13	1	Chr1:25726352;Chr1:25750295;Chr1:25760030;Chr1:25765928;Chr1:25773713;Chr1:25776301;Chr1:25777210;Chr1:25784237;Chr1:25790983;Chr1:25791220;Chr1:25793911;Chr1:25804014;Chr1:25814628	Chr1:25773713	Chr1:25814628	TRUE	TRUE	TRUE	1	1	FALSE	FALSE	3	3	3	1	2	4
bgs_V0.5_c1_rep2_env1	lfmm_simes	Chr1	2560135	2591556	4	1	Chr1:2560135;Chr1:2576889;Chr1:2577811;Chr1:2591556	Chr1:2576889	Chr1:2576889	TRUE	FALSE	TRUE	0	1	FALSE	FALSE	2	2	2	1	2	4
bgs_V0.5_c1_rep2_env10	emmax_consensus	Chr1	4711680	4776480	3	1	Chr1:4711680;Chr1:4758126;Chr1:4776480	Chr1:4776480	Chr1:4758126	TRUE	TRUE	FALSE	1	0	FALSE	FALSE	2	2	2	1	2	4
bgs_V0.5_c1_rep2_env10	emmax_simes	Chr1	3078662	3081197	2	1	Chr1:3078662;Chr1:3081197	Chr1:3078662	""	FALSE	FALSE	FALSE	0	0	FALSE	FALSE	1	1	1	1	2	4
bgs_V0.5_c1_rep2_env10	emmax_simes	Chr1	4711680	4776480	3	1	Chr1:4711680;Chr1:4758126;Chr1:4776480	Chr1:4776480	Chr1:4758126	TRUE	TRUE	FALSE	1	0	FALSE	FALSE	2	2	2	1	2	4
bgs_V0.5_c1_rep2_env10	lfmm_simes	Chr1	3078662	3081197	2	1	Chr1:3078662;Chr1:3081197	Chr1:3078662	""	FALSE	TRUE	FALSE	1	0	FALSE	FALSE	2	2	2	1	2	4
bgs_V0.5_c1_rep2_env10	lfmm_simes	Chr1	4711680	4798562	5	2	Chr1:4711680;Chr1:4758126;Chr1:4776480;Chr1:4748883;Chr1:4798562	Chr1:4776480;Chr1:4748883	Chr1:4758126	TRUE	TRUE	FALSE	1	0	FALSE	FALSE	2	2	2	1	2	4
bgs_V0.5_c1_rep2_env10	lfmm_simes	Chr1	4929831	4930324	2	1	Chr1:4929831;Chr1:4930324	Chr1:4929831	""	FALSE	TRUE	FALSE	1	0	FALSE	FALSE	2	2	2	1	2	4
bgs_V0.5_c1_rep2_env10	lfmm_simes	Chr1	4974471	4977448	4	1	Chr1:4974471;Chr1:4974560;Chr1:4977306;Chr1:4977448	Chr1:4974471	""	FALSE	TRUE	TRUE	1	1	FALSE	FALSE	3	3	3	1	2	4
bgs_V0.5_c1_rep2_env2	emmax_consensus	Chr1	5630954	5640650	2	1	Chr1:5630954;Chr1:5640650	Chr1:5630954	""	FALSE	FALSE	FALSE	0	0	FALSE	FALSE	1	1	1	1	2	4
bgs_V0.5_c1_rep2_env2	emmax_consensus	Chr1	7649078	7693706	7	1	Chr1:7649078;Chr1:7669069;Chr1:7674996;Chr1:7675089;Chr1:7679103;Chr1:7692859;Chr1:7693706	Chr1:7669069	""	FALSE	FALSE	TRUE	0	1	FALSE	FALSE	2	2	2	1	2	4
bgs_V0.5_c1_rep2_env2	emmax_consensus	Chr1	15542646	15773054	39	3	Chr1:15542646;Chr1:15544271;Chr1:15545129;Chr1:15550702;Chr1:15553514;Chr1:15561896;Chr1:15571045;Chr1:15574208;Chr1:15574777;Chr1:15582685;Chr1:15588659;Chr1:15606104;Chr1:15621923;Chr1:15625989;Chr1:15637756;Chr1:15675701;Chr1:15678934;Chr1:15681287;Chr1:15687347;Chr1:15687668;Chr1:15688600;Chr1:15689119;Chr1:15691458;Chr1:15696578;Chr1:15700561;Chr1:15721713;Chr1:15724702;Chr1:15725230;Chr1:15728166;Chr1:15728505;Chr1:15730603;Chr1:15731539;Chr1:15766719;Chr1:15767621;Chr1:15773054;Chr1:15724979;Chr1:15734909;Chr1:15750531;Chr1:15753012	Chr1:15542646;Chr1:15696578;Chr1:15724979	Chr1:15773054	TRUE	TRUE	TRUE	1	1	FALSE	FALSE	3	3	3	1	2	4
bgs_V0.5_c1_rep2_env2	emmax_consensus	Chr1	15740688	15756248	3	1	Chr1:15740688;Chr1:15747335;Chr1:15756248	Chr1:15747335	Chr1:15773054	TRUE	FALSE	FALSE	0	0	FALSE	FALSE	1	1	3	1	2	4
bgs_V0.5_c1_rep2_env2	emmax_consensus	Chr1	20268321	20297971	5	2	Chr1:20268321;Chr1:20270220;Chr1:20294655;Chr1:20296145;Chr1:20297971	Chr1:20268321;Chr1:20294655	Chr1:20297971	TRUE	TRUE	FALSE	1	0	FALSE	FALSE	2	2	2	1	2	4
bgs_V0.5_c1_rep2_env2	emmax_simes	Chr1	15542646	15773054	47	4	Chr1:15542646;Chr1:15544271;Chr1:15545129;Chr1:15550702;Chr1:15553514;Chr1:15561896;Chr1:15571045;Chr1:15574208;Chr1:15574777;Chr1:15582685;Chr1:15588659;Chr1:15606104;Chr1:15619470;Chr1:15629307;Chr1:15635473;Chr1:15664456;Chr1:15664656;Chr1:15665944;Chr1:15668033;Chr1:15672499;Chr1:15621923;Chr1:15625989;Chr1:15637756;Chr1:15675701;Chr1:15678934;Chr1:15681287;Chr1:15687347;Chr1:15687668;Chr1:15688600;Chr1:15689119;Chr1:15691458;Chr1:15696578;Chr1:15700561;Chr1:15721713;Chr1:15724702;Chr1:15725230;Chr1:15728166;Chr1:15728505;Chr1:15730603;Chr1:15731539;Chr1:15766719;Chr1:15767621;Chr1:15773054;Chr1:15724979;Chr1:15734909;Chr1:15750531;Chr1:15753012	Chr1:15542646;Chr1:15664656;Chr1:15696578;Chr1:15724979	Chr1:15773054	TRUE	TRUE	TRUE	1	1	FALSE	FALSE	3	3	3	1	2	4
bgs_V0.5_c1_rep2_env2	emmax_simes	Chr1	20268321	20297971	5	2	Chr1:20268321;Chr1:20270220;Chr1:20294655;Chr1:20296145;Chr1:20297971	Chr1:20268321;Chr1:20294655	Chr1:20297971	TRUE	TRUE	FALSE	1	0	FALSE	FALSE	2	2	2	1	2	4
bgs_V0.5_c1_rep2_env2	lfmm_simes	Chr1	5630954	5640650	2	1	Chr1:5630954;Chr1:5640650	Chr1:5630954	""	FALSE	TRUE	FALSE	1	0	FALSE	FALSE	2	2	2	1	2	4
bgs_V0.5_c1_rep2_env2	lfmm_simes	Chr1	15619470	15773054	35	3	Chr1:15619470;Chr1:15629307;Chr1:15635473;Chr1:15664456;Chr1:15664656;Chr1:15665944;Chr1:15668033;Chr1:15672499;Chr1:15621923;Chr1:15625989;Chr1:15637756;Chr1:15675701;Chr1:15678934;Chr1:15681287;Chr1:15687347;Chr1:15687668;Chr1:15688600;Chr1:15689119;Chr1:15691458;Chr1:15696578;Chr1:15700561;Chr1:15721713;Chr1:15724702;Chr1:15725230;Chr1:15728166;Chr1:15728505;Chr1:15730603;Chr1:15731539;Chr1:15766719;Chr1:15767621;Chr1:15773054;Chr1:15724979;Chr1:15734909;Chr1:15750531;Chr1:15753012	Chr1:15664656;Chr1:15696578;Chr1:15724979	Chr1:15773054	TRUE	TRUE	TRUE	1	1	FALSE	FALSE	3	3	3	1	2	4
bgs_V0.5_c1_rep2_env2	lfmm_simes	Chr1	20268321	20297971	5	2	Chr1:20268321;Chr1:20270220;Chr1:20294655;Chr1:20296145;Chr1:20297971	Chr1:20268321;Chr1:20294655	Chr1:20297971	TRUE	TRUE	FALSE	1	0	FALSE	FALSE	2	2	2	1	2	4
bgs_V0.5_c1_rep2_env3	emmax_consensus	Chr1	2540961	2633840	11	2	Chr1:2540961;Chr1:2556800;Chr1:2561183;Chr1:2576889;Chr1:2579531;Chr1:2586280;Chr1:2587763;Chr1:2611547;Chr1:2611550;Chr1:2618493;Chr1:2633840	Chr1:2556800;Chr1:2611550	Chr1:2576889	TRUE	TRUE	TRUE	1	1	FALSE	FALSE	3	3	3	1	2	4
bgs_V0.5_c1_rep2_env3	emmax_consensus	Chr1	3924017	3936810	3	1	Chr1:3924017;Chr1:3932562;Chr1:3936810	Chr1:3932562	Chr1:3936810	TRUE	TRUE	FALSE	1	0	FALSE	FALSE	2	2	2	1	2	4
bgs_V0.5_c1_rep2_env3	emmax_simes	Chr1	2490236	2633840	18	3	Chr1:2490236;Chr1:2490836;Chr1:2501173;Chr1:2507653;Chr1:2510109;Chr1:2510862;Chr1:2512632;Chr1:2540961;Chr1:2556800;Chr1:2561183;Chr1:2576889;Chr1:2579531;Chr1:2586280;Chr1:2587763;Chr1:2611547;Chr1:2611550;Chr1:2618493;Chr1:2633840	Chr1:2512632;Chr1:2556800;Chr1:2611550	Chr1:2576889	TRUE	TRUE	TRUE	1	1	FALSE	FALSE	3	3	3	1	2	4
bgs_V0.5_c1_rep2_env3	emmax_simes	Chr1	3924017	3971752	6	2	Chr1:3924017;Chr1:3932562;Chr1:3936810;Chr1:3945524;Chr1:3965978;Chr1:3971752	Chr1:3932562;Chr1:3965978	Chr1:3936810	TRUE	TRUE	FALSE	1	0	FALSE	FALSE	2	2	2	1	2	4
bgs_V0.5_c1_rep2_env3	lfmm_simes	Chr1	2349142	2404875	10	1	Chr1:2349142;Chr1:2353602;Chr1:2361978;Chr1:2364064;Chr1:2367209;Chr1:2369165;Chr1:2381866;Chr1:2391481;Chr1:2395105;Chr1:2404875	Chr1:2361978	""	FALSE	TRUE	TRUE	1	1	FALSE	FALSE	3	3	3	1	2	4
bgs_V0.5_c1_rep2_env3	lfmm_simes	Chr1	2457161	2633840	21	4	Chr1:2457161;Chr1:2458142;Chr1:2466672;Chr1:2490236;Chr1:2490836;Chr1:2501173;Chr1:2507653;Chr1:2510109;Chr1:2510862;Chr1:2512632;Chr1:2540961;Chr1:2556800;Chr1:2561183;Chr1:2576889;Chr1:2579531;Chr1:2586280;Chr1:2587763;Chr1:2611547;Chr1:2611550;Chr1:2618493;Chr1:2633840	Chr1:2458142;Chr1:2512632;Chr1:2556800;Chr1:2611550	Chr1:2576889	TRUE	TRUE	TRUE	1	1	FALSE	FALSE	3	3	3	1	2	4
bgs_V0.5_c1_rep2_env3	lfmm_simes	Chr1	2586868	2596213	3	1	Chr1:2586868;Chr1:2590724;Chr1:2596213	Chr1:2586868	Chr1:2576889	TRUE	TRUE	FALSE	1	0	FALSE	FALSE	2	2	3	1	2	4
bgs_V0.5_c1_rep2_env3	lfmm_simes	Chr1	2650812	2668347	4	1	Chr1:2650812;Chr1:2651125;Chr1:2657927;Chr1:2668347	Chr1:2650812	Chr1:2576889	TRUE	TRUE	TRUE	1	1	FALSE	FALSE	3	3	3	1	2	4
bgs_V0.5_c1_rep2_env3	lfmm_simes	Chr1	2717896	2735767	3	1	Chr1:2717896;Chr1:2730509;Chr1:2735767	Chr1:2730509	""	FALSE	FALSE	FALSE	0	0	FALSE	FALSE	1	1	1	1	2	4
bgs_V0.5_c1_rep2_env3	lfmm_simes	Chr1	3924017	3936810	3	1	Chr1:3924017;Chr1:3932562;Chr1:3936810	Chr1:3932562	Chr1:3936810	TRUE	TRUE	FALSE	1	0	FALSE	FALSE	2	2	2	1	2	4
bgs_V0.5_c1_rep2_env3	lfmm_simes	Chr2	11183117	11194140	3	1	Chr2:11183117;Chr2:11192003;Chr2:11194140	Chr2:11183117	""	FALSE	FALSE	FALSE	0	0	FALSE	FALSE	1	1	1	1	2	4
bgs_V0.5_c1_rep2_env4	emmax_consensus	Chr1	11139113	11520849	64	5	Chr1:11139113;Chr1:11143334;Chr1:11157589;Chr1:11170213;Chr1:11170829;Chr1:11171172;Chr1:11188710;Chr1:11154311;Chr1:11162032;Chr1:11175358;Chr1:11185086;Chr1:11230356;Chr1:11233882;Chr1:11236087;Chr1:11238883;Chr1:11161501;Chr1:11169628;Chr1:11172172;Chr1:11180065;Chr1:11200457;Chr1:11202756;Chr1:11205650;Chr1:11207003;Chr1:11207685;Chr1:11210165;Chr1:11220650;Chr1:11259218;Chr1:11223650;Chr1:11225544;Chr1:11230382;Chr1:11238005;Chr1:11241729;Chr1:11246266;Chr1:11259718;Chr1:11299803;Chr1:11305846;Chr1:11307804;Chr1:11317092;Chr1:11335976;Chr1:11345215;Chr1:11348914;Chr1:11349773;Chr1:11360149;Chr1:11366258;Chr1:11371706;Chr1:11373467;Chr1:11378212;Chr1:11384656;Chr1:11404910;Chr1:11423040;Chr1:11439839;Chr1:11459049;Chr1:11469978;Chr1:11475374;Chr1:11477932;Chr1:11490910;Chr1:11493350;Chr1:11504854;Chr1:11505268;Chr1:11516474;Chr1:11518903;Chr1:11520849;Chr1:11331688;Chr1:11351123	Chr1:11170213;Chr1:11162032;Chr1:11202756;Chr1:11259718;Chr1:11331688	Chr1:11305846	TRUE	TRUE	TRUE	1	1	FALSE	FALSE	3	3	3	1	2	4
bgs_V0.5_c1_rep2_env4	emmax_consensus	Chr1	11543054	11673278	28	2	Chr1:11543054;Chr1:11557018;Chr1:11591838;Chr1:11612727;Chr1:11636558;Chr1:11642396;Chr1:11551062;Chr1:11551281;Chr1:11567853;Chr1:11569207;Chr1:11594734;Chr1:11597751;Chr1:11598548;Chr1:11602466;Chr1:11609998;Chr1:11623584;Chr1:11627827;Chr1:11631848;Chr1:11638204;Chr1:11639146;Chr1:11643375;Chr1:11645877;Chr1:11647497;Chr1:11651250;Chr1:11654224;Chr1:11654265;Chr1:11672342;Chr1:11673278	Chr1:11636558;Chr1:11627827	""	FALSE	TRUE	TRUE	1	1	FALSE	FALSE	3	3	3	1	2	4
bgs_V0.5_c1_rep2_env4	emmax_simes	Chr1	11139113	11673278	84	5	Chr1:11139113;Chr1:11143334;Chr1:11157589;Chr1:11170213;Chr1:11170829;Chr1:11171172;Chr1:11188710;Chr1:11154311;Chr1:11162032;Chr1:11175358;Chr1:11185086;Chr1:11230356;Chr1:11233882;Chr1:11236087;Chr1:11238883;Chr1:11161501;Chr1:11169628;Chr1:11172172;Chr1:11180065;Chr1:11200457;Chr1:11202756;Chr1:11205650;Chr1:11207003;Chr1:11207685;Chr1:11210165;Chr1:11220650;Chr1:11259218;Chr1:11223650;Chr1:11225544;Chr1:11230382;Chr1:11238005;Chr1:11241729;Chr1:11246266;Chr1:11259718;Chr1:11299803;Chr1:11305846;Chr1:11307804;Chr1:11317092;Chr1:11335976;Chr1:11345215;Chr1:11348914;Chr1:11349773;Chr1:11360149;Chr1:11366258;Chr1:11371706;Chr1:11373467;Chr1:11378212;Chr1:11384656;Chr1:11404910;Chr1:11423040;Chr1:11439839;Chr1:11459049;Chr1:11469978;Chr1:11475374;Chr1:11477932;Chr1:11490910;Chr1:11493350;Chr1:11504854;Chr1:11505268;Chr1:11516474;Chr1:11518903;Chr1:11520849;Chr1:11551062;Chr1:11551281;Chr1:11567853;Chr1:11569207;Chr1:11594734;Chr1:11597751;Chr1:11598548;Chr1:11602466;Chr1:11609998;Chr1:11623584;Chr1:11627827;Chr1:11631848;Chr1:11638204;Chr1:11639146;Chr1:11643375;Chr1:11645877;Chr1:11647497;Chr1:11651250;Chr1:11654224;Chr1:11654265;Chr1:11672342;Chr1:11673278	Chr1:11170213;Chr1:11162032;Chr1:11202756;Chr1:11259718;Chr1:11627827	Chr1:11305846	TRUE	TRUE	TRUE	1	2	FALSE	FALSE	3	3	3	1	2	4
bgs_V0.5_c1_rep2_env4	lfmm_simes	Chr1	11139113	11673278	84	5	Chr1:11139113;Chr1:11143334;Chr1:11157589;Chr1:11170213;Chr1:11170829;Chr1:11171172;Chr1:11188710;Chr1:11154311;Chr1:11162032;Chr1:11175358;Chr1:11185086;Chr1:11230356;Chr1:11233882;Chr1:11236087;Chr1:11238883;Chr1:11161501;Chr1:11169628;Chr1:11172172;Chr1:11180065;Chr1:11200457;Chr1:11202756;Chr1:11205650;Chr1:11207003;Chr1:11207685;Chr1:11210165;Chr1:11220650;Chr1:11259218;Chr1:11223650;Chr1:11225544;Chr1:11230382;Chr1:11238005;Chr1:11241729;Chr1:11246266;Chr1:11259718;Chr1:11299803;Chr1:11305846;Chr1:11307804;Chr1:11317092;Chr1:11335976;Chr1:11345215;Chr1:11348914;Chr1:11349773;Chr1:11360149;Chr1:11366258;Chr1:11371706;Chr1:11373467;Chr1:11378212;Chr1:11384656;Chr1:11404910;Chr1:11423040;Chr1:11439839;Chr1:11459049;Chr1:11469978;Chr1:11475374;Chr1:11477932;Chr1:11490910;Chr1:11493350;Chr1:11504854;Chr1:11505268;Chr1:11516474;Chr1:11518903;Chr1:11520849;Chr1:11551062;Chr1:11551281;Chr1:11567853;Chr1:11569207;Chr1:11594734;Chr1:11597751;Chr1:11598548;Chr1:11602466;Chr1:11609998;Chr1:11623584;Chr1:11627827;Chr1:11631848;Chr1:11638204;Chr1:11639146;Chr1:11643375;Chr1:11645877;Chr1:11647497;Chr1:11651250;Chr1:11654224;Chr1:11654265;Chr1:11672342;Chr1:11673278	Chr1:11170213;Chr1:11162032;Chr1:11202756;Chr1:11259718;Chr1:11627827	Chr1:11305846	TRUE	TRUE	TRUE	1	2	FALSE	FALSE	3	3	3	1	2	4
bgs_V0.5_c1_rep2_env5	emmax_consensus	Chr1	14376559	14478843	5	1	Chr1:14376559;Chr1:14409207;Chr1:14449017;Chr1:14457967;Chr1:14478843	Chr1:14409207	""	FALSE	FALSE	TRUE	0	1	FALSE	FALSE	2	2	2	1	2	4
bgs_V0.5_c1_rep2_env5	emmax_simes	Chr1	13849442	14099764	6	1	Chr1:13849442;Chr1:13873922;Chr1:13883539;Chr1:13888528;Chr1:13984021;Chr1:14099764	Chr1:13873922	Chr1:13888528	TRUE	TRUE	TRUE	1	1	FALSE	FALSE	3	3	3	1	2	4
bgs_V0.5_c1_rep2_env5	emmax_simes	Chr1	14376559	14478843	5	1	Chr1:14376559;Chr1:14409207;Chr1:14449017;Chr1:14457967;Chr1:14478843	Chr1:14409207	""	FALSE	TRUE	TRUE	1	1	FALSE	FALSE	3	3	3	1	2	4
bgs_V0.5_c1_rep2_env5	lfmm_simes	Chr1	13849442	14099764	6	1	Chr1:13849442;Chr1:13873922;Chr1:13883539;Chr1:13888528;Chr1:13984021;Chr1:14099764	Chr1:13873922	Chr1:13888528	TRUE	TRUE	TRUE	1	1	FALSE	FALSE	3	3	3	1	2	4
bgs_V0.5_c1_rep2_env5	lfmm_simes	Chr1	14376559	14478843	5	1	Chr1:14376559;Chr1:14409207;Chr1:14449017;Chr1:14457967;Chr1:14478843	Chr1:14409207	""	FALSE	TRUE	TRUE	1	1	FALSE	FALSE	3	3	3	1	2	4
bgs_V0.5_c1_rep2_env7	emmax_consensus	Chr1	5593414	5612785	6	2	Chr1:5593414;Chr1:5612785;Chr1:5603922;Chr1:5609343;Chr1:5611372;Chr1:5612289	Chr1:5593414;Chr1:5609343	Chr1:5612785	TRUE	TRUE	TRUE	1	1	FALSE	FALSE	3	3	3	1	2	4
bgs_V0.5_c1_rep2_env7	emmax_simes	Chr1	5593414	5612785	6	2	Chr1:5593414;Chr1:5612785;Chr1:5603922;Chr1:5609343;Chr1:5611372;Chr1:5612289	Chr1:5593414;Chr1:5609343	Chr1:5612785	TRUE	TRUE	TRUE	1	1	FALSE	FALSE	3	3	3	1	2	4
bgs_V0.5_c1_rep2_env7	lfmm_simes	Chr1	5570144	5612785	10	3	Chr1:5570144;Chr1:5571948;Chr1:5583797;Chr1:5585345;Chr1:5593414;Chr1:5612785;Chr1:5603922;Chr1:5609343;Chr1:5611372;Chr1:5612289	Chr1:5570144;Chr1:5593414;Chr1:5609343	Chr1:5612785	TRUE	TRUE	TRUE	1	2	FALSE	FALSE	3	3	3	1	2	4
bgs_V0.5_c1_rep2_env7	lfmm_simes	Chr1	15672499	15725230	10	1	Chr1:15672499;Chr1:15678934;Chr1:15687668;Chr1:15688600;Chr1:15689119;Chr1:15691458;Chr1:15721713;Chr1:15724702;Chr1:15724979;Chr1:15725230	Chr1:15678934	Chr1:15773054	TRUE	TRUE	TRUE	1	1	FALSE	FALSE	3	3	3	1	2	4
bgs_V0.5_c1_rep2_env7	lfmm_simes	Chr1	15733841	15773054	9	1	Chr1:15733841;Chr1:15734909;Chr1:15747335;Chr1:15750531;Chr1:15756248;Chr1:15760420;Chr1:15766719;Chr1:15767621;Chr1:15773054	Chr1:15750531	Chr1:15773054	TRUE	TRUE	TRUE	1	1	FALSE	FALSE	3	3	3	1	2	4
bgs_V0.5_c1_rep2_env8	emmax_consensus	Chr1	18363111	18366863	2	1	Chr1:18363111;Chr1:18366863	Chr1:18363111	""	FALSE	FALSE	FALSE	0	0	FALSE	FALSE	1	1	1	1	2	4
bgs_V0.5_c1_rep2_env8	emmax_consensus	Chr2	14631730	14659893	5	1	Chr2:14631730;Chr2:14633105;Chr2:14634817;Chr2:14642171;Chr2:14659893	Chr2:14631730	""	FALSE	FALSE	TRUE	0	1	FALSE	FALSE	2	2	2	1	2	4
bgs_V0.5_c1_rep2_env8	emmax_consensus	Chr2	14655683	15440246	43	3	Chr2:14655683;Chr2:14666793;Chr2:14669013;Chr2:14679921;Chr2:14704825;Chr2:14708410;Chr2:14720508;Chr2:14779369;Chr2:14855245;Chr2:14858797;Chr2:14864051;Chr2:14867979;Chr2:14885139;Chr2:14886199;Chr2:14888171;Chr2:14901169;Chr2:14911192;Chr2:14920210;Chr2:14925839;Chr2:14946572;Chr2:14964669;Chr2:14973164;Chr2:14975850;Chr2:14983558;Chr2:14987447;Chr2:14997050;Chr2:15041744;Chr2:15053162;Chr2:15071151;Chr2:15118085;Chr2:15134993;Chr2:15152420;Chr2:15156980;Chr2:15172010;Chr2:15182261;Chr2:15184957;Chr2:15267375;Chr2:15268685;Chr2:15270287;Chr2:15289602;Chr2:15292029;Chr2:15369817;Chr2:15440246	Chr2:14655683;Chr2:14855245;Chr2:15172010	""	FALSE	FALSE	TRUE	0	2	FALSE	FALSE	2	2	2	1	2	4
bgs_V0.5_c1_rep2_env8	emmax_simes	Chr1	18363111	18366863	2	1	Chr1:18363111;Chr1:18366863	Chr1:18363111	""	FALSE	FALSE	FALSE	0	0	FALSE	FALSE	1	1	1	1	2	4
bgs_V0.5_c1_rep2_env8	emmax_simes	Chr2	14631730	14659893	5	1	Chr2:14631730;Chr2:14633105;Chr2:14634817;Chr2:14642171;Chr2:14659893	Chr2:14631730	""	FALSE	FALSE	TRUE	0	1	FALSE	FALSE	2	2	2	1	2	4
bgs_V0.5_c1_rep2_env8	emmax_simes	Chr2	14655683	15440246	43	3	Chr2:14655683;Chr2:14666793;Chr2:14669013;Chr2:14679921;Chr2:14704825;Chr2:14708410;Chr2:14720508;Chr2:14779369;Chr2:14855245;Chr2:14858797;Chr2:14864051;Chr2:14867979;Chr2:14885139;Chr2:14886199;Chr2:14888171;Chr2:14901169;Chr2:14911192;Chr2:14920210;Chr2:14925839;Chr2:14946572;Chr2:14964669;Chr2:14973164;Chr2:14975850;Chr2:14983558;Chr2:14987447;Chr2:14997050;Chr2:15041744;Chr2:15053162;Chr2:15071151;Chr2:15118085;Chr2:15134993;Chr2:15152420;Chr2:15156980;Chr2:15172010;Chr2:15182261;Chr2:15184957;Chr2:15267375;Chr2:15268685;Chr2:15270287;Chr2:15289602;Chr2:15292029;Chr2:15369817;Chr2:15440246	Chr2:14655683;Chr2:14855245;Chr2:15172010	""	FALSE	FALSE	TRUE	0	2	FALSE	FALSE	2	2	2	1	2	4
bgs_V0.5_c1_rep2_env8	lfmm_simes	Chr1	18363111	18366863	2	1	Chr1:18363111;Chr1:18366863	Chr1:18363111	""	FALSE	TRUE	FALSE	1	0	FALSE	FALSE	2	2	2	1	2	4
bgs_V0.5_c1_rep3_env1	emmax_consensus	Chr1	5506251	5528147	8	1	Chr1:5506251;Chr1:5512822;Chr1:5518858;Chr1:5522485;Chr1:5523236;Chr1:5524748;Chr1:5527803;Chr1:5528147	Chr1:5518858	""	FALSE	FALSE	TRUE	0	1	FALSE	FALSE	2	2	2	1	2	4
bgs_V0.5_c1_rep3_env1	emmax_consensus	Chr1	5530278	5896088	53	5	Chr1:5530278;Chr1:5549931;Chr1:5590977;Chr1:5593239;Chr1:5597241;Chr1:5598966;Chr1:5602761;Chr1:5605764;Chr1:5606658;Chr1:5608319;Chr1:5619960;Chr1:5620817;Chr1:5621682;Chr1:5625786;Chr1:5632032;Chr1:5641829;Chr1:5649242;Chr1:5650062;Chr1:5661421;Chr1:5662386;Chr1:5670023;Chr1:5673650;Chr1:5676336;Chr1:5676748;Chr1:5679501;Chr1:5682247;Chr1:5682421;Chr1:5682771;Chr1:5688131;Chr1:5715082;Chr1:5800835;Chr1:5811517;Chr1:5812327;Chr1:5888042;Chr1:5698691;Chr1:5700041;Chr1:5700054;Chr1:5704216;Chr1:5719872;Chr1:5723976;Chr1:5733400;Chr1:5733607;Chr1:5739668;Chr1:5758779;Chr1:5766380;Chr1:5766910;Chr1:5767913;Chr1:5770419;Chr1:5853863;Chr1:5882581;Chr1:5884604;Chr1:5893692;Chr1:5896088	Chr1:5590977;Chr1:5641829;Chr1:5673650;Chr1:5766910;Chr1:5884604	Chr1:5662386	TRUE	TRUE	TRUE	1	1	FALSE	FALSE	3	3	3	1	2	4
bgs_V0.5_c1_rep3_env1	emmax_consensus	Chr1	9633916	9642848	3	1	Chr1:9633916;Chr1:9635922;Chr1:9642848	Chr1:9633916	Chr1:9725196	TRUE	FALSE	FALSE	0	0	FALSE	FALSE	1	1	1	1	2	4
bgs_V0.5_c1_rep3_env1	emmax_consensus	Chr1	9662892	9806499	5	1	Chr1:9662892;Chr1:9676990;Chr1:9695882;Chr1:9725196;Chr1:9806499	Chr1:9676990	Chr1:9725196	TRUE	TRUE	TRUE	1	1	FALSE	FALSE	3	3	3	1	2	4
bgs_V0.5_c1_rep3_env1	emmax_simes	Chr1	5530278	5896088	53	5	Chr1:5530278;Chr1:5549931;Chr1:5590977;Chr1:5593239;Chr1:5597241;Chr1:5598966;Chr1:5602761;Chr1:5605764;Chr1:5606658;Chr1:5608319;Chr1:5619960;Chr1:5620817;Chr1:5621682;Chr1:5625786;Chr1:5632032;Chr1:5641829;Chr1:5649242;Chr1:5650062;Chr1:5661421;Chr1:5662386;Chr1:5670023;Chr1:5673650;Chr1:5676336;Chr1:5676748;Chr1:5679501;Chr1:5682247;Chr1:5682421;Chr1:5682771;Chr1:5688131;Chr1:5715082;Chr1:5800835;Chr1:5811517;Chr1:5812327;Chr1:5888042;Chr1:5698691;Chr1:5700041;Chr1:5700054;Chr1:5704216;Chr1:5719872;Chr1:5723976;Chr1:5733400;Chr1:5733607;Chr1:5739668;Chr1:5758779;Chr1:5766380;Chr1:5766910;Chr1:5767913;Chr1:5770419;Chr1:5853863;Chr1:5882581;Chr1:5884604;Chr1:5893692;Chr1:5896088	Chr1:5590977;Chr1:5641829;Chr1:5673650;Chr1:5766910;Chr1:5884604	Chr1:5662386	TRUE	TRUE	TRUE	1	1	FALSE	FALSE	3	3	3	1	2	4
bgs_V0.5_c1_rep3_env1	emmax_simes	Chr1	9633916	9642848	3	1	Chr1:9633916;Chr1:9635922;Chr1:9642848	Chr1:9633916	Chr1:9725196	TRUE	FALSE	FALSE	0	0	FALSE	FALSE	1	1	1	1	2	4
bgs_V0.5_c1_rep3_env1	emmax_simes	Chr1	9662892	9806499	8	2	Chr1:9662892;Chr1:9676990;Chr1:9695882;Chr1:9725196;Chr1:9806499;Chr1:9755851;Chr1:9765234;Chr1:9769043	Chr1:9676990;Chr1:9769043	Chr1:9725196	TRUE	TRUE	TRUE	1	1	FALSE	FALSE	3	3	3	1	2	4
bgs_V0.5_c1_rep3_env1	lfmm_simes	Chr1	5506251	5528147	8	1	Chr1:5506251;Chr1:5512822;Chr1:5518858;Chr1:5522485;Chr1:5523236;Chr1:5524748;Chr1:5527803;Chr1:5528147	Chr1:5518858	""	FALSE	TRUE	TRUE	1	1	FALSE	FALSE	3	3	3	1	2	4
bgs_V0.5_c1_rep3_env1	lfmm_simes	Chr1	5530278	6073902	68	9	Chr1:5530278;Chr1:5549931;Chr1:5590977;Chr1:5593239;Chr1:5597241;Chr1:5598966;Chr1:5602761;Chr1:5605764;Chr1:5606658;Chr1:5608319;Chr1:5619960;Chr1:5620817;Chr1:5621682;Chr1:5625786;Chr1:5632032;Chr1:5628162;Chr1:5629021;Chr1:5641829;Chr1:5649242;Chr1:5650062;Chr1:5654470;Chr1:5668827;Chr1:5681834;Chr1:5661421;Chr1:5662386;Chr1:5670023;Chr1:5673650;Chr1:5676336;Chr1:5676748;Chr1:5679501;Chr1:5682247;Chr1:5682421;Chr1:5682771;Chr1:5688131;Chr1:5715082;Chr1:5800835;Chr1:5811517;Chr1:5812327;Chr1:5888042;Chr1:5698691;Chr1:5700041;Chr1:5700054;Chr1:5704216;Chr1:5719872;Chr1:5723976;Chr1:5733400;Chr1:5733607;Chr1:5739668;Chr1:5758779;Chr1:5766380;Chr1:5766910;Chr1:5767913;Chr1:5770419;Chr1:5853863;Chr1:5882581;Chr1:5884604;Chr1:5893692;Chr1:5896088;Chr1:5943691;Chr1:5960326;Chr1:5980004;Chr1:5993855;Chr1:5997833;Chr1:6012707;Chr1:6039480;Chr1:6058811;Chr1:6059498;Chr1:6073902	Chr1:5590977;Chr1:5628162;Chr1:5641829;Chr1:5668827;Chr1:5673650;Chr1:5766910;Chr1:5884604;Chr1:5943691;Chr1:5993855	Chr1:5662386	TRUE	TRUE	TRUE	1	1	FALSE	FALSE	3	3	3	1	2	4
bgs_V0.5_c1_rep3_env1	lfmm_simes	Chr1	5581668	5585888	2	1	Chr1:5581668;Chr1:5585888	Chr1:5581668	Chr1:5662386	TRUE	TRUE	FALSE	1	0	FALSE	FALSE	2	2	3	1	2	4
bgs_V0.5_c1_rep3_env1	lfmm_simes	Chr1	9633916	9642848	3	1	Chr1:9633916;Chr1:9635922;Chr1:9642848	Chr1:9633916	Chr1:9725196	TRUE	TRUE	FALSE	1	0	FALSE	FALSE	2	2	2	1	2	4
bgs_V0.5_c1_rep3_env1	lfmm_simes	Chr1	9662892	9806499	11	3	Chr1:9662892;Chr1:9676990;Chr1:9695882;Chr1:9725196;Chr1:9806499;Chr1:9726838;Chr1:9729090;Chr1:9734124;Chr1:9755851;Chr1:9765234;Chr1:9769043	Chr1:9676990;Chr1:9726838;Chr1:9769043	Chr1:9725196	TRUE	TRUE	TRUE	1	1	FALSE	FALSE	3	3	3	1	2	4
bgs_V0.5_c1_rep3_env2	emmax_consensus	Chr1	14128857	14134638	2	1	Chr1:14128857;Chr1:14134638	Chr1:14128857	Chr1:14128857	TRUE	TRUE	FALSE	1	0	FALSE	FALSE	2	2	2	1	2	4
bgs_V0.5_c1_rep3_env2	emmax_simes	Chr1	14128857	14134638	2	1	Chr1:14128857;Chr1:14134638	Chr1:14128857	Chr1:14128857	TRUE	TRUE	FALSE	1	0	FALSE	FALSE	2	2	2	1	2	4
bgs_V0.5_c1_rep3_env2	lfmm_simes	Chr1	8508048	8548128	8	1	Chr1:8508048;Chr1:8514727;Chr1:8535123;Chr1:8535182;Chr1:8536145;Chr1:8539164;Chr1:8546079;Chr1:8548128	Chr1:8536145	Chr1:8536145	TRUE	TRUE	TRUE	1	1	FALSE	FALSE	3	3	3	1	2	4
bgs_V0.5_c1_rep3_env2	lfmm_simes	Chr1	14113590	14134638	4	2	Chr1:14113590;Chr1:14114550;Chr1:14128857;Chr1:14134638	Chr1:14113590;Chr1:14128857	Chr1:14128857	TRUE	TRUE	FALSE	1	0	FALSE	FALSE	2	2	2	1	2	4
bgs_V0.5_c1_rep3_env3	emmax_consensus	Chr1	3472034	3953920	62	2	Chr1:3472034;Chr1:3472813;Chr1:3473441;Chr1:3474774;Chr1:3486033;Chr1:3493158;Chr1:3497483;Chr1:3500120;Chr1:3501811;Chr1:3501993;Chr1:3516482;Chr1:3520286;Chr1:3522017;Chr1:3527546;Chr1:3537964;Chr1:3538105;Chr1:3538920;Chr1:3540017;Chr1:3543688;Chr1:3559904;Chr1:3561931;Chr1:3563326;Chr1:3567193;Chr1:3572198;Chr1:3576713;Chr1:3580998;Chr1:3581821;Chr1:3582019;Chr1:3592749;Chr1:3599198;Chr1:3625771;Chr1:3628876;Chr1:3630477;Chr1:3637043;Chr1:3641996;Chr1:3652990;Chr1:3667827;Chr1:3672179;Chr1:3674151;Chr1:3699860;Chr1:3707559;Chr1:3722740;Chr1:3726697;Chr1:3727269;Chr1:3727759;Chr1:3735688;Chr1:3737321;Chr1:3737754;Chr1:3750347;Chr1:3755620;Chr1:3763348;Chr1:3763940;Chr1:3769848;Chr1:3770626;Chr1:3786125;Chr1:3845822;Chr1:3848002;Chr1:3851159;Chr1:3869478;Chr1:3893138;Chr1:3952070;Chr1:3953920	Chr1:3520286;Chr1:3625771	Chr1:3674151	TRUE	TRUE	TRUE	1	1	FALSE	FALSE	3	3	3	1	2	4
bgs_V0.5_c1_rep3_env3	emmax_simes	Chr1	3448084	3953920	75	3	Chr1:3448084;Chr1:3448508;Chr1:3451321;Chr1:3452938;Chr1:3457189;Chr1:3465315;Chr1:3470668;Chr1:3472847;Chr1:3487230;Chr1:3506829;Chr1:3530647;Chr1:3533011;Chr1:3533539;Chr1:3472034;Chr1:3472813;Chr1:3473441;Chr1:3474774;Chr1:3486033;Chr1:3493158;Chr1:3497483;Chr1:3500120;Chr1:3501811;Chr1:3501993;Chr1:3516482;Chr1:3520286;Chr1:3522017;Chr1:3527546;Chr1:3537964;Chr1:3538105;Chr1:3538920;Chr1:3540017;Chr1:3543688;Chr1:3559904;Chr1:3561931;Chr1:3563326;Chr1:3567193;Chr1:3572198;Chr1:3576713;Chr1:3580998;Chr1:3581821;Chr1:3582019;Chr1:3592749;Chr1:3599198;Chr1:3625771;Chr1:3628876;Chr1:3630477;Chr1:3637043;Chr1:3641996;Chr1:3652990;Chr1:3667827;Chr1:3672179;Chr1:3674151;Chr1:3699860;Chr1:3707559;Chr1:3722740;Chr1:3726697;Chr1:3727269;Chr1:3727759;Chr1:3735688;Chr1:3737321;Chr1:3737754;Chr1:3750347;Chr1:3755620;Chr1:3763348;Chr1:3763940;Chr1:3769848;Chr1:3770626;Chr1:3786125;Chr1:3845822;Chr1:3848002;Chr1:3851159;Chr1:3869478;Chr1:3893138;Chr1:3952070;Chr1:3953920	Chr1:3487230;Chr1:3520286;Chr1:3625771	Chr1:3674151	TRUE	TRUE	TRUE	1	1	FALSE	FALSE	3	3	3	1	2	4
bgs_V0.5_c1_rep3_env3	lfmm_simes	Chr1	3472034	3953920	66	3	Chr1:3472034;Chr1:3472813;Chr1:3473441;Chr1:3474774;Chr1:3486033;Chr1:3493158;Chr1:3497483;Chr1:3500120;Chr1:3501811;Chr1:3501993;Chr1:3516482;Chr1:3520286;Chr1:3522017;Chr1:3527546;Chr1:3537964;Chr1:3538105;Chr1:3538920;Chr1:3540017;Chr1:3543688;Chr1:3559904;Chr1:3561931;Chr1:3563326;Chr1:3567193;Chr1:3572198;Chr1:3576713;Chr1:3580998;Chr1:3581821;Chr1:3582019;Chr1:3592749;Chr1:3599198;Chr1:3625771;Chr1:3628876;Chr1:3630477;Chr1:3637043;Chr1:3641996;Chr1:3652990;Chr1:3667827;Chr1:3672179;Chr1:3674151;Chr1:3699860;Chr1:3707559;Chr1:3722740;Chr1:3726697;Chr1:3727269;Chr1:3727759;Chr1:3735688;Chr1:3737321;Chr1:3737754;Chr1:3750347;Chr1:3755620;Chr1:3763348;Chr1:3763940;Chr1:3769848;Chr1:3770626;Chr1:3786125;Chr1:3845822;Chr1:3848002;Chr1:3851159;Chr1:3869478;Chr1:3893138;Chr1:3952070;Chr1:3953920;Chr1:3908533;Chr1:3922902;Chr1:3923751;Chr1:3937657	Chr1:3520286;Chr1:3625771;Chr1:3922902	Chr1:3674151	TRUE	TRUE	TRUE	1	1	FALSE	FALSE	3	3	3	1	2	4
bgs_V0.5_c1_rep3_env3	lfmm_simes	Chr1	14297747	14302382	4	1	Chr1:14297747;Chr1:14299869;Chr1:14300828;Chr1:14302382	Chr1:14300828	""	FALSE	TRUE	TRUE	1	1	FALSE	FALSE	3	3	3	1	2	4
bgs_V0.5_c1_rep3_env4	emmax_consensus	Chr1	9708718	9807715	12	3	Chr1:9708718;Chr1:9721418;Chr1:9725196;Chr1:9728641;Chr1:9729137;Chr1:9734044;Chr1:9807715;Chr1:9746714;Chr1:9747956;Chr1:9749086;Chr1:9768714;Chr1:9785476	Chr1:9721418;Chr1:9734044;Chr1:9746714	Chr1:9725196	TRUE	TRUE	TRUE	1	1	FALSE	FALSE	3	3	3	1	2	4
bgs_V0.5_c1_rep3_env4	emmax_simes	Chr1	9708718	9785476	10	2	Chr1:9708718;Chr1:9721418;Chr1:9725196;Chr1:9728641;Chr1:9729137;Chr1:9746714;Chr1:9747956;Chr1:9749086;Chr1:9768714;Chr1:9785476	Chr1:9721418;Chr1:9746714	Chr1:9725196	TRUE	TRUE	TRUE	1	1	FALSE	FALSE	3	3	3	1	2	4
bgs_V0.5_c1_rep3_env4	lfmm_simes	Chr1	2370913	2387776	7	1	Chr1:2370913;Chr1:2377078;Chr1:2379727;Chr1:2384007;Chr1:2385502;Chr1:2385782;Chr1:2387776	Chr1:2384007	""	FALSE	FALSE	TRUE	0	1	FALSE	FALSE	2	2	2	1	2	4
bgs_V0.5_c1_rep3_env4	lfmm_simes	Chr1	9708718	9807715	12	3	Chr1:9708718;Chr1:9721418;Chr1:9725196;Chr1:9728641;Chr1:9729137;Chr1:9734044;Chr1:9807715;Chr1:9746714;Chr1:9747956;Chr1:9749086;Chr1:9768714;Chr1:9785476	Chr1:9721418;Chr1:9734044;Chr1:9746714	Chr1:9725196	TRUE	TRUE	TRUE	1	1	FALSE	FALSE	3	3	3	1	2	4
bgs_V0.5_c1_rep3_env6	emmax_consensus	Chr1	16315049	16325031	3	1	Chr1:16315049;Chr1:16319873;Chr1:16325031	Chr1:16325031	Chr1:16325031	TRUE	TRUE	FALSE	1	0	FALSE	FALSE	2	2	2	1	2	4
bgs_V0.5_c1_rep3_env6	emmax_simes	Chr1	16315049	16325031	3	1	Chr1:16315049;Chr1:16319873;Chr1:16325031	Chr1:16325031	Chr1:16325031	TRUE	TRUE	FALSE	1	0	FALSE	FALSE	2	2	2	1	2	4
bgs_V0.5_c1_rep3_env6	lfmm_simes	Chr1	14128857	14132347	2	1	Chr1:14128857;Chr1:14132347	Chr1:14128857	Chr1:14128857	TRUE	TRUE	FALSE	1	0	FALSE	FALSE	2	2	2	1	2	4
bgs_V0.5_c1_rep3_env6	lfmm_simes	Chr1	16315049	16328990	6	2	Chr1:16315049;Chr1:16319873;Chr1:16325031;Chr1:16323096;Chr1:16327046;Chr1:16328990	Chr1:16325031;Chr1:16327046	Chr1:16325031	TRUE	TRUE	FALSE	1	0	FALSE	FALSE	2	2	2	1	2	4
bgs_V0.5_c1_rep3_env6	lfmm_simes	Chr1	16339553	16341538	2	1	Chr1:16339553;Chr1:16341538	Chr1:16339553	Chr1:16325031	TRUE	TRUE	FALSE	1	0	FALSE	FALSE	2	2	2	1	2	4
bgs_V0.5_c1_rep3_env8	emmax_consensus	Chr1	10575099	10578281	2	1	Chr1:10575099;Chr1:10578281	Chr1:10575099	""	FALSE	TRUE	FALSE	1	0	FALSE	FALSE	2	2	2	1	2	4
bgs_V0.5_c1_rep3_env8	emmax_simes	Chr1	10575099	10578281	2	1	Chr1:10575099;Chr1:10578281	Chr1:10575099	""	FALSE	TRUE	FALSE	1	0	FALSE	FALSE	2	2	2	1	2	4
bgs_V0.5_c1_rep3_env8	emmax_simes	Chr2	10544841	10550452	2	1	Chr2:10544841;Chr2:10550452	Chr2:10544841	""	FALSE	FALSE	FALSE	0	0	FALSE	FALSE	1	1	1	1	2	4
bgs_V0.5_c1_rep3_env8	lfmm_simes	Chr1	10575099	10578281	2	1	Chr1:10575099;Chr1:10578281	Chr1:10575099	""	FALSE	TRUE	FALSE	1	0	FALSE	FALSE	2	2	2	1	2	4
bgs_V0.5_c1_rep3_env9	emmax_consensus	Chr1	11526645	11598367	9	1	Chr1:11526645;Chr1:11528198;Chr1:11537478;Chr1:11542927;Chr1:11543462;Chr1:11559097;Chr1:11573688;Chr1:11585824;Chr1:11598367	Chr1:11542927	Chr1:11537478	TRUE	FALSE	TRUE	0	1	FALSE	FALSE	2	2	2	1	2	4
bgs_V0.5_c1_rep3_env9	lfmm_simes	Chr1	11526645	11598367	11	2	Chr1:11526645;Chr1:11528198;Chr1:11537478;Chr1:11542927;Chr1:11543462;Chr1:11559097;Chr1:11573688;Chr1:11585824;Chr1:11598367;Chr1:11535164;Chr1:11541951	Chr1:11542927;Chr1:11535164	Chr1:11537478	TRUE	TRUE	TRUE	1	1	FALSE	FALSE	3	3	3	1	2	4
bgs_V0.5_c1_rep4_env10	emmax_consensus	Chr1	50596	383323	10	1	Chr1:50596;Chr1:64384;Chr1:98102;Chr1:160227;Chr1:184686;Chr1:227679;Chr1:244925;Chr1:320882;Chr1:373361;Chr1:383323	Chr1:50596	Chr1:98102	TRUE	TRUE	TRUE	1	1	FALSE	FALSE	3	3	3	1	2	4
bgs_V0.5_c1_rep4_env10	emmax_simes	Chr1	50596	383323	10	1	Chr1:50596;Chr1:64384;Chr1:98102;Chr1:160227;Chr1:184686;Chr1:227679;Chr1:244925;Chr1:320882;Chr1:373361;Chr1:383323	Chr1:50596	Chr1:98102	TRUE	TRUE	TRUE	1	1	FALSE	FALSE	3	3	3	1	2	4
bgs_V0.5_c1_rep4_env10	lfmm_simes	Chr1	11359	352760	14	1	Chr1:11359;Chr1:80937;Chr1:84620;Chr1:144213;Chr1:157194;Chr1:184845;Chr1:204776;Chr1:250716;Chr1:258890;Chr1:309869;Chr1:314211;Chr1:335281;Chr1:340146;Chr1:352760	Chr1:80937	Chr1:98102	TRUE	TRUE	TRUE	1	1	FALSE	FALSE	3	3	3	1	2	4
bgs_V0.5_c1_rep4_env10	lfmm_simes	Chr1	50596	383323	10	1	Chr1:50596;Chr1:64384;Chr1:98102;Chr1:160227;Chr1:184686;Chr1:227679;Chr1:244925;Chr1:320882;Chr1:373361;Chr1:383323	Chr1:50596	Chr1:98102	TRUE	TRUE	TRUE	1	1	FALSE	FALSE	3	3	3	1	2	4
bgs_V0.5_c1_rep4_env10	lfmm_simes	Chr1	26578422	26758028	8	1	Chr1:26578422;Chr1:26595170;Chr1:26692872;Chr1:26694091;Chr1:26717493;Chr1:26738320;Chr1:26748664;Chr1:26758028	Chr1:26692872	""	FALSE	TRUE	TRUE	1	1	FALSE	FALSE	3	3	3	1	2	4
bgs_V0.5_c1_rep4_env2	emmax_consensus	Chr1	30056619	30074955	6	1	Chr1:30056619;Chr1:30059333;Chr1:30061634;Chr1:30065996;Chr1:30072896;Chr1:30074955	Chr1:30065996	Chr1:30072896	TRUE	TRUE	TRUE	1	1	FALSE	FALSE	3	3	3	1	2	4
bgs_V0.5_c1_rep4_env2	emmax_simes	Chr1	30056619	30074955	6	1	Chr1:30056619;Chr1:30059333;Chr1:30061634;Chr1:30065996;Chr1:30072896;Chr1:30074955	Chr1:30065996	Chr1:30072896	TRUE	TRUE	TRUE	1	1	FALSE	FALSE	3	3	3	1	2	4
bgs_V0.5_c1_rep4_env2	lfmm_simes	Chr1	30056619	30106098	8	2	Chr1:30056619;Chr1:30059333;Chr1:30061634;Chr1:30065996;Chr1:30072896;Chr1:30074955;Chr1:30081800;Chr1:30106098	Chr1:30065996;Chr1:30081800	Chr1:30072896	TRUE	TRUE	TRUE	1	1	FALSE	FALSE	3	3	3	1	2	4
bgs_V0.5_c1_rep4_env4	emmax_consensus	Chr1	14360417	14516686	8	1	Chr1:14360417;Chr1:14365617;Chr1:14368473;Chr1:14384696;Chr1:14448604;Chr1:14455921;Chr1:14456241;Chr1:14516686	Chr1:14448604	""	FALSE	FALSE	TRUE	0	1	FALSE	FALSE	2	2	2	1	2	4
bgs_V0.5_c1_rep4_env4	emmax_consensus	Chr1	29316958	29347852	4	1	Chr1:29316958;Chr1:29318374;Chr1:29328280;Chr1:29347852	Chr1:29316958	Chr1:29318374	TRUE	FALSE	TRUE	0	1	FALSE	FALSE	2	2	2	1	2	4
bgs_V0.5_c1_rep4_env4	lfmm_simes	Chr1	29316958	29347852	4	1	Chr1:29316958;Chr1:29318374;Chr1:29328280;Chr1:29347852	Chr1:29316958	Chr1:29318374	TRUE	FALSE	TRUE	0	1	FALSE	FALSE	2	2	2	1	2	4
bgs_V0.5_c1_rep4_env5	lfmm_simes	Chr1	18977939	19083418	6	1	Chr1:18977939;Chr1:19034169;Chr1:19062337;Chr1:19067045;Chr1:19080151;Chr1:19083418	Chr1:19080151	""	FALSE	TRUE	TRUE	1	1	FALSE	FALSE	3	3	3	1	2	4
bgs_V0.5_c1_rep4_env5	lfmm_simes	Chr1	19302955	19462081	20	1	Chr1:19302955;Chr1:19311903;Chr1:19313949;Chr1:19323250;Chr1:19323709;Chr1:19345470;Chr1:19365469;Chr1:19379228;Chr1:19384713;Chr1:19384732;Chr1:19387565;Chr1:19393026;Chr1:19402471;Chr1:19420422;Chr1:19422016;Chr1:19432443;Chr1:19433884;Chr1:19446181;Chr1:19457961;Chr1:19462081	Chr1:19345470	Chr1:19379228	TRUE	TRUE	TRUE	1	1	FALSE	FALSE	3	3	3	1	2	4
bgs_V0.5_c1_rep4_env6	emmax_consensus	Chr2	16748242	16773002	3	1	Chr2:16748242;Chr2:16757123;Chr2:16773002	Chr2:16748242	""	FALSE	TRUE	FALSE	1	0	FALSE	FALSE	2	2	2	1	2	4
bgs_V0.5_c1_rep4_env6	emmax_simes	Chr2	16748242	16773002	3	1	Chr2:16748242;Chr2:16757123;Chr2:16773002	Chr2:16748242	""	FALSE	TRUE	FALSE	1	0	FALSE	FALSE	2	2	2	1	2	4
bgs_V0.5_c1_rep5_env1	emmax_consensus	Chr1	4104003	4310524	73	5	Chr1:4104003;Chr1:4106789;Chr1:4109883;Chr1:4120414;Chr1:4122768;Chr1:4122828;Chr1:4124627;Chr1:4131179;Chr1:4134199;Chr1:4134896;Chr1:4135682;Chr1:4131899;Chr1:4214462;Chr1:4218566;Chr1:4221649;Chr1:4223460;Chr1:4223730;Chr1:4227392;Chr1:4230284;Chr1:4233917;Chr1:4237396;Chr1:4237542;Chr1:4237671;Chr1:4238791;Chr1:4239010;Chr1:4239211;Chr1:4240243;Chr1:4240816;Chr1:4240964;Chr1:4241048;Chr1:4241281;Chr1:4241686;Chr1:4242501;Chr1:4247629;Chr1:4249254;Chr1:4252395;Chr1:4273661;Chr1:4277030;Chr1:4277823;Chr1:4283870;Chr1:4284750;Chr1:4148415;Chr1:4156947;Chr1:4161726;Chr1:4163163;Chr1:4166048;Chr1:4167546;Chr1:4168787;Chr1:4169551;Chr1:4177382;Chr1:4177952;Chr1:4178466;Chr1:4186270;Chr1:4187365;Chr1:4187869;Chr1:4188870;Chr1:4192029;Chr1:4193315;Chr1:4193747;Chr1:4196625;Chr1:4202520;Chr1:4187709;Chr1:4191200;Chr1:4255006;Chr1:4283124;Chr1:4288958;Chr1:4292548;Chr1:4292690;Chr1:4294444;Chr1:4296744;Chr1:4297010;Chr1:4307250;Chr1:4310524	Chr1:4124627;Chr1:4241686;Chr1:4187869;Chr1:4191200;Chr1:4294444	Chr1:4237396	TRUE	TRUE	TRUE	1	1	FALSE	FALSE	3	3	3	1	2	4
bgs_V0.5_c1_rep5_env1	emmax_simes	Chr1	4104003	4310524	73	5	Chr1:4104003;Chr1:4106789;Chr1:4109883;Chr1:4120414;Chr1:4122768;Chr1:4122828;Chr1:4124627;Chr1:4131179;Chr1:4134199;Chr1:4134896;Chr1:4135682;Chr1:4131899;Chr1:4214462;Chr1:4218566;Chr1:4221649;Chr1:4223460;Chr1:4223730;Chr1:4227392;Chr1:4230284;Chr1:4233917;Chr1:4237396;Chr1:4237542;Chr1:4237671;Chr1:4238791;Chr1:4239010;Chr1:4239211;Chr1:4240243;Chr1:4240816;Chr1:4240964;Chr1:4241048;Chr1:4241281;Chr1:4241686;Chr1:4242501;Chr1:4247629;Chr1:4249254;Chr1:4252395;Chr1:4273661;Chr1:4277030;Chr1:4277823;Chr1:4283870;Chr1:4284750;Chr1:4148415;Chr1:4156947;Chr1:4161726;Chr1:4163163;Chr1:4166048;Chr1:4167546;Chr1:4168787;Chr1:4169551;Chr1:4177382;Chr1:4177952;Chr1:4178466;Chr1:4186270;Chr1:4187365;Chr1:4187869;Chr1:4188870;Chr1:4192029;Chr1:4193315;Chr1:4193747;Chr1:4196625;Chr1:4202520;Chr1:4187709;Chr1:4191200;Chr1:4255006;Chr1:4283124;Chr1:4288958;Chr1:4292548;Chr1:4292690;Chr1:4294444;Chr1:4296744;Chr1:4297010;Chr1:4307250;Chr1:4310524	Chr1:4124627;Chr1:4241686;Chr1:4187869;Chr1:4191200;Chr1:4294444	Chr1:4237396	TRUE	TRUE	TRUE	1	1	FALSE	FALSE	3	3	3	1	2	4
bgs_V0.5_c1_rep5_env1	lfmm_simes	Chr1	1867266	1893356	9	1	Chr1:1867266;Chr1:1872414;Chr1:1877613;Chr1:1883586;Chr1:1886883;Chr1:1890302;Chr1:1891254;Chr1:1892051;Chr1:1893356	Chr1:1872414	""	FALSE	FALSE	TRUE	0	1	FALSE	FALSE	2	2	2	1	2	4
bgs_V0.5_c1_rep5_env1	lfmm_simes	Chr1	3970331	4471904	115	10	Chr1:3970331;Chr1:3974854;Chr1:3980880;Chr1:3984791;Chr1:4028317;Chr1:4023822;Chr1:4025404;Chr1:4027591;Chr1:4029728;Chr1:4030103;Chr1:4033529;Chr1:4046795;Chr1:4049601;Chr1:4050489;Chr1:4050490;Chr1:4053281;Chr1:4056330;Chr1:4073662;Chr1:4076227;Chr1:4085512;Chr1:4104003;Chr1:4106789;Chr1:4109883;Chr1:4120414;Chr1:4122768;Chr1:4122828;Chr1:4124627;Chr1:4131179;Chr1:4134199;Chr1:4134896;Chr1:4135682;Chr1:4131899;Chr1:4214462;Chr1:4218566;Chr1:4221649;Chr1:4223460;Chr1:4223730;Chr1:4227392;Chr1:4230284;Chr1:4233917;Chr1:4237396;Chr1:4237542;Chr1:4237671;Chr1:4238791;Chr1:4239010;Chr1:4239211;Chr1:4240243;Chr1:4240816;Chr1:4240964;Chr1:4241048;Chr1:4241281;Chr1:4241686;Chr1:4242501;Chr1:4247629;Chr1:4249254;Chr1:4252395;Chr1:4273661;Chr1:4277030;Chr1:4277823;Chr1:4283870;Chr1:4284750;Chr1:4148415;Chr1:4156947;Chr1:4161726;Chr1:4163163;Chr1:4166048;Chr1:4167546;Chr1:4168787;Chr1:4169551;Chr1:4177382;Chr1:4177952;Chr1:4178466;Chr1:4186270;Chr1:4187365;Chr1:4187869;Chr1:4188870;Chr1:4192029;Chr1:4193315;Chr1:4193747;Chr1:4196625;Chr1:4202520;Chr1:4187709;Chr1:4191200;Chr1:4255006;Chr1:4216101;Chr1:4219108;Chr1:4222331;Chr1:4224359;Chr1:4224441;Chr1:4225268;Chr1:4225329;Chr1:4230885;Chr1:4232564;Chr1:4235249;Chr1:4235338;Chr1:4283124;Chr1:4288958;Chr1:4292548;Chr1:4292690;Chr1:4294444;Chr1:4296744;Chr1:4297010;Chr1:4307250;Chr1:4310524;Chr1:4372948;Chr1:4373785;Chr1:4379037;Chr1:4399081;Chr1:4409842;Chr1:4452828;Chr1:4454756;Chr1:4458634;Chr1:4462876;Chr1:4470934;Chr1:4471904	Chr1:3980880;Chr1:4046795;Chr1:4124627;Chr1:4241686;Chr1:4187869;Chr1:4191200;Chr1:4219108;Chr1:4294444;Chr1:4372948;Chr1:4454756	Chr1:4237396	TRUE	TRUE	TRUE	1	1	FALSE	FALSE	3	3	3	1	2	4
bgs_V0.5_c1_rep5_env1	lfmm_simes	Chr1	4303118	4330088	9	2	Chr1:4303118;Chr1:4303905;Chr1:4305557;Chr1:4307939;Chr1:4310101;Chr1:4317540;Chr1:4324683;Chr1:4327032;Chr1:4330088	Chr1:4305557;Chr1:4317540	Chr1:4237396	TRUE	FALSE	TRUE	0	1	FALSE	FALSE	2	2	3	1	2	4
bgs_V0.5_c1_rep5_env1	lfmm_simes	Chr1	4402532	4419170	2	1	Chr1:4402532;Chr1:4419170	Chr1:4402532	""	FALSE	FALSE	FALSE	0	0	FALSE	FALSE	1	1	3	1	2	4
bgs_V0.5_c1_rep5_env5	emmax_consensus	Chr1	6958990	6966195	2	1	Chr1:6958990;Chr1:6966195	Chr1:6958990	""	FALSE	TRUE	FALSE	1	0	FALSE	FALSE	2	2	2	1	2	4
bgs_V0.5_c1_rep5_env5	emmax_consensus	Chr1	7154126	7475441	47	3	Chr1:7154126;Chr1:7160110;Chr1:7191172;Chr1:7195702;Chr1:7197547;Chr1:7201424;Chr1:7208240;Chr1:7210527;Chr1:7212086;Chr1:7227640;Chr1:7247957;Chr1:7264313;Chr1:7269160;Chr1:7273873;Chr1:7330980;Chr1:7378294;Chr1:7404940;Chr1:7425741;Chr1:7281844;Chr1:7292824;Chr1:7293758;Chr1:7293936;Chr1:7296096;Chr1:7296815;Chr1:7299610;Chr1:7309857;Chr1:7320526;Chr1:7324122;Chr1:7326426;Chr1:7327171;Chr1:7328968;Chr1:7332582;Chr1:7334169;Chr1:7342100;Chr1:7342600;Chr1:7348451;Chr1:7358175;Chr1:7360101;Chr1:7385715;Chr1:7387457;Chr1:7387832;Chr1:7388348;Chr1:7450152;Chr1:7459523;Chr1:7466893;Chr1:7473954;Chr1:7475441	Chr1:7227640;Chr1:7320526;Chr1:7459523	Chr1:7247957	TRUE	TRUE	TRUE	1	1	FALSE	FALSE	3	3	3	1	2	4
bgs_V0.5_c1_rep5_env5	emmax_consensus	Chr1	7375937	7394930	6	1	Chr1:7375937;Chr1:7381433;Chr1:7382694;Chr1:7383437;Chr1:7383574;Chr1:7394930	Chr1:7375937	""	FALSE	FALSE	TRUE	0	1	FALSE	FALSE	2	2	3	1	2	4
bgs_V0.5_c1_rep5_env5	emmax_simes	Chr1	6958990	6966195	2	1	Chr1:6958990;Chr1:6966195	Chr1:6958990	""	FALSE	TRUE	FALSE	1	0	FALSE	FALSE	2	2	2	1	2	4
bgs_V0.5_c1_rep5_env5	emmax_simes	Chr1	7154126	7425741	42	2	Chr1:7154126;Chr1:7160110;Chr1:7191172;Chr1:7195702;Chr1:7197547;Chr1:7201424;Chr1:7208240;Chr1:7210527;Chr1:7212086;Chr1:7227640;Chr1:7247957;Chr1:7264313;Chr1:7269160;Chr1:7273873;Chr1:7330980;Chr1:7378294;Chr1:7404940;Chr1:7425741;Chr1:7281844;Chr1:7292824;Chr1:7293758;Chr1:7293936;Chr1:7296096;Chr1:7296815;Chr1:7299610;Chr1:7309857;Chr1:7320526;Chr1:7324122;Chr1:7326426;Chr1:7327171;Chr1:7328968;Chr1:7332582;Chr1:7334169;Chr1:7342100;Chr1:7342600;Chr1:7348451;Chr1:7358175;Chr1:7360101;Chr1:7385715;Chr1:7387457;Chr1:7387832;Chr1:7388348	Chr1:7227640;Chr1:7320526	Chr1:7247957	TRUE	TRUE	TRUE	1	1	FALSE	FALSE	3	3	3	1	2	4
bgs_V0.5_c1_rep5_env5	lfmm_simes	Chr1	4339660	4341652	2	1	Chr1:4339660;Chr1:4341652	Chr1:4339660	""	FALSE	TRUE	FALSE	1	0	FALSE	FALSE	2	2	2	1	2	4
bgs_V0.5_c1_rep5_env5	lfmm_simes	Chr1	6873404	6966195	14	2	Chr1:6873404;Chr1:6895775;Chr1:6901584;Chr1:6901685;Chr1:6904370;Chr1:6907611;Chr1:6910874;Chr1:6921614;Chr1:6925205;Chr1:6928286;Chr1:6930887;Chr1:6950690;Chr1:6958990;Chr1:6966195	Chr1:6928286;Chr1:6958990	""	FALSE	TRUE	TRUE	1	1	FALSE	FALSE	3	3	3	1	2	4
bgs_V0.5_c1_rep5_env5	lfmm_simes	Chr1	7154126	7425741	50	3	Chr1:7154126;Chr1:7160110;Chr1:7191172;Chr1:7195702;Chr1:7197547;Chr1:7201424;Chr1:7208240;Chr1:7210527;Chr1:7212086;Chr1:7227640;Chr1:7247957;Chr1:7264313;Chr1:7269160;Chr1:7273873;Chr1:7330980;Chr1:7378294;Chr1:7404940;Chr1:7425741;Chr1:7224861;Chr1:7238168;Chr1:7242211;Chr1:7249684;Chr1:7250209;Chr1:7253110;Chr1:7257290;Chr1:7263402;Chr1:7281844;Chr1:7292824;Chr1:7293758;Chr1:7293936;Chr1:7296096;Chr1:7296815;Chr1:7299610;Chr1:7309857;Chr1:7320526;Chr1:7324122;Chr1:7326426;Chr1:7327171;Chr1:7328968;Chr1:7332582;Chr1:7334169;Chr1:7342100;Chr1:7342600;Chr1:7348451;Chr1:7358175;Chr1:7360101;Chr1:7385715;Chr1:7387457;Chr1:7387832;Chr1:7388348	Chr1:7227640;Chr1:7242211;Chr1:7320526	Chr1:7247957	TRUE	TRUE	TRUE	1	1	FALSE	FALSE	3	3	3	1	2	4
bgs_V0.5_c1_rep5_env6	emmax_consensus	Chr1	17301	534482	55	4	Chr1:17301;Chr1:39601;Chr1:48382;Chr1:57194;Chr1:76903;Chr1:97674;Chr1:172129;Chr1:216871;Chr1:250802;Chr1:254255;Chr1:257122;Chr1:261121;Chr1:287213;Chr1:297790;Chr1:323422;Chr1:339223;Chr1:369719;Chr1:403126;Chr1:410677;Chr1:417494;Chr1:54463;Chr1:57145;Chr1:62625;Chr1:119063;Chr1:137879;Chr1:153088;Chr1:196776;Chr1:245360;Chr1:252646;Chr1:253939;Chr1:302399;Chr1:324366;Chr1:362539;Chr1:394246;Chr1:448102;Chr1:455642;Chr1:171465;Chr1:479407;Chr1:480825;Chr1:492021;Chr1:499818;Chr1:522163;Chr1:523049;Chr1:523127;Chr1:524646;Chr1:526810;Chr1:527487;Chr1:528454;Chr1:529167;Chr1:529957;Chr1:534482;Chr1:505605;Chr1:506989;Chr1:508051;Chr1:508639	Chr1:17301;Chr1:54463;Chr1:524646;Chr1:506989	Chr1:57194	TRUE	TRUE	TRUE	1	1	FALSE	FALSE	3	3	3	1	2	4
bgs_V0.5_c1_rep5_env6	emmax_consensus	Chr1	4666387	4678393	3	1	Chr1:4666387;Chr1:4671944;Chr1:4678393	Chr1:4666387	""	FALSE	FALSE	FALSE	0	0	FALSE	FALSE	1	1	1	1	2	4
bgs_V0.5_c1_rep5_env6	emmax_simes	Chr1	17301	534482	55	4	Chr1:17301;Chr1:39601;Chr1:48382;Chr1:57194;Chr1:76903;Chr1:97674;Chr1:172129;Chr1:216871;Chr1:250802;Chr1:254255;Chr1:257122;Chr1:261121;Chr1:287213;Chr1:297790;Chr1:323422;Chr1:339223;Chr1:369719;Chr1:403126;Chr1:410677;Chr1:417494;Chr1:54463;Chr1:57145;Chr1:62625;Chr1:119063;Chr1:137879;Chr1:153088;Chr1:196776;Chr1:245360;Chr1:252646;Chr1:253939;Chr1:302399;Chr1:324366;Chr1:362539;Chr1:394246;Chr1:448102;Chr1:455642;Chr1:171465;Chr1:479407;Chr1:480825;Chr1:492021;Chr1:499818;Chr1:522163;Chr1:523049;Chr1:523127;Chr1:524646;Chr1:526810;Chr1:527487;Chr1:528454;Chr1:529167;Chr1:529957;Chr1:534482;Chr1:505605;Chr1:506989;Chr1:508051;Chr1:508639	Chr1:17301;Chr1:54463;Chr1:524646;Chr1:506989	Chr1:57194	TRUE	TRUE	TRUE	1	1	FALSE	FALSE	3	3	3	1	2	4
bgs_V0.5_c1_rep5_env6	lfmm_simes	Chr1	12096	466285	30	2	Chr1:12096;Chr1:66531;Chr1:90968;Chr1:128034;Chr1:151895;Chr1:210102;Chr1:298036;Chr1:301179;Chr1:315117;Chr1:351581;Chr1:364330;Chr1:380395;Chr1:57232;Chr1:98059;Chr1:103654;Chr1:176263;Chr1:182086;Chr1:210050;Chr1:261737;Chr1:308716;Chr1:318911;Chr1:328560;Chr1:346174;Chr1:353516;Chr1:390831;Chr1:395869;Chr1:431862;Chr1:436249;Chr1:455120;Chr1:466285	Chr1:12096;Chr1:98059	""	FALSE	TRUE	TRUE	1	1	FALSE	FALSE	3	3	3	1	2	4
bgs_V0.5_c1_rep5_env6	lfmm_simes	Chr1	17301	534482	55	4	Chr1:17301;Chr1:39601;Chr1:48382;Chr1:57194;Chr1:76903;Chr1:97674;Chr1:172129;Chr1:216871;Chr1:250802;Chr1:254255;Chr1:257122;Chr1:261121;Chr1:287213;Chr1:297790;Chr1:323422;Chr1:339223;Chr1:369719;Chr1:403126;Chr1:410677;Chr1:417494;Chr1:54463;Chr1:57145;Chr1:62625;Chr1:119063;Chr1:137879;Chr1:153088;Chr1:196776;Chr1:245360;Chr1:252646;Chr1:253939;Chr1:302399;Chr1:324366;Chr1:362539;Chr1:394246;Chr1:448102;Chr1:455642;Chr1:171465;Chr1:479407;Chr1:480825;Chr1:492021;Chr1:499818;Chr1:522163;Chr1:523049;Chr1:523127;Chr1:524646;Chr1:526810;Chr1:527487;Chr1:528454;Chr1:529167;Chr1:529957;Chr1:534482;Chr1:505605;Chr1:506989;Chr1:508051;Chr1:508639	Chr1:17301;Chr1:54463;Chr1:524646;Chr1:506989	Chr1:57194	TRUE	TRUE	TRUE	1	1	FALSE	FALSE	3	3	3	1	2	4
bgs_V0.5_c1_rep5_env6	lfmm_simes	Chr1	1496361	1506559	7	1	Chr1:1496361;Chr1:1502106;Chr1:1502609;Chr1:1503215;Chr1:1503845;Chr1:1503991;Chr1:1506559	Chr1:1503991	""	FALSE	FALSE	TRUE	0	1	FALSE	FALSE	2	2	2	1	2	4
bgs_V0.5_c1_rep5_env6	lfmm_simes	Chr2	6906001	6916437	4	1	Chr2:6906001;Chr2:6909560;Chr2:6914769;Chr2:6916437	Chr2:6906001	""	FALSE	FALSE	TRUE	0	1	FALSE	FALSE	2	2	2	1	2	4
bgs_V0.5_c1_rep5_env7	emmax_consensus	Chr1	606995	616539	4	1	Chr1:606995;Chr1:610292;Chr1:611133;Chr1:616539	Chr1:610292	""	FALSE	TRUE	TRUE	1	1	FALSE	FALSE	3	3	3	1	2	4
bgs_V0.5_c1_rep5_env7	emmax_consensus	Chr1	10636041	10636640	2	1	Chr1:10636041;Chr1:10636640	Chr1:10636041	Chr1:10636041	TRUE	TRUE	FALSE	1	0	FALSE	FALSE	2	2	2	1	2	4
bgs_V0.5_c1_rep5_env7	emmax_simes	Chr1	606995	616539	4	1	Chr1:606995;Chr1:610292;Chr1:611133;Chr1:616539	Chr1:610292	""	FALSE	TRUE	TRUE	1	1	FALSE	FALSE	3	3	3	1	2	4
bgs_V0.5_c1_rep5_env7	emmax_simes	Chr1	10636041	10636640	2	1	Chr1:10636041;Chr1:10636640	Chr1:10636041	Chr1:10636041	TRUE	TRUE	FALSE	1	0	FALSE	FALSE	2	2	2	1	2	4
bgs_V0.5_c1_rep5_env7	lfmm_simes	Chr1	606995	616539	4	1	Chr1:606995;Chr1:610292;Chr1:611133;Chr1:616539	Chr1:610292	""	FALSE	TRUE	TRUE	1	1	FALSE	FALSE	3	3	3	1	2	4
bgs_V0.5_c1_rep5_env7	lfmm_simes	Chr1	4463203	4473844	2	1	Chr1:4463203;Chr1:4473844	Chr1:4463203	""	FALSE	TRUE	FALSE	1	0	FALSE	FALSE	2	2	2	1	2	4
bgs_V0.5_c1_rep5_env7	lfmm_simes	Chr1	10636041	10636640	2	1	Chr1:10636041;Chr1:10636640	Chr1:10636041	Chr1:10636041	TRUE	TRUE	FALSE	1	0	FALSE	FALSE	2	2	2	1	2	4
bgs_V0.5_c1_rep5_env8	emmax_consensus	Chr1	4126782	4482962	47	2	Chr1:4126782;Chr1:4144033;Chr1:4148578;Chr1:4149053;Chr1:4149308;Chr1:4149332;Chr1:4154925;Chr1:4155392;Chr1:4157932;Chr1:4162701;Chr1:4164469;Chr1:4164568;Chr1:4164980;Chr1:4174031;Chr1:4196521;Chr1:4213828;Chr1:4217984;Chr1:4237396;Chr1:4239335;Chr1:4242998;Chr1:4251669;Chr1:4258536;Chr1:4261213;Chr1:4264153;Chr1:4266347;Chr1:4266981;Chr1:4267488;Chr1:4268480;Chr1:4269240;Chr1:4269838;Chr1:4269990;Chr1:4270902;Chr1:4274467;Chr1:4289172;Chr1:4291687;Chr1:4388282;Chr1:4388592;Chr1:4394742;Chr1:4395407;Chr1:4397798;Chr1:4460128;Chr1:4464723;Chr1:4469496;Chr1:4469666;Chr1:4473198;Chr1:4476671;Chr1:4482962	Chr1:4237396;Chr1:4397798	Chr1:4237396	TRUE	TRUE	TRUE	2	2	FALSE	FALSE	3	3	3	1	2	4
bgs_V0.5_c1_rep5_env8	emmax_consensus	Chr1	11775487	11828867	8	2	Chr1:11775487;Chr1:11801886;Chr1:11810479;Chr1:11813969;Chr1:11822153;Chr1:11823236;Chr1:11824329;Chr1:11828867	Chr1:11801886;Chr1:11824329	Chr1:11813969	TRUE	TRUE	TRUE	1	1	FALSE	FALSE	3	3	3	1	2	4
bgs_V0.5_c1_rep5_env8	emmax_simes	Chr1	4126782	4482962	56	3	Chr1:4126782;Chr1:4144033;Chr1:4148578;Chr1:4149053;Chr1:4149308;Chr1:4149332;Chr1:4154925;Chr1:4155392;Chr1:4157932;Chr1:4162701;Chr1:4164469;Chr1:4164568;Chr1:4164980;Chr1:4174031;Chr1:4196521;Chr1:4213828;Chr1:4217984;Chr1:4237396;Chr1:4239335;Chr1:4242998;Chr1:4251669;Chr1:4258536;Chr1:4261213;Chr1:4264153;Chr1:4266347;Chr1:4266981;Chr1:4267488;Chr1:4268480;Chr1:4269240;Chr1:4269838;Chr1:4269990;Chr1:4270902;Chr1:4274467;Chr1:4289172;Chr1:4291687;Chr1:4314214;Chr1:4337668;Chr1:4348925;Chr1:4353101;Chr1:4362293;Chr1:4372364;Chr1:4373474;Chr1:4380193;Chr1:4380857;Chr1:4388282;Chr1:4388592;Chr1:4394742;Chr1:4395407;Chr1:4397798;Chr1:4460128;Chr1:4464723;Chr1:4469496;Chr1:4469666;Chr1:4473198;Chr1:4476671;Chr1:4482962	Chr1:4237396;Chr1:4362293;Chr1:4397798	Chr1:4237396	TRUE	TRUE	TRUE	2	1	FALSE	FALSE	3	3	3	1	2	4
bgs_V0.5_c1_rep5_env8	emmax_simes	Chr1	11775487	11938947	15	3	Chr1:11775487;Chr1:11801886;Chr1:11810479;Chr1:11813969;Chr1:11822153;Chr1:11823236;Chr1:11824329;Chr1:11828867;Chr1:11870833;Chr1:11876122;Chr1:11884335;Chr1:11898662;Chr1:11901815;Chr1:11913729;Chr1:11938947	Chr1:11801886;Chr1:11824329;Chr1:11884335	Chr1:11813969	TRUE	TRUE	TRUE	1	1	FALSE	FALSE	3	3	3	1	2	4
bgs_V0.5_c1_rep5_env8	emmax_simes	Chr2	10552886	10553375	2	1	Chr2:10552886;Chr2:10553375	Chr2:10552886	""	FALSE	TRUE	FALSE	1	0	FALSE	FALSE	2	2	2	1	2	4
bgs_V0.5_c1_rep5_env8	lfmm_simes	Chr1	3913944	3925249	5	1	Chr1:3913944;Chr1:3915418;Chr1:3923316;Chr1:3924705;Chr1:3925249	Chr1:3923316	""	FALSE	TRUE	TRUE	1	1	FALSE	FALSE	3	3	3	1	2	4
bgs_V0.5_c1_rep5_env8	lfmm_simes	Chr1	4126782	4482962	100	9	Chr1:4126782;Chr1:4144033;Chr1:4148578;Chr1:4149053;Chr1:4149308;Chr1:4149332;Chr1:4154925;Chr1:4155392;Chr1:4157932;Chr1:4162701;Chr1:4164469;Chr1:4164568;Chr1:4164980;Chr1:4174031;Chr1:4196521;Chr1:4213828;Chr1:4217984;Chr1:4237396;Chr1:4239335;Chr1:4242998;Chr1:4251669;Chr1:4258536;Chr1:4261213;Chr1:4264153;Chr1:4266347;Chr1:4266981;Chr1:4267488;Chr1:4268480;Chr1:4269240;Chr1:4269838;Chr1:4269990;Chr1:4270902;Chr1:4274467;Chr1:4289172;Chr1:4291687;Chr1:4200468;Chr1:4201275;Chr1:4202827;Chr1:4203040;Chr1:4207357;Chr1:4216101;Chr1:4219108;Chr1:4222331;Chr1:4224441;Chr1:4225329;Chr1:4230885;Chr1:4235338;Chr1:4249254;Chr1:4252395;Chr1:4270953;Chr1:4279200;Chr1:4283335;Chr1:4283344;Chr1:4285712;Chr1:4286245;Chr1:4289990;Chr1:4291825;Chr1:4295212;Chr1:4298164;Chr1:4298580;Chr1:4305963;Chr1:4306481;Chr1:4314214;Chr1:4337668;Chr1:4348925;Chr1:4353101;Chr1:4362293;Chr1:4372364;Chr1:4373474;Chr1:4380193;Chr1:4380857;Chr1:4388282;Chr1:4388592;Chr1:4394742;Chr1:4395407;Chr1:4397798;Chr1:4460128;Chr1:4464723;Chr1:4469496;Chr1:4469666;Chr1:4473198;Chr1:4476671;Chr1:4482962;Chr1:4409878;Chr1:4410957;Chr1:4412436;Chr1:4416846;Chr1:4416935;Chr1:4418519;Chr1:4425189;Chr1:4430653;Chr1:4430878;Chr1:4431092;Chr1:4435291;Chr1:4442417;Chr1:4444648;Chr1:4455350;Chr1:4456178;Chr1:4473680;Chr1:4482950	Chr1:4237396;Chr1:4203040;Chr1:4222331;Chr1:4252395;Chr1:4283335;Chr1:4298164;Chr1:4362293;Chr1:4397798;Chr1:4416846	Chr1:4237396	TRUE	TRUE	TRUE	2	1	FALSE	FALSE	3	3	3	1	2	4
bgs_V0.5_c1_rep5_env8	lfmm_simes	Chr1	6701310	6822056	13	1	Chr1:6701310;Chr1:6705539;Chr1:6711968;Chr1:6714320;Chr1:6716194;Chr1:6718347;Chr1:6729456;Chr1:6731377;Chr1:6732070;Chr1:6741067;Chr1:6751741;Chr1:6788642;Chr1:6822056	Chr1:6711968	""	FALSE	TRUE	TRUE	1	1	FALSE	FALSE	3	3	3	1	2	4
bgs_V0.5_c1_rep5_env8	lfmm_simes	Chr1	11775487	11938947	23	6	Chr1:11775487;Chr1:11801886;Chr1:11810479;Chr1:11813969;Chr1:11776111;Chr1:11777129;Chr1:11806038;Chr1:11809902;Chr1:11822153;Chr1:11823236;Chr1:11824329;Chr1:11828867;Chr1:11870833;Chr1:11876122;Chr1:11884335;Chr1:11898662;Chr1:11901815;Chr1:11913729;Chr1:11938947;Chr1:11887882;Chr1:11891193;Chr1:11896305;Chr1:11896748	Chr1:11801886;Chr1:11776111;Chr1:11806038;Chr1:11824329;Chr1:11884335;Chr1:11887882	Chr1:11813969	TRUE	TRUE	TRUE	1	1	FALSE	FALSE	3	3	3	1	2	4
bgs_V0.5_c1_rep5_env8	lfmm_simes	Chr2	10552886	10553375	2	1	Chr2:10552886;Chr2:10553375	Chr2:10552886	""	FALSE	TRUE	FALSE	1	0	FALSE	FALSE	2	2	2	1	2	4
bgs_V0.5_c1_rep5_env9	emmax_consensus	Chr1	7552523	7555373	2	1	Chr1:7552523;Chr1:7555373	Chr1:7552523	""	FALSE	TRUE	FALSE	1	0	FALSE	FALSE	2	2	2	1	2	4
bgs_V0.5_c1_rep5_env9	emmax_consensus	Chr1	10618297	10619898	3	1	Chr1:10618297;Chr1:10618460;Chr1:10619898	Chr1:10618460	Chr1:10618297	TRUE	TRUE	FALSE	1	0	FALSE	FALSE	2	2	2	1	2	4
bgs_V0.5_c1_rep5_env9	emmax_simes	Chr1	7552523	7555373	2	1	Chr1:7552523;Chr1:7555373	Chr1:7552523	""	FALSE	TRUE	FALSE	1	0	FALSE	FALSE	2	2	2	1	2	4
bgs_V0.5_c1_rep5_env9	emmax_simes	Chr1	10618297	10619898	3	1	Chr1:10618297;Chr1:10618460;Chr1:10619898	Chr1:10618460	Chr1:10618297	TRUE	TRUE	FALSE	1	0	FALSE	FALSE	2	2	2	1	2	4
bgs_V0.5_c1_rep5_env9	lfmm_simes	Chr1	7552523	7555373	2	1	Chr1:7552523;Chr1:7555373	Chr1:7552523	""	FALSE	TRUE	FALSE	1	0	FALSE	FALSE	2	2	2	1	2	4
bgs_V0.5_c1_rep5_env9	lfmm_simes	Chr1	10618297	10619898	3	1	Chr1:10618297;Chr1:10618460;Chr1:10619898	Chr1:10618460	Chr1:10618297	TRUE	TRUE	FALSE	1	0	FALSE	FALSE	2	2	2	1	2	4
bgs_V0.5_c1_rep6_env10	emmax_consensus	Chr1	11489166	11535598	6	1	Chr1:11489166;Chr1:11502404;Chr1:11521345;Chr1:11525310;Chr1:11525735;Chr1:11535598	Chr1:11502404	""	FALSE	TRUE	TRUE	1	1	FALSE	FALSE	3	3	3	1	2	4
bgs_V0.5_c1_rep6_env10	emmax_simes	Chr1	11489166	11535598	6	1	Chr1:11489166;Chr1:11502404;Chr1:11521345;Chr1:11525310;Chr1:11525735;Chr1:11535598	Chr1:11502404	""	FALSE	TRUE	TRUE	1	1	FALSE	FALSE	3	3	3	1	2	4
bgs_V0.5_c1_rep6_env10	lfmm_simes	Chr1	3043328	3065350	6	1	Chr1:3043328;Chr1:3048764;Chr1:3058149;Chr1:3063031;Chr1:3063275;Chr1:3065350	Chr1:3048764	""	FALSE	FALSE	TRUE	0	1	FALSE	FALSE	2	2	2	1	2	4
bgs_V0.5_c1_rep6_env10	lfmm_simes	Chr1	11459561	11466521	3	1	Chr1:11459561;Chr1:11465746;Chr1:11466521	Chr1:11465746	""	FALSE	FALSE	FALSE	0	0	FALSE	FALSE	1	1	1	1	2	4
bgs_V0.5_c1_rep6_env10	lfmm_simes	Chr1	11489166	11535598	6	1	Chr1:11489166;Chr1:11502404;Chr1:11521345;Chr1:11525310;Chr1:11525735;Chr1:11535598	Chr1:11502404	""	FALSE	TRUE	TRUE	1	1	FALSE	FALSE	3	3	3	1	2	4
bgs_V0.5_c1_rep6_env2	emmax_consensus	Chr1	8645340	8759666	7	1	Chr1:8645340;Chr1:8673894;Chr1:8678605;Chr1:8710644;Chr1:8725627;Chr1:8730380;Chr1:8759666	Chr1:8710644	Chr1:8730380	TRUE	TRUE	TRUE	1	1	FALSE	FALSE	3	3	3	1	2	4
bgs_V0.5_c1_rep6_env2	emmax_consensus	Chr1	11438277	11442490	3	1	Chr1:11438277;Chr1:11439595;Chr1:11442490	Chr1:11439595	""	FALSE	FALSE	FALSE	0	0	FALSE	FALSE	1	1	1	1	2	4
bgs_V0.5_c1_rep6_env2	emmax_simes	Chr1	8645340	8759666	7	1	Chr1:8645340;Chr1:8673894;Chr1:8678605;Chr1:8710644;Chr1:8725627;Chr1:8730380;Chr1:8759666	Chr1:8710644	Chr1:8730380	TRUE	TRUE	TRUE	1	1	FALSE	FALSE	3	3	3	1	2	4
bgs_V0.5_c1_rep6_env2	emmax_simes	Chr1	11438277	11442490	3	1	Chr1:11438277;Chr1:11439595;Chr1:11442490	Chr1:11439595	""	FALSE	FALSE	FALSE	0	0	FALSE	FALSE	1	1	1	1	2	4
bgs_V0.5_c1_rep6_env2	emmax_simes	Chr1	14055455	14056580	2	1	Chr1:14055455;Chr1:14056580	Chr1:14055455	""	FALSE	TRUE	FALSE	1	0	FALSE	FALSE	2	2	2	1	2	4
bgs_V0.5_c1_rep6_env2	lfmm_simes	Chr1	8645340	8759666	9	2	Chr1:8645340;Chr1:8673894;Chr1:8678605;Chr1:8710644;Chr1:8725627;Chr1:8730380;Chr1:8759666;Chr1:8714630;Chr1:8753848	Chr1:8710644;Chr1:8714630	Chr1:8730380	TRUE	TRUE	TRUE	1	1	FALSE	FALSE	3	3	3	1	2	4
bgs_V0.5_c1_rep6_env2	lfmm_simes	Chr1	8827180	8843050	5	1	Chr1:8827180;Chr1:8835149;Chr1:8835479;Chr1:8840331;Chr1:8843050	Chr1:8835149	Chr1:8730380	TRUE	TRUE	TRUE	1	1	FALSE	FALSE	3	3	3	1	2	4
bgs_V0.5_c1_rep6_env3	emmax_consensus	Chr1	2914880	3052954	20	3	Chr1:2914880;Chr1:2918551;Chr1:2925370;Chr1:2929972;Chr1:2931839;Chr1:2932702;Chr1:2934014;Chr1:2966844;Chr1:2971050;Chr1:2972017;Chr1:2973000;Chr1:2975251;Chr1:2976058;Chr1:2986906;Chr1:3018735;Chr1:3028864;Chr1:3032373;Chr1:3043328;Chr1:3043779;Chr1:3052954	Chr1:2918551;Chr1:2972017;Chr1:3043328	Chr1:2914880	TRUE	TRUE	TRUE	1	1	FALSE	FALSE	3	3	3	1	2	4
bgs_V0.5_c1_rep6_env3	emmax_consensus	Chr1	7025925	7065276	5	1	Chr1:7025925;Chr1:7026131;Chr1:7049219;Chr1:7050410;Chr1:7065276	Chr1:7049219	""	FALSE	TRUE	TRUE	1	1	FALSE	FALSE	3	3	3	1	2	4
bgs_V0.5_c1_rep6_env3	emmax_consensus	Chr1	8670601	8792807	43	1	Chr1:8670601;Chr1:8672025;Chr1:8673591;Chr1:8673894;Chr1:8678605;Chr1:8683331;Chr1:8683776;Chr1:8684933;Chr1:8685116;Chr1:8685229;Chr1:8685488;Chr1:8686296;Chr1:8687599;Chr1:8689691;Chr1:8695846;Chr1:8698088;Chr1:8700019;Chr1:8706423;Chr1:8707002;Chr1:8709884;Chr1:8710644;Chr1:8714630;Chr1:8715486;Chr1:8725627;Chr1:8730380;Chr1:8735034;Chr1:8735739;Chr1:8737674;Chr1:8738704;Chr1:8753848;Chr1:8756943;Chr1:8759666;Chr1:8763490;Chr1:8764556;Chr1:8767898;Chr1:8773845;Chr1:8775527;Chr1:8777515;Chr1:8784900;Chr1:8786824;Chr1:8786884;Chr1:8790186;Chr1:8792807	Chr1:8759666	Chr1:8730380	TRUE	TRUE	TRUE	1	1	FALSE	FALSE	3	3	3	1	2	4
bgs_V0.5_c1_rep6_env3	emmax_simes	Chr1	2851693	3052954	25	4	Chr1:2851693;Chr1:2852081;Chr1:2852602;Chr1:2856973;Chr1:2860481;Chr1:2914880;Chr1:2918551;Chr1:2925370;Chr1:2929972;Chr1:2931839;Chr1:2932702;Chr1:2934014;Chr1:2966844;Chr1:2971050;Chr1:2972017;Chr1:2973000;Chr1:2975251;Chr1:2976058;Chr1:2986906;Chr1:3018735;Chr1:3028864;Chr1:3032373;Chr1:3043328;Chr1:3043779;Chr1:3052954	Chr1:2851693;Chr1:2918551;Chr1:2972017;Chr1:3043328	Chr1:2914880	TRUE	TRUE	TRUE	1	1	FALSE	FALSE	3	3	3	1	2	4
bgs_V0.5_c1_rep6_env3	emmax_simes	Chr1	7025925	7065276	5	1	Chr1:7025925;Chr1:7026131;Chr1:7049219;Chr1:7050410;Chr1:7065276	Chr1:7049219	""	FALSE	FALSE	TRUE	0	1	FALSE	FALSE	2	2	2	1	2	4
bgs_V0.5_c1_rep6_env3	emmax_simes	Chr1	8670601	8792807	43	1	Chr1:8670601;Chr1:8672025;Chr1:8673591;Chr1:8673894;Chr1:8678605;Chr1:8683331;Chr1:8683776;Chr1:8684933;Chr1:8685116;Chr1:8685229;Chr1:8685488;Chr1:8686296;Chr1:8687599;Chr1:8689691;Chr1:8695846;Chr1:8698088;Chr1:8700019;Chr1:8706423;Chr1:8707002;Chr1:8709884;Chr1:8710644;Chr1:8714630;Chr1:8715486;Chr1:8725627;Chr1:8730380;Chr1:8735034;Chr1:8735739;Chr1:8737674;Chr1:8738704;Chr1:8753848;Chr1:8756943;Chr1:8759666;Chr1:8763490;Chr1:8764556;Chr1:8767898;Chr1:8773845;Chr1:8775527;Chr1:8777515;Chr1:8784900;Chr1:8786824;Chr1:8786884;Chr1:8790186;Chr1:8792807	Chr1:8759666	Chr1:8730380	TRUE	FALSE	TRUE	0	1	FALSE	FALSE	2	2	2	1	2	4
bgs_V0.5_c1_rep6_env3	lfmm_simes	Chr1	2851693	3052954	27	5	Chr1:2851693;Chr1:2852081;Chr1:2852602;Chr1:2856973;Chr1:2860481;Chr1:2914880;Chr1:2918551;Chr1:2925370;Chr1:2929972;Chr1:2931839;Chr1:2932702;Chr1:2934014;Chr1:2962671;Chr1:3004419;Chr1:2966844;Chr1:2971050;Chr1:2972017;Chr1:2973000;Chr1:2975251;Chr1:2976058;Chr1:2986906;Chr1:3018735;Chr1:3028864;Chr1:3032373;Chr1:3043328;Chr1:3043779;Chr1:3052954	Chr1:2851693;Chr1:2918551;Chr1:2962671;Chr1:2972017;Chr1:3043328	Chr1:2914880	TRUE	TRUE	TRUE	1	1	FALSE	FALSE	3	3	3	1	2	4
bgs_V0.5_c1_rep6_env3	lfmm_simes	Chr1	8670601	8792807	43	1	Chr1:8670601;Chr1:8672025;Chr1:8673591;Chr1:8673894;Chr1:8678605;Chr1:8683331;Chr1:8683776;Chr1:8684933;Chr1:8685116;Chr1:8685229;Chr1:8685488;Chr1:8686296;Chr1:8687599;Chr1:8689691;Chr1:8695846;Chr1:8698088;Chr1:8700019;Chr1:8706423;Chr1:8707002;Chr1:8709884;Chr1:8710644;Chr1:8714630;Chr1:8715486;Chr1:8725627;Chr1:8730380;Chr1:8735034;Chr1:8735739;Chr1:8737674;Chr1:8738704;Chr1:8753848;Chr1:8756943;Chr1:8759666;Chr1:8763490;Chr1:8764556;Chr1:8767898;Chr1:8773845;Chr1:8775527;Chr1:8777515;Chr1:8784900;Chr1:8786824;Chr1:8786884;Chr1:8790186;Chr1:8792807	Chr1:8759666	Chr1:8730380	TRUE	TRUE	TRUE	1	1	FALSE	FALSE	3	3	3	1	2	4
bgs_V0.5_c1_rep6_env4	emmax_consensus	Chr1	5261988	5282581	3	1	Chr1:5261988;Chr1:5280914;Chr1:5282581	Chr1:5280914	""	FALSE	TRUE	FALSE	1	0	FALSE	FALSE	2	2	2	1	2	4
bgs_V0.5_c1_rep6_env4	emmax_simes	Chr1	5261988	5282581	3	1	Chr1:5261988;Chr1:5280914;Chr1:5282581	Chr1:5280914	""	FALSE	FALSE	FALSE	0	0	FALSE	FALSE	1	1	1	1	2	4
bgs_V0.5_c1_rep6_env4	lfmm_simes	Chr1	4910493	5107187	11	1	Chr1:4910493;Chr1:4942920;Chr1:4943209;Chr1:4946875;Chr1:4947737;Chr1:4952139;Chr1:4958314;Chr1:4960945;Chr1:5062388;Chr1:5098319;Chr1:5107187	Chr1:4952139	Chr1:5062388	TRUE	TRUE	TRUE	1	1	FALSE	FALSE	3	3	3	1	2	4
bgs_V0.5_c1_rep6_env4	lfmm_simes	Chr1	5220945	5282581	5	2	Chr1:5220945;Chr1:5221793;Chr1:5261988;Chr1:5280914;Chr1:5282581	Chr1:5220945;Chr1:5280914	""	FALSE	TRUE	FALSE	1	0	FALSE	FALSE	2	2	2	1	2	4
bgs_V0.5_c1_rep6_env5	emmax_consensus	Chr1	11012552	11132421	3	1	Chr1:11012552;Chr1:11097066;Chr1:11132421	Chr1:11097066	Chr1:11132421	TRUE	TRUE	FALSE	1	0	FALSE	FALSE	2	2	2	1	2	4
bgs_V0.5_c1_rep6_env5	emmax_simes	Chr1	11012552	11132421	3	1	Chr1:11012552;Chr1:11097066;Chr1:11132421	Chr1:11097066	Chr1:11132421	TRUE	TRUE	FALSE	1	0	FALSE	FALSE	2	2	2	1	2	4
bgs_V0.5_c1_rep6_env5	lfmm_simes	Chr1	11012552	11132421	3	1	Chr1:11012552;Chr1:11097066;Chr1:11132421	Chr1:11097066	Chr1:11132421	TRUE	TRUE	FALSE	1	0	FALSE	FALSE	2	2	2	1	2	4
bgs_V0.5_c1_rep6_env6	emmax_consensus	Chr1	3977233	4012677	3	1	Chr1:3977233;Chr1:3979805;Chr1:4012677	Chr1:3977233	Chr1:4012677	TRUE	FALSE	FALSE	0	0	FALSE	FALSE	1	1	1	1	2	4
bgs_V0.5_c1_rep6_env6	emmax_consensus	Chr1	15341609	15366575	8	1	Chr1:15341609;Chr1:15343644;Chr1:15346027;Chr1:15347987;Chr1:15351929;Chr1:15355677;Chr1:15357558;Chr1:15366575	Chr1:15355677	Chr1:15351929	TRUE	TRUE	TRUE	1	1	FALSE	FALSE	3	3	3	1	2	4
bgs_V0.5_c1_rep6_env6	emmax_consensus	Chr1	15379578	15382394	3	1	Chr1:15379578;Chr1:15382113;Chr1:15382394	Chr1:15382113	Chr1:15351929	TRUE	FALSE	FALSE	0	0	FALSE	FALSE	1	1	1	1	2	4
bgs_V0.5_c1_rep6_env6	emmax_simes	Chr1	3977233	4012677	3	1	Chr1:3977233;Chr1:3979805;Chr1:4012677	Chr1:3977233	Chr1:4012677	TRUE	TRUE	FALSE	1	0	FALSE	FALSE	2	2	2	1	2	4
bgs_V0.5_c1_rep6_env6	emmax_simes	Chr1	15341609	15366575	8	1	Chr1:15341609;Chr1:15343644;Chr1:15346027;Chr1:15347987;Chr1:15351929;Chr1:15355677;Chr1:15357558;Chr1:15366575	Chr1:15355677	Chr1:15351929	TRUE	TRUE	TRUE	1	1	FALSE	FALSE	3	3	3	1	2	4
bgs_V0.5_c1_rep6_env6	emmax_simes	Chr1	15379578	15382394	3	1	Chr1:15379578;Chr1:15382113;Chr1:15382394	Chr1:15382113	Chr1:15351929	TRUE	TRUE	FALSE	1	0	FALSE	FALSE	2	2	2	1	2	4
bgs_V0.5_c1_rep6_env6	lfmm_simes	Chr1	2227498	2239497	2	1	Chr1:2227498;Chr1:2239497	Chr1:2227498	""	FALSE	TRUE	FALSE	1	0	FALSE	FALSE	2	2	2	1	2	4
bgs_V0.5_c1_rep6_env6	lfmm_simes	Chr1	3551368	3580264	2	1	Chr1:3551368;Chr1:3580264	Chr1:3551368	""	FALSE	TRUE	FALSE	1	0	FALSE	FALSE	2	2	2	1	2	4
bgs_V0.5_c1_rep6_env6	lfmm_simes	Chr1	3974115	4012677	5	2	Chr1:3974115;Chr1:3989243;Chr1:3977233;Chr1:3979805;Chr1:4012677	Chr1:3974115;Chr1:3977233	Chr1:4012677	TRUE	TRUE	FALSE	1	0	FALSE	FALSE	2	2	2	1	2	4
bgs_V0.5_c1_rep6_env6	lfmm_simes	Chr1	15341609	15366575	8	1	Chr1:15341609;Chr1:15343644;Chr1:15346027;Chr1:15347987;Chr1:15351929;Chr1:15355677;Chr1:15357558;Chr1:15366575	Chr1:15355677	Chr1:15351929	TRUE	TRUE	TRUE	1	1	FALSE	FALSE	3	3	3	1	2	4
bgs_V0.5_c1_rep6_env6	lfmm_simes	Chr1	15379578	15382394	3	1	Chr1:15379578;Chr1:15382113;Chr1:15382394	Chr1:15382113	Chr1:15351929	TRUE	FALSE	FALSE	0	0	FALSE	FALSE	1	1	1	1	2	4
bgs_V0.5_c1_rep6_env7	emmax_consensus	Chr1	9877852	9882820	3	1	Chr1:9877852;Chr1:9882607;Chr1:9882820	Chr1:9877852	""	FALSE	FALSE	FALSE	0	0	FALSE	FALSE	1	1	1	1	2	4
bgs_V0.5_c1_rep6_env7	emmax_consensus	Chr1	10546837	10556100	2	1	Chr1:10546837;Chr1:10556100	Chr1:10546837	Chr1:10556100	TRUE	TRUE	FALSE	1	0	FALSE	FALSE	2	2	2	1	2	4
bgs_V0.5_c1_rep6_env7	emmax_consensus	Chr2	2599444	2603395	3	1	Chr2:2599444;Chr2:2600176;Chr2:2603395	Chr2:2599444	""	FALSE	TRUE	FALSE	1	0	FALSE	FALSE	2	2	2	1	2	4
bgs_V0.5_c1_rep6_env7	emmax_simes	Chr1	9877852	9882820	3	1	Chr1:9877852;Chr1:9882607;Chr1:9882820	Chr1:9877852	""	FALSE	FALSE	FALSE	0	0	FALSE	FALSE	1	1	1	1	2	4
bgs_V0.5_c1_rep6_env7	emmax_simes	Chr1	10546837	10556100	2	1	Chr1:10546837;Chr1:10556100	Chr1:10546837	Chr1:10556100	TRUE	TRUE	FALSE	1	0	FALSE	FALSE	2	2	2	1	2	4
bgs_V0.5_c1_rep6_env7	emmax_simes	Chr2	2599444	2603395	3	1	Chr2:2599444;Chr2:2600176;Chr2:2603395	Chr2:2599444	""	FALSE	TRUE	FALSE	1	0	FALSE	FALSE	2	2	2	1	2	4
bgs_V0.5_c1_rep6_env7	lfmm_simes	Chr1	10546837	10556100	2	1	Chr1:10546837;Chr1:10556100	Chr1:10546837	Chr1:10556100	TRUE	TRUE	FALSE	1	0	FALSE	FALSE	2	2	2	1	2	4
bgs_V0.5_c1_rep6_env8	emmax_consensus	Chr1	572276	666505	10	1	Chr1:572276;Chr1:573972;Chr1:587649;Chr1:606275;Chr1:614709;Chr1:638511;Chr1:654713;Chr1:662896;Chr1:663066;Chr1:666505	Chr1:587649	Chr1:587649	TRUE	TRUE	TRUE	1	1	FALSE	FALSE	3	3	3	1	2	4
bgs_V0.5_c1_rep6_env8	emmax_simes	Chr1	572276	666505	10	1	Chr1:572276;Chr1:573972;Chr1:587649;Chr1:606275;Chr1:614709;Chr1:638511;Chr1:654713;Chr1:662896;Chr1:663066;Chr1:666505	Chr1:587649	Chr1:587649	TRUE	TRUE	TRUE	1	1	FALSE	FALSE	3	3	3	1	2	4
bgs_V0.5_c1_rep6_env8	lfmm_simes	Chr1	549666	555798	4	1	Chr1:549666;Chr1:551654;Chr1:551671;Chr1:555798	Chr1:551654	Chr1:587649	TRUE	FALSE	TRUE	0	1	FALSE	FALSE	2	2	2	1	2	4
bgs_V0.5_c1_rep6_env8	lfmm_simes	Chr1	572276	666505	13	2	Chr1:572276;Chr1:573972;Chr1:587649;Chr1:606275;Chr1:614709;Chr1:638511;Chr1:654713;Chr1:662896;Chr1:663066;Chr1:666505;Chr1:596223;Chr1:601469;Chr1:601991	Chr1:587649;Chr1:601991	Chr1:587649	TRUE	TRUE	TRUE	1	1	FALSE	FALSE	3	3	3	1	2	4
bgs_V0.5_c1_rep6_env8	lfmm_simes	Chr1	2409054	2454985	6	1	Chr1:2409054;Chr1:2424741;Chr1:2424979;Chr1:2433350;Chr1:2448597;Chr1:2454985	Chr1:2433350	Chr1:2448597	TRUE	FALSE	TRUE	0	1	FALSE	FALSE	2	2	2	1	2	4
bgs_V0.5_c1_rep6_env8	lfmm_simes	Chr1	3371920	3383660	2	1	Chr1:3371920;Chr1:3383660	Chr1:3371920	""	FALSE	FALSE	FALSE	0	0	FALSE	FALSE	1	1	1	1	2	4
bgs_V0.5_c1_rep7_env1	emmax_consensus	Chr1	6483457	6670565	24	2	Chr1:6483457;Chr1:6504651;Chr1:6508636;Chr1:6509489;Chr1:6523283;Chr1:6526549;Chr1:6532934;Chr1:6539434;Chr1:6554194;Chr1:6556686;Chr1:6558027;Chr1:6587828;Chr1:6593769;Chr1:6561420;Chr1:6571306;Chr1:6581510;Chr1:6600743;Chr1:6609667;Chr1:6611047;Chr1:6628904;Chr1:6652806;Chr1:6660689;Chr1:6662340;Chr1:6670565	Chr1:6523283;Chr1:6581510	Chr1:6611047	TRUE	TRUE	TRUE	1	1	FALSE	FALSE	3	3	3	1	2	4
bgs_V0.5_c1_rep7_env1	emmax_consensus	Chr1	6922154	7331501	17	2	Chr1:6922154;Chr1:6940160;Chr1:6980313;Chr1:7002454;Chr1:7079602;Chr1:7080044;Chr1:7155546;Chr1:7198382;Chr1:7208536;Chr1:7216917;Chr1:7239178;Chr1:7281913;Chr1:7290107;Chr1:7295948;Chr1:7302807;Chr1:7325835;Chr1:7331501	Chr1:6940160;Chr1:7239178	""	FALSE	TRUE	TRUE	1	1	FALSE	FALSE	3	3	3	1	2	4
bgs_V0.5_c1_rep7_env1	emmax_consensus	Chr1	14732231	15904535	162	2	Chr1:14732231;Chr1:14756571;Chr1:14757784;Chr1:14764905;Chr1:14765672;Chr1:14789111;Chr1:14794093;Chr1:14796713;Chr1:14804136;Chr1:14813127;Chr1:14817882;Chr1:14824721;Chr1:14826190;Chr1:14826899;Chr1:14838722;Chr1:14851533;Chr1:14856579;Chr1:14863479;Chr1:14870735;Chr1:14874614;Chr1:14875747;Chr1:14876257;Chr1:14878333;Chr1:14880202;Chr1:14885970;Chr1:14908879;Chr1:14933336;Chr1:14946296;Chr1:14948473;Chr1:14954430;Chr1:14965436;Chr1:14970691;Chr1:14984044;Chr1:14991146;Chr1:15000167;Chr1:15014950;Chr1:15016743;Chr1:15023083;Chr1:15047104;Chr1:15048856;Chr1:15056234;Chr1:15057084;Chr1:15057141;Chr1:15067829;Chr1:15070166;Chr1:15074328;Chr1:15077762;Chr1:15077937;Chr1:15081315;Chr1:15082867;Chr1:15088085;Chr1:15095080;Chr1:15099601;Chr1:15109030;Chr1:15118804;Chr1:15119418;Chr1:15119887;Chr1:15121358;Chr1:15135426;Chr1:15145516;Chr1:15146073;Chr1:15147453;Chr1:15148671;Chr1:15152454;Chr1:15153911;Chr1:15154082;Chr1:15162629;Chr1:15165220;Chr1:15166943;Chr1:15169117;Chr1:15169729;Chr1:15173870;Chr1:15177227;Chr1:15177878;Chr1:15178269;Chr1:15181852;Chr1:15188180;Chr1:15193349;Chr1:15198356;Chr1:15201267;Chr1:15206096;Chr1:15209591;Chr1:15214545;Chr1:15219113;Chr1:15220070;Chr1:15220452;Chr1:15221107;Chr1:15223232;Chr1:15225456;Chr1:15227920;Chr1:15231802;Chr1:15232295;Chr1:15237775;Chr1:15240845;Chr1:15243698;Chr1:15250295;Chr1:15252432;Chr1:15258668;Chr1:15259246;Chr1:15261148;Chr1:15266683;Chr1:15273211;Chr1:15290353;Chr1:15305696;Chr1:15342320;Chr1:15396401;Chr1:15462676;Chr1:15473652;Chr1:15507144;Chr1:15509819;Chr1:15518174;Chr1:15546356;Chr1:15551599;Chr1:15580836;Chr1:15597053;Chr1:15604086;Chr1:15684131;Chr1:15734624;Chr1:15735832;Chr1:15744462;Chr1:15745567;Chr1:15751195;Chr1:15754513;Chr1:15760892;Chr1:15760910;Chr1:15763291;Chr1:15763574;Chr1:15764855;Chr1:15767124;Chr1:15769357;Chr1:15770055;Chr1:15776479;Chr1:15776660;Chr1:15784060;Chr1:15784754;Chr1:15785118;Chr1:15790935;Chr1:15794691;Chr1:15798336;Chr1:15799962;Chr1:15807174;Chr1:15808043;Chr1:15817341;Chr1:15822741;Chr1:15822970;Chr1:15840921;Chr1:15849667;Chr1:15863835;Chr1:15866345;Chr1:15870161;Chr1:15870594;Chr1:15876169;Chr1:15880737;Chr1:15881963;Chr1:15888132;Chr1:15888355;Chr1:15889923;Chr1:15894815;Chr1:15900386;Chr1:15900543;Chr1:15904159;Chr1:15904535	Chr1:15252432;Chr1:15684131	Chr1:15684131	TRUE	TRUE	TRUE	1	1	FALSE	FALSE	3	3	3	1	2	4
bgs_V0.5_c1_rep7_env1	emmax_simes	Chr1	6483457	6670565	24	2	Chr1:6483457;Chr1:6504651;Chr1:6508636;Chr1:6509489;Chr1:6523283;Chr1:6526549;Chr1:6532934;Chr1:6539434;Chr1:6554194;Chr1:6556686;Chr1:6558027;Chr1:6587828;Chr1:6593769;Chr1:6561420;Chr1:6571306;Chr1:6581510;Chr1:6600743;Chr1:6609667;Chr1:6611047;Chr1:6628904;Chr1:6652806;Chr1:6660689;Chr1:6662340;Chr1:6670565	Chr1:6523283;Chr1:6581510	Chr1:6611047	TRUE	TRUE	TRUE	1	1	FALSE	FALSE	3	3	3	1	2	4
bgs_V0.5_c1_rep7_env1	emmax_simes	Chr1	7079602	7331501	13	1	Chr1:7079602;Chr1:7080044;Chr1:7155546;Chr1:7198382;Chr1:7208536;Chr1:7216917;Chr1:7239178;Chr1:7281913;Chr1:7290107;Chr1:7295948;Chr1:7302807;Chr1:7325835;Chr1:7331501	Chr1:7239178	""	FALSE	TRUE	TRUE	1	1	FALSE	FALSE	3	3	3	1	2	4
bgs_V0.5_c1_rep7_env1	emmax_simes	Chr1	14732231	15904535	162	2	Chr1:14732231;Chr1:14756571;Chr1:14757784;Chr1:14764905;Chr1:14765672;Chr1:14789111;Chr1:14794093;Chr1:14796713;Chr1:14804136;Chr1:14813127;Chr1:14817882;Chr1:14824721;Chr1:14826190;Chr1:14826899;Chr1:14838722;Chr1:14851533;Chr1:14856579;Chr1:14863479;Chr1:14870735;Chr1:14874614;Chr1:14875747;Chr1:14876257;Chr1:14878333;Chr1:14880202;Chr1:14885970;Chr1:14908879;Chr1:14933336;Chr1:14946296;Chr1:14948473;Chr1:14954430;Chr1:14965436;Chr1:14970691;Chr1:14984044;Chr1:14991146;Chr1:15000167;Chr1:15014950;Chr1:15016743;Chr1:15023083;Chr1:15047104;Chr1:15048856;Chr1:15056234;Chr1:15057084;Chr1:15057141;Chr1:15067829;Chr1:15070166;Chr1:15074328;Chr1:15077762;Chr1:15077937;Chr1:15081315;Chr1:15082867;Chr1:15088085;Chr1:15095080;Chr1:15099601;Chr1:15109030;Chr1:15118804;Chr1:15119418;Chr1:15119887;Chr1:15121358;Chr1:15135426;Chr1:15145516;Chr1:15146073;Chr1:15147453;Chr1:15148671;Chr1:15152454;Chr1:15153911;Chr1:15154082;Chr1:15162629;Chr1:15165220;Chr1:15166943;Chr1:15169117;Chr1:15169729;Chr1:15173870;Chr1:15177227;Chr1:15177878;Chr1:15178269;Chr1:15181852;Chr1:15188180;Chr1:15193349;Chr1:15198356;Chr1:15201267;Chr1:15206096;Chr1:15209591;Chr1:15214545;Chr1:15219113;Chr1:15220070;Chr1:15220452;Chr1:15221107;Chr1:15223232;Chr1:15225456;Chr1:15227920;Chr1:15231802;Chr1:15232295;Chr1:15237775;Chr1:15240845;Chr1:15243698;Chr1:15250295;Chr1:15252432;Chr1:15258668;Chr1:15259246;Chr1:15261148;Chr1:15266683;Chr1:15273211;Chr1:15290353;Chr1:15305696;Chr1:15342320;Chr1:15396401;Chr1:15462676;Chr1:15473652;Chr1:15507144;Chr1:15509819;Chr1:15518174;Chr1:15546356;Chr1:15551599;Chr1:15580836;Chr1:15597053;Chr1:15604086;Chr1:15684131;Chr1:15734624;Chr1:15735832;Chr1:15744462;Chr1:15745567;Chr1:15751195;Chr1:15754513;Chr1:15760892;Chr1:15760910;Chr1:15763291;Chr1:15763574;Chr1:15764855;Chr1:15767124;Chr1:15769357;Chr1:15770055;Chr1:15776479;Chr1:15776660;Chr1:15784060;Chr1:15784754;Chr1:15785118;Chr1:15790935;Chr1:15794691;Chr1:15798336;Chr1:15799962;Chr1:15807174;Chr1:15808043;Chr1:15817341;Chr1:15822741;Chr1:15822970;Chr1:15840921;Chr1:15849667;Chr1:15863835;Chr1:15866345;Chr1:15870161;Chr1:15870594;Chr1:15876169;Chr1:15880737;Chr1:15881963;Chr1:15888132;Chr1:15888355;Chr1:15889923;Chr1:15894815;Chr1:15900386;Chr1:15900543;Chr1:15904159;Chr1:15904535	Chr1:15252432;Chr1:15684131	Chr1:15684131	TRUE	TRUE	TRUE	1	1	FALSE	FALSE	3	3	3	1	2	4
bgs_V0.5_c1_rep7_env1	lfmm_simes	Chr1	6561420	6670565	11	1	Chr1:6561420;Chr1:6571306;Chr1:6581510;Chr1:6600743;Chr1:6609667;Chr1:6611047;Chr1:6628904;Chr1:6652806;Chr1:6660689;Chr1:6662340;Chr1:6670565	Chr1:6581510	Chr1:6611047	TRUE	TRUE	TRUE	1	1	FALSE	FALSE	3	3	3	1	2	4
bgs_V0.5_c1_rep7_env1	lfmm_simes	Chr1	15342320	15904535	58	1	Chr1:15342320;Chr1:15396401;Chr1:15462676;Chr1:15473652;Chr1:15507144;Chr1:15509819;Chr1:15518174;Chr1:15546356;Chr1:15551599;Chr1:15580836;Chr1:15597053;Chr1:15604086;Chr1:15684131;Chr1:15734624;Chr1:15735832;Chr1:15744462;Chr1:15745567;Chr1:15751195;Chr1:15754513;Chr1:15760892;Chr1:15760910;Chr1:15763291;Chr1:15763574;Chr1:15764855;Chr1:15767124;Chr1:15769357;Chr1:15770055;Chr1:15776479;Chr1:15776660;Chr1:15784060;Chr1:15784754;Chr1:15785118;Chr1:15790935;Chr1:15794691;Chr1:15798336;Chr1:15799962;Chr1:15807174;Chr1:15808043;Chr1:15817341;Chr1:15822741;Chr1:15822970;Chr1:15840921;Chr1:15849667;Chr1:15863835;Chr1:15866345;Chr1:15870161;Chr1:15870594;Chr1:15876169;Chr1:15880737;Chr1:15881963;Chr1:15888132;Chr1:15888355;Chr1:15889923;Chr1:15894815;Chr1:15900386;Chr1:15900543;Chr1:15904159;Chr1:15904535	Chr1:15684131	Chr1:15684131	TRUE	TRUE	TRUE	1	1	FALSE	FALSE	3	3	3	1	2	4
bgs_V0.5_c1_rep7_env2	emmax_consensus	Chr1	12024284	12206247	7	1	Chr1:12024284;Chr1:12025461;Chr1:12164964;Chr1:12173598;Chr1:12186165;Chr1:12190738;Chr1:12206247	Chr1:12164964	""	FALSE	FALSE	TRUE	0	1	FALSE	FALSE	2	2	2	1	2	4
bgs_V0.5_c1_rep7_env2	emmax_consensus	Chr1	20593763	20676732	4	1	Chr1:20593763;Chr1:20632902;Chr1:20670001;Chr1:20676732	Chr1:20670001	""	FALSE	FALSE	TRUE	0	1	FALSE	FALSE	2	2	2	1	2	4
bgs_V0.5_c1_rep7_env2	emmax_consensus	Chr1	26277630	26310327	9	1	Chr1:26277630;Chr1:26279090;Chr1:26281329;Chr1:26284551;Chr1:26287564;Chr1:26292508;Chr1:26305182;Chr1:26305577;Chr1:26310327	Chr1:26284551	Chr1:26305577	TRUE	FALSE	TRUE	0	1	FALSE	FALSE	2	2	2	1	2	4
bgs_V0.5_c1_rep7_env2	emmax_consensus	Chr2	18342909	18364396	4	1	Chr2:18342909;Chr2:18346294;Chr2:18348633;Chr2:18364396	Chr2:18342909	""	FALSE	FALSE	TRUE	0	1	FALSE	FALSE	2	2	2	1	2	4
bgs_V0.5_c1_rep7_env2	emmax_simes	Chr1	26277630	26310327	9	1	Chr1:26277630;Chr1:26279090;Chr1:26281329;Chr1:26284551;Chr1:26287564;Chr1:26292508;Chr1:26305182;Chr1:26305577;Chr1:26310327	Chr1:26284551	Chr1:26305577	TRUE	TRUE	TRUE	1	1	FALSE	FALSE	3	3	3	1	2	4
bgs_V0.5_c1_rep7_env2	lfmm_simes	Chr1	3559889	3576512	3	1	Chr1:3559889;Chr1:3567388;Chr1:3576512	Chr1:3567388	Chr1:3567388	TRUE	FALSE	FALSE	0	0	FALSE	FALSE	1	1	1	1	2	4
bgs_V0.5_c1_rep7_env2	lfmm_simes	Chr1	20593763	20726301	9	2	Chr1:20593763;Chr1:20632902;Chr1:20670001;Chr1:20676732;Chr1:20706656;Chr1:20711325;Chr1:20714050;Chr1:20719363;Chr1:20726301	Chr1:20670001;Chr1:20706656	""	FALSE	TRUE	TRUE	1	1	FALSE	FALSE	3	3	3	1	2	4
bgs_V0.5_c1_rep7_env2	lfmm_simes	Chr1	26277630	26310327	9	1	Chr1:26277630;Chr1:26279090;Chr1:26281329;Chr1:26284551;Chr1:26287564;Chr1:26292508;Chr1:26305182;Chr1:26305577;Chr1:26310327	Chr1:26284551	Chr1:26305577	TRUE	TRUE	TRUE	1	1	FALSE	FALSE	3	3	3	1	2	4
bgs_V0.5_c1_rep7_env2	lfmm_simes	Chr2	18342909	18364396	4	1	Chr2:18342909;Chr2:18346294;Chr2:18348633;Chr2:18364396	Chr2:18342909	""	FALSE	TRUE	TRUE	1	1	FALSE	FALSE	3	3	3	1	2	4
bgs_V0.5_c1_rep7_env2	lfmm_simes	Chr2	18420797	18558148	2	1	Chr2:18420797;Chr2:18558148	Chr2:18420797	""	FALSE	TRUE	FALSE	1	0	FALSE	FALSE	2	2	2	1	2	4
bgs_V0.5_c1_rep7_env3	emmax_consensus	Chr1	6308421	6729583	26	4	Chr1:6308421;Chr1:6322794;Chr1:6407452;Chr1:6408164;Chr1:6423792;Chr1:6434338;Chr1:6459464;Chr1:6584707;Chr1:6593869;Chr1:6611047;Chr1:6616216;Chr1:6621940;Chr1:6682278;Chr1:6685583;Chr1:6494843;Chr1:6498510;Chr1:6507238;Chr1:6508527;Chr1:6526439;Chr1:6569513;Chr1:6625461;Chr1:6631723;Chr1:6639927;Chr1:6673581;Chr1:6679270;Chr1:6729583	Chr1:6593869;Chr1:6494843;Chr1:6631723;Chr1:6679270	Chr1:6611047	TRUE	TRUE	TRUE	1	1	FALSE	FALSE	3	3	3	1	2	4
bgs_V0.5_c1_rep7_env3	emmax_consensus	Chr1	8574271	8650525	5	1	Chr1:8574271;Chr1:8632528;Chr1:8633157;Chr1:8649216;Chr1:8650525	Chr1:8632528	""	FALSE	FALSE	TRUE	0	1	FALSE	FALSE	2	2	2	1	2	4
bgs_V0.5_c1_rep7_env3	emmax_consensus	Chr1	8695840	8715574	2	1	Chr1:8695840;Chr1:8715574	Chr1:8695840	""	FALSE	FALSE	FALSE	0	0	FALSE	FALSE	1	1	1	1	2	4
bgs_V0.5_c1_rep7_env3	emmax_consensus	Chr1	12551004	14274911	13	1	Chr1:12551004;Chr1:12575107;Chr1:12882308;Chr1:12935098;Chr1:13060686;Chr1:13255540;Chr1:13399295;Chr1:13412004;Chr1:13422148;Chr1:13512813;Chr1:13587960;Chr1:13683151;Chr1:14274911	Chr1:13399295	""	FALSE	FALSE	TRUE	0	1	FALSE	FALSE	2	2	2	1	2	4
bgs_V0.5_c1_rep7_env3	emmax_consensus	Chr1	15803068	16616703	9	1	Chr1:15803068;Chr1:15853978;Chr1:15920459;Chr1:15948994;Chr1:16213783;Chr1:16593613;Chr1:16601739;Chr1:16602124;Chr1:16616703	Chr1:15803068	""	FALSE	FALSE	TRUE	0	1	FALSE	FALSE	2	2	2	1	2	4
bgs_V0.5_c1_rep7_env3	emmax_consensus	Chr1	18001695	18263704	9	2	Chr1:18001695;Chr1:18129542;Chr1:18263704;Chr1:18051285;Chr1:18065533;Chr1:18067727;Chr1:18074526;Chr1:18078505;Chr1:18225629	Chr1:18129542;Chr1:18065533	""	FALSE	TRUE	TRUE	1	1	FALSE	FALSE	3	3	3	1	2	4
bgs_V0.5_c1_rep7_env3	emmax_consensus	Chr1	22304199	22427701	8	1	Chr1:22304199;Chr1:22323057;Chr1:22370248;Chr1:22388920;Chr1:22402272;Chr1:22415703;Chr1:22418726;Chr1:22427701	Chr1:22402272	""	FALSE	FALSE	TRUE	0	1	FALSE	FALSE	2	2	2	1	2	4
bgs_V0.5_c1_rep7_env3	emmax_simes	Chr1	6308421	6685583	23	3	Chr1:6308421;Chr1:6322794;Chr1:6407452;Chr1:6408164;Chr1:6423792;Chr1:6434338;Chr1:6459464;Chr1:6584707;Chr1:6593869;Chr1:6611047;Chr1:6616216;Chr1:6621940;Chr1:6682278;Chr1:6685583;Chr1:6494843;Chr1:6498510;Chr1:6507238;Chr1:6508527;Chr1:6526439;Chr1:6569513;Chr1:6625461;Chr1:6631723;Chr1:6639927	Chr1:6593869;Chr1:6494843;Chr1:6631723	Chr1:6611047	TRUE	TRUE	TRUE	1	1	FALSE	FALSE	3	3	3	1	2	4
bgs_V0.5_c1_rep7_env3	emmax_simes	Chr1	8574271	8650525	5	1	Chr1:8574271;Chr1:8632528;Chr1:8633157;Chr1:8649216;Chr1:8650525	Chr1:8632528	""	FALSE	TRUE	TRUE	1	1	FALSE	FALSE	3	3	3	1	2	4
bgs_V0.5_c1_rep7_env3	emmax_simes	Chr1	8695840	8715574	2	1	Chr1:8695840;Chr1:8715574	Chr1:8695840	""	FALSE	FALSE	FALSE	0	0	FALSE	FALSE	1	1	1	1	2	4
bgs_V0.5_c1_rep7_env3	emmax_simes	Chr1	12551004	14274911	13	1	Chr1:12551004;Chr1:12575107;Chr1:12882308;Chr1:12935098;Chr1:13060686;Chr1:13255540;Chr1:13399295;Chr1:13412004;Chr1:13422148;Chr1:13512813;Chr1:13587960;Chr1:13683151;Chr1:14274911	Chr1:13399295	""	FALSE	FALSE	TRUE	0	1	FALSE	FALSE	2	2	2	1	2	4
bgs_V0.5_c1_rep7_env3	emmax_simes	Chr1	15803068	16616703	9	1	Chr1:15803068;Chr1:15853978;Chr1:15920459;Chr1:15948994;Chr1:16213783;Chr1:16593613;Chr1:16601739;Chr1:16602124;Chr1:16616703	Chr1:15803068	""	FALSE	FALSE	TRUE	0	1	FALSE	FALSE	2	2	2	1	2	4
bgs_V0.5_c1_rep7_env3	emmax_simes	Chr1	18001695	18263704	9	2	Chr1:18001695;Chr1:18129542;Chr1:18263704;Chr1:18051285;Chr1:18065533;Chr1:18067727;Chr1:18074526;Chr1:18078505;Chr1:18225629	Chr1:18129542;Chr1:18065533	""	FALSE	TRUE	TRUE	1	1	FALSE	FALSE	3	3	3	1	2	4
bgs_V0.5_c1_rep7_env3	emmax_simes	Chr1	22304199	22427701	8	1	Chr1:22304199;Chr1:22323057;Chr1:22370248;Chr1:22388920;Chr1:22402272;Chr1:22415703;Chr1:22418726;Chr1:22427701	Chr1:22402272	""	FALSE	FALSE	TRUE	0	1	FALSE	FALSE	2	2	2	1	2	4
bgs_V0.5_c1_rep7_env3	lfmm_simes	Chr1	6308421	6685583	23	3	Chr1:6308421;Chr1:6322794;Chr1:6407452;Chr1:6408164;Chr1:6423792;Chr1:6434338;Chr1:6459464;Chr1:6584707;Chr1:6593869;Chr1:6611047;Chr1:6616216;Chr1:6621940;Chr1:6682278;Chr1:6685583;Chr1:6494843;Chr1:6498510;Chr1:6507238;Chr1:6508527;Chr1:6526439;Chr1:6569513;Chr1:6625461;Chr1:6631723;Chr1:6639927	Chr1:6593869;Chr1:6494843;Chr1:6631723	Chr1:6611047	TRUE	TRUE	TRUE	1	1	FALSE	FALSE	3	3	3	1	2	4
bgs_V0.5_c1_rep7_env3	lfmm_simes	Chr1	8574271	8650525	5	1	Chr1:8574271;Chr1:8632528;Chr1:8633157;Chr1:8649216;Chr1:8650525	Chr1:8632528	""	FALSE	TRUE	TRUE	1	1	FALSE	FALSE	3	3	3	1	2	4
bgs_V0.5_c1_rep7_env3	lfmm_simes	Chr1	12551004	14274911	13	1	Chr1:12551004;Chr1:12575107;Chr1:12882308;Chr1:12935098;Chr1:13060686;Chr1:13255540;Chr1:13399295;Chr1:13412004;Chr1:13422148;Chr1:13512813;Chr1:13587960;Chr1:13683151;Chr1:14274911	Chr1:13399295	""	FALSE	FALSE	TRUE	0	1	FALSE	FALSE	2	2	2	1	2	4
bgs_V0.5_c1_rep7_env3	lfmm_simes	Chr1	20974228	20979843	2	1	Chr1:20974228;Chr1:20979843	Chr1:20974228	""	FALSE	FALSE	FALSE	0	0	FALSE	FALSE	1	1	1	1	2	4
bgs_V0.5_c1_rep7_env3	lfmm_simes	Chr2	18504998	18553139	3	1	Chr2:18504998;Chr2:18506593;Chr2:18553139	Chr2:18553139	""	FALSE	FALSE	FALSE	0	0	FALSE	FALSE	1	1	1	1	2	4
bgs_V0.5_c1_rep7_env5	emmax_consensus	Chr1	21331436	21505534	12	1	Chr1:21331436;Chr1:21355744;Chr1:21356511;Chr1:21370895;Chr1:21371743;Chr1:21386294;Chr1:21387405;Chr1:21443362;Chr1:21478684;Chr1:21481666;Chr1:21486995;Chr1:21505534	Chr1:21387405	Chr1:21387405	TRUE	TRUE	TRUE	1	1	FALSE	FALSE	3	3	3	1	2	4
bgs_V0.5_c1_rep7_env5	emmax_simes	Chr1	21331436	21505534	12	1	Chr1:21331436;Chr1:21355744;Chr1:21356511;Chr1:21370895;Chr1:21371743;Chr1:21386294;Chr1:21387405;Chr1:21443362;Chr1:21478684;Chr1:21481666;Chr1:21486995;Chr1:21505534	Chr1:21387405	Chr1:21387405	TRUE	TRUE	TRUE	1	1	FALSE	FALSE	3	3	3	1	2	4
bgs_V0.5_c1_rep7_env5	lfmm_simes	Chr1	21331436	21505534	12	1	Chr1:21331436;Chr1:21355744;Chr1:21356511;Chr1:21370895;Chr1:21371743;Chr1:21386294;Chr1:21387405;Chr1:21443362;Chr1:21478684;Chr1:21481666;Chr1:21486995;Chr1:21505534	Chr1:21387405	Chr1:21387405	TRUE	TRUE	TRUE	1	1	FALSE	FALSE	3	3	3	1	2	4
bgs_V0.5_c1_rep7_env6	emmax_consensus	Chr1	15056234	15201267	12	1	Chr1:15056234;Chr1:15057084;Chr1:15057141;Chr1:15067829;Chr1:15077937;Chr1:15081315;Chr1:15099601;Chr1:15109030;Chr1:15121358;Chr1:15135426;Chr1:15188180;Chr1:15201267	Chr1:15135426	""	FALSE	FALSE	TRUE	0	1	FALSE	FALSE	2	2	2	1	2	4
bgs_V0.5_c1_rep7_env6	emmax_consensus	Chr1	16292329	16538361	8	1	Chr1:16292329;Chr1:16307910;Chr1:16330516;Chr1:16345302;Chr1:16348076;Chr1:16422394;Chr1:16493727;Chr1:16538361	Chr1:16307910	Chr1:16493727	TRUE	TRUE	TRUE	1	1	FALSE	FALSE	3	3	3	1	2	4
bgs_V0.5_c1_rep7_env6	emmax_consensus	Chr1	21928978	22357236	69	8	Chr1:21928978;Chr1:21938542;Chr1:21979650;Chr1:21985722;Chr1:21990753;Chr1:21997357;Chr1:21979918;Chr1:21998852;Chr1:22004624;Chr1:22016348;Chr1:22026236;Chr1:22035520;Chr1:22048405;Chr1:22235405;Chr1:22247531;Chr1:22259590;Chr1:22274896;Chr1:22285175;Chr1:22285283;Chr1:22066264;Chr1:22071724;Chr1:22074120;Chr1:22077898;Chr1:22080073;Chr1:22109558;Chr1:22121234;Chr1:22129202;Chr1:22143235;Chr1:22145476;Chr1:22156009;Chr1:22166550;Chr1:22173846;Chr1:22176519;Chr1:22179166;Chr1:22180071;Chr1:22181192;Chr1:22193820;Chr1:22194041;Chr1:22195894;Chr1:22196965;Chr1:22196993;Chr1:22200240;Chr1:22200467;Chr1:22200496;Chr1:22202648;Chr1:22209542;Chr1:22215925;Chr1:22219220;Chr1:22222741;Chr1:22228348;Chr1:22222417;Chr1:22225095;Chr1:22227651;Chr1:22229247;Chr1:22237532;Chr1:22265438;Chr1:22267392;Chr1:22271929;Chr1:22290029;Chr1:22311449;Chr1:22317254;Chr1:22321483;Chr1:22322225;Chr1:22323109;Chr1:22334159;Chr1:22335793;Chr1:22338290;Chr1:22349021;Chr1:22357236	Chr1:21938542;Chr1:21998852;Chr1:22071724;Chr1:22173846;Chr1:22193820;Chr1:22227651;Chr1:22267392;Chr1:22334159	Chr1:22285175	TRUE	TRUE	TRUE	1	1	FALSE	FALSE	3	3	3	1	2	4
bgs_V0.5_c1_rep7_env6	emmax_simes	Chr1	13961346	15023083	4	1	Chr1:13961346;Chr1:14373252;Chr1:14441573;Chr1:15023083	Chr1:13961346	""	FALSE	TRUE	TRUE	1	1	FALSE	FALSE	3	3	3	1	2	4
bgs_V0.5_c1_rep7_env6	emmax_simes	Chr1	15146073	15983353	18	1	Chr1:15146073;Chr1:15177227;Chr1:15221107;Chr1:15231450;Chr1:15231802;Chr1:15258668;Chr1:15305696;Chr1:15342320;Chr1:15371379;Chr1:15462676;Chr1:15546356;Chr1:15559306;Chr1:15570733;Chr1:15597053;Chr1:15604086;Chr1:15703313;Chr1:15774416;Chr1:15983353	Chr1:15559306	""	FALSE	TRUE	TRUE	1	1	FALSE	FALSE	3	3	3	1	2	4
bgs_V0.5_c1_rep7_env6	emmax_simes	Chr1	16292329	16538361	8	1	Chr1:16292329;Chr1:16307910;Chr1:16330516;Chr1:16345302;Chr1:16348076;Chr1:16422394;Chr1:16493727;Chr1:16538361	Chr1:16307910	Chr1:16493727	TRUE	TRUE	TRUE	1	1	FALSE	FALSE	3	3	3	1	2	4
bgs_V0.5_c1_rep7_env6	emmax_simes	Chr1	21928978	22357236	57	6	Chr1:21928978;Chr1:21938542;Chr1:21979650;Chr1:21985722;Chr1:21990753;Chr1:21997357;Chr1:21979918;Chr1:21998852;Chr1:22004624;Chr1:22016348;Chr1:22026236;Chr1:22035520;Chr1:22048405;Chr1:22235405;Chr1:22247531;Chr1:22259590;Chr1:22274896;Chr1:22285175;Chr1:22285283;Chr1:22066264;Chr1:22071724;Chr1:22074120;Chr1:22077898;Chr1:22080073;Chr1:22109558;Chr1:22121234;Chr1:22129202;Chr1:22193820;Chr1:22194041;Chr1:22195894;Chr1:22196965;Chr1:22196993;Chr1:22200240;Chr1:22200467;Chr1:22200496;Chr1:22202648;Chr1:22209542;Chr1:22215925;Chr1:22219220;Chr1:22222741;Chr1:22228348;Chr1:22222417;Chr1:22225095;Chr1:22227651;Chr1:22229247;Chr1:22237532;Chr1:22290029;Chr1:22311449;Chr1:22317254;Chr1:22321483;Chr1:22322225;Chr1:22323109;Chr1:22334159;Chr1:22335793;Chr1:22338290;Chr1:22349021;Chr1:22357236	Chr1:21938542;Chr1:21998852;Chr1:22071724;Chr1:22193820;Chr1:22227651;Chr1:22334159	Chr1:22285175	TRUE	TRUE	TRUE	1	1	FALSE	FALSE	3	3	3	1	2	4
bgs_V0.5_c1_rep7_env6	lfmm_simes	Chr1	16292329	16538361	8	1	Chr1:16292329;Chr1:16307910;Chr1:16330516;Chr1:16345302;Chr1:16348076;Chr1:16422394;Chr1:16493727;Chr1:16538361	Chr1:16307910	Chr1:16493727	TRUE	TRUE	TRUE	1	1	FALSE	FALSE	3	3	3	1	2	4
bgs_V0.5_c1_rep7_env6	lfmm_simes	Chr1	17379607	17597707	2	1	Chr1:17379607;Chr1:17597707	Chr1:17379607	""	FALSE	TRUE	FALSE	1	0	FALSE	FALSE	2	2	2	1	2	4
bgs_V0.5_c1_rep7_env6	lfmm_simes	Chr1	21617589	21625499	3	1	Chr1:21617589;Chr1:21625059;Chr1:21625499	Chr1:21617589	""	FALSE	FALSE	FALSE	0	0	FALSE	FALSE	1	1	1	1	2	4
bgs_V0.5_c1_rep7_env6	lfmm_simes	Chr1	21664173	22357236	44	5	Chr1:21664173;Chr1:21697862;Chr1:21729561;Chr1:21829227;Chr1:21831291;Chr1:21856326;Chr1:21856594;Chr1:21858807;Chr1:21867687;Chr1:21872943;Chr1:21875004;Chr1:21885255;Chr1:21902213;Chr1:21905878;Chr1:21928978;Chr1:21938542;Chr1:21979650;Chr1:21985722;Chr1:21990753;Chr1:21997357;Chr1:21979918;Chr1:21998852;Chr1:22004624;Chr1:22016348;Chr1:22026236;Chr1:22035520;Chr1:22048405;Chr1:22235405;Chr1:22247531;Chr1:22259590;Chr1:22274896;Chr1:22285175;Chr1:22285283;Chr1:22290029;Chr1:22311449;Chr1:22317254;Chr1:22321483;Chr1:22322225;Chr1:22323109;Chr1:22334159;Chr1:22335793;Chr1:22338290;Chr1:22349021;Chr1:22357236	Chr1:21697862;Chr1:21858807;Chr1:21938542;Chr1:21998852;Chr1:22334159	Chr1:22285175	TRUE	TRUE	TRUE	2	1	FALSE	FALSE	3	3	3	1	2	4
bgs_V0.5_c1_rep7_env6	lfmm_simes	Chr1	22003458	22054028	6	1	Chr1:22003458;Chr1:22017105;Chr1:22018897;Chr1:22027413;Chr1:22035834;Chr1:22054028	Chr1:22017105	""	FALSE	FALSE	TRUE	0	1	FALSE	FALSE	2	2	3	1	2	4
bgs_V0.5_c1_rep7_env6	lfmm_simes	Chr1	22064079	22129595	15	2	Chr1:22064079;Chr1:22067884;Chr1:22070055;Chr1:22084849;Chr1:22103655;Chr1:22125833;Chr1:22129595;Chr1:22066264;Chr1:22071724;Chr1:22074120;Chr1:22077898;Chr1:22080073;Chr1:22109558;Chr1:22121234;Chr1:22129202	Chr1:22070055;Chr1:22071724	""	FALSE	TRUE	TRUE	1	1	FALSE	FALSE	3	3	3	1	2	4
bgs_V0.5_c1_rep7_env6	lfmm_simes	Chr1	22143235	22271929	33	5	Chr1:22143235;Chr1:22145476;Chr1:22156009;Chr1:22166550;Chr1:22173846;Chr1:22176519;Chr1:22179166;Chr1:22180071;Chr1:22181192;Chr1:22144439;Chr1:22155770;Chr1:22193820;Chr1:22194041;Chr1:22195894;Chr1:22196965;Chr1:22196993;Chr1:22200240;Chr1:22200467;Chr1:22200496;Chr1:22202648;Chr1:22209542;Chr1:22215925;Chr1:22219220;Chr1:22222741;Chr1:22228348;Chr1:22222417;Chr1:22225095;Chr1:22227651;Chr1:22229247;Chr1:22237532;Chr1:22265438;Chr1:22267392;Chr1:22271929	Chr1:22173846;Chr1:22144439;Chr1:22193820;Chr1:22227651;Chr1:22267392	Chr1:22285175	TRUE	TRUE	TRUE	1	2	FALSE	FALSE	3	3	3	1	2	4
bgs_V0.5_c1_rep7_env6	lfmm_simes	Chr1	23182594	23182640	2	1	Chr1:23182594;Chr1:23182640	Chr1:23182594	""	FALSE	TRUE	FALSE	1	0	FALSE	FALSE	2	2	2	1	2	4
bgs_V0.5_c1_rep7_env7	emmax_consensus	Chr1	6452635	6464680	2	1	Chr1:6452635;Chr1:6464680	Chr1:6452635	Chr1:6452635	TRUE	TRUE	FALSE	1	0	FALSE	FALSE	2	2	2	1	2	4
bgs_V0.5_c1_rep7_env7	emmax_simes	Chr1	6452635	6464680	2	1	Chr1:6452635;Chr1:6464680	Chr1:6452635	Chr1:6452635	TRUE	TRUE	FALSE	1	0	FALSE	FALSE	2	2	2	1	2	4
bgs_V0.5_c1_rep7_env7	lfmm_simes	Chr1	6452635	6464680	2	1	Chr1:6452635;Chr1:6464680	Chr1:6452635	Chr1:6452635	TRUE	TRUE	FALSE	1	0	FALSE	FALSE	2	2	2	1	2	4
bgs_V0.5_c1_rep7_env8	emmax_consensus	Chr1	14829615	15200724	30	1	Chr1:14829615;Chr1:14860906;Chr1:14865470;Chr1:14865631;Chr1:14885122;Chr1:14921844;Chr1:14943619;Chr1:14951269;Chr1:14961656;Chr1:14978047;Chr1:14978480;Chr1:14991295;Chr1:14991598;Chr1:14995303;Chr1:15037370;Chr1:15061863;Chr1:15062040;Chr1:15071252;Chr1:15071804;Chr1:15079647;Chr1:15082308;Chr1:15082698;Chr1:15084919;Chr1:15087644;Chr1:15089438;Chr1:15100716;Chr1:15101964;Chr1:15117653;Chr1:15184577;Chr1:15200724	Chr1:14995303	""	FALSE	TRUE	TRUE	1	1	FALSE	FALSE	3	3	3	1	2	4
bgs_V0.5_c1_rep7_env8	emmax_consensus	Chr2	25531402	25534668	2	1	Chr2:25531402;Chr2:25534668	Chr2:25531402	""	FALSE	FALSE	FALSE	0	0	FALSE	FALSE	1	1	1	1	2	4
bgs_V0.5_c1_rep7_env8	emmax_simes	Chr1	14829615	15200724	30	1	Chr1:14829615;Chr1:14860906;Chr1:14865470;Chr1:14865631;Chr1:14885122;Chr1:14921844;Chr1:14943619;Chr1:14951269;Chr1:14961656;Chr1:14978047;Chr1:14978480;Chr1:14991295;Chr1:14991598;Chr1:14995303;Chr1:15037370;Chr1:15061863;Chr1:15062040;Chr1:15071252;Chr1:15071804;Chr1:15079647;Chr1:15082308;Chr1:15082698;Chr1:15084919;Chr1:15087644;Chr1:15089438;Chr1:15100716;Chr1:15101964;Chr1:15117653;Chr1:15184577;Chr1:15200724	Chr1:14995303	""	FALSE	TRUE	TRUE	1	1	FALSE	FALSE	3	3	3	1	2	4
bgs_V0.5_c1_rep7_env9	emmax_consensus	Chr1	1272240	1310268	3	1	Chr1:1272240;Chr1:1300337;Chr1:1310268	Chr1:1310268	Chr1:1272240	TRUE	TRUE	FALSE	1	0	FALSE	FALSE	2	2	2	1	2	4
bgs_V0.5_c1_rep7_env9	emmax_simes	Chr1	1272240	1310268	3	1	Chr1:1272240;Chr1:1300337;Chr1:1310268	Chr1:1310268	Chr1:1272240	TRUE	TRUE	FALSE	1	0	FALSE	FALSE	2	2	2	1	2	4
bgs_V0.5_c1_rep7_env9	lfmm_simes	Chr1	1272240	1310268	3	1	Chr1:1272240;Chr1:1300337;Chr1:1310268	Chr1:1310268	Chr1:1272240	TRUE	TRUE	FALSE	1	0	FALSE	FALSE	2	2	2	1	2	4
bgs_V0.5_c1_rep8_env1	emmax_consensus	Chr2	9413585	9524632	5	1	Chr2:9413585;Chr2:9426516;Chr2:9449569;Chr2:9498437;Chr2:9524632	Chr2:9449569	""	FALSE	FALSE	TRUE	0	1	FALSE	FALSE	2	2	2	1	2	4
bgs_V0.5_c1_rep8_env1	emmax_simes	Chr2	9413585	9524632	5	1	Chr2:9413585;Chr2:9426516;Chr2:9449569;Chr2:9498437;Chr2:9524632	Chr2:9449569	""	FALSE	FALSE	TRUE	0	1	FALSE	FALSE	2	2	2	1	2	4
bgs_V0.5_c1_rep8_env2	emmax_consensus	Chr1	3413557	3435287	3	1	Chr1:3413557;Chr1:3419677;Chr1:3435287	Chr1:3419677	Chr1:3435287	TRUE	FALSE	FALSE	0	0	FALSE	FALSE	1	1	1	1	2	4
bgs_V0.5_c1_rep8_env2	emmax_consensus	Chr1	11146529	11270995	10	1	Chr1:11146529;Chr1:11191508;Chr1:11195194;Chr1:11207276;Chr1:11212664;Chr1:11223306;Chr1:11244600;Chr1:11267949;Chr1:11269375;Chr1:11270995	Chr1:11191508	Chr1:11223306	TRUE	TRUE	TRUE	1	1	FALSE	FALSE	3	3	3	1	2	4
bgs_V0.5_c1_rep8_env2	emmax_consensus	Chr1	17498989	17499044	2	1	Chr1:17498989;Chr1:17499044	Chr1:17498989	""	FALSE	FALSE	FALSE	0	0	FALSE	FALSE	1	1	1	1	2	4
bgs_V0.5_c1_rep8_env2	emmax_consensus	Chr2	1223472	1229606	2	1	Chr2:1223472;Chr2:1229606	Chr2:1223472	""	FALSE	FALSE	FALSE	0	0	FALSE	FALSE	1	1	1	1	2	4
bgs_V0.5_c1_rep8_env2	emmax_consensus	Chr2	12316366	12334404	3	1	Chr2:12316366;Chr2:12317150;Chr2:12334404	Chr2:12316366	""	FALSE	FALSE	FALSE	0	0	FALSE	FALSE	1	1	1	1	2	4
bgs_V0.5_c1_rep8_env2	emmax_simes	Chr1	3413557	3435287	3	1	Chr1:3413557;Chr1:3419677;Chr1:3435287	Chr1:3419677	Chr1:3435287	TRUE	TRUE	FALSE	1	0	FALSE	FALSE	2	2	2	1	2	4
bgs_V0.5_c1_rep8_env2	emmax_simes	Chr1	11146529	11270995	10	1	Chr1:11146529;Chr1:11191508;Chr1:11195194;Chr1:11207276;Chr1:11212664;Chr1:11223306;Chr1:11244600;Chr1:11267949;Chr1:11269375;Chr1:11270995	Chr1:11191508	Chr1:11223306	TRUE	TRUE	TRUE	1	1	FALSE	FALSE	3	3	3	1	2	4
bgs_V0.5_c1_rep8_env2	emmax_simes	Chr1	17498989	17499044	2	1	Chr1:17498989;Chr1:17499044	Chr1:17498989	""	FALSE	FALSE	FALSE	0	0	FALSE	FALSE	1	1	1	1	2	4
bgs_V0.5_c1_rep8_env2	lfmm_simes	Chr1	1754024	1756862	2	1	Chr1:1754024;Chr1:1756862	Chr1:1754024	""	FALSE	TRUE	FALSE	1	0	FALSE	FALSE	2	2	2	1	2	4
bgs_V0.5_c1_rep8_env2	lfmm_simes	Chr1	3413557	3435287	3	1	Chr1:3413557;Chr1:3419677;Chr1:3435287	Chr1:3419677	Chr1:3435287	TRUE	TRUE	FALSE	1	0	FALSE	FALSE	2	2	2	1	2	4
bgs_V0.5_c1_rep8_env2	lfmm_simes	Chr1	10315293	10386519	4	1	Chr1:10315293;Chr1:10323852;Chr1:10369892;Chr1:10386519	Chr1:10315293	""	FALSE	FALSE	TRUE	0	1	FALSE	FALSE	2	2	2	1	2	4
bgs_V0.5_c1_rep8_env2	lfmm_simes	Chr1	11146529	11345002	19	3	Chr1:11146529;Chr1:11191508;Chr1:11195194;Chr1:11207276;Chr1:11212664;Chr1:11223306;Chr1:11244600;Chr1:11267949;Chr1:11269375;Chr1:11270995;Chr1:11192322;Chr1:11220620;Chr1:11225515;Chr1:11261631;Chr1:11281315;Chr1:11287676;Chr1:11320092;Chr1:11326101;Chr1:11345002	Chr1:11191508;Chr1:11220620;Chr1:11320092	Chr1:11223306	TRUE	TRUE	TRUE	1	1	FALSE	FALSE	3	3	3	1	2	4
bgs_V0.5_c1_rep8_env2	lfmm_simes	Chr1	17498989	17499044	2	1	Chr1:17498989;Chr1:17499044	Chr1:17498989	""	FALSE	TRUE	FALSE	1	0	FALSE	FALSE	2	2	2	1	2	4
bgs_V0.5_c1_rep8_env2	lfmm_simes	Chr2	12213040	12224909	4	1	Chr2:12213040;Chr2:12215560;Chr2:12224906;Chr2:12224909	Chr2:12213040	""	FALSE	FALSE	TRUE	0	1	FALSE	FALSE	2	2	2	1	2	4
bgs_V0.5_c1_rep8_env2	lfmm_simes	Chr2	12316366	12334404	3	1	Chr2:12316366;Chr2:12317150;Chr2:12334404	Chr2:12316366	""	FALSE	FALSE	FALSE	0	0	FALSE	FALSE	1	1	1	1	2	4
bgs_V0.5_c1_rep8_env3	emmax_consensus	Chr1	4383804	4389782	3	1	Chr1:4383804;Chr1:4386653;Chr1:4389782	Chr1:4383804	""	FALSE	TRUE	FALSE	1	0	FALSE	FALSE	2	2	2	1	2	4
bgs_V0.5_c1_rep8_env3	emmax_consensus	Chr1	4410569	4415545	4	1	Chr1:4410569;Chr1:4412642;Chr1:4414114;Chr1:4415545	Chr1:4412642	Chr1:4506068	TRUE	TRUE	TRUE	1	1	FALSE	FALSE	3	3	3	1	2	4
bgs_V0.5_c1_rep8_env3	emmax_consensus	Chr1	4425774	4737047	69	11	Chr1:4425774;Chr1:4442807;Chr1:4445489;Chr1:4453993;Chr1:4457833;Chr1:4460288;Chr1:4465627;Chr1:4468510;Chr1:4506068;Chr1:4441822;Chr1:4468037;Chr1:4443473;Chr1:4446743;Chr1:4502390;Chr1:4474416;Chr1:4475592;Chr1:4475622;Chr1:4477002;Chr1:4481754;Chr1:4491777;Chr1:4493627;Chr1:4499677;Chr1:4500343;Chr1:4500724;Chr1:4503415;Chr1:4507196;Chr1:4508310;Chr1:4511354;Chr1:4512705;Chr1:4513732;Chr1:4515950;Chr1:4517393;Chr1:4523285;Chr1:4534439;Chr1:4556615;Chr1:4537281;Chr1:4538801;Chr1:4542028;Chr1:4548213;Chr1:4548914;Chr1:4552240;Chr1:4554314;Chr1:4562411;Chr1:4590365;Chr1:4591639;Chr1:4614703;Chr1:4621505;Chr1:4639056;Chr1:4630432;Chr1:4630652;Chr1:4633900;Chr1:4634679;Chr1:4654059;Chr1:4655971;Chr1:4665436;Chr1:4669608;Chr1:4671332;Chr1:4672522;Chr1:4676604;Chr1:4686515;Chr1:4693837;Chr1:4702139;Chr1:4703902;Chr1:4703913;Chr1:4711983;Chr1:4716747;Chr1:4717188;Chr1:4728412;Chr1:4737047	Chr1:4453993;Chr1:4441822;Chr1:4443473;Chr1:4503415;Chr1:4534439;Chr1:4548914;Chr1:4591639;Chr1:4621505;Chr1:4630432;Chr1:4686515;Chr1:4717188	Chr1:4506068	TRUE	TRUE	TRUE	2	3	FALSE	FALSE	3	3	3	1	2	4
bgs_V0.5_c1_rep8_env3	emmax_consensus	Chr1	4924314	4934264	2	1	Chr1:4924314;Chr1:4934264	Chr1:4924314	""	FALSE	FALSE	FALSE	0	0	FALSE	FALSE	1	1	1	1	2	4
bgs_V0.5_c1_rep8_env3	emmax_consensus	Chr1	5010757	5025002	2	1	Chr1:5010757;Chr1:5025002	Chr1:5010757	""	FALSE	FALSE	FALSE	0	0	FALSE	FALSE	1	1	1	1	2	4
bgs_V0.5_c1_rep8_env3	emmax_consensus	Chr1	5060479	5060688	2	1	Chr1:5060479;Chr1:5060688	Chr1:5060479	""	FALSE	TRUE	FALSE	1	0	FALSE	FALSE	2	2	2	1	2	4
bgs_V0.5_c1_rep8_env3	emmax_consensus	Chr1	5078974	5080328	2	1	Chr1:5078974;Chr1:5080328	Chr1:5078974	""	FALSE	TRUE	FALSE	1	0	FALSE	FALSE	2	2	2	1	2	4
bgs_V0.5_c1_rep8_env3	emmax_consensus	Chr1	5867012	5875418	2	1	Chr1:5867012;Chr1:5875418	Chr1:5867012	""	FALSE	FALSE	FALSE	0	0	FALSE	FALSE	1	1	1	1	2	4
bgs_V0.5_c1_rep8_env3	emmax_consensus	Chr1	12316532	12359012	4	1	Chr1:12316532;Chr1:12352444;Chr1:12352935;Chr1:12359012	Chr1:12352444	""	FALSE	FALSE	TRUE	0	1	FALSE	FALSE	2	2	2	1	2	4
bgs_V0.5_c1_rep8_env3	emmax_consensus	Chr1	12650803	12661490	2	1	Chr1:12650803;Chr1:12661490	Chr1:12650803	""	FALSE	TRUE	FALSE	1	0	FALSE	FALSE	2	2	2	1	2	4
bgs_V0.5_c1_rep8_env3	emmax_consensus	Chr1	12679765	12686741	2	1	Chr1:12679765;Chr1:12686741	Chr1:12679765	""	FALSE	TRUE	FALSE	1	0	FALSE	FALSE	2	2	2	1	2	4
bgs_V0.5_c1_rep8_env3	emmax_simes	Chr1	4410569	4415545	4	1	Chr1:4410569;Chr1:4412642;Chr1:4414114;Chr1:4415545	Chr1:4412642	Chr1:4506068	TRUE	FALSE	TRUE	0	1	FALSE	FALSE	2	2	2	1	2	4
bgs_V0.5_c1_rep8_env3	emmax_simes	Chr1	4425774	4639056	45	7	Chr1:4425774;Chr1:4442807;Chr1:4445489;Chr1:4453993;Chr1:4457833;Chr1:4460288;Chr1:4465627;Chr1:4468510;Chr1:4506068;Chr1:4441822;Chr1:4468037;Chr1:4474416;Chr1:4475592;Chr1:4475622;Chr1:4477002;Chr1:4481754;Chr1:4491777;Chr1:4493627;Chr1:4499677;Chr1:4500343;Chr1:4500724;Chr1:4503415;Chr1:4507196;Chr1:4508310;Chr1:4511354;Chr1:4512705;Chr1:4513732;Chr1:4515950;Chr1:4517393;Chr1:4523285;Chr1:4534439;Chr1:4556615;Chr1:4537281;Chr1:4538801;Chr1:4542028;Chr1:4548213;Chr1:4548914;Chr1:4552240;Chr1:4554314;Chr1:4562411;Chr1:4590365;Chr1:4591639;Chr1:4614703;Chr1:4621505;Chr1:4639056	Chr1:4453993;Chr1:4441822;Chr1:4503415;Chr1:4534439;Chr1:4548914;Chr1:4591639;Chr1:4621505	Chr1:4506068	TRUE	TRUE	TRUE	1	1	FALSE	FALSE	3	3	3	1	2	4
bgs_V0.5_c1_rep8_env3	emmax_simes	Chr1	4665436	4737047	15	2	Chr1:4665436;Chr1:4669608;Chr1:4671332;Chr1:4672522;Chr1:4676604;Chr1:4686515;Chr1:4693837;Chr1:4702139;Chr1:4703902;Chr1:4703913;Chr1:4711983;Chr1:4716747;Chr1:4717188;Chr1:4728412;Chr1:4737047	Chr1:4686515;Chr1:4717188	""	FALSE	TRUE	TRUE	1	1	FALSE	FALSE	3	3	3	1	2	4
bgs_V0.5_c1_rep8_env3	emmax_simes	Chr1	4924314	4934264	2	1	Chr1:4924314;Chr1:4934264	Chr1:4924314	""	FALSE	FALSE	FALSE	0	0	FALSE	FALSE	1	1	1	1	2	4
bgs_V0.5_c1_rep8_env3	emmax_simes	Chr1	5060479	5060688	2	1	Chr1:5060479;Chr1:5060688	Chr1:5060479	""	FALSE	TRUE	FALSE	1	0	FALSE	FALSE	2	2	2	1	2	4
bgs_V0.5_c1_rep8_env3	emmax_simes	Chr1	5078974	5080328	2	1	Chr1:5078974;Chr1:5080328	Chr1:5078974	""	FALSE	TRUE	FALSE	1	0	FALSE	FALSE	2	2	2	1	2	4
bgs_V0.5_c1_rep8_env3	emmax_simes	Chr1	12650803	12661490	2	1	Chr1:12650803;Chr1:12661490	Chr1:12650803	""	FALSE	FALSE	FALSE	0	0	FALSE	FALSE	1	1	1	1	2	4
bgs_V0.5_c1_rep8_env3	emmax_simes	Chr1	12679765	12686741	2	1	Chr1:12679765;Chr1:12686741	Chr1:12679765	""	FALSE	TRUE	FALSE	1	0	FALSE	FALSE	2	2	2	1	2	4
bgs_V0.5_c1_rep8_env3	emmax_simes	Chr1	16444948	16452775	3	1	Chr1:16444948;Chr1:16446067;Chr1:16452775	Chr1:16452775	""	FALSE	FALSE	FALSE	0	0	FALSE	FALSE	1	1	1	1	2	4
bgs_V0.5_c1_rep8_env3	lfmm_simes	Chr1	4425774	4614703	40	6	Chr1:4425774;Chr1:4442807;Chr1:4445489;Chr1:4453993;Chr1:4457833;Chr1:4460288;Chr1:4465627;Chr1:4468510;Chr1:4506068;Chr1:4430752;Chr1:4432404;Chr1:4432714;Chr1:4433008;Chr1:4438129;Chr1:4441822;Chr1:4468037;Chr1:4474416;Chr1:4475592;Chr1:4475622;Chr1:4477002;Chr1:4481754;Chr1:4491777;Chr1:4493627;Chr1:4499677;Chr1:4500343;Chr1:4500724;Chr1:4503415;Chr1:4507196;Chr1:4508310;Chr1:4511354;Chr1:4512705;Chr1:4513732;Chr1:4515950;Chr1:4517393;Chr1:4523285;Chr1:4534439;Chr1:4556615;Chr1:4590365;Chr1:4591639;Chr1:4614703	Chr1:4453993;Chr1:4432714;Chr1:4441822;Chr1:4503415;Chr1:4534439;Chr1:4591639	Chr1:4506068	TRUE	TRUE	TRUE	1	1	FALSE	FALSE	3	3	3	1	2	4
bgs_V0.5_c1_rep8_env3	lfmm_simes	Chr1	4443473	4502390	3	1	Chr1:4443473;Chr1:4446743;Chr1:4502390	Chr1:4443473	Chr1:4506068	TRUE	FALSE	FALSE	0	0	FALSE	FALSE	1	1	3	1	2	4
bgs_V0.5_c1_rep8_env3	lfmm_simes	Chr1	4665436	4756727	18	3	Chr1:4665436;Chr1:4669608;Chr1:4671332;Chr1:4672522;Chr1:4676604;Chr1:4686515;Chr1:4693837;Chr1:4702139;Chr1:4703902;Chr1:4703913;Chr1:4711983;Chr1:4716747;Chr1:4717188;Chr1:4728412;Chr1:4737047;Chr1:4750700;Chr1:4753234;Chr1:4756727	Chr1:4686515;Chr1:4717188;Chr1:4750700	""	FALSE	TRUE	TRUE	1	1	FALSE	FALSE	3	3	3	1	2	4
bgs_V0.5_c1_rep8_env3	lfmm_simes	Chr1	4924314	4934264	2	1	Chr1:4924314;Chr1:4934264	Chr1:4924314	""	FALSE	TRUE	FALSE	1	0	FALSE	FALSE	2	2	2	1	2	4
bgs_V0.5_c1_rep8_env3	lfmm_simes	Chr1	5060479	5060688	2	1	Chr1:5060479;Chr1:5060688	Chr1:5060479	""	FALSE	TRUE	FALSE	1	0	FALSE	FALSE	2	2	2	1	2	4
bgs_V0.5_c1_rep8_env3	lfmm_simes	Chr1	5078974	5080328	2	1	Chr1:5078974;Chr1:5080328	Chr1:5078974	""	FALSE	TRUE	FALSE	1	0	FALSE	FALSE	2	2	2	1	2	4
bgs_V0.5_c1_rep8_env3	lfmm_simes	Chr1	12650803	12661490	2	1	Chr1:12650803;Chr1:12661490	Chr1:12650803	""	FALSE	TRUE	FALSE	1	0	FALSE	FALSE	2	2	2	1	2	4
bgs_V0.5_c1_rep8_env3	lfmm_simes	Chr1	12679765	12686741	2	1	Chr1:12679765;Chr1:12686741	Chr1:12679765	""	FALSE	TRUE	FALSE	1	0	FALSE	FALSE	2	2	2	1	2	4
bgs_V0.5_c1_rep8_env3	lfmm_simes	Chr1	16444948	16452775	3	1	Chr1:16444948;Chr1:16446067;Chr1:16452775	Chr1:16452775	""	FALSE	FALSE	FALSE	0	0	FALSE	FALSE	1	1	1	1	2	4
bgs_V0.5_c1_rep8_env4	emmax_consensus	Chr1	4499677	4568403	16	2	Chr1:4499677;Chr1:4500343;Chr1:4500724;Chr1:4503415;Chr1:4506068;Chr1:4507196;Chr1:4508310;Chr1:4511354;Chr1:4512705;Chr1:4513732;Chr1:4515950;Chr1:4517393;Chr1:4534439;Chr1:4563410;Chr1:4567979;Chr1:4568403	Chr1:4511354;Chr1:4568403	Chr1:4506068	TRUE	TRUE	TRUE	1	1	FALSE	FALSE	3	3	3	1	2	4
bgs_V0.5_c1_rep8_env4	emmax_consensus	Chr1	12314088	12321771	3	1	Chr1:12314088;Chr1:12314185;Chr1:12321771	Chr1:12321771	""	FALSE	FALSE	FALSE	0	0	FALSE	FALSE	1	1	1	1	2	4
bgs_V0.5_c1_rep8_env4	emmax_simes	Chr1	4499677	4568403	16	2	Chr1:4499677;Chr1:4500343;Chr1:4500724;Chr1:4503415;Chr1:4506068;Chr1:4507196;Chr1:4508310;Chr1:4511354;Chr1:4512705;Chr1:4513732;Chr1:4515950;Chr1:4517393;Chr1:4534439;Chr1:4563410;Chr1:4567979;Chr1:4568403	Chr1:4511354;Chr1:4568403	Chr1:4506068	TRUE	TRUE	TRUE	1	1	FALSE	FALSE	3	3	3	1	2	4
bgs_V0.5_c1_rep8_env4	emmax_simes	Chr1	4600858	4623726	5	1	Chr1:4600858;Chr1:4605277;Chr1:4608563;Chr1:4614884;Chr1:4623726	Chr1:4605277	""	FALSE	FALSE	TRUE	0	1	FALSE	FALSE	2	2	2	1	2	4
bgs_V0.5_c1_rep8_env4	emmax_simes	Chr1	12314088	12321771	3	1	Chr1:12314088;Chr1:12314185;Chr1:12321771	Chr1:12321771	""	FALSE	FALSE	FALSE	0	0	FALSE	FALSE	1	1	1	1	2	4
bgs_V0.5_c1_rep8_env4	emmax_simes	Chr1	16121500	16125184	3	1	Chr1:16121500;Chr1:16124009;Chr1:16125184	Chr1:16124009	""	FALSE	FALSE	FALSE	0	0	FALSE	FALSE	1	1	1	1	2	4
bgs_V0.5_c1_rep8_env4	lfmm_simes	Chr1	4499677	4568403	16	2	Chr1:4499677;Chr1:4500343;Chr1:4500724;Chr1:4503415;Chr1:4506068;Chr1:4507196;Chr1:4508310;Chr1:4511354;Chr1:4512705;Chr1:4513732;Chr1:4515950;Chr1:4517393;Chr1:4534439;Chr1:4563410;Chr1:4567979;Chr1:4568403	Chr1:4511354;Chr1:4568403	Chr1:4506068	TRUE	TRUE	TRUE	1	1	FALSE	FALSE	3	3	3	1	2	4
bgs_V0.5_c1_rep8_env4	lfmm_simes	Chr1	4600858	4623726	5	1	Chr1:4600858;Chr1:4605277;Chr1:4608563;Chr1:4614884;Chr1:4623726	Chr1:4605277	""	FALSE	FALSE	TRUE	0	1	FALSE	FALSE	2	2	2	1	2	4
bgs_V0.5_c1_rep8_env4	lfmm_simes	Chr1	4627112	4630711	2	1	Chr1:4627112;Chr1:4630711	Chr1:4627112	""	FALSE	FALSE	FALSE	0	0	FALSE	FALSE	1	1	2	1	2	4
bgs_V0.5_c1_rep8_env4	lfmm_simes	Chr1	4667314	4682228	6	1	Chr1:4667314;Chr1:4670858;Chr1:4671898;Chr1:4672899;Chr1:4681842;Chr1:4682228	Chr1:4670858	""	FALSE	FALSE	TRUE	0	1	FALSE	FALSE	2	2	2	1	2	4
bgs_V0.5_c1_rep8_env4	lfmm_simes	Chr1	4815066	4821549	2	1	Chr1:4815066;Chr1:4821549	Chr1:4815066	""	FALSE	FALSE	FALSE	0	0	FALSE	FALSE	1	1	1	1	2	4
bgs_V0.5_c1_rep8_env4	lfmm_simes	Chr1	12314088	12321771	3	1	Chr1:12314088;Chr1:12314185;Chr1:12321771	Chr1:12321771	""	FALSE	FALSE	FALSE	0	0	FALSE	FALSE	1	1	1	1	2	4
bgs_V0.5_c1_rep8_env4	lfmm_simes	Chr1	14051030	14066964	6	1	Chr1:14051030;Chr1:14052427;Chr1:14057208;Chr1:14065661;Chr1:14066495;Chr1:14066964	Chr1:14051030	""	FALSE	FALSE	TRUE	0	1	FALSE	FALSE	2	2	2	1	2	4
bgs_V0.5_c1_rep8_env5	emmax_consensus	Chr1	4161651	4162869	2	1	Chr1:4161651;Chr1:4162869	Chr1:4161651	""	FALSE	FALSE	FALSE	0	0	FALSE	FALSE	1	1	1	1	2	4
bgs_V0.5_c1_rep8_env5	emmax_consensus	Chr1	4808145	5669601	32	2	Chr1:4808145;Chr1:4817393;Chr1:4819761;Chr1:4819839;Chr1:4825066;Chr1:4827758;Chr1:4839263;Chr1:4840884;Chr1:4841873;Chr1:4845785;Chr1:4857571;Chr1:4862075;Chr1:4867333;Chr1:4879284;Chr1:4880595;Chr1:4883204;Chr1:4895433;Chr1:4895809;Chr1:4896622;Chr1:4900750;Chr1:4901700;Chr1:4906493;Chr1:4907830;Chr1:4918433;Chr1:4923939;Chr1:5183561;Chr1:5669601;Chr1:4829838;Chr1:4832513;Chr1:4859036;Chr1:4891788;Chr1:4892866	Chr1:4862075;Chr1:4891788	Chr1:4906493;Chr1:5669601	TRUE	TRUE	TRUE	1	1	FALSE	FALSE	3	3	3	1	2	4
bgs_V0.5_c1_rep8_env5	emmax_consensus	Chr1	5060479	5171876	11	2	Chr1:5060479;Chr1:5060688;Chr1:5078974;Chr1:5080328;Chr1:5121698;Chr1:5123232;Chr1:5134528;Chr1:5137275;Chr1:5158251;Chr1:5166097;Chr1:5171876	Chr1:5078974;Chr1:5171876	""	FALSE	TRUE	TRUE	1	1	FALSE	FALSE	3	3	3	1	2	4
bgs_V0.5_c1_rep8_env5	emmax_consensus	Chr1	5329779	5331252	2	1	Chr1:5329779;Chr1:5331252	Chr1:5329779	""	FALSE	TRUE	FALSE	1	0	FALSE	FALSE	2	2	3	1	2	4
bgs_V0.5_c1_rep8_env5	emmax_consensus	Chr1	5537991	5652256	4	1	Chr1:5537991;Chr1:5543724;Chr1:5647742;Chr1:5652256	Chr1:5652256	Chr1:5669601	TRUE	TRUE	TRUE	1	1	FALSE	FALSE	3	3	3	1	2	4
bgs_V0.5_c1_rep8_env5	emmax_simes	Chr1	4098038	4110421	2	1	Chr1:4098038;Chr1:4110421	Chr1:4098038	""	FALSE	FALSE	FALSE	0	0	FALSE	FALSE	1	1	1	1	2	4
bgs_V0.5_c1_rep8_env5	emmax_simes	Chr1	4161651	4162869	2	1	Chr1:4161651;Chr1:4162869	Chr1:4161651	""	FALSE	FALSE	FALSE	0	0	FALSE	FALSE	1	1	1	1	2	4
bgs_V0.5_c1_rep8_env5	emmax_simes	Chr1	4808145	5669601	32	2	Chr1:4808145;Chr1:4817393;Chr1:4819761;Chr1:4819839;Chr1:4825066;Chr1:4827758;Chr1:4839263;Chr1:4840884;Chr1:4841873;Chr1:4845785;Chr1:4857571;Chr1:4862075;Chr1:4867333;Chr1:4879284;Chr1:4880595;Chr1:4883204;Chr1:4895433;Chr1:4895809;Chr1:4896622;Chr1:4900750;Chr1:4901700;Chr1:4906493;Chr1:4907830;Chr1:4918433;Chr1:4923939;Chr1:5183561;Chr1:5669601;Chr1:4829838;Chr1:4832513;Chr1:4859036;Chr1:4891788;Chr1:4892866	Chr1:4862075;Chr1:4891788	Chr1:4906493;Chr1:5669601	TRUE	TRUE	TRUE	1	1	FALSE	FALSE	3	3	3	1	2	4
bgs_V0.5_c1_rep8_env5	emmax_simes	Chr1	5060479	5171876	11	2	Chr1:5060479;Chr1:5060688;Chr1:5078974;Chr1:5080328;Chr1:5121698;Chr1:5123232;Chr1:5134528;Chr1:5137275;Chr1:5158251;Chr1:5166097;Chr1:5171876	Chr1:5078974;Chr1:5171876	""	FALSE	TRUE	TRUE	1	1	FALSE	FALSE	3	3	3	1	2	4
bgs_V0.5_c1_rep8_env5	emmax_simes	Chr1	5329779	5331252	2	1	Chr1:5329779;Chr1:5331252	Chr1:5329779	""	FALSE	FALSE	FALSE	0	0	FALSE	FALSE	1	1	3	1	2	4
bgs_V0.5_c1_rep8_env5	lfmm_simes	Chr1	4098038	4110421	2	1	Chr1:4098038;Chr1:4110421	Chr1:4098038	""	FALSE	TRUE	FALSE	1	0	FALSE	FALSE	2	2	2	1	2	4
bgs_V0.5_c1_rep8_env5	lfmm_simes	Chr1	4728412	5669601	52	6	Chr1:4728412;Chr1:4730048;Chr1:4798108;Chr1:4808145;Chr1:4817393;Chr1:4819761;Chr1:4819839;Chr1:4825066;Chr1:4827758;Chr1:4839263;Chr1:4840884;Chr1:4841873;Chr1:4845785;Chr1:4857571;Chr1:4862075;Chr1:4867333;Chr1:4879284;Chr1:4880595;Chr1:4883204;Chr1:4895433;Chr1:4895809;Chr1:4896622;Chr1:4900750;Chr1:4901700;Chr1:4906493;Chr1:4907830;Chr1:4918433;Chr1:4923939;Chr1:5183561;Chr1:5669601;Chr1:4829838;Chr1:4832513;Chr1:4859036;Chr1:4891788;Chr1:4892866;Chr1:4937350;Chr1:4946307;Chr1:4947320;Chr1:4957324;Chr1:4960299;Chr1:4971831;Chr1:5060479;Chr1:5060688;Chr1:5078974;Chr1:5080328;Chr1:5121698;Chr1:5123232;Chr1:5134528;Chr1:5137275;Chr1:5158251;Chr1:5166097;Chr1:5171876	Chr1:4728412;Chr1:4862075;Chr1:4891788;Chr1:4957324;Chr1:5078974;Chr1:5171876	Chr1:4906493;Chr1:5669601	TRUE	TRUE	TRUE	1	1	FALSE	FALSE	3	3	3	1	2	4
bgs_V0.5_c1_rep8_env5	lfmm_simes	Chr1	5537991	5663781	7	2	Chr1:5537991;Chr1:5543724;Chr1:5647742;Chr1:5652256;Chr1:5661306;Chr1:5663709;Chr1:5663781	Chr1:5652256;Chr1:5663709	Chr1:5669601	TRUE	FALSE	TRUE	0	1	FALSE	FALSE	2	2	3	1	2	4
bgs_V0.5_c1_rep8_env6	emmax_consensus	Chr1	4772180	4785855	5	1	Chr1:4772180;Chr1:4774672;Chr1:4775891;Chr1:4776618;Chr1:4785855	Chr1:4772180	""	FALSE	FALSE	TRUE	0	1	FALSE	FALSE	2	2	2	1	2	4
bgs_V0.5_c1_rep8_env6	emmax_consensus	Chr1	4808145	5080328	36	8	Chr1:4808145;Chr1:4817393;Chr1:4819761;Chr1:4819839;Chr1:4825066;Chr1:4827758;Chr1:4839263;Chr1:4840884;Chr1:4841873;Chr1:4845785;Chr1:4857571;Chr1:4862075;Chr1:4867333;Chr1:4883204;Chr1:4891788;Chr1:4892866;Chr1:4895433;Chr1:4895809;Chr1:4896622;Chr1:4906493;Chr1:4907830;Chr1:4859036;Chr1:4879284;Chr1:4880595;Chr1:4918433;Chr1:4923939;Chr1:4937350;Chr1:4946307;Chr1:4957324;Chr1:5007307;Chr1:5010757;Chr1:5025002;Chr1:5060479;Chr1:5060688;Chr1:5078974;Chr1:5080328	Chr1:4808145;Chr1:4819761;Chr1:4906493;Chr1:4879284;Chr1:4923939;Chr1:4946307;Chr1:5007307;Chr1:5060688	Chr1:4906493	TRUE	TRUE	TRUE	1	2	FALSE	FALSE	3	3	3	1	2	4
bgs_V0.5_c1_rep8_env6	emmax_consensus	Chr1	5251000	5276473	6	1	Chr1:5251000;Chr1:5259949;Chr1:5267202;Chr1:5269602;Chr1:5272273;Chr1:5276473	Chr1:5269602	""	FALSE	FALSE	TRUE	0	1	FALSE	FALSE	2	2	2	1	2	4
bgs_V0.5_c1_rep8_env6	emmax_consensus	Chr1	7547572	7678305	11	3	Chr1:7547572;Chr1:7572583;Chr1:7599547;Chr1:7636050;Chr1:7632473;Chr1:7641080;Chr1:7649820;Chr1:7651474;Chr1:7662745;Chr1:7663931;Chr1:7678305	Chr1:7599547;Chr1:7632473;Chr1:7662745	Chr1:7636050	TRUE	TRUE	TRUE	1	1	FALSE	FALSE	3	3	3	1	2	4
bgs_V0.5_c1_rep8_env6	emmax_consensus	Chr1	7975526	8161108	2	1	Chr1:7975526;Chr1:8161108	Chr1:7975526	""	FALSE	FALSE	FALSE	0	0	FALSE	FALSE	1	1	1	1	2	4
bgs_V0.5_c1_rep8_env6	emmax_consensus	Chr1	14034063	14034783	2	1	Chr1:14034063;Chr1:14034783	Chr1:14034063	""	FALSE	TRUE	FALSE	1	0	FALSE	FALSE	2	2	2	1	2	4
bgs_V0.5_c1_rep8_env6	emmax_consensus	Chr1	18700897	18703024	2	1	Chr1:18700897;Chr1:18703024	Chr1:18700897	Chr1:18646541	TRUE	FALSE	FALSE	0	0	FALSE	FALSE	1	1	1	1	2	4
bgs_V0.5_c1_rep8_env6	emmax_consensus	Chr2	9063441	9100916	2	1	Chr2:9063441;Chr2:9100916	Chr2:9063441	""	FALSE	FALSE	FALSE	0	0	FALSE	FALSE	1	1	1	1	2	4
bgs_V0.5_c1_rep8_env6	emmax_consensus	Chr2	13974329	13982085	2	1	Chr2:13974329;Chr2:13982085	Chr2:13974329	""	FALSE	TRUE	FALSE	1	0	FALSE	FALSE	2	2	2	1	2	4
bgs_V0.5_c1_rep8_env6	emmax_simes	Chr1	1812771	1817316	2	1	Chr1:1812771;Chr1:1817316	Chr1:1812771	""	FALSE	FALSE	FALSE	0	0	FALSE	FALSE	1	1	1	1	2	4
bgs_V0.5_c1_rep8_env6	emmax_simes	Chr1	4808145	5080328	32	6	Chr1:4808145;Chr1:4817393;Chr1:4819761;Chr1:4819839;Chr1:4825066;Chr1:4827758;Chr1:4839263;Chr1:4840884;Chr1:4841873;Chr1:4845785;Chr1:4857571;Chr1:4862075;Chr1:4867333;Chr1:4883204;Chr1:4891788;Chr1:4892866;Chr1:4895433;Chr1:4895809;Chr1:4896622;Chr1:4906493;Chr1:4907830;Chr1:4859036;Chr1:4879284;Chr1:4880595;Chr1:4918433;Chr1:4923939;Chr1:4937350;Chr1:5025002;Chr1:5060479;Chr1:5060688;Chr1:5078974;Chr1:5080328	Chr1:4808145;Chr1:4819761;Chr1:4906493;Chr1:4879284;Chr1:4923939;Chr1:5060688	Chr1:4906493	TRUE	TRUE	TRUE	1	2	FALSE	FALSE	3	3	3	1	2	4
bgs_V0.5_c1_rep8_env6	emmax_simes	Chr1	5251000	5276473	6	1	Chr1:5251000;Chr1:5259949;Chr1:5267202;Chr1:5269602;Chr1:5272273;Chr1:5276473	Chr1:5269602	""	FALSE	TRUE	TRUE	1	1	FALSE	FALSE	3	3	3	1	2	4
bgs_V0.5_c1_rep8_env6	emmax_simes	Chr1	5316897	5346161	3	1	Chr1:5316897;Chr1:5343255;Chr1:5346161	Chr1:5343255	""	FALSE	FALSE	FALSE	0	0	FALSE	FALSE	1	1	1	1	2	4
bgs_V0.5_c1_rep8_env6	emmax_simes	Chr1	7447959	7651474	13	3	Chr1:7447959;Chr1:7498662;Chr1:7511317;Chr1:7530472;Chr1:7538083;Chr1:7547572;Chr1:7572583;Chr1:7599547;Chr1:7636050;Chr1:7632473;Chr1:7641080;Chr1:7649820;Chr1:7651474	Chr1:7511317;Chr1:7599547;Chr1:7632473	Chr1:7636050	TRUE	TRUE	TRUE	1	1	FALSE	FALSE	3	3	3	1	2	4
bgs_V0.5_c1_rep8_env6	emmax_simes	Chr1	7975526	8161108	2	1	Chr1:7975526;Chr1:8161108	Chr1:7975526	""	FALSE	TRUE	FALSE	1	0	FALSE	FALSE	2	2	2	1	2	4
bgs_V0.5_c1_rep8_env6	emmax_simes	Chr1	14034063	14034783	2	1	Chr1:14034063;Chr1:14034783	Chr1:14034063	""	FALSE	TRUE	FALSE	1	0	FALSE	FALSE	2	2	2	1	2	4
bgs_V0.5_c1_rep8_env6	emmax_simes	Chr2	9063441	9100916	2	1	Chr2:9063441;Chr2:9100916	Chr2:9063441	""	FALSE	FALSE	FALSE	0	0	FALSE	FALSE	1	1	1	1	2	4
bgs_V0.5_c1_rep8_env6	emmax_simes	Chr2	13974329	13982085	2	1	Chr2:13974329;Chr2:13982085	Chr2:13974329	""	FALSE	FALSE	FALSE	0	0	FALSE	FALSE	1	1	1	1	2	4
bgs_V0.5_c1_rep8_env6	lfmm_simes	Chr1	4808145	5080328	34	7	Chr1:4808145;Chr1:4817393;Chr1:4819761;Chr1:4819839;Chr1:4825066;Chr1:4827758;Chr1:4839263;Chr1:4840884;Chr1:4841873;Chr1:4845785;Chr1:4857571;Chr1:4862075;Chr1:4867333;Chr1:4883204;Chr1:4891788;Chr1:4892866;Chr1:4895433;Chr1:4895809;Chr1:4896622;Chr1:4906493;Chr1:4907830;Chr1:4859036;Chr1:4879284;Chr1:4880595;Chr1:4918433;Chr1:4923939;Chr1:4937350;Chr1:5007307;Chr1:5010757;Chr1:5025002;Chr1:5060479;Chr1:5060688;Chr1:5078974;Chr1:5080328	Chr1:4808145;Chr1:4819761;Chr1:4906493;Chr1:4879284;Chr1:4923939;Chr1:5007307;Chr1:5060688	Chr1:4906493	TRUE	TRUE	TRUE	1	2	FALSE	FALSE	3	3	3	1	2	4
bgs_V0.5_c1_rep8_env6	lfmm_simes	Chr1	5251000	5284517	8	2	Chr1:5251000;Chr1:5259949;Chr1:5267202;Chr1:5269602;Chr1:5272273;Chr1:5276473;Chr1:5284145;Chr1:5284517	Chr1:5269602;Chr1:5284145	""	FALSE	TRUE	TRUE	1	1	FALSE	FALSE	3	3	3	1	2	4
bgs_V0.5_c1_rep8_env6	lfmm_simes	Chr1	5316897	5346161	3	1	Chr1:5316897;Chr1:5343255;Chr1:5346161	Chr1:5343255	""	FALSE	FALSE	FALSE	0	0	FALSE	FALSE	1	1	1	1	2	4
bgs_V0.5_c1_rep8_env6	lfmm_simes	Chr1	7447959	7651474	17	4	Chr1:7447959;Chr1:7498662;Chr1:7511317;Chr1:7530472;Chr1:7538083;Chr1:7547572;Chr1:7572583;Chr1:7599547;Chr1:7636050;Chr1:7613393;Chr1:7614830;Chr1:7620445;Chr1:7621746;Chr1:7632473;Chr1:7641080;Chr1:7649820;Chr1:7651474	Chr1:7511317;Chr1:7599547;Chr1:7620445;Chr1:7632473	Chr1:7636050	TRUE	TRUE	TRUE	1	1	FALSE	FALSE	3	3	3	1	2	4
bgs_V0.5_c1_rep8_env6	lfmm_simes	Chr1	7662745	7678305	3	1	Chr1:7662745;Chr1:7663931;Chr1:7678305	Chr1:7662745	Chr1:7636050	TRUE	FALSE	FALSE	0	0	FALSE	FALSE	1	1	1	1	2	4
bgs_V0.5_c1_rep8_env6	lfmm_simes	Chr1	7975526	8161108	2	1	Chr1:7975526;Chr1:8161108	Chr1:7975526	""	FALSE	TRUE	FALSE	1	0	FALSE	FALSE	2	2	2	1	2	4
bgs_V0.5_c1_rep8_env6	lfmm_simes	Chr1	9109736	9215560	3	1	Chr1:9109736;Chr1:9178223;Chr1:9215560	Chr1:9109736	""	FALSE	FALSE	FALSE	0	0	FALSE	FALSE	1	1	1	1	2	4
bgs_V0.5_c1_rep8_env6	lfmm_simes	Chr1	18568542	18573587	3	1	Chr1:18568542;Chr1:18568755;Chr1:18573587	Chr1:18568542	""	FALSE	FALSE	FALSE	0	0	FALSE	FALSE	1	1	1	1	2	4
bgs_V0.5_c1_rep8_env6	lfmm_simes	Chr1	18641626	18703024	17	2	Chr1:18641626;Chr1:18642524;Chr1:18646541;Chr1:18648167;Chr1:18653732;Chr1:18655847;Chr1:18665521;Chr1:18665603;Chr1:18674289;Chr1:18674844;Chr1:18680227;Chr1:18681012;Chr1:18682207;Chr1:18683262;Chr1:18683693;Chr1:18700897;Chr1:18703024	Chr1:18683693;Chr1:18700897	Chr1:18646541	TRUE	TRUE	TRUE	1	1	FALSE	FALSE	3	3	3	1	2	4
bgs_V0.5_c1_rep8_env6	lfmm_simes	Chr1	18723438	18723696	2	1	Chr1:18723438;Chr1:18723696	Chr1:18723438	Chr1:18646541	TRUE	FALSE	FALSE	0	0	FALSE	FALSE	1	1	1	1	2	4
bgs_V0.5_c1_rep8_env6	lfmm_simes	Chr2	13974329	13982085	2	1	Chr2:13974329;Chr2:13982085	Chr2:13974329	""	FALSE	TRUE	FALSE	1	0	FALSE	FALSE	2	2	2	1	2	4
bgs_V0.5_c1_rep8_env6	lfmm_simes	Chr2	17567386	17568475	2	1	Chr2:17567386;Chr2:17568475	Chr2:17567386	""	FALSE	FALSE	FALSE	0	0	FALSE	FALSE	1	1	1	1	2	4
bgs_V0.5_c1_rep8_env7	emmax_consensus	Chr1	3845437	3853294	2	1	Chr1:3845437;Chr1:3853294	Chr1:3845437	""	FALSE	FALSE	FALSE	0	0	FALSE	FALSE	1	1	1	1	2	4
bgs_V0.5_c1_rep8_env7	emmax_consensus	Chr1	4427178	4429705	3	1	Chr1:4427178;Chr1:4427441;Chr1:4429705	Chr1:4427178	""	FALSE	TRUE	FALSE	1	0	FALSE	FALSE	2	2	2	1	2	4
bgs_V0.5_c1_rep8_env7	emmax_consensus	Chr1	7444163	7467267	4	1	Chr1:7444163;Chr1:7449917;Chr1:7462077;Chr1:7467267	Chr1:7462077	""	FALSE	FALSE	TRUE	0	1	FALSE	FALSE	2	2	2	1	2	4
bgs_V0.5_c1_rep8_env7	emmax_consensus	Chr1	7532803	7627736	15	1	Chr1:7532803;Chr1:7535745;Chr1:7543246;Chr1:7543898;Chr1:7545304;Chr1:7558132;Chr1:7558973;Chr1:7560264;Chr1:7575519;Chr1:7609362;Chr1:7610583;Chr1:7611277;Chr1:7613825;Chr1:7622412;Chr1:7627736	Chr1:7575519	Chr1:7560264	TRUE	TRUE	TRUE	1	1	FALSE	FALSE	3	3	3	1	2	4
bgs_V0.5_c1_rep8_env7	emmax_simes	Chr1	4427178	4429705	3	1	Chr1:4427178;Chr1:4427441;Chr1:4429705	Chr1:4427178	""	FALSE	TRUE	FALSE	1	0	FALSE	FALSE	2	2	2	1	2	4
bgs_V0.5_c1_rep8_env7	emmax_simes	Chr1	7444163	7467267	4	1	Chr1:7444163;Chr1:7449917;Chr1:7462077;Chr1:7467267	Chr1:7462077	""	FALSE	FALSE	TRUE	0	1	FALSE	FALSE	2	2	2	1	2	4
bgs_V0.5_c1_rep8_env7	emmax_simes	Chr1	7532803	7627736	15	1	Chr1:7532803;Chr1:7535745;Chr1:7543246;Chr1:7543898;Chr1:7545304;Chr1:7558132;Chr1:7558973;Chr1:7560264;Chr1:7575519;Chr1:7609362;Chr1:7610583;Chr1:7611277;Chr1:7613825;Chr1:7622412;Chr1:7627736	Chr1:7575519	Chr1:7560264	TRUE	TRUE	TRUE	1	1	FALSE	FALSE	3	3	3	1	2	4
bgs_V0.5_c1_rep8_env7	lfmm_simes	Chr1	3845437	3853294	2	1	Chr1:3845437;Chr1:3853294	Chr1:3845437	""	FALSE	FALSE	FALSE	0	0	FALSE	FALSE	1	1	1	1	2	4
bgs_V0.5_c1_rep8_env7	lfmm_simes	Chr1	7532803	7627736	15	1	Chr1:7532803;Chr1:7535745;Chr1:7543246;Chr1:7543898;Chr1:7545304;Chr1:7558132;Chr1:7558973;Chr1:7560264;Chr1:7575519;Chr1:7609362;Chr1:7610583;Chr1:7611277;Chr1:7613825;Chr1:7622412;Chr1:7627736	Chr1:7575519	Chr1:7560264	TRUE	TRUE	TRUE	1	1	FALSE	FALSE	3	3	3	1	2	4
bgs_V0.5_c1_rep8_env8	emmax_consensus	Chr1	12219124	12649887	28	1	Chr1:12219124;Chr1:12230180;Chr1:12245473;Chr1:12254201;Chr1:12283180;Chr1:12292839;Chr1:12310628;Chr1:12370604;Chr1:12379099;Chr1:12410639;Chr1:12423425;Chr1:12424902;Chr1:12454196;Chr1:12454516;Chr1:12460877;Chr1:12471809;Chr1:12484395;Chr1:12499416;Chr1:12518120;Chr1:12538818;Chr1:12552660;Chr1:12560553;Chr1:12569681;Chr1:12618128;Chr1:12632625;Chr1:12634268;Chr1:12641846;Chr1:12649887	Chr1:12471809	Chr1:12423425	TRUE	FALSE	TRUE	0	1	FALSE	FALSE	2	2	2	1	2	4
bgs_V0.5_c1_rep8_env8	lfmm_simes	Chr1	12219124	12649887	28	1	Chr1:12219124;Chr1:12230180;Chr1:12245473;Chr1:12254201;Chr1:12283180;Chr1:12292839;Chr1:12310628;Chr1:12370604;Chr1:12379099;Chr1:12410639;Chr1:12423425;Chr1:12424902;Chr1:12454196;Chr1:12454516;Chr1:12460877;Chr1:12471809;Chr1:12484395;Chr1:12499416;Chr1:12518120;Chr1:12538818;Chr1:12552660;Chr1:12560553;Chr1:12569681;Chr1:12618128;Chr1:12632625;Chr1:12634268;Chr1:12641846;Chr1:12649887	Chr1:12471809	Chr1:12423425	TRUE	TRUE	TRUE	1	1	FALSE	FALSE	3	3	3	1	2	4
bgs_V0.5_c1_rep8_env8	lfmm_simes	Chr2	18939564	18940829	3	1	Chr2:18939564;Chr2:18940327;Chr2:18940829	Chr2:18940327	""	FALSE	TRUE	FALSE	1	0	FALSE	FALSE	2	2	2	1	2	4
bgs_V0.5_c1_rep8_env9	emmax_consensus	Chr1	4857571	4937350	19	2	Chr1:4857571;Chr1:4862075;Chr1:4867333;Chr1:4879284;Chr1:4880595;Chr1:4883204;Chr1:4891788;Chr1:4892866;Chr1:4895433;Chr1:4895809;Chr1:4896622;Chr1:4906493;Chr1:4918433;Chr1:4923939;Chr1:4937350;Chr1:4875592;Chr1:4900750;Chr1:4901700;Chr1:4907830	Chr1:4862075;Chr1:4900750	Chr1:4906493	TRUE	FALSE	TRUE	0	1	FALSE	FALSE	2	2	2	1	2	4
bgs_V0.5_c1_rep8_env9	emmax_simes	Chr1	4857571	4937350	15	1	Chr1:4857571;Chr1:4862075;Chr1:4867333;Chr1:4879284;Chr1:4880595;Chr1:4883204;Chr1:4891788;Chr1:4892866;Chr1:4895433;Chr1:4895809;Chr1:4896622;Chr1:4906493;Chr1:4918433;Chr1:4923939;Chr1:4937350	Chr1:4862075	Chr1:4906493	TRUE	TRUE	TRUE	1	1	FALSE	FALSE	3	3	3	1	2	4
bgs_V0.5_c1_rep8_env9	lfmm_simes	Chr1	4825066	4937350	27	4	Chr1:4825066;Chr1:4827758;Chr1:4839263;Chr1:4840884;Chr1:4841873;Chr1:4845785;Chr1:4849264;Chr1:4850037;Chr1:4857571;Chr1:4862075;Chr1:4867333;Chr1:4879284;Chr1:4880595;Chr1:4883204;Chr1:4891788;Chr1:4892866;Chr1:4895433;Chr1:4895809;Chr1:4896622;Chr1:4906493;Chr1:4918433;Chr1:4923939;Chr1:4937350;Chr1:4875592;Chr1:4900750;Chr1:4901700;Chr1:4907830	Chr1:4839263;Chr1:4849264;Chr1:4862075;Chr1:4900750	Chr1:4906493	TRUE	TRUE	TRUE	2	1	FALSE	FALSE	3	3	3	1	2	4
bgs_V0.5_c1_rep8_env9	lfmm_simes	Chr1	4929565	4941270	2	1	Chr1:4929565;Chr1:4941270	Chr1:4929565	Chr1:4906493	TRUE	FALSE	FALSE	0	0	FALSE	FALSE	1	1	3	1	2	4
bgs_V0.5_c1_rep9_env1	emmax_consensus	Chr1	11546400	11611758	6	1	Chr1:11546400;Chr1:11557176;Chr1:11562293;Chr1:11572964;Chr1:11580357;Chr1:11611758	Chr1:11562293	Chr1:11546400	TRUE	FALSE	TRUE	0	1	FALSE	FALSE	2	2	2	1	2	4
bgs_V0.5_c1_rep9_env1	emmax_simes	Chr1	11546400	11611758	6	1	Chr1:11546400;Chr1:11557176;Chr1:11562293;Chr1:11572964;Chr1:11580357;Chr1:11611758	Chr1:11562293	Chr1:11546400	TRUE	TRUE	TRUE	1	1	FALSE	FALSE	3	3	3	1	2	4
bgs_V0.5_c1_rep9_env1	lfmm_simes	Chr1	11546400	11611758	6	1	Chr1:11546400;Chr1:11557176;Chr1:11562293;Chr1:11572964;Chr1:11580357;Chr1:11611758	Chr1:11562293	Chr1:11546400	TRUE	TRUE	TRUE	1	1	FALSE	FALSE	3	3	3	1	2	4
bgs_V0.5_c1_rep9_env10	emmax_consensus	Chr1	3752215	4292106	61	4	Chr1:3752215;Chr1:3752291;Chr1:3753525;Chr1:3756167;Chr1:3756441;Chr1:3757527;Chr1:3758268;Chr1:3759167;Chr1:3759398;Chr1:3761995;Chr1:3769800;Chr1:3775062;Chr1:3775477;Chr1:3790634;Chr1:3803737;Chr1:3808604;Chr1:3815304;Chr1:3815607;Chr1:3821565;Chr1:3837577;Chr1:3866117;Chr1:3894358;Chr1:3978486;Chr1:3994472;Chr1:3822870;Chr1:3835749;Chr1:3837539;Chr1:3837686;Chr1:3845819;Chr1:3853902;Chr1:3854767;Chr1:3858613;Chr1:3860146;Chr1:3862620;Chr1:3863232;Chr1:3889949;Chr1:3890095;Chr1:3891553;Chr1:3897152;Chr1:3898135;Chr1:3900553;Chr1:3900615;Chr1:3903505;Chr1:3925346;Chr1:3932762;Chr1:3947485;Chr1:3962905;Chr1:3988421;Chr1:3993327;Chr1:4000665;Chr1:4003971;Chr1:4018704;Chr1:4034523;Chr1:4035454;Chr1:4037642;Chr1:3994825;Chr1:4001120;Chr1:4016724;Chr1:4032326;Chr1:4017331;Chr1:4292106	Chr1:3821565;Chr1:3898135;Chr1:4001120;Chr1:4017331	Chr1:3994472	TRUE	TRUE	TRUE	1	1	FALSE	FALSE	3	3	3	1	2	4
bgs_V0.5_c1_rep9_env10	emmax_consensus	Chr1	3815093	3852443	5	1	Chr1:3815093;Chr1:3818260;Chr1:3826012;Chr1:3844236;Chr1:3852443	Chr1:3826012	""	FALSE	FALSE	TRUE	0	1	FALSE	FALSE	2	2	3	1	2	4
bgs_V0.5_c1_rep9_env10	emmax_consensus	Chr1	4055486	4149942	13	1	Chr1:4055486;Chr1:4059577;Chr1:4072849;Chr1:4095727;Chr1:4098638;Chr1:4098771;Chr1:4100623;Chr1:4106655;Chr1:4110522;Chr1:4121032;Chr1:4130845;Chr1:4132478;Chr1:4149942	Chr1:4095727	Chr1:3994472	TRUE	FALSE	TRUE	0	1	FALSE	FALSE	2	2	3	1	2	4
bgs_V0.5_c1_rep9_env10	emmax_consensus	Chr1	11955026	11968320	4	1	Chr1:11955026;Chr1:11957131;Chr1:11962510;Chr1:11968320	Chr1:11955026	""	FALSE	TRUE	TRUE	1	1	FALSE	FALSE	3	3	3	1	2	4
bgs_V0.5_c1_rep9_env10	emmax_simes	Chr1	3752215	4292106	61	4	Chr1:3752215;Chr1:3752291;Chr1:3753525;Chr1:3756167;Chr1:3756441;Chr1:3757527;Chr1:3758268;Chr1:3759167;Chr1:3759398;Chr1:3761995;Chr1:3769800;Chr1:3775062;Chr1:3775477;Chr1:3790634;Chr1:3803737;Chr1:3808604;Chr1:3815304;Chr1:3815607;Chr1:3821565;Chr1:3837577;Chr1:3866117;Chr1:3894358;Chr1:3978486;Chr1:3994472;Chr1:3822870;Chr1:3835749;Chr1:3837539;Chr1:3837686;Chr1:3845819;Chr1:3853902;Chr1:3854767;Chr1:3858613;Chr1:3860146;Chr1:3862620;Chr1:3863232;Chr1:3889949;Chr1:3890095;Chr1:3891553;Chr1:3897152;Chr1:3898135;Chr1:3900553;Chr1:3900615;Chr1:3903505;Chr1:3925346;Chr1:3932762;Chr1:3947485;Chr1:3962905;Chr1:3988421;Chr1:3993327;Chr1:4000665;Chr1:4003971;Chr1:4018704;Chr1:4034523;Chr1:4035454;Chr1:4037642;Chr1:3994825;Chr1:4001120;Chr1:4016724;Chr1:4032326;Chr1:4017331;Chr1:4292106	Chr1:3821565;Chr1:3898135;Chr1:4001120;Chr1:4017331	Chr1:3994472	TRUE	TRUE	TRUE	1	1	FALSE	FALSE	3	3	3	1	2	4
bgs_V0.5_c1_rep9_env10	emmax_simes	Chr1	4055486	4149942	13	1	Chr1:4055486;Chr1:4059577;Chr1:4072849;Chr1:4095727;Chr1:4098638;Chr1:4098771;Chr1:4100623;Chr1:4106655;Chr1:4110522;Chr1:4121032;Chr1:4130845;Chr1:4132478;Chr1:4149942	Chr1:4095727	Chr1:3994472	TRUE	FALSE	TRUE	0	1	FALSE	FALSE	2	2	3	1	2	4
bgs_V0.5_c1_rep9_env10	emmax_simes	Chr1	11955026	11968320	4	1	Chr1:11955026;Chr1:11957131;Chr1:11962510;Chr1:11968320	Chr1:11955026	""	FALSE	TRUE	TRUE	1	1	FALSE	FALSE	3	3	3	1	2	4
bgs_V0.5_c1_rep9_env10	lfmm_simes	Chr1	3648592	4292106	90	9	Chr1:3648592;Chr1:3703964;Chr1:3712812;Chr1:3714607;Chr1:3716543;Chr1:3731395;Chr1:3700931;Chr1:3701103;Chr1:3752215;Chr1:3752291;Chr1:3753525;Chr1:3756167;Chr1:3756441;Chr1:3757527;Chr1:3758268;Chr1:3759167;Chr1:3759398;Chr1:3761995;Chr1:3769800;Chr1:3775062;Chr1:3775477;Chr1:3790634;Chr1:3803737;Chr1:3808604;Chr1:3815304;Chr1:3815607;Chr1:3821565;Chr1:3837577;Chr1:3866117;Chr1:3894358;Chr1:3978486;Chr1:3994472;Chr1:3815093;Chr1:3818260;Chr1:3826012;Chr1:3844236;Chr1:3852443;Chr1:3822870;Chr1:3835749;Chr1:3837539;Chr1:3837686;Chr1:3845819;Chr1:3853902;Chr1:3854767;Chr1:3858613;Chr1:3860146;Chr1:3862620;Chr1:3863232;Chr1:3889949;Chr1:3890095;Chr1:3891553;Chr1:3897152;Chr1:3898135;Chr1:3900553;Chr1:3900615;Chr1:3903505;Chr1:3925346;Chr1:3932762;Chr1:3947485;Chr1:3962905;Chr1:3988421;Chr1:3993327;Chr1:4000665;Chr1:4003971;Chr1:4018704;Chr1:4034523;Chr1:4035454;Chr1:4037642;Chr1:3916797;Chr1:3956038;Chr1:3966816;Chr1:3994825;Chr1:4001120;Chr1:4016724;Chr1:4032326;Chr1:4017331;Chr1:4292106;Chr1:4055486;Chr1:4059577;Chr1:4072849;Chr1:4095727;Chr1:4098638;Chr1:4098771;Chr1:4100623;Chr1:4106655;Chr1:4110522;Chr1:4121032;Chr1:4130845;Chr1:4132478;Chr1:4149942	Chr1:3703964;Chr1:3700931;Chr1:3821565;Chr1:3826012;Chr1:3898135;Chr1:3956038;Chr1:4001120;Chr1:4017331;Chr1:4095727	Chr1:3994472	TRUE	TRUE	TRUE	1	4	FALSE	FALSE	3	3	3	1	2	4
bgs_V0.5_c1_rep9_env10	lfmm_simes	Chr1	10351393	10363874	2	1	Chr1:10351393;Chr1:10363874	Chr1:10351393	""	FALSE	TRUE	FALSE	1	0	FALSE	FALSE	2	2	2	1	2	4
bgs_V0.5_c1_rep9_env10	lfmm_simes	Chr1	14369295	14387782	2	1	Chr1:14369295;Chr1:14387782	Chr1:14369295	""	FALSE	TRUE	FALSE	1	0	FALSE	FALSE	2	2	2	1	2	4
bgs_V0.5_c1_rep9_env2	emmax_consensus	Chr1	11500406	11642928	12	2	Chr1:11500406;Chr1:11542342;Chr1:11546400;Chr1:11565388;Chr1:11590260;Chr1:11591500;Chr1:11595104;Chr1:11615438;Chr1:11618997;Chr1:11622662;Chr1:11635175;Chr1:11642928	Chr1:11546400;Chr1:11622662	Chr1:11546400	TRUE	TRUE	TRUE	1	1	FALSE	FALSE	3	3	3	1	2	4
bgs_V0.5_c1_rep9_env2	emmax_consensus	Chr1	16900190	16959870	7	1	Chr1:16900190;Chr1:16910069;Chr1:16928617;Chr1:16941857;Chr1:16945725;Chr1:16959549;Chr1:16959870	Chr1:16910069	Chr1:16945725	TRUE	TRUE	TRUE	1	1	FALSE	FALSE	3	3	3	1	2	4
bgs_V0.5_c1_rep9_env2	emmax_simes	Chr1	10440793	10454004	3	1	Chr1:10440793;Chr1:10453417;Chr1:10454004	Chr1:10453417	""	FALSE	FALSE	FALSE	0	0	FALSE	FALSE	1	1	1	1	2	4
bgs_V0.5_c1_rep9_env2	emmax_simes	Chr1	11500406	11565388	4	1	Chr1:11500406;Chr1:11542342;Chr1:11546400;Chr1:11565388	Chr1:11546400	Chr1:11546400	TRUE	TRUE	TRUE	1	1	FALSE	FALSE	3	3	3	1	2	4
bgs_V0.5_c1_rep9_env2	emmax_simes	Chr1	16900190	16959870	7	1	Chr1:16900190;Chr1:16910069;Chr1:16928617;Chr1:16941857;Chr1:16945725;Chr1:16959549;Chr1:16959870	Chr1:16910069	Chr1:16945725	TRUE	TRUE	TRUE	1	1	FALSE	FALSE	3	3	3	1	2	4
bgs_V0.5_c1_rep9_env2	lfmm_simes	Chr1	11500406	11642928	12	2	Chr1:11500406;Chr1:11542342;Chr1:11546400;Chr1:11565388;Chr1:11590260;Chr1:11591500;Chr1:11595104;Chr1:11615438;Chr1:11618997;Chr1:11622662;Chr1:11635175;Chr1:11642928	Chr1:11546400;Chr1:11622662	Chr1:11546400	TRUE	TRUE	TRUE	1	1	FALSE	FALSE	3	3	3	1	2	4
bgs_V0.5_c1_rep9_env2	lfmm_simes	Chr1	16900190	16959870	7	1	Chr1:16900190;Chr1:16910069;Chr1:16928617;Chr1:16941857;Chr1:16945725;Chr1:16959549;Chr1:16959870	Chr1:16910069	Chr1:16945725	TRUE	TRUE	TRUE	1	1	FALSE	FALSE	3	3	3	1	2	4
bgs_V0.5_c1_rep9_env2	lfmm_simes	Chr1	17598672	17601209	3	1	Chr1:17598672;Chr1:17599269;Chr1:17601209	Chr1:17599269	""	FALSE	TRUE	FALSE	1	0	FALSE	FALSE	2	2	2	1	2	4
bgs_V0.5_c1_rep9_env3	emmax_consensus	Chr1	6023788	6101738	14	3	Chr1:6023788;Chr1:6036728;Chr1:6042218;Chr1:6048017;Chr1:6055016;Chr1:6055044;Chr1:6058488;Chr1:6061309;Chr1:6063187;Chr1:6064288;Chr1:6077587;Chr1:6079084;Chr1:6079485;Chr1:6101738	Chr1:6023788;Chr1:6042218;Chr1:6061309	Chr1:6055016	TRUE	TRUE	TRUE	1	1	FALSE	FALSE	3	3	3	1	2	4
bgs_V0.5_c1_rep9_env3	emmax_simes	Chr1	6042218	6101738	12	2	Chr1:6042218;Chr1:6048017;Chr1:6055016;Chr1:6055044;Chr1:6058488;Chr1:6061309;Chr1:6063187;Chr1:6064288;Chr1:6077587;Chr1:6079084;Chr1:6079485;Chr1:6101738	Chr1:6042218;Chr1:6061309	Chr1:6055016	TRUE	TRUE	TRUE	1	1	FALSE	FALSE	3	3	3	1	2	4
bgs_V0.5_c1_rep9_env3	lfmm_simes	Chr1	6008427	6026469	3	1	Chr1:6008427;Chr1:6012874;Chr1:6026469	Chr1:6012874	Chr1:6055016	TRUE	FALSE	FALSE	0	0	FALSE	FALSE	1	1	2	1	2	4
bgs_V0.5_c1_rep9_env3	lfmm_simes	Chr1	6023788	6101738	14	3	Chr1:6023788;Chr1:6036728;Chr1:6042218;Chr1:6048017;Chr1:6055016;Chr1:6055044;Chr1:6058488;Chr1:6061309;Chr1:6063187;Chr1:6064288;Chr1:6077587;Chr1:6079084;Chr1:6079485;Chr1:6101738	Chr1:6023788;Chr1:6042218;Chr1:6061309	Chr1:6055016	TRUE	TRUE	TRUE	1	1	FALSE	FALSE	3	3	3	1	2	4
bgs_V0.5_c1_rep9_env4	emmax_consensus	Chr1	3579548	3702095	19	1	Chr1:3579548;Chr1:3596678;Chr1:3607056;Chr1:3626938;Chr1:3631892;Chr1:3638551;Chr1:3641373;Chr1:3642066;Chr1:3644248;Chr1:3650289;Chr1:3655216;Chr1:3662640;Chr1:3674256;Chr1:3681417;Chr1:3691955;Chr1:3694694;Chr1:3696242;Chr1:3701126;Chr1:3702095	Chr1:3674256	Chr1:3696242	TRUE	TRUE	TRUE	1	1	FALSE	FALSE	3	3	3	1	2	4
bgs_V0.5_c1_rep9_env4	emmax_simes	Chr1	3579548	3702095	19	1	Chr1:3579548;Chr1:3596678;Chr1:3607056;Chr1:3626938;Chr1:3631892;Chr1:3638551;Chr1:3641373;Chr1:3642066;Chr1:3644248;Chr1:3650289;Chr1:3655216;Chr1:3662640;Chr1:3674256;Chr1:3681417;Chr1:3691955;Chr1:3694694;Chr1:3696242;Chr1:3701126;Chr1:3702095	Chr1:3674256	Chr1:3696242	TRUE	TRUE	TRUE	1	1	FALSE	FALSE	3	3	3	1	2	4
bgs_V0.5_c1_rep9_env4	lfmm_simes	Chr1	3579548	3702095	19	1	Chr1:3579548;Chr1:3596678;Chr1:3607056;Chr1:3626938;Chr1:3631892;Chr1:3638551;Chr1:3641373;Chr1:3642066;Chr1:3644248;Chr1:3650289;Chr1:3655216;Chr1:3662640;Chr1:3674256;Chr1:3681417;Chr1:3691955;Chr1:3694694;Chr1:3696242;Chr1:3701126;Chr1:3702095	Chr1:3674256	Chr1:3696242	TRUE	TRUE	TRUE	1	1	FALSE	FALSE	3	3	3	1	2	4
bgs_V0.5_c1_rep9_env4	lfmm_simes	Chr1	16941857	17031397	9	2	Chr1:16941857;Chr1:16945725;Chr1:16959549;Chr1:16959870;Chr1:16978388;Chr1:16990796;Chr1:17012605;Chr1:17020333;Chr1:17031397	Chr1:16945725;Chr1:17012605	Chr1:16945725	TRUE	TRUE	TRUE	1	1	FALSE	FALSE	3	3	3	1	2	4
bgs_V0.5_c1_rep9_env5	emmax_consensus	Chr1	10538371	10642232	17	2	Chr1:10538371;Chr1:10564370;Chr1:10565399;Chr1:10567475;Chr1:10571084;Chr1:10571170;Chr1:10581632;Chr1:10587691;Chr1:10588851;Chr1:10601458;Chr1:10603834;Chr1:10606077;Chr1:10609222;Chr1:10614574;Chr1:10633382;Chr1:10636124;Chr1:10642232	Chr1:10587691;Chr1:10642232	Chr1:10614574	TRUE	TRUE	TRUE	1	1	FALSE	FALSE	3	3	3	1	2	4
bgs_V0.5_c1_rep9_env5	emmax_simes	Chr1	10538371	10614574	14	1	Chr1:10538371;Chr1:10564370;Chr1:10565399;Chr1:10567475;Chr1:10571084;Chr1:10571170;Chr1:10581632;Chr1:10587691;Chr1:10588851;Chr1:10601458;Chr1:10603834;Chr1:10606077;Chr1:10609222;Chr1:10614574	Chr1:10587691	Chr1:10614574	TRUE	TRUE	TRUE	1	1	FALSE	FALSE	3	3	3	1	2	4
bgs_V0.5_c1_rep9_env5	lfmm_simes	Chr1	10456882	10675908	33	5	Chr1:10456882;Chr1:10457865;Chr1:10461146;Chr1:10465096;Chr1:10468318;Chr1:10470337;Chr1:10486023;Chr1:10487621;Chr1:10497995;Chr1:10516186;Chr1:10524582;Chr1:10527089;Chr1:10538371;Chr1:10564370;Chr1:10565399;Chr1:10567475;Chr1:10571084;Chr1:10571170;Chr1:10581632;Chr1:10587691;Chr1:10588851;Chr1:10601458;Chr1:10603834;Chr1:10606077;Chr1:10609222;Chr1:10614574;Chr1:10633382;Chr1:10636124;Chr1:10642232;Chr1:10647838;Chr1:10656205;Chr1:10673755;Chr1:10675908	Chr1:10470337;Chr1:10587691;Chr1:10642232;Chr1:10647838;Chr1:10673755	Chr1:10614574	TRUE	TRUE	TRUE	1	1	FALSE	FALSE	3	3	3	1	2	4
bgs_V0.5_c1_rep9_env6	emmax_consensus	Chr1	10463945	10676432	26	4	Chr1:10463945;Chr1:10465330;Chr1:10465430;Chr1:10469915;Chr1:10478030;Chr1:10481023;Chr1:10519760;Chr1:10519854;Chr1:10532090;Chr1:10547801;Chr1:10554376;Chr1:10555160;Chr1:10560631;Chr1:10563853;Chr1:10569461;Chr1:10614574;Chr1:10652725;Chr1:10653704;Chr1:10653815;Chr1:10655601;Chr1:10664776;Chr1:10668452;Chr1:10676432;Chr1:10624371;Chr1:10629477;Chr1:10634363	Chr1:10469915;Chr1:10554376;Chr1:10652725;Chr1:10629477	Chr1:10614574	TRUE	TRUE	TRUE	1	1	FALSE	FALSE	3	3	3	1	2	4
bgs_V0.5_c1_rep9_env6	emmax_simes	Chr1	10463945	10676432	26	4	Chr1:10463945;Chr1:10465330;Chr1:10465430;Chr1:10469915;Chr1:10478030;Chr1:10481023;Chr1:10519760;Chr1:10519854;Chr1:10532090;Chr1:10547801;Chr1:10554376;Chr1:10555160;Chr1:10560631;Chr1:10563853;Chr1:10569461;Chr1:10614574;Chr1:10652725;Chr1:10653704;Chr1:10653815;Chr1:10655601;Chr1:10664776;Chr1:10668452;Chr1:10676432;Chr1:10624371;Chr1:10629477;Chr1:10634363	Chr1:10469915;Chr1:10554376;Chr1:10652725;Chr1:10629477	Chr1:10614574	TRUE	TRUE	TRUE	1	1	FALSE	FALSE	3	3	3	1	2	4
bgs_V0.5_c1_rep9_env6	lfmm_simes	Chr1	9347811	9418254	4	1	Chr1:9347811;Chr1:9391745;Chr1:9414207;Chr1:9418254	Chr1:9391745	""	FALSE	FALSE	TRUE	0	1	FALSE	FALSE	2	2	2	1	2	4
bgs_V0.5_c1_rep9_env6	lfmm_simes	Chr1	10408062	10676858	35	6	Chr1:10408062;Chr1:10436593;Chr1:10438625;Chr1:10441534;Chr1:10463945;Chr1:10465330;Chr1:10465430;Chr1:10469915;Chr1:10478030;Chr1:10481023;Chr1:10519760;Chr1:10519854;Chr1:10532090;Chr1:10547801;Chr1:10554376;Chr1:10555160;Chr1:10560631;Chr1:10563853;Chr1:10569461;Chr1:10614574;Chr1:10652725;Chr1:10653704;Chr1:10653815;Chr1:10655601;Chr1:10664776;Chr1:10668452;Chr1:10676432;Chr1:10624371;Chr1:10629477;Chr1:10634363;Chr1:10667390;Chr1:10671064;Chr1:10671443;Chr1:10674138;Chr1:10676858	Chr1:10438625;Chr1:10469915;Chr1:10554376;Chr1:10652725;Chr1:10629477;Chr1:10671443	Chr1:10614574	TRUE	TRUE	TRUE	1	1	FALSE	FALSE	3	3	3	1	2	4
bgs_V0.5_c1_rep9_env6	lfmm_simes	Chr1	18877483	18907140	2	1	Chr1:18877483;Chr1:18907140	Chr1:18877483	""	FALSE	FALSE	FALSE	0	0	FALSE	FALSE	1	1	1	1	2	4
bgs_V0.5_c1_rep9_env6	lfmm_simes	Chr2	17703023	17708818	2	1	Chr2:17703023;Chr2:17708818	Chr2:17703023	""	FALSE	FALSE	FALSE	0	0	FALSE	FALSE	1	1	1	1	2	4
bgs_V0.5_c1_rep9_env7	lfmm_simes	Chr1	19177770	19299768	10	1	Chr1:19177770;Chr1:19184900;Chr1:19188644;Chr1:19207122;Chr1:19207764;Chr1:19221446;Chr1:19221545;Chr1:19225495;Chr1:19239686;Chr1:19299768	Chr1:19225495	Chr1:19299768	TRUE	TRUE	TRUE	1	1	FALSE	FALSE	3	3	3	1	2	4
bgs_V0.5_c1_rep9_env8	emmax_consensus	Chr1	3376328	3409048	2	1	Chr1:3376328;Chr1:3409048	Chr1:3376328	""	FALSE	TRUE	FALSE	1	0	FALSE	FALSE	2	2	2	1	2	4
bgs_V0.5_c1_rep9_env8	emmax_simes	Chr1	3376328	3409048	2	1	Chr1:3376328;Chr1:3409048	Chr1:3376328	""	FALSE	TRUE	FALSE	1	0	FALSE	FALSE	2	2	2	1	2	4
bgs_V1_c1_rep10_env1	emmax_consensus	Chr2	6243406	6260528	2	1	Chr2:6243406;Chr2:6260528	Chr2:6243406	""	FALSE	TRUE	FALSE	1	0	FALSE	FALSE	2	2	2	1	2	4
bgs_V1_c1_rep10_env1	emmax_simes	Chr2	6243406	6260528	2	1	Chr2:6243406;Chr2:6260528	Chr2:6243406	""	FALSE	TRUE	FALSE	1	0	FALSE	FALSE	2	2	2	1	2	4
bgs_V1_c1_rep10_env10	emmax_consensus	Chr1	11937832	11983038	8	2	Chr1:11937832;Chr1:11938160;Chr1:11943931;Chr1:11964486;Chr1:11965281;Chr1:11973403;Chr1:11976625;Chr1:11983038	Chr1:11938160;Chr1:11973403	Chr1:11983038	TRUE	TRUE	TRUE	1	1	FALSE	FALSE	3	3	3	1	2	4
bgs_V1_c1_rep10_env10	emmax_simes	Chr1	11964486	11983038	5	1	Chr1:11964486;Chr1:11965281;Chr1:11973403;Chr1:11976625;Chr1:11983038	Chr1:11973403	Chr1:11983038	TRUE	TRUE	TRUE	1	1	FALSE	FALSE	3	3	3	1	2	4
bgs_V1_c1_rep10_env10	lfmm_simes	Chr1	4388339	4389444	2	1	Chr1:4388339;Chr1:4389444	Chr1:4388339	""	FALSE	TRUE	FALSE	1	0	FALSE	FALSE	2	2	2	1	2	4
bgs_V1_c1_rep10_env10	lfmm_simes	Chr1	8847137	8864992	4	2	Chr1:8847137;Chr1:8849424;Chr1:8862716;Chr1:8864992	Chr1:8847137;Chr1:8862716	""	FALSE	TRUE	FALSE	1	0	FALSE	FALSE	2	2	3	1	2	4
bgs_V1_c1_rep10_env10	lfmm_simes	Chr1	8934062	9012384	6	1	Chr1:8934062;Chr1:8945587;Chr1:8959311;Chr1:8980147;Chr1:8987641;Chr1:9012384	Chr1:8945587	""	FALSE	TRUE	TRUE	1	1	FALSE	FALSE	3	3	3	1	2	4
bgs_V1_c1_rep10_env10	lfmm_simes	Chr1	9130208	9152200	4	1	Chr1:9130208;Chr1:9133591;Chr1:9144722;Chr1:9152200	Chr1:9130208	""	FALSE	FALSE	TRUE	0	1	FALSE	FALSE	2	2	2	1	2	4
bgs_V1_c1_rep10_env10	lfmm_simes	Chr1	11923832	11983038	11	3	Chr1:11923832;Chr1:11929236;Chr1:11933339;Chr1:11937832;Chr1:11938160;Chr1:11943931;Chr1:11964486;Chr1:11965281;Chr1:11973403;Chr1:11976625;Chr1:11983038	Chr1:11933339;Chr1:11938160;Chr1:11973403	Chr1:11983038	TRUE	TRUE	TRUE	1	1	FALSE	FALSE	3	3	3	1	2	4
bgs_V1_c1_rep10_env2	emmax_consensus	Chr1	2826354	2845568	6	1	Chr1:2826354;Chr1:2827045;Chr1:2832883;Chr1:2836486;Chr1:2842252;Chr1:2845568	Chr1:2842252	Chr1:2845568	TRUE	FALSE	TRUE	0	1	FALSE	FALSE	2	2	2	1	2	4
bgs_V1_c1_rep10_env2	emmax_consensus	Chr2	6088332	6091355	2	1	Chr2:6088332;Chr2:6091355	Chr2:6088332	""	FALSE	FALSE	FALSE	0	0	FALSE	FALSE	1	1	1	1	2	4
bgs_V1_c1_rep10_env2	lfmm_simes	Chr1	2826354	2845568	6	1	Chr1:2826354;Chr1:2827045;Chr1:2832883;Chr1:2836486;Chr1:2842252;Chr1:2845568	Chr1:2842252	Chr1:2845568	TRUE	TRUE	TRUE	1	1	FALSE	FALSE	3	3	3	1	2	4
bgs_V1_c1_rep10_env3	emmax_consensus	Chr1	4270615	4284919	5	1	Chr1:4270615;Chr1:4271373;Chr1:4272195;Chr1:4281824;Chr1:4284919	Chr1:4272195	Chr1:4345227	TRUE	TRUE	TRUE	1	1	FALSE	FALSE	3	3	3	1	2	4
bgs_V1_c1_rep10_env3	emmax_consensus	Chr1	4318449	4384115	14	2	Chr1:4318449;Chr1:4320950;Chr1:4325335;Chr1:4328749;Chr1:4333890;Chr1:4345227;Chr1:4350046;Chr1:4355008;Chr1:4363975;Chr1:4364145;Chr1:4366610;Chr1:4374439;Chr1:4378172;Chr1:4384115	Chr1:4325335;Chr1:4355008	Chr1:4345227	TRUE	TRUE	TRUE	1	1	FALSE	FALSE	3	3	3	1	2	4
bgs_V1_c1_rep10_env3	emmax_simes	Chr1	4318449	4384115	14	2	Chr1:4318449;Chr1:4320950;Chr1:4325335;Chr1:4328749;Chr1:4333890;Chr1:4345227;Chr1:4350046;Chr1:4355008;Chr1:4363975;Chr1:4364145;Chr1:4366610;Chr1:4374439;Chr1:4378172;Chr1:4384115	Chr1:4325335;Chr1:4355008	Chr1:4345227	TRUE	TRUE	TRUE	1	1	FALSE	FALSE	3	3	3	1	2	4
bgs_V1_c1_rep10_env3	lfmm_simes	Chr1	4318449	4384115	14	2	Chr1:4318449;Chr1:4320950;Chr1:4325335;Chr1:4328749;Chr1:4333890;Chr1:4345227;Chr1:4350046;Chr1:4355008;Chr1:4363975;Chr1:4364145;Chr1:4366610;Chr1:4374439;Chr1:4378172;Chr1:4384115	Chr1:4325335;Chr1:4355008	Chr1:4345227	TRUE	TRUE	TRUE	1	1	FALSE	FALSE	3	3	3	1	2	4
bgs_V1_c1_rep10_env4	emmax_consensus	Chr1	11754668	11763075	4	1	Chr1:11754668;Chr1:11754951;Chr1:11755360;Chr1:11763075	Chr1:11754668	Chr1:11763075	TRUE	TRUE	TRUE	1	1	FALSE	FALSE	3	3	3	1	2	4
bgs_V1_c1_rep10_env4	emmax_simes	Chr1	11754668	11763075	4	1	Chr1:11754668;Chr1:11754951;Chr1:11755360;Chr1:11763075	Chr1:11754668	Chr1:11763075	TRUE	TRUE	TRUE	1	1	FALSE	FALSE	3	3	3	1	2	4
bgs_V1_c1_rep10_env4	lfmm_simes	Chr1	11754668	11763075	4	1	Chr1:11754668;Chr1:11754951;Chr1:11755360;Chr1:11763075	Chr1:11754668	Chr1:11763075	TRUE	TRUE	TRUE	1	1	FALSE	FALSE	3	3	3	1	2	4
bgs_V1_c1_rep10_env5	emmax_consensus	Chr1	2839767	2889540	8	2	Chr1:2839767;Chr1:2845568;Chr1:2859793;Chr1:2869078;Chr1:2881028;Chr1:2885046;Chr1:2885799;Chr1:2889540	Chr1:2859793;Chr1:2885046	Chr1:2845568	TRUE	TRUE	TRUE	1	1	FALSE	FALSE	3	3	3	1	2	4
bgs_V1_c1_rep10_env5	emmax_simes	Chr1	2839767	2889540	8	2	Chr1:2839767;Chr1:2845568;Chr1:2859793;Chr1:2869078;Chr1:2881028;Chr1:2885046;Chr1:2885799;Chr1:2889540	Chr1:2859793;Chr1:2885046	Chr1:2845568	TRUE	TRUE	TRUE	1	1	FALSE	FALSE	3	3	3	1	2	4
bgs_V1_c1_rep10_env5	lfmm_simes	Chr1	2839767	2889540	8	2	Chr1:2839767;Chr1:2845568;Chr1:2859793;Chr1:2869078;Chr1:2881028;Chr1:2885046;Chr1:2885799;Chr1:2889540	Chr1:2859793;Chr1:2885046	Chr1:2845568	TRUE	TRUE	TRUE	1	1	FALSE	FALSE	3	3	3	1	2	4
bgs_V1_c1_rep10_env6	emmax_simes	Chr1	11746577	11763075	6	1	Chr1:11746577;Chr1:11750551;Chr1:11754668;Chr1:11754951;Chr1:11755360;Chr1:11763075	Chr1:11754668	Chr1:11763075	TRUE	FALSE	TRUE	0	1	FALSE	FALSE	2	2	2	1	2	4
bgs_V1_c1_rep10_env6	lfmm_simes	Chr1	11746577	11763075	6	1	Chr1:11746577;Chr1:11750551;Chr1:11754668;Chr1:11754951;Chr1:11755360;Chr1:11763075	Chr1:11754668	Chr1:11763075	TRUE	TRUE	TRUE	1	1	FALSE	FALSE	3	3	3	1	2	4
bgs_V1_c1_rep10_env6	lfmm_simes	Chr1	11780135	11788825	2	1	Chr1:11780135;Chr1:11788825	Chr1:11780135	Chr1:11763075	TRUE	FALSE	FALSE	0	0	FALSE	FALSE	1	1	1	1	2	4
bgs_V1_c1_rep10_env6	lfmm_simes	Chr2	4306259	4307233	2	1	Chr2:4306259;Chr2:4307233	Chr2:4306259	""	FALSE	FALSE	FALSE	0	0	FALSE	FALSE	1	1	1	1	2	4
bgs_V1_c1_rep10_env7	emmax_consensus	Chr1	591824	682579	33	3	Chr1:591824;Chr1:592086;Chr1:595112;Chr1:602064;Chr1:604674;Chr1:606981;Chr1:607169;Chr1:608622;Chr1:611234;Chr1:612149;Chr1:637342;Chr1:638388;Chr1:640904;Chr1:641699;Chr1:643089;Chr1:654393;Chr1:654634;Chr1:664662;Chr1:665726;Chr1:666441;Chr1:666800;Chr1:668532;Chr1:668845;Chr1:669603;Chr1:672722;Chr1:673398;Chr1:675246;Chr1:682579;Chr1:665723;Chr1:666132;Chr1:669170;Chr1:672273;Chr1:673486	Chr1:595112;Chr1:672722;Chr1:669170	Chr1:640904	TRUE	TRUE	TRUE	1	1	FALSE	FALSE	3	3	3	1	2	4
bgs_V1_c1_rep10_env7	emmax_simes	Chr1	637342	682579	18	1	Chr1:637342;Chr1:638388;Chr1:640904;Chr1:641699;Chr1:643089;Chr1:654393;Chr1:654634;Chr1:664662;Chr1:665726;Chr1:666441;Chr1:666800;Chr1:668532;Chr1:668845;Chr1:669603;Chr1:672722;Chr1:673398;Chr1:675246;Chr1:682579	Chr1:672722	Chr1:640904	TRUE	TRUE	TRUE	1	1	FALSE	FALSE	3	3	3	1	2	4
bgs_V1_c1_rep10_env7	lfmm_simes	Chr1	591824	707213	33	3	Chr1:591824;Chr1:592086;Chr1:595112;Chr1:602064;Chr1:604674;Chr1:606981;Chr1:607169;Chr1:608622;Chr1:611234;Chr1:612149;Chr1:637342;Chr1:638388;Chr1:640904;Chr1:641699;Chr1:643089;Chr1:654393;Chr1:654634;Chr1:664662;Chr1:665726;Chr1:666441;Chr1:666800;Chr1:668532;Chr1:668845;Chr1:669603;Chr1:672722;Chr1:673398;Chr1:675246;Chr1:682579;Chr1:699169;Chr1:702234;Chr1:705710;Chr1:706765;Chr1:707213	Chr1:595112;Chr1:672722;Chr1:702234	Chr1:640904	TRUE	TRUE	TRUE	1	1	FALSE	FALSE	3	3	3	1	2	4
bgs_V1_c1_rep10_env8	emmax_consensus	Chr1	3410771	3423561	2	1	Chr1:3410771;Chr1:3423561	Chr1:3410771	""	FALSE	TRUE	FALSE	1	0	FALSE	FALSE	2	2	2	1	2	4
bgs_V1_c1_rep10_env8	emmax_consensus	Chr1	3945234	3948950	4	1	Chr1:3945234;Chr1:3945298;Chr1:3948459;Chr1:3948950	Chr1:3945234	""	FALSE	FALSE	TRUE	0	1	FALSE	FALSE	2	2	2	1	2	4
bgs_V1_c1_rep10_env8	emmax_consensus	Chr1	4289825	4345227	9	2	Chr1:4289825;Chr1:4301961;Chr1:4303649;Chr1:4304827;Chr1:4311012;Chr1:4317349;Chr1:4326948;Chr1:4334571;Chr1:4345227	Chr1:4303649;Chr1:4334571	Chr1:4345227	TRUE	TRUE	TRUE	1	1	FALSE	FALSE	3	3	3	1	2	4
bgs_V1_c1_rep10_env8	emmax_consensus	Chr1	4360006	4417642	13	3	Chr1:4360006;Chr1:4362420;Chr1:4362425;Chr1:4364353;Chr1:4368984;Chr1:4369611;Chr1:4374263;Chr1:4376783;Chr1:4377834;Chr1:4380052;Chr1:4380399;Chr1:4408240;Chr1:4417642	Chr1:4364353;Chr1:4377834;Chr1:4408240	Chr1:4345227	TRUE	TRUE	TRUE	1	1	FALSE	FALSE	3	3	3	1	2	4
bgs_V1_c1_rep10_env8	emmax_simes	Chr1	3410771	3423561	2	1	Chr1:3410771;Chr1:3423561	Chr1:3410771	""	FALSE	TRUE	FALSE	1	0	FALSE	FALSE	2	2	2	1	2	4
bgs_V1_c1_rep10_env8	emmax_simes	Chr1	3447261	3456718	3	1	Chr1:3447261;Chr1:3454303;Chr1:3456718	Chr1:3456718	""	FALSE	TRUE	FALSE	1	0	FALSE	FALSE	2	2	2	1	2	4
bgs_V1_c1_rep10_env8	emmax_simes	Chr1	3945234	3948950	4	1	Chr1:3945234;Chr1:3945298;Chr1:3948459;Chr1:3948950	Chr1:3945234	""	FALSE	TRUE	TRUE	1	1	FALSE	FALSE	3	3	3	1	2	4
bgs_V1_c1_rep10_env8	emmax_simes	Chr1	4289825	4345227	9	2	Chr1:4289825;Chr1:4301961;Chr1:4303649;Chr1:4304827;Chr1:4311012;Chr1:4317349;Chr1:4326948;Chr1:4334571;Chr1:4345227	Chr1:4303649;Chr1:4334571	Chr1:4345227	TRUE	TRUE	TRUE	1	1	FALSE	FALSE	3	3	3	1	2	4
bgs_V1_c1_rep10_env8	emmax_simes	Chr1	4353124	4354458	2	1	Chr1:4353124;Chr1:4354458	Chr1:4353124	Chr1:4345227	TRUE	FALSE	FALSE	0	0	FALSE	FALSE	1	1	1	1	2	4
bgs_V1_c1_rep10_env8	emmax_simes	Chr1	4360006	4417642	13	3	Chr1:4360006;Chr1:4362420;Chr1:4362425;Chr1:4364353;Chr1:4368984;Chr1:4369611;Chr1:4374263;Chr1:4376783;Chr1:4377834;Chr1:4380052;Chr1:4380399;Chr1:4408240;Chr1:4417642	Chr1:4364353;Chr1:4377834;Chr1:4408240	Chr1:4345227	TRUE	TRUE	TRUE	1	1	FALSE	FALSE	3	3	3	1	2	4
bgs_V1_c1_rep10_env8	lfmm_simes	Chr1	2145560	2148926	2	1	Chr1:2145560;Chr1:2148926	Chr1:2145560	""	FALSE	TRUE	FALSE	1	0	FALSE	FALSE	2	2	2	1	2	4
bgs_V1_c1_rep10_env8	lfmm_simes	Chr1	3410771	3423561	2	1	Chr1:3410771;Chr1:3423561	Chr1:3410771	""	FALSE	TRUE	FALSE	1	0	FALSE	FALSE	2	2	2	1	2	4
bgs_V1_c1_rep10_env8	lfmm_simes	Chr1	3447261	3456718	3	1	Chr1:3447261;Chr1:3454303;Chr1:3456718	Chr1:3456718	""	FALSE	TRUE	FALSE	1	0	FALSE	FALSE	2	2	2	1	2	4
bgs_V1_c1_rep10_env8	lfmm_simes	Chr1	3918293	3977890	15	4	Chr1:3918293;Chr1:3934612;Chr1:3942624;Chr1:3945234;Chr1:3945298;Chr1:3948459;Chr1:3948950;Chr1:3966769;Chr1:3969237;Chr1:3973521;Chr1:3968333;Chr1:3976679;Chr1:3977075;Chr1:3977630;Chr1:3977890	Chr1:3934612;Chr1:3945234;Chr1:3966769;Chr1:3977075	""	FALSE	TRUE	TRUE	1	2	FALSE	FALSE	3	3	3	1	2	4
bgs_V1_c1_rep10_env8	lfmm_simes	Chr1	4289825	4345227	9	2	Chr1:4289825;Chr1:4301961;Chr1:4303649;Chr1:4304827;Chr1:4311012;Chr1:4317349;Chr1:4326948;Chr1:4334571;Chr1:4345227	Chr1:4303649;Chr1:4334571	Chr1:4345227	TRUE	TRUE	TRUE	1	1	FALSE	FALSE	3	3	3	1	2	4
bgs_V1_c1_rep10_env8	lfmm_simes	Chr1	4353124	4354458	2	1	Chr1:4353124;Chr1:4354458	Chr1:4353124	Chr1:4345227	TRUE	TRUE	FALSE	1	0	FALSE	FALSE	2	2	2	1	2	4
bgs_V1_c1_rep10_env8	lfmm_simes	Chr1	4360006	4417642	13	3	Chr1:4360006;Chr1:4362420;Chr1:4362425;Chr1:4364353;Chr1:4368984;Chr1:4369611;Chr1:4374263;Chr1:4376783;Chr1:4377834;Chr1:4380052;Chr1:4380399;Chr1:4408240;Chr1:4417642	Chr1:4364353;Chr1:4377834;Chr1:4408240	Chr1:4345227	TRUE	TRUE	TRUE	1	1	FALSE	FALSE	3	3	3	1	2	4
bgs_V1_c1_rep10_env8	lfmm_simes	Chr2	1110173	1115436	2	1	Chr2:1110173;Chr2:1115436	Chr2:1110173	""	FALSE	FALSE	FALSE	0	0	FALSE	FALSE	1	1	1	1	2	4
bgs_V1_c1_rep10_env8	lfmm_simes	Chr2	2758594	2770101	3	1	Chr2:2758594;Chr2:2766889;Chr2:2770101	Chr2:2758594	""	FALSE	TRUE	FALSE	1	0	FALSE	FALSE	2	2	2	1	2	4
bgs_V1_c1_rep10_env9	emmax_consensus	Chr1	2836486	2845568	3	1	Chr1:2836486;Chr1:2842252;Chr1:2845568	Chr1:2842252	Chr1:2845568	TRUE	TRUE	FALSE	1	0	FALSE	FALSE	2	2	2	1	2	4
bgs_V1_c1_rep10_env9	emmax_simes	Chr1	2836486	2845568	3	1	Chr1:2836486;Chr1:2842252;Chr1:2845568	Chr1:2842252	Chr1:2845568	TRUE	TRUE	FALSE	1	0	FALSE	FALSE	2	2	2	1	2	4
bgs_V1_c1_rep10_env9	lfmm_simes	Chr1	2836486	2845568	3	1	Chr1:2836486;Chr1:2842252;Chr1:2845568	Chr1:2842252	Chr1:2845568	TRUE	TRUE	FALSE	1	0	FALSE	FALSE	2	2	2	1	2	4
bgs_V1_c1_rep1_env1	emmax_consensus	Chr2	26638118	26680183	6	2	Chr2:26638118;Chr2:26654832;Chr2:26656256;Chr2:26661945;Chr2:26664735;Chr2:26680183	Chr2:26654832;Chr2:26661945	""	FALSE	TRUE	FALSE	1	0	FALSE	FALSE	2	2	2	1	2	4
bgs_V1_c1_rep1_env1	emmax_simes	Chr2	26638118	26656256	3	1	Chr2:26638118;Chr2:26654832;Chr2:26656256	Chr2:26654832	""	FALSE	TRUE	FALSE	1	0	FALSE	FALSE	2	2	2	1	2	4
bgs_V1_c1_rep1_env10	emmax_simes	Chr1	4572331	4579432	2	1	Chr1:4572331;Chr1:4579432	Chr1:4572331	""	FALSE	FALSE	FALSE	0	0	FALSE	FALSE	1	1	1	1	2	4
bgs_V1_c1_rep1_env10	lfmm_simes	Chr1	5407713	5418384	2	1	Chr1:5407713;Chr1:5418384	Chr1:5407713	""	FALSE	FALSE	FALSE	0	0	FALSE	FALSE	1	1	1	1	2	4
bgs_V1_c1_rep1_env2	emmax_consensus	Chr1	753	300424	45	1	Chr1:753;Chr1:11606;Chr1:14040;Chr1:14258;Chr1:28263;Chr1:31033;Chr1:46197;Chr1:69221;Chr1:71923;Chr1:81982;Chr1:110732;Chr1:125882;Chr1:126132;Chr1:128254;Chr1:148079;Chr1:152597;Chr1:156572;Chr1:158714;Chr1:160602;Chr1:180985;Chr1:184064;Chr1:188998;Chr1:200852;Chr1:204314;Chr1:204677;Chr1:205487;Chr1:208268;Chr1:214846;Chr1:215394;Chr1:236572;Chr1:237372;Chr1:238151;Chr1:241085;Chr1:257171;Chr1:260811;Chr1:265221;Chr1:270817;Chr1:273027;Chr1:276674;Chr1:281784;Chr1:289122;Chr1:296932;Chr1:297131;Chr1:298323;Chr1:300424	Chr1:753	Chr1:51049;Chr1:126132	TRUE	TRUE	TRUE	1	1	FALSE	FALSE	3	3	3	1	2	4
bgs_V1_c1_rep1_env2	emmax_consensus	Chr1	26074	295896	33	1	Chr1:26074;Chr1:29639;Chr1:36172;Chr1:43412;Chr1:55856;Chr1:72785;Chr1:73181;Chr1:98906;Chr1:104877;Chr1:132353;Chr1:146747;Chr1:147195;Chr1:173665;Chr1:174337;Chr1:174368;Chr1:178078;Chr1:178703;Chr1:195418;Chr1:204056;Chr1:218295;Chr1:219972;Chr1:230885;Chr1:235070;Chr1:238782;Chr1:239057;Chr1:245976;Chr1:262516;Chr1:264066;Chr1:284997;Chr1:287854;Chr1:289075;Chr1:294636;Chr1:295896	Chr1:26074	""	FALSE	FALSE	TRUE	0	1	FALSE	FALSE	2	2	3	1	2	4
bgs_V1_c1_rep1_env2	emmax_simes	Chr1	753	300424	45	1	Chr1:753;Chr1:11606;Chr1:14040;Chr1:14258;Chr1:28263;Chr1:31033;Chr1:46197;Chr1:69221;Chr1:71923;Chr1:81982;Chr1:110732;Chr1:125882;Chr1:126132;Chr1:128254;Chr1:148079;Chr1:152597;Chr1:156572;Chr1:158714;Chr1:160602;Chr1:180985;Chr1:184064;Chr1:188998;Chr1:200852;Chr1:204314;Chr1:204677;Chr1:205487;Chr1:208268;Chr1:214846;Chr1:215394;Chr1:236572;Chr1:237372;Chr1:238151;Chr1:241085;Chr1:257171;Chr1:260811;Chr1:265221;Chr1:270817;Chr1:273027;Chr1:276674;Chr1:281784;Chr1:289122;Chr1:296932;Chr1:297131;Chr1:298323;Chr1:300424	Chr1:753	Chr1:51049;Chr1:126132	TRUE	TRUE	TRUE	1	1	FALSE	FALSE	3	3	3	1	2	4
bgs_V1_c1_rep1_env2	lfmm_simes	Chr1	753	300424	45	1	Chr1:753;Chr1:11606;Chr1:14040;Chr1:14258;Chr1:28263;Chr1:31033;Chr1:46197;Chr1:69221;Chr1:71923;Chr1:81982;Chr1:110732;Chr1:125882;Chr1:126132;Chr1:128254;Chr1:148079;Chr1:152597;Chr1:156572;Chr1:158714;Chr1:160602;Chr1:180985;Chr1:184064;Chr1:188998;Chr1:200852;Chr1:204314;Chr1:204677;Chr1:205487;Chr1:208268;Chr1:214846;Chr1:215394;Chr1:236572;Chr1:237372;Chr1:238151;Chr1:241085;Chr1:257171;Chr1:260811;Chr1:265221;Chr1:270817;Chr1:273027;Chr1:276674;Chr1:281784;Chr1:289122;Chr1:296932;Chr1:297131;Chr1:298323;Chr1:300424	Chr1:753	Chr1:51049;Chr1:126132	TRUE	TRUE	TRUE	1	1	FALSE	FALSE	3	3	3	1	2	4
bgs_V1_c1_rep1_env2	lfmm_simes	Chr1	26074	295896	33	1	Chr1:26074;Chr1:29639;Chr1:36172;Chr1:43412;Chr1:55856;Chr1:72785;Chr1:73181;Chr1:98906;Chr1:104877;Chr1:132353;Chr1:146747;Chr1:147195;Chr1:173665;Chr1:174337;Chr1:174368;Chr1:178078;Chr1:178703;Chr1:195418;Chr1:204056;Chr1:218295;Chr1:219972;Chr1:230885;Chr1:235070;Chr1:238782;Chr1:239057;Chr1:245976;Chr1:262516;Chr1:264066;Chr1:284997;Chr1:287854;Chr1:289075;Chr1:294636;Chr1:295896	Chr1:26074	""	FALSE	TRUE	TRUE	1	1	FALSE	FALSE	3	3	3	1	2	4
bgs_V1_c1_rep1_env2	lfmm_simes	Chr2	9515982	9518260	2	1	Chr2:9515982;Chr2:9518260	Chr2:9515982	""	FALSE	TRUE	FALSE	1	0	FALSE	FALSE	2	2	2	1	2	4
bgs_V1_c1_rep1_env2	lfmm_simes	Chr2	10684193	10686988	2	1	Chr2:10684193;Chr2:10686988	Chr2:10684193	""	FALSE	FALSE	FALSE	0	0	FALSE	FALSE	1	1	1	1	2	4
bgs_V1_c1_rep1_env3	emmax_simes	Chr1	26671795	26716516	3	1	Chr1:26671795;Chr1:26704406;Chr1:26716516	Chr1:26716516	Chr1:26716516	TRUE	TRUE	FALSE	1	0	FALSE	FALSE	2	2	2	1	2	4
bgs_V1_c1_rep1_env3	lfmm_simes	Chr1	26671795	26716516	3	1	Chr1:26671795;Chr1:26704406;Chr1:26716516	Chr1:26716516	Chr1:26716516	TRUE	TRUE	FALSE	1	0	FALSE	FALSE	2	2	2	1	2	4
bgs_V1_c1_rep1_env4	emmax_consensus	Chr1	16921596	16985612	11	1	Chr1:16921596;Chr1:16933283;Chr1:16945162;Chr1:16950396;Chr1:16955365;Chr1:16959901;Chr1:16965957;Chr1:16966602;Chr1:16977123;Chr1:16984285;Chr1:16985612	Chr1:16950396	Chr1:16945162	TRUE	TRUE	TRUE	1	1	FALSE	FALSE	3	3	3	1	2	4
bgs_V1_c1_rep1_env4	emmax_consensus	Chr1	17021779	17145761	8	1	Chr1:17021779;Chr1:17022251;Chr1:17040509;Chr1:17043909;Chr1:17045288;Chr1:17114510;Chr1:17137166;Chr1:17145761	Chr1:17040509	Chr1:16945162	TRUE	TRUE	TRUE	1	1	FALSE	FALSE	3	3	3	1	2	4
bgs_V1_c1_rep1_env4	emmax_consensus	Chr2	574078	583295	3	1	Chr2:574078;Chr2:583136;Chr2:583295	Chr2:583295	""	FALSE	FALSE	FALSE	0	0	FALSE	FALSE	1	1	1	1	2	4
bgs_V1_c1_rep1_env4	emmax_simes	Chr1	16921596	16985612	11	1	Chr1:16921596;Chr1:16933283;Chr1:16945162;Chr1:16950396;Chr1:16955365;Chr1:16959901;Chr1:16965957;Chr1:16966602;Chr1:16977123;Chr1:16984285;Chr1:16985612	Chr1:16950396	Chr1:16945162	TRUE	TRUE	TRUE	1	1	FALSE	FALSE	3	3	3	1	2	4
bgs_V1_c1_rep1_env4	emmax_simes	Chr1	17021779	17145761	8	1	Chr1:17021779;Chr1:17022251;Chr1:17040509;Chr1:17043909;Chr1:17045288;Chr1:17114510;Chr1:17137166;Chr1:17145761	Chr1:17040509	Chr1:16945162	TRUE	TRUE	TRUE	1	1	FALSE	FALSE	3	3	3	1	2	4
bgs_V1_c1_rep1_env4	emmax_simes	Chr2	574078	583295	3	1	Chr2:574078;Chr2:583136;Chr2:583295	Chr2:583295	""	FALSE	FALSE	FALSE	0	0	FALSE	FALSE	1	1	1	1	2	4
bgs_V1_c1_rep1_env4	lfmm_simes	Chr1	16693073	16985612	20	2	Chr1:16693073;Chr1:16728834;Chr1:16749081;Chr1:16755419;Chr1:16755835;Chr1:16757511;Chr1:16821614;Chr1:16869446;Chr1:16870861;Chr1:16921596;Chr1:16933283;Chr1:16945162;Chr1:16950396;Chr1:16955365;Chr1:16959901;Chr1:16965957;Chr1:16966602;Chr1:16977123;Chr1:16984285;Chr1:16985612	Chr1:16749081;Chr1:16950396	Chr1:16945162	TRUE	TRUE	TRUE	2	1	FALSE	FALSE	3	3	3	1	2	4
bgs_V1_c1_rep1_env4	lfmm_simes	Chr1	16738244	16892607	10	1	Chr1:16738244;Chr1:16759407;Chr1:16768347;Chr1:16806301;Chr1:16860392;Chr1:16862288;Chr1:16876031;Chr1:16876122;Chr1:16876983;Chr1:16892607	Chr1:16876031	Chr1:16945162	TRUE	TRUE	TRUE	1	1	FALSE	FALSE	3	3	3	1	2	4
bgs_V1_c1_rep1_env4	lfmm_simes	Chr1	17021779	17145761	8	1	Chr1:17021779;Chr1:17022251;Chr1:17040509;Chr1:17043909;Chr1:17045288;Chr1:17114510;Chr1:17137166;Chr1:17145761	Chr1:17040509	Chr1:16945162	TRUE	FALSE	TRUE	0	1	FALSE	FALSE	2	2	2	1	2	4
bgs_V1_c1_rep1_env5	emmax_consensus	Chr1	2439426	2441614	2	1	Chr1:2439426;Chr1:2441614	Chr1:2439426	Chr1:2441614	TRUE	FALSE	FALSE	0	0	FALSE	FALSE	1	1	1	1	2	4
bgs_V1_c1_rep1_env5	emmax_simes	Chr1	2439426	2441614	2	1	Chr1:2439426;Chr1:2441614	Chr1:2439426	Chr1:2441614	TRUE	TRUE	FALSE	1	0	FALSE	FALSE	2	2	2	1	2	4
bgs_V1_c1_rep1_env5	lfmm_simes	Chr1	2439426	2441614	2	1	Chr1:2439426;Chr1:2441614	Chr1:2439426	Chr1:2441614	TRUE	TRUE	FALSE	1	0	FALSE	FALSE	2	2	2	1	2	4
bgs_V1_c1_rep1_env6	emmax_consensus	Chr1	26716516	26733374	4	1	Chr1:26716516;Chr1:26725723;Chr1:26730789;Chr1:26733374	Chr1:26716516	Chr1:26716516	TRUE	FALSE	TRUE	0	1	FALSE	FALSE	2	2	2	1	2	4
bgs_V1_c1_rep1_env7	emmax_consensus	Chr1	3303210	3314578	4	1	Chr1:3303210;Chr1:3309787;Chr1:3310150;Chr1:3314578	Chr1:3310150	Chr1:3314578	TRUE	TRUE	TRUE	1	1	FALSE	FALSE	3	3	3	1	2	4
bgs_V1_c1_rep1_env7	emmax_consensus	Chr1	13167843	13171759	2	1	Chr1:13167843;Chr1:13171759	Chr1:13167843	""	FALSE	TRUE	FALSE	1	0	FALSE	FALSE	2	2	2	1	2	4
bgs_V1_c1_rep1_env7	emmax_simes	Chr1	3303210	3314578	4	1	Chr1:3303210;Chr1:3309787;Chr1:3310150;Chr1:3314578	Chr1:3310150	Chr1:3314578	TRUE	TRUE	TRUE	1	1	FALSE	FALSE	3	3	3	1	2	4
bgs_V1_c1_rep1_env7	emmax_simes	Chr1	13167843	13171759	2	1	Chr1:13167843;Chr1:13171759	Chr1:13167843	""	FALSE	FALSE	FALSE	0	0	FALSE	FALSE	1	1	1	1	2	4
bgs_V1_c1_rep1_env7	lfmm_simes	Chr1	3303210	3314578	4	1	Chr1:3303210;Chr1:3309787;Chr1:3310150;Chr1:3314578	Chr1:3310150	Chr1:3314578	TRUE	TRUE	TRUE	1	1	FALSE	FALSE	3	3	3	1	2	4
bgs_V1_c1_rep1_env8	lfmm_simes	Chr1	4665493	4674048	3	1	Chr1:4665493;Chr1:4667849;Chr1:4674048	Chr1:4665493	""	FALSE	FALSE	FALSE	0	0	FALSE	FALSE	1	1	1	1	2	4
bgs_V1_c1_rep2_env1	emmax_simes	Chr1	4725539	4758126	5	1	Chr1:4725539;Chr1:4727955;Chr1:4732354;Chr1:4739866;Chr1:4758126	Chr1:4727955	Chr1:4758126	TRUE	FALSE	TRUE	0	1	FALSE	FALSE	2	2	2	1	2	4
bgs_V1_c1_rep2_env1	emmax_simes	Chr2	5628842	5631236	3	1	Chr2:5628842;Chr2:5629794;Chr2:5631236	Chr2:5628842	""	FALSE	FALSE	FALSE	0	0	FALSE	FALSE	1	1	1	1	2	4
bgs_V1_c1_rep2_env1	lfmm_simes	Chr1	1624058	1639058	2	1	Chr1:1624058;Chr1:1639058	Chr1:1624058	Chr1:1639058	TRUE	FALSE	FALSE	0	0	FALSE	FALSE	1	1	1	1	2	4
bgs_V1_c1_rep2_env1	lfmm_simes	Chr1	4654527	4658739	3	1	Chr1:4654527;Chr1:4655988;Chr1:4658739	Chr1:4658739	Chr1:4758126	TRUE	TRUE	FALSE	1	0	FALSE	FALSE	2	2	2	1	2	4
bgs_V1_c1_rep2_env1	lfmm_simes	Chr1	4686048	4784880	17	4	Chr1:4686048;Chr1:4694925;Chr1:4698224;Chr1:4699872;Chr1:4707026;Chr1:4725539;Chr1:4727955;Chr1:4732354;Chr1:4739866;Chr1:4758126;Chr1:4748813;Chr1:4749232;Chr1:4763382;Chr1:4766519;Chr1:4774186;Chr1:4774198;Chr1:4784880	Chr1:4694925;Chr1:4727955;Chr1:4748813;Chr1:4763382	Chr1:4758126	TRUE	TRUE	TRUE	1	1	FALSE	FALSE	3	3	3	1	2	4
bgs_V1_c1_rep2_env2	emmax_consensus	Chr1	20285425	20297971	4	1	Chr1:20285425;Chr1:20290213;Chr1:20292430;Chr1:20297971	Chr1:20285425	Chr1:20297971	TRUE	TRUE	TRUE	1	1	FALSE	FALSE	3	3	3	1	2	4
bgs_V1_c1_rep2_env2	emmax_consensus	Chr2	10487733	10708870	5	1	Chr2:10487733;Chr2:10614699;Chr2:10662937;Chr2:10681428;Chr2:10708870	Chr2:10662937	""	FALSE	TRUE	TRUE	1	1	FALSE	FALSE	3	3	3	1	2	4
bgs_V1_c1_rep2_env2	emmax_consensus	Chr2	10538515	10568026	4	1	Chr2:10538515;Chr2:10541210;Chr2:10552736;Chr2:10568026	Chr2:10538515	""	FALSE	FALSE	TRUE	0	1	FALSE	FALSE	2	2	3	1	2	4
bgs_V1_c1_rep2_env2	emmax_consensus	Chr2	10716810	10788436	4	1	Chr2:10716810;Chr2:10765626;Chr2:10786796;Chr2:10788436	Chr2:10788436	""	FALSE	TRUE	TRUE	1	1	FALSE	FALSE	3	3	3	1	2	4
bgs_V1_c1_rep2_env2	emmax_consensus	Chr2	10969974	11052141	5	1	Chr2:10969974;Chr2:11033015;Chr2:11038638;Chr2:11043816;Chr2:11052141	Chr2:11033015	""	FALSE	TRUE	TRUE	1	1	FALSE	FALSE	3	3	3	1	2	4
bgs_V1_c1_rep2_env2	emmax_consensus	Chr2	11762994	11822541	5	1	Chr2:11762994;Chr2:11779398;Chr2:11798939;Chr2:11818521;Chr2:11822541	Chr2:11822541	""	FALSE	TRUE	TRUE	1	1	FALSE	FALSE	3	3	3	1	2	4
bgs_V1_c1_rep2_env2	emmax_consensus	Chr2	19296348	19299428	2	1	Chr2:19296348;Chr2:19299428	Chr2:19296348	""	FALSE	FALSE	FALSE	0	0	FALSE	FALSE	1	1	1	1	2	4
bgs_V1_c1_rep2_env2	emmax_simes	Chr1	20285425	20297971	4	1	Chr1:20285425;Chr1:20290213;Chr1:20292430;Chr1:20297971	Chr1:20285425	Chr1:20297971	TRUE	TRUE	TRUE	1	1	FALSE	FALSE	3	3	3	1	2	4
bgs_V1_c1_rep2_env2	emmax_simes	Chr2	10487733	10708870	5	1	Chr2:10487733;Chr2:10614699;Chr2:10662937;Chr2:10681428;Chr2:10708870	Chr2:10662937	""	FALSE	TRUE	TRUE	1	1	FALSE	FALSE	3	3	3	1	2	4
bgs_V1_c1_rep2_env2	emmax_simes	Chr2	10538515	10568026	4	1	Chr2:10538515;Chr2:10541210;Chr2:10552736;Chr2:10568026	Chr2:10538515	""	FALSE	FALSE	TRUE	0	1	FALSE	FALSE	2	2	3	1	2	4
bgs_V1_c1_rep2_env2	emmax_simes	Chr2	10716810	10788436	4	1	Chr2:10716810;Chr2:10765626;Chr2:10786796;Chr2:10788436	Chr2:10788436	""	FALSE	TRUE	TRUE	1	1	FALSE	FALSE	3	3	3	1	2	4
bgs_V1_c1_rep2_env2	emmax_simes	Chr2	10969974	11052141	5	1	Chr2:10969974;Chr2:11033015;Chr2:11038638;Chr2:11043816;Chr2:11052141	Chr2:11033015	""	FALSE	TRUE	TRUE	1	1	FALSE	FALSE	3	3	3	1	2	4
bgs_V1_c1_rep2_env2	emmax_simes	Chr2	11613328	11822541	9	2	Chr2:11613328;Chr2:11651877;Chr2:11689749;Chr2:11758452;Chr2:11762994;Chr2:11779398;Chr2:11798939;Chr2:11818521;Chr2:11822541	Chr2:11651877;Chr2:11822541	""	FALSE	FALSE	TRUE	0	1	FALSE	FALSE	2	2	2	1	2	4
bgs_V1_c1_rep2_env2	lfmm_simes	Chr1	20285425	20297971	4	1	Chr1:20285425;Chr1:20290213;Chr1:20292430;Chr1:20297971	Chr1:20285425	Chr1:20297971	TRUE	TRUE	TRUE	1	1	FALSE	FALSE	3	3	3	1	2	4
bgs_V1_c1_rep2_env2	lfmm_simes	Chr2	10321304	10343945	2	1	Chr2:10321304;Chr2:10343945	Chr2:10321304	""	FALSE	FALSE	FALSE	0	0	FALSE	FALSE	1	1	1	1	2	4
bgs_V1_c1_rep2_env2	lfmm_simes	Chr2	10487733	10708870	5	1	Chr2:10487733;Chr2:10614699;Chr2:10662937;Chr2:10681428;Chr2:10708870	Chr2:10662937	""	FALSE	TRUE	TRUE	1	1	FALSE	FALSE	3	3	3	1	2	4
bgs_V1_c1_rep2_env2	lfmm_simes	Chr2	10538515	10568026	4	1	Chr2:10538515;Chr2:10541210;Chr2:10552736;Chr2:10568026	Chr2:10538515	""	FALSE	TRUE	TRUE	1	1	FALSE	FALSE	3	3	3	1	2	4
bgs_V1_c1_rep2_env2	lfmm_simes	Chr2	10683565	10717977	5	1	Chr2:10683565;Chr2:10692469;Chr2:10701706;Chr2:10702351;Chr2:10717977	Chr2:10692469	""	FALSE	TRUE	TRUE	1	1	FALSE	FALSE	3	3	3	1	2	4
bgs_V1_c1_rep2_env2	lfmm_simes	Chr2	10716810	10788436	4	1	Chr2:10716810;Chr2:10765626;Chr2:10786796;Chr2:10788436	Chr2:10788436	""	FALSE	TRUE	TRUE	1	1	FALSE	FALSE	3	3	3	1	2	4
bgs_V1_c1_rep2_env2	lfmm_simes	Chr2	10969974	11218035	24	3	Chr2:10969974;Chr2:11033015;Chr2:11038638;Chr2:11043816;Chr2:11052141;Chr2:11073598;Chr2:11077102;Chr2:11080565;Chr2:11082727;Chr2:11085488;Chr2:11088895;Chr2:11121321;Chr2:11126265;Chr2:11129914;Chr2:11161540;Chr2:11166377;Chr2:11187406;Chr2:11193815;Chr2:11194481;Chr2:11196311;Chr2:11201912;Chr2:11205598;Chr2:11214393;Chr2:11218035	Chr2:11033015;Chr2:11121321;Chr2:11161540	""	FALSE	TRUE	TRUE	1	1	FALSE	FALSE	3	3	3	1	2	4
bgs_V1_c1_rep2_env2	lfmm_simes	Chr2	11264821	11464851	6	1	Chr2:11264821;Chr2:11297322;Chr2:11339853;Chr2:11359768;Chr2:11395890;Chr2:11464851	Chr2:11395890	""	FALSE	TRUE	TRUE	1	1	FALSE	FALSE	3	3	3	1	2	4
bgs_V1_c1_rep2_env2	lfmm_simes	Chr2	11613328	12048213	14	3	Chr2:11613328;Chr2:11651877;Chr2:11689749;Chr2:11758452;Chr2:11762994;Chr2:11779398;Chr2:11798939;Chr2:11818521;Chr2:11822541;Chr2:11895443;Chr2:11926940;Chr2:11963609;Chr2:12046211;Chr2:12048213	Chr2:11651877;Chr2:11822541;Chr2:11895443	""	FALSE	TRUE	TRUE	1	2	FALSE	FALSE	3	3	3	1	2	4
bgs_V1_c1_rep2_env2	lfmm_simes	Chr2	12177270	12280552	7	1	Chr2:12177270;Chr2:12216897;Chr2:12221321;Chr2:12224493;Chr2:12232518;Chr2:12240519;Chr2:12280552	Chr2:12177270	""	FALSE	TRUE	TRUE	1	1	FALSE	FALSE	3	3	3	1	2	4
bgs_V1_c1_rep2_env3	emmax_consensus	Chr1	11796660	11988940	11	1	Chr1:11796660;Chr1:11809298;Chr1:11809927;Chr1:11820473;Chr1:11832270;Chr1:11839433;Chr1:11840337;Chr1:11848636;Chr1:11859574;Chr1:11877584;Chr1:11988940	Chr1:11809298	Chr1:11988940	TRUE	FALSE	TRUE	0	1	FALSE	FALSE	2	2	2	1	2	4
bgs_V1_c1_rep2_env3	emmax_consensus	Chr1	12052283	12068654	2	1	Chr1:12052283;Chr1:12068654	Chr1:12052283	Chr1:11988940	TRUE	TRUE	FALSE	1	0	FALSE	FALSE	2	2	2	1	2	4
bgs_V1_c1_rep2_env3	emmax_simes	Chr1	11796660	11988940	11	1	Chr1:11796660;Chr1:11809298;Chr1:11809927;Chr1:11820473;Chr1:11832270;Chr1:11839433;Chr1:11840337;Chr1:11848636;Chr1:11859574;Chr1:11877584;Chr1:11988940	Chr1:11809298	Chr1:11988940	TRUE	TRUE	TRUE	1	1	FALSE	FALSE	3	3	3	1	2	4
bgs_V1_c1_rep2_env3	emmax_simes	Chr1	12052283	12068654	2	1	Chr1:12052283;Chr1:12068654	Chr1:12052283	Chr1:11988940	TRUE	TRUE	FALSE	1	0	FALSE	FALSE	2	2	2	1	2	4
bgs_V1_c1_rep2_env3	lfmm_simes	Chr1	11796660	11988940	11	1	Chr1:11796660;Chr1:11809298;Chr1:11809927;Chr1:11820473;Chr1:11832270;Chr1:11839433;Chr1:11840337;Chr1:11848636;Chr1:11859574;Chr1:11877584;Chr1:11988940	Chr1:11809298	Chr1:11988940	TRUE	FALSE	TRUE	0	1	FALSE	FALSE	2	2	2	1	2	4
bgs_V1_c1_rep2_env3	lfmm_simes	Chr1	12052283	12068654	2	1	Chr1:12052283;Chr1:12068654	Chr1:12052283	Chr1:11988940	TRUE	FALSE	FALSE	0	0	FALSE	FALSE	1	1	1	1	2	4
bgs_V1_c1_rep2_env3	lfmm_simes	Chr1	17737143	17744120	3	1	Chr1:17737143;Chr1:17740745;Chr1:17744120	Chr1:17740745	Chr1:17744120	TRUE	FALSE	FALSE	0	0	FALSE	FALSE	1	1	1	1	2	4
bgs_V1_c1_rep2_env4	emmax_consensus	Chr1	21525157	21535439	4	1	Chr1:21525157;Chr1:21531407;Chr1:21531973;Chr1:21535439	Chr1:21531973	Chr1:21572482	TRUE	TRUE	TRUE	1	1	FALSE	FALSE	3	3	3	1	2	4
bgs_V1_c1_rep2_env4	emmax_consensus	Chr1	21545229	21572482	8	3	Chr1:21545229;Chr1:21546716;Chr1:21548334;Chr1:21556210;Chr1:21556462;Chr1:21561838;Chr1:21570227;Chr1:21572482	Chr1:21546716;Chr1:21556462;Chr1:21570227	Chr1:21572482	TRUE	TRUE	FALSE	1	0	FALSE	FALSE	2	2	2	1	2	4
bgs_V1_c1_rep2_env4	emmax_consensus	Chr1	21605421	21611219	3	1	Chr1:21605421;Chr1:21607749;Chr1:21611219	Chr1:21611219	Chr1:21572482	TRUE	TRUE	FALSE	1	0	FALSE	FALSE	2	2	2	1	2	4
bgs_V1_c1_rep2_env4	emmax_simes	Chr1	9377376	9383904	2	1	Chr1:9377376;Chr1:9383904	Chr1:9377376	""	FALSE	FALSE	FALSE	0	0	FALSE	FALSE	1	1	1	1	2	4
bgs_V1_c1_rep2_env4	emmax_simes	Chr1	21525157	21535439	4	1	Chr1:21525157;Chr1:21531407;Chr1:21531973;Chr1:21535439	Chr1:21531973	Chr1:21572482	TRUE	TRUE	TRUE	1	1	FALSE	FALSE	3	3	3	1	2	4
bgs_V1_c1_rep2_env4	emmax_simes	Chr1	21545229	21572482	8	3	Chr1:21545229;Chr1:21546716;Chr1:21548334;Chr1:21556210;Chr1:21556462;Chr1:21561838;Chr1:21570227;Chr1:21572482	Chr1:21546716;Chr1:21556462;Chr1:21570227	Chr1:21572482	TRUE	TRUE	FALSE	1	0	FALSE	FALSE	2	2	2	1	2	4
bgs_V1_c1_rep2_env4	emmax_simes	Chr1	21605421	21611219	3	1	Chr1:21605421;Chr1:21607749;Chr1:21611219	Chr1:21611219	Chr1:21572482	TRUE	FALSE	FALSE	0	0	FALSE	FALSE	1	1	1	1	2	4
bgs_V1_c1_rep2_env4	lfmm_simes	Chr1	21525157	21535439	4	1	Chr1:21525157;Chr1:21531407;Chr1:21531973;Chr1:21535439	Chr1:21531973	Chr1:21572482	TRUE	TRUE	TRUE	1	1	FALSE	FALSE	3	3	3	1	2	4
bgs_V1_c1_rep2_env4	lfmm_simes	Chr1	21545229	21572482	8	3	Chr1:21545229;Chr1:21546716;Chr1:21548334;Chr1:21556210;Chr1:21556462;Chr1:21561838;Chr1:21570227;Chr1:21572482	Chr1:21546716;Chr1:21556462;Chr1:21570227	Chr1:21572482	TRUE	TRUE	FALSE	1	0	FALSE	FALSE	2	2	2	1	2	4
bgs_V1_c1_rep2_env4	lfmm_simes	Chr1	21605421	21611219	3	1	Chr1:21605421;Chr1:21607749;Chr1:21611219	Chr1:21611219	Chr1:21572482	TRUE	TRUE	FALSE	1	0	FALSE	FALSE	2	2	2	1	2	4
bgs_V1_c1_rep2_env5	lfmm_simes	Chr1	18206794	18228353	3	1	Chr1:18206794;Chr1:18221595;Chr1:18228353	Chr1:18228353	Chr1:18221595	TRUE	FALSE	FALSE	0	0	FALSE	FALSE	1	1	1	1	2	4
bgs_V1_c1_rep2_env6	emmax_consensus	Chr1	18206794	18246364	9	2	Chr1:18206794;Chr1:18209951;Chr1:18211627;Chr1:18213363;Chr1:18220424;Chr1:18221030;Chr1:18221595;Chr1:18230177;Chr1:18246364	Chr1:18220424;Chr1:18221595	Chr1:18221595	TRUE	TRUE	TRUE	1	1	FALSE	FALSE	3	3	3	1	2	4
bgs_V1_c1_rep2_env6	emmax_simes	Chr1	18206794	18246364	9	2	Chr1:18206794;Chr1:18209951;Chr1:18211627;Chr1:18213363;Chr1:18220424;Chr1:18221030;Chr1:18221595;Chr1:18230177;Chr1:18246364	Chr1:18220424;Chr1:18221595	Chr1:18221595	TRUE	TRUE	TRUE	1	1	FALSE	FALSE	3	3	3	1	2	4
bgs_V1_c1_rep2_env6	lfmm_simes	Chr1	18206794	18246364	9	2	Chr1:18206794;Chr1:18209951;Chr1:18211627;Chr1:18213363;Chr1:18220424;Chr1:18221030;Chr1:18221595;Chr1:18230177;Chr1:18246364	Chr1:18220424;Chr1:18221595	Chr1:18221595	TRUE	TRUE	TRUE	1	1	FALSE	FALSE	3	3	3	1	2	4
bgs_V1_c1_rep2_env6	lfmm_simes	Chr2	5844944	5847991	2	1	Chr2:5844944;Chr2:5847991	Chr2:5844944	""	FALSE	TRUE	FALSE	1	0	FALSE	FALSE	2	2	2	1	2	4
bgs_V1_c1_rep2_env7	emmax_consensus	Chr1	19197871	19211853	2	1	Chr1:19197871;Chr1:19211853	Chr1:19197871	Chr1:19211853	TRUE	TRUE	FALSE	1	0	FALSE	FALSE	2	2	2	1	2	4
bgs_V1_c1_rep2_env7	emmax_simes	Chr1	19197871	19211853	2	1	Chr1:19197871;Chr1:19211853	Chr1:19197871	Chr1:19211853	TRUE	TRUE	FALSE	1	0	FALSE	FALSE	2	2	2	1	2	4
bgs_V1_c1_rep2_env7	lfmm_simes	Chr1	19197871	19211853	2	1	Chr1:19197871;Chr1:19211853	Chr1:19197871	Chr1:19211853	TRUE	TRUE	FALSE	1	0	FALSE	FALSE	2	2	2	1	2	4
bgs_V1_c1_rep2_env8	emmax_consensus	Chr1	7060580	7205102	8	1	Chr1:7060580;Chr1:7061595;Chr1:7062604;Chr1:7134540;Chr1:7146654;Chr1:7176060;Chr1:7201817;Chr1:7205102	Chr1:7146654	""	FALSE	TRUE	TRUE	1	1	FALSE	FALSE	3	3	3	1	2	4
bgs_V1_c1_rep2_env8	emmax_consensus	Chr2	7826439	7880457	2	1	Chr2:7826439;Chr2:7880457	Chr2:7826439	""	FALSE	TRUE	FALSE	1	0	FALSE	FALSE	2	2	2	1	2	4
bgs_V1_c1_rep2_env8	emmax_simes	Chr1	7060580	7205102	8	1	Chr1:7060580;Chr1:7061595;Chr1:7062604;Chr1:7134540;Chr1:7146654;Chr1:7176060;Chr1:7201817;Chr1:7205102	Chr1:7146654	""	FALSE	FALSE	TRUE	0	1	FALSE	FALSE	2	2	2	1	2	4
bgs_V1_c1_rep2_env8	lfmm_simes	Chr1	2553138	2576889	7	1	Chr1:2553138;Chr1:2559177;Chr1:2560622;Chr1:2561455;Chr1:2562183;Chr1:2568211;Chr1:2576889	Chr1:2559177	Chr1:2576889	TRUE	TRUE	TRUE	1	1	FALSE	FALSE	3	3	3	1	2	4
bgs_V1_c1_rep2_env8	lfmm_simes	Chr1	7060580	7205102	8	1	Chr1:7060580;Chr1:7061595;Chr1:7062604;Chr1:7134540;Chr1:7146654;Chr1:7176060;Chr1:7201817;Chr1:7205102	Chr1:7146654	""	FALSE	TRUE	TRUE	1	1	FALSE	FALSE	3	3	3	1	2	4
bgs_V1_c1_rep2_env9	emmax_consensus	Chr1	12382517	12676426	51	3	Chr1:12382517;Chr1:12386567;Chr1:12388315;Chr1:12398978;Chr1:12399279;Chr1:12399539;Chr1:12400259;Chr1:12400764;Chr1:12402381;Chr1:12408303;Chr1:12408803;Chr1:12412249;Chr1:12414524;Chr1:12417577;Chr1:12421618;Chr1:12429762;Chr1:12431809;Chr1:12438388;Chr1:12440827;Chr1:12450462;Chr1:12455069;Chr1:12463795;Chr1:12467812;Chr1:12476307;Chr1:12477458;Chr1:12479762;Chr1:12491413;Chr1:12494794;Chr1:12497510;Chr1:12497946;Chr1:12503945;Chr1:12505657;Chr1:12515533;Chr1:12440771;Chr1:12450120;Chr1:12454107;Chr1:12455171;Chr1:12456040;Chr1:12459845;Chr1:12518176;Chr1:12530654;Chr1:12566196;Chr1:12589006;Chr1:12612056;Chr1:12613128;Chr1:12619165;Chr1:12630069;Chr1:12648752;Chr1:12659857;Chr1:12660185;Chr1:12676426	Chr1:12438388;Chr1:12454107;Chr1:12619165	Chr1:12479762	TRUE	TRUE	TRUE	1	1	FALSE	FALSE	3	3	3	1	2	4
bgs_V1_c1_rep2_env9	emmax_simes	Chr1	12372488	12676426	55	4	Chr1:12372488;Chr1:12373062;Chr1:12377239;Chr1:12378264;Chr1:12382517;Chr1:12386567;Chr1:12388315;Chr1:12398978;Chr1:12399279;Chr1:12399539;Chr1:12400259;Chr1:12400764;Chr1:12402381;Chr1:12408303;Chr1:12408803;Chr1:12412249;Chr1:12414524;Chr1:12417577;Chr1:12421618;Chr1:12429762;Chr1:12431809;Chr1:12438388;Chr1:12440827;Chr1:12450462;Chr1:12455069;Chr1:12463795;Chr1:12467812;Chr1:12476307;Chr1:12477458;Chr1:12479762;Chr1:12491413;Chr1:12494794;Chr1:12497510;Chr1:12497946;Chr1:12503945;Chr1:12505657;Chr1:12515533;Chr1:12440771;Chr1:12450120;Chr1:12454107;Chr1:12455171;Chr1:12456040;Chr1:12459845;Chr1:12518176;Chr1:12530654;Chr1:12566196;Chr1:12589006;Chr1:12612056;Chr1:12613128;Chr1:12619165;Chr1:12630069;Chr1:12648752;Chr1:12659857;Chr1:12660185;Chr1:12676426	Chr1:12372488;Chr1:12438388;Chr1:12454107;Chr1:12619165	Chr1:12479762	TRUE	TRUE	TRUE	1	1	FALSE	FALSE	3	3	3	1	2	4
bgs_V1_c1_rep2_env9	emmax_simes	Chr1	15754429	15790268	6	1	Chr1:15754429;Chr1:15755280;Chr1:15763411;Chr1:15778782;Chr1:15780357;Chr1:15790268	Chr1:15763411	""	FALSE	FALSE	TRUE	0	1	FALSE	FALSE	2	2	2	1	2	4
bgs_V1_c1_rep2_env9	emmax_simes	Chr2	5182263	5190276	2	1	Chr2:5182263;Chr2:5190276	Chr2:5182263	""	FALSE	FALSE	FALSE	0	0	FALSE	FALSE	1	1	1	1	2	4
bgs_V1_c1_rep2_env9	emmax_simes	Chr2	15630916	15643550	2	1	Chr2:15630916;Chr2:15643550	Chr2:15630916	""	FALSE	FALSE	FALSE	0	0	FALSE	FALSE	1	1	1	1	2	4
bgs_V1_c1_rep3_env1	emmax_consensus	Chr1	697601	707348	2	1	Chr1:697601;Chr1:707348	Chr1:697601	Chr1:697601	TRUE	TRUE	FALSE	1	0	FALSE	FALSE	2	2	2	1	2	4
bgs_V1_c1_rep3_env1	emmax_simes	Chr1	697601	707348	2	1	Chr1:697601;Chr1:707348	Chr1:697601	Chr1:697601	TRUE	TRUE	FALSE	1	0	FALSE	FALSE	2	2	2	1	2	4
bgs_V1_c1_rep3_env1	lfmm_simes	Chr1	697601	707348	2	1	Chr1:697601;Chr1:707348	Chr1:697601	Chr1:697601	TRUE	TRUE	FALSE	1	0	FALSE	FALSE	2	2	2	1	2	4
bgs_V1_c1_rep3_env10	emmax_consensus	Chr1	14432185	14455290	10	2	Chr1:14432185;Chr1:14435915;Chr1:14437704;Chr1:14438949;Chr1:14441408;Chr1:14441501;Chr1:14442417;Chr1:14437507;Chr1:14452154;Chr1:14455290	Chr1:14441408;Chr1:14452154	Chr1:14455290	TRUE	TRUE	TRUE	1	1	FALSE	FALSE	3	3	3	1	2	4
bgs_V1_c1_rep3_env10	emmax_simes	Chr1	14432185	14455290	10	2	Chr1:14432185;Chr1:14435915;Chr1:14437704;Chr1:14438949;Chr1:14441408;Chr1:14441501;Chr1:14442417;Chr1:14437507;Chr1:14452154;Chr1:14455290	Chr1:14441408;Chr1:14452154	Chr1:14455290	TRUE	TRUE	TRUE	1	1	FALSE	FALSE	3	3	3	1	2	4
bgs_V1_c1_rep3_env10	lfmm_simes	Chr1	10369787	10399246	2	1	Chr1:10369787;Chr1:10399246	Chr1:10369787	""	FALSE	FALSE	FALSE	0	0	FALSE	FALSE	1	1	1	1	2	4
bgs_V1_c1_rep3_env10	lfmm_simes	Chr1	13075018	13076860	2	1	Chr1:13075018;Chr1:13076860	Chr1:13075018	Chr1:13100343	TRUE	TRUE	FALSE	1	0	FALSE	FALSE	2	2	2	1	2	4
bgs_V1_c1_rep3_env10	lfmm_simes	Chr1	14432185	14455290	10	2	Chr1:14432185;Chr1:14435915;Chr1:14437704;Chr1:14438949;Chr1:14441408;Chr1:14441501;Chr1:14442417;Chr1:14437507;Chr1:14452154;Chr1:14455290	Chr1:14441408;Chr1:14452154	Chr1:14455290	TRUE	TRUE	TRUE	1	1	FALSE	FALSE	3	3	3	1	2	4
bgs_V1_c1_rep3_env2	emmax_consensus	Chr1	10979576	11048292	14	3	Chr1:10979576;Chr1:10980885;Chr1:10987129;Chr1:10989694;Chr1:10993838;Chr1:11001826;Chr1:11010523;Chr1:11028100;Chr1:11029409;Chr1:11030074;Chr1:11030613;Chr1:11036396;Chr1:11046106;Chr1:11048292	Chr1:10989694;Chr1:11029409;Chr1:11036396	Chr1:10989694	TRUE	TRUE	TRUE	1	2	FALSE	FALSE	3	3	3	1	2	4
bgs_V1_c1_rep3_env2	emmax_simes	Chr1	10979576	11010523	7	1	Chr1:10979576;Chr1:10980885;Chr1:10987129;Chr1:10989694;Chr1:10993838;Chr1:11001826;Chr1:11010523	Chr1:10989694	Chr1:10989694	TRUE	TRUE	TRUE	1	1	FALSE	FALSE	3	3	3	1	2	4
bgs_V1_c1_rep3_env2	lfmm_simes	Chr1	10979576	11048292	10	2	Chr1:10979576;Chr1:10980885;Chr1:10987129;Chr1:10989694;Chr1:10993838;Chr1:11001826;Chr1:11010523;Chr1:11036396;Chr1:11046106;Chr1:11048292	Chr1:10989694;Chr1:11036396	Chr1:10989694	TRUE	TRUE	TRUE	1	1	FALSE	FALSE	3	3	3	1	2	4
bgs_V1_c1_rep3_env2	lfmm_simes	Chr2	10397622	10421708	4	1	Chr2:10397622;Chr2:10405357;Chr2:10418752;Chr2:10421708	Chr2:10397622	""	FALSE	TRUE	TRUE	1	1	FALSE	FALSE	3	3	3	1	2	4
bgs_V1_c1_rep3_env2	lfmm_simes	Chr2	13153439	13154276	2	1	Chr2:13153439;Chr2:13154276	Chr2:13153439	""	FALSE	FALSE	FALSE	0	0	FALSE	FALSE	1	1	1	1	2	4
bgs_V1_c1_rep3_env4	lfmm_simes	Chr1	16288360	16290057	3	1	Chr1:16288360;Chr1:16289472;Chr1:16290057	Chr1:16290057	Chr1:16288360	TRUE	TRUE	FALSE	1	0	FALSE	FALSE	2	2	2	1	2	4
bgs_V1_c1_rep3_env6	emmax_consensus	Chr1	13092670	13123116	6	1	Chr1:13092670;Chr1:13100343;Chr1:13102362;Chr1:13111007;Chr1:13120375;Chr1:13123116	Chr1:13100343	Chr1:13100343	TRUE	TRUE	TRUE	1	1	FALSE	FALSE	3	3	3	1	2	4
bgs_V1_c1_rep3_env6	emmax_simes	Chr1	13092670	13123116	6	1	Chr1:13092670;Chr1:13100343;Chr1:13102362;Chr1:13111007;Chr1:13120375;Chr1:13123116	Chr1:13100343	Chr1:13100343	TRUE	TRUE	TRUE	1	1	FALSE	FALSE	3	3	3	1	2	4
bgs_V1_c1_rep3_env6	lfmm_simes	Chr1	13092670	13205807	11	3	Chr1:13092670;Chr1:13100343;Chr1:13102362;Chr1:13111007;Chr1:13120375;Chr1:13123116;Chr1:13140328;Chr1:13149874;Chr1:13177277;Chr1:13196772;Chr1:13205807	Chr1:13100343;Chr1:13140328;Chr1:13177277	Chr1:13100343	TRUE	TRUE	TRUE	1	1	FALSE	FALSE	3	3	3	1	2	4
bgs_V1_c1_rep3_env7	emmax_simes	Chr1	10989694	11035563	10	1	Chr1:10989694;Chr1:11010542;Chr1:11021176;Chr1:11022288;Chr1:11022603;Chr1:11030613;Chr1:11033321;Chr1:11033944;Chr1:11035379;Chr1:11035563	Chr1:11033321	Chr1:10989694	TRUE	TRUE	TRUE	1	1	FALSE	FALSE	3	3	3	1	2	4
bgs_V1_c1_rep3_env7	lfmm_simes	Chr1	10986719	11035563	17	2	Chr1:10986719;Chr1:10988250;Chr1:10994279;Chr1:11002073;Chr1:11008917;Chr1:11010523;Chr1:11014018;Chr1:10989694;Chr1:11010542;Chr1:11021176;Chr1:11022288;Chr1:11022603;Chr1:11030613;Chr1:11033321;Chr1:11033944;Chr1:11035379;Chr1:11035563	Chr1:11008917;Chr1:11033321	Chr1:10989694	TRUE	TRUE	TRUE	1	1	FALSE	FALSE	3	3	3	1	2	4
bgs_V1_c1_rep3_env7	lfmm_simes	Chr2	14231639	14235437	2	1	Chr2:14231639;Chr2:14235437	Chr2:14231639	""	FALSE	FALSE	FALSE	0	0	FALSE	FALSE	1	1	1	1	2	4
bgs_V1_c1_rep3_env8	emmax_consensus	Chr1	7556935	7610972	9	2	Chr1:7556935;Chr1:7561345;Chr1:7570028;Chr1:7571868;Chr1:7582004;Chr1:7585055;Chr1:7587090;Chr1:7592112;Chr1:7610972	Chr1:7561345;Chr1:7587090	Chr1:7533826	TRUE	TRUE	TRUE	1	1	FALSE	FALSE	3	3	3	1	2	4
bgs_V1_c1_rep3_env8	emmax_consensus	Chr1	7632414	7651875	2	1	Chr1:7632414;Chr1:7651875	Chr1:7632414	""	FALSE	TRUE	FALSE	1	0	FALSE	FALSE	2	2	2	1	2	4
bgs_V1_c1_rep3_env8	emmax_consensus	Chr1	12556659	12558910	2	1	Chr1:12556659;Chr1:12558910	Chr1:12556659	Chr1:12558910	TRUE	TRUE	FALSE	1	0	FALSE	FALSE	2	2	2	1	2	4
bgs_V1_c1_rep3_env8	emmax_consensus	Chr2	13537156	13543764	3	1	Chr2:13537156;Chr2:13541702;Chr2:13543764	Chr2:13541702	""	FALSE	FALSE	FALSE	0	0	FALSE	FALSE	1	1	1	1	2	4
bgs_V1_c1_rep3_env8	emmax_simes	Chr1	7522836	7610972	15	3	Chr1:7522836;Chr1:7527694;Chr1:7530780;Chr1:7533826;Chr1:7535904;Chr1:7541271;Chr1:7556935;Chr1:7561345;Chr1:7570028;Chr1:7571868;Chr1:7582004;Chr1:7585055;Chr1:7587090;Chr1:7592112;Chr1:7610972	Chr1:7527694;Chr1:7561345;Chr1:7587090	Chr1:7533826	TRUE	TRUE	TRUE	1	1	FALSE	FALSE	3	3	3	1	2	4
bgs_V1_c1_rep3_env8	emmax_simes	Chr1	7632414	7651875	2	1	Chr1:7632414;Chr1:7651875	Chr1:7632414	""	FALSE	TRUE	FALSE	1	0	FALSE	FALSE	2	2	2	1	2	4
bgs_V1_c1_rep3_env8	emmax_simes	Chr1	12214277	12231835	2	1	Chr1:12214277;Chr1:12231835	Chr1:12214277	""	FALSE	FALSE	FALSE	0	0	FALSE	FALSE	1	1	1	1	2	4
bgs_V1_c1_rep3_env8	emmax_simes	Chr1	12556659	12558910	2	1	Chr1:12556659;Chr1:12558910	Chr1:12556659	Chr1:12558910	TRUE	TRUE	FALSE	1	0	FALSE	FALSE	2	2	2	1	2	4
bgs_V1_c1_rep3_env8	lfmm_simes	Chr1	7522836	7610972	15	3	Chr1:7522836;Chr1:7527694;Chr1:7530780;Chr1:7533826;Chr1:7535904;Chr1:7541271;Chr1:7556935;Chr1:7561345;Chr1:7570028;Chr1:7571868;Chr1:7582004;Chr1:7585055;Chr1:7587090;Chr1:7592112;Chr1:7610972	Chr1:7527694;Chr1:7561345;Chr1:7587090	Chr1:7533826	TRUE	TRUE	TRUE	1	1	FALSE	FALSE	3	3	3	1	2	4
bgs_V1_c1_rep3_env8	lfmm_simes	Chr1	7632414	7651875	2	1	Chr1:7632414;Chr1:7651875	Chr1:7632414	""	FALSE	TRUE	FALSE	1	0	FALSE	FALSE	2	2	2	1	2	4
bgs_V1_c1_rep3_env8	lfmm_simes	Chr1	12214277	12231835	2	1	Chr1:12214277;Chr1:12231835	Chr1:12214277	""	FALSE	TRUE	FALSE	1	0	FALSE	FALSE	2	2	2	1	2	4
bgs_V1_c1_rep3_env8	lfmm_simes	Chr1	12556659	12558910	2	1	Chr1:12556659;Chr1:12558910	Chr1:12556659	Chr1:12558910	TRUE	TRUE	FALSE	1	0	FALSE	FALSE	2	2	2	1	2	4
bgs_V1_c1_rep3_env8	lfmm_simes	Chr2	13537156	13543764	3	1	Chr2:13537156;Chr2:13541702;Chr2:13543764	Chr2:13541702	""	FALSE	TRUE	FALSE	1	0	FALSE	FALSE	2	2	2	1	2	4
bgs_V1_c1_rep3_env9	emmax_consensus	Chr1	1616715	1643488	4	2	Chr1:1616715;Chr1:1625665;Chr1:1623613;Chr1:1643488	Chr1:1616715;Chr1:1623613	Chr1:1625665	TRUE	TRUE	FALSE	1	0	FALSE	FALSE	2	2	2	1	2	4
bgs_V1_c1_rep3_env9	emmax_consensus	Chr1	2631890	2640857	4	1	Chr1:2631890;Chr1:2634053;Chr1:2639580;Chr1:2640857	Chr1:2634053	""	FALSE	FALSE	TRUE	0	1	FALSE	FALSE	2	2	2	1	2	4
bgs_V1_c1_rep3_env9	emmax_simes	Chr1	1616715	1643488	4	2	Chr1:1616715;Chr1:1625665;Chr1:1623613;Chr1:1643488	Chr1:1616715;Chr1:1623613	Chr1:1625665	TRUE	TRUE	FALSE	1	0	FALSE	FALSE	2	2	2	1	2	4
bgs_V1_c1_rep3_env9	emmax_simes	Chr1	2631890	2640857	4	1	Chr1:2631890;Chr1:2634053;Chr1:2639580;Chr1:2640857	Chr1:2634053	""	FALSE	FALSE	TRUE	0	1	FALSE	FALSE	2	2	2	1	2	4
bgs_V1_c1_rep3_env9	lfmm_simes	Chr1	1616715	1643488	4	2	Chr1:1616715;Chr1:1625665;Chr1:1623613;Chr1:1643488	Chr1:1616715;Chr1:1623613	Chr1:1625665	TRUE	TRUE	FALSE	1	0	FALSE	FALSE	2	2	2	1	2	4
bgs_V1_c1_rep4_env10	emmax_consensus	Chr2	588851	627994	3	1	Chr2:588851;Chr2:599172;Chr2:627994	Chr2:599172	""	FALSE	FALSE	FALSE	0	0	FALSE	FALSE	1	1	1	1	2	4
bgs_V1_c1_rep4_env10	lfmm_simes	Chr2	588851	627994	3	1	Chr2:588851;Chr2:599172;Chr2:627994	Chr2:599172	""	FALSE	FALSE	FALSE	0	0	FALSE	FALSE	1	1	1	1	2	4
bgs_V1_c1_rep4_env10	lfmm_simes	Chr2	15901686	15902666	2	1	Chr2:15901686;Chr2:15902666	Chr2:15901686	""	FALSE	FALSE	FALSE	0	0	FALSE	FALSE	1	1	1	1	2	4
bgs_V1_c1_rep4_env2	emmax_consensus	Chr1	31066395	31068971	2	1	Chr1:31066395;Chr1:31068971	Chr1:31066395	Chr1:31066395	TRUE	TRUE	FALSE	1	0	FALSE	FALSE	2	2	2	1	2	4
bgs_V1_c1_rep4_env2	emmax_consensus	Chr1	31085068	31087285	2	1	Chr1:31085068;Chr1:31087285	Chr1:31085068	Chr1:31066395	TRUE	TRUE	FALSE	1	0	FALSE	FALSE	2	2	2	1	2	4
bgs_V1_c1_rep4_env2	emmax_simes	Chr1	31066395	31068971	2	1	Chr1:31066395;Chr1:31068971	Chr1:31066395	Chr1:31066395	TRUE	TRUE	FALSE	1	0	FALSE	FALSE	2	2	2	1	2	4
bgs_V1_c1_rep4_env2	emmax_simes	Chr1	31085068	31087285	2	1	Chr1:31085068;Chr1:31087285	Chr1:31085068	Chr1:31066395	TRUE	FALSE	FALSE	0	0	FALSE	FALSE	1	1	1	1	2	4
bgs_V1_c1_rep4_env2	lfmm_simes	Chr1	31066395	31068971	2	1	Chr1:31066395;Chr1:31068971	Chr1:31066395	Chr1:31066395	TRUE	TRUE	FALSE	1	0	FALSE	FALSE	2	2	2	1	2	4
bgs_V1_c1_rep4_env2	lfmm_simes	Chr1	31085068	31087285	2	1	Chr1:31085068;Chr1:31087285	Chr1:31085068	Chr1:31066395	TRUE	FALSE	FALSE	0	0	FALSE	FALSE	1	1	1	1	2	4
bgs_V1_c1_rep4_env4	emmax_consensus	Chr1	31066395	31068971	2	1	Chr1:31066395;Chr1:31068971	Chr1:31066395	Chr1:31066395	TRUE	TRUE	FALSE	1	0	FALSE	FALSE	2	2	2	1	2	4
bgs_V1_c1_rep4_env4	emmax_consensus	Chr1	31085068	31087285	2	1	Chr1:31085068;Chr1:31087285	Chr1:31085068	Chr1:31066395	TRUE	TRUE	FALSE	1	0	FALSE	FALSE	2	2	2	1	2	4
bgs_V1_c1_rep4_env4	emmax_simes	Chr1	31066395	31068971	2	1	Chr1:31066395;Chr1:31068971	Chr1:31066395	Chr1:31066395	TRUE	TRUE	FALSE	1	0	FALSE	FALSE	2	2	2	1	2	4
bgs_V1_c1_rep4_env4	emmax_simes	Chr1	31085068	31087285	2	1	Chr1:31085068;Chr1:31087285	Chr1:31085068	Chr1:31066395	TRUE	FALSE	FALSE	0	0	FALSE	FALSE	1	1	1	1	2	4
bgs_V1_c1_rep4_env4	lfmm_simes	Chr1	31066395	31068971	2	1	Chr1:31066395;Chr1:31068971	Chr1:31066395	Chr1:31066395	TRUE	TRUE	FALSE	1	0	FALSE	FALSE	2	2	2	1	2	4
bgs_V1_c1_rep4_env5	emmax_consensus	Chr2	29155638	29200854	2	1	Chr2:29155638;Chr2:29200854	Chr2:29155638	""	FALSE	FALSE	FALSE	0	0	FALSE	FALSE	1	1	1	1	2	4
bgs_V1_c1_rep4_env6	emmax_consensus	Chr1	11416890	11489845	10	2	Chr1:11416890;Chr1:11424495;Chr1:11427728;Chr1:11459721;Chr1:11485529;Chr1:11489327;Chr1:11489845;Chr1:11440151;Chr1:11440653;Chr1:11467806	Chr1:11485529;Chr1:11440653	""	FALSE	TRUE	TRUE	1	1	FALSE	FALSE	3	3	3	1	2	4
bgs_V1_c1_rep4_env6	lfmm_simes	Chr1	11416890	11489845	10	2	Chr1:11416890;Chr1:11424495;Chr1:11427728;Chr1:11459721;Chr1:11485529;Chr1:11489327;Chr1:11489845;Chr1:11440151;Chr1:11440653;Chr1:11467806	Chr1:11485529;Chr1:11440653	""	FALSE	TRUE	TRUE	1	1	FALSE	FALSE	3	3	3	1	2	4
bgs_V1_c1_rep4_env6	lfmm_simes	Chr2	3815544	3815565	2	1	Chr2:3815544;Chr2:3815565	Chr2:3815544	""	FALSE	TRUE	FALSE	1	0	FALSE	FALSE	2	2	2	1	2	4
bgs_V1_c1_rep4_env7	emmax_consensus	Chr1	3578958	3595137	3	1	Chr1:3578958;Chr1:3579195;Chr1:3595137	Chr1:3579195	Chr1:3595137	TRUE	TRUE	FALSE	1	0	FALSE	FALSE	2	2	2	1	2	4
bgs_V1_c1_rep4_env7	emmax_simes	Chr1	3578958	3595137	3	1	Chr1:3578958;Chr1:3579195;Chr1:3595137	Chr1:3579195	Chr1:3595137	TRUE	FALSE	FALSE	0	0	FALSE	FALSE	1	1	1	1	2	4
bgs_V1_c1_rep4_env7	lfmm_simes	Chr1	3578958	3595137	3	1	Chr1:3578958;Chr1:3579195;Chr1:3595137	Chr1:3579195	Chr1:3595137	TRUE	FALSE	FALSE	0	0	FALSE	FALSE	1	1	1	1	2	4
bgs_V1_c1_rep5_env1	emmax_consensus	Chr1	9393056	9419222	3	1	Chr1:9393056;Chr1:9403349;Chr1:9419222	Chr1:9403349	Chr1:9393056	TRUE	TRUE	FALSE	1	0	FALSE	FALSE	2	2	2	1	2	4
bgs_V1_c1_rep5_env1	emmax_simes	Chr1	9339898	9426502	10	3	Chr1:9339898;Chr1:9341297;Chr1:9345304;Chr1:9349225;Chr1:9358068;Chr1:9393056;Chr1:9403349;Chr1:9419222;Chr1:9419909;Chr1:9426502	Chr1:9358068;Chr1:9403349;Chr1:9419909	Chr1:9393056	TRUE	TRUE	TRUE	1	1	FALSE	FALSE	3	3	3	1	2	4
bgs_V1_c1_rep5_env1	lfmm_simes	Chr1	1414083	1422057	2	1	Chr1:1414083;Chr1:1422057	Chr1:1414083	""	FALSE	FALSE	FALSE	0	0	FALSE	FALSE	1	1	1	1	2	4
bgs_V1_c1_rep5_env1	lfmm_simes	Chr1	9339898	9358068	5	1	Chr1:9339898;Chr1:9341297;Chr1:9345304;Chr1:9349225;Chr1:9358068	Chr1:9358068	Chr1:9393056	TRUE	TRUE	TRUE	1	1	FALSE	FALSE	3	3	3	1	2	4
bgs_V1_c1_rep5_env1	lfmm_simes	Chr1	9393056	9445209	8	3	Chr1:9393056;Chr1:9403349;Chr1:9419222;Chr1:9419909;Chr1:9426502;Chr1:9440001;Chr1:9442084;Chr1:9445209	Chr1:9403349;Chr1:9419909;Chr1:9442084	Chr1:9393056	TRUE	TRUE	FALSE	1	0	FALSE	FALSE	2	2	2	1	2	4
bgs_V1_c1_rep5_env10	emmax_consensus	Chr1	4218738	4330237	24	3	Chr1:4218738;Chr1:4226692;Chr1:4232926;Chr1:4233961;Chr1:4237396;Chr1:4238794;Chr1:4238914;Chr1:4238935;Chr1:4249071;Chr1:4256777;Chr1:4295489;Chr1:4308600;Chr1:4311038;Chr1:4311156;Chr1:4317228;Chr1:4321750;Chr1:4322176;Chr1:4322746;Chr1:4327140;Chr1:4329565;Chr1:4329687;Chr1:4330237;Chr1:4308586;Chr1:4315590	Chr1:4237396;Chr1:4327140;Chr1:4308586	Chr1:4237396	TRUE	TRUE	TRUE	1	1	FALSE	FALSE	3	3	3	1	2	4
bgs_V1_c1_rep5_env10	emmax_consensus	Chr2	1933258	1934149	2	1	Chr2:1933258;Chr2:1934149	Chr2:1933258	""	FALSE	FALSE	FALSE	0	0	FALSE	FALSE	1	1	1	1	2	4
bgs_V1_c1_rep5_env10	emmax_consensus	Chr2	4295778	4307470	4	1	Chr2:4295778;Chr2:4298014;Chr2:4306107;Chr2:4307470	Chr2:4295778	""	FALSE	FALSE	TRUE	0	1	FALSE	FALSE	2	2	2	1	2	4
bgs_V1_c1_rep5_env10	emmax_simes	Chr1	4218738	4330237	22	2	Chr1:4218738;Chr1:4226692;Chr1:4232926;Chr1:4233961;Chr1:4237396;Chr1:4238794;Chr1:4238914;Chr1:4238935;Chr1:4249071;Chr1:4256777;Chr1:4295489;Chr1:4308600;Chr1:4311038;Chr1:4311156;Chr1:4317228;Chr1:4321750;Chr1:4322176;Chr1:4322746;Chr1:4327140;Chr1:4329565;Chr1:4329687;Chr1:4330237	Chr1:4237396;Chr1:4327140	Chr1:4237396	TRUE	TRUE	TRUE	1	1	FALSE	FALSE	3	3	3	1	2	4
bgs_V1_c1_rep5_env10	lfmm_simes	Chr1	4207751	4348331	41	8	Chr1:4207751;Chr1:4212541;Chr1:4215566;Chr1:4215646;Chr1:4218738;Chr1:4226692;Chr1:4232926;Chr1:4233961;Chr1:4237396;Chr1:4238794;Chr1:4238914;Chr1:4238935;Chr1:4249071;Chr1:4256777;Chr1:4252034;Chr1:4253134;Chr1:4268677;Chr1:4280087;Chr1:4291135;Chr1:4292059;Chr1:4295489;Chr1:4308600;Chr1:4311038;Chr1:4311156;Chr1:4317228;Chr1:4321750;Chr1:4322176;Chr1:4322746;Chr1:4327140;Chr1:4329565;Chr1:4329687;Chr1:4330237;Chr1:4308586;Chr1:4315590;Chr1:4331890;Chr1:4332875;Chr1:4333628;Chr1:4338814;Chr1:4345648;Chr1:4347069;Chr1:4348331	Chr1:4212541;Chr1:4237396;Chr1:4252034;Chr1:4280087;Chr1:4327140;Chr1:4308586;Chr1:4332875;Chr1:4348331	Chr1:4237396	TRUE	TRUE	TRUE	1	1	FALSE	FALSE	3	3	3	1	2	4
bgs_V1_c1_rep5_env10	lfmm_simes	Chr1	8568549	8576397	5	1	Chr1:8568549;Chr1:8572157;Chr1:8572796;Chr1:8573961;Chr1:8576397	Chr1:8573961	""	FALSE	TRUE	TRUE	1	1	FALSE	FALSE	3	3	3	1	2	4
bgs_V1_c1_rep5_env10	lfmm_simes	Chr2	1892869	1898633	3	1	Chr2:1892869;Chr2:1898490;Chr2:1898633	Chr2:1898633	""	FALSE	FALSE	FALSE	0	0	FALSE	FALSE	1	1	1	1	2	4
bgs_V1_c1_rep5_env10	lfmm_simes	Chr2	1933258	1934149	2	1	Chr2:1933258;Chr2:1934149	Chr2:1933258	""	FALSE	TRUE	FALSE	1	0	FALSE	FALSE	2	2	2	1	2	4
bgs_V1_c1_rep5_env10	lfmm_simes	Chr2	5916340	5918041	2	1	Chr2:5916340;Chr2:5918041	Chr2:5916340	""	FALSE	TRUE	FALSE	1	0	FALSE	FALSE	2	2	2	1	2	4
bgs_V1_c1_rep5_env2	emmax_consensus	Chr1	23522	519770	30	2	Chr1:23522;Chr1:26380;Chr1:32048;Chr1:40001;Chr1:40877;Chr1:65340;Chr1:143639;Chr1:146682;Chr1:171273;Chr1:228685;Chr1:234511;Chr1:269095;Chr1:284642;Chr1:367554;Chr1:369049;Chr1:387677;Chr1:388226;Chr1:408091;Chr1:462574;Chr1:468356;Chr1:478986;Chr1:495431;Chr1:497386;Chr1:498698;Chr1:507230;Chr1:512771;Chr1:513095;Chr1:513134;Chr1:516645;Chr1:519770	Chr1:23522;Chr1:462574	""	FALSE	TRUE	TRUE	1	1	FALSE	FALSE	3	3	3	1	2	4
bgs_V1_c1_rep5_env2	emmax_consensus	Chr1	2929966	2939136	4	1	Chr1:2929966;Chr1:2930290;Chr1:2937064;Chr1:2939136	Chr1:2930290	Chr1:2981814	TRUE	TRUE	TRUE	1	1	FALSE	FALSE	3	3	3	1	2	4
bgs_V1_c1_rep5_env2	emmax_consensus	Chr1	2950166	3035660	9	2	Chr1:2950166;Chr1:2964359;Chr1:2981814;Chr1:2995521;Chr1:3008983;Chr1:3010115;Chr1:3023988;Chr1:3026710;Chr1:3035660	Chr1:2981814;Chr1:3023988	Chr1:2981814	TRUE	TRUE	TRUE	1	1	FALSE	FALSE	3	3	3	1	2	4
bgs_V1_c1_rep5_env2	emmax_consensus	Chr1	9026856	9028208	2	1	Chr1:9026856;Chr1:9028208	Chr1:9026856	""	FALSE	TRUE	FALSE	1	0	FALSE	FALSE	2	2	2	1	2	4
bgs_V1_c1_rep5_env2	emmax_consensus	Chr2	1500093	1521477	4	1	Chr2:1500093;Chr2:1508147;Chr2:1521233;Chr2:1521477	Chr2:1521477	""	FALSE	TRUE	TRUE	1	1	FALSE	FALSE	3	3	3	1	2	4
bgs_V1_c1_rep5_env2	emmax_simes	Chr1	23522	519770	30	2	Chr1:23522;Chr1:26380;Chr1:32048;Chr1:40001;Chr1:40877;Chr1:65340;Chr1:143639;Chr1:146682;Chr1:171273;Chr1:228685;Chr1:234511;Chr1:269095;Chr1:284642;Chr1:367554;Chr1:369049;Chr1:387677;Chr1:388226;Chr1:408091;Chr1:462574;Chr1:468356;Chr1:478986;Chr1:495431;Chr1:497386;Chr1:498698;Chr1:507230;Chr1:512771;Chr1:513095;Chr1:513134;Chr1:516645;Chr1:519770	Chr1:23522;Chr1:462574	""	FALSE	TRUE	TRUE	1	1	FALSE	FALSE	3	3	3	1	2	4
bgs_V1_c1_rep5_env2	emmax_simes	Chr1	2929966	2939136	4	1	Chr1:2929966;Chr1:2930290;Chr1:2937064;Chr1:2939136	Chr1:2930290	Chr1:2981814	TRUE	FALSE	TRUE	0	1	FALSE	FALSE	2	2	2	1	2	4
bgs_V1_c1_rep5_env2	emmax_simes	Chr1	2950166	3035660	9	2	Chr1:2950166;Chr1:2964359;Chr1:2981814;Chr1:2995521;Chr1:3008983;Chr1:3010115;Chr1:3023988;Chr1:3026710;Chr1:3035660	Chr1:2981814;Chr1:3023988	Chr1:2981814	TRUE	TRUE	TRUE	1	1	FALSE	FALSE	3	3	3	1	2	4
bgs_V1_c1_rep5_env2	emmax_simes	Chr1	9026856	9028208	2	1	Chr1:9026856;Chr1:9028208	Chr1:9026856	""	FALSE	TRUE	FALSE	1	0	FALSE	FALSE	2	2	2	1	2	4
bgs_V1_c1_rep5_env2	lfmm_simes	Chr1	2929966	2939136	4	1	Chr1:2929966;Chr1:2930290;Chr1:2937064;Chr1:2939136	Chr1:2930290	Chr1:2981814	TRUE	TRUE	TRUE	1	1	FALSE	FALSE	3	3	3	1	2	4
bgs_V1_c1_rep5_env2	lfmm_simes	Chr1	2950166	3035660	9	2	Chr1:2950166;Chr1:2964359;Chr1:2981814;Chr1:2995521;Chr1:3008983;Chr1:3010115;Chr1:3023988;Chr1:3026710;Chr1:3035660	Chr1:2981814;Chr1:3023988	Chr1:2981814	TRUE	TRUE	TRUE	1	1	FALSE	FALSE	3	3	3	1	2	4
bgs_V1_c1_rep5_env2	lfmm_simes	Chr1	3908287	3910299	2	1	Chr1:3908287;Chr1:3910299	Chr1:3908287	""	FALSE	TRUE	FALSE	1	0	FALSE	FALSE	2	2	2	1	2	4
bgs_V1_c1_rep5_env2	lfmm_simes	Chr1	9026856	9028208	2	1	Chr1:9026856;Chr1:9028208	Chr1:9026856	""	FALSE	TRUE	FALSE	1	0	FALSE	FALSE	2	2	2	1	2	4
bgs_V1_c1_rep5_env2	lfmm_simes	Chr1	9893632	9893702	2	1	Chr1:9893632;Chr1:9893702	Chr1:9893632	""	FALSE	FALSE	FALSE	0	0	FALSE	FALSE	1	1	1	1	2	4
bgs_V1_c1_rep5_env3	emmax_consensus	Chr1	510185	580976	21	4	Chr1:510185;Chr1:512782;Chr1:519980;Chr1:527683;Chr1:527835;Chr1:531280;Chr1:532479;Chr1:533027;Chr1:541397;Chr1:548660;Chr1:551204;Chr1:554682;Chr1:536380;Chr1:539077;Chr1:539795;Chr1:540751;Chr1:555600;Chr1:568431;Chr1:570911;Chr1:579807;Chr1:580976	Chr1:532479;Chr1:539077;Chr1:555600;Chr1:579807	Chr1:533027	TRUE	TRUE	TRUE	1	1	FALSE	FALSE	3	3	3	1	2	4
bgs_V1_c1_rep5_env3	emmax_simes	Chr1	510185	580976	17	3	Chr1:510185;Chr1:512782;Chr1:519980;Chr1:527683;Chr1:527835;Chr1:531280;Chr1:532479;Chr1:533027;Chr1:541397;Chr1:548660;Chr1:551204;Chr1:554682;Chr1:555600;Chr1:568431;Chr1:570911;Chr1:579807;Chr1:580976	Chr1:532479;Chr1:555600;Chr1:579807	Chr1:533027	TRUE	TRUE	TRUE	1	1	FALSE	FALSE	3	3	3	1	2	4
bgs_V1_c1_rep5_env3	lfmm_simes	Chr1	510185	599973	30	7	Chr1:510185;Chr1:512782;Chr1:519980;Chr1:527683;Chr1:527835;Chr1:531280;Chr1:532479;Chr1:533027;Chr1:541397;Chr1:548660;Chr1:551204;Chr1:554682;Chr1:516633;Chr1:516776;Chr1:517189;Chr1:536380;Chr1:539077;Chr1:539795;Chr1:540751;Chr1:555600;Chr1:568431;Chr1:560689;Chr1:561668;Chr1:566731;Chr1:570911;Chr1:579807;Chr1:580976;Chr1:588372;Chr1:589774;Chr1:599973	Chr1:532479;Chr1:516776;Chr1:539077;Chr1:555600;Chr1:560689;Chr1:579807;Chr1:588372	Chr1:533027	TRUE	TRUE	TRUE	1	1	FALSE	FALSE	3	3	3	1	2	4
bgs_V1_c1_rep5_env3	lfmm_simes	Chr1	634910	654785	4	1	Chr1:634910;Chr1:651226;Chr1:651659;Chr1:654785	Chr1:651226	""	FALSE	TRUE	TRUE	1	1	FALSE	FALSE	3	3	3	1	2	4
bgs_V1_c1_rep5_env3	lfmm_simes	Chr2	1847089	1878054	2	1	Chr2:1847089;Chr2:1878054	Chr2:1847089	""	FALSE	TRUE	FALSE	1	0	FALSE	FALSE	2	2	2	1	2	4
bgs_V1_c1_rep5_env4	emmax_consensus	Chr1	11523390	11533545	4	1	Chr1:11523390;Chr1:11523866;Chr1:11530212;Chr1:11533545	Chr1:11523390	Chr1:11530212	TRUE	TRUE	TRUE	1	1	FALSE	FALSE	3	3	3	1	2	4
bgs_V1_c1_rep5_env4	emmax_simes	Chr1	11523390	11533545	4	1	Chr1:11523390;Chr1:11523866;Chr1:11530212;Chr1:11533545	Chr1:11523390	Chr1:11530212	TRUE	TRUE	TRUE	1	1	FALSE	FALSE	3	3	3	1	2	4
bgs_V1_c1_rep5_env4	lfmm_simes	Chr1	11523390	11533545	4	1	Chr1:11523390;Chr1:11523866;Chr1:11530212;Chr1:11533545	Chr1:11523390	Chr1:11530212	TRUE	TRUE	TRUE	1	1	FALSE	FALSE	3	3	3	1	2	4
bgs_V1_c1_rep5_env5	emmax_consensus	Chr1	600	669916	177	5	Chr1:600;Chr1:5146;Chr1:14184;Chr1:15363;Chr1:15699;Chr1:26663;Chr1:27441;Chr1:28588;Chr1:32914;Chr1:34966;Chr1:40429;Chr1:45313;Chr1:50171;Chr1:60174;Chr1:66364;Chr1:67238;Chr1:67961;Chr1:70036;Chr1:72788;Chr1:76896;Chr1:77140;Chr1:82349;Chr1:82836;Chr1:86403;Chr1:92383;Chr1:93073;Chr1:102621;Chr1:102664;Chr1:103503;Chr1:103651;Chr1:106310;Chr1:107099;Chr1:113464;Chr1:115460;Chr1:124634;Chr1:131058;Chr1:131699;Chr1:132737;Chr1:134073;Chr1:134269;Chr1:147088;Chr1:148285;Chr1:148683;Chr1:154091;Chr1:163019;Chr1:173658;Chr1:183105;Chr1:186529;Chr1:187789;Chr1:200555;Chr1:206586;Chr1:209167;Chr1:217803;Chr1:218421;Chr1:218801;Chr1:221072;Chr1:224183;Chr1:225798;Chr1:230294;Chr1:232166;Chr1:233813;Chr1:234511;Chr1:239424;Chr1:239850;Chr1:243214;Chr1:248535;Chr1:250540;Chr1:253918;Chr1:254113;Chr1:255997;Chr1:256712;Chr1:262757;Chr1:263849;Chr1:266924;Chr1:273411;Chr1:273473;Chr1:279554;Chr1:281583;Chr1:281733;Chr1:284567;Chr1:285063;Chr1:285345;Chr1:293522;Chr1:295058;Chr1:297856;Chr1:298461;Chr1:301008;Chr1:307931;Chr1:311806;Chr1:317225;Chr1:320236;Chr1:329130;Chr1:331763;Chr1:332834;Chr1:334730;Chr1:334797;Chr1:340930;Chr1:348333;Chr1:353921;Chr1:353939;Chr1:354040;Chr1:355548;Chr1:356154;Chr1:356822;Chr1:357940;Chr1:362853;Chr1:369612;Chr1:371353;Chr1:380540;Chr1:382108;Chr1:382431;Chr1:384012;Chr1:384715;Chr1:386756;Chr1:389553;Chr1:401857;Chr1:406178;Chr1:409039;Chr1:411144;Chr1:412672;Chr1:416020;Chr1:418398;Chr1:421933;Chr1:428972;Chr1:430741;Chr1:433805;Chr1:435191;Chr1:437490;Chr1:437763;Chr1:439632;Chr1:440687;Chr1:442994;Chr1:454315;Chr1:454982;Chr1:457109;Chr1:459832;Chr1:464745;Chr1:470538;Chr1:473521;Chr1:478058;Chr1:480948;Chr1:482248;Chr1:484496;Chr1:488737;Chr1:206757;Chr1:253128;Chr1:337164;Chr1:506933;Chr1:526667;Chr1:526974;Chr1:528711;Chr1:536380;Chr1:539077;Chr1:539795;Chr1:540751;Chr1:546310;Chr1:547416;Chr1:550153;Chr1:555815;Chr1:557485;Chr1:508224;Chr1:512896;Chr1:516633;Chr1:516776;Chr1:517189;Chr1:545060;Chr1:545464;Chr1:641965;Chr1:642670;Chr1:642730;Chr1:644740;Chr1:652586;Chr1:654481;Chr1:660926;Chr1:663284;Chr1:666003;Chr1:669916	Chr1:600;Chr1:539077;Chr1:516633;Chr1:545060;Chr1:644740	Chr1:113464	TRUE	TRUE	TRUE	1	1	FALSE	FALSE	3	3	3	1	2	4
bgs_V1_c1_rep5_env5	emmax_consensus	Chr1	2211008	2219120	4	1	Chr1:2211008;Chr1:2213837;Chr1:2213942;Chr1:2219120	Chr1:2213837	""	FALSE	FALSE	TRUE	0	1	FALSE	FALSE	2	2	2	1	2	4
bgs_V1_c1_rep5_env5	emmax_simes	Chr1	600	669916	177	5	Chr1:600;Chr1:5146;Chr1:14184;Chr1:15363;Chr1:15699;Chr1:26663;Chr1:27441;Chr1:28588;Chr1:32914;Chr1:34966;Chr1:40429;Chr1:45313;Chr1:50171;Chr1:60174;Chr1:66364;Chr1:67238;Chr1:67961;Chr1:70036;Chr1:72788;Chr1:76896;Chr1:77140;Chr1:82349;Chr1:82836;Chr1:86403;Chr1:92383;Chr1:93073;Chr1:102621;Chr1:102664;Chr1:103503;Chr1:103651;Chr1:106310;Chr1:107099;Chr1:113464;Chr1:115460;Chr1:124634;Chr1:131058;Chr1:131699;Chr1:132737;Chr1:134073;Chr1:134269;Chr1:147088;Chr1:148285;Chr1:148683;Chr1:154091;Chr1:163019;Chr1:173658;Chr1:183105;Chr1:186529;Chr1:187789;Chr1:200555;Chr1:206586;Chr1:209167;Chr1:217803;Chr1:218421;Chr1:218801;Chr1:221072;Chr1:224183;Chr1:225798;Chr1:230294;Chr1:232166;Chr1:233813;Chr1:234511;Chr1:239424;Chr1:239850;Chr1:243214;Chr1:248535;Chr1:250540;Chr1:253918;Chr1:254113;Chr1:255997;Chr1:256712;Chr1:262757;Chr1:263849;Chr1:266924;Chr1:273411;Chr1:273473;Chr1:279554;Chr1:281583;Chr1:281733;Chr1:284567;Chr1:285063;Chr1:285345;Chr1:293522;Chr1:295058;Chr1:297856;Chr1:298461;Chr1:301008;Chr1:307931;Chr1:311806;Chr1:317225;Chr1:320236;Chr1:329130;Chr1:331763;Chr1:332834;Chr1:334730;Chr1:334797;Chr1:340930;Chr1:348333;Chr1:353921;Chr1:353939;Chr1:354040;Chr1:355548;Chr1:356154;Chr1:356822;Chr1:357940;Chr1:362853;Chr1:369612;Chr1:371353;Chr1:380540;Chr1:382108;Chr1:382431;Chr1:384012;Chr1:384715;Chr1:386756;Chr1:389553;Chr1:401857;Chr1:406178;Chr1:409039;Chr1:411144;Chr1:412672;Chr1:416020;Chr1:418398;Chr1:421933;Chr1:428972;Chr1:430741;Chr1:433805;Chr1:435191;Chr1:437490;Chr1:437763;Chr1:439632;Chr1:440687;Chr1:442994;Chr1:454315;Chr1:454982;Chr1:457109;Chr1:459832;Chr1:464745;Chr1:470538;Chr1:473521;Chr1:478058;Chr1:480948;Chr1:482248;Chr1:484496;Chr1:488737;Chr1:206757;Chr1:253128;Chr1:337164;Chr1:506933;Chr1:526667;Chr1:526974;Chr1:528711;Chr1:536380;Chr1:539077;Chr1:539795;Chr1:540751;Chr1:546310;Chr1:547416;Chr1:550153;Chr1:555815;Chr1:557485;Chr1:508224;Chr1:512896;Chr1:516633;Chr1:516776;Chr1:517189;Chr1:545060;Chr1:545464;Chr1:641965;Chr1:642670;Chr1:642730;Chr1:644740;Chr1:652586;Chr1:654481;Chr1:660926;Chr1:663284;Chr1:666003;Chr1:669916	Chr1:600;Chr1:539077;Chr1:516633;Chr1:545060;Chr1:644740	Chr1:113464	TRUE	TRUE	TRUE	1	2	FALSE	FALSE	3	3	3	1	2	4
bgs_V1_c1_rep5_env5	emmax_simes	Chr1	2211008	2219120	4	1	Chr1:2211008;Chr1:2213837;Chr1:2213942;Chr1:2219120	Chr1:2213837	""	FALSE	FALSE	TRUE	0	1	FALSE	FALSE	2	2	2	1	2	4
bgs_V1_c1_rep5_env5	lfmm_simes	Chr1	600	557485	160	2	Chr1:600;Chr1:5146;Chr1:14184;Chr1:15363;Chr1:15699;Chr1:26663;Chr1:27441;Chr1:28588;Chr1:32914;Chr1:34966;Chr1:40429;Chr1:45313;Chr1:50171;Chr1:60174;Chr1:66364;Chr1:67238;Chr1:67961;Chr1:70036;Chr1:72788;Chr1:76896;Chr1:77140;Chr1:82349;Chr1:82836;Chr1:86403;Chr1:92383;Chr1:93073;Chr1:102621;Chr1:102664;Chr1:103503;Chr1:103651;Chr1:106310;Chr1:107099;Chr1:113464;Chr1:115460;Chr1:124634;Chr1:131058;Chr1:131699;Chr1:132737;Chr1:134073;Chr1:134269;Chr1:147088;Chr1:148285;Chr1:148683;Chr1:154091;Chr1:163019;Chr1:173658;Chr1:183105;Chr1:186529;Chr1:187789;Chr1:200555;Chr1:206586;Chr1:209167;Chr1:217803;Chr1:218421;Chr1:218801;Chr1:221072;Chr1:224183;Chr1:225798;Chr1:230294;Chr1:232166;Chr1:233813;Chr1:234511;Chr1:239424;Chr1:239850;Chr1:243214;Chr1:248535;Chr1:250540;Chr1:253918;Chr1:254113;Chr1:255997;Chr1:256712;Chr1:262757;Chr1:263849;Chr1:266924;Chr1:273411;Chr1:273473;Chr1:279554;Chr1:281583;Chr1:281733;Chr1:284567;Chr1:285063;Chr1:285345;Chr1:293522;Chr1:295058;Chr1:297856;Chr1:298461;Chr1:301008;Chr1:307931;Chr1:311806;Chr1:317225;Chr1:320236;Chr1:329130;Chr1:331763;Chr1:332834;Chr1:334730;Chr1:334797;Chr1:340930;Chr1:348333;Chr1:353921;Chr1:353939;Chr1:354040;Chr1:355548;Chr1:356154;Chr1:356822;Chr1:357940;Chr1:362853;Chr1:369612;Chr1:371353;Chr1:380540;Chr1:382108;Chr1:382431;Chr1:384012;Chr1:384715;Chr1:386756;Chr1:389553;Chr1:401857;Chr1:406178;Chr1:409039;Chr1:411144;Chr1:412672;Chr1:416020;Chr1:418398;Chr1:421933;Chr1:428972;Chr1:430741;Chr1:433805;Chr1:435191;Chr1:437490;Chr1:437763;Chr1:439632;Chr1:440687;Chr1:442994;Chr1:454315;Chr1:454982;Chr1:457109;Chr1:459832;Chr1:464745;Chr1:470538;Chr1:473521;Chr1:478058;Chr1:480948;Chr1:482248;Chr1:484496;Chr1:488737;Chr1:206757;Chr1:253128;Chr1:337164;Chr1:506933;Chr1:526667;Chr1:526974;Chr1:528711;Chr1:536380;Chr1:539077;Chr1:539795;Chr1:540751;Chr1:546310;Chr1:547416;Chr1:550153;Chr1:555815;Chr1:557485	Chr1:600;Chr1:539077	Chr1:113464	TRUE	TRUE	TRUE	1	1	FALSE	FALSE	3	3	3	1	2	4
bgs_V1_c1_rep5_env8	emmax_consensus	Chr1	4140562	4142554	3	1	Chr1:4140562;Chr1:4141347;Chr1:4142554	Chr1:4142554	""	FALSE	TRUE	FALSE	1	0	FALSE	FALSE	2	2	2	1	2	4
bgs_V1_c1_rep5_env8	emmax_consensus	Chr1	6875962	6877808	3	1	Chr1:6875962;Chr1:6876195;Chr1:6877808	Chr1:6875962	""	FALSE	TRUE	FALSE	1	0	FALSE	FALSE	2	2	2	1	2	4
bgs_V1_c1_rep5_env8	emmax_consensus	Chr2	3297903	3422204	7	2	Chr2:3297903;Chr2:3317924;Chr2:3318833;Chr2:3321888;Chr2:3389388;Chr2:3404757;Chr2:3422204	Chr2:3318833;Chr2:3404757	""	FALSE	TRUE	TRUE	1	1	FALSE	FALSE	3	3	3	1	2	4
bgs_V1_c1_rep5_env8	emmax_consensus	Chr2	3467853	3470702	2	1	Chr2:3467853;Chr2:3470702	Chr2:3467853	""	FALSE	FALSE	FALSE	0	0	FALSE	FALSE	1	1	1	1	2	4
bgs_V1_c1_rep5_env8	emmax_simes	Chr1	4140562	4142554	3	1	Chr1:4140562;Chr1:4141347;Chr1:4142554	Chr1:4142554	""	FALSE	TRUE	FALSE	1	0	FALSE	FALSE	2	2	2	1	2	4
bgs_V1_c1_rep5_env8	emmax_simes	Chr1	6875962	6877808	3	1	Chr1:6875962;Chr1:6876195;Chr1:6877808	Chr1:6875962	""	FALSE	TRUE	FALSE	1	0	FALSE	FALSE	2	2	2	1	2	4
bgs_V1_c1_rep5_env8	emmax_simes	Chr2	3389388	3422204	3	1	Chr2:3389388;Chr2:3404757;Chr2:3422204	Chr2:3404757	""	FALSE	FALSE	FALSE	0	0	FALSE	FALSE	1	1	1	1	2	4
bgs_V1_c1_rep5_env8	lfmm_simes	Chr2	3389388	3422204	3	1	Chr2:3389388;Chr2:3404757;Chr2:3422204	Chr2:3404757	""	FALSE	TRUE	FALSE	1	0	FALSE	FALSE	2	2	2	1	2	4
bgs_V1_c1_rep6_env10	lfmm_simes	Chr2	6897358	6931957	2	1	Chr2:6897358;Chr2:6931957	Chr2:6897358	""	FALSE	FALSE	FALSE	0	0	FALSE	FALSE	1	1	1	1	2	4
bgs_V1_c1_rep6_env10	lfmm_simes	Chr2	11028969	11036547	3	1	Chr2:11028969;Chr2:11034670;Chr2:11036547	Chr2:11036547	""	FALSE	FALSE	FALSE	0	0	FALSE	FALSE	1	1	1	1	2	4
bgs_V1_c1_rep6_env10	lfmm_simes	Chr2	11148459	11190994	5	1	Chr2:11148459;Chr2:11158005;Chr2:11167023;Chr2:11176106;Chr2:11190994	Chr2:11167023	""	FALSE	FALSE	TRUE	0	1	FALSE	FALSE	2	2	2	1	2	4
bgs_V1_c1_rep6_env2	emmax_consensus	Chr1	4962277	4962400	2	1	Chr1:4962277;Chr1:4962400	Chr1:4962277	""	FALSE	FALSE	FALSE	0	0	FALSE	FALSE	1	1	1	1	2	4
bgs_V1_c1_rep6_env2	emmax_consensus	Chr1	6595396	6604445	4	1	Chr1:6595396;Chr1:6597371;Chr1:6598790;Chr1:6604445	Chr1:6597371	""	FALSE	FALSE	TRUE	0	1	FALSE	FALSE	2	2	2	1	2	4
bgs_V1_c1_rep6_env2	emmax_consensus	Chr1	15020581	15035164	4	1	Chr1:15020581;Chr1:15023041;Chr1:15027312;Chr1:15035164	Chr1:15023041	Chr1:15027312	TRUE	TRUE	TRUE	1	1	FALSE	FALSE	3	3	3	1	2	4
bgs_V1_c1_rep6_env2	emmax_consensus	Chr1	15269639	15269920	2	1	Chr1:15269639;Chr1:15269920	Chr1:15269639	Chr1:15269920	TRUE	TRUE	FALSE	1	0	FALSE	FALSE	2	2	2	1	2	4
bgs_V1_c1_rep6_env2	emmax_simes	Chr1	4962277	4962400	2	1	Chr1:4962277;Chr1:4962400	Chr1:4962277	""	FALSE	FALSE	FALSE	0	0	FALSE	FALSE	1	1	1	1	2	4
bgs_V1_c1_rep6_env2	emmax_simes	Chr1	6595396	6604445	4	1	Chr1:6595396;Chr1:6597371;Chr1:6598790;Chr1:6604445	Chr1:6597371	""	FALSE	TRUE	TRUE	1	1	FALSE	FALSE	3	3	3	1	2	4
bgs_V1_c1_rep6_env2	emmax_simes	Chr1	15020581	15044130	6	2	Chr1:15020581;Chr1:15023041;Chr1:15027312;Chr1:15035164;Chr1:15042873;Chr1:15044130	Chr1:15023041;Chr1:15042873	Chr1:15027312	TRUE	TRUE	TRUE	1	1	FALSE	FALSE	3	3	3	1	2	4
bgs_V1_c1_rep6_env2	emmax_simes	Chr1	15269639	15269920	2	1	Chr1:15269639;Chr1:15269920	Chr1:15269639	Chr1:15269920	TRUE	TRUE	FALSE	1	0	FALSE	FALSE	2	2	2	1	2	4
bgs_V1_c1_rep6_env2	lfmm_simes	Chr1	6595396	6604445	4	1	Chr1:6595396;Chr1:6597371;Chr1:6598790;Chr1:6604445	Chr1:6597371	""	FALSE	TRUE	TRUE	1	1	FALSE	FALSE	3	3	3	1	2	4
bgs_V1_c1_rep6_env2	lfmm_simes	Chr1	11130895	11146844	5	1	Chr1:11130895;Chr1:11136456;Chr1:11143861;Chr1:11144287;Chr1:11146844	Chr1:11143861	""	FALSE	TRUE	TRUE	1	1	FALSE	FALSE	3	3	3	1	2	4
bgs_V1_c1_rep6_env2	lfmm_simes	Chr1	11557829	11678121	7	1	Chr1:11557829;Chr1:11584548;Chr1:11642818;Chr1:11655212;Chr1:11661770;Chr1:11674499;Chr1:11678121	Chr1:11584548	""	FALSE	TRUE	TRUE	1	1	FALSE	FALSE	3	3	3	1	2	4
bgs_V1_c1_rep6_env2	lfmm_simes	Chr1	15020581	15044130	6	2	Chr1:15020581;Chr1:15023041;Chr1:15027312;Chr1:15035164;Chr1:15042873;Chr1:15044130	Chr1:15023041;Chr1:15042873	Chr1:15027312	TRUE	TRUE	TRUE	1	1	FALSE	FALSE	3	3	3	1	2	4
bgs_V1_c1_rep6_env2	lfmm_simes	Chr1	15255785	15269920	7	2	Chr1:15255785;Chr1:15257576;Chr1:15258422;Chr1:15261267;Chr1:15263346;Chr1:15269639;Chr1:15269920	Chr1:15257576;Chr1:15269639	Chr1:15269920	TRUE	TRUE	TRUE	1	1	FALSE	FALSE	3	3	3	1	2	4
bgs_V1_c1_rep6_env3	emmax_consensus	Chr1	2524382	2615785	22	2	Chr1:2524382;Chr1:2526964;Chr1:2527143;Chr1:2528900;Chr1:2533915;Chr1:2535964;Chr1:2542872;Chr1:2564116;Chr1:2567582;Chr1:2576320;Chr1:2583809;Chr1:2587857;Chr1:2587989;Chr1:2590264;Chr1:2593804;Chr1:2596622;Chr1:2601558;Chr1:2605358;Chr1:2606869;Chr1:2609838;Chr1:2613236;Chr1:2615785	Chr1:2526964;Chr1:2590264	Chr1:2547748	TRUE	FALSE	TRUE	0	1	FALSE	FALSE	2	2	2	1	2	4
bgs_V1_c1_rep6_env3	lfmm_simes	Chr1	2524382	2615785	28	3	Chr1:2524382;Chr1:2526964;Chr1:2527143;Chr1:2528900;Chr1:2533915;Chr1:2535964;Chr1:2542872;Chr1:2545551;Chr1:2547748;Chr1:2549423;Chr1:2554876;Chr1:2555609;Chr1:2557770;Chr1:2564116;Chr1:2567582;Chr1:2576320;Chr1:2583809;Chr1:2587857;Chr1:2587989;Chr1:2590264;Chr1:2593804;Chr1:2596622;Chr1:2601558;Chr1:2605358;Chr1:2606869;Chr1:2609838;Chr1:2613236;Chr1:2615785	Chr1:2526964;Chr1:2557770;Chr1:2590264	Chr1:2547748	TRUE	TRUE	TRUE	1	1	FALSE	FALSE	3	3	3	1	2	4
bgs_V1_c1_rep6_env4	emmax_consensus	Chr1	11549953	11603152	5	2	Chr1:11549953;Chr1:11558558;Chr1:11591400;Chr1:11594573;Chr1:11603152	Chr1:11549953;Chr1:11594573	""	FALSE	FALSE	FALSE	0	0	FALSE	FALSE	1	1	1	1	2	4
bgs_V1_c1_rep6_env4	emmax_consensus	Chr1	12537494	12546044	4	1	Chr1:12537494;Chr1:12541909;Chr1:12545669;Chr1:12546044	Chr1:12545669	Chr1:12546044	TRUE	TRUE	TRUE	1	1	FALSE	FALSE	3	3	3	1	2	4
bgs_V1_c1_rep6_env4	emmax_simes	Chr1	11549953	11603152	5	2	Chr1:11549953;Chr1:11558558;Chr1:11591400;Chr1:11594573;Chr1:11603152	Chr1:11549953;Chr1:11594573	""	FALSE	TRUE	FALSE	1	0	FALSE	FALSE	2	2	2	1	2	4
bgs_V1_c1_rep6_env4	emmax_simes	Chr1	12537494	12546044	4	1	Chr1:12537494;Chr1:12541909;Chr1:12545669;Chr1:12546044	Chr1:12545669	Chr1:12546044	TRUE	TRUE	TRUE	1	1	FALSE	FALSE	3	3	3	1	2	4
bgs_V1_c1_rep6_env4	lfmm_simes	Chr1	11549953	11603152	5	2	Chr1:11549953;Chr1:11558558;Chr1:11591400;Chr1:11594573;Chr1:11603152	Chr1:11549953;Chr1:11594573	""	FALSE	TRUE	FALSE	1	0	FALSE	FALSE	2	2	2	1	2	4
bgs_V1_c1_rep6_env4	lfmm_simes	Chr1	11646573	11679617	3	1	Chr1:11646573;Chr1:11678202;Chr1:11679617	Chr1:11678202	""	FALSE	TRUE	FALSE	1	0	FALSE	FALSE	2	2	2	1	2	4
bgs_V1_c1_rep6_env4	lfmm_simes	Chr1	12537494	12546044	4	1	Chr1:12537494;Chr1:12541909;Chr1:12545669;Chr1:12546044	Chr1:12545669	Chr1:12546044	TRUE	TRUE	TRUE	1	1	FALSE	FALSE	3	3	3	1	2	4
bgs_V1_c1_rep6_env5	emmax_consensus	Chr1	15876335	15879012	5	2	Chr1:15876335;Chr1:15876506;Chr1:15877380;Chr1:15878424;Chr1:15879012	Chr1:15876506;Chr1:15878424	Chr1:15862649	TRUE	TRUE	FALSE	1	0	FALSE	FALSE	2	2	2	1	2	4
bgs_V1_c1_rep6_env5	emmax_simes	Chr1	15876335	15879012	5	2	Chr1:15876335;Chr1:15876506;Chr1:15877380;Chr1:15878424;Chr1:15879012	Chr1:15876506;Chr1:15878424	Chr1:15862649	TRUE	TRUE	FALSE	1	0	FALSE	FALSE	2	2	2	1	2	4
bgs_V1_c1_rep6_env5	lfmm_simes	Chr1	15878424	15879012	2	1	Chr1:15878424;Chr1:15879012	Chr1:15878424	Chr1:15862649	TRUE	FALSE	FALSE	0	0	FALSE	FALSE	1	1	1	1	2	4
bgs_V1_c1_rep6_env6	emmax_consensus	Chr1	13695114	13695681	2	1	Chr1:13695114;Chr1:13695681	Chr1:13695114	""	FALSE	TRUE	FALSE	1	0	FALSE	FALSE	2	2	2	1	2	4
bgs_V1_c1_rep6_env6	emmax_simes	Chr1	13695114	13695681	2	1	Chr1:13695114;Chr1:13695681	Chr1:13695114	""	FALSE	TRUE	FALSE	1	0	FALSE	FALSE	2	2	2	1	2	4
bgs_V1_c1_rep6_env6	lfmm_simes	Chr1	12867510	12880233	2	1	Chr1:12867510;Chr1:12880233	Chr1:12867510	""	FALSE	FALSE	FALSE	0	0	FALSE	FALSE	1	1	1	1	2	4
bgs_V1_c1_rep6_env6	lfmm_simes	Chr1	13695114	13695681	2	1	Chr1:13695114;Chr1:13695681	Chr1:13695114	""	FALSE	FALSE	FALSE	0	0	FALSE	FALSE	1	1	1	1	2	4
bgs_V1_c1_rep6_env7	lfmm_simes	Chr1	7155648	7186068	5	1	Chr1:7155648;Chr1:7164003;Chr1:7167900;Chr1:7178497;Chr1:7186068	Chr1:7178497	""	FALSE	TRUE	TRUE	1	1	FALSE	FALSE	3	3	3	1	2	4
bgs_V1_c1_rep6_env8	emmax_consensus	Chr1	589890	621281	3	1	Chr1:589890;Chr1:591873;Chr1:621281	Chr1:589890	""	FALSE	TRUE	FALSE	1	0	FALSE	FALSE	2	2	2	1	2	4
bgs_V1_c1_rep6_env8	emmax_consensus	Chr1	8612891	8971472	61	8	Chr1:8612891;Chr1:8616562;Chr1:8618231;Chr1:8625071;Chr1:8625463;Chr1:8627157;Chr1:8627797;Chr1:8637730;Chr1:8661166;Chr1:8670175;Chr1:8674306;Chr1:8686256;Chr1:8692641;Chr1:8693038;Chr1:8660962;Chr1:8663802;Chr1:8663968;Chr1:8673721;Chr1:8682951;Chr1:8705326;Chr1:8709322;Chr1:8710874;Chr1:8713010;Chr1:8730380;Chr1:8736973;Chr1:8741671;Chr1:8745137;Chr1:8748320;Chr1:8749035;Chr1:8750965;Chr1:8751804;Chr1:8753580;Chr1:8758213;Chr1:8761054;Chr1:8766995;Chr1:8771361;Chr1:8773793;Chr1:8775699;Chr1:8779972;Chr1:8781027;Chr1:8802749;Chr1:8809676;Chr1:8813553;Chr1:8815371;Chr1:8817615;Chr1:8821629;Chr1:8831737;Chr1:8840773;Chr1:8887544;Chr1:8892343;Chr1:8893731;Chr1:8898806;Chr1:8912843;Chr1:8926224;Chr1:8926820;Chr1:8931758;Chr1:8939258;Chr1:8954924;Chr1:8971472;Chr1:8948052;Chr1:8962053	Chr1:8612891;Chr1:8663802;Chr1:8710874;Chr1:8761054;Chr1:8802749;Chr1:8892343;Chr1:8926224;Chr1:8948052	Chr1:8730380	TRUE	TRUE	TRUE	1	1	FALSE	FALSE	3	3	3	1	2	4
bgs_V1_c1_rep6_env8	emmax_consensus	Chr1	8911919	8957252	6	2	Chr1:8911919;Chr1:8913518;Chr1:8914826;Chr1:8931899;Chr1:8937346;Chr1:8957252	Chr1:8911919;Chr1:8937346	""	FALSE	TRUE	FALSE	1	0	FALSE	FALSE	2	2	3	1	2	4
bgs_V1_c1_rep6_env8	emmax_consensus	Chr2	3004460	3009494	2	1	Chr2:3004460;Chr2:3009494	Chr2:3004460	""	FALSE	FALSE	FALSE	0	0	FALSE	FALSE	1	1	1	1	2	4
bgs_V1_c1_rep6_env8	emmax_consensus	Chr2	5406965	5415008	2	1	Chr2:5406965;Chr2:5415008	Chr2:5406965	""	FALSE	TRUE	FALSE	1	0	FALSE	FALSE	2	2	2	1	2	4
bgs_V1_c1_rep6_env8	emmax_consensus	Chr2	8717035	8719837	2	1	Chr2:8717035;Chr2:8719837	Chr2:8717035	""	FALSE	FALSE	FALSE	0	0	FALSE	FALSE	1	1	1	1	2	4
bgs_V1_c1_rep6_env8	emmax_consensus	Chr2	14744668	14746562	2	1	Chr2:14744668;Chr2:14746562	Chr2:14744668	""	FALSE	FALSE	FALSE	0	0	FALSE	FALSE	1	1	1	1	2	4
bgs_V1_c1_rep6_env8	emmax_simes	Chr1	589890	621281	3	1	Chr1:589890;Chr1:591873;Chr1:621281	Chr1:589890	""	FALSE	TRUE	FALSE	1	0	FALSE	FALSE	2	2	2	1	2	4
bgs_V1_c1_rep6_env8	emmax_simes	Chr1	8509689	8971472	67	9	Chr1:8509689;Chr1:8511414;Chr1:8513996;Chr1:8522621;Chr1:8575996;Chr1:8580295;Chr1:8612891;Chr1:8616562;Chr1:8618231;Chr1:8625071;Chr1:8625463;Chr1:8627157;Chr1:8627797;Chr1:8637730;Chr1:8661166;Chr1:8670175;Chr1:8674306;Chr1:8686256;Chr1:8692641;Chr1:8693038;Chr1:8660962;Chr1:8663802;Chr1:8663968;Chr1:8673721;Chr1:8682951;Chr1:8705326;Chr1:8709322;Chr1:8710874;Chr1:8713010;Chr1:8730380;Chr1:8736973;Chr1:8741671;Chr1:8745137;Chr1:8748320;Chr1:8749035;Chr1:8750965;Chr1:8751804;Chr1:8753580;Chr1:8758213;Chr1:8761054;Chr1:8766995;Chr1:8771361;Chr1:8773793;Chr1:8775699;Chr1:8779972;Chr1:8781027;Chr1:8802749;Chr1:8809676;Chr1:8813553;Chr1:8815371;Chr1:8817615;Chr1:8821629;Chr1:8831737;Chr1:8840773;Chr1:8887544;Chr1:8892343;Chr1:8893731;Chr1:8898806;Chr1:8912843;Chr1:8926224;Chr1:8926820;Chr1:8931758;Chr1:8939258;Chr1:8954924;Chr1:8971472;Chr1:8948052;Chr1:8962053	Chr1:8509689;Chr1:8612891;Chr1:8663802;Chr1:8710874;Chr1:8761054;Chr1:8802749;Chr1:8892343;Chr1:8926224;Chr1:8948052	Chr1:8730380	TRUE	TRUE	TRUE	1	2	FALSE	FALSE	3	3	3	1	2	4
bgs_V1_c1_rep6_env8	emmax_simes	Chr1	8911919	8914826	3	1	Chr1:8911919;Chr1:8913518;Chr1:8914826	Chr1:8911919	""	FALSE	TRUE	FALSE	1	0	FALSE	FALSE	2	2	3	1	2	4
bgs_V1_c1_rep6_env8	emmax_simes	Chr2	3004460	3009494	2	1	Chr2:3004460;Chr2:3009494	Chr2:3004460	""	FALSE	TRUE	FALSE	1	0	FALSE	FALSE	2	2	2	1	2	4
bgs_V1_c1_rep6_env8	emmax_simes	Chr2	5406965	5415008	2	1	Chr2:5406965;Chr2:5415008	Chr2:5406965	""	FALSE	TRUE	FALSE	1	0	FALSE	FALSE	2	2	2	1	2	4
bgs_V1_c1_rep6_env8	emmax_simes	Chr2	8717035	8719837	2	1	Chr2:8717035;Chr2:8719837	Chr2:8717035	""	FALSE	TRUE	FALSE	1	0	FALSE	FALSE	2	2	2	1	2	4
bgs_V1_c1_rep6_env8	emmax_simes	Chr2	13416488	13419035	2	1	Chr2:13416488;Chr2:13419035	Chr2:13416488	""	FALSE	FALSE	FALSE	0	0	FALSE	FALSE	1	1	1	1	2	4
bgs_V1_c1_rep6_env8	lfmm_simes	Chr1	589890	621281	3	1	Chr1:589890;Chr1:591873;Chr1:621281	Chr1:589890	""	FALSE	TRUE	FALSE	1	0	FALSE	FALSE	2	2	2	1	2	4
bgs_V1_c1_rep6_env8	lfmm_simes	Chr1	8509689	8971472	67	9	Chr1:8509689;Chr1:8511414;Chr1:8513996;Chr1:8522621;Chr1:8575996;Chr1:8580295;Chr1:8612891;Chr1:8616562;Chr1:8618231;Chr1:8625071;Chr1:8625463;Chr1:8627157;Chr1:8627797;Chr1:8637730;Chr1:8661166;Chr1:8670175;Chr1:8674306;Chr1:8686256;Chr1:8692641;Chr1:8693038;Chr1:8660962;Chr1:8663802;Chr1:8663968;Chr1:8673721;Chr1:8682951;Chr1:8705326;Chr1:8709322;Chr1:8710874;Chr1:8713010;Chr1:8730380;Chr1:8736973;Chr1:8741671;Chr1:8745137;Chr1:8748320;Chr1:8749035;Chr1:8750965;Chr1:8751804;Chr1:8753580;Chr1:8758213;Chr1:8761054;Chr1:8766995;Chr1:8771361;Chr1:8773793;Chr1:8775699;Chr1:8779972;Chr1:8781027;Chr1:8802749;Chr1:8809676;Chr1:8813553;Chr1:8815371;Chr1:8817615;Chr1:8821629;Chr1:8831737;Chr1:8840773;Chr1:8887544;Chr1:8892343;Chr1:8893731;Chr1:8898806;Chr1:8912843;Chr1:8926224;Chr1:8926820;Chr1:8931758;Chr1:8939258;Chr1:8954924;Chr1:8971472;Chr1:8948052;Chr1:8962053	Chr1:8509689;Chr1:8612891;Chr1:8663802;Chr1:8710874;Chr1:8761054;Chr1:8802749;Chr1:8892343;Chr1:8926224;Chr1:8948052	Chr1:8730380	TRUE	TRUE	TRUE	2	2	FALSE	FALSE	3	3	3	1	2	4
bgs_V1_c1_rep6_env8	lfmm_simes	Chr1	8911919	8914826	3	1	Chr1:8911919;Chr1:8913518;Chr1:8914826	Chr1:8911919	""	FALSE	TRUE	FALSE	1	0	FALSE	FALSE	2	2	3	1	2	4
bgs_V1_c1_rep6_env8	lfmm_simes	Chr2	5406965	5415008	2	1	Chr2:5406965;Chr2:5415008	Chr2:5406965	""	FALSE	TRUE	FALSE	1	0	FALSE	FALSE	2	2	2	1	2	4
bgs_V1_c1_rep6_env8	lfmm_simes	Chr2	8717035	8719837	2	1	Chr2:8717035;Chr2:8719837	Chr2:8717035	""	FALSE	TRUE	FALSE	1	0	FALSE	FALSE	2	2	2	1	2	4
bgs_V1_c1_rep6_env9	emmax_consensus	Chr1	15689481	15689486	2	1	Chr1:15689481;Chr1:15689486	Chr1:15689481	Chr1:15689486	TRUE	TRUE	FALSE	1	0	FALSE	FALSE	2	2	2	1	2	4
bgs_V1_c1_rep6_env9	emmax_simes	Chr1	15689481	15689486	2	1	Chr1:15689481;Chr1:15689486	Chr1:15689481	Chr1:15689486	TRUE	TRUE	FALSE	1	0	FALSE	FALSE	2	2	2	1	2	4
bgs_V1_c1_rep6_env9	lfmm_simes	Chr1	15689481	15689486	2	1	Chr1:15689481;Chr1:15689486	Chr1:15689481	Chr1:15689486	TRUE	TRUE	FALSE	1	0	FALSE	FALSE	2	2	2	1	2	4
bgs_V1_c1_rep7_env10	emmax_consensus	Chr1	16722781	17505574	19	3	Chr1:16722781;Chr1:16742897;Chr1:16965976;Chr1:17129950;Chr1:17159963;Chr1:17505574;Chr1:16815707;Chr1:16855627;Chr1:16892565;Chr1:16933236;Chr1:17094535;Chr1:17164365;Chr1:17203464;Chr1:16972765;Chr1:17022420;Chr1:17034570;Chr1:17041584;Chr1:17048705;Chr1:17058878	Chr1:17159963;Chr1:17164365;Chr1:17034570	Chr1:16965976	TRUE	TRUE	TRUE	1	1	FALSE	FALSE	3	3	3	1	2	4
bgs_V1_c1_rep7_env10	emmax_consensus	Chr1	17524625	17629048	9	1	Chr1:17524625;Chr1:17527552;Chr1:17543911;Chr1:17558922;Chr1:17599082;Chr1:17600399;Chr1:17600932;Chr1:17627109;Chr1:17629048	Chr1:17627109	""	FALSE	FALSE	TRUE	0	1	FALSE	FALSE	2	2	2	1	2	4
bgs_V1_c1_rep7_env10	emmax_simes	Chr1	16722781	17505574	19	3	Chr1:16722781;Chr1:16742897;Chr1:16965976;Chr1:17129950;Chr1:17159963;Chr1:17505574;Chr1:16815707;Chr1:16855627;Chr1:16892565;Chr1:16933236;Chr1:17094535;Chr1:17164365;Chr1:17203464;Chr1:16972765;Chr1:17022420;Chr1:17034570;Chr1:17041584;Chr1:17048705;Chr1:17058878	Chr1:17159963;Chr1:17164365;Chr1:17034570	Chr1:16965976	TRUE	TRUE	TRUE	1	1	FALSE	FALSE	3	3	3	1	2	4
bgs_V1_c1_rep7_env10	lfmm_simes	Chr1	16722781	17505574	13	2	Chr1:16722781;Chr1:16742897;Chr1:16965976;Chr1:17129950;Chr1:17159963;Chr1:17505574;Chr1:16815707;Chr1:16855627;Chr1:16892565;Chr1:16933236;Chr1:17094535;Chr1:17164365;Chr1:17203464	Chr1:17159963;Chr1:17164365	Chr1:16965976	TRUE	TRUE	TRUE	1	1	FALSE	FALSE	3	3	3	1	2	4
bgs_V1_c1_rep7_env10	lfmm_simes	Chr1	16803279	16850167	7	2	Chr1:16803279;Chr1:16826788;Chr1:16827446;Chr1:16837039;Chr1:16850167;Chr1:16825614;Chr1:16830110	Chr1:16837039;Chr1:16825614	""	FALSE	FALSE	TRUE	0	1	FALSE	FALSE	2	2	3	1	2	4
bgs_V1_c1_rep7_env10	lfmm_simes	Chr1	16972765	17058878	6	1	Chr1:16972765;Chr1:17022420;Chr1:17034570;Chr1:17041584;Chr1:17048705;Chr1:17058878	Chr1:17034570	Chr1:16965976	TRUE	TRUE	TRUE	1	1	FALSE	FALSE	3	3	3	1	2	4
bgs_V1_c1_rep7_env10	lfmm_simes	Chr1	17524625	17629048	9	1	Chr1:17524625;Chr1:17527552;Chr1:17543911;Chr1:17558922;Chr1:17599082;Chr1:17600399;Chr1:17600932;Chr1:17627109;Chr1:17629048	Chr1:17627109	""	FALSE	TRUE	TRUE	1	1	FALSE	FALSE	3	3	3	1	2	4
bgs_V1_c1_rep7_env2	emmax_consensus	Chr1	22278632	22313176	9	1	Chr1:22278632;Chr1:22285175;Chr1:22289350;Chr1:22292945;Chr1:22301115;Chr1:22305178;Chr1:22306105;Chr1:22306798;Chr1:22313176	Chr1:22289350	Chr1:22285175	TRUE	TRUE	TRUE	1	1	FALSE	FALSE	3	3	3	1	2	4
bgs_V1_c1_rep7_env2	emmax_simes	Chr1	22278632	22313176	9	1	Chr1:22278632;Chr1:22285175;Chr1:22289350;Chr1:22292945;Chr1:22301115;Chr1:22305178;Chr1:22306105;Chr1:22306798;Chr1:22313176	Chr1:22289350	Chr1:22285175	TRUE	FALSE	TRUE	0	1	FALSE	FALSE	2	2	2	1	2	4
bgs_V1_c1_rep7_env2	lfmm_simes	Chr1	22278632	22313176	9	1	Chr1:22278632;Chr1:22285175;Chr1:22289350;Chr1:22292945;Chr1:22301115;Chr1:22305178;Chr1:22306105;Chr1:22306798;Chr1:22313176	Chr1:22289350	Chr1:22285175	TRUE	TRUE	TRUE	1	1	FALSE	FALSE	3	3	3	1	2	4
bgs_V1_c1_rep7_env3	emmax_consensus	Chr1	6319008	6331282	3	1	Chr1:6319008;Chr1:6324894;Chr1:6331282	Chr1:6324894	""	FALSE	FALSE	FALSE	0	0	FALSE	FALSE	1	1	1	1	2	4
bgs_V1_c1_rep7_env3	emmax_consensus	Chr1	20856421	21103728	5	1	Chr1:20856421;Chr1:20940745;Chr1:20989695;Chr1:21019359;Chr1:21103728	Chr1:21019359	""	FALSE	TRUE	TRUE	1	1	FALSE	FALSE	3	3	3	1	2	4
bgs_V1_c1_rep7_env3	emmax_consensus	Chr1	21141749	21570486	18	4	Chr1:21141749;Chr1:21179784;Chr1:21250265;Chr1:21256829;Chr1:21263338;Chr1:21272348;Chr1:21301340;Chr1:21312940;Chr1:21320625;Chr1:21363390;Chr1:21372461;Chr1:21387405;Chr1:21411146;Chr1:21413771;Chr1:21422427;Chr1:21476196;Chr1:21528126;Chr1:21570486	Chr1:21179784;Chr1:21272348;Chr1:21363390;Chr1:21528126	Chr1:21387405	TRUE	TRUE	TRUE	1	1	FALSE	FALSE	3	3	3	1	2	4
bgs_V1_c1_rep7_env3	emmax_simes	Chr1	6319008	6331282	3	1	Chr1:6319008;Chr1:6324894;Chr1:6331282	Chr1:6324894	""	FALSE	FALSE	FALSE	0	0	FALSE	FALSE	1	1	1	1	2	4
bgs_V1_c1_rep7_env3	emmax_simes	Chr1	20856421	21103728	5	1	Chr1:20856421;Chr1:20940745;Chr1:20989695;Chr1:21019359;Chr1:21103728	Chr1:21019359	""	FALSE	FALSE	TRUE	0	1	FALSE	FALSE	2	2	2	1	2	4
bgs_V1_c1_rep7_env3	emmax_simes	Chr1	21141749	21570486	18	4	Chr1:21141749;Chr1:21179784;Chr1:21250265;Chr1:21256829;Chr1:21263338;Chr1:21272348;Chr1:21301340;Chr1:21312940;Chr1:21320625;Chr1:21363390;Chr1:21372461;Chr1:21387405;Chr1:21411146;Chr1:21413771;Chr1:21422427;Chr1:21476196;Chr1:21528126;Chr1:21570486	Chr1:21179784;Chr1:21272348;Chr1:21363390;Chr1:21528126	Chr1:21387405	TRUE	TRUE	TRUE	1	1	FALSE	FALSE	3	3	3	1	2	4
bgs_V1_c1_rep7_env3	emmax_simes	Chr1	22124555	22128874	2	1	Chr1:22124555;Chr1:22128874	Chr1:22124555	""	FALSE	FALSE	FALSE	0	0	FALSE	FALSE	1	1	1	1	2	4
bgs_V1_c1_rep7_env3	lfmm_simes	Chr1	20856421	21103728	5	1	Chr1:20856421;Chr1:20940745;Chr1:20989695;Chr1:21019359;Chr1:21103728	Chr1:21019359	""	FALSE	FALSE	TRUE	0	1	FALSE	FALSE	2	2	2	1	2	4
bgs_V1_c1_rep7_env3	lfmm_simes	Chr1	21141749	21250265	3	1	Chr1:21141749;Chr1:21179784;Chr1:21250265	Chr1:21179784	""	FALSE	TRUE	FALSE	1	0	FALSE	FALSE	2	2	2	1	2	4
bgs_V1_c1_rep7_env3	lfmm_simes	Chr1	21155723	21182161	2	1	Chr1:21155723;Chr1:21182161	Chr1:21155723	""	FALSE	TRUE	FALSE	1	0	FALSE	FALSE	2	2	2	1	2	4
bgs_V1_c1_rep7_env3	lfmm_simes	Chr1	21256829	21570486	23	6	Chr1:21256829;Chr1:21263338;Chr1:21272348;Chr1:21301340;Chr1:21312940;Chr1:21320625;Chr1:21259972;Chr1:21274010;Chr1:21363390;Chr1:21372461;Chr1:21387405;Chr1:21411146;Chr1:21413771;Chr1:21422427;Chr1:21476196;Chr1:21528126;Chr1:21570486;Chr1:21493521;Chr1:21500901;Chr1:21517455;Chr1:21534338;Chr1:21537583;Chr1:21540874	Chr1:21272348;Chr1:21259972;Chr1:21363390;Chr1:21528126;Chr1:21493521;Chr1:21534338	Chr1:21387405	TRUE	TRUE	TRUE	2	2	FALSE	FALSE	3	3	3	1	2	4
bgs_V1_c1_rep7_env3	lfmm_simes	Chr1	21388667	21412464	4	2	Chr1:21388667;Chr1:21403621;Chr1:21410955;Chr1:21412464	Chr1:21388667;Chr1:21410955	Chr1:21387405	TRUE	TRUE	FALSE	1	0	FALSE	FALSE	2	2	3	1	2	4
bgs_V1_c1_rep7_env3	lfmm_simes	Chr1	21409798	21419070	3	1	Chr1:21409798;Chr1:21415035;Chr1:21419070	Chr1:21419070	Chr1:21387405	TRUE	FALSE	FALSE	0	0	FALSE	FALSE	1	1	3	1	2	4
bgs_V1_c1_rep7_env3	lfmm_simes	Chr1	22820873	22835864	4	1	Chr1:22820873;Chr1:22824413;Chr1:22825849;Chr1:22835864	Chr1:22820873	""	FALSE	TRUE	TRUE	1	1	FALSE	FALSE	3	3	3	1	2	4
bgs_V1_c1_rep7_env3	lfmm_simes	Chr1	22942755	22976765	3	1	Chr1:22942755;Chr1:22947295;Chr1:22976765	Chr1:22942755	Chr1:22947295	TRUE	TRUE	FALSE	1	0	FALSE	FALSE	2	2	2	1	2	4
bgs_V1_c1_rep7_env3	lfmm_simes	Chr2	26465791	26466661	2	1	Chr2:26465791;Chr2:26466661	Chr2:26465791	""	FALSE	FALSE	FALSE	0	0	FALSE	FALSE	1	1	1	1	2	4
bgs_V1_c1_rep7_env4	emmax_consensus	Chr1	19559763	19924050	24	2	Chr1:19559763;Chr1:19618986;Chr1:19689027;Chr1:19705755;Chr1:19711252;Chr1:19726820;Chr1:19731109;Chr1:19757281;Chr1:19761932;Chr1:19778977;Chr1:19819025;Chr1:19819569;Chr1:19822742;Chr1:19842744;Chr1:19844534;Chr1:19861381;Chr1:19861425;Chr1:19882800;Chr1:19909785;Chr1:19913369;Chr1:19918711;Chr1:19924050;Chr1:19645319;Chr1:19747424	Chr1:19882800;Chr1:19645319	Chr1:19882800	TRUE	TRUE	TRUE	1	1	FALSE	FALSE	3	3	3	1	2	4
bgs_V1_c1_rep7_env4	emmax_consensus	Chr1	20024128	20191911	16	2	Chr1:20024128;Chr1:20043409;Chr1:20065884;Chr1:20092176;Chr1:20115966;Chr1:20155902;Chr1:20159767;Chr1:20164884;Chr1:20167560;Chr1:20170704;Chr1:20171470;Chr1:20178530;Chr1:20178722;Chr1:20179411;Chr1:20183720;Chr1:20191911	Chr1:20115966;Chr1:20171470	""	FALSE	TRUE	TRUE	1	1	FALSE	FALSE	3	3	3	1	2	4
bgs_V1_c1_rep7_env4	emmax_simes	Chr1	19559763	19924050	22	1	Chr1:19559763;Chr1:19618986;Chr1:19689027;Chr1:19705755;Chr1:19711252;Chr1:19726820;Chr1:19731109;Chr1:19757281;Chr1:19761932;Chr1:19778977;Chr1:19819025;Chr1:19819569;Chr1:19822742;Chr1:19842744;Chr1:19844534;Chr1:19861381;Chr1:19861425;Chr1:19882800;Chr1:19909785;Chr1:19913369;Chr1:19918711;Chr1:19924050	Chr1:19882800	Chr1:19882800	TRUE	TRUE	TRUE	1	1	FALSE	FALSE	3	3	3	1	2	4
bgs_V1_c1_rep7_env4	emmax_simes	Chr1	20024128	20115966	5	1	Chr1:20024128;Chr1:20043409;Chr1:20065884;Chr1:20092176;Chr1:20115966	Chr1:20115966	""	FALSE	FALSE	TRUE	0	1	FALSE	FALSE	2	2	2	1	2	4
bgs_V1_c1_rep7_env4	lfmm_simes	Chr1	18754417	18839567	4	1	Chr1:18754417;Chr1:18772155;Chr1:18790964;Chr1:18839567	Chr1:18754417	""	FALSE	FALSE	TRUE	0	1	FALSE	FALSE	2	2	2	1	2	4
bgs_V1_c1_rep7_env4	lfmm_simes	Chr1	19559763	19924050	22	1	Chr1:19559763;Chr1:19618986;Chr1:19689027;Chr1:19705755;Chr1:19711252;Chr1:19726820;Chr1:19731109;Chr1:19757281;Chr1:19761932;Chr1:19778977;Chr1:19819025;Chr1:19819569;Chr1:19822742;Chr1:19842744;Chr1:19844534;Chr1:19861381;Chr1:19861425;Chr1:19882800;Chr1:19909785;Chr1:19913369;Chr1:19918711;Chr1:19924050	Chr1:19882800	Chr1:19882800	TRUE	TRUE	TRUE	1	1	FALSE	FALSE	3	3	3	1	2	4
bgs_V1_c1_rep7_env4	lfmm_simes	Chr1	20024128	20191911	16	2	Chr1:20024128;Chr1:20043409;Chr1:20065884;Chr1:20092176;Chr1:20115966;Chr1:20155902;Chr1:20159767;Chr1:20164884;Chr1:20167560;Chr1:20170704;Chr1:20171470;Chr1:20178530;Chr1:20178722;Chr1:20179411;Chr1:20183720;Chr1:20191911	Chr1:20115966;Chr1:20171470	""	FALSE	FALSE	TRUE	0	1	FALSE	FALSE	2	2	2	1	2	4
bgs_V1_c1_rep7_env4	lfmm_simes	Chr1	20100755	20145256	5	1	Chr1:20100755;Chr1:20106714;Chr1:20120994;Chr1:20124588;Chr1:20145256	Chr1:20100755	""	FALSE	FALSE	TRUE	0	1	FALSE	FALSE	2	2	2	1	2	4
bgs_V1_c1_rep7_env5	lfmm_simes	Chr1	7405330	7479575	5	1	Chr1:7405330;Chr1:7408286;Chr1:7431077;Chr1:7433661;Chr1:7479575	Chr1:7408286	Chr1:7431077	TRUE	TRUE	TRUE	1	1	FALSE	FALSE	3	3	3	1	2	4
bgs_V1_c1_rep7_env5	lfmm_simes	Chr1	7423091	7460793	7	1	Chr1:7423091;Chr1:7423742;Chr1:7425940;Chr1:7434722;Chr1:7442399;Chr1:7454532;Chr1:7460793	Chr1:7434722	Chr1:7431077	TRUE	FALSE	TRUE	0	1	FALSE	FALSE	2	2	3	1	2	4
bgs_V1_c1_rep7_env5	lfmm_simes	Chr1	7473812	7483728	4	1	Chr1:7473812;Chr1:7478654;Chr1:7483354;Chr1:7483728	Chr1:7473812	Chr1:7431077	TRUE	FALSE	TRUE	0	1	FALSE	FALSE	2	2	3	1	2	4
bgs_V1_c1_rep7_env6	emmax_consensus	Chr1	12107834	12551066	7	1	Chr1:12107834;Chr1:12109184;Chr1:12214657;Chr1:12368164;Chr1:12483832;Chr1:12491223;Chr1:12551066	Chr1:12483832	""	FALSE	FALSE	TRUE	0	1	FALSE	FALSE	2	2	2	1	2	4
bgs_V1_c1_rep7_env6	emmax_consensus	Chr1	13143640	13719710	30	2	Chr1:13143640;Chr1:13170990;Chr1:13434267;Chr1:13438518;Chr1:13450817;Chr1:13457008;Chr1:13463679;Chr1:13466982;Chr1:13474572;Chr1:13475854;Chr1:13480941;Chr1:13483411;Chr1:13484193;Chr1:13490025;Chr1:13494998;Chr1:13498313;Chr1:13518867;Chr1:13527503;Chr1:13536930;Chr1:13542625;Chr1:13543629;Chr1:13554653;Chr1:13562332;Chr1:13564356;Chr1:13572271;Chr1:13620499;Chr1:13719710;Chr1:13342002;Chr1:13372805;Chr1:13386769	Chr1:13438518;Chr1:13372805	""	FALSE	TRUE	TRUE	1	1	FALSE	FALSE	3	3	3	1	2	4
bgs_V1_c1_rep7_env6	emmax_consensus	Chr1	14045629	14071298	2	1	Chr1:14045629;Chr1:14071298	Chr1:14045629	""	FALSE	FALSE	FALSE	0	0	FALSE	FALSE	1	1	1	1	2	4
bgs_V1_c1_rep7_env6	emmax_consensus	Chr1	14081583	15421959	91	4	Chr1:14081583;Chr1:14096641;Chr1:14097020;Chr1:14156791;Chr1:14187822;Chr1:14192652;Chr1:14210125;Chr1:14278517;Chr1:14289198;Chr1:14370624;Chr1:14397093;Chr1:14423128;Chr1:14427966;Chr1:14443924;Chr1:14446278;Chr1:14457233;Chr1:14471653;Chr1:14476674;Chr1:14481686;Chr1:14488285;Chr1:14499596;Chr1:14504944;Chr1:14512586;Chr1:14538169;Chr1:14542133;Chr1:14545589;Chr1:14546364;Chr1:14548399;Chr1:14550155;Chr1:14555159;Chr1:14576446;Chr1:14589408;Chr1:14594132;Chr1:14595279;Chr1:14597445;Chr1:14607630;Chr1:14626428;Chr1:14651156;Chr1:14660742;Chr1:14673757;Chr1:14686823;Chr1:14697043;Chr1:14776137;Chr1:14708297;Chr1:14721269;Chr1:14759030;Chr1:14774733;Chr1:14787004;Chr1:14787351;Chr1:14809305;Chr1:14857080;Chr1:14867081;Chr1:14868686;Chr1:14882658;Chr1:14894509;Chr1:14918694;Chr1:14923281;Chr1:14925385;Chr1:14943789;Chr1:14944270;Chr1:14944366;Chr1:14945296;Chr1:14949072;Chr1:14962693;Chr1:14967954;Chr1:15004128;Chr1:15005742;Chr1:15037157;Chr1:15041418;Chr1:15044685;Chr1:15054994;Chr1:15057769;Chr1:15060253;Chr1:15092645;Chr1:15126509;Chr1:15170737;Chr1:15171666;Chr1:15193900;Chr1:15230873;Chr1:15242619;Chr1:15248622;Chr1:15249283;Chr1:15269021;Chr1:15308308;Chr1:15326994;Chr1:15335074;Chr1:15380669;Chr1:15397845;Chr1:15409925;Chr1:15410933;Chr1:15421959	Chr1:14278517;Chr1:14867081;Chr1:15054994;Chr1:15380669	""	FALSE	TRUE	TRUE	1	2	FALSE	FALSE	3	3	3	1	2	4
bgs_V1_c1_rep7_env6	emmax_consensus	Chr1	15543298	16100848	17	3	Chr1:15543298;Chr1:15556259;Chr1:16010340;Chr1:16049468;Chr1:16100848;Chr1:15543997;Chr1:15625167;Chr1:15632837;Chr1:15694081;Chr1:15735936;Chr1:15748214;Chr1:15790560;Chr1:15833780;Chr1:15698270;Chr1:15826364;Chr1:15907271;Chr1:15943636	Chr1:16010340;Chr1:15694081;Chr1:15826364	Chr1:15543298	TRUE	TRUE	TRUE	1	1	FALSE	FALSE	3	3	3	1	2	4
bgs_V1_c1_rep7_env6	emmax_consensus	Chr1	16324353	16335390	3	1	Chr1:16324353;Chr1:16329685;Chr1:16335390	Chr1:16335390	""	FALSE	TRUE	FALSE	1	0	FALSE	FALSE	2	2	2	1	2	4
bgs_V1_c1_rep7_env6	emmax_consensus	Chr1	26298520	26305577	3	1	Chr1:26298520;Chr1:26298873;Chr1:26305577	Chr1:26298873	Chr1:26305577	TRUE	TRUE	FALSE	1	0	FALSE	FALSE	2	2	2	1	2	4
bgs_V1_c1_rep7_env6	emmax_consensus	Chr1	26308869	26320665	8	3	Chr1:26308869;Chr1:26312092;Chr1:26314491;Chr1:26314910;Chr1:26316061;Chr1:26316215;Chr1:26317044;Chr1:26320665	Chr1:26308869;Chr1:26316061;Chr1:26317044	Chr1:26305577	TRUE	TRUE	TRUE	1	1	FALSE	FALSE	3	3	3	1	2	4
bgs_V1_c1_rep7_env6	emmax_simes	Chr1	13143640	13719710	30	2	Chr1:13143640;Chr1:13170990;Chr1:13434267;Chr1:13438518;Chr1:13450817;Chr1:13457008;Chr1:13463679;Chr1:13466982;Chr1:13474572;Chr1:13475854;Chr1:13480941;Chr1:13483411;Chr1:13484193;Chr1:13490025;Chr1:13494998;Chr1:13498313;Chr1:13518867;Chr1:13527503;Chr1:13536930;Chr1:13542625;Chr1:13543629;Chr1:13554653;Chr1:13562332;Chr1:13564356;Chr1:13572271;Chr1:13620499;Chr1:13719710;Chr1:13342002;Chr1:13372805;Chr1:13386769	Chr1:13438518;Chr1:13372805	""	FALSE	TRUE	TRUE	1	1	FALSE	FALSE	3	3	3	1	2	4
bgs_V1_c1_rep7_env6	emmax_simes	Chr1	14081583	15421959	91	4	Chr1:14081583;Chr1:14096641;Chr1:14097020;Chr1:14156791;Chr1:14187822;Chr1:14192652;Chr1:14210125;Chr1:14278517;Chr1:14289198;Chr1:14370624;Chr1:14397093;Chr1:14423128;Chr1:14427966;Chr1:14443924;Chr1:14446278;Chr1:14457233;Chr1:14471653;Chr1:14476674;Chr1:14481686;Chr1:14488285;Chr1:14499596;Chr1:14504944;Chr1:14512586;Chr1:14538169;Chr1:14542133;Chr1:14545589;Chr1:14546364;Chr1:14548399;Chr1:14550155;Chr1:14555159;Chr1:14576446;Chr1:14589408;Chr1:14594132;Chr1:14595279;Chr1:14597445;Chr1:14607630;Chr1:14626428;Chr1:14651156;Chr1:14660742;Chr1:14673757;Chr1:14686823;Chr1:14697043;Chr1:14776137;Chr1:14708297;Chr1:14721269;Chr1:14759030;Chr1:14774733;Chr1:14787004;Chr1:14787351;Chr1:14809305;Chr1:14857080;Chr1:14867081;Chr1:14868686;Chr1:14882658;Chr1:14894509;Chr1:14918694;Chr1:14923281;Chr1:14925385;Chr1:14943789;Chr1:14944270;Chr1:14944366;Chr1:14945296;Chr1:14949072;Chr1:14962693;Chr1:14967954;Chr1:15004128;Chr1:15005742;Chr1:15037157;Chr1:15041418;Chr1:15044685;Chr1:15054994;Chr1:15057769;Chr1:15060253;Chr1:15092645;Chr1:15126509;Chr1:15170737;Chr1:15171666;Chr1:15193900;Chr1:15230873;Chr1:15242619;Chr1:15248622;Chr1:15249283;Chr1:15269021;Chr1:15308308;Chr1:15326994;Chr1:15335074;Chr1:15380669;Chr1:15397845;Chr1:15409925;Chr1:15410933;Chr1:15421959	Chr1:14278517;Chr1:14867081;Chr1:15054994;Chr1:15380669	""	FALSE	TRUE	TRUE	1	1	FALSE	FALSE	3	3	3	1	2	4
bgs_V1_c1_rep7_env6	emmax_simes	Chr1	15543298	16100848	17	3	Chr1:15543298;Chr1:15556259;Chr1:16010340;Chr1:16049468;Chr1:16100848;Chr1:15543997;Chr1:15625167;Chr1:15632837;Chr1:15694081;Chr1:15735936;Chr1:15748214;Chr1:15790560;Chr1:15833780;Chr1:15698270;Chr1:15826364;Chr1:15907271;Chr1:15943636	Chr1:16010340;Chr1:15694081;Chr1:15826364	Chr1:15543298	TRUE	TRUE	TRUE	1	1	FALSE	FALSE	3	3	3	1	2	4
bgs_V1_c1_rep7_env6	emmax_simes	Chr1	16324353	16335390	3	1	Chr1:16324353;Chr1:16329685;Chr1:16335390	Chr1:16335390	""	FALSE	TRUE	FALSE	1	0	FALSE	FALSE	2	2	2	1	2	4
bgs_V1_c1_rep7_env6	emmax_simes	Chr1	26298520	26305577	3	1	Chr1:26298520;Chr1:26298873;Chr1:26305577	Chr1:26298873	Chr1:26305577	TRUE	TRUE	FALSE	1	0	FALSE	FALSE	2	2	2	1	2	4
bgs_V1_c1_rep7_env6	emmax_simes	Chr1	26308869	26320665	8	3	Chr1:26308869;Chr1:26312092;Chr1:26314491;Chr1:26314910;Chr1:26316061;Chr1:26316215;Chr1:26317044;Chr1:26320665	Chr1:26308869;Chr1:26316061;Chr1:26317044	Chr1:26305577	TRUE	TRUE	TRUE	1	1	FALSE	FALSE	3	3	3	1	2	4
bgs_V1_c1_rep7_env6	lfmm_simes	Chr1	12107834	12719320	11	2	Chr1:12107834;Chr1:12109184;Chr1:12214657;Chr1:12368164;Chr1:12483832;Chr1:12491223;Chr1:12551066;Chr1:12639759;Chr1:12698035;Chr1:12709743;Chr1:12719320	Chr1:12483832;Chr1:12639759	""	FALSE	FALSE	TRUE	0	1	FALSE	FALSE	2	2	2	1	2	4
bgs_V1_c1_rep7_env6	lfmm_simes	Chr1	13143640	13719710	30	2	Chr1:13143640;Chr1:13170990;Chr1:13434267;Chr1:13438518;Chr1:13450817;Chr1:13457008;Chr1:13463679;Chr1:13466982;Chr1:13474572;Chr1:13475854;Chr1:13480941;Chr1:13483411;Chr1:13484193;Chr1:13490025;Chr1:13494998;Chr1:13498313;Chr1:13518867;Chr1:13527503;Chr1:13536930;Chr1:13542625;Chr1:13543629;Chr1:13554653;Chr1:13562332;Chr1:13564356;Chr1:13572271;Chr1:13620499;Chr1:13719710;Chr1:13342002;Chr1:13372805;Chr1:13386769	Chr1:13438518;Chr1:13372805	""	FALSE	TRUE	TRUE	1	1	FALSE	FALSE	3	3	3	1	2	4
bgs_V1_c1_rep7_env6	lfmm_simes	Chr1	14081583	15308308	84	3	Chr1:14081583;Chr1:14096641;Chr1:14097020;Chr1:14156791;Chr1:14187822;Chr1:14192652;Chr1:14210125;Chr1:14278517;Chr1:14289198;Chr1:14370624;Chr1:14397093;Chr1:14423128;Chr1:14427966;Chr1:14443924;Chr1:14446278;Chr1:14457233;Chr1:14471653;Chr1:14476674;Chr1:14481686;Chr1:14488285;Chr1:14499596;Chr1:14504944;Chr1:14512586;Chr1:14538169;Chr1:14542133;Chr1:14545589;Chr1:14546364;Chr1:14548399;Chr1:14550155;Chr1:14555159;Chr1:14576446;Chr1:14589408;Chr1:14594132;Chr1:14595279;Chr1:14597445;Chr1:14607630;Chr1:14626428;Chr1:14651156;Chr1:14660742;Chr1:14673757;Chr1:14686823;Chr1:14697043;Chr1:14776137;Chr1:14708297;Chr1:14721269;Chr1:14759030;Chr1:14774733;Chr1:14787004;Chr1:14787351;Chr1:14809305;Chr1:14857080;Chr1:14867081;Chr1:14868686;Chr1:14882658;Chr1:14894509;Chr1:14918694;Chr1:14923281;Chr1:14925385;Chr1:14943789;Chr1:14944270;Chr1:14944366;Chr1:14945296;Chr1:14949072;Chr1:14962693;Chr1:14967954;Chr1:15004128;Chr1:15005742;Chr1:15037157;Chr1:15041418;Chr1:15044685;Chr1:15054994;Chr1:15057769;Chr1:15060253;Chr1:15092645;Chr1:15126509;Chr1:15170737;Chr1:15171666;Chr1:15193900;Chr1:15230873;Chr1:15242619;Chr1:15248622;Chr1:15249283;Chr1:15269021;Chr1:15308308	Chr1:14278517;Chr1:14867081;Chr1:15054994	""	FALSE	TRUE	TRUE	1	1	FALSE	FALSE	3	3	3	1	2	4
bgs_V1_c1_rep7_env6	lfmm_simes	Chr1	15197642	15226814	5	1	Chr1:15197642;Chr1:15204579;Chr1:15207263;Chr1:15222661;Chr1:15226814	Chr1:15197642	""	FALSE	FALSE	TRUE	0	1	FALSE	FALSE	2	2	3	1	2	4
bgs_V1_c1_rep7_env6	lfmm_simes	Chr1	15326994	15421959	7	1	Chr1:15326994;Chr1:15335074;Chr1:15380669;Chr1:15397845;Chr1:15409925;Chr1:15410933;Chr1:15421959	Chr1:15380669	""	FALSE	TRUE	TRUE	1	1	FALSE	FALSE	3	3	3	1	2	4
bgs_V1_c1_rep7_env6	lfmm_simes	Chr1	15543298	16100848	17	3	Chr1:15543298;Chr1:15556259;Chr1:16010340;Chr1:16049468;Chr1:16100848;Chr1:15543997;Chr1:15625167;Chr1:15632837;Chr1:15694081;Chr1:15735936;Chr1:15748214;Chr1:15790560;Chr1:15833780;Chr1:15698270;Chr1:15826364;Chr1:15907271;Chr1:15943636	Chr1:16010340;Chr1:15694081;Chr1:15826364	Chr1:15543298	TRUE	TRUE	TRUE	3	1	FALSE	FALSE	3	3	3	1	2	4
bgs_V1_c1_rep7_env6	lfmm_simes	Chr1	15871753	15917748	7	1	Chr1:15871753;Chr1:15874601;Chr1:15881525;Chr1:15888367;Chr1:15905036;Chr1:15910899;Chr1:15917748	Chr1:15905036	""	FALSE	FALSE	TRUE	0	1	FALSE	FALSE	2	2	3	1	2	4
bgs_V1_c1_rep7_env6	lfmm_simes	Chr1	16324353	16335390	3	1	Chr1:16324353;Chr1:16329685;Chr1:16335390	Chr1:16335390	""	FALSE	TRUE	FALSE	1	0	FALSE	FALSE	2	2	2	1	2	4
bgs_V1_c1_rep7_env6	lfmm_simes	Chr1	26298520	26305577	3	1	Chr1:26298520;Chr1:26298873;Chr1:26305577	Chr1:26298873	Chr1:26305577	TRUE	TRUE	FALSE	1	0	FALSE	FALSE	2	2	2	1	2	4
bgs_V1_c1_rep7_env6	lfmm_simes	Chr1	26308869	26320665	6	2	Chr1:26308869;Chr1:26312092;Chr1:26314491;Chr1:26314910;Chr1:26317044;Chr1:26320665	Chr1:26308869;Chr1:26317044	Chr1:26305577	TRUE	TRUE	TRUE	1	1	FALSE	FALSE	3	3	3	1	2	4
bgs_V1_c1_rep7_env7	emmax_consensus	Chr1	9417004	10632721	22	3	Chr1:9417004;Chr1:9423247;Chr1:9545686;Chr1:9581469;Chr1:9776244;Chr1:9852243;Chr1:9865736;Chr1:9573361;Chr1:9768760;Chr1:9813227;Chr1:9826979;Chr1:9836010;Chr1:9838030;Chr1:10092486;Chr1:10172864;Chr1:10315954;Chr1:10632721;Chr1:9943631;Chr1:10012474;Chr1:10149798;Chr1:10339619;Chr1:10340742	Chr1:9581469;Chr1:10092486;Chr1:10149798	Chr1:9852243	TRUE	TRUE	TRUE	1	1	FALSE	FALSE	3	3	3	1	2	4
bgs_V1_c1_rep7_env7	emmax_consensus	Chr1	9417975	9645342	10	2	Chr1:9417975;Chr1:9456534;Chr1:9466597;Chr1:9476067;Chr1:9493704;Chr1:9504722;Chr1:9504812;Chr1:9595562;Chr1:9602862;Chr1:9645342	Chr1:9456534;Chr1:9602862	""	FALSE	TRUE	TRUE	1	1	FALSE	FALSE	3	3	3	1	2	4
bgs_V1_c1_rep7_env7	emmax_consensus	Chr1	10731769	11405302	15	1	Chr1:10731769;Chr1:10751780;Chr1:10782789;Chr1:10795149;Chr1:10835648;Chr1:10970621;Chr1:10987531;Chr1:11175358;Chr1:11177516;Chr1:11193246;Chr1:11251606;Chr1:11291248;Chr1:11360828;Chr1:11379387;Chr1:11405302	Chr1:11175358	""	FALSE	FALSE	TRUE	0	1	FALSE	FALSE	2	2	3	1	2	4
bgs_V1_c1_rep7_env7	emmax_consensus	Chr1	11348315	11402158	3	1	Chr1:11348315;Chr1:11393788;Chr1:11402158	Chr1:11393788	""	FALSE	TRUE	FALSE	1	0	FALSE	FALSE	2	2	3	1	2	4
bgs_V1_c1_rep7_env7	emmax_consensus	Chr1	11633894	11862785	6	1	Chr1:11633894;Chr1:11644501;Chr1:11684329;Chr1:11737483;Chr1:11738343;Chr1:11862785	Chr1:11737483	""	FALSE	TRUE	TRUE	1	1	FALSE	FALSE	3	3	3	1	2	4
bgs_V1_c1_rep7_env7	emmax_consensus	Chr2	22594240	22598454	2	1	Chr2:22594240;Chr2:22598454	Chr2:22594240	""	FALSE	FALSE	FALSE	0	0	FALSE	FALSE	1	1	1	1	2	4
bgs_V1_c1_rep7_env7	emmax_simes	Chr1	9417004	10632721	22	3	Chr1:9417004;Chr1:9423247;Chr1:9545686;Chr1:9581469;Chr1:9776244;Chr1:9852243;Chr1:9865736;Chr1:9573361;Chr1:9768760;Chr1:9813227;Chr1:9826979;Chr1:9836010;Chr1:9838030;Chr1:10092486;Chr1:10172864;Chr1:10315954;Chr1:10632721;Chr1:9943631;Chr1:10012474;Chr1:10149798;Chr1:10339619;Chr1:10340742	Chr1:9581469;Chr1:10092486;Chr1:10149798	Chr1:9852243	TRUE	TRUE	TRUE	1	1	FALSE	FALSE	3	3	3	1	2	4
bgs_V1_c1_rep7_env7	emmax_simes	Chr1	9417975	9645342	10	2	Chr1:9417975;Chr1:9456534;Chr1:9466597;Chr1:9476067;Chr1:9493704;Chr1:9504722;Chr1:9504812;Chr1:9595562;Chr1:9602862;Chr1:9645342	Chr1:9456534;Chr1:9602862	""	FALSE	TRUE	TRUE	1	1	FALSE	FALSE	3	3	3	1	2	4
bgs_V1_c1_rep7_env7	emmax_simes	Chr1	11348315	11402158	3	1	Chr1:11348315;Chr1:11393788;Chr1:11402158	Chr1:11393788	""	FALSE	TRUE	FALSE	1	0	FALSE	FALSE	2	2	3	1	2	4
bgs_V1_c1_rep7_env7	emmax_simes	Chr1	11633894	11862785	6	1	Chr1:11633894;Chr1:11644501;Chr1:11684329;Chr1:11737483;Chr1:11738343;Chr1:11862785	Chr1:11737483	""	FALSE	TRUE	TRUE	1	1	FALSE	FALSE	3	3	3	1	2	4
bgs_V1_c1_rep7_env7	emmax_simes	Chr1	11653184	11960594	4	1	Chr1:11653184;Chr1:11892454;Chr1:11919486;Chr1:11960594	Chr1:11919486	""	FALSE	TRUE	TRUE	1	1	FALSE	FALSE	3	3	3	1	2	4
bgs_V1_c1_rep7_env7	emmax_simes	Chr2	22594240	22598454	2	1	Chr2:22594240;Chr2:22598454	Chr2:22594240	""	FALSE	FALSE	FALSE	0	0	FALSE	FALSE	1	1	1	1	2	4
bgs_V1_c1_rep7_env7	lfmm_simes	Chr1	9417004	10632721	22	3	Chr1:9417004;Chr1:9423247;Chr1:9545686;Chr1:9581469;Chr1:9776244;Chr1:9852243;Chr1:9865736;Chr1:9573361;Chr1:9768760;Chr1:9813227;Chr1:9826979;Chr1:9836010;Chr1:9838030;Chr1:10092486;Chr1:10172864;Chr1:10315954;Chr1:10632721;Chr1:9943631;Chr1:10012474;Chr1:10149798;Chr1:10339619;Chr1:10340742	Chr1:9581469;Chr1:10092486;Chr1:10149798	Chr1:9852243	TRUE	TRUE	TRUE	1	1	FALSE	FALSE	3	3	3	1	2	4
bgs_V1_c1_rep7_env7	lfmm_simes	Chr1	9493704	9645342	6	1	Chr1:9493704;Chr1:9504722;Chr1:9504812;Chr1:9595562;Chr1:9602862;Chr1:9645342	Chr1:9602862	""	FALSE	TRUE	TRUE	1	1	FALSE	FALSE	3	3	3	1	2	4
bgs_V1_c1_rep7_env7	lfmm_simes	Chr1	11348315	11402158	3	1	Chr1:11348315;Chr1:11393788;Chr1:11402158	Chr1:11393788	""	FALSE	TRUE	FALSE	1	0	FALSE	FALSE	2	2	3	1	2	4
bgs_V1_c1_rep7_env7	lfmm_simes	Chr1	11633894	11862785	6	1	Chr1:11633894;Chr1:11644501;Chr1:11684329;Chr1:11737483;Chr1:11738343;Chr1:11862785	Chr1:11737483	""	FALSE	TRUE	TRUE	1	1	FALSE	FALSE	3	3	3	1	2	4
bgs_V1_c1_rep7_env7	lfmm_simes	Chr1	11653184	11960594	4	1	Chr1:11653184;Chr1:11892454;Chr1:11919486;Chr1:11960594	Chr1:11919486	""	FALSE	FALSE	TRUE	0	1	FALSE	FALSE	2	2	3	1	2	4
bgs_V1_c1_rep7_env8	emmax_consensus	Chr1	22301115	22325426	4	1	Chr1:22301115;Chr1:22305178;Chr1:22306105;Chr1:22325426	Chr1:22301115	Chr1:22285175	TRUE	TRUE	TRUE	1	1	FALSE	FALSE	3	3	3	1	2	4
bgs_V1_c1_rep7_env8	emmax_simes	Chr1	22301115	22325426	4	1	Chr1:22301115;Chr1:22305178;Chr1:22306105;Chr1:22325426	Chr1:22301115	Chr1:22285175	TRUE	TRUE	TRUE	1	1	FALSE	FALSE	3	3	3	1	2	4
bgs_V1_c1_rep7_env8	lfmm_simes	Chr1	22301115	22325426	4	1	Chr1:22301115;Chr1:22305178;Chr1:22306105;Chr1:22325426	Chr1:22301115	Chr1:22285175	TRUE	TRUE	TRUE	1	1	FALSE	FALSE	3	3	3	1	2	4
bgs_V1_c1_rep8_env1	emmax_consensus	Chr1	16600021	16602065	2	1	Chr1:16600021;Chr1:16602065	Chr1:16600021	Chr1:16631104	TRUE	FALSE	FALSE	0	0	FALSE	FALSE	1	1	1	1	2	4
bgs_V1_c1_rep8_env1	emmax_consensus	Chr1	16626953	16631679	3	1	Chr1:16626953;Chr1:16631104;Chr1:16631679	Chr1:16631679	Chr1:16631104	TRUE	FALSE	FALSE	0	0	FALSE	FALSE	1	1	1	1	2	4
bgs_V1_c1_rep8_env1	emmax_simes	Chr1	3936925	3955394	2	1	Chr1:3936925;Chr1:3955394	Chr1:3936925	Chr1:3936925	TRUE	FALSE	FALSE	0	0	FALSE	FALSE	1	1	1	1	2	4
bgs_V1_c1_rep8_env1	emmax_simes	Chr1	16626953	16631679	3	1	Chr1:16626953;Chr1:16631104;Chr1:16631679	Chr1:16631679	Chr1:16631104	TRUE	TRUE	FALSE	1	0	FALSE	FALSE	2	2	2	1	2	4
bgs_V1_c1_rep8_env1	lfmm_simes	Chr1	3936925	3955394	4	2	Chr1:3936925;Chr1:3955394;Chr1:3943695;Chr1:3948604	Chr1:3936925;Chr1:3943695	Chr1:3936925	TRUE	TRUE	FALSE	1	0	FALSE	FALSE	2	2	2	1	2	4
bgs_V1_c1_rep8_env1	lfmm_simes	Chr1	16600021	16602065	2	1	Chr1:16600021;Chr1:16602065	Chr1:16600021	Chr1:16631104	TRUE	TRUE	FALSE	1	0	FALSE	FALSE	2	2	2	1	2	4
bgs_V1_c1_rep8_env1	lfmm_simes	Chr1	16626953	16631679	3	1	Chr1:16626953;Chr1:16631104;Chr1:16631679	Chr1:16631679	Chr1:16631104	TRUE	TRUE	FALSE	1	0	FALSE	FALSE	2	2	2	1	2	4
bgs_V1_c1_rep8_env10	emmax_consensus	Chr1	1028627	1199488	17	3	Chr1:1028627;Chr1:1030959;Chr1:1035267;Chr1:1038804;Chr1:1065598;Chr1:1069297;Chr1:1106269;Chr1:1107384;Chr1:1156613;Chr1:1159791;Chr1:1165940;Chr1:1171282;Chr1:1172845;Chr1:1185772;Chr1:1199488;Chr1:1101565;Chr1:1125796	Chr1:1035267;Chr1:1171282;Chr1:1101565	Chr1:1065598	TRUE	TRUE	TRUE	1	1	FALSE	FALSE	3	3	3	1	2	4
bgs_V1_c1_rep8_env10	emmax_consensus	Chr1	1431068	1438718	4	1	Chr1:1431068;Chr1:1433953;Chr1:1435821;Chr1:1438718	Chr1:1438718	""	FALSE	TRUE	TRUE	1	1	FALSE	FALSE	3	3	3	1	2	4
bgs_V1_c1_rep8_env10	emmax_consensus	Chr1	13956517	13976914	8	1	Chr1:13956517;Chr1:13957965;Chr1:13959106;Chr1:13959182;Chr1:13962626;Chr1:13964734;Chr1:13966918;Chr1:13976914	Chr1:13962626	Chr1:13956517	TRUE	TRUE	TRUE	1	1	FALSE	FALSE	3	3	3	1	2	4
bgs_V1_c1_rep8_env10	emmax_simes	Chr1	1028627	1199488	17	3	Chr1:1028627;Chr1:1030959;Chr1:1035267;Chr1:1038804;Chr1:1065598;Chr1:1069297;Chr1:1106269;Chr1:1107384;Chr1:1156613;Chr1:1159791;Chr1:1165940;Chr1:1171282;Chr1:1172845;Chr1:1185772;Chr1:1199488;Chr1:1101565;Chr1:1125796	Chr1:1035267;Chr1:1171282;Chr1:1101565	Chr1:1065598	TRUE	TRUE	TRUE	1	1	FALSE	FALSE	3	3	3	1	2	4
bgs_V1_c1_rep8_env10	emmax_simes	Chr1	1431068	1438718	4	1	Chr1:1431068;Chr1:1433953;Chr1:1435821;Chr1:1438718	Chr1:1438718	""	FALSE	FALSE	TRUE	0	1	FALSE	FALSE	2	2	2	1	2	4
bgs_V1_c1_rep8_env10	emmax_simes	Chr1	13928934	13976914	13	2	Chr1:13928934;Chr1:13933024;Chr1:13934452;Chr1:13934539;Chr1:13940724;Chr1:13956517;Chr1:13957965;Chr1:13959106;Chr1:13959182;Chr1:13962626;Chr1:13964734;Chr1:13966918;Chr1:13976914	Chr1:13934452;Chr1:13962626	Chr1:13956517	TRUE	TRUE	TRUE	1	1	FALSE	FALSE	3	3	3	1	2	4
bgs_V1_c1_rep8_env10	lfmm_simes	Chr1	1028627	1199488	17	3	Chr1:1028627;Chr1:1030959;Chr1:1035267;Chr1:1038804;Chr1:1065598;Chr1:1069297;Chr1:1106269;Chr1:1107384;Chr1:1156613;Chr1:1159791;Chr1:1165940;Chr1:1171282;Chr1:1172845;Chr1:1185772;Chr1:1199488;Chr1:1101565;Chr1:1125796	Chr1:1035267;Chr1:1171282;Chr1:1101565	Chr1:1065598	TRUE	TRUE	TRUE	1	1	FALSE	FALSE	3	3	3	1	2	4
bgs_V1_c1_rep8_env10	lfmm_simes	Chr1	13928934	13976914	13	2	Chr1:13928934;Chr1:13933024;Chr1:13934452;Chr1:13934539;Chr1:13940724;Chr1:13956517;Chr1:13957965;Chr1:13959106;Chr1:13959182;Chr1:13962626;Chr1:13964734;Chr1:13966918;Chr1:13976914	Chr1:13934452;Chr1:13962626	Chr1:13956517	TRUE	TRUE	TRUE	1	1	FALSE	FALSE	3	3	3	1	2	4
bgs_V1_c1_rep8_env10	lfmm_simes	Chr2	15837093	15842746	4	1	Chr2:15837093;Chr2:15837638;Chr2:15839529;Chr2:15842746	Chr2:15837638	""	FALSE	TRUE	TRUE	1	1	FALSE	FALSE	3	3	3	1	2	4
bgs_V1_c1_rep8_env2	emmax_consensus	Chr1	15578525	15626326	16	4	Chr1:15578525;Chr1:15581940;Chr1:15595071;Chr1:15596925;Chr1:15601656;Chr1:15603346;Chr1:15603409;Chr1:15606045;Chr1:15609016;Chr1:15618990;Chr1:15622391;Chr1:15622751;Chr1:15623950;Chr1:15626326;Chr1:15619024;Chr1:15619811	Chr1:15578525;Chr1:15603409;Chr1:15622751;Chr1:15619024	Chr1:15609016	TRUE	TRUE	TRUE	1	1	FALSE	FALSE	3	3	3	1	2	4
bgs_V1_c1_rep8_env2	emmax_simes	Chr1	15578525	15626326	16	4	Chr1:15578525;Chr1:15581940;Chr1:15595071;Chr1:15596925;Chr1:15601656;Chr1:15603346;Chr1:15603409;Chr1:15606045;Chr1:15609016;Chr1:15618990;Chr1:15622391;Chr1:15622751;Chr1:15623950;Chr1:15626326;Chr1:15619024;Chr1:15619811	Chr1:15578525;Chr1:15603409;Chr1:15622751;Chr1:15619024	Chr1:15609016	TRUE	TRUE	TRUE	1	1	FALSE	FALSE	3	3	3	1	2	4
bgs_V1_c1_rep8_env2	lfmm_simes	Chr1	1655	476604	49	1	Chr1:1655;Chr1:22815;Chr1:29207;Chr1:53799;Chr1:56951;Chr1:74319;Chr1:75905;Chr1:86032;Chr1:90434;Chr1:98993;Chr1:99209;Chr1:103354;Chr1:112111;Chr1:112590;Chr1:119450;Chr1:133524;Chr1:133542;Chr1:148289;Chr1:156871;Chr1:166164;Chr1:166292;Chr1:172414;Chr1:226317;Chr1:235256;Chr1:239007;Chr1:254047;Chr1:260633;Chr1:263797;Chr1:265770;Chr1:267003;Chr1:267786;Chr1:301581;Chr1:311541;Chr1:319520;Chr1:328926;Chr1:334718;Chr1:354430;Chr1:358420;Chr1:379538;Chr1:383057;Chr1:404159;Chr1:415214;Chr1:446350;Chr1:446725;Chr1:447885;Chr1:458279;Chr1:461061;Chr1:469798;Chr1:476604	Chr1:1655	Chr1:112111	TRUE	TRUE	TRUE	1	1	FALSE	FALSE	3	3	3	1	2	4
bgs_V1_c1_rep8_env2	lfmm_simes	Chr1	5014557	5031390	4	1	Chr1:5014557;Chr1:5017802;Chr1:5022665;Chr1:5031390	Chr1:5022665	""	FALSE	TRUE	TRUE	1	1	FALSE	FALSE	3	3	3	1	2	4
bgs_V1_c1_rep8_env2	lfmm_simes	Chr1	15578525	15626326	16	4	Chr1:15578525;Chr1:15581940;Chr1:15595071;Chr1:15596925;Chr1:15601656;Chr1:15603346;Chr1:15603409;Chr1:15606045;Chr1:15609016;Chr1:15618990;Chr1:15622391;Chr1:15622751;Chr1:15623950;Chr1:15626326;Chr1:15619024;Chr1:15619811	Chr1:15578525;Chr1:15603409;Chr1:15622751;Chr1:15619024	Chr1:15609016	TRUE	TRUE	TRUE	1	1	FALSE	FALSE	3	3	3	1	2	4
bgs_V1_c1_rep8_env3	emmax_consensus	Chr1	16626953	16646384	4	1	Chr1:16626953;Chr1:16631104;Chr1:16631679;Chr1:16646384	Chr1:16631679	Chr1:16631104	TRUE	TRUE	TRUE	1	1	FALSE	FALSE	3	3	3	1	2	4
bgs_V1_c1_rep8_env3	emmax_simes	Chr1	16626953	16646384	4	1	Chr1:16626953;Chr1:16631104;Chr1:16631679;Chr1:16646384	Chr1:16631679	Chr1:16631104	TRUE	TRUE	TRUE	1	1	FALSE	FALSE	3	3	3	1	2	4
bgs_V1_c1_rep8_env3	lfmm_simes	Chr1	16626953	16646384	4	1	Chr1:16626953;Chr1:16631104;Chr1:16631679;Chr1:16646384	Chr1:16631679	Chr1:16631104	TRUE	TRUE	TRUE	1	1	FALSE	FALSE	3	3	3	1	2	4
bgs_V1_c1_rep8_env4	emmax_consensus	Chr1	4506068	4559903	18	1	Chr1:4506068;Chr1:4506580;Chr1:4506889;Chr1:4508844;Chr1:4509538;Chr1:4518190;Chr1:4518983;Chr1:4519835;Chr1:4521843;Chr1:4522078;Chr1:4524222;Chr1:4525438;Chr1:4529527;Chr1:4535404;Chr1:4544190;Chr1:4556827;Chr1:4558615;Chr1:4559903	Chr1:4525438	Chr1:4506068	TRUE	TRUE	TRUE	1	1	FALSE	FALSE	3	3	3	1	2	4
bgs_V1_c1_rep8_env4	emmax_simes	Chr1	4506068	4559903	18	1	Chr1:4506068;Chr1:4506580;Chr1:4506889;Chr1:4508844;Chr1:4509538;Chr1:4518190;Chr1:4518983;Chr1:4519835;Chr1:4521843;Chr1:4522078;Chr1:4524222;Chr1:4525438;Chr1:4529527;Chr1:4535404;Chr1:4544190;Chr1:4556827;Chr1:4558615;Chr1:4559903	Chr1:4525438	Chr1:4506068	TRUE	TRUE	TRUE	1	1	FALSE	FALSE	3	3	3	1	2	4
bgs_V1_c1_rep8_env4	lfmm_simes	Chr1	4428985	4447326	8	1	Chr1:4428985;Chr1:4431943;Chr1:4434938;Chr1:4440554;Chr1:4443259;Chr1:4444454;Chr1:4444698;Chr1:4447326	Chr1:4443259	Chr1:4506068	TRUE	FALSE	TRUE	0	1	FALSE	FALSE	2	2	2	1	2	4
bgs_V1_c1_rep8_env4	lfmm_simes	Chr1	4506068	4635064	29	2	Chr1:4506068;Chr1:4506580;Chr1:4506889;Chr1:4508844;Chr1:4509538;Chr1:4518190;Chr1:4518983;Chr1:4519835;Chr1:4521843;Chr1:4522078;Chr1:4524222;Chr1:4525438;Chr1:4529527;Chr1:4535404;Chr1:4544190;Chr1:4556827;Chr1:4558615;Chr1:4559903;Chr1:4565914;Chr1:4570183;Chr1:4574012;Chr1:4582383;Chr1:4594369;Chr1:4594926;Chr1:4616799;Chr1:4619178;Chr1:4628698;Chr1:4630172;Chr1:4635064	Chr1:4525438;Chr1:4582383	Chr1:4506068	TRUE	TRUE	TRUE	1	1	FALSE	FALSE	3	3	3	1	2	4
bgs_V1_c1_rep8_env5	emmax_consensus	Chr1	16613136	16631104	2	1	Chr1:16613136;Chr1:16631104	Chr1:16613136	Chr1:16631104	TRUE	TRUE	FALSE	1	0	FALSE	FALSE	2	2	2	1	2	4
bgs_V1_c1_rep8_env5	emmax_simes	Chr1	16613136	16631104	2	1	Chr1:16613136;Chr1:16631104	Chr1:16613136	Chr1:16631104	TRUE	TRUE	FALSE	1	0	FALSE	FALSE	2	2	2	1	2	4
bgs_V1_c1_rep8_env5	lfmm_simes	Chr1	16613136	16631104	2	1	Chr1:16613136;Chr1:16631104	Chr1:16613136	Chr1:16631104	TRUE	TRUE	FALSE	1	0	FALSE	FALSE	2	2	2	1	2	4
bgs_V1_c1_rep8_env6	emmax_consensus	Chr1	12237174	12530219	18	3	Chr1:12237174;Chr1:12249455;Chr1:12281215;Chr1:12340538;Chr1:12344205;Chr1:12423425;Chr1:12504845;Chr1:12530219;Chr1:12262671;Chr1:12299003;Chr1:12307465;Chr1:12313763;Chr1:12359375;Chr1:12364009;Chr1:12387328;Chr1:12400533;Chr1:12456862;Chr1:12483175	Chr1:12281215;Chr1:12299003;Chr1:12359375	Chr1:12423425	TRUE	TRUE	TRUE	1	1	FALSE	FALSE	3	3	3	1	2	4
bgs_V1_c1_rep8_env6	emmax_consensus	Chr1	14911251	14917378	2	1	Chr1:14911251;Chr1:14917378	Chr1:14911251	""	FALSE	FALSE	FALSE	0	0	FALSE	FALSE	1	1	1	1	2	4
bgs_V1_c1_rep8_env6	emmax_consensus	Chr1	15882385	15887128	3	1	Chr1:15882385;Chr1:15886502;Chr1:15887128	Chr1:15886502	""	FALSE	FALSE	FALSE	0	0	FALSE	FALSE	1	1	1	1	2	4
bgs_V1_c1_rep8_env6	emmax_simes	Chr1	12237174	12530219	18	3	Chr1:12237174;Chr1:12249455;Chr1:12281215;Chr1:12340538;Chr1:12344205;Chr1:12423425;Chr1:12504845;Chr1:12530219;Chr1:12262671;Chr1:12299003;Chr1:12307465;Chr1:12313763;Chr1:12359375;Chr1:12364009;Chr1:12387328;Chr1:12400533;Chr1:12456862;Chr1:12483175	Chr1:12281215;Chr1:12299003;Chr1:12359375	Chr1:12423425	TRUE	TRUE	TRUE	1	1	FALSE	FALSE	3	3	3	1	2	4
bgs_V1_c1_rep8_env6	emmax_simes	Chr1	14911251	14917378	2	1	Chr1:14911251;Chr1:14917378	Chr1:14911251	""	FALSE	TRUE	FALSE	1	0	FALSE	FALSE	2	2	2	1	2	4
bgs_V1_c1_rep8_env6	lfmm_simes	Chr1	12042174	12530219	39	5	Chr1:12042174;Chr1:12047117;Chr1:12058244;Chr1:12064562;Chr1:12068013;Chr1:12069585;Chr1:12079857;Chr1:12099479;Chr1:12103398;Chr1:12123151;Chr1:12165134;Chr1:12172327;Chr1:12176829;Chr1:12177710;Chr1:12189038;Chr1:12191314;Chr1:12192874;Chr1:12201390;Chr1:12213116;Chr1:12218102;Chr1:12224834;Chr1:12237174;Chr1:12249455;Chr1:12281215;Chr1:12340538;Chr1:12344205;Chr1:12423425;Chr1:12504845;Chr1:12530219;Chr1:12262671;Chr1:12299003;Chr1:12307465;Chr1:12313763;Chr1:12359375;Chr1:12364009;Chr1:12387328;Chr1:12400533;Chr1:12456862;Chr1:12483175	Chr1:12069585;Chr1:12172327;Chr1:12281215;Chr1:12299003;Chr1:12359375	Chr1:12423425	TRUE	TRUE	TRUE	2	1	FALSE	FALSE	3	3	3	1	2	4
bgs_V1_c1_rep8_env6	lfmm_simes	Chr1	15879457	15887128	6	2	Chr1:15879457;Chr1:15879596;Chr1:15880242;Chr1:15882385;Chr1:15886502;Chr1:15887128	Chr1:15879596;Chr1:15886502	""	FALSE	TRUE	FALSE	1	0	FALSE	FALSE	2	2	2	1	2	4
bgs_V1_c1_rep8_env7	emmax_consensus	Chr1	16600021	16606878	2	1	Chr1:16600021;Chr1:16606878	Chr1:16600021	Chr1:16631104	TRUE	FALSE	FALSE	0	0	FALSE	FALSE	1	1	1	1	2	4
bgs_V1_c1_rep8_env7	emmax_consensus	Chr1	16626953	16631679	3	1	Chr1:16626953;Chr1:16631104;Chr1:16631679	Chr1:16631679	Chr1:16631104	TRUE	TRUE	FALSE	1	0	FALSE	FALSE	2	2	2	1	2	4
bgs_V1_c1_rep8_env7	emmax_consensus	Chr2	14553888	14560953	3	1	Chr2:14553888;Chr2:14556734;Chr2:14560953	Chr2:14553888	""	FALSE	FALSE	FALSE	0	0	FALSE	FALSE	1	1	1	1	2	4
bgs_V1_c1_rep8_env7	emmax_simes	Chr1	16600021	16606878	2	1	Chr1:16600021;Chr1:16606878	Chr1:16600021	Chr1:16631104	TRUE	TRUE	FALSE	1	0	FALSE	FALSE	2	2	2	1	2	4
bgs_V1_c1_rep8_env7	emmax_simes	Chr1	16626953	16631679	3	1	Chr1:16626953;Chr1:16631104;Chr1:16631679	Chr1:16631679	Chr1:16631104	TRUE	TRUE	FALSE	1	0	FALSE	FALSE	2	2	2	1	2	4
bgs_V1_c1_rep8_env7	emmax_simes	Chr2	14553888	14560953	3	1	Chr2:14553888;Chr2:14556734;Chr2:14560953	Chr2:14553888	""	FALSE	FALSE	FALSE	0	0	FALSE	FALSE	1	1	1	1	2	4
bgs_V1_c1_rep8_env7	lfmm_simes	Chr1	16600021	16606878	2	1	Chr1:16600021;Chr1:16606878	Chr1:16600021	Chr1:16631104	TRUE	TRUE	FALSE	1	0	FALSE	FALSE	2	2	2	1	2	4
bgs_V1_c1_rep8_env7	lfmm_simes	Chr1	16626953	16631679	3	1	Chr1:16626953;Chr1:16631104;Chr1:16631679	Chr1:16631679	Chr1:16631104	TRUE	TRUE	FALSE	1	0	FALSE	FALSE	2	2	2	1	2	4
bgs_V1_c1_rep8_env8	emmax_consensus	Chr1	4641730	4663365	4	1	Chr1:4641730;Chr1:4644452;Chr1:4652078;Chr1:4663365	Chr1:4644452	""	FALSE	TRUE	TRUE	1	1	FALSE	FALSE	3	3	3	1	2	4
bgs_V1_c1_rep8_env9	emmax_consensus	Chr1	16626953	16631679	3	1	Chr1:16626953;Chr1:16631104;Chr1:16631679	Chr1:16631104	Chr1:16631104	TRUE	TRUE	FALSE	1	0	FALSE	FALSE	2	2	2	1	2	4
bgs_V1_c1_rep8_env9	emmax_simes	Chr1	16626953	16631679	3	1	Chr1:16626953;Chr1:16631104;Chr1:16631679	Chr1:16631104	Chr1:16631104	TRUE	TRUE	FALSE	1	0	FALSE	FALSE	2	2	2	1	2	4
bgs_V1_c1_rep8_env9	lfmm_simes	Chr1	16626953	16631679	3	1	Chr1:16626953;Chr1:16631104;Chr1:16631679	Chr1:16631104	Chr1:16631104	TRUE	TRUE	FALSE	1	0	FALSE	FALSE	2	2	2	1	2	4
bgs_V1_c1_rep9_env1	emmax_consensus	Chr1	3285608	3302160	7	1	Chr1:3285608;Chr1:3289729;Chr1:3293665;Chr1:3293946;Chr1:3293960;Chr1:3299276;Chr1:3302160	Chr1:3293946	""	FALSE	TRUE	TRUE	1	1	FALSE	FALSE	3	3	3	1	2	4
bgs_V1_c1_rep9_env1	emmax_consensus	Chr1	3539106	3750872	32	4	Chr1:3539106;Chr1:3539137;Chr1:3543737;Chr1:3546840;Chr1:3547650;Chr1:3556058;Chr1:3557178;Chr1:3559794;Chr1:3566345;Chr1:3583629;Chr1:3589529;Chr1:3590692;Chr1:3592592;Chr1:3594009;Chr1:3660194;Chr1:3660625;Chr1:3663004;Chr1:3671214;Chr1:3678460;Chr1:3678849;Chr1:3681530;Chr1:3684063;Chr1:3684433;Chr1:3661356;Chr1:3667668;Chr1:3687448;Chr1:3687719;Chr1:3696242;Chr1:3702304;Chr1:3709178;Chr1:3745172;Chr1:3750872	Chr1:3559794;Chr1:3684063;Chr1:3667668;Chr1:3709178	Chr1:3696242	TRUE	TRUE	TRUE	1	1	FALSE	FALSE	3	3	3	1	2	4
bgs_V1_c1_rep9_env1	emmax_consensus	Chr1	3713824	3733738	3	1	Chr1:3713824;Chr1:3716682;Chr1:3733738	Chr1:3716682	Chr1:3696242	TRUE	FALSE	FALSE	0	0	FALSE	FALSE	1	1	3	1	2	4
bgs_V1_c1_rep9_env1	emmax_consensus	Chr2	19601351	19629999	8	2	Chr2:19601351;Chr2:19602226;Chr2:19608733;Chr2:19615938;Chr2:19626870;Chr2:19629999;Chr2:19606470;Chr2:19617983	Chr2:19615938;Chr2:19606470	""	FALSE	TRUE	TRUE	1	1	FALSE	FALSE	3	3	3	1	2	4
bgs_V1_c1_rep9_env1	emmax_simes	Chr1	3285608	3302160	7	1	Chr1:3285608;Chr1:3289729;Chr1:3293665;Chr1:3293946;Chr1:3293960;Chr1:3299276;Chr1:3302160	Chr1:3293946	""	FALSE	TRUE	TRUE	1	1	FALSE	FALSE	3	3	3	1	2	4
bgs_V1_c1_rep9_env1	emmax_simes	Chr1	3287992	3385867	11	1	Chr1:3287992;Chr1:3306240;Chr1:3312243;Chr1:3317561;Chr1:3319156;Chr1:3320363;Chr1:3321923;Chr1:3345328;Chr1:3346679;Chr1:3362979;Chr1:3385867	Chr1:3320363	""	FALSE	FALSE	TRUE	0	1	FALSE	FALSE	2	2	3	1	2	4
bgs_V1_c1_rep9_env1	emmax_simes	Chr1	3539106	3750872	32	4	Chr1:3539106;Chr1:3539137;Chr1:3543737;Chr1:3546840;Chr1:3547650;Chr1:3556058;Chr1:3557178;Chr1:3559794;Chr1:3566345;Chr1:3583629;Chr1:3589529;Chr1:3590692;Chr1:3592592;Chr1:3594009;Chr1:3660194;Chr1:3660625;Chr1:3663004;Chr1:3671214;Chr1:3678460;Chr1:3678849;Chr1:3681530;Chr1:3684063;Chr1:3684433;Chr1:3661356;Chr1:3667668;Chr1:3687448;Chr1:3687719;Chr1:3696242;Chr1:3702304;Chr1:3709178;Chr1:3745172;Chr1:3750872	Chr1:3559794;Chr1:3684063;Chr1:3667668;Chr1:3709178	Chr1:3696242	TRUE	TRUE	TRUE	1	1	FALSE	FALSE	3	3	3	1	2	4
bgs_V1_c1_rep9_env1	emmax_simes	Chr1	3713824	3733738	3	1	Chr1:3713824;Chr1:3716682;Chr1:3733738	Chr1:3716682	Chr1:3696242	TRUE	FALSE	FALSE	0	0	FALSE	FALSE	1	1	3	1	2	4
bgs_V1_c1_rep9_env1	emmax_simes	Chr1	3751283	3763021	5	1	Chr1:3751283;Chr1:3753494;Chr1:3753591;Chr1:3761072;Chr1:3763021	Chr1:3753494	Chr1:3696242	TRUE	FALSE	TRUE	0	1	FALSE	FALSE	2	2	2	1	2	4
bgs_V1_c1_rep9_env1	emmax_simes	Chr2	18070285	18081094	3	1	Chr2:18070285;Chr2:18077214;Chr2:18081094	Chr2:18077214	""	FALSE	FALSE	FALSE	0	0	FALSE	FALSE	1	1	1	1	2	4
bgs_V1_c1_rep9_env1	emmax_simes	Chr2	19601351	19629999	8	2	Chr2:19601351;Chr2:19602226;Chr2:19608733;Chr2:19615938;Chr2:19626870;Chr2:19629999;Chr2:19606470;Chr2:19617983	Chr2:19615938;Chr2:19606470	""	FALSE	TRUE	TRUE	1	1	FALSE	FALSE	3	3	3	1	2	4
bgs_V1_c1_rep9_env1	lfmm_simes	Chr1	3502167	3750872	40	5	Chr1:3502167;Chr1:3510352;Chr1:3515813;Chr1:3518237;Chr1:3527880;Chr1:3531660;Chr1:3548390;Chr1:3557159;Chr1:3539106;Chr1:3539137;Chr1:3543737;Chr1:3546840;Chr1:3547650;Chr1:3556058;Chr1:3557178;Chr1:3559794;Chr1:3566345;Chr1:3583629;Chr1:3589529;Chr1:3590692;Chr1:3592592;Chr1:3594009;Chr1:3660194;Chr1:3660625;Chr1:3663004;Chr1:3671214;Chr1:3678460;Chr1:3678849;Chr1:3681530;Chr1:3684063;Chr1:3684433;Chr1:3661356;Chr1:3667668;Chr1:3687448;Chr1:3687719;Chr1:3696242;Chr1:3702304;Chr1:3709178;Chr1:3745172;Chr1:3750872	Chr1:3527880;Chr1:3559794;Chr1:3684063;Chr1:3667668;Chr1:3709178	Chr1:3696242	TRUE	TRUE	TRUE	1	1	FALSE	FALSE	3	3	3	1	2	4
bgs_V1_c1_rep9_env1	lfmm_simes	Chr2	19606470	19617983	2	1	Chr2:19606470;Chr2:19617983	Chr2:19606470	""	FALSE	FALSE	FALSE	0	0	FALSE	FALSE	1	1	1	1	2	4
bgs_V1_c1_rep9_env10	emmax_consensus	Chr1	186388	480985	4	1	Chr1:186388;Chr1:247588;Chr1:255905;Chr1:480985	Chr1:186388	""	FALSE	FALSE	TRUE	0	1	FALSE	FALSE	2	2	2	1	2	4
bgs_V1_c1_rep9_env10	emmax_consensus	Chr1	4499126	4500167	2	1	Chr1:4499126;Chr1:4500167	Chr1:4499126	""	FALSE	TRUE	FALSE	1	0	FALSE	FALSE	2	2	2	1	2	4
bgs_V1_c1_rep9_env10	emmax_consensus	Chr1	6350691	6424599	14	3	Chr1:6350691;Chr1:6350843;Chr1:6354184;Chr1:6379478;Chr1:6384943;Chr1:6392284;Chr1:6394678;Chr1:6402572;Chr1:6406226;Chr1:6406512;Chr1:6416349;Chr1:6424599;Chr1:6413873;Chr1:6414403	Chr1:6350691;Chr1:6394678;Chr1:6413873	Chr1:6402572	TRUE	TRUE	TRUE	1	1	FALSE	FALSE	3	3	3	1	2	4
bgs_V1_c1_rep9_env10	emmax_simes	Chr1	4499126	4500167	2	1	Chr1:4499126;Chr1:4500167	Chr1:4499126	""	FALSE	TRUE	FALSE	1	0	FALSE	FALSE	2	2	2	1	2	4
bgs_V1_c1_rep9_env10	emmax_simes	Chr1	6350691	6424599	14	3	Chr1:6350691;Chr1:6350843;Chr1:6354184;Chr1:6379478;Chr1:6384943;Chr1:6392284;Chr1:6394678;Chr1:6402572;Chr1:6406226;Chr1:6406512;Chr1:6416349;Chr1:6424599;Chr1:6413873;Chr1:6414403	Chr1:6350691;Chr1:6394678;Chr1:6413873	Chr1:6402572	TRUE	TRUE	TRUE	2	1	FALSE	FALSE	3	3	3	1	2	4
bgs_V1_c1_rep9_env10	emmax_simes	Chr1	9529040	9530857	3	1	Chr1:9529040;Chr1:9530314;Chr1:9530857	Chr1:9530314	""	FALSE	TRUE	FALSE	1	0	FALSE	FALSE	2	2	2	1	2	4
bgs_V1_c1_rep9_env10	lfmm_simes	Chr1	186388	480985	4	1	Chr1:186388;Chr1:247588;Chr1:255905;Chr1:480985	Chr1:186388	""	FALSE	FALSE	TRUE	0	1	FALSE	FALSE	2	2	2	1	2	4
bgs_V1_c1_rep9_env10	lfmm_simes	Chr1	2676035	2698062	5	1	Chr1:2676035;Chr1:2686506;Chr1:2689815;Chr1:2694570;Chr1:2698062	Chr1:2694570	""	FALSE	FALSE	TRUE	0	1	FALSE	FALSE	2	2	2	1	2	4
bgs_V1_c1_rep9_env10	lfmm_simes	Chr1	3642525	3675101	10	1	Chr1:3642525;Chr1:3642787;Chr1:3645778;Chr1:3650289;Chr1:3653812;Chr1:3658388;Chr1:3664328;Chr1:3665513;Chr1:3672906;Chr1:3675101	Chr1:3642525	""	FALSE	FALSE	TRUE	0	1	FALSE	FALSE	2	2	2	1	2	4
bgs_V1_c1_rep9_env10	lfmm_simes	Chr1	4499126	4500167	2	1	Chr1:4499126;Chr1:4500167	Chr1:4499126	""	FALSE	FALSE	FALSE	0	0	FALSE	FALSE	1	1	1	1	2	4
bgs_V1_c1_rep9_env10	lfmm_simes	Chr1	6350691	6424599	17	4	Chr1:6350691;Chr1:6350843;Chr1:6354184;Chr1:6366765;Chr1:6371659;Chr1:6372673;Chr1:6379478;Chr1:6384943;Chr1:6392284;Chr1:6394678;Chr1:6402572;Chr1:6406226;Chr1:6406512;Chr1:6416349;Chr1:6424599;Chr1:6413873;Chr1:6414403	Chr1:6350691;Chr1:6372673;Chr1:6394678;Chr1:6413873	Chr1:6402572	TRUE	TRUE	TRUE	1	1	FALSE	FALSE	3	3	3	1	2	4
bgs_V1_c1_rep9_env10	lfmm_simes	Chr1	6499546	6506484	3	1	Chr1:6499546;Chr1:6500271;Chr1:6506484	Chr1:6499546	""	FALSE	TRUE	FALSE	1	0	FALSE	FALSE	2	2	2	1	2	4
bgs_V1_c1_rep9_env10	lfmm_simes	Chr1	9529040	9530857	3	1	Chr1:9529040;Chr1:9530314;Chr1:9530857	Chr1:9530314	""	FALSE	TRUE	FALSE	1	0	FALSE	FALSE	2	2	2	1	2	4
bgs_V1_c1_rep9_env10	lfmm_simes	Chr1	15792383	15797591	2	1	Chr1:15792383;Chr1:15797591	Chr1:15792383	""	FALSE	TRUE	FALSE	1	0	FALSE	FALSE	2	2	2	1	2	4
bgs_V1_c1_rep9_env10	lfmm_simes	Chr1	18396205	18397103	2	1	Chr1:18396205;Chr1:18397103	Chr1:18396205	""	FALSE	FALSE	FALSE	0	0	FALSE	FALSE	1	1	1	1	2	4
bgs_V1_c1_rep9_env2	emmax_consensus	Chr1	5306420	5321545	2	1	Chr1:5306420;Chr1:5321545	Chr1:5306420	Chr1:5321545	TRUE	TRUE	FALSE	1	0	FALSE	FALSE	2	2	2	1	2	4
bgs_V1_c1_rep9_env2	emmax_consensus	Chr1	9865185	9879870	3	1	Chr1:9865185;Chr1:9868931;Chr1:9879870	Chr1:9865185	""	FALSE	TRUE	FALSE	1	0	FALSE	FALSE	2	2	2	1	2	4
bgs_V1_c1_rep9_env2	emmax_simes	Chr1	5306420	5321545	2	1	Chr1:5306420;Chr1:5321545	Chr1:5306420	Chr1:5321545	TRUE	TRUE	FALSE	1	0	FALSE	FALSE	2	2	2	1	2	4
bgs_V1_c1_rep9_env2	emmax_simes	Chr1	9865185	9879870	3	1	Chr1:9865185;Chr1:9868931;Chr1:9879870	Chr1:9865185	""	FALSE	FALSE	FALSE	0	0	FALSE	FALSE	1	1	1	1	2	4
bgs_V1_c1_rep9_env2	lfmm_simes	Chr1	5306420	5321545	2	1	Chr1:5306420;Chr1:5321545	Chr1:5306420	Chr1:5321545	TRUE	TRUE	FALSE	1	0	FALSE	FALSE	2	2	2	1	2	4
bgs_V1_c1_rep9_env2	lfmm_simes	Chr2	9710425	9779247	4	1	Chr2:9710425;Chr2:9772556;Chr2:9776464;Chr2:9779247	Chr2:9772556	""	FALSE	TRUE	TRUE	1	1	FALSE	FALSE	3	3	3	1	2	4
bgs_V1_c1_rep9_env3	emmax_simes	Chr1	14339158	14398886	6	1	Chr1:14339158;Chr1:14341338;Chr1:14343615;Chr1:14351218;Chr1:14351466;Chr1:14398886	Chr1:14343615	Chr1:14351466	TRUE	FALSE	TRUE	0	1	FALSE	FALSE	2	2	2	1	2	4
bgs_V1_c1_rep9_env3	emmax_simes	Chr1	19748667	19760393	4	1	Chr1:19748667;Chr1:19752635;Chr1:19755454;Chr1:19760393	Chr1:19752635	""	FALSE	FALSE	TRUE	0	1	FALSE	FALSE	2	2	2	1	2	4
bgs_V1_c1_rep9_env3	lfmm_simes	Chr1	3916465	4136355	30	1	Chr1:3916465;Chr1:3916568;Chr1:3917898;Chr1:3927319;Chr1:3969093;Chr1:3972998;Chr1:3984124;Chr1:3990666;Chr1:3991614;Chr1:3994472;Chr1:4008756;Chr1:4009888;Chr1:4017280;Chr1:4025793;Chr1:4026001;Chr1:4044504;Chr1:4047840;Chr1:4062345;Chr1:4069520;Chr1:4074838;Chr1:4076773;Chr1:4081277;Chr1:4081913;Chr1:4083964;Chr1:4110446;Chr1:4114341;Chr1:4114929;Chr1:4115864;Chr1:4116810;Chr1:4136355	Chr1:3969093	Chr1:3994472	TRUE	TRUE	TRUE	1	1	FALSE	FALSE	3	3	3	1	2	4
bgs_V1_c1_rep9_env3	lfmm_simes	Chr1	14339158	14398886	6	1	Chr1:14339158;Chr1:14341338;Chr1:14343615;Chr1:14351218;Chr1:14351466;Chr1:14398886	Chr1:14343615	Chr1:14351466	TRUE	TRUE	TRUE	1	1	FALSE	FALSE	3	3	3	1	2	4
bgs_V1_c1_rep9_env3	lfmm_simes	Chr1	19748667	19760393	4	1	Chr1:19748667;Chr1:19752635;Chr1:19755454;Chr1:19760393	Chr1:19752635	""	FALSE	TRUE	TRUE	1	1	FALSE	FALSE	3	3	3	1	2	4
bgs_V1_c1_rep9_env4	emmax_consensus	Chr1	14547874	14569253	6	1	Chr1:14547874;Chr1:14548679;Chr1:14554710;Chr1:14557690;Chr1:14566207;Chr1:14569253	Chr1:14548679	Chr1:14566207	TRUE	TRUE	TRUE	1	1	FALSE	FALSE	3	3	3	1	2	4
bgs_V1_c1_rep9_env4	emmax_simes	Chr1	14547874	14569253	6	1	Chr1:14547874;Chr1:14548679;Chr1:14554710;Chr1:14557690;Chr1:14566207;Chr1:14569253	Chr1:14548679	Chr1:14566207	TRUE	TRUE	TRUE	1	1	FALSE	FALSE	3	3	3	1	2	4
bgs_V1_c1_rep9_env4	lfmm_simes	Chr1	14521951	14531359	2	1	Chr1:14521951;Chr1:14531359	Chr1:14521951	Chr1:14566207	TRUE	FALSE	FALSE	0	0	FALSE	FALSE	1	1	2	1	2	4
bgs_V1_c1_rep9_env4	lfmm_simes	Chr1	14547874	14569253	6	1	Chr1:14547874;Chr1:14548679;Chr1:14554710;Chr1:14557690;Chr1:14566207;Chr1:14569253	Chr1:14548679	Chr1:14566207	TRUE	TRUE	TRUE	1	1	FALSE	FALSE	3	3	3	1	2	4
bgs_V1_c1_rep9_env5	emmax_consensus	Chr1	3322400	3405734	12	1	Chr1:3322400;Chr1:3333127;Chr1:3345612;Chr1:3350193;Chr1:3356151;Chr1:3362140;Chr1:3366013;Chr1:3373920;Chr1:3376575;Chr1:3389833;Chr1:3397690;Chr1:3405734	Chr1:3366013	Chr1:3350193	TRUE	TRUE	TRUE	1	1	FALSE	FALSE	3	3	3	1	2	4
bgs_V1_c1_rep9_env5	emmax_consensus	Chr1	3341006	3395389	3	1	Chr1:3341006;Chr1:3342100;Chr1:3395389	Chr1:3341006	Chr1:3350193	TRUE	TRUE	FALSE	1	0	FALSE	FALSE	2	2	3	1	2	4
bgs_V1_c1_rep9_env5	emmax_consensus	Chr1	7346331	7395413	4	2	Chr1:7346331;Chr1:7358400;Chr1:7386351;Chr1:7395413	Chr1:7346331;Chr1:7386351	Chr1:7395413	TRUE	TRUE	FALSE	1	0	FALSE	FALSE	2	2	2	1	2	4
bgs_V1_c1_rep9_env5	emmax_simes	Chr1	3322400	3405734	12	1	Chr1:3322400;Chr1:3333127;Chr1:3345612;Chr1:3350193;Chr1:3356151;Chr1:3362140;Chr1:3366013;Chr1:3373920;Chr1:3376575;Chr1:3389833;Chr1:3397690;Chr1:3405734	Chr1:3366013	Chr1:3350193	TRUE	TRUE	TRUE	1	1	FALSE	FALSE	3	3	3	1	2	4
bgs_V1_c1_rep9_env5	emmax_simes	Chr1	3341006	3395389	3	1	Chr1:3341006;Chr1:3342100;Chr1:3395389	Chr1:3341006	Chr1:3350193	TRUE	TRUE	FALSE	1	0	FALSE	FALSE	2	2	3	1	2	4
bgs_V1_c1_rep9_env5	emmax_simes	Chr1	7346331	7395413	4	2	Chr1:7346331;Chr1:7358400;Chr1:7386351;Chr1:7395413	Chr1:7346331;Chr1:7386351	Chr1:7395413	TRUE	TRUE	FALSE	1	0	FALSE	FALSE	2	2	2	1	2	4
bgs_V1_c1_rep9_env5	lfmm_simes	Chr1	3322400	3405734	12	1	Chr1:3322400;Chr1:3333127;Chr1:3345612;Chr1:3350193;Chr1:3356151;Chr1:3362140;Chr1:3366013;Chr1:3373920;Chr1:3376575;Chr1:3389833;Chr1:3397690;Chr1:3405734	Chr1:3366013	Chr1:3350193	TRUE	TRUE	TRUE	1	1	FALSE	FALSE	3	3	3	1	2	4
bgs_V1_c1_rep9_env5	lfmm_simes	Chr1	3341006	3395389	3	1	Chr1:3341006;Chr1:3342100;Chr1:3395389	Chr1:3341006	Chr1:3350193	TRUE	TRUE	FALSE	1	0	FALSE	FALSE	2	2	3	1	2	4
bgs_V1_c1_rep9_env5	lfmm_simes	Chr1	7346331	7418273	6	3	Chr1:7346331;Chr1:7358400;Chr1:7385005;Chr1:7418273;Chr1:7386351;Chr1:7395413	Chr1:7346331;Chr1:7385005;Chr1:7386351	Chr1:7395413	TRUE	TRUE	FALSE	1	0	FALSE	FALSE	2	2	2	1	2	4
bgs_V1_c1_rep9_env6	emmax_consensus	Chr1	10727901	10736650	4	1	Chr1:10727901;Chr1:10728412;Chr1:10736005;Chr1:10736650	Chr1:10728412	Chr1:10728412	TRUE	TRUE	TRUE	1	1	FALSE	FALSE	3	3	3	1	2	4
bgs_V1_c1_rep9_env6	emmax_simes	Chr1	10727901	10736650	4	1	Chr1:10727901;Chr1:10728412;Chr1:10736005;Chr1:10736650	Chr1:10728412	Chr1:10728412	TRUE	TRUE	TRUE	1	1	FALSE	FALSE	3	3	3	1	2	4
bgs_V1_c1_rep9_env6	lfmm_simes	Chr1	10727901	10736650	4	1	Chr1:10727901;Chr1:10728412;Chr1:10736005;Chr1:10736650	Chr1:10728412	Chr1:10728412	TRUE	TRUE	TRUE	1	1	FALSE	FALSE	3	3	3	1	2	4
bgs_V1_c1_rep9_env7	emmax_consensus	Chr1	14214921	14218355	2	1	Chr1:14214921;Chr1:14218355	Chr1:14214921	""	FALSE	FALSE	FALSE	0	0	FALSE	FALSE	1	1	1	1	2	4
bgs_V1_c1_rep9_env7	emmax_consensus	Chr1	14329295	14411219	18	3	Chr1:14329295;Chr1:14339530;Chr1:14348797;Chr1:14348897;Chr1:14350254;Chr1:14350287;Chr1:14353167;Chr1:14363847;Chr1:14346837;Chr1:14349207;Chr1:14394702;Chr1:14394842;Chr1:14399950;Chr1:14401566;Chr1:14405220;Chr1:14406675;Chr1:14408272;Chr1:14411219	Chr1:14350254;Chr1:14346837;Chr1:14401566	""	FALSE	FALSE	TRUE	0	1	FALSE	FALSE	2	2	2	1	2	4
bgs_V1_c1_rep9_env7	emmax_consensus	Chr1	14421125	14452266	4	2	Chr1:14421125;Chr1:14428798;Chr1:14450028;Chr1:14452266	Chr1:14421125;Chr1:14450028	""	FALSE	FALSE	FALSE	0	0	FALSE	FALSE	1	1	1	1	2	4
bgs_V1_c1_rep9_env7	emmax_consensus	Chr1	14484280	14572997	18	3	Chr1:14484280;Chr1:14487306;Chr1:14495047;Chr1:14497377;Chr1:14508650;Chr1:14511616;Chr1:14515245;Chr1:14520648;Chr1:14521951;Chr1:14525070;Chr1:14535773;Chr1:14536057;Chr1:14551805;Chr1:14566207;Chr1:14572997;Chr1:14552557;Chr1:14554418;Chr1:14567240	Chr1:14520648;Chr1:14551805;Chr1:14554418	Chr1:14566207	TRUE	FALSE	TRUE	0	1	FALSE	FALSE	2	2	2	1	2	4
bgs_V1_c1_rep9_env7	emmax_consensus	Chr1	14578292	14610886	8	2	Chr1:14578292;Chr1:14598762;Chr1:14602424;Chr1:14602702;Chr1:14605313;Chr1:14610886;Chr1:14587989;Chr1:14588417	Chr1:14598762;Chr1:14587989	Chr1:14566207	TRUE	TRUE	TRUE	1	1	FALSE	FALSE	3	3	3	1	2	4
bgs_V1_c1_rep9_env7	emmax_simes	Chr1	14214921	14218355	2	1	Chr1:14214921;Chr1:14218355	Chr1:14214921	""	FALSE	TRUE	FALSE	1	0	FALSE	FALSE	2	2	2	1	2	4
bgs_V1_c1_rep9_env7	emmax_simes	Chr1	14329295	14411219	18	3	Chr1:14329295;Chr1:14339530;Chr1:14348797;Chr1:14348897;Chr1:14350254;Chr1:14350287;Chr1:14353167;Chr1:14363847;Chr1:14346837;Chr1:14349207;Chr1:14394702;Chr1:14394842;Chr1:14399950;Chr1:14401566;Chr1:14405220;Chr1:14406675;Chr1:14408272;Chr1:14411219	Chr1:14350254;Chr1:14346837;Chr1:14401566	""	FALSE	FALSE	TRUE	0	1	FALSE	FALSE	2	2	2	1	2	4
bgs_V1_c1_rep9_env7	emmax_simes	Chr1	14421125	14452266	4	2	Chr1:14421125;Chr1:14428798;Chr1:14450028;Chr1:14452266	Chr1:14421125;Chr1:14450028	""	FALSE	TRUE	FALSE	1	0	FALSE	FALSE	2	2	2	1	2	4
bgs_V1_c1_rep9_env7	emmax_simes	Chr1	14484280	14572997	18	3	Chr1:14484280;Chr1:14487306;Chr1:14495047;Chr1:14497377;Chr1:14508650;Chr1:14511616;Chr1:14515245;Chr1:14520648;Chr1:14521951;Chr1:14525070;Chr1:14535773;Chr1:14536057;Chr1:14551805;Chr1:14566207;Chr1:14572997;Chr1:14552557;Chr1:14554418;Chr1:14567240	Chr1:14520648;Chr1:14551805;Chr1:14554418	Chr1:14566207	TRUE	FALSE	TRUE	0	1	FALSE	FALSE	2	2	2	1	2	4
bgs_V1_c1_rep9_env7	emmax_simes	Chr1	14578292	14610886	8	2	Chr1:14578292;Chr1:14598762;Chr1:14602424;Chr1:14602702;Chr1:14605313;Chr1:14610886;Chr1:14587989;Chr1:14588417	Chr1:14598762;Chr1:14587989	Chr1:14566207	TRUE	TRUE	TRUE	1	1	FALSE	FALSE	3	3	3	1	2	4
bgs_V1_c1_rep9_env7	lfmm_simes	Chr1	14214921	14218355	2	1	Chr1:14214921;Chr1:14218355	Chr1:14214921	""	FALSE	TRUE	FALSE	1	0	FALSE	FALSE	2	2	2	1	2	4
bgs_V1_c1_rep9_env7	lfmm_simes	Chr1	14329295	14411219	18	3	Chr1:14329295;Chr1:14339530;Chr1:14348797;Chr1:14348897;Chr1:14350254;Chr1:14350287;Chr1:14353167;Chr1:14363847;Chr1:14346837;Chr1:14349207;Chr1:14394702;Chr1:14394842;Chr1:14399950;Chr1:14401566;Chr1:14405220;Chr1:14406675;Chr1:14408272;Chr1:14411219	Chr1:14350254;Chr1:14346837;Chr1:14401566	""	FALSE	TRUE	TRUE	2	1	FALSE	FALSE	3	3	3	1	2	4
bgs_V1_c1_rep9_env7	lfmm_simes	Chr1	14421125	14452266	4	2	Chr1:14421125;Chr1:14428798;Chr1:14450028;Chr1:14452266	Chr1:14421125;Chr1:14450028	""	FALSE	TRUE	FALSE	1	0	FALSE	FALSE	2	2	2	1	2	4
bgs_V1_c1_rep9_env7	lfmm_simes	Chr1	14484280	14525070	10	1	Chr1:14484280;Chr1:14487306;Chr1:14495047;Chr1:14497377;Chr1:14508650;Chr1:14511616;Chr1:14515245;Chr1:14520648;Chr1:14521951;Chr1:14525070	Chr1:14520648	Chr1:14566207	TRUE	TRUE	TRUE	1	1	FALSE	FALSE	3	3	3	1	2	4
bgs_V1_c1_rep9_env7	lfmm_simes	Chr1	14535773	14572997	8	2	Chr1:14535773;Chr1:14536057;Chr1:14551805;Chr1:14566207;Chr1:14572997;Chr1:14552557;Chr1:14554418;Chr1:14567240	Chr1:14551805;Chr1:14554418	Chr1:14566207	TRUE	TRUE	TRUE	1	1	FALSE	FALSE	3	3	3	1	2	4
bgs_V1_c1_rep9_env7	lfmm_simes	Chr1	14541443	14545933	4	1	Chr1:14541443;Chr1:14543081;Chr1:14544742;Chr1:14545933	Chr1:14543081	Chr1:14566207	TRUE	TRUE	TRUE	1	1	FALSE	FALSE	3	3	3	1	2	4
bgs_V1_c1_rep9_env7	lfmm_simes	Chr1	14578292	14610886	8	2	Chr1:14578292;Chr1:14598762;Chr1:14602424;Chr1:14602702;Chr1:14605313;Chr1:14610886;Chr1:14587989;Chr1:14588417	Chr1:14598762;Chr1:14587989	Chr1:14566207	TRUE	TRUE	TRUE	1	1	FALSE	FALSE	3	3	3	1	2	4
bgs_V1_c1_rep9_env7	lfmm_simes	Chr1	14620345	14640509	5	1	Chr1:14620345;Chr1:14620817;Chr1:14625149;Chr1:14635038;Chr1:14640509	Chr1:14625149	Chr1:14566207	TRUE	FALSE	TRUE	0	1	FALSE	FALSE	2	2	2	1	2	4
bgs_V1_c1_rep9_env7	lfmm_simes	Chr1	14896385	14896850	3	1	Chr1:14896385;Chr1:14896614;Chr1:14896850	Chr1:14896385	""	FALSE	FALSE	FALSE	0	0	FALSE	FALSE	1	1	1	1	2	4
bgs_V1_c1_rep9_env9	lfmm_simes	Chr1	7691284	7707887	5	1	Chr1:7691284;Chr1:7695777;Chr1:7697466;Chr1:7698917;Chr1:7707887	Chr1:7695777	Chr1:7698917	TRUE	TRUE	TRUE	1	1	FALSE	FALSE	3	3	3	1	2	4
bgs_V2_c1_rep10_env1	emmax_consensus	Chr1	7712282	7843881	3	1	Chr1:7712282;Chr1:7780165;Chr1:7843881	Chr1:7780165	""	FALSE	TRUE	FALSE	1	0	FALSE	FALSE	2	2	3	1	2	4
bgs_V2_c1_rep10_env1	emmax_consensus	Chr1	7960952	7993153	8	1	Chr1:7960952;Chr1:7964924;Chr1:7975494;Chr1:7976919;Chr1:7976954;Chr1:7986832;Chr1:7987640;Chr1:7993153	Chr1:7987640	Chr1:7987640	TRUE	TRUE	TRUE	1	1	FALSE	FALSE	3	3	3	1	2	4
bgs_V2_c1_rep10_env1	emmax_simes	Chr1	7712282	7843881	3	1	Chr1:7712282;Chr1:7780165;Chr1:7843881	Chr1:7780165	""	FALSE	FALSE	FALSE	0	0	FALSE	FALSE	1	1	1	1	2	4
bgs_V2_c1_rep10_env1	emmax_simes	Chr1	7960952	7993153	8	1	Chr1:7960952;Chr1:7964924;Chr1:7975494;Chr1:7976919;Chr1:7976954;Chr1:7986832;Chr1:7987640;Chr1:7993153	Chr1:7987640	Chr1:7987640	TRUE	TRUE	TRUE	1	1	FALSE	FALSE	3	3	3	1	2	4
bgs_V2_c1_rep10_env1	lfmm_simes	Chr1	7960952	7993153	8	1	Chr1:7960952;Chr1:7964924;Chr1:7975494;Chr1:7976919;Chr1:7976954;Chr1:7986832;Chr1:7987640;Chr1:7993153	Chr1:7987640	Chr1:7987640	TRUE	TRUE	TRUE	1	1	FALSE	FALSE	3	3	3	1	2	4
bgs_V2_c1_rep10_env10	emmax_consensus	Chr1	3691803	3852599	22	5	Chr1:3691803;Chr1:3692454;Chr1:3696914;Chr1:3699278;Chr1:3703571;Chr1:3705634;Chr1:3714184;Chr1:3733241;Chr1:3743308;Chr1:3748690;Chr1:3754468;Chr1:3778541;Chr1:3780899;Chr1:3786570;Chr1:3787046;Chr1:3802682;Chr1:3803226;Chr1:3812801;Chr1:3826476;Chr1:3846641;Chr1:3848589;Chr1:3852599	Chr1:3703571;Chr1:3748690;Chr1:3787046;Chr1:3802682;Chr1:3846641	Chr1:3748690	TRUE	TRUE	TRUE	2	1	FALSE	FALSE	3	3	3	1	2	4
bgs_V2_c1_rep10_env10	emmax_simes	Chr1	3691803	3852599	22	5	Chr1:3691803;Chr1:3692454;Chr1:3696914;Chr1:3699278;Chr1:3703571;Chr1:3705634;Chr1:3714184;Chr1:3733241;Chr1:3743308;Chr1:3748690;Chr1:3754468;Chr1:3778541;Chr1:3780899;Chr1:3786570;Chr1:3787046;Chr1:3802682;Chr1:3803226;Chr1:3812801;Chr1:3826476;Chr1:3846641;Chr1:3848589;Chr1:3852599	Chr1:3703571;Chr1:3748690;Chr1:3787046;Chr1:3802682;Chr1:3846641	Chr1:3748690	TRUE	TRUE	TRUE	1	1	FALSE	FALSE	3	3	3	1	2	4
bgs_V2_c1_rep10_env10	lfmm_simes	Chr1	3660707	3881728	37	8	Chr1:3660707;Chr1:3669129;Chr1:3674031;Chr1:3678300;Chr1:3680931;Chr1:3682580;Chr1:3691803;Chr1:3692454;Chr1:3696914;Chr1:3699278;Chr1:3703571;Chr1:3705634;Chr1:3714184;Chr1:3733241;Chr1:3743308;Chr1:3748690;Chr1:3754468;Chr1:3745267;Chr1:3748987;Chr1:3752105;Chr1:3753045;Chr1:3754698;Chr1:3755823;Chr1:3757276;Chr1:3778541;Chr1:3780899;Chr1:3786570;Chr1:3787046;Chr1:3802682;Chr1:3803226;Chr1:3812801;Chr1:3826476;Chr1:3846641;Chr1:3848589;Chr1:3852599;Chr1:3880487;Chr1:3881728	Chr1:3680931;Chr1:3703571;Chr1:3748690;Chr1:3754698;Chr1:3787046;Chr1:3802682;Chr1:3846641;Chr1:3880487	Chr1:3748690	TRUE	TRUE	TRUE	1	2	FALSE	FALSE	3	3	3	1	2	4
bgs_V2_c1_rep10_env10	lfmm_simes	Chr1	5158827	5171884	2	1	Chr1:5158827;Chr1:5171884	Chr1:5158827	""	FALSE	FALSE	FALSE	0	0	FALSE	FALSE	1	1	1	1	2	4
bgs_V2_c1_rep10_env2	lfmm_simes	Chr1	2117844	2139264	3	1	Chr1:2117844;Chr1:2135396;Chr1:2139264	Chr1:2135396	""	FALSE	TRUE	FALSE	1	0	FALSE	FALSE	2	2	2	1	2	4
bgs_V2_c1_rep10_env2	lfmm_simes	Chr1	8843651	8997255	29	4	Chr1:8843651;Chr1:8847289;Chr1:8848498;Chr1:8858480;Chr1:8860052;Chr1:8860453;Chr1:8863738;Chr1:8866162;Chr1:8870369;Chr1:8874029;Chr1:8880826;Chr1:8886956;Chr1:8893365;Chr1:8898279;Chr1:8902744;Chr1:8904114;Chr1:8905580;Chr1:8909192;Chr1:8923423;Chr1:8949642;Chr1:8960882;Chr1:8963585;Chr1:8969678;Chr1:8969764;Chr1:8973851;Chr1:8976990;Chr1:8987430;Chr1:8987641;Chr1:8997255	Chr1:8848498;Chr1:8863738;Chr1:8902744;Chr1:8969678	Chr1:8949642	TRUE	TRUE	TRUE	1	1	FALSE	FALSE	3	3	3	1	2	4
bgs_V2_c1_rep10_env3	emmax_consensus	Chr1	156179	513751	42	2	Chr1:156179;Chr1:189919;Chr1:213921;Chr1:221688;Chr1:231681;Chr1:232566;Chr1:235545;Chr1:240199;Chr1:266599;Chr1:289257;Chr1:308735;Chr1:315457;Chr1:321696;Chr1:329529;Chr1:331582;Chr1:340582;Chr1:347818;Chr1:348561;Chr1:368004;Chr1:372007;Chr1:395582;Chr1:402862;Chr1:404997;Chr1:410526;Chr1:410530;Chr1:415764;Chr1:441985;Chr1:445605;Chr1:447373;Chr1:450720;Chr1:456886;Chr1:457678;Chr1:465774;Chr1:470949;Chr1:476607;Chr1:479919;Chr1:488294;Chr1:494546;Chr1:501976;Chr1:502709;Chr1:502710;Chr1:513751	Chr1:156179;Chr1:501976	Chr1:329529	TRUE	TRUE	TRUE	1	1	FALSE	FALSE	3	3	3	1	2	4
bgs_V2_c1_rep10_env3	emmax_simes	Chr1	156179	513751	42	2	Chr1:156179;Chr1:189919;Chr1:213921;Chr1:221688;Chr1:231681;Chr1:232566;Chr1:235545;Chr1:240199;Chr1:266599;Chr1:289257;Chr1:308735;Chr1:315457;Chr1:321696;Chr1:329529;Chr1:331582;Chr1:340582;Chr1:347818;Chr1:348561;Chr1:368004;Chr1:372007;Chr1:395582;Chr1:402862;Chr1:404997;Chr1:410526;Chr1:410530;Chr1:415764;Chr1:441985;Chr1:445605;Chr1:447373;Chr1:450720;Chr1:456886;Chr1:457678;Chr1:465774;Chr1:470949;Chr1:476607;Chr1:479919;Chr1:488294;Chr1:494546;Chr1:501976;Chr1:502709;Chr1:502710;Chr1:513751	Chr1:156179;Chr1:501976	Chr1:329529	TRUE	TRUE	TRUE	1	1	FALSE	FALSE	3	3	3	1	2	4
bgs_V2_c1_rep10_env3	lfmm_simes	Chr1	156179	513751	42	2	Chr1:156179;Chr1:189919;Chr1:213921;Chr1:221688;Chr1:231681;Chr1:232566;Chr1:235545;Chr1:240199;Chr1:266599;Chr1:289257;Chr1:308735;Chr1:315457;Chr1:321696;Chr1:329529;Chr1:331582;Chr1:340582;Chr1:347818;Chr1:348561;Chr1:368004;Chr1:372007;Chr1:395582;Chr1:402862;Chr1:404997;Chr1:410526;Chr1:410530;Chr1:415764;Chr1:441985;Chr1:445605;Chr1:447373;Chr1:450720;Chr1:456886;Chr1:457678;Chr1:465774;Chr1:470949;Chr1:476607;Chr1:479919;Chr1:488294;Chr1:494546;Chr1:501976;Chr1:502709;Chr1:502710;Chr1:513751	Chr1:156179;Chr1:501976	Chr1:329529	TRUE	TRUE	TRUE	1	1	FALSE	FALSE	3	3	3	1	2	4
bgs_V2_c1_rep10_env6	emmax_consensus	Chr1	70633	504863	11	1	Chr1:70633;Chr1:192749;Chr1:271804;Chr1:329529;Chr1:369878;Chr1:401626;Chr1:434482;Chr1:447774;Chr1:470546;Chr1:494617;Chr1:504863	Chr1:70633	Chr1:329529	TRUE	FALSE	TRUE	0	1	FALSE	FALSE	2	2	2	1	2	4
bgs_V2_c1_rep10_env6	emmax_consensus	Chr1	6785505	6833252	5	1	Chr1:6785505;Chr1:6808732;Chr1:6809786;Chr1:6809850;Chr1:6833252	Chr1:6808732	""	FALSE	FALSE	TRUE	0	1	FALSE	FALSE	2	2	2	1	2	4
bgs_V2_c1_rep10_env6	emmax_simes	Chr1	6785505	6833252	5	1	Chr1:6785505;Chr1:6808732;Chr1:6809786;Chr1:6809850;Chr1:6833252	Chr1:6808732	""	FALSE	TRUE	TRUE	1	1	FALSE	FALSE	3	3	3	1	2	4
bgs_V2_c1_rep10_env6	lfmm_simes	Chr1	6785505	6833252	5	1	Chr1:6785505;Chr1:6808732;Chr1:6809786;Chr1:6809850;Chr1:6833252	Chr1:6808732	""	FALSE	FALSE	TRUE	0	1	FALSE	FALSE	2	2	2	1	2	4
bgs_V2_c1_rep10_env6	lfmm_simes	Chr2	5005791	5009032	2	1	Chr2:5005791;Chr2:5009032	Chr2:5005791	""	FALSE	FALSE	FALSE	0	0	FALSE	FALSE	1	1	1	1	2	4
bgs_V2_c1_rep10_env9	emmax_consensus	Chr1	586318	666141	14	2	Chr1:586318;Chr1:604881;Chr1:609093;Chr1:610522;Chr1:622788;Chr1:640904;Chr1:643423;Chr1:637118;Chr1:644486;Chr1:646992;Chr1:651283;Chr1:653986;Chr1:654558;Chr1:666141	Chr1:610522;Chr1:646992	Chr1:640904	TRUE	TRUE	TRUE	1	1	FALSE	FALSE	3	3	3	1	2	4
bgs_V2_c1_rep10_env9	emmax_simes	Chr1	586318	666141	14	2	Chr1:586318;Chr1:604881;Chr1:609093;Chr1:610522;Chr1:622788;Chr1:640904;Chr1:643423;Chr1:637118;Chr1:644486;Chr1:646992;Chr1:651283;Chr1:653986;Chr1:654558;Chr1:666141	Chr1:610522;Chr1:646992	Chr1:640904	TRUE	TRUE	TRUE	1	1	FALSE	FALSE	3	3	3	1	2	4
bgs_V2_c1_rep10_env9	lfmm_simes	Chr1	586318	666141	14	2	Chr1:586318;Chr1:604881;Chr1:609093;Chr1:610522;Chr1:622788;Chr1:640904;Chr1:643423;Chr1:637118;Chr1:644486;Chr1:646992;Chr1:651283;Chr1:653986;Chr1:654558;Chr1:666141	Chr1:610522;Chr1:646992	Chr1:640904	TRUE	TRUE	TRUE	1	1	FALSE	FALSE	3	3	3	1	2	4
bgs_V2_c1_rep1_env10	emmax_simes	Chr1	9060752	9071034	2	1	Chr1:9060752;Chr1:9071034	Chr1:9060752	Chr1:9071034	TRUE	FALSE	FALSE	0	0	FALSE	FALSE	1	1	1	1	2	4
bgs_V2_c1_rep1_env10	lfmm_simes	Chr1	8705344	9071034	14	3	Chr1:8705344;Chr1:8713043;Chr1:8748582;Chr1:8779078;Chr1:8808104;Chr1:8824929;Chr1:8866293;Chr1:8879152;Chr1:8906195;Chr1:8923510;Chr1:8944365;Chr1:8945198;Chr1:9060752;Chr1:9071034	Chr1:8713043;Chr1:8866293;Chr1:9060752	Chr1:9071034	TRUE	TRUE	TRUE	2	1	FALSE	FALSE	3	3	3	1	2	4
bgs_V2_c1_rep1_env10	lfmm_simes	Chr1	9008829	9054900	5	1	Chr1:9008829;Chr1:9011306;Chr1:9019490;Chr1:9042212;Chr1:9054900	Chr1:9008829	Chr1:9071034	TRUE	TRUE	TRUE	1	1	FALSE	FALSE	3	3	3	1	2	4
bgs_V2_c1_rep1_env2	emmax_consensus	Chr1	25786036	25875869	20	3	Chr1:25786036;Chr1:25791610;Chr1:25793160;Chr1:25795724;Chr1:25798003;Chr1:25803577;Chr1:25804221;Chr1:25804777;Chr1:25805516;Chr1:25813625;Chr1:25814628;Chr1:25834933;Chr1:25851713;Chr1:25853489;Chr1:25875869;Chr1:25820153;Chr1:25822734;Chr1:25823846;Chr1:25827599;Chr1:25831119	Chr1:25798003;Chr1:25853489;Chr1:25822734	Chr1:25814628	TRUE	TRUE	TRUE	1	1	FALSE	FALSE	3	3	3	1	2	4
bgs_V2_c1_rep1_env2	emmax_consensus	Chr1	25903393	25936026	7	1	Chr1:25903393;Chr1:25911576;Chr1:25912388;Chr1:25923954;Chr1:25927966;Chr1:25935084;Chr1:25936026	Chr1:25923954	Chr1:25814628	TRUE	FALSE	TRUE	0	1	FALSE	FALSE	2	2	2	1	2	4
bgs_V2_c1_rep1_env2	emmax_consensus	Chr2	618844	619881	2	1	Chr2:618844;Chr2:619881	Chr2:618844	""	FALSE	FALSE	FALSE	0	0	FALSE	FALSE	1	1	1	1	2	4
bgs_V2_c1_rep1_env2	emmax_consensus	Chr2	939638	942851	4	1	Chr2:939638;Chr2:941355;Chr2:941400;Chr2:942851	Chr2:941355	""	FALSE	TRUE	TRUE	1	1	FALSE	FALSE	3	3	3	1	2	4
bgs_V2_c1_rep1_env2	emmax_consensus	Chr2	7035179	7043467	3	1	Chr2:7035179;Chr2:7037631;Chr2:7043467	Chr2:7037631	""	FALSE	TRUE	FALSE	1	0	FALSE	FALSE	2	2	2	1	2	4
bgs_V2_c1_rep1_env2	emmax_consensus	Chr2	10755558	10759064	2	1	Chr2:10755558;Chr2:10759064	Chr2:10755558	""	FALSE	FALSE	FALSE	0	0	FALSE	FALSE	1	1	1	1	2	4
bgs_V2_c1_rep1_env2	emmax_consensus	Chr2	20314568	20343431	3	1	Chr2:20314568;Chr2:20336120;Chr2:20343431	Chr2:20336120	""	FALSE	TRUE	FALSE	1	0	FALSE	FALSE	2	2	2	1	2	4
bgs_V2_c1_rep1_env2	emmax_simes	Chr1	25786036	25875869	20	3	Chr1:25786036;Chr1:25791610;Chr1:25793160;Chr1:25795724;Chr1:25798003;Chr1:25803577;Chr1:25804221;Chr1:25804777;Chr1:25805516;Chr1:25813625;Chr1:25814628;Chr1:25834933;Chr1:25851713;Chr1:25853489;Chr1:25875869;Chr1:25820153;Chr1:25822734;Chr1:25823846;Chr1:25827599;Chr1:25831119	Chr1:25798003;Chr1:25853489;Chr1:25822734	Chr1:25814628	TRUE	TRUE	TRUE	1	1	FALSE	FALSE	3	3	3	1	2	4
bgs_V2_c1_rep1_env2	emmax_simes	Chr1	25903393	25936026	7	1	Chr1:25903393;Chr1:25911576;Chr1:25912388;Chr1:25923954;Chr1:25927966;Chr1:25935084;Chr1:25936026	Chr1:25923954	Chr1:25814628	TRUE	FALSE	TRUE	0	1	FALSE	FALSE	2	2	2	1	2	4
bgs_V2_c1_rep1_env2	emmax_simes	Chr2	939638	942851	4	1	Chr2:939638;Chr2:941355;Chr2:941400;Chr2:942851	Chr2:941355	""	FALSE	FALSE	TRUE	0	1	FALSE	FALSE	2	2	2	1	2	4
bgs_V2_c1_rep1_env2	emmax_simes	Chr2	7035179	7043467	3	1	Chr2:7035179;Chr2:7037631;Chr2:7043467	Chr2:7037631	""	FALSE	TRUE	FALSE	1	0	FALSE	FALSE	2	2	2	1	2	4
bgs_V2_c1_rep1_env2	emmax_simes	Chr2	10755558	10759064	2	1	Chr2:10755558;Chr2:10759064	Chr2:10755558	""	FALSE	FALSE	FALSE	0	0	FALSE	FALSE	1	1	1	1	2	4
bgs_V2_c1_rep1_env2	emmax_simes	Chr2	20314568	20343431	3	1	Chr2:20314568;Chr2:20336120;Chr2:20343431	Chr2:20336120	""	FALSE	TRUE	FALSE	1	0	FALSE	FALSE	2	2	2	1	2	4
bgs_V2_c1_rep1_env2	lfmm_simes	Chr1	25786036	25875869	20	3	Chr1:25786036;Chr1:25791610;Chr1:25793160;Chr1:25795724;Chr1:25798003;Chr1:25803577;Chr1:25804221;Chr1:25804777;Chr1:25805516;Chr1:25813625;Chr1:25814628;Chr1:25834933;Chr1:25851713;Chr1:25853489;Chr1:25875869;Chr1:25820153;Chr1:25822734;Chr1:25823846;Chr1:25827599;Chr1:25831119	Chr1:25798003;Chr1:25853489;Chr1:25822734	Chr1:25814628	TRUE	TRUE	TRUE	1	1	FALSE	FALSE	3	3	3	1	2	4
bgs_V2_c1_rep1_env2	lfmm_simes	Chr1	25903393	25936026	7	1	Chr1:25903393;Chr1:25911576;Chr1:25912388;Chr1:25923954;Chr1:25927966;Chr1:25935084;Chr1:25936026	Chr1:25923954	Chr1:25814628	TRUE	FALSE	TRUE	0	1	FALSE	FALSE	2	2	2	1	2	4
bgs_V2_c1_rep1_env3	emmax_consensus	Chr2	18562369	18572901	4	1	Chr2:18562369;Chr2:18563301;Chr2:18567378;Chr2:18572901	Chr2:18567378	""	FALSE	FALSE	TRUE	0	1	FALSE	FALSE	2	2	2	1	2	4
bgs_V2_c1_rep1_env3	emmax_simes	Chr2	18562369	18572901	4	1	Chr2:18562369;Chr2:18563301;Chr2:18567378;Chr2:18572901	Chr2:18567378	""	FALSE	FALSE	TRUE	0	1	FALSE	FALSE	2	2	2	1	2	4
bgs_V2_c1_rep1_env3	emmax_simes	Chr2	18708439	18721344	2	1	Chr2:18708439;Chr2:18721344	Chr2:18708439	""	FALSE	TRUE	FALSE	1	0	FALSE	FALSE	2	2	2	1	2	4
bgs_V2_c1_rep1_env3	lfmm_simes	Chr2	18562369	18572901	4	1	Chr2:18562369;Chr2:18563301;Chr2:18567378;Chr2:18572901	Chr2:18567378	""	FALSE	FALSE	TRUE	0	1	FALSE	FALSE	2	2	2	1	2	4
bgs_V2_c1_rep1_env7	emmax_consensus	Chr1	8856836	9187249	35	4	Chr1:8856836;Chr1:8867313;Chr1:8875713;Chr1:8879087;Chr1:8884070;Chr1:8921332;Chr1:8929791;Chr1:8933338;Chr1:8935643;Chr1:8957488;Chr1:8969010;Chr1:9007068;Chr1:9047750;Chr1:9051789;Chr1:9068324;Chr1:9071034;Chr1:9095647;Chr1:9099147;Chr1:9099297;Chr1:9100044;Chr1:9101418;Chr1:9091558;Chr1:9120543;Chr1:9129541;Chr1:9135291;Chr1:9138300;Chr1:9139504;Chr1:9154391;Chr1:9154530;Chr1:9155756;Chr1:9158540;Chr1:9169012;Chr1:9170082;Chr1:9174684;Chr1:9187249	Chr1:8879087;Chr1:8957488;Chr1:9099147;Chr1:9138300	Chr1:9071034	TRUE	TRUE	TRUE	2	1	FALSE	FALSE	3	3	3	1	2	4
bgs_V2_c1_rep1_env7	emmax_simes	Chr1	8856836	8884070	5	1	Chr1:8856836;Chr1:8867313;Chr1:8875713;Chr1:8879087;Chr1:8884070	Chr1:8879087	""	FALSE	TRUE	TRUE	1	1	FALSE	FALSE	3	3	3	1	2	4
bgs_V2_c1_rep1_env7	emmax_simes	Chr1	9047750	9187249	23	2	Chr1:9047750;Chr1:9051789;Chr1:9068324;Chr1:9071034;Chr1:9095647;Chr1:9099147;Chr1:9099297;Chr1:9100044;Chr1:9101418;Chr1:9091558;Chr1:9120543;Chr1:9129541;Chr1:9135291;Chr1:9138300;Chr1:9139504;Chr1:9154391;Chr1:9154530;Chr1:9155756;Chr1:9158540;Chr1:9169012;Chr1:9170082;Chr1:9174684;Chr1:9187249	Chr1:9099147;Chr1:9138300	Chr1:9071034	TRUE	TRUE	TRUE	1	1	FALSE	FALSE	3	3	3	1	2	4
bgs_V2_c1_rep1_env7	lfmm_simes	Chr1	8856836	8884070	5	1	Chr1:8856836;Chr1:8867313;Chr1:8875713;Chr1:8879087;Chr1:8884070	Chr1:8879087	""	FALSE	TRUE	TRUE	1	1	FALSE	FALSE	3	3	3	1	2	4
bgs_V2_c1_rep1_env7	lfmm_simes	Chr1	9047750	9187249	23	2	Chr1:9047750;Chr1:9051789;Chr1:9068324;Chr1:9071034;Chr1:9095647;Chr1:9099147;Chr1:9099297;Chr1:9100044;Chr1:9101418;Chr1:9091558;Chr1:9120543;Chr1:9129541;Chr1:9135291;Chr1:9138300;Chr1:9139504;Chr1:9154391;Chr1:9154530;Chr1:9155756;Chr1:9158540;Chr1:9169012;Chr1:9170082;Chr1:9174684;Chr1:9187249	Chr1:9099147;Chr1:9138300	Chr1:9071034	TRUE	TRUE	TRUE	1	1	FALSE	FALSE	3	3	3	1	2	4
bgs_V2_c1_rep2_env1	emmax_simes	Chr2	17152815	17155256	2	1	Chr2:17152815;Chr2:17155256	Chr2:17152815	""	FALSE	FALSE	FALSE	0	0	FALSE	FALSE	1	1	1	1	2	4
bgs_V2_c1_rep2_env2	emmax_consensus	Chr1	21567333	21572482	3	1	Chr1:21567333;Chr1:21572081;Chr1:21572482	Chr1:21572081	Chr1:21572482	TRUE	TRUE	FALSE	1	0	FALSE	FALSE	2	2	2	1	2	4
bgs_V2_c1_rep2_env2	emmax_consensus	Chr2	5547505	5556322	3	1	Chr2:5547505;Chr2:5551259;Chr2:5556322	Chr2:5556322	""	FALSE	TRUE	FALSE	1	0	FALSE	FALSE	2	2	2	1	2	4
bgs_V2_c1_rep2_env2	emmax_consensus	Chr2	22406519	22452276	4	1	Chr2:22406519;Chr2:22421507;Chr2:22436180;Chr2:22452276	Chr2:22436180	""	FALSE	TRUE	TRUE	1	1	FALSE	FALSE	3	3	3	1	2	4
bgs_V2_c1_rep2_env2	emmax_simes	Chr1	1725624	1726622	2	1	Chr1:1725624;Chr1:1726622	Chr1:1725624	""	FALSE	FALSE	FALSE	0	0	FALSE	FALSE	1	1	1	1	2	4
bgs_V2_c1_rep2_env2	emmax_simes	Chr1	21567333	21572482	3	1	Chr1:21567333;Chr1:21572081;Chr1:21572482	Chr1:21572081	Chr1:21572482	TRUE	TRUE	FALSE	1	0	FALSE	FALSE	2	2	2	1	2	4
bgs_V2_c1_rep2_env2	emmax_simes	Chr2	5547505	5556322	3	1	Chr2:5547505;Chr2:5551259;Chr2:5556322	Chr2:5556322	""	FALSE	TRUE	FALSE	1	0	FALSE	FALSE	2	2	2	1	2	4
bgs_V2_c1_rep2_env2	emmax_simes	Chr2	22406519	22452276	4	1	Chr2:22406519;Chr2:22421507;Chr2:22436180;Chr2:22452276	Chr2:22436180	""	FALSE	TRUE	TRUE	1	1	FALSE	FALSE	3	3	3	1	2	4
bgs_V2_c1_rep2_env2	lfmm_simes	Chr1	21567333	21572482	3	1	Chr1:21567333;Chr1:21572081;Chr1:21572482	Chr1:21572081	Chr1:21572482	TRUE	TRUE	FALSE	1	0	FALSE	FALSE	2	2	2	1	2	4
bgs_V2_c1_rep2_env2	lfmm_simes	Chr2	5547505	5556322	3	1	Chr2:5547505;Chr2:5551259;Chr2:5556322	Chr2:5556322	""	FALSE	TRUE	FALSE	1	0	FALSE	FALSE	2	2	2	1	2	4
bgs_V2_c1_rep2_env2	lfmm_simes	Chr2	22406519	22452276	4	1	Chr2:22406519;Chr2:22421507;Chr2:22436180;Chr2:22452276	Chr2:22436180	""	FALSE	TRUE	TRUE	1	1	FALSE	FALSE	3	3	3	1	2	4
bgs_V2_c1_rep2_env3	emmax_simes	Chr1	8020606	8052781	8	1	Chr1:8020606;Chr1:8024717;Chr1:8034774;Chr1:8038527;Chr1:8048303;Chr1:8050315;Chr1:8050579;Chr1:8052781	Chr1:8034774	""	FALSE	FALSE	TRUE	0	1	FALSE	FALSE	2	2	2	1	2	4
bgs_V2_c1_rep2_env3	emmax_simes	Chr2	9708455	9744551	2	1	Chr2:9708455;Chr2:9744551	Chr2:9708455	""	FALSE	FALSE	FALSE	0	0	FALSE	FALSE	1	1	1	1	2	4
bgs_V2_c1_rep2_env7	emmax_consensus	Chr1	18301936	18307519	4	1	Chr1:18301936;Chr1:18306404;Chr1:18307038;Chr1:18307519	Chr1:18306404	""	FALSE	TRUE	TRUE	1	1	FALSE	FALSE	3	3	3	1	2	4
bgs_V2_c1_rep2_env7	emmax_simes	Chr1	18301936	18307519	4	1	Chr1:18301936;Chr1:18306404;Chr1:18307038;Chr1:18307519	Chr1:18306404	""	FALSE	TRUE	TRUE	1	1	FALSE	FALSE	3	3	3	1	2	4
bgs_V2_c1_rep2_env7	lfmm_simes	Chr1	18301936	18307519	4	1	Chr1:18301936;Chr1:18306404;Chr1:18307038;Chr1:18307519	Chr1:18306404	""	FALSE	TRUE	TRUE	1	1	FALSE	FALSE	3	3	3	1	2	4
bgs_V2_c1_rep2_env8	lfmm_simes	Chr1	7718229	7740752	2	1	Chr1:7718229;Chr1:7740752	Chr1:7718229	""	FALSE	FALSE	FALSE	0	0	FALSE	FALSE	1	1	1	1	2	4
bgs_V2_c1_rep2_env8	lfmm_simes	Chr1	9080031	9133648	5	1	Chr1:9080031;Chr1:9081176;Chr1:9084891;Chr1:9130480;Chr1:9133648	Chr1:9081176	""	FALSE	TRUE	TRUE	1	1	FALSE	FALSE	3	3	3	1	2	4
bgs_V2_c1_rep3_env1	lfmm_simes	Chr2	11865698	11867000	2	1	Chr2:11865698;Chr2:11867000	Chr2:11865698	""	FALSE	TRUE	FALSE	1	0	FALSE	FALSE	2	2	2	1	2	4
bgs_V2_c1_rep3_env10	lfmm_simes	Chr1	8262841	8266540	2	1	Chr1:8262841;Chr1:8266540	Chr1:8262841	""	FALSE	FALSE	FALSE	0	0	FALSE	FALSE	1	1	1	1	2	4
bgs_V2_c1_rep3_env3	emmax_consensus	Chr1	8484389	8632531	25	1	Chr1:8484389;Chr1:8492450;Chr1:8495564;Chr1:8499436;Chr1:8528396;Chr1:8532653;Chr1:8534323;Chr1:8536145;Chr1:8540301;Chr1:8545185;Chr1:8547195;Chr1:8551543;Chr1:8552921;Chr1:8553045;Chr1:8565627;Chr1:8567641;Chr1:8571495;Chr1:8571579;Chr1:8581407;Chr1:8597866;Chr1:8599272;Chr1:8610194;Chr1:8612099;Chr1:8624819;Chr1:8632531	Chr1:8565627	Chr1:8536145	TRUE	TRUE	TRUE	1	1	FALSE	FALSE	3	3	3	1	2	4
bgs_V2_c1_rep3_env3	emmax_simes	Chr1	8484389	8632531	25	1	Chr1:8484389;Chr1:8492450;Chr1:8495564;Chr1:8499436;Chr1:8528396;Chr1:8532653;Chr1:8534323;Chr1:8536145;Chr1:8540301;Chr1:8545185;Chr1:8547195;Chr1:8551543;Chr1:8552921;Chr1:8553045;Chr1:8565627;Chr1:8567641;Chr1:8571495;Chr1:8571579;Chr1:8581407;Chr1:8597866;Chr1:8599272;Chr1:8610194;Chr1:8612099;Chr1:8624819;Chr1:8632531	Chr1:8565627	Chr1:8536145	TRUE	TRUE	TRUE	1	1	FALSE	FALSE	3	3	3	1	2	4
bgs_V2_c1_rep3_env3	lfmm_simes	Chr1	8484389	8632531	25	1	Chr1:8484389;Chr1:8492450;Chr1:8495564;Chr1:8499436;Chr1:8528396;Chr1:8532653;Chr1:8534323;Chr1:8536145;Chr1:8540301;Chr1:8545185;Chr1:8547195;Chr1:8551543;Chr1:8552921;Chr1:8553045;Chr1:8565627;Chr1:8567641;Chr1:8571495;Chr1:8571579;Chr1:8581407;Chr1:8597866;Chr1:8599272;Chr1:8610194;Chr1:8612099;Chr1:8624819;Chr1:8632531	Chr1:8565627	Chr1:8536145	TRUE	TRUE	TRUE	1	1	FALSE	FALSE	3	3	3	1	2	4
bgs_V2_c1_rep3_env4	lfmm_simes	Chr1	11887254	11903811	8	1	Chr1:11887254;Chr1:11888682;Chr1:11890489;Chr1:11891898;Chr1:11896230;Chr1:11900396;Chr1:11900960;Chr1:11903811	Chr1:11888682	Chr1:11896230	TRUE	TRUE	TRUE	1	1	FALSE	FALSE	3	3	3	1	2	4
bgs_V2_c1_rep3_env5	emmax_simes	Chr2	7737523	7737957	2	1	Chr2:7737523;Chr2:7737957	Chr2:7737523	""	FALSE	FALSE	FALSE	0	0	FALSE	FALSE	1	1	1	1	2	4
bgs_V2_c1_rep3_env6	lfmm_simes	Chr1	3569924	3752528	14	2	Chr1:3569924;Chr1:3590180;Chr1:3605324;Chr1:3640408;Chr1:3674151;Chr1:3679365;Chr1:3685140;Chr1:3690044;Chr1:3720042;Chr1:3725208;Chr1:3731400;Chr1:3739564;Chr1:3742200;Chr1:3752528	Chr1:3590180;Chr1:3720042	Chr1:3674151	TRUE	TRUE	TRUE	1	1	FALSE	FALSE	3	3	3	1	2	4
bgs_V2_c1_rep3_env7	emmax_consensus	Chr2	1544020	1548012	2	1	Chr2:1544020;Chr2:1548012	Chr2:1544020	""	FALSE	TRUE	FALSE	1	0	FALSE	FALSE	2	2	2	1	2	4
bgs_V2_c1_rep3_env7	emmax_simes	Chr2	1544020	1548012	2	1	Chr2:1544020;Chr2:1548012	Chr2:1544020	""	FALSE	TRUE	FALSE	1	0	FALSE	FALSE	2	2	2	1	2	4
bgs_V2_c1_rep3_env7	lfmm_simes	Chr2	1544020	1548012	2	1	Chr2:1544020;Chr2:1548012	Chr2:1544020	""	FALSE	FALSE	FALSE	0	0	FALSE	FALSE	1	1	1	1	2	4
bgs_V2_c1_rep3_env8	emmax_consensus	Chr1	11313415	11340809	3	1	Chr1:11313415;Chr1:11315093;Chr1:11340809	Chr1:11315093	""	FALSE	TRUE	FALSE	1	0	FALSE	FALSE	2	2	2	1	2	4
bgs_V2_c1_rep3_env8	emmax_consensus	Chr2	9781437	9829345	3	1	Chr2:9781437;Chr2:9783228;Chr2:9829345	Chr2:9781437	""	FALSE	TRUE	FALSE	1	0	FALSE	FALSE	2	2	2	1	2	4
bgs_V2_c1_rep3_env8	emmax_simes	Chr1	3342381	3440846	7	2	Chr1:3342381;Chr1:3388985;Chr1:3419694;Chr1:3431345;Chr1:3436925;Chr1:3438660;Chr1:3440846	Chr1:3342381;Chr1:3431345	Chr1:3388985	TRUE	FALSE	TRUE	0	1	FALSE	FALSE	2	2	2	1	2	4
bgs_V2_c1_rep3_env8	emmax_simes	Chr1	11313415	11340809	3	1	Chr1:11313415;Chr1:11315093;Chr1:11340809	Chr1:11315093	""	FALSE	TRUE	FALSE	1	0	FALSE	FALSE	2	2	2	1	2	4
bgs_V2_c1_rep3_env8	emmax_simes	Chr2	2770316	2770818	2	1	Chr2:2770316;Chr2:2770818	Chr2:2770316	""	FALSE	FALSE	FALSE	0	0	FALSE	FALSE	1	1	1	1	2	4
bgs_V2_c1_rep3_env8	emmax_simes	Chr2	9781437	9829345	3	1	Chr2:9781437;Chr2:9783228;Chr2:9829345	Chr2:9781437	""	FALSE	TRUE	FALSE	1	0	FALSE	FALSE	2	2	2	1	2	4
bgs_V2_c1_rep3_env8	lfmm_simes	Chr1	3342381	3440846	7	2	Chr1:3342381;Chr1:3388985;Chr1:3419694;Chr1:3431345;Chr1:3436925;Chr1:3438660;Chr1:3440846	Chr1:3342381;Chr1:3431345	Chr1:3388985	TRUE	TRUE	TRUE	1	1	FALSE	FALSE	3	3	3	1	2	4
bgs_V2_c1_rep3_env8	lfmm_simes	Chr1	11313415	11340809	3	1	Chr1:11313415;Chr1:11315093;Chr1:11340809	Chr1:11315093	""	FALSE	FALSE	FALSE	0	0	FALSE	FALSE	1	1	1	1	2	4
bgs_V2_c1_rep3_env8	lfmm_simes	Chr2	2770316	2770818	2	1	Chr2:2770316;Chr2:2770818	Chr2:2770316	""	FALSE	FALSE	FALSE	0	0	FALSE	FALSE	1	1	1	1	2	4
bgs_V2_c1_rep3_env8	lfmm_simes	Chr2	9781437	9829345	3	1	Chr2:9781437;Chr2:9783228;Chr2:9829345	Chr2:9781437	""	FALSE	TRUE	FALSE	1	0	FALSE	FALSE	2	2	2	1	2	4
bgs_V2_c1_rep3_env8	lfmm_simes	Chr2	10333170	10348301	3	1	Chr2:10333170;Chr2:10343791;Chr2:10348301	Chr2:10343791	""	FALSE	FALSE	FALSE	0	0	FALSE	FALSE	1	1	1	1	2	4
bgs_V2_c1_rep4_env10	emmax_consensus	Chr1	28797037	28824480	2	1	Chr1:28797037;Chr1:28824480	Chr1:28797037	""	FALSE	TRUE	FALSE	1	0	FALSE	FALSE	2	2	2	1	2	4
bgs_V2_c1_rep4_env10	emmax_simes	Chr1	28797037	28824480	2	1	Chr1:28797037;Chr1:28824480	Chr1:28797037	""	FALSE	TRUE	FALSE	1	0	FALSE	FALSE	2	2	2	1	2	4
bgs_V2_c1_rep4_env10	emmax_simes	Chr2	27602033	27960996	6	1	Chr2:27602033;Chr2:27617228;Chr2:27674813;Chr2:27685375;Chr2:27957734;Chr2:27960996	Chr2:27617228	""	FALSE	FALSE	TRUE	0	1	FALSE	FALSE	2	2	2	1	2	4
bgs_V2_c1_rep4_env10	lfmm_simes	Chr1	28797037	28824480	2	1	Chr1:28797037;Chr1:28824480	Chr1:28797037	""	FALSE	TRUE	FALSE	1	0	FALSE	FALSE	2	2	2	1	2	4
bgs_V2_c1_rep4_env10	lfmm_simes	Chr2	27602033	27960996	6	1	Chr2:27602033;Chr2:27617228;Chr2:27674813;Chr2:27685375;Chr2:27957734;Chr2:27960996	Chr2:27617228	""	FALSE	TRUE	TRUE	1	1	FALSE	FALSE	3	3	3	1	2	4
bgs_V2_c1_rep4_env3	emmax_consensus	Chr1	9132980	9189077	2	1	Chr1:9132980;Chr1:9189077	Chr1:9132980	Chr1:9189077	TRUE	TRUE	FALSE	1	0	FALSE	FALSE	2	2	2	1	2	4
bgs_V2_c1_rep4_env3	emmax_simes	Chr1	8826651	9189077	8	2	Chr1:8826651;Chr1:8876597;Chr1:8883782;Chr1:8902378;Chr1:8907853;Chr1:9064099;Chr1:9132980;Chr1:9189077	Chr1:8876597;Chr1:9132980	Chr1:9189077	TRUE	TRUE	TRUE	1	1	FALSE	FALSE	3	3	3	1	2	4
bgs_V2_c1_rep4_env3	lfmm_simes	Chr1	8412810	8451702	4	1	Chr1:8412810;Chr1:8442560;Chr1:8449228;Chr1:8451702	Chr1:8442560	""	FALSE	TRUE	TRUE	1	1	FALSE	FALSE	3	3	3	1	2	4
bgs_V2_c1_rep4_env3	lfmm_simes	Chr1	8826651	9064099	10	2	Chr1:8826651;Chr1:8876597;Chr1:8883782;Chr1:8902378;Chr1:8907853;Chr1:9064099;Chr1:8875033;Chr1:8958625;Chr1:8979194;Chr1:9030137	Chr1:8876597;Chr1:8875033	""	FALSE	TRUE	TRUE	1	1	FALSE	FALSE	3	3	3	1	2	4
bgs_V2_c1_rep4_env3	lfmm_simes	Chr1	9124728	9189077	6	2	Chr1:9124728;Chr1:9145829;Chr1:9158782;Chr1:9164258;Chr1:9132980;Chr1:9189077	Chr1:9158782;Chr1:9132980	Chr1:9189077	TRUE	TRUE	TRUE	1	1	FALSE	FALSE	3	3	3	1	2	4
bgs_V2_c1_rep4_env3	lfmm_simes	Chr1	9197684	9270238	5	2	Chr1:9197684;Chr1:9270238;Chr1:9242995;Chr1:9246137;Chr1:9255369	Chr1:9197684;Chr1:9242995	Chr1:9189077	TRUE	TRUE	FALSE	1	0	FALSE	FALSE	2	2	2	1	2	4
bgs_V2_c1_rep4_env4	lfmm_simes	Chr1	25180779	25723074	11	1	Chr1:25180779;Chr1:25183148;Chr1:25183518;Chr1:25203473;Chr1:25420631;Chr1:25458262;Chr1:25498914;Chr1:25511473;Chr1:25518926;Chr1:25596617;Chr1:25723074	Chr1:25180779	Chr1:25348785	TRUE	FALSE	TRUE	0	1	FALSE	FALSE	2	2	2	1	2	4
bgs_V2_c1_rep4_env5	lfmm_simes	Chr1	31076007	31077032	2	1	Chr1:31076007;Chr1:31077032	Chr1:31076007	Chr1:31066395	TRUE	FALSE	FALSE	0	0	FALSE	FALSE	1	1	1	1	2	4
bgs_V2_c1_rep4_env6	emmax_simes	Chr1	9119324	9209057	6	1	Chr1:9119324;Chr1:9150269;Chr1:9183100;Chr1:9192735;Chr1:9206404;Chr1:9209057	Chr1:9183100	Chr1:9189077	TRUE	FALSE	TRUE	0	1	FALSE	FALSE	2	2	2	1	2	4
bgs_V2_c1_rep4_env6	lfmm_simes	Chr1	9119324	9209057	6	1	Chr1:9119324;Chr1:9150269;Chr1:9183100;Chr1:9192735;Chr1:9206404;Chr1:9209057	Chr1:9183100	Chr1:9189077	TRUE	TRUE	TRUE	1	1	FALSE	FALSE	3	3	3	1	2	4
bgs_V2_c1_rep4_env9	emmax_consensus	Chr1	28673828	28699708	4	1	Chr1:28673828;Chr1:28674107;Chr1:28692163;Chr1:28699708	Chr1:28673828	""	FALSE	FALSE	TRUE	0	1	FALSE	FALSE	2	2	2	1	2	4
bgs_V2_c1_rep4_env9	lfmm_simes	Chr1	28673828	28699708	4	1	Chr1:28673828;Chr1:28674107;Chr1:28692163;Chr1:28699708	Chr1:28673828	""	FALSE	FALSE	TRUE	0	1	FALSE	FALSE	2	2	2	1	2	4
bgs_V2_c1_rep5_env2	emmax_consensus	Chr1	1204773	1277869	26	3	Chr1:1204773;Chr1:1206262;Chr1:1213727;Chr1:1217263;Chr1:1218293;Chr1:1221537;Chr1:1222337;Chr1:1222472;Chr1:1222605;Chr1:1223648;Chr1:1232450;Chr1:1235644;Chr1:1236848;Chr1:1236992;Chr1:1239545;Chr1:1263050;Chr1:1265635;Chr1:1270623;Chr1:1272033;Chr1:1273850;Chr1:1276369;Chr1:1277869;Chr1:1242966;Chr1:1244281;Chr1:1251846;Chr1:1257447	Chr1:1222337;Chr1:1265635;Chr1:1244281	Chr1:1277869	TRUE	TRUE	TRUE	1	1	FALSE	FALSE	3	3	3	1	2	4
bgs_V2_c1_rep5_env2	emmax_simes	Chr1	1204773	1277869	26	3	Chr1:1204773;Chr1:1206262;Chr1:1213727;Chr1:1217263;Chr1:1218293;Chr1:1221537;Chr1:1222337;Chr1:1222472;Chr1:1222605;Chr1:1223648;Chr1:1232450;Chr1:1235644;Chr1:1236848;Chr1:1236992;Chr1:1239545;Chr1:1263050;Chr1:1265635;Chr1:1270623;Chr1:1272033;Chr1:1273850;Chr1:1276369;Chr1:1277869;Chr1:1242966;Chr1:1244281;Chr1:1251846;Chr1:1257447	Chr1:1222337;Chr1:1265635;Chr1:1244281	Chr1:1277869	TRUE	TRUE	TRUE	1	1	FALSE	FALSE	3	3	3	1	2	4
bgs_V2_c1_rep5_env2	emmax_simes	Chr1	1604057	1626829	5	1	Chr1:1604057;Chr1:1614860;Chr1:1625683;Chr1:1626428;Chr1:1626829	Chr1:1625683	""	FALSE	TRUE	TRUE	1	1	FALSE	FALSE	3	3	3	1	2	4
bgs_V2_c1_rep5_env2	lfmm_simes	Chr1	1204773	1277869	26	3	Chr1:1204773;Chr1:1206262;Chr1:1213727;Chr1:1217263;Chr1:1218293;Chr1:1221537;Chr1:1222337;Chr1:1222472;Chr1:1222605;Chr1:1223648;Chr1:1232450;Chr1:1235644;Chr1:1236848;Chr1:1236992;Chr1:1239545;Chr1:1263050;Chr1:1265635;Chr1:1270623;Chr1:1272033;Chr1:1273850;Chr1:1276369;Chr1:1277869;Chr1:1242966;Chr1:1244281;Chr1:1251846;Chr1:1257447	Chr1:1222337;Chr1:1265635;Chr1:1244281	Chr1:1277869	TRUE	TRUE	TRUE	1	1	FALSE	FALSE	3	3	3	1	2	4
bgs_V2_c1_rep5_env2	lfmm_simes	Chr1	5613730	5642316	2	1	Chr1:5613730;Chr1:5642316	Chr1:5613730	""	FALSE	FALSE	FALSE	0	0	FALSE	FALSE	1	1	1	1	2	4
bgs_V2_c1_rep5_env3	emmax_consensus	Chr1	351	415603	11	1	Chr1:351;Chr1:28661;Chr1:88128;Chr1:109226;Chr1:113464;Chr1:116485;Chr1:157476;Chr1:217501;Chr1:221870;Chr1:280982;Chr1:415603	Chr1:351	Chr1:113464	TRUE	FALSE	TRUE	0	1	FALSE	FALSE	2	2	2	1	2	4
bgs_V2_c1_rep5_env3	emmax_consensus	Chr1	8718142	8720513	2	1	Chr1:8718142;Chr1:8720513	Chr1:8718142	""	FALSE	FALSE	FALSE	0	0	FALSE	FALSE	1	1	1	1	2	4
bgs_V2_c1_rep5_env3	emmax_simes	Chr1	351	538149	18	2	Chr1:351;Chr1:28661;Chr1:88128;Chr1:109226;Chr1:113464;Chr1:116485;Chr1:157476;Chr1:217501;Chr1:221870;Chr1:280982;Chr1:415603;Chr1:502757;Chr1:506369;Chr1:506688;Chr1:521022;Chr1:524385;Chr1:524436;Chr1:538149	Chr1:351;Chr1:521022	Chr1:113464	TRUE	FALSE	TRUE	0	1	FALSE	FALSE	2	2	2	1	2	4
bgs_V2_c1_rep5_env3	emmax_simes	Chr1	8718142	8720513	2	1	Chr1:8718142;Chr1:8720513	Chr1:8718142	""	FALSE	FALSE	FALSE	0	0	FALSE	FALSE	1	1	1	1	2	4
bgs_V2_c1_rep5_env3	lfmm_simes	Chr1	351	538149	50	3	Chr1:351;Chr1:28661;Chr1:88128;Chr1:109226;Chr1:113464;Chr1:116485;Chr1:157476;Chr1:217501;Chr1:221870;Chr1:280982;Chr1:415603;Chr1:51449;Chr1:56046;Chr1:82501;Chr1:119645;Chr1:155661;Chr1:163270;Chr1:168665;Chr1:190038;Chr1:224964;Chr1:230928;Chr1:244949;Chr1:253189;Chr1:268835;Chr1:292268;Chr1:294698;Chr1:314870;Chr1:320080;Chr1:327843;Chr1:330120;Chr1:367740;Chr1:375060;Chr1:377284;Chr1:380788;Chr1:413100;Chr1:458888;Chr1:463987;Chr1:467592;Chr1:475488;Chr1:484648;Chr1:486018;Chr1:491423;Chr1:492572;Chr1:502757;Chr1:506369;Chr1:506688;Chr1:521022;Chr1:524385;Chr1:524436;Chr1:538149	Chr1:351;Chr1:51449;Chr1:521022	Chr1:113464	TRUE	TRUE	TRUE	1	1	FALSE	FALSE	3	3	3	1	2	4
bgs_V2_c1_rep5_env4	emmax_consensus	Chr1	4231171	4275083	12	2	Chr1:4231171;Chr1:4231898;Chr1:4237396;Chr1:4240998;Chr1:4244651;Chr1:4249723;Chr1:4263446;Chr1:4264427;Chr1:4265654;Chr1:4266628;Chr1:4271576;Chr1:4275083	Chr1:4240998;Chr1:4271576	Chr1:4237396	TRUE	FALSE	TRUE	0	1	FALSE	FALSE	2	2	2	1	2	4
bgs_V2_c1_rep5_env4	emmax_simes	Chr1	4231171	4290845	19	3	Chr1:4231171;Chr1:4231898;Chr1:4237396;Chr1:4240998;Chr1:4244651;Chr1:4249723;Chr1:4263446;Chr1:4264427;Chr1:4265654;Chr1:4266628;Chr1:4271576;Chr1:4275083;Chr1:4279692;Chr1:4281776;Chr1:4282009;Chr1:4283056;Chr1:4285705;Chr1:4289653;Chr1:4290845	Chr1:4240998;Chr1:4271576;Chr1:4281776	Chr1:4237396	TRUE	FALSE	TRUE	0	1	FALSE	FALSE	2	2	2	1	2	4
bgs_V2_c1_rep5_env4	lfmm_simes	Chr1	4231171	4290845	19	3	Chr1:4231171;Chr1:4231898;Chr1:4237396;Chr1:4240998;Chr1:4244651;Chr1:4249723;Chr1:4263446;Chr1:4264427;Chr1:4265654;Chr1:4266628;Chr1:4271576;Chr1:4275083;Chr1:4279692;Chr1:4281776;Chr1:4282009;Chr1:4283056;Chr1:4285705;Chr1:4289653;Chr1:4290845	Chr1:4240998;Chr1:4271576;Chr1:4281776	Chr1:4237396	TRUE	TRUE	TRUE	1	1	FALSE	FALSE	3	3	3	1	2	4
bgs_V2_c1_rep5_env7	emmax_consensus	Chr1	1192112	1192542	2	1	Chr1:1192112;Chr1:1192542	Chr1:1192112	""	FALSE	FALSE	FALSE	0	0	FALSE	FALSE	1	1	1	1	2	4
bgs_V2_c1_rep5_env8	emmax_consensus	Chr1	11857255	12025843	26	4	Chr1:11857255;Chr1:11919877;Chr1:11946859;Chr1:11913516;Chr1:11914761;Chr1:11916338;Chr1:11919543;Chr1:11922871;Chr1:11925553;Chr1:11925621;Chr1:11927080;Chr1:11941396;Chr1:11944178;Chr1:11944712;Chr1:11945612;Chr1:11952205;Chr1:11968549;Chr1:11974854;Chr1:11975530;Chr1:11975704;Chr1:11990837;Chr1:11992826;Chr1:12011712;Chr1:12013642;Chr1:12020134;Chr1:12025843	Chr1:11919877;Chr1:11945612;Chr1:11968549;Chr1:12013642	Chr1:11974854	TRUE	TRUE	TRUE	1	1	FALSE	FALSE	3	3	3	1	2	4
bgs_V2_c1_rep5_env8	emmax_simes	Chr1	11857255	11992826	10	2	Chr1:11857255;Chr1:11919877;Chr1:11946859;Chr1:11952205;Chr1:11968549;Chr1:11974854;Chr1:11975530;Chr1:11975704;Chr1:11990837;Chr1:11992826	Chr1:11919877;Chr1:11968549	Chr1:11974854	TRUE	TRUE	TRUE	1	1	FALSE	FALSE	3	3	3	1	2	4
bgs_V2_c1_rep5_env8	lfmm_simes	Chr1	11857255	12071782	43	7	Chr1:11857255;Chr1:11919877;Chr1:11946859;Chr1:11891315;Chr1:11898347;Chr1:11902889;Chr1:11903009;Chr1:11904492;Chr1:11905729;Chr1:11906512;Chr1:11913516;Chr1:11914761;Chr1:11916338;Chr1:11919543;Chr1:11922871;Chr1:11925553;Chr1:11925621;Chr1:11927080;Chr1:11941396;Chr1:11944178;Chr1:11944712;Chr1:11945612;Chr1:11952205;Chr1:11968549;Chr1:11974854;Chr1:11975530;Chr1:11975704;Chr1:11990837;Chr1:11992826;Chr1:11959005;Chr1:11960292;Chr1:11967007;Chr1:11970813;Chr1:11977728;Chr1:11981334;Chr1:12011712;Chr1:12013642;Chr1:12020134;Chr1:12025843;Chr1:12060962;Chr1:12067563;Chr1:12071473;Chr1:12071782	Chr1:11919877;Chr1:11904492;Chr1:11945612;Chr1:11968549;Chr1:11960292;Chr1:12013642;Chr1:12067563	Chr1:11974854	TRUE	TRUE	TRUE	1	1	FALSE	FALSE	3	3	3	1	2	4
bgs_V2_c1_rep5_env8	lfmm_simes	Chr2	3663443	3673213	3	1	Chr2:3663443;Chr2:3665581;Chr2:3673213	Chr2:3663443	""	FALSE	TRUE	FALSE	1	0	FALSE	FALSE	2	2	2	1	2	4
bgs_V2_c1_rep6_env1	emmax_consensus	Chr1	13317776	13331051	4	1	Chr1:13317776;Chr1:13324746;Chr1:13329442;Chr1:13331051	Chr1:13331051	Chr1:13331051	TRUE	TRUE	TRUE	1	1	FALSE	FALSE	3	3	3	1	2	4
bgs_V2_c1_rep6_env1	emmax_consensus	Chr1	13389040	13393988	2	1	Chr1:13389040;Chr1:13393988	Chr1:13389040	Chr1:13331051	TRUE	TRUE	FALSE	1	0	FALSE	FALSE	2	2	2	1	2	4
bgs_V2_c1_rep6_env1	emmax_consensus	Chr2	11522214	11523304	2	1	Chr2:11522214;Chr2:11523304	Chr2:11522214	""	FALSE	FALSE	FALSE	0	0	FALSE	FALSE	1	1	1	1	2	4
bgs_V2_c1_rep6_env1	emmax_simes	Chr1	13317776	13331051	4	1	Chr1:13317776;Chr1:13324746;Chr1:13329442;Chr1:13331051	Chr1:13331051	Chr1:13331051	TRUE	FALSE	TRUE	0	1	FALSE	FALSE	2	2	2	1	2	4
bgs_V2_c1_rep6_env1	emmax_simes	Chr1	13389040	13393988	2	1	Chr1:13389040;Chr1:13393988	Chr1:13389040	Chr1:13331051	TRUE	FALSE	FALSE	0	0	FALSE	FALSE	1	1	1	1	2	4
bgs_V2_c1_rep6_env1	lfmm_simes	Chr1	13317776	13331051	4	1	Chr1:13317776;Chr1:13324746;Chr1:13329442;Chr1:13331051	Chr1:13331051	Chr1:13331051	TRUE	TRUE	TRUE	1	1	FALSE	FALSE	3	3	3	1	2	4
bgs_V2_c1_rep6_env1	lfmm_simes	Chr1	13389040	13425121	7	2	Chr1:13389040;Chr1:13393988;Chr1:13410859;Chr1:13416965;Chr1:13421158;Chr1:13422763;Chr1:13425121	Chr1:13389040;Chr1:13416965	Chr1:13331051	TRUE	FALSE	TRUE	0	1	FALSE	FALSE	2	2	2	1	2	4
bgs_V2_c1_rep6_env10	emmax_consensus	Chr1	2061928	2072189	3	1	Chr1:2061928;Chr1:2067842;Chr1:2072189	Chr1:2061928	Chr1:2095254	TRUE	TRUE	FALSE	1	0	FALSE	FALSE	2	2	2	1	2	4
bgs_V2_c1_rep6_env10	emmax_consensus	Chr1	13251561	13281290	5	1	Chr1:13251561;Chr1:13253332;Chr1:13272388;Chr1:13274907;Chr1:13281290	Chr1:13253332	""	FALSE	FALSE	TRUE	0	1	FALSE	FALSE	2	2	2	1	2	4
bgs_V2_c1_rep6_env10	emmax_consensus	Chr2	9985951	9994878	2	1	Chr2:9985951;Chr2:9994878	Chr2:9985951	""	FALSE	FALSE	FALSE	0	0	FALSE	FALSE	1	1	1	1	2	4
bgs_V2_c1_rep6_env10	lfmm_simes	Chr1	2085563	2098451	3	1	Chr1:2085563;Chr1:2095254;Chr1:2098451	Chr1:2095254	Chr1:2095254	TRUE	TRUE	FALSE	1	0	FALSE	FALSE	2	2	2	1	2	4
bgs_V2_c1_rep6_env3	lfmm_simes	Chr1	10661005	10684639	5	1	Chr1:10661005;Chr1:10664064;Chr1:10672966;Chr1:10682150;Chr1:10684639	Chr1:10684639	Chr1:10661005	TRUE	TRUE	TRUE	1	1	FALSE	FALSE	3	3	3	1	2	4
bgs_V2_c1_rep6_env4	lfmm_simes	Chr1	839300	842523	2	1	Chr1:839300;Chr1:842523	Chr1:839300	""	FALSE	TRUE	FALSE	1	0	FALSE	FALSE	2	2	2	1	2	4
bgs_V2_c1_rep6_env5	emmax_simes	Chr1	8536863	8562161	6	1	Chr1:8536863;Chr1:8538492;Chr1:8540416;Chr1:8542750;Chr1:8552190;Chr1:8562161	Chr1:8538492	Chr1:8562161	TRUE	FALSE	TRUE	0	1	FALSE	FALSE	2	2	2	1	2	4
bgs_V2_c1_rep6_env5	lfmm_simes	Chr1	8536863	8562161	6	1	Chr1:8536863;Chr1:8538492;Chr1:8540416;Chr1:8542750;Chr1:8552190;Chr1:8562161	Chr1:8538492	Chr1:8562161	TRUE	TRUE	TRUE	1	1	FALSE	FALSE	3	3	3	1	2	4
bgs_V2_c1_rep6_env6	emmax_consensus	Chr1	16700346	16705814	2	1	Chr1:16700346;Chr1:16705814	Chr1:16700346	""	FALSE	TRUE	FALSE	1	0	FALSE	FALSE	2	2	2	1	2	4
bgs_V2_c1_rep6_env6	emmax_simes	Chr1	16700346	16705814	2	1	Chr1:16700346;Chr1:16705814	Chr1:16700346	""	FALSE	TRUE	FALSE	1	0	FALSE	FALSE	2	2	2	1	2	4
bgs_V2_c1_rep6_env6	lfmm_simes	Chr1	16700346	16705814	2	1	Chr1:16700346;Chr1:16705814	Chr1:16700346	""	FALSE	TRUE	FALSE	1	0	FALSE	FALSE	2	2	2	1	2	4
bgs_V2_c1_rep6_env6	lfmm_simes	Chr2	15238670	15241521	2	1	Chr2:15238670;Chr2:15241521	Chr2:15238670	""	FALSE	FALSE	FALSE	0	0	FALSE	FALSE	1	1	1	1	2	4
bgs_V2_c1_rep6_env8	emmax_consensus	Chr1	666585	667053	2	1	Chr1:666585;Chr1:667053	Chr1:666585	""	FALSE	TRUE	FALSE	1	0	FALSE	FALSE	2	2	2	1	2	4
bgs_V2_c1_rep6_env8	emmax_simes	Chr1	666585	667053	2	1	Chr1:666585;Chr1:667053	Chr1:666585	""	FALSE	TRUE	FALSE	1	0	FALSE	FALSE	2	2	2	1	2	4
bgs_V2_c1_rep6_env8	lfmm_simes	Chr1	666585	667053	2	1	Chr1:666585;Chr1:667053	Chr1:666585	""	FALSE	TRUE	FALSE	1	0	FALSE	FALSE	2	2	2	1	2	4
bgs_V2_c1_rep6_env8	lfmm_simes	Chr1	2786681	2794854	2	1	Chr1:2786681;Chr1:2794854	Chr1:2786681	""	FALSE	TRUE	FALSE	1	0	FALSE	FALSE	2	2	2	1	2	4
bgs_V2_c1_rep6_env8	lfmm_simes	Chr1	2822631	2827891	3	1	Chr1:2822631;Chr1:2826229;Chr1:2827891	Chr1:2826229	""	FALSE	TRUE	FALSE	1	0	FALSE	FALSE	2	2	2	1	2	4
bgs_V2_c1_rep6_env8	lfmm_simes	Chr1	4040614	4042996	2	1	Chr1:4040614;Chr1:4042996	Chr1:4040614	""	FALSE	TRUE	FALSE	1	0	FALSE	FALSE	2	2	2	1	2	4
bgs_V2_c1_rep6_env8	lfmm_simes	Chr2	15531021	15531742	2	1	Chr2:15531021;Chr2:15531742	Chr2:15531021	""	FALSE	TRUE	FALSE	1	0	FALSE	FALSE	2	2	2	1	2	4
bgs_V2_c1_rep7_env10	emmax_consensus	Chr1	15525498	15950702	2	1	Chr1:15525498;Chr1:15950702	Chr1:15525498	Chr1:15543298	TRUE	TRUE	FALSE	1	0	FALSE	FALSE	2	2	2	1	2	4
bgs_V2_c1_rep7_env10	emmax_simes	Chr1	15525498	15950702	2	1	Chr1:15525498;Chr1:15950702	Chr1:15525498	Chr1:15543298	TRUE	TRUE	FALSE	1	0	FALSE	FALSE	2	2	2	1	2	4
bgs_V2_c1_rep7_env10	lfmm_simes	Chr1	15525498	15950702	2	1	Chr1:15525498;Chr1:15950702	Chr1:15525498	Chr1:15543298	TRUE	TRUE	FALSE	1	0	FALSE	FALSE	2	2	2	1	2	4
bgs_V2_c1_rep7_env3	emmax_consensus	Chr1	5649279	5679757	5	1	Chr1:5649279;Chr1:5652700;Chr1:5668240;Chr1:5674024;Chr1:5679757	Chr1:5668240	""	FALSE	FALSE	TRUE	0	1	FALSE	FALSE	2	2	2	1	2	4
bgs_V2_c1_rep7_env3	emmax_consensus	Chr1	6546009	6548594	2	1	Chr1:6546009;Chr1:6548594	Chr1:6546009	Chr1:6611047	TRUE	FALSE	FALSE	0	0	FALSE	FALSE	1	1	1	1	2	4
bgs_V2_c1_rep7_env3	emmax_consensus	Chr1	6597401	6938859	14	3	Chr1:6597401;Chr1:6600600;Chr1:6600860;Chr1:6607024;Chr1:6611047;Chr1:6681096;Chr1:6719970;Chr1:6736109;Chr1:6739372;Chr1:6749253;Chr1:6768587;Chr1:6776756;Chr1:6929696;Chr1:6938859	Chr1:6600600;Chr1:6749253;Chr1:6929696	Chr1:6611047	TRUE	TRUE	TRUE	1	1	FALSE	FALSE	3	3	3	1	2	4
bgs_V2_c1_rep7_env3	emmax_consensus	Chr1	6796239	6796519	2	1	Chr1:6796239;Chr1:6796519	Chr1:6796239	""	FALSE	FALSE	FALSE	0	0	FALSE	FALSE	1	1	1	1	2	4
bgs_V2_c1_rep7_env3	emmax_consensus	Chr1	6858646	6904518	8	1	Chr1:6858646;Chr1:6861817;Chr1:6863295;Chr1:6873188;Chr1:6873272;Chr1:6878132;Chr1:6885530;Chr1:6904518	Chr1:6863295	""	FALSE	TRUE	TRUE	1	1	FALSE	FALSE	3	3	3	1	2	4
bgs_V2_c1_rep7_env3	emmax_consensus	Chr1	26115098	26118225	2	1	Chr1:26115098;Chr1:26118225	Chr1:26115098	Chr1:26115098	TRUE	FALSE	FALSE	0	0	FALSE	FALSE	1	1	1	1	2	4
bgs_V2_c1_rep7_env3	emmax_simes	Chr1	6546009	6548594	2	1	Chr1:6546009;Chr1:6548594	Chr1:6546009	Chr1:6611047	TRUE	TRUE	FALSE	1	0	FALSE	FALSE	2	2	2	1	2	4
bgs_V2_c1_rep7_env3	emmax_simes	Chr1	6554068	6607024	8	2	Chr1:6554068;Chr1:6563614;Chr1:6569019;Chr1:6570186;Chr1:6597401;Chr1:6600600;Chr1:6600860;Chr1:6607024	Chr1:6554068;Chr1:6600600	Chr1:6611047	TRUE	TRUE	TRUE	1	1	FALSE	FALSE	3	3	3	1	2	4
bgs_V2_c1_rep7_env3	emmax_simes	Chr1	6611047	6938859	10	2	Chr1:6611047;Chr1:6681096;Chr1:6719970;Chr1:6736109;Chr1:6739372;Chr1:6749253;Chr1:6768587;Chr1:6776756;Chr1:6929696;Chr1:6938859	Chr1:6749253;Chr1:6929696	Chr1:6611047	TRUE	TRUE	TRUE	1	1	FALSE	FALSE	3	3	3	1	2	4
bgs_V2_c1_rep7_env3	emmax_simes	Chr1	6796239	6796519	2	1	Chr1:6796239;Chr1:6796519	Chr1:6796239	""	FALSE	TRUE	FALSE	1	0	FALSE	FALSE	2	2	2	1	2	4
bgs_V2_c1_rep7_env3	emmax_simes	Chr1	6858646	6904518	8	1	Chr1:6858646;Chr1:6861817;Chr1:6863295;Chr1:6873188;Chr1:6873272;Chr1:6878132;Chr1:6885530;Chr1:6904518	Chr1:6863295	""	FALSE	TRUE	TRUE	1	1	FALSE	FALSE	3	3	3	1	2	4
bgs_V2_c1_rep7_env3	emmax_simes	Chr1	26115098	26118225	2	1	Chr1:26115098;Chr1:26118225	Chr1:26115098	Chr1:26115098	TRUE	TRUE	FALSE	1	0	FALSE	FALSE	2	2	2	1	2	4
bgs_V2_c1_rep7_env3	lfmm_simes	Chr1	6554068	6607024	8	2	Chr1:6554068;Chr1:6563614;Chr1:6569019;Chr1:6570186;Chr1:6597401;Chr1:6600600;Chr1:6600860;Chr1:6607024	Chr1:6554068;Chr1:6600600	Chr1:6611047	TRUE	TRUE	TRUE	1	1	FALSE	FALSE	3	3	3	1	2	4
bgs_V2_c1_rep7_env3	lfmm_simes	Chr1	6611047	6938859	10	2	Chr1:6611047;Chr1:6681096;Chr1:6719970;Chr1:6736109;Chr1:6739372;Chr1:6749253;Chr1:6768587;Chr1:6776756;Chr1:6929696;Chr1:6938859	Chr1:6749253;Chr1:6929696	Chr1:6611047	TRUE	TRUE	TRUE	1	1	FALSE	FALSE	3	3	3	1	2	4
bgs_V2_c1_rep7_env3	lfmm_simes	Chr1	6858646	6904518	8	1	Chr1:6858646;Chr1:6861817;Chr1:6863295;Chr1:6873188;Chr1:6873272;Chr1:6878132;Chr1:6885530;Chr1:6904518	Chr1:6863295	""	FALSE	FALSE	TRUE	0	1	FALSE	FALSE	2	2	3	1	2	4
bgs_V2_c1_rep7_env3	lfmm_simes	Chr1	26115098	26118225	2	1	Chr1:26115098;Chr1:26118225	Chr1:26115098	Chr1:26115098	TRUE	TRUE	FALSE	1	0	FALSE	FALSE	2	2	2	1	2	4
bgs_V2_c1_rep7_env4	emmax_consensus	Chr1	1272240	1284745	3	1	Chr1:1272240;Chr1:1274144;Chr1:1284745	Chr1:1274144	Chr1:1272240	TRUE	TRUE	FALSE	1	0	FALSE	FALSE	2	2	2	1	2	4
bgs_V2_c1_rep7_env4	emmax_simes	Chr1	1272240	1284745	3	1	Chr1:1272240;Chr1:1274144;Chr1:1284745	Chr1:1274144	Chr1:1272240	TRUE	TRUE	FALSE	1	0	FALSE	FALSE	2	2	2	1	2	4
bgs_V2_c1_rep7_env4	lfmm_simes	Chr1	1272240	1284745	3	1	Chr1:1272240;Chr1:1274144;Chr1:1284745	Chr1:1274144	Chr1:1272240	TRUE	TRUE	FALSE	1	0	FALSE	FALSE	2	2	2	1	2	4
bgs_V2_c1_rep7_env5	emmax_simes	Chr2	2266079	2278473	2	1	Chr2:2266079;Chr2:2278473	Chr2:2266079	""	FALSE	FALSE	FALSE	0	0	FALSE	FALSE	1	1	1	1	2	4
bgs_V2_c1_rep7_env6	emmax_consensus	Chr1	10452021	10554107	7	1	Chr1:10452021;Chr1:10470477;Chr1:10472338;Chr1:10486720;Chr1:10501992;Chr1:10514833;Chr1:10554107	Chr1:10514833	""	FALSE	FALSE	TRUE	0	1	FALSE	FALSE	2	2	2	1	2	4
bgs_V2_c1_rep7_env6	emmax_simes	Chr1	10452021	10554107	7	1	Chr1:10452021;Chr1:10470477;Chr1:10472338;Chr1:10486720;Chr1:10501992;Chr1:10514833;Chr1:10554107	Chr1:10514833	""	FALSE	FALSE	TRUE	0	1	FALSE	FALSE	2	2	2	1	2	4
bgs_V2_c1_rep7_env8	lfmm_simes	Chr1	16669460	16965976	18	2	Chr1:16669460;Chr1:16683242;Chr1:16684321;Chr1:16686739;Chr1:16693781;Chr1:16709301;Chr1:16735871;Chr1:16749809;Chr1:16788519;Chr1:16802741;Chr1:16818285;Chr1:16835028;Chr1:16705142;Chr1:16712122;Chr1:16786142;Chr1:16888052;Chr1:16951836;Chr1:16965976	Chr1:16735871;Chr1:16951836	""	FALSE	TRUE	TRUE	1	1	FALSE	FALSE	3	3	3	1	2	4
bgs_V2_c1_rep7_env8	lfmm_simes	Chr1	23762223	23769874	2	1	Chr1:23762223;Chr1:23769874	Chr1:23762223	Chr1:23733094	TRUE	TRUE	FALSE	1	0	FALSE	FALSE	2	2	2	1	2	4
bgs_V2_c1_rep7_env8	lfmm_simes	Chr1	23786334	23794371	2	1	Chr1:23786334;Chr1:23794371	Chr1:23786334	Chr1:23733094	TRUE	TRUE	FALSE	1	0	FALSE	FALSE	2	2	2	1	2	4
bgs_V2_c1_rep7_env8	lfmm_simes	Chr2	22665080	22681104	4	1	Chr2:22665080;Chr2:22675266;Chr2:22678507;Chr2:22681104	Chr2:22665080	""	FALSE	FALSE	TRUE	0	1	FALSE	FALSE	2	2	2	1	2	4
bgs_V2_c1_rep8_env2	lfmm_simes	Chr1	10303112	10323587	2	1	Chr1:10303112;Chr1:10323587	Chr1:10303112	""	FALSE	TRUE	FALSE	1	0	FALSE	FALSE	2	2	2	1	2	4
bgs_V2_c1_rep8_env2	lfmm_simes	Chr2	18669920	18673578	4	1	Chr2:18669920;Chr2:18672866;Chr2:18673459;Chr2:18673578	Chr2:18673459	""	FALSE	FALSE	TRUE	0	1	FALSE	FALSE	2	2	2	1	2	4
bgs_V2_c1_rep8_env4	emmax_consensus	Chr1	2016499	2030062	3	1	Chr1:2016499;Chr1:2017594;Chr1:2030062	Chr1:2017594	Chr1:2017594	TRUE	TRUE	FALSE	1	0	FALSE	FALSE	2	2	2	1	2	4
bgs_V2_c1_rep8_env4	emmax_simes	Chr1	2016499	2030062	3	1	Chr1:2016499;Chr1:2017594;Chr1:2030062	Chr1:2017594	Chr1:2017594	TRUE	TRUE	FALSE	1	0	FALSE	FALSE	2	2	2	1	2	4
bgs_V2_c1_rep8_env4	lfmm_simes	Chr1	2001820	2030062	5	2	Chr1:2001820;Chr1:2001947;Chr1:2016499;Chr1:2017594;Chr1:2030062	Chr1:2001820;Chr1:2017594	Chr1:2017594	TRUE	TRUE	FALSE	1	0	FALSE	FALSE	2	2	2	1	2	4
bgs_V2_c1_rep8_env5	emmax_consensus	Chr1	4497869	4511225	4	1	Chr1:4497869;Chr1:4506068;Chr1:4506082;Chr1:4511225	Chr1:4497869	Chr1:4506068	TRUE	TRUE	TRUE	1	1	FALSE	FALSE	3	3	3	1	2	4
bgs_V2_c1_rep8_env5	emmax_consensus	Chr1	4870384	4885609	3	1	Chr1:4870384;Chr1:4873699;Chr1:4885609	Chr1:4873699	""	FALSE	FALSE	FALSE	0	0	FALSE	FALSE	1	1	1	1	2	4
bgs_V2_c1_rep8_env5	emmax_simes	Chr1	4497869	4511225	4	1	Chr1:4497869;Chr1:4506068;Chr1:4506082;Chr1:4511225	Chr1:4497869	Chr1:4506068	TRUE	TRUE	TRUE	1	1	FALSE	FALSE	3	3	3	1	2	4
bgs_V2_c1_rep8_env5	lfmm_simes	Chr1	4497869	4511225	4	1	Chr1:4497869;Chr1:4506068;Chr1:4506082;Chr1:4511225	Chr1:4497869	Chr1:4506068	TRUE	TRUE	TRUE	1	1	FALSE	FALSE	3	3	3	1	2	4
bgs_V2_c1_rep8_env6	emmax_consensus	Chr2	4777499	4794007	4	1	Chr2:4777499;Chr2:4778108;Chr2:4785099;Chr2:4794007	Chr2:4777499	""	FALSE	FALSE	TRUE	0	1	FALSE	FALSE	2	2	2	1	2	4
bgs_V2_c1_rep8_env6	emmax_simes	Chr2	4777499	4794007	4	1	Chr2:4777499;Chr2:4778108;Chr2:4785099;Chr2:4794007	Chr2:4777499	""	FALSE	TRUE	TRUE	1	1	FALSE	FALSE	3	3	3	1	2	4
bgs_V2_c1_rep8_env6	lfmm_simes	Chr2	5019893	5020616	2	1	Chr2:5019893;Chr2:5020616	Chr2:5019893	""	FALSE	FALSE	FALSE	0	0	FALSE	FALSE	1	1	1	1	2	4
bgs_V2_c1_rep8_env8	emmax_consensus	Chr1	13587349	13637406	14	1	Chr1:13587349;Chr1:13588610;Chr1:13591532;Chr1:13592470;Chr1:13595107;Chr1:13600611;Chr1:13603903;Chr1:13605732;Chr1:13608891;Chr1:13610809;Chr1:13617143;Chr1:13622074;Chr1:13622829;Chr1:13637406	Chr1:13591532	Chr1:13592470	TRUE	FALSE	TRUE	0	1	FALSE	FALSE	2	2	2	1	2	4
bgs_V2_c1_rep8_env8	lfmm_simes	Chr1	13587349	13637406	14	1	Chr1:13587349;Chr1:13588610;Chr1:13591532;Chr1:13592470;Chr1:13595107;Chr1:13600611;Chr1:13603903;Chr1:13605732;Chr1:13608891;Chr1:13610809;Chr1:13617143;Chr1:13622074;Chr1:13622829;Chr1:13637406	Chr1:13591532	Chr1:13592470	TRUE	TRUE	TRUE	1	1	FALSE	FALSE	3	3	3	1	2	4
bgs_V2_c1_rep8_env9	emmax_simes	Chr1	14915849	14917228	3	1	Chr1:14915849;Chr1:14916003;Chr1:14917228	Chr1:14915849	""	FALSE	FALSE	FALSE	0	0	FALSE	FALSE	1	1	1	1	2	4
bgs_V2_c1_rep9_env10	emmax_consensus	Chr2	15076750	15111693	3	1	Chr2:15076750;Chr2:15091158;Chr2:15111693	Chr2:15076750	""	FALSE	FALSE	FALSE	0	0	FALSE	FALSE	1	1	1	1	2	4
bgs_V2_c1_rep9_env2	lfmm_simes	Chr1	10700927	10728412	2	1	Chr1:10700927;Chr1:10728412	Chr1:10700927	Chr1:10728412	TRUE	TRUE	FALSE	1	0	FALSE	FALSE	2	2	2	1	2	4
bgs_V2_c1_rep9_env3	emmax_consensus	Chr1	14566207	14625233	4	1	Chr1:14566207;Chr1:14600490;Chr1:14616501;Chr1:14625233	Chr1:14616501	Chr1:14566207	TRUE	TRUE	TRUE	1	1	FALSE	FALSE	3	3	3	1	2	4
bgs_V2_c1_rep9_env3	emmax_simes	Chr1	14566207	14625233	4	1	Chr1:14566207;Chr1:14600490;Chr1:14616501;Chr1:14625233	Chr1:14616501	Chr1:14566207	TRUE	TRUE	TRUE	1	1	FALSE	FALSE	3	3	3	1	2	4
bgs_V2_c1_rep9_env3	lfmm_simes	Chr1	14544396	14547560	2	1	Chr1:14544396;Chr1:14547560	Chr1:14544396	Chr1:14566207	TRUE	FALSE	FALSE	0	0	FALSE	FALSE	1	1	1	1	2	4
bgs_V2_c1_rep9_env3	lfmm_simes	Chr1	14566207	14625233	4	1	Chr1:14566207;Chr1:14600490;Chr1:14616501;Chr1:14625233	Chr1:14616501	Chr1:14566207	TRUE	TRUE	TRUE	1	1	FALSE	FALSE	3	3	3	1	2	4
bgs_V2_c1_rep9_env4	emmax_consensus	Chr1	8145792	8388668	44	4	Chr1:8145792;Chr1:8157977;Chr1:8161645;Chr1:8170956;Chr1:8212503;Chr1:8214615;Chr1:8217880;Chr1:8220281;Chr1:8225730;Chr1:8227727;Chr1:8232187;Chr1:8236066;Chr1:8237641;Chr1:8237691;Chr1:8248339;Chr1:8254025;Chr1:8260754;Chr1:8262716;Chr1:8265828;Chr1:8267805;Chr1:8274621;Chr1:8275218;Chr1:8279357;Chr1:8281145;Chr1:8285877;Chr1:8286681;Chr1:8294834;Chr1:8303931;Chr1:8315766;Chr1:8320795;Chr1:8321284;Chr1:8327977;Chr1:8336326;Chr1:8337879;Chr1:8339629;Chr1:8340184;Chr1:8342444;Chr1:8346812;Chr1:8353596;Chr1:8361525;Chr1:8365219;Chr1:8376527;Chr1:8379860;Chr1:8388668	Chr1:8157977;Chr1:8227727;Chr1:8339629;Chr1:8376527	Chr1:8286681	TRUE	TRUE	TRUE	1	1	FALSE	FALSE	3	3	3	1	2	4
bgs_V2_c1_rep9_env4	emmax_consensus	Chr1	8235520	8288544	5	1	Chr1:8235520;Chr1:8257978;Chr1:8258308;Chr1:8288470;Chr1:8288544	Chr1:8235520	Chr1:8286681	TRUE	FALSE	TRUE	0	1	FALSE	FALSE	2	2	3	1	2	4
bgs_V2_c1_rep9_env4	emmax_consensus	Chr1	8300142	8315929	2	1	Chr1:8300142;Chr1:8315929	Chr1:8300142	Chr1:8286681	TRUE	FALSE	FALSE	0	0	FALSE	FALSE	1	1	3	1	2	4
bgs_V2_c1_rep9_env4	emmax_simes	Chr1	8145792	8388668	44	4	Chr1:8145792;Chr1:8157977;Chr1:8161645;Chr1:8170956;Chr1:8212503;Chr1:8214615;Chr1:8217880;Chr1:8220281;Chr1:8225730;Chr1:8227727;Chr1:8232187;Chr1:8236066;Chr1:8237641;Chr1:8237691;Chr1:8248339;Chr1:8254025;Chr1:8260754;Chr1:8262716;Chr1:8265828;Chr1:8267805;Chr1:8274621;Chr1:8275218;Chr1:8279357;Chr1:8281145;Chr1:8285877;Chr1:8286681;Chr1:8294834;Chr1:8303931;Chr1:8315766;Chr1:8320795;Chr1:8321284;Chr1:8327977;Chr1:8336326;Chr1:8337879;Chr1:8339629;Chr1:8340184;Chr1:8342444;Chr1:8346812;Chr1:8353596;Chr1:8361525;Chr1:8365219;Chr1:8376527;Chr1:8379860;Chr1:8388668	Chr1:8157977;Chr1:8227727;Chr1:8339629;Chr1:8376527	Chr1:8286681	TRUE	TRUE	TRUE	1	1	FALSE	FALSE	3	3	3	1	2	4
bgs_V2_c1_rep9_env4	emmax_simes	Chr1	8235520	8288544	5	1	Chr1:8235520;Chr1:8257978;Chr1:8258308;Chr1:8288470;Chr1:8288544	Chr1:8235520	Chr1:8286681	TRUE	FALSE	TRUE	0	1	FALSE	FALSE	2	2	3	1	2	4
bgs_V2_c1_rep9_env4	emmax_simes	Chr1	8300142	8315929	2	1	Chr1:8300142;Chr1:8315929	Chr1:8300142	Chr1:8286681	TRUE	FALSE	FALSE	0	0	FALSE	FALSE	1	1	3	1	2	4
bgs_V2_c1_rep9_env4	lfmm_simes	Chr1	8145792	8388668	44	4	Chr1:8145792;Chr1:8157977;Chr1:8161645;Chr1:8170956;Chr1:8212503;Chr1:8214615;Chr1:8217880;Chr1:8220281;Chr1:8225730;Chr1:8227727;Chr1:8232187;Chr1:8236066;Chr1:8237641;Chr1:8237691;Chr1:8248339;Chr1:8254025;Chr1:8260754;Chr1:8262716;Chr1:8265828;Chr1:8267805;Chr1:8274621;Chr1:8275218;Chr1:8279357;Chr1:8281145;Chr1:8285877;Chr1:8286681;Chr1:8294834;Chr1:8303931;Chr1:8315766;Chr1:8320795;Chr1:8321284;Chr1:8327977;Chr1:8336326;Chr1:8337879;Chr1:8339629;Chr1:8340184;Chr1:8342444;Chr1:8346812;Chr1:8353596;Chr1:8361525;Chr1:8365219;Chr1:8376527;Chr1:8379860;Chr1:8388668	Chr1:8157977;Chr1:8227727;Chr1:8339629;Chr1:8376527	Chr1:8286681	TRUE	TRUE	TRUE	1	2	FALSE	FALSE	3	3	3	1	2	4
bgs_V2_c1_rep9_env4	lfmm_simes	Chr1	8235520	8288544	5	1	Chr1:8235520;Chr1:8257978;Chr1:8258308;Chr1:8288470;Chr1:8288544	Chr1:8235520	Chr1:8286681	TRUE	TRUE	TRUE	1	1	FALSE	FALSE	3	3	3	1	2	4
bgs_V2_c1_rep9_env4	lfmm_simes	Chr1	8300142	8315929	2	1	Chr1:8300142;Chr1:8315929	Chr1:8300142	Chr1:8286681	TRUE	TRUE	FALSE	1	0	FALSE	FALSE	2	2	3	1	2	4
bgs_V2_c1_rep9_env4	lfmm_simes	Chr1	8403784	8416748	3	1	Chr1:8403784;Chr1:8405101;Chr1:8416748	Chr1:8403784	""	FALSE	FALSE	FALSE	0	0	FALSE	FALSE	1	1	1	1	2	4
bgs_V2_c1_rep9_env6	emmax_consensus	Chr1	6375423	6387541	2	1	Chr1:6375423;Chr1:6387541	Chr1:6375423	Chr1:6402572	TRUE	TRUE	FALSE	1	0	FALSE	FALSE	2	2	2	1	2	4
bgs_V2_c1_rep9_env6	emmax_consensus	Chr1	6398143	6402572	2	1	Chr1:6398143;Chr1:6402572	Chr1:6398143	Chr1:6402572	TRUE	TRUE	FALSE	1	0	FALSE	FALSE	2	2	2	1	2	4
bgs_V2_c1_rep9_env6	emmax_consensus	Chr1	10711452	10730421	5	1	Chr1:10711452;Chr1:10711479;Chr1:10722993;Chr1:10725319;Chr1:10730421	Chr1:10722993	""	FALSE	TRUE	TRUE	1	1	FALSE	FALSE	3	3	3	1	2	4
bgs_V2_c1_rep9_env6	emmax_consensus	Chr1	17118948	17144188	3	1	Chr1:17118948;Chr1:17123580;Chr1:17144188	Chr1:17118948	""	FALSE	FALSE	FALSE	0	0	FALSE	FALSE	1	1	1	1	2	4
bgs_V2_c1_rep9_env6	emmax_simes	Chr1	6375423	6387541	2	1	Chr1:6375423;Chr1:6387541	Chr1:6375423	Chr1:6402572	TRUE	TRUE	FALSE	1	0	FALSE	FALSE	2	2	2	1	2	4
bgs_V2_c1_rep9_env6	emmax_simes	Chr1	6398143	6402572	2	1	Chr1:6398143;Chr1:6402572	Chr1:6398143	Chr1:6402572	TRUE	TRUE	FALSE	1	0	FALSE	FALSE	2	2	2	1	2	4
bgs_V2_c1_rep9_env6	emmax_simes	Chr1	10711452	10730421	5	1	Chr1:10711452;Chr1:10711479;Chr1:10722993;Chr1:10725319;Chr1:10730421	Chr1:10722993	""	FALSE	TRUE	TRUE	1	1	FALSE	FALSE	3	3	3	1	2	4
bgs_V2_c1_rep9_env6	emmax_simes	Chr1	17118948	17144188	3	1	Chr1:17118948;Chr1:17123580;Chr1:17144188	Chr1:17118948	""	FALSE	TRUE	FALSE	1	0	FALSE	FALSE	2	2	2	1	2	4
bgs_V2_c1_rep9_env6	lfmm_simes	Chr1	6375423	6387541	2	1	Chr1:6375423;Chr1:6387541	Chr1:6375423	Chr1:6402572	TRUE	TRUE	FALSE	1	0	FALSE	FALSE	2	2	2	1	2	4
bgs_V2_c1_rep9_env6	lfmm_simes	Chr1	6398143	6402572	2	1	Chr1:6398143;Chr1:6402572	Chr1:6398143	Chr1:6402572	TRUE	TRUE	FALSE	1	0	FALSE	FALSE	2	2	2	1	2	4
bgs_V2_c1_rep9_env6	lfmm_simes	Chr1	10711452	10730421	5	1	Chr1:10711452;Chr1:10711479;Chr1:10722993;Chr1:10725319;Chr1:10730421	Chr1:10722993	""	FALSE	TRUE	TRUE	1	1	FALSE	FALSE	3	3	3	1	2	4
bgs_V2_c1_rep9_env6	lfmm_simes	Chr1	17118948	17144188	3	1	Chr1:17118948;Chr1:17123580;Chr1:17144188	Chr1:17118948	""	FALSE	TRUE	FALSE	1	0	FALSE	FALSE	2	2	2	1	2	4
bgs_V2_c1_rep9_env7	emmax_simes	Chr1	8286681	8320440	2	1	Chr1:8286681;Chr1:8320440	Chr1:8286681	Chr1:8286681	TRUE	FALSE	FALSE	0	0	FALSE	FALSE	1	1	1	1	2	4
bgs_V2_c1_rep9_env7	lfmm_simes	Chr1	8286681	8320440	2	1	Chr1:8286681;Chr1:8320440	Chr1:8286681	Chr1:8286681	TRUE	TRUE	FALSE	1	0	FALSE	FALSE	2	2	2	1	2	4
nobgs_V0.5_c1_rep10_env1	lfmm_simes	Chr1	12761593	12763159	2	1	Chr1:12761593;Chr1:12763159	Chr1:12761593	Chr1:12763159	TRUE	TRUE	FALSE	1	0	FALSE	FALSE	2	2	2	1	2	4
nobgs_V0.5_c1_rep10_env10	emmax_consensus	Chr1	11983038	11988096	3	1	Chr1:11983038;Chr1:11986840;Chr1:11988096	Chr1:11988096	Chr1:11983038	TRUE	TRUE	FALSE	1	0	FALSE	FALSE	2	2	2	1	2	4
nobgs_V0.5_c1_rep10_env10	emmax_consensus	Chr1	12022796	12061837	4	2	Chr1:12022796;Chr1:12033126;Chr1:12054663;Chr1:12061837	Chr1:12022796;Chr1:12054663	Chr1:11983038	TRUE	TRUE	FALSE	1	0	FALSE	FALSE	2	2	2	1	2	4
nobgs_V0.5_c1_rep10_env10	emmax_consensus	Chr1	13498610	13500407	2	1	Chr1:13498610;Chr1:13500407	Chr1:13498610	""	FALSE	FALSE	FALSE	0	0	FALSE	FALSE	1	1	1	1	2	4
nobgs_V0.5_c1_rep10_env10	emmax_simes	Chr1	11983038	11988096	3	1	Chr1:11983038;Chr1:11986840;Chr1:11988096	Chr1:11988096	Chr1:11983038	TRUE	TRUE	FALSE	1	0	FALSE	FALSE	2	2	2	1	2	4
nobgs_V0.5_c1_rep10_env10	emmax_simes	Chr1	12022796	12061837	4	2	Chr1:12022796;Chr1:12033126;Chr1:12054663;Chr1:12061837	Chr1:12022796;Chr1:12054663	Chr1:11983038	TRUE	TRUE	FALSE	1	0	FALSE	FALSE	2	2	2	1	2	4
nobgs_V0.5_c1_rep10_env10	lfmm_simes	Chr1	11983038	11988096	3	1	Chr1:11983038;Chr1:11986840;Chr1:11988096	Chr1:11988096	Chr1:11983038	TRUE	TRUE	FALSE	1	0	FALSE	FALSE	2	2	2	1	2	4
nobgs_V0.5_c1_rep10_env10	lfmm_simes	Chr1	11998206	12011350	4	2	Chr1:11998206;Chr1:12002192;Chr1:12010771;Chr1:12011350	Chr1:11998206;Chr1:12010771	Chr1:11983038	TRUE	TRUE	FALSE	1	0	FALSE	FALSE	2	2	2	1	2	4
nobgs_V0.5_c1_rep10_env10	lfmm_simes	Chr1	12022796	12061837	4	2	Chr1:12022796;Chr1:12033126;Chr1:12054663;Chr1:12061837	Chr1:12022796;Chr1:12054663	Chr1:11983038	TRUE	TRUE	FALSE	1	0	FALSE	FALSE	2	2	2	1	2	4
nobgs_V0.5_c1_rep10_env10	lfmm_simes	Chr2	736126	739969	2	1	Chr2:736126;Chr2:739969	Chr2:736126	""	FALSE	TRUE	FALSE	1	0	FALSE	FALSE	2	2	2	1	2	4
nobgs_V0.5_c1_rep10_env10	lfmm_simes	Chr2	780561	824207	5	1	Chr2:780561;Chr2:795575;Chr2:799939;Chr2:816974;Chr2:824207	Chr2:799939	""	FALSE	TRUE	TRUE	1	1	FALSE	FALSE	3	3	3	1	2	4
nobgs_V0.5_c1_rep10_env2	emmax_consensus	Chr1	8903585	8994514	29	4	Chr1:8903585;Chr1:8916238;Chr1:8918682;Chr1:8919864;Chr1:8922490;Chr1:8934467;Chr1:8936183;Chr1:8949024;Chr1:8949642;Chr1:8952149;Chr1:8956652;Chr1:8958953;Chr1:8960071;Chr1:8963526;Chr1:8917690;Chr1:8930990;Chr1:8933403;Chr1:8963940;Chr1:8968314;Chr1:8984220;Chr1:8984562;Chr1:8985178;Chr1:8969372;Chr1:8973920;Chr1:8977327;Chr1:8979388;Chr1:8980613;Chr1:8988509;Chr1:8994514	Chr1:8949642;Chr1:8930990;Chr1:8963940;Chr1:8977327	Chr1:8949642	TRUE	TRUE	TRUE	1	1	FALSE	FALSE	3	3	3	1	2	4
nobgs_V0.5_c1_rep10_env2	emmax_consensus	Chr1	10871512	10897287	2	1	Chr1:10871512;Chr1:10897287	Chr1:10871512	Chr1:10906869	TRUE	TRUE	FALSE	1	0	FALSE	FALSE	2	2	2	1	2	4
nobgs_V0.5_c1_rep10_env2	emmax_consensus	Chr1	10903969	10905101	2	1	Chr1:10903969;Chr1:10905101	Chr1:10903969	Chr1:10906869	TRUE	TRUE	FALSE	1	0	FALSE	FALSE	2	2	2	1	2	4
nobgs_V0.5_c1_rep10_env2	emmax_consensus	Chr1	10906869	10971120	9	3	Chr1:10906869;Chr1:10912439;Chr1:10924299;Chr1:10927650;Chr1:10933625;Chr1:10945038;Chr1:10957004;Chr1:10959182;Chr1:10971120	Chr1:10912439;Chr1:10927650;Chr1:10959182	Chr1:10906869	TRUE	TRUE	TRUE	1	1	FALSE	FALSE	3	3	3	1	2	4
nobgs_V0.5_c1_rep10_env2	emmax_consensus	Chr1	10975865	11064707	17	3	Chr1:10975865;Chr1:10977599;Chr1:10978932;Chr1:10981576;Chr1:10984004;Chr1:10984595;Chr1:10997666;Chr1:10999969;Chr1:11006503;Chr1:11013260;Chr1:11016587;Chr1:11051361;Chr1:11052455;Chr1:11055802;Chr1:11057596;Chr1:11063796;Chr1:11064707	Chr1:10978932;Chr1:10984004;Chr1:11055802	Chr1:10906869	TRUE	TRUE	TRUE	1	1	FALSE	FALSE	3	3	3	1	2	4
nobgs_V0.5_c1_rep10_env2	emmax_consensus	Chr1	11018078	11019392	2	1	Chr1:11018078;Chr1:11019392	Chr1:11018078	""	FALSE	TRUE	FALSE	1	0	FALSE	FALSE	2	2	3	1	2	4
nobgs_V0.5_c1_rep10_env2	emmax_consensus	Chr2	6712445	6801958	3	1	Chr2:6712445;Chr2:6797683;Chr2:6801958	Chr2:6797683	""	FALSE	TRUE	FALSE	1	0	FALSE	FALSE	2	2	2	1	2	4
nobgs_V0.5_c1_rep10_env2	emmax_simes	Chr1	8903585	8994514	29	4	Chr1:8903585;Chr1:8916238;Chr1:8918682;Chr1:8919864;Chr1:8922490;Chr1:8934467;Chr1:8936183;Chr1:8949024;Chr1:8949642;Chr1:8952149;Chr1:8956652;Chr1:8958953;Chr1:8960071;Chr1:8963526;Chr1:8917690;Chr1:8930990;Chr1:8933403;Chr1:8963940;Chr1:8968314;Chr1:8984220;Chr1:8984562;Chr1:8985178;Chr1:8969372;Chr1:8973920;Chr1:8977327;Chr1:8979388;Chr1:8980613;Chr1:8988509;Chr1:8994514	Chr1:8949642;Chr1:8930990;Chr1:8963940;Chr1:8977327	Chr1:8949642	TRUE	TRUE	TRUE	1	1	FALSE	FALSE	3	3	3	1	2	4
nobgs_V0.5_c1_rep10_env2	emmax_simes	Chr1	10871512	10897287	2	1	Chr1:10871512;Chr1:10897287	Chr1:10871512	Chr1:10906869	TRUE	TRUE	FALSE	1	0	FALSE	FALSE	2	2	2	1	2	4
nobgs_V0.5_c1_rep10_env2	emmax_simes	Chr1	10903969	10905101	2	1	Chr1:10903969;Chr1:10905101	Chr1:10903969	Chr1:10906869	TRUE	TRUE	FALSE	1	0	FALSE	FALSE	2	2	2	1	2	4
nobgs_V0.5_c1_rep10_env2	emmax_simes	Chr1	10906869	10971120	9	3	Chr1:10906869;Chr1:10912439;Chr1:10924299;Chr1:10927650;Chr1:10933625;Chr1:10945038;Chr1:10957004;Chr1:10959182;Chr1:10971120	Chr1:10912439;Chr1:10927650;Chr1:10959182	Chr1:10906869	TRUE	TRUE	TRUE	1	1	FALSE	FALSE	3	3	3	1	2	4
nobgs_V0.5_c1_rep10_env2	emmax_simes	Chr1	10975865	11064707	17	3	Chr1:10975865;Chr1:10977599;Chr1:10978932;Chr1:10981576;Chr1:10984004;Chr1:10984595;Chr1:10997666;Chr1:10999969;Chr1:11006503;Chr1:11013260;Chr1:11016587;Chr1:11051361;Chr1:11052455;Chr1:11055802;Chr1:11057596;Chr1:11063796;Chr1:11064707	Chr1:10978932;Chr1:10984004;Chr1:11055802	Chr1:10906869	TRUE	TRUE	TRUE	1	1	FALSE	FALSE	3	3	3	1	2	4
nobgs_V0.5_c1_rep10_env2	emmax_simes	Chr1	11018078	11019392	2	1	Chr1:11018078;Chr1:11019392	Chr1:11018078	""	FALSE	TRUE	FALSE	1	0	FALSE	FALSE	2	2	3	1	2	4
nobgs_V0.5_c1_rep10_env2	emmax_simes	Chr2	6712445	6801958	3	1	Chr2:6712445;Chr2:6797683;Chr2:6801958	Chr2:6797683	""	FALSE	TRUE	FALSE	1	0	FALSE	FALSE	2	2	2	1	2	4
nobgs_V0.5_c1_rep10_env2	lfmm_simes	Chr1	8903585	8994514	29	4	Chr1:8903585;Chr1:8916238;Chr1:8918682;Chr1:8919864;Chr1:8922490;Chr1:8934467;Chr1:8936183;Chr1:8949024;Chr1:8949642;Chr1:8952149;Chr1:8956652;Chr1:8958953;Chr1:8960071;Chr1:8963526;Chr1:8917690;Chr1:8930990;Chr1:8933403;Chr1:8963940;Chr1:8968314;Chr1:8984220;Chr1:8984562;Chr1:8985178;Chr1:8969372;Chr1:8973920;Chr1:8977327;Chr1:8979388;Chr1:8980613;Chr1:8988509;Chr1:8994514	Chr1:8949642;Chr1:8930990;Chr1:8963940;Chr1:8977327	Chr1:8949642	TRUE	TRUE	TRUE	1	1	FALSE	FALSE	3	3	3	1	2	4
nobgs_V0.5_c1_rep10_env2	lfmm_simes	Chr1	10871512	10897287	2	1	Chr1:10871512;Chr1:10897287	Chr1:10871512	Chr1:10906869	TRUE	TRUE	FALSE	1	0	FALSE	FALSE	2	2	2	1	2	4
nobgs_V0.5_c1_rep10_env2	lfmm_simes	Chr1	10903969	10905101	2	1	Chr1:10903969;Chr1:10905101	Chr1:10903969	Chr1:10906869	TRUE	TRUE	FALSE	1	0	FALSE	FALSE	2	2	2	1	2	4
nobgs_V0.5_c1_rep10_env2	lfmm_simes	Chr1	10906869	10971120	9	3	Chr1:10906869;Chr1:10912439;Chr1:10924299;Chr1:10927650;Chr1:10933625;Chr1:10945038;Chr1:10957004;Chr1:10959182;Chr1:10971120	Chr1:10912439;Chr1:10927650;Chr1:10959182	Chr1:10906869	TRUE	TRUE	TRUE	1	1	FALSE	FALSE	3	3	3	1	2	4
nobgs_V0.5_c1_rep10_env2	lfmm_simes	Chr1	10975865	11064707	17	3	Chr1:10975865;Chr1:10977599;Chr1:10978932;Chr1:10981576;Chr1:10984004;Chr1:10984595;Chr1:10997666;Chr1:10999969;Chr1:11006503;Chr1:11013260;Chr1:11016587;Chr1:11051361;Chr1:11052455;Chr1:11055802;Chr1:11057596;Chr1:11063796;Chr1:11064707	Chr1:10978932;Chr1:10984004;Chr1:11055802	Chr1:10906869	TRUE	TRUE	TRUE	1	1	FALSE	FALSE	3	3	3	1	2	4
nobgs_V0.5_c1_rep10_env2	lfmm_simes	Chr1	15518565	15529705	3	1	Chr1:15518565;Chr1:15529487;Chr1:15529705	Chr1:15529487	""	FALSE	TRUE	FALSE	1	0	FALSE	FALSE	2	2	2	1	2	4
nobgs_V0.5_c1_rep10_env2	lfmm_simes	Chr2	6712445	6801958	3	1	Chr2:6712445;Chr2:6797683;Chr2:6801958	Chr2:6797683	""	FALSE	TRUE	FALSE	1	0	FALSE	FALSE	2	2	2	1	2	4
nobgs_V0.5_c1_rep10_env3	emmax_consensus	Chr1	967111	1161697	20	3	Chr1:967111;Chr1:998155;Chr1:1001432;Chr1:1001885;Chr1:1025442;Chr1:1025713;Chr1:1043669;Chr1:1050250;Chr1:1052276;Chr1:1072458;Chr1:1073600;Chr1:1074330;Chr1:1080164;Chr1:1088258;Chr1:1136762;Chr1:1145235;Chr1:1146383;Chr1:1149266;Chr1:1150621;Chr1:1161697	Chr1:1025442;Chr1:1074330;Chr1:1149266	Chr1:1052276	TRUE	TRUE	TRUE	1	1	FALSE	FALSE	3	3	3	1	2	4
nobgs_V0.5_c1_rep10_env3	emmax_consensus	Chr1	8922490	8966068	11	1	Chr1:8922490;Chr1:8922751;Chr1:8937405;Chr1:8941230;Chr1:8947471;Chr1:8949024;Chr1:8949642;Chr1:8952149;Chr1:8958953;Chr1:8963940;Chr1:8966068	Chr1:8949642	Chr1:8949642	TRUE	TRUE	TRUE	1	1	FALSE	FALSE	3	3	3	1	2	4
nobgs_V0.5_c1_rep10_env3	emmax_simes	Chr1	967111	1161697	20	3	Chr1:967111;Chr1:998155;Chr1:1001432;Chr1:1001885;Chr1:1025442;Chr1:1025713;Chr1:1043669;Chr1:1050250;Chr1:1052276;Chr1:1072458;Chr1:1073600;Chr1:1074330;Chr1:1080164;Chr1:1088258;Chr1:1136762;Chr1:1145235;Chr1:1146383;Chr1:1149266;Chr1:1150621;Chr1:1161697	Chr1:1025442;Chr1:1074330;Chr1:1149266	Chr1:1052276	TRUE	TRUE	TRUE	1	1	FALSE	FALSE	3	3	3	1	2	4
nobgs_V0.5_c1_rep10_env3	emmax_simes	Chr1	8922490	8966068	11	1	Chr1:8922490;Chr1:8922751;Chr1:8937405;Chr1:8941230;Chr1:8947471;Chr1:8949024;Chr1:8949642;Chr1:8952149;Chr1:8958953;Chr1:8963940;Chr1:8966068	Chr1:8949642	Chr1:8949642	TRUE	TRUE	TRUE	1	1	FALSE	FALSE	3	3	3	1	2	4
nobgs_V0.5_c1_rep10_env3	emmax_simes	Chr1	11819418	11823640	2	1	Chr1:11819418;Chr1:11823640	Chr1:11819418	""	FALSE	FALSE	FALSE	0	0	FALSE	FALSE	1	1	1	1	2	4
nobgs_V0.5_c1_rep10_env3	lfmm_simes	Chr1	967111	1161697	20	3	Chr1:967111;Chr1:998155;Chr1:1001432;Chr1:1001885;Chr1:1025442;Chr1:1025713;Chr1:1043669;Chr1:1050250;Chr1:1052276;Chr1:1072458;Chr1:1073600;Chr1:1074330;Chr1:1080164;Chr1:1088258;Chr1:1136762;Chr1:1145235;Chr1:1146383;Chr1:1149266;Chr1:1150621;Chr1:1161697	Chr1:1025442;Chr1:1074330;Chr1:1149266	Chr1:1052276	TRUE	TRUE	TRUE	1	1	FALSE	FALSE	3	3	3	1	2	4
nobgs_V0.5_c1_rep10_env3	lfmm_simes	Chr1	8922490	8966068	11	1	Chr1:8922490;Chr1:8922751;Chr1:8937405;Chr1:8941230;Chr1:8947471;Chr1:8949024;Chr1:8949642;Chr1:8952149;Chr1:8958953;Chr1:8963940;Chr1:8966068	Chr1:8949642	Chr1:8949642	TRUE	TRUE	TRUE	1	1	FALSE	FALSE	3	3	3	1	2	4
nobgs_V0.5_c1_rep10_env3	lfmm_simes	Chr1	11819418	11823640	2	1	Chr1:11819418;Chr1:11823640	Chr1:11819418	""	FALSE	FALSE	FALSE	0	0	FALSE	FALSE	1	1	1	1	2	4
nobgs_V0.5_c1_rep10_env4	emmax_consensus	Chr1	11956183	12010771	7	3	Chr1:11956183;Chr1:11957291;Chr1:11965992;Chr1:11983038;Chr1:11993610;Chr1:11996796;Chr1:12010771	Chr1:11956183;Chr1:11983038;Chr1:11996796	Chr1:11983038	TRUE	TRUE	FALSE	2	0	FALSE	FALSE	2	2	2	1	2	4
nobgs_V0.5_c1_rep10_env4	emmax_simes	Chr1	11983038	12010771	4	2	Chr1:11983038;Chr1:11993610;Chr1:11996796;Chr1:12010771	Chr1:11983038;Chr1:11996796	Chr1:11983038	TRUE	TRUE	FALSE	1	0	FALSE	FALSE	2	2	2	1	2	4
nobgs_V0.5_c1_rep10_env4	lfmm_simes	Chr1	11956183	12010771	7	3	Chr1:11956183;Chr1:11957291;Chr1:11965992;Chr1:11983038;Chr1:11993610;Chr1:11996796;Chr1:12010771	Chr1:11956183;Chr1:11983038;Chr1:11996796	Chr1:11983038	TRUE	TRUE	FALSE	2	0	FALSE	FALSE	2	2	2	1	2	4
nobgs_V0.5_c1_rep10_env5	emmax_consensus	Chr1	4325095	4687009	17	2	Chr1:4325095;Chr1:4327111;Chr1:4330054;Chr1:4345227;Chr1:4349941;Chr1:4356355;Chr1:4364878;Chr1:4372883;Chr1:4388095;Chr1:4409690;Chr1:4415215;Chr1:4419926;Chr1:4420590;Chr1:4431086;Chr1:4687009;Chr1:4435139;Chr1:4437955	Chr1:4345227;Chr1:4435139	Chr1:4345227	TRUE	TRUE	TRUE	1	1	FALSE	FALSE	3	3	3	1	2	4
nobgs_V0.5_c1_rep10_env5	emmax_consensus	Chr1	4880943	4888627	4	1	Chr1:4880943;Chr1:4883476;Chr1:4887157;Chr1:4888627	Chr1:4887157	""	FALSE	FALSE	TRUE	0	1	FALSE	FALSE	2	2	2	1	2	4
nobgs_V0.5_c1_rep10_env5	emmax_simes	Chr1	4325095	4687009	17	2	Chr1:4325095;Chr1:4327111;Chr1:4330054;Chr1:4345227;Chr1:4349941;Chr1:4356355;Chr1:4364878;Chr1:4372883;Chr1:4388095;Chr1:4409690;Chr1:4415215;Chr1:4419926;Chr1:4420590;Chr1:4431086;Chr1:4687009;Chr1:4435139;Chr1:4437955	Chr1:4345227;Chr1:4435139	Chr1:4345227	TRUE	TRUE	TRUE	1	1	FALSE	FALSE	3	3	3	1	2	4
nobgs_V0.5_c1_rep10_env5	emmax_simes	Chr1	4880943	4888627	4	1	Chr1:4880943;Chr1:4883476;Chr1:4887157;Chr1:4888627	Chr1:4887157	""	FALSE	FALSE	TRUE	0	1	FALSE	FALSE	2	2	2	1	2	4
nobgs_V0.5_c1_rep10_env5	lfmm_simes	Chr1	4325095	4687009	17	2	Chr1:4325095;Chr1:4327111;Chr1:4330054;Chr1:4345227;Chr1:4349941;Chr1:4356355;Chr1:4364878;Chr1:4372883;Chr1:4388095;Chr1:4409690;Chr1:4415215;Chr1:4419926;Chr1:4420590;Chr1:4431086;Chr1:4687009;Chr1:4435139;Chr1:4437955	Chr1:4345227;Chr1:4435139	Chr1:4345227	TRUE	TRUE	TRUE	1	1	FALSE	FALSE	3	3	3	1	2	4
nobgs_V0.5_c1_rep10_env6	emmax_consensus	Chr1	11735557	11786990	11	2	Chr1:11735557;Chr1:11744254;Chr1:11749287;Chr1:11757169;Chr1:11758240;Chr1:11759569;Chr1:11760585;Chr1:11760617;Chr1:11763075;Chr1:11778446;Chr1:11786990	Chr1:11758240;Chr1:11778446	Chr1:11763075	TRUE	TRUE	TRUE	1	1	FALSE	FALSE	3	3	3	1	2	4
nobgs_V0.5_c1_rep10_env6	emmax_simes	Chr1	11735557	11786990	11	2	Chr1:11735557;Chr1:11744254;Chr1:11749287;Chr1:11757169;Chr1:11758240;Chr1:11759569;Chr1:11760585;Chr1:11760617;Chr1:11763075;Chr1:11778446;Chr1:11786990	Chr1:11758240;Chr1:11778446	Chr1:11763075	TRUE	TRUE	TRUE	1	1	FALSE	FALSE	3	3	3	1	2	4
nobgs_V0.5_c1_rep10_env6	lfmm_simes	Chr1	11735557	11786990	11	2	Chr1:11735557;Chr1:11744254;Chr1:11749287;Chr1:11757169;Chr1:11758240;Chr1:11759569;Chr1:11760585;Chr1:11760617;Chr1:11763075;Chr1:11778446;Chr1:11786990	Chr1:11758240;Chr1:11778446	Chr1:11763075	TRUE	TRUE	TRUE	1	1	FALSE	FALSE	3	3	3	1	2	4
nobgs_V0.5_c1_rep10_env7	emmax_consensus	Chr1	5773240	5783031	4	1	Chr1:5773240;Chr1:5775576;Chr1:5780675;Chr1:5783031	Chr1:5775576	""	FALSE	FALSE	TRUE	0	1	FALSE	FALSE	2	2	2	1	2	4
nobgs_V0.5_c1_rep10_env7	emmax_consensus	Chr1	5989264	6060761	6	1	Chr1:5989264;Chr1:5990762;Chr1:6000479;Chr1:6012114;Chr1:6031264;Chr1:6060761	Chr1:6000479	Chr1:6060761	TRUE	TRUE	TRUE	1	1	FALSE	FALSE	3	3	3	1	2	4
nobgs_V0.5_c1_rep10_env7	emmax_simes	Chr1	5989264	6060761	6	1	Chr1:5989264;Chr1:5990762;Chr1:6000479;Chr1:6012114;Chr1:6031264;Chr1:6060761	Chr1:6000479	Chr1:6060761	TRUE	TRUE	TRUE	1	1	FALSE	FALSE	3	3	3	1	2	4
nobgs_V0.5_c1_rep10_env7	lfmm_simes	Chr1	5989264	6060761	6	1	Chr1:5989264;Chr1:5990762;Chr1:6000479;Chr1:6012114;Chr1:6031264;Chr1:6060761	Chr1:6000479	Chr1:6060761	TRUE	TRUE	TRUE	1	1	FALSE	FALSE	3	3	3	1	2	4
nobgs_V0.5_c1_rep10_env8	emmax_consensus	Chr1	2819187	2855125	8	1	Chr1:2819187;Chr1:2819506;Chr1:2838207;Chr1:2845055;Chr1:2845568;Chr1:2849902;Chr1:2853823;Chr1:2855125	Chr1:2849902	Chr1:2845568	TRUE	TRUE	TRUE	1	1	FALSE	FALSE	3	3	3	1	2	4
nobgs_V0.5_c1_rep10_env8	emmax_simes	Chr1	2819187	2855125	8	1	Chr1:2819187;Chr1:2819506;Chr1:2838207;Chr1:2845055;Chr1:2845568;Chr1:2849902;Chr1:2853823;Chr1:2855125	Chr1:2849902	Chr1:2845568	TRUE	TRUE	TRUE	1	1	FALSE	FALSE	3	3	3	1	2	4
nobgs_V0.5_c1_rep10_env8	lfmm_simes	Chr1	2819187	2855125	8	1	Chr1:2819187;Chr1:2819506;Chr1:2838207;Chr1:2845055;Chr1:2845568;Chr1:2849902;Chr1:2853823;Chr1:2855125	Chr1:2849902	Chr1:2845568	TRUE	TRUE	TRUE	1	1	FALSE	FALSE	3	3	3	1	2	4
nobgs_V0.5_c1_rep10_env9	emmax_consensus	Chr1	2826300	2876036	9	2	Chr1:2826300;Chr1:2838207;Chr1:2845055;Chr1:2845568;Chr1:2846328;Chr1:2849902;Chr1:2868730;Chr1:2870082;Chr1:2876036	Chr1:2838207;Chr1:2868730	Chr1:2845568	TRUE	FALSE	TRUE	0	1	FALSE	FALSE	2	2	2	1	2	4
nobgs_V0.5_c1_rep10_env9	lfmm_simes	Chr1	2826300	2876036	9	2	Chr1:2826300;Chr1:2838207;Chr1:2845055;Chr1:2845568;Chr1:2846328;Chr1:2849902;Chr1:2868730;Chr1:2870082;Chr1:2876036	Chr1:2838207;Chr1:2868730	Chr1:2845568	TRUE	TRUE	TRUE	1	1	FALSE	FALSE	3	3	3	1	2	4
nobgs_V0.5_c1_rep1_env10	emmax_consensus	Chr1	2375305	2522436	10	4	Chr1:2375305;Chr1:2381019;Chr1:2406076;Chr1:2409719;Chr1:2421573;Chr1:2428628;Chr1:2439102;Chr1:2441614;Chr1:2518199;Chr1:2522436	Chr1:2375305;Chr1:2406076;Chr1:2439102;Chr1:2518199	Chr1:2441614	TRUE	TRUE	TRUE	1	1	FALSE	FALSE	3	3	3	1	2	4
nobgs_V0.5_c1_rep1_env10	emmax_consensus	Chr1	4630738	4766948	11	2	Chr1:4630738;Chr1:4656964;Chr1:4657651;Chr1:4667522;Chr1:4669965;Chr1:4690332;Chr1:4712290;Chr1:4723350;Chr1:4736054;Chr1:4753155;Chr1:4766948	Chr1:4667522;Chr1:4712290	Chr1:4690332	TRUE	TRUE	TRUE	1	1	FALSE	FALSE	3	3	3	1	2	4
nobgs_V0.5_c1_rep1_env10	emmax_consensus	Chr1	10398286	10518166	10	1	Chr1:10398286;Chr1:10406177;Chr1:10417496;Chr1:10425499;Chr1:10429436;Chr1:10456707;Chr1:10493128;Chr1:10498646;Chr1:10514941;Chr1:10518166	Chr1:10425499	Chr1:10425499	TRUE	TRUE	TRUE	1	1	FALSE	FALSE	3	3	3	1	2	4
nobgs_V0.5_c1_rep1_env10	emmax_simes	Chr1	2375305	2522436	10	4	Chr1:2375305;Chr1:2381019;Chr1:2406076;Chr1:2409719;Chr1:2421573;Chr1:2428628;Chr1:2439102;Chr1:2441614;Chr1:2518199;Chr1:2522436	Chr1:2375305;Chr1:2406076;Chr1:2439102;Chr1:2518199	Chr1:2441614	TRUE	TRUE	TRUE	1	1	FALSE	FALSE	3	3	3	1	2	4
nobgs_V0.5_c1_rep1_env10	emmax_simes	Chr1	4630738	4766948	11	2	Chr1:4630738;Chr1:4656964;Chr1:4657651;Chr1:4667522;Chr1:4669965;Chr1:4690332;Chr1:4712290;Chr1:4723350;Chr1:4736054;Chr1:4753155;Chr1:4766948	Chr1:4667522;Chr1:4712290	Chr1:4690332	TRUE	TRUE	TRUE	1	1	FALSE	FALSE	3	3	3	1	2	4
nobgs_V0.5_c1_rep1_env10	emmax_simes	Chr1	10398286	10518166	10	1	Chr1:10398286;Chr1:10406177;Chr1:10417496;Chr1:10425499;Chr1:10429436;Chr1:10456707;Chr1:10493128;Chr1:10498646;Chr1:10514941;Chr1:10518166	Chr1:10425499	Chr1:10425499	TRUE	TRUE	TRUE	1	1	FALSE	FALSE	3	3	3	1	2	4
nobgs_V0.5_c1_rep1_env10	lfmm_simes	Chr1	2375305	2522436	10	4	Chr1:2375305;Chr1:2381019;Chr1:2406076;Chr1:2409719;Chr1:2421573;Chr1:2428628;Chr1:2439102;Chr1:2441614;Chr1:2518199;Chr1:2522436	Chr1:2375305;Chr1:2406076;Chr1:2439102;Chr1:2518199	Chr1:2441614	TRUE	TRUE	TRUE	1	1	FALSE	FALSE	3	3	3	1	2	4
nobgs_V0.5_c1_rep1_env10	lfmm_simes	Chr1	4588391	4597559	2	1	Chr1:4588391;Chr1:4597559	Chr1:4588391	Chr1:4690332	TRUE	TRUE	FALSE	1	0	FALSE	FALSE	2	2	2	1	2	4
nobgs_V0.5_c1_rep1_env10	lfmm_simes	Chr1	4630738	4816586	18	3	Chr1:4630738;Chr1:4656964;Chr1:4657651;Chr1:4667522;Chr1:4669965;Chr1:4690332;Chr1:4712290;Chr1:4723350;Chr1:4736054;Chr1:4753155;Chr1:4766948;Chr1:4775503;Chr1:4778484;Chr1:4779325;Chr1:4785507;Chr1:4802480;Chr1:4807625;Chr1:4816586	Chr1:4667522;Chr1:4712290;Chr1:4802480	Chr1:4690332	TRUE	TRUE	TRUE	1	1	FALSE	FALSE	3	3	3	1	2	4
nobgs_V0.5_c1_rep1_env10	lfmm_simes	Chr1	10398286	10518166	10	1	Chr1:10398286;Chr1:10406177;Chr1:10417496;Chr1:10425499;Chr1:10429436;Chr1:10456707;Chr1:10493128;Chr1:10498646;Chr1:10514941;Chr1:10518166	Chr1:10425499	Chr1:10425499	TRUE	TRUE	TRUE	1	1	FALSE	FALSE	3	3	3	1	2	4
nobgs_V0.5_c1_rep1_env10	lfmm_simes	Chr2	11835215	11843333	3	1	Chr2:11835215;Chr2:11836418;Chr2:11843333	Chr2:11836418	""	FALSE	TRUE	FALSE	1	0	FALSE	FALSE	2	2	2	1	2	4
nobgs_V0.5_c1_rep1_env2	emmax_consensus	Chr1	12936181	12948291	2	1	Chr1:12936181;Chr1:12948291	Chr1:12936181	""	FALSE	FALSE	FALSE	0	0	FALSE	FALSE	1	1	1	1	2	4
nobgs_V0.5_c1_rep1_env2	emmax_simes	Chr1	12936181	12948291	2	1	Chr1:12936181;Chr1:12948291	Chr1:12936181	""	FALSE	FALSE	FALSE	0	0	FALSE	FALSE	1	1	1	1	2	4
nobgs_V0.5_c1_rep1_env2	lfmm_simes	Chr1	963663	989543	7	1	Chr1:963663;Chr1:969527;Chr1:980322;Chr1:983006;Chr1:987627;Chr1:989094;Chr1:989543	Chr1:987627	Chr1:980322	TRUE	TRUE	TRUE	1	1	FALSE	FALSE	3	3	3	1	2	4
nobgs_V0.5_c1_rep1_env2	lfmm_simes	Chr1	11888112	12622979	56	2	Chr1:11888112;Chr1:11888737;Chr1:11895577;Chr1:11901865;Chr1:11902108;Chr1:11910837;Chr1:11919575;Chr1:11920329;Chr1:11922449;Chr1:11931270;Chr1:11939359;Chr1:11948539;Chr1:11961206;Chr1:11963023;Chr1:11967138;Chr1:11975878;Chr1:11976610;Chr1:11978192;Chr1:12007403;Chr1:12011542;Chr1:12014753;Chr1:12017127;Chr1:12030505;Chr1:12031068;Chr1:12035133;Chr1:12040624;Chr1:12047563;Chr1:12051640;Chr1:12052452;Chr1:12052986;Chr1:12069941;Chr1:12085375;Chr1:12086329;Chr1:12092467;Chr1:12096882;Chr1:12098205;Chr1:12105402;Chr1:12115328;Chr1:12116636;Chr1:12123024;Chr1:12127756;Chr1:12135871;Chr1:12140408;Chr1:12143038;Chr1:12147585;Chr1:12164523;Chr1:12201805;Chr1:12224568;Chr1:12546493;Chr1:12550778;Chr1:12569037;Chr1:12573383;Chr1:12605016;Chr1:12622979;Chr1:11917193;Chr1:12082096	Chr1:11931270;Chr1:11917193	""	FALSE	TRUE	TRUE	1	1	FALSE	FALSE	3	3	3	1	2	4
nobgs_V0.5_c1_rep1_env2	lfmm_simes	Chr1	12849589	12948291	6	2	Chr1:12849589;Chr1:12869956;Chr1:12882408;Chr1:12906476;Chr1:12936181;Chr1:12948291	Chr1:12869956;Chr1:12936181	""	FALSE	TRUE	TRUE	1	1	FALSE	FALSE	3	3	3	1	2	4
nobgs_V0.5_c1_rep1_env2	lfmm_simes	Chr1	12956401	12957272	2	1	Chr1:12956401;Chr1:12957272	Chr1:12956401	""	FALSE	FALSE	FALSE	0	0	FALSE	FALSE	1	1	1	1	2	4
nobgs_V0.5_c1_rep1_env2	lfmm_simes	Chr2	18846964	18856010	2	1	Chr2:18846964;Chr2:18856010	Chr2:18846964	""	FALSE	FALSE	FALSE	0	0	FALSE	FALSE	1	1	1	1	2	4
nobgs_V0.5_c1_rep1_env3	emmax_consensus	Chr1	4381199	4385330	2	1	Chr1:4381199;Chr1:4385330	Chr1:4381199	""	FALSE	TRUE	FALSE	1	0	FALSE	FALSE	2	2	2	1	2	4
nobgs_V0.5_c1_rep1_env3	emmax_consensus	Chr1	8511897	9700629	97	11	Chr1:8511897;Chr1:8590854;Chr1:8602257;Chr1:8623187;Chr1:8630894;Chr1:8679796;Chr1:8680818;Chr1:8694758;Chr1:8699531;Chr1:8701396;Chr1:8712598;Chr1:8764401;Chr1:8773471;Chr1:8781760;Chr1:8783457;Chr1:8803880;Chr1:8807152;Chr1:8833798;Chr1:8874069;Chr1:8876796;Chr1:8881513;Chr1:8890656;Chr1:8903940;Chr1:8945002;Chr1:8989414;Chr1:9032496;Chr1:9035686;Chr1:9065494;Chr1:9066257;Chr1:9069968;Chr1:9071034;Chr1:9100896;Chr1:9101771;Chr1:9106168;Chr1:8875113;Chr1:8878006;Chr1:8880515;Chr1:8926373;Chr1:8929649;Chr1:8931966;Chr1:8931619;Chr1:8932666;Chr1:8966579;Chr1:9001260;Chr1:9004935;Chr1:9015466;Chr1:9075671;Chr1:9100766;Chr1:9108945;Chr1:9127719;Chr1:9128082;Chr1:9132050;Chr1:9135101;Chr1:9135992;Chr1:9138083;Chr1:9152097;Chr1:9172037;Chr1:9173948;Chr1:9211943;Chr1:9220360;Chr1:9227157;Chr1:9231611;Chr1:9234119;Chr1:9242210;Chr1:9267799;Chr1:9276403;Chr1:9322176;Chr1:9361131;Chr1:9232791;Chr1:9249862;Chr1:9254608;Chr1:9272151;Chr1:9283699;Chr1:9291596;Chr1:9291724;Chr1:9300623;Chr1:9309744;Chr1:9334528;Chr1:9354947;Chr1:9359464;Chr1:9396131;Chr1:9425777;Chr1:9473908;Chr1:9522116;Chr1:9529237;Chr1:9553241;Chr1:9562784;Chr1:9563833;Chr1:9563877;Chr1:9576151;Chr1:9599484;Chr1:9604216;Chr1:9618396;Chr1:9620569;Chr1:9657507;Chr1:9679231;Chr1:9700629	Chr1:8602257;Chr1:8699531;Chr1:8989414;Chr1:8880515;Chr1:8931619;Chr1:9075671;Chr1:9234119;Chr1:9283699;Chr1:9396131;Chr1:9576151;Chr1:9679231	Chr1:9071034	TRUE	TRUE	TRUE	2	2	FALSE	FALSE	3	3	3	1	2	4
nobgs_V0.5_c1_rep1_env3	emmax_consensus	Chr1	9193204	9246734	2	1	Chr1:9193204;Chr1:9246734	Chr1:9193204	""	FALSE	FALSE	FALSE	0	0	FALSE	FALSE	1	1	3	1	2	4
nobgs_V0.5_c1_rep1_env3	emmax_consensus	Chr1	10016828	10262269	7	2	Chr1:10016828;Chr1:10051579;Chr1:10127738;Chr1:10139216;Chr1:10147511;Chr1:10155773;Chr1:10262269	Chr1:10016828;Chr1:10147511	""	FALSE	FALSE	TRUE	0	1	FALSE	FALSE	2	2	2	1	2	4
nobgs_V0.5_c1_rep1_env3	emmax_consensus	Chr1	10677394	10929773	52	3	Chr1:10677394;Chr1:10680498;Chr1:10688336;Chr1:10694095;Chr1:10696344;Chr1:10700611;Chr1:10704802;Chr1:10708265;Chr1:10716772;Chr1:10724617;Chr1:10725308;Chr1:10735319;Chr1:10744663;Chr1:10745660;Chr1:10772422;Chr1:10781743;Chr1:10788024;Chr1:10788866;Chr1:10792917;Chr1:10794028;Chr1:10800928;Chr1:10807603;Chr1:10812153;Chr1:10818260;Chr1:10826495;Chr1:10826512;Chr1:10830910;Chr1:10833117;Chr1:10834617;Chr1:10841079;Chr1:10842826;Chr1:10846989;Chr1:10854402;Chr1:10864378;Chr1:10865602;Chr1:10872315;Chr1:10872979;Chr1:10874683;Chr1:10875869;Chr1:10876336;Chr1:10881889;Chr1:10889786;Chr1:10890430;Chr1:10894074;Chr1:10895423;Chr1:10895726;Chr1:10902272;Chr1:10907575;Chr1:10911106;Chr1:10912620;Chr1:10917021;Chr1:10929773	Chr1:10688336;Chr1:10818260;Chr1:10895423	""	FALSE	FALSE	TRUE	0	1	FALSE	FALSE	2	2	2	1	2	4
nobgs_V0.5_c1_rep1_env3	emmax_consensus	Chr1	11337435	11371842	4	1	Chr1:11337435;Chr1:11343794;Chr1:11352668;Chr1:11371842	Chr1:11343794	""	FALSE	FALSE	TRUE	0	1	FALSE	FALSE	2	2	2	1	2	4
nobgs_V0.5_c1_rep1_env3	emmax_consensus	Chr1	14347622	14398844	2	1	Chr1:14347622;Chr1:14398844	Chr1:14347622	""	FALSE	FALSE	FALSE	0	0	FALSE	FALSE	1	1	1	1	2	4
nobgs_V0.5_c1_rep1_env3	emmax_consensus	Chr1	15695220	16331942	125	10	Chr1:15695220;Chr1:15695251;Chr1:15772435;Chr1:15776405;Chr1:15783386;Chr1:15793433;Chr1:15795291;Chr1:15811740;Chr1:15968664;Chr1:15976496;Chr1:15978632;Chr1:15981840;Chr1:15982132;Chr1:15997279;Chr1:15827311;Chr1:15843325;Chr1:15854322;Chr1:15860518;Chr1:15864198;Chr1:15874699;Chr1:15879412;Chr1:15879882;Chr1:15887961;Chr1:15889128;Chr1:15889687;Chr1:15891459;Chr1:15900607;Chr1:15903114;Chr1:15904263;Chr1:15909421;Chr1:15918918;Chr1:15937395;Chr1:15940684;Chr1:15953817;Chr1:15958685;Chr1:15965126;Chr1:15970314;Chr1:15973998;Chr1:15982263;Chr1:15985577;Chr1:15988200;Chr1:15995246;Chr1:16000101;Chr1:15850378;Chr1:15856924;Chr1:15868256;Chr1:15883015;Chr1:15890301;Chr1:15891276;Chr1:15895705;Chr1:15895996;Chr1:15898032;Chr1:15901465;Chr1:15903337;Chr1:15904503;Chr1:15919080;Chr1:15928537;Chr1:15928610;Chr1:15932139;Chr1:15947943;Chr1:15954388;Chr1:15968086;Chr1:15976732;Chr1:15978794;Chr1:15979913;Chr1:15992925;Chr1:15994375;Chr1:16002520;Chr1:16005524;Chr1:16008624;Chr1:16009592;Chr1:16011539;Chr1:16012827;Chr1:16032076;Chr1:16032831;Chr1:16033147;Chr1:16034008;Chr1:16035323;Chr1:16022094;Chr1:16036636;Chr1:16037830;Chr1:16038036;Chr1:16042420;Chr1:16043404;Chr1:16044348;Chr1:16046511;Chr1:16052534;Chr1:16059862;Chr1:16061636;Chr1:16111429;Chr1:16119447;Chr1:16130500;Chr1:16136198;Chr1:16137818;Chr1:16151545;Chr1:16169239;Chr1:16175937;Chr1:16176050;Chr1:16191295;Chr1:16195682;Chr1:16197213;Chr1:16200041;Chr1:16201286;Chr1:16228457;Chr1:16242409;Chr1:16253466;Chr1:16257323;Chr1:16258689;Chr1:16262055;Chr1:16245901;Chr1:16266636;Chr1:16270698;Chr1:16283084;Chr1:16287595;Chr1:16289290;Chr1:16298446;Chr1:16303163;Chr1:16305396;Chr1:16314401;Chr1:16317181;Chr1:16322200;Chr1:16331942;Chr1:16255175;Chr1:16259052;Chr1:16270596	Chr1:15795291;Chr1:15891459;Chr1:15883015;Chr1:15968086;Chr1:16009592;Chr1:16022094;Chr1:16038036;Chr1:16151545;Chr1:16303163;Chr1:16255175	Chr1:15695220;Chr1:16245901	TRUE	TRUE	TRUE	2	1	FALSE	FALSE	3	3	3	1	2	4
nobgs_V0.5_c1_rep1_env3	emmax_consensus	Chr1	25926863	25938937	6	1	Chr1:25926863;Chr1:25928852;Chr1:25934278;Chr1:25935033;Chr1:25936375;Chr1:25938937	Chr1:25934278	""	FALSE	FALSE	TRUE	0	1	FALSE	FALSE	2	2	2	1	2	4
nobgs_V0.5_c1_rep1_env3	emmax_simes	Chr1	4381199	4385330	2	1	Chr1:4381199;Chr1:4385330	Chr1:4381199	""	FALSE	FALSE	FALSE	0	0	FALSE	FALSE	1	1	1	1	2	4
nobgs_V0.5_c1_rep1_env3	emmax_simes	Chr1	8623187	9361131	76	7	Chr1:8623187;Chr1:8630894;Chr1:8679796;Chr1:8680818;Chr1:8694758;Chr1:8699531;Chr1:8701396;Chr1:8712598;Chr1:8764401;Chr1:8773471;Chr1:8781760;Chr1:8783457;Chr1:8803880;Chr1:8807152;Chr1:8833798;Chr1:8874069;Chr1:8876796;Chr1:8881513;Chr1:8890656;Chr1:8903940;Chr1:8945002;Chr1:8989414;Chr1:9032496;Chr1:9035686;Chr1:9065494;Chr1:9066257;Chr1:9069968;Chr1:9071034;Chr1:9100896;Chr1:9101771;Chr1:9106168;Chr1:8875113;Chr1:8878006;Chr1:8880515;Chr1:8926373;Chr1:8929649;Chr1:8931966;Chr1:8931619;Chr1:8932666;Chr1:8966579;Chr1:9001260;Chr1:9004935;Chr1:9015466;Chr1:9075671;Chr1:9100766;Chr1:9108945;Chr1:9127719;Chr1:9128082;Chr1:9132050;Chr1:9135101;Chr1:9135992;Chr1:9138083;Chr1:9152097;Chr1:9172037;Chr1:9173948;Chr1:9211943;Chr1:9220360;Chr1:9227157;Chr1:9231611;Chr1:9234119;Chr1:9242210;Chr1:9267799;Chr1:9276403;Chr1:9322176;Chr1:9361131;Chr1:9232791;Chr1:9249862;Chr1:9254608;Chr1:9272151;Chr1:9283699;Chr1:9291596;Chr1:9291724;Chr1:9300623;Chr1:9309744;Chr1:9334528;Chr1:9354947	Chr1:8699531;Chr1:8989414;Chr1:8880515;Chr1:8931619;Chr1:9075671;Chr1:9234119;Chr1:9283699	Chr1:9071034	TRUE	TRUE	TRUE	1	1	FALSE	FALSE	3	3	3	1	2	4
nobgs_V0.5_c1_rep1_env3	emmax_simes	Chr1	9473908	9620569	12	1	Chr1:9473908;Chr1:9522116;Chr1:9529237;Chr1:9553241;Chr1:9562784;Chr1:9563833;Chr1:9563877;Chr1:9576151;Chr1:9599484;Chr1:9604216;Chr1:9618396;Chr1:9620569	Chr1:9576151	""	FALSE	FALSE	TRUE	0	1	FALSE	FALSE	2	2	2	1	2	4
nobgs_V0.5_c1_rep1_env3	emmax_simes	Chr1	10724617	10865602	26	1	Chr1:10724617;Chr1:10725308;Chr1:10735319;Chr1:10744663;Chr1:10745660;Chr1:10772422;Chr1:10781743;Chr1:10788024;Chr1:10788866;Chr1:10792917;Chr1:10794028;Chr1:10800928;Chr1:10807603;Chr1:10812153;Chr1:10818260;Chr1:10826495;Chr1:10826512;Chr1:10830910;Chr1:10833117;Chr1:10834617;Chr1:10841079;Chr1:10842826;Chr1:10846989;Chr1:10854402;Chr1:10864378;Chr1:10865602	Chr1:10818260	""	FALSE	FALSE	TRUE	0	1	FALSE	FALSE	2	2	2	1	2	4
nobgs_V0.5_c1_rep1_env3	emmax_simes	Chr1	15695220	16331942	111	7	Chr1:15695220;Chr1:15695251;Chr1:15772435;Chr1:15776405;Chr1:15783386;Chr1:15793433;Chr1:15795291;Chr1:15811740;Chr1:15968664;Chr1:15976496;Chr1:15978632;Chr1:15981840;Chr1:15982132;Chr1:15997279;Chr1:15827311;Chr1:15843325;Chr1:15854322;Chr1:15860518;Chr1:15864198;Chr1:15874699;Chr1:15879412;Chr1:15879882;Chr1:15887961;Chr1:15889128;Chr1:15889687;Chr1:15891459;Chr1:15900607;Chr1:15903114;Chr1:15904263;Chr1:15909421;Chr1:15918918;Chr1:15937395;Chr1:15940684;Chr1:15953817;Chr1:15958685;Chr1:15965126;Chr1:15970314;Chr1:15973998;Chr1:15982263;Chr1:15985577;Chr1:15988200;Chr1:15995246;Chr1:16000101;Chr1:15850378;Chr1:15856924;Chr1:15868256;Chr1:15883015;Chr1:15890301;Chr1:15891276;Chr1:15895705;Chr1:15895996;Chr1:15898032;Chr1:15901465;Chr1:15903337;Chr1:15904503;Chr1:15919080;Chr1:15928537;Chr1:15928610;Chr1:15932139;Chr1:15947943;Chr1:15954388;Chr1:15968086;Chr1:15976732;Chr1:15978794;Chr1:15979913;Chr1:15992925;Chr1:15994375;Chr1:16002520;Chr1:16005524;Chr1:16008624;Chr1:16009592;Chr1:16011539;Chr1:16012827;Chr1:16032076;Chr1:16032831;Chr1:16033147;Chr1:16034008;Chr1:16035323;Chr1:16111429;Chr1:16119447;Chr1:16130500;Chr1:16136198;Chr1:16137818;Chr1:16151545;Chr1:16169239;Chr1:16175937;Chr1:16176050;Chr1:16191295;Chr1:16195682;Chr1:16197213;Chr1:16200041;Chr1:16201286;Chr1:16228457;Chr1:16242409;Chr1:16253466;Chr1:16257323;Chr1:16258689;Chr1:16262055;Chr1:16245901;Chr1:16266636;Chr1:16270698;Chr1:16283084;Chr1:16287595;Chr1:16289290;Chr1:16298446;Chr1:16303163;Chr1:16305396;Chr1:16314401;Chr1:16317181;Chr1:16322200;Chr1:16331942	Chr1:15795291;Chr1:15891459;Chr1:15883015;Chr1:15968086;Chr1:16009592;Chr1:16151545;Chr1:16303163	Chr1:15695220;Chr1:16245901	TRUE	TRUE	TRUE	1	1	FALSE	FALSE	3	3	3	1	2	4
nobgs_V0.5_c1_rep1_env3	lfmm_simes	Chr1	8623187	9425777	79	8	Chr1:8623187;Chr1:8630894;Chr1:8679796;Chr1:8680818;Chr1:8694758;Chr1:8699531;Chr1:8701396;Chr1:8712598;Chr1:8764401;Chr1:8773471;Chr1:8781760;Chr1:8783457;Chr1:8803880;Chr1:8807152;Chr1:8833798;Chr1:8874069;Chr1:8876796;Chr1:8881513;Chr1:8890656;Chr1:8903940;Chr1:8945002;Chr1:8989414;Chr1:9032496;Chr1:9035686;Chr1:9065494;Chr1:9066257;Chr1:9069968;Chr1:9071034;Chr1:9100896;Chr1:9101771;Chr1:9106168;Chr1:8875113;Chr1:8878006;Chr1:8880515;Chr1:8926373;Chr1:8929649;Chr1:8931966;Chr1:8931619;Chr1:8932666;Chr1:8966579;Chr1:9001260;Chr1:9004935;Chr1:9015466;Chr1:9075671;Chr1:9100766;Chr1:9108945;Chr1:9127719;Chr1:9128082;Chr1:9132050;Chr1:9135101;Chr1:9135992;Chr1:9138083;Chr1:9152097;Chr1:9172037;Chr1:9173948;Chr1:9211943;Chr1:9220360;Chr1:9227157;Chr1:9231611;Chr1:9234119;Chr1:9242210;Chr1:9267799;Chr1:9276403;Chr1:9322176;Chr1:9361131;Chr1:9232791;Chr1:9249862;Chr1:9254608;Chr1:9272151;Chr1:9283699;Chr1:9291596;Chr1:9291724;Chr1:9300623;Chr1:9309744;Chr1:9334528;Chr1:9354947;Chr1:9359464;Chr1:9396131;Chr1:9425777	Chr1:8699531;Chr1:8989414;Chr1:8880515;Chr1:8931619;Chr1:9075671;Chr1:9234119;Chr1:9283699;Chr1:9396131	Chr1:9071034	TRUE	TRUE	TRUE	1	1	FALSE	FALSE	3	3	3	1	2	4
nobgs_V0.5_c1_rep1_env3	lfmm_simes	Chr1	15695220	16331942	95	6	Chr1:15695220;Chr1:15695251;Chr1:15772435;Chr1:15776405;Chr1:15783386;Chr1:15793433;Chr1:15795291;Chr1:15811740;Chr1:15968664;Chr1:15976496;Chr1:15978632;Chr1:15981840;Chr1:15982132;Chr1:15997279;Chr1:15827311;Chr1:15843325;Chr1:15854322;Chr1:15860518;Chr1:15864198;Chr1:15874699;Chr1:15879412;Chr1:15879882;Chr1:15887961;Chr1:15889128;Chr1:15889687;Chr1:15891459;Chr1:15900607;Chr1:15903114;Chr1:15904263;Chr1:15909421;Chr1:15918918;Chr1:15937395;Chr1:15940684;Chr1:15953817;Chr1:15958685;Chr1:15965126;Chr1:15970314;Chr1:15973998;Chr1:15982263;Chr1:15985577;Chr1:15988200;Chr1:15995246;Chr1:16000101;Chr1:16005524;Chr1:16008624;Chr1:16009592;Chr1:16011539;Chr1:16012827;Chr1:16032076;Chr1:16032831;Chr1:16033147;Chr1:16034008;Chr1:16035323;Chr1:16037830;Chr1:16038036;Chr1:16042420;Chr1:16043404;Chr1:16044348;Chr1:16046511;Chr1:16052534;Chr1:16059862;Chr1:16061636;Chr1:16111429;Chr1:16119447;Chr1:16130500;Chr1:16136198;Chr1:16137818;Chr1:16151545;Chr1:16169239;Chr1:16175937;Chr1:16176050;Chr1:16191295;Chr1:16195682;Chr1:16197213;Chr1:16200041;Chr1:16201286;Chr1:16228457;Chr1:16242409;Chr1:16253466;Chr1:16257323;Chr1:16258689;Chr1:16262055;Chr1:16245901;Chr1:16266636;Chr1:16270698;Chr1:16283084;Chr1:16287595;Chr1:16289290;Chr1:16298446;Chr1:16303163;Chr1:16305396;Chr1:16314401;Chr1:16317181;Chr1:16322200;Chr1:16331942	Chr1:15795291;Chr1:15891459;Chr1:16009592;Chr1:16038036;Chr1:16151545;Chr1:16303163	Chr1:15695220;Chr1:16245901	TRUE	TRUE	TRUE	2	1	FALSE	FALSE	3	3	3	1	2	4
nobgs_V0.5_c1_rep1_env4	emmax_consensus	Chr1	16774696	16776817	2	1	Chr1:16774696;Chr1:16776817	Chr1:16774696	""	FALSE	TRUE	FALSE	1	0	FALSE	FALSE	2	2	2	1	2	4
nobgs_V0.5_c1_rep1_env4	emmax_consensus	Chr1	16792504	17216695	30	6	Chr1:16792504;Chr1:16795898;Chr1:16803774;Chr1:16813798;Chr1:16817301;Chr1:16828638;Chr1:16844204;Chr1:16864245;Chr1:16865641;Chr1:16872508;Chr1:16937109;Chr1:16940153;Chr1:16945162;Chr1:16996471;Chr1:16998874;Chr1:17006327;Chr1:17023674;Chr1:17054086;Chr1:17066079;Chr1:17052420;Chr1:17099542;Chr1:17112994;Chr1:17126594;Chr1:17105216;Chr1:17129665;Chr1:17169714;Chr1:17170769;Chr1:17173036;Chr1:17209656;Chr1:17216695	Chr1:16817301;Chr1:16945162;Chr1:16996471;Chr1:17099542;Chr1:17105216;Chr1:17173036	Chr1:16945162	TRUE	TRUE	TRUE	1	1	FALSE	FALSE	3	3	3	1	2	4
nobgs_V0.5_c1_rep1_env4	emmax_simes	Chr1	16694574	16776817	5	2	Chr1:16694574;Chr1:16700424;Chr1:16714373;Chr1:16774696;Chr1:16776817	Chr1:16714373;Chr1:16774696	""	FALSE	TRUE	FALSE	1	0	FALSE	FALSE	2	2	2	1	2	4
nobgs_V0.5_c1_rep1_env4	emmax_simes	Chr1	16792504	17216695	30	6	Chr1:16792504;Chr1:16795898;Chr1:16803774;Chr1:16813798;Chr1:16817301;Chr1:16828638;Chr1:16844204;Chr1:16864245;Chr1:16865641;Chr1:16872508;Chr1:16937109;Chr1:16940153;Chr1:16945162;Chr1:16996471;Chr1:16998874;Chr1:17006327;Chr1:17023674;Chr1:17054086;Chr1:17066079;Chr1:17052420;Chr1:17099542;Chr1:17112994;Chr1:17126594;Chr1:17105216;Chr1:17129665;Chr1:17169714;Chr1:17170769;Chr1:17173036;Chr1:17209656;Chr1:17216695	Chr1:16817301;Chr1:16945162;Chr1:16996471;Chr1:17099542;Chr1:17105216;Chr1:17173036	Chr1:16945162	TRUE	TRUE	TRUE	1	1	FALSE	FALSE	3	3	3	1	2	4
nobgs_V0.5_c1_rep1_env4	lfmm_simes	Chr1	16626245	16714373	11	2	Chr1:16626245;Chr1:16627997;Chr1:16633492;Chr1:16648347;Chr1:16652700;Chr1:16655557;Chr1:16661561;Chr1:16663675;Chr1:16694574;Chr1:16700424;Chr1:16714373	Chr1:16655557;Chr1:16714373	""	FALSE	TRUE	TRUE	1	1	FALSE	FALSE	3	3	3	1	2	4
nobgs_V0.5_c1_rep1_env4	lfmm_simes	Chr1	16774696	16776817	2	1	Chr1:16774696;Chr1:16776817	Chr1:16774696	""	FALSE	TRUE	FALSE	1	0	FALSE	FALSE	2	2	2	1	2	4
nobgs_V0.5_c1_rep1_env4	lfmm_simes	Chr1	16792504	17216695	32	7	Chr1:16792504;Chr1:16795898;Chr1:16803774;Chr1:16813798;Chr1:16817301;Chr1:16828638;Chr1:16844204;Chr1:16864245;Chr1:16865641;Chr1:16872508;Chr1:16937109;Chr1:16940153;Chr1:16945162;Chr1:16996471;Chr1:16998874;Chr1:17006327;Chr1:17023674;Chr1:17054086;Chr1:17066079;Chr1:17052420;Chr1:17099542;Chr1:17112994;Chr1:17126594;Chr1:17105216;Chr1:17129665;Chr1:17144174;Chr1:17151188;Chr1:17169714;Chr1:17170769;Chr1:17173036;Chr1:17209656;Chr1:17216695	Chr1:16817301;Chr1:16945162;Chr1:16996471;Chr1:17099542;Chr1:17105216;Chr1:17144174;Chr1:17173036	Chr1:16945162	TRUE	TRUE	TRUE	1	1	FALSE	FALSE	3	3	3	1	2	4
nobgs_V0.5_c1_rep1_env4	lfmm_simes	Chr1	16848831	16887496	2	1	Chr1:16848831;Chr1:16887496	Chr1:16848831	Chr1:16945162	TRUE	FALSE	FALSE	0	0	FALSE	FALSE	1	1	3	1	2	4
nobgs_V0.5_c1_rep1_env4	lfmm_simes	Chr1	17015133	17022793	2	1	Chr1:17015133;Chr1:17022793	Chr1:17015133	Chr1:16945162	TRUE	FALSE	FALSE	0	0	FALSE	FALSE	1	1	3	1	2	4
nobgs_V0.5_c1_rep1_env4	lfmm_simes	Chr1	17156319	17164159	2	1	Chr1:17156319;Chr1:17164159	Chr1:17156319	""	FALSE	TRUE	FALSE	1	0	FALSE	FALSE	2	2	3	1	2	4
nobgs_V0.5_c1_rep1_env5	emmax_consensus	Chr1	2441614	2455637	3	1	Chr1:2441614;Chr1:2444066;Chr1:2455637	Chr1:2441614	Chr1:2441614	TRUE	TRUE	FALSE	1	0	FALSE	FALSE	2	2	2	1	2	4
nobgs_V0.5_c1_rep1_env5	emmax_consensus	Chr1	5801839	5883475	5	2	Chr1:5801839;Chr1:5813463;Chr1:5840417;Chr1:5872403;Chr1:5883475	Chr1:5801839;Chr1:5872403	Chr1:5840417	TRUE	TRUE	FALSE	1	0	FALSE	FALSE	2	2	2	1	2	4
nobgs_V0.5_c1_rep1_env5	emmax_simes	Chr1	2441614	2455637	3	1	Chr1:2441614;Chr1:2444066;Chr1:2455637	Chr1:2441614	Chr1:2441614	TRUE	TRUE	FALSE	1	0	FALSE	FALSE	2	2	2	1	2	4
nobgs_V0.5_c1_rep1_env5	emmax_simes	Chr1	5801839	5883475	5	2	Chr1:5801839;Chr1:5813463;Chr1:5840417;Chr1:5872403;Chr1:5883475	Chr1:5801839;Chr1:5872403	Chr1:5840417	TRUE	TRUE	FALSE	1	0	FALSE	FALSE	2	2	2	1	2	4
nobgs_V0.5_c1_rep1_env5	lfmm_simes	Chr1	2441614	2455637	3	1	Chr1:2441614;Chr1:2444066;Chr1:2455637	Chr1:2441614	Chr1:2441614	TRUE	TRUE	FALSE	1	0	FALSE	FALSE	2	2	2	1	2	4
nobgs_V0.5_c1_rep1_env5	lfmm_simes	Chr1	5801839	5840417	3	1	Chr1:5801839;Chr1:5813463;Chr1:5840417	Chr1:5801839	Chr1:5840417	TRUE	TRUE	FALSE	1	0	FALSE	FALSE	2	2	2	1	2	4
nobgs_V0.5_c1_rep1_env6	emmax_consensus	Chr1	19022530	19247143	31	2	Chr1:19022530;Chr1:19049144;Chr1:19084961;Chr1:19109356;Chr1:19116523;Chr1:19096550;Chr1:19099459;Chr1:19121477;Chr1:19133011;Chr1:19138993;Chr1:19139392;Chr1:19152717;Chr1:19157379;Chr1:19165314;Chr1:19175171;Chr1:19177465;Chr1:19184017;Chr1:19186020;Chr1:19188833;Chr1:19193990;Chr1:19209426;Chr1:19214138;Chr1:19218248;Chr1:19222961;Chr1:19229965;Chr1:19230022;Chr1:19230638;Chr1:19236661;Chr1:19238273;Chr1:19240887;Chr1:19247143	Chr1:19049144;Chr1:19175171	""	FALSE	TRUE	TRUE	1	1	FALSE	FALSE	3	3	3	1	2	4
nobgs_V0.5_c1_rep1_env6	emmax_consensus	Chr1	20779665	20784880	2	1	Chr1:20779665;Chr1:20784880	Chr1:20779665	Chr1:20784880	TRUE	TRUE	FALSE	1	0	FALSE	FALSE	2	2	2	1	2	4
nobgs_V0.5_c1_rep1_env6	emmax_simes	Chr1	19022530	19247143	31	2	Chr1:19022530;Chr1:19049144;Chr1:19084961;Chr1:19109356;Chr1:19116523;Chr1:19096550;Chr1:19099459;Chr1:19121477;Chr1:19133011;Chr1:19138993;Chr1:19139392;Chr1:19152717;Chr1:19157379;Chr1:19165314;Chr1:19175171;Chr1:19177465;Chr1:19184017;Chr1:19186020;Chr1:19188833;Chr1:19193990;Chr1:19209426;Chr1:19214138;Chr1:19218248;Chr1:19222961;Chr1:19229965;Chr1:19230022;Chr1:19230638;Chr1:19236661;Chr1:19238273;Chr1:19240887;Chr1:19247143	Chr1:19049144;Chr1:19175171	""	FALSE	TRUE	TRUE	1	1	FALSE	FALSE	3	3	3	1	2	4
nobgs_V0.5_c1_rep1_env6	emmax_simes	Chr1	20779665	20784880	2	1	Chr1:20779665;Chr1:20784880	Chr1:20779665	Chr1:20784880	TRUE	TRUE	FALSE	1	0	FALSE	FALSE	2	2	2	1	2	4
nobgs_V0.5_c1_rep1_env6	lfmm_simes	Chr1	16040823	16057784	4	1	Chr1:16040823;Chr1:16057238;Chr1:16057535;Chr1:16057784	Chr1:16057238	""	FALSE	TRUE	TRUE	1	1	FALSE	FALSE	3	3	3	1	2	4
nobgs_V0.5_c1_rep1_env6	lfmm_simes	Chr1	19022530	19247143	31	2	Chr1:19022530;Chr1:19049144;Chr1:19084961;Chr1:19109356;Chr1:19116523;Chr1:19096550;Chr1:19099459;Chr1:19121477;Chr1:19133011;Chr1:19138993;Chr1:19139392;Chr1:19152717;Chr1:19157379;Chr1:19165314;Chr1:19175171;Chr1:19177465;Chr1:19184017;Chr1:19186020;Chr1:19188833;Chr1:19193990;Chr1:19209426;Chr1:19214138;Chr1:19218248;Chr1:19222961;Chr1:19229965;Chr1:19230022;Chr1:19230638;Chr1:19236661;Chr1:19238273;Chr1:19240887;Chr1:19247143	Chr1:19049144;Chr1:19175171	""	FALSE	TRUE	TRUE	1	1	FALSE	FALSE	3	3	3	1	2	4
nobgs_V0.5_c1_rep1_env6	lfmm_simes	Chr1	20772450	20773030	2	1	Chr1:20772450;Chr1:20773030	Chr1:20772450	Chr1:20784880	TRUE	TRUE	FALSE	1	0	FALSE	FALSE	2	2	2	1	2	4
nobgs_V0.5_c1_rep1_env6	lfmm_simes	Chr1	20779665	20784880	2	1	Chr1:20779665;Chr1:20784880	Chr1:20779665	Chr1:20784880	TRUE	TRUE	FALSE	1	0	FALSE	FALSE	2	2	2	1	2	4
nobgs_V0.5_c1_rep1_env6	lfmm_simes	Chr1	20806013	20808908	3	1	Chr1:20806013;Chr1:20807101;Chr1:20808908	Chr1:20806013	Chr1:20784880	TRUE	FALSE	FALSE	0	0	FALSE	FALSE	1	1	1	1	2	4
nobgs_V0.5_c1_rep1_env7	emmax_consensus	Chr1	15235866	15324372	5	1	Chr1:15235866;Chr1:15282281;Chr1:15300460;Chr1:15323992;Chr1:15324372	Chr1:15235866	""	FALSE	FALSE	TRUE	0	1	FALSE	FALSE	2	2	2	1	2	4
nobgs_V0.5_c1_rep1_env7	emmax_simes	Chr1	13394658	15552634	16	2	Chr1:13394658;Chr1:13396398;Chr1:13403618;Chr1:13422447;Chr1:13431512;Chr1:13431615;Chr1:13435265;Chr1:13437370;Chr1:15547154;Chr1:15547681;Chr1:15552634;Chr1:15235866;Chr1:15282281;Chr1:15300460;Chr1:15323992;Chr1:15324372	Chr1:13403618;Chr1:15235866	Chr1:13396398;Chr1:15547154	TRUE	FALSE	TRUE	0	1	FALSE	FALSE	2	2	2	1	2	4
nobgs_V0.5_c1_rep1_env7	lfmm_simes	Chr1	13394658	15552634	16	2	Chr1:13394658;Chr1:13396398;Chr1:13403618;Chr1:13422447;Chr1:13431512;Chr1:13431615;Chr1:13435265;Chr1:13437370;Chr1:15547154;Chr1:15547681;Chr1:15552634;Chr1:15235866;Chr1:15282281;Chr1:15300460;Chr1:15323992;Chr1:15324372	Chr1:13403618;Chr1:15235866	Chr1:13396398;Chr1:15547154	TRUE	TRUE	TRUE	1	1	FALSE	FALSE	3	3	3	1	2	4
nobgs_V0.5_c1_rep1_env8	emmax_consensus	Chr1	16313024	16418632	15	1	Chr1:16313024;Chr1:16315982;Chr1:16319929;Chr1:16321837;Chr1:16324253;Chr1:16332363;Chr1:16343753;Chr1:16345705;Chr1:16361348;Chr1:16367318;Chr1:16376783;Chr1:16381895;Chr1:16409626;Chr1:16415243;Chr1:16418632	Chr1:16343753	""	FALSE	TRUE	TRUE	1	1	FALSE	FALSE	3	3	3	1	2	4
nobgs_V0.5_c1_rep1_env8	emmax_consensus	Chr1	16523993	16619468	6	1	Chr1:16523993;Chr1:16531406;Chr1:16551613;Chr1:16560353;Chr1:16560678;Chr1:16619468	Chr1:16560678	""	FALSE	TRUE	TRUE	1	1	FALSE	FALSE	3	3	3	1	2	4
nobgs_V0.5_c1_rep1_env8	emmax_consensus	Chr1	16907565	17120431	10	2	Chr1:16907565;Chr1:16928192;Chr1:16928799;Chr1:16945162;Chr1:16957432;Chr1:16989343;Chr1:17011871;Chr1:17039354;Chr1:17063362;Chr1:17120431	Chr1:16945162;Chr1:17011871	Chr1:16945162	TRUE	TRUE	TRUE	1	1	FALSE	FALSE	3	3	3	1	2	4
nobgs_V0.5_c1_rep1_env8	emmax_simes	Chr1	16313024	16418632	15	1	Chr1:16313024;Chr1:16315982;Chr1:16319929;Chr1:16321837;Chr1:16324253;Chr1:16332363;Chr1:16343753;Chr1:16345705;Chr1:16361348;Chr1:16367318;Chr1:16376783;Chr1:16381895;Chr1:16409626;Chr1:16415243;Chr1:16418632	Chr1:16343753	""	FALSE	TRUE	TRUE	1	1	FALSE	FALSE	3	3	3	1	2	4
nobgs_V0.5_c1_rep1_env8	emmax_simes	Chr1	16907565	17120431	10	2	Chr1:16907565;Chr1:16928192;Chr1:16928799;Chr1:16945162;Chr1:16957432;Chr1:16989343;Chr1:17011871;Chr1:17039354;Chr1:17063362;Chr1:17120431	Chr1:16945162;Chr1:17011871	Chr1:16945162	TRUE	TRUE	TRUE	1	1	FALSE	FALSE	3	3	3	1	2	4
nobgs_V0.5_c1_rep1_env8	lfmm_simes	Chr1	16313024	16418632	15	1	Chr1:16313024;Chr1:16315982;Chr1:16319929;Chr1:16321837;Chr1:16324253;Chr1:16332363;Chr1:16343753;Chr1:16345705;Chr1:16361348;Chr1:16367318;Chr1:16376783;Chr1:16381895;Chr1:16409626;Chr1:16415243;Chr1:16418632	Chr1:16343753	""	FALSE	TRUE	TRUE	1	1	FALSE	FALSE	3	3	3	1	2	4
nobgs_V0.5_c1_rep1_env8	lfmm_simes	Chr1	16523993	16619468	6	1	Chr1:16523993;Chr1:16531406;Chr1:16551613;Chr1:16560353;Chr1:16560678;Chr1:16619468	Chr1:16560678	""	FALSE	FALSE	TRUE	0	1	FALSE	FALSE	2	2	2	1	2	4
nobgs_V0.5_c1_rep1_env8	lfmm_simes	Chr1	16907565	17120431	10	2	Chr1:16907565;Chr1:16928192;Chr1:16928799;Chr1:16945162;Chr1:16957432;Chr1:16989343;Chr1:17011871;Chr1:17039354;Chr1:17063362;Chr1:17120431	Chr1:16945162;Chr1:17011871	Chr1:16945162	TRUE	TRUE	TRUE	1	1	FALSE	FALSE	3	3	3	1	2	4
nobgs_V0.5_c1_rep1_env9	emmax_consensus	Chr2	23224797	23226088	3	1	Chr2:23224797;Chr2:23225906;Chr2:23226088	Chr2:23226088	""	FALSE	FALSE	FALSE	0	0	FALSE	FALSE	1	1	1	1	2	4
nobgs_V0.5_c1_rep1_env9	lfmm_simes	Chr1	7408375	7511990	7	1	Chr1:7408375;Chr1:7426436;Chr1:7432821;Chr1:7444803;Chr1:7454710;Chr1:7467570;Chr1:7511990	Chr1:7432821	Chr1:7454710	TRUE	FALSE	TRUE	0	1	FALSE	FALSE	2	2	2	1	2	4
nobgs_V0.5_c1_rep1_env9	lfmm_simes	Chr2	25687476	25701438	2	1	Chr2:25687476;Chr2:25701438	Chr2:25687476	""	FALSE	FALSE	FALSE	0	0	FALSE	FALSE	1	1	1	1	2	4
nobgs_V0.5_c1_rep2_env1	emmax_consensus	Chr1	12207029	12784182	94	4	Chr1:12207029;Chr1:12207198;Chr1:12207250;Chr1:12210116;Chr1:12212036;Chr1:12214027;Chr1:12215873;Chr1:12217973;Chr1:12224339;Chr1:12225605;Chr1:12227727;Chr1:12228426;Chr1:12230476;Chr1:12243114;Chr1:12243333;Chr1:12246809;Chr1:12258160;Chr1:12261502;Chr1:12268132;Chr1:12273914;Chr1:12275438;Chr1:12276918;Chr1:12277739;Chr1:12279818;Chr1:12282692;Chr1:12285077;Chr1:12285286;Chr1:12289102;Chr1:12289804;Chr1:12297897;Chr1:12303629;Chr1:12308111;Chr1:12308599;Chr1:12321939;Chr1:12324285;Chr1:12326767;Chr1:12337442;Chr1:12338876;Chr1:12339774;Chr1:12342544;Chr1:12347483;Chr1:12351390;Chr1:12351509;Chr1:12366986;Chr1:12371165;Chr1:12392049;Chr1:12399066;Chr1:12407220;Chr1:12407804;Chr1:12408394;Chr1:12414462;Chr1:12416396;Chr1:12418981;Chr1:12422827;Chr1:12429197;Chr1:12434578;Chr1:12444019;Chr1:12446281;Chr1:12449887;Chr1:12450088;Chr1:12453872;Chr1:12454249;Chr1:12461656;Chr1:12464338;Chr1:12469729;Chr1:12471437;Chr1:12472518;Chr1:12478963;Chr1:12479762;Chr1:12482558;Chr1:12491961;Chr1:12541129;Chr1:12551656;Chr1:12558412;Chr1:12570922;Chr1:12578541;Chr1:12582114;Chr1:12584210;Chr1:12602545;Chr1:12607891;Chr1:12646965;Chr1:12654585;Chr1:12672977;Chr1:12688157;Chr1:12705286;Chr1:12708639;Chr1:12711308;Chr1:12715219;Chr1:12716817;Chr1:12719249;Chr1:12723104;Chr1:12727510;Chr1:12753944;Chr1:12784182	Chr1:12207029;Chr1:12337442;Chr1:12414462;Chr1:12672977	Chr1:12479762	TRUE	FALSE	TRUE	0	1	FALSE	FALSE	2	2	2	1	2	4
nobgs_V0.5_c1_rep2_env1	emmax_simes	Chr1	12392049	12491961	26	1	Chr1:12392049;Chr1:12399066;Chr1:12407220;Chr1:12407804;Chr1:12408394;Chr1:12414462;Chr1:12416396;Chr1:12418981;Chr1:12422827;Chr1:12429197;Chr1:12434578;Chr1:12444019;Chr1:12446281;Chr1:12449887;Chr1:12450088;Chr1:12453872;Chr1:12454249;Chr1:12461656;Chr1:12464338;Chr1:12469729;Chr1:12471437;Chr1:12472518;Chr1:12478963;Chr1:12479762;Chr1:12482558;Chr1:12491961	Chr1:12414462	Chr1:12479762	TRUE	FALSE	TRUE	0	1	FALSE	FALSE	2	2	2	1	2	4
nobgs_V0.5_c1_rep2_env10	emmax_consensus	Chr1	2561240	2679636	14	3	Chr1:2561240;Chr1:2576889;Chr1:2579687;Chr1:2584739;Chr1:2585800;Chr1:2609150;Chr1:2609208;Chr1:2610810;Chr1:2612266;Chr1:2668048;Chr1:2669811;Chr1:2673046;Chr1:2677214;Chr1:2679636	Chr1:2585800;Chr1:2612266;Chr1:2677214	Chr1:2576889	TRUE	TRUE	TRUE	1	1	FALSE	FALSE	3	3	3	1	2	4
nobgs_V0.5_c1_rep2_env10	emmax_consensus	Chr1	3370648	3398764	4	1	Chr1:3370648;Chr1:3380549;Chr1:3383998;Chr1:3398764	Chr1:3370648	""	FALSE	FALSE	TRUE	0	1	FALSE	FALSE	2	2	2	1	2	4
nobgs_V0.5_c1_rep2_env10	emmax_simes	Chr1	2561240	2679636	14	3	Chr1:2561240;Chr1:2576889;Chr1:2579687;Chr1:2584739;Chr1:2585800;Chr1:2609150;Chr1:2609208;Chr1:2610810;Chr1:2612266;Chr1:2668048;Chr1:2669811;Chr1:2673046;Chr1:2677214;Chr1:2679636	Chr1:2585800;Chr1:2612266;Chr1:2677214	Chr1:2576889	TRUE	TRUE	TRUE	1	1	FALSE	FALSE	3	3	3	1	2	4
nobgs_V0.5_c1_rep2_env10	emmax_simes	Chr1	3370648	3398764	4	1	Chr1:3370648;Chr1:3380549;Chr1:3383998;Chr1:3398764	Chr1:3370648	""	FALSE	FALSE	TRUE	0	1	FALSE	FALSE	2	2	2	1	2	4
nobgs_V0.5_c1_rep2_env10	lfmm_simes	Chr1	2491758	2520262	4	1	Chr1:2491758;Chr1:2501619;Chr1:2516659;Chr1:2520262	Chr1:2516659	Chr1:2576889	TRUE	TRUE	TRUE	1	1	FALSE	FALSE	3	3	3	1	2	4
nobgs_V0.5_c1_rep2_env10	lfmm_simes	Chr1	2561240	2679636	19	4	Chr1:2561240;Chr1:2576889;Chr1:2579687;Chr1:2584739;Chr1:2585800;Chr1:2609150;Chr1:2609208;Chr1:2610810;Chr1:2612266;Chr1:2623756;Chr1:2625321;Chr1:2626015;Chr1:2629019;Chr1:2631436;Chr1:2668048;Chr1:2669811;Chr1:2673046;Chr1:2677214;Chr1:2679636	Chr1:2585800;Chr1:2612266;Chr1:2626015;Chr1:2677214	Chr1:2576889	TRUE	TRUE	TRUE	1	1	FALSE	FALSE	3	3	3	1	2	4
nobgs_V0.5_c1_rep2_env10	lfmm_simes	Chr1	3370648	3398764	4	1	Chr1:3370648;Chr1:3380549;Chr1:3383998;Chr1:3398764	Chr1:3370648	""	FALSE	TRUE	TRUE	1	1	FALSE	FALSE	3	3	3	1	2	4
nobgs_V0.5_c1_rep2_env2	emmax_consensus	Chr1	2561240	2606964	8	2	Chr1:2561240;Chr1:2576889;Chr1:2573394;Chr1:2573482;Chr1:2578184;Chr1:2603733;Chr1:2604155;Chr1:2606964	Chr1:2561240;Chr1:2573394	Chr1:2576889	TRUE	TRUE	TRUE	1	1	FALSE	FALSE	3	3	3	1	2	4
nobgs_V0.5_c1_rep2_env2	emmax_simes	Chr1	2561240	2576889	2	1	Chr1:2561240;Chr1:2576889	Chr1:2561240	Chr1:2576889	TRUE	TRUE	FALSE	1	0	FALSE	FALSE	2	2	2	1	2	4
nobgs_V0.5_c1_rep2_env2	lfmm_simes	Chr1	2546329	2606964	12	3	Chr1:2546329;Chr1:2552438;Chr1:2555140;Chr1:2563545;Chr1:2561240;Chr1:2576889;Chr1:2573394;Chr1:2573482;Chr1:2578184;Chr1:2603733;Chr1:2604155;Chr1:2606964	Chr1:2555140;Chr1:2561240;Chr1:2573394	Chr1:2576889	TRUE	TRUE	TRUE	1	1	FALSE	FALSE	3	3	3	1	2	4
nobgs_V0.5_c1_rep2_env3	emmax_consensus	Chr1	7691729	7702551	2	1	Chr1:7691729;Chr1:7702551	Chr1:7691729	""	FALSE	FALSE	FALSE	0	0	FALSE	FALSE	1	1	1	1	2	4
nobgs_V0.5_c1_rep2_env3	emmax_consensus	Chr1	13455167	13511775	4	1	Chr1:13455167;Chr1:13470567;Chr1:13509901;Chr1:13511775	Chr1:13470567	""	FALSE	FALSE	TRUE	0	1	FALSE	FALSE	2	2	2	1	2	4
nobgs_V0.5_c1_rep2_env3	emmax_consensus	Chr1	13930751	16009389	451	10	Chr1:13930751;Chr1:13951712;Chr1:13953185;Chr1:13954669;Chr1:13960752;Chr1:13967331;Chr1:13987253;Chr1:14015381;Chr1:14036315;Chr1:14044480;Chr1:14060533;Chr1:14073222;Chr1:14075486;Chr1:14091183;Chr1:14103789;Chr1:14119756;Chr1:14128910;Chr1:14156507;Chr1:14174686;Chr1:14181255;Chr1:14252698;Chr1:14273607;Chr1:14285796;Chr1:14295081;Chr1:14298266;Chr1:14307897;Chr1:14319217;Chr1:14323959;Chr1:14331741;Chr1:14361568;Chr1:14363749;Chr1:14374204;Chr1:14382987;Chr1:14390052;Chr1:14423692;Chr1:14430560;Chr1:14410494;Chr1:14427568;Chr1:14439698;Chr1:14446476;Chr1:14454260;Chr1:14459814;Chr1:14462412;Chr1:14489656;Chr1:14496147;Chr1:14497975;Chr1:14499133;Chr1:14523538;Chr1:14549796;Chr1:14549804;Chr1:14557013;Chr1:14567664;Chr1:14568591;Chr1:14574612;Chr1:14588018;Chr1:14593179;Chr1:14603792;Chr1:14608735;Chr1:14609156;Chr1:14627028;Chr1:14630396;Chr1:14631564;Chr1:14636086;Chr1:14639256;Chr1:14647849;Chr1:14651496;Chr1:14668205;Chr1:14718631;Chr1:14761544;Chr1:14766981;Chr1:14782956;Chr1:14801462;Chr1:14813473;Chr1:14815049;Chr1:14819343;Chr1:14821846;Chr1:14824647;Chr1:14828305;Chr1:14828338;Chr1:14834796;Chr1:14840318;Chr1:14842835;Chr1:14843149;Chr1:14853104;Chr1:14718960;Chr1:14724350;Chr1:14735605;Chr1:14738909;Chr1:14790506;Chr1:14796511;Chr1:14800232;Chr1:14814966;Chr1:14849934;Chr1:14852556;Chr1:14856426;Chr1:14857419;Chr1:14859166;Chr1:14859489;Chr1:14859749;Chr1:14862659;Chr1:14871139;Chr1:14875521;Chr1:14875571;Chr1:14882295;Chr1:14885208;Chr1:14890405;Chr1:14893163;Chr1:14896286;Chr1:14897621;Chr1:14898342;Chr1:14898668;Chr1:14901387;Chr1:14913898;Chr1:14914450;Chr1:14917800;Chr1:14919569;Chr1:14920000;Chr1:14923735;Chr1:14935122;Chr1:14940543;Chr1:14942906;Chr1:14944629;Chr1:14945403;Chr1:14946938;Chr1:14952437;Chr1:14956584;Chr1:14960593;Chr1:14961441;Chr1:14962298;Chr1:14963048;Chr1:14966794;Chr1:14972323;Chr1:15175602;Chr1:15189612;Chr1:15190580;Chr1:15195571;Chr1:15196841;Chr1:15302597;Chr1:14868188;Chr1:14916403;Chr1:14921334;Chr1:14923753;Chr1:14931819;Chr1:14950360;Chr1:14952403;Chr1:14986253;Chr1:15044743;Chr1:15056863;Chr1:15063738;Chr1:15069534;Chr1:15073092;Chr1:15078956;Chr1:15091422;Chr1:15091506;Chr1:15092124;Chr1:15104902;Chr1:15123848;Chr1:15130986;Chr1:15133947;Chr1:15150506;Chr1:15151002;Chr1:15161394;Chr1:15163344;Chr1:15168349;Chr1:15205536;Chr1:15214244;Chr1:15219231;Chr1:15227361;Chr1:15230127;Chr1:15231665;Chr1:15233639;Chr1:15233988;Chr1:15234055;Chr1:15238286;Chr1:15238619;Chr1:15240011;Chr1:15242668;Chr1:15244130;Chr1:15259080;Chr1:15260037;Chr1:15266447;Chr1:15277536;Chr1:15281365;Chr1:15285721;Chr1:15286704;Chr1:15291797;Chr1:15297640;Chr1:15307450;Chr1:15316174;Chr1:15324703;Chr1:15336672;Chr1:15337382;Chr1:15338426;Chr1:15340923;Chr1:15346145;Chr1:15353283;Chr1:14966102;Chr1:14971776;Chr1:14976506;Chr1:14978214;Chr1:14986048;Chr1:14988799;Chr1:14995351;Chr1:14997884;Chr1:15002204;Chr1:15002330;Chr1:15003752;Chr1:15004237;Chr1:15007603;Chr1:15010400;Chr1:15010553;Chr1:15012841;Chr1:15013929;Chr1:15018087;Chr1:15018385;Chr1:15020905;Chr1:15027724;Chr1:15029974;Chr1:15034679;Chr1:15035052;Chr1:15038743;Chr1:15039461;Chr1:15040204;Chr1:15042595;Chr1:15054225;Chr1:15066122;Chr1:15068980;Chr1:15070428;Chr1:15075823;Chr1:15082131;Chr1:15097470;Chr1:15098513;Chr1:15101241;Chr1:15102835;Chr1:15107894;Chr1:15114931;Chr1:15116180;Chr1:15123498;Chr1:15124764;Chr1:15132348;Chr1:15135556;Chr1:15137189;Chr1:15144278;Chr1:15144386;Chr1:15153783;Chr1:15156448;Chr1:15158252;Chr1:15158736;Chr1:15173592;Chr1:15180605;Chr1:15195777;Chr1:15200800;Chr1:15205177;Chr1:15206486;Chr1:15210226;Chr1:15215339;Chr1:15216947;Chr1:15217201;Chr1:15217245;Chr1:15219740;Chr1:15229730;Chr1:15229769;Chr1:15232728;Chr1:15236739;Chr1:15246213;Chr1:15260414;Chr1:15270613;Chr1:15282480;Chr1:15286461;Chr1:15294985;Chr1:15298772;Chr1:15306920;Chr1:15319160;Chr1:15320914;Chr1:15322271;Chr1:15322369;Chr1:15336357;Chr1:15349348;Chr1:15351919;Chr1:15356506;Chr1:15360536;Chr1:15361552;Chr1:15364146;Chr1:15368639;Chr1:15369305;Chr1:15369849;Chr1:15370511;Chr1:15378481;Chr1:15380328;Chr1:15383215;Chr1:15386276;Chr1:15392242;Chr1:15395351;Chr1:15400372;Chr1:15402858;Chr1:15404857;Chr1:15410402;Chr1:15416349;Chr1:15416563;Chr1:15416710;Chr1:15418678;Chr1:15421991;Chr1:15422102;Chr1:15426242;Chr1:15428287;Chr1:15431614;Chr1:15431671;Chr1:15432087;Chr1:15435412;Chr1:15447686;Chr1:15448560;Chr1:15449346;Chr1:15450822;Chr1:15454021;Chr1:15456057;Chr1:15458056;Chr1:15461253;Chr1:15461301;Chr1:15462056;Chr1:15465963;Chr1:15468963;Chr1:15470787;Chr1:15477342;Chr1:15480739;Chr1:15483361;Chr1:15486741;Chr1:15494701;Chr1:15495634;Chr1:15496051;Chr1:15501985;Chr1:15503551;Chr1:15506756;Chr1:15508145;Chr1:15511182;Chr1:15533260;Chr1:15538791;Chr1:15540324;Chr1:15542927;Chr1:15546164;Chr1:15550090;Chr1:15554489;Chr1:15554655;Chr1:15563683;Chr1:15564559;Chr1:15565058;Chr1:15569062;Chr1:15573275;Chr1:15575053;Chr1:15575462;Chr1:15576623;Chr1:15577915;Chr1:15578777;Chr1:15583442;Chr1:15583445;Chr1:15583578;Chr1:15586423;Chr1:15586943;Chr1:15593135;Chr1:15600945;Chr1:15605250;Chr1:15619932;Chr1:15621125;Chr1:15621141;Chr1:15623344;Chr1:15627355;Chr1:15628225;Chr1:15631556;Chr1:15636147;Chr1:15654866;Chr1:15655148;Chr1:15655401;Chr1:15656567;Chr1:15674914;Chr1:15677963;Chr1:15678385;Chr1:15678934;Chr1:15685132;Chr1:15693299;Chr1:15697628;Chr1:15704025;Chr1:15704775;Chr1:15712588;Chr1:15713772;Chr1:15714151;Chr1:15716892;Chr1:15726371;Chr1:15727379;Chr1:15728979;Chr1:15733377;Chr1:15736141;Chr1:15737632;Chr1:15741091;Chr1:15750905;Chr1:15753070;Chr1:15753524;Chr1:15755104;Chr1:15755641;Chr1:15756918;Chr1:15763067;Chr1:15765149;Chr1:15765964;Chr1:15773054;Chr1:15777852;Chr1:15778782;Chr1:15779771;Chr1:15787637;Chr1:15794067;Chr1:15797505;Chr1:15810005;Chr1:15816792;Chr1:15819459;Chr1:15841350;Chr1:15848977;Chr1:15849886;Chr1:15853905;Chr1:15870846;Chr1:15877136;Chr1:15898494;Chr1:15903896;Chr1:15906921;Chr1:15910373;Chr1:15919667;Chr1:15920090;Chr1:15848781;Chr1:15860971;Chr1:15866261;Chr1:15872225;Chr1:15879051;Chr1:15889737;Chr1:15894720;Chr1:15895290;Chr1:15897396;Chr1:15921753;Chr1:15931790;Chr1:15942284;Chr1:15949883;Chr1:15951628;Chr1:15951712;Chr1:15952293;Chr1:15963966;Chr1:15968511;Chr1:15969658;Chr1:15980070;Chr1:15982577;Chr1:15983252;Chr1:15985186;Chr1:15986754;Chr1:16004628;Chr1:16006984;Chr1:16007815;Chr1:16009389	Chr1:14091183;Chr1:14323959;Chr1:14567664;Chr1:14843149;Chr1:14871139;Chr1:15205536;Chr1:15704025;Chr1:15879051;Chr1:15982577;Chr1:16006984	Chr1:14978214;Chr1:15773054	TRUE	TRUE	TRUE	2	1	FALSE	FALSE	3	3	3	1	2	4
nobgs_V0.5_c1_rep2_env3	emmax_consensus	Chr1	16121502	16138529	3	1	Chr1:16121502;Chr1:16134390;Chr1:16138529	Chr1:16138529	""	FALSE	TRUE	FALSE	1	0	FALSE	FALSE	2	2	2	1	2	4
nobgs_V0.5_c1_rep2_env3	emmax_simes	Chr1	13930751	15942284	435	8	Chr1:13930751;Chr1:13951712;Chr1:13953185;Chr1:13954669;Chr1:13960752;Chr1:13967331;Chr1:13987253;Chr1:14015381;Chr1:14036315;Chr1:14044480;Chr1:14060533;Chr1:14073222;Chr1:14075486;Chr1:14091183;Chr1:14103789;Chr1:14119756;Chr1:14128910;Chr1:14156507;Chr1:14174686;Chr1:14181255;Chr1:14252698;Chr1:14273607;Chr1:14285796;Chr1:14295081;Chr1:14298266;Chr1:14307897;Chr1:14319217;Chr1:14323959;Chr1:14331741;Chr1:14361568;Chr1:14363749;Chr1:14374204;Chr1:14382987;Chr1:14390052;Chr1:14423692;Chr1:14430560;Chr1:14410494;Chr1:14427568;Chr1:14439698;Chr1:14446476;Chr1:14454260;Chr1:14459814;Chr1:14462412;Chr1:14489656;Chr1:14496147;Chr1:14497975;Chr1:14499133;Chr1:14523538;Chr1:14549796;Chr1:14549804;Chr1:14557013;Chr1:14567664;Chr1:14568591;Chr1:14574612;Chr1:14588018;Chr1:14593179;Chr1:14603792;Chr1:14608735;Chr1:14609156;Chr1:14627028;Chr1:14630396;Chr1:14631564;Chr1:14636086;Chr1:14639256;Chr1:14647849;Chr1:14651496;Chr1:14668205;Chr1:14718631;Chr1:14761544;Chr1:14766981;Chr1:14782956;Chr1:14801462;Chr1:14813473;Chr1:14815049;Chr1:14819343;Chr1:14821846;Chr1:14824647;Chr1:14828305;Chr1:14828338;Chr1:14834796;Chr1:14840318;Chr1:14842835;Chr1:14843149;Chr1:14853104;Chr1:14718960;Chr1:14724350;Chr1:14735605;Chr1:14738909;Chr1:14790506;Chr1:14796511;Chr1:14800232;Chr1:14814966;Chr1:14849934;Chr1:14852556;Chr1:14856426;Chr1:14857419;Chr1:14859166;Chr1:14859489;Chr1:14859749;Chr1:14862659;Chr1:14871139;Chr1:14875521;Chr1:14875571;Chr1:14882295;Chr1:14885208;Chr1:14890405;Chr1:14893163;Chr1:14896286;Chr1:14897621;Chr1:14898342;Chr1:14898668;Chr1:14901387;Chr1:14913898;Chr1:14914450;Chr1:14917800;Chr1:14919569;Chr1:14920000;Chr1:14923735;Chr1:14935122;Chr1:14940543;Chr1:14942906;Chr1:14944629;Chr1:14945403;Chr1:14946938;Chr1:14952437;Chr1:14956584;Chr1:14960593;Chr1:14961441;Chr1:14962298;Chr1:14963048;Chr1:14966794;Chr1:14972323;Chr1:15175602;Chr1:15189612;Chr1:15190580;Chr1:15195571;Chr1:15196841;Chr1:15302597;Chr1:14868188;Chr1:14916403;Chr1:14921334;Chr1:14923753;Chr1:14931819;Chr1:14950360;Chr1:14952403;Chr1:14986253;Chr1:15044743;Chr1:15056863;Chr1:15063738;Chr1:15069534;Chr1:15073092;Chr1:15078956;Chr1:15091422;Chr1:15091506;Chr1:15092124;Chr1:15104902;Chr1:15123848;Chr1:15130986;Chr1:15133947;Chr1:15150506;Chr1:15151002;Chr1:15161394;Chr1:15163344;Chr1:15168349;Chr1:15205536;Chr1:15214244;Chr1:15219231;Chr1:15227361;Chr1:15230127;Chr1:15231665;Chr1:15233639;Chr1:15233988;Chr1:15234055;Chr1:15238286;Chr1:15238619;Chr1:15240011;Chr1:15242668;Chr1:15244130;Chr1:15259080;Chr1:15260037;Chr1:15266447;Chr1:15277536;Chr1:15281365;Chr1:15285721;Chr1:15286704;Chr1:15291797;Chr1:15297640;Chr1:15307450;Chr1:15316174;Chr1:15324703;Chr1:15336672;Chr1:15337382;Chr1:15338426;Chr1:15340923;Chr1:15346145;Chr1:15353283;Chr1:14966102;Chr1:14971776;Chr1:14976506;Chr1:14978214;Chr1:14986048;Chr1:14988799;Chr1:14995351;Chr1:14997884;Chr1:15002204;Chr1:15002330;Chr1:15003752;Chr1:15004237;Chr1:15007603;Chr1:15010400;Chr1:15010553;Chr1:15012841;Chr1:15013929;Chr1:15018087;Chr1:15018385;Chr1:15020905;Chr1:15027724;Chr1:15029974;Chr1:15034679;Chr1:15035052;Chr1:15038743;Chr1:15039461;Chr1:15040204;Chr1:15042595;Chr1:15054225;Chr1:15066122;Chr1:15068980;Chr1:15070428;Chr1:15075823;Chr1:15082131;Chr1:15097470;Chr1:15098513;Chr1:15101241;Chr1:15102835;Chr1:15107894;Chr1:15114931;Chr1:15116180;Chr1:15123498;Chr1:15124764;Chr1:15132348;Chr1:15135556;Chr1:15137189;Chr1:15144278;Chr1:15144386;Chr1:15153783;Chr1:15156448;Chr1:15158252;Chr1:15158736;Chr1:15173592;Chr1:15180605;Chr1:15195777;Chr1:15200800;Chr1:15205177;Chr1:15206486;Chr1:15210226;Chr1:15215339;Chr1:15216947;Chr1:15217201;Chr1:15217245;Chr1:15219740;Chr1:15229730;Chr1:15229769;Chr1:15232728;Chr1:15236739;Chr1:15246213;Chr1:15260414;Chr1:15270613;Chr1:15282480;Chr1:15286461;Chr1:15294985;Chr1:15298772;Chr1:15306920;Chr1:15319160;Chr1:15320914;Chr1:15322271;Chr1:15322369;Chr1:15336357;Chr1:15349348;Chr1:15351919;Chr1:15356506;Chr1:15360536;Chr1:15361552;Chr1:15364146;Chr1:15368639;Chr1:15369305;Chr1:15369849;Chr1:15370511;Chr1:15378481;Chr1:15380328;Chr1:15383215;Chr1:15386276;Chr1:15392242;Chr1:15395351;Chr1:15400372;Chr1:15402858;Chr1:15404857;Chr1:15410402;Chr1:15416349;Chr1:15416563;Chr1:15416710;Chr1:15418678;Chr1:15421991;Chr1:15422102;Chr1:15426242;Chr1:15428287;Chr1:15431614;Chr1:15431671;Chr1:15432087;Chr1:15435412;Chr1:15447686;Chr1:15448560;Chr1:15449346;Chr1:15450822;Chr1:15454021;Chr1:15456057;Chr1:15458056;Chr1:15461253;Chr1:15461301;Chr1:15462056;Chr1:15465963;Chr1:15468963;Chr1:15470787;Chr1:15477342;Chr1:15480739;Chr1:15483361;Chr1:15486741;Chr1:15494701;Chr1:15495634;Chr1:15496051;Chr1:15501985;Chr1:15503551;Chr1:15506756;Chr1:15508145;Chr1:15511182;Chr1:15533260;Chr1:15538791;Chr1:15540324;Chr1:15542927;Chr1:15546164;Chr1:15550090;Chr1:15554489;Chr1:15554655;Chr1:15563683;Chr1:15564559;Chr1:15565058;Chr1:15569062;Chr1:15573275;Chr1:15575053;Chr1:15575462;Chr1:15576623;Chr1:15577915;Chr1:15578777;Chr1:15583442;Chr1:15583445;Chr1:15583578;Chr1:15586423;Chr1:15586943;Chr1:15593135;Chr1:15600945;Chr1:15605250;Chr1:15619932;Chr1:15621125;Chr1:15621141;Chr1:15623344;Chr1:15627355;Chr1:15628225;Chr1:15631556;Chr1:15636147;Chr1:15654866;Chr1:15655148;Chr1:15655401;Chr1:15656567;Chr1:15674914;Chr1:15677963;Chr1:15678385;Chr1:15678934;Chr1:15685132;Chr1:15693299;Chr1:15697628;Chr1:15704025;Chr1:15704775;Chr1:15712588;Chr1:15713772;Chr1:15714151;Chr1:15716892;Chr1:15726371;Chr1:15727379;Chr1:15728979;Chr1:15733377;Chr1:15736141;Chr1:15737632;Chr1:15741091;Chr1:15750905;Chr1:15753070;Chr1:15753524;Chr1:15755104;Chr1:15755641;Chr1:15756918;Chr1:15763067;Chr1:15765149;Chr1:15765964;Chr1:15773054;Chr1:15777852;Chr1:15778782;Chr1:15779771;Chr1:15787637;Chr1:15794067;Chr1:15797505;Chr1:15810005;Chr1:15816792;Chr1:15819459;Chr1:15841350;Chr1:15848977;Chr1:15849886;Chr1:15853905;Chr1:15870846;Chr1:15877136;Chr1:15898494;Chr1:15903896;Chr1:15906921;Chr1:15910373;Chr1:15919667;Chr1:15920090;Chr1:15848781;Chr1:15860971;Chr1:15866261;Chr1:15872225;Chr1:15879051;Chr1:15889737;Chr1:15894720;Chr1:15895290;Chr1:15897396;Chr1:15921753;Chr1:15931790;Chr1:15942284	Chr1:14091183;Chr1:14323959;Chr1:14567664;Chr1:14843149;Chr1:14871139;Chr1:15205536;Chr1:15704025;Chr1:15879051	Chr1:14978214;Chr1:15773054	TRUE	TRUE	TRUE	2	1	FALSE	FALSE	3	3	3	1	2	4
nobgs_V0.5_c1_rep2_env3	emmax_simes	Chr1	16004628	16009389	4	1	Chr1:16004628;Chr1:16006984;Chr1:16007815;Chr1:16009389	Chr1:16006984	""	FALSE	TRUE	TRUE	1	1	FALSE	FALSE	3	3	3	1	2	4
nobgs_V0.5_c1_rep2_env3	emmax_simes	Chr1	16121502	16138529	3	1	Chr1:16121502;Chr1:16134390;Chr1:16138529	Chr1:16138529	""	FALSE	TRUE	FALSE	1	0	FALSE	FALSE	2	2	2	1	2	4
nobgs_V0.5_c1_rep2_env3	lfmm_simes	Chr1	14718960	15920090	281	2	Chr1:14718960;Chr1:14724350;Chr1:14735605;Chr1:14738909;Chr1:14790506;Chr1:14796511;Chr1:14800232;Chr1:14814966;Chr1:14849934;Chr1:14852556;Chr1:14856426;Chr1:14857419;Chr1:14859166;Chr1:14859489;Chr1:14859749;Chr1:14862659;Chr1:14871139;Chr1:14875521;Chr1:14875571;Chr1:14882295;Chr1:14885208;Chr1:14890405;Chr1:14893163;Chr1:14896286;Chr1:14897621;Chr1:14898342;Chr1:14898668;Chr1:14901387;Chr1:14913898;Chr1:14914450;Chr1:14917800;Chr1:14919569;Chr1:14920000;Chr1:14923735;Chr1:14935122;Chr1:14940543;Chr1:14942906;Chr1:14944629;Chr1:14945403;Chr1:14946938;Chr1:14952437;Chr1:14956584;Chr1:14960593;Chr1:14961441;Chr1:14962298;Chr1:14963048;Chr1:14966794;Chr1:14972323;Chr1:15175602;Chr1:15189612;Chr1:15190580;Chr1:15195571;Chr1:15196841;Chr1:15302597;Chr1:14966102;Chr1:14971776;Chr1:14976506;Chr1:14978214;Chr1:14986048;Chr1:14988799;Chr1:14995351;Chr1:14997884;Chr1:15002204;Chr1:15002330;Chr1:15003752;Chr1:15004237;Chr1:15007603;Chr1:15010400;Chr1:15010553;Chr1:15012841;Chr1:15013929;Chr1:15018087;Chr1:15018385;Chr1:15020905;Chr1:15027724;Chr1:15029974;Chr1:15034679;Chr1:15035052;Chr1:15038743;Chr1:15039461;Chr1:15040204;Chr1:15042595;Chr1:15054225;Chr1:15066122;Chr1:15068980;Chr1:15070428;Chr1:15075823;Chr1:15082131;Chr1:15097470;Chr1:15098513;Chr1:15101241;Chr1:15102835;Chr1:15107894;Chr1:15114931;Chr1:15116180;Chr1:15123498;Chr1:15124764;Chr1:15132348;Chr1:15135556;Chr1:15137189;Chr1:15144278;Chr1:15144386;Chr1:15153783;Chr1:15156448;Chr1:15158252;Chr1:15158736;Chr1:15173592;Chr1:15180605;Chr1:15195777;Chr1:15200800;Chr1:15205177;Chr1:15206486;Chr1:15210226;Chr1:15215339;Chr1:15216947;Chr1:15217201;Chr1:15217245;Chr1:15219740;Chr1:15229730;Chr1:15229769;Chr1:15232728;Chr1:15236739;Chr1:15246213;Chr1:15260414;Chr1:15270613;Chr1:15282480;Chr1:15286461;Chr1:15294985;Chr1:15298772;Chr1:15306920;Chr1:15319160;Chr1:15320914;Chr1:15322271;Chr1:15322369;Chr1:15336357;Chr1:15349348;Chr1:15351919;Chr1:15356506;Chr1:15360536;Chr1:15361552;Chr1:15364146;Chr1:15368639;Chr1:15369305;Chr1:15369849;Chr1:15370511;Chr1:15378481;Chr1:15380328;Chr1:15383215;Chr1:15386276;Chr1:15392242;Chr1:15395351;Chr1:15400372;Chr1:15402858;Chr1:15404857;Chr1:15410402;Chr1:15416349;Chr1:15416563;Chr1:15416710;Chr1:15418678;Chr1:15421991;Chr1:15422102;Chr1:15426242;Chr1:15428287;Chr1:15431614;Chr1:15431671;Chr1:15432087;Chr1:15435412;Chr1:15447686;Chr1:15448560;Chr1:15449346;Chr1:15450822;Chr1:15454021;Chr1:15456057;Chr1:15458056;Chr1:15461253;Chr1:15461301;Chr1:15462056;Chr1:15465963;Chr1:15468963;Chr1:15470787;Chr1:15477342;Chr1:15480739;Chr1:15483361;Chr1:15486741;Chr1:15494701;Chr1:15495634;Chr1:15496051;Chr1:15501985;Chr1:15503551;Chr1:15506756;Chr1:15508145;Chr1:15511182;Chr1:15533260;Chr1:15538791;Chr1:15540324;Chr1:15542927;Chr1:15546164;Chr1:15550090;Chr1:15554489;Chr1:15554655;Chr1:15563683;Chr1:15564559;Chr1:15565058;Chr1:15569062;Chr1:15573275;Chr1:15575053;Chr1:15575462;Chr1:15576623;Chr1:15577915;Chr1:15578777;Chr1:15583442;Chr1:15583445;Chr1:15583578;Chr1:15586423;Chr1:15586943;Chr1:15593135;Chr1:15600945;Chr1:15605250;Chr1:15619932;Chr1:15621125;Chr1:15621141;Chr1:15623344;Chr1:15627355;Chr1:15628225;Chr1:15631556;Chr1:15636147;Chr1:15654866;Chr1:15655148;Chr1:15655401;Chr1:15656567;Chr1:15674914;Chr1:15677963;Chr1:15678385;Chr1:15678934;Chr1:15685132;Chr1:15693299;Chr1:15697628;Chr1:15704025;Chr1:15704775;Chr1:15712588;Chr1:15713772;Chr1:15714151;Chr1:15716892;Chr1:15726371;Chr1:15727379;Chr1:15728979;Chr1:15733377;Chr1:15736141;Chr1:15737632;Chr1:15741091;Chr1:15750905;Chr1:15753070;Chr1:15753524;Chr1:15755104;Chr1:15755641;Chr1:15756918;Chr1:15763067;Chr1:15765149;Chr1:15765964;Chr1:15773054;Chr1:15777852;Chr1:15778782;Chr1:15779771;Chr1:15787637;Chr1:15794067;Chr1:15797505;Chr1:15810005;Chr1:15816792;Chr1:15819459;Chr1:15841350;Chr1:15848977;Chr1:15849886;Chr1:15853905;Chr1:15870846;Chr1:15877136;Chr1:15898494;Chr1:15903896;Chr1:15906921;Chr1:15910373;Chr1:15919667;Chr1:15920090	Chr1:14871139;Chr1:15704025	Chr1:14978214;Chr1:15773054	TRUE	TRUE	TRUE	1	1	FALSE	FALSE	3	3	3	1	2	4
nobgs_V0.5_c1_rep2_env4	emmax_consensus	Chr1	19391572	19418945	8	1	Chr1:19391572;Chr1:19392851;Chr1:19403349;Chr1:19406280;Chr1:19406618;Chr1:19409105;Chr1:19412437;Chr1:19418945	Chr1:19406618	Chr1:19406618	TRUE	TRUE	TRUE	1	1	FALSE	FALSE	3	3	3	1	2	4
nobgs_V0.5_c1_rep2_env4	emmax_simes	Chr1	19391572	19418945	8	1	Chr1:19391572;Chr1:19392851;Chr1:19403349;Chr1:19406280;Chr1:19406618;Chr1:19409105;Chr1:19412437;Chr1:19418945	Chr1:19406618	Chr1:19406618	TRUE	TRUE	TRUE	1	1	FALSE	FALSE	3	3	3	1	2	4
nobgs_V0.5_c1_rep2_env4	lfmm_simes	Chr1	19391572	19418945	8	1	Chr1:19391572;Chr1:19392851;Chr1:19403349;Chr1:19406280;Chr1:19406618;Chr1:19409105;Chr1:19412437;Chr1:19418945	Chr1:19406618	Chr1:19406618	TRUE	TRUE	TRUE	1	1	FALSE	FALSE	3	3	3	1	2	4
nobgs_V0.5_c1_rep2_env5	lfmm_simes	Chr1	21565652	21573404	4	1	Chr1:21565652;Chr1:21570897;Chr1:21572482;Chr1:21573404	Chr1:21572482	Chr1:21572482	TRUE	TRUE	TRUE	1	1	FALSE	FALSE	3	3	3	1	2	4
nobgs_V0.5_c1_rep2_env6	emmax_consensus	Chr1	5337232	5354914	5	1	Chr1:5337232;Chr1:5349859;Chr1:5351170;Chr1:5352806;Chr1:5354914	Chr1:5351170	""	FALSE	TRUE	TRUE	1	1	FALSE	FALSE	3	3	3	1	2	4
nobgs_V0.5_c1_rep2_env6	emmax_consensus	Chr1	13810718	15553807	10	2	Chr1:13810718;Chr1:13832916;Chr1:13846773;Chr1:15553807;Chr1:13851483;Chr1:13865908;Chr1:13888528;Chr1:13939567;Chr1:14007887;Chr1:14018871	Chr1:13810718;Chr1:13939567	Chr1:13888528;Chr1:15553807	TRUE	TRUE	TRUE	1	1	FALSE	FALSE	3	3	3	1	2	4
nobgs_V0.5_c1_rep2_env6	emmax_consensus	Chr1	14937366	15303115	4	1	Chr1:14937366;Chr1:15000736;Chr1:15170207;Chr1:15303115	Chr1:15000736	""	FALSE	TRUE	TRUE	1	1	FALSE	FALSE	3	3	3	1	2	4
nobgs_V0.5_c1_rep2_env6	emmax_consensus	Chr1	15612554	15828786	3	1	Chr1:15612554;Chr1:15746784;Chr1:15828786	Chr1:15612554	Chr1:15553807	TRUE	TRUE	FALSE	1	0	FALSE	FALSE	2	2	2	1	2	4
nobgs_V0.5_c1_rep2_env6	emmax_simes	Chr1	5337232	5354914	5	1	Chr1:5337232;Chr1:5349859;Chr1:5351170;Chr1:5352806;Chr1:5354914	Chr1:5351170	""	FALSE	TRUE	TRUE	1	1	FALSE	FALSE	3	3	3	1	2	4
nobgs_V0.5_c1_rep2_env6	emmax_simes	Chr1	13810718	15553807	10	2	Chr1:13810718;Chr1:13832916;Chr1:13846773;Chr1:15553807;Chr1:13851483;Chr1:13865908;Chr1:13888528;Chr1:13939567;Chr1:14007887;Chr1:14018871	Chr1:13810718;Chr1:13939567	Chr1:13888528;Chr1:15553807	TRUE	TRUE	TRUE	1	1	FALSE	FALSE	3	3	3	1	2	4
nobgs_V0.5_c1_rep2_env6	emmax_simes	Chr1	15612554	15828786	3	1	Chr1:15612554;Chr1:15746784;Chr1:15828786	Chr1:15612554	Chr1:15553807	TRUE	TRUE	FALSE	1	0	FALSE	FALSE	2	2	2	1	2	4
nobgs_V0.5_c1_rep2_env6	lfmm_simes	Chr1	5337232	5354914	5	1	Chr1:5337232;Chr1:5349859;Chr1:5351170;Chr1:5352806;Chr1:5354914	Chr1:5351170	""	FALSE	TRUE	TRUE	1	1	FALSE	FALSE	3	3	3	1	2	4
nobgs_V0.5_c1_rep2_env6	lfmm_simes	Chr1	13810718	15553807	13	3	Chr1:13810718;Chr1:13832916;Chr1:13846773;Chr1:15553807;Chr1:13851483;Chr1:13865908;Chr1:13888528;Chr1:13939567;Chr1:14007887;Chr1:14018871;Chr1:14090469;Chr1:14108309;Chr1:14110909	Chr1:13810718;Chr1:13939567;Chr1:14108309	Chr1:13888528;Chr1:15553807	TRUE	TRUE	TRUE	1	1	FALSE	FALSE	3	3	3	1	2	4
nobgs_V0.5_c1_rep2_env6	lfmm_simes	Chr1	14465157	14470357	2	1	Chr1:14465157;Chr1:14470357	Chr1:14465157	""	FALSE	FALSE	FALSE	0	0	FALSE	FALSE	1	1	3	1	2	4
nobgs_V0.5_c1_rep2_env6	lfmm_simes	Chr1	14937366	15303115	4	1	Chr1:14937366;Chr1:15000736;Chr1:15170207;Chr1:15303115	Chr1:15000736	""	FALSE	TRUE	TRUE	1	1	FALSE	FALSE	3	3	3	1	2	4
nobgs_V0.5_c1_rep2_env6	lfmm_simes	Chr1	15612554	15828786	3	1	Chr1:15612554;Chr1:15746784;Chr1:15828786	Chr1:15612554	Chr1:15553807	TRUE	TRUE	FALSE	1	0	FALSE	FALSE	2	2	2	1	2	4
nobgs_V0.5_c1_rep2_env6	lfmm_simes	Chr1	16029844	16080831	4	1	Chr1:16029844;Chr1:16049814;Chr1:16055482;Chr1:16080831	Chr1:16029844	""	FALSE	FALSE	TRUE	0	1	FALSE	FALSE	2	2	2	1	2	4
nobgs_V0.5_c1_rep2_env7	emmax_consensus	Chr1	18221595	18227113	2	1	Chr1:18221595;Chr1:18227113	Chr1:18221595	Chr1:18221595	TRUE	TRUE	FALSE	1	0	FALSE	FALSE	2	2	2	1	2	4
nobgs_V0.5_c1_rep2_env7	emmax_simes	Chr1	18221595	18227113	2	1	Chr1:18221595;Chr1:18227113	Chr1:18221595	Chr1:18221595	TRUE	TRUE	FALSE	1	0	FALSE	FALSE	2	2	2	1	2	4
nobgs_V0.5_c1_rep2_env7	lfmm_simes	Chr1	18221595	18227113	2	1	Chr1:18221595;Chr1:18227113	Chr1:18221595	Chr1:18221595	TRUE	TRUE	FALSE	1	0	FALSE	FALSE	2	2	2	1	2	4
nobgs_V0.5_c1_rep2_env8	emmax_consensus	Chr1	15414721	16189043	72	8	Chr1:15414721;Chr1:15416082;Chr1:15418768;Chr1:15420523;Chr1:15425768;Chr1:15433915;Chr1:15442744;Chr1:15447686;Chr1:15448406;Chr1:15476531;Chr1:15489587;Chr1:15520077;Chr1:15521838;Chr1:15525668;Chr1:15530536;Chr1:15530905;Chr1:15531771;Chr1:15536555;Chr1:15517380;Chr1:15521835;Chr1:15535229;Chr1:15589331;Chr1:15610478;Chr1:15617267;Chr1:15637167;Chr1:15659649;Chr1:15663106;Chr1:15701763;Chr1:15702068;Chr1:15718952;Chr1:15722551;Chr1:15722948;Chr1:15731544;Chr1:15738725;Chr1:15748116;Chr1:15748475;Chr1:15752156;Chr1:15752613;Chr1:15756650;Chr1:15773054;Chr1:15776175;Chr1:15780357;Chr1:15782299;Chr1:15800000;Chr1:15808833;Chr1:15813635;Chr1:15841100;Chr1:15848712;Chr1:15855885;Chr1:15866261;Chr1:15872892;Chr1:15874427;Chr1:15875750;Chr1:15881920;Chr1:15894826;Chr1:15908232;Chr1:15912444;Chr1:15919809;Chr1:15941937;Chr1:15952813;Chr1:15955106;Chr1:15959977;Chr1:15961919;Chr1:15970016;Chr1:16029831;Chr1:16091645;Chr1:16097218;Chr1:16105658;Chr1:16123971;Chr1:16131753;Chr1:16145596;Chr1:16189043	Chr1:15476531;Chr1:15517380;Chr1:15748475;Chr1:15800000;Chr1:15872892;Chr1:15955106;Chr1:16097218;Chr1:16145596	Chr1:15773054	TRUE	TRUE	TRUE	1	1	FALSE	FALSE	3	3	3	1	2	4
nobgs_V0.5_c1_rep2_env8	emmax_simes	Chr1	15414721	16189043	72	8	Chr1:15414721;Chr1:15416082;Chr1:15418768;Chr1:15420523;Chr1:15425768;Chr1:15433915;Chr1:15442744;Chr1:15447686;Chr1:15448406;Chr1:15476531;Chr1:15489587;Chr1:15520077;Chr1:15521838;Chr1:15525668;Chr1:15530536;Chr1:15530905;Chr1:15531771;Chr1:15536555;Chr1:15517380;Chr1:15521835;Chr1:15535229;Chr1:15589331;Chr1:15610478;Chr1:15617267;Chr1:15637167;Chr1:15659649;Chr1:15663106;Chr1:15701763;Chr1:15702068;Chr1:15718952;Chr1:15722551;Chr1:15722948;Chr1:15731544;Chr1:15738725;Chr1:15748116;Chr1:15748475;Chr1:15752156;Chr1:15752613;Chr1:15756650;Chr1:15773054;Chr1:15776175;Chr1:15780357;Chr1:15782299;Chr1:15800000;Chr1:15808833;Chr1:15813635;Chr1:15841100;Chr1:15848712;Chr1:15855885;Chr1:15866261;Chr1:15872892;Chr1:15874427;Chr1:15875750;Chr1:15881920;Chr1:15894826;Chr1:15908232;Chr1:15912444;Chr1:15919809;Chr1:15941937;Chr1:15952813;Chr1:15955106;Chr1:15959977;Chr1:15961919;Chr1:15970016;Chr1:16029831;Chr1:16091645;Chr1:16097218;Chr1:16105658;Chr1:16123971;Chr1:16131753;Chr1:16145596;Chr1:16189043	Chr1:15476531;Chr1:15517380;Chr1:15748475;Chr1:15800000;Chr1:15872892;Chr1:15955106;Chr1:16097218;Chr1:16145596	Chr1:15773054	TRUE	TRUE	TRUE	1	1	FALSE	FALSE	3	3	3	1	2	4
nobgs_V0.5_c1_rep2_env8	lfmm_simes	Chr1	15394169	15401038	2	1	Chr1:15394169;Chr1:15401038	Chr1:15394169	""	FALSE	FALSE	FALSE	0	0	FALSE	FALSE	1	1	1	1	2	4
nobgs_V0.5_c1_rep2_env8	lfmm_simes	Chr1	15414721	16189043	84	10	Chr1:15414721;Chr1:15416082;Chr1:15418768;Chr1:15420523;Chr1:15425768;Chr1:15433915;Chr1:15442744;Chr1:15447686;Chr1:15448406;Chr1:15476531;Chr1:15489587;Chr1:15520077;Chr1:15521838;Chr1:15525668;Chr1:15530536;Chr1:15530905;Chr1:15531771;Chr1:15536555;Chr1:15517380;Chr1:15521835;Chr1:15535229;Chr1:15538945;Chr1:15546435;Chr1:15547650;Chr1:15582069;Chr1:15588149;Chr1:15583540;Chr1:15586393;Chr1:15589771;Chr1:15590558;Chr1:15591942;Chr1:15609607;Chr1:15625244;Chr1:15589331;Chr1:15610478;Chr1:15617267;Chr1:15637167;Chr1:15659649;Chr1:15663106;Chr1:15701763;Chr1:15702068;Chr1:15718952;Chr1:15722551;Chr1:15722948;Chr1:15731544;Chr1:15738725;Chr1:15748116;Chr1:15748475;Chr1:15752156;Chr1:15752613;Chr1:15756650;Chr1:15773054;Chr1:15776175;Chr1:15780357;Chr1:15782299;Chr1:15800000;Chr1:15808833;Chr1:15813635;Chr1:15841100;Chr1:15848712;Chr1:15855885;Chr1:15866261;Chr1:15872892;Chr1:15874427;Chr1:15875750;Chr1:15881920;Chr1:15894826;Chr1:15908232;Chr1:15912444;Chr1:15919809;Chr1:15941937;Chr1:15952813;Chr1:15955106;Chr1:15959977;Chr1:15961919;Chr1:15970016;Chr1:16029831;Chr1:16091645;Chr1:16097218;Chr1:16105658;Chr1:16123971;Chr1:16131753;Chr1:16145596;Chr1:16189043	Chr1:15476531;Chr1:15517380;Chr1:15547650;Chr1:15586393;Chr1:15748475;Chr1:15800000;Chr1:15872892;Chr1:15955106;Chr1:16097218;Chr1:16145596	Chr1:15773054	TRUE	TRUE	TRUE	1	1	FALSE	FALSE	3	3	3	1	2	4
nobgs_V0.5_c1_rep2_env8	lfmm_simes	Chr2	4015451	4018963	2	1	Chr2:4015451;Chr2:4018963	Chr2:4015451	""	FALSE	TRUE	FALSE	1	0	FALSE	FALSE	2	2	2	1	2	4
nobgs_V0.5_c1_rep2_env9	emmax_consensus	Chr1	3588140	3604095	4	2	Chr1:3588140;Chr1:3595584;Chr1:3599862;Chr1:3604095	Chr1:3588140;Chr1:3599862	Chr1:3588140	TRUE	TRUE	FALSE	1	0	FALSE	FALSE	2	2	2	1	2	4
nobgs_V0.5_c1_rep2_env9	emmax_consensus	Chr1	10634087	10651397	4	1	Chr1:10634087;Chr1:10643487;Chr1:10646843;Chr1:10651397	Chr1:10643487	""	FALSE	FALSE	TRUE	0	1	FALSE	FALSE	2	2	2	1	2	4
nobgs_V0.5_c1_rep2_env9	emmax_simes	Chr1	3588140	3604095	4	2	Chr1:3588140;Chr1:3595584;Chr1:3599862;Chr1:3604095	Chr1:3588140;Chr1:3599862	Chr1:3588140	TRUE	TRUE	FALSE	1	0	FALSE	FALSE	2	2	2	1	2	4
nobgs_V0.5_c1_rep2_env9	lfmm_simes	Chr1	3588140	3604095	4	2	Chr1:3588140;Chr1:3595584;Chr1:3599862;Chr1:3604095	Chr1:3588140;Chr1:3599862	Chr1:3588140	TRUE	TRUE	FALSE	1	0	FALSE	FALSE	2	2	2	1	2	4
nobgs_V0.5_c1_rep3_env1	emmax_consensus	Chr1	1655506	1669931	3	1	Chr1:1655506;Chr1:1661759;Chr1:1669931	Chr1:1661759	Chr1:1655506	TRUE	TRUE	FALSE	1	0	FALSE	FALSE	2	2	2	1	2	4
nobgs_V0.5_c1_rep3_env1	emmax_consensus	Chr1	5347634	5850506	65	7	Chr1:5347634;Chr1:5371973;Chr1:5377158;Chr1:5382849;Chr1:5384392;Chr1:5390518;Chr1:5391897;Chr1:5405034;Chr1:5407554;Chr1:5409331;Chr1:5424951;Chr1:5433891;Chr1:5436169;Chr1:5438207;Chr1:5444448;Chr1:5456116;Chr1:5460490;Chr1:5463656;Chr1:5474275;Chr1:5494277;Chr1:5497420;Chr1:5502265;Chr1:5503892;Chr1:5505311;Chr1:5507253;Chr1:5520986;Chr1:5531422;Chr1:5541988;Chr1:5462983;Chr1:5464928;Chr1:5466890;Chr1:5470955;Chr1:5553942;Chr1:5562072;Chr1:5563914;Chr1:5571715;Chr1:5588202;Chr1:5589660;Chr1:5589927;Chr1:5593524;Chr1:5601897;Chr1:5603921;Chr1:5609862;Chr1:5610231;Chr1:5613764;Chr1:5615457;Chr1:5618770;Chr1:5626257;Chr1:5621769;Chr1:5628550;Chr1:5631485;Chr1:5631762;Chr1:5667147;Chr1:5670452;Chr1:5679323;Chr1:5691252;Chr1:5700955;Chr1:5718819;Chr1:5729930;Chr1:5735787;Chr1:5737683;Chr1:5790262;Chr1:5795619;Chr1:5808473;Chr1:5850506	Chr1:5407554;Chr1:5502265;Chr1:5464928;Chr1:5601897;Chr1:5628550;Chr1:5729930;Chr1:5808473	Chr1:5520986	TRUE	TRUE	TRUE	2	1	FALSE	FALSE	3	3	3	1	2	4
nobgs_V0.5_c1_rep3_env1	emmax_consensus	Chr1	9725196	9789054	4	1	Chr1:9725196;Chr1:9726413;Chr1:9777874;Chr1:9789054	Chr1:9725196	Chr1:9725196	TRUE	TRUE	TRUE	1	1	FALSE	FALSE	3	3	3	1	2	4
nobgs_V0.5_c1_rep3_env1	emmax_simes	Chr1	1655506	1669931	3	1	Chr1:1655506;Chr1:1661759;Chr1:1669931	Chr1:1661759	Chr1:1655506	TRUE	TRUE	FALSE	1	0	FALSE	FALSE	2	2	2	1	2	4
nobgs_V0.5_c1_rep3_env1	emmax_simes	Chr1	5347634	5850506	64	7	Chr1:5347634;Chr1:5371973;Chr1:5377158;Chr1:5382849;Chr1:5384392;Chr1:5390518;Chr1:5391897;Chr1:5405034;Chr1:5407554;Chr1:5409331;Chr1:5424951;Chr1:5433891;Chr1:5436169;Chr1:5438207;Chr1:5444448;Chr1:5456116;Chr1:5460490;Chr1:5463656;Chr1:5474275;Chr1:5494277;Chr1:5497420;Chr1:5502265;Chr1:5503892;Chr1:5505311;Chr1:5507253;Chr1:5520986;Chr1:5531422;Chr1:5541988;Chr1:5462983;Chr1:5464928;Chr1:5466890;Chr1:5470955;Chr1:5516709;Chr1:5518159;Chr1:5523575;Chr1:5553942;Chr1:5562072;Chr1:5563914;Chr1:5571715;Chr1:5588202;Chr1:5589660;Chr1:5589927;Chr1:5593524;Chr1:5601897;Chr1:5603921;Chr1:5609862;Chr1:5610231;Chr1:5613764;Chr1:5615457;Chr1:5618770;Chr1:5626257;Chr1:5667147;Chr1:5670452;Chr1:5679323;Chr1:5691252;Chr1:5700955;Chr1:5718819;Chr1:5729930;Chr1:5735787;Chr1:5737683;Chr1:5790262;Chr1:5795619;Chr1:5808473;Chr1:5850506	Chr1:5407554;Chr1:5502265;Chr1:5464928;Chr1:5516709;Chr1:5601897;Chr1:5729930;Chr1:5808473	Chr1:5520986	TRUE	TRUE	TRUE	2	1	FALSE	FALSE	3	3	3	1	2	4
nobgs_V0.5_c1_rep3_env1	lfmm_simes	Chr1	1618194	1669931	8	2	Chr1:1618194;Chr1:1620181;Chr1:1622943;Chr1:1625917;Chr1:1633246;Chr1:1655506;Chr1:1661759;Chr1:1669931	Chr1:1620181;Chr1:1661759	Chr1:1655506	TRUE	TRUE	TRUE	1	1	FALSE	FALSE	3	3	3	1	2	4
nobgs_V0.5_c1_rep3_env1	lfmm_simes	Chr1	5347634	5541988	35	4	Chr1:5347634;Chr1:5371973;Chr1:5377158;Chr1:5382849;Chr1:5384392;Chr1:5390518;Chr1:5391897;Chr1:5405034;Chr1:5407554;Chr1:5409331;Chr1:5424951;Chr1:5433891;Chr1:5436169;Chr1:5438207;Chr1:5444448;Chr1:5456116;Chr1:5460490;Chr1:5463656;Chr1:5474275;Chr1:5494277;Chr1:5497420;Chr1:5502265;Chr1:5503892;Chr1:5505311;Chr1:5507253;Chr1:5520986;Chr1:5531422;Chr1:5541988;Chr1:5462983;Chr1:5464928;Chr1:5466890;Chr1:5470955;Chr1:5516709;Chr1:5518159;Chr1:5523575	Chr1:5407554;Chr1:5502265;Chr1:5464928;Chr1:5516709	Chr1:5520986	TRUE	TRUE	TRUE	1	1	FALSE	FALSE	3	3	3	1	2	4
nobgs_V0.5_c1_rep3_env1	lfmm_simes	Chr1	5667147	5850506	13	2	Chr1:5667147;Chr1:5670452;Chr1:5679323;Chr1:5691252;Chr1:5700955;Chr1:5718819;Chr1:5729930;Chr1:5735787;Chr1:5737683;Chr1:5790262;Chr1:5795619;Chr1:5808473;Chr1:5850506	Chr1:5729930;Chr1:5808473	""	FALSE	TRUE	TRUE	1	1	FALSE	FALSE	3	3	3	1	2	4
nobgs_V0.5_c1_rep3_env10	lfmm_simes	Chr1	814060	816365	2	1	Chr1:814060;Chr1:816365	Chr1:814060	""	FALSE	TRUE	FALSE	1	0	FALSE	FALSE	2	2	2	1	2	4
nobgs_V0.5_c1_rep3_env10	lfmm_simes	Chr1	16327034	16336320	4	1	Chr1:16327034;Chr1:16330412;Chr1:16333680;Chr1:16336320	Chr1:16330412	""	FALSE	TRUE	TRUE	1	1	FALSE	FALSE	3	3	3	1	2	4
nobgs_V0.5_c1_rep3_env2	lfmm_simes	Chr1	1572500	1589861	3	1	Chr1:1572500;Chr1:1579508;Chr1:1589861	Chr1:1579508	""	FALSE	FALSE	FALSE	0	0	FALSE	FALSE	1	1	1	1	2	4
nobgs_V0.5_c1_rep3_env2	lfmm_simes	Chr1	1596075	1597439	2	1	Chr1:1596075;Chr1:1597439	Chr1:1596075	""	FALSE	FALSE	FALSE	0	0	FALSE	FALSE	1	1	1	1	2	4
nobgs_V0.5_c1_rep3_env2	lfmm_simes	Chr1	1634062	1672580	6	2	Chr1:1634062;Chr1:1637786;Chr1:1647390;Chr1:1649739;Chr1:1650480;Chr1:1672580	Chr1:1634062;Chr1:1647390	""	FALSE	FALSE	TRUE	0	1	FALSE	FALSE	2	2	2	1	2	4
nobgs_V0.5_c1_rep3_env3	emmax_consensus	Chr1	41950	407892	7	1	Chr1:41950;Chr1:217404;Chr1:311766;Chr1:340783;Chr1:347054;Chr1:350958;Chr1:407892	Chr1:340783	""	FALSE	TRUE	TRUE	1	1	FALSE	FALSE	3	3	3	1	2	4
nobgs_V0.5_c1_rep3_env3	emmax_consensus	Chr1	9605495	9809964	32	3	Chr1:9605495;Chr1:9608534;Chr1:9636370;Chr1:9641644;Chr1:9644732;Chr1:9645085;Chr1:9656830;Chr1:9657480;Chr1:9662966;Chr1:9663339;Chr1:9685084;Chr1:9687189;Chr1:9693373;Chr1:9700771;Chr1:9725196;Chr1:9731430;Chr1:9736992;Chr1:9740650;Chr1:9759797;Chr1:9732397;Chr1:9736149;Chr1:9766730;Chr1:9768160;Chr1:9779675;Chr1:9781841;Chr1:9782551;Chr1:9783252;Chr1:9786005;Chr1:9787788;Chr1:9793847;Chr1:9800779;Chr1:9809964	Chr1:9685084;Chr1:9732397;Chr1:9783252	Chr1:9725196	TRUE	TRUE	TRUE	1	1	FALSE	FALSE	3	3	3	1	2	4
nobgs_V0.5_c1_rep3_env3	emmax_consensus	Chr1	9696770	9701187	2	1	Chr1:9696770;Chr1:9701187	Chr1:9696770	Chr1:9725196	TRUE	TRUE	FALSE	1	0	FALSE	FALSE	2	2	3	1	2	4
nobgs_V0.5_c1_rep3_env3	emmax_consensus	Chr1	9869134	9882586	4	1	Chr1:9869134;Chr1:9872224;Chr1:9874583;Chr1:9882586	Chr1:9874583	""	FALSE	FALSE	TRUE	0	1	FALSE	FALSE	2	2	2	1	2	4
nobgs_V0.5_c1_rep3_env3	emmax_simes	Chr1	41950	407892	7	1	Chr1:41950;Chr1:217404;Chr1:311766;Chr1:340783;Chr1:347054;Chr1:350958;Chr1:407892	Chr1:340783	""	FALSE	TRUE	TRUE	1	1	FALSE	FALSE	3	3	3	1	2	4
nobgs_V0.5_c1_rep3_env3	emmax_simes	Chr1	2363263	3010803	4	1	Chr1:2363263;Chr1:2366315;Chr1:2386498;Chr1:3010803	Chr1:2366315	Chr1:2366315;Chr1:3010803	TRUE	TRUE	TRUE	1	1	FALSE	FALSE	3	3	3	1	2	4
nobgs_V0.5_c1_rep3_env3	emmax_simes	Chr1	9605495	9809964	32	3	Chr1:9605495;Chr1:9608534;Chr1:9636370;Chr1:9641644;Chr1:9644732;Chr1:9645085;Chr1:9656830;Chr1:9657480;Chr1:9662966;Chr1:9663339;Chr1:9685084;Chr1:9687189;Chr1:9693373;Chr1:9700771;Chr1:9725196;Chr1:9731430;Chr1:9736992;Chr1:9740650;Chr1:9759797;Chr1:9732397;Chr1:9736149;Chr1:9766730;Chr1:9768160;Chr1:9779675;Chr1:9781841;Chr1:9782551;Chr1:9783252;Chr1:9786005;Chr1:9787788;Chr1:9793847;Chr1:9800779;Chr1:9809964	Chr1:9685084;Chr1:9732397;Chr1:9783252	Chr1:9725196	TRUE	TRUE	TRUE	1	1	FALSE	FALSE	3	3	3	1	2	4
nobgs_V0.5_c1_rep3_env3	emmax_simes	Chr1	9696770	9701187	2	1	Chr1:9696770;Chr1:9701187	Chr1:9696770	Chr1:9725196	TRUE	TRUE	FALSE	1	0	FALSE	FALSE	2	2	3	1	2	4
nobgs_V0.5_c1_rep3_env3	emmax_simes	Chr1	9869134	9882586	4	1	Chr1:9869134;Chr1:9872224;Chr1:9874583;Chr1:9882586	Chr1:9874583	""	FALSE	TRUE	TRUE	1	1	FALSE	FALSE	3	3	3	1	2	4
nobgs_V0.5_c1_rep3_env3	lfmm_simes	Chr1	41950	457748	10	2	Chr1:41950;Chr1:217404;Chr1:311766;Chr1:340783;Chr1:347054;Chr1:350958;Chr1:407892;Chr1:418169;Chr1:456662;Chr1:457748	Chr1:340783;Chr1:418169	""	FALSE	TRUE	TRUE	1	1	FALSE	FALSE	3	3	3	1	2	4
nobgs_V0.5_c1_rep3_env3	lfmm_simes	Chr1	2363263	3010803	4	1	Chr1:2363263;Chr1:2366315;Chr1:2386498;Chr1:3010803	Chr1:2366315	Chr1:2366315;Chr1:3010803	TRUE	TRUE	TRUE	1	1	FALSE	FALSE	3	3	3	1	2	4
nobgs_V0.5_c1_rep3_env3	lfmm_simes	Chr1	9605495	9809964	32	3	Chr1:9605495;Chr1:9608534;Chr1:9636370;Chr1:9641644;Chr1:9644732;Chr1:9645085;Chr1:9656830;Chr1:9657480;Chr1:9662966;Chr1:9663339;Chr1:9685084;Chr1:9687189;Chr1:9693373;Chr1:9700771;Chr1:9725196;Chr1:9731430;Chr1:9736992;Chr1:9740650;Chr1:9759797;Chr1:9732397;Chr1:9736149;Chr1:9766730;Chr1:9768160;Chr1:9779675;Chr1:9781841;Chr1:9782551;Chr1:9783252;Chr1:9786005;Chr1:9787788;Chr1:9793847;Chr1:9800779;Chr1:9809964	Chr1:9685084;Chr1:9732397;Chr1:9783252	Chr1:9725196	TRUE	TRUE	TRUE	1	1	FALSE	FALSE	3	3	3	1	2	4
nobgs_V0.5_c1_rep3_env4	emmax_consensus	Chr1	1557451	1571505	3	1	Chr1:1557451;Chr1:1569967;Chr1:1571505	Chr1:1569967	Chr1:1625665	TRUE	TRUE	FALSE	1	0	FALSE	FALSE	2	2	2	1	2	4
nobgs_V0.5_c1_rep3_env4	emmax_consensus	Chr1	1622447	1625665	3	1	Chr1:1622447;Chr1:1623665;Chr1:1625665	Chr1:1622447	Chr1:1625665	TRUE	TRUE	FALSE	1	0	FALSE	FALSE	2	2	2	1	2	4
nobgs_V0.5_c1_rep3_env4	emmax_simes	Chr1	1557451	1571505	3	1	Chr1:1557451;Chr1:1569967;Chr1:1571505	Chr1:1569967	Chr1:1625665	TRUE	TRUE	FALSE	1	0	FALSE	FALSE	2	2	2	1	2	4
nobgs_V0.5_c1_rep3_env4	emmax_simes	Chr1	1622447	1625665	3	1	Chr1:1622447;Chr1:1623665;Chr1:1625665	Chr1:1622447	Chr1:1625665	TRUE	TRUE	FALSE	1	0	FALSE	FALSE	2	2	2	1	2	4
nobgs_V0.5_c1_rep3_env4	lfmm_simes	Chr1	1557451	1571505	3	1	Chr1:1557451;Chr1:1569967;Chr1:1571505	Chr1:1569967	Chr1:1625665	TRUE	TRUE	FALSE	1	0	FALSE	FALSE	2	2	2	1	2	4
nobgs_V0.5_c1_rep3_env4	lfmm_simes	Chr1	1622447	1625665	3	1	Chr1:1622447;Chr1:1623665;Chr1:1625665	Chr1:1622447	Chr1:1625665	TRUE	TRUE	FALSE	1	0	FALSE	FALSE	2	2	2	1	2	4
nobgs_V0.5_c1_rep3_env5	emmax_consensus	Chr1	2318430	2404830	10	3	Chr1:2318430;Chr1:2321375;Chr1:2330291;Chr1:2341933;Chr1:2345621;Chr1:2350357;Chr1:2363263;Chr1:2366315;Chr1:2386498;Chr1:2404830	Chr1:2318430;Chr1:2345621;Chr1:2386498	Chr1:2366315	TRUE	TRUE	TRUE	1	1	FALSE	FALSE	3	3	3	1	2	4
nobgs_V0.5_c1_rep3_env5	emmax_simes	Chr1	2282788	2404830	13	4	Chr1:2282788;Chr1:2304976;Chr1:2310585;Chr1:2318430;Chr1:2321375;Chr1:2330291;Chr1:2341933;Chr1:2345621;Chr1:2350357;Chr1:2363263;Chr1:2366315;Chr1:2386498;Chr1:2404830	Chr1:2310585;Chr1:2318430;Chr1:2345621;Chr1:2386498	Chr1:2366315	TRUE	TRUE	TRUE	1	1	FALSE	FALSE	3	3	3	1	2	4
nobgs_V0.5_c1_rep3_env5	emmax_simes	Chr1	2435101	2448529	3	1	Chr1:2435101;Chr1:2437124;Chr1:2448529	Chr1:2435101	Chr1:2366315	TRUE	FALSE	FALSE	0	0	FALSE	FALSE	1	1	1	1	2	4
nobgs_V0.5_c1_rep3_env5	lfmm_simes	Chr1	2282788	2404830	13	4	Chr1:2282788;Chr1:2304976;Chr1:2310585;Chr1:2318430;Chr1:2321375;Chr1:2330291;Chr1:2341933;Chr1:2345621;Chr1:2350357;Chr1:2363263;Chr1:2366315;Chr1:2386498;Chr1:2404830	Chr1:2310585;Chr1:2318430;Chr1:2345621;Chr1:2386498	Chr1:2366315	TRUE	TRUE	TRUE	1	1	FALSE	FALSE	3	3	3	1	2	4
nobgs_V0.5_c1_rep3_env5	lfmm_simes	Chr1	2435101	2448529	3	1	Chr1:2435101;Chr1:2437124;Chr1:2448529	Chr1:2435101	Chr1:2366315	TRUE	TRUE	FALSE	1	0	FALSE	FALSE	2	2	2	1	2	4
nobgs_V0.5_c1_rep3_env6	emmax_consensus	Chr1	1646249	1655506	3	1	Chr1:1646249;Chr1:1647905;Chr1:1655506	Chr1:1647905	Chr1:1655506	TRUE	TRUE	FALSE	1	0	FALSE	FALSE	2	2	2	1	2	4
nobgs_V0.5_c1_rep3_env6	emmax_simes	Chr1	1646249	1658666	5	2	Chr1:1646249;Chr1:1647905;Chr1:1655506;Chr1:1654766;Chr1:1658666	Chr1:1647905;Chr1:1654766	Chr1:1655506	TRUE	TRUE	FALSE	1	0	FALSE	FALSE	2	2	2	1	2	4
nobgs_V0.5_c1_rep3_env6	lfmm_simes	Chr1	1646249	1658666	5	2	Chr1:1646249;Chr1:1647905;Chr1:1655506;Chr1:1654766;Chr1:1658666	Chr1:1647905;Chr1:1654766	Chr1:1655506	TRUE	TRUE	FALSE	1	0	FALSE	FALSE	2	2	2	1	2	4
nobgs_V0.5_c1_rep3_env7	emmax_simes	Chr1	11507276	11547979	10	1	Chr1:11507276;Chr1:11514532;Chr1:11515129;Chr1:11526949;Chr1:11527222;Chr1:11533739;Chr1:11537478;Chr1:11538086;Chr1:11547425;Chr1:11547979	Chr1:11514532	Chr1:11537478	TRUE	TRUE	TRUE	1	1	FALSE	FALSE	3	3	3	1	2	4
nobgs_V0.5_c1_rep3_env7	lfmm_simes	Chr1	11507276	11547979	10	1	Chr1:11507276;Chr1:11514532;Chr1:11515129;Chr1:11526949;Chr1:11527222;Chr1:11533739;Chr1:11537478;Chr1:11538086;Chr1:11547425;Chr1:11547979	Chr1:11514532	Chr1:11537478	TRUE	TRUE	TRUE	1	1	FALSE	FALSE	3	3	3	1	2	4
nobgs_V0.5_c1_rep3_env8	emmax_consensus	Chr1	2341933	2384567	12	2	Chr1:2341933;Chr1:2345621;Chr1:2363263;Chr1:2366315;Chr1:2354533;Chr1:2358218;Chr1:2360022;Chr1:2365776;Chr1:2367349;Chr1:2369810;Chr1:2382474;Chr1:2384567	Chr1:2345621;Chr1:2365776	Chr1:2366315	TRUE	TRUE	TRUE	1	1	FALSE	FALSE	3	3	3	1	2	4
nobgs_V0.5_c1_rep3_env8	emmax_consensus	Chr1	2642116	2645467	2	1	Chr1:2642116;Chr1:2645467	Chr1:2642116	""	FALSE	FALSE	FALSE	0	0	FALSE	FALSE	1	1	2	1	2	4
nobgs_V0.5_c1_rep3_env8	emmax_consensus	Chr1	2766802	3153988	59	4	Chr1:2766802;Chr1:2773144;Chr1:2774468;Chr1:2783411;Chr1:2791773;Chr1:2796617;Chr1:2817676;Chr1:2824971;Chr1:2826632;Chr1:2833172;Chr1:2847289;Chr1:2850203;Chr1:2860155;Chr1:2869846;Chr1:2873189;Chr1:2875025;Chr1:2876325;Chr1:2877721;Chr1:2884625;Chr1:2888886;Chr1:2890023;Chr1:2891234;Chr1:2899545;Chr1:2903782;Chr1:2914190;Chr1:2927900;Chr1:2929545;Chr1:2992998;Chr1:3000607;Chr1:3007459;Chr1:3008054;Chr1:3009801;Chr1:3012731;Chr1:3024288;Chr1:3039212;Chr1:3061483;Chr1:3075910;Chr1:3077178;Chr1:3080128;Chr1:3088405;Chr1:3091847;Chr1:3096281;Chr1:3098942;Chr1:3104741;Chr1:3105870;Chr1:3106817;Chr1:3107395;Chr1:3110657;Chr1:3110680;Chr1:3128644;Chr1:3128869;Chr1:3129129;Chr1:3131006;Chr1:3131506;Chr1:3133367;Chr1:3138144;Chr1:3138749;Chr1:3141505;Chr1:3153988	Chr1:2875025;Chr1:3007459;Chr1:3107395;Chr1:3131006	""	FALSE	TRUE	TRUE	1	2	FALSE	FALSE	3	3	3	1	2	4
nobgs_V0.5_c1_rep3_env8	emmax_consensus	Chr1	3422585	3916211	81	4	Chr1:3422585;Chr1:3429461;Chr1:3430260;Chr1:3432112;Chr1:3433299;Chr1:3437368;Chr1:3437810;Chr1:3439822;Chr1:3440606;Chr1:3442982;Chr1:3446955;Chr1:3447741;Chr1:3457731;Chr1:3459108;Chr1:3463250;Chr1:3458443;Chr1:3468448;Chr1:3472261;Chr1:3485576;Chr1:3486136;Chr1:3489553;Chr1:3491471;Chr1:3496377;Chr1:3511355;Chr1:3518029;Chr1:3521898;Chr1:3526430;Chr1:3528489;Chr1:3532021;Chr1:3532286;Chr1:3538658;Chr1:3545410;Chr1:3549097;Chr1:3555509;Chr1:3560873;Chr1:3562048;Chr1:3563748;Chr1:3585408;Chr1:3591459;Chr1:3592562;Chr1:3593749;Chr1:3598247;Chr1:3603018;Chr1:3618613;Chr1:3632394;Chr1:3634633;Chr1:3638780;Chr1:3645293;Chr1:3647979;Chr1:3649192;Chr1:3653617;Chr1:3666530;Chr1:3671974;Chr1:3674151;Chr1:3674563;Chr1:3682852;Chr1:3686239;Chr1:3689143;Chr1:3705924;Chr1:3609663;Chr1:3714699;Chr1:3715108;Chr1:3783035;Chr1:3797355;Chr1:3811697;Chr1:3818679;Chr1:3826916;Chr1:3827322;Chr1:3832146;Chr1:3834168;Chr1:3838061;Chr1:3847109;Chr1:3848716;Chr1:3849207;Chr1:3851868;Chr1:3877807;Chr1:3887212;Chr1:3888089;Chr1:3892277;Chr1:3894074;Chr1:3916211	Chr1:3437368;Chr1:3591459;Chr1:3714699;Chr1:3818679	Chr1:3674151	TRUE	TRUE	TRUE	1	2	FALSE	FALSE	3	3	3	1	2	4
nobgs_V0.5_c1_rep3_env8	emmax_consensus	Chr1	4525747	4533091	5	1	Chr1:4525747;Chr1:4526458;Chr1:4526712;Chr1:4530964;Chr1:4533091	Chr1:4525747	""	FALSE	FALSE	TRUE	0	1	FALSE	FALSE	2	2	2	1	2	4
nobgs_V0.5_c1_rep3_env8	emmax_consensus	Chr2	3731429	3739957	2	1	Chr2:3731429;Chr2:3739957	Chr2:3731429	""	FALSE	FALSE	FALSE	0	0	FALSE	FALSE	1	1	1	1	2	4
nobgs_V0.5_c1_rep3_env8	emmax_simes	Chr1	2341933	2384567	12	2	Chr1:2341933;Chr1:2345621;Chr1:2363263;Chr1:2366315;Chr1:2354533;Chr1:2358218;Chr1:2360022;Chr1:2365776;Chr1:2367349;Chr1:2369810;Chr1:2382474;Chr1:2384567	Chr1:2345621;Chr1:2365776	Chr1:2366315	TRUE	TRUE	TRUE	1	1	FALSE	FALSE	3	3	3	1	2	4
nobgs_V0.5_c1_rep3_env8	emmax_simes	Chr1	2642116	2645467	2	1	Chr1:2642116;Chr1:2645467	Chr1:2642116	""	FALSE	FALSE	FALSE	0	0	FALSE	FALSE	1	1	2	1	2	4
nobgs_V0.5_c1_rep3_env8	emmax_simes	Chr1	2766802	3110680	49	3	Chr1:2766802;Chr1:2773144;Chr1:2774468;Chr1:2783411;Chr1:2791773;Chr1:2796617;Chr1:2817676;Chr1:2824971;Chr1:2826632;Chr1:2833172;Chr1:2847289;Chr1:2850203;Chr1:2860155;Chr1:2869846;Chr1:2873189;Chr1:2875025;Chr1:2876325;Chr1:2877721;Chr1:2884625;Chr1:2888886;Chr1:2890023;Chr1:2891234;Chr1:2899545;Chr1:2903782;Chr1:2914190;Chr1:2927900;Chr1:2929545;Chr1:2992998;Chr1:3000607;Chr1:3007459;Chr1:3008054;Chr1:3009801;Chr1:3012731;Chr1:3024288;Chr1:3039212;Chr1:3061483;Chr1:3075910;Chr1:3077178;Chr1:3080128;Chr1:3088405;Chr1:3091847;Chr1:3096281;Chr1:3098942;Chr1:3104741;Chr1:3105870;Chr1:3106817;Chr1:3107395;Chr1:3110657;Chr1:3110680	Chr1:2875025;Chr1:3007459;Chr1:3107395	""	FALSE	TRUE	TRUE	2	1	FALSE	FALSE	3	3	3	1	2	4
nobgs_V0.5_c1_rep3_env8	emmax_simes	Chr1	3250761	3715108	81	4	Chr1:3250761;Chr1:3257484;Chr1:3263228;Chr1:3263687;Chr1:3268036;Chr1:3269276;Chr1:3285001;Chr1:3297137;Chr1:3298491;Chr1:3304780;Chr1:3318670;Chr1:3325353;Chr1:3328194;Chr1:3329952;Chr1:3345964;Chr1:3356097;Chr1:3356267;Chr1:3372779;Chr1:3397725;Chr1:3422585;Chr1:3429461;Chr1:3430260;Chr1:3432112;Chr1:3433299;Chr1:3437368;Chr1:3437810;Chr1:3439822;Chr1:3440606;Chr1:3442982;Chr1:3446955;Chr1:3447741;Chr1:3457731;Chr1:3459108;Chr1:3463250;Chr1:3458443;Chr1:3468448;Chr1:3472261;Chr1:3485576;Chr1:3486136;Chr1:3489553;Chr1:3491471;Chr1:3496377;Chr1:3511355;Chr1:3518029;Chr1:3521898;Chr1:3526430;Chr1:3528489;Chr1:3532021;Chr1:3532286;Chr1:3538658;Chr1:3545410;Chr1:3549097;Chr1:3555509;Chr1:3560873;Chr1:3562048;Chr1:3563748;Chr1:3585408;Chr1:3591459;Chr1:3592562;Chr1:3593749;Chr1:3598247;Chr1:3603018;Chr1:3618613;Chr1:3632394;Chr1:3634633;Chr1:3638780;Chr1:3645293;Chr1:3647979;Chr1:3649192;Chr1:3653617;Chr1:3666530;Chr1:3671974;Chr1:3674151;Chr1:3674563;Chr1:3682852;Chr1:3686239;Chr1:3689143;Chr1:3705924;Chr1:3609663;Chr1:3714699;Chr1:3715108	Chr1:3297137;Chr1:3437368;Chr1:3591459;Chr1:3714699	Chr1:3674151	TRUE	TRUE	TRUE	1	1	FALSE	FALSE	3	3	3	1	2	4
nobgs_V0.5_c1_rep3_env8	emmax_simes	Chr1	3783035	3916211	19	1	Chr1:3783035;Chr1:3797355;Chr1:3811697;Chr1:3818679;Chr1:3826916;Chr1:3827322;Chr1:3832146;Chr1:3834168;Chr1:3838061;Chr1:3847109;Chr1:3848716;Chr1:3849207;Chr1:3851868;Chr1:3877807;Chr1:3887212;Chr1:3888089;Chr1:3892277;Chr1:3894074;Chr1:3916211	Chr1:3818679	""	FALSE	FALSE	TRUE	0	1	FALSE	FALSE	2	2	2	1	2	4
nobgs_V0.5_c1_rep3_env8	emmax_simes	Chr2	3731429	3739957	2	1	Chr2:3731429;Chr2:3739957	Chr2:3731429	""	FALSE	FALSE	FALSE	0	0	FALSE	FALSE	1	1	1	1	2	4
nobgs_V0.5_c1_rep3_env8	lfmm_simes	Chr1	2341933	2384567	12	2	Chr1:2341933;Chr1:2345621;Chr1:2363263;Chr1:2366315;Chr1:2354533;Chr1:2358218;Chr1:2360022;Chr1:2365776;Chr1:2367349;Chr1:2369810;Chr1:2382474;Chr1:2384567	Chr1:2345621;Chr1:2365776	Chr1:2366315	TRUE	TRUE	TRUE	1	1	FALSE	FALSE	3	3	3	1	2	4
nobgs_V0.5_c1_rep3_env8	lfmm_simes	Chr1	3458443	3705924	44	1	Chr1:3458443;Chr1:3468448;Chr1:3472261;Chr1:3485576;Chr1:3486136;Chr1:3489553;Chr1:3491471;Chr1:3496377;Chr1:3511355;Chr1:3518029;Chr1:3521898;Chr1:3526430;Chr1:3528489;Chr1:3532021;Chr1:3532286;Chr1:3538658;Chr1:3545410;Chr1:3549097;Chr1:3555509;Chr1:3560873;Chr1:3562048;Chr1:3563748;Chr1:3585408;Chr1:3591459;Chr1:3592562;Chr1:3593749;Chr1:3598247;Chr1:3603018;Chr1:3618613;Chr1:3632394;Chr1:3634633;Chr1:3638780;Chr1:3645293;Chr1:3647979;Chr1:3649192;Chr1:3653617;Chr1:3666530;Chr1:3671974;Chr1:3674151;Chr1:3674563;Chr1:3682852;Chr1:3686239;Chr1:3689143;Chr1:3705924	Chr1:3591459	Chr1:3674151	TRUE	TRUE	TRUE	1	1	FALSE	FALSE	3	3	3	1	2	4
nobgs_V0.5_c1_rep3_env9	emmax_consensus	Chr1	15317483	15360195	10	1	Chr1:15317483;Chr1:15327584;Chr1:15331318;Chr1:15340722;Chr1:15345926;Chr1:15351830;Chr1:15353047;Chr1:15355991;Chr1:15358001;Chr1:15360195	Chr1:15355991	Chr1:15327584	TRUE	TRUE	TRUE	1	1	FALSE	FALSE	3	3	3	1	2	4
nobgs_V0.5_c1_rep3_env9	emmax_consensus	Chr2	5789290	5811078	3	1	Chr2:5789290;Chr2:5801344;Chr2:5811078	Chr2:5801344	""	FALSE	FALSE	FALSE	0	0	FALSE	FALSE	1	1	1	1	2	4
nobgs_V0.5_c1_rep3_env9	emmax_consensus	Chr2	15612766	15620090	2	1	Chr2:15612766;Chr2:15620090	Chr2:15612766	""	FALSE	FALSE	FALSE	0	0	FALSE	FALSE	1	1	1	1	2	4
nobgs_V0.5_c1_rep3_env9	emmax_simes	Chr1	15317483	15360195	10	1	Chr1:15317483;Chr1:15327584;Chr1:15331318;Chr1:15340722;Chr1:15345926;Chr1:15351830;Chr1:15353047;Chr1:15355991;Chr1:15358001;Chr1:15360195	Chr1:15355991	Chr1:15327584	TRUE	TRUE	TRUE	1	1	FALSE	FALSE	3	3	3	1	2	4
nobgs_V0.5_c1_rep3_env9	lfmm_simes	Chr1	3639134	3712094	6	1	Chr1:3639134;Chr1:3690505;Chr1:3695518;Chr1:3696241;Chr1:3699227;Chr1:3712094	Chr1:3695518	""	FALSE	FALSE	TRUE	0	1	FALSE	FALSE	2	2	2	1	2	4
nobgs_V0.5_c1_rep3_env9	lfmm_simes	Chr1	13080126	13136418	11	1	Chr1:13080126;Chr1:13086932;Chr1:13088986;Chr1:13091415;Chr1:13093947;Chr1:13095378;Chr1:13099838;Chr1:13100343;Chr1:13114221;Chr1:13134892;Chr1:13136418	Chr1:13086932	Chr1:13100343	TRUE	FALSE	TRUE	0	1	FALSE	FALSE	2	2	2	1	2	4
nobgs_V0.5_c1_rep3_env9	lfmm_simes	Chr1	15317483	15360195	10	1	Chr1:15317483;Chr1:15327584;Chr1:15331318;Chr1:15340722;Chr1:15345926;Chr1:15351830;Chr1:15353047;Chr1:15355991;Chr1:15358001;Chr1:15360195	Chr1:15355991	Chr1:15327584	TRUE	TRUE	TRUE	1	1	FALSE	FALSE	3	3	3	1	2	4
nobgs_V0.5_c1_rep3_env9	lfmm_simes	Chr2	15612766	15620090	2	1	Chr2:15612766;Chr2:15620090	Chr2:15612766	""	FALSE	FALSE	FALSE	0	0	FALSE	FALSE	1	1	1	1	2	4
nobgs_V0.5_c1_rep4_env1	lfmm_simes	Chr1	16743633	17290115	40	3	Chr1:16743633;Chr1:16762009;Chr1:16799690;Chr1:16878331;Chr1:16889578;Chr1:16932492;Chr1:17078875;Chr1:17091576;Chr1:17107691;Chr1:17129251;Chr1:17238611;Chr1:17246499;Chr1:17261172;Chr1:16882099;Chr1:16896555;Chr1:16907593;Chr1:16907907;Chr1:16908798;Chr1:16921366;Chr1:16929074;Chr1:16936833;Chr1:16950502;Chr1:16952406;Chr1:16953006;Chr1:16958267;Chr1:16982802;Chr1:17015604;Chr1:17047545;Chr1:17052566;Chr1:17094976;Chr1:17100700;Chr1:17108741;Chr1:17113657;Chr1:17117975;Chr1:17200393;Chr1:17210466;Chr1:17221803;Chr1:17263770;Chr1:17283315;Chr1:17290115	Chr1:17129251;Chr1:16950502;Chr1:17108741	Chr1:17129251	TRUE	TRUE	TRUE	1	1	FALSE	FALSE	3	3	3	1	2	4
nobgs_V0.5_c1_rep4_env1	lfmm_simes	Chr1	17497229	17519331	3	1	Chr1:17497229;Chr1:17513947;Chr1:17519331	Chr1:17513947	""	FALSE	TRUE	FALSE	1	0	FALSE	FALSE	2	2	3	1	2	4
nobgs_V0.5_c1_rep4_env10	emmax_consensus	Chr1	12134064	12190156	5	1	Chr1:12134064;Chr1:12156402;Chr1:12158155;Chr1:12179895;Chr1:12190156	Chr1:12156402	""	FALSE	FALSE	TRUE	0	1	FALSE	FALSE	2	2	2	1	2	4
nobgs_V0.5_c1_rep4_env10	emmax_consensus	Chr1	18609057	18643472	3	1	Chr1:18609057;Chr1:18638989;Chr1:18643472	Chr1:18638989	Chr1:18734076	TRUE	FALSE	FALSE	0	0	FALSE	FALSE	1	1	1	1	2	4
nobgs_V0.5_c1_rep4_env10	emmax_consensus	Chr1	18734076	18831878	9	2	Chr1:18734076;Chr1:18763552;Chr1:18781473;Chr1:18802307;Chr1:18821201;Chr1:18821760;Chr1:18831878;Chr1:18818065;Chr1:18829358	Chr1:18802307;Chr1:18818065	Chr1:18734076	TRUE	TRUE	TRUE	1	1	FALSE	FALSE	3	3	3	1	2	4
nobgs_V0.5_c1_rep4_env10	emmax_consensus	Chr1	27102641	27342279	10	1	Chr1:27102641;Chr1:27133072;Chr1:27172003;Chr1:27219532;Chr1:27250000;Chr1:27288693;Chr1:27289805;Chr1:27308737;Chr1:27315607;Chr1:27342279	Chr1:27102641	Chr1:27270082	TRUE	TRUE	TRUE	1	1	FALSE	FALSE	3	3	3	1	2	4
nobgs_V0.5_c1_rep4_env10	emmax_consensus	Chr1	29866832	29870975	2	1	Chr1:29866832;Chr1:29870975	Chr1:29866832	""	FALSE	FALSE	FALSE	0	0	FALSE	FALSE	1	1	1	1	2	4
nobgs_V0.5_c1_rep4_env10	emmax_consensus	Chr1	29923729	29941219	6	2	Chr1:29923729;Chr1:29925522;Chr1:29929228;Chr1:29933151;Chr1:29941030;Chr1:29941219	Chr1:29929228;Chr1:29941030	""	FALSE	TRUE	TRUE	1	1	FALSE	FALSE	3	3	3	1	2	4
nobgs_V0.5_c1_rep4_env10	emmax_consensus	Chr1	29998163	30072896	7	3	Chr1:29998163;Chr1:30004578;Chr1:30024661;Chr1:30040339;Chr1:30041679;Chr1:30058961;Chr1:30072896	Chr1:29998163;Chr1:30041679;Chr1:30058961	Chr1:30072896	TRUE	TRUE	FALSE	1	0	FALSE	FALSE	2	2	2	1	2	4
nobgs_V0.5_c1_rep4_env10	emmax_simes	Chr1	18609057	18643472	3	1	Chr1:18609057;Chr1:18638989;Chr1:18643472	Chr1:18638989	Chr1:18734076	TRUE	FALSE	FALSE	0	0	FALSE	FALSE	1	1	1	1	2	4
nobgs_V0.5_c1_rep4_env10	emmax_simes	Chr1	18734076	18831878	9	2	Chr1:18734076;Chr1:18763552;Chr1:18781473;Chr1:18802307;Chr1:18821201;Chr1:18821760;Chr1:18831878;Chr1:18818065;Chr1:18829358	Chr1:18802307;Chr1:18818065	Chr1:18734076	TRUE	TRUE	TRUE	1	1	FALSE	FALSE	3	3	3	1	2	4
nobgs_V0.5_c1_rep4_env10	emmax_simes	Chr1	27102641	27342279	10	1	Chr1:27102641;Chr1:27133072;Chr1:27172003;Chr1:27219532;Chr1:27250000;Chr1:27288693;Chr1:27289805;Chr1:27308737;Chr1:27315607;Chr1:27342279	Chr1:27102641	Chr1:27270082	TRUE	TRUE	TRUE	1	1	FALSE	FALSE	3	3	3	1	2	4
nobgs_V0.5_c1_rep4_env10	emmax_simes	Chr1	29866832	29870975	2	1	Chr1:29866832;Chr1:29870975	Chr1:29866832	""	FALSE	FALSE	FALSE	0	0	FALSE	FALSE	1	1	1	1	2	4
nobgs_V0.5_c1_rep4_env10	emmax_simes	Chr1	29923729	29941219	6	2	Chr1:29923729;Chr1:29925522;Chr1:29929228;Chr1:29933151;Chr1:29941030;Chr1:29941219	Chr1:29929228;Chr1:29941030	""	FALSE	TRUE	TRUE	1	1	FALSE	FALSE	3	3	3	1	2	4
nobgs_V0.5_c1_rep4_env10	emmax_simes	Chr1	29998163	30072896	7	3	Chr1:29998163;Chr1:30004578;Chr1:30024661;Chr1:30040339;Chr1:30041679;Chr1:30058961;Chr1:30072896	Chr1:29998163;Chr1:30041679;Chr1:30058961	Chr1:30072896	TRUE	TRUE	FALSE	1	0	FALSE	FALSE	2	2	2	1	2	4
nobgs_V0.5_c1_rep4_env10	lfmm_simes	Chr1	12134064	12190156	5	1	Chr1:12134064;Chr1:12156402;Chr1:12158155;Chr1:12179895;Chr1:12190156	Chr1:12156402	""	FALSE	TRUE	TRUE	1	1	FALSE	FALSE	3	3	3	1	2	4
nobgs_V0.5_c1_rep4_env10	lfmm_simes	Chr1	18609057	18643472	3	1	Chr1:18609057;Chr1:18638989;Chr1:18643472	Chr1:18638989	Chr1:18734076	TRUE	TRUE	FALSE	1	0	FALSE	FALSE	2	2	2	1	2	4
nobgs_V0.5_c1_rep4_env10	lfmm_simes	Chr1	18734076	18831878	9	2	Chr1:18734076;Chr1:18763552;Chr1:18781473;Chr1:18802307;Chr1:18821201;Chr1:18821760;Chr1:18831878;Chr1:18818065;Chr1:18829358	Chr1:18802307;Chr1:18818065	Chr1:18734076	TRUE	TRUE	TRUE	1	1	FALSE	FALSE	3	3	3	1	2	4
nobgs_V0.5_c1_rep4_env10	lfmm_simes	Chr1	26610635	26766595	4	1	Chr1:26610635;Chr1:26696360;Chr1:26712130;Chr1:26766595	Chr1:26712130	""	FALSE	TRUE	TRUE	1	1	FALSE	FALSE	3	3	3	1	2	4
nobgs_V0.5_c1_rep4_env10	lfmm_simes	Chr1	26676409	26879486	3	1	Chr1:26676409;Chr1:26693128;Chr1:26879486	Chr1:26693128	""	FALSE	TRUE	FALSE	1	0	FALSE	FALSE	2	2	3	1	2	4
nobgs_V0.5_c1_rep4_env10	lfmm_simes	Chr1	27102641	27342279	10	1	Chr1:27102641;Chr1:27133072;Chr1:27172003;Chr1:27219532;Chr1:27250000;Chr1:27288693;Chr1:27289805;Chr1:27308737;Chr1:27315607;Chr1:27342279	Chr1:27102641	Chr1:27270082	TRUE	TRUE	TRUE	1	1	FALSE	FALSE	3	3	3	1	2	4
nobgs_V0.5_c1_rep4_env10	lfmm_simes	Chr1	27137277	27338568	15	1	Chr1:27137277;Chr1:27138902;Chr1:27140483;Chr1:27146675;Chr1:27213391;Chr1:27217603;Chr1:27228456;Chr1:27268973;Chr1:27286142;Chr1:27290070;Chr1:27298095;Chr1:27321154;Chr1:27323448;Chr1:27338359;Chr1:27338568	Chr1:27298095	Chr1:27270082	TRUE	TRUE	TRUE	1	1	FALSE	FALSE	3	3	3	1	2	4
nobgs_V0.5_c1_rep4_env10	lfmm_simes	Chr1	28416339	28419633	2	1	Chr1:28416339;Chr1:28419633	Chr1:28416339	""	FALSE	TRUE	FALSE	1	0	FALSE	FALSE	2	2	2	1	2	4
nobgs_V0.5_c1_rep4_env10	lfmm_simes	Chr1	29866832	29870975	2	1	Chr1:29866832;Chr1:29870975	Chr1:29866832	""	FALSE	TRUE	FALSE	1	0	FALSE	FALSE	2	2	2	1	2	4
nobgs_V0.5_c1_rep4_env10	lfmm_simes	Chr1	29923729	29941219	6	2	Chr1:29923729;Chr1:29925522;Chr1:29929228;Chr1:29933151;Chr1:29941030;Chr1:29941219	Chr1:29929228;Chr1:29941030	""	FALSE	TRUE	TRUE	1	1	FALSE	FALSE	3	3	3	1	2	4
nobgs_V0.5_c1_rep4_env10	lfmm_simes	Chr1	29998163	30072896	7	3	Chr1:29998163;Chr1:30004578;Chr1:30024661;Chr1:30040339;Chr1:30041679;Chr1:30058961;Chr1:30072896	Chr1:29998163;Chr1:30041679;Chr1:30058961	Chr1:30072896	TRUE	TRUE	FALSE	1	0	FALSE	FALSE	2	2	2	1	2	4
nobgs_V0.5_c1_rep4_env10	lfmm_simes	Chr1	30074246	30078068	2	1	Chr1:30074246;Chr1:30078068	Chr1:30074246	Chr1:30072896	TRUE	TRUE	FALSE	1	0	FALSE	FALSE	2	2	2	1	2	4
nobgs_V0.5_c1_rep4_env2	emmax_consensus	Chr1	5113217	5120859	2	1	Chr1:5113217;Chr1:5120859	Chr1:5113217	Chr1:5120859	TRUE	TRUE	FALSE	1	0	FALSE	FALSE	2	2	2	1	2	4
nobgs_V0.5_c1_rep4_env2	emmax_consensus	Chr1	18734076	18899887	14	2	Chr1:18734076;Chr1:18752259;Chr1:18763552;Chr1:18821201;Chr1:18821760;Chr1:18831878;Chr1:18864289;Chr1:18869039;Chr1:18874575;Chr1:18878829;Chr1:18886138;Chr1:18887889;Chr1:18899404;Chr1:18899887	Chr1:18734076;Chr1:18874575	Chr1:18734076	TRUE	TRUE	TRUE	1	1	FALSE	FALSE	3	3	3	1	2	4
nobgs_V0.5_c1_rep4_env2	emmax_simes	Chr1	5113217	5120859	2	1	Chr1:5113217;Chr1:5120859	Chr1:5113217	Chr1:5120859	TRUE	TRUE	FALSE	1	0	FALSE	FALSE	2	2	2	1	2	4
nobgs_V0.5_c1_rep4_env2	emmax_simes	Chr1	18734076	18899887	14	2	Chr1:18734076;Chr1:18752259;Chr1:18763552;Chr1:18821201;Chr1:18821760;Chr1:18831878;Chr1:18864289;Chr1:18869039;Chr1:18874575;Chr1:18878829;Chr1:18886138;Chr1:18887889;Chr1:18899404;Chr1:18899887	Chr1:18734076;Chr1:18874575	Chr1:18734076	TRUE	TRUE	TRUE	1	1	FALSE	FALSE	3	3	3	1	2	4
nobgs_V0.5_c1_rep4_env2	lfmm_simes	Chr1	5028733	5044029	3	1	Chr1:5028733;Chr1:5042593;Chr1:5044029	Chr1:5044029	Chr1:5120859	TRUE	TRUE	FALSE	1	0	FALSE	FALSE	2	2	2	1	2	4
nobgs_V0.5_c1_rep4_env2	lfmm_simes	Chr1	5113217	5120859	2	1	Chr1:5113217;Chr1:5120859	Chr1:5113217	Chr1:5120859	TRUE	TRUE	FALSE	1	0	FALSE	FALSE	2	2	2	1	2	4
nobgs_V0.5_c1_rep4_env2	lfmm_simes	Chr1	18734076	18899887	14	2	Chr1:18734076;Chr1:18752259;Chr1:18763552;Chr1:18821201;Chr1:18821760;Chr1:18831878;Chr1:18864289;Chr1:18869039;Chr1:18874575;Chr1:18878829;Chr1:18886138;Chr1:18887889;Chr1:18899404;Chr1:18899887	Chr1:18734076;Chr1:18874575	Chr1:18734076	TRUE	TRUE	TRUE	1	1	FALSE	FALSE	3	3	3	1	2	4
nobgs_V0.5_c1_rep4_env2	lfmm_simes	Chr2	29548460	29553412	2	1	Chr2:29548460;Chr2:29553412	Chr2:29548460	""	FALSE	TRUE	FALSE	1	0	FALSE	FALSE	2	2	2	1	2	4
nobgs_V0.5_c1_rep4_env3	emmax_consensus	Chr1	29991787	30162395	22	4	Chr1:29991787;Chr1:29994035;Chr1:29994269;Chr1:30004578;Chr1:30006386;Chr1:30010749;Chr1:30020185;Chr1:30022395;Chr1:30031255;Chr1:30032683;Chr1:30044826;Chr1:30059437;Chr1:30062297;Chr1:30072896;Chr1:30074085;Chr1:30086579;Chr1:30108874;Chr1:30120572;Chr1:30121579;Chr1:30142395;Chr1:30157372;Chr1:30162395	Chr1:29994035;Chr1:30059437;Chr1:30120572;Chr1:30157372	Chr1:30072896	TRUE	TRUE	TRUE	1	1	FALSE	FALSE	3	3	3	1	2	4
nobgs_V0.5_c1_rep4_env3	emmax_consensus	Chr1	30067449	30067867	2	1	Chr1:30067449;Chr1:30067867	Chr1:30067449	Chr1:30072896	TRUE	TRUE	FALSE	1	0	FALSE	FALSE	2	2	3	1	2	4
nobgs_V0.5_c1_rep4_env3	emmax_simes	Chr1	29991787	30162395	22	4	Chr1:29991787;Chr1:29994035;Chr1:29994269;Chr1:30004578;Chr1:30006386;Chr1:30010749;Chr1:30020185;Chr1:30022395;Chr1:30031255;Chr1:30032683;Chr1:30044826;Chr1:30059437;Chr1:30062297;Chr1:30072896;Chr1:30074085;Chr1:30086579;Chr1:30108874;Chr1:30120572;Chr1:30121579;Chr1:30142395;Chr1:30157372;Chr1:30162395	Chr1:29994035;Chr1:30059437;Chr1:30120572;Chr1:30157372	Chr1:30072896	TRUE	TRUE	TRUE	1	1	FALSE	FALSE	3	3	3	1	2	4
nobgs_V0.5_c1_rep4_env3	emmax_simes	Chr1	30067449	30067867	2	1	Chr1:30067449;Chr1:30067867	Chr1:30067449	Chr1:30072896	TRUE	TRUE	FALSE	1	0	FALSE	FALSE	2	2	3	1	2	4
nobgs_V0.5_c1_rep4_env3	lfmm_simes	Chr1	29124826	29133447	2	1	Chr1:29124826;Chr1:29133447	Chr1:29124826	""	FALSE	FALSE	FALSE	0	0	FALSE	FALSE	1	1	1	1	2	4
nobgs_V0.5_c1_rep4_env3	lfmm_simes	Chr1	29889152	30162395	25	5	Chr1:29889152;Chr1:29918595;Chr1:29924672;Chr1:29991787;Chr1:29994035;Chr1:29994269;Chr1:30004578;Chr1:30006386;Chr1:30010749;Chr1:30020185;Chr1:30022395;Chr1:30031255;Chr1:30032683;Chr1:30044826;Chr1:30059437;Chr1:30062297;Chr1:30072896;Chr1:30074085;Chr1:30086579;Chr1:30108874;Chr1:30120572;Chr1:30121579;Chr1:30142395;Chr1:30157372;Chr1:30162395	Chr1:29924672;Chr1:29994035;Chr1:30059437;Chr1:30120572;Chr1:30157372	Chr1:30072896	TRUE	TRUE	TRUE	1	1	FALSE	FALSE	3	3	3	1	2	4
nobgs_V0.5_c1_rep4_env3	lfmm_simes	Chr1	30067449	30067867	2	1	Chr1:30067449;Chr1:30067867	Chr1:30067449	Chr1:30072896	TRUE	FALSE	FALSE	0	0	FALSE	FALSE	1	1	3	1	2	4
nobgs_V0.5_c1_rep4_env4	emmax_consensus	Chr1	18606150	19359811	55	3	Chr1:18606150;Chr1:18606642;Chr1:18612454;Chr1:18625239;Chr1:18625400;Chr1:18628515;Chr1:18646172;Chr1:18660346;Chr1:18708320;Chr1:18708678;Chr1:18734076;Chr1:18734160;Chr1:18737275;Chr1:18740961;Chr1:18764522;Chr1:18765110;Chr1:18780479;Chr1:18853568;Chr1:18860586;Chr1:18889384;Chr1:18896053;Chr1:18901260;Chr1:18929483;Chr1:18960305;Chr1:18979315;Chr1:18988478;Chr1:19002856;Chr1:19003421;Chr1:19005073;Chr1:19005175;Chr1:19005892;Chr1:19024684;Chr1:19136527;Chr1:19148338;Chr1:19173223;Chr1:19176816;Chr1:19184034;Chr1:19221842;Chr1:19226004;Chr1:19238357;Chr1:19258195;Chr1:19265626;Chr1:19275748;Chr1:19289896;Chr1:19294804;Chr1:19296800;Chr1:19306706;Chr1:19315140;Chr1:19359811;Chr1:19075986;Chr1:19086501;Chr1:19093803;Chr1:19112470;Chr1:19119375;Chr1:19126572	Chr1:18606642;Chr1:18960305;Chr1:19086501	Chr1:18734076;Chr1:19379228	TRUE	TRUE	TRUE	1	1	FALSE	FALSE	3	3	3	1	2	4
nobgs_V0.5_c1_rep4_env4	emmax_consensus	Chr1	19379228	19622662	35	2	Chr1:19379228;Chr1:19402968;Chr1:19420661;Chr1:19429151;Chr1:19443880;Chr1:19453407;Chr1:19454597;Chr1:19456820;Chr1:19465440;Chr1:19469787;Chr1:19471215;Chr1:19474175;Chr1:19477604;Chr1:19497350;Chr1:19499823;Chr1:19502986;Chr1:19505649;Chr1:19510677;Chr1:19516287;Chr1:19516300;Chr1:19517184;Chr1:19521023;Chr1:19529602;Chr1:19531627;Chr1:19539083;Chr1:19543754;Chr1:19548960;Chr1:19568976;Chr1:19579958;Chr1:19595421;Chr1:19599378;Chr1:19599841;Chr1:19600723;Chr1:19605606;Chr1:19622662	Chr1:19474175;Chr1:19599841	Chr1:19379228	TRUE	TRUE	TRUE	1	1	FALSE	FALSE	3	3	3	1	2	4
nobgs_V0.5_c1_rep4_env4	emmax_simes	Chr1	18606150	19622662	84	4	Chr1:18606150;Chr1:18606642;Chr1:18612454;Chr1:18625239;Chr1:18625400;Chr1:18628515;Chr1:18646172;Chr1:18660346;Chr1:18708320;Chr1:18708678;Chr1:18734076;Chr1:18734160;Chr1:18737275;Chr1:18740961;Chr1:18764522;Chr1:18765110;Chr1:18780479;Chr1:18853568;Chr1:18860586;Chr1:18889384;Chr1:18896053;Chr1:18901260;Chr1:18929483;Chr1:18960305;Chr1:18979315;Chr1:18988478;Chr1:19002856;Chr1:19003421;Chr1:19005073;Chr1:19005175;Chr1:19005892;Chr1:19024684;Chr1:19136527;Chr1:19148338;Chr1:19173223;Chr1:19176816;Chr1:19184034;Chr1:19221842;Chr1:19226004;Chr1:19238357;Chr1:19258195;Chr1:19265626;Chr1:19275748;Chr1:19289896;Chr1:19294804;Chr1:19296800;Chr1:19306706;Chr1:19315140;Chr1:19359811;Chr1:19379228;Chr1:19402968;Chr1:19420661;Chr1:19429151;Chr1:19443880;Chr1:19453407;Chr1:19454597;Chr1:19456820;Chr1:19465440;Chr1:19469787;Chr1:19471215;Chr1:19474175;Chr1:19477604;Chr1:19497350;Chr1:19499823;Chr1:19502986;Chr1:19505649;Chr1:19510677;Chr1:19516287;Chr1:19516300;Chr1:19517184;Chr1:19521023;Chr1:19529602;Chr1:19531627;Chr1:19539083;Chr1:19543754;Chr1:19548960;Chr1:19568976;Chr1:19579958;Chr1:19595421;Chr1:19599378;Chr1:19599841;Chr1:19600723;Chr1:19605606;Chr1:19622662	Chr1:18606642;Chr1:18960305;Chr1:19474175;Chr1:19599841	Chr1:18734076;Chr1:19379228	TRUE	TRUE	TRUE	1	2	FALSE	FALSE	3	3	3	1	2	4
nobgs_V0.5_c1_rep4_env4	lfmm_simes	Chr1	9174582	9223611	8	1	Chr1:9174582;Chr1:9175740;Chr1:9180091;Chr1:9192528;Chr1:9194883;Chr1:9204967;Chr1:9223166;Chr1:9223611	Chr1:9194883	""	FALSE	FALSE	TRUE	0	1	FALSE	FALSE	2	2	2	1	2	4
nobgs_V0.5_c1_rep4_env4	lfmm_simes	Chr1	18734076	19622662	74	3	Chr1:18734076;Chr1:18734160;Chr1:18737275;Chr1:18740961;Chr1:18764522;Chr1:18765110;Chr1:18780479;Chr1:18853568;Chr1:18860586;Chr1:18889384;Chr1:18896053;Chr1:18901260;Chr1:18929483;Chr1:18960305;Chr1:18979315;Chr1:18988478;Chr1:19002856;Chr1:19003421;Chr1:19005073;Chr1:19005175;Chr1:19005892;Chr1:19024684;Chr1:19136527;Chr1:19148338;Chr1:19173223;Chr1:19176816;Chr1:19184034;Chr1:19221842;Chr1:19226004;Chr1:19238357;Chr1:19258195;Chr1:19265626;Chr1:19275748;Chr1:19289896;Chr1:19294804;Chr1:19296800;Chr1:19306706;Chr1:19315140;Chr1:19359811;Chr1:19379228;Chr1:19402968;Chr1:19420661;Chr1:19429151;Chr1:19443880;Chr1:19453407;Chr1:19454597;Chr1:19456820;Chr1:19465440;Chr1:19469787;Chr1:19471215;Chr1:19474175;Chr1:19477604;Chr1:19497350;Chr1:19499823;Chr1:19502986;Chr1:19505649;Chr1:19510677;Chr1:19516287;Chr1:19516300;Chr1:19517184;Chr1:19521023;Chr1:19529602;Chr1:19531627;Chr1:19539083;Chr1:19543754;Chr1:19548960;Chr1:19568976;Chr1:19579958;Chr1:19595421;Chr1:19599378;Chr1:19599841;Chr1:19600723;Chr1:19605606;Chr1:19622662	Chr1:18960305;Chr1:19474175;Chr1:19599841	Chr1:18734076;Chr1:19379228	TRUE	TRUE	TRUE	1	1	FALSE	FALSE	3	3	3	1	2	4
nobgs_V0.5_c1_rep4_env4	lfmm_simes	Chr1	27452942	27482154	7	1	Chr1:27452942;Chr1:27462542;Chr1:27468139;Chr1:27468518;Chr1:27476979;Chr1:27477855;Chr1:27482154	Chr1:27468139	""	FALSE	FALSE	TRUE	0	1	FALSE	FALSE	2	2	2	1	2	4
nobgs_V0.5_c1_rep4_env5	emmax_consensus	Chr1	18734076	18899887	13	2	Chr1:18734076;Chr1:18763552;Chr1:18821201;Chr1:18821760;Chr1:18831878;Chr1:18864289;Chr1:18869039;Chr1:18874575;Chr1:18878829;Chr1:18886138;Chr1:18887889;Chr1:18899404;Chr1:18899887	Chr1:18734076;Chr1:18831878	Chr1:18734076	TRUE	TRUE	TRUE	1	1	FALSE	FALSE	3	3	3	1	2	4
nobgs_V0.5_c1_rep4_env5	emmax_consensus	Chr1	23007104	23933341	81	1	Chr1:23007104;Chr1:23021969;Chr1:23022930;Chr1:23026737;Chr1:23034259;Chr1:23035795;Chr1:23048679;Chr1:23050425;Chr1:23053310;Chr1:23055535;Chr1:23055594;Chr1:23067907;Chr1:23083335;Chr1:23084162;Chr1:23088567;Chr1:23089713;Chr1:23092018;Chr1:23096815;Chr1:23097396;Chr1:23104389;Chr1:23121124;Chr1:23123733;Chr1:23124384;Chr1:23127333;Chr1:23133328;Chr1:23141555;Chr1:23142241;Chr1:23149728;Chr1:23158502;Chr1:23161260;Chr1:23161897;Chr1:23193736;Chr1:23200469;Chr1:23207256;Chr1:23212183;Chr1:23232071;Chr1:23237164;Chr1:23237904;Chr1:23242367;Chr1:23242960;Chr1:23246249;Chr1:23254679;Chr1:23256646;Chr1:23261621;Chr1:23265157;Chr1:23276148;Chr1:23284685;Chr1:23293528;Chr1:23300475;Chr1:23304769;Chr1:23323160;Chr1:23371298;Chr1:23410096;Chr1:23416268;Chr1:23416683;Chr1:23423547;Chr1:23433210;Chr1:23433322;Chr1:23442136;Chr1:23442791;Chr1:23444607;Chr1:23450802;Chr1:23455116;Chr1:23459568;Chr1:23490184;Chr1:23508225;Chr1:23513078;Chr1:23536860;Chr1:23543219;Chr1:23544088;Chr1:23556102;Chr1:23595830;Chr1:23612498;Chr1:23625950;Chr1:23672870;Chr1:23678168;Chr1:23719428;Chr1:23745191;Chr1:23775321;Chr1:23852089;Chr1:23933341	Chr1:23193736	""	FALSE	FALSE	TRUE	0	1	FALSE	FALSE	2	2	2	1	2	4
nobgs_V0.5_c1_rep4_env5	emmax_consensus	Chr1	24347215	27266523	341	4	Chr1:24347215;Chr1:24353907;Chr1:24411188;Chr1:24529899;Chr1:24545460;Chr1:24580859;Chr1:24587173;Chr1:24605751;Chr1:24624156;Chr1:24627438;Chr1:24633737;Chr1:24647859;Chr1:24656700;Chr1:24672030;Chr1:24689019;Chr1:24691107;Chr1:24711252;Chr1:24720138;Chr1:24721561;Chr1:24726097;Chr1:24729148;Chr1:24732428;Chr1:24737900;Chr1:24740781;Chr1:24747464;Chr1:24750549;Chr1:24757179;Chr1:24763521;Chr1:24767820;Chr1:24781819;Chr1:24783094;Chr1:24791741;Chr1:24803209;Chr1:24804676;Chr1:24842134;Chr1:24843249;Chr1:24847021;Chr1:24850458;Chr1:24850899;Chr1:24856319;Chr1:24858883;Chr1:24860039;Chr1:24873408;Chr1:24874540;Chr1:24876920;Chr1:24884423;Chr1:24890192;Chr1:24890448;Chr1:24891009;Chr1:24892165;Chr1:24893477;Chr1:24898731;Chr1:24898871;Chr1:24909939;Chr1:24912634;Chr1:24917422;Chr1:24929590;Chr1:24930056;Chr1:24934199;Chr1:24934285;Chr1:24937578;Chr1:24943982;Chr1:24944701;Chr1:24948667;Chr1:24949499;Chr1:24956716;Chr1:24963297;Chr1:24971921;Chr1:24976335;Chr1:24979602;Chr1:24986824;Chr1:24996361;Chr1:25011797;Chr1:25012789;Chr1:25015210;Chr1:25019390;Chr1:25046551;Chr1:25055255;Chr1:25063475;Chr1:25063890;Chr1:25070402;Chr1:25071521;Chr1:25076732;Chr1:25077835;Chr1:25078173;Chr1:25080998;Chr1:25081352;Chr1:25084584;Chr1:25086028;Chr1:25094452;Chr1:25100262;Chr1:25108357;Chr1:25150265;Chr1:25165682;Chr1:25167203;Chr1:25170665;Chr1:25171116;Chr1:25172520;Chr1:25180549;Chr1:25187105;Chr1:25189807;Chr1:25197668;Chr1:25199688;Chr1:25200920;Chr1:25208751;Chr1:25214419;Chr1:25222444;Chr1:25229324;Chr1:25236090;Chr1:25241887;Chr1:25242520;Chr1:25245002;Chr1:25248659;Chr1:25254480;Chr1:25274540;Chr1:25284501;Chr1:25285095;Chr1:25289648;Chr1:25290305;Chr1:25292908;Chr1:25302506;Chr1:25304202;Chr1:25307978;Chr1:25308920;Chr1:25313494;Chr1:25314212;Chr1:25319163;Chr1:25325791;Chr1:25329476;Chr1:25329656;Chr1:25330724;Chr1:25340286;Chr1:25343695;Chr1:25345226;Chr1:25354248;Chr1:25357952;Chr1:25362722;Chr1:25368004;Chr1:25369206;Chr1:25370120;Chr1:25374552;Chr1:25384704;Chr1:25403207;Chr1:25405615;Chr1:25409697;Chr1:25411098;Chr1:25418527;Chr1:25423994;Chr1:25424144;Chr1:25428911;Chr1:25428990;Chr1:25433372;Chr1:25434201;Chr1:25436199;Chr1:25438013;Chr1:25442511;Chr1:25446739;Chr1:25457546;Chr1:25460821;Chr1:25474580;Chr1:25476770;Chr1:25477106;Chr1:25483786;Chr1:25490208;Chr1:25494922;Chr1:25501691;Chr1:25503327;Chr1:25512211;Chr1:25517052;Chr1:25517179;Chr1:25527903;Chr1:25542094;Chr1:25552171;Chr1:25555887;Chr1:25560522;Chr1:25562827;Chr1:25575880;Chr1:25599906;Chr1:25615341;Chr1:25617587;Chr1:25620469;Chr1:25620823;Chr1:25632159;Chr1:25632273;Chr1:25635916;Chr1:25636752;Chr1:25641022;Chr1:25646680;Chr1:25676749;Chr1:25678071;Chr1:25679660;Chr1:25687640;Chr1:25713041;Chr1:25732407;Chr1:25734321;Chr1:25738533;Chr1:25740038;Chr1:25745367;Chr1:25751573;Chr1:25758019;Chr1:25766281;Chr1:25771525;Chr1:25773610;Chr1:25777797;Chr1:25779312;Chr1:25779328;Chr1:25798023;Chr1:25799723;Chr1:25805244;Chr1:25815725;Chr1:25819059;Chr1:25834037;Chr1:25835453;Chr1:25859031;Chr1:25864160;Chr1:25870063;Chr1:25893786;Chr1:25895887;Chr1:25901055;Chr1:25910721;Chr1:25917598;Chr1:25930682;Chr1:25945894;Chr1:25947749;Chr1:25948498;Chr1:25954685;Chr1:25956030;Chr1:25962241;Chr1:25965149;Chr1:25972567;Chr1:25988341;Chr1:26005886;Chr1:26008429;Chr1:26014325;Chr1:26028135;Chr1:26029195;Chr1:26047892;Chr1:26082758;Chr1:26083807;Chr1:26133320;Chr1:26137974;Chr1:26173373;Chr1:26175469;Chr1:26199292;Chr1:26199686;Chr1:26200265;Chr1:26203011;Chr1:26227613;Chr1:26228526;Chr1:26265640;Chr1:26282342;Chr1:26299240;Chr1:26317174;Chr1:26330293;Chr1:26339249;Chr1:26342506;Chr1:26346096;Chr1:26346132;Chr1:26356430;Chr1:26361038;Chr1:26368390;Chr1:26369638;Chr1:26371427;Chr1:26376549;Chr1:26380267;Chr1:26385041;Chr1:26387842;Chr1:26418243;Chr1:26423308;Chr1:26437980;Chr1:26448964;Chr1:26452672;Chr1:26452895;Chr1:26453888;Chr1:26454522;Chr1:26459615;Chr1:26460123;Chr1:26463764;Chr1:26476989;Chr1:26483901;Chr1:26484067;Chr1:26493747;Chr1:26496358;Chr1:26500164;Chr1:26507932;Chr1:26513642;Chr1:26513646;Chr1:26515192;Chr1:26536428;Chr1:26539243;Chr1:26540242;Chr1:26568172;Chr1:26579004;Chr1:26586831;Chr1:26593002;Chr1:26593805;Chr1:26595078;Chr1:26609437;Chr1:26610635;Chr1:26616361;Chr1:26621622;Chr1:26625611;Chr1:26632472;Chr1:26752151;Chr1:26788734;Chr1:26818994;Chr1:26834906;Chr1:26836315;Chr1:26862531;Chr1:26891437;Chr1:26893971;Chr1:26951236;Chr1:26982092;Chr1:27008731;Chr1:27011929;Chr1:27018509;Chr1:27042668;Chr1:27051639;Chr1:27053981;Chr1:27054968;Chr1:27065259;Chr1:27071928;Chr1:27075480;Chr1:27091336;Chr1:27092863;Chr1:27096261;Chr1:27100843;Chr1:27102452;Chr1:27105490;Chr1:27111345;Chr1:27112892;Chr1:27113917;Chr1:27121008;Chr1:27136814;Chr1:27158500;Chr1:27164292;Chr1:27174618;Chr1:27183191;Chr1:27196149;Chr1:27219724;Chr1:27266523	Chr1:25046551;Chr1:25834037;Chr1:26199292;Chr1:26483901	Chr1:24726097;Chr1:24917422;Chr1:27270082	TRUE	TRUE	TRUE	1	1	FALSE	FALSE	3	3	3	1	2	4
nobgs_V0.5_c1_rep4_env5	emmax_consensus	Chr1	26060167	27598092	132	4	Chr1:26060167;Chr1:26074672;Chr1:26075594;Chr1:26104303;Chr1:26114929;Chr1:26126202;Chr1:26129339;Chr1:26139365;Chr1:26151975;Chr1:26182473;Chr1:26187025;Chr1:26212581;Chr1:26219466;Chr1:26223681;Chr1:26318439;Chr1:26524279;Chr1:26633722;Chr1:26640685;Chr1:26645798;Chr1:26660380;Chr1:26666752;Chr1:26683169;Chr1:26696360;Chr1:26709000;Chr1:26709903;Chr1:26712130;Chr1:26716530;Chr1:26730080;Chr1:26735278;Chr1:26750775;Chr1:26766595;Chr1:26767568;Chr1:26773189;Chr1:26786889;Chr1:26808064;Chr1:26820361;Chr1:26831612;Chr1:26869572;Chr1:26869702;Chr1:26870542;Chr1:26873342;Chr1:26874454;Chr1:26877940;Chr1:26879070;Chr1:26896637;Chr1:26912273;Chr1:26913425;Chr1:26919587;Chr1:26937963;Chr1:26952739;Chr1:27058004;Chr1:27075491;Chr1:27086334;Chr1:27106148;Chr1:27121062;Chr1:27140483;Chr1:27146675;Chr1:27204252;Chr1:27207855;Chr1:27218926;Chr1:27253937;Chr1:27266059;Chr1:27266511;Chr1:27268441;Chr1:27268973;Chr1:27270082;Chr1:27280219;Chr1:27286142;Chr1:27290070;Chr1:27294077;Chr1:27298095;Chr1:27299484;Chr1:27305195;Chr1:27318058;Chr1:27318154;Chr1:27321154;Chr1:27323448;Chr1:27327402;Chr1:27328092;Chr1:27336885;Chr1:27338359;Chr1:27338568;Chr1:27340417;Chr1:27341456;Chr1:27353878;Chr1:27358661;Chr1:27362930;Chr1:27364816;Chr1:27369434;Chr1:27377967;Chr1:27382785;Chr1:27384883;Chr1:27386816;Chr1:27387912;Chr1:27389674;Chr1:27398885;Chr1:27398907;Chr1:27401129;Chr1:27403376;Chr1:27407354;Chr1:27418470;Chr1:27421174;Chr1:26546696;Chr1:27343698;Chr1:27436671;Chr1:27452942;Chr1:27462542;Chr1:27468139;Chr1:27468518;Chr1:27476979;Chr1:27477855;Chr1:27482154;Chr1:27492787;Chr1:27500665;Chr1:27509405;Chr1:27516072;Chr1:27524533;Chr1:27532548;Chr1:27533446;Chr1:27534072;Chr1:27537264;Chr1:27549294;Chr1:27562892;Chr1:27565986;Chr1:27568244;Chr1:27583234;Chr1:27585112;Chr1:27586827;Chr1:27589550;Chr1:27591255;Chr1:27596715;Chr1:27598092	Chr1:26104303;Chr1:27321154;Chr1:27343698;Chr1:27500665	Chr1:27270082	TRUE	TRUE	TRUE	1	2	FALSE	FALSE	3	3	3	1	2	4
nobgs_V0.5_c1_rep4_env5	emmax_simes	Chr1	18734076	18763552	2	1	Chr1:18734076;Chr1:18763552	Chr1:18734076	Chr1:18734076	TRUE	TRUE	FALSE	1	0	FALSE	FALSE	2	2	2	1	2	4
nobgs_V0.5_c1_rep4_env5	emmax_simes	Chr1	26133320	27266523	102	2	Chr1:26133320;Chr1:26137974;Chr1:26173373;Chr1:26175469;Chr1:26199292;Chr1:26199686;Chr1:26200265;Chr1:26203011;Chr1:26227613;Chr1:26228526;Chr1:26265640;Chr1:26282342;Chr1:26299240;Chr1:26317174;Chr1:26330293;Chr1:26339249;Chr1:26342506;Chr1:26346096;Chr1:26346132;Chr1:26356430;Chr1:26361038;Chr1:26368390;Chr1:26369638;Chr1:26371427;Chr1:26376549;Chr1:26380267;Chr1:26385041;Chr1:26387842;Chr1:26418243;Chr1:26423308;Chr1:26437980;Chr1:26448964;Chr1:26452672;Chr1:26452895;Chr1:26453888;Chr1:26454522;Chr1:26459615;Chr1:26460123;Chr1:26463764;Chr1:26476989;Chr1:26483901;Chr1:26484067;Chr1:26493747;Chr1:26496358;Chr1:26500164;Chr1:26507932;Chr1:26513642;Chr1:26513646;Chr1:26515192;Chr1:26536428;Chr1:26539243;Chr1:26540242;Chr1:26568172;Chr1:26579004;Chr1:26586831;Chr1:26593002;Chr1:26593805;Chr1:26595078;Chr1:26609437;Chr1:26610635;Chr1:26616361;Chr1:26621622;Chr1:26625611;Chr1:26632472;Chr1:26752151;Chr1:26788734;Chr1:26818994;Chr1:26834906;Chr1:26836315;Chr1:26862531;Chr1:26891437;Chr1:26893971;Chr1:26951236;Chr1:26982092;Chr1:27008731;Chr1:27011929;Chr1:27018509;Chr1:27042668;Chr1:27051639;Chr1:27053981;Chr1:27054968;Chr1:27065259;Chr1:27071928;Chr1:27075480;Chr1:27091336;Chr1:27092863;Chr1:27096261;Chr1:27100843;Chr1:27102452;Chr1:27105490;Chr1:27111345;Chr1:27112892;Chr1:27113917;Chr1:27121008;Chr1:27136814;Chr1:27158500;Chr1:27164292;Chr1:27174618;Chr1:27183191;Chr1:27196149;Chr1:27219724;Chr1:27266523	Chr1:26199292;Chr1:26483901	Chr1:27270082	TRUE	FALSE	TRUE	0	1	FALSE	FALSE	2	2	2	1	2	4
nobgs_V0.5_c1_rep4_env5	emmax_simes	Chr1	26318439	27421174	88	1	Chr1:26318439;Chr1:26524279;Chr1:26633722;Chr1:26640685;Chr1:26645798;Chr1:26660380;Chr1:26666752;Chr1:26683169;Chr1:26696360;Chr1:26709000;Chr1:26709903;Chr1:26712130;Chr1:26716530;Chr1:26730080;Chr1:26735278;Chr1:26750775;Chr1:26766595;Chr1:26767568;Chr1:26773189;Chr1:26786889;Chr1:26808064;Chr1:26820361;Chr1:26831612;Chr1:26869572;Chr1:26869702;Chr1:26870542;Chr1:26873342;Chr1:26874454;Chr1:26877940;Chr1:26879070;Chr1:26896637;Chr1:26912273;Chr1:26913425;Chr1:26919587;Chr1:26937963;Chr1:26952739;Chr1:27058004;Chr1:27075491;Chr1:27086334;Chr1:27106148;Chr1:27121062;Chr1:27140483;Chr1:27146675;Chr1:27204252;Chr1:27207855;Chr1:27218926;Chr1:27253937;Chr1:27266059;Chr1:27266511;Chr1:27268441;Chr1:27268973;Chr1:27270082;Chr1:27280219;Chr1:27286142;Chr1:27290070;Chr1:27294077;Chr1:27298095;Chr1:27299484;Chr1:27305195;Chr1:27318058;Chr1:27318154;Chr1:27321154;Chr1:27323448;Chr1:27327402;Chr1:27328092;Chr1:27336885;Chr1:27338359;Chr1:27338568;Chr1:27340417;Chr1:27341456;Chr1:27353878;Chr1:27358661;Chr1:27362930;Chr1:27364816;Chr1:27369434;Chr1:27377967;Chr1:27382785;Chr1:27384883;Chr1:27386816;Chr1:27387912;Chr1:27389674;Chr1:27398885;Chr1:27398907;Chr1:27401129;Chr1:27403376;Chr1:27407354;Chr1:27418470;Chr1:27421174	Chr1:27321154	Chr1:27270082	TRUE	FALSE	TRUE	0	1	FALSE	FALSE	2	2	2	1	2	4
nobgs_V0.5_c1_rep4_env5	lfmm_simes	Chr1	18734076	18763552	2	1	Chr1:18734076;Chr1:18763552	Chr1:18734076	Chr1:18734076	TRUE	TRUE	FALSE	1	0	FALSE	FALSE	2	2	2	1	2	4
nobgs_V0.5_c1_rep4_env6	emmax_consensus	Chr1	4954147	4984588	2	1	Chr1:4954147;Chr1:4984588	Chr1:4954147	""	FALSE	FALSE	FALSE	0	0	FALSE	FALSE	1	1	1	1	2	4
nobgs_V0.5_c1_rep4_env6	emmax_consensus	Chr1	5073063	5120859	6	2	Chr1:5073063;Chr1:5083066;Chr1:5095735;Chr1:5111781;Chr1:5113217;Chr1:5120859	Chr1:5083066;Chr1:5113217	Chr1:5120859	TRUE	TRUE	FALSE	1	0	FALSE	FALSE	2	2	2	1	2	4
nobgs_V0.5_c1_rep4_env6	emmax_consensus	Chr1	5158634	5172089	4	1	Chr1:5158634;Chr1:5163287;Chr1:5164734;Chr1:5172089	Chr1:5158634	Chr1:5120859	TRUE	FALSE	TRUE	0	1	FALSE	FALSE	2	2	2	1	2	4
nobgs_V0.5_c1_rep4_env6	emmax_consensus	Chr1	5214055	5234369	5	1	Chr1:5214055;Chr1:5214931;Chr1:5220826;Chr1:5225240;Chr1:5234369	Chr1:5214931	Chr1:5120859	TRUE	TRUE	TRUE	1	1	FALSE	FALSE	3	3	3	1	2	4
nobgs_V0.5_c1_rep4_env6	emmax_consensus	Chr1	27619366	27664641	7	1	Chr1:27619366;Chr1:27628786;Chr1:27631003;Chr1:27633092;Chr1:27643926;Chr1:27661373;Chr1:27664641	Chr1:27619366	""	FALSE	TRUE	TRUE	1	1	FALSE	FALSE	3	3	3	1	2	4
nobgs_V0.5_c1_rep4_env6	emmax_consensus	Chr1	31931526	31935635	2	1	Chr1:31931526;Chr1:31935635	Chr1:31931526	""	FALSE	TRUE	FALSE	1	0	FALSE	FALSE	2	2	2	1	2	4
nobgs_V0.5_c1_rep4_env6	emmax_simes	Chr1	4954147	4984588	2	1	Chr1:4954147;Chr1:4984588	Chr1:4954147	""	FALSE	FALSE	FALSE	0	0	FALSE	FALSE	1	1	1	1	2	4
nobgs_V0.5_c1_rep4_env6	emmax_simes	Chr1	5073063	5120859	6	2	Chr1:5073063;Chr1:5083066;Chr1:5095735;Chr1:5111781;Chr1:5113217;Chr1:5120859	Chr1:5083066;Chr1:5113217	Chr1:5120859	TRUE	TRUE	FALSE	1	0	FALSE	FALSE	2	2	2	1	2	4
nobgs_V0.5_c1_rep4_env6	emmax_simes	Chr1	5158634	5172089	4	1	Chr1:5158634;Chr1:5163287;Chr1:5164734;Chr1:5172089	Chr1:5158634	Chr1:5120859	TRUE	FALSE	TRUE	0	1	FALSE	FALSE	2	2	2	1	2	4
nobgs_V0.5_c1_rep4_env6	emmax_simes	Chr1	5214055	5234369	5	1	Chr1:5214055;Chr1:5214931;Chr1:5220826;Chr1:5225240;Chr1:5234369	Chr1:5214931	Chr1:5120859	TRUE	FALSE	TRUE	0	1	FALSE	FALSE	2	2	2	1	2	4
nobgs_V0.5_c1_rep4_env6	emmax_simes	Chr1	27619366	27664641	7	1	Chr1:27619366;Chr1:27628786;Chr1:27631003;Chr1:27633092;Chr1:27643926;Chr1:27661373;Chr1:27664641	Chr1:27619366	""	FALSE	FALSE	TRUE	0	1	FALSE	FALSE	2	2	2	1	2	4
nobgs_V0.5_c1_rep4_env6	emmax_simes	Chr1	31931526	31935635	2	1	Chr1:31931526;Chr1:31935635	Chr1:31931526	""	FALSE	FALSE	FALSE	0	0	FALSE	FALSE	1	1	1	1	2	4
nobgs_V0.5_c1_rep4_env6	lfmm_simes	Chr1	4954147	4984588	2	1	Chr1:4954147;Chr1:4984588	Chr1:4954147	""	FALSE	FALSE	FALSE	0	0	FALSE	FALSE	1	1	1	1	2	4
nobgs_V0.5_c1_rep4_env6	lfmm_simes	Chr1	5027528	5172089	14	5	Chr1:5027528;Chr1:5029818;Chr1:5048479;Chr1:5050920;Chr1:5073063;Chr1:5083066;Chr1:5095735;Chr1:5111781;Chr1:5113217;Chr1:5120859;Chr1:5158634;Chr1:5163287;Chr1:5164734;Chr1:5172089	Chr1:5027528;Chr1:5048479;Chr1:5083066;Chr1:5113217;Chr1:5158634	Chr1:5120859	TRUE	TRUE	TRUE	2	1	FALSE	FALSE	3	3	3	1	2	4
nobgs_V0.5_c1_rep4_env6	lfmm_simes	Chr1	31931526	31935635	2	1	Chr1:31931526;Chr1:31935635	Chr1:31931526	""	FALSE	FALSE	FALSE	0	0	FALSE	FALSE	1	1	1	1	2	4
nobgs_V0.5_c1_rep4_env6	lfmm_simes	Chr2	4212327	4212735	2	1	Chr2:4212327;Chr2:4212735	Chr2:4212327	""	FALSE	FALSE	FALSE	0	0	FALSE	FALSE	1	1	1	1	2	4
nobgs_V0.5_c1_rep4_env7	emmax_consensus	Chr1	18734076	18763552	2	1	Chr1:18734076;Chr1:18763552	Chr1:18734076	Chr1:18734076	TRUE	TRUE	FALSE	1	0	FALSE	FALSE	2	2	2	1	2	4
nobgs_V0.5_c1_rep4_env7	emmax_simes	Chr1	18734076	18763552	2	1	Chr1:18734076;Chr1:18763552	Chr1:18734076	Chr1:18734076	TRUE	TRUE	FALSE	1	0	FALSE	FALSE	2	2	2	1	2	4
nobgs_V0.5_c1_rep4_env7	lfmm_simes	Chr1	18734076	18763552	2	1	Chr1:18734076;Chr1:18763552	Chr1:18734076	Chr1:18734076	TRUE	TRUE	FALSE	1	0	FALSE	FALSE	2	2	2	1	2	4
nobgs_V0.5_c1_rep4_env8	emmax_consensus	Chr1	5743950	5744184	2	1	Chr1:5743950;Chr1:5744184	Chr1:5743950	""	FALSE	TRUE	FALSE	1	0	FALSE	FALSE	2	2	2	1	2	4
nobgs_V0.5_c1_rep4_env8	emmax_consensus	Chr1	12756199	13006954	22	2	Chr1:12756199;Chr1:12766260;Chr1:12779360;Chr1:12787770;Chr1:12822302;Chr1:12823743;Chr1:12826599;Chr1:12832890;Chr1:12843208;Chr1:12844003;Chr1:12849032;Chr1:12859382;Chr1:12869611;Chr1:12915277;Chr1:12916915;Chr1:12955701;Chr1:12966626;Chr1:12989615;Chr1:12996104;Chr1:12998542;Chr1:12999117;Chr1:13006954	Chr1:12844003;Chr1:12989615	Chr1:12826599	TRUE	TRUE	TRUE	1	1	FALSE	FALSE	3	3	3	1	2	4
nobgs_V0.5_c1_rep4_env8	emmax_consensus	Chr2	9855167	9865390	2	1	Chr2:9855167;Chr2:9865390	Chr2:9855167	""	FALSE	FALSE	FALSE	0	0	FALSE	FALSE	1	1	1	1	2	4
nobgs_V0.5_c1_rep4_env8	emmax_simes	Chr1	5743950	5744184	2	1	Chr1:5743950;Chr1:5744184	Chr1:5743950	""	FALSE	TRUE	FALSE	1	0	FALSE	FALSE	2	2	2	1	2	4
nobgs_V0.5_c1_rep4_env8	emmax_simes	Chr1	12756199	13006954	22	2	Chr1:12756199;Chr1:12766260;Chr1:12779360;Chr1:12787770;Chr1:12822302;Chr1:12823743;Chr1:12826599;Chr1:12832890;Chr1:12843208;Chr1:12844003;Chr1:12849032;Chr1:12859382;Chr1:12869611;Chr1:12915277;Chr1:12916915;Chr1:12955701;Chr1:12966626;Chr1:12989615;Chr1:12996104;Chr1:12998542;Chr1:12999117;Chr1:13006954	Chr1:12844003;Chr1:12989615	Chr1:12826599	TRUE	TRUE	TRUE	1	1	FALSE	FALSE	3	3	3	1	2	4
nobgs_V0.5_c1_rep4_env8	lfmm_simes	Chr1	5743950	5744184	2	1	Chr1:5743950;Chr1:5744184	Chr1:5743950	""	FALSE	TRUE	FALSE	1	0	FALSE	FALSE	2	2	2	1	2	4
nobgs_V0.5_c1_rep4_env8	lfmm_simes	Chr1	12756199	13006954	22	2	Chr1:12756199;Chr1:12766260;Chr1:12779360;Chr1:12787770;Chr1:12822302;Chr1:12823743;Chr1:12826599;Chr1:12832890;Chr1:12843208;Chr1:12844003;Chr1:12849032;Chr1:12859382;Chr1:12869611;Chr1:12915277;Chr1:12916915;Chr1:12955701;Chr1:12966626;Chr1:12989615;Chr1:12996104;Chr1:12998542;Chr1:12999117;Chr1:13006954	Chr1:12844003;Chr1:12989615	Chr1:12826599	TRUE	TRUE	TRUE	1	1	FALSE	FALSE	3	3	3	1	2	4
nobgs_V0.5_c1_rep5_env10	emmax_consensus	Chr1	11987936	12072124	17	2	Chr1:11987936;Chr1:11993585;Chr1:11993942;Chr1:11998443;Chr1:12000118;Chr1:12019132;Chr1:12020937;Chr1:12052166;Chr1:12053516;Chr1:12055525;Chr1:12055949;Chr1:12058333;Chr1:12065413;Chr1:12066230;Chr1:12069978;Chr1:12071614;Chr1:12072124	Chr1:11993942;Chr1:12058333	Chr1:12069978	TRUE	TRUE	TRUE	1	1	FALSE	FALSE	3	3	3	1	2	4
nobgs_V0.5_c1_rep5_env10	emmax_simes	Chr1	11987936	12072124	17	2	Chr1:11987936;Chr1:11993585;Chr1:11993942;Chr1:11998443;Chr1:12000118;Chr1:12019132;Chr1:12020937;Chr1:12052166;Chr1:12053516;Chr1:12055525;Chr1:12055949;Chr1:12058333;Chr1:12065413;Chr1:12066230;Chr1:12069978;Chr1:12071614;Chr1:12072124	Chr1:11993942;Chr1:12058333	Chr1:12069978	TRUE	TRUE	TRUE	1	1	FALSE	FALSE	3	3	3	1	2	4
nobgs_V0.5_c1_rep5_env10	emmax_simes	Chr1	12127743	12142646	4	1	Chr1:12127743;Chr1:12132823;Chr1:12136141;Chr1:12142646	Chr1:12132823	Chr1:12069978	TRUE	FALSE	TRUE	0	1	FALSE	FALSE	2	2	2	1	2	4
nobgs_V0.5_c1_rep5_env10	lfmm_simes	Chr1	3196359	3199176	2	1	Chr1:3196359;Chr1:3199176	Chr1:3196359	""	FALSE	FALSE	FALSE	0	0	FALSE	FALSE	1	1	1	1	2	4
nobgs_V0.5_c1_rep5_env10	lfmm_simes	Chr1	11987936	12198248	39	8	Chr1:11987936;Chr1:11993585;Chr1:11993942;Chr1:11998443;Chr1:12000118;Chr1:12019132;Chr1:12020937;Chr1:12041618;Chr1:12057357;Chr1:12052166;Chr1:12053516;Chr1:12055525;Chr1:12055949;Chr1:12058333;Chr1:12065413;Chr1:12066230;Chr1:12069978;Chr1:12071614;Chr1:12072124;Chr1:12094791;Chr1:12099216;Chr1:12100186;Chr1:12101944;Chr1:12127743;Chr1:12132823;Chr1:12136141;Chr1:12142646;Chr1:12143314;Chr1:12153646;Chr1:12156748;Chr1:12170330;Chr1:12175797;Chr1:12176900;Chr1:12179540;Chr1:12183936;Chr1:12184034;Chr1:12194947;Chr1:12196927;Chr1:12198248	Chr1:11993942;Chr1:12041618;Chr1:12058333;Chr1:12100186;Chr1:12132823;Chr1:12153646;Chr1:12179540;Chr1:12194947	Chr1:12069978	TRUE	TRUE	TRUE	2	3	FALSE	FALSE	3	3	3	1	2	4
nobgs_V0.5_c1_rep5_env2	emmax_consensus	Chr1	665031	682719	10	1	Chr1:665031;Chr1:670917;Chr1:672045;Chr1:672754;Chr1:676022;Chr1:678629;Chr1:680224;Chr1:682084;Chr1:682449;Chr1:682719	Chr1:672045	Chr1:670917	TRUE	TRUE	TRUE	1	1	FALSE	FALSE	3	3	3	1	2	4
nobgs_V0.5_c1_rep5_env2	emmax_simes	Chr1	665031	682719	10	1	Chr1:665031;Chr1:670917;Chr1:672045;Chr1:672754;Chr1:676022;Chr1:678629;Chr1:680224;Chr1:682084;Chr1:682449;Chr1:682719	Chr1:672045	Chr1:670917	TRUE	TRUE	TRUE	1	1	FALSE	FALSE	3	3	3	1	2	4
nobgs_V0.5_c1_rep5_env2	lfmm_simes	Chr1	665031	682719	10	1	Chr1:665031;Chr1:670917;Chr1:672045;Chr1:672754;Chr1:676022;Chr1:678629;Chr1:680224;Chr1:682084;Chr1:682449;Chr1:682719	Chr1:672045	Chr1:670917	TRUE	TRUE	TRUE	1	1	FALSE	FALSE	3	3	3	1	2	4
nobgs_V0.5_c1_rep5_env3	emmax_consensus	Chr1	1505791	1508778	2	1	Chr1:1505791;Chr1:1508778	Chr1:1505791	""	FALSE	FALSE	FALSE	0	0	FALSE	FALSE	1	1	1	1	2	4
nobgs_V0.5_c1_rep5_env3	emmax_consensus	Chr1	1845759	1847134	2	1	Chr1:1845759;Chr1:1847134	Chr1:1845759	""	FALSE	FALSE	FALSE	0	0	FALSE	FALSE	1	1	1	1	2	4
nobgs_V0.5_c1_rep5_env3	emmax_consensus	Chr1	3757577	3838780	15	3	Chr1:3757577;Chr1:3762622;Chr1:3779342;Chr1:3780968;Chr1:3781467;Chr1:3783705;Chr1:3800409;Chr1:3804258;Chr1:3811666;Chr1:3813402;Chr1:3801568;Chr1:3805084;Chr1:3806276;Chr1:3833757;Chr1:3838780	Chr1:3781467;Chr1:3805084;Chr1:3833757	Chr1:3783705	TRUE	TRUE	TRUE	1	1	FALSE	FALSE	3	3	3	1	2	4
nobgs_V0.5_c1_rep5_env3	emmax_consensus	Chr1	3873758	3888414	4	1	Chr1:3873758;Chr1:3880244;Chr1:3885262;Chr1:3888414	Chr1:3885262	Chr1:3783705	TRUE	FALSE	TRUE	0	1	FALSE	FALSE	2	2	2	1	2	4
nobgs_V0.5_c1_rep5_env3	emmax_consensus	Chr1	3964506	3969252	2	1	Chr1:3964506;Chr1:3969252	Chr1:3964506	""	FALSE	FALSE	FALSE	0	0	FALSE	FALSE	1	1	1	1	2	4
nobgs_V0.5_c1_rep5_env3	emmax_consensus	Chr1	9345608	9459528	23	8	Chr1:9345608;Chr1:9347860;Chr1:9357967;Chr1:9358935;Chr1:9368678;Chr1:9381277;Chr1:9391521;Chr1:9392388;Chr1:9393056;Chr1:9404903;Chr1:9405953;Chr1:9411769;Chr1:9415867;Chr1:9416441;Chr1:9418756;Chr1:9419009;Chr1:9436345;Chr1:9419229;Chr1:9419466;Chr1:9427318;Chr1:9429384;Chr1:9453628;Chr1:9459528	Chr1:9347860;Chr1:9381277;Chr1:9392388;Chr1:9404903;Chr1:9415867;Chr1:9418756;Chr1:9419466;Chr1:9453628	Chr1:9393056	TRUE	TRUE	TRUE	3	2	FALSE	FALSE	3	3	3	1	2	4
nobgs_V0.5_c1_rep5_env3	emmax_consensus	Chr1	9415395	9427142	4	1	Chr1:9415395;Chr1:9418668;Chr1:9419656;Chr1:9427142	Chr1:9418668	Chr1:9393056	TRUE	FALSE	TRUE	0	1	FALSE	FALSE	2	2	3	1	2	4
nobgs_V0.5_c1_rep5_env3	emmax_consensus	Chr2	1629374	1634268	2	1	Chr2:1629374;Chr2:1634268	Chr2:1629374	""	FALSE	FALSE	FALSE	0	0	FALSE	FALSE	1	1	1	1	2	4
nobgs_V0.5_c1_rep5_env3	emmax_consensus	Chr2	1693486	1695115	2	1	Chr2:1693486;Chr2:1695115	Chr2:1693486	""	FALSE	FALSE	FALSE	0	0	FALSE	FALSE	1	1	1	1	2	4
nobgs_V0.5_c1_rep5_env3	emmax_simes	Chr1	1505791	1508778	2	1	Chr1:1505791;Chr1:1508778	Chr1:1505791	""	FALSE	FALSE	FALSE	0	0	FALSE	FALSE	1	1	1	1	2	4
nobgs_V0.5_c1_rep5_env3	emmax_simes	Chr1	1845759	1847134	2	1	Chr1:1845759;Chr1:1847134	Chr1:1845759	""	FALSE	FALSE	FALSE	0	0	FALSE	FALSE	1	1	1	1	2	4
nobgs_V0.5_c1_rep5_env3	emmax_simes	Chr1	3757577	3838780	15	3	Chr1:3757577;Chr1:3762622;Chr1:3779342;Chr1:3780968;Chr1:3781467;Chr1:3783705;Chr1:3800409;Chr1:3804258;Chr1:3811666;Chr1:3813402;Chr1:3801568;Chr1:3805084;Chr1:3806276;Chr1:3833757;Chr1:3838780	Chr1:3781467;Chr1:3805084;Chr1:3833757	Chr1:3783705	TRUE	TRUE	TRUE	1	1	FALSE	FALSE	3	3	3	1	2	4
nobgs_V0.5_c1_rep5_env3	emmax_simes	Chr1	3873758	3888414	4	1	Chr1:3873758;Chr1:3880244;Chr1:3885262;Chr1:3888414	Chr1:3885262	Chr1:3783705	TRUE	FALSE	TRUE	0	1	FALSE	FALSE	2	2	2	1	2	4
nobgs_V0.5_c1_rep5_env3	emmax_simes	Chr1	3964506	3969252	2	1	Chr1:3964506;Chr1:3969252	Chr1:3964506	""	FALSE	FALSE	FALSE	0	0	FALSE	FALSE	1	1	1	1	2	4
nobgs_V0.5_c1_rep5_env3	emmax_simes	Chr1	9337021	9338061	2	1	Chr1:9337021;Chr1:9338061	Chr1:9337021	Chr1:9393056	TRUE	FALSE	FALSE	0	0	FALSE	FALSE	1	1	1	1	2	4
nobgs_V0.5_c1_rep5_env3	emmax_simes	Chr1	9345608	9368678	5	1	Chr1:9345608;Chr1:9347860;Chr1:9357967;Chr1:9358935;Chr1:9368678	Chr1:9347860	Chr1:9393056	TRUE	FALSE	TRUE	0	1	FALSE	FALSE	2	2	2	1	2	4
nobgs_V0.5_c1_rep5_env3	emmax_simes	Chr1	9381277	9459528	15	6	Chr1:9381277;Chr1:9391521;Chr1:9392388;Chr1:9393056;Chr1:9404903;Chr1:9405953;Chr1:9411769;Chr1:9415867;Chr1:9416441;Chr1:9419229;Chr1:9419466;Chr1:9427318;Chr1:9429384;Chr1:9453628;Chr1:9459528	Chr1:9381277;Chr1:9392388;Chr1:9404903;Chr1:9415867;Chr1:9419466;Chr1:9453628	Chr1:9393056	TRUE	TRUE	TRUE	3	1	FALSE	FALSE	3	3	3	1	2	4
nobgs_V0.5_c1_rep5_env3	emmax_simes	Chr1	9394551	9400041	3	1	Chr1:9394551;Chr1:9399637;Chr1:9400041	Chr1:9399637	Chr1:9393056	TRUE	TRUE	FALSE	1	0	FALSE	FALSE	2	2	2	1	2	4
nobgs_V0.5_c1_rep5_env3	emmax_simes	Chr2	1689151	1704067	3	1	Chr2:1689151;Chr2:1700532;Chr2:1704067	Chr2:1704067	""	FALSE	FALSE	FALSE	0	0	FALSE	FALSE	1	1	1	1	2	4
nobgs_V0.5_c1_rep5_env3	emmax_simes	Chr2	1693486	1695115	2	1	Chr2:1693486;Chr2:1695115	Chr2:1693486	""	FALSE	FALSE	FALSE	0	0	FALSE	FALSE	1	1	1	1	2	4
nobgs_V0.5_c1_rep5_env3	lfmm_simes	Chr1	1505791	1508778	2	1	Chr1:1505791;Chr1:1508778	Chr1:1505791	""	FALSE	FALSE	FALSE	0	0	FALSE	FALSE	1	1	1	1	2	4
nobgs_V0.5_c1_rep5_env3	lfmm_simes	Chr1	3757577	3838780	15	3	Chr1:3757577;Chr1:3762622;Chr1:3779342;Chr1:3780968;Chr1:3781467;Chr1:3783705;Chr1:3800409;Chr1:3804258;Chr1:3811666;Chr1:3813402;Chr1:3801568;Chr1:3805084;Chr1:3806276;Chr1:3833757;Chr1:3838780	Chr1:3781467;Chr1:3805084;Chr1:3833757	Chr1:3783705	TRUE	TRUE	TRUE	1	1	FALSE	FALSE	3	3	3	1	2	4
nobgs_V0.5_c1_rep5_env3	lfmm_simes	Chr1	9345608	9459528	20	7	Chr1:9345608;Chr1:9347860;Chr1:9357967;Chr1:9358935;Chr1:9368678;Chr1:9381277;Chr1:9391521;Chr1:9392388;Chr1:9393056;Chr1:9404903;Chr1:9405953;Chr1:9411769;Chr1:9415867;Chr1:9416441;Chr1:9419229;Chr1:9419466;Chr1:9427318;Chr1:9429384;Chr1:9453628;Chr1:9459528	Chr1:9347860;Chr1:9381277;Chr1:9392388;Chr1:9404903;Chr1:9415867;Chr1:9419466;Chr1:9453628	Chr1:9393056	TRUE	TRUE	TRUE	1	2	FALSE	FALSE	3	3	3	1	2	4
nobgs_V0.5_c1_rep5_env4	emmax_consensus	Chr1	11521730	11530212	4	2	Chr1:11521730;Chr1:11524823;Chr1:11529338;Chr1:11530212	Chr1:11521730;Chr1:11529338	Chr1:11530212	TRUE	TRUE	FALSE	1	0	FALSE	FALSE	2	2	2	1	2	4
nobgs_V0.5_c1_rep5_env4	emmax_simes	Chr1	11521730	11530212	4	2	Chr1:11521730;Chr1:11524823;Chr1:11529338;Chr1:11530212	Chr1:11521730;Chr1:11529338	Chr1:11530212	TRUE	TRUE	FALSE	1	0	FALSE	FALSE	2	2	2	1	2	4
nobgs_V0.5_c1_rep5_env4	lfmm_simes	Chr1	11521730	11530212	4	2	Chr1:11521730;Chr1:11524823;Chr1:11529338;Chr1:11530212	Chr1:11521730;Chr1:11529338	Chr1:11530212	TRUE	TRUE	FALSE	1	0	FALSE	FALSE	2	2	2	1	2	4
nobgs_V0.5_c1_rep5_env6	emmax_consensus	Chr1	6582033	7423701	326	8	Chr1:6582033;Chr1:6601925;Chr1:6605920;Chr1:6614451;Chr1:6616871;Chr1:6627389;Chr1:6628560;Chr1:6629125;Chr1:6630344;Chr1:6635410;Chr1:6635634;Chr1:6648279;Chr1:6654990;Chr1:6657616;Chr1:6658454;Chr1:6660942;Chr1:6670759;Chr1:6672987;Chr1:6673068;Chr1:6674192;Chr1:6674735;Chr1:6674976;Chr1:6674981;Chr1:6675048;Chr1:6675200;Chr1:6677451;Chr1:6683773;Chr1:6695880;Chr1:6614969;Chr1:6615461;Chr1:6617638;Chr1:6618483;Chr1:6632825;Chr1:6633787;Chr1:6634373;Chr1:6636793;Chr1:6644383;Chr1:6644762;Chr1:6645228;Chr1:6645607;Chr1:6651928;Chr1:6654933;Chr1:6656217;Chr1:6657721;Chr1:6658021;Chr1:6658491;Chr1:6662134;Chr1:6666047;Chr1:6667634;Chr1:6669372;Chr1:6670864;Chr1:6674784;Chr1:6676740;Chr1:6678488;Chr1:6682647;Chr1:6688690;Chr1:6689168;Chr1:6697588;Chr1:6709145;Chr1:6726930;Chr1:6729495;Chr1:6734638;Chr1:6739607;Chr1:6749520;Chr1:6766352;Chr1:6774823;Chr1:6776119;Chr1:6790350;Chr1:6794838;Chr1:6822572;Chr1:6834050;Chr1:6835188;Chr1:6702651;Chr1:6704237;Chr1:6706102;Chr1:6711145;Chr1:6713726;Chr1:6714330;Chr1:6727179;Chr1:6729657;Chr1:6730484;Chr1:6734243;Chr1:6735650;Chr1:6743283;Chr1:6743867;Chr1:6744676;Chr1:6745134;Chr1:6746251;Chr1:6750397;Chr1:6752495;Chr1:6753237;Chr1:6753315;Chr1:6755839;Chr1:6767506;Chr1:6771549;Chr1:6774313;Chr1:6795231;Chr1:6821795;Chr1:6835395;Chr1:6866908;Chr1:6876237;Chr1:6886282;Chr1:6851553;Chr1:6858345;Chr1:6869930;Chr1:6870982;Chr1:6872005;Chr1:6877587;Chr1:6880018;Chr1:6882841;Chr1:6886729;Chr1:6890997;Chr1:6892007;Chr1:6894920;Chr1:6898189;Chr1:6903093;Chr1:6906880;Chr1:6907250;Chr1:6912084;Chr1:6915924;Chr1:6916395;Chr1:6919099;Chr1:6921425;Chr1:6921641;Chr1:6923130;Chr1:6923225;Chr1:6925210;Chr1:6925791;Chr1:6925872;Chr1:6927323;Chr1:6928326;Chr1:6931102;Chr1:6931162;Chr1:6935989;Chr1:6946659;Chr1:6946893;Chr1:6951719;Chr1:6955598;Chr1:6957808;Chr1:6964071;Chr1:6964234;Chr1:6966258;Chr1:6967292;Chr1:6969339;Chr1:6971829;Chr1:6979297;Chr1:6979848;Chr1:6979998;Chr1:6980413;Chr1:6980605;Chr1:6980668;Chr1:6981148;Chr1:6982797;Chr1:6983971;Chr1:6984594;Chr1:6984995;Chr1:6985217;Chr1:6988951;Chr1:6992046;Chr1:6997248;Chr1:6998342;Chr1:6999014;Chr1:6999877;Chr1:7001045;Chr1:7002672;Chr1:7004387;Chr1:7005541;Chr1:7006004;Chr1:7007428;Chr1:7010528;Chr1:7010999;Chr1:7013824;Chr1:7022095;Chr1:7023636;Chr1:7024711;Chr1:7030076;Chr1:7031534;Chr1:7034669;Chr1:7038491;Chr1:7038765;Chr1:7042270;Chr1:7045619;Chr1:7046054;Chr1:7047070;Chr1:7051948;Chr1:7052038;Chr1:7052352;Chr1:7054259;Chr1:7055190;Chr1:7055425;Chr1:7055642;Chr1:7065917;Chr1:7067405;Chr1:7067917;Chr1:7070677;Chr1:7076770;Chr1:7046672;Chr1:7065249;Chr1:7074336;Chr1:7078513;Chr1:7082584;Chr1:7085849;Chr1:7087444;Chr1:7087556;Chr1:7088195;Chr1:7090980;Chr1:7097783;Chr1:7101620;Chr1:7109409;Chr1:7112534;Chr1:7114771;Chr1:7115004;Chr1:7117298;Chr1:7129308;Chr1:7131141;Chr1:7131424;Chr1:7140298;Chr1:7144433;Chr1:7144456;Chr1:7152495;Chr1:7157257;Chr1:7158856;Chr1:7162465;Chr1:7163847;Chr1:7168981;Chr1:7173939;Chr1:7175924;Chr1:7183570;Chr1:7188645;Chr1:7189213;Chr1:7189352;Chr1:7189425;Chr1:7207366;Chr1:7208214;Chr1:7208758;Chr1:7214332;Chr1:7215575;Chr1:7219873;Chr1:7225849;Chr1:7227455;Chr1:7228804;Chr1:7231755;Chr1:7233658;Chr1:7235799;Chr1:7240403;Chr1:7241310;Chr1:7241352;Chr1:7247659;Chr1:7247957;Chr1:7249495;Chr1:7250598;Chr1:7251072;Chr1:7251334;Chr1:7254409;Chr1:7258052;Chr1:7259082;Chr1:7262403;Chr1:7262714;Chr1:7265379;Chr1:7267882;Chr1:7269007;Chr1:7270124;Chr1:7273498;Chr1:7275174;Chr1:7278425;Chr1:7280891;Chr1:7281447;Chr1:7281844;Chr1:7287714;Chr1:7288025;Chr1:7289602;Chr1:7289795;Chr1:7290473;Chr1:7292639;Chr1:7295505;Chr1:7296664;Chr1:7297284;Chr1:7302287;Chr1:7306446;Chr1:7308099;Chr1:7319438;Chr1:7320226;Chr1:7323275;Chr1:7325778;Chr1:7327448;Chr1:7327580;Chr1:7327665;Chr1:7339540;Chr1:7341687;Chr1:7346321;Chr1:7346627;Chr1:7348991;Chr1:7350173;Chr1:7350249;Chr1:7353699;Chr1:7343122;Chr1:7343573;Chr1:7344914;Chr1:7350795;Chr1:7350956;Chr1:7353395;Chr1:7359694;Chr1:7360666;Chr1:7367561;Chr1:7381897;Chr1:7382062;Chr1:7358074;Chr1:7368129;Chr1:7369319;Chr1:7370971;Chr1:7372750;Chr1:7374382;Chr1:7381268;Chr1:7385607;Chr1:7391513;Chr1:7399129;Chr1:7404286;Chr1:7404309;Chr1:7405540;Chr1:7408939;Chr1:7410157;Chr1:7411450;Chr1:7415836;Chr1:7419818;Chr1:7421345;Chr1:7423701	Chr1:6648279;Chr1:6662134;Chr1:6744676;Chr1:6795231;Chr1:7038765;Chr1:7249495;Chr1:7360666;Chr1:7405540	Chr1:7247957;Chr1:7346321	TRUE	TRUE	TRUE	1	1	FALSE	FALSE	3	3	3	1	2	4
nobgs_V0.5_c1_rep5_env6	emmax_consensus	Chr1	7420734	7428948	3	1	Chr1:7420734;Chr1:7425269;Chr1:7428948	Chr1:7425269	Chr1:7346321	TRUE	TRUE	FALSE	1	0	FALSE	FALSE	2	2	3	1	2	4
nobgs_V0.5_c1_rep5_env6	emmax_consensus	Chr1	7433402	7454140	4	1	Chr1:7433402;Chr1:7443128;Chr1:7448242;Chr1:7454140	Chr1:7443128	Chr1:7346321	TRUE	FALSE	TRUE	0	1	FALSE	FALSE	2	2	2	1	2	4
nobgs_V0.5_c1_rep5_env6	emmax_consensus	Chr1	7439528	7472416	9	1	Chr1:7439528;Chr1:7441558;Chr1:7453331;Chr1:7455091;Chr1:7464780;Chr1:7465998;Chr1:7466212;Chr1:7466795;Chr1:7472416	Chr1:7464780	Chr1:7346321	TRUE	FALSE	TRUE	0	1	FALSE	FALSE	2	2	2	1	2	4
nobgs_V0.5_c1_rep5_env6	emmax_simes	Chr1	6582033	7423701	326	8	Chr1:6582033;Chr1:6601925;Chr1:6605920;Chr1:6614451;Chr1:6616871;Chr1:6627389;Chr1:6628560;Chr1:6629125;Chr1:6630344;Chr1:6635410;Chr1:6635634;Chr1:6648279;Chr1:6654990;Chr1:6657616;Chr1:6658454;Chr1:6660942;Chr1:6670759;Chr1:6672987;Chr1:6673068;Chr1:6674192;Chr1:6674735;Chr1:6674976;Chr1:6674981;Chr1:6675048;Chr1:6675200;Chr1:6677451;Chr1:6683773;Chr1:6695880;Chr1:6614969;Chr1:6615461;Chr1:6617638;Chr1:6618483;Chr1:6632825;Chr1:6633787;Chr1:6634373;Chr1:6636793;Chr1:6644383;Chr1:6644762;Chr1:6645228;Chr1:6645607;Chr1:6651928;Chr1:6654933;Chr1:6656217;Chr1:6657721;Chr1:6658021;Chr1:6658491;Chr1:6662134;Chr1:6666047;Chr1:6667634;Chr1:6669372;Chr1:6670864;Chr1:6674784;Chr1:6676740;Chr1:6678488;Chr1:6682647;Chr1:6688690;Chr1:6689168;Chr1:6697588;Chr1:6709145;Chr1:6726930;Chr1:6729495;Chr1:6734638;Chr1:6739607;Chr1:6749520;Chr1:6766352;Chr1:6774823;Chr1:6776119;Chr1:6790350;Chr1:6794838;Chr1:6822572;Chr1:6834050;Chr1:6835188;Chr1:6702651;Chr1:6704237;Chr1:6706102;Chr1:6711145;Chr1:6713726;Chr1:6714330;Chr1:6727179;Chr1:6729657;Chr1:6730484;Chr1:6734243;Chr1:6735650;Chr1:6743283;Chr1:6743867;Chr1:6744676;Chr1:6745134;Chr1:6746251;Chr1:6750397;Chr1:6752495;Chr1:6753237;Chr1:6753315;Chr1:6755839;Chr1:6767506;Chr1:6771549;Chr1:6774313;Chr1:6795231;Chr1:6821795;Chr1:6835395;Chr1:6866908;Chr1:6876237;Chr1:6886282;Chr1:6851553;Chr1:6858345;Chr1:6869930;Chr1:6870982;Chr1:6872005;Chr1:6877587;Chr1:6880018;Chr1:6882841;Chr1:6886729;Chr1:6890997;Chr1:6892007;Chr1:6894920;Chr1:6898189;Chr1:6903093;Chr1:6906880;Chr1:6907250;Chr1:6912084;Chr1:6915924;Chr1:6916395;Chr1:6919099;Chr1:6921425;Chr1:6921641;Chr1:6923130;Chr1:6923225;Chr1:6925210;Chr1:6925791;Chr1:6925872;Chr1:6927323;Chr1:6928326;Chr1:6931102;Chr1:6931162;Chr1:6935989;Chr1:6946659;Chr1:6946893;Chr1:6951719;Chr1:6955598;Chr1:6957808;Chr1:6964071;Chr1:6964234;Chr1:6966258;Chr1:6967292;Chr1:6969339;Chr1:6971829;Chr1:6979297;Chr1:6979848;Chr1:6979998;Chr1:6980413;Chr1:6980605;Chr1:6980668;Chr1:6981148;Chr1:6982797;Chr1:6983971;Chr1:6984594;Chr1:6984995;Chr1:6985217;Chr1:6988951;Chr1:6992046;Chr1:6997248;Chr1:6998342;Chr1:6999014;Chr1:6999877;Chr1:7001045;Chr1:7002672;Chr1:7004387;Chr1:7005541;Chr1:7006004;Chr1:7007428;Chr1:7010528;Chr1:7010999;Chr1:7013824;Chr1:7022095;Chr1:7023636;Chr1:7024711;Chr1:7030076;Chr1:7031534;Chr1:7034669;Chr1:7038491;Chr1:7038765;Chr1:7042270;Chr1:7045619;Chr1:7046054;Chr1:7047070;Chr1:7051948;Chr1:7052038;Chr1:7052352;Chr1:7054259;Chr1:7055190;Chr1:7055425;Chr1:7055642;Chr1:7065917;Chr1:7067405;Chr1:7067917;Chr1:7070677;Chr1:7076770;Chr1:7046672;Chr1:7065249;Chr1:7074336;Chr1:7078513;Chr1:7082584;Chr1:7085849;Chr1:7087444;Chr1:7087556;Chr1:7088195;Chr1:7090980;Chr1:7097783;Chr1:7101620;Chr1:7109409;Chr1:7112534;Chr1:7114771;Chr1:7115004;Chr1:7117298;Chr1:7129308;Chr1:7131141;Chr1:7131424;Chr1:7140298;Chr1:7144433;Chr1:7144456;Chr1:7152495;Chr1:7157257;Chr1:7158856;Chr1:7162465;Chr1:7163847;Chr1:7168981;Chr1:7173939;Chr1:7175924;Chr1:7183570;Chr1:7188645;Chr1:7189213;Chr1:7189352;Chr1:7189425;Chr1:7207366;Chr1:7208214;Chr1:7208758;Chr1:7214332;Chr1:7215575;Chr1:7219873;Chr1:7225849;Chr1:7227455;Chr1:7228804;Chr1:7231755;Chr1:7233658;Chr1:7235799;Chr1:7240403;Chr1:7241310;Chr1:7241352;Chr1:7247659;Chr1:7247957;Chr1:7249495;Chr1:7250598;Chr1:7251072;Chr1:7251334;Chr1:7254409;Chr1:7258052;Chr1:7259082;Chr1:7262403;Chr1:7262714;Chr1:7265379;Chr1:7267882;Chr1:7269007;Chr1:7270124;Chr1:7273498;Chr1:7275174;Chr1:7278425;Chr1:7280891;Chr1:7281447;Chr1:7281844;Chr1:7287714;Chr1:7288025;Chr1:7289602;Chr1:7289795;Chr1:7290473;Chr1:7292639;Chr1:7295505;Chr1:7296664;Chr1:7297284;Chr1:7302287;Chr1:7306446;Chr1:7308099;Chr1:7319438;Chr1:7320226;Chr1:7323275;Chr1:7325778;Chr1:7327448;Chr1:7327580;Chr1:7327665;Chr1:7339540;Chr1:7341687;Chr1:7346321;Chr1:7346627;Chr1:7348991;Chr1:7350173;Chr1:7350249;Chr1:7353699;Chr1:7343122;Chr1:7343573;Chr1:7344914;Chr1:7350795;Chr1:7350956;Chr1:7353395;Chr1:7359694;Chr1:7360666;Chr1:7367561;Chr1:7381897;Chr1:7382062;Chr1:7358074;Chr1:7368129;Chr1:7369319;Chr1:7370971;Chr1:7372750;Chr1:7374382;Chr1:7381268;Chr1:7385607;Chr1:7391513;Chr1:7399129;Chr1:7404286;Chr1:7404309;Chr1:7405540;Chr1:7408939;Chr1:7410157;Chr1:7411450;Chr1:7415836;Chr1:7419818;Chr1:7421345;Chr1:7423701	Chr1:6648279;Chr1:6662134;Chr1:6744676;Chr1:6795231;Chr1:7038765;Chr1:7249495;Chr1:7360666;Chr1:7405540	Chr1:7247957;Chr1:7346321	TRUE	TRUE	TRUE	1	1	FALSE	FALSE	3	3	3	1	2	4
nobgs_V0.5_c1_rep5_env6	emmax_simes	Chr1	7420734	7428948	3	1	Chr1:7420734;Chr1:7425269;Chr1:7428948	Chr1:7425269	Chr1:7346321	TRUE	TRUE	FALSE	1	0	FALSE	FALSE	2	2	3	1	2	4
nobgs_V0.5_c1_rep5_env6	emmax_simes	Chr2	9707853	9708337	2	1	Chr2:9707853;Chr2:9708337	Chr2:9707853	""	FALSE	FALSE	FALSE	0	0	FALSE	FALSE	1	1	1	1	2	4
nobgs_V0.5_c1_rep5_env6	lfmm_simes	Chr1	6851553	7353699	193	2	Chr1:6851553;Chr1:6858345;Chr1:6869930;Chr1:6870982;Chr1:6872005;Chr1:6877587;Chr1:6880018;Chr1:6882841;Chr1:6886729;Chr1:6890997;Chr1:6892007;Chr1:6894920;Chr1:6898189;Chr1:6903093;Chr1:6906880;Chr1:6907250;Chr1:6912084;Chr1:6915924;Chr1:6916395;Chr1:6919099;Chr1:6921425;Chr1:6921641;Chr1:6923130;Chr1:6923225;Chr1:6925210;Chr1:6925791;Chr1:6925872;Chr1:6927323;Chr1:6928326;Chr1:6931102;Chr1:6931162;Chr1:6935989;Chr1:6946659;Chr1:6946893;Chr1:6951719;Chr1:6955598;Chr1:6957808;Chr1:6964071;Chr1:6964234;Chr1:6966258;Chr1:6967292;Chr1:6969339;Chr1:6971829;Chr1:6979297;Chr1:6979848;Chr1:6979998;Chr1:6980413;Chr1:6980605;Chr1:6980668;Chr1:6981148;Chr1:6982797;Chr1:6983971;Chr1:6984594;Chr1:6984995;Chr1:6985217;Chr1:6988951;Chr1:6992046;Chr1:6997248;Chr1:6998342;Chr1:6999014;Chr1:6999877;Chr1:7001045;Chr1:7002672;Chr1:7004387;Chr1:7005541;Chr1:7006004;Chr1:7007428;Chr1:7010528;Chr1:7010999;Chr1:7013824;Chr1:7022095;Chr1:7023636;Chr1:7024711;Chr1:7030076;Chr1:7031534;Chr1:7034669;Chr1:7038491;Chr1:7038765;Chr1:7042270;Chr1:7045619;Chr1:7046054;Chr1:7047070;Chr1:7051948;Chr1:7052038;Chr1:7052352;Chr1:7054259;Chr1:7055190;Chr1:7055425;Chr1:7055642;Chr1:7065917;Chr1:7067405;Chr1:7067917;Chr1:7070677;Chr1:7076770;Chr1:7046672;Chr1:7065249;Chr1:7074336;Chr1:7078513;Chr1:7082584;Chr1:7085849;Chr1:7087444;Chr1:7087556;Chr1:7088195;Chr1:7090980;Chr1:7097783;Chr1:7101620;Chr1:7109409;Chr1:7112534;Chr1:7114771;Chr1:7115004;Chr1:7117298;Chr1:7129308;Chr1:7131141;Chr1:7131424;Chr1:7140298;Chr1:7144433;Chr1:7144456;Chr1:7152495;Chr1:7157257;Chr1:7158856;Chr1:7162465;Chr1:7163847;Chr1:7168981;Chr1:7173939;Chr1:7175924;Chr1:7183570;Chr1:7188645;Chr1:7189213;Chr1:7189352;Chr1:7189425;Chr1:7207366;Chr1:7208214;Chr1:7208758;Chr1:7214332;Chr1:7215575;Chr1:7219873;Chr1:7225849;Chr1:7227455;Chr1:7228804;Chr1:7231755;Chr1:7233658;Chr1:7235799;Chr1:7240403;Chr1:7241310;Chr1:7241352;Chr1:7247659;Chr1:7247957;Chr1:7249495;Chr1:7250598;Chr1:7251072;Chr1:7251334;Chr1:7254409;Chr1:7258052;Chr1:7259082;Chr1:7262403;Chr1:7262714;Chr1:7265379;Chr1:7267882;Chr1:7269007;Chr1:7270124;Chr1:7273498;Chr1:7275174;Chr1:7278425;Chr1:7280891;Chr1:7281447;Chr1:7281844;Chr1:7287714;Chr1:7288025;Chr1:7289602;Chr1:7289795;Chr1:7290473;Chr1:7292639;Chr1:7295505;Chr1:7296664;Chr1:7297284;Chr1:7302287;Chr1:7306446;Chr1:7308099;Chr1:7319438;Chr1:7320226;Chr1:7323275;Chr1:7325778;Chr1:7327448;Chr1:7327580;Chr1:7327665;Chr1:7339540;Chr1:7341687;Chr1:7346321;Chr1:7346627;Chr1:7348991;Chr1:7350173;Chr1:7350249;Chr1:7353699	Chr1:7038765;Chr1:7249495	Chr1:7247957;Chr1:7346321	TRUE	TRUE	TRUE	1	1	FALSE	FALSE	3	3	3	1	2	4
nobgs_V0.5_c1_rep5_env7	emmax_consensus	Chr1	8930550	8945925	4	1	Chr1:8930550;Chr1:8931696;Chr1:8937962;Chr1:8945925	Chr1:8931696	Chr1:8937962	TRUE	TRUE	TRUE	1	1	FALSE	FALSE	3	3	3	1	2	4
nobgs_V0.5_c1_rep5_env7	emmax_simes	Chr1	8930550	8945925	4	1	Chr1:8930550;Chr1:8931696;Chr1:8937962;Chr1:8945925	Chr1:8931696	Chr1:8937962	TRUE	TRUE	TRUE	1	1	FALSE	FALSE	3	3	3	1	2	4
nobgs_V0.5_c1_rep5_env7	lfmm_simes	Chr1	8930550	8945925	4	1	Chr1:8930550;Chr1:8931696;Chr1:8937962;Chr1:8945925	Chr1:8931696	Chr1:8937962	TRUE	TRUE	TRUE	1	1	FALSE	FALSE	3	3	3	1	2	4
nobgs_V0.5_c1_rep6_env2	emmax_consensus	Chr1	1612790	1623235	3	1	Chr1:1612790;Chr1:1617205;Chr1:1623235	Chr1:1617205	""	FALSE	FALSE	FALSE	0	0	FALSE	FALSE	1	1	1	1	2	4
nobgs_V0.5_c1_rep6_env2	emmax_consensus	Chr1	1980256	2095254	13	2	Chr1:1980256;Chr1:1985494;Chr1:2018235;Chr1:2021203;Chr1:2023619;Chr1:2038946;Chr1:2045761;Chr1:2048437;Chr1:2050366;Chr1:2050701;Chr1:2058897;Chr1:2088626;Chr1:2095254	Chr1:2021203;Chr1:2045761	Chr1:2095254	TRUE	TRUE	TRUE	1	1	FALSE	FALSE	3	3	3	1	2	4
nobgs_V0.5_c1_rep6_env2	emmax_consensus	Chr1	2321598	2333922	3	1	Chr1:2321598;Chr1:2329628;Chr1:2333922	Chr1:2329628	""	FALSE	FALSE	FALSE	0	0	FALSE	FALSE	1	1	1	1	2	4
nobgs_V0.5_c1_rep6_env2	emmax_simes	Chr1	1612790	1623235	3	1	Chr1:1612790;Chr1:1617205;Chr1:1623235	Chr1:1617205	""	FALSE	TRUE	FALSE	1	0	FALSE	FALSE	2	2	2	1	2	4
nobgs_V0.5_c1_rep6_env2	emmax_simes	Chr1	1980256	2095254	13	2	Chr1:1980256;Chr1:1985494;Chr1:2018235;Chr1:2021203;Chr1:2023619;Chr1:2038946;Chr1:2045761;Chr1:2048437;Chr1:2050366;Chr1:2050701;Chr1:2058897;Chr1:2088626;Chr1:2095254	Chr1:2021203;Chr1:2045761	Chr1:2095254	TRUE	TRUE	TRUE	1	1	FALSE	FALSE	3	3	3	1	2	4
nobgs_V0.5_c1_rep6_env2	emmax_simes	Chr1	2312465	2314120	2	1	Chr1:2312465;Chr1:2314120	Chr1:2312465	""	FALSE	FALSE	FALSE	0	0	FALSE	FALSE	1	1	1	1	2	4
nobgs_V0.5_c1_rep6_env2	lfmm_simes	Chr1	1612790	1630603	7	2	Chr1:1612790;Chr1:1617205;Chr1:1623235;Chr1:1624667;Chr1:1625747;Chr1:1629861;Chr1:1630603	Chr1:1617205;Chr1:1629861	""	FALSE	TRUE	TRUE	1	1	FALSE	FALSE	3	3	3	1	2	4
nobgs_V0.5_c1_rep6_env2	lfmm_simes	Chr1	1804700	1816602	2	1	Chr1:1804700;Chr1:1816602	Chr1:1804700	""	FALSE	FALSE	FALSE	0	0	FALSE	FALSE	1	1	1	1	2	4
nobgs_V0.5_c1_rep6_env2	lfmm_simes	Chr1	1980256	2095254	13	2	Chr1:1980256;Chr1:1985494;Chr1:2018235;Chr1:2021203;Chr1:2023619;Chr1:2038946;Chr1:2045761;Chr1:2048437;Chr1:2050366;Chr1:2050701;Chr1:2058897;Chr1:2088626;Chr1:2095254	Chr1:2021203;Chr1:2045761	Chr1:2095254	TRUE	TRUE	TRUE	1	1	FALSE	FALSE	3	3	3	1	2	4
nobgs_V0.5_c1_rep6_env3	emmax_consensus	Chr1	12534256	12780111	30	6	Chr1:12534256;Chr1:12550493;Chr1:12552616;Chr1:12561351;Chr1:12609818;Chr1:12610424;Chr1:12614378;Chr1:12617338;Chr1:12622041;Chr1:12645924;Chr1:12635325;Chr1:12638511;Chr1:12642984;Chr1:12675506;Chr1:12675612;Chr1:12713251;Chr1:12713508;Chr1:12716733;Chr1:12739713;Chr1:12742098;Chr1:12754482;Chr1:12755420;Chr1:12758066;Chr1:12761052;Chr1:12764305;Chr1:12767376;Chr1:12768029;Chr1:12748893;Chr1:12772130;Chr1:12780111	Chr1:12552616;Chr1:12609818;Chr1:12622041;Chr1:12713508;Chr1:12758066;Chr1:12780111	Chr1:12713251	TRUE	TRUE	TRUE	2	2	FALSE	FALSE	3	3	3	1	2	4
nobgs_V0.5_c1_rep6_env3	emmax_consensus	Chr1	12674175	12709298	5	1	Chr1:12674175;Chr1:12692513;Chr1:12697333;Chr1:12705426;Chr1:12709298	Chr1:12692513	""	FALSE	TRUE	TRUE	1	1	FALSE	FALSE	3	3	3	1	2	4
nobgs_V0.5_c1_rep6_env3	emmax_consensus	Chr1	14137039	14182821	7	2	Chr1:14137039;Chr1:14144790;Chr1:14157623;Chr1:14162188;Chr1:14171777;Chr1:14178525;Chr1:14182821	Chr1:14137039;Chr1:14178525	Chr1:14137039	TRUE	TRUE	TRUE	1	1	FALSE	FALSE	3	3	3	1	2	4
nobgs_V0.5_c1_rep6_env3	emmax_simes	Chr1	12609818	12610424	2	1	Chr1:12609818;Chr1:12610424	Chr1:12609818	""	FALSE	TRUE	FALSE	1	0	FALSE	FALSE	2	2	3	1	2	4
nobgs_V0.5_c1_rep6_env3	emmax_simes	Chr1	12635325	12780111	20	3	Chr1:12635325;Chr1:12638511;Chr1:12642984;Chr1:12675506;Chr1:12675612;Chr1:12713251;Chr1:12713508;Chr1:12716733;Chr1:12739713;Chr1:12742098;Chr1:12754482;Chr1:12755420;Chr1:12758066;Chr1:12761052;Chr1:12764305;Chr1:12767376;Chr1:12768029;Chr1:12748893;Chr1:12772130;Chr1:12780111	Chr1:12713508;Chr1:12758066;Chr1:12780111	Chr1:12713251	TRUE	TRUE	TRUE	1	2	FALSE	FALSE	3	3	3	1	2	4
nobgs_V0.5_c1_rep6_env3	emmax_simes	Chr1	12660126	12709298	7	2	Chr1:12660126;Chr1:12664306;Chr1:12674175;Chr1:12692513;Chr1:12697333;Chr1:12705426;Chr1:12709298	Chr1:12660126;Chr1:12692513	""	FALSE	TRUE	TRUE	1	1	FALSE	FALSE	3	3	3	1	2	4
nobgs_V0.5_c1_rep6_env3	emmax_simes	Chr1	14137039	14182821	7	2	Chr1:14137039;Chr1:14144790;Chr1:14157623;Chr1:14162188;Chr1:14171777;Chr1:14178525;Chr1:14182821	Chr1:14137039;Chr1:14178525	Chr1:14137039	TRUE	TRUE	TRUE	1	1	FALSE	FALSE	3	3	3	1	2	4
nobgs_V0.5_c1_rep6_env3	lfmm_simes	Chr1	12609818	12610424	2	1	Chr1:12609818;Chr1:12610424	Chr1:12609818	""	FALSE	TRUE	FALSE	1	0	FALSE	FALSE	2	2	2	1	2	4
nobgs_V0.5_c1_rep6_env3	lfmm_simes	Chr1	12635325	12780111	20	3	Chr1:12635325;Chr1:12638511;Chr1:12642984;Chr1:12675506;Chr1:12675612;Chr1:12713251;Chr1:12713508;Chr1:12716733;Chr1:12739713;Chr1:12742098;Chr1:12754482;Chr1:12755420;Chr1:12758066;Chr1:12761052;Chr1:12764305;Chr1:12767376;Chr1:12768029;Chr1:12748893;Chr1:12772130;Chr1:12780111	Chr1:12713508;Chr1:12758066;Chr1:12780111	Chr1:12713251	TRUE	TRUE	TRUE	1	2	FALSE	FALSE	3	3	3	1	2	4
nobgs_V0.5_c1_rep6_env3	lfmm_simes	Chr1	12660126	12709298	7	2	Chr1:12660126;Chr1:12664306;Chr1:12674175;Chr1:12692513;Chr1:12697333;Chr1:12705426;Chr1:12709298	Chr1:12660126;Chr1:12692513	""	FALSE	TRUE	TRUE	1	1	FALSE	FALSE	3	3	3	1	2	4
nobgs_V0.5_c1_rep6_env3	lfmm_simes	Chr1	14137039	14182821	7	2	Chr1:14137039;Chr1:14144790;Chr1:14157623;Chr1:14162188;Chr1:14171777;Chr1:14178525;Chr1:14182821	Chr1:14137039;Chr1:14178525	Chr1:14137039	TRUE	TRUE	TRUE	1	1	FALSE	FALSE	3	3	3	1	2	4
nobgs_V0.5_c1_rep6_env4	emmax_consensus	Chr1	2438123	2448597	3	1	Chr1:2438123;Chr1:2446521;Chr1:2448597	Chr1:2448597	Chr1:2448597	TRUE	FALSE	FALSE	0	0	FALSE	FALSE	1	1	1	1	2	4
nobgs_V0.5_c1_rep6_env4	emmax_consensus	Chr1	4012677	4043574	4	1	Chr1:4012677;Chr1:4025370;Chr1:4043451;Chr1:4043574	Chr1:4012677	Chr1:4012677	TRUE	FALSE	TRUE	0	1	FALSE	FALSE	2	2	2	1	2	4
nobgs_V0.5_c1_rep6_env4	emmax_simes	Chr1	2438123	2474238	7	2	Chr1:2438123;Chr1:2446521;Chr1:2448597;Chr1:2461455;Chr1:2465151;Chr1:2467927;Chr1:2474238	Chr1:2448597;Chr1:2465151	Chr1:2448597	TRUE	TRUE	TRUE	1	1	FALSE	FALSE	3	3	3	1	2	4
nobgs_V0.5_c1_rep6_env4	emmax_simes	Chr1	4012677	4043574	4	1	Chr1:4012677;Chr1:4025370;Chr1:4043451;Chr1:4043574	Chr1:4012677	Chr1:4012677	TRUE	TRUE	TRUE	1	1	FALSE	FALSE	3	3	3	1	2	4
nobgs_V0.5_c1_rep6_env4	lfmm_simes	Chr1	2434784	2496507	17	4	Chr1:2434784;Chr1:2436284;Chr1:2438123;Chr1:2446521;Chr1:2448597;Chr1:2461455;Chr1:2465151;Chr1:2467927;Chr1:2474238;Chr1:2482081;Chr1:2482102;Chr1:2482307;Chr1:2487047;Chr1:2491914;Chr1:2495627;Chr1:2495932;Chr1:2496507	Chr1:2434784;Chr1:2448597;Chr1:2465151;Chr1:2491914	Chr1:2448597	TRUE	TRUE	TRUE	1	1	FALSE	FALSE	3	3	3	1	2	4
nobgs_V0.5_c1_rep6_env4	lfmm_simes	Chr1	4012677	4043574	4	1	Chr1:4012677;Chr1:4025370;Chr1:4043451;Chr1:4043574	Chr1:4012677	Chr1:4012677	TRUE	TRUE	TRUE	1	1	FALSE	FALSE	3	3	3	1	2	4
nobgs_V0.5_c1_rep6_env5	emmax_consensus	Chr1	1039881	1056749	2	1	Chr1:1039881;Chr1:1056749	Chr1:1039881	""	FALSE	FALSE	FALSE	0	0	FALSE	FALSE	1	1	1	1	2	4
nobgs_V0.5_c1_rep6_env5	emmax_consensus	Chr1	5021759	5326205	52	3	Chr1:5021759;Chr1:5024314;Chr1:5030520;Chr1:5031136;Chr1:5037053;Chr1:5041541;Chr1:5060822;Chr1:5062388;Chr1:5065321;Chr1:5065960;Chr1:5070468;Chr1:5071176;Chr1:5072782;Chr1:5082775;Chr1:5082881;Chr1:5103945;Chr1:5117168;Chr1:5128887;Chr1:5144004;Chr1:5144497;Chr1:5148296;Chr1:5148319;Chr1:5150888;Chr1:5154650;Chr1:5172831;Chr1:5172929;Chr1:5176468;Chr1:5181193;Chr1:5186540;Chr1:5187323;Chr1:5212679;Chr1:5213509;Chr1:5223888;Chr1:5246355;Chr1:5256801;Chr1:5268232;Chr1:5271652;Chr1:5311335;Chr1:5312011;Chr1:5313789;Chr1:5315464;Chr1:5316477;Chr1:5323951;Chr1:5326205;Chr1:5239600;Chr1:5239689;Chr1:5240828;Chr1:5253999;Chr1:5273710;Chr1:5273844;Chr1:5273972;Chr1:5276467	Chr1:5021759;Chr1:5172929;Chr1:5239600	Chr1:5062388	TRUE	TRUE	TRUE	1	2	FALSE	FALSE	3	3	3	1	2	4
nobgs_V0.5_c1_rep6_env5	emmax_consensus	Chr1	5559125	5617979	5	1	Chr1:5559125;Chr1:5570572;Chr1:5575647;Chr1:5595134;Chr1:5617979	Chr1:5595134	""	FALSE	FALSE	TRUE	0	1	FALSE	FALSE	2	2	2	1	2	4
nobgs_V0.5_c1_rep6_env5	emmax_consensus	Chr1	8032212	8715254	3	1	Chr1:8032212;Chr1:8600050;Chr1:8715254	Chr1:8715254	Chr1:8730380	TRUE	FALSE	FALSE	0	0	FALSE	FALSE	1	1	2	1	2	4
nobgs_V0.5_c1_rep6_env5	emmax_consensus	Chr1	8424926	8479064	15	1	Chr1:8424926;Chr1:8425538;Chr1:8427683;Chr1:8429089;Chr1:8431209;Chr1:8432620;Chr1:8437887;Chr1:8448854;Chr1:8463795;Chr1:8465558;Chr1:8471025;Chr1:8475785;Chr1:8477268;Chr1:8478289;Chr1:8479064	Chr1:8427683	""	FALSE	FALSE	TRUE	0	1	FALSE	FALSE	2	2	2	1	2	4
nobgs_V0.5_c1_rep6_env5	emmax_consensus	Chr2	3316987	3319018	2	1	Chr2:3316987;Chr2:3319018	Chr2:3316987	""	FALSE	FALSE	FALSE	0	0	FALSE	FALSE	1	1	1	1	2	4
nobgs_V0.5_c1_rep6_env5	emmax_simes	Chr1	1039881	1056749	2	1	Chr1:1039881;Chr1:1056749	Chr1:1039881	""	FALSE	FALSE	FALSE	0	0	FALSE	FALSE	1	1	1	1	2	4
nobgs_V0.5_c1_rep6_env5	emmax_simes	Chr1	5021759	5326205	49	4	Chr1:5021759;Chr1:5024314;Chr1:5030520;Chr1:5031136;Chr1:5037053;Chr1:5041541;Chr1:5039971;Chr1:5055138;Chr1:5055547;Chr1:5060822;Chr1:5062388;Chr1:5065321;Chr1:5065960;Chr1:5070468;Chr1:5071176;Chr1:5072782;Chr1:5082775;Chr1:5082881;Chr1:5103945;Chr1:5117168;Chr1:5128887;Chr1:5144004;Chr1:5144497;Chr1:5148296;Chr1:5148319;Chr1:5150888;Chr1:5154650;Chr1:5172831;Chr1:5172929;Chr1:5176468;Chr1:5181193;Chr1:5186540;Chr1:5187323;Chr1:5212679;Chr1:5213509;Chr1:5223888;Chr1:5246355;Chr1:5256801;Chr1:5268232;Chr1:5271652;Chr1:5311335;Chr1:5312011;Chr1:5313789;Chr1:5315464;Chr1:5316477;Chr1:5323951;Chr1:5326205;Chr1:5072121;Chr1:5072653	Chr1:5021759;Chr1:5055547;Chr1:5172929;Chr1:5072121	Chr1:5062388	TRUE	TRUE	TRUE	1	1	FALSE	FALSE	3	3	3	1	2	4
nobgs_V0.5_c1_rep6_env5	emmax_simes	Chr1	5239600	5276467	8	1	Chr1:5239600;Chr1:5239689;Chr1:5240828;Chr1:5253999;Chr1:5273710;Chr1:5273844;Chr1:5273972;Chr1:5276467	Chr1:5239600	""	FALSE	TRUE	TRUE	1	1	FALSE	FALSE	3	3	3	1	2	4
nobgs_V0.5_c1_rep6_env5	emmax_simes	Chr1	5559125	5734763	10	2	Chr1:5559125;Chr1:5570572;Chr1:5575647;Chr1:5595134;Chr1:5617979;Chr1:5685162;Chr1:5688649;Chr1:5711164;Chr1:5720319;Chr1:5734763	Chr1:5595134;Chr1:5711164	""	FALSE	TRUE	TRUE	1	1	FALSE	FALSE	3	3	3	1	2	4
nobgs_V0.5_c1_rep6_env5	emmax_simes	Chr1	8424926	8479064	15	1	Chr1:8424926;Chr1:8425538;Chr1:8427683;Chr1:8429089;Chr1:8431209;Chr1:8432620;Chr1:8437887;Chr1:8448854;Chr1:8463795;Chr1:8465558;Chr1:8471025;Chr1:8475785;Chr1:8477268;Chr1:8478289;Chr1:8479064	Chr1:8427683	""	FALSE	FALSE	TRUE	0	1	FALSE	FALSE	2	2	2	1	2	4
nobgs_V0.5_c1_rep6_env5	emmax_simes	Chr2	3316987	3319018	2	1	Chr2:3316987;Chr2:3319018	Chr2:3316987	""	FALSE	FALSE	FALSE	0	0	FALSE	FALSE	1	1	1	1	2	4
nobgs_V0.5_c1_rep6_env5	lfmm_simes	Chr1	1039881	1056749	2	1	Chr1:1039881;Chr1:1056749	Chr1:1039881	""	FALSE	FALSE	FALSE	0	0	FALSE	FALSE	1	1	1	1	2	4
nobgs_V0.5_c1_rep6_env5	lfmm_simes	Chr1	5021759	5326205	46	3	Chr1:5021759;Chr1:5024314;Chr1:5030520;Chr1:5031136;Chr1:5037053;Chr1:5041541;Chr1:5060822;Chr1:5062388;Chr1:5065321;Chr1:5065960;Chr1:5070468;Chr1:5071176;Chr1:5072782;Chr1:5082775;Chr1:5082881;Chr1:5103945;Chr1:5117168;Chr1:5128887;Chr1:5144004;Chr1:5144497;Chr1:5148296;Chr1:5148319;Chr1:5150888;Chr1:5154650;Chr1:5172831;Chr1:5172929;Chr1:5176468;Chr1:5181193;Chr1:5186540;Chr1:5187323;Chr1:5212679;Chr1:5213509;Chr1:5223888;Chr1:5246355;Chr1:5256801;Chr1:5268232;Chr1:5271652;Chr1:5311335;Chr1:5312011;Chr1:5313789;Chr1:5315464;Chr1:5316477;Chr1:5323951;Chr1:5326205;Chr1:5072121;Chr1:5072653	Chr1:5021759;Chr1:5172929;Chr1:5072121	Chr1:5062388	TRUE	TRUE	TRUE	1	1	FALSE	FALSE	3	3	3	1	2	4
nobgs_V0.5_c1_rep6_env5	lfmm_simes	Chr1	5239600	5276467	8	1	Chr1:5239600;Chr1:5239689;Chr1:5240828;Chr1:5253999;Chr1:5273710;Chr1:5273844;Chr1:5273972;Chr1:5276467	Chr1:5239600	""	FALSE	FALSE	TRUE	0	1	FALSE	FALSE	2	2	3	1	2	4
nobgs_V0.5_c1_rep6_env6	emmax_consensus	Chr1	10110247	10220383	11	1	Chr1:10110247;Chr1:10115077;Chr1:10116017;Chr1:10132757;Chr1:10166468;Chr1:10181393;Chr1:10184427;Chr1:10185835;Chr1:10194134;Chr1:10206364;Chr1:10220383	Chr1:10166468	""	FALSE	TRUE	TRUE	1	1	FALSE	FALSE	3	3	3	1	2	4
nobgs_V0.5_c1_rep6_env6	emmax_consensus	Chr1	10568996	10602734	5	1	Chr1:10568996;Chr1:10575661;Chr1:10584377;Chr1:10587521;Chr1:10602734	Chr1:10584377	""	FALSE	TRUE	TRUE	1	1	FALSE	FALSE	3	3	3	1	2	4
nobgs_V0.5_c1_rep6_env6	emmax_consensus	Chr1	10674479	10728487	7	1	Chr1:10674479;Chr1:10687520;Chr1:10689078;Chr1:10695389;Chr1:10706048;Chr1:10714879;Chr1:10728487	Chr1:10714879	""	FALSE	TRUE	TRUE	1	1	FALSE	FALSE	3	3	3	1	2	4
nobgs_V0.5_c1_rep6_env6	emmax_simes	Chr1	3706949	3710684	3	1	Chr1:3706949;Chr1:3708983;Chr1:3710684	Chr1:3706949	""	FALSE	FALSE	FALSE	0	0	FALSE	FALSE	1	1	1	1	2	4
nobgs_V0.5_c1_rep6_env6	emmax_simes	Chr1	10110247	10220383	11	1	Chr1:10110247;Chr1:10115077;Chr1:10116017;Chr1:10132757;Chr1:10166468;Chr1:10181393;Chr1:10184427;Chr1:10185835;Chr1:10194134;Chr1:10206364;Chr1:10220383	Chr1:10166468	""	FALSE	TRUE	TRUE	1	1	FALSE	FALSE	3	3	3	1	2	4
nobgs_V0.5_c1_rep6_env6	emmax_simes	Chr1	10568996	10728487	17	3	Chr1:10568996;Chr1:10575661;Chr1:10584377;Chr1:10587521;Chr1:10602734;Chr1:10621698;Chr1:10638056;Chr1:10638167;Chr1:10639287;Chr1:10647835;Chr1:10674479;Chr1:10687520;Chr1:10689078;Chr1:10695389;Chr1:10706048;Chr1:10714879;Chr1:10728487	Chr1:10584377;Chr1:10647835;Chr1:10714879	""	FALSE	TRUE	TRUE	1	1	FALSE	FALSE	3	3	3	1	2	4
nobgs_V0.5_c1_rep6_env6	lfmm_simes	Chr1	5158698	5167381	3	1	Chr1:5158698;Chr1:5161383;Chr1:5167381	Chr1:5161383	""	FALSE	FALSE	FALSE	0	0	FALSE	FALSE	1	1	1	1	2	4
nobgs_V0.5_c1_rep6_env6	lfmm_simes	Chr1	10110247	10220383	11	1	Chr1:10110247;Chr1:10115077;Chr1:10116017;Chr1:10132757;Chr1:10166468;Chr1:10181393;Chr1:10184427;Chr1:10185835;Chr1:10194134;Chr1:10206364;Chr1:10220383	Chr1:10166468	""	FALSE	TRUE	TRUE	1	1	FALSE	FALSE	3	3	3	1	2	4
nobgs_V0.5_c1_rep6_env6	lfmm_simes	Chr1	10554788	10647835	13	3	Chr1:10554788;Chr1:10560436;Chr1:10572352;Chr1:10568996;Chr1:10575661;Chr1:10584377;Chr1:10587521;Chr1:10602734;Chr1:10621698;Chr1:10638056;Chr1:10638167;Chr1:10639287;Chr1:10647835	Chr1:10560436;Chr1:10584377;Chr1:10647835	""	FALSE	TRUE	TRUE	1	1	FALSE	FALSE	3	3	3	1	2	4
nobgs_V0.5_c1_rep6_env7	emmax_consensus	Chr1	3510019	3664723	11	3	Chr1:3510019;Chr1:3528324;Chr1:3539306;Chr1:3539920;Chr1:3546101;Chr1:3551232;Chr1:3558401;Chr1:3589081;Chr1:3599288;Chr1:3600593;Chr1:3664723	Chr1:3510019;Chr1:3539920;Chr1:3599288	Chr1:3558401	TRUE	TRUE	TRUE	1	1	FALSE	FALSE	3	3	3	1	2	4
nobgs_V0.5_c1_rep6_env7	emmax_simes	Chr1	3510019	3664723	11	3	Chr1:3510019;Chr1:3528324;Chr1:3539306;Chr1:3539920;Chr1:3546101;Chr1:3551232;Chr1:3558401;Chr1:3589081;Chr1:3599288;Chr1:3600593;Chr1:3664723	Chr1:3510019;Chr1:3539920;Chr1:3599288	Chr1:3558401	TRUE	TRUE	TRUE	1	1	FALSE	FALSE	3	3	3	1	2	4
nobgs_V0.5_c1_rep6_env7	lfmm_simes	Chr1	3510019	3664723	11	3	Chr1:3510019;Chr1:3528324;Chr1:3539306;Chr1:3539920;Chr1:3546101;Chr1:3551232;Chr1:3558401;Chr1:3589081;Chr1:3599288;Chr1:3600593;Chr1:3664723	Chr1:3510019;Chr1:3539920;Chr1:3599288	Chr1:3558401	TRUE	TRUE	TRUE	1	1	FALSE	FALSE	3	3	3	1	2	4
nobgs_V0.5_c1_rep6_env8	emmax_consensus	Chr1	13253353	13331051	10	3	Chr1:13253353;Chr1:13271510;Chr1:13271803;Chr1:13276415;Chr1:13285589;Chr1:13285181;Chr1:13295643;Chr1:13310086;Chr1:13311698;Chr1:13331051	Chr1:13276415;Chr1:13285181;Chr1:13311698	Chr1:13331051	TRUE	TRUE	TRUE	1	1	FALSE	FALSE	3	3	3	1	2	4
nobgs_V0.5_c1_rep6_env8	emmax_consensus	Chr2	3318992	3328639	2	1	Chr2:3318992;Chr2:3328639	Chr2:3318992	""	FALSE	TRUE	FALSE	1	0	FALSE	FALSE	2	2	2	1	2	4
nobgs_V0.5_c1_rep6_env8	emmax_simes	Chr1	13253353	13331051	10	3	Chr1:13253353;Chr1:13271510;Chr1:13271803;Chr1:13276415;Chr1:13285589;Chr1:13285181;Chr1:13295643;Chr1:13310086;Chr1:13311698;Chr1:13331051	Chr1:13276415;Chr1:13285181;Chr1:13311698	Chr1:13331051	TRUE	TRUE	TRUE	1	1	FALSE	FALSE	3	3	3	1	2	4
nobgs_V0.5_c1_rep6_env8	emmax_simes	Chr2	3318992	3328639	2	1	Chr2:3318992;Chr2:3328639	Chr2:3318992	""	FALSE	FALSE	FALSE	0	0	FALSE	FALSE	1	1	1	1	2	4
nobgs_V0.5_c1_rep6_env8	lfmm_simes	Chr1	13253353	13331051	10	3	Chr1:13253353;Chr1:13271510;Chr1:13271803;Chr1:13276415;Chr1:13285589;Chr1:13285181;Chr1:13295643;Chr1:13310086;Chr1:13311698;Chr1:13331051	Chr1:13276415;Chr1:13285181;Chr1:13311698	Chr1:13331051	TRUE	TRUE	TRUE	1	1	FALSE	FALSE	3	3	3	1	2	4
nobgs_V0.5_c1_rep6_env8	lfmm_simes	Chr2	2737494	2738207	3	1	Chr2:2737494;Chr2:2737563;Chr2:2738207	Chr2:2737494	""	FALSE	TRUE	FALSE	1	0	FALSE	FALSE	2	2	2	1	2	4
nobgs_V0.5_c1_rep7_env1	emmax_consensus	Chr1	14266344	14707291	9	1	Chr1:14266344;Chr1:14323037;Chr1:14357486;Chr1:14421914;Chr1:14466362;Chr1:14478288;Chr1:14482342;Chr1:14523329;Chr1:14707291	Chr1:14421914	Chr1:14707291	TRUE	TRUE	TRUE	1	1	FALSE	FALSE	3	3	3	1	2	4
nobgs_V0.5_c1_rep7_env1	emmax_consensus	Chr1	15985824	16202558	13	1	Chr1:15985824;Chr1:15992926;Chr1:16015298;Chr1:16035782;Chr1:16044776;Chr1:16052308;Chr1:16088057;Chr1:16095472;Chr1:16135851;Chr1:16185643;Chr1:16188431;Chr1:16191559;Chr1:16202558	Chr1:16095472	""	FALSE	TRUE	TRUE	1	1	FALSE	FALSE	3	3	3	1	2	4
nobgs_V0.5_c1_rep7_env1	emmax_consensus	Chr1	21247758	21431415	14	2	Chr1:21247758;Chr1:21249225;Chr1:21252741;Chr1:21300149;Chr1:21330695;Chr1:21337544;Chr1:21349058;Chr1:21355280;Chr1:21356989;Chr1:21387405;Chr1:21390112;Chr1:21391499;Chr1:21423024;Chr1:21431415	Chr1:21356989;Chr1:21431415	Chr1:21387405	TRUE	TRUE	TRUE	1	1	FALSE	FALSE	3	3	3	1	2	4
nobgs_V0.5_c1_rep7_env1	emmax_simes	Chr1	14266344	14707291	9	1	Chr1:14266344;Chr1:14323037;Chr1:14357486;Chr1:14421914;Chr1:14466362;Chr1:14478288;Chr1:14482342;Chr1:14523329;Chr1:14707291	Chr1:14421914	Chr1:14707291	TRUE	TRUE	TRUE	1	1	FALSE	FALSE	3	3	3	1	2	4
nobgs_V0.5_c1_rep7_env1	emmax_simes	Chr1	15985824	16202558	13	1	Chr1:15985824;Chr1:15992926;Chr1:16015298;Chr1:16035782;Chr1:16044776;Chr1:16052308;Chr1:16088057;Chr1:16095472;Chr1:16135851;Chr1:16185643;Chr1:16188431;Chr1:16191559;Chr1:16202558	Chr1:16095472	""	FALSE	TRUE	TRUE	1	1	FALSE	FALSE	3	3	3	1	2	4
nobgs_V0.5_c1_rep7_env1	emmax_simes	Chr1	21247758	21431415	14	2	Chr1:21247758;Chr1:21249225;Chr1:21252741;Chr1:21300149;Chr1:21330695;Chr1:21337544;Chr1:21349058;Chr1:21355280;Chr1:21356989;Chr1:21387405;Chr1:21390112;Chr1:21391499;Chr1:21423024;Chr1:21431415	Chr1:21356989;Chr1:21431415	Chr1:21387405	TRUE	TRUE	TRUE	1	1	FALSE	FALSE	3	3	3	1	2	4
nobgs_V0.5_c1_rep7_env1	lfmm_simes	Chr1	14266344	14707291	9	1	Chr1:14266344;Chr1:14323037;Chr1:14357486;Chr1:14421914;Chr1:14466362;Chr1:14478288;Chr1:14482342;Chr1:14523329;Chr1:14707291	Chr1:14421914	Chr1:14707291	TRUE	TRUE	TRUE	1	1	FALSE	FALSE	3	3	3	1	2	4
nobgs_V0.5_c1_rep7_env1	lfmm_simes	Chr1	15985824	16202558	13	1	Chr1:15985824;Chr1:15992926;Chr1:16015298;Chr1:16035782;Chr1:16044776;Chr1:16052308;Chr1:16088057;Chr1:16095472;Chr1:16135851;Chr1:16185643;Chr1:16188431;Chr1:16191559;Chr1:16202558	Chr1:16095472	""	FALSE	FALSE	TRUE	0	1	FALSE	FALSE	2	2	2	1	2	4
nobgs_V0.5_c1_rep7_env1	lfmm_simes	Chr1	21015057	21431415	30	4	Chr1:21015057;Chr1:21033170;Chr1:21039308;Chr1:21062673;Chr1:21064055;Chr1:21083172;Chr1:21092751;Chr1:21135448;Chr1:21138598;Chr1:21156197;Chr1:21169711;Chr1:21192777;Chr1:21196621;Chr1:21204871;Chr1:21214779;Chr1:21216853;Chr1:21247758;Chr1:21249225;Chr1:21252741;Chr1:21300149;Chr1:21330695;Chr1:21337544;Chr1:21349058;Chr1:21355280;Chr1:21356989;Chr1:21387405;Chr1:21390112;Chr1:21391499;Chr1:21423024;Chr1:21431415	Chr1:21083172;Chr1:21192777;Chr1:21356989;Chr1:21431415	Chr1:21387405	TRUE	TRUE	TRUE	1	1	FALSE	FALSE	3	3	3	1	2	4
nobgs_V0.5_c1_rep7_env10	emmax_consensus	Chr1	541452	579254	6	1	Chr1:541452;Chr1:559205;Chr1:571941;Chr1:572361;Chr1:577318;Chr1:579254	Chr1:571941	Chr1:571941	TRUE	TRUE	TRUE	1	1	FALSE	FALSE	3	3	3	1	2	4
nobgs_V0.5_c1_rep7_env10	emmax_consensus	Chr1	15005642	16317596	157	8	Chr1:15005642;Chr1:15022634;Chr1:15023328;Chr1:15045273;Chr1:15049240;Chr1:15055949;Chr1:15079712;Chr1:15092685;Chr1:15096387;Chr1:15105534;Chr1:15120071;Chr1:15123779;Chr1:15128432;Chr1:15137640;Chr1:15160045;Chr1:15161005;Chr1:15166907;Chr1:15171662;Chr1:15171753;Chr1:15178220;Chr1:15189308;Chr1:15203767;Chr1:15211863;Chr1:15215029;Chr1:15221272;Chr1:15223378;Chr1:15234562;Chr1:15243051;Chr1:15243835;Chr1:15244319;Chr1:15244585;Chr1:15259546;Chr1:15263787;Chr1:15269504;Chr1:15284362;Chr1:15291041;Chr1:15295675;Chr1:15311291;Chr1:15353244;Chr1:15358254;Chr1:15360414;Chr1:15361910;Chr1:15376043;Chr1:15382965;Chr1:15389659;Chr1:15394126;Chr1:15399127;Chr1:15405504;Chr1:15405802;Chr1:15419142;Chr1:15422299;Chr1:15443853;Chr1:15459841;Chr1:15473111;Chr1:15476449;Chr1:15477894;Chr1:15478185;Chr1:15484558;Chr1:15488795;Chr1:15492380;Chr1:15497038;Chr1:15501818;Chr1:15502755;Chr1:15504180;Chr1:15507803;Chr1:15508112;Chr1:15514674;Chr1:15516509;Chr1:15517935;Chr1:15535973;Chr1:15542769;Chr1:15543298;Chr1:15543749;Chr1:15550275;Chr1:15574108;Chr1:15587443;Chr1:15661958;Chr1:15676959;Chr1:15721978;Chr1:15722184;Chr1:15722403;Chr1:15757574;Chr1:15813470;Chr1:15908861;Chr1:15363719;Chr1:15372265;Chr1:15377739;Chr1:15579191;Chr1:15592253;Chr1:15598636;Chr1:15599866;Chr1:15601995;Chr1:15606584;Chr1:15615188;Chr1:15633512;Chr1:15642593;Chr1:15646717;Chr1:15659053;Chr1:15668527;Chr1:15683363;Chr1:15703689;Chr1:15707695;Chr1:15721547;Chr1:15727803;Chr1:15729061;Chr1:15735217;Chr1:15754133;Chr1:15761663;Chr1:15800115;Chr1:15834999;Chr1:15835082;Chr1:15894093;Chr1:15897632;Chr1:15899266;Chr1:15925078;Chr1:15925286;Chr1:15454156;Chr1:15457255;Chr1:15459800;Chr1:15460255;Chr1:15461745;Chr1:15471624;Chr1:15474749;Chr1:15521617;Chr1:15564614;Chr1:15900659;Chr1:15934289;Chr1:15754913;Chr1:15754964;Chr1:15808700;Chr1:15812284;Chr1:15819341;Chr1:15886867;Chr1:15985930;Chr1:15987130;Chr1:15996218;Chr1:16022585;Chr1:16022729;Chr1:16034733;Chr1:16044475;Chr1:16046239;Chr1:16065395;Chr1:16085853;Chr1:16089224;Chr1:16120085;Chr1:16123288;Chr1:16138512;Chr1:16138652;Chr1:16158925;Chr1:16160173;Chr1:16205378;Chr1:16228565;Chr1:16239347;Chr1:16245511;Chr1:16277566;Chr1:16284560;Chr1:16317596	Chr1:15291041;Chr1:15703689;Chr1:15454156;Chr1:15521617;Chr1:15808700;Chr1:16022729;Chr1:16138652;Chr1:16228565	Chr1:15543298	TRUE	TRUE	TRUE	2	1	FALSE	FALSE	3	3	3	1	2	4
nobgs_V0.5_c1_rep7_env10	emmax_simes	Chr1	323296	416591	2	1	Chr1:323296;Chr1:416591	Chr1:323296	""	FALSE	FALSE	FALSE	0	0	FALSE	FALSE	1	1	1	1	2	4
nobgs_V0.5_c1_rep7_env10	emmax_simes	Chr1	541452	579254	6	1	Chr1:541452;Chr1:559205;Chr1:571941;Chr1:572361;Chr1:577318;Chr1:579254	Chr1:571941	Chr1:571941	TRUE	TRUE	TRUE	1	1	FALSE	FALSE	3	3	3	1	2	4
nobgs_V0.5_c1_rep7_env10	emmax_simes	Chr1	15005642	16317596	157	8	Chr1:15005642;Chr1:15022634;Chr1:15023328;Chr1:15045273;Chr1:15049240;Chr1:15055949;Chr1:15079712;Chr1:15092685;Chr1:15096387;Chr1:15105534;Chr1:15120071;Chr1:15123779;Chr1:15128432;Chr1:15137640;Chr1:15160045;Chr1:15161005;Chr1:15166907;Chr1:15171662;Chr1:15171753;Chr1:15178220;Chr1:15189308;Chr1:15203767;Chr1:15211863;Chr1:15215029;Chr1:15221272;Chr1:15223378;Chr1:15234562;Chr1:15243051;Chr1:15243835;Chr1:15244319;Chr1:15244585;Chr1:15259546;Chr1:15263787;Chr1:15269504;Chr1:15284362;Chr1:15291041;Chr1:15295675;Chr1:15311291;Chr1:15353244;Chr1:15358254;Chr1:15360414;Chr1:15361910;Chr1:15376043;Chr1:15382965;Chr1:15389659;Chr1:15394126;Chr1:15399127;Chr1:15405504;Chr1:15405802;Chr1:15419142;Chr1:15422299;Chr1:15443853;Chr1:15459841;Chr1:15473111;Chr1:15476449;Chr1:15477894;Chr1:15478185;Chr1:15484558;Chr1:15488795;Chr1:15492380;Chr1:15497038;Chr1:15501818;Chr1:15502755;Chr1:15504180;Chr1:15507803;Chr1:15508112;Chr1:15514674;Chr1:15516509;Chr1:15517935;Chr1:15535973;Chr1:15542769;Chr1:15543298;Chr1:15543749;Chr1:15550275;Chr1:15574108;Chr1:15587443;Chr1:15661958;Chr1:15676959;Chr1:15721978;Chr1:15722184;Chr1:15722403;Chr1:15757574;Chr1:15813470;Chr1:15908861;Chr1:15363719;Chr1:15372265;Chr1:15377739;Chr1:15579191;Chr1:15592253;Chr1:15598636;Chr1:15599866;Chr1:15601995;Chr1:15606584;Chr1:15615188;Chr1:15633512;Chr1:15642593;Chr1:15646717;Chr1:15659053;Chr1:15668527;Chr1:15683363;Chr1:15703689;Chr1:15707695;Chr1:15721547;Chr1:15727803;Chr1:15729061;Chr1:15735217;Chr1:15754133;Chr1:15761663;Chr1:15800115;Chr1:15834999;Chr1:15835082;Chr1:15894093;Chr1:15897632;Chr1:15899266;Chr1:15925078;Chr1:15925286;Chr1:15454156;Chr1:15457255;Chr1:15459800;Chr1:15460255;Chr1:15461745;Chr1:15471624;Chr1:15474749;Chr1:15521617;Chr1:15564614;Chr1:15900659;Chr1:15934289;Chr1:15754913;Chr1:15754964;Chr1:15808700;Chr1:15812284;Chr1:15819341;Chr1:15886867;Chr1:15985930;Chr1:15987130;Chr1:15996218;Chr1:16022585;Chr1:16022729;Chr1:16034733;Chr1:16044475;Chr1:16046239;Chr1:16065395;Chr1:16085853;Chr1:16089224;Chr1:16120085;Chr1:16123288;Chr1:16138512;Chr1:16138652;Chr1:16158925;Chr1:16160173;Chr1:16205378;Chr1:16228565;Chr1:16239347;Chr1:16245511;Chr1:16277566;Chr1:16284560;Chr1:16317596	Chr1:15291041;Chr1:15703689;Chr1:15454156;Chr1:15521617;Chr1:15808700;Chr1:16022729;Chr1:16138652;Chr1:16228565	Chr1:15543298	TRUE	TRUE	TRUE	1	1	FALSE	FALSE	3	3	3	1	2	4
nobgs_V0.5_c1_rep7_env10	lfmm_simes	Chr1	541452	579254	6	1	Chr1:541452;Chr1:559205;Chr1:571941;Chr1:572361;Chr1:577318;Chr1:579254	Chr1:571941	Chr1:571941	TRUE	TRUE	TRUE	1	1	FALSE	FALSE	3	3	3	1	2	4
nobgs_V0.5_c1_rep7_env10	lfmm_simes	Chr1	15005642	15925286	116	2	Chr1:15005642;Chr1:15022634;Chr1:15023328;Chr1:15045273;Chr1:15049240;Chr1:15055949;Chr1:15079712;Chr1:15092685;Chr1:15096387;Chr1:15105534;Chr1:15120071;Chr1:15123779;Chr1:15128432;Chr1:15137640;Chr1:15160045;Chr1:15161005;Chr1:15166907;Chr1:15171662;Chr1:15171753;Chr1:15178220;Chr1:15189308;Chr1:15203767;Chr1:15211863;Chr1:15215029;Chr1:15221272;Chr1:15223378;Chr1:15234562;Chr1:15243051;Chr1:15243835;Chr1:15244319;Chr1:15244585;Chr1:15259546;Chr1:15263787;Chr1:15269504;Chr1:15284362;Chr1:15291041;Chr1:15295675;Chr1:15311291;Chr1:15353244;Chr1:15358254;Chr1:15360414;Chr1:15361910;Chr1:15376043;Chr1:15382965;Chr1:15389659;Chr1:15394126;Chr1:15399127;Chr1:15405504;Chr1:15405802;Chr1:15419142;Chr1:15422299;Chr1:15443853;Chr1:15459841;Chr1:15473111;Chr1:15476449;Chr1:15477894;Chr1:15478185;Chr1:15484558;Chr1:15488795;Chr1:15492380;Chr1:15497038;Chr1:15501818;Chr1:15502755;Chr1:15504180;Chr1:15507803;Chr1:15508112;Chr1:15514674;Chr1:15516509;Chr1:15517935;Chr1:15535973;Chr1:15542769;Chr1:15543298;Chr1:15543749;Chr1:15550275;Chr1:15574108;Chr1:15587443;Chr1:15661958;Chr1:15676959;Chr1:15721978;Chr1:15722184;Chr1:15722403;Chr1:15757574;Chr1:15813470;Chr1:15908861;Chr1:15363719;Chr1:15372265;Chr1:15377739;Chr1:15579191;Chr1:15592253;Chr1:15598636;Chr1:15599866;Chr1:15601995;Chr1:15606584;Chr1:15615188;Chr1:15633512;Chr1:15642593;Chr1:15646717;Chr1:15659053;Chr1:15668527;Chr1:15683363;Chr1:15703689;Chr1:15707695;Chr1:15721547;Chr1:15727803;Chr1:15729061;Chr1:15735217;Chr1:15754133;Chr1:15761663;Chr1:15800115;Chr1:15834999;Chr1:15835082;Chr1:15894093;Chr1:15897632;Chr1:15899266;Chr1:15925078;Chr1:15925286	Chr1:15291041;Chr1:15703689	Chr1:15543298	TRUE	TRUE	TRUE	1	1	FALSE	FALSE	3	3	3	1	2	4
nobgs_V0.5_c1_rep7_env2	emmax_consensus	Chr1	6136991	6171266	5	1	Chr1:6136991;Chr1:6145720;Chr1:6156612;Chr1:6171016;Chr1:6171266	Chr1:6156612	""	FALSE	FALSE	TRUE	0	1	FALSE	FALSE	2	2	2	1	2	4
nobgs_V0.5_c1_rep7_env2	emmax_consensus	Chr1	6408180	6645277	30	3	Chr1:6408180;Chr1:6431696;Chr1:6432534;Chr1:6432646;Chr1:6434338;Chr1:6437146;Chr1:6446734;Chr1:6447243;Chr1:6450138;Chr1:6457262;Chr1:6496034;Chr1:6497506;Chr1:6502666;Chr1:6510587;Chr1:6514289;Chr1:6518274;Chr1:6534287;Chr1:6535581;Chr1:6545851;Chr1:6553867;Chr1:6561097;Chr1:6563281;Chr1:6611047;Chr1:6616058;Chr1:6618076;Chr1:6623998;Chr1:6627781;Chr1:6629252;Chr1:6641685;Chr1:6645277	Chr1:6431696;Chr1:6518274;Chr1:6627781	Chr1:6611047	TRUE	TRUE	TRUE	1	1	FALSE	FALSE	3	3	3	1	2	4
nobgs_V0.5_c1_rep7_env2	emmax_consensus	Chr1	27729293	27855497	15	3	Chr1:27729293;Chr1:27742663;Chr1:27745345;Chr1:27749235;Chr1:27753099;Chr1:27756409;Chr1:27763569;Chr1:27764237;Chr1:27779018;Chr1:27784049;Chr1:27794607;Chr1:27801367;Chr1:27807224;Chr1:27840626;Chr1:27855497	Chr1:27749235;Chr1:27794607;Chr1:27840626	Chr1:27801367	TRUE	TRUE	TRUE	1	1	FALSE	FALSE	3	3	3	1	2	4
nobgs_V0.5_c1_rep7_env2	emmax_consensus	Chr1	27831848	27876044	2	1	Chr1:27831848;Chr1:27876044	Chr1:27831848	Chr1:27801367	TRUE	FALSE	FALSE	0	0	FALSE	FALSE	1	1	1	1	2	4
nobgs_V0.5_c1_rep7_env2	emmax_simes	Chr1	6136991	6171266	5	1	Chr1:6136991;Chr1:6145720;Chr1:6156612;Chr1:6171016;Chr1:6171266	Chr1:6156612	""	FALSE	FALSE	TRUE	0	1	FALSE	FALSE	2	2	2	1	2	4
nobgs_V0.5_c1_rep7_env2	emmax_simes	Chr1	6408180	6645277	30	3	Chr1:6408180;Chr1:6431696;Chr1:6432534;Chr1:6432646;Chr1:6434338;Chr1:6437146;Chr1:6446734;Chr1:6447243;Chr1:6450138;Chr1:6457262;Chr1:6496034;Chr1:6497506;Chr1:6502666;Chr1:6510587;Chr1:6514289;Chr1:6518274;Chr1:6534287;Chr1:6535581;Chr1:6545851;Chr1:6553867;Chr1:6561097;Chr1:6563281;Chr1:6611047;Chr1:6616058;Chr1:6618076;Chr1:6623998;Chr1:6627781;Chr1:6629252;Chr1:6641685;Chr1:6645277	Chr1:6431696;Chr1:6518274;Chr1:6627781	Chr1:6611047	TRUE	TRUE	TRUE	1	1	FALSE	FALSE	3	3	3	1	2	4
nobgs_V0.5_c1_rep7_env2	emmax_simes	Chr1	6667502	6777774	5	1	Chr1:6667502;Chr1:6770108;Chr1:6770847;Chr1:6771667;Chr1:6777774	Chr1:6771667	Chr1:6611047	TRUE	FALSE	TRUE	0	1	FALSE	FALSE	2	2	2	1	2	4
nobgs_V0.5_c1_rep7_env2	emmax_simes	Chr1	27729293	27807224	13	2	Chr1:27729293;Chr1:27742663;Chr1:27745345;Chr1:27749235;Chr1:27753099;Chr1:27756409;Chr1:27763569;Chr1:27764237;Chr1:27779018;Chr1:27784049;Chr1:27794607;Chr1:27801367;Chr1:27807224	Chr1:27749235;Chr1:27794607	Chr1:27801367	TRUE	FALSE	TRUE	0	1	FALSE	FALSE	2	2	2	1	2	4
nobgs_V0.5_c1_rep7_env2	lfmm_simes	Chr1	5291109	5312181	7	1	Chr1:5291109;Chr1:5294221;Chr1:5299131;Chr1:5300566;Chr1:5303535;Chr1:5308779;Chr1:5312181	Chr1:5299131	""	FALSE	TRUE	TRUE	1	1	FALSE	FALSE	3	3	3	1	2	4
nobgs_V0.5_c1_rep7_env2	lfmm_simes	Chr1	6408180	6645277	33	4	Chr1:6408180;Chr1:6431696;Chr1:6432534;Chr1:6432646;Chr1:6434338;Chr1:6437146;Chr1:6446734;Chr1:6447243;Chr1:6450138;Chr1:6457262;Chr1:6496034;Chr1:6497506;Chr1:6502666;Chr1:6510587;Chr1:6514289;Chr1:6518274;Chr1:6534287;Chr1:6535581;Chr1:6545851;Chr1:6553867;Chr1:6561097;Chr1:6563281;Chr1:6539257;Chr1:6562197;Chr1:6565684;Chr1:6611047;Chr1:6616058;Chr1:6618076;Chr1:6623998;Chr1:6627781;Chr1:6629252;Chr1:6641685;Chr1:6645277	Chr1:6431696;Chr1:6518274;Chr1:6562197;Chr1:6627781	Chr1:6611047	TRUE	TRUE	TRUE	1	1	FALSE	FALSE	3	3	3	1	2	4
nobgs_V0.5_c1_rep7_env2	lfmm_simes	Chr1	6667502	6777774	5	1	Chr1:6667502;Chr1:6770108;Chr1:6770847;Chr1:6771667;Chr1:6777774	Chr1:6771667	Chr1:6611047	TRUE	TRUE	TRUE	1	1	FALSE	FALSE	3	3	3	1	2	4
nobgs_V0.5_c1_rep7_env2	lfmm_simes	Chr1	6903122	7003015	12	1	Chr1:6903122;Chr1:6925705;Chr1:6929427;Chr1:6932272;Chr1:6936806;Chr1:6939022;Chr1:6944444;Chr1:6962877;Chr1:6979882;Chr1:6990529;Chr1:6995722;Chr1:7003015	Chr1:6929427	""	FALSE	TRUE	TRUE	1	1	FALSE	FALSE	3	3	3	1	2	4
nobgs_V0.5_c1_rep7_env2	lfmm_simes	Chr1	27729293	27855497	15	3	Chr1:27729293;Chr1:27742663;Chr1:27745345;Chr1:27749235;Chr1:27753099;Chr1:27756409;Chr1:27763569;Chr1:27764237;Chr1:27779018;Chr1:27784049;Chr1:27794607;Chr1:27801367;Chr1:27807224;Chr1:27840626;Chr1:27855497	Chr1:27749235;Chr1:27794607;Chr1:27840626	Chr1:27801367	TRUE	TRUE	TRUE	1	1	FALSE	FALSE	3	3	3	1	2	4
nobgs_V0.5_c1_rep7_env2	lfmm_simes	Chr1	27831848	27876044	2	1	Chr1:27831848;Chr1:27876044	Chr1:27831848	Chr1:27801367	TRUE	TRUE	FALSE	1	0	FALSE	FALSE	2	2	2	1	2	4
nobgs_V0.5_c1_rep7_env3	emmax_consensus	Chr1	18203140	18262641	12	1	Chr1:18203140;Chr1:18208255;Chr1:18212764;Chr1:18225804;Chr1:18231032;Chr1:18236158;Chr1:18237688;Chr1:18238788;Chr1:18242369;Chr1:18250197;Chr1:18251966;Chr1:18262641	Chr1:18212764	""	FALSE	FALSE	TRUE	0	1	FALSE	FALSE	2	2	2	1	2	4
nobgs_V0.5_c1_rep7_env3	lfmm_simes	Chr1	17264895	18019319	58	1	Chr1:17264895;Chr1:17326474;Chr1:17344581;Chr1:17370222;Chr1:17405307;Chr1:17417961;Chr1:17423172;Chr1:17427607;Chr1:17431762;Chr1:17435490;Chr1:17468120;Chr1:17486687;Chr1:17499866;Chr1:17502492;Chr1:17503239;Chr1:17565716;Chr1:17571554;Chr1:17603811;Chr1:17604201;Chr1:17619729;Chr1:17636130;Chr1:17666080;Chr1:17684306;Chr1:17694083;Chr1:17697984;Chr1:17705339;Chr1:17706516;Chr1:17710024;Chr1:17731106;Chr1:17731895;Chr1:17750851;Chr1:17761234;Chr1:17766872;Chr1:17768135;Chr1:17810252;Chr1:17810656;Chr1:17818927;Chr1:17857853;Chr1:17858208;Chr1:17858838;Chr1:17878024;Chr1:17937250;Chr1:17937859;Chr1:17944246;Chr1:17975878;Chr1:17981061;Chr1:17983903;Chr1:17985617;Chr1:17991620;Chr1:17993460;Chr1:17995467;Chr1:18001751;Chr1:18005012;Chr1:18006508;Chr1:18007483;Chr1:18014548;Chr1:18015558;Chr1:18019319	Chr1:17857853	Chr1:17981061	TRUE	TRUE	TRUE	1	1	FALSE	FALSE	3	3	3	1	2	4
nobgs_V0.5_c1_rep7_env4	emmax_consensus	Chr1	5879049	6015001	17	2	Chr1:5879049;Chr1:5887851;Chr1:5891270;Chr1:5897785;Chr1:5898886;Chr1:5899241;Chr1:5906775;Chr1:5912573;Chr1:5934912;Chr1:5948174;Chr1:5949711;Chr1:5957833;Chr1:5963310;Chr1:6002444;Chr1:6005322;Chr1:6007166;Chr1:6015001	Chr1:5897785;Chr1:6005322	Chr1:5934912	TRUE	TRUE	TRUE	1	1	FALSE	FALSE	3	3	3	1	2	4
nobgs_V0.5_c1_rep7_env4	emmax_consensus	Chr1	11863979	11898349	2	1	Chr1:11863979;Chr1:11898349	Chr1:11863979	""	FALSE	FALSE	FALSE	0	0	FALSE	FALSE	1	1	1	1	2	4
nobgs_V0.5_c1_rep7_env4	emmax_consensus	Chr2	1416981	1417495	2	1	Chr2:1416981;Chr2:1417495	Chr2:1416981	""	FALSE	FALSE	FALSE	0	0	FALSE	FALSE	1	1	1	1	2	4
nobgs_V0.5_c1_rep7_env4	emmax_simes	Chr1	5879049	6058461	21	3	Chr1:5879049;Chr1:5887851;Chr1:5891270;Chr1:5897785;Chr1:5898886;Chr1:5899241;Chr1:5906775;Chr1:5912573;Chr1:5934912;Chr1:5948174;Chr1:5949711;Chr1:5957833;Chr1:5963310;Chr1:6002444;Chr1:6005322;Chr1:6007166;Chr1:6015001;Chr1:6048343;Chr1:6049875;Chr1:6056330;Chr1:6058461	Chr1:5897785;Chr1:6005322;Chr1:6048343	Chr1:5934912	TRUE	TRUE	TRUE	1	1	FALSE	FALSE	3	3	3	1	2	4
nobgs_V0.5_c1_rep7_env4	emmax_simes	Chr1	11863979	11898349	2	1	Chr1:11863979;Chr1:11898349	Chr1:11863979	""	FALSE	FALSE	FALSE	0	0	FALSE	FALSE	1	1	1	1	2	4
nobgs_V0.5_c1_rep7_env4	emmax_simes	Chr2	1416981	1417495	2	1	Chr2:1416981;Chr2:1417495	Chr2:1416981	""	FALSE	FALSE	FALSE	0	0	FALSE	FALSE	1	1	1	1	2	4
nobgs_V0.5_c1_rep7_env4	lfmm_simes	Chr1	5879049	6132461	30	5	Chr1:5879049;Chr1:5887851;Chr1:5891270;Chr1:5897785;Chr1:5898886;Chr1:5899241;Chr1:5906775;Chr1:5912573;Chr1:5927382;Chr1:5932193;Chr1:5935458;Chr1:5934912;Chr1:5948174;Chr1:5949711;Chr1:5957833;Chr1:5963310;Chr1:6002444;Chr1:6005322;Chr1:6007166;Chr1:6015001;Chr1:6048343;Chr1:6049875;Chr1:6056330;Chr1:6058461;Chr1:6092501;Chr1:6092980;Chr1:6115480;Chr1:6120619;Chr1:6130578;Chr1:6132461	Chr1:5897785;Chr1:5932193;Chr1:6005322;Chr1:6048343;Chr1:6115480	Chr1:5934912	TRUE	TRUE	TRUE	1	1	FALSE	FALSE	3	3	3	1	2	4
nobgs_V0.5_c1_rep7_env4	lfmm_simes	Chr2	1416981	1417495	2	1	Chr2:1416981;Chr2:1417495	Chr2:1416981	""	FALSE	FALSE	FALSE	0	0	FALSE	FALSE	1	1	1	1	2	4
nobgs_V0.5_c1_rep7_env4	lfmm_simes	Chr2	3621282	3640865	9	1	Chr2:3621282;Chr2:3622408;Chr2:3623329;Chr2:3623457;Chr2:3624308;Chr2:3627281;Chr2:3631417;Chr2:3631657;Chr2:3640865	Chr2:3622408	""	FALSE	TRUE	TRUE	1	1	FALSE	FALSE	3	3	3	1	2	4
nobgs_V0.5_c1_rep7_env5	emmax_consensus	Chr1	1240282	1243341	3	1	Chr1:1240282;Chr1:1241045;Chr1:1243341	Chr1:1240282	Chr1:1272240	TRUE	TRUE	FALSE	1	0	FALSE	FALSE	2	2	2	1	2	4
nobgs_V0.5_c1_rep7_env5	emmax_consensus	Chr1	1272240	1286131	5	1	Chr1:1272240;Chr1:1274185;Chr1:1275434;Chr1:1281591;Chr1:1286131	Chr1:1275434	Chr1:1272240	TRUE	TRUE	TRUE	1	1	FALSE	FALSE	3	3	3	1	2	4
nobgs_V0.5_c1_rep7_env5	emmax_simes	Chr1	1240282	1243341	3	1	Chr1:1240282;Chr1:1241045;Chr1:1243341	Chr1:1240282	Chr1:1272240	TRUE	TRUE	FALSE	1	0	FALSE	FALSE	2	2	2	1	2	4
nobgs_V0.5_c1_rep7_env5	emmax_simes	Chr1	1272240	1286131	5	1	Chr1:1272240;Chr1:1274185;Chr1:1275434;Chr1:1281591;Chr1:1286131	Chr1:1275434	Chr1:1272240	TRUE	TRUE	TRUE	1	1	FALSE	FALSE	3	3	3	1	2	4
nobgs_V0.5_c1_rep7_env5	lfmm_simes	Chr1	1240282	1249763	5	2	Chr1:1240282;Chr1:1241045;Chr1:1243341;Chr1:1247172;Chr1:1249763	Chr1:1240282;Chr1:1247172	Chr1:1272240	TRUE	TRUE	FALSE	1	0	FALSE	FALSE	2	2	2	1	2	4
nobgs_V0.5_c1_rep7_env5	lfmm_simes	Chr1	1272240	1286131	5	1	Chr1:1272240;Chr1:1274185;Chr1:1275434;Chr1:1281591;Chr1:1286131	Chr1:1275434	Chr1:1272240	TRUE	TRUE	TRUE	1	1	FALSE	FALSE	3	3	3	1	2	4
nobgs_V0.5_c1_rep7_env6	emmax_consensus	Chr1	4038093	4073259	7	1	Chr1:4038093;Chr1:4045959;Chr1:4055535;Chr1:4055677;Chr1:4056685;Chr1:4058006;Chr1:4073259	Chr1:4055535	""	FALSE	TRUE	TRUE	1	1	FALSE	FALSE	3	3	3	1	2	4
nobgs_V0.5_c1_rep7_env6	emmax_consensus	Chr1	6321139	6620625	36	5	Chr1:6321139;Chr1:6327620;Chr1:6333373;Chr1:6349981;Chr1:6369689;Chr1:6383859;Chr1:6386756;Chr1:6391811;Chr1:6393925;Chr1:6419218;Chr1:6452635;Chr1:6454825;Chr1:6458621;Chr1:6462620;Chr1:6465274;Chr1:6465849;Chr1:6466665;Chr1:6476654;Chr1:6483890;Chr1:6488399;Chr1:6490580;Chr1:6493136;Chr1:6508248;Chr1:6519640;Chr1:6523100;Chr1:6532937;Chr1:6536407;Chr1:6536854;Chr1:6559603;Chr1:6570737;Chr1:6575427;Chr1:6586479;Chr1:6588789;Chr1:6610009;Chr1:6611421;Chr1:6620625	Chr1:6369689;Chr1:6391811;Chr1:6483890;Chr1:6575427;Chr1:6611421	Chr1:6452635	TRUE	TRUE	TRUE	1	1	FALSE	FALSE	3	3	3	1	2	4
nobgs_V0.5_c1_rep7_env6	emmax_consensus	Chr1	6562197	6575292	5	2	Chr1:6562197;Chr1:6565684;Chr1:6566666;Chr1:6569491;Chr1:6575292	Chr1:6562197;Chr1:6569491	""	FALSE	TRUE	FALSE	1	0	FALSE	FALSE	2	2	3	1	2	4
nobgs_V0.5_c1_rep7_env6	emmax_consensus	Chr1	19297384	19452670	7	1	Chr1:19297384;Chr1:19331598;Chr1:19360505;Chr1:19371718;Chr1:19383679;Chr1:19388689;Chr1:19452670	Chr1:19371718	""	FALSE	TRUE	TRUE	1	1	FALSE	FALSE	3	3	3	1	2	4
nobgs_V0.5_c1_rep7_env6	emmax_simes	Chr1	4006706	4009787	2	1	Chr1:4006706;Chr1:4009787	Chr1:4006706	""	FALSE	FALSE	FALSE	0	0	FALSE	FALSE	1	1	1	1	2	4
nobgs_V0.5_c1_rep7_env6	emmax_simes	Chr1	4038093	4073259	7	1	Chr1:4038093;Chr1:4045959;Chr1:4055535;Chr1:4055677;Chr1:4056685;Chr1:4058006;Chr1:4073259	Chr1:4055535	""	FALSE	TRUE	TRUE	1	1	FALSE	FALSE	3	3	3	1	2	4
nobgs_V0.5_c1_rep7_env6	emmax_simes	Chr1	6321139	6620625	36	5	Chr1:6321139;Chr1:6327620;Chr1:6333373;Chr1:6349981;Chr1:6369689;Chr1:6383859;Chr1:6386756;Chr1:6391811;Chr1:6393925;Chr1:6419218;Chr1:6452635;Chr1:6454825;Chr1:6458621;Chr1:6462620;Chr1:6465274;Chr1:6465849;Chr1:6466665;Chr1:6476654;Chr1:6483890;Chr1:6488399;Chr1:6490580;Chr1:6493136;Chr1:6508248;Chr1:6519640;Chr1:6523100;Chr1:6532937;Chr1:6536407;Chr1:6536854;Chr1:6559603;Chr1:6570737;Chr1:6575427;Chr1:6586479;Chr1:6588789;Chr1:6610009;Chr1:6611421;Chr1:6620625	Chr1:6369689;Chr1:6391811;Chr1:6483890;Chr1:6575427;Chr1:6611421	Chr1:6452635	TRUE	TRUE	TRUE	1	1	FALSE	FALSE	3	3	3	1	2	4
nobgs_V0.5_c1_rep7_env6	emmax_simes	Chr1	6562197	6565684	2	1	Chr1:6562197;Chr1:6565684	Chr1:6562197	""	FALSE	TRUE	FALSE	1	0	FALSE	FALSE	2	2	3	1	2	4
nobgs_V0.5_c1_rep7_env6	emmax_simes	Chr1	19297384	19452670	7	1	Chr1:19297384;Chr1:19331598;Chr1:19360505;Chr1:19371718;Chr1:19383679;Chr1:19388689;Chr1:19452670	Chr1:19371718	""	FALSE	FALSE	TRUE	0	1	FALSE	FALSE	2	2	2	1	2	4
nobgs_V0.5_c1_rep7_env6	lfmm_simes	Chr1	4006706	4009787	2	1	Chr1:4006706;Chr1:4009787	Chr1:4006706	""	FALSE	TRUE	FALSE	1	0	FALSE	FALSE	2	2	2	1	2	4
nobgs_V0.5_c1_rep7_env6	lfmm_simes	Chr1	4038093	4073259	7	1	Chr1:4038093;Chr1:4045959;Chr1:4055535;Chr1:4055677;Chr1:4056685;Chr1:4058006;Chr1:4073259	Chr1:4055535	""	FALSE	TRUE	TRUE	1	1	FALSE	FALSE	3	3	3	1	2	4
nobgs_V0.5_c1_rep7_env6	lfmm_simes	Chr1	6321139	6620625	36	5	Chr1:6321139;Chr1:6327620;Chr1:6333373;Chr1:6349981;Chr1:6369689;Chr1:6383859;Chr1:6386756;Chr1:6391811;Chr1:6393925;Chr1:6419218;Chr1:6452635;Chr1:6454825;Chr1:6458621;Chr1:6462620;Chr1:6465274;Chr1:6465849;Chr1:6466665;Chr1:6476654;Chr1:6483890;Chr1:6488399;Chr1:6490580;Chr1:6493136;Chr1:6508248;Chr1:6519640;Chr1:6523100;Chr1:6532937;Chr1:6536407;Chr1:6536854;Chr1:6559603;Chr1:6570737;Chr1:6575427;Chr1:6586479;Chr1:6588789;Chr1:6610009;Chr1:6611421;Chr1:6620625	Chr1:6369689;Chr1:6391811;Chr1:6483890;Chr1:6575427;Chr1:6611421	Chr1:6452635	TRUE	TRUE	TRUE	1	1	FALSE	FALSE	3	3	3	1	2	4
nobgs_V0.5_c1_rep7_env6	lfmm_simes	Chr1	6562197	6575292	5	2	Chr1:6562197;Chr1:6565684;Chr1:6566666;Chr1:6569491;Chr1:6575292	Chr1:6562197;Chr1:6569491	""	FALSE	TRUE	FALSE	1	0	FALSE	FALSE	2	2	3	1	2	4
nobgs_V0.5_c1_rep7_env6	lfmm_simes	Chr1	6641138	6752402	9	1	Chr1:6641138;Chr1:6644643;Chr1:6654574;Chr1:6662347;Chr1:6692021;Chr1:6731846;Chr1:6734911;Chr1:6737543;Chr1:6752402	Chr1:6731846	""	FALSE	TRUE	TRUE	1	1	FALSE	FALSE	3	3	3	1	2	4
nobgs_V0.5_c1_rep7_env6	lfmm_simes	Chr1	6879749	6889397	2	1	Chr1:6879749;Chr1:6889397	Chr1:6879749	""	FALSE	FALSE	FALSE	0	0	FALSE	FALSE	1	1	1	1	2	4
nobgs_V0.5_c1_rep7_env6	lfmm_simes	Chr1	11559765	11667954	8	1	Chr1:11559765;Chr1:11580574;Chr1:11625850;Chr1:11626663;Chr1:11640545;Chr1:11646818;Chr1:11648054;Chr1:11667954	Chr1:11626663	""	FALSE	FALSE	TRUE	0	1	FALSE	FALSE	2	2	2	1	2	4
nobgs_V0.5_c1_rep7_env6	lfmm_simes	Chr1	17099358	17110076	2	1	Chr1:17099358;Chr1:17110076	Chr1:17099358	""	FALSE	FALSE	FALSE	0	0	FALSE	FALSE	1	1	1	1	2	4
nobgs_V0.5_c1_rep7_env6	lfmm_simes	Chr1	19297384	19452670	7	1	Chr1:19297384;Chr1:19331598;Chr1:19360505;Chr1:19371718;Chr1:19383679;Chr1:19388689;Chr1:19452670	Chr1:19371718	""	FALSE	TRUE	TRUE	1	1	FALSE	FALSE	3	3	3	1	2	4
nobgs_V0.5_c1_rep7_env6	lfmm_simes	Chr1	27794607	27855497	6	1	Chr1:27794607;Chr1:27801367;Chr1:27807224;Chr1:27831848;Chr1:27840626;Chr1:27855497	Chr1:27801367	Chr1:27801367	TRUE	TRUE	TRUE	1	1	FALSE	FALSE	3	3	3	1	2	4
nobgs_V0.5_c1_rep7_env6	lfmm_simes	Chr2	19177630	19207312	3	1	Chr2:19177630;Chr2:19205190;Chr2:19207312	Chr2:19205190	""	FALSE	FALSE	FALSE	0	0	FALSE	FALSE	1	1	1	1	2	4
nobgs_V0.5_c1_rep7_env6	lfmm_simes	Chr2	22475854	22478144	2	1	Chr2:22475854;Chr2:22478144	Chr2:22475854	""	FALSE	FALSE	FALSE	0	0	FALSE	FALSE	1	1	1	1	2	4
nobgs_V0.5_c1_rep7_env7	emmax_consensus	Chr1	3567388	3573680	4	1	Chr1:3567388;Chr1:3571088;Chr1:3571709;Chr1:3573680	Chr1:3571709	Chr1:3567388	TRUE	TRUE	TRUE	1	1	FALSE	FALSE	3	3	3	1	2	4
nobgs_V0.5_c1_rep7_env7	emmax_consensus	Chr2	21467341	21471357	4	1	Chr2:21467341;Chr2:21470130;Chr2:21470863;Chr2:21471357	Chr2:21470130	""	FALSE	FALSE	TRUE	0	1	FALSE	FALSE	2	2	2	1	2	4
nobgs_V0.5_c1_rep7_env7	emmax_simes	Chr1	3567388	3573680	4	1	Chr1:3567388;Chr1:3571088;Chr1:3571709;Chr1:3573680	Chr1:3571709	Chr1:3567388	TRUE	TRUE	TRUE	1	1	FALSE	FALSE	3	3	3	1	2	4
nobgs_V0.5_c1_rep7_env7	lfmm_simes	Chr1	3567388	3573680	4	1	Chr1:3567388;Chr1:3571088;Chr1:3571709;Chr1:3573680	Chr1:3571709	Chr1:3567388	TRUE	TRUE	TRUE	1	1	FALSE	FALSE	3	3	3	1	2	4
nobgs_V0.5_c1_rep7_env7	lfmm_simes	Chr2	15029987	15110897	8	1	Chr2:15029987;Chr2:15031520;Chr2:15036274;Chr2:15073782;Chr2:15076511;Chr2:15085310;Chr2:15107105;Chr2:15110897	Chr2:15085310	""	FALSE	TRUE	TRUE	1	1	FALSE	FALSE	3	3	3	1	2	4
nobgs_V0.5_c1_rep7_env8	emmax_consensus	Chr1	16806979	17090566	20	2	Chr1:16806979;Chr1:16822217;Chr1:16826271;Chr1:16828367;Chr1:16848298;Chr1:16888132;Chr1:16890316;Chr1:16894542;Chr1:16933391;Chr1:16968603;Chr1:16971244;Chr1:16971590;Chr1:16983444;Chr1:17042045;Chr1:17042110;Chr1:17047975;Chr1:17051960;Chr1:17058108;Chr1:17085418;Chr1:17090566	Chr1:16828367;Chr1:17047975	""	FALSE	TRUE	TRUE	1	1	FALSE	FALSE	3	3	3	1	2	4
nobgs_V0.5_c1_rep7_env8	emmax_consensus	Chr1	17496021	17728403	15	1	Chr1:17496021;Chr1:17512974;Chr1:17550037;Chr1:17552320;Chr1:17568404;Chr1:17581497;Chr1:17588067;Chr1:17630006;Chr1:17677994;Chr1:17687258;Chr1:17692779;Chr1:17705096;Chr1:17719353;Chr1:17720302;Chr1:17728403	Chr1:17581497	""	FALSE	FALSE	TRUE	0	1	FALSE	FALSE	2	2	2	1	2	4
nobgs_V0.5_c1_rep7_env8	emmax_consensus	Chr1	17844847	18649983	76	11	Chr1:17844847;Chr1:17858208;Chr1:17858838;Chr1:17878024;Chr1:17907145;Chr1:17920110;Chr1:17922625;Chr1:17923740;Chr1:17930170;Chr1:17940618;Chr1:17961858;Chr1:17962566;Chr1:17965238;Chr1:17979984;Chr1:17981061;Chr1:18013983;Chr1:18017478;Chr1:18021029;Chr1:18024384;Chr1:18030847;Chr1:18034426;Chr1:17931219;Chr1:17952984;Chr1:17957886;Chr1:18018958;Chr1:17938493;Chr1:17974009;Chr1:17980932;Chr1:18051537;Chr1:18056746;Chr1:18065762;Chr1:18073376;Chr1:18088029;Chr1:18089011;Chr1:18096058;Chr1:18097723;Chr1:18100686;Chr1:18104505;Chr1:18111243;Chr1:18114141;Chr1:18184836;Chr1:18187602;Chr1:18196356;Chr1:18200940;Chr1:18206316;Chr1:18210263;Chr1:18211849;Chr1:18220048;Chr1:18222220;Chr1:18222769;Chr1:18224703;Chr1:18230278;Chr1:18235049;Chr1:18238788;Chr1:18242369;Chr1:18248129;Chr1:18530708;Chr1:18557802;Chr1:18394485;Chr1:18398098;Chr1:18398131;Chr1:18395130;Chr1:18445377;Chr1:18445413;Chr1:18446514;Chr1:18448078;Chr1:18481020;Chr1:18493115;Chr1:18511512;Chr1:18571475;Chr1:18573166;Chr1:18579708;Chr1:18598218;Chr1:18615883;Chr1:18641597;Chr1:18649983	Chr1:17878024;Chr1:18013983;Chr1:17952984;Chr1:17980932;Chr1:18051537;Chr1:18100686;Chr1:18206316;Chr1:18398098;Chr1:18511512;Chr1:18571475;Chr1:18615883	Chr1:17981061	TRUE	TRUE	TRUE	2	1	FALSE	FALSE	3	3	3	1	2	4
nobgs_V0.5_c1_rep7_env8	emmax_consensus	Chr1	27692610	27807224	13	2	Chr1:27692610;Chr1:27742663;Chr1:27745345;Chr1:27749235;Chr1:27753099;Chr1:27756409;Chr1:27763569;Chr1:27764237;Chr1:27779018;Chr1:27784049;Chr1:27794607;Chr1:27801367;Chr1:27807224	Chr1:27756409;Chr1:27794607	Chr1:27801367	TRUE	TRUE	TRUE	1	1	FALSE	FALSE	3	3	3	1	2	4
nobgs_V0.5_c1_rep7_env8	emmax_consensus	Chr2	4410020	4410708	2	1	Chr2:4410020;Chr2:4410708	Chr2:4410020	""	FALSE	FALSE	FALSE	0	0	FALSE	FALSE	1	1	1	1	2	4
nobgs_V0.5_c1_rep7_env8	emmax_simes	Chr1	16806979	17090566	20	2	Chr1:16806979;Chr1:16822217;Chr1:16826271;Chr1:16828367;Chr1:16848298;Chr1:16888132;Chr1:16890316;Chr1:16894542;Chr1:16933391;Chr1:16968603;Chr1:16971244;Chr1:16971590;Chr1:16983444;Chr1:17042045;Chr1:17042110;Chr1:17047975;Chr1:17051960;Chr1:17058108;Chr1:17085418;Chr1:17090566	Chr1:16828367;Chr1:17047975	""	FALSE	TRUE	TRUE	1	1	FALSE	FALSE	3	3	3	1	2	4
nobgs_V0.5_c1_rep7_env8	emmax_simes	Chr1	17496021	17728403	15	1	Chr1:17496021;Chr1:17512974;Chr1:17550037;Chr1:17552320;Chr1:17568404;Chr1:17581497;Chr1:17588067;Chr1:17630006;Chr1:17677994;Chr1:17687258;Chr1:17692779;Chr1:17705096;Chr1:17719353;Chr1:17720302;Chr1:17728403	Chr1:17581497	""	FALSE	FALSE	TRUE	0	1	FALSE	FALSE	2	2	2	1	2	4
nobgs_V0.5_c1_rep7_env8	emmax_simes	Chr1	17844847	18649983	92	12	Chr1:17844847;Chr1:17858208;Chr1:17858838;Chr1:17878024;Chr1:17907145;Chr1:17920110;Chr1:17922625;Chr1:17923740;Chr1:17930170;Chr1:17940618;Chr1:17961858;Chr1:17962566;Chr1:17965238;Chr1:17979984;Chr1:17981061;Chr1:18013983;Chr1:18017478;Chr1:18021029;Chr1:18024384;Chr1:18030847;Chr1:18034426;Chr1:17931219;Chr1:17952984;Chr1:17957886;Chr1:18018958;Chr1:17938493;Chr1:17974009;Chr1:17980932;Chr1:18051537;Chr1:18056746;Chr1:18065762;Chr1:18073376;Chr1:18088029;Chr1:18089011;Chr1:18096058;Chr1:18097723;Chr1:18100686;Chr1:18104505;Chr1:18111243;Chr1:18114141;Chr1:18131545;Chr1:18133123;Chr1:18139735;Chr1:18145110;Chr1:18152121;Chr1:18153328;Chr1:18160832;Chr1:18184836;Chr1:18187602;Chr1:18196356;Chr1:18200940;Chr1:18206316;Chr1:18210263;Chr1:18211849;Chr1:18220048;Chr1:18222220;Chr1:18222769;Chr1:18224703;Chr1:18230278;Chr1:18235049;Chr1:18238788;Chr1:18242369;Chr1:18248129;Chr1:18530708;Chr1:18557802;Chr1:18330833;Chr1:18333999;Chr1:18337864;Chr1:18338990;Chr1:18346260;Chr1:18346481;Chr1:18348048;Chr1:18352909;Chr1:18353093;Chr1:18355600;Chr1:18375397;Chr1:18394485;Chr1:18398098;Chr1:18398131;Chr1:18395130;Chr1:18445377;Chr1:18445413;Chr1:18446514;Chr1:18448078;Chr1:18481020;Chr1:18493115;Chr1:18511512;Chr1:18579708;Chr1:18598218;Chr1:18615883;Chr1:18641597;Chr1:18649983	Chr1:17878024;Chr1:18013983;Chr1:17952984;Chr1:17980932;Chr1:18051537;Chr1:18100686;Chr1:18153328;Chr1:18206316;Chr1:18353093;Chr1:18398098;Chr1:18511512;Chr1:18615883	Chr1:17981061	TRUE	TRUE	TRUE	1	1	FALSE	FALSE	3	3	3	1	2	4
nobgs_V0.5_c1_rep7_env8	emmax_simes	Chr1	27692610	27807224	13	2	Chr1:27692610;Chr1:27742663;Chr1:27745345;Chr1:27749235;Chr1:27753099;Chr1:27756409;Chr1:27763569;Chr1:27764237;Chr1:27779018;Chr1:27784049;Chr1:27794607;Chr1:27801367;Chr1:27807224	Chr1:27756409;Chr1:27794607	Chr1:27801367	TRUE	TRUE	TRUE	1	1	FALSE	FALSE	3	3	3	1	2	4
nobgs_V0.5_c1_rep7_env8	emmax_simes	Chr2	4410020	4410708	2	1	Chr2:4410020;Chr2:4410708	Chr2:4410020	""	FALSE	FALSE	FALSE	0	0	FALSE	FALSE	1	1	1	1	2	4
nobgs_V0.5_c1_rep7_env8	lfmm_simes	Chr1	16806979	17219516	30	4	Chr1:16806979;Chr1:16822217;Chr1:16826271;Chr1:16828367;Chr1:16848298;Chr1:16888132;Chr1:16890316;Chr1:16894542;Chr1:16933391;Chr1:16875139;Chr1:16898376;Chr1:16968603;Chr1:16971244;Chr1:16971590;Chr1:16983444;Chr1:17042045;Chr1:17042110;Chr1:17047975;Chr1:17051960;Chr1:17058108;Chr1:17085418;Chr1:17090566;Chr1:17152634;Chr1:17154816;Chr1:17156903;Chr1:17169981;Chr1:17173288;Chr1:17174501;Chr1:17212100;Chr1:17219516	Chr1:16828367;Chr1:16875139;Chr1:17047975;Chr1:17173288	""	FALSE	TRUE	TRUE	1	1	FALSE	FALSE	3	3	3	1	2	4
nobgs_V0.5_c1_rep7_env8	lfmm_simes	Chr1	17496021	18649983	114	15	Chr1:17496021;Chr1:17512974;Chr1:17550037;Chr1:17552320;Chr1:17568404;Chr1:17581497;Chr1:17588067;Chr1:17630006;Chr1:17677994;Chr1:17687258;Chr1:17692779;Chr1:17705096;Chr1:17719353;Chr1:17720302;Chr1:17728403;Chr1:17844847;Chr1:17858208;Chr1:17858838;Chr1:17878024;Chr1:17907145;Chr1:17920110;Chr1:17922625;Chr1:17923740;Chr1:17930170;Chr1:17940618;Chr1:17961858;Chr1:17962566;Chr1:17965238;Chr1:17979984;Chr1:17981061;Chr1:18013983;Chr1:18017478;Chr1:18021029;Chr1:18024384;Chr1:18030847;Chr1:18034426;Chr1:17931219;Chr1:17952984;Chr1:17957886;Chr1:18018958;Chr1:17938493;Chr1:17974009;Chr1:17980932;Chr1:18051537;Chr1:18056746;Chr1:18065762;Chr1:18073376;Chr1:18088029;Chr1:18089011;Chr1:18096058;Chr1:18097723;Chr1:18100686;Chr1:18104505;Chr1:18111243;Chr1:18114141;Chr1:18131545;Chr1:18133123;Chr1:18139735;Chr1:18145110;Chr1:18152121;Chr1:18153328;Chr1:18160832;Chr1:18165524;Chr1:18165996;Chr1:18167918;Chr1:18175245;Chr1:18175544;Chr1:18184836;Chr1:18187602;Chr1:18196356;Chr1:18200940;Chr1:18206316;Chr1:18210263;Chr1:18211849;Chr1:18220048;Chr1:18222220;Chr1:18222769;Chr1:18224703;Chr1:18230278;Chr1:18235049;Chr1:18238788;Chr1:18242369;Chr1:18248129;Chr1:18530708;Chr1:18557802;Chr1:18330833;Chr1:18333999;Chr1:18337864;Chr1:18338990;Chr1:18346260;Chr1:18346481;Chr1:18348048;Chr1:18352909;Chr1:18353093;Chr1:18355600;Chr1:18375397;Chr1:18394485;Chr1:18398098;Chr1:18398131;Chr1:18395130;Chr1:18445377;Chr1:18445413;Chr1:18446514;Chr1:18448078;Chr1:18481020;Chr1:18493115;Chr1:18511512;Chr1:18571475;Chr1:18573166;Chr1:18579708;Chr1:18598218;Chr1:18615883;Chr1:18641597;Chr1:18649983	Chr1:17581497;Chr1:17878024;Chr1:18013983;Chr1:17952984;Chr1:17980932;Chr1:18051537;Chr1:18100686;Chr1:18153328;Chr1:18165524;Chr1:18206316;Chr1:18353093;Chr1:18398098;Chr1:18511512;Chr1:18571475;Chr1:18615883	Chr1:17981061	TRUE	TRUE	TRUE	2	1	FALSE	FALSE	3	3	3	1	2	4
nobgs_V0.5_c1_rep7_env8	lfmm_simes	Chr1	17716681	17751135	4	1	Chr1:17716681;Chr1:17722810;Chr1:17730657;Chr1:17751135	Chr1:17730657	""	FALSE	FALSE	TRUE	0	1	FALSE	FALSE	2	2	3	1	2	4
nobgs_V0.5_c1_rep7_env8	lfmm_simes	Chr1	26329931	26335301	3	1	Chr1:26329931;Chr1:26333076;Chr1:26335301	Chr1:26333076	""	FALSE	FALSE	FALSE	0	0	FALSE	FALSE	1	1	1	1	2	4
nobgs_V0.5_c1_rep7_env8	lfmm_simes	Chr1	27692610	27807224	13	2	Chr1:27692610;Chr1:27742663;Chr1:27745345;Chr1:27749235;Chr1:27753099;Chr1:27756409;Chr1:27763569;Chr1:27764237;Chr1:27779018;Chr1:27784049;Chr1:27794607;Chr1:27801367;Chr1:27807224	Chr1:27756409;Chr1:27794607	Chr1:27801367	TRUE	TRUE	TRUE	1	1	FALSE	FALSE	3	3	3	1	2	4
nobgs_V0.5_c1_rep7_env8	lfmm_simes	Chr1	27840626	27876044	2	1	Chr1:27840626;Chr1:27876044	Chr1:27840626	Chr1:27801367	TRUE	TRUE	FALSE	1	0	FALSE	FALSE	2	2	2	1	2	4
nobgs_V0.5_c1_rep7_env8	lfmm_simes	Chr2	4364383	4410708	5	2	Chr2:4364383;Chr2:4366292;Chr2:4370250;Chr2:4410020;Chr2:4410708	Chr2:4366292;Chr2:4410020	""	FALSE	TRUE	FALSE	1	0	FALSE	FALSE	2	2	2	1	2	4
nobgs_V0.5_c1_rep7_env9	emmax_consensus	Chr2	23070341	23071763	2	1	Chr2:23070341;Chr2:23071763	Chr2:23070341	""	FALSE	FALSE	FALSE	0	0	FALSE	FALSE	1	1	1	1	2	4
nobgs_V0.5_c1_rep7_env9	emmax_simes	Chr1	27763569	27807224	7	1	Chr1:27763569;Chr1:27764237;Chr1:27779018;Chr1:27784049;Chr1:27794607;Chr1:27801367;Chr1:27807224	Chr1:27779018	Chr1:27801367	TRUE	FALSE	TRUE	0	1	FALSE	FALSE	2	2	2	1	2	4
nobgs_V0.5_c1_rep7_env9	emmax_simes	Chr2	23070341	23071763	2	1	Chr2:23070341;Chr2:23071763	Chr2:23070341	""	FALSE	FALSE	FALSE	0	0	FALSE	FALSE	1	1	1	1	2	4
nobgs_V0.5_c1_rep7_env9	lfmm_simes	Chr1	27763569	27807224	7	1	Chr1:27763569;Chr1:27764237;Chr1:27779018;Chr1:27784049;Chr1:27794607;Chr1:27801367;Chr1:27807224	Chr1:27779018	Chr1:27801367	TRUE	TRUE	TRUE	1	1	FALSE	FALSE	3	3	3	1	2	4
nobgs_V0.5_c1_rep8_env1	emmax_simes	Chr1	12265984	12302427	6	1	Chr1:12265984;Chr1:12269269;Chr1:12283485;Chr1:12286147;Chr1:12286615;Chr1:12302427	Chr1:12286147	""	FALSE	FALSE	TRUE	0	1	FALSE	FALSE	2	2	2	1	2	4
nobgs_V0.5_c1_rep8_env1	lfmm_simes	Chr1	12399584	12791923	30	1	Chr1:12399584;Chr1:12423425;Chr1:12450218;Chr1:12452911;Chr1:12470544;Chr1:12503487;Chr1:12531207;Chr1:12533531;Chr1:12538905;Chr1:12543305;Chr1:12554808;Chr1:12557804;Chr1:12564968;Chr1:12570429;Chr1:12609009;Chr1:12611146;Chr1:12634554;Chr1:12658011;Chr1:12660291;Chr1:12669977;Chr1:12708597;Chr1:12711047;Chr1:12726795;Chr1:12743799;Chr1:12758434;Chr1:12766445;Chr1:12778886;Chr1:12782638;Chr1:12785489;Chr1:12791923	Chr1:12538905	Chr1:12423425	TRUE	TRUE	TRUE	1	1	FALSE	FALSE	3	3	3	1	2	4
nobgs_V0.5_c1_rep8_env1	lfmm_simes	Chr1	14860782	14888849	9	1	Chr1:14860782;Chr1:14862589;Chr1:14864476;Chr1:14864495;Chr1:14865423;Chr1:14871229;Chr1:14874491;Chr1:14882323;Chr1:14888849	Chr1:14864476	Chr1:14864476	TRUE	FALSE	TRUE	0	1	FALSE	FALSE	2	2	2	1	2	4
nobgs_V0.5_c1_rep8_env10	emmax_consensus	Chr1	9813693	9960232	16	2	Chr1:9813693;Chr1:9842603;Chr1:9847838;Chr1:9878282;Chr1:9884357;Chr1:9887938;Chr1:9896729;Chr1:9867878;Chr1:9883774;Chr1:9919309;Chr1:9924714;Chr1:9930532;Chr1:9932786;Chr1:9939985;Chr1:9956375;Chr1:9960232	Chr1:9878282;Chr1:9924714	Chr1:9867878	TRUE	TRUE	TRUE	1	1	FALSE	FALSE	3	3	3	1	2	4
nobgs_V0.5_c1_rep8_env10	emmax_simes	Chr1	9867878	9960232	9	1	Chr1:9867878;Chr1:9883774;Chr1:9919309;Chr1:9924714;Chr1:9930532;Chr1:9932786;Chr1:9939985;Chr1:9956375;Chr1:9960232	Chr1:9924714	Chr1:9867878	TRUE	FALSE	TRUE	0	1	FALSE	FALSE	2	2	2	1	2	4
nobgs_V0.5_c1_rep8_env10	lfmm_simes	Chr1	9813693	9960232	16	2	Chr1:9813693;Chr1:9842603;Chr1:9847838;Chr1:9878282;Chr1:9884357;Chr1:9887938;Chr1:9896729;Chr1:9867878;Chr1:9883774;Chr1:9919309;Chr1:9924714;Chr1:9930532;Chr1:9932786;Chr1:9939985;Chr1:9956375;Chr1:9960232	Chr1:9878282;Chr1:9924714	Chr1:9867878	TRUE	TRUE	TRUE	1	1	FALSE	FALSE	3	3	3	1	2	4
nobgs_V0.5_c1_rep8_env2	emmax_consensus	Chr1	9705998	10019705	23	2	Chr1:9705998;Chr1:9720939;Chr1:9728018;Chr1:9729326;Chr1:9767856;Chr1:9775720;Chr1:9792483;Chr1:9813317;Chr1:9832865;Chr1:9839383;Chr1:9843125;Chr1:9867878;Chr1:9887989;Chr1:9907535;Chr1:9920262;Chr1:9961390;Chr1:10019705;Chr1:9844654;Chr1:9876404;Chr1:9878555;Chr1:9885156;Chr1:9907869;Chr1:9919926	Chr1:9767856;Chr1:9878555	Chr1:9867878	TRUE	TRUE	TRUE	1	1	FALSE	FALSE	3	3	3	1	2	4
nobgs_V0.5_c1_rep8_env2	emmax_simes	Chr1	9705998	10019705	17	1	Chr1:9705998;Chr1:9720939;Chr1:9728018;Chr1:9729326;Chr1:9767856;Chr1:9775720;Chr1:9792483;Chr1:9813317;Chr1:9832865;Chr1:9839383;Chr1:9843125;Chr1:9867878;Chr1:9887989;Chr1:9907535;Chr1:9920262;Chr1:9961390;Chr1:10019705	Chr1:9767856	Chr1:9867878	TRUE	TRUE	TRUE	1	1	FALSE	FALSE	3	3	3	1	2	4
nobgs_V0.5_c1_rep8_env2	lfmm_simes	Chr1	1437661	1459487	7	2	Chr1:1437661;Chr1:1438216;Chr1:1442839;Chr1:1451370;Chr1:1452758;Chr1:1457356;Chr1:1459487	Chr1:1437661;Chr1:1452758	Chr1:1442839	TRUE	TRUE	TRUE	1	1	FALSE	FALSE	3	3	3	1	2	4
nobgs_V0.5_c1_rep8_env2	lfmm_simes	Chr1	9705998	10019705	30	4	Chr1:9705998;Chr1:9720939;Chr1:9728018;Chr1:9729326;Chr1:9767856;Chr1:9775720;Chr1:9792483;Chr1:9813317;Chr1:9832865;Chr1:9839383;Chr1:9843125;Chr1:9867878;Chr1:9887989;Chr1:9907535;Chr1:9920262;Chr1:9961390;Chr1:10019705;Chr1:9844654;Chr1:9876404;Chr1:9878555;Chr1:9885156;Chr1:9907869;Chr1:9919926;Chr1:9924714;Chr1:9926593;Chr1:9928512;Chr1:9973010;Chr1:9974802;Chr1:9977152;Chr1:10003017	Chr1:9767856;Chr1:9878555;Chr1:9924714;Chr1:9973010	Chr1:9867878	TRUE	TRUE	TRUE	1	1	FALSE	FALSE	3	3	3	1	2	4
nobgs_V0.5_c1_rep8_env3	emmax_consensus	Chr1	5362629	5366394	2	1	Chr1:5362629;Chr1:5366394	Chr1:5362629	""	FALSE	FALSE	FALSE	0	0	FALSE	FALSE	1	1	1	1	2	4
nobgs_V0.5_c1_rep8_env3	emmax_consensus	Chr1	11452329	11733771	34	3	Chr1:11452329;Chr1:11466211;Chr1:11477740;Chr1:11498559;Chr1:11500032;Chr1:11507643;Chr1:11510599;Chr1:11516710;Chr1:11517480;Chr1:11522609;Chr1:11523269;Chr1:11524769;Chr1:11540810;Chr1:11543598;Chr1:11568548;Chr1:11570539;Chr1:11571567;Chr1:11667956;Chr1:11680947;Chr1:11697381;Chr1:11716636;Chr1:11724866;Chr1:11729709;Chr1:11733771;Chr1:11624738;Chr1:11640788;Chr1:11658440;Chr1:11669721;Chr1:11676495;Chr1:11679178;Chr1:11684407;Chr1:11684853;Chr1:11688405;Chr1:11689463	Chr1:11517480;Chr1:11667956;Chr1:11676495	Chr1:11510599	TRUE	TRUE	TRUE	1	1	FALSE	FALSE	3	3	3	1	2	4
nobgs_V0.5_c1_rep8_env3	emmax_consensus	Chr1	12794870	12802891	2	1	Chr1:12794870;Chr1:12802891	Chr1:12794870	Chr1:12802891	TRUE	TRUE	FALSE	1	0	FALSE	FALSE	2	2	2	1	2	4
nobgs_V0.5_c1_rep8_env3	emmax_consensus	Chr1	12812275	12829361	3	1	Chr1:12812275;Chr1:12825410;Chr1:12829361	Chr1:12825410	Chr1:12802891	TRUE	FALSE	FALSE	0	0	FALSE	FALSE	1	1	1	1	2	4
nobgs_V0.5_c1_rep8_env3	emmax_consensus	Chr1	14396829	14420539	3	1	Chr1:14396829;Chr1:14411355;Chr1:14420539	Chr1:14420539	Chr1:14411355	TRUE	FALSE	FALSE	0	0	FALSE	FALSE	1	1	1	1	2	4
nobgs_V0.5_c1_rep8_env3	emmax_simes	Chr1	11452329	11524769	12	1	Chr1:11452329;Chr1:11466211;Chr1:11477740;Chr1:11498559;Chr1:11500032;Chr1:11507643;Chr1:11510599;Chr1:11516710;Chr1:11517480;Chr1:11522609;Chr1:11523269;Chr1:11524769	Chr1:11517480	Chr1:11510599	TRUE	TRUE	TRUE	1	1	FALSE	FALSE	3	3	3	1	2	4
nobgs_V0.5_c1_rep8_env3	emmax_simes	Chr1	12794870	12802891	2	1	Chr1:12794870;Chr1:12802891	Chr1:12794870	Chr1:12802891	TRUE	TRUE	FALSE	1	0	FALSE	FALSE	2	2	2	1	2	4
nobgs_V0.5_c1_rep8_env3	emmax_simes	Chr1	14396829	14420539	3	1	Chr1:14396829;Chr1:14411355;Chr1:14420539	Chr1:14420539	Chr1:14411355	TRUE	FALSE	FALSE	0	0	FALSE	FALSE	1	1	1	1	2	4
nobgs_V0.5_c1_rep8_env3	lfmm_simes	Chr1	11417944	11733771	46	5	Chr1:11417944;Chr1:11421456;Chr1:11425516;Chr1:11427613;Chr1:11433543;Chr1:11448988;Chr1:11453181;Chr1:11452329;Chr1:11466211;Chr1:11477740;Chr1:11498559;Chr1:11500032;Chr1:11507643;Chr1:11510599;Chr1:11516710;Chr1:11517480;Chr1:11522609;Chr1:11523269;Chr1:11524769;Chr1:11540810;Chr1:11543598;Chr1:11568548;Chr1:11570539;Chr1:11571567;Chr1:11667956;Chr1:11680947;Chr1:11697381;Chr1:11716636;Chr1:11724866;Chr1:11729709;Chr1:11733771;Chr1:11588183;Chr1:11597366;Chr1:11615128;Chr1:11616313;Chr1:11625127;Chr1:11624738;Chr1:11640788;Chr1:11658440;Chr1:11669721;Chr1:11676495;Chr1:11679178;Chr1:11684407;Chr1:11684853;Chr1:11688405;Chr1:11689463	Chr1:11417944;Chr1:11517480;Chr1:11667956;Chr1:11597366;Chr1:11676495	Chr1:11510599	TRUE	TRUE	TRUE	1	1	FALSE	FALSE	3	3	3	1	2	4
nobgs_V0.5_c1_rep8_env3	lfmm_simes	Chr1	11842395	11901374	11	1	Chr1:11842395;Chr1:11849249;Chr1:11853466;Chr1:11859679;Chr1:11866371;Chr1:11872292;Chr1:11883074;Chr1:11889846;Chr1:11890972;Chr1:11899248;Chr1:11901374	Chr1:11889846	""	FALSE	TRUE	TRUE	1	1	FALSE	FALSE	3	3	3	1	2	4
nobgs_V0.5_c1_rep8_env3	lfmm_simes	Chr1	12794870	12802891	2	1	Chr1:12794870;Chr1:12802891	Chr1:12794870	Chr1:12802891	TRUE	TRUE	FALSE	1	0	FALSE	FALSE	2	2	2	1	2	4
nobgs_V0.5_c1_rep8_env3	lfmm_simes	Chr1	14396829	14420539	3	1	Chr1:14396829;Chr1:14411355;Chr1:14420539	Chr1:14420539	Chr1:14411355	TRUE	TRUE	FALSE	1	0	FALSE	FALSE	2	2	2	1	2	4
nobgs_V0.5_c1_rep8_env3	lfmm_simes	Chr1	19119429	19228653	22	2	Chr1:19119429;Chr1:19126257;Chr1:19129813;Chr1:19132695;Chr1:19134226;Chr1:19137477;Chr1:19141608;Chr1:19144328;Chr1:19147624;Chr1:19147964;Chr1:19148962;Chr1:19150239;Chr1:19162770;Chr1:19164989;Chr1:19165106;Chr1:19168743;Chr1:19174863;Chr1:19174898;Chr1:19185631;Chr1:19207464;Chr1:19212959;Chr1:19228653	Chr1:19129813;Chr1:19185631	Chr1:19168743	TRUE	TRUE	TRUE	1	1	FALSE	FALSE	3	3	3	1	2	4
nobgs_V0.5_c1_rep8_env4	emmax_consensus	Chr1	19120469	19185631	7	1	Chr1:19120469;Chr1:19147964;Chr1:19162770;Chr1:19164989;Chr1:19165106;Chr1:19168743;Chr1:19185631	Chr1:19162770	Chr1:19168743	TRUE	TRUE	TRUE	1	1	FALSE	FALSE	3	3	3	1	2	4
nobgs_V0.5_c1_rep8_env4	emmax_simes	Chr1	19120469	19185631	7	1	Chr1:19120469;Chr1:19147964;Chr1:19162770;Chr1:19164989;Chr1:19165106;Chr1:19168743;Chr1:19185631	Chr1:19162770	Chr1:19168743	TRUE	FALSE	TRUE	0	1	FALSE	FALSE	2	2	2	1	2	4
nobgs_V0.5_c1_rep8_env4	lfmm_simes	Chr1	12794870	12834599	5	1	Chr1:12794870;Chr1:12802891;Chr1:12811527;Chr1:12819431;Chr1:12834599	Chr1:12819431	Chr1:12802891	TRUE	FALSE	TRUE	0	1	FALSE	FALSE	2	2	2	1	2	4
nobgs_V0.5_c1_rep8_env4	lfmm_simes	Chr1	19120469	19260199	36	5	Chr1:19120469;Chr1:19147964;Chr1:19162770;Chr1:19164989;Chr1:19165106;Chr1:19168743;Chr1:19185631;Chr1:19126257;Chr1:19128815;Chr1:19129813;Chr1:19132695;Chr1:19134226;Chr1:19134243;Chr1:19134344;Chr1:19137477;Chr1:19141608;Chr1:19141924;Chr1:19144328;Chr1:19145171;Chr1:19147624;Chr1:19148962;Chr1:19150239;Chr1:19159751;Chr1:19174863;Chr1:19174898;Chr1:19192677;Chr1:19207464;Chr1:19212959;Chr1:19228653;Chr1:19239678;Chr1:19239949;Chr1:19242809;Chr1:19248213;Chr1:19249976;Chr1:19250661;Chr1:19260199	Chr1:19162770;Chr1:19132695;Chr1:19174863;Chr1:19242809;Chr1:19248213	Chr1:19168743	TRUE	TRUE	TRUE	1	2	FALSE	FALSE	3	3	3	1	2	4
nobgs_V0.5_c1_rep8_env5	emmax_simes	Chr1	3906978	3947288	7	1	Chr1:3906978;Chr1:3924742;Chr1:3925699;Chr1:3929530;Chr1:3934351;Chr1:3936925;Chr1:3947288	Chr1:3929530	Chr1:3936925	TRUE	TRUE	TRUE	1	1	FALSE	FALSE	3	3	3	1	2	4
nobgs_V0.5_c1_rep8_env5	lfmm_simes	Chr1	3906978	3982930	13	2	Chr1:3906978;Chr1:3924742;Chr1:3925699;Chr1:3929530;Chr1:3934351;Chr1:3936925;Chr1:3947288;Chr1:3958742;Chr1:3964644;Chr1:3967053;Chr1:3968814;Chr1:3971875;Chr1:3982930	Chr1:3929530;Chr1:3967053	Chr1:3936925	TRUE	TRUE	TRUE	1	1	FALSE	FALSE	3	3	3	1	2	4
nobgs_V0.5_c1_rep8_env6	emmax_consensus	Chr1	12794870	12802891	2	1	Chr1:12794870;Chr1:12802891	Chr1:12794870	""	FALSE	FALSE	FALSE	0	0	FALSE	FALSE	1	1	1	1	2	4
nobgs_V0.5_c1_rep8_env6	emmax_consensus	Chr1	15398780	15400795	2	1	Chr1:15398780;Chr1:15400795	Chr1:15398780	""	FALSE	FALSE	FALSE	0	0	FALSE	FALSE	1	1	1	1	2	4
nobgs_V0.5_c1_rep8_env6	emmax_consensus	Chr1	19162770	19212959	10	1	Chr1:19162770;Chr1:19164989;Chr1:19165106;Chr1:19168743;Chr1:19174863;Chr1:19174898;Chr1:19185631;Chr1:19192677;Chr1:19207464;Chr1:19212959	Chr1:19185631	Chr1:19168743	TRUE	TRUE	TRUE	1	1	FALSE	FALSE	3	3	3	1	2	4
nobgs_V0.5_c1_rep8_env6	emmax_consensus	Chr1	19301139	19353577	9	2	Chr1:19301139;Chr1:19310539;Chr1:19318603;Chr1:19320132;Chr1:19321453;Chr1:19328599;Chr1:19331402;Chr1:19337226;Chr1:19353577	Chr1:19310539;Chr1:19337226	""	FALSE	TRUE	TRUE	1	1	FALSE	FALSE	3	3	3	1	2	4
nobgs_V0.5_c1_rep8_env6	emmax_simes	Chr1	12794870	12802891	2	1	Chr1:12794870;Chr1:12802891	Chr1:12794870	""	FALSE	FALSE	FALSE	0	0	FALSE	FALSE	1	1	1	1	2	4
nobgs_V0.5_c1_rep8_env6	emmax_simes	Chr1	19162770	19212959	10	1	Chr1:19162770;Chr1:19164989;Chr1:19165106;Chr1:19168743;Chr1:19174863;Chr1:19174898;Chr1:19185631;Chr1:19192677;Chr1:19207464;Chr1:19212959	Chr1:19185631	Chr1:19168743	TRUE	TRUE	TRUE	1	1	FALSE	FALSE	3	3	3	1	2	4
nobgs_V0.5_c1_rep8_env6	emmax_simes	Chr1	19301139	19353577	9	2	Chr1:19301139;Chr1:19310539;Chr1:19318603;Chr1:19320132;Chr1:19321453;Chr1:19328599;Chr1:19331402;Chr1:19337226;Chr1:19353577	Chr1:19310539;Chr1:19337226	""	FALSE	TRUE	TRUE	1	1	FALSE	FALSE	3	3	3	1	2	4
nobgs_V0.5_c1_rep8_env6	lfmm_simes	Chr1	12794870	12802891	2	1	Chr1:12794870;Chr1:12802891	Chr1:12794870	""	FALSE	TRUE	FALSE	1	0	FALSE	FALSE	2	2	2	1	2	4
nobgs_V0.5_c1_rep8_env6	lfmm_simes	Chr1	19162770	19212959	10	1	Chr1:19162770;Chr1:19164989;Chr1:19165106;Chr1:19168743;Chr1:19174863;Chr1:19174898;Chr1:19185631;Chr1:19192677;Chr1:19207464;Chr1:19212959	Chr1:19185631	Chr1:19168743	TRUE	TRUE	TRUE	1	1	FALSE	FALSE	3	3	3	1	2	4
nobgs_V0.5_c1_rep8_env6	lfmm_simes	Chr1	19301139	19353577	9	2	Chr1:19301139;Chr1:19310539;Chr1:19318603;Chr1:19320132;Chr1:19321453;Chr1:19328599;Chr1:19331402;Chr1:19337226;Chr1:19353577	Chr1:19310539;Chr1:19337226	""	FALSE	TRUE	TRUE	1	1	FALSE	FALSE	3	3	3	1	2	4
nobgs_V0.5_c1_rep8_env7	emmax_consensus	Chr1	1989309	2049122	10	2	Chr1:1989309;Chr1:2001393;Chr1:2001683;Chr1:2008084;Chr1:2017594;Chr1:2024947;Chr1:2029980;Chr1:2030530;Chr1:2046068;Chr1:2049122	Chr1:2001393;Chr1:2030530	Chr1:2017594	TRUE	TRUE	TRUE	1	1	FALSE	FALSE	3	3	3	1	2	4
nobgs_V0.5_c1_rep8_env7	emmax_simes	Chr1	564498	569965	2	1	Chr1:564498;Chr1:569965	Chr1:564498	""	FALSE	FALSE	FALSE	0	0	FALSE	FALSE	1	1	1	1	2	4
nobgs_V0.5_c1_rep8_env7	emmax_simes	Chr1	1989309	2049122	10	2	Chr1:1989309;Chr1:2001393;Chr1:2001683;Chr1:2008084;Chr1:2017594;Chr1:2024947;Chr1:2029980;Chr1:2030530;Chr1:2046068;Chr1:2049122	Chr1:2001393;Chr1:2030530	Chr1:2017594	TRUE	TRUE	TRUE	1	1	FALSE	FALSE	3	3	3	1	2	4
nobgs_V0.5_c1_rep8_env7	lfmm_simes	Chr1	877476	880287	2	1	Chr1:877476;Chr1:880287	Chr1:877476	""	FALSE	TRUE	FALSE	1	0	FALSE	FALSE	2	2	2	1	2	4
nobgs_V0.5_c1_rep8_env7	lfmm_simes	Chr1	1989309	2049122	10	2	Chr1:1989309;Chr1:2001393;Chr1:2001683;Chr1:2008084;Chr1:2017594;Chr1:2024947;Chr1:2029980;Chr1:2030530;Chr1:2046068;Chr1:2049122	Chr1:2001393;Chr1:2030530	Chr1:2017594	TRUE	TRUE	TRUE	1	1	FALSE	FALSE	3	3	3	1	2	4
nobgs_V0.5_c1_rep8_env8	emmax_consensus	Chr1	4534024	4626760	11	2	Chr1:4534024;Chr1:4552305;Chr1:4553218;Chr1:4554625;Chr1:4557594;Chr1:4569053;Chr1:4545650;Chr1:4599661;Chr1:4601022;Chr1:4607855;Chr1:4626760	Chr1:4554625;Chr1:4599661	Chr1:4607855	TRUE	TRUE	TRUE	1	1	FALSE	FALSE	3	3	3	1	2	4
nobgs_V0.5_c1_rep8_env8	emmax_consensus	Chr1	12677909	12686856	5	1	Chr1:12677909;Chr1:12678132;Chr1:12678347;Chr1:12679718;Chr1:12686856	Chr1:12678132	""	FALSE	TRUE	TRUE	1	1	FALSE	FALSE	3	3	3	1	2	4
nobgs_V0.5_c1_rep8_env8	emmax_consensus	Chr1	12767248	12802891	3	1	Chr1:12767248;Chr1:12794870;Chr1:12802891	Chr1:12794870	Chr1:12802891	TRUE	TRUE	FALSE	1	0	FALSE	FALSE	2	2	2	1	2	4
nobgs_V0.5_c1_rep8_env8	emmax_consensus	Chr2	15258486	15266771	4	1	Chr2:15258486;Chr2:15261607;Chr2:15263318;Chr2:15266771	Chr2:15263318	""	FALSE	FALSE	TRUE	0	1	FALSE	FALSE	2	2	2	1	2	4
nobgs_V0.5_c1_rep8_env8	emmax_simes	Chr1	4534024	4626760	11	2	Chr1:4534024;Chr1:4552305;Chr1:4553218;Chr1:4554625;Chr1:4557594;Chr1:4569053;Chr1:4545650;Chr1:4599661;Chr1:4601022;Chr1:4607855;Chr1:4626760	Chr1:4554625;Chr1:4599661	Chr1:4607855	TRUE	TRUE	TRUE	1	1	FALSE	FALSE	3	3	3	1	2	4
nobgs_V0.5_c1_rep8_env8	emmax_simes	Chr1	12677909	12686856	5	1	Chr1:12677909;Chr1:12678132;Chr1:12678347;Chr1:12679718;Chr1:12686856	Chr1:12678132	""	FALSE	TRUE	TRUE	1	1	FALSE	FALSE	3	3	3	1	2	4
nobgs_V0.5_c1_rep8_env8	emmax_simes	Chr1	12767248	12802891	3	1	Chr1:12767248;Chr1:12794870;Chr1:12802891	Chr1:12794870	Chr1:12802891	TRUE	TRUE	FALSE	1	0	FALSE	FALSE	2	2	2	1	2	4
nobgs_V0.5_c1_rep8_env8	lfmm_simes	Chr1	4534024	4569053	6	1	Chr1:4534024;Chr1:4552305;Chr1:4553218;Chr1:4554625;Chr1:4557594;Chr1:4569053	Chr1:4554625	Chr1:4607855	TRUE	TRUE	TRUE	1	1	FALSE	FALSE	3	3	3	1	2	4
nobgs_V0.5_c1_rep8_env8	lfmm_simes	Chr1	4545650	4667127	16	3	Chr1:4545650;Chr1:4599661;Chr1:4601022;Chr1:4607855;Chr1:4626760;Chr1:4625398;Chr1:4627574;Chr1:4630084;Chr1:4636433;Chr1:4638793;Chr1:4652561;Chr1:4656818;Chr1:4661072;Chr1:4661613;Chr1:4663592;Chr1:4667127	Chr1:4599661;Chr1:4627574;Chr1:4661072	Chr1:4607855	TRUE	TRUE	TRUE	1	1	FALSE	FALSE	3	3	3	1	2	4
nobgs_V0.5_c1_rep8_env8	lfmm_simes	Chr1	4760868	4769029	2	1	Chr1:4760868;Chr1:4769029	Chr1:4760868	""	FALSE	FALSE	FALSE	0	0	FALSE	FALSE	1	1	1	1	2	4
nobgs_V0.5_c1_rep8_env8	lfmm_simes	Chr1	12677909	12686856	5	1	Chr1:12677909;Chr1:12678132;Chr1:12678347;Chr1:12679718;Chr1:12686856	Chr1:12678132	""	FALSE	TRUE	TRUE	1	1	FALSE	FALSE	3	3	3	1	2	4
nobgs_V0.5_c1_rep8_env8	lfmm_simes	Chr1	12691082	12716435	3	1	Chr1:12691082;Chr1:12697951;Chr1:12716435	Chr1:12716435	""	FALSE	FALSE	FALSE	0	0	FALSE	FALSE	1	1	1	1	2	4
nobgs_V0.5_c1_rep8_env8	lfmm_simes	Chr1	12767248	12819431	5	2	Chr1:12767248;Chr1:12794870;Chr1:12802891;Chr1:12811527;Chr1:12819431	Chr1:12794870;Chr1:12811527	Chr1:12802891	TRUE	TRUE	FALSE	1	0	FALSE	FALSE	2	2	2	1	2	4
nobgs_V0.5_c1_rep8_env8	lfmm_simes	Chr1	12823407	12834599	2	1	Chr1:12823407;Chr1:12834599	Chr1:12823407	Chr1:12802891	TRUE	FALSE	FALSE	0	0	FALSE	FALSE	1	1	1	1	2	4
nobgs_V0.5_c1_rep8_env8	lfmm_simes	Chr2	15258486	15266771	4	1	Chr2:15258486;Chr2:15261607;Chr2:15263318;Chr2:15266771	Chr2:15263318	""	FALSE	FALSE	TRUE	0	1	FALSE	FALSE	2	2	2	1	2	4
nobgs_V0.5_c1_rep8_env9	emmax_consensus	Chr1	12160596	12848943	67	2	Chr1:12160596;Chr1:12164020;Chr1:12178574;Chr1:12187445;Chr1:12212165;Chr1:12212316;Chr1:12212684;Chr1:12215383;Chr1:12215593;Chr1:12216488;Chr1:12228927;Chr1:12241072;Chr1:12248413;Chr1:12249337;Chr1:12260619;Chr1:12269646;Chr1:12275466;Chr1:12281680;Chr1:12283485;Chr1:12286147;Chr1:12286615;Chr1:12299228;Chr1:12302427;Chr1:12305955;Chr1:12306557;Chr1:12313962;Chr1:12347017;Chr1:12351581;Chr1:12355424;Chr1:12364589;Chr1:12378356;Chr1:12386456;Chr1:12417098;Chr1:12423425;Chr1:12427549;Chr1:12443483;Chr1:12452701;Chr1:12454196;Chr1:12471289;Chr1:12472795;Chr1:12474806;Chr1:12497557;Chr1:12525874;Chr1:12531207;Chr1:12533531;Chr1:12554808;Chr1:12557804;Chr1:12572794;Chr1:12665354;Chr1:12665968;Chr1:12680210;Chr1:12693717;Chr1:12701163;Chr1:12708862;Chr1:12747502;Chr1:12754562;Chr1:12763764;Chr1:12766512;Chr1:12772180;Chr1:12775516;Chr1:12779550;Chr1:12792196;Chr1:12796079;Chr1:12805682;Chr1:12813840;Chr1:12829865;Chr1:12848943	Chr1:12212684;Chr1:12306557	Chr1:12423425	TRUE	TRUE	TRUE	1	1	FALSE	FALSE	3	3	3	1	2	4
nobgs_V0.5_c1_rep8_env9	emmax_simes	Chr1	12160596	12848943	67	2	Chr1:12160596;Chr1:12164020;Chr1:12178574;Chr1:12187445;Chr1:12212165;Chr1:12212316;Chr1:12212684;Chr1:12215383;Chr1:12215593;Chr1:12216488;Chr1:12228927;Chr1:12241072;Chr1:12248413;Chr1:12249337;Chr1:12260619;Chr1:12269646;Chr1:12275466;Chr1:12281680;Chr1:12283485;Chr1:12286147;Chr1:12286615;Chr1:12299228;Chr1:12302427;Chr1:12305955;Chr1:12306557;Chr1:12313962;Chr1:12347017;Chr1:12351581;Chr1:12355424;Chr1:12364589;Chr1:12378356;Chr1:12386456;Chr1:12417098;Chr1:12423425;Chr1:12427549;Chr1:12443483;Chr1:12452701;Chr1:12454196;Chr1:12471289;Chr1:12472795;Chr1:12474806;Chr1:12497557;Chr1:12525874;Chr1:12531207;Chr1:12533531;Chr1:12554808;Chr1:12557804;Chr1:12572794;Chr1:12665354;Chr1:12665968;Chr1:12680210;Chr1:12693717;Chr1:12701163;Chr1:12708862;Chr1:12747502;Chr1:12754562;Chr1:12763764;Chr1:12766512;Chr1:12772180;Chr1:12775516;Chr1:12779550;Chr1:12792196;Chr1:12796079;Chr1:12805682;Chr1:12813840;Chr1:12829865;Chr1:12848943	Chr1:12212684;Chr1:12306557	Chr1:12423425	TRUE	TRUE	TRUE	1	1	FALSE	FALSE	3	3	3	1	2	4
nobgs_V0.5_c1_rep8_env9	lfmm_simes	Chr1	12160596	12848943	67	2	Chr1:12160596;Chr1:12164020;Chr1:12178574;Chr1:12187445;Chr1:12212165;Chr1:12212316;Chr1:12212684;Chr1:12215383;Chr1:12215593;Chr1:12216488;Chr1:12228927;Chr1:12241072;Chr1:12248413;Chr1:12249337;Chr1:12260619;Chr1:12269646;Chr1:12275466;Chr1:12281680;Chr1:12283485;Chr1:12286147;Chr1:12286615;Chr1:12299228;Chr1:12302427;Chr1:12305955;Chr1:12306557;Chr1:12313962;Chr1:12347017;Chr1:12351581;Chr1:12355424;Chr1:12364589;Chr1:12378356;Chr1:12386456;Chr1:12417098;Chr1:12423425;Chr1:12427549;Chr1:12443483;Chr1:12452701;Chr1:12454196;Chr1:12471289;Chr1:12472795;Chr1:12474806;Chr1:12497557;Chr1:12525874;Chr1:12531207;Chr1:12533531;Chr1:12554808;Chr1:12557804;Chr1:12572794;Chr1:12665354;Chr1:12665968;Chr1:12680210;Chr1:12693717;Chr1:12701163;Chr1:12708862;Chr1:12747502;Chr1:12754562;Chr1:12763764;Chr1:12766512;Chr1:12772180;Chr1:12775516;Chr1:12779550;Chr1:12792196;Chr1:12796079;Chr1:12805682;Chr1:12813840;Chr1:12829865;Chr1:12848943	Chr1:12212684;Chr1:12306557	Chr1:12423425	TRUE	TRUE	TRUE	1	1	FALSE	FALSE	3	3	3	1	2	4
nobgs_V0.5_c1_rep9_env10	emmax_simes	Chr1	722502	729910	2	1	Chr1:722502;Chr1:729910	Chr1:722502	Chr1:722502	TRUE	FALSE	FALSE	0	0	FALSE	FALSE	1	1	1	1	2	4
nobgs_V0.5_c1_rep9_env10	lfmm_simes	Chr1	722502	729910	2	1	Chr1:722502;Chr1:729910	Chr1:722502	Chr1:722502	TRUE	TRUE	FALSE	1	0	FALSE	FALSE	2	2	2	1	2	4
nobgs_V0.5_c1_rep9_env10	lfmm_simes	Chr1	5103927	5107321	2	1	Chr1:5103927;Chr1:5107321	Chr1:5103927	""	FALSE	FALSE	FALSE	0	0	FALSE	FALSE	1	1	1	1	2	4
nobgs_V0.5_c1_rep9_env10	lfmm_simes	Chr1	6191921	6207967	6	1	Chr1:6191921;Chr1:6196935;Chr1:6200147;Chr1:6203112;Chr1:6204130;Chr1:6207967	Chr1:6196935	""	FALSE	TRUE	TRUE	1	1	FALSE	FALSE	3	3	3	1	2	4
nobgs_V0.5_c1_rep9_env10	lfmm_simes	Chr1	6569426	6578486	2	1	Chr1:6569426;Chr1:6578486	Chr1:6569426	""	FALSE	FALSE	FALSE	0	0	FALSE	FALSE	1	1	1	1	2	4
nobgs_V0.5_c1_rep9_env10	lfmm_simes	Chr1	15783279	15807550	7	1	Chr1:15783279;Chr1:15784198;Chr1:15789625;Chr1:15790781;Chr1:15793580;Chr1:15795261;Chr1:15807550	Chr1:15789625	""	FALSE	FALSE	TRUE	0	1	FALSE	FALSE	2	2	2	1	2	4
nobgs_V0.5_c1_rep9_env10	lfmm_simes	Chr1	16268056	16400216	11	1	Chr1:16268056;Chr1:16274713;Chr1:16276920;Chr1:16295659;Chr1:16297496;Chr1:16303271;Chr1:16304100;Chr1:16312408;Chr1:16317921;Chr1:16320635;Chr1:16400216	Chr1:16400216	Chr1:16400216	TRUE	FALSE	TRUE	0	1	FALSE	FALSE	2	2	2	1	2	4
nobgs_V0.5_c1_rep9_env3	emmax_consensus	Chr1	15816458	16494901	17	1	Chr1:15816458;Chr1:16137365;Chr1:16178496;Chr1:16190773;Chr1:16261018;Chr1:16268056;Chr1:16274713;Chr1:16276920;Chr1:16284877;Chr1:16285860;Chr1:16295659;Chr1:16297496;Chr1:16317921;Chr1:16320635;Chr1:16400216;Chr1:16428549;Chr1:16494901	Chr1:16274713	Chr1:16400216	TRUE	TRUE	TRUE	1	1	FALSE	FALSE	3	3	3	1	2	4
nobgs_V0.5_c1_rep9_env3	emmax_simes	Chr1	6188180	6196935	3	1	Chr1:6188180;Chr1:6191921;Chr1:6196935	Chr1:6191921	Chr1:6191921	TRUE	TRUE	FALSE	1	0	FALSE	FALSE	2	2	2	1	2	4
nobgs_V0.5_c1_rep9_env3	emmax_simes	Chr1	7643941	7698917	4	1	Chr1:7643941;Chr1:7645207;Chr1:7647005;Chr1:7698917	Chr1:7645207	Chr1:7698917	TRUE	TRUE	TRUE	1	1	FALSE	FALSE	3	3	3	1	2	4
nobgs_V0.5_c1_rep9_env3	emmax_simes	Chr1	13607557	14353939	3	1	Chr1:13607557;Chr1:14341632;Chr1:14353939	Chr1:14341632	""	FALSE	TRUE	FALSE	1	0	FALSE	FALSE	2	2	2	1	2	4
nobgs_V0.5_c1_rep9_env3	emmax_simes	Chr1	15816458	16494901	17	1	Chr1:15816458;Chr1:16137365;Chr1:16178496;Chr1:16190773;Chr1:16261018;Chr1:16268056;Chr1:16274713;Chr1:16276920;Chr1:16284877;Chr1:16285860;Chr1:16295659;Chr1:16297496;Chr1:16317921;Chr1:16320635;Chr1:16400216;Chr1:16428549;Chr1:16494901	Chr1:16274713	Chr1:16400216	TRUE	TRUE	TRUE	1	1	FALSE	FALSE	3	3	3	1	2	4
nobgs_V0.5_c1_rep9_env3	lfmm_simes	Chr1	6188180	6196935	3	1	Chr1:6188180;Chr1:6191921;Chr1:6196935	Chr1:6191921	Chr1:6191921	TRUE	TRUE	FALSE	1	0	FALSE	FALSE	2	2	2	1	2	4
nobgs_V0.5_c1_rep9_env3	lfmm_simes	Chr1	7643941	7698917	4	1	Chr1:7643941;Chr1:7645207;Chr1:7647005;Chr1:7698917	Chr1:7645207	Chr1:7698917	TRUE	TRUE	TRUE	1	1	FALSE	FALSE	3	3	3	1	2	4
nobgs_V0.5_c1_rep9_env3	lfmm_simes	Chr1	13607557	14353939	3	1	Chr1:13607557;Chr1:14341632;Chr1:14353939	Chr1:14341632	""	FALSE	TRUE	FALSE	1	0	FALSE	FALSE	2	2	2	1	2	4
nobgs_V0.5_c1_rep9_env3	lfmm_simes	Chr1	15816458	16494901	27	2	Chr1:15816458;Chr1:16137365;Chr1:16178496;Chr1:16190773;Chr1:16261018;Chr1:16268056;Chr1:16274713;Chr1:16276920;Chr1:16284877;Chr1:16285860;Chr1:16295659;Chr1:16297496;Chr1:16317921;Chr1:16320635;Chr1:16400216;Chr1:16428549;Chr1:16494901;Chr1:16190585;Chr1:16200429;Chr1:16218083;Chr1:16220691;Chr1:16221593;Chr1:16221818;Chr1:16223457;Chr1:16223929;Chr1:16228533;Chr1:16229065	Chr1:16274713;Chr1:16221818	Chr1:16400216	TRUE	TRUE	TRUE	1	1	FALSE	FALSE	3	3	3	1	2	4
nobgs_V0.5_c1_rep9_env4	emmax_consensus	Chr1	705991	722502	3	1	Chr1:705991;Chr1:706915;Chr1:722502	Chr1:706915	Chr1:722502	TRUE	TRUE	FALSE	1	0	FALSE	FALSE	2	2	2	1	2	4
nobgs_V0.5_c1_rep9_env4	emmax_simes	Chr1	705991	722502	3	1	Chr1:705991;Chr1:706915;Chr1:722502	Chr1:706915	Chr1:722502	TRUE	TRUE	FALSE	1	0	FALSE	FALSE	2	2	2	1	2	4
nobgs_V0.5_c1_rep9_env4	lfmm_simes	Chr1	705991	722502	3	1	Chr1:705991;Chr1:706915;Chr1:722502	Chr1:706915	Chr1:722502	TRUE	TRUE	FALSE	1	0	FALSE	FALSE	2	2	2	1	2	4
nobgs_V0.5_c1_rep9_env5	emmax_simes	Chr1	11089598	11089698	2	1	Chr1:11089598;Chr1:11089698	Chr1:11089598	""	FALSE	TRUE	FALSE	1	0	FALSE	FALSE	2	2	2	1	2	4
nobgs_V0.5_c1_rep9_env6	emmax_consensus	Chr2	8271426	8295913	2	1	Chr2:8271426;Chr2:8295913	Chr2:8271426	""	FALSE	FALSE	FALSE	0	0	FALSE	FALSE	1	1	1	1	2	4
nobgs_V0.5_c1_rep9_env6	lfmm_simes	Chr1	6191921	6196935	2	1	Chr1:6191921;Chr1:6196935	Chr1:6191921	Chr1:6191921	TRUE	TRUE	FALSE	1	0	FALSE	FALSE	2	2	2	1	2	4
nobgs_V0.5_c1_rep9_env6	lfmm_simes	Chr1	7676094	7698917	4	1	Chr1:7676094;Chr1:7688891;Chr1:7692281;Chr1:7698917	Chr1:7692281	Chr1:7698917	TRUE	TRUE	TRUE	1	1	FALSE	FALSE	3	3	3	1	2	4
nobgs_V0.5_c1_rep9_env6	lfmm_simes	Chr1	13607557	14148162	6	1	Chr1:13607557;Chr1:13907378;Chr1:13983712;Chr1:14073601;Chr1:14146797;Chr1:14148162	Chr1:13607557	""	FALSE	TRUE	TRUE	1	1	FALSE	FALSE	3	3	3	1	2	4
nobgs_V0.5_c1_rep9_env6	lfmm_simes	Chr1	16178496	16460786	16	1	Chr1:16178496;Chr1:16190773;Chr1:16218083;Chr1:16220691;Chr1:16221593;Chr1:16221818;Chr1:16223457;Chr1:16223929;Chr1:16228533;Chr1:16229065;Chr1:16268056;Chr1:16274713;Chr1:16276920;Chr1:16400216;Chr1:16413446;Chr1:16460786	Chr1:16221593	Chr1:16400216	TRUE	TRUE	TRUE	1	1	FALSE	FALSE	3	3	3	1	2	4
nobgs_V0.5_c1_rep9_env8	emmax_consensus	Chr1	2698309	2706745	2	1	Chr1:2698309;Chr1:2706745	Chr1:2698309	Chr1:2698309	TRUE	TRUE	FALSE	1	0	FALSE	FALSE	2	2	2	1	2	4
nobgs_V0.5_c1_rep9_env8	emmax_consensus	Chr1	7949475	7952194	2	1	Chr1:7949475;Chr1:7952194	Chr1:7949475	""	FALSE	FALSE	FALSE	0	0	FALSE	FALSE	1	1	1	1	2	4
nobgs_V0.5_c1_rep9_env8	emmax_simes	Chr1	2698309	2706745	2	1	Chr1:2698309;Chr1:2706745	Chr1:2698309	Chr1:2698309	TRUE	TRUE	FALSE	1	0	FALSE	FALSE	2	2	2	1	2	4
nobgs_V0.5_c1_rep9_env8	lfmm_simes	Chr1	2698309	2706745	2	1	Chr1:2698309;Chr1:2706745	Chr1:2698309	Chr1:2698309	TRUE	TRUE	FALSE	1	0	FALSE	FALSE	2	2	2	1	2	4
nobgs_V0.5_c1_rep9_env9	lfmm_simes	Chr1	6191921	6462882	10	1	Chr1:6191921;Chr1:6194712;Chr1:6196935;Chr1:6380015;Chr1:6384898;Chr1:6390834;Chr1:6399517;Chr1:6402572;Chr1:6406515;Chr1:6462882	Chr1:6402572	Chr1:6191921	TRUE	FALSE	TRUE	0	1	FALSE	FALSE	2	2	2	1	2	4
nobgs_V0.5_c1_rep9_env9	lfmm_simes	Chr1	7517329	7724062	8	1	Chr1:7517329;Chr1:7597854;Chr1:7662292;Chr1:7676094;Chr1:7683942;Chr1:7698917;Chr1:7723364;Chr1:7724062	Chr1:7698917	Chr1:7698917	TRUE	TRUE	TRUE	1	1	FALSE	FALSE	3	3	3	1	2	4
nobgs_V0.5_c1_rep9_env9	lfmm_simes	Chr1	16082052	16565680	16	1	Chr1:16082052;Chr1:16090873;Chr1:16101615;Chr1:16117072;Chr1:16119967;Chr1:16137365;Chr1:16162452;Chr1:16178496;Chr1:16190773;Chr1:16274713;Chr1:16276920;Chr1:16377189;Chr1:16377357;Chr1:16386577;Chr1:16400216;Chr1:16565680	Chr1:16190773	Chr1:16400216	TRUE	TRUE	TRUE	1	1	FALSE	FALSE	3	3	3	1	2	4
nobgs_V1_c1_rep10_env1	emmax_consensus	Chr1	13623705	13625500	2	1	Chr1:13623705;Chr1:13625500	Chr1:13623705	Chr1:13623705	TRUE	TRUE	FALSE	1	0	FALSE	FALSE	2	2	2	1	2	4
nobgs_V1_c1_rep10_env1	emmax_simes	Chr1	13623705	13625500	2	1	Chr1:13623705;Chr1:13625500	Chr1:13623705	Chr1:13623705	TRUE	TRUE	FALSE	1	0	FALSE	FALSE	2	2	2	1	2	4
nobgs_V1_c1_rep10_env1	lfmm_simes	Chr1	13623705	13625500	2	1	Chr1:13623705;Chr1:13625500	Chr1:13623705	Chr1:13623705	TRUE	TRUE	FALSE	1	0	FALSE	FALSE	2	2	2	1	2	4
nobgs_V1_c1_rep10_env10	lfmm_simes	Chr1	11276702	11277466	2	1	Chr1:11276702;Chr1:11277466	Chr1:11276702	""	FALSE	TRUE	FALSE	1	0	FALSE	FALSE	2	2	2	1	2	4
nobgs_V1_c1_rep10_env10	lfmm_simes	Chr2	1008097	1017308	3	1	Chr2:1008097;Chr2:1010312;Chr2:1017308	Chr2:1010312	""	FALSE	TRUE	FALSE	1	0	FALSE	FALSE	2	2	2	1	2	4
nobgs_V1_c1_rep10_env2	emmax_consensus	Chr1	5965250	6124870	38	1	Chr1:5965250;Chr1:5976647;Chr1:5983802;Chr1:5985280;Chr1:5985781;Chr1:5994624;Chr1:5999604;Chr1:6001791;Chr1:6002017;Chr1:6002032;Chr1:6008672;Chr1:6013464;Chr1:6030935;Chr1:6034093;Chr1:6042548;Chr1:6048534;Chr1:6050315;Chr1:6054878;Chr1:6060761;Chr1:6062831;Chr1:6066149;Chr1:6069113;Chr1:6073612;Chr1:6074221;Chr1:6076062;Chr1:6076686;Chr1:6076804;Chr1:6079298;Chr1:6088930;Chr1:6091752;Chr1:6095489;Chr1:6098484;Chr1:6106899;Chr1:6109802;Chr1:6112248;Chr1:6120152;Chr1:6122439;Chr1:6124870	Chr1:6048534	Chr1:6060761	TRUE	TRUE	TRUE	1	1	FALSE	FALSE	3	3	3	1	2	4
nobgs_V1_c1_rep10_env2	emmax_simes	Chr1	5965250	6124870	38	1	Chr1:5965250;Chr1:5976647;Chr1:5983802;Chr1:5985280;Chr1:5985781;Chr1:5994624;Chr1:5999604;Chr1:6001791;Chr1:6002017;Chr1:6002032;Chr1:6008672;Chr1:6013464;Chr1:6030935;Chr1:6034093;Chr1:6042548;Chr1:6048534;Chr1:6050315;Chr1:6054878;Chr1:6060761;Chr1:6062831;Chr1:6066149;Chr1:6069113;Chr1:6073612;Chr1:6074221;Chr1:6076062;Chr1:6076686;Chr1:6076804;Chr1:6079298;Chr1:6088930;Chr1:6091752;Chr1:6095489;Chr1:6098484;Chr1:6106899;Chr1:6109802;Chr1:6112248;Chr1:6120152;Chr1:6122439;Chr1:6124870	Chr1:6048534	Chr1:6060761	TRUE	FALSE	TRUE	0	1	FALSE	FALSE	2	2	2	1	2	4
nobgs_V1_c1_rep10_env2	lfmm_simes	Chr1	1037609	1052276	3	1	Chr1:1037609;Chr1:1037909;Chr1:1052276	Chr1:1037609	Chr1:1052276	TRUE	FALSE	FALSE	0	0	FALSE	FALSE	1	1	1	1	2	4
nobgs_V1_c1_rep10_env2	lfmm_simes	Chr1	5965250	6124870	38	1	Chr1:5965250;Chr1:5976647;Chr1:5983802;Chr1:5985280;Chr1:5985781;Chr1:5994624;Chr1:5999604;Chr1:6001791;Chr1:6002017;Chr1:6002032;Chr1:6008672;Chr1:6013464;Chr1:6030935;Chr1:6034093;Chr1:6042548;Chr1:6048534;Chr1:6050315;Chr1:6054878;Chr1:6060761;Chr1:6062831;Chr1:6066149;Chr1:6069113;Chr1:6073612;Chr1:6074221;Chr1:6076062;Chr1:6076686;Chr1:6076804;Chr1:6079298;Chr1:6088930;Chr1:6091752;Chr1:6095489;Chr1:6098484;Chr1:6106899;Chr1:6109802;Chr1:6112248;Chr1:6120152;Chr1:6122439;Chr1:6124870	Chr1:6048534	Chr1:6060761	TRUE	TRUE	TRUE	1	1	FALSE	FALSE	3	3	3	1	2	4
nobgs_V1_c1_rep10_env4	emmax_consensus	Chr1	14039274	14040261	2	1	Chr1:14039274;Chr1:14040261	Chr1:14039274	Chr1:14039274	TRUE	TRUE	FALSE	1	0	FALSE	FALSE	2	2	2	1	2	4
nobgs_V1_c1_rep10_env4	emmax_simes	Chr1	14039274	14040261	2	1	Chr1:14039274;Chr1:14040261	Chr1:14039274	Chr1:14039274	TRUE	TRUE	FALSE	1	0	FALSE	FALSE	2	2	2	1	2	4
nobgs_V1_c1_rep10_env4	lfmm_simes	Chr1	14039274	14040261	2	1	Chr1:14039274;Chr1:14040261	Chr1:14039274	Chr1:14039274	TRUE	TRUE	FALSE	1	0	FALSE	FALSE	2	2	2	1	2	4
nobgs_V1_c1_rep10_env7	emmax_consensus	Chr1	11970859	11994169	6	2	Chr1:11970859;Chr1:11978491;Chr1:11979082;Chr1:11983038;Chr1:11993192;Chr1:11994169	Chr1:11979082;Chr1:11993192	Chr1:11983038	TRUE	TRUE	TRUE	1	1	FALSE	FALSE	3	3	3	1	2	4
nobgs_V1_c1_rep10_env7	emmax_simes	Chr1	11970859	11994169	6	2	Chr1:11970859;Chr1:11978491;Chr1:11979082;Chr1:11983038;Chr1:11993192;Chr1:11994169	Chr1:11979082;Chr1:11993192	Chr1:11983038	TRUE	TRUE	TRUE	1	1	FALSE	FALSE	3	3	3	1	2	4
nobgs_V1_c1_rep10_env7	lfmm_simes	Chr1	11970859	11994169	6	2	Chr1:11970859;Chr1:11978491;Chr1:11979082;Chr1:11983038;Chr1:11993192;Chr1:11994169	Chr1:11979082;Chr1:11993192	Chr1:11983038	TRUE	TRUE	TRUE	1	1	FALSE	FALSE	3	3	3	1	2	4
nobgs_V1_c1_rep10_env8	emmax_consensus	Chr1	11763075	11772600	3	1	Chr1:11763075;Chr1:11766692;Chr1:11772600	Chr1:11766692	Chr1:11763075	TRUE	TRUE	FALSE	1	0	FALSE	FALSE	2	2	2	1	2	4
nobgs_V1_c1_rep10_env8	emmax_consensus	Chr2	11996893	11997984	2	1	Chr2:11996893;Chr2:11997984	Chr2:11996893	""	FALSE	FALSE	FALSE	0	0	FALSE	FALSE	1	1	1	1	2	4
nobgs_V1_c1_rep10_env8	emmax_simes	Chr1	11763075	11772600	3	1	Chr1:11763075;Chr1:11766692;Chr1:11772600	Chr1:11766692	Chr1:11763075	TRUE	TRUE	FALSE	1	0	FALSE	FALSE	2	2	2	1	2	4
nobgs_V1_c1_rep10_env8	emmax_simes	Chr2	11996893	11997984	2	1	Chr2:11996893;Chr2:11997984	Chr2:11996893	""	FALSE	FALSE	FALSE	0	0	FALSE	FALSE	1	1	1	1	2	4
nobgs_V1_c1_rep10_env8	lfmm_simes	Chr1	11741767	11772600	6	2	Chr1:11741767;Chr1:11743276;Chr1:11745026;Chr1:11763075;Chr1:11766692;Chr1:11772600	Chr1:11743276;Chr1:11766692	Chr1:11763075	TRUE	TRUE	FALSE	1	0	FALSE	FALSE	2	2	2	1	2	4
nobgs_V1_c1_rep10_env8	lfmm_simes	Chr2	11996893	11997984	2	1	Chr2:11996893;Chr2:11997984	Chr2:11996893	""	FALSE	TRUE	FALSE	1	0	FALSE	FALSE	2	2	2	1	2	4
nobgs_V1_c1_rep1_env1	lfmm_simes	Chr1	7295	339256	118	1	Chr1:7295;Chr1:7742;Chr1:11763;Chr1:15553;Chr1:27715;Chr1:28132;Chr1:28631;Chr1:33954;Chr1:38902;Chr1:43009;Chr1:46410;Chr1:46517;Chr1:46907;Chr1:46939;Chr1:47977;Chr1:49783;Chr1:50636;Chr1:50970;Chr1:51049;Chr1:51409;Chr1:61712;Chr1:65045;Chr1:78098;Chr1:78830;Chr1:80545;Chr1:80712;Chr1:81755;Chr1:83125;Chr1:83142;Chr1:90137;Chr1:92291;Chr1:94811;Chr1:99804;Chr1:101194;Chr1:106565;Chr1:108025;Chr1:109439;Chr1:109879;Chr1:116679;Chr1:120327;Chr1:123583;Chr1:125882;Chr1:126132;Chr1:126532;Chr1:126652;Chr1:127435;Chr1:129738;Chr1:133765;Chr1:135993;Chr1:137403;Chr1:138099;Chr1:140650;Chr1:141543;Chr1:143626;Chr1:144987;Chr1:155400;Chr1:156356;Chr1:156522;Chr1:157255;Chr1:157620;Chr1:158841;Chr1:165676;Chr1:166170;Chr1:168810;Chr1:170904;Chr1:172169;Chr1:174157;Chr1:174213;Chr1:174493;Chr1:178819;Chr1:178949;Chr1:179629;Chr1:181465;Chr1:181483;Chr1:182610;Chr1:183968;Chr1:185078;Chr1:187181;Chr1:188588;Chr1:199810;Chr1:200236;Chr1:200626;Chr1:204233;Chr1:204852;Chr1:206534;Chr1:218287;Chr1:219182;Chr1:229712;Chr1:232318;Chr1:234817;Chr1:241799;Chr1:243687;Chr1:246626;Chr1:250131;Chr1:253009;Chr1:260487;Chr1:263294;Chr1:266802;Chr1:270075;Chr1:270833;Chr1:273107;Chr1:281587;Chr1:288862;Chr1:291730;Chr1:293285;Chr1:293390;Chr1:296845;Chr1:299773;Chr1:300193;Chr1:300948;Chr1:303850;Chr1:304666;Chr1:305665;Chr1:320990;Chr1:326042;Chr1:332697;Chr1:333623;Chr1:339256	Chr1:46939	Chr1:51049;Chr1:126132	TRUE	TRUE	TRUE	1	1	FALSE	FALSE	3	3	3	1	2	4
nobgs_V1_c1_rep1_env10	emmax_consensus	Chr1	23544930	23554688	2	1	Chr1:23544930;Chr1:23554688	Chr1:23544930	Chr1:23544930	TRUE	TRUE	FALSE	1	0	FALSE	FALSE	2	2	2	1	2	4
nobgs_V1_c1_rep1_env10	emmax_simes	Chr1	23519514	23554688	5	2	Chr1:23519514;Chr1:23521390;Chr1:23529643;Chr1:23544930;Chr1:23554688	Chr1:23521390;Chr1:23544930	Chr1:23544930	TRUE	TRUE	FALSE	1	0	FALSE	FALSE	2	2	2	1	2	4
nobgs_V1_c1_rep1_env10	lfmm_simes	Chr1	23519514	23554688	5	2	Chr1:23519514;Chr1:23521390;Chr1:23529643;Chr1:23544930;Chr1:23554688	Chr1:23521390;Chr1:23544930	Chr1:23544930	TRUE	TRUE	FALSE	1	0	FALSE	FALSE	2	2	2	1	2	4
nobgs_V1_c1_rep1_env2	emmax_consensus	Chr1	26604003	26730068	12	2	Chr1:26604003;Chr1:26617171;Chr1:26644965;Chr1:26648286;Chr1:26650814;Chr1:26663640;Chr1:26671303;Chr1:26704929;Chr1:26716516;Chr1:26720524;Chr1:26721463;Chr1:26730068	Chr1:26648286;Chr1:26716516	Chr1:26716516	TRUE	TRUE	TRUE	1	1	FALSE	FALSE	3	3	3	1	2	4
nobgs_V1_c1_rep1_env2	emmax_simes	Chr1	26604003	26730068	12	2	Chr1:26604003;Chr1:26617171;Chr1:26644965;Chr1:26648286;Chr1:26650814;Chr1:26663640;Chr1:26671303;Chr1:26704929;Chr1:26716516;Chr1:26720524;Chr1:26721463;Chr1:26730068	Chr1:26648286;Chr1:26716516	Chr1:26716516	TRUE	TRUE	TRUE	1	1	FALSE	FALSE	3	3	3	1	2	4
nobgs_V1_c1_rep1_env2	lfmm_simes	Chr1	26396880	26468816	2	1	Chr1:26396880;Chr1:26468816	Chr1:26396880	""	FALSE	TRUE	FALSE	1	0	FALSE	FALSE	2	2	2	1	2	4
nobgs_V1_c1_rep1_env2	lfmm_simes	Chr1	26604003	26730068	12	2	Chr1:26604003;Chr1:26617171;Chr1:26644965;Chr1:26648286;Chr1:26650814;Chr1:26663640;Chr1:26671303;Chr1:26704929;Chr1:26716516;Chr1:26720524;Chr1:26721463;Chr1:26730068	Chr1:26648286;Chr1:26716516	Chr1:26716516	TRUE	TRUE	TRUE	1	1	FALSE	FALSE	3	3	3	1	2	4
nobgs_V1_c1_rep1_env3	emmax_consensus	Chr1	23536653	23544930	4	1	Chr1:23536653;Chr1:23544359;Chr1:23544471;Chr1:23544930	Chr1:23544359	Chr1:23544930	TRUE	TRUE	TRUE	1	1	FALSE	FALSE	3	3	3	1	2	4
nobgs_V1_c1_rep1_env3	emmax_simes	Chr1	23536653	23544930	4	1	Chr1:23536653;Chr1:23544359;Chr1:23544471;Chr1:23544930	Chr1:23544359	Chr1:23544930	TRUE	FALSE	TRUE	0	1	FALSE	FALSE	2	2	2	1	2	4
nobgs_V1_c1_rep1_env3	lfmm_simes	Chr1	23536653	23564058	6	2	Chr1:23536653;Chr1:23544359;Chr1:23544471;Chr1:23544930;Chr1:23554688;Chr1:23564058	Chr1:23544359;Chr1:23554688	Chr1:23544930	TRUE	TRUE	TRUE	1	1	FALSE	FALSE	3	3	3	1	2	4
nobgs_V1_c1_rep1_env4	emmax_consensus	Chr1	17411763	17476210	4	1	Chr1:17411763;Chr1:17424701;Chr1:17467681;Chr1:17476210	Chr1:17424701	""	FALSE	FALSE	TRUE	0	1	FALSE	FALSE	2	2	2	1	2	4
nobgs_V1_c1_rep1_env4	lfmm_simes	Chr1	16849868	16961507	7	1	Chr1:16849868;Chr1:16891469;Chr1:16940222;Chr1:16945162;Chr1:16945439;Chr1:16951513;Chr1:16961507	Chr1:16945439	Chr1:16945162	TRUE	TRUE	TRUE	1	1	FALSE	FALSE	3	3	3	1	2	4
nobgs_V1_c1_rep1_env5	emmax_consensus	Chr1	11920375	12469234	56	1	Chr1:11920375;Chr1:11974086;Chr1:11977451;Chr1:12048625;Chr1:12057207;Chr1:12070982;Chr1:12075858;Chr1:12077550;Chr1:12082139;Chr1:12085024;Chr1:12094373;Chr1:12106307;Chr1:12112845;Chr1:12113934;Chr1:12121919;Chr1:12122182;Chr1:12129000;Chr1:12129041;Chr1:12142709;Chr1:12143192;Chr1:12149040;Chr1:12158923;Chr1:12161627;Chr1:12164749;Chr1:12169099;Chr1:12174476;Chr1:12178239;Chr1:12184080;Chr1:12200866;Chr1:12207797;Chr1:12236468;Chr1:12242388;Chr1:12259062;Chr1:12259130;Chr1:12262704;Chr1:12264927;Chr1:12269543;Chr1:12272138;Chr1:12273975;Chr1:12275539;Chr1:12281620;Chr1:12283352;Chr1:12300303;Chr1:12301664;Chr1:12324781;Chr1:12353095;Chr1:12354935;Chr1:12369304;Chr1:12371414;Chr1:12381487;Chr1:12388539;Chr1:12392877;Chr1:12434826;Chr1:12448067;Chr1:12462325;Chr1:12469234	Chr1:12161627	Chr1:12143192	TRUE	TRUE	TRUE	1	1	FALSE	FALSE	3	3	3	1	2	4
nobgs_V1_c1_rep1_env5	emmax_consensus	Chr2	25620585	25627848	3	1	Chr2:25620585;Chr2:25621283;Chr2:25627848	Chr2:25621283	""	FALSE	FALSE	FALSE	0	0	FALSE	FALSE	1	1	1	1	2	4
nobgs_V1_c1_rep1_env5	emmax_simes	Chr1	11920375	12469234	56	1	Chr1:11920375;Chr1:11974086;Chr1:11977451;Chr1:12048625;Chr1:12057207;Chr1:12070982;Chr1:12075858;Chr1:12077550;Chr1:12082139;Chr1:12085024;Chr1:12094373;Chr1:12106307;Chr1:12112845;Chr1:12113934;Chr1:12121919;Chr1:12122182;Chr1:12129000;Chr1:12129041;Chr1:12142709;Chr1:12143192;Chr1:12149040;Chr1:12158923;Chr1:12161627;Chr1:12164749;Chr1:12169099;Chr1:12174476;Chr1:12178239;Chr1:12184080;Chr1:12200866;Chr1:12207797;Chr1:12236468;Chr1:12242388;Chr1:12259062;Chr1:12259130;Chr1:12262704;Chr1:12264927;Chr1:12269543;Chr1:12272138;Chr1:12273975;Chr1:12275539;Chr1:12281620;Chr1:12283352;Chr1:12300303;Chr1:12301664;Chr1:12324781;Chr1:12353095;Chr1:12354935;Chr1:12369304;Chr1:12371414;Chr1:12381487;Chr1:12388539;Chr1:12392877;Chr1:12434826;Chr1:12448067;Chr1:12462325;Chr1:12469234	Chr1:12161627	Chr1:12143192	TRUE	TRUE	TRUE	1	1	FALSE	FALSE	3	3	3	1	2	4
nobgs_V1_c1_rep1_env5	lfmm_simes	Chr1	11920375	12469234	56	1	Chr1:11920375;Chr1:11974086;Chr1:11977451;Chr1:12048625;Chr1:12057207;Chr1:12070982;Chr1:12075858;Chr1:12077550;Chr1:12082139;Chr1:12085024;Chr1:12094373;Chr1:12106307;Chr1:12112845;Chr1:12113934;Chr1:12121919;Chr1:12122182;Chr1:12129000;Chr1:12129041;Chr1:12142709;Chr1:12143192;Chr1:12149040;Chr1:12158923;Chr1:12161627;Chr1:12164749;Chr1:12169099;Chr1:12174476;Chr1:12178239;Chr1:12184080;Chr1:12200866;Chr1:12207797;Chr1:12236468;Chr1:12242388;Chr1:12259062;Chr1:12259130;Chr1:12262704;Chr1:12264927;Chr1:12269543;Chr1:12272138;Chr1:12273975;Chr1:12275539;Chr1:12281620;Chr1:12283352;Chr1:12300303;Chr1:12301664;Chr1:12324781;Chr1:12353095;Chr1:12354935;Chr1:12369304;Chr1:12371414;Chr1:12381487;Chr1:12388539;Chr1:12392877;Chr1:12434826;Chr1:12448067;Chr1:12462325;Chr1:12469234	Chr1:12161627	Chr1:12143192	TRUE	TRUE	TRUE	1	1	FALSE	FALSE	3	3	3	1	2	4
nobgs_V1_c1_rep1_env6	emmax_simes	Chr1	15917669	15984892	11	1	Chr1:15917669;Chr1:15920967;Chr1:15921327;Chr1:15921786;Chr1:15926645;Chr1:15940358;Chr1:15941749;Chr1:15944718;Chr1:15949698;Chr1:15963922;Chr1:15984892	Chr1:15963922	""	FALSE	FALSE	TRUE	0	1	FALSE	FALSE	2	2	2	1	2	4
nobgs_V1_c1_rep1_env6	lfmm_simes	Chr1	13211988	13267013	3	1	Chr1:13211988;Chr1:13266096;Chr1:13267013	Chr1:13266096	""	FALSE	FALSE	FALSE	0	0	FALSE	FALSE	1	1	1	1	2	4
nobgs_V1_c1_rep1_env6	lfmm_simes	Chr1	15917669	15984892	11	1	Chr1:15917669;Chr1:15920967;Chr1:15921327;Chr1:15921786;Chr1:15926645;Chr1:15940358;Chr1:15941749;Chr1:15944718;Chr1:15949698;Chr1:15963922;Chr1:15984892	Chr1:15963922	""	FALSE	FALSE	TRUE	0	1	FALSE	FALSE	2	2	2	1	2	4
nobgs_V1_c1_rep1_env7	emmax_consensus	Chr1	20735767	20737235	2	1	Chr1:20735767;Chr1:20737235	Chr1:20735767	Chr1:20784880	TRUE	TRUE	FALSE	1	0	FALSE	FALSE	2	2	2	1	2	4
nobgs_V1_c1_rep1_env7	emmax_consensus	Chr1	20751810	20784880	3	1	Chr1:20751810;Chr1:20761327;Chr1:20784880	Chr1:20751810	Chr1:20784880	TRUE	TRUE	FALSE	1	0	FALSE	FALSE	2	2	2	1	2	4
nobgs_V1_c1_rep1_env7	emmax_simes	Chr1	20735767	20737235	2	1	Chr1:20735767;Chr1:20737235	Chr1:20735767	Chr1:20784880	TRUE	TRUE	FALSE	1	0	FALSE	FALSE	2	2	2	1	2	4
nobgs_V1_c1_rep1_env7	emmax_simes	Chr1	20751810	20784880	3	1	Chr1:20751810;Chr1:20761327;Chr1:20784880	Chr1:20751810	Chr1:20784880	TRUE	TRUE	FALSE	1	0	FALSE	FALSE	2	2	2	1	2	4
nobgs_V1_c1_rep1_env7	lfmm_simes	Chr1	20735767	20737235	2	1	Chr1:20735767;Chr1:20737235	Chr1:20735767	Chr1:20784880	TRUE	TRUE	FALSE	1	0	FALSE	FALSE	2	2	2	1	2	4
nobgs_V1_c1_rep1_env7	lfmm_simes	Chr1	20751810	20784880	3	1	Chr1:20751810;Chr1:20761327;Chr1:20784880	Chr1:20751810	Chr1:20784880	TRUE	TRUE	FALSE	1	0	FALSE	FALSE	2	2	2	1	2	4
nobgs_V1_c1_rep1_env8	lfmm_simes	Chr1	22242876	22288281	6	1	Chr1:22242876;Chr1:22243463;Chr1:22267899;Chr1:22268145;Chr1:22278224;Chr1:22288281	Chr1:22242876	""	FALSE	FALSE	TRUE	0	1	FALSE	FALSE	2	2	2	1	2	4
nobgs_V1_c1_rep2_env1	emmax_consensus	Chr1	7591634	7839458	45	4	Chr1:7591634;Chr1:7626705;Chr1:7597926;Chr1:7599045;Chr1:7600442;Chr1:7601698;Chr1:7603158;Chr1:7605100;Chr1:7606064;Chr1:7613032;Chr1:7613791;Chr1:7626007;Chr1:7626308;Chr1:7629934;Chr1:7638049;Chr1:7644980;Chr1:7650613;Chr1:7651010;Chr1:7656270;Chr1:7658628;Chr1:7660367;Chr1:7660744;Chr1:7692515;Chr1:7702492;Chr1:7704480;Chr1:7713408;Chr1:7722919;Chr1:7726560;Chr1:7733167;Chr1:7734285;Chr1:7741376;Chr1:7741730;Chr1:7748704;Chr1:7763413;Chr1:7765827;Chr1:7782333;Chr1:7792897;Chr1:7799824;Chr1:7804844;Chr1:7809711;Chr1:7810703;Chr1:7811569;Chr1:7821587;Chr1:7822929;Chr1:7839458	Chr1:7591634;Chr1:7606064;Chr1:7658628;Chr1:7792897	Chr1:7839458	TRUE	TRUE	TRUE	1	1	FALSE	FALSE	3	3	3	1	2	4
nobgs_V1_c1_rep2_env1	emmax_simes	Chr1	7591634	7839458	45	4	Chr1:7591634;Chr1:7626705;Chr1:7597926;Chr1:7599045;Chr1:7600442;Chr1:7601698;Chr1:7603158;Chr1:7605100;Chr1:7606064;Chr1:7613032;Chr1:7613791;Chr1:7626007;Chr1:7626308;Chr1:7629934;Chr1:7638049;Chr1:7644980;Chr1:7650613;Chr1:7651010;Chr1:7656270;Chr1:7658628;Chr1:7660367;Chr1:7660744;Chr1:7692515;Chr1:7702492;Chr1:7704480;Chr1:7713408;Chr1:7722919;Chr1:7726560;Chr1:7733167;Chr1:7734285;Chr1:7741376;Chr1:7741730;Chr1:7748704;Chr1:7763413;Chr1:7765827;Chr1:7782333;Chr1:7792897;Chr1:7799824;Chr1:7804844;Chr1:7809711;Chr1:7810703;Chr1:7811569;Chr1:7821587;Chr1:7822929;Chr1:7839458	Chr1:7591634;Chr1:7606064;Chr1:7658628;Chr1:7792897	Chr1:7839458	TRUE	TRUE	TRUE	1	1	FALSE	FALSE	3	3	3	1	2	4
nobgs_V1_c1_rep2_env1	lfmm_simes	Chr1	7591634	7839458	45	4	Chr1:7591634;Chr1:7626705;Chr1:7597926;Chr1:7599045;Chr1:7600442;Chr1:7601698;Chr1:7603158;Chr1:7605100;Chr1:7606064;Chr1:7613032;Chr1:7613791;Chr1:7626007;Chr1:7626308;Chr1:7629934;Chr1:7638049;Chr1:7644980;Chr1:7650613;Chr1:7651010;Chr1:7656270;Chr1:7658628;Chr1:7660367;Chr1:7660744;Chr1:7692515;Chr1:7702492;Chr1:7704480;Chr1:7713408;Chr1:7722919;Chr1:7726560;Chr1:7733167;Chr1:7734285;Chr1:7741376;Chr1:7741730;Chr1:7748704;Chr1:7763413;Chr1:7765827;Chr1:7782333;Chr1:7792897;Chr1:7799824;Chr1:7804844;Chr1:7809711;Chr1:7810703;Chr1:7811569;Chr1:7821587;Chr1:7822929;Chr1:7839458	Chr1:7591634;Chr1:7606064;Chr1:7658628;Chr1:7792897	Chr1:7839458	TRUE	TRUE	TRUE	1	1	FALSE	FALSE	3	3	3	1	2	4
nobgs_V1_c1_rep2_env10	emmax_consensus	Chr1	16644835	16983935	27	2	Chr1:16644835;Chr1:16669027;Chr1:16696603;Chr1:16716730;Chr1:16717266;Chr1:16719681;Chr1:16738569;Chr1:16752860;Chr1:16654913;Chr1:16794090;Chr1:16802636;Chr1:16802829;Chr1:16814555;Chr1:16828758;Chr1:16834526;Chr1:16864718;Chr1:16866529;Chr1:16886108;Chr1:16909432;Chr1:16926541;Chr1:16926900;Chr1:16928608;Chr1:16934845;Chr1:16973622;Chr1:16975906;Chr1:16977261;Chr1:16983935	Chr1:16644835;Chr1:16802636	Chr1:16928608	TRUE	TRUE	TRUE	1	1	FALSE	FALSE	3	3	3	1	2	4
nobgs_V1_c1_rep2_env10	emmax_simes	Chr1	16644835	16983935	27	2	Chr1:16644835;Chr1:16669027;Chr1:16696603;Chr1:16716730;Chr1:16717266;Chr1:16719681;Chr1:16738569;Chr1:16752860;Chr1:16654913;Chr1:16794090;Chr1:16802636;Chr1:16802829;Chr1:16814555;Chr1:16828758;Chr1:16834526;Chr1:16864718;Chr1:16866529;Chr1:16886108;Chr1:16909432;Chr1:16926541;Chr1:16926900;Chr1:16928608;Chr1:16934845;Chr1:16973622;Chr1:16975906;Chr1:16977261;Chr1:16983935	Chr1:16644835;Chr1:16802636	Chr1:16928608	TRUE	TRUE	TRUE	1	1	FALSE	FALSE	3	3	3	1	2	4
nobgs_V1_c1_rep2_env10	emmax_simes	Chr2	8278050	8287166	2	1	Chr2:8278050;Chr2:8287166	Chr2:8278050	""	FALSE	FALSE	FALSE	0	0	FALSE	FALSE	1	1	1	1	2	4
nobgs_V1_c1_rep2_env10	lfmm_simes	Chr1	11268598	11272491	3	1	Chr1:11268598;Chr1:11268912;Chr1:11272491	Chr1:11268598	""	FALSE	FALSE	FALSE	0	0	FALSE	FALSE	1	1	1	1	2	4
nobgs_V1_c1_rep2_env10	lfmm_simes	Chr1	16450873	16513004	2	1	Chr1:16450873;Chr1:16513004	Chr1:16450873	""	FALSE	FALSE	FALSE	0	0	FALSE	FALSE	1	1	1	1	2	4
nobgs_V1_c1_rep2_env10	lfmm_simes	Chr1	16644835	16983935	29	3	Chr1:16644835;Chr1:16669027;Chr1:16696603;Chr1:16716730;Chr1:16717266;Chr1:16719681;Chr1:16738569;Chr1:16752860;Chr1:16654913;Chr1:16794090;Chr1:16802636;Chr1:16802829;Chr1:16814555;Chr1:16828758;Chr1:16834526;Chr1:16864718;Chr1:16866529;Chr1:16886108;Chr1:16909432;Chr1:16926541;Chr1:16926900;Chr1:16928608;Chr1:16934845;Chr1:16973622;Chr1:16975906;Chr1:16977261;Chr1:16983935;Chr1:16767890;Chr1:16769776	Chr1:16644835;Chr1:16802636;Chr1:16767890	Chr1:16928608	TRUE	TRUE	TRUE	1	1	FALSE	FALSE	3	3	3	1	2	4
nobgs_V1_c1_rep2_env10	lfmm_simes	Chr1	16808286	16809859	2	1	Chr1:16808286;Chr1:16809859	Chr1:16808286	""	FALSE	FALSE	FALSE	0	0	FALSE	FALSE	1	1	3	1	2	4
nobgs_V1_c1_rep2_env10	lfmm_simes	Chr1	17001416	17002893	2	1	Chr1:17001416;Chr1:17002893	Chr1:17001416	Chr1:16928608	TRUE	TRUE	FALSE	1	0	FALSE	FALSE	2	2	2	1	2	4
nobgs_V1_c1_rep2_env10	lfmm_simes	Chr2	3153456	3153515	2	1	Chr2:3153456;Chr2:3153515	Chr2:3153456	""	FALSE	FALSE	FALSE	0	0	FALSE	FALSE	1	1	1	1	2	4
nobgs_V1_c1_rep2_env10	lfmm_simes	Chr2	8278050	8287166	2	1	Chr2:8278050;Chr2:8287166	Chr2:8278050	""	FALSE	TRUE	FALSE	1	0	FALSE	FALSE	2	2	2	1	2	4
nobgs_V1_c1_rep2_env10	lfmm_simes	Chr2	12526751	12575174	11	1	Chr2:12526751;Chr2:12551872;Chr2:12556053;Chr2:12556156;Chr2:12556691;Chr2:12557333;Chr2:12562070;Chr2:12565138;Chr2:12567368;Chr2:12573876;Chr2:12575174	Chr2:12556053	""	FALSE	FALSE	TRUE	0	1	FALSE	FALSE	2	2	2	1	2	4
nobgs_V1_c1_rep2_env2	emmax_consensus	Chr1	2472434	2482349	2	1	Chr1:2472434;Chr1:2482349	Chr1:2472434	""	FALSE	FALSE	FALSE	0	0	FALSE	FALSE	1	1	1	1	2	4
nobgs_V1_c1_rep2_env2	emmax_consensus	Chr1	21892786	21945465	5	2	Chr1:21892786;Chr1:21917612;Chr1:21937758;Chr1:21942617;Chr1:21945465	Chr1:21892786;Chr1:21942617	Chr1:21942617	TRUE	TRUE	FALSE	1	0	FALSE	FALSE	2	2	2	1	2	4
nobgs_V1_c1_rep2_env2	emmax_consensus	Chr2	8664615	8672608	2	1	Chr2:8664615;Chr2:8672608	Chr2:8664615	""	FALSE	TRUE	FALSE	1	0	FALSE	FALSE	2	2	2	1	2	4
nobgs_V1_c1_rep2_env2	emmax_consensus	Chr2	21737250	21738893	2	1	Chr2:21737250;Chr2:21738893	Chr2:21737250	""	FALSE	FALSE	FALSE	0	0	FALSE	FALSE	1	1	1	1	2	4
nobgs_V1_c1_rep2_env2	emmax_simes	Chr1	21892786	21945465	5	2	Chr1:21892786;Chr1:21917612;Chr1:21937758;Chr1:21942617;Chr1:21945465	Chr1:21892786;Chr1:21942617	Chr1:21942617	TRUE	TRUE	FALSE	1	0	FALSE	FALSE	2	2	2	1	2	4
nobgs_V1_c1_rep2_env2	emmax_simes	Chr2	8664615	8672608	2	1	Chr2:8664615;Chr2:8672608	Chr2:8664615	""	FALSE	TRUE	FALSE	1	0	FALSE	FALSE	2	2	2	1	2	4
nobgs_V1_c1_rep2_env2	emmax_simes	Chr2	21737250	21738893	2	1	Chr2:21737250;Chr2:21738893	Chr2:21737250	""	FALSE	FALSE	FALSE	0	0	FALSE	FALSE	1	1	1	1	2	4
nobgs_V1_c1_rep2_env2	lfmm_simes	Chr1	21892786	21945465	5	2	Chr1:21892786;Chr1:21917612;Chr1:21937758;Chr1:21942617;Chr1:21945465	Chr1:21892786;Chr1:21942617	Chr1:21942617	TRUE	TRUE	FALSE	1	0	FALSE	FALSE	2	2	2	1	2	4
nobgs_V1_c1_rep2_env2	lfmm_simes	Chr2	8664615	8672608	2	1	Chr2:8664615;Chr2:8672608	Chr2:8664615	""	FALSE	FALSE	FALSE	0	0	FALSE	FALSE	1	1	1	1	2	4
nobgs_V1_c1_rep2_env2	lfmm_simes	Chr2	21737250	21738893	2	1	Chr2:21737250;Chr2:21738893	Chr2:21737250	""	FALSE	TRUE	FALSE	1	0	FALSE	FALSE	2	2	2	1	2	4
nobgs_V1_c1_rep2_env3	emmax_consensus	Chr1	20287759	20297971	2	1	Chr1:20287759;Chr1:20297971	Chr1:20287759	Chr1:20297971	TRUE	TRUE	FALSE	1	0	FALSE	FALSE	2	2	2	1	2	4
nobgs_V1_c1_rep2_env3	emmax_simes	Chr1	20287759	20297971	2	1	Chr1:20287759;Chr1:20297971	Chr1:20287759	Chr1:20297971	TRUE	TRUE	FALSE	1	0	FALSE	FALSE	2	2	2	1	2	4
nobgs_V1_c1_rep2_env3	lfmm_simes	Chr1	5602568	5627126	7	1	Chr1:5602568;Chr1:5605072;Chr1:5612785;Chr1:5623718;Chr1:5624801;Chr1:5626765;Chr1:5627126	Chr1:5626765	Chr1:5612785	TRUE	TRUE	TRUE	1	1	FALSE	FALSE	3	3	3	1	2	4
nobgs_V1_c1_rep2_env3	lfmm_simes	Chr1	20287759	20297971	2	1	Chr1:20287759;Chr1:20297971	Chr1:20287759	Chr1:20297971	TRUE	TRUE	FALSE	1	0	FALSE	FALSE	2	2	2	1	2	4
nobgs_V1_c1_rep2_env4	lfmm_simes	Chr1	15553807	15858420	5	1	Chr1:15553807;Chr1:15727972;Chr1:15816330;Chr1:15821102;Chr1:15858420	Chr1:15821102	Chr1:15553807	TRUE	TRUE	TRUE	1	1	FALSE	FALSE	3	3	3	1	2	4
nobgs_V1_c1_rep2_env5	lfmm_simes	Chr1	17119180	17162292	8	1	Chr1:17119180;Chr1:17121881;Chr1:17130647;Chr1:17131717;Chr1:17132388;Chr1:17135501;Chr1:17158257;Chr1:17162292	Chr1:17131717	Chr1:17158257	TRUE	TRUE	TRUE	1	1	FALSE	FALSE	3	3	3	1	2	4
nobgs_V1_c1_rep2_env6	lfmm_simes	Chr1	18236075	18236533	2	1	Chr1:18236075;Chr1:18236533	Chr1:18236075	""	FALSE	FALSE	FALSE	0	0	FALSE	FALSE	1	1	1	1	2	4
nobgs_V1_c1_rep2_env6	lfmm_simes	Chr1	21937758	21945465	3	1	Chr1:21937758;Chr1:21942617;Chr1:21945465	Chr1:21942617	Chr1:21942617	TRUE	TRUE	FALSE	1	0	FALSE	FALSE	2	2	2	1	2	4
nobgs_V1_c1_rep2_env6	lfmm_simes	Chr2	20953873	20954758	2	1	Chr2:20953873;Chr2:20954758	Chr2:20953873	""	FALSE	FALSE	FALSE	0	0	FALSE	FALSE	1	1	1	1	2	4
nobgs_V1_c1_rep2_env7	emmax_consensus	Chr1	21572482	21573866	3	1	Chr1:21572482;Chr1:21573542;Chr1:21573866	Chr1:21572482	Chr1:21572482	TRUE	TRUE	FALSE	1	0	FALSE	FALSE	2	2	2	1	2	4
nobgs_V1_c1_rep2_env7	emmax_simes	Chr1	21572482	21573866	3	1	Chr1:21572482;Chr1:21573542;Chr1:21573866	Chr1:21572482	Chr1:21572482	TRUE	TRUE	FALSE	1	0	FALSE	FALSE	2	2	2	1	2	4
nobgs_V1_c1_rep2_env7	lfmm_simes	Chr1	21572482	21573866	3	1	Chr1:21572482;Chr1:21573542;Chr1:21573866	Chr1:21572482	Chr1:21572482	TRUE	TRUE	FALSE	1	0	FALSE	FALSE	2	2	2	1	2	4
nobgs_V1_c1_rep2_env7	lfmm_simes	Chr1	21596744	21604399	2	1	Chr1:21596744;Chr1:21604399	Chr1:21596744	Chr1:21572482	TRUE	FALSE	FALSE	0	0	FALSE	FALSE	1	1	1	1	2	4
nobgs_V1_c1_rep2_env8	emmax_consensus	Chr1	19211853	19227165	3	1	Chr1:19211853;Chr1:19214509;Chr1:19227165	Chr1:19211853	Chr1:19211853	TRUE	TRUE	FALSE	1	0	FALSE	FALSE	2	2	2	1	2	4
nobgs_V1_c1_rep2_env8	emmax_consensus	Chr2	8886894	8903305	2	1	Chr2:8886894;Chr2:8903305	Chr2:8886894	""	FALSE	TRUE	FALSE	1	0	FALSE	FALSE	2	2	2	1	2	4
nobgs_V1_c1_rep2_env8	emmax_simes	Chr1	19211853	19227165	3	1	Chr1:19211853;Chr1:19214509;Chr1:19227165	Chr1:19211853	Chr1:19211853	TRUE	TRUE	FALSE	1	0	FALSE	FALSE	2	2	2	1	2	4
nobgs_V1_c1_rep2_env8	lfmm_simes	Chr1	19211853	19227165	3	1	Chr1:19211853;Chr1:19214509;Chr1:19227165	Chr1:19211853	Chr1:19211853	TRUE	TRUE	FALSE	1	0	FALSE	FALSE	2	2	2	1	2	4
nobgs_V1_c1_rep2_env8	lfmm_simes	Chr2	7530906	7543454	5	1	Chr2:7530906;Chr2:7540011;Chr2:7540971;Chr2:7542503;Chr2:7543454	Chr2:7540971	""	FALSE	FALSE	TRUE	0	1	FALSE	FALSE	2	2	2	1	2	4
nobgs_V1_c1_rep3_env1	emmax_consensus	Chr1	15589061	15606618	2	1	Chr1:15589061;Chr1:15606618	Chr1:15589061	Chr1:15606618	TRUE	TRUE	FALSE	1	0	FALSE	FALSE	2	2	2	1	2	4
nobgs_V1_c1_rep3_env1	emmax_simes	Chr1	15589061	15606618	2	1	Chr1:15589061;Chr1:15606618	Chr1:15589061	Chr1:15606618	TRUE	TRUE	FALSE	1	0	FALSE	FALSE	2	2	2	1	2	4
nobgs_V1_c1_rep3_env1	lfmm_simes	Chr1	15589061	15606618	2	1	Chr1:15589061;Chr1:15606618	Chr1:15589061	Chr1:15606618	TRUE	TRUE	FALSE	1	0	FALSE	FALSE	2	2	2	1	2	4
nobgs_V1_c1_rep3_env2	emmax_consensus	Chr1	1287588	1291289	2	1	Chr1:1287588;Chr1:1291289	Chr1:1287588	""	FALSE	FALSE	FALSE	0	0	FALSE	FALSE	1	1	1	1	2	4
nobgs_V1_c1_rep3_env2	emmax_consensus	Chr1	3575355	3702430	23	1	Chr1:3575355;Chr1:3594803;Chr1:3599528;Chr1:3605258;Chr1:3612254;Chr1:3622462;Chr1:3624527;Chr1:3627498;Chr1:3629901;Chr1:3637522;Chr1:3643868;Chr1:3644718;Chr1:3644724;Chr1:3648695;Chr1:3652326;Chr1:3662267;Chr1:3668296;Chr1:3674151;Chr1:3675296;Chr1:3683007;Chr1:3688551;Chr1:3692404;Chr1:3702430	Chr1:3662267	Chr1:3674151	TRUE	FALSE	TRUE	0	1	FALSE	FALSE	2	2	2	1	2	4
nobgs_V1_c1_rep3_env2	emmax_consensus	Chr1	12879812	12886644	2	1	Chr1:12879812;Chr1:12886644	Chr1:12879812	""	FALSE	FALSE	FALSE	0	0	FALSE	FALSE	1	1	1	1	2	4
nobgs_V1_c1_rep3_env2	emmax_simes	Chr1	1287588	1291289	2	1	Chr1:1287588;Chr1:1291289	Chr1:1287588	""	FALSE	FALSE	FALSE	0	0	FALSE	FALSE	1	1	1	1	2	4
nobgs_V1_c1_rep3_env2	emmax_simes	Chr1	3575355	3702430	23	1	Chr1:3575355;Chr1:3594803;Chr1:3599528;Chr1:3605258;Chr1:3612254;Chr1:3622462;Chr1:3624527;Chr1:3627498;Chr1:3629901;Chr1:3637522;Chr1:3643868;Chr1:3644718;Chr1:3644724;Chr1:3648695;Chr1:3652326;Chr1:3662267;Chr1:3668296;Chr1:3674151;Chr1:3675296;Chr1:3683007;Chr1:3688551;Chr1:3692404;Chr1:3702430	Chr1:3662267	Chr1:3674151	TRUE	FALSE	TRUE	0	1	FALSE	FALSE	2	2	2	1	2	4
nobgs_V1_c1_rep3_env2	emmax_simes	Chr1	12879812	12886644	2	1	Chr1:12879812;Chr1:12886644	Chr1:12879812	""	FALSE	FALSE	FALSE	0	0	FALSE	FALSE	1	1	1	1	2	4
nobgs_V1_c1_rep3_env2	emmax_simes	Chr2	15215335	15218524	2	1	Chr2:15215335;Chr2:15218524	Chr2:15215335	""	FALSE	FALSE	FALSE	0	0	FALSE	FALSE	1	1	1	1	2	4
nobgs_V1_c1_rep3_env2	lfmm_simes	Chr1	3575355	3702430	23	1	Chr1:3575355;Chr1:3594803;Chr1:3599528;Chr1:3605258;Chr1:3612254;Chr1:3622462;Chr1:3624527;Chr1:3627498;Chr1:3629901;Chr1:3637522;Chr1:3643868;Chr1:3644718;Chr1:3644724;Chr1:3648695;Chr1:3652326;Chr1:3662267;Chr1:3668296;Chr1:3674151;Chr1:3675296;Chr1:3683007;Chr1:3688551;Chr1:3692404;Chr1:3702430	Chr1:3662267	Chr1:3674151	TRUE	TRUE	TRUE	1	1	FALSE	FALSE	3	3	3	1	2	4
nobgs_V1_c1_rep3_env2	lfmm_simes	Chr2	15215335	15218524	2	1	Chr2:15215335;Chr2:15218524	Chr2:15215335	""	FALSE	FALSE	FALSE	0	0	FALSE	FALSE	1	1	1	1	2	4
nobgs_V1_c1_rep3_env3	emmax_consensus	Chr1	16310114	16339942	8	3	Chr1:16310114;Chr1:16314862;Chr1:16325031;Chr1:16328623;Chr1:16332064;Chr1:16334763;Chr1:16335611;Chr1:16339942	Chr1:16314862;Chr1:16328623;Chr1:16335611	Chr1:16325031	TRUE	TRUE	FALSE	1	0	FALSE	FALSE	2	2	2	1	2	4
nobgs_V1_c1_rep3_env3	emmax_simes	Chr1	16310114	16339942	8	3	Chr1:16310114;Chr1:16314862;Chr1:16325031;Chr1:16328623;Chr1:16332064;Chr1:16334763;Chr1:16335611;Chr1:16339942	Chr1:16314862;Chr1:16328623;Chr1:16335611	Chr1:16325031	TRUE	TRUE	FALSE	1	0	FALSE	FALSE	2	2	2	1	2	4
nobgs_V1_c1_rep3_env3	lfmm_simes	Chr1	16310114	16339942	8	3	Chr1:16310114;Chr1:16314862;Chr1:16325031;Chr1:16328623;Chr1:16332064;Chr1:16334763;Chr1:16335611;Chr1:16339942	Chr1:16314862;Chr1:16328623;Chr1:16335611	Chr1:16325031	TRUE	TRUE	FALSE	1	0	FALSE	FALSE	2	2	2	1	2	4
nobgs_V1_c1_rep3_env4	emmax_consensus	Chr1	15294971	15327584	4	1	Chr1:15294971;Chr1:15319345;Chr1:15321665;Chr1:15327584	Chr1:15321665	Chr1:15327584	TRUE	TRUE	TRUE	1	1	FALSE	FALSE	3	3	3	1	2	4
nobgs_V1_c1_rep3_env4	emmax_simes	Chr1	15294971	15327584	4	1	Chr1:15294971;Chr1:15319345;Chr1:15321665;Chr1:15327584	Chr1:15321665	Chr1:15327584	TRUE	TRUE	TRUE	1	1	FALSE	FALSE	3	3	3	1	2	4
nobgs_V1_c1_rep3_env4	lfmm_simes	Chr1	15294971	15327584	4	1	Chr1:15294971;Chr1:15319345;Chr1:15321665;Chr1:15327584	Chr1:15321665	Chr1:15327584	TRUE	TRUE	TRUE	1	1	FALSE	FALSE	3	3	3	1	2	4
nobgs_V1_c1_rep3_env5	emmax_consensus	Chr1	4654312	4654466	2	1	Chr1:4654312;Chr1:4654466	Chr1:4654312	""	FALSE	FALSE	FALSE	0	0	FALSE	FALSE	1	1	1	1	2	4
nobgs_V1_c1_rep3_env5	emmax_consensus	Chr1	10937776	10989694	10	1	Chr1:10937776;Chr1:10956460;Chr1:10961408;Chr1:10963882;Chr1:10965035;Chr1:10965182;Chr1:10969840;Chr1:10973264;Chr1:10985878;Chr1:10989694	Chr1:10963882	Chr1:10989694	TRUE	FALSE	TRUE	0	1	FALSE	FALSE	2	2	2	1	2	4
nobgs_V1_c1_rep3_env5	emmax_consensus	Chr2	15732653	15734802	3	1	Chr2:15732653;Chr2:15733623;Chr2:15734802	Chr2:15733623	""	FALSE	TRUE	FALSE	1	0	FALSE	FALSE	2	2	2	1	2	4
nobgs_V1_c1_rep3_env5	emmax_simes	Chr2	15732653	15734802	3	1	Chr2:15732653;Chr2:15733623;Chr2:15734802	Chr2:15733623	""	FALSE	TRUE	FALSE	1	0	FALSE	FALSE	2	2	2	1	2	4
nobgs_V1_c1_rep3_env5	lfmm_simes	Chr1	10937776	10989694	10	1	Chr1:10937776;Chr1:10956460;Chr1:10961408;Chr1:10963882;Chr1:10965035;Chr1:10965182;Chr1:10969840;Chr1:10973264;Chr1:10985878;Chr1:10989694	Chr1:10963882	Chr1:10989694	TRUE	TRUE	TRUE	1	1	FALSE	FALSE	3	3	3	1	2	4
nobgs_V1_c1_rep3_env6	emmax_consensus	Chr1	12990666	13103531	6	2	Chr1:12990666;Chr1:13003292;Chr1:13016123;Chr1:13087740;Chr1:13100343;Chr1:13103531	Chr1:13003292;Chr1:13100343	Chr1:13100343	TRUE	TRUE	FALSE	1	0	FALSE	FALSE	2	2	2	1	2	4
nobgs_V1_c1_rep3_env6	emmax_consensus	Chr1	13134155	13139693	2	1	Chr1:13134155;Chr1:13139693	Chr1:13134155	Chr1:13100343	TRUE	TRUE	FALSE	1	0	FALSE	FALSE	2	2	2	1	2	4
nobgs_V1_c1_rep3_env6	emmax_simes	Chr1	13087740	13139693	5	2	Chr1:13087740;Chr1:13100343;Chr1:13103531;Chr1:13134155;Chr1:13139693	Chr1:13100343;Chr1:13134155	Chr1:13100343	TRUE	TRUE	FALSE	1	0	FALSE	FALSE	2	2	2	1	2	4
nobgs_V1_c1_rep3_env6	lfmm_simes	Chr1	6311040	6333878	2	1	Chr1:6311040;Chr1:6333878	Chr1:6311040	""	FALSE	FALSE	FALSE	0	0	FALSE	FALSE	1	1	1	1	2	4
nobgs_V1_c1_rep3_env6	lfmm_simes	Chr1	12899500	12922135	2	1	Chr1:12899500;Chr1:12922135	Chr1:12899500	""	FALSE	FALSE	FALSE	0	0	FALSE	FALSE	1	1	1	1	2	4
nobgs_V1_c1_rep3_env6	lfmm_simes	Chr1	12935218	12978746	4	2	Chr1:12935218;Chr1:12944128;Chr1:12969841;Chr1:12978746	Chr1:12935218;Chr1:12969841	""	FALSE	TRUE	FALSE	1	0	FALSE	FALSE	2	2	2	1	2	4
nobgs_V1_c1_rep3_env6	lfmm_simes	Chr1	12990666	13103531	6	2	Chr1:12990666;Chr1:13003292;Chr1:13016123;Chr1:13087740;Chr1:13100343;Chr1:13103531	Chr1:13003292;Chr1:13100343	Chr1:13100343	TRUE	TRUE	FALSE	1	0	FALSE	FALSE	2	2	2	1	2	4
nobgs_V1_c1_rep3_env6	lfmm_simes	Chr1	13041401	13041487	2	1	Chr1:13041401;Chr1:13041487	Chr1:13041401	Chr1:13100343	TRUE	TRUE	FALSE	1	0	FALSE	FALSE	2	2	2	1	2	4
nobgs_V1_c1_rep3_env6	lfmm_simes	Chr1	13072339	13074410	2	1	Chr1:13072339;Chr1:13074410	Chr1:13072339	Chr1:13100343	TRUE	TRUE	FALSE	1	0	FALSE	FALSE	2	2	2	1	2	4
nobgs_V1_c1_rep3_env6	lfmm_simes	Chr1	13134155	13139693	2	1	Chr1:13134155;Chr1:13139693	Chr1:13134155	Chr1:13100343	TRUE	TRUE	FALSE	1	0	FALSE	FALSE	2	2	2	1	2	4
nobgs_V1_c1_rep3_env6	lfmm_simes	Chr1	14800392	14805719	3	1	Chr1:14800392;Chr1:14801065;Chr1:14805719	Chr1:14801065	""	FALSE	TRUE	FALSE	1	0	FALSE	FALSE	2	2	2	1	2	4
nobgs_V1_c1_rep3_env6	lfmm_simes	Chr2	14952760	14956349	3	1	Chr2:14952760;Chr2:14953996;Chr2:14956349	Chr2:14953996	""	FALSE	TRUE	FALSE	1	0	FALSE	FALSE	2	2	2	1	2	4
nobgs_V1_c1_rep3_env6	lfmm_simes	Chr2	15804850	15805907	2	1	Chr2:15804850;Chr2:15805907	Chr2:15804850	""	FALSE	FALSE	FALSE	0	0	FALSE	FALSE	1	1	1	1	2	4
nobgs_V1_c1_rep3_env7	emmax_consensus	Chr1	10961243	11056750	11	2	Chr1:10961243;Chr1:10969569;Chr1:10969929;Chr1:10974929;Chr1:10978286;Chr1:10988879;Chr1:10989694;Chr1:10989894;Chr1:10996771;Chr1:11050032;Chr1:11056750	Chr1:10978286;Chr1:11050032	Chr1:10989694	TRUE	TRUE	TRUE	1	1	FALSE	FALSE	3	3	3	1	2	4
nobgs_V1_c1_rep3_env7	emmax_simes	Chr1	10961243	10996771	9	1	Chr1:10961243;Chr1:10969569;Chr1:10969929;Chr1:10974929;Chr1:10978286;Chr1:10988879;Chr1:10989694;Chr1:10989894;Chr1:10996771	Chr1:10978286	Chr1:10989694	TRUE	TRUE	TRUE	1	1	FALSE	FALSE	3	3	3	1	2	4
nobgs_V1_c1_rep3_env7	lfmm_simes	Chr1	10961243	11056750	21	3	Chr1:10961243;Chr1:10969569;Chr1:10969929;Chr1:10974929;Chr1:10978286;Chr1:10988879;Chr1:10989694;Chr1:10989894;Chr1:10996771;Chr1:11011501;Chr1:11014053;Chr1:11014262;Chr1:11016869;Chr1:11017131;Chr1:11017312;Chr1:11024021;Chr1:11030891;Chr1:11038118;Chr1:11041530;Chr1:11050032;Chr1:11056750	Chr1:10978286;Chr1:11014053;Chr1:11050032	Chr1:10989694	TRUE	TRUE	TRUE	1	1	FALSE	FALSE	3	3	3	1	2	4
nobgs_V1_c1_rep3_env8	emmax_consensus	Chr1	11859841	11941670	15	3	Chr1:11859841;Chr1:11871661;Chr1:11873872;Chr1:11887151;Chr1:11894815;Chr1:11895147;Chr1:11896230;Chr1:11904575;Chr1:11918139;Chr1:11918407;Chr1:11921537;Chr1:11922280;Chr1:11930205;Chr1:11930518;Chr1:11941670	Chr1:11859841;Chr1:11895147;Chr1:11918139	Chr1:11896230	TRUE	TRUE	TRUE	1	1	FALSE	FALSE	3	3	3	1	2	4
nobgs_V1_c1_rep3_env8	emmax_simes	Chr1	11859841	11941670	15	3	Chr1:11859841;Chr1:11871661;Chr1:11873872;Chr1:11887151;Chr1:11894815;Chr1:11895147;Chr1:11896230;Chr1:11904575;Chr1:11918139;Chr1:11918407;Chr1:11921537;Chr1:11922280;Chr1:11930205;Chr1:11930518;Chr1:11941670	Chr1:11859841;Chr1:11895147;Chr1:11918139	Chr1:11896230	TRUE	TRUE	TRUE	1	1	FALSE	FALSE	3	3	3	1	2	4
nobgs_V1_c1_rep3_env8	lfmm_simes	Chr1	9151603	9157597	4	1	Chr1:9151603;Chr1:9154014;Chr1:9157348;Chr1:9157597	Chr1:9157348	""	FALSE	FALSE	TRUE	0	1	FALSE	FALSE	2	2	2	1	2	4
nobgs_V1_c1_rep3_env8	lfmm_simes	Chr1	11859841	11955381	18	4	Chr1:11859841;Chr1:11871661;Chr1:11873872;Chr1:11887151;Chr1:11894815;Chr1:11895147;Chr1:11896230;Chr1:11904575;Chr1:11918139;Chr1:11918407;Chr1:11921537;Chr1:11922280;Chr1:11930205;Chr1:11930518;Chr1:11941670;Chr1:11950249;Chr1:11955360;Chr1:11955381	Chr1:11859841;Chr1:11895147;Chr1:11918139;Chr1:11955360	Chr1:11896230	TRUE	TRUE	TRUE	1	1	FALSE	FALSE	3	3	3	1	2	4
nobgs_V1_c1_rep3_env8	lfmm_simes	Chr2	1506628	1520479	3	1	Chr2:1506628;Chr2:1519124;Chr2:1520479	Chr2:1520479	""	FALSE	FALSE	FALSE	0	0	FALSE	FALSE	1	1	1	1	2	4
nobgs_V1_c1_rep3_env9	emmax_consensus	Chr1	15315571	15722918	6	1	Chr1:15315571;Chr1:15321423;Chr1:15327584;Chr1:15335406;Chr1:15338444;Chr1:15722918	Chr1:15327584	Chr1:15327584	TRUE	TRUE	TRUE	1	1	FALSE	FALSE	3	3	3	1	2	4
nobgs_V1_c1_rep3_env9	emmax_simes	Chr1	15315571	15722918	6	1	Chr1:15315571;Chr1:15321423;Chr1:15327584;Chr1:15335406;Chr1:15338444;Chr1:15722918	Chr1:15327584	Chr1:15327584	TRUE	TRUE	TRUE	1	1	FALSE	FALSE	3	3	3	1	2	4
nobgs_V1_c1_rep3_env9	lfmm_simes	Chr1	15315571	15722918	6	1	Chr1:15315571;Chr1:15321423;Chr1:15327584;Chr1:15335406;Chr1:15338444;Chr1:15722918	Chr1:15327584	Chr1:15327584	TRUE	TRUE	TRUE	1	1	FALSE	FALSE	3	3	3	1	2	4
nobgs_V1_c1_rep4_env1	emmax_consensus	Chr1	19283346	19826773	100	4	Chr1:19283346;Chr1:19283447;Chr1:19289538;Chr1:19289587;Chr1:19291404;Chr1:19291950;Chr1:19293961;Chr1:19296802;Chr1:19297557;Chr1:19301179;Chr1:19303401;Chr1:19304671;Chr1:19307738;Chr1:19311449;Chr1:19312452;Chr1:19316567;Chr1:19322725;Chr1:19326426;Chr1:19328541;Chr1:19332330;Chr1:19332612;Chr1:19334169;Chr1:19339905;Chr1:19340342;Chr1:19348969;Chr1:19356951;Chr1:19343153;Chr1:19343544;Chr1:19353402;Chr1:19366792;Chr1:19377741;Chr1:19378028;Chr1:19423422;Chr1:19425253;Chr1:19427519;Chr1:19434902;Chr1:19434906;Chr1:19446381;Chr1:19466548;Chr1:19467206;Chr1:19470059;Chr1:19534674;Chr1:19551281;Chr1:19379228;Chr1:19489813;Chr1:19493910;Chr1:19513601;Chr1:19515731;Chr1:19520499;Chr1:19527441;Chr1:19541636;Chr1:19546013;Chr1:19569154;Chr1:19573190;Chr1:19661849;Chr1:19670604;Chr1:19702488;Chr1:19702835;Chr1:19707564;Chr1:19710678;Chr1:19715295;Chr1:19722087;Chr1:19728732;Chr1:19777170;Chr1:19779438;Chr1:19780581;Chr1:19782425;Chr1:19782724;Chr1:19786097;Chr1:19790210;Chr1:19814018;Chr1:19819425;Chr1:19826773;Chr1:19387324;Chr1:19389251;Chr1:19395706;Chr1:19433959;Chr1:19439470;Chr1:19442589;Chr1:19464360;Chr1:19473237;Chr1:19478822;Chr1:19521152;Chr1:19521516;Chr1:19523491;Chr1:19531367;Chr1:19537202;Chr1:19545717;Chr1:19572113;Chr1:19614514;Chr1:19621211;Chr1:19626604;Chr1:19637186;Chr1:19637938;Chr1:19638807;Chr1:19673622;Chr1:19673715;Chr1:19686545;Chr1:19687150;Chr1:19688372	Chr1:19283346;Chr1:19434906;Chr1:19707564;Chr1:19572113	Chr1:19379228;Chr1:19722087	TRUE	TRUE	TRUE	1	1	FALSE	FALSE	3	3	3	1	2	4
nobgs_V1_c1_rep4_env1	emmax_simes	Chr1	19283346	19826773	100	4	Chr1:19283346;Chr1:19283447;Chr1:19289538;Chr1:19289587;Chr1:19291404;Chr1:19291950;Chr1:19293961;Chr1:19296802;Chr1:19297557;Chr1:19301179;Chr1:19303401;Chr1:19304671;Chr1:19307738;Chr1:19311449;Chr1:19312452;Chr1:19316567;Chr1:19322725;Chr1:19326426;Chr1:19328541;Chr1:19332330;Chr1:19332612;Chr1:19334169;Chr1:19339905;Chr1:19340342;Chr1:19348969;Chr1:19356951;Chr1:19343153;Chr1:19343544;Chr1:19353402;Chr1:19366792;Chr1:19377741;Chr1:19378028;Chr1:19423422;Chr1:19425253;Chr1:19427519;Chr1:19434902;Chr1:19434906;Chr1:19446381;Chr1:19466548;Chr1:19467206;Chr1:19470059;Chr1:19534674;Chr1:19551281;Chr1:19379228;Chr1:19489813;Chr1:19493910;Chr1:19513601;Chr1:19515731;Chr1:19520499;Chr1:19527441;Chr1:19541636;Chr1:19546013;Chr1:19569154;Chr1:19573190;Chr1:19661849;Chr1:19670604;Chr1:19702488;Chr1:19702835;Chr1:19707564;Chr1:19710678;Chr1:19715295;Chr1:19722087;Chr1:19728732;Chr1:19777170;Chr1:19779438;Chr1:19780581;Chr1:19782425;Chr1:19782724;Chr1:19786097;Chr1:19790210;Chr1:19814018;Chr1:19819425;Chr1:19826773;Chr1:19387324;Chr1:19389251;Chr1:19395706;Chr1:19433959;Chr1:19439470;Chr1:19442589;Chr1:19464360;Chr1:19473237;Chr1:19478822;Chr1:19521152;Chr1:19521516;Chr1:19523491;Chr1:19531367;Chr1:19537202;Chr1:19545717;Chr1:19572113;Chr1:19614514;Chr1:19621211;Chr1:19626604;Chr1:19637186;Chr1:19637938;Chr1:19638807;Chr1:19673622;Chr1:19673715;Chr1:19686545;Chr1:19687150;Chr1:19688372	Chr1:19283346;Chr1:19434906;Chr1:19707564;Chr1:19572113	Chr1:19379228;Chr1:19722087	TRUE	TRUE	TRUE	1	1	FALSE	FALSE	3	3	3	1	2	4
nobgs_V1_c1_rep4_env1	lfmm_simes	Chr1	19379228	19826773	57	2	Chr1:19379228;Chr1:19489813;Chr1:19493910;Chr1:19513601;Chr1:19515731;Chr1:19520499;Chr1:19527441;Chr1:19541636;Chr1:19546013;Chr1:19569154;Chr1:19573190;Chr1:19661849;Chr1:19670604;Chr1:19702488;Chr1:19702835;Chr1:19707564;Chr1:19710678;Chr1:19715295;Chr1:19722087;Chr1:19728732;Chr1:19777170;Chr1:19779438;Chr1:19780581;Chr1:19782425;Chr1:19782724;Chr1:19786097;Chr1:19790210;Chr1:19814018;Chr1:19819425;Chr1:19826773;Chr1:19387324;Chr1:19389251;Chr1:19395706;Chr1:19433959;Chr1:19439470;Chr1:19442589;Chr1:19464360;Chr1:19473237;Chr1:19478822;Chr1:19521152;Chr1:19521516;Chr1:19523491;Chr1:19531367;Chr1:19537202;Chr1:19545717;Chr1:19572113;Chr1:19614514;Chr1:19621211;Chr1:19626604;Chr1:19637186;Chr1:19637938;Chr1:19638807;Chr1:19673622;Chr1:19673715;Chr1:19686545;Chr1:19687150;Chr1:19688372	Chr1:19707564;Chr1:19572113	Chr1:19379228;Chr1:19722087	TRUE	TRUE	TRUE	1	1	FALSE	FALSE	3	3	3	1	2	4
nobgs_V1_c1_rep4_env3	emmax_consensus	Chr1	11040669	11414514	36	5	Chr1:11040669;Chr1:11048295;Chr1:11061017;Chr1:11065198;Chr1:11065266;Chr1:11094082;Chr1:11102341;Chr1:11103079;Chr1:11112821;Chr1:11131307;Chr1:11135920;Chr1:11164245;Chr1:11169733;Chr1:11170354;Chr1:11203405;Chr1:11204716;Chr1:11209192;Chr1:11209731;Chr1:11213471;Chr1:11215308;Chr1:11233182;Chr1:11264496;Chr1:11269890;Chr1:11272897;Chr1:11273672;Chr1:11280794;Chr1:11282914;Chr1:11283923;Chr1:11296976;Chr1:11312847;Chr1:11314621;Chr1:11357112;Chr1:11358675;Chr1:11379515;Chr1:11379880;Chr1:11414514	Chr1:11094082;Chr1:11131307;Chr1:11215308;Chr1:11312847;Chr1:11414514	Chr1:11272897	TRUE	TRUE	TRUE	1	1	FALSE	FALSE	3	3	3	1	2	4
nobgs_V1_c1_rep4_env3	emmax_consensus	Chr2	18248205	18253717	2	1	Chr2:18248205;Chr2:18253717	Chr2:18248205	""	FALSE	FALSE	FALSE	0	0	FALSE	FALSE	1	1	1	1	2	4
nobgs_V1_c1_rep4_env3	emmax_simes	Chr1	11040669	11414514	36	5	Chr1:11040669;Chr1:11048295;Chr1:11061017;Chr1:11065198;Chr1:11065266;Chr1:11094082;Chr1:11102341;Chr1:11103079;Chr1:11112821;Chr1:11131307;Chr1:11135920;Chr1:11164245;Chr1:11169733;Chr1:11170354;Chr1:11203405;Chr1:11204716;Chr1:11209192;Chr1:11209731;Chr1:11213471;Chr1:11215308;Chr1:11233182;Chr1:11264496;Chr1:11269890;Chr1:11272897;Chr1:11273672;Chr1:11280794;Chr1:11282914;Chr1:11283923;Chr1:11296976;Chr1:11312847;Chr1:11314621;Chr1:11357112;Chr1:11358675;Chr1:11379515;Chr1:11379880;Chr1:11414514	Chr1:11094082;Chr1:11131307;Chr1:11215308;Chr1:11312847;Chr1:11414514	Chr1:11272897	TRUE	TRUE	TRUE	1	1	FALSE	FALSE	3	3	3	1	2	4
nobgs_V1_c1_rep4_env3	emmax_simes	Chr2	18248205	18253717	2	1	Chr2:18248205;Chr2:18253717	Chr2:18248205	""	FALSE	FALSE	FALSE	0	0	FALSE	FALSE	1	1	1	1	2	4
nobgs_V1_c1_rep4_env3	lfmm_simes	Chr1	4672466	4693988	3	1	Chr1:4672466;Chr1:4673142;Chr1:4693988	Chr1:4672466	""	FALSE	FALSE	FALSE	0	0	FALSE	FALSE	1	1	1	1	2	4
nobgs_V1_c1_rep4_env3	lfmm_simes	Chr1	11040669	11414514	36	5	Chr1:11040669;Chr1:11048295;Chr1:11061017;Chr1:11065198;Chr1:11065266;Chr1:11094082;Chr1:11102341;Chr1:11103079;Chr1:11112821;Chr1:11131307;Chr1:11135920;Chr1:11164245;Chr1:11169733;Chr1:11170354;Chr1:11203405;Chr1:11204716;Chr1:11209192;Chr1:11209731;Chr1:11213471;Chr1:11215308;Chr1:11233182;Chr1:11264496;Chr1:11269890;Chr1:11272897;Chr1:11273672;Chr1:11280794;Chr1:11282914;Chr1:11283923;Chr1:11296976;Chr1:11312847;Chr1:11314621;Chr1:11357112;Chr1:11358675;Chr1:11379515;Chr1:11379880;Chr1:11414514	Chr1:11094082;Chr1:11131307;Chr1:11215308;Chr1:11312847;Chr1:11414514	Chr1:11272897	TRUE	TRUE	TRUE	1	1	FALSE	FALSE	3	3	3	1	2	4
nobgs_V1_c1_rep4_env3	lfmm_simes	Chr1	19121617	19134086	2	1	Chr1:19121617;Chr1:19134086	Chr1:19121617	""	FALSE	FALSE	FALSE	0	0	FALSE	FALSE	1	1	1	1	2	4
nobgs_V1_c1_rep4_env3	lfmm_simes	Chr1	19912559	19941442	3	1	Chr1:19912559;Chr1:19930995;Chr1:19941442	Chr1:19941442	""	FALSE	FALSE	FALSE	0	0	FALSE	FALSE	1	1	1	1	2	4
nobgs_V1_c1_rep4_env3	lfmm_simes	Chr2	16747061	16749183	2	1	Chr2:16747061;Chr2:16749183	Chr2:16747061	""	FALSE	FALSE	FALSE	0	0	FALSE	FALSE	1	1	1	1	2	4
nobgs_V1_c1_rep4_env3	lfmm_simes	Chr2	18248205	18253717	2	1	Chr2:18248205;Chr2:18253717	Chr2:18248205	""	FALSE	TRUE	FALSE	1	0	FALSE	FALSE	2	2	2	1	2	4
nobgs_V1_c1_rep4_env4	emmax_consensus	Chr1	19265158	19736061	114	4	Chr1:19265158;Chr1:19266953;Chr1:19269675;Chr1:19271181;Chr1:19283346;Chr1:19283447;Chr1:19289538;Chr1:19289587;Chr1:19291404;Chr1:19297557;Chr1:19301179;Chr1:19304671;Chr1:19311449;Chr1:19322725;Chr1:19332330;Chr1:19332612;Chr1:19334169;Chr1:19339905;Chr1:19340342;Chr1:19348969;Chr1:19379228;Chr1:19387324;Chr1:19389251;Chr1:19395706;Chr1:19439470;Chr1:19442589;Chr1:19291950;Chr1:19293961;Chr1:19296802;Chr1:19303401;Chr1:19307738;Chr1:19312452;Chr1:19316567;Chr1:19326426;Chr1:19328541;Chr1:19343153;Chr1:19343544;Chr1:19353402;Chr1:19366792;Chr1:19377741;Chr1:19378028;Chr1:19356951;Chr1:19433959;Chr1:19464360;Chr1:19470059;Chr1:19473237;Chr1:19478822;Chr1:19489813;Chr1:19493910;Chr1:19513601;Chr1:19515731;Chr1:19520499;Chr1:19521152;Chr1:19521516;Chr1:19523491;Chr1:19527441;Chr1:19531367;Chr1:19537202;Chr1:19541636;Chr1:19545717;Chr1:19546013;Chr1:19569154;Chr1:19572113;Chr1:19573190;Chr1:19579754;Chr1:19579849;Chr1:19583074;Chr1:19588499;Chr1:19589236;Chr1:19592110;Chr1:19598227;Chr1:19598456;Chr1:19601239;Chr1:19614514;Chr1:19621211;Chr1:19626604;Chr1:19633605;Chr1:19637186;Chr1:19637938;Chr1:19637995;Chr1:19638807;Chr1:19639723;Chr1:19645474;Chr1:19647331;Chr1:19648929;Chr1:19654121;Chr1:19655462;Chr1:19661849;Chr1:19670604;Chr1:19673622;Chr1:19673715;Chr1:19675107;Chr1:19686545;Chr1:19687150;Chr1:19688372;Chr1:19702488;Chr1:19702835;Chr1:19707564;Chr1:19710678;Chr1:19713016;Chr1:19715295;Chr1:19722087;Chr1:19725672;Chr1:19728732;Chr1:19736061;Chr1:19423422;Chr1:19425253;Chr1:19427519;Chr1:19434902;Chr1:19434906;Chr1:19446381;Chr1:19454069;Chr1:19466548;Chr1:19467206	Chr1:19311449;Chr1:19316567;Chr1:19633605;Chr1:19434902	Chr1:19379228;Chr1:19722087	TRUE	TRUE	TRUE	1	1	FALSE	FALSE	3	3	3	1	2	4
nobgs_V1_c1_rep4_env4	emmax_consensus	Chr1	19750087	19892357	22	2	Chr1:19750087;Chr1:19751347;Chr1:19757356;Chr1:19774103;Chr1:19777170;Chr1:19779438;Chr1:19779724;Chr1:19780581;Chr1:19782165;Chr1:19782425;Chr1:19782724;Chr1:19786097;Chr1:19790210;Chr1:19793206;Chr1:19797541;Chr1:19814018;Chr1:19818914;Chr1:19823200;Chr1:19843559;Chr1:19847419;Chr1:19854047;Chr1:19892357	Chr1:19779724;Chr1:19843559	Chr1:19722087	TRUE	TRUE	TRUE	1	1	FALSE	FALSE	3	3	3	1	2	4
nobgs_V1_c1_rep4_env4	emmax_simes	Chr1	19255136	19736061	124	6	Chr1:19255136;Chr1:19255584;Chr1:19259481;Chr1:19259880;Chr1:19262183;Chr1:19258054;Chr1:19267524;Chr1:19268560;Chr1:19271904;Chr1:19273189;Chr1:19265158;Chr1:19266953;Chr1:19269675;Chr1:19271181;Chr1:19283346;Chr1:19283447;Chr1:19289538;Chr1:19289587;Chr1:19291404;Chr1:19297557;Chr1:19301179;Chr1:19304671;Chr1:19311449;Chr1:19322725;Chr1:19332330;Chr1:19332612;Chr1:19334169;Chr1:19339905;Chr1:19340342;Chr1:19348969;Chr1:19379228;Chr1:19387324;Chr1:19389251;Chr1:19395706;Chr1:19439470;Chr1:19442589;Chr1:19291950;Chr1:19293961;Chr1:19296802;Chr1:19303401;Chr1:19307738;Chr1:19312452;Chr1:19316567;Chr1:19326426;Chr1:19328541;Chr1:19343153;Chr1:19343544;Chr1:19353402;Chr1:19366792;Chr1:19377741;Chr1:19378028;Chr1:19356951;Chr1:19433959;Chr1:19464360;Chr1:19470059;Chr1:19473237;Chr1:19478822;Chr1:19489813;Chr1:19493910;Chr1:19513601;Chr1:19515731;Chr1:19520499;Chr1:19521152;Chr1:19521516;Chr1:19523491;Chr1:19527441;Chr1:19531367;Chr1:19537202;Chr1:19541636;Chr1:19545717;Chr1:19546013;Chr1:19569154;Chr1:19572113;Chr1:19573190;Chr1:19579754;Chr1:19579849;Chr1:19583074;Chr1:19588499;Chr1:19589236;Chr1:19592110;Chr1:19598227;Chr1:19598456;Chr1:19601239;Chr1:19614514;Chr1:19621211;Chr1:19626604;Chr1:19633605;Chr1:19637186;Chr1:19637938;Chr1:19637995;Chr1:19638807;Chr1:19639723;Chr1:19645474;Chr1:19647331;Chr1:19648929;Chr1:19654121;Chr1:19655462;Chr1:19661849;Chr1:19670604;Chr1:19673622;Chr1:19673715;Chr1:19675107;Chr1:19686545;Chr1:19687150;Chr1:19688372;Chr1:19702488;Chr1:19702835;Chr1:19707564;Chr1:19710678;Chr1:19713016;Chr1:19715295;Chr1:19722087;Chr1:19725672;Chr1:19728732;Chr1:19736061;Chr1:19423422;Chr1:19425253;Chr1:19427519;Chr1:19434902;Chr1:19434906;Chr1:19446381;Chr1:19454069;Chr1:19466548;Chr1:19467206	Chr1:19255584;Chr1:19268560;Chr1:19311449;Chr1:19316567;Chr1:19633605;Chr1:19434902	Chr1:19379228;Chr1:19722087	TRUE	TRUE	TRUE	1	1	FALSE	FALSE	3	3	3	1	2	4
nobgs_V1_c1_rep4_env4	emmax_simes	Chr1	19750087	19892357	22	2	Chr1:19750087;Chr1:19751347;Chr1:19757356;Chr1:19774103;Chr1:19777170;Chr1:19779438;Chr1:19779724;Chr1:19780581;Chr1:19782165;Chr1:19782425;Chr1:19782724;Chr1:19786097;Chr1:19790210;Chr1:19793206;Chr1:19797541;Chr1:19814018;Chr1:19818914;Chr1:19823200;Chr1:19843559;Chr1:19847419;Chr1:19854047;Chr1:19892357	Chr1:19779724;Chr1:19843559	Chr1:19722087	TRUE	TRUE	TRUE	1	1	FALSE	FALSE	3	3	3	1	2	4
nobgs_V1_c1_rep4_env4	lfmm_simes	Chr1	13316734	13317007	2	1	Chr1:13316734;Chr1:13317007	Chr1:13316734	""	FALSE	FALSE	FALSE	0	0	FALSE	FALSE	1	1	1	1	2	4
nobgs_V1_c1_rep4_env4	lfmm_simes	Chr1	19265158	19814018	106	3	Chr1:19265158;Chr1:19266953;Chr1:19269675;Chr1:19271181;Chr1:19283346;Chr1:19283447;Chr1:19289538;Chr1:19289587;Chr1:19291404;Chr1:19297557;Chr1:19301179;Chr1:19304671;Chr1:19311449;Chr1:19322725;Chr1:19332330;Chr1:19332612;Chr1:19334169;Chr1:19339905;Chr1:19340342;Chr1:19348969;Chr1:19379228;Chr1:19387324;Chr1:19389251;Chr1:19395706;Chr1:19439470;Chr1:19442589;Chr1:19356951;Chr1:19433959;Chr1:19464360;Chr1:19470059;Chr1:19473237;Chr1:19478822;Chr1:19489813;Chr1:19493910;Chr1:19513601;Chr1:19515731;Chr1:19520499;Chr1:19521152;Chr1:19521516;Chr1:19523491;Chr1:19527441;Chr1:19531367;Chr1:19537202;Chr1:19541636;Chr1:19545717;Chr1:19546013;Chr1:19569154;Chr1:19572113;Chr1:19573190;Chr1:19579754;Chr1:19579849;Chr1:19583074;Chr1:19588499;Chr1:19589236;Chr1:19592110;Chr1:19598227;Chr1:19598456;Chr1:19601239;Chr1:19614514;Chr1:19621211;Chr1:19626604;Chr1:19633605;Chr1:19637186;Chr1:19637938;Chr1:19637995;Chr1:19638807;Chr1:19639723;Chr1:19645474;Chr1:19647331;Chr1:19648929;Chr1:19654121;Chr1:19655462;Chr1:19661849;Chr1:19670604;Chr1:19673622;Chr1:19673715;Chr1:19675107;Chr1:19686545;Chr1:19687150;Chr1:19688372;Chr1:19702488;Chr1:19702835;Chr1:19707564;Chr1:19710678;Chr1:19713016;Chr1:19715295;Chr1:19722087;Chr1:19725672;Chr1:19728732;Chr1:19736061;Chr1:19750087;Chr1:19751347;Chr1:19757356;Chr1:19774103;Chr1:19777170;Chr1:19779438;Chr1:19779724;Chr1:19780581;Chr1:19782165;Chr1:19782425;Chr1:19782724;Chr1:19786097;Chr1:19790210;Chr1:19793206;Chr1:19797541;Chr1:19814018	Chr1:19311449;Chr1:19633605;Chr1:19779724	Chr1:19379228;Chr1:19722087	TRUE	TRUE	TRUE	1	1	FALSE	FALSE	3	3	3	1	2	4
nobgs_V1_c1_rep4_env5	emmax_consensus	Chr1	23786893	24876417	9	2	Chr1:23786893;Chr1:23788961;Chr1:24684856;Chr1:24695161;Chr1:24876417;Chr1:23787532;Chr1:23819728;Chr1:23966214;Chr1:24038823	Chr1:24695161;Chr1:23819728	Chr1:24726097	TRUE	TRUE	TRUE	1	1	FALSE	FALSE	3	3	3	1	2	4
nobgs_V1_c1_rep4_env5	emmax_consensus	Chr1	24411704	25682888	94	2	Chr1:24411704;Chr1:24424596;Chr1:24453297;Chr1:24466538;Chr1:24473603;Chr1:24479092;Chr1:24480609;Chr1:24523807;Chr1:24557082;Chr1:24571709;Chr1:24578769;Chr1:24592338;Chr1:24648907;Chr1:24667760;Chr1:24668829;Chr1:24670094;Chr1:24685696;Chr1:24685734;Chr1:24705494;Chr1:24726097;Chr1:24727365;Chr1:24728967;Chr1:24729307;Chr1:24730131;Chr1:24734681;Chr1:24741167;Chr1:24772654;Chr1:24783778;Chr1:24789577;Chr1:24793812;Chr1:24796837;Chr1:24799732;Chr1:24800293;Chr1:24802672;Chr1:24806734;Chr1:24814868;Chr1:24822221;Chr1:24833102;Chr1:24838025;Chr1:24858761;Chr1:24866902;Chr1:24886107;Chr1:24889347;Chr1:24910210;Chr1:24928868;Chr1:24943262;Chr1:24951815;Chr1:24963885;Chr1:25000937;Chr1:25033509;Chr1:25046075;Chr1:25058139;Chr1:25074701;Chr1:25078508;Chr1:25095079;Chr1:25102700;Chr1:25111113;Chr1:25116312;Chr1:25121079;Chr1:25173848;Chr1:25188258;Chr1:25188721;Chr1:25192113;Chr1:25192406;Chr1:25218264;Chr1:25232108;Chr1:25240823;Chr1:25245855;Chr1:25258277;Chr1:25266789;Chr1:25276894;Chr1:25298277;Chr1:25299770;Chr1:25334732;Chr1:25354415;Chr1:25381521;Chr1:25466910;Chr1:25477430;Chr1:25483220;Chr1:25500505;Chr1:25507259;Chr1:25514970;Chr1:25527587;Chr1:25552755;Chr1:25560731;Chr1:25571679;Chr1:25580843;Chr1:25600767;Chr1:25605455;Chr1:25610531;Chr1:25628113;Chr1:25649665;Chr1:25653285;Chr1:25682888	Chr1:24866902;Chr1:25605455	Chr1:24726097	TRUE	TRUE	TRUE	1	1	FALSE	FALSE	3	3	3	1	2	4
nobgs_V1_c1_rep4_env5	emmax_simes	Chr1	23786893	24876417	9	2	Chr1:23786893;Chr1:23788961;Chr1:24684856;Chr1:24695161;Chr1:24876417;Chr1:23787532;Chr1:23819728;Chr1:23966214;Chr1:24038823	Chr1:24695161;Chr1:23819728	Chr1:24726097	TRUE	TRUE	TRUE	1	1	FALSE	FALSE	3	3	3	1	2	4
nobgs_V1_c1_rep4_env5	emmax_simes	Chr1	24411704	25682888	94	2	Chr1:24411704;Chr1:24424596;Chr1:24453297;Chr1:24466538;Chr1:24473603;Chr1:24479092;Chr1:24480609;Chr1:24523807;Chr1:24557082;Chr1:24571709;Chr1:24578769;Chr1:24592338;Chr1:24648907;Chr1:24667760;Chr1:24668829;Chr1:24670094;Chr1:24685696;Chr1:24685734;Chr1:24705494;Chr1:24726097;Chr1:24727365;Chr1:24728967;Chr1:24729307;Chr1:24730131;Chr1:24734681;Chr1:24741167;Chr1:24772654;Chr1:24783778;Chr1:24789577;Chr1:24793812;Chr1:24796837;Chr1:24799732;Chr1:24800293;Chr1:24802672;Chr1:24806734;Chr1:24814868;Chr1:24822221;Chr1:24833102;Chr1:24838025;Chr1:24858761;Chr1:24866902;Chr1:24886107;Chr1:24889347;Chr1:24910210;Chr1:24928868;Chr1:24943262;Chr1:24951815;Chr1:24963885;Chr1:25000937;Chr1:25033509;Chr1:25046075;Chr1:25058139;Chr1:25074701;Chr1:25078508;Chr1:25095079;Chr1:25102700;Chr1:25111113;Chr1:25116312;Chr1:25121079;Chr1:25173848;Chr1:25188258;Chr1:25188721;Chr1:25192113;Chr1:25192406;Chr1:25218264;Chr1:25232108;Chr1:25240823;Chr1:25245855;Chr1:25258277;Chr1:25266789;Chr1:25276894;Chr1:25298277;Chr1:25299770;Chr1:25334732;Chr1:25354415;Chr1:25381521;Chr1:25466910;Chr1:25477430;Chr1:25483220;Chr1:25500505;Chr1:25507259;Chr1:25514970;Chr1:25527587;Chr1:25552755;Chr1:25560731;Chr1:25571679;Chr1:25580843;Chr1:25600767;Chr1:25605455;Chr1:25610531;Chr1:25628113;Chr1:25649665;Chr1:25653285;Chr1:25682888	Chr1:24866902;Chr1:25605455	Chr1:24726097	TRUE	TRUE	TRUE	1	1	FALSE	FALSE	3	3	3	1	2	4
nobgs_V1_c1_rep4_env5	lfmm_simes	Chr1	21171201	21180561	2	1	Chr1:21171201;Chr1:21180561	Chr1:21171201	""	FALSE	FALSE	FALSE	0	0	FALSE	FALSE	1	1	1	1	2	4
nobgs_V1_c1_rep4_env5	lfmm_simes	Chr1	23787532	24038823	4	1	Chr1:23787532;Chr1:23819728;Chr1:23966214;Chr1:24038823	Chr1:23819728	""	FALSE	TRUE	TRUE	1	1	FALSE	FALSE	3	3	3	1	2	4
nobgs_V1_c1_rep4_env5	lfmm_simes	Chr1	24411704	25682888	94	2	Chr1:24411704;Chr1:24424596;Chr1:24453297;Chr1:24466538;Chr1:24473603;Chr1:24479092;Chr1:24480609;Chr1:24523807;Chr1:24557082;Chr1:24571709;Chr1:24578769;Chr1:24592338;Chr1:24648907;Chr1:24667760;Chr1:24668829;Chr1:24670094;Chr1:24685696;Chr1:24685734;Chr1:24705494;Chr1:24726097;Chr1:24727365;Chr1:24728967;Chr1:24729307;Chr1:24730131;Chr1:24734681;Chr1:24741167;Chr1:24772654;Chr1:24783778;Chr1:24789577;Chr1:24793812;Chr1:24796837;Chr1:24799732;Chr1:24800293;Chr1:24802672;Chr1:24806734;Chr1:24814868;Chr1:24822221;Chr1:24833102;Chr1:24838025;Chr1:24858761;Chr1:24866902;Chr1:24886107;Chr1:24889347;Chr1:24910210;Chr1:24928868;Chr1:24943262;Chr1:24951815;Chr1:24963885;Chr1:25000937;Chr1:25033509;Chr1:25046075;Chr1:25058139;Chr1:25074701;Chr1:25078508;Chr1:25095079;Chr1:25102700;Chr1:25111113;Chr1:25116312;Chr1:25121079;Chr1:25173848;Chr1:25188258;Chr1:25188721;Chr1:25192113;Chr1:25192406;Chr1:25218264;Chr1:25232108;Chr1:25240823;Chr1:25245855;Chr1:25258277;Chr1:25266789;Chr1:25276894;Chr1:25298277;Chr1:25299770;Chr1:25334732;Chr1:25354415;Chr1:25381521;Chr1:25466910;Chr1:25477430;Chr1:25483220;Chr1:25500505;Chr1:25507259;Chr1:25514970;Chr1:25527587;Chr1:25552755;Chr1:25560731;Chr1:25571679;Chr1:25580843;Chr1:25600767;Chr1:25605455;Chr1:25610531;Chr1:25628113;Chr1:25649665;Chr1:25653285;Chr1:25682888	Chr1:24866902;Chr1:25605455	Chr1:24726097	TRUE	TRUE	TRUE	1	1	FALSE	FALSE	3	3	3	1	2	4
nobgs_V1_c1_rep4_env6	emmax_consensus	Chr1	5742505	5742958	3	1	Chr1:5742505;Chr1:5742689;Chr1:5742958	Chr1:5742958	""	FALSE	TRUE	FALSE	1	0	FALSE	FALSE	2	2	2	1	2	4
nobgs_V1_c1_rep4_env6	emmax_consensus	Chr1	16560366	16739297	27	2	Chr1:16560366;Chr1:16570990;Chr1:16574306;Chr1:16590844;Chr1:16598907;Chr1:16607075;Chr1:16617521;Chr1:16621001;Chr1:16640305;Chr1:16640654;Chr1:16642471;Chr1:16651128;Chr1:16664739;Chr1:16667145;Chr1:16670380;Chr1:16681392;Chr1:16682432;Chr1:16683078;Chr1:16689713;Chr1:16690546;Chr1:16703426;Chr1:16707058;Chr1:16709480;Chr1:16719311;Chr1:16723435;Chr1:16730922;Chr1:16739297	Chr1:16560366;Chr1:16670380	""	FALSE	TRUE	TRUE	1	1	FALSE	FALSE	3	3	3	1	2	4
nobgs_V1_c1_rep4_env6	emmax_consensus	Chr1	16869871	17441317	50	3	Chr1:16869871;Chr1:16876557;Chr1:16895927;Chr1:16897098;Chr1:16937086;Chr1:16958993;Chr1:16967364;Chr1:17027142;Chr1:17033534;Chr1:17041288;Chr1:17052038;Chr1:17129251;Chr1:17157749;Chr1:17240954;Chr1:17310102;Chr1:17310760;Chr1:17313546;Chr1:17314816;Chr1:17367192;Chr1:17376262;Chr1:17436323;Chr1:17441317;Chr1:17095049;Chr1:17119063;Chr1:17149266;Chr1:17150818;Chr1:17152047;Chr1:17163901;Chr1:17170452;Chr1:17170842;Chr1:17311782;Chr1:17321518;Chr1:17325137;Chr1:17327442;Chr1:17329618;Chr1:17360377;Chr1:17365366;Chr1:17175794;Chr1:17181443;Chr1:17183012;Chr1:17187876;Chr1:17189335;Chr1:17208791;Chr1:17213797;Chr1:17243806;Chr1:17243959;Chr1:17253957;Chr1:17256729;Chr1:17264790;Chr1:17293801	Chr1:17129251;Chr1:17170452;Chr1:17208791	Chr1:17129251	TRUE	TRUE	TRUE	1	1	FALSE	FALSE	3	3	3	1	2	4
nobgs_V1_c1_rep4_env6	emmax_consensus	Chr1	17575608	17620562	6	1	Chr1:17575608;Chr1:17594859;Chr1:17603528;Chr1:17615673;Chr1:17617597;Chr1:17620562	Chr1:17620562	""	FALSE	FALSE	TRUE	0	1	FALSE	FALSE	2	2	2	1	2	4
nobgs_V1_c1_rep4_env6	emmax_simes	Chr1	5742505	5742958	3	1	Chr1:5742505;Chr1:5742689;Chr1:5742958	Chr1:5742958	""	FALSE	FALSE	FALSE	0	0	FALSE	FALSE	1	1	1	1	2	4
nobgs_V1_c1_rep4_env6	emmax_simes	Chr1	16560366	16739297	27	2	Chr1:16560366;Chr1:16570990;Chr1:16574306;Chr1:16590844;Chr1:16598907;Chr1:16607075;Chr1:16617521;Chr1:16621001;Chr1:16640305;Chr1:16640654;Chr1:16642471;Chr1:16651128;Chr1:16664739;Chr1:16667145;Chr1:16670380;Chr1:16681392;Chr1:16682432;Chr1:16683078;Chr1:16689713;Chr1:16690546;Chr1:16703426;Chr1:16707058;Chr1:16709480;Chr1:16719311;Chr1:16723435;Chr1:16730922;Chr1:16739297	Chr1:16560366;Chr1:16670380	""	FALSE	FALSE	TRUE	0	1	FALSE	FALSE	2	2	2	1	2	4
nobgs_V1_c1_rep4_env6	emmax_simes	Chr1	16869871	17441317	37	2	Chr1:16869871;Chr1:16876557;Chr1:16895927;Chr1:16897098;Chr1:16937086;Chr1:16958993;Chr1:16967364;Chr1:17027142;Chr1:17033534;Chr1:17041288;Chr1:17052038;Chr1:17129251;Chr1:17157749;Chr1:17240954;Chr1:17310102;Chr1:17310760;Chr1:17313546;Chr1:17314816;Chr1:17367192;Chr1:17376262;Chr1:17436323;Chr1:17441317;Chr1:17095049;Chr1:17119063;Chr1:17149266;Chr1:17150818;Chr1:17152047;Chr1:17163901;Chr1:17170452;Chr1:17170842;Chr1:17311782;Chr1:17321518;Chr1:17325137;Chr1:17327442;Chr1:17329618;Chr1:17360377;Chr1:17365366	Chr1:17129251;Chr1:17170452	Chr1:17129251	TRUE	TRUE	TRUE	1	1	FALSE	FALSE	3	3	3	1	2	4
nobgs_V1_c1_rep4_env6	lfmm_simes	Chr1	5742505	5742958	3	1	Chr1:5742505;Chr1:5742689;Chr1:5742958	Chr1:5742958	""	FALSE	FALSE	FALSE	0	0	FALSE	FALSE	1	1	1	1	2	4
nobgs_V1_c1_rep4_env6	lfmm_simes	Chr1	16640305	16739297	19	1	Chr1:16640305;Chr1:16640654;Chr1:16642471;Chr1:16651128;Chr1:16664739;Chr1:16667145;Chr1:16670380;Chr1:16681392;Chr1:16682432;Chr1:16683078;Chr1:16689713;Chr1:16690546;Chr1:16703426;Chr1:16707058;Chr1:16709480;Chr1:16719311;Chr1:16723435;Chr1:16730922;Chr1:16739297	Chr1:16670380	""	FALSE	FALSE	TRUE	0	1	FALSE	FALSE	2	2	2	1	2	4
nobgs_V1_c1_rep4_env6	lfmm_simes	Chr1	16869871	17441317	22	1	Chr1:16869871;Chr1:16876557;Chr1:16895927;Chr1:16897098;Chr1:16937086;Chr1:16958993;Chr1:16967364;Chr1:17027142;Chr1:17033534;Chr1:17041288;Chr1:17052038;Chr1:17129251;Chr1:17157749;Chr1:17240954;Chr1:17310102;Chr1:17310760;Chr1:17313546;Chr1:17314816;Chr1:17367192;Chr1:17376262;Chr1:17436323;Chr1:17441317	Chr1:17129251	Chr1:17129251	TRUE	TRUE	TRUE	1	1	FALSE	FALSE	3	3	3	1	2	4
nobgs_V1_c1_rep4_env7	emmax_consensus	Chr1	19283346	19728732	96	3	Chr1:19283346;Chr1:19283447;Chr1:19289538;Chr1:19289587;Chr1:19291404;Chr1:19297557;Chr1:19301179;Chr1:19304671;Chr1:19311449;Chr1:19322725;Chr1:19332330;Chr1:19332612;Chr1:19334169;Chr1:19339905;Chr1:19340342;Chr1:19348969;Chr1:19356951;Chr1:19379228;Chr1:19387324;Chr1:19389251;Chr1:19395706;Chr1:19427519;Chr1:19433959;Chr1:19434902;Chr1:19434906;Chr1:19439470;Chr1:19442589;Chr1:19446381;Chr1:19464360;Chr1:19466548;Chr1:19467206;Chr1:19470059;Chr1:19473237;Chr1:19478822;Chr1:19489813;Chr1:19493910;Chr1:19513601;Chr1:19515731;Chr1:19520499;Chr1:19521152;Chr1:19521516;Chr1:19523491;Chr1:19527441;Chr1:19531367;Chr1:19537202;Chr1:19541636;Chr1:19545717;Chr1:19546013;Chr1:19569154;Chr1:19572113;Chr1:19573190;Chr1:19579754;Chr1:19579849;Chr1:19583074;Chr1:19588499;Chr1:19589236;Chr1:19592110;Chr1:19598227;Chr1:19598456;Chr1:19601239;Chr1:19614514;Chr1:19621211;Chr1:19626604;Chr1:19633605;Chr1:19637186;Chr1:19637938;Chr1:19637995;Chr1:19638807;Chr1:19639723;Chr1:19645474;Chr1:19647331;Chr1:19648929;Chr1:19654121;Chr1:19655462;Chr1:19661849;Chr1:19670604;Chr1:19673622;Chr1:19673715;Chr1:19675107;Chr1:19686545;Chr1:19687150;Chr1:19688372;Chr1:19702488;Chr1:19702835;Chr1:19707564;Chr1:19710678;Chr1:19713016;Chr1:19715295;Chr1:19722087;Chr1:19725672;Chr1:19728732;Chr1:19366792;Chr1:19377741;Chr1:19378028;Chr1:19423422;Chr1:19425253	Chr1:19289538;Chr1:19541636;Chr1:19366792	Chr1:19379228;Chr1:19722087	TRUE	TRUE	TRUE	1	1	FALSE	FALSE	3	3	3	1	2	4
nobgs_V1_c1_rep4_env7	emmax_consensus	Chr1	19736061	19912559	30	2	Chr1:19736061;Chr1:19750087;Chr1:19751347;Chr1:19757356;Chr1:19774103;Chr1:19779724;Chr1:19780581;Chr1:19782165;Chr1:19793206;Chr1:19797541;Chr1:19818914;Chr1:19823200;Chr1:19826773;Chr1:19843559;Chr1:19847419;Chr1:19854047;Chr1:19876079;Chr1:19878948;Chr1:19892357;Chr1:19777170;Chr1:19779438;Chr1:19782425;Chr1:19782724;Chr1:19786097;Chr1:19790210;Chr1:19814018;Chr1:19819425;Chr1:19873326;Chr1:19879777;Chr1:19912559	Chr1:19793206;Chr1:19790210	Chr1:19722087	TRUE	TRUE	TRUE	1	1	FALSE	FALSE	3	3	3	1	2	4
nobgs_V1_c1_rep4_env7	emmax_simes	Chr1	19255584	19728732	103	4	Chr1:19255584;Chr1:19259880;Chr1:19262183;Chr1:19265158;Chr1:19266953;Chr1:19269675;Chr1:19271181;Chr1:19283346;Chr1:19283447;Chr1:19289538;Chr1:19289587;Chr1:19291404;Chr1:19297557;Chr1:19301179;Chr1:19304671;Chr1:19311449;Chr1:19322725;Chr1:19332330;Chr1:19332612;Chr1:19334169;Chr1:19339905;Chr1:19340342;Chr1:19348969;Chr1:19356951;Chr1:19379228;Chr1:19387324;Chr1:19389251;Chr1:19395706;Chr1:19427519;Chr1:19433959;Chr1:19434902;Chr1:19434906;Chr1:19439470;Chr1:19442589;Chr1:19446381;Chr1:19464360;Chr1:19466548;Chr1:19467206;Chr1:19470059;Chr1:19473237;Chr1:19478822;Chr1:19489813;Chr1:19493910;Chr1:19513601;Chr1:19515731;Chr1:19520499;Chr1:19521152;Chr1:19521516;Chr1:19523491;Chr1:19527441;Chr1:19531367;Chr1:19537202;Chr1:19541636;Chr1:19545717;Chr1:19546013;Chr1:19569154;Chr1:19572113;Chr1:19573190;Chr1:19579754;Chr1:19579849;Chr1:19583074;Chr1:19588499;Chr1:19589236;Chr1:19592110;Chr1:19598227;Chr1:19598456;Chr1:19601239;Chr1:19614514;Chr1:19621211;Chr1:19626604;Chr1:19633605;Chr1:19637186;Chr1:19637938;Chr1:19637995;Chr1:19638807;Chr1:19639723;Chr1:19645474;Chr1:19647331;Chr1:19648929;Chr1:19654121;Chr1:19655462;Chr1:19661849;Chr1:19670604;Chr1:19673622;Chr1:19673715;Chr1:19675107;Chr1:19686545;Chr1:19687150;Chr1:19688372;Chr1:19702488;Chr1:19702835;Chr1:19707564;Chr1:19710678;Chr1:19713016;Chr1:19715295;Chr1:19722087;Chr1:19725672;Chr1:19728732;Chr1:19366792;Chr1:19377741;Chr1:19378028;Chr1:19423422;Chr1:19425253	Chr1:19259880;Chr1:19289538;Chr1:19541636;Chr1:19366792	Chr1:19379228;Chr1:19722087	TRUE	TRUE	TRUE	1	1	FALSE	FALSE	3	3	3	1	2	4
nobgs_V1_c1_rep4_env7	emmax_simes	Chr1	19736061	19912559	30	2	Chr1:19736061;Chr1:19750087;Chr1:19751347;Chr1:19757356;Chr1:19774103;Chr1:19779724;Chr1:19780581;Chr1:19782165;Chr1:19793206;Chr1:19797541;Chr1:19818914;Chr1:19823200;Chr1:19826773;Chr1:19843559;Chr1:19847419;Chr1:19854047;Chr1:19876079;Chr1:19878948;Chr1:19892357;Chr1:19777170;Chr1:19779438;Chr1:19782425;Chr1:19782724;Chr1:19786097;Chr1:19790210;Chr1:19814018;Chr1:19819425;Chr1:19873326;Chr1:19879777;Chr1:19912559	Chr1:19793206;Chr1:19790210	Chr1:19722087	TRUE	TRUE	TRUE	1	1	FALSE	FALSE	3	3	3	1	2	4
nobgs_V1_c1_rep4_env7	lfmm_simes	Chr1	7504984	7531758	2	1	Chr1:7504984;Chr1:7531758	Chr1:7504984	""	FALSE	FALSE	FALSE	0	0	FALSE	FALSE	1	1	1	1	2	4
nobgs_V1_c1_rep4_env7	lfmm_simes	Chr1	19255584	19728732	103	4	Chr1:19255584;Chr1:19259880;Chr1:19262183;Chr1:19265158;Chr1:19266953;Chr1:19269675;Chr1:19271181;Chr1:19283346;Chr1:19283447;Chr1:19289538;Chr1:19289587;Chr1:19291404;Chr1:19297557;Chr1:19301179;Chr1:19304671;Chr1:19311449;Chr1:19322725;Chr1:19332330;Chr1:19332612;Chr1:19334169;Chr1:19339905;Chr1:19340342;Chr1:19348969;Chr1:19356951;Chr1:19379228;Chr1:19387324;Chr1:19389251;Chr1:19395706;Chr1:19427519;Chr1:19433959;Chr1:19434902;Chr1:19434906;Chr1:19439470;Chr1:19442589;Chr1:19446381;Chr1:19464360;Chr1:19466548;Chr1:19467206;Chr1:19470059;Chr1:19473237;Chr1:19478822;Chr1:19489813;Chr1:19493910;Chr1:19513601;Chr1:19515731;Chr1:19520499;Chr1:19521152;Chr1:19521516;Chr1:19523491;Chr1:19527441;Chr1:19531367;Chr1:19537202;Chr1:19541636;Chr1:19545717;Chr1:19546013;Chr1:19569154;Chr1:19572113;Chr1:19573190;Chr1:19579754;Chr1:19579849;Chr1:19583074;Chr1:19588499;Chr1:19589236;Chr1:19592110;Chr1:19598227;Chr1:19598456;Chr1:19601239;Chr1:19614514;Chr1:19621211;Chr1:19626604;Chr1:19633605;Chr1:19637186;Chr1:19637938;Chr1:19637995;Chr1:19638807;Chr1:19639723;Chr1:19645474;Chr1:19647331;Chr1:19648929;Chr1:19654121;Chr1:19655462;Chr1:19661849;Chr1:19670604;Chr1:19673622;Chr1:19673715;Chr1:19675107;Chr1:19686545;Chr1:19687150;Chr1:19688372;Chr1:19702488;Chr1:19702835;Chr1:19707564;Chr1:19710678;Chr1:19713016;Chr1:19715295;Chr1:19722087;Chr1:19725672;Chr1:19728732;Chr1:19366792;Chr1:19377741;Chr1:19378028;Chr1:19423422;Chr1:19425253	Chr1:19259880;Chr1:19289538;Chr1:19541636;Chr1:19366792	Chr1:19379228;Chr1:19722087	TRUE	TRUE	TRUE	1	1	FALSE	FALSE	3	3	3	1	2	4
nobgs_V1_c1_rep4_env8	emmax_consensus	Chr1	526771	537305	3	1	Chr1:526771;Chr1:527931;Chr1:537305	Chr1:527931	""	FALSE	TRUE	FALSE	1	0	FALSE	FALSE	2	2	2	1	2	4
nobgs_V1_c1_rep4_env8	emmax_consensus	Chr1	695648	750144	5	1	Chr1:695648;Chr1:695841;Chr1:718399;Chr1:745392;Chr1:750144	Chr1:745392	Chr1:695841	TRUE	TRUE	TRUE	1	1	FALSE	FALSE	3	3	3	1	2	4
nobgs_V1_c1_rep4_env8	emmax_simes	Chr1	526771	537305	3	1	Chr1:526771;Chr1:527931;Chr1:537305	Chr1:527931	""	FALSE	TRUE	FALSE	1	0	FALSE	FALSE	2	2	2	1	2	4
nobgs_V1_c1_rep4_env8	emmax_simes	Chr1	695648	750144	5	1	Chr1:695648;Chr1:695841;Chr1:718399;Chr1:745392;Chr1:750144	Chr1:745392	Chr1:695841	TRUE	TRUE	TRUE	1	1	FALSE	FALSE	3	3	3	1	2	4
nobgs_V1_c1_rep4_env8	lfmm_simes	Chr1	433199	505180	4	2	Chr1:433199;Chr1:438391;Chr1:466377;Chr1:505180	Chr1:433199;Chr1:466377	""	FALSE	TRUE	FALSE	1	0	FALSE	FALSE	2	2	2	1	2	4
nobgs_V1_c1_rep4_env8	lfmm_simes	Chr1	526771	750144	14	4	Chr1:526771;Chr1:527931;Chr1:537305;Chr1:593237;Chr1:593380;Chr1:610431;Chr1:620351;Chr1:655061;Chr1:658094;Chr1:695648;Chr1:695841;Chr1:718399;Chr1:745392;Chr1:750144	Chr1:527931;Chr1:593237;Chr1:620351;Chr1:745392	Chr1:695841	TRUE	TRUE	TRUE	1	1	FALSE	FALSE	3	3	3	1	2	4
nobgs_V1_c1_rep4_env8	lfmm_simes	Chr1	817849	842067	2	1	Chr1:817849;Chr1:842067	Chr1:817849	""	FALSE	TRUE	FALSE	1	0	FALSE	FALSE	2	2	2	1	2	4
nobgs_V1_c1_rep4_env8	lfmm_simes	Chr1	3463554	3468143	2	1	Chr1:3463554;Chr1:3468143	Chr1:3463554	""	FALSE	TRUE	FALSE	1	0	FALSE	FALSE	2	2	2	1	2	4
nobgs_V1_c1_rep5_env2	emmax_consensus	Chr1	8310203	8313064	4	1	Chr1:8310203;Chr1:8312159;Chr1:8312968;Chr1:8313064	Chr1:8312968	""	FALSE	FALSE	TRUE	0	1	FALSE	FALSE	2	2	2	1	2	4
nobgs_V1_c1_rep5_env2	emmax_consensus	Chr1	9710127	9710977	2	1	Chr1:9710127;Chr1:9710977	Chr1:9710127	Chr1:9718259	TRUE	FALSE	FALSE	0	0	FALSE	FALSE	1	1	1	1	2	4
nobgs_V1_c1_rep5_env2	emmax_consensus	Chr1	9715811	9724361	4	2	Chr1:9715811;Chr1:9717747;Chr1:9718259;Chr1:9724361	Chr1:9715811;Chr1:9718259	Chr1:9718259	TRUE	TRUE	FALSE	1	0	FALSE	FALSE	2	2	2	1	2	4
nobgs_V1_c1_rep5_env2	emmax_simes	Chr1	1624526	1631256	4	1	Chr1:1624526;Chr1:1626215;Chr1:1630776;Chr1:1631256	Chr1:1624526	""	FALSE	FALSE	TRUE	0	1	FALSE	FALSE	2	2	2	1	2	4
nobgs_V1_c1_rep5_env2	emmax_simes	Chr1	9710127	9710977	2	1	Chr1:9710127;Chr1:9710977	Chr1:9710127	Chr1:9718259	TRUE	TRUE	FALSE	1	0	FALSE	FALSE	2	2	2	1	2	4
nobgs_V1_c1_rep5_env2	emmax_simes	Chr1	9715811	9724361	4	2	Chr1:9715811;Chr1:9717747;Chr1:9718259;Chr1:9724361	Chr1:9715811;Chr1:9718259	Chr1:9718259	TRUE	TRUE	FALSE	1	0	FALSE	FALSE	2	2	2	1	2	4
nobgs_V1_c1_rep5_env2	emmax_simes	Chr1	9731228	9736566	4	1	Chr1:9731228;Chr1:9731879;Chr1:9732809;Chr1:9736566	Chr1:9731879	Chr1:9718259	TRUE	FALSE	TRUE	0	1	FALSE	FALSE	2	2	2	1	2	4
nobgs_V1_c1_rep5_env2	lfmm_simes	Chr1	8877221	8879943	2	1	Chr1:8877221;Chr1:8879943	Chr1:8877221	""	FALSE	TRUE	FALSE	1	0	FALSE	FALSE	2	2	2	1	2	4
nobgs_V1_c1_rep5_env2	lfmm_simes	Chr1	9715811	9724361	4	2	Chr1:9715811;Chr1:9717747;Chr1:9718259;Chr1:9724361	Chr1:9715811;Chr1:9718259	Chr1:9718259	TRUE	TRUE	FALSE	1	0	FALSE	FALSE	2	2	2	1	2	4
nobgs_V1_c1_rep5_env3	emmax_consensus	Chr1	6577670	6633055	14	1	Chr1:6577670;Chr1:6578222;Chr1:6581275;Chr1:6583028;Chr1:6595094;Chr1:6595820;Chr1:6599354;Chr1:6601617;Chr1:6602802;Chr1:6616046;Chr1:6616897;Chr1:6620922;Chr1:6623350;Chr1:6633055	Chr1:6616046	""	FALSE	TRUE	TRUE	1	1	FALSE	FALSE	3	3	3	1	2	4
nobgs_V1_c1_rep5_env3	emmax_consensus	Chr1	6815857	6930361	21	1	Chr1:6815857;Chr1:6819759;Chr1:6823602;Chr1:6824282;Chr1:6826178;Chr1:6833683;Chr1:6839100;Chr1:6841520;Chr1:6842193;Chr1:6853530;Chr1:6856528;Chr1:6860555;Chr1:6860976;Chr1:6872783;Chr1:6882156;Chr1:6883070;Chr1:6901247;Chr1:6909856;Chr1:6925988;Chr1:6928103;Chr1:6930361	Chr1:6815857	Chr1:6839100	TRUE	TRUE	TRUE	1	1	FALSE	FALSE	3	3	3	1	2	4
nobgs_V1_c1_rep5_env3	emmax_consensus	Chr2	6780234	6981817	17	1	Chr2:6780234;Chr2:6784522;Chr2:6792968;Chr2:6835324;Chr2:6896183;Chr2:6919923;Chr2:6944699;Chr2:6953361;Chr2:6955854;Chr2:6956733;Chr2:6959818;Chr2:6961125;Chr2:6968125;Chr2:6972391;Chr2:6974963;Chr2:6981569;Chr2:6981817	Chr2:6981569	""	FALSE	TRUE	TRUE	1	1	FALSE	FALSE	3	3	3	1	2	4
nobgs_V1_c1_rep5_env3	emmax_consensus	Chr2	6790570	6808749	3	1	Chr2:6790570;Chr2:6804651;Chr2:6808749	Chr2:6804651	""	FALSE	TRUE	FALSE	1	0	FALSE	FALSE	2	2	3	1	2	4
nobgs_V1_c1_rep5_env3	emmax_consensus	Chr2	6977259	7055026	9	1	Chr2:6977259;Chr2:6979770;Chr2:6996443;Chr2:7004811;Chr2:7012470;Chr2:7018242;Chr2:7048617;Chr2:7052246;Chr2:7055026	Chr2:7012470	""	FALSE	FALSE	TRUE	0	1	FALSE	FALSE	2	2	3	1	2	4
nobgs_V1_c1_rep5_env3	emmax_simes	Chr1	6577670	6633055	14	1	Chr1:6577670;Chr1:6578222;Chr1:6581275;Chr1:6583028;Chr1:6595094;Chr1:6595820;Chr1:6599354;Chr1:6601617;Chr1:6602802;Chr1:6616046;Chr1:6616897;Chr1:6620922;Chr1:6623350;Chr1:6633055	Chr1:6616046	""	FALSE	TRUE	TRUE	1	1	FALSE	FALSE	3	3	3	1	2	4
nobgs_V1_c1_rep5_env3	emmax_simes	Chr1	6815857	7050390	46	2	Chr1:6815857;Chr1:6819759;Chr1:6823602;Chr1:6824282;Chr1:6826178;Chr1:6833683;Chr1:6839100;Chr1:6841520;Chr1:6842193;Chr1:6853530;Chr1:6856528;Chr1:6860555;Chr1:6860976;Chr1:6872783;Chr1:6882156;Chr1:6883070;Chr1:6901247;Chr1:6909856;Chr1:6925988;Chr1:6928103;Chr1:6930361;Chr1:6944074;Chr1:6947747;Chr1:6947794;Chr1:6957964;Chr1:6970845;Chr1:6985337;Chr1:6989638;Chr1:6992757;Chr1:6993485;Chr1:6998745;Chr1:7002672;Chr1:7002847;Chr1:7004924;Chr1:7006458;Chr1:7008253;Chr1:7014759;Chr1:7015335;Chr1:7016767;Chr1:7019362;Chr1:7022341;Chr1:7030697;Chr1:7033146;Chr1:7035564;Chr1:7038825;Chr1:7050390	Chr1:6815857;Chr1:7002847	Chr1:6839100	TRUE	TRUE	TRUE	1	1	FALSE	FALSE	3	3	3	1	2	4
nobgs_V1_c1_rep5_env3	emmax_simes	Chr2	6780234	6981817	17	1	Chr2:6780234;Chr2:6784522;Chr2:6792968;Chr2:6835324;Chr2:6896183;Chr2:6919923;Chr2:6944699;Chr2:6953361;Chr2:6955854;Chr2:6956733;Chr2:6959818;Chr2:6961125;Chr2:6968125;Chr2:6972391;Chr2:6974963;Chr2:6981569;Chr2:6981817	Chr2:6981569	""	FALSE	TRUE	TRUE	1	1	FALSE	FALSE	3	3	3	1	2	4
nobgs_V1_c1_rep5_env3	emmax_simes	Chr2	6790570	6808749	3	1	Chr2:6790570;Chr2:6804651;Chr2:6808749	Chr2:6804651	""	FALSE	TRUE	FALSE	1	0	FALSE	FALSE	2	2	3	1	2	4
nobgs_V1_c1_rep5_env3	emmax_simes	Chr2	6977259	7055026	9	1	Chr2:6977259;Chr2:6979770;Chr2:6996443;Chr2:7004811;Chr2:7012470;Chr2:7018242;Chr2:7048617;Chr2:7052246;Chr2:7055026	Chr2:7012470	""	FALSE	FALSE	TRUE	0	1	FALSE	FALSE	2	2	3	1	2	4
nobgs_V1_c1_rep5_env3	lfmm_simes	Chr1	6577670	6633055	14	1	Chr1:6577670;Chr1:6578222;Chr1:6581275;Chr1:6583028;Chr1:6595094;Chr1:6595820;Chr1:6599354;Chr1:6601617;Chr1:6602802;Chr1:6616046;Chr1:6616897;Chr1:6620922;Chr1:6623350;Chr1:6633055	Chr1:6616046	""	FALSE	TRUE	TRUE	1	1	FALSE	FALSE	3	3	3	1	2	4
nobgs_V1_c1_rep5_env3	lfmm_simes	Chr1	6815857	7050390	46	2	Chr1:6815857;Chr1:6819759;Chr1:6823602;Chr1:6824282;Chr1:6826178;Chr1:6833683;Chr1:6839100;Chr1:6841520;Chr1:6842193;Chr1:6853530;Chr1:6856528;Chr1:6860555;Chr1:6860976;Chr1:6872783;Chr1:6882156;Chr1:6883070;Chr1:6901247;Chr1:6909856;Chr1:6925988;Chr1:6928103;Chr1:6930361;Chr1:6944074;Chr1:6947747;Chr1:6947794;Chr1:6957964;Chr1:6970845;Chr1:6985337;Chr1:6989638;Chr1:6992757;Chr1:6993485;Chr1:6998745;Chr1:7002672;Chr1:7002847;Chr1:7004924;Chr1:7006458;Chr1:7008253;Chr1:7014759;Chr1:7015335;Chr1:7016767;Chr1:7019362;Chr1:7022341;Chr1:7030697;Chr1:7033146;Chr1:7035564;Chr1:7038825;Chr1:7050390	Chr1:6815857;Chr1:7002847	Chr1:6839100	TRUE	TRUE	TRUE	1	1	FALSE	FALSE	3	3	3	1	2	4
nobgs_V1_c1_rep5_env3	lfmm_simes	Chr2	6780234	6981817	17	1	Chr2:6780234;Chr2:6784522;Chr2:6792968;Chr2:6835324;Chr2:6896183;Chr2:6919923;Chr2:6944699;Chr2:6953361;Chr2:6955854;Chr2:6956733;Chr2:6959818;Chr2:6961125;Chr2:6968125;Chr2:6972391;Chr2:6974963;Chr2:6981569;Chr2:6981817	Chr2:6981569	""	FALSE	TRUE	TRUE	1	1	FALSE	FALSE	3	3	3	1	2	4
nobgs_V1_c1_rep5_env3	lfmm_simes	Chr2	6790570	6808749	3	1	Chr2:6790570;Chr2:6804651;Chr2:6808749	Chr2:6804651	""	FALSE	FALSE	FALSE	0	0	FALSE	FALSE	1	1	3	1	2	4
nobgs_V1_c1_rep5_env3	lfmm_simes	Chr2	6977259	7055026	9	1	Chr2:6977259;Chr2:6979770;Chr2:6996443;Chr2:7004811;Chr2:7012470;Chr2:7018242;Chr2:7048617;Chr2:7052246;Chr2:7055026	Chr2:7012470	""	FALSE	TRUE	TRUE	1	1	FALSE	FALSE	3	3	3	1	2	4
nobgs_V1_c1_rep5_env4	emmax_consensus	Chr1	8911392	8921482	4	1	Chr1:8911392;Chr1:8913484;Chr1:8915793;Chr1:8921482	Chr1:8911392	Chr1:8937962	TRUE	TRUE	TRUE	1	1	FALSE	FALSE	3	3	3	1	2	4
nobgs_V1_c1_rep5_env4	emmax_consensus	Chr1	8930437	8937962	2	1	Chr1:8930437;Chr1:8937962	Chr1:8930437	Chr1:8937962	TRUE	TRUE	FALSE	1	0	FALSE	FALSE	2	2	2	1	2	4
nobgs_V1_c1_rep5_env4	emmax_simes	Chr1	8911392	8921482	4	1	Chr1:8911392;Chr1:8913484;Chr1:8915793;Chr1:8921482	Chr1:8911392	Chr1:8937962	TRUE	TRUE	TRUE	1	1	FALSE	FALSE	3	3	3	1	2	4
nobgs_V1_c1_rep5_env4	emmax_simes	Chr1	8930437	8937962	2	1	Chr1:8930437;Chr1:8937962	Chr1:8930437	Chr1:8937962	TRUE	TRUE	FALSE	1	0	FALSE	FALSE	2	2	2	1	2	4
nobgs_V1_c1_rep5_env4	lfmm_simes	Chr1	8911392	8921482	4	1	Chr1:8911392;Chr1:8913484;Chr1:8915793;Chr1:8921482	Chr1:8911392	Chr1:8937962	TRUE	TRUE	TRUE	1	1	FALSE	FALSE	3	3	3	1	2	4
nobgs_V1_c1_rep5_env4	lfmm_simes	Chr1	8930437	8937962	2	1	Chr1:8930437;Chr1:8937962	Chr1:8930437	Chr1:8937962	TRUE	TRUE	FALSE	1	0	FALSE	FALSE	2	2	2	1	2	4
nobgs_V1_c1_rep5_env5	emmax_consensus	Chr1	2505874	2522509	2	1	Chr1:2505874;Chr1:2522509	Chr1:2505874	""	FALSE	TRUE	FALSE	1	0	FALSE	FALSE	2	2	2	1	2	4
nobgs_V1_c1_rep5_env5	emmax_consensus	Chr1	4334437	4451935	36	2	Chr1:4334437;Chr1:4355811;Chr1:4364310;Chr1:4366619;Chr1:4367970;Chr1:4369855;Chr1:4369859;Chr1:4378062;Chr1:4378635;Chr1:4392326;Chr1:4392424;Chr1:4394974;Chr1:4397498;Chr1:4398583;Chr1:4403777;Chr1:4403999;Chr1:4404911;Chr1:4407180;Chr1:4407217;Chr1:4410147;Chr1:4410957;Chr1:4414819;Chr1:4419766;Chr1:4419976;Chr1:4421356;Chr1:4421369;Chr1:4422262;Chr1:4429103;Chr1:4430407;Chr1:4431713;Chr1:4432894;Chr1:4438926;Chr1:4449980;Chr1:4451052;Chr1:4451255;Chr1:4451935	Chr1:4364310;Chr1:4431713	Chr1:4410147	TRUE	TRUE	TRUE	1	1	FALSE	FALSE	3	3	3	1	2	4
nobgs_V1_c1_rep5_env5	emmax_simes	Chr1	2505874	2522509	2	1	Chr1:2505874;Chr1:2522509	Chr1:2505874	""	FALSE	FALSE	FALSE	0	0	FALSE	FALSE	1	1	1	1	2	4
nobgs_V1_c1_rep5_env5	emmax_simes	Chr1	4334437	4451935	36	2	Chr1:4334437;Chr1:4355811;Chr1:4364310;Chr1:4366619;Chr1:4367970;Chr1:4369855;Chr1:4369859;Chr1:4378062;Chr1:4378635;Chr1:4392326;Chr1:4392424;Chr1:4394974;Chr1:4397498;Chr1:4398583;Chr1:4403777;Chr1:4403999;Chr1:4404911;Chr1:4407180;Chr1:4407217;Chr1:4410147;Chr1:4410957;Chr1:4414819;Chr1:4419766;Chr1:4419976;Chr1:4421356;Chr1:4421369;Chr1:4422262;Chr1:4429103;Chr1:4430407;Chr1:4431713;Chr1:4432894;Chr1:4438926;Chr1:4449980;Chr1:4451052;Chr1:4451255;Chr1:4451935	Chr1:4364310;Chr1:4431713	Chr1:4410147	TRUE	TRUE	TRUE	1	1	FALSE	FALSE	3	3	3	1	2	4
nobgs_V1_c1_rep5_env5	lfmm_simes	Chr1	2450495	2522509	4	2	Chr1:2450495;Chr1:2451195;Chr1:2505874;Chr1:2522509	Chr1:2450495;Chr1:2505874	""	FALSE	TRUE	FALSE	1	0	FALSE	FALSE	2	2	2	1	2	4
nobgs_V1_c1_rep5_env5	lfmm_simes	Chr1	4334437	4451935	36	2	Chr1:4334437;Chr1:4355811;Chr1:4364310;Chr1:4366619;Chr1:4367970;Chr1:4369855;Chr1:4369859;Chr1:4378062;Chr1:4378635;Chr1:4392326;Chr1:4392424;Chr1:4394974;Chr1:4397498;Chr1:4398583;Chr1:4403777;Chr1:4403999;Chr1:4404911;Chr1:4407180;Chr1:4407217;Chr1:4410147;Chr1:4410957;Chr1:4414819;Chr1:4419766;Chr1:4419976;Chr1:4421356;Chr1:4421369;Chr1:4422262;Chr1:4429103;Chr1:4430407;Chr1:4431713;Chr1:4432894;Chr1:4438926;Chr1:4449980;Chr1:4451052;Chr1:4451255;Chr1:4451935	Chr1:4364310;Chr1:4431713	Chr1:4410147	TRUE	TRUE	TRUE	1	1	FALSE	FALSE	3	3	3	1	2	4
nobgs_V1_c1_rep5_env6	emmax_consensus	Chr1	6438110	6501278	13	2	Chr1:6438110;Chr1:6458370;Chr1:6460084;Chr1:6464994;Chr1:6466234;Chr1:6471003;Chr1:6474474;Chr1:6475053;Chr1:6476964;Chr1:6481907;Chr1:6485703;Chr1:6498578;Chr1:6501278	Chr1:6464994;Chr1:6474474	""	FALSE	FALSE	TRUE	0	1	FALSE	FALSE	2	2	2	1	2	4
nobgs_V1_c1_rep5_env6	emmax_consensus	Chr1	6595094	7384661	161	6	Chr1:6595094;Chr1:6616046;Chr1:6616897;Chr1:6633055;Chr1:6643362;Chr1:6649748;Chr1:6654839;Chr1:6654925;Chr1:6655687;Chr1:6595820;Chr1:6599354;Chr1:6601617;Chr1:6602802;Chr1:6620922;Chr1:6623350;Chr1:6658725;Chr1:6662033;Chr1:6663784;Chr1:6668150;Chr1:6668264;Chr1:6669141;Chr1:6670440;Chr1:6670930;Chr1:6673772;Chr1:6674827;Chr1:6675118;Chr1:6686363;Chr1:6688869;Chr1:6691610;Chr1:6703933;Chr1:6716258;Chr1:6727123;Chr1:6728968;Chr1:6730915;Chr1:6736377;Chr1:6745464;Chr1:6752922;Chr1:6693426;Chr1:6696089;Chr1:6698718;Chr1:6735454;Chr1:6739267;Chr1:6754038;Chr1:6768478;Chr1:6779462;Chr1:6810275;Chr1:6810740;Chr1:6816231;Chr1:6819759;Chr1:6823602;Chr1:6824282;Chr1:6826178;Chr1:6833329;Chr1:6833683;Chr1:6841520;Chr1:6842193;Chr1:6854696;Chr1:6856528;Chr1:6860555;Chr1:6927345;Chr1:6949105;Chr1:6967381;Chr1:6973331;Chr1:6974654;Chr1:6975260;Chr1:6981645;Chr1:6981884;Chr1:6988626;Chr1:6993500;Chr1:6995846;Chr1:6999844;Chr1:7003664;Chr1:7012984;Chr1:7020179;Chr1:7022341;Chr1:7024906;Chr1:7027362;Chr1:7030697;Chr1:7035564;Chr1:7047814;Chr1:7056200;Chr1:7064862;Chr1:7081154;Chr1:7085703;Chr1:7085849;Chr1:7089493;Chr1:7104517;Chr1:7106708;Chr1:7110975;Chr1:7119559;Chr1:7129973;Chr1:7130365;Chr1:7139174;Chr1:7141728;Chr1:7159829;Chr1:7167346;Chr1:7168021;Chr1:7170930;Chr1:7175003;Chr1:7178553;Chr1:7185290;Chr1:7192707;Chr1:7196495;Chr1:7196686;Chr1:7200058;Chr1:7201237;Chr1:7201517;Chr1:7208313;Chr1:7209410;Chr1:7212773;Chr1:7221490;Chr1:7221873;Chr1:7222128;Chr1:7222994;Chr1:7228889;Chr1:7232583;Chr1:7252631;Chr1:7259497;Chr1:7261823;Chr1:7263141;Chr1:7271097;Chr1:7271569;Chr1:7279792;Chr1:7289574;Chr1:7308594;Chr1:7308797;Chr1:7311368;Chr1:7318542;Chr1:7319493;Chr1:7321175;Chr1:7325080;Chr1:7328764;Chr1:7332797;Chr1:7335710;Chr1:7340475;Chr1:7341725;Chr1:7342623;Chr1:7344364;Chr1:7345693;Chr1:7345807;Chr1:7345941;Chr1:7346321;Chr1:7348302;Chr1:7353418;Chr1:7354919;Chr1:7355442;Chr1:7356058;Chr1:7358016;Chr1:7359891;Chr1:7362933;Chr1:7365292;Chr1:7376138;Chr1:7384661;Chr1:6776025;Chr1:6792162;Chr1:6796078;Chr1:6839227;Chr1:6840133;Chr1:6842112;Chr1:6843021;Chr1:6851103	Chr1:6649748;Chr1:6595820;Chr1:6691610;Chr1:6693426;Chr1:6854696;Chr1:6839227	Chr1:6754038;Chr1:7346321	TRUE	TRUE	TRUE	1	1	FALSE	FALSE	3	3	3	1	2	4
nobgs_V1_c1_rep5_env6	emmax_consensus	Chr1	7059347	7307473	48	1	Chr1:7059347;Chr1:7079453;Chr1:7080266;Chr1:7081731;Chr1:7086962;Chr1:7089096;Chr1:7107519;Chr1:7112364;Chr1:7121931;Chr1:7128697;Chr1:7134512;Chr1:7134725;Chr1:7140298;Chr1:7147493;Chr1:7148075;Chr1:7149227;Chr1:7152515;Chr1:7170883;Chr1:7174286;Chr1:7181811;Chr1:7184895;Chr1:7185129;Chr1:7187016;Chr1:7189910;Chr1:7193743;Chr1:7205424;Chr1:7207906;Chr1:7210839;Chr1:7210971;Chr1:7211599;Chr1:7212093;Chr1:7233337;Chr1:7233356;Chr1:7233396;Chr1:7244912;Chr1:7251404;Chr1:7258817;Chr1:7281217;Chr1:7283306;Chr1:7283343;Chr1:7283588;Chr1:7293418;Chr1:7300673;Chr1:7302862;Chr1:7303903;Chr1:7306300;Chr1:7307062;Chr1:7307473	Chr1:7134512	Chr1:7346321	TRUE	TRUE	TRUE	1	1	FALSE	FALSE	3	3	3	1	2	4
nobgs_V1_c1_rep5_env6	emmax_consensus	Chr1	7386426	7441030	24	4	Chr1:7386426;Chr1:7389748;Chr1:7391311;Chr1:7391701;Chr1:7392549;Chr1:7395541;Chr1:7397986;Chr1:7403282;Chr1:7403899;Chr1:7405374;Chr1:7407788;Chr1:7409472;Chr1:7413190;Chr1:7413717;Chr1:7410551;Chr1:7417905;Chr1:7420321;Chr1:7422769;Chr1:7424453;Chr1:7426535;Chr1:7429237;Chr1:7431240;Chr1:7434586;Chr1:7441030	Chr1:7389748;Chr1:7403282;Chr1:7407788;Chr1:7426535	Chr1:7346321	TRUE	TRUE	TRUE	1	1	FALSE	FALSE	3	3	3	1	2	4
nobgs_V1_c1_rep5_env6	emmax_consensus	Chr2	5862907	5877822	3	1	Chr2:5862907;Chr2:5872126;Chr2:5877822	Chr2:5877822	""	FALSE	TRUE	FALSE	1	0	FALSE	FALSE	2	2	2	1	2	4
nobgs_V1_c1_rep5_env6	emmax_simes	Chr1	6474474	7384661	184	9	Chr1:6474474;Chr1:6475053;Chr1:6476964;Chr1:6481907;Chr1:6485703;Chr1:6498578;Chr1:6501278;Chr1:6505533;Chr1:6507173;Chr1:6507623;Chr1:6511228;Chr1:6560166;Chr1:6560470;Chr1:6561007;Chr1:6567499;Chr1:6568610;Chr1:6570127;Chr1:6576641;Chr1:6577670;Chr1:6578222;Chr1:6580364;Chr1:6581275;Chr1:6583028;Chr1:6595094;Chr1:6616046;Chr1:6616897;Chr1:6633055;Chr1:6643362;Chr1:6649748;Chr1:6654839;Chr1:6654925;Chr1:6655687;Chr1:6595820;Chr1:6599354;Chr1:6601617;Chr1:6602802;Chr1:6620922;Chr1:6623350;Chr1:6658725;Chr1:6662033;Chr1:6663784;Chr1:6668150;Chr1:6668264;Chr1:6669141;Chr1:6670440;Chr1:6670930;Chr1:6673772;Chr1:6674827;Chr1:6675118;Chr1:6686363;Chr1:6688869;Chr1:6691610;Chr1:6703933;Chr1:6716258;Chr1:6727123;Chr1:6728968;Chr1:6730915;Chr1:6736377;Chr1:6745464;Chr1:6752922;Chr1:6693426;Chr1:6696089;Chr1:6698718;Chr1:6735454;Chr1:6739267;Chr1:6754038;Chr1:6768478;Chr1:6779462;Chr1:6810275;Chr1:6810740;Chr1:6816231;Chr1:6819759;Chr1:6823602;Chr1:6824282;Chr1:6826178;Chr1:6833329;Chr1:6833683;Chr1:6841520;Chr1:6842193;Chr1:6854696;Chr1:6856528;Chr1:6860555;Chr1:6927345;Chr1:6949105;Chr1:6967381;Chr1:6973331;Chr1:6974654;Chr1:6975260;Chr1:6981645;Chr1:6981884;Chr1:6988626;Chr1:6993500;Chr1:6995846;Chr1:6999844;Chr1:7003664;Chr1:7012984;Chr1:7020179;Chr1:7022341;Chr1:7024906;Chr1:7027362;Chr1:7030697;Chr1:7035564;Chr1:7047814;Chr1:7056200;Chr1:7064862;Chr1:7081154;Chr1:7085703;Chr1:7085849;Chr1:7089493;Chr1:7104517;Chr1:7106708;Chr1:7110975;Chr1:7119559;Chr1:7129973;Chr1:7130365;Chr1:7139174;Chr1:7141728;Chr1:7159829;Chr1:7167346;Chr1:7168021;Chr1:7170930;Chr1:7175003;Chr1:7178553;Chr1:7185290;Chr1:7192707;Chr1:7196495;Chr1:7196686;Chr1:7200058;Chr1:7201237;Chr1:7201517;Chr1:7208313;Chr1:7209410;Chr1:7212773;Chr1:7221490;Chr1:7221873;Chr1:7222128;Chr1:7222994;Chr1:7228889;Chr1:7232583;Chr1:7252631;Chr1:7259497;Chr1:7261823;Chr1:7263141;Chr1:7271097;Chr1:7271569;Chr1:7279792;Chr1:7289574;Chr1:7308594;Chr1:7308797;Chr1:7311368;Chr1:7318542;Chr1:7319493;Chr1:7321175;Chr1:7325080;Chr1:7328764;Chr1:7332797;Chr1:7335710;Chr1:7340475;Chr1:7341725;Chr1:7342623;Chr1:7344364;Chr1:7345693;Chr1:7345807;Chr1:7345941;Chr1:7346321;Chr1:7348302;Chr1:7353418;Chr1:7354919;Chr1:7355442;Chr1:7356058;Chr1:7358016;Chr1:7359891;Chr1:7362933;Chr1:7365292;Chr1:7376138;Chr1:7384661;Chr1:6776025;Chr1:6792162;Chr1:6796078;Chr1:6839227;Chr1:6840133;Chr1:6842112;Chr1:6843021;Chr1:6851103	Chr1:6474474;Chr1:6505533;Chr1:6567499;Chr1:6649748;Chr1:6595820;Chr1:6691610;Chr1:6693426;Chr1:6854696;Chr1:6839227	Chr1:6754038;Chr1:7346321	TRUE	TRUE	TRUE	2	1	FALSE	FALSE	3	3	3	1	2	4
nobgs_V1_c1_rep5_env6	emmax_simes	Chr1	7059347	7307473	48	1	Chr1:7059347;Chr1:7079453;Chr1:7080266;Chr1:7081731;Chr1:7086962;Chr1:7089096;Chr1:7107519;Chr1:7112364;Chr1:7121931;Chr1:7128697;Chr1:7134512;Chr1:7134725;Chr1:7140298;Chr1:7147493;Chr1:7148075;Chr1:7149227;Chr1:7152515;Chr1:7170883;Chr1:7174286;Chr1:7181811;Chr1:7184895;Chr1:7185129;Chr1:7187016;Chr1:7189910;Chr1:7193743;Chr1:7205424;Chr1:7207906;Chr1:7210839;Chr1:7210971;Chr1:7211599;Chr1:7212093;Chr1:7233337;Chr1:7233356;Chr1:7233396;Chr1:7244912;Chr1:7251404;Chr1:7258817;Chr1:7281217;Chr1:7283306;Chr1:7283343;Chr1:7283588;Chr1:7293418;Chr1:7300673;Chr1:7302862;Chr1:7303903;Chr1:7306300;Chr1:7307062;Chr1:7307473	Chr1:7134512	Chr1:7346321	TRUE	TRUE	TRUE	1	1	FALSE	FALSE	3	3	3	1	2	4
nobgs_V1_c1_rep5_env6	emmax_simes	Chr1	7386426	7466462	26	5	Chr1:7386426;Chr1:7389748;Chr1:7391311;Chr1:7391701;Chr1:7392549;Chr1:7395541;Chr1:7397986;Chr1:7403282;Chr1:7403899;Chr1:7405374;Chr1:7407788;Chr1:7409472;Chr1:7413190;Chr1:7413717;Chr1:7410551;Chr1:7417905;Chr1:7420321;Chr1:7422769;Chr1:7424453;Chr1:7426535;Chr1:7429237;Chr1:7431240;Chr1:7434586;Chr1:7441030;Chr1:7454571;Chr1:7466462	Chr1:7389748;Chr1:7403282;Chr1:7407788;Chr1:7426535;Chr1:7454571	Chr1:7346321	TRUE	TRUE	TRUE	1	1	FALSE	FALSE	3	3	3	1	2	4
nobgs_V1_c1_rep5_env6	emmax_simes	Chr2	5862907	5877822	3	1	Chr2:5862907;Chr2:5872126;Chr2:5877822	Chr2:5877822	""	FALSE	TRUE	FALSE	1	0	FALSE	FALSE	2	2	2	1	2	4
nobgs_V1_c1_rep5_env6	lfmm_simes	Chr1	6595094	7441030	214	8	Chr1:6595094;Chr1:6616046;Chr1:6616897;Chr1:6633055;Chr1:6643362;Chr1:6649748;Chr1:6654839;Chr1:6654925;Chr1:6655687;Chr1:6658725;Chr1:6662033;Chr1:6663784;Chr1:6668150;Chr1:6668264;Chr1:6669141;Chr1:6670440;Chr1:6670930;Chr1:6673772;Chr1:6674827;Chr1:6675118;Chr1:6686363;Chr1:6688869;Chr1:6691610;Chr1:6703933;Chr1:6716258;Chr1:6727123;Chr1:6728968;Chr1:6730915;Chr1:6736377;Chr1:6745464;Chr1:6752922;Chr1:6693426;Chr1:6696089;Chr1:6698718;Chr1:6735454;Chr1:6739267;Chr1:6754038;Chr1:6768478;Chr1:6779462;Chr1:6810275;Chr1:6810740;Chr1:6816231;Chr1:6819759;Chr1:6823602;Chr1:6824282;Chr1:6826178;Chr1:6833329;Chr1:6833683;Chr1:6841520;Chr1:6842193;Chr1:6854696;Chr1:6856528;Chr1:6860555;Chr1:6927345;Chr1:6949105;Chr1:6967381;Chr1:6973331;Chr1:6974654;Chr1:6975260;Chr1:6981645;Chr1:6981884;Chr1:6988626;Chr1:6993500;Chr1:6995846;Chr1:6999844;Chr1:7003664;Chr1:7012984;Chr1:7020179;Chr1:7022341;Chr1:7024906;Chr1:7027362;Chr1:7030697;Chr1:7035564;Chr1:7047814;Chr1:7056200;Chr1:7064862;Chr1:7081154;Chr1:7085703;Chr1:7085849;Chr1:7089493;Chr1:7104517;Chr1:7106708;Chr1:7110975;Chr1:7119559;Chr1:7129973;Chr1:7130365;Chr1:7139174;Chr1:7141728;Chr1:7159829;Chr1:7167346;Chr1:7168021;Chr1:7170930;Chr1:7175003;Chr1:7178553;Chr1:7185290;Chr1:7192707;Chr1:7196495;Chr1:7196686;Chr1:7200058;Chr1:7201237;Chr1:7201517;Chr1:7208313;Chr1:7209410;Chr1:7212773;Chr1:7221490;Chr1:7221873;Chr1:7222128;Chr1:7222994;Chr1:7228889;Chr1:7232583;Chr1:7252631;Chr1:7259497;Chr1:7261823;Chr1:7263141;Chr1:7271097;Chr1:7271569;Chr1:7279792;Chr1:7289574;Chr1:7308594;Chr1:7308797;Chr1:7311368;Chr1:7318542;Chr1:7319493;Chr1:7321175;Chr1:7325080;Chr1:7328764;Chr1:7332797;Chr1:7335710;Chr1:7340475;Chr1:7341725;Chr1:7342623;Chr1:7344364;Chr1:7345693;Chr1:7345807;Chr1:7345941;Chr1:7346321;Chr1:7348302;Chr1:7353418;Chr1:7354919;Chr1:7355442;Chr1:7356058;Chr1:7358016;Chr1:7359891;Chr1:7362933;Chr1:7365292;Chr1:7376138;Chr1:7384661;Chr1:7059347;Chr1:7079453;Chr1:7080266;Chr1:7081731;Chr1:7086962;Chr1:7089096;Chr1:7107519;Chr1:7112364;Chr1:7121931;Chr1:7128697;Chr1:7134512;Chr1:7134725;Chr1:7140298;Chr1:7147493;Chr1:7148075;Chr1:7149227;Chr1:7152515;Chr1:7170883;Chr1:7174286;Chr1:7181811;Chr1:7184895;Chr1:7185129;Chr1:7187016;Chr1:7189910;Chr1:7193743;Chr1:7205424;Chr1:7207906;Chr1:7210839;Chr1:7210971;Chr1:7211599;Chr1:7212093;Chr1:7233337;Chr1:7233356;Chr1:7233396;Chr1:7244912;Chr1:7251404;Chr1:7258817;Chr1:7281217;Chr1:7283306;Chr1:7283343;Chr1:7283588;Chr1:7293418;Chr1:7300673;Chr1:7302862;Chr1:7303903;Chr1:7306300;Chr1:7307062;Chr1:7307473;Chr1:7386426;Chr1:7389748;Chr1:7391311;Chr1:7391701;Chr1:7392549;Chr1:7395541;Chr1:7397986;Chr1:7403282;Chr1:7403899;Chr1:7410551;Chr1:7417905;Chr1:7420321;Chr1:7422769;Chr1:7424453;Chr1:7426535;Chr1:7429237;Chr1:7431240;Chr1:7434586;Chr1:7441030	Chr1:6649748;Chr1:6691610;Chr1:6693426;Chr1:6854696;Chr1:7134512;Chr1:7389748;Chr1:7403282;Chr1:7426535	Chr1:6754038;Chr1:7346321	TRUE	TRUE	TRUE	1	4	FALSE	FALSE	3	3	3	1	2	4
nobgs_V1_c1_rep5_env6	lfmm_simes	Chr2	1555143	1561341	2	1	Chr2:1555143;Chr2:1561341	Chr2:1555143	""	FALSE	FALSE	FALSE	0	0	FALSE	FALSE	1	1	2	1	2	4
nobgs_V1_c1_rep5_env7	emmax_consensus	Chr1	2094049	2184640	18	3	Chr1:2094049;Chr1:2099751;Chr1:2099816;Chr1:2100268;Chr1:2110190;Chr1:2123485;Chr1:2124046;Chr1:2125087;Chr1:2126959;Chr1:2134978;Chr1:2142524;Chr1:2161573;Chr1:2172028;Chr1:2172153;Chr1:2175394;Chr1:2180210;Chr1:2183485;Chr1:2184640	Chr1:2099751;Chr1:2123485;Chr1:2172153	Chr1:2180210	TRUE	TRUE	TRUE	1	2	FALSE	FALSE	3	3	3	1	2	4
nobgs_V1_c1_rep5_env7	emmax_consensus	Chr2	821208	828487	3	1	Chr2:821208;Chr2:824616;Chr2:828487	Chr2:824616	""	FALSE	FALSE	FALSE	0	0	FALSE	FALSE	1	1	1	1	2	4
nobgs_V1_c1_rep5_env7	emmax_simes	Chr1	2094049	2142524	11	2	Chr1:2094049;Chr1:2099751;Chr1:2099816;Chr1:2100268;Chr1:2110190;Chr1:2123485;Chr1:2124046;Chr1:2125087;Chr1:2126959;Chr1:2134978;Chr1:2142524	Chr1:2099751;Chr1:2123485	Chr1:2180210	TRUE	TRUE	TRUE	1	1	FALSE	FALSE	3	3	3	1	2	4
nobgs_V1_c1_rep5_env7	emmax_simes	Chr1	2161573	2197954	13	2	Chr1:2161573;Chr1:2172028;Chr1:2172153;Chr1:2175394;Chr1:2180210;Chr1:2183485;Chr1:2184640;Chr1:2185669;Chr1:2188489;Chr1:2188638;Chr1:2188689;Chr1:2190722;Chr1:2197954	Chr1:2172153;Chr1:2188489	Chr1:2180210	TRUE	TRUE	TRUE	1	1	FALSE	FALSE	3	3	3	1	2	4
nobgs_V1_c1_rep5_env7	lfmm_simes	Chr1	2089833	2142524	15	3	Chr1:2089833;Chr1:2093194;Chr1:2093784;Chr1:2094947;Chr1:2094049;Chr1:2099751;Chr1:2099816;Chr1:2100268;Chr1:2110190;Chr1:2123485;Chr1:2124046;Chr1:2125087;Chr1:2126959;Chr1:2134978;Chr1:2142524	Chr1:2089833;Chr1:2099751;Chr1:2123485	Chr1:2180210	TRUE	TRUE	TRUE	1	1	FALSE	FALSE	3	3	3	1	2	4
nobgs_V1_c1_rep5_env7	lfmm_simes	Chr1	2161573	2197954	13	2	Chr1:2161573;Chr1:2172028;Chr1:2172153;Chr1:2175394;Chr1:2180210;Chr1:2183485;Chr1:2184640;Chr1:2185669;Chr1:2188489;Chr1:2188638;Chr1:2188689;Chr1:2190722;Chr1:2197954	Chr1:2172153;Chr1:2188489	Chr1:2180210	TRUE	TRUE	TRUE	1	1	FALSE	FALSE	3	3	3	1	2	4
nobgs_V1_c1_rep5_env7	lfmm_simes	Chr2	821208	828487	3	1	Chr2:821208;Chr2:824616;Chr2:828487	Chr2:824616	""	FALSE	TRUE	FALSE	1	0	FALSE	FALSE	2	2	2	1	2	4
nobgs_V1_c1_rep5_env8	emmax_consensus	Chr1	5958194	6020616	5	1	Chr1:5958194;Chr1:5961234;Chr1:5970898;Chr1:5974812;Chr1:6020616	Chr1:5958194	""	FALSE	TRUE	TRUE	1	1	FALSE	FALSE	3	3	3	1	2	4
nobgs_V1_c1_rep5_env8	emmax_consensus	Chr1	8409763	8410942	2	1	Chr1:8409763;Chr1:8410942	Chr1:8409763	""	FALSE	FALSE	FALSE	0	0	FALSE	FALSE	1	1	1	1	2	4
nobgs_V1_c1_rep5_env8	emmax_simes	Chr1	5958194	6020616	5	1	Chr1:5958194;Chr1:5961234;Chr1:5970898;Chr1:5974812;Chr1:6020616	Chr1:5958194	""	FALSE	FALSE	TRUE	0	1	FALSE	FALSE	2	2	2	1	2	4
nobgs_V1_c1_rep5_env8	lfmm_simes	Chr1	5958194	6020616	5	1	Chr1:5958194;Chr1:5961234;Chr1:5970898;Chr1:5974812;Chr1:6020616	Chr1:5958194	""	FALSE	FALSE	TRUE	0	1	FALSE	FALSE	2	2	2	1	2	4
nobgs_V1_c1_rep5_env9	lfmm_simes	Chr1	1277869	1300396	6	1	Chr1:1277869;Chr1:1278019;Chr1:1285387;Chr1:1288897;Chr1:1290166;Chr1:1300396	Chr1:1285387	Chr1:1277869	TRUE	TRUE	TRUE	1	1	FALSE	FALSE	3	3	3	1	2	4
nobgs_V1_c1_rep6_env1	emmax_consensus	Chr1	14559881	14566209	3	1	Chr1:14559881;Chr1:14562804;Chr1:14566209	Chr1:14562804	""	FALSE	TRUE	FALSE	1	0	FALSE	FALSE	2	2	2	1	2	4
nobgs_V1_c1_rep6_env1	emmax_consensus	Chr1	14644110	14654735	3	1	Chr1:14644110;Chr1:14653602;Chr1:14654735	Chr1:14653602	Chr1:14653602	TRUE	FALSE	FALSE	0	0	FALSE	FALSE	1	1	1	1	2	4
nobgs_V1_c1_rep6_env1	emmax_simes	Chr1	14559881	14566209	3	1	Chr1:14559881;Chr1:14562804;Chr1:14566209	Chr1:14562804	""	FALSE	TRUE	FALSE	1	0	FALSE	FALSE	2	2	2	1	2	4
nobgs_V1_c1_rep6_env1	lfmm_simes	Chr1	14644110	14654735	3	1	Chr1:14644110;Chr1:14653602;Chr1:14654735	Chr1:14653602	Chr1:14653602	TRUE	FALSE	FALSE	0	0	FALSE	FALSE	1	1	1	1	2	4
nobgs_V1_c1_rep6_env10	emmax_consensus	Chr1	10352475	10494275	21	2	Chr1:10352475;Chr1:10362946;Chr1:10369200;Chr1:10371202;Chr1:10388229;Chr1:10388796;Chr1:10389262;Chr1:10405461;Chr1:10408164;Chr1:10408296;Chr1:10418619;Chr1:10420755;Chr1:10423110;Chr1:10433598;Chr1:10436230;Chr1:10436507;Chr1:10444244;Chr1:10444918;Chr1:10458499;Chr1:10486112;Chr1:10494275	Chr1:10408296;Chr1:10486112	Chr1:10369200	TRUE	TRUE	TRUE	1	1	FALSE	FALSE	3	3	3	1	2	4
nobgs_V1_c1_rep6_env10	emmax_simes	Chr1	9793961	9803788	4	1	Chr1:9793961;Chr1:9797725;Chr1:9799817;Chr1:9803788	Chr1:9793961	""	FALSE	FALSE	TRUE	0	1	FALSE	FALSE	2	2	2	1	2	4
nobgs_V1_c1_rep6_env10	emmax_simes	Chr1	10352475	10494275	21	2	Chr1:10352475;Chr1:10362946;Chr1:10369200;Chr1:10371202;Chr1:10388229;Chr1:10388796;Chr1:10389262;Chr1:10405461;Chr1:10408164;Chr1:10408296;Chr1:10418619;Chr1:10420755;Chr1:10423110;Chr1:10433598;Chr1:10436230;Chr1:10436507;Chr1:10444244;Chr1:10444918;Chr1:10458499;Chr1:10486112;Chr1:10494275	Chr1:10408296;Chr1:10486112	Chr1:10369200	TRUE	TRUE	TRUE	1	1	FALSE	FALSE	3	3	3	1	2	4
nobgs_V1_c1_rep6_env10	emmax_simes	Chr2	15923763	15927896	2	1	Chr2:15923763;Chr2:15927896	Chr2:15923763	""	FALSE	FALSE	FALSE	0	0	FALSE	FALSE	1	1	1	1	2	4
nobgs_V1_c1_rep6_env10	lfmm_simes	Chr1	1074454	1149697	2	1	Chr1:1074454;Chr1:1149697	Chr1:1074454	""	FALSE	TRUE	FALSE	1	0	FALSE	FALSE	2	2	2	1	2	4
nobgs_V1_c1_rep6_env10	lfmm_simes	Chr1	3157246	3159801	2	1	Chr1:3157246;Chr1:3159801	Chr1:3157246	""	FALSE	TRUE	FALSE	1	0	FALSE	FALSE	2	2	2	1	2	4
nobgs_V1_c1_rep6_env10	lfmm_simes	Chr1	6663517	6696001	4	1	Chr1:6663517;Chr1:6666129;Chr1:6676826;Chr1:6696001	Chr1:6666129	""	FALSE	FALSE	TRUE	0	1	FALSE	FALSE	2	2	2	1	2	4
nobgs_V1_c1_rep6_env10	lfmm_simes	Chr1	10221276	10279330	7	2	Chr1:10221276;Chr1:10236411;Chr1:10254163;Chr1:10274150;Chr1:10276138;Chr1:10279163;Chr1:10279330	Chr1:10236411;Chr1:10279163	Chr1:10369200	TRUE	TRUE	TRUE	1	1	FALSE	FALSE	3	3	3	1	2	4
nobgs_V1_c1_rep6_env10	lfmm_simes	Chr1	10297681	10339769	7	1	Chr1:10297681;Chr1:10301946;Chr1:10309891;Chr1:10322003;Chr1:10327735;Chr1:10338518;Chr1:10339769	Chr1:10327735	Chr1:10369200	TRUE	TRUE	TRUE	1	1	FALSE	FALSE	3	3	3	1	2	4
nobgs_V1_c1_rep6_env10	lfmm_simes	Chr1	10352475	10600396	29	5	Chr1:10352475;Chr1:10362946;Chr1:10369200;Chr1:10371202;Chr1:10388229;Chr1:10388796;Chr1:10389262;Chr1:10405461;Chr1:10408164;Chr1:10408296;Chr1:10418619;Chr1:10420755;Chr1:10423110;Chr1:10433598;Chr1:10436230;Chr1:10436507;Chr1:10444244;Chr1:10444918;Chr1:10355750;Chr1:10366498;Chr1:10385048;Chr1:10458499;Chr1:10486112;Chr1:10494275;Chr1:10525228;Chr1:10538444;Chr1:10551057;Chr1:10596046;Chr1:10600396	Chr1:10408296;Chr1:10366498;Chr1:10486112;Chr1:10538444;Chr1:10596046	Chr1:10369200	TRUE	TRUE	TRUE	1	1	FALSE	FALSE	3	3	3	1	2	4
nobgs_V1_c1_rep6_env10	lfmm_simes	Chr2	15923763	15927896	2	1	Chr2:15923763;Chr2:15927896	Chr2:15923763	""	FALSE	FALSE	FALSE	0	0	FALSE	FALSE	1	1	1	1	2	4
nobgs_V1_c1_rep6_env2	emmax_consensus	Chr1	15027312	15029386	2	1	Chr1:15027312;Chr1:15029386	Chr1:15027312	Chr1:15027312	TRUE	TRUE	FALSE	1	0	FALSE	FALSE	2	2	2	1	2	4
nobgs_V1_c1_rep6_env2	emmax_simes	Chr1	15027312	15029386	2	1	Chr1:15027312;Chr1:15029386	Chr1:15027312	Chr1:15027312	TRUE	TRUE	FALSE	1	0	FALSE	FALSE	2	2	2	1	2	4
nobgs_V1_c1_rep6_env2	lfmm_simes	Chr1	7881326	8001046	3	1	Chr1:7881326;Chr1:7884406;Chr1:8001046	Chr1:7881326	""	FALSE	TRUE	FALSE	1	0	FALSE	FALSE	2	2	2	1	2	4
nobgs_V1_c1_rep6_env2	lfmm_simes	Chr1	15027312	15029386	2	1	Chr1:15027312;Chr1:15029386	Chr1:15027312	Chr1:15027312	TRUE	TRUE	FALSE	1	0	FALSE	FALSE	2	2	2	1	2	4
nobgs_V1_c1_rep6_env3	emmax_consensus	Chr1	11124943	11143963	5	1	Chr1:11124943;Chr1:11131222;Chr1:11132421;Chr1:11137210;Chr1:11143963	Chr1:11132421	Chr1:11132421	TRUE	TRUE	TRUE	1	1	FALSE	FALSE	3	3	3	1	2	4
nobgs_V1_c1_rep6_env3	emmax_simes	Chr1	11124943	11143963	5	1	Chr1:11124943;Chr1:11131222;Chr1:11132421;Chr1:11137210;Chr1:11143963	Chr1:11132421	Chr1:11132421	TRUE	TRUE	TRUE	1	1	FALSE	FALSE	3	3	3	1	2	4
nobgs_V1_c1_rep6_env3	lfmm_simes	Chr1	11124943	11143963	5	1	Chr1:11124943;Chr1:11131222;Chr1:11132421;Chr1:11137210;Chr1:11143963	Chr1:11132421	Chr1:11132421	TRUE	TRUE	TRUE	1	1	FALSE	FALSE	3	3	3	1	2	4
nobgs_V1_c1_rep6_env6	emmax_consensus	Chr1	4716098	4907529	25	4	Chr1:4716098;Chr1:4747497;Chr1:4760964;Chr1:4778352;Chr1:4789989;Chr1:4794949;Chr1:4799712;Chr1:4801116;Chr1:4802775;Chr1:4806242;Chr1:4808015;Chr1:4809068;Chr1:4852261;Chr1:4864524;Chr1:4867607;Chr1:4872037;Chr1:4872544;Chr1:4876546;Chr1:4877064;Chr1:4879292;Chr1:4890885;Chr1:4901540;Chr1:4907189;Chr1:4907369;Chr1:4907529	Chr1:4799712;Chr1:4864524;Chr1:4877064;Chr1:4907369	Chr1:4879292	TRUE	TRUE	TRUE	1	1	FALSE	FALSE	3	3	3	1	2	4
nobgs_V1_c1_rep6_env6	emmax_consensus	Chr2	2156137	2159548	2	1	Chr2:2156137;Chr2:2159548	Chr2:2156137	""	FALSE	FALSE	FALSE	0	0	FALSE	FALSE	1	1	1	1	2	4
nobgs_V1_c1_rep6_env6	emmax_simes	Chr1	4716098	4907529	21	3	Chr1:4716098;Chr1:4747497;Chr1:4760964;Chr1:4778352;Chr1:4789989;Chr1:4794949;Chr1:4799712;Chr1:4801116;Chr1:4802775;Chr1:4806242;Chr1:4808015;Chr1:4809068;Chr1:4852261;Chr1:4876546;Chr1:4877064;Chr1:4879292;Chr1:4890885;Chr1:4901540;Chr1:4907189;Chr1:4907369;Chr1:4907529	Chr1:4799712;Chr1:4877064;Chr1:4907369	Chr1:4879292	TRUE	TRUE	TRUE	1	1	FALSE	FALSE	3	3	3	1	2	4
nobgs_V1_c1_rep6_env6	lfmm_simes	Chr1	4716098	4907529	28	5	Chr1:4716098;Chr1:4747497;Chr1:4760964;Chr1:4778352;Chr1:4789989;Chr1:4794949;Chr1:4799712;Chr1:4801116;Chr1:4802775;Chr1:4806242;Chr1:4808015;Chr1:4809068;Chr1:4852261;Chr1:4864524;Chr1:4867607;Chr1:4872037;Chr1:4872544;Chr1:4876546;Chr1:4877064;Chr1:4879292;Chr1:4890885;Chr1:4901540;Chr1:4879321;Chr1:4882147;Chr1:4885484;Chr1:4907189;Chr1:4907369;Chr1:4907529	Chr1:4799712;Chr1:4864524;Chr1:4877064;Chr1:4882147;Chr1:4907369	Chr1:4879292	TRUE	TRUE	TRUE	1	1	FALSE	FALSE	3	3	3	1	2	4
nobgs_V1_c1_rep6_env7	emmax_consensus	Chr1	8524744	8562161	3	1	Chr1:8524744;Chr1:8536587;Chr1:8562161	Chr1:8536587	Chr1:8562161	TRUE	FALSE	FALSE	0	0	FALSE	FALSE	1	1	1	1	2	4
nobgs_V1_c1_rep6_env8	emmax_consensus	Chr2	12083085	12086788	3	1	Chr2:12083085;Chr2:12084517;Chr2:12086788	Chr2:12084517	""	FALSE	FALSE	FALSE	0	0	FALSE	FALSE	1	1	1	1	2	4
nobgs_V1_c1_rep6_env8	lfmm_simes	Chr2	12083085	12086788	3	1	Chr2:12083085;Chr2:12084517;Chr2:12086788	Chr2:12084517	""	FALSE	FALSE	FALSE	0	0	FALSE	FALSE	1	1	1	1	2	4
nobgs_V1_c1_rep6_env8	lfmm_simes	Chr2	14978304	14979945	2	1	Chr2:14978304;Chr2:14979945	Chr2:14978304	""	FALSE	FALSE	FALSE	0	0	FALSE	FALSE	1	1	1	1	2	4
nobgs_V1_c1_rep6_env9	lfmm_simes	Chr1	12879301	12894291	6	1	Chr1:12879301;Chr1:12881852;Chr1:12887691;Chr1:12889402;Chr1:12893359;Chr1:12894291	Chr1:12881852	Chr1:12879301	TRUE	TRUE	TRUE	1	1	FALSE	FALSE	3	3	3	1	2	4
nobgs_V1_c1_rep7_env1	emmax_consensus	Chr1	6611047	6661189	10	2	Chr1:6611047;Chr1:6613006;Chr1:6618327;Chr1:6652127;Chr1:6661189;Chr1:6614828;Chr1:6614866;Chr1:6620077;Chr1:6622726;Chr1:6634149	Chr1:6613006;Chr1:6622726	Chr1:6611047	TRUE	TRUE	TRUE	1	1	FALSE	FALSE	3	3	3	1	2	4
nobgs_V1_c1_rep7_env1	emmax_consensus	Chr1	21771221	21843643	11	1	Chr1:21771221;Chr1:21779216;Chr1:21785710;Chr1:21800119;Chr1:21802327;Chr1:21809287;Chr1:21810941;Chr1:21811762;Chr1:21814448;Chr1:21816053;Chr1:21843643	Chr1:21809287	""	FALSE	FALSE	TRUE	0	1	FALSE	FALSE	2	2	2	1	2	4
nobgs_V1_c1_rep7_env1	emmax_simes	Chr1	6611047	6661189	10	2	Chr1:6611047;Chr1:6613006;Chr1:6618327;Chr1:6652127;Chr1:6661189;Chr1:6614828;Chr1:6614866;Chr1:6620077;Chr1:6622726;Chr1:6634149	Chr1:6613006;Chr1:6622726	Chr1:6611047	TRUE	FALSE	TRUE	0	1	FALSE	FALSE	2	2	2	1	2	4
nobgs_V1_c1_rep7_env1	lfmm_simes	Chr1	6611047	6661189	10	2	Chr1:6611047;Chr1:6613006;Chr1:6618327;Chr1:6652127;Chr1:6661189;Chr1:6614828;Chr1:6614866;Chr1:6620077;Chr1:6622726;Chr1:6634149	Chr1:6613006;Chr1:6622726	Chr1:6611047	TRUE	TRUE	TRUE	1	1	FALSE	FALSE	3	3	3	1	2	4
nobgs_V1_c1_rep7_env1	lfmm_simes	Chr1	21771221	21843643	11	1	Chr1:21771221;Chr1:21779216;Chr1:21785710;Chr1:21800119;Chr1:21802327;Chr1:21809287;Chr1:21810941;Chr1:21811762;Chr1:21814448;Chr1:21816053;Chr1:21843643	Chr1:21809287	""	FALSE	TRUE	TRUE	1	1	FALSE	FALSE	3	3	3	1	2	4
nobgs_V1_c1_rep7_env2	emmax_consensus	Chr1	21129441	21417610	22	3	Chr1:21129441;Chr1:21141300;Chr1:21146065;Chr1:21176038;Chr1:21198798;Chr1:21226578;Chr1:21227934;Chr1:21233583;Chr1:21264809;Chr1:21269677;Chr1:21283045;Chr1:21299428;Chr1:21300059;Chr1:21337074;Chr1:21339323;Chr1:21361193;Chr1:21369959;Chr1:21373149;Chr1:21387405;Chr1:21393531;Chr1:21396668;Chr1:21417610	Chr1:21176038;Chr1:21283045;Chr1:21361193	Chr1:21387405	TRUE	TRUE	TRUE	1	1	FALSE	FALSE	3	3	3	1	2	4
nobgs_V1_c1_rep7_env2	emmax_simes	Chr1	21129441	21417610	22	3	Chr1:21129441;Chr1:21141300;Chr1:21146065;Chr1:21176038;Chr1:21198798;Chr1:21226578;Chr1:21227934;Chr1:21233583;Chr1:21264809;Chr1:21269677;Chr1:21283045;Chr1:21299428;Chr1:21300059;Chr1:21337074;Chr1:21339323;Chr1:21361193;Chr1:21369959;Chr1:21373149;Chr1:21387405;Chr1:21393531;Chr1:21396668;Chr1:21417610	Chr1:21176038;Chr1:21283045;Chr1:21361193	Chr1:21387405	TRUE	TRUE	TRUE	1	1	FALSE	FALSE	3	3	3	1	2	4
nobgs_V1_c1_rep7_env2	lfmm_simes	Chr1	21129441	21417610	22	3	Chr1:21129441;Chr1:21141300;Chr1:21146065;Chr1:21176038;Chr1:21198798;Chr1:21226578;Chr1:21227934;Chr1:21233583;Chr1:21264809;Chr1:21269677;Chr1:21283045;Chr1:21299428;Chr1:21300059;Chr1:21337074;Chr1:21339323;Chr1:21361193;Chr1:21369959;Chr1:21373149;Chr1:21387405;Chr1:21393531;Chr1:21396668;Chr1:21417610	Chr1:21176038;Chr1:21283045;Chr1:21361193	Chr1:21387405	TRUE	TRUE	TRUE	1	1	FALSE	FALSE	3	3	3	1	2	4
nobgs_V1_c1_rep7_env3	emmax_consensus	Chr1	15187196	15965759	110	4	Chr1:15187196;Chr1:15187242;Chr1:15187357;Chr1:15189154;Chr1:15198356;Chr1:15212901;Chr1:15221775;Chr1:15228597;Chr1:15237728;Chr1:15255892;Chr1:15256802;Chr1:15257138;Chr1:15265337;Chr1:15287683;Chr1:15293884;Chr1:15294258;Chr1:15302831;Chr1:15324741;Chr1:15328977;Chr1:15329723;Chr1:15333990;Chr1:15335213;Chr1:15353501;Chr1:15363180;Chr1:15368131;Chr1:15376820;Chr1:15379195;Chr1:15387954;Chr1:15408231;Chr1:15412450;Chr1:15412512;Chr1:15417645;Chr1:15418852;Chr1:15426915;Chr1:15439231;Chr1:15447075;Chr1:15449224;Chr1:15450769;Chr1:15454758;Chr1:15459265;Chr1:15465109;Chr1:15466363;Chr1:15482876;Chr1:15489825;Chr1:15505378;Chr1:15511425;Chr1:15472599;Chr1:15672368;Chr1:15680536;Chr1:15684131;Chr1:15687101;Chr1:15690327;Chr1:15701517;Chr1:15721900;Chr1:15736859;Chr1:15737055;Chr1:15740914;Chr1:15753472;Chr1:15756056;Chr1:15761949;Chr1:15764427;Chr1:15764820;Chr1:15766265;Chr1:15767947;Chr1:15770444;Chr1:15773513;Chr1:15796126;Chr1:15800048;Chr1:15818417;Chr1:15820670;Chr1:15835524;Chr1:15855430;Chr1:15862631;Chr1:15863247;Chr1:15897148;Chr1:15902585;Chr1:15905138;Chr1:15930027;Chr1:15934584;Chr1:15941767;Chr1:15965759;Chr1:15518360;Chr1:15525613;Chr1:15530585;Chr1:15536897;Chr1:15538571;Chr1:15550232;Chr1:15550352;Chr1:15553822;Chr1:15556657;Chr1:15563194;Chr1:15568336;Chr1:15589455;Chr1:15593434;Chr1:15606212;Chr1:15606429;Chr1:15615206;Chr1:15617563;Chr1:15619291;Chr1:15620308;Chr1:15622674;Chr1:15625036;Chr1:15639672;Chr1:15642771;Chr1:15643651;Chr1:15644243;Chr1:15649070;Chr1:15667136;Chr1:15668398;Chr1:15832736	Chr1:15255892;Chr1:15426915;Chr1:15737055;Chr1:15550232	Chr1:15684131	TRUE	TRUE	TRUE	1	1	FALSE	FALSE	3	3	3	1	2	4
nobgs_V1_c1_rep7_env3	emmax_consensus	Chr1	16033128	16104365	16	1	Chr1:16033128;Chr1:16035303;Chr1:16035462;Chr1:16045512;Chr1:16053721;Chr1:16058222;Chr1:16064280;Chr1:16065563;Chr1:16072636;Chr1:16081016;Chr1:16088876;Chr1:16090653;Chr1:16095310;Chr1:16098697;Chr1:16099182;Chr1:16104365	Chr1:16058222	""	FALSE	TRUE	TRUE	1	1	FALSE	FALSE	3	3	3	1	2	4
nobgs_V1_c1_rep7_env3	emmax_consensus	Chr1	20762541	21731123	54	7	Chr1:20762541;Chr1:20769620;Chr1:20774286;Chr1:20775197;Chr1:20782923;Chr1:20787667;Chr1:20826630;Chr1:20904467;Chr1:20914934;Chr1:20930587;Chr1:20931734;Chr1:20938007;Chr1:20943022;Chr1:20943487;Chr1:21006339;Chr1:21014100;Chr1:21044247;Chr1:21123904;Chr1:20953305;Chr1:20956071;Chr1:20971272;Chr1:20974807;Chr1:21111390;Chr1:21114426;Chr1:21134908;Chr1:21159471;Chr1:21183068;Chr1:21183384;Chr1:21189483;Chr1:21219071;Chr1:21348985;Chr1:21356376;Chr1:21366451;Chr1:21387405;Chr1:21403551;Chr1:21413289;Chr1:21421598;Chr1:21481437;Chr1:21482854;Chr1:21483747;Chr1:21489183;Chr1:21505435;Chr1:21512475;Chr1:21539191;Chr1:21557770;Chr1:21574706;Chr1:21594508;Chr1:21618581;Chr1:21625346;Chr1:21636171;Chr1:21642094;Chr1:21672240;Chr1:21722203;Chr1:21731123	Chr1:20775197;Chr1:20943022;Chr1:20956071;Chr1:21183384;Chr1:21413289;Chr1:21483747;Chr1:21672240	Chr1:21387405	TRUE	TRUE	TRUE	1	1	FALSE	FALSE	3	3	3	1	2	4
nobgs_V1_c1_rep7_env3	emmax_simes	Chr1	15187196	15965759	110	4	Chr1:15187196;Chr1:15187242;Chr1:15187357;Chr1:15189154;Chr1:15198356;Chr1:15212901;Chr1:15221775;Chr1:15228597;Chr1:15237728;Chr1:15255892;Chr1:15256802;Chr1:15257138;Chr1:15265337;Chr1:15287683;Chr1:15293884;Chr1:15294258;Chr1:15302831;Chr1:15324741;Chr1:15328977;Chr1:15329723;Chr1:15333990;Chr1:15335213;Chr1:15353501;Chr1:15363180;Chr1:15368131;Chr1:15376820;Chr1:15379195;Chr1:15387954;Chr1:15408231;Chr1:15412450;Chr1:15412512;Chr1:15417645;Chr1:15418852;Chr1:15426915;Chr1:15439231;Chr1:15447075;Chr1:15449224;Chr1:15450769;Chr1:15454758;Chr1:15459265;Chr1:15465109;Chr1:15466363;Chr1:15482876;Chr1:15489825;Chr1:15505378;Chr1:15511425;Chr1:15472599;Chr1:15672368;Chr1:15680536;Chr1:15684131;Chr1:15687101;Chr1:15690327;Chr1:15701517;Chr1:15721900;Chr1:15736859;Chr1:15737055;Chr1:15740914;Chr1:15753472;Chr1:15756056;Chr1:15761949;Chr1:15764427;Chr1:15764820;Chr1:15766265;Chr1:15767947;Chr1:15770444;Chr1:15773513;Chr1:15796126;Chr1:15800048;Chr1:15818417;Chr1:15820670;Chr1:15835524;Chr1:15855430;Chr1:15862631;Chr1:15863247;Chr1:15897148;Chr1:15902585;Chr1:15905138;Chr1:15930027;Chr1:15934584;Chr1:15941767;Chr1:15965759;Chr1:15518360;Chr1:15525613;Chr1:15530585;Chr1:15536897;Chr1:15538571;Chr1:15550232;Chr1:15550352;Chr1:15553822;Chr1:15556657;Chr1:15563194;Chr1:15568336;Chr1:15589455;Chr1:15593434;Chr1:15606212;Chr1:15606429;Chr1:15615206;Chr1:15617563;Chr1:15619291;Chr1:15620308;Chr1:15622674;Chr1:15625036;Chr1:15639672;Chr1:15642771;Chr1:15643651;Chr1:15644243;Chr1:15649070;Chr1:15667136;Chr1:15668398;Chr1:15832736	Chr1:15255892;Chr1:15426915;Chr1:15737055;Chr1:15550232	Chr1:15684131	TRUE	TRUE	TRUE	1	1	FALSE	FALSE	3	3	3	1	2	4
nobgs_V1_c1_rep7_env3	emmax_simes	Chr1	16033128	16104365	16	1	Chr1:16033128;Chr1:16035303;Chr1:16035462;Chr1:16045512;Chr1:16053721;Chr1:16058222;Chr1:16064280;Chr1:16065563;Chr1:16072636;Chr1:16081016;Chr1:16088876;Chr1:16090653;Chr1:16095310;Chr1:16098697;Chr1:16099182;Chr1:16104365	Chr1:16058222	""	FALSE	TRUE	TRUE	1	1	FALSE	FALSE	3	3	3	1	2	4
nobgs_V1_c1_rep7_env3	emmax_simes	Chr1	20904467	21731123	53	7	Chr1:20904467;Chr1:20914934;Chr1:20930587;Chr1:20931734;Chr1:20938007;Chr1:20943022;Chr1:20943487;Chr1:21006339;Chr1:21014100;Chr1:21044247;Chr1:21123904;Chr1:20953305;Chr1:20956071;Chr1:20971272;Chr1:20974807;Chr1:21111390;Chr1:21114426;Chr1:21134908;Chr1:21159471;Chr1:21183068;Chr1:21183384;Chr1:21189483;Chr1:21219071;Chr1:21348985;Chr1:21356376;Chr1:21366451;Chr1:21387405;Chr1:21403551;Chr1:21413289;Chr1:21421598;Chr1:21481437;Chr1:21482854;Chr1:21483747;Chr1:21489183;Chr1:21505435;Chr1:21512475;Chr1:21539191;Chr1:21557770;Chr1:21574706;Chr1:21594508;Chr1:21618581;Chr1:21625346;Chr1:21636171;Chr1:21642094;Chr1:21672240;Chr1:21722203;Chr1:21731123;Chr1:21579958;Chr1:21582637;Chr1:21588155;Chr1:21653205;Chr1:21661393;Chr1:21662284	Chr1:20943022;Chr1:20956071;Chr1:21183384;Chr1:21413289;Chr1:21483747;Chr1:21672240;Chr1:21579958	Chr1:21387405	TRUE	TRUE	TRUE	1	1	FALSE	FALSE	3	3	3	1	2	4
nobgs_V1_c1_rep7_env3	lfmm_simes	Chr1	15324741	15965759	93	3	Chr1:15324741;Chr1:15328977;Chr1:15329723;Chr1:15333990;Chr1:15335213;Chr1:15353501;Chr1:15363180;Chr1:15368131;Chr1:15376820;Chr1:15379195;Chr1:15387954;Chr1:15408231;Chr1:15412450;Chr1:15412512;Chr1:15417645;Chr1:15418852;Chr1:15426915;Chr1:15439231;Chr1:15447075;Chr1:15449224;Chr1:15450769;Chr1:15454758;Chr1:15459265;Chr1:15465109;Chr1:15466363;Chr1:15482876;Chr1:15489825;Chr1:15505378;Chr1:15511425;Chr1:15472599;Chr1:15672368;Chr1:15680536;Chr1:15684131;Chr1:15687101;Chr1:15690327;Chr1:15701517;Chr1:15721900;Chr1:15736859;Chr1:15737055;Chr1:15740914;Chr1:15753472;Chr1:15756056;Chr1:15761949;Chr1:15764427;Chr1:15764820;Chr1:15766265;Chr1:15767947;Chr1:15770444;Chr1:15773513;Chr1:15796126;Chr1:15800048;Chr1:15818417;Chr1:15820670;Chr1:15835524;Chr1:15855430;Chr1:15862631;Chr1:15863247;Chr1:15897148;Chr1:15902585;Chr1:15905138;Chr1:15930027;Chr1:15934584;Chr1:15941767;Chr1:15965759;Chr1:15518360;Chr1:15525613;Chr1:15530585;Chr1:15536897;Chr1:15538571;Chr1:15550232;Chr1:15550352;Chr1:15553822;Chr1:15556657;Chr1:15563194;Chr1:15568336;Chr1:15589455;Chr1:15593434;Chr1:15606212;Chr1:15606429;Chr1:15615206;Chr1:15617563;Chr1:15619291;Chr1:15620308;Chr1:15622674;Chr1:15625036;Chr1:15639672;Chr1:15642771;Chr1:15643651;Chr1:15644243;Chr1:15649070;Chr1:15667136;Chr1:15668398;Chr1:15832736	Chr1:15426915;Chr1:15737055;Chr1:15550232	Chr1:15684131	TRUE	TRUE	TRUE	1	1	FALSE	FALSE	3	3	3	1	2	4
nobgs_V1_c1_rep7_env3	lfmm_simes	Chr1	16033128	16104365	16	1	Chr1:16033128;Chr1:16035303;Chr1:16035462;Chr1:16045512;Chr1:16053721;Chr1:16058222;Chr1:16064280;Chr1:16065563;Chr1:16072636;Chr1:16081016;Chr1:16088876;Chr1:16090653;Chr1:16095310;Chr1:16098697;Chr1:16099182;Chr1:16104365	Chr1:16058222	""	FALSE	TRUE	TRUE	1	1	FALSE	FALSE	3	3	3	1	2	4
nobgs_V1_c1_rep7_env3	lfmm_simes	Chr1	20762541	21539191	41	5	Chr1:20762541;Chr1:20769620;Chr1:20774286;Chr1:20775197;Chr1:20782923;Chr1:20787667;Chr1:20826630;Chr1:20904467;Chr1:20914934;Chr1:20930587;Chr1:20931734;Chr1:20938007;Chr1:20943022;Chr1:20943487;Chr1:21006339;Chr1:21014100;Chr1:21044247;Chr1:21123904;Chr1:20953305;Chr1:20956071;Chr1:20971272;Chr1:20974807;Chr1:21111390;Chr1:21114426;Chr1:21134908;Chr1:21159471;Chr1:21183068;Chr1:21183384;Chr1:21189483;Chr1:21219071;Chr1:21348985;Chr1:21356376;Chr1:21366451;Chr1:21387405;Chr1:21481437;Chr1:21482854;Chr1:21483747;Chr1:21489183;Chr1:21505435;Chr1:21512475;Chr1:21539191	Chr1:20775197;Chr1:20943022;Chr1:20956071;Chr1:21183384;Chr1:21483747	Chr1:21387405	TRUE	TRUE	TRUE	1	1	FALSE	FALSE	3	3	3	1	2	4
nobgs_V1_c1_rep7_env3	lfmm_simes	Chr2	9852187	9872071	2	1	Chr2:9852187;Chr2:9872071	Chr2:9852187	""	FALSE	FALSE	FALSE	0	0	FALSE	FALSE	1	1	1	1	2	4
nobgs_V1_c1_rep7_env4	emmax_consensus	Chr1	22580630	22698315	25	3	Chr1:22580630;Chr1:22599563;Chr1:22602277;Chr1:22628867;Chr1:22632717;Chr1:22633461;Chr1:22635884;Chr1:22639025;Chr1:22640043;Chr1:22648524;Chr1:22659913;Chr1:22660017;Chr1:22665371;Chr1:22666266;Chr1:22667969;Chr1:22671241;Chr1:22677762;Chr1:22658713;Chr1:22659929;Chr1:22665858;Chr1:22666584;Chr1:22681637;Chr1:22682853;Chr1:22696523;Chr1:22698315	Chr1:22648524;Chr1:22658713;Chr1:22681637	Chr1:22640043	TRUE	TRUE	TRUE	1	1	FALSE	FALSE	3	3	3	1	2	4
nobgs_V1_c1_rep7_env4	emmax_simes	Chr1	22580630	22677762	21	2	Chr1:22580630;Chr1:22599563;Chr1:22602277;Chr1:22628867;Chr1:22632717;Chr1:22633461;Chr1:22635884;Chr1:22639025;Chr1:22640043;Chr1:22648524;Chr1:22659913;Chr1:22660017;Chr1:22665371;Chr1:22666266;Chr1:22667969;Chr1:22671241;Chr1:22677762;Chr1:22658713;Chr1:22659929;Chr1:22665858;Chr1:22666584	Chr1:22648524;Chr1:22658713	Chr1:22640043	TRUE	TRUE	TRUE	1	1	FALSE	FALSE	3	3	3	1	2	4
nobgs_V1_c1_rep7_env4	lfmm_simes	Chr1	22521918	22698315	35	6	Chr1:22521918;Chr1:22522698;Chr1:22532820;Chr1:22558092;Chr1:22559667;Chr1:22560522;Chr1:22571697;Chr1:22580630;Chr1:22599563;Chr1:22602277;Chr1:22628867;Chr1:22632717;Chr1:22633461;Chr1:22635884;Chr1:22639025;Chr1:22640043;Chr1:22648524;Chr1:22659913;Chr1:22660017;Chr1:22665371;Chr1:22666266;Chr1:22667969;Chr1:22671241;Chr1:22677762;Chr1:22621013;Chr1:22624522;Chr1:22629839;Chr1:22658713;Chr1:22659929;Chr1:22665858;Chr1:22666584;Chr1:22681637;Chr1:22682853;Chr1:22696523;Chr1:22698315	Chr1:22521918;Chr1:22560522;Chr1:22648524;Chr1:22624522;Chr1:22658713;Chr1:22681637	Chr1:22640043	TRUE	TRUE	TRUE	2	1	FALSE	FALSE	3	3	3	1	2	4
nobgs_V1_c1_rep7_env6	emmax_consensus	Chr1	5095925	5098682	3	1	Chr1:5095925;Chr1:5096503;Chr1:5098682	Chr1:5095925	""	FALSE	TRUE	FALSE	1	0	FALSE	FALSE	2	2	2	1	2	4
nobgs_V1_c1_rep7_env6	emmax_consensus	Chr1	9294298	9724527	44	2	Chr1:9294298;Chr1:9326332;Chr1:9329028;Chr1:9343075;Chr1:9364340;Chr1:9367355;Chr1:9369640;Chr1:9376211;Chr1:9376928;Chr1:9393205;Chr1:9395993;Chr1:9400090;Chr1:9405789;Chr1:9424047;Chr1:9425214;Chr1:9441741;Chr1:9452468;Chr1:9474943;Chr1:9475456;Chr1:9475651;Chr1:9506064;Chr1:9511048;Chr1:9513925;Chr1:9514632;Chr1:9551462;Chr1:9554295;Chr1:9566153;Chr1:9589131;Chr1:9595626;Chr1:9595643;Chr1:9601801;Chr1:9605447;Chr1:9628742;Chr1:9646633;Chr1:9652878;Chr1:9674232;Chr1:9675699;Chr1:9682197;Chr1:9683675;Chr1:9700421;Chr1:9703280;Chr1:9703750;Chr1:9706025;Chr1:9724527	Chr1:9393205;Chr1:9646633	Chr1:9566153	TRUE	TRUE	TRUE	1	1	FALSE	FALSE	3	3	3	1	2	4
nobgs_V1_c1_rep7_env6	emmax_consensus	Chr1	15041827	15897148	123	5	Chr1:15041827;Chr1:15046903;Chr1:15083424;Chr1:15141954;Chr1:15142534;Chr1:15147350;Chr1:15147609;Chr1:15153564;Chr1:15165784;Chr1:15169179;Chr1:15169713;Chr1:15170654;Chr1:15171232;Chr1:15174536;Chr1:15187759;Chr1:15198356;Chr1:15210437;Chr1:15213318;Chr1:15215740;Chr1:15217393;Chr1:15223351;Chr1:15225364;Chr1:15228042;Chr1:15258022;Chr1:15275959;Chr1:15276352;Chr1:15295651;Chr1:15297511;Chr1:15305100;Chr1:15308489;Chr1:15316466;Chr1:15333169;Chr1:15335601;Chr1:15346147;Chr1:15346511;Chr1:15366188;Chr1:15378131;Chr1:15377938;Chr1:15384338;Chr1:15384821;Chr1:15386557;Chr1:15390783;Chr1:15404521;Chr1:15407951;Chr1:15428142;Chr1:15474394;Chr1:15474737;Chr1:15391597;Chr1:15398138;Chr1:15402407;Chr1:15404830;Chr1:15415635;Chr1:15419424;Chr1:15425595;Chr1:15435577;Chr1:15444078;Chr1:15444772;Chr1:15445886;Chr1:15449314;Chr1:15450376;Chr1:15459169;Chr1:15462283;Chr1:15466535;Chr1:15496223;Chr1:15516015;Chr1:15518373;Chr1:15524143;Chr1:15524270;Chr1:15525255;Chr1:15531517;Chr1:15538608;Chr1:15541713;Chr1:15542842;Chr1:15543298;Chr1:15544334;Chr1:15547903;Chr1:15549141;Chr1:15556007;Chr1:15565232;Chr1:15574844;Chr1:15575592;Chr1:15578672;Chr1:15582976;Chr1:15584073;Chr1:15595685;Chr1:15598959;Chr1:15601456;Chr1:15610560;Chr1:15612876;Chr1:15639662;Chr1:15650998;Chr1:15655726;Chr1:15677353;Chr1:15688089;Chr1:15690014;Chr1:15696520;Chr1:15697292;Chr1:15701857;Chr1:15706041;Chr1:15712844;Chr1:15723894;Chr1:15724175;Chr1:15732026;Chr1:15747704;Chr1:15751287;Chr1:15758915;Chr1:15785580;Chr1:15787210;Chr1:15788266;Chr1:15798444;Chr1:15807876;Chr1:15818404;Chr1:15827429;Chr1:15828616;Chr1:15834981;Chr1:15855430;Chr1:15863247;Chr1:15870443;Chr1:15897148;Chr1:15572855;Chr1:15612318;Chr1:15613066;Chr1:15616469	Chr1:15275959;Chr1:15384338;Chr1:15398138;Chr1:15578672;Chr1:15612318	Chr1:15543298	TRUE	TRUE	TRUE	1	1	FALSE	FALSE	3	3	3	1	2	4
nobgs_V1_c1_rep7_env6	emmax_simes	Chr1	5095925	5098682	3	1	Chr1:5095925;Chr1:5096503;Chr1:5098682	Chr1:5095925	""	FALSE	TRUE	FALSE	1	0	FALSE	FALSE	2	2	2	1	2	4
nobgs_V1_c1_rep7_env6	emmax_simes	Chr1	9294298	9724527	44	2	Chr1:9294298;Chr1:9326332;Chr1:9329028;Chr1:9343075;Chr1:9364340;Chr1:9367355;Chr1:9369640;Chr1:9376211;Chr1:9376928;Chr1:9393205;Chr1:9395993;Chr1:9400090;Chr1:9405789;Chr1:9424047;Chr1:9425214;Chr1:9441741;Chr1:9452468;Chr1:9474943;Chr1:9475456;Chr1:9475651;Chr1:9506064;Chr1:9511048;Chr1:9513925;Chr1:9514632;Chr1:9551462;Chr1:9554295;Chr1:9566153;Chr1:9589131;Chr1:9595626;Chr1:9595643;Chr1:9601801;Chr1:9605447;Chr1:9628742;Chr1:9646633;Chr1:9652878;Chr1:9674232;Chr1:9675699;Chr1:9682197;Chr1:9683675;Chr1:9700421;Chr1:9703280;Chr1:9703750;Chr1:9706025;Chr1:9724527	Chr1:9393205;Chr1:9646633	Chr1:9566153	TRUE	TRUE	TRUE	1	1	FALSE	FALSE	3	3	3	1	2	4
nobgs_V1_c1_rep7_env6	emmax_simes	Chr1	15041827	15897148	123	5	Chr1:15041827;Chr1:15046903;Chr1:15083424;Chr1:15141954;Chr1:15142534;Chr1:15147350;Chr1:15147609;Chr1:15153564;Chr1:15165784;Chr1:15169179;Chr1:15169713;Chr1:15170654;Chr1:15171232;Chr1:15174536;Chr1:15187759;Chr1:15198356;Chr1:15210437;Chr1:15213318;Chr1:15215740;Chr1:15217393;Chr1:15223351;Chr1:15225364;Chr1:15228042;Chr1:15258022;Chr1:15275959;Chr1:15276352;Chr1:15295651;Chr1:15297511;Chr1:15305100;Chr1:15308489;Chr1:15316466;Chr1:15333169;Chr1:15335601;Chr1:15346147;Chr1:15346511;Chr1:15366188;Chr1:15378131;Chr1:15377938;Chr1:15384338;Chr1:15384821;Chr1:15386557;Chr1:15390783;Chr1:15404521;Chr1:15407951;Chr1:15428142;Chr1:15474394;Chr1:15474737;Chr1:15391597;Chr1:15398138;Chr1:15402407;Chr1:15404830;Chr1:15415635;Chr1:15419424;Chr1:15425595;Chr1:15435577;Chr1:15444078;Chr1:15444772;Chr1:15445886;Chr1:15449314;Chr1:15450376;Chr1:15459169;Chr1:15462283;Chr1:15466535;Chr1:15496223;Chr1:15516015;Chr1:15518373;Chr1:15524143;Chr1:15524270;Chr1:15525255;Chr1:15531517;Chr1:15538608;Chr1:15541713;Chr1:15542842;Chr1:15543298;Chr1:15544334;Chr1:15547903;Chr1:15549141;Chr1:15556007;Chr1:15565232;Chr1:15574844;Chr1:15575592;Chr1:15578672;Chr1:15582976;Chr1:15584073;Chr1:15595685;Chr1:15598959;Chr1:15601456;Chr1:15610560;Chr1:15612876;Chr1:15639662;Chr1:15650998;Chr1:15655726;Chr1:15677353;Chr1:15688089;Chr1:15690014;Chr1:15696520;Chr1:15697292;Chr1:15701857;Chr1:15706041;Chr1:15712844;Chr1:15723894;Chr1:15724175;Chr1:15732026;Chr1:15747704;Chr1:15751287;Chr1:15758915;Chr1:15785580;Chr1:15787210;Chr1:15788266;Chr1:15798444;Chr1:15807876;Chr1:15818404;Chr1:15827429;Chr1:15828616;Chr1:15834981;Chr1:15855430;Chr1:15863247;Chr1:15870443;Chr1:15897148;Chr1:15572855;Chr1:15612318;Chr1:15613066;Chr1:15616469	Chr1:15275959;Chr1:15384338;Chr1:15398138;Chr1:15578672;Chr1:15612318	Chr1:15543298	TRUE	TRUE	TRUE	1	1	FALSE	FALSE	3	3	3	1	2	4
nobgs_V1_c1_rep7_env6	emmax_simes	Chr1	15902585	15934584	4	1	Chr1:15902585;Chr1:15905138;Chr1:15930027;Chr1:15934584	Chr1:15902585	""	FALSE	FALSE	TRUE	0	1	FALSE	FALSE	2	2	2	1	2	4
nobgs_V1_c1_rep7_env6	lfmm_simes	Chr1	9294298	9742289	63	3	Chr1:9294298;Chr1:9326332;Chr1:9329028;Chr1:9343075;Chr1:9364340;Chr1:9367355;Chr1:9369640;Chr1:9376211;Chr1:9376928;Chr1:9393205;Chr1:9395993;Chr1:9400090;Chr1:9405789;Chr1:9424047;Chr1:9425214;Chr1:9441741;Chr1:9452468;Chr1:9474943;Chr1:9475456;Chr1:9475651;Chr1:9506064;Chr1:9511048;Chr1:9513925;Chr1:9514632;Chr1:9551462;Chr1:9554295;Chr1:9566153;Chr1:9548038;Chr1:9550934;Chr1:9568243;Chr1:9583038;Chr1:9598684;Chr1:9606776;Chr1:9608641;Chr1:9610287;Chr1:9615891;Chr1:9670957;Chr1:9679156;Chr1:9682420;Chr1:9698634;Chr1:9707337;Chr1:9728928;Chr1:9738773;Chr1:9740435;Chr1:9740914;Chr1:9742289;Chr1:9589131;Chr1:9595626;Chr1:9595643;Chr1:9601801;Chr1:9605447;Chr1:9628742;Chr1:9646633;Chr1:9652878;Chr1:9674232;Chr1:9675699;Chr1:9682197;Chr1:9683675;Chr1:9700421;Chr1:9703280;Chr1:9703750;Chr1:9706025;Chr1:9724527	Chr1:9393205;Chr1:9598684;Chr1:9646633	Chr1:9566153	TRUE	TRUE	TRUE	1	1	FALSE	FALSE	3	3	3	1	2	4
nobgs_V1_c1_rep7_env6	lfmm_simes	Chr1	15041827	15897148	113	4	Chr1:15041827;Chr1:15046903;Chr1:15083424;Chr1:15141954;Chr1:15142534;Chr1:15147350;Chr1:15147609;Chr1:15153564;Chr1:15165784;Chr1:15169179;Chr1:15169713;Chr1:15170654;Chr1:15171232;Chr1:15174536;Chr1:15187759;Chr1:15198356;Chr1:15210437;Chr1:15213318;Chr1:15215740;Chr1:15217393;Chr1:15223351;Chr1:15225364;Chr1:15228042;Chr1:15258022;Chr1:15275959;Chr1:15276352;Chr1:15295651;Chr1:15297511;Chr1:15305100;Chr1:15308489;Chr1:15316466;Chr1:15333169;Chr1:15335601;Chr1:15346147;Chr1:15346511;Chr1:15366188;Chr1:15378131;Chr1:15391597;Chr1:15398138;Chr1:15402407;Chr1:15404830;Chr1:15415635;Chr1:15419424;Chr1:15425595;Chr1:15435577;Chr1:15444078;Chr1:15444772;Chr1:15445886;Chr1:15449314;Chr1:15450376;Chr1:15459169;Chr1:15462283;Chr1:15466535;Chr1:15496223;Chr1:15516015;Chr1:15518373;Chr1:15524143;Chr1:15524270;Chr1:15525255;Chr1:15531517;Chr1:15538608;Chr1:15541713;Chr1:15542842;Chr1:15543298;Chr1:15544334;Chr1:15547903;Chr1:15549141;Chr1:15556007;Chr1:15565232;Chr1:15574844;Chr1:15575592;Chr1:15578672;Chr1:15582976;Chr1:15584073;Chr1:15595685;Chr1:15598959;Chr1:15601456;Chr1:15610560;Chr1:15612876;Chr1:15639662;Chr1:15650998;Chr1:15655726;Chr1:15677353;Chr1:15688089;Chr1:15690014;Chr1:15696520;Chr1:15697292;Chr1:15701857;Chr1:15706041;Chr1:15712844;Chr1:15723894;Chr1:15724175;Chr1:15732026;Chr1:15747704;Chr1:15751287;Chr1:15758915;Chr1:15785580;Chr1:15787210;Chr1:15788266;Chr1:15798444;Chr1:15807876;Chr1:15818404;Chr1:15827429;Chr1:15828616;Chr1:15834981;Chr1:15855430;Chr1:15863247;Chr1:15870443;Chr1:15897148;Chr1:15572855;Chr1:15612318;Chr1:15613066;Chr1:15616469	Chr1:15275959;Chr1:15398138;Chr1:15578672;Chr1:15612318	Chr1:15543298	TRUE	TRUE	TRUE	1	1	FALSE	FALSE	3	3	3	1	2	4
nobgs_V1_c1_rep7_env6	lfmm_simes	Chr1	15902585	15934584	4	1	Chr1:15902585;Chr1:15905138;Chr1:15930027;Chr1:15934584	Chr1:15902585	""	FALSE	TRUE	TRUE	1	1	FALSE	FALSE	3	3	3	1	2	4
nobgs_V1_c1_rep7_env7	emmax_consensus	Chr1	27028759	27031346	2	1	Chr1:27028759;Chr1:27031346	Chr1:27028759	Chr1:27028759	TRUE	TRUE	FALSE	1	0	FALSE	FALSE	2	2	2	1	2	4
nobgs_V1_c1_rep7_env7	emmax_simes	Chr1	27028759	27031346	2	1	Chr1:27028759;Chr1:27031346	Chr1:27028759	Chr1:27028759	TRUE	TRUE	FALSE	1	0	FALSE	FALSE	2	2	2	1	2	4
nobgs_V1_c1_rep7_env7	lfmm_simes	Chr1	27028759	27031346	2	1	Chr1:27028759;Chr1:27031346	Chr1:27028759	Chr1:27028759	TRUE	TRUE	FALSE	1	0	FALSE	FALSE	2	2	2	1	2	4
nobgs_V1_c1_rep8_env1	emmax_consensus	Chr1	11075806	12616990	170	6	Chr1:11075806;Chr1:11100612;Chr1:11107006;Chr1:11115292;Chr1:11115945;Chr1:11121030;Chr1:11122129;Chr1:11126082;Chr1:11129244;Chr1:11130571;Chr1:11155956;Chr1:11159074;Chr1:11163714;Chr1:11163919;Chr1:11165627;Chr1:11167164;Chr1:11169863;Chr1:11190372;Chr1:11194815;Chr1:11207763;Chr1:11215957;Chr1:11218953;Chr1:11223306;Chr1:11240909;Chr1:11397111;Chr1:11427493;Chr1:11431229;Chr1:11459450;Chr1:11465489;Chr1:11466680;Chr1:11470460;Chr1:11470793;Chr1:11470805;Chr1:11471422;Chr1:11476083;Chr1:11483852;Chr1:11517561;Chr1:11521995;Chr1:11528808;Chr1:11530074;Chr1:11532190;Chr1:11533546;Chr1:11535087;Chr1:11536232;Chr1:11536445;Chr1:11549311;Chr1:11551907;Chr1:11555947;Chr1:11569085;Chr1:11578000;Chr1:11579063;Chr1:11595708;Chr1:11607506;Chr1:11610750;Chr1:11612710;Chr1:11616941;Chr1:11626245;Chr1:11628123;Chr1:11633077;Chr1:11636797;Chr1:11648208;Chr1:11649853;Chr1:11662881;Chr1:11664654;Chr1:11670036;Chr1:11681025;Chr1:11751366;Chr1:11757154;Chr1:11772971;Chr1:11774114;Chr1:11785701;Chr1:11801811;Chr1:11805876;Chr1:11812051;Chr1:11816759;Chr1:11823916;Chr1:11831030;Chr1:11838752;Chr1:11840398;Chr1:11853391;Chr1:11863307;Chr1:11865570;Chr1:11883826;Chr1:11884963;Chr1:11925096;Chr1:11926660;Chr1:11928722;Chr1:11935931;Chr1:11943407;Chr1:11945085;Chr1:11946747;Chr1:11965587;Chr1:11967643;Chr1:11977892;Chr1:11980386;Chr1:11981657;Chr1:11990275;Chr1:12001109;Chr1:12008276;Chr1:12011251;Chr1:12012865;Chr1:12015853;Chr1:12518069;Chr1:11257406;Chr1:11269811;Chr1:11275850;Chr1:12304183;Chr1:12305443;Chr1:12310625;Chr1:12321025;Chr1:12328145;Chr1:12331726;Chr1:12336824;Chr1:12348768;Chr1:12376114;Chr1:12389738;Chr1:12392641;Chr1:12420113;Chr1:12431970;Chr1:12461617;Chr1:12464251;Chr1:12473993;Chr1:12504510;Chr1:12508502;Chr1:12508844;Chr1:12553765;Chr1:12554589;Chr1:12564272;Chr1:12575675;Chr1:12578071;Chr1:12585097;Chr1:12588831;Chr1:12601890;Chr1:12616497;Chr1:12616990;Chr1:11290048;Chr1:11304294;Chr1:11314837;Chr1:11317672;Chr1:11321799;Chr1:11323426;Chr1:11334985;Chr1:11336331;Chr1:11339814;Chr1:11349949;Chr1:11358908;Chr1:11363501;Chr1:11371304;Chr1:11382663;Chr1:11387004;Chr1:11356441;Chr1:11369863;Chr1:11391226;Chr1:11579330;Chr1:11580780;Chr1:11583329;Chr1:11825471;Chr1:11830357;Chr1:11835464;Chr1:11844476;Chr1:11856630;Chr1:11860152;Chr1:11892769;Chr1:11673235;Chr1:11680163;Chr1:11688219;Chr1:11702894;Chr1:11704083;Chr1:11710775;Chr1:11711860	Chr1:11126082;Chr1:11648208;Chr1:12508844;Chr1:11358908;Chr1:11825471;Chr1:11702894	Chr1:11223306;Chr1:12518069	TRUE	TRUE	TRUE	1	1	FALSE	FALSE	3	3	3	1	2	4
nobgs_V1_c1_rep8_env1	emmax_consensus	Chr1	11212371	11290458	7	1	Chr1:11212371;Chr1:11230397;Chr1:11247272;Chr1:11251327;Chr1:11252533;Chr1:11259092;Chr1:11290458	Chr1:11247272	Chr1:11223306	TRUE	FALSE	TRUE	0	1	FALSE	FALSE	2	2	3	1	2	4
nobgs_V1_c1_rep8_env1	emmax_consensus	Chr1	11838635	12449933	36	6	Chr1:11838635;Chr1:11935698;Chr1:11936823;Chr1:12034810;Chr1:12034645;Chr1:12038012;Chr1:12044045;Chr1:12046245;Chr1:12052935;Chr1:12067240;Chr1:12070801;Chr1:12073187;Chr1:12073472;Chr1:12103797;Chr1:12105834;Chr1:12110427;Chr1:12115657;Chr1:12116099;Chr1:12117088;Chr1:12125537;Chr1:12140300;Chr1:12141461;Chr1:12144710;Chr1:12150020;Chr1:12152004;Chr1:12176035;Chr1:12182212;Chr1:12183049;Chr1:12184364;Chr1:12191587;Chr1:12193941;Chr1:12194309;Chr1:12234148;Chr1:12261495;Chr1:12290588;Chr1:12449933	Chr1:11838635;Chr1:11936823;Chr1:12073187;Chr1:12150020;Chr1:12234148;Chr1:12290588	Chr1:12518069	TRUE	TRUE	TRUE	1	1	FALSE	FALSE	3	3	3	1	2	4
nobgs_V1_c1_rep8_env1	emmax_consensus	Chr1	12426126	12506610	9	2	Chr1:12426126;Chr1:12432410;Chr1:12459560;Chr1:12451115;Chr1:12459109;Chr1:12459495;Chr1:12474138;Chr1:12496388;Chr1:12506610	Chr1:12432410;Chr1:12451115	Chr1:12518069	TRUE	TRUE	TRUE	1	1	FALSE	FALSE	3	3	3	1	2	4
nobgs_V1_c1_rep8_env1	emmax_consensus	Chr2	4904710	4911556	2	1	Chr2:4904710;Chr2:4911556	Chr2:4904710	""	FALSE	FALSE	FALSE	0	0	FALSE	FALSE	1	1	1	1	2	4
nobgs_V1_c1_rep8_env1	emmax_simes	Chr1	11075806	12616990	197	10	Chr1:11075806;Chr1:11100612;Chr1:11107006;Chr1:11115292;Chr1:11115945;Chr1:11121030;Chr1:11122129;Chr1:11126082;Chr1:11129244;Chr1:11130571;Chr1:11155956;Chr1:11159074;Chr1:11163714;Chr1:11163919;Chr1:11165627;Chr1:11167164;Chr1:11169863;Chr1:11190372;Chr1:11194815;Chr1:11207763;Chr1:11215957;Chr1:11218953;Chr1:11223306;Chr1:11240909;Chr1:11397111;Chr1:11427493;Chr1:11431229;Chr1:11459450;Chr1:11465489;Chr1:11466680;Chr1:11470460;Chr1:11470793;Chr1:11470805;Chr1:11471422;Chr1:11476083;Chr1:11483852;Chr1:11517561;Chr1:11521995;Chr1:11528808;Chr1:11530074;Chr1:11532190;Chr1:11533546;Chr1:11535087;Chr1:11536232;Chr1:11536445;Chr1:11549311;Chr1:11551907;Chr1:11555947;Chr1:11569085;Chr1:11578000;Chr1:11579063;Chr1:11595708;Chr1:11607506;Chr1:11610750;Chr1:11612710;Chr1:11616941;Chr1:11626245;Chr1:11628123;Chr1:11633077;Chr1:11636797;Chr1:11648208;Chr1:11649853;Chr1:11662881;Chr1:11664654;Chr1:11670036;Chr1:11681025;Chr1:11751366;Chr1:11757154;Chr1:11772971;Chr1:11774114;Chr1:11785701;Chr1:11801811;Chr1:11805876;Chr1:11812051;Chr1:11816759;Chr1:11823916;Chr1:11831030;Chr1:11838752;Chr1:11840398;Chr1:11853391;Chr1:11863307;Chr1:11865570;Chr1:11883826;Chr1:11884963;Chr1:11925096;Chr1:11926660;Chr1:11928722;Chr1:11935931;Chr1:11943407;Chr1:11945085;Chr1:11946747;Chr1:11965587;Chr1:11967643;Chr1:11977892;Chr1:11980386;Chr1:11981657;Chr1:11990275;Chr1:12001109;Chr1:12008276;Chr1:12011251;Chr1:12012865;Chr1:12015853;Chr1:12518069;Chr1:11257406;Chr1:11269811;Chr1:11275850;Chr1:12304183;Chr1:12305443;Chr1:12310625;Chr1:12321025;Chr1:12328145;Chr1:12331726;Chr1:12336824;Chr1:12348768;Chr1:12376114;Chr1:12389738;Chr1:12392641;Chr1:12420113;Chr1:12431970;Chr1:12461617;Chr1:12464251;Chr1:12473993;Chr1:12504510;Chr1:12508502;Chr1:12508844;Chr1:12553765;Chr1:12554589;Chr1:12564272;Chr1:12575675;Chr1:12578071;Chr1:12585097;Chr1:12588831;Chr1:12601890;Chr1:12616497;Chr1:12616990;Chr1:11290048;Chr1:11304294;Chr1:11314837;Chr1:11317672;Chr1:11321799;Chr1:11323426;Chr1:11334985;Chr1:11336331;Chr1:11339814;Chr1:11349949;Chr1:11358908;Chr1:11363501;Chr1:11371304;Chr1:11382663;Chr1:11387004;Chr1:11356441;Chr1:11369863;Chr1:11391226;Chr1:11579330;Chr1:11580780;Chr1:11583329;Chr1:11825471;Chr1:11830357;Chr1:11835464;Chr1:11844476;Chr1:11856630;Chr1:11860152;Chr1:11892769;Chr1:11936823;Chr1:12034810;Chr1:12034645;Chr1:12038012;Chr1:12044045;Chr1:12046245;Chr1:12052935;Chr1:12067240;Chr1:12070801;Chr1:12073187;Chr1:12073472;Chr1:12103797;Chr1:12105834;Chr1:12110427;Chr1:12115657;Chr1:12116099;Chr1:12117088;Chr1:12125537;Chr1:12140300;Chr1:12141461;Chr1:12144710;Chr1:12150020;Chr1:12152004;Chr1:12176035;Chr1:12182212;Chr1:12183049;Chr1:12184364;Chr1:12191587;Chr1:12193941;Chr1:12194309;Chr1:12234148;Chr1:12261495;Chr1:12290588;Chr1:12449933	Chr1:11126082;Chr1:11648208;Chr1:12508844;Chr1:11358908;Chr1:11825471;Chr1:11936823;Chr1:12073187;Chr1:12150020;Chr1:12234148;Chr1:12290588	Chr1:11223306;Chr1:12518069	TRUE	TRUE	TRUE	2	2	FALSE	FALSE	3	3	3	1	2	4
nobgs_V1_c1_rep8_env1	emmax_simes	Chr1	12309570	12325621	2	1	Chr1:12309570;Chr1:12325621	Chr1:12309570	""	FALSE	FALSE	FALSE	0	0	FALSE	FALSE	1	1	3	1	2	4
nobgs_V1_c1_rep8_env1	emmax_simes	Chr1	12426126	12459560	3	1	Chr1:12426126;Chr1:12432410;Chr1:12459560	Chr1:12432410	Chr1:12518069	TRUE	FALSE	FALSE	0	0	FALSE	FALSE	1	1	3	1	2	4
nobgs_V1_c1_rep8_env1	lfmm_simes	Chr1	11207763	12616990	116	2	Chr1:11207763;Chr1:11215957;Chr1:11218953;Chr1:11223306;Chr1:11240909;Chr1:11397111;Chr1:11427493;Chr1:11431229;Chr1:11459450;Chr1:11465489;Chr1:11466680;Chr1:11470460;Chr1:11470793;Chr1:11470805;Chr1:11471422;Chr1:11476083;Chr1:11483852;Chr1:11517561;Chr1:11521995;Chr1:11528808;Chr1:11530074;Chr1:11532190;Chr1:11533546;Chr1:11535087;Chr1:11536232;Chr1:11536445;Chr1:11549311;Chr1:11551907;Chr1:11555947;Chr1:11569085;Chr1:11578000;Chr1:11579063;Chr1:11595708;Chr1:11607506;Chr1:11610750;Chr1:11612710;Chr1:11616941;Chr1:11626245;Chr1:11628123;Chr1:11633077;Chr1:11636797;Chr1:11648208;Chr1:11649853;Chr1:11662881;Chr1:11664654;Chr1:11670036;Chr1:11681025;Chr1:11751366;Chr1:11757154;Chr1:11772971;Chr1:11774114;Chr1:11785701;Chr1:11801811;Chr1:11805876;Chr1:11812051;Chr1:11816759;Chr1:11823916;Chr1:11831030;Chr1:11838752;Chr1:11840398;Chr1:11853391;Chr1:11863307;Chr1:11865570;Chr1:11883826;Chr1:11884963;Chr1:11925096;Chr1:11926660;Chr1:11928722;Chr1:11935931;Chr1:11943407;Chr1:11945085;Chr1:11946747;Chr1:11965587;Chr1:11967643;Chr1:11977892;Chr1:11980386;Chr1:11981657;Chr1:11990275;Chr1:12001109;Chr1:12008276;Chr1:12011251;Chr1:12012865;Chr1:12015853;Chr1:12518069;Chr1:11257406;Chr1:11269811;Chr1:11275850;Chr1:12304183;Chr1:12305443;Chr1:12310625;Chr1:12321025;Chr1:12328145;Chr1:12331726;Chr1:12336824;Chr1:12348768;Chr1:12376114;Chr1:12389738;Chr1:12392641;Chr1:12420113;Chr1:12431970;Chr1:12461617;Chr1:12464251;Chr1:12473993;Chr1:12504510;Chr1:12508502;Chr1:12508844;Chr1:12553765;Chr1:12554589;Chr1:12564272;Chr1:12575675;Chr1:12578071;Chr1:12585097;Chr1:12588831;Chr1:12601890;Chr1:12616497;Chr1:12616990	Chr1:11648208;Chr1:12508844	Chr1:11223306;Chr1:12518069	TRUE	TRUE	TRUE	1	1	FALSE	FALSE	3	3	3	1	2	4
nobgs_V1_c1_rep8_env2	emmax_consensus	Chr1	13977617	13984851	2	1	Chr1:13977617;Chr1:13984851	Chr1:13977617	""	FALSE	TRUE	FALSE	1	0	FALSE	FALSE	2	2	2	1	2	4
nobgs_V1_c1_rep8_env2	emmax_simes	Chr1	13977617	13984851	2	1	Chr1:13977617;Chr1:13984851	Chr1:13977617	""	FALSE	TRUE	FALSE	1	0	FALSE	FALSE	2	2	2	1	2	4
nobgs_V1_c1_rep8_env3	emmax_consensus	Chr1	10909206	12585097	221	11	Chr1:10909206;Chr1:10958239;Chr1:10961986;Chr1:10978707;Chr1:10994435;Chr1:11040463;Chr1:11055115;Chr1:11055145;Chr1:11058564;Chr1:11059525;Chr1:11075806;Chr1:11126082;Chr1:11129244;Chr1:11155956;Chr1:11167164;Chr1:11190372;Chr1:11207763;Chr1:11215957;Chr1:11218953;Chr1:11223306;Chr1:11257406;Chr1:11269811;Chr1:11275850;Chr1:11304294;Chr1:11314837;Chr1:11317672;Chr1:11321799;Chr1:11323426;Chr1:11334985;Chr1:11336331;Chr1:11339814;Chr1:11349949;Chr1:11356441;Chr1:11358908;Chr1:11363501;Chr1:11369863;Chr1:11371304;Chr1:11382663;Chr1:11387004;Chr1:11391226;Chr1:11397111;Chr1:11427493;Chr1:11431229;Chr1:11459450;Chr1:11465489;Chr1:11466680;Chr1:11470460;Chr1:11470805;Chr1:11471422;Chr1:11476083;Chr1:11483852;Chr1:11521995;Chr1:11528808;Chr1:11530074;Chr1:11532190;Chr1:11533546;Chr1:11535087;Chr1:11536232;Chr1:11536445;Chr1:11549311;Chr1:11551907;Chr1:11555947;Chr1:11569085;Chr1:11578000;Chr1:11579063;Chr1:11579330;Chr1:11580780;Chr1:11583329;Chr1:11595708;Chr1:11610750;Chr1:11648208;Chr1:11649853;Chr1:11664654;Chr1:11670036;Chr1:11681025;Chr1:11751366;Chr1:11757154;Chr1:11772971;Chr1:11774114;Chr1:11785701;Chr1:11801811;Chr1:11812051;Chr1:11823916;Chr1:11825471;Chr1:11830357;Chr1:11831030;Chr1:11835464;Chr1:11838752;Chr1:11840398;Chr1:11844476;Chr1:11853391;Chr1:11856630;Chr1:11860152;Chr1:11863307;Chr1:11865570;Chr1:11883826;Chr1:11884963;Chr1:11928722;Chr1:11943407;Chr1:11945085;Chr1:11946747;Chr1:11967643;Chr1:12008276;Chr1:12034645;Chr1:12038012;Chr1:12044045;Chr1:12046245;Chr1:12052935;Chr1:12067240;Chr1:12073187;Chr1:12073472;Chr1:12103797;Chr1:12105834;Chr1:12110427;Chr1:12115657;Chr1:12116099;Chr1:12117088;Chr1:12125537;Chr1:12140300;Chr1:12141461;Chr1:12144710;Chr1:12150020;Chr1:12152004;Chr1:12176035;Chr1:12182212;Chr1:12183049;Chr1:12184364;Chr1:12191587;Chr1:12193941;Chr1:12194309;Chr1:12224230;Chr1:12305443;Chr1:12328145;Chr1:12331726;Chr1:12348768;Chr1:12376114;Chr1:12389738;Chr1:12392641;Chr1:12420113;Chr1:12431970;Chr1:12432410;Chr1:12449933;Chr1:12459560;Chr1:12461617;Chr1:12464251;Chr1:12473993;Chr1:12504510;Chr1:12508502;Chr1:12508844;Chr1:12518069;Chr1:12553765;Chr1:12554589;Chr1:12564272;Chr1:12575675;Chr1:12585097;Chr1:11100612;Chr1:11107006;Chr1:11115292;Chr1:11115945;Chr1:11121030;Chr1:11122129;Chr1:11130571;Chr1:11159074;Chr1:11163714;Chr1:11163919;Chr1:11165627;Chr1:11169863;Chr1:11194815;Chr1:11290048;Chr1:11673235;Chr1:11680163;Chr1:11688219;Chr1:11702894;Chr1:11704083;Chr1:11710775;Chr1:11711860;Chr1:11240909;Chr1:11558729;Chr1:11612710;Chr1:11616941;Chr1:11626245;Chr1:11628123;Chr1:11633077;Chr1:11636797;Chr1:11297113;Chr1:11300132;Chr1:11304864;Chr1:11351153;Chr1:11359987;Chr1:11372247;Chr1:11517561;Chr1:11470793;Chr1:11607506;Chr1:11733573;Chr1:11735818;Chr1:11737267;Chr1:11738367;Chr1:11738926;Chr1:11965587;Chr1:11977892;Chr1:11980386;Chr1:11981657;Chr1:11990275;Chr1:12001109;Chr1:12011251;Chr1:12012865;Chr1:12015853;Chr1:11662881;Chr1:12290588;Chr1:12304183;Chr1:12310625;Chr1:12321025;Chr1:12336824;Chr1:11794973;Chr1:11805876;Chr1:11816759;Chr1:11892769;Chr1:11925096;Chr1:11926660;Chr1:11935698;Chr1:11935931	Chr1:10961986;Chr1:11883826;Chr1:11115292;Chr1:11159074;Chr1:11626245;Chr1:11300132;Chr1:11359987;Chr1:11733573;Chr1:12310625;Chr1:11805876;Chr1:11935931	Chr1:11223306;Chr1:12518069	TRUE	TRUE	TRUE	1	1	FALSE	FALSE	3	3	3	1	2	4
nobgs_V1_c1_rep8_env3	emmax_consensus	Chr1	12081227	12085998	3	1	Chr1:12081227;Chr1:12081905;Chr1:12085998	Chr1:12081905	""	FALSE	TRUE	FALSE	1	0	FALSE	FALSE	2	2	3	1	2	4
nobgs_V1_c1_rep8_env3	emmax_consensus	Chr1	12588831	12738434	12	1	Chr1:12588831;Chr1:12601890;Chr1:12612639;Chr1:12616497;Chr1:12616990;Chr1:12659971;Chr1:12687437;Chr1:12705254;Chr1:12712776;Chr1:12716341;Chr1:12726694;Chr1:12738434	Chr1:12712776	Chr1:12518069	TRUE	TRUE	TRUE	1	1	FALSE	FALSE	3	3	3	1	2	4
nobgs_V1_c1_rep8_env3	emmax_consensus	Chr1	12600366	12630329	3	1	Chr1:12600366;Chr1:12608015;Chr1:12630329	Chr1:12608015	Chr1:12518069	TRUE	FALSE	FALSE	0	0	FALSE	FALSE	1	1	3	1	2	4
nobgs_V1_c1_rep8_env3	emmax_consensus	Chr1	12758762	12804978	4	1	Chr1:12758762;Chr1:12777697;Chr1:12796220;Chr1:12804978	Chr1:12796220	""	FALSE	TRUE	TRUE	1	1	FALSE	FALSE	3	3	3	1	2	4
nobgs_V1_c1_rep8_env3	emmax_simes	Chr1	10909206	12585097	221	11	Chr1:10909206;Chr1:10958239;Chr1:10961986;Chr1:10978707;Chr1:10994435;Chr1:11040463;Chr1:11055115;Chr1:11055145;Chr1:11058564;Chr1:11059525;Chr1:11075806;Chr1:11126082;Chr1:11129244;Chr1:11155956;Chr1:11167164;Chr1:11190372;Chr1:11207763;Chr1:11215957;Chr1:11218953;Chr1:11223306;Chr1:11257406;Chr1:11269811;Chr1:11275850;Chr1:11304294;Chr1:11314837;Chr1:11317672;Chr1:11321799;Chr1:11323426;Chr1:11334985;Chr1:11336331;Chr1:11339814;Chr1:11349949;Chr1:11356441;Chr1:11358908;Chr1:11363501;Chr1:11369863;Chr1:11371304;Chr1:11382663;Chr1:11387004;Chr1:11391226;Chr1:11397111;Chr1:11427493;Chr1:11431229;Chr1:11459450;Chr1:11465489;Chr1:11466680;Chr1:11470460;Chr1:11470805;Chr1:11471422;Chr1:11476083;Chr1:11483852;Chr1:11521995;Chr1:11528808;Chr1:11530074;Chr1:11532190;Chr1:11533546;Chr1:11535087;Chr1:11536232;Chr1:11536445;Chr1:11549311;Chr1:11551907;Chr1:11555947;Chr1:11569085;Chr1:11578000;Chr1:11579063;Chr1:11579330;Chr1:11580780;Chr1:11583329;Chr1:11595708;Chr1:11610750;Chr1:11648208;Chr1:11649853;Chr1:11664654;Chr1:11670036;Chr1:11681025;Chr1:11751366;Chr1:11757154;Chr1:11772971;Chr1:11774114;Chr1:11785701;Chr1:11801811;Chr1:11812051;Chr1:11823916;Chr1:11825471;Chr1:11830357;Chr1:11831030;Chr1:11835464;Chr1:11838752;Chr1:11840398;Chr1:11844476;Chr1:11853391;Chr1:11856630;Chr1:11860152;Chr1:11863307;Chr1:11865570;Chr1:11883826;Chr1:11884963;Chr1:11928722;Chr1:11943407;Chr1:11945085;Chr1:11946747;Chr1:11967643;Chr1:12008276;Chr1:12034645;Chr1:12038012;Chr1:12044045;Chr1:12046245;Chr1:12052935;Chr1:12067240;Chr1:12073187;Chr1:12073472;Chr1:12103797;Chr1:12105834;Chr1:12110427;Chr1:12115657;Chr1:12116099;Chr1:12117088;Chr1:12125537;Chr1:12140300;Chr1:12141461;Chr1:12144710;Chr1:12150020;Chr1:12152004;Chr1:12176035;Chr1:12182212;Chr1:12183049;Chr1:12184364;Chr1:12191587;Chr1:12193941;Chr1:12194309;Chr1:12224230;Chr1:12305443;Chr1:12328145;Chr1:12331726;Chr1:12348768;Chr1:12376114;Chr1:12389738;Chr1:12392641;Chr1:12420113;Chr1:12431970;Chr1:12432410;Chr1:12449933;Chr1:12459560;Chr1:12461617;Chr1:12464251;Chr1:12473993;Chr1:12504510;Chr1:12508502;Chr1:12508844;Chr1:12518069;Chr1:12553765;Chr1:12554589;Chr1:12564272;Chr1:12575675;Chr1:12585097;Chr1:11100612;Chr1:11107006;Chr1:11115292;Chr1:11115945;Chr1:11121030;Chr1:11122129;Chr1:11130571;Chr1:11159074;Chr1:11163714;Chr1:11163919;Chr1:11165627;Chr1:11169863;Chr1:11194815;Chr1:11290048;Chr1:11673235;Chr1:11680163;Chr1:11688219;Chr1:11702894;Chr1:11704083;Chr1:11710775;Chr1:11711860;Chr1:11240909;Chr1:11558729;Chr1:11612710;Chr1:11616941;Chr1:11626245;Chr1:11628123;Chr1:11633077;Chr1:11636797;Chr1:11297113;Chr1:11300132;Chr1:11304864;Chr1:11351153;Chr1:11359987;Chr1:11372247;Chr1:11517561;Chr1:11470793;Chr1:11607506;Chr1:11733573;Chr1:11735818;Chr1:11737267;Chr1:11738367;Chr1:11738926;Chr1:11965587;Chr1:11977892;Chr1:11980386;Chr1:11981657;Chr1:11990275;Chr1:12001109;Chr1:12011251;Chr1:12012865;Chr1:12015853;Chr1:11662881;Chr1:12290588;Chr1:12304183;Chr1:12310625;Chr1:12321025;Chr1:12336824;Chr1:11794973;Chr1:11805876;Chr1:11816759;Chr1:11892769;Chr1:11925096;Chr1:11926660;Chr1:11935698;Chr1:11935931	Chr1:10961986;Chr1:11883826;Chr1:11115292;Chr1:11159074;Chr1:11626245;Chr1:11300132;Chr1:11359987;Chr1:11733573;Chr1:12310625;Chr1:11805876;Chr1:11935931	Chr1:11223306;Chr1:12518069	TRUE	TRUE	TRUE	1	1	FALSE	FALSE	3	3	3	1	2	4
nobgs_V1_c1_rep8_env3	emmax_simes	Chr1	12081227	12201607	6	2	Chr1:12081227;Chr1:12081905;Chr1:12085998;Chr1:12176627;Chr1:12179319;Chr1:12201607	Chr1:12081905;Chr1:12176627	""	FALSE	TRUE	FALSE	1	0	FALSE	FALSE	2	2	3	1	2	4
nobgs_V1_c1_rep8_env3	emmax_simes	Chr1	12588831	12804978	16	2	Chr1:12588831;Chr1:12601890;Chr1:12612639;Chr1:12616497;Chr1:12616990;Chr1:12659971;Chr1:12687437;Chr1:12705254;Chr1:12712776;Chr1:12716341;Chr1:12726694;Chr1:12738434;Chr1:12758762;Chr1:12777697;Chr1:12796220;Chr1:12804978	Chr1:12712776;Chr1:12796220	Chr1:12518069	TRUE	TRUE	TRUE	1	1	FALSE	FALSE	3	3	3	1	2	4
nobgs_V1_c1_rep8_env3	lfmm_simes	Chr1	11040463	12585097	183	4	Chr1:11040463;Chr1:11055115;Chr1:11055145;Chr1:11058564;Chr1:11059525;Chr1:11075806;Chr1:11126082;Chr1:11129244;Chr1:11155956;Chr1:11167164;Chr1:11190372;Chr1:11207763;Chr1:11215957;Chr1:11218953;Chr1:11223306;Chr1:11257406;Chr1:11269811;Chr1:11275850;Chr1:11304294;Chr1:11314837;Chr1:11317672;Chr1:11321799;Chr1:11323426;Chr1:11334985;Chr1:11336331;Chr1:11339814;Chr1:11349949;Chr1:11356441;Chr1:11358908;Chr1:11363501;Chr1:11369863;Chr1:11371304;Chr1:11382663;Chr1:11387004;Chr1:11391226;Chr1:11397111;Chr1:11427493;Chr1:11431229;Chr1:11459450;Chr1:11465489;Chr1:11466680;Chr1:11470460;Chr1:11470805;Chr1:11471422;Chr1:11476083;Chr1:11483852;Chr1:11521995;Chr1:11528808;Chr1:11530074;Chr1:11532190;Chr1:11533546;Chr1:11535087;Chr1:11536232;Chr1:11536445;Chr1:11549311;Chr1:11551907;Chr1:11555947;Chr1:11569085;Chr1:11578000;Chr1:11579063;Chr1:11579330;Chr1:11580780;Chr1:11583329;Chr1:11595708;Chr1:11610750;Chr1:11648208;Chr1:11649853;Chr1:11664654;Chr1:11670036;Chr1:11681025;Chr1:11751366;Chr1:11757154;Chr1:11772971;Chr1:11774114;Chr1:11785701;Chr1:11801811;Chr1:11812051;Chr1:11823916;Chr1:11825471;Chr1:11830357;Chr1:11831030;Chr1:11835464;Chr1:11838752;Chr1:11840398;Chr1:11844476;Chr1:11853391;Chr1:11856630;Chr1:11860152;Chr1:11863307;Chr1:11865570;Chr1:11883826;Chr1:11884963;Chr1:11928722;Chr1:11943407;Chr1:11945085;Chr1:11946747;Chr1:11967643;Chr1:12008276;Chr1:12034645;Chr1:12038012;Chr1:12044045;Chr1:12046245;Chr1:12052935;Chr1:12067240;Chr1:12073187;Chr1:12073472;Chr1:12103797;Chr1:12105834;Chr1:12110427;Chr1:12115657;Chr1:12116099;Chr1:12117088;Chr1:12125537;Chr1:12140300;Chr1:12141461;Chr1:12144710;Chr1:12150020;Chr1:12152004;Chr1:12176035;Chr1:12182212;Chr1:12183049;Chr1:12184364;Chr1:12191587;Chr1:12193941;Chr1:12194309;Chr1:12224230;Chr1:12305443;Chr1:12328145;Chr1:12331726;Chr1:12348768;Chr1:12376114;Chr1:12389738;Chr1:12392641;Chr1:12420113;Chr1:12431970;Chr1:12432410;Chr1:12449933;Chr1:12459560;Chr1:12461617;Chr1:12464251;Chr1:12473993;Chr1:12504510;Chr1:12508502;Chr1:12508844;Chr1:12518069;Chr1:12553765;Chr1:12554589;Chr1:12564272;Chr1:12575675;Chr1:12585097;Chr1:11159074;Chr1:11163714;Chr1:11163919;Chr1:11165627;Chr1:11169863;Chr1:11194815;Chr1:11290048;Chr1:11673235;Chr1:11680163;Chr1:11688219;Chr1:11702894;Chr1:11704083;Chr1:11710775;Chr1:11711860;Chr1:11470793;Chr1:11607506;Chr1:11733573;Chr1:11735818;Chr1:11737267;Chr1:11738367;Chr1:11738926;Chr1:11965587;Chr1:11977892;Chr1:11980386;Chr1:11981657;Chr1:11990275;Chr1:12001109;Chr1:12011251;Chr1:12012865;Chr1:12015853;Chr1:12081227;Chr1:12081905;Chr1:12085998	Chr1:11883826;Chr1:11159074;Chr1:11733573;Chr1:12081905	Chr1:11223306;Chr1:12518069	TRUE	TRUE	TRUE	1	1	FALSE	FALSE	3	3	3	1	2	4
nobgs_V1_c1_rep8_env5	emmax_consensus	Chr1	15138230	15140519	2	1	Chr1:15138230;Chr1:15140519	Chr1:15138230	Chr1:15152793	TRUE	TRUE	FALSE	1	0	FALSE	FALSE	2	2	2	1	2	4
nobgs_V1_c1_rep8_env5	emmax_consensus	Chr1	15152793	15173046	8	2	Chr1:15152793;Chr1:15158512;Chr1:15158777;Chr1:15159652;Chr1:15165232;Chr1:15165407;Chr1:15173032;Chr1:15173046	Chr1:15159652;Chr1:15173032	Chr1:15152793	TRUE	TRUE	TRUE	1	1	FALSE	FALSE	3	3	3	1	2	4
nobgs_V1_c1_rep8_env5	emmax_simes	Chr1	15152793	15173046	8	2	Chr1:15152793;Chr1:15158512;Chr1:15158777;Chr1:15159652;Chr1:15165232;Chr1:15165407;Chr1:15173032;Chr1:15173046	Chr1:15159652;Chr1:15173032	Chr1:15152793	TRUE	TRUE	TRUE	1	1	FALSE	FALSE	3	3	3	1	2	4
nobgs_V1_c1_rep8_env5	lfmm_simes	Chr1	15138230	15140519	2	1	Chr1:15138230;Chr1:15140519	Chr1:15138230	Chr1:15152793	TRUE	TRUE	FALSE	1	0	FALSE	FALSE	2	2	2	1	2	4
nobgs_V1_c1_rep8_env5	lfmm_simes	Chr1	15152793	15195130	12	3	Chr1:15152793;Chr1:15158512;Chr1:15158777;Chr1:15159652;Chr1:15165232;Chr1:15165407;Chr1:15173032;Chr1:15173046;Chr1:15184707;Chr1:15185935;Chr1:15191510;Chr1:15195130	Chr1:15159652;Chr1:15173032;Chr1:15185935	Chr1:15152793	TRUE	TRUE	TRUE	1	1	FALSE	FALSE	3	3	3	1	2	4
nobgs_V1_c1_rep8_env6	lfmm_simes	Chr1	1065598	1288892	23	4	Chr1:1065598;Chr1:1073370;Chr1:1075487;Chr1:1076831;Chr1:1105713;Chr1:1115777;Chr1:1121472;Chr1:1125362;Chr1:1130763;Chr1:1136050;Chr1:1138235;Chr1:1142217;Chr1:1143449;Chr1:1151279;Chr1:1151450;Chr1:1155593;Chr1:1155758;Chr1:1157655;Chr1:1237890;Chr1:1241907;Chr1:1265747;Chr1:1270691;Chr1:1288892	Chr1:1073370;Chr1:1138235;Chr1:1155758;Chr1:1265747	Chr1:1065598	TRUE	TRUE	TRUE	1	1	FALSE	FALSE	3	3	3	1	2	4
nobgs_V1_c1_rep8_env7	emmax_consensus	Chr1	11859318	12716990	63	6	Chr1:11859318;Chr1:11923806;Chr1:11930349;Chr1:11969012;Chr1:11976655;Chr1:11993428;Chr1:11995758;Chr1:11999010;Chr1:12001697;Chr1:12007295;Chr1:12016802;Chr1:12021703;Chr1:12042673;Chr1:12056996;Chr1:12098380;Chr1:12111359;Chr1:12125212;Chr1:12112544;Chr1:12161586;Chr1:12176627;Chr1:12179319;Chr1:12186901;Chr1:12213336;Chr1:12209939;Chr1:12217564;Chr1:12282424;Chr1:12287108;Chr1:12296452;Chr1:12299273;Chr1:12299513;Chr1:12309682;Chr1:12311021;Chr1:12323403;Chr1:12324417;Chr1:12341349;Chr1:12361243;Chr1:12397984;Chr1:12411016;Chr1:12414870;Chr1:12423425;Chr1:12429832;Chr1:12433822;Chr1:12435186;Chr1:12444495;Chr1:12460178;Chr1:12485171;Chr1:12488122;Chr1:12508972;Chr1:12516995;Chr1:12541485;Chr1:12572542;Chr1:12600366;Chr1:12608015;Chr1:12593925;Chr1:12605751;Chr1:12614199;Chr1:12616371;Chr1:12641170;Chr1:12650803;Chr1:12664001;Chr1:12666454;Chr1:12696734;Chr1:12716990	Chr1:11923806;Chr1:12016802;Chr1:12161586;Chr1:12299273;Chr1:12600366;Chr1:12650803	Chr1:12423425	TRUE	TRUE	TRUE	2	1	FALSE	FALSE	3	3	3	1	2	4
nobgs_V1_c1_rep8_env7	emmax_simes	Chr1	11859318	12716990	63	6	Chr1:11859318;Chr1:11923806;Chr1:11930349;Chr1:11969012;Chr1:11976655;Chr1:11993428;Chr1:11995758;Chr1:11999010;Chr1:12001697;Chr1:12007295;Chr1:12016802;Chr1:12021703;Chr1:12042673;Chr1:12056996;Chr1:12098380;Chr1:12111359;Chr1:12125212;Chr1:12112544;Chr1:12161586;Chr1:12176627;Chr1:12179319;Chr1:12186901;Chr1:12213336;Chr1:12209939;Chr1:12217564;Chr1:12282424;Chr1:12287108;Chr1:12296452;Chr1:12299273;Chr1:12299513;Chr1:12309682;Chr1:12311021;Chr1:12323403;Chr1:12324417;Chr1:12341349;Chr1:12361243;Chr1:12397984;Chr1:12411016;Chr1:12414870;Chr1:12423425;Chr1:12429832;Chr1:12433822;Chr1:12435186;Chr1:12444495;Chr1:12460178;Chr1:12485171;Chr1:12488122;Chr1:12508972;Chr1:12516995;Chr1:12541485;Chr1:12572542;Chr1:12600366;Chr1:12608015;Chr1:12593925;Chr1:12605751;Chr1:12614199;Chr1:12616371;Chr1:12641170;Chr1:12650803;Chr1:12664001;Chr1:12666454;Chr1:12696734;Chr1:12716990	Chr1:11923806;Chr1:12016802;Chr1:12161586;Chr1:12299273;Chr1:12600366;Chr1:12650803	Chr1:12423425	TRUE	TRUE	TRUE	1	1	FALSE	FALSE	3	3	3	1	2	4
nobgs_V1_c1_rep8_env7	emmax_simes	Chr1	12201607	12234148	2	1	Chr1:12201607;Chr1:12234148	Chr1:12201607	""	FALSE	FALSE	FALSE	0	0	FALSE	FALSE	1	1	3	1	2	4
nobgs_V1_c1_rep8_env7	emmax_simes	Chr2	3933619	3935333	3	1	Chr2:3933619;Chr2:3934692;Chr2:3935333	Chr2:3935333	""	FALSE	FALSE	FALSE	0	0	FALSE	FALSE	1	1	1	1	2	4
nobgs_V1_c1_rep8_env7	lfmm_simes	Chr1	11859318	12716990	63	6	Chr1:11859318;Chr1:11923806;Chr1:11930349;Chr1:11969012;Chr1:11976655;Chr1:11993428;Chr1:11995758;Chr1:11999010;Chr1:12001697;Chr1:12007295;Chr1:12016802;Chr1:12021703;Chr1:12042673;Chr1:12056996;Chr1:12098380;Chr1:12111359;Chr1:12125212;Chr1:12112544;Chr1:12161586;Chr1:12176627;Chr1:12179319;Chr1:12186901;Chr1:12213336;Chr1:12209939;Chr1:12217564;Chr1:12282424;Chr1:12287108;Chr1:12296452;Chr1:12299273;Chr1:12299513;Chr1:12309682;Chr1:12311021;Chr1:12323403;Chr1:12324417;Chr1:12341349;Chr1:12361243;Chr1:12397984;Chr1:12411016;Chr1:12414870;Chr1:12423425;Chr1:12429832;Chr1:12433822;Chr1:12435186;Chr1:12444495;Chr1:12460178;Chr1:12485171;Chr1:12488122;Chr1:12508972;Chr1:12516995;Chr1:12541485;Chr1:12572542;Chr1:12600366;Chr1:12608015;Chr1:12593925;Chr1:12605751;Chr1:12614199;Chr1:12616371;Chr1:12641170;Chr1:12650803;Chr1:12664001;Chr1:12666454;Chr1:12696734;Chr1:12716990	Chr1:11923806;Chr1:12016802;Chr1:12161586;Chr1:12299273;Chr1:12600366;Chr1:12650803	Chr1:12423425	TRUE	TRUE	TRUE	2	1	FALSE	FALSE	3	3	3	1	2	4
nobgs_V1_c1_rep8_env8	emmax_consensus	Chr2	6846919	6849203	2	1	Chr2:6846919;Chr2:6849203	Chr2:6846919	""	FALSE	TRUE	FALSE	1	0	FALSE	FALSE	2	2	2	1	2	4
nobgs_V1_c1_rep8_env8	emmax_simes	Chr2	6846919	6849203	2	1	Chr2:6846919;Chr2:6849203	Chr2:6846919	""	FALSE	TRUE	FALSE	1	0	FALSE	FALSE	2	2	2	1	2	4
nobgs_V1_c1_rep8_env8	lfmm_simes	Chr1	15596567	15609016	3	1	Chr1:15596567;Chr1:15601008;Chr1:15609016	Chr1:15601008	Chr1:15609016	TRUE	TRUE	FALSE	1	0	FALSE	FALSE	2	2	2	1	2	4
nobgs_V1_c1_rep8_env8	lfmm_simes	Chr2	15020964	15043052	5	1	Chr2:15020964;Chr2:15025813;Chr2:15027212;Chr2:15028896;Chr2:15043052	Chr2:15027212	""	FALSE	TRUE	TRUE	1	1	FALSE	FALSE	3	3	3	1	2	4
nobgs_V1_c1_rep9_env1	emmax_consensus	Chr1	8033949	8041801	2	1	Chr1:8033949;Chr1:8041801	Chr1:8033949	Chr1:8033949	TRUE	TRUE	FALSE	1	0	FALSE	FALSE	2	2	2	1	2	4
nobgs_V1_c1_rep9_env1	emmax_simes	Chr1	8033949	8041801	2	1	Chr1:8033949;Chr1:8041801	Chr1:8033949	Chr1:8033949	TRUE	TRUE	FALSE	1	0	FALSE	FALSE	2	2	2	1	2	4
nobgs_V1_c1_rep9_env1	lfmm_simes	Chr1	8033949	8041801	2	1	Chr1:8033949;Chr1:8041801	Chr1:8033949	Chr1:8033949	TRUE	TRUE	FALSE	1	0	FALSE	FALSE	2	2	2	1	2	4
nobgs_V1_c1_rep9_env1	lfmm_simes	Chr1	15670692	15811755	15	3	Chr1:15670692;Chr1:15689102;Chr1:15694305;Chr1:15696755;Chr1:15702613;Chr1:15713035;Chr1:15713145;Chr1:15724614;Chr1:15735651;Chr1:15742960;Chr1:15743449;Chr1:15750676;Chr1:15786371;Chr1:15807431;Chr1:15811755	Chr1:15713035;Chr1:15742960;Chr1:15807431	Chr1:15742960	TRUE	TRUE	TRUE	1	1	FALSE	FALSE	3	3	3	1	2	4
nobgs_V1_c1_rep9_env1	lfmm_simes	Chr1	15826480	15854297	12	1	Chr1:15826480;Chr1:15828873;Chr1:15829637;Chr1:15831863;Chr1:15833548;Chr1:15835072;Chr1:15836844;Chr1:15842151;Chr1:15846119;Chr1:15849670;Chr1:15850198;Chr1:15854297	Chr1:15835072	Chr1:15742960	TRUE	FALSE	TRUE	0	1	FALSE	FALSE	2	2	2	1	2	4
nobgs_V1_c1_rep9_env10	emmax_consensus	Chr1	11406794	11737525	20	2	Chr1:11406794;Chr1:11408824;Chr1:11419509;Chr1:11480501;Chr1:11491914;Chr1:11512269;Chr1:11525848;Chr1:11529433;Chr1:11536640;Chr1:11537753;Chr1:11546400;Chr1:11559662;Chr1:11572888;Chr1:11712090;Chr1:11713406;Chr1:11713962;Chr1:11719872;Chr1:11722670;Chr1:11732746;Chr1:11737525	Chr1:11408824;Chr1:11536640	Chr1:11546400	TRUE	TRUE	TRUE	1	1	FALSE	FALSE	3	3	3	1	2	4
nobgs_V1_c1_rep9_env10	emmax_consensus	Chr1	11925480	12007393	13	1	Chr1:11925480;Chr1:11929072;Chr1:11932636;Chr1:11935448;Chr1:11943263;Chr1:11944992;Chr1:11950154;Chr1:11954872;Chr1:11985691;Chr1:11989031;Chr1:11994210;Chr1:12005988;Chr1:12007393	Chr1:11943263	""	FALSE	FALSE	TRUE	0	1	FALSE	FALSE	2	2	2	1	2	4
nobgs_V1_c1_rep9_env10	emmax_simes	Chr1	9905181	9918747	2	1	Chr1:9905181;Chr1:9918747	Chr1:9905181	""	FALSE	FALSE	FALSE	0	0	FALSE	FALSE	1	1	1	1	2	4
nobgs_V1_c1_rep9_env10	emmax_simes	Chr1	11270644	11276679	2	1	Chr1:11270644;Chr1:11276679	Chr1:11270644	""	FALSE	FALSE	FALSE	0	0	FALSE	FALSE	1	1	1	1	2	4
nobgs_V1_c1_rep9_env10	emmax_simes	Chr1	11406794	11737525	20	2	Chr1:11406794;Chr1:11408824;Chr1:11419509;Chr1:11480501;Chr1:11491914;Chr1:11512269;Chr1:11525848;Chr1:11529433;Chr1:11536640;Chr1:11537753;Chr1:11546400;Chr1:11559662;Chr1:11572888;Chr1:11712090;Chr1:11713406;Chr1:11713962;Chr1:11719872;Chr1:11722670;Chr1:11732746;Chr1:11737525	Chr1:11408824;Chr1:11536640	Chr1:11546400	TRUE	TRUE	TRUE	1	1	FALSE	FALSE	3	3	3	1	2	4
nobgs_V1_c1_rep9_env10	emmax_simes	Chr2	14872523	14883535	2	1	Chr2:14872523;Chr2:14883535	Chr2:14872523	""	FALSE	FALSE	FALSE	0	0	FALSE	FALSE	1	1	1	1	2	4
nobgs_V1_c1_rep9_env10	lfmm_simes	Chr1	9905181	9918747	2	1	Chr1:9905181;Chr1:9918747	Chr1:9905181	""	FALSE	TRUE	FALSE	1	0	FALSE	FALSE	2	2	2	1	2	4
nobgs_V1_c1_rep9_env10	lfmm_simes	Chr1	11270644	11276679	2	1	Chr1:11270644;Chr1:11276679	Chr1:11270644	""	FALSE	TRUE	FALSE	1	0	FALSE	FALSE	2	2	2	1	2	4
nobgs_V1_c1_rep9_env10	lfmm_simes	Chr1	11406794	11737525	24	3	Chr1:11406794;Chr1:11408824;Chr1:11419509;Chr1:11480501;Chr1:11491914;Chr1:11512269;Chr1:11525848;Chr1:11529433;Chr1:11536640;Chr1:11537753;Chr1:11546400;Chr1:11559662;Chr1:11572888;Chr1:11712090;Chr1:11713406;Chr1:11713962;Chr1:11719872;Chr1:11722670;Chr1:11732746;Chr1:11737525;Chr1:11611840;Chr1:11614436;Chr1:11626868;Chr1:11668256	Chr1:11408824;Chr1:11536640;Chr1:11626868	Chr1:11546400	TRUE	TRUE	TRUE	1	1	FALSE	FALSE	3	3	3	1	2	4
nobgs_V1_c1_rep9_env10	lfmm_simes	Chr1	11836554	11850865	3	1	Chr1:11836554;Chr1:11849959;Chr1:11850865	Chr1:11849959	""	FALSE	TRUE	FALSE	1	0	FALSE	FALSE	2	2	2	1	2	4
nobgs_V1_c1_rep9_env10	lfmm_simes	Chr1	15723765	15729660	2	1	Chr1:15723765;Chr1:15729660	Chr1:15723765	""	FALSE	TRUE	FALSE	1	0	FALSE	FALSE	2	2	2	1	2	4
nobgs_V1_c1_rep9_env2	emmax_consensus	Chr1	14560142	14575567	6	1	Chr1:14560142;Chr1:14562333;Chr1:14562570;Chr1:14566207;Chr1:14566476;Chr1:14575567	Chr1:14562333	Chr1:14566207	TRUE	FALSE	TRUE	0	1	FALSE	FALSE	2	2	2	1	2	4
nobgs_V1_c1_rep9_env2	lfmm_simes	Chr1	14560142	14650323	9	2	Chr1:14560142;Chr1:14562333;Chr1:14562570;Chr1:14566207;Chr1:14566476;Chr1:14575567;Chr1:14603536;Chr1:14642557;Chr1:14650323	Chr1:14562333;Chr1:14650323	Chr1:14566207	TRUE	TRUE	TRUE	1	1	FALSE	FALSE	3	3	3	1	2	4
nobgs_V1_c1_rep9_env3	emmax_consensus	Chr1	15952871	16301694	54	7	Chr1:15952871;Chr1:15958889;Chr1:15964299;Chr1:15967561;Chr1:15974464;Chr1:15980906;Chr1:15985262;Chr1:15993889;Chr1:15998800;Chr1:16007462;Chr1:16009881;Chr1:15964444;Chr1:15966178;Chr1:15976747;Chr1:15986343;Chr1:16022896;Chr1:16032932;Chr1:16036158;Chr1:16044405;Chr1:16051334;Chr1:16063264;Chr1:16058295;Chr1:16066855;Chr1:16075644;Chr1:16123442;Chr1:16124999;Chr1:16125302;Chr1:16142281;Chr1:16163053;Chr1:16165177;Chr1:16167058;Chr1:16169411;Chr1:16179643;Chr1:16181798;Chr1:16205984;Chr1:16207155;Chr1:16211701;Chr1:16152888;Chr1:16195909;Chr1:16220097;Chr1:16221833;Chr1:16226051;Chr1:16236277;Chr1:16240365;Chr1:16256906;Chr1:16257555;Chr1:16257861;Chr1:16263784;Chr1:16266646;Chr1:16272333;Chr1:16279703;Chr1:16295973;Chr1:16300697;Chr1:16301694	Chr1:15967561;Chr1:15966178;Chr1:16022896;Chr1:16066855;Chr1:16179643;Chr1:16152888;Chr1:16236277	Chr1:16207155	TRUE	TRUE	TRUE	1	1	FALSE	FALSE	3	3	3	1	2	4
nobgs_V1_c1_rep9_env3	emmax_consensus	Chr1	16198114	16204670	2	1	Chr1:16198114;Chr1:16204670	Chr1:16198114	Chr1:16207155	TRUE	FALSE	FALSE	0	0	FALSE	FALSE	1	1	3	1	2	4
nobgs_V1_c1_rep9_env3	emmax_consensus	Chr1	16281683	16418710	9	2	Chr1:16281683;Chr1:16284808;Chr1:16288032;Chr1:16292398;Chr1:16395243;Chr1:16400820;Chr1:16408177;Chr1:16408541;Chr1:16418710	Chr1:16288032;Chr1:16408177	""	FALSE	TRUE	TRUE	1	1	FALSE	FALSE	3	3	3	1	2	4
nobgs_V1_c1_rep9_env3	emmax_consensus	Chr1	16379954	16388974	2	1	Chr1:16379954;Chr1:16388974	Chr1:16379954	""	FALSE	TRUE	FALSE	1	0	FALSE	FALSE	2	2	3	1	2	4
nobgs_V1_c1_rep9_env3	emmax_simes	Chr1	15952871	16301694	58	8	Chr1:15952871;Chr1:15958889;Chr1:15964299;Chr1:15967561;Chr1:15974464;Chr1:15980906;Chr1:15985262;Chr1:15993889;Chr1:15998800;Chr1:16007462;Chr1:16009881;Chr1:15964444;Chr1:15966178;Chr1:15976747;Chr1:15986343;Chr1:16022896;Chr1:16032932;Chr1:16036158;Chr1:16044405;Chr1:16051334;Chr1:16063264;Chr1:16085284;Chr1:16093156;Chr1:16093312;Chr1:16093401;Chr1:16123442;Chr1:16124999;Chr1:16125302;Chr1:16142281;Chr1:16163053;Chr1:16165177;Chr1:16167058;Chr1:16169411;Chr1:16179643;Chr1:16181798;Chr1:16205984;Chr1:16207155;Chr1:16211701;Chr1:16133654;Chr1:16142440;Chr1:16152012;Chr1:16152888;Chr1:16195909;Chr1:16220097;Chr1:16221833;Chr1:16226051;Chr1:16236277;Chr1:16240365;Chr1:16256906;Chr1:16257555;Chr1:16257861;Chr1:16263784;Chr1:16266646;Chr1:16272333;Chr1:16279703;Chr1:16295973;Chr1:16300697;Chr1:16301694	Chr1:15967561;Chr1:15966178;Chr1:16022896;Chr1:16085284;Chr1:16179643;Chr1:16142440;Chr1:16152888;Chr1:16236277	Chr1:16207155	TRUE	TRUE	TRUE	1	1	FALSE	FALSE	3	3	3	1	2	4
nobgs_V1_c1_rep9_env3	emmax_simes	Chr1	16281683	16418710	9	2	Chr1:16281683;Chr1:16284808;Chr1:16288032;Chr1:16292398;Chr1:16395243;Chr1:16400820;Chr1:16408177;Chr1:16408541;Chr1:16418710	Chr1:16288032;Chr1:16408177	""	FALSE	TRUE	TRUE	1	1	FALSE	FALSE	3	3	3	1	2	4
nobgs_V1_c1_rep9_env3	emmax_simes	Chr1	16379954	16388974	2	1	Chr1:16379954;Chr1:16388974	Chr1:16379954	""	FALSE	TRUE	FALSE	1	0	FALSE	FALSE	2	2	3	1	2	4
nobgs_V1_c1_rep9_env3	lfmm_simes	Chr1	15952871	16301694	63	10	Chr1:15952871;Chr1:15958889;Chr1:15964299;Chr1:15967561;Chr1:15974464;Chr1:15980906;Chr1:15985262;Chr1:15993889;Chr1:15998800;Chr1:16007462;Chr1:16009881;Chr1:15964444;Chr1:15966178;Chr1:15976747;Chr1:15986343;Chr1:16022896;Chr1:16032932;Chr1:16036158;Chr1:16044405;Chr1:16051334;Chr1:16063264;Chr1:16058295;Chr1:16066855;Chr1:16075644;Chr1:16085284;Chr1:16093156;Chr1:16093312;Chr1:16093401;Chr1:16123442;Chr1:16124999;Chr1:16125302;Chr1:16142281;Chr1:16163053;Chr1:16165177;Chr1:16167058;Chr1:16169411;Chr1:16179643;Chr1:16181798;Chr1:16205984;Chr1:16207155;Chr1:16211701;Chr1:16133654;Chr1:16142440;Chr1:16152012;Chr1:16152888;Chr1:16195909;Chr1:16198114;Chr1:16204670;Chr1:16220097;Chr1:16221833;Chr1:16226051;Chr1:16236277;Chr1:16240365;Chr1:16256906;Chr1:16257555;Chr1:16257861;Chr1:16263784;Chr1:16266646;Chr1:16272333;Chr1:16279703;Chr1:16295973;Chr1:16300697;Chr1:16301694	Chr1:15967561;Chr1:15966178;Chr1:16022896;Chr1:16066855;Chr1:16085284;Chr1:16179643;Chr1:16142440;Chr1:16152888;Chr1:16198114;Chr1:16236277	Chr1:16207155	TRUE	TRUE	TRUE	1	2	FALSE	FALSE	3	3	3	1	2	4
nobgs_V1_c1_rep9_env3	lfmm_simes	Chr1	16314960	16339294	8	1	Chr1:16314960;Chr1:16317849;Chr1:16321958;Chr1:16323019;Chr1:16327082;Chr1:16327634;Chr1:16334565;Chr1:16339294	Chr1:16321958	""	FALSE	FALSE	TRUE	0	1	FALSE	FALSE	2	2	2	1	2	4
nobgs_V1_c1_rep9_env3	lfmm_simes	Chr1	16395243	16418710	5	1	Chr1:16395243;Chr1:16400820;Chr1:16408177;Chr1:16408541;Chr1:16418710	Chr1:16408177	""	FALSE	TRUE	TRUE	1	1	FALSE	FALSE	3	3	3	1	2	4
nobgs_V1_c1_rep9_env3	lfmm_simes	Chr1	16421442	16478138	11	2	Chr1:16421442;Chr1:16423493;Chr1:16431651;Chr1:16442466;Chr1:16447979;Chr1:16448126;Chr1:16432744;Chr1:16434222;Chr1:16462960;Chr1:16472455;Chr1:16478138	Chr1:16431651;Chr1:16462960	""	FALSE	TRUE	TRUE	1	1	FALSE	FALSE	3	3	3	1	2	4
nobgs_V1_c1_rep9_env3	lfmm_simes	Chr1	16572581	16591239	4	1	Chr1:16572581;Chr1:16575495;Chr1:16588299;Chr1:16591239	Chr1:16588299	""	FALSE	FALSE	TRUE	0	1	FALSE	FALSE	2	2	2	1	2	4
nobgs_V1_c1_rep9_env5	emmax_consensus	Chr1	8033949	8059392	4	1	Chr1:8033949;Chr1:8041801;Chr1:8052259;Chr1:8059392	Chr1:8052259	Chr1:8033949	TRUE	TRUE	TRUE	1	1	FALSE	FALSE	3	3	3	1	2	4
nobgs_V1_c1_rep9_env5	emmax_simes	Chr1	8033949	8059392	4	1	Chr1:8033949;Chr1:8041801;Chr1:8052259;Chr1:8059392	Chr1:8052259	Chr1:8033949	TRUE	FALSE	TRUE	0	1	FALSE	FALSE	2	2	2	1	2	4
nobgs_V1_c1_rep9_env5	lfmm_simes	Chr1	8033949	8059392	4	1	Chr1:8033949;Chr1:8041801;Chr1:8052259;Chr1:8059392	Chr1:8052259	Chr1:8033949	TRUE	TRUE	TRUE	1	1	FALSE	FALSE	3	3	3	1	2	4
nobgs_V1_c1_rep9_env6	emmax_consensus	Chr1	15947634	16053684	17	1	Chr1:15947634;Chr1:15962625;Chr1:15973374;Chr1:15973758;Chr1:15973872;Chr1:15985666;Chr1:15988013;Chr1:15996629;Chr1:16003874;Chr1:16006595;Chr1:16012096;Chr1:16016041;Chr1:16017498;Chr1:16017916;Chr1:16028868;Chr1:16041363;Chr1:16053684	Chr1:15973374	""	FALSE	TRUE	TRUE	1	1	FALSE	FALSE	3	3	3	1	2	4
nobgs_V1_c1_rep9_env6	emmax_consensus	Chr2	5849877	5853301	2	1	Chr2:5849877;Chr2:5853301	Chr2:5849877	""	FALSE	TRUE	FALSE	1	0	FALSE	FALSE	2	2	2	1	2	4
nobgs_V1_c1_rep9_env6	lfmm_simes	Chr1	15947634	16053684	17	1	Chr1:15947634;Chr1:15962625;Chr1:15973374;Chr1:15973758;Chr1:15973872;Chr1:15985666;Chr1:15988013;Chr1:15996629;Chr1:16003874;Chr1:16006595;Chr1:16012096;Chr1:16016041;Chr1:16017498;Chr1:16017916;Chr1:16028868;Chr1:16041363;Chr1:16053684	Chr1:15973374	""	FALSE	TRUE	TRUE	1	1	FALSE	FALSE	3	3	3	1	2	4
nobgs_V1_c1_rep9_env9	lfmm_simes	Chr1	20065432	20084201	2	1	Chr1:20065432;Chr1:20084201	Chr1:20065432	""	FALSE	TRUE	FALSE	1	0	FALSE	FALSE	2	2	2	1	2	4
nobgs_V2_c1_rep10_env5	lfmm_simes	Chr1	1590851	1592367	2	1	Chr1:1590851;Chr1:1592367	Chr1:1590851	""	FALSE	FALSE	FALSE	0	0	FALSE	FALSE	1	1	1	1	2	4
nobgs_V2_c1_rep10_env6	emmax_consensus	Chr2	5079053	5081524	2	1	Chr2:5079053;Chr2:5081524	Chr2:5079053	""	FALSE	FALSE	FALSE	0	0	FALSE	FALSE	1	1	1	1	2	4
nobgs_V2_c1_rep10_env6	emmax_simes	Chr2	5079053	5081524	2	1	Chr2:5079053;Chr2:5081524	Chr2:5079053	""	FALSE	FALSE	FALSE	0	0	FALSE	FALSE	1	1	1	1	2	4
nobgs_V2_c1_rep10_env6	lfmm_simes	Chr1	3526265	3536075	2	1	Chr1:3526265;Chr1:3536075	Chr1:3526265	""	FALSE	FALSE	FALSE	0	0	FALSE	FALSE	1	1	1	1	2	4
nobgs_V2_c1_rep10_env8	emmax_consensus	Chr2	13456445	13463421	2	1	Chr2:13456445;Chr2:13463421	Chr2:13456445	""	FALSE	TRUE	FALSE	1	0	FALSE	FALSE	2	2	2	1	2	4
nobgs_V2_c1_rep10_env8	emmax_simes	Chr2	13456445	13463421	2	1	Chr2:13456445;Chr2:13463421	Chr2:13456445	""	FALSE	FALSE	FALSE	0	0	FALSE	FALSE	1	1	1	1	2	4
nobgs_V2_c1_rep10_env8	lfmm_simes	Chr2	13456445	13463421	2	1	Chr2:13456445;Chr2:13463421	Chr2:13456445	""	FALSE	TRUE	FALSE	1	0	FALSE	FALSE	2	2	2	1	2	4
nobgs_V2_c1_rep1_env10	emmax_consensus	Chr1	18692466	18709215	2	1	Chr1:18692466;Chr1:18709215	Chr1:18692466	""	FALSE	FALSE	FALSE	0	0	FALSE	FALSE	1	1	1	1	2	4
nobgs_V2_c1_rep1_env10	emmax_consensus	Chr1	20770485	20832626	6	2	Chr1:20770485;Chr1:20778493;Chr1:20784880;Chr1:20799482;Chr1:20830980;Chr1:20832626	Chr1:20784880;Chr1:20830980	Chr1:20784880	TRUE	TRUE	TRUE	1	1	FALSE	FALSE	3	3	3	1	2	4
nobgs_V2_c1_rep1_env10	emmax_simes	Chr1	20770485	20799482	4	1	Chr1:20770485;Chr1:20778493;Chr1:20784880;Chr1:20799482	Chr1:20784880	Chr1:20784880	TRUE	TRUE	TRUE	1	1	FALSE	FALSE	3	3	3	1	2	4
nobgs_V2_c1_rep1_env10	lfmm_simes	Chr1	18692466	18709215	2	1	Chr1:18692466;Chr1:18709215	Chr1:18692466	""	FALSE	FALSE	FALSE	0	0	FALSE	FALSE	1	1	1	1	2	4
nobgs_V2_c1_rep1_env10	lfmm_simes	Chr1	20770485	20832626	6	2	Chr1:20770485;Chr1:20778493;Chr1:20784880;Chr1:20799482;Chr1:20830980;Chr1:20832626	Chr1:20784880;Chr1:20830980	Chr1:20784880	TRUE	TRUE	TRUE	1	1	FALSE	FALSE	3	3	3	1	2	4
nobgs_V2_c1_rep1_env10	lfmm_simes	Chr2	24619802	24623044	2	1	Chr2:24619802;Chr2:24623044	Chr2:24619802	""	FALSE	TRUE	FALSE	1	0	FALSE	FALSE	2	2	2	1	2	4
nobgs_V2_c1_rep1_env2	emmax_consensus	Chr1	13646006	13649428	2	1	Chr1:13646006;Chr1:13649428	Chr1:13646006	""	FALSE	FALSE	FALSE	0	0	FALSE	FALSE	1	1	1	1	2	4
nobgs_V2_c1_rep1_env2	emmax_consensus	Chr1	15480720	15677649	41	3	Chr1:15480720;Chr1:15481224;Chr1:15487461;Chr1:15489034;Chr1:15491754;Chr1:15498490;Chr1:15504405;Chr1:15507428;Chr1:15507966;Chr1:15515054;Chr1:15524344;Chr1:15547154;Chr1:15548081;Chr1:15556979;Chr1:15557557;Chr1:15571223;Chr1:15583826;Chr1:15584636;Chr1:15589767;Chr1:15591975;Chr1:15592005;Chr1:15594667;Chr1:15595248;Chr1:15599058;Chr1:15601698;Chr1:15610497;Chr1:15622231;Chr1:15622493;Chr1:15630001;Chr1:15630356;Chr1:15632192;Chr1:15633226;Chr1:15635788;Chr1:15637209;Chr1:15643480;Chr1:15647964;Chr1:15659530;Chr1:15661319;Chr1:15664532;Chr1:15666829;Chr1:15677649	Chr1:15515054;Chr1:15601698;Chr1:15664532	Chr1:15547154	TRUE	FALSE	TRUE	0	1	FALSE	FALSE	2	2	2	1	2	4
nobgs_V2_c1_rep1_env2	emmax_simes	Chr1	13646006	13649428	2	1	Chr1:13646006;Chr1:13649428	Chr1:13646006	""	FALSE	FALSE	FALSE	0	0	FALSE	FALSE	1	1	1	1	2	4
nobgs_V2_c1_rep1_env2	emmax_simes	Chr1	15480720	15571223	16	1	Chr1:15480720;Chr1:15481224;Chr1:15487461;Chr1:15489034;Chr1:15491754;Chr1:15498490;Chr1:15504405;Chr1:15507428;Chr1:15507966;Chr1:15515054;Chr1:15524344;Chr1:15547154;Chr1:15548081;Chr1:15556979;Chr1:15557557;Chr1:15571223	Chr1:15515054	Chr1:15547154	TRUE	FALSE	TRUE	0	1	FALSE	FALSE	2	2	2	1	2	4
nobgs_V2_c1_rep1_env2	emmax_simes	Chr1	17122099	17146896	2	1	Chr1:17122099;Chr1:17146896	Chr1:17122099	""	FALSE	FALSE	FALSE	0	0	FALSE	FALSE	1	1	1	1	2	4
nobgs_V2_c1_rep1_env2	lfmm_simes	Chr1	15480720	15571223	16	1	Chr1:15480720;Chr1:15481224;Chr1:15487461;Chr1:15489034;Chr1:15491754;Chr1:15498490;Chr1:15504405;Chr1:15507428;Chr1:15507966;Chr1:15515054;Chr1:15524344;Chr1:15547154;Chr1:15548081;Chr1:15556979;Chr1:15557557;Chr1:15571223	Chr1:15515054	Chr1:15547154	TRUE	FALSE	TRUE	0	1	FALSE	FALSE	2	2	2	1	2	4
nobgs_V2_c1_rep1_env3	emmax_consensus	Chr1	617	315246	52	2	Chr1:617;Chr1:4831;Chr1:12294;Chr1:32647;Chr1:35050;Chr1:42866;Chr1:68904;Chr1:72317;Chr1:75908;Chr1:77890;Chr1:82517;Chr1:89779;Chr1:100652;Chr1:101072;Chr1:102142;Chr1:105313;Chr1:107271;Chr1:108038;Chr1:116311;Chr1:118188;Chr1:118569;Chr1:120545;Chr1:121209;Chr1:125420;Chr1:126132;Chr1:128963;Chr1:131036;Chr1:131770;Chr1:135444;Chr1:135785;Chr1:142570;Chr1:144635;Chr1:148895;Chr1:149305;Chr1:154508;Chr1:157940;Chr1:160496;Chr1:164280;Chr1:175007;Chr1:185622;Chr1:187109;Chr1:188213;Chr1:200819;Chr1:211506;Chr1:217398;Chr1:219111;Chr1:232118;Chr1:232711;Chr1:252579;Chr1:261838;Chr1:298461;Chr1:315246	Chr1:32647;Chr1:298461	Chr1:126132	TRUE	TRUE	TRUE	1	1	FALSE	FALSE	3	3	3	1	2	4
nobgs_V2_c1_rep1_env3	emmax_consensus	Chr1	26505348	26505893	2	1	Chr1:26505348;Chr1:26505893	Chr1:26505348	""	FALSE	FALSE	FALSE	0	0	FALSE	FALSE	1	1	1	1	2	4
nobgs_V2_c1_rep1_env3	emmax_simes	Chr1	617	315246	52	2	Chr1:617;Chr1:4831;Chr1:12294;Chr1:32647;Chr1:35050;Chr1:42866;Chr1:68904;Chr1:72317;Chr1:75908;Chr1:77890;Chr1:82517;Chr1:89779;Chr1:100652;Chr1:101072;Chr1:102142;Chr1:105313;Chr1:107271;Chr1:108038;Chr1:116311;Chr1:118188;Chr1:118569;Chr1:120545;Chr1:121209;Chr1:125420;Chr1:126132;Chr1:128963;Chr1:131036;Chr1:131770;Chr1:135444;Chr1:135785;Chr1:142570;Chr1:144635;Chr1:148895;Chr1:149305;Chr1:154508;Chr1:157940;Chr1:160496;Chr1:164280;Chr1:175007;Chr1:185622;Chr1:187109;Chr1:188213;Chr1:200819;Chr1:211506;Chr1:217398;Chr1:219111;Chr1:232118;Chr1:232711;Chr1:252579;Chr1:261838;Chr1:298461;Chr1:315246	Chr1:32647;Chr1:298461	Chr1:126132	TRUE	TRUE	TRUE	1	1	FALSE	FALSE	3	3	3	1	2	4
nobgs_V2_c1_rep1_env3	emmax_simes	Chr1	26505348	26505893	2	1	Chr1:26505348;Chr1:26505893	Chr1:26505348	""	FALSE	FALSE	FALSE	0	0	FALSE	FALSE	1	1	1	1	2	4
nobgs_V2_c1_rep1_env3	lfmm_simes	Chr1	617	315246	52	2	Chr1:617;Chr1:4831;Chr1:12294;Chr1:32647;Chr1:35050;Chr1:42866;Chr1:68904;Chr1:72317;Chr1:75908;Chr1:77890;Chr1:82517;Chr1:89779;Chr1:100652;Chr1:101072;Chr1:102142;Chr1:105313;Chr1:107271;Chr1:108038;Chr1:116311;Chr1:118188;Chr1:118569;Chr1:120545;Chr1:121209;Chr1:125420;Chr1:126132;Chr1:128963;Chr1:131036;Chr1:131770;Chr1:135444;Chr1:135785;Chr1:142570;Chr1:144635;Chr1:148895;Chr1:149305;Chr1:154508;Chr1:157940;Chr1:160496;Chr1:164280;Chr1:175007;Chr1:185622;Chr1:187109;Chr1:188213;Chr1:200819;Chr1:211506;Chr1:217398;Chr1:219111;Chr1:232118;Chr1:232711;Chr1:252579;Chr1:261838;Chr1:298461;Chr1:315246	Chr1:32647;Chr1:298461	Chr1:126132	TRUE	TRUE	TRUE	1	1	FALSE	FALSE	3	3	3	1	2	4
nobgs_V2_c1_rep1_env3	lfmm_simes	Chr1	26505348	26505893	2	1	Chr1:26505348;Chr1:26505893	Chr1:26505348	""	FALSE	FALSE	FALSE	0	0	FALSE	FALSE	1	1	1	1	2	4
nobgs_V2_c1_rep1_env4	emmax_consensus	Chr1	32647	395561	59	4	Chr1:32647;Chr1:35050;Chr1:42866;Chr1:48677;Chr1:61171;Chr1:72317;Chr1:77890;Chr1:100652;Chr1:105313;Chr1:107271;Chr1:108038;Chr1:118188;Chr1:120545;Chr1:125420;Chr1:131036;Chr1:131770;Chr1:135444;Chr1:142570;Chr1:144635;Chr1:157940;Chr1:160496;Chr1:166359;Chr1:185622;Chr1:187109;Chr1:188213;Chr1:211506;Chr1:217398;Chr1:219111;Chr1:232118;Chr1:247400;Chr1:259619;Chr1:261838;Chr1:263673;Chr1:269338;Chr1:49963;Chr1:66954;Chr1:77494;Chr1:78973;Chr1:100632;Chr1:126132;Chr1:184124;Chr1:193031;Chr1:258607;Chr1:302860;Chr1:67090;Chr1:120793;Chr1:207206;Chr1:249624;Chr1:277654;Chr1:289336;Chr1:290604;Chr1:292239;Chr1:293194;Chr1:309244;Chr1:311492;Chr1:317659;Chr1:372408;Chr1:372812;Chr1:395561	Chr1:32647;Chr1:49963;Chr1:289336;Chr1:372408	Chr1:126132	TRUE	TRUE	TRUE	1	1	FALSE	FALSE	3	3	3	1	2	4
nobgs_V2_c1_rep1_env4	emmax_simes	Chr1	32647	317659	56	3	Chr1:32647;Chr1:35050;Chr1:42866;Chr1:48677;Chr1:61171;Chr1:72317;Chr1:77890;Chr1:100652;Chr1:105313;Chr1:107271;Chr1:108038;Chr1:118188;Chr1:120545;Chr1:125420;Chr1:131036;Chr1:131770;Chr1:135444;Chr1:142570;Chr1:144635;Chr1:157940;Chr1:160496;Chr1:166359;Chr1:185622;Chr1:187109;Chr1:188213;Chr1:211506;Chr1:217398;Chr1:219111;Chr1:232118;Chr1:247400;Chr1:259619;Chr1:261838;Chr1:263673;Chr1:269338;Chr1:49963;Chr1:66954;Chr1:77494;Chr1:78973;Chr1:100632;Chr1:126132;Chr1:184124;Chr1:193031;Chr1:258607;Chr1:302860;Chr1:67090;Chr1:120793;Chr1:207206;Chr1:249624;Chr1:277654;Chr1:289336;Chr1:290604;Chr1:292239;Chr1:293194;Chr1:309244;Chr1:311492;Chr1:317659	Chr1:32647;Chr1:49963;Chr1:289336	Chr1:126132	TRUE	TRUE	TRUE	1	1	FALSE	FALSE	3	3	3	1	2	4
nobgs_V2_c1_rep1_env4	lfmm_simes	Chr1	32647	424371	75	9	Chr1:32647;Chr1:35050;Chr1:42866;Chr1:48677;Chr1:61171;Chr1:72317;Chr1:77890;Chr1:100652;Chr1:105313;Chr1:107271;Chr1:108038;Chr1:118188;Chr1:120545;Chr1:125420;Chr1:131036;Chr1:131770;Chr1:135444;Chr1:142570;Chr1:144635;Chr1:157940;Chr1:160496;Chr1:166359;Chr1:185622;Chr1:187109;Chr1:188213;Chr1:211506;Chr1:217398;Chr1:219111;Chr1:232118;Chr1:247400;Chr1:259619;Chr1:261838;Chr1:263673;Chr1:269338;Chr1:49963;Chr1:66954;Chr1:77494;Chr1:78973;Chr1:100632;Chr1:126132;Chr1:184124;Chr1:193031;Chr1:258607;Chr1:302860;Chr1:67090;Chr1:120793;Chr1:207206;Chr1:249624;Chr1:277654;Chr1:289336;Chr1:290604;Chr1:292239;Chr1:293194;Chr1:309244;Chr1:311492;Chr1:317659;Chr1:77432;Chr1:186328;Chr1:212349;Chr1:213164;Chr1:333456;Chr1:292811;Chr1:299198;Chr1:335659;Chr1:336525;Chr1:340985;Chr1:344332;Chr1:372408;Chr1:372812;Chr1:395561;Chr1:384003;Chr1:391714;Chr1:402840;Chr1:403204;Chr1:424371	Chr1:32647;Chr1:49963;Chr1:289336;Chr1:77432;Chr1:213164;Chr1:292811;Chr1:336525;Chr1:372408;Chr1:403204	Chr1:126132	TRUE	TRUE	TRUE	1	1	FALSE	FALSE	3	3	3	1	2	4
nobgs_V2_c1_rep1_env4	lfmm_simes	Chr1	721658	725182	4	1	Chr1:721658;Chr1:724371;Chr1:724859;Chr1:725182	Chr1:724371	""	FALSE	FALSE	TRUE	0	1	FALSE	FALSE	2	2	2	1	2	4
nobgs_V2_c1_rep1_env5	emmax_consensus	Chr1	2441614	2443176	2	1	Chr1:2441614;Chr1:2443176	Chr1:2441614	Chr1:2441614	TRUE	FALSE	FALSE	0	0	FALSE	FALSE	1	1	1	1	2	4
nobgs_V2_c1_rep1_env5	emmax_consensus	Chr1	2456259	2459587	2	1	Chr1:2456259;Chr1:2459587	Chr1:2456259	Chr1:2441614	TRUE	FALSE	FALSE	0	0	FALSE	FALSE	1	1	1	1	2	4
nobgs_V2_c1_rep1_env5	emmax_simes	Chr1	2441614	2443176	2	1	Chr1:2441614;Chr1:2443176	Chr1:2441614	Chr1:2441614	TRUE	FALSE	FALSE	0	0	FALSE	FALSE	1	1	1	1	2	4
nobgs_V2_c1_rep1_env5	lfmm_simes	Chr1	2441614	2443176	2	1	Chr1:2441614;Chr1:2443176	Chr1:2441614	Chr1:2441614	TRUE	TRUE	FALSE	1	0	FALSE	FALSE	2	2	2	1	2	4
nobgs_V2_c1_rep1_env6	lfmm_simes	Chr1	15538369	15625528	10	1	Chr1:15538369;Chr1:15547154;Chr1:15569360;Chr1:15586927;Chr1:15599462;Chr1:15602832;Chr1:15604097;Chr1:15615863;Chr1:15622586;Chr1:15625528	Chr1:15615863	Chr1:15547154	TRUE	TRUE	TRUE	1	1	FALSE	FALSE	3	3	3	1	2	4
nobgs_V2_c1_rep1_env6	lfmm_simes	Chr1	22027299	22028571	2	1	Chr1:22027299;Chr1:22028571	Chr1:22027299	""	FALSE	TRUE	FALSE	1	0	FALSE	FALSE	2	2	2	1	2	4
nobgs_V2_c1_rep1_env6	lfmm_simes	Chr1	22083470	22085931	2	1	Chr1:22083470;Chr1:22085931	Chr1:22083470	""	FALSE	TRUE	FALSE	1	0	FALSE	FALSE	2	2	2	1	2	4
nobgs_V2_c1_rep1_env6	lfmm_simes	Chr1	26301439	26307333	2	1	Chr1:26301439;Chr1:26307333	Chr1:26301439	""	FALSE	FALSE	FALSE	0	0	FALSE	FALSE	1	1	1	1	2	4
nobgs_V2_c1_rep1_env6	lfmm_simes	Chr2	13630732	13648503	4	1	Chr2:13630732;Chr2:13634000;Chr2:13642678;Chr2:13648503	Chr2:13634000	""	FALSE	FALSE	TRUE	0	1	FALSE	FALSE	2	2	2	1	2	4
nobgs_V2_c1_rep1_env6	lfmm_simes	Chr2	16104177	16160900	3	1	Chr2:16104177;Chr2:16113688;Chr2:16160900	Chr2:16113688	""	FALSE	TRUE	FALSE	1	0	FALSE	FALSE	2	2	2	1	2	4
nobgs_V2_c1_rep1_env6	lfmm_simes	Chr2	20892139	20893719	2	1	Chr2:20892139;Chr2:20893719	Chr2:20892139	""	FALSE	TRUE	FALSE	1	0	FALSE	FALSE	2	2	2	1	2	4
nobgs_V2_c1_rep1_env6	lfmm_simes	Chr2	22103092	22108965	3	1	Chr2:22103092;Chr2:22105939;Chr2:22108965	Chr2:22105939	""	FALSE	FALSE	FALSE	0	0	FALSE	FALSE	1	1	1	1	2	4
nobgs_V2_c1_rep2_env1	emmax_consensus	Chr1	13786906	14040133	15	3	Chr1:13786906;Chr1:13817782;Chr1:13861874;Chr1:13888528;Chr1:13892886;Chr1:13895559;Chr1:13899779;Chr1:13928342;Chr1:13933209;Chr1:13996421;Chr1:14025610;Chr1:14027259;Chr1:14002055;Chr1:14038249;Chr1:14040133	Chr1:13786906;Chr1:13933209;Chr1:14038249	Chr1:13888528	TRUE	TRUE	TRUE	1	1	FALSE	FALSE	3	3	3	1	2	4
nobgs_V2_c1_rep2_env1	emmax_consensus	Chr1	14297338	14529279	16	2	Chr1:14297338;Chr1:14321262;Chr1:14363174;Chr1:14375515;Chr1:14395218;Chr1:14425125;Chr1:14441885;Chr1:14451919;Chr1:14462461;Chr1:14476302;Chr1:14482188;Chr1:14489861;Chr1:14490544;Chr1:14511655;Chr1:14529254;Chr1:14529279	Chr1:14375515;Chr1:14489861	""	FALSE	TRUE	TRUE	1	1	FALSE	FALSE	3	3	3	1	2	4
nobgs_V2_c1_rep2_env1	emmax_consensus	Chr1	14720715	14909379	4	1	Chr1:14720715;Chr1:14726388;Chr1:14727488;Chr1:14909379	Chr1:14720715	""	FALSE	FALSE	TRUE	0	1	FALSE	FALSE	2	2	2	1	2	4
nobgs_V2_c1_rep2_env1	emmax_consensus	Chr1	14971146	15129605	12	1	Chr1:14971146;Chr1:14984070;Chr1:14989287;Chr1:15000244;Chr1:15002593;Chr1:15051087;Chr1:15061161;Chr1:15069095;Chr1:15088786;Chr1:15092816;Chr1:15101906;Chr1:15129605	Chr1:15051087	""	FALSE	FALSE	TRUE	0	1	FALSE	FALSE	2	2	2	1	2	4
nobgs_V2_c1_rep2_env1	emmax_simes	Chr1	13888528	14040133	12	2	Chr1:13888528;Chr1:13892886;Chr1:13895559;Chr1:13899779;Chr1:13928342;Chr1:13933209;Chr1:13996421;Chr1:14025610;Chr1:14027259;Chr1:14002055;Chr1:14038249;Chr1:14040133	Chr1:13933209;Chr1:14038249	Chr1:13888528	TRUE	TRUE	TRUE	1	1	FALSE	FALSE	3	3	3	1	2	4
nobgs_V2_c1_rep2_env1	emmax_simes	Chr1	14297338	14529279	16	2	Chr1:14297338;Chr1:14321262;Chr1:14363174;Chr1:14375515;Chr1:14395218;Chr1:14425125;Chr1:14441885;Chr1:14451919;Chr1:14462461;Chr1:14476302;Chr1:14482188;Chr1:14489861;Chr1:14490544;Chr1:14511655;Chr1:14529254;Chr1:14529279	Chr1:14375515;Chr1:14489861	""	FALSE	FALSE	TRUE	0	1	FALSE	FALSE	2	2	2	1	2	4
nobgs_V2_c1_rep2_env1	lfmm_simes	Chr1	13786906	14027259	12	2	Chr1:13786906;Chr1:13817782;Chr1:13861874;Chr1:13888528;Chr1:13892886;Chr1:13895559;Chr1:13899779;Chr1:13928342;Chr1:13933209;Chr1:13996421;Chr1:14025610;Chr1:14027259	Chr1:13786906;Chr1:13933209	Chr1:13888528	TRUE	TRUE	TRUE	1	1	FALSE	FALSE	3	3	3	1	2	4
nobgs_V2_c1_rep2_env1	lfmm_simes	Chr1	14462461	14529279	8	1	Chr1:14462461;Chr1:14476302;Chr1:14482188;Chr1:14489861;Chr1:14490544;Chr1:14511655;Chr1:14529254;Chr1:14529279	Chr1:14489861	""	FALSE	FALSE	TRUE	0	1	FALSE	FALSE	2	2	2	1	2	4
nobgs_V2_c1_rep2_env10	emmax_consensus	Chr1	15551612	15676393	6	1	Chr1:15551612;Chr1:15553807;Chr1:15559762;Chr1:15592859;Chr1:15616853;Chr1:15676393	Chr1:15551612	Chr1:15553807	TRUE	TRUE	TRUE	1	1	FALSE	FALSE	3	3	3	1	2	4
nobgs_V2_c1_rep2_env10	emmax_consensus	Chr2	7327766	7345608	4	1	Chr2:7327766;Chr2:7334557;Chr2:7339211;Chr2:7345608	Chr2:7334557	""	FALSE	FALSE	TRUE	0	1	FALSE	FALSE	2	2	2	1	2	4
nobgs_V2_c1_rep2_env10	emmax_simes	Chr1	15551612	15676393	6	1	Chr1:15551612;Chr1:15553807;Chr1:15559762;Chr1:15592859;Chr1:15616853;Chr1:15676393	Chr1:15551612	Chr1:15553807	TRUE	FALSE	TRUE	0	1	FALSE	FALSE	2	2	2	1	2	4
nobgs_V2_c1_rep2_env10	emmax_simes	Chr2	7327766	7345608	4	1	Chr2:7327766;Chr2:7334557;Chr2:7339211;Chr2:7345608	Chr2:7334557	""	FALSE	FALSE	TRUE	0	1	FALSE	FALSE	2	2	2	1	2	4
nobgs_V2_c1_rep2_env10	lfmm_simes	Chr1	15551612	15676393	6	1	Chr1:15551612;Chr1:15553807;Chr1:15559762;Chr1:15592859;Chr1:15616853;Chr1:15676393	Chr1:15551612	Chr1:15553807	TRUE	TRUE	TRUE	1	1	FALSE	FALSE	3	3	3	1	2	4
nobgs_V2_c1_rep2_env10	lfmm_simes	Chr2	7327766	7345608	4	1	Chr2:7327766;Chr2:7334557;Chr2:7339211;Chr2:7345608	Chr2:7334557	""	FALSE	FALSE	TRUE	0	1	FALSE	FALSE	2	2	2	1	2	4
nobgs_V2_c1_rep2_env2	emmax_consensus	Chr1	10294119	10750509	20	2	Chr1:10294119;Chr1:10333143;Chr1:10344284;Chr1:10402592;Chr1:10454031;Chr1:10519489;Chr1:10610995;Chr1:10617997;Chr1:10618815;Chr1:10637967;Chr1:10644023;Chr1:10656203;Chr1:10656714;Chr1:10667385;Chr1:10690595;Chr1:10704202;Chr1:10712207;Chr1:10726895;Chr1:10737749;Chr1:10750509	Chr1:10454031;Chr1:10704202	Chr1:10690595	TRUE	TRUE	TRUE	1	1	FALSE	FALSE	3	3	3	1	2	4
nobgs_V2_c1_rep2_env2	emmax_consensus	Chr1	10934731	11125170	18	1	Chr1:10934731;Chr1:10944031;Chr1:10952892;Chr1:10957720;Chr1:10982066;Chr1:11034551;Chr1:11035508;Chr1:11041960;Chr1:11053392;Chr1:11074538;Chr1:11082647;Chr1:11105883;Chr1:11110986;Chr1:11111621;Chr1:11112624;Chr1:11113457;Chr1:11124416;Chr1:11125170	Chr1:11105883	""	FALSE	FALSE	TRUE	0	1	FALSE	FALSE	2	2	2	1	2	4
nobgs_V2_c1_rep2_env2	emmax_consensus	Chr2	2649395	2662537	3	1	Chr2:2649395;Chr2:2659079;Chr2:2662537	Chr2:2662537	""	FALSE	FALSE	FALSE	0	0	FALSE	FALSE	1	1	1	1	2	4
nobgs_V2_c1_rep2_env2	emmax_consensus	Chr2	19009674	19009997	2	1	Chr2:19009674;Chr2:19009997	Chr2:19009674	""	FALSE	TRUE	FALSE	1	0	FALSE	FALSE	2	2	2	1	2	4
nobgs_V2_c1_rep2_env2	emmax_simes	Chr1	10294119	10750509	20	2	Chr1:10294119;Chr1:10333143;Chr1:10344284;Chr1:10402592;Chr1:10454031;Chr1:10519489;Chr1:10610995;Chr1:10617997;Chr1:10618815;Chr1:10637967;Chr1:10644023;Chr1:10656203;Chr1:10656714;Chr1:10667385;Chr1:10690595;Chr1:10704202;Chr1:10712207;Chr1:10726895;Chr1:10737749;Chr1:10750509	Chr1:10454031;Chr1:10704202	Chr1:10690595	TRUE	TRUE	TRUE	1	1	FALSE	FALSE	3	3	3	1	2	4
nobgs_V2_c1_rep2_env2	emmax_simes	Chr2	2649395	2662537	3	1	Chr2:2649395;Chr2:2659079;Chr2:2662537	Chr2:2662537	""	FALSE	FALSE	FALSE	0	0	FALSE	FALSE	1	1	1	1	2	4
nobgs_V2_c1_rep2_env2	emmax_simes	Chr2	19009674	19009997	2	1	Chr2:19009674;Chr2:19009997	Chr2:19009674	""	FALSE	TRUE	FALSE	1	0	FALSE	FALSE	2	2	2	1	2	4
nobgs_V2_c1_rep2_env2	lfmm_simes	Chr1	10294119	10750509	20	2	Chr1:10294119;Chr1:10333143;Chr1:10344284;Chr1:10402592;Chr1:10454031;Chr1:10519489;Chr1:10610995;Chr1:10617997;Chr1:10618815;Chr1:10637967;Chr1:10644023;Chr1:10656203;Chr1:10656714;Chr1:10667385;Chr1:10690595;Chr1:10704202;Chr1:10712207;Chr1:10726895;Chr1:10737749;Chr1:10750509	Chr1:10454031;Chr1:10704202	Chr1:10690595	TRUE	TRUE	TRUE	1	1	FALSE	FALSE	3	3	3	1	2	4
nobgs_V2_c1_rep2_env2	lfmm_simes	Chr1	10931008	11125170	25	2	Chr1:10931008;Chr1:10944981;Chr1:10961028;Chr1:10964247;Chr1:10971182;Chr1:10982936;Chr1:10989078;Chr1:10934731;Chr1:10944031;Chr1:10952892;Chr1:10957720;Chr1:10982066;Chr1:11034551;Chr1:11035508;Chr1:11041960;Chr1:11053392;Chr1:11074538;Chr1:11082647;Chr1:11105883;Chr1:11110986;Chr1:11111621;Chr1:11112624;Chr1:11113457;Chr1:11124416;Chr1:11125170	Chr1:10971182;Chr1:11105883	""	FALSE	TRUE	TRUE	1	1	FALSE	FALSE	3	3	3	1	2	4
nobgs_V2_c1_rep2_env2	lfmm_simes	Chr1	15776831	15802468	2	1	Chr1:15776831;Chr1:15802468	Chr1:15776831	""	FALSE	FALSE	FALSE	0	0	FALSE	FALSE	1	1	1	1	2	4
nobgs_V2_c1_rep2_env2	lfmm_simes	Chr2	19009674	19009997	2	1	Chr2:19009674;Chr2:19009997	Chr2:19009674	""	FALSE	TRUE	FALSE	1	0	FALSE	FALSE	2	2	2	1	2	4
nobgs_V2_c1_rep2_env3	emmax_consensus	Chr1	10549074	11044686	39	4	Chr1:10549074;Chr1:10564286;Chr1:10571953;Chr1:10581798;Chr1:10642344;Chr1:10674052;Chr1:10675138;Chr1:10690595;Chr1:10696170;Chr1:10751539;Chr1:10779716;Chr1:10782391;Chr1:10774663;Chr1:10804447;Chr1:10817252;Chr1:10828533;Chr1:10834894;Chr1:10835338;Chr1:10854331;Chr1:10858984;Chr1:10884604;Chr1:10888929;Chr1:10894148;Chr1:10895369;Chr1:10927253;Chr1:10929549;Chr1:10934260;Chr1:10935145;Chr1:10935621;Chr1:10942929;Chr1:10949118;Chr1:10952022;Chr1:10956287;Chr1:10961982;Chr1:10977334;Chr1:10996701;Chr1:10998388;Chr1:11042027;Chr1:11044686	Chr1:10581798;Chr1:10675138;Chr1:10895369;Chr1:10996701	Chr1:10690595	TRUE	TRUE	TRUE	2	1	FALSE	FALSE	3	3	3	1	2	4
nobgs_V2_c1_rep2_env3	emmax_simes	Chr1	10549074	11044686	39	4	Chr1:10549074;Chr1:10564286;Chr1:10571953;Chr1:10581798;Chr1:10642344;Chr1:10674052;Chr1:10675138;Chr1:10690595;Chr1:10696170;Chr1:10751539;Chr1:10779716;Chr1:10782391;Chr1:10774663;Chr1:10804447;Chr1:10817252;Chr1:10828533;Chr1:10834894;Chr1:10835338;Chr1:10854331;Chr1:10858984;Chr1:10884604;Chr1:10888929;Chr1:10894148;Chr1:10895369;Chr1:10927253;Chr1:10929549;Chr1:10934260;Chr1:10935145;Chr1:10935621;Chr1:10942929;Chr1:10949118;Chr1:10952022;Chr1:10956287;Chr1:10961982;Chr1:10977334;Chr1:10996701;Chr1:10998388;Chr1:11042027;Chr1:11044686	Chr1:10581798;Chr1:10675138;Chr1:10895369;Chr1:10996701	Chr1:10690595	TRUE	TRUE	TRUE	1	1	FALSE	FALSE	3	3	3	1	2	4
nobgs_V2_c1_rep2_env3	lfmm_simes	Chr1	10375294	11044686	42	5	Chr1:10375294;Chr1:10463195;Chr1:10492321;Chr1:10549074;Chr1:10564286;Chr1:10571953;Chr1:10581798;Chr1:10642344;Chr1:10674052;Chr1:10675138;Chr1:10690595;Chr1:10696170;Chr1:10751539;Chr1:10779716;Chr1:10782391;Chr1:10774663;Chr1:10804447;Chr1:10817252;Chr1:10828533;Chr1:10834894;Chr1:10835338;Chr1:10854331;Chr1:10858984;Chr1:10884604;Chr1:10888929;Chr1:10894148;Chr1:10895369;Chr1:10927253;Chr1:10929549;Chr1:10934260;Chr1:10935145;Chr1:10935621;Chr1:10942929;Chr1:10949118;Chr1:10952022;Chr1:10956287;Chr1:10961982;Chr1:10977334;Chr1:10996701;Chr1:10998388;Chr1:11042027;Chr1:11044686	Chr1:10463195;Chr1:10581798;Chr1:10675138;Chr1:10895369;Chr1:10996701	Chr1:10690595	TRUE	TRUE	TRUE	1	1	FALSE	FALSE	3	3	3	1	2	4
nobgs_V2_c1_rep2_env4	emmax_consensus	Chr1	15516504	15751629	28	3	Chr1:15516504;Chr1:15531014;Chr1:15535082;Chr1:15544987;Chr1:15546021;Chr1:15556265;Chr1:15559504;Chr1:15576419;Chr1:15553807;Chr1:15609583;Chr1:15617044;Chr1:15620160;Chr1:15634208;Chr1:15644275;Chr1:15645791;Chr1:15652376;Chr1:15652554;Chr1:15655091;Chr1:15656567;Chr1:15667782;Chr1:15668033;Chr1:15698609;Chr1:15706991;Chr1:15714462;Chr1:15720832;Chr1:15722546;Chr1:15749005;Chr1:15751629	Chr1:15559504;Chr1:15656567;Chr1:15720832	Chr1:15553807	TRUE	TRUE	TRUE	1	1	FALSE	FALSE	3	3	3	1	2	4
nobgs_V2_c1_rep2_env4	emmax_simes	Chr1	15516504	15751629	28	3	Chr1:15516504;Chr1:15531014;Chr1:15535082;Chr1:15544987;Chr1:15546021;Chr1:15556265;Chr1:15559504;Chr1:15576419;Chr1:15553807;Chr1:15609583;Chr1:15617044;Chr1:15620160;Chr1:15634208;Chr1:15644275;Chr1:15645791;Chr1:15652376;Chr1:15652554;Chr1:15655091;Chr1:15656567;Chr1:15667782;Chr1:15668033;Chr1:15698609;Chr1:15706991;Chr1:15714462;Chr1:15720832;Chr1:15722546;Chr1:15749005;Chr1:15751629	Chr1:15559504;Chr1:15656567;Chr1:15720832	Chr1:15553807	TRUE	TRUE	TRUE	1	1	FALSE	FALSE	3	3	3	1	2	4
nobgs_V2_c1_rep2_env4	emmax_simes	Chr1	22670112	22824994	11	1	Chr1:22670112;Chr1:22696135;Chr1:22715550;Chr1:22754056;Chr1:22768795;Chr1:22791401;Chr1:22796772;Chr1:22808210;Chr1:22812198;Chr1:22824809;Chr1:22824994	Chr1:22791401	""	FALSE	FALSE	TRUE	0	1	FALSE	FALSE	2	2	2	1	2	4
nobgs_V2_c1_rep2_env4	lfmm_simes	Chr1	15516504	15751629	28	3	Chr1:15516504;Chr1:15531014;Chr1:15535082;Chr1:15544987;Chr1:15546021;Chr1:15556265;Chr1:15559504;Chr1:15576419;Chr1:15553807;Chr1:15609583;Chr1:15617044;Chr1:15620160;Chr1:15634208;Chr1:15644275;Chr1:15645791;Chr1:15652376;Chr1:15652554;Chr1:15655091;Chr1:15656567;Chr1:15667782;Chr1:15668033;Chr1:15698609;Chr1:15706991;Chr1:15714462;Chr1:15720832;Chr1:15722546;Chr1:15749005;Chr1:15751629	Chr1:15559504;Chr1:15656567;Chr1:15720832	Chr1:15553807	TRUE	TRUE	TRUE	1	1	FALSE	FALSE	3	3	3	1	2	4
nobgs_V2_c1_rep2_env6	lfmm_simes	Chr1	11381574	11498635	21	2	Chr1:11381574;Chr1:11388595;Chr1:11388924;Chr1:11402558;Chr1:11429356;Chr1:11431442;Chr1:11436035;Chr1:11451819;Chr1:11472983;Chr1:11473743;Chr1:11474544;Chr1:11479372;Chr1:11485744;Chr1:11498635;Chr1:11423474;Chr1:11427595;Chr1:11433724;Chr1:11440918;Chr1:11447436;Chr1:11448413;Chr1:11462787	Chr1:11451819;Chr1:11440918	Chr1:11305846	TRUE	FALSE	TRUE	0	1	FALSE	FALSE	2	2	2	1	2	4
nobgs_V2_c1_rep2_env8	emmax_consensus	Chr1	20679329	20682172	2	1	Chr1:20679329;Chr1:20682172	Chr1:20679329	Chr1:20679329	TRUE	FALSE	FALSE	0	0	FALSE	FALSE	1	1	1	1	2	4
nobgs_V2_c1_rep2_env8	lfmm_simes	Chr1	20679329	20682172	2	1	Chr1:20679329;Chr1:20682172	Chr1:20679329	Chr1:20679329	TRUE	TRUE	FALSE	1	0	FALSE	FALSE	2	2	2	1	2	4
nobgs_V2_c1_rep2_env9	emmax_consensus	Chr2	7929314	7929500	2	1	Chr2:7929314;Chr2:7929500	Chr2:7929314	""	FALSE	FALSE	FALSE	0	0	FALSE	FALSE	1	1	1	1	2	4
nobgs_V2_c1_rep2_env9	emmax_simes	Chr2	7929314	7929500	2	1	Chr2:7929314;Chr2:7929500	Chr2:7929314	""	FALSE	FALSE	FALSE	0	0	FALSE	FALSE	1	1	1	1	2	4
nobgs_V2_c1_rep3_env2	emmax_consensus	Chr2	4083070	4089713	3	1	Chr2:4083070;Chr2:4088200;Chr2:4089713	Chr2:4083070	""	FALSE	FALSE	FALSE	0	0	FALSE	FALSE	1	1	1	1	2	4
nobgs_V2_c1_rep3_env2	emmax_simes	Chr1	5579299	5684716	15	1	Chr1:5579299;Chr1:5580899;Chr1:5586405;Chr1:5587627;Chr1:5598487;Chr1:5604536;Chr1:5617790;Chr1:5623238;Chr1:5625603;Chr1:5662231;Chr1:5662386;Chr1:5662951;Chr1:5683231;Chr1:5684212;Chr1:5684716	Chr1:5604536	Chr1:5662386	TRUE	FALSE	TRUE	0	1	FALSE	FALSE	2	2	2	1	2	4
nobgs_V2_c1_rep3_env2	emmax_simes	Chr2	4083070	4089713	3	1	Chr2:4083070;Chr2:4088200;Chr2:4089713	Chr2:4083070	""	FALSE	FALSE	FALSE	0	0	FALSE	FALSE	1	1	1	1	2	4
nobgs_V2_c1_rep3_env2	lfmm_simes	Chr1	5579299	5684716	15	1	Chr1:5579299;Chr1:5580899;Chr1:5586405;Chr1:5587627;Chr1:5598487;Chr1:5604536;Chr1:5617790;Chr1:5623238;Chr1:5625603;Chr1:5662231;Chr1:5662386;Chr1:5662951;Chr1:5683231;Chr1:5684212;Chr1:5684716	Chr1:5604536	Chr1:5662386	TRUE	TRUE	TRUE	1	1	FALSE	FALSE	3	3	3	1	2	4
nobgs_V2_c1_rep3_env2	lfmm_simes	Chr2	4083070	4089713	3	1	Chr2:4083070;Chr2:4088200;Chr2:4089713	Chr2:4083070	""	FALSE	TRUE	FALSE	1	0	FALSE	FALSE	2	2	2	1	2	4
nobgs_V2_c1_rep3_env3	emmax_consensus	Chr1	8536145	8549265	3	1	Chr1:8536145;Chr1:8537055;Chr1:8549265	Chr1:8536145	Chr1:8536145	TRUE	TRUE	FALSE	1	0	FALSE	FALSE	2	2	2	1	2	4
nobgs_V2_c1_rep3_env3	emmax_simes	Chr1	8536145	8549265	3	1	Chr1:8536145;Chr1:8537055;Chr1:8549265	Chr1:8536145	Chr1:8536145	TRUE	TRUE	FALSE	1	0	FALSE	FALSE	2	2	2	1	2	4
nobgs_V2_c1_rep3_env3	lfmm_simes	Chr1	8526413	8549265	5	2	Chr1:8526413;Chr1:8532104;Chr1:8536145;Chr1:8537055;Chr1:8549265	Chr1:8526413;Chr1:8536145	Chr1:8536145	TRUE	TRUE	FALSE	1	0	FALSE	FALSE	2	2	2	1	2	4
nobgs_V2_c1_rep3_env4	emmax_consensus	Chr1	1610247	1723701	4	2	Chr1:1610247;Chr1:1625665;Chr1:1723360;Chr1:1723701	Chr1:1610247;Chr1:1723360	Chr1:1625665	TRUE	TRUE	FALSE	1	0	FALSE	FALSE	2	2	2	1	2	4
nobgs_V2_c1_rep3_env4	emmax_simes	Chr1	1610247	1643757	8	2	Chr1:1610247;Chr1:1625665;Chr1:1633068;Chr1:1633865;Chr1:1635591;Chr1:1638164;Chr1:1641592;Chr1:1643757	Chr1:1610247;Chr1:1638164	Chr1:1625665	TRUE	TRUE	TRUE	1	1	FALSE	FALSE	3	3	3	1	2	4
nobgs_V2_c1_rep3_env4	emmax_simes	Chr1	1723360	1723701	2	1	Chr1:1723360;Chr1:1723701	Chr1:1723360	Chr1:1625665	TRUE	FALSE	FALSE	0	0	FALSE	FALSE	1	1	1	1	2	4
nobgs_V2_c1_rep3_env4	lfmm_simes	Chr1	1610247	1643757	8	2	Chr1:1610247;Chr1:1625665;Chr1:1633068;Chr1:1633865;Chr1:1635591;Chr1:1638164;Chr1:1641592;Chr1:1643757	Chr1:1610247;Chr1:1638164	Chr1:1625665	TRUE	TRUE	TRUE	1	1	FALSE	FALSE	3	3	3	1	2	4
nobgs_V2_c1_rep3_env4	lfmm_simes	Chr1	1723360	1723701	2	1	Chr1:1723360;Chr1:1723701	Chr1:1723360	Chr1:1625665	TRUE	TRUE	FALSE	1	0	FALSE	FALSE	2	2	2	1	2	4
nobgs_V2_c1_rep3_env5	emmax_consensus	Chr1	15044774	15054573	4	1	Chr1:15044774;Chr1:15048225;Chr1:15050060;Chr1:15054573	Chr1:15048225	Chr1:15050060	TRUE	TRUE	TRUE	1	1	FALSE	FALSE	3	3	3	1	2	4
nobgs_V2_c1_rep3_env5	emmax_simes	Chr1	15044774	15069573	7	2	Chr1:15044774;Chr1:15048225;Chr1:15050060;Chr1:15054573;Chr1:15061868;Chr1:15068072;Chr1:15069573	Chr1:15048225;Chr1:15069573	Chr1:15050060	TRUE	TRUE	TRUE	1	1	FALSE	FALSE	3	3	3	1	2	4
nobgs_V2_c1_rep3_env5	lfmm_simes	Chr1	15044774	15069573	7	2	Chr1:15044774;Chr1:15048225;Chr1:15050060;Chr1:15054573;Chr1:15061868;Chr1:15068072;Chr1:15069573	Chr1:15048225;Chr1:15069573	Chr1:15050060	TRUE	TRUE	TRUE	1	1	FALSE	FALSE	3	3	3	1	2	4
nobgs_V2_c1_rep3_env6	emmax_consensus	Chr1	14390138	14394051	2	1	Chr1:14390138;Chr1:14394051	Chr1:14390138	Chr1:14455290	TRUE	FALSE	FALSE	0	0	FALSE	FALSE	1	1	1	1	2	4
nobgs_V2_c1_rep3_env6	emmax_consensus	Chr1	14441967	14458638	7	2	Chr1:14441967;Chr1:14443755;Chr1:14446514;Chr1:14452491;Chr1:14455290;Chr1:14455675;Chr1:14458638	Chr1:14443755;Chr1:14455675	Chr1:14455290	TRUE	TRUE	TRUE	1	1	FALSE	FALSE	3	3	3	1	2	4
nobgs_V2_c1_rep3_env6	emmax_consensus	Chr1	14467810	14471199	3	1	Chr1:14467810;Chr1:14471095;Chr1:14471199	Chr1:14471095	Chr1:14455290	TRUE	TRUE	FALSE	1	0	FALSE	FALSE	2	2	2	1	2	4
nobgs_V2_c1_rep3_env6	emmax_consensus	Chr2	15151619	15152290	2	1	Chr2:15151619;Chr2:15152290	Chr2:15151619	""	FALSE	TRUE	FALSE	1	0	FALSE	FALSE	2	2	2	1	2	4
nobgs_V2_c1_rep3_env6	emmax_simes	Chr1	2371215	2372401	2	1	Chr1:2371215;Chr1:2372401	Chr1:2371215	""	FALSE	FALSE	FALSE	0	0	FALSE	FALSE	1	1	1	1	2	4
nobgs_V2_c1_rep3_env6	emmax_simes	Chr1	14390138	14394051	2	1	Chr1:14390138;Chr1:14394051	Chr1:14390138	Chr1:14455290	TRUE	TRUE	FALSE	1	0	FALSE	FALSE	2	2	2	1	2	4
nobgs_V2_c1_rep3_env6	emmax_simes	Chr1	14441967	14458638	7	2	Chr1:14441967;Chr1:14443755;Chr1:14446514;Chr1:14452491;Chr1:14455290;Chr1:14455675;Chr1:14458638	Chr1:14443755;Chr1:14455675	Chr1:14455290	TRUE	TRUE	TRUE	1	1	FALSE	FALSE	3	3	3	1	2	4
nobgs_V2_c1_rep3_env6	emmax_simes	Chr1	14467810	14471199	3	1	Chr1:14467810;Chr1:14471095;Chr1:14471199	Chr1:14471095	Chr1:14455290	TRUE	FALSE	FALSE	0	0	FALSE	FALSE	1	1	2	1	2	4
nobgs_V2_c1_rep3_env6	emmax_simes	Chr2	15151619	15152290	2	1	Chr2:15151619;Chr2:15152290	Chr2:15151619	""	FALSE	TRUE	FALSE	1	0	FALSE	FALSE	2	2	2	1	2	4
nobgs_V2_c1_rep3_env6	lfmm_simes	Chr1	14373963	14382821	3	1	Chr1:14373963;Chr1:14379345;Chr1:14382821	Chr1:14379345	Chr1:14455290	TRUE	TRUE	FALSE	1	0	FALSE	FALSE	2	2	2	1	2	4
nobgs_V2_c1_rep3_env6	lfmm_simes	Chr1	14390138	14394051	2	1	Chr1:14390138;Chr1:14394051	Chr1:14390138	Chr1:14455290	TRUE	TRUE	FALSE	1	0	FALSE	FALSE	2	2	2	1	2	4
nobgs_V2_c1_rep3_env6	lfmm_simes	Chr1	14403258	14411232	4	1	Chr1:14403258;Chr1:14405203;Chr1:14407374;Chr1:14411232	Chr1:14405203	Chr1:14455290	TRUE	FALSE	TRUE	0	1	FALSE	FALSE	2	2	2	1	2	4
nobgs_V2_c1_rep3_env6	lfmm_simes	Chr1	14441967	14459224	9	3	Chr1:14441967;Chr1:14443755;Chr1:14446514;Chr1:14452491;Chr1:14455290;Chr1:14455675;Chr1:14458638;Chr1:14457122;Chr1:14459224	Chr1:14443755;Chr1:14455675;Chr1:14457122	Chr1:14455290	TRUE	TRUE	TRUE	1	1	FALSE	FALSE	3	3	3	1	2	4
nobgs_V2_c1_rep3_env6	lfmm_simes	Chr1	14467810	14471199	3	1	Chr1:14467810;Chr1:14471095;Chr1:14471199	Chr1:14471095	Chr1:14455290	TRUE	TRUE	FALSE	1	0	FALSE	FALSE	2	2	2	1	2	4
nobgs_V2_c1_rep3_env6	lfmm_simes	Chr1	14499532	14502950	3	1	Chr1:14499532;Chr1:14502939;Chr1:14502950	Chr1:14502950	""	FALSE	FALSE	FALSE	0	0	FALSE	FALSE	1	1	1	1	2	4
nobgs_V2_c1_rep3_env6	lfmm_simes	Chr2	15151619	15152290	2	1	Chr2:15151619;Chr2:15152290	Chr2:15151619	""	FALSE	FALSE	FALSE	0	0	FALSE	FALSE	1	1	1	1	2	4
nobgs_V2_c1_rep3_env7	emmax_consensus	Chr1	3010803	3064299	8	1	Chr1:3010803;Chr1:3021309;Chr1:3034145;Chr1:3035102;Chr1:3048574;Chr1:3050503;Chr1:3053210;Chr1:3064299	Chr1:3021309	Chr1:3010803	TRUE	FALSE	TRUE	0	1	FALSE	FALSE	2	2	2	1	2	4
nobgs_V2_c1_rep3_env7	emmax_simes	Chr1	3010803	3064299	8	1	Chr1:3010803;Chr1:3021309;Chr1:3034145;Chr1:3035102;Chr1:3048574;Chr1:3050503;Chr1:3053210;Chr1:3064299	Chr1:3021309	Chr1:3010803	TRUE	FALSE	TRUE	0	1	FALSE	FALSE	2	2	2	1	2	4
nobgs_V2_c1_rep3_env7	lfmm_simes	Chr1	3010803	3064299	8	1	Chr1:3010803;Chr1:3021309;Chr1:3034145;Chr1:3035102;Chr1:3048574;Chr1:3050503;Chr1:3053210;Chr1:3064299	Chr1:3021309	Chr1:3010803	TRUE	TRUE	TRUE	1	1	FALSE	FALSE	3	3	3	1	2	4
nobgs_V2_c1_rep3_env7	lfmm_simes	Chr2	16291330	16291456	2	1	Chr2:16291330;Chr2:16291456	Chr2:16291330	""	FALSE	FALSE	FALSE	0	0	FALSE	FALSE	1	1	1	1	2	4
nobgs_V2_c1_rep3_env8	emmax_consensus	Chr1	10989694	11008257	8	1	Chr1:10989694;Chr1:10990528;Chr1:10990613;Chr1:10993524;Chr1:11002062;Chr1:11002592;Chr1:11006502;Chr1:11008257	Chr1:10993524	Chr1:10989694	TRUE	TRUE	TRUE	1	1	FALSE	FALSE	3	3	3	1	2	4
nobgs_V2_c1_rep3_env8	emmax_simes	Chr1	10989694	11008257	8	1	Chr1:10989694;Chr1:10990528;Chr1:10990613;Chr1:10993524;Chr1:11002062;Chr1:11002592;Chr1:11006502;Chr1:11008257	Chr1:10993524	Chr1:10989694	TRUE	TRUE	TRUE	1	1	FALSE	FALSE	3	3	3	1	2	4
nobgs_V2_c1_rep3_env8	lfmm_simes	Chr1	10922674	11008257	13	3	Chr1:10922674;Chr1:10930172;Chr1:10960844;Chr1:10963386;Chr1:10966747;Chr1:10989694;Chr1:10990528;Chr1:10990613;Chr1:10993524;Chr1:11002062;Chr1:11002592;Chr1:11006502;Chr1:11008257	Chr1:10922674;Chr1:10966747;Chr1:10993524	Chr1:10989694	TRUE	TRUE	TRUE	1	1	FALSE	FALSE	3	3	3	1	2	4
nobgs_V2_c1_rep3_env8	lfmm_simes	Chr1	15616226	15616896	2	1	Chr1:15616226;Chr1:15616896	Chr1:15616226	""	FALSE	TRUE	FALSE	1	0	FALSE	FALSE	2	2	2	1	2	4
nobgs_V2_c1_rep3_env8	lfmm_simes	Chr1	15749660	15749977	2	1	Chr1:15749660;Chr1:15749977	Chr1:15749660	""	FALSE	TRUE	FALSE	1	0	FALSE	FALSE	2	2	2	1	2	4
nobgs_V2_c1_rep4_env1	emmax_consensus	Chr1	14921021	14956423	4	1	Chr1:14921021;Chr1:14949724;Chr1:14953062;Chr1:14956423	Chr1:14921021	""	FALSE	TRUE	TRUE	1	1	FALSE	FALSE	3	3	3	1	2	4
nobgs_V2_c1_rep4_env1	emmax_consensus	Chr1	19336918	19428771	13	1	Chr1:19336918;Chr1:19345802;Chr1:19355813;Chr1:19357281;Chr1:19357886;Chr1:19358635;Chr1:19363817;Chr1:19375107;Chr1:19376266;Chr1:19376492;Chr1:19379228;Chr1:19415439;Chr1:19428771	Chr1:19363817	Chr1:19379228	TRUE	TRUE	TRUE	1	1	FALSE	FALSE	3	3	3	1	2	4
nobgs_V2_c1_rep4_env1	emmax_consensus	Chr2	11371581	11371621	2	1	Chr2:11371581;Chr2:11371621	Chr2:11371581	""	FALSE	TRUE	FALSE	1	0	FALSE	FALSE	2	2	2	1	2	4
nobgs_V2_c1_rep4_env1	emmax_simes	Chr1	14921021	14956423	4	1	Chr1:14921021;Chr1:14949724;Chr1:14953062;Chr1:14956423	Chr1:14921021	""	FALSE	FALSE	TRUE	0	1	FALSE	FALSE	2	2	2	1	2	4
nobgs_V2_c1_rep4_env1	emmax_simes	Chr1	19336918	19428771	13	1	Chr1:19336918;Chr1:19345802;Chr1:19355813;Chr1:19357281;Chr1:19357886;Chr1:19358635;Chr1:19363817;Chr1:19375107;Chr1:19376266;Chr1:19376492;Chr1:19379228;Chr1:19415439;Chr1:19428771	Chr1:19363817	Chr1:19379228	TRUE	TRUE	TRUE	1	1	FALSE	FALSE	3	3	3	1	2	4
nobgs_V2_c1_rep4_env1	emmax_simes	Chr2	11371581	11371621	2	1	Chr2:11371581;Chr2:11371621	Chr2:11371581	""	FALSE	FALSE	FALSE	0	0	FALSE	FALSE	1	1	1	1	2	4
nobgs_V2_c1_rep4_env1	lfmm_simes	Chr1	19336918	19428771	13	1	Chr1:19336918;Chr1:19345802;Chr1:19355813;Chr1:19357281;Chr1:19357886;Chr1:19358635;Chr1:19363817;Chr1:19375107;Chr1:19376266;Chr1:19376492;Chr1:19379228;Chr1:19415439;Chr1:19428771	Chr1:19363817	Chr1:19379228	TRUE	TRUE	TRUE	1	1	FALSE	FALSE	3	3	3	1	2	4
nobgs_V2_c1_rep4_env1	lfmm_simes	Chr2	11371581	11371621	2	1	Chr2:11371581;Chr2:11371621	Chr2:11371581	""	FALSE	TRUE	FALSE	1	0	FALSE	FALSE	2	2	2	1	2	4
nobgs_V2_c1_rep4_env10	lfmm_simes	Chr1	11106222	11272897	15	2	Chr1:11106222;Chr1:11115858;Chr1:11117677;Chr1:11127850;Chr1:11132853;Chr1:11159044;Chr1:11185762;Chr1:11199661;Chr1:11204716;Chr1:11206573;Chr1:11209509;Chr1:11223054;Chr1:11241106;Chr1:11244730;Chr1:11272897	Chr1:11127850;Chr1:11209509	Chr1:11272897	TRUE	TRUE	TRUE	1	1	FALSE	FALSE	3	3	3	1	2	4
nobgs_V2_c1_rep4_env10	lfmm_simes	Chr2	10890335	10919448	3	1	Chr2:10890335;Chr2:10900642;Chr2:10919448	Chr2:10900642	""	FALSE	TRUE	FALSE	1	0	FALSE	FALSE	2	2	2	1	2	4
nobgs_V2_c1_rep4_env3	emmax_consensus	Chr1	19099295	19128051	3	1	Chr1:19099295;Chr1:19127321;Chr1:19128051	Chr1:19127321	""	FALSE	FALSE	FALSE	0	0	FALSE	FALSE	1	1	1	1	2	4
nobgs_V2_c1_rep4_env3	emmax_consensus	Chr1	21446669	21606768	12	3	Chr1:21446669;Chr1:21450445;Chr1:21463292;Chr1:21476875;Chr1:21480988;Chr1:21487897;Chr1:21493977;Chr1:21509525;Chr1:21511803;Chr1:21585636;Chr1:21589271;Chr1:21606768	Chr1:21480988;Chr1:21487897;Chr1:21589271	Chr1:21463292	TRUE	TRUE	TRUE	1	1	FALSE	FALSE	3	3	3	1	2	4
nobgs_V2_c1_rep4_env3	emmax_simes	Chr1	19099295	19128051	3	1	Chr1:19099295;Chr1:19127321;Chr1:19128051	Chr1:19127321	""	FALSE	FALSE	FALSE	0	0	FALSE	FALSE	1	1	1	1	2	4
nobgs_V2_c1_rep4_env3	emmax_simes	Chr1	21341903	21606768	27	5	Chr1:21341903;Chr1:21347266;Chr1:21349816;Chr1:21364993;Chr1:21372553;Chr1:21381934;Chr1:21382147;Chr1:21389974;Chr1:21411973;Chr1:21418481;Chr1:21419446;Chr1:21427431;Chr1:21429365;Chr1:21431778;Chr1:21441153;Chr1:21446669;Chr1:21450445;Chr1:21463292;Chr1:21476875;Chr1:21480988;Chr1:21487897;Chr1:21493977;Chr1:21509525;Chr1:21511803;Chr1:21585636;Chr1:21589271;Chr1:21606768	Chr1:21372553;Chr1:21427431;Chr1:21480988;Chr1:21487897;Chr1:21589271	Chr1:21463292	TRUE	TRUE	TRUE	1	1	FALSE	FALSE	3	3	3	1	2	4
nobgs_V2_c1_rep4_env3	lfmm_simes	Chr1	19099295	19128051	3	1	Chr1:19099295;Chr1:19127321;Chr1:19128051	Chr1:19127321	""	FALSE	TRUE	FALSE	1	0	FALSE	FALSE	2	2	2	1	2	4
nobgs_V2_c1_rep4_env3	lfmm_simes	Chr1	21305947	21356662	5	1	Chr1:21305947;Chr1:21314168;Chr1:21326937;Chr1:21347510;Chr1:21356662	Chr1:21314168	""	FALSE	FALSE	TRUE	0	1	FALSE	FALSE	2	2	2	1	2	4
nobgs_V2_c1_rep4_env3	lfmm_simes	Chr1	21411973	21606768	19	4	Chr1:21411973;Chr1:21418481;Chr1:21419446;Chr1:21427431;Chr1:21429365;Chr1:21431778;Chr1:21441153;Chr1:21446669;Chr1:21450445;Chr1:21463292;Chr1:21476875;Chr1:21480988;Chr1:21487897;Chr1:21493977;Chr1:21509525;Chr1:21511803;Chr1:21585636;Chr1:21589271;Chr1:21606768	Chr1:21427431;Chr1:21480988;Chr1:21487897;Chr1:21589271	Chr1:21463292	TRUE	TRUE	TRUE	1	1	FALSE	FALSE	3	3	3	1	2	4
nobgs_V2_c1_rep4_env5	lfmm_simes	Chr1	30072896	30088068	4	1	Chr1:30072896;Chr1:30084318;Chr1:30085922;Chr1:30088068	Chr1:30085922	Chr1:30072896	TRUE	TRUE	TRUE	1	1	FALSE	FALSE	3	3	3	1	2	4
nobgs_V2_c1_rep4_env7	emmax_consensus	Chr1	30072896	30079150	2	1	Chr1:30072896;Chr1:30079150	Chr1:30072896	Chr1:30072896	TRUE	TRUE	FALSE	1	0	FALSE	FALSE	2	2	2	1	2	4
nobgs_V2_c1_rep4_env7	emmax_simes	Chr1	30072896	30079150	2	1	Chr1:30072896;Chr1:30079150	Chr1:30072896	Chr1:30072896	TRUE	TRUE	FALSE	1	0	FALSE	FALSE	2	2	2	1	2	4
nobgs_V2_c1_rep4_env7	lfmm_simes	Chr1	30072896	30079150	2	1	Chr1:30072896;Chr1:30079150	Chr1:30072896	Chr1:30072896	TRUE	TRUE	FALSE	1	0	FALSE	FALSE	2	2	2	1	2	4
nobgs_V2_c1_rep4_env8	emmax_consensus	Chr1	24788140	25478159	62	1	Chr1:24788140;Chr1:24796530;Chr1:24818590;Chr1:24835561;Chr1:24837592;Chr1:24839166;Chr1:24842271;Chr1:24850691;Chr1:24852407;Chr1:24859126;Chr1:24861271;Chr1:24863541;Chr1:24891781;Chr1:24905649;Chr1:24908718;Chr1:24915226;Chr1:24916129;Chr1:24916825;Chr1:24917422;Chr1:24920187;Chr1:24942312;Chr1:24946116;Chr1:24957219;Chr1:24959886;Chr1:24961073;Chr1:24966346;Chr1:24970150;Chr1:24973400;Chr1:24977209;Chr1:24983836;Chr1:24993066;Chr1:25006237;Chr1:25011351;Chr1:25037057;Chr1:25057186;Chr1:25062423;Chr1:25070114;Chr1:25126038;Chr1:25141381;Chr1:25143351;Chr1:25159930;Chr1:25170452;Chr1:25172047;Chr1:25197646;Chr1:25201749;Chr1:25205895;Chr1:25213525;Chr1:25231192;Chr1:25238648;Chr1:25273448;Chr1:25282352;Chr1:25300958;Chr1:25301298;Chr1:25304299;Chr1:25328245;Chr1:25344805;Chr1:25346301;Chr1:25360338;Chr1:25374762;Chr1:25464212;Chr1:25470662;Chr1:25478159	Chr1:24961073	Chr1:24917422	TRUE	FALSE	TRUE	0	1	FALSE	FALSE	2	2	2	1	2	4
nobgs_V2_c1_rep4_env8	emmax_consensus	Chr1	26771356	27601145	8	1	Chr1:26771356;Chr1:26818822;Chr1:26851839;Chr1:26915944;Chr1:27170078;Chr1:27199777;Chr1:27528987;Chr1:27601145	Chr1:27170078	""	FALSE	FALSE	TRUE	0	1	FALSE	FALSE	2	2	2	1	2	4
nobgs_V2_c1_rep5_env10	emmax_consensus	Chr2	10026547	10027952	2	1	Chr2:10026547;Chr2:10027952	Chr2:10026547	""	FALSE	TRUE	FALSE	1	0	FALSE	FALSE	2	2	2	1	2	4
nobgs_V2_c1_rep5_env10	emmax_simes	Chr2	10026547	10027952	2	1	Chr2:10026547;Chr2:10027952	Chr2:10026547	""	FALSE	TRUE	FALSE	1	0	FALSE	FALSE	2	2	2	1	2	4
nobgs_V2_c1_rep5_env10	lfmm_simes	Chr2	10026547	10027952	2	1	Chr2:10026547;Chr2:10027952	Chr2:10026547	""	FALSE	TRUE	FALSE	1	0	FALSE	FALSE	2	2	2	1	2	4
nobgs_V2_c1_rep5_env2	emmax_consensus	Chr1	2941560	2981814	5	1	Chr1:2941560;Chr1:2942699;Chr1:2943700;Chr1:2970781;Chr1:2981814	Chr1:2942699	Chr1:2981814	TRUE	FALSE	TRUE	0	1	FALSE	FALSE	2	2	2	1	2	4
nobgs_V2_c1_rep5_env2	emmax_consensus	Chr1	3928755	3929846	2	1	Chr1:3928755;Chr1:3929846	Chr1:3928755	""	FALSE	FALSE	FALSE	0	0	FALSE	FALSE	1	1	1	1	2	4
nobgs_V2_c1_rep5_env2	emmax_simes	Chr1	2941560	2981814	5	1	Chr1:2941560;Chr1:2942699;Chr1:2943700;Chr1:2970781;Chr1:2981814	Chr1:2942699	Chr1:2981814	TRUE	FALSE	TRUE	0	1	FALSE	FALSE	2	2	2	1	2	4
nobgs_V2_c1_rep5_env2	emmax_simes	Chr1	3928755	3929846	2	1	Chr1:3928755;Chr1:3929846	Chr1:3928755	""	FALSE	FALSE	FALSE	0	0	FALSE	FALSE	1	1	1	1	2	4
nobgs_V2_c1_rep5_env2	emmax_simes	Chr1	4888551	4927230	5	1	Chr1:4888551;Chr1:4893182;Chr1:4895896;Chr1:4899298;Chr1:4927230	Chr1:4895896	""	FALSE	FALSE	TRUE	0	1	FALSE	FALSE	2	2	2	1	2	4
nobgs_V2_c1_rep5_env2	emmax_simes	Chr1	9808169	9808891	2	1	Chr1:9808169;Chr1:9808891	Chr1:9808169	""	FALSE	FALSE	FALSE	0	0	FALSE	FALSE	1	1	1	1	2	4
nobgs_V2_c1_rep5_env2	lfmm_simes	Chr1	2941560	3020850	8	2	Chr1:2941560;Chr1:2942699;Chr1:2943700;Chr1:2970781;Chr1:2981814;Chr1:3005025;Chr1:3016046;Chr1:3020850	Chr1:2942699;Chr1:3016046	Chr1:2981814	TRUE	TRUE	TRUE	1	1	FALSE	FALSE	3	3	3	1	2	4
nobgs_V2_c1_rep5_env2	lfmm_simes	Chr1	3928755	3929846	2	1	Chr1:3928755;Chr1:3929846	Chr1:3928755	""	FALSE	FALSE	FALSE	0	0	FALSE	FALSE	1	1	1	1	2	4
nobgs_V2_c1_rep5_env4	emmax_consensus	Chr1	623854	667962	21	1	Chr1:623854;Chr1:628935;Chr1:631328;Chr1:632492;Chr1:634034;Chr1:639083;Chr1:643065;Chr1:644636;Chr1:646986;Chr1:648906;Chr1:650425;Chr1:653888;Chr1:654042;Chr1:655946;Chr1:658310;Chr1:659036;Chr1:659897;Chr1:664525;Chr1:666003;Chr1:667224;Chr1:667962	Chr1:650425	Chr1:650425	TRUE	TRUE	TRUE	1	1	FALSE	FALSE	3	3	3	1	2	4
nobgs_V2_c1_rep5_env4	emmax_simes	Chr1	623854	667962	21	1	Chr1:623854;Chr1:628935;Chr1:631328;Chr1:632492;Chr1:634034;Chr1:639083;Chr1:643065;Chr1:644636;Chr1:646986;Chr1:648906;Chr1:650425;Chr1:653888;Chr1:654042;Chr1:655946;Chr1:658310;Chr1:659036;Chr1:659897;Chr1:664525;Chr1:666003;Chr1:667224;Chr1:667962	Chr1:650425	Chr1:650425	TRUE	TRUE	TRUE	1	1	FALSE	FALSE	3	3	3	1	2	4
nobgs_V2_c1_rep5_env4	lfmm_simes	Chr1	552031	590681	13	1	Chr1:552031;Chr1:560608;Chr1:561347;Chr1:561884;Chr1:564553;Chr1:565258;Chr1:568627;Chr1:574060;Chr1:577983;Chr1:580196;Chr1:580266;Chr1:585436;Chr1:590681	Chr1:561347	Chr1:650425	TRUE	FALSE	TRUE	0	1	FALSE	FALSE	2	2	2	1	2	4
nobgs_V2_c1_rep5_env4	lfmm_simes	Chr1	595482	605699	5	1	Chr1:595482;Chr1:595677;Chr1:600465;Chr1:601258;Chr1:605699	Chr1:595677	Chr1:650425	TRUE	TRUE	TRUE	1	1	FALSE	FALSE	3	3	3	1	2	4
nobgs_V2_c1_rep5_env4	lfmm_simes	Chr1	623854	829929	62	6	Chr1:623854;Chr1:628935;Chr1:631328;Chr1:632492;Chr1:634034;Chr1:639083;Chr1:643065;Chr1:644636;Chr1:646986;Chr1:648906;Chr1:650425;Chr1:653888;Chr1:654042;Chr1:655946;Chr1:658310;Chr1:659036;Chr1:659897;Chr1:664525;Chr1:666003;Chr1:667224;Chr1:667962;Chr1:658538;Chr1:658686;Chr1:670028;Chr1:670609;Chr1:670630;Chr1:671922;Chr1:673782;Chr1:673940;Chr1:675664;Chr1:678450;Chr1:681648;Chr1:682370;Chr1:684338;Chr1:685390;Chr1:705690;Chr1:708651;Chr1:711071;Chr1:716585;Chr1:720441;Chr1:726585;Chr1:727224;Chr1:727972;Chr1:738799;Chr1:741112;Chr1:747115;Chr1:753872;Chr1:753991;Chr1:758742;Chr1:763357;Chr1:765096;Chr1:771738;Chr1:774732;Chr1:776347;Chr1:778963;Chr1:784483;Chr1:785632;Chr1:789385;Chr1:809255;Chr1:809835;Chr1:814948;Chr1:829929	Chr1:650425;Chr1:658538;Chr1:670609;Chr1:708651;Chr1:727972;Chr1:765096	Chr1:650425	TRUE	TRUE	TRUE	2	1	FALSE	FALSE	3	3	3	1	2	4
nobgs_V2_c1_rep5_env5	emmax_consensus	Chr1	8398420	8401614	3	1	Chr1:8398420;Chr1:8398488;Chr1:8401614	Chr1:8398420	Chr1:8401614	TRUE	FALSE	FALSE	0	0	FALSE	FALSE	1	1	1	1	2	4
nobgs_V2_c1_rep5_env5	emmax_simes	Chr1	8398420	8401614	3	1	Chr1:8398420;Chr1:8398488;Chr1:8401614	Chr1:8398420	Chr1:8401614	TRUE	TRUE	FALSE	1	0	FALSE	FALSE	2	2	2	1	2	4
nobgs_V2_c1_rep5_env5	lfmm_simes	Chr1	8398420	8401614	3	1	Chr1:8398420;Chr1:8398488;Chr1:8401614	Chr1:8398420	Chr1:8401614	TRUE	TRUE	FALSE	1	0	FALSE	FALSE	2	2	2	1	2	4
nobgs_V2_c1_rep5_env6	lfmm_simes	Chr2	9215141	9227215	2	1	Chr2:9215141;Chr2:9227215	Chr2:9215141	""	FALSE	TRUE	FALSE	1	0	FALSE	FALSE	2	2	2	1	2	4
nobgs_V2_c1_rep5_env7	emmax_consensus	Chr1	4208519	4237396	5	1	Chr1:4208519;Chr1:4218023;Chr1:4218790;Chr1:4219844;Chr1:4237396	Chr1:4218023	Chr1:4237396	TRUE	TRUE	TRUE	1	1	FALSE	FALSE	3	3	3	1	2	4
nobgs_V2_c1_rep5_env7	emmax_simes	Chr1	4208519	4237396	5	1	Chr1:4208519;Chr1:4218023;Chr1:4218790;Chr1:4219844;Chr1:4237396	Chr1:4218023	Chr1:4237396	TRUE	TRUE	TRUE	1	1	FALSE	FALSE	3	3	3	1	2	4
nobgs_V2_c1_rep5_env7	lfmm_simes	Chr1	4208519	4237396	5	1	Chr1:4208519;Chr1:4218023;Chr1:4218790;Chr1:4219844;Chr1:4237396	Chr1:4218023	Chr1:4237396	TRUE	TRUE	TRUE	1	1	FALSE	FALSE	3	3	3	1	2	4
nobgs_V2_c1_rep5_env8	lfmm_simes	Chr2	4011030	4069561	3	1	Chr2:4011030;Chr2:4016247;Chr2:4069561	Chr2:4016247	""	FALSE	TRUE	FALSE	1	0	FALSE	FALSE	2	2	2	1	2	4
nobgs_V2_c1_rep5_env9	lfmm_simes	Chr1	2980682	2981605	2	1	Chr1:2980682;Chr1:2981605	Chr1:2980682	""	FALSE	TRUE	FALSE	1	0	FALSE	FALSE	2	2	2	1	2	4
nobgs_V2_c1_rep6_env10	lfmm_simes	Chr1	3957132	4012677	5	1	Chr1:3957132;Chr1:3959698;Chr1:3969672;Chr1:3992895;Chr1:4012677	Chr1:3969672	Chr1:4012677	TRUE	FALSE	TRUE	0	1	FALSE	FALSE	2	2	2	1	2	4
nobgs_V2_c1_rep6_env2	emmax_consensus	Chr1	3959698	4012677	3	1	Chr1:3959698;Chr1:3969672;Chr1:4012677	Chr1:3969672	Chr1:4012677	TRUE	FALSE	FALSE	0	0	FALSE	FALSE	1	1	1	1	2	4
nobgs_V2_c1_rep6_env2	emmax_consensus	Chr1	10436650	10582434	23	3	Chr1:10436650;Chr1:10441082;Chr1:10445097;Chr1:10453040;Chr1:10504492;Chr1:10522297;Chr1:10529659;Chr1:10533352;Chr1:10537682;Chr1:10538635;Chr1:10540394;Chr1:10543165;Chr1:10543989;Chr1:10545461;Chr1:10551607;Chr1:10553463;Chr1:10556100;Chr1:10559094;Chr1:10567434;Chr1:10573306;Chr1:10578162;Chr1:10579463;Chr1:10582434	Chr1:10441082;Chr1:10533352;Chr1:10578162	Chr1:10556100	TRUE	TRUE	TRUE	1	1	FALSE	FALSE	3	3	3	1	2	4
nobgs_V2_c1_rep6_env2	emmax_consensus	Chr1	10477835	10480094	2	1	Chr1:10477835;Chr1:10480094	Chr1:10477835	""	FALSE	FALSE	FALSE	0	0	FALSE	FALSE	1	1	2	1	2	4
nobgs_V2_c1_rep6_env2	emmax_consensus	Chr1	10704812	10786281	7	2	Chr1:10704812;Chr1:10715734;Chr1:10775755;Chr1:10778518;Chr1:10779491;Chr1:10782408;Chr1:10786281	Chr1:10704812;Chr1:10778518	""	FALSE	TRUE	TRUE	1	1	FALSE	FALSE	3	3	3	1	2	4
nobgs_V2_c1_rep6_env2	emmax_consensus	Chr1	11335300	11336451	2	1	Chr1:11335300;Chr1:11336451	Chr1:11335300	""	FALSE	FALSE	FALSE	0	0	FALSE	FALSE	1	1	1	1	2	4
nobgs_V2_c1_rep6_env2	emmax_simes	Chr1	10504492	10582434	19	2	Chr1:10504492;Chr1:10522297;Chr1:10529659;Chr1:10533352;Chr1:10537682;Chr1:10538635;Chr1:10540394;Chr1:10543165;Chr1:10543989;Chr1:10545461;Chr1:10551607;Chr1:10553463;Chr1:10556100;Chr1:10559094;Chr1:10567434;Chr1:10573306;Chr1:10578162;Chr1:10579463;Chr1:10582434	Chr1:10533352;Chr1:10578162	Chr1:10556100	TRUE	TRUE	TRUE	1	1	FALSE	FALSE	3	3	3	1	2	4
nobgs_V2_c1_rep6_env2	emmax_simes	Chr1	10704812	10786281	7	2	Chr1:10704812;Chr1:10715734;Chr1:10775755;Chr1:10778518;Chr1:10779491;Chr1:10782408;Chr1:10786281	Chr1:10704812;Chr1:10778518	""	FALSE	TRUE	TRUE	1	1	FALSE	FALSE	3	3	3	1	2	4
nobgs_V2_c1_rep6_env2	lfmm_simes	Chr1	10436650	10582434	23	3	Chr1:10436650;Chr1:10441082;Chr1:10445097;Chr1:10453040;Chr1:10504492;Chr1:10522297;Chr1:10529659;Chr1:10533352;Chr1:10537682;Chr1:10538635;Chr1:10540394;Chr1:10543165;Chr1:10543989;Chr1:10545461;Chr1:10551607;Chr1:10553463;Chr1:10556100;Chr1:10559094;Chr1:10567434;Chr1:10573306;Chr1:10578162;Chr1:10579463;Chr1:10582434	Chr1:10441082;Chr1:10533352;Chr1:10578162	Chr1:10556100	TRUE	TRUE	TRUE	1	1	FALSE	FALSE	3	3	3	1	2	4
nobgs_V2_c1_rep6_env2	lfmm_simes	Chr1	10704812	10786281	7	2	Chr1:10704812;Chr1:10715734;Chr1:10775755;Chr1:10778518;Chr1:10779491;Chr1:10782408;Chr1:10786281	Chr1:10704812;Chr1:10778518	""	FALSE	TRUE	TRUE	1	1	FALSE	FALSE	3	3	3	1	2	4
nobgs_V2_c1_rep6_env3	emmax_consensus	Chr1	3957132	4012677	4	1	Chr1:3957132;Chr1:3959698;Chr1:3969672;Chr1:4012677	Chr1:3969672	Chr1:4012677	TRUE	TRUE	TRUE	1	1	FALSE	FALSE	3	3	3	1	2	4
nobgs_V2_c1_rep6_env3	emmax_simes	Chr1	3957132	4012677	4	1	Chr1:3957132;Chr1:3959698;Chr1:3969672;Chr1:4012677	Chr1:3969672	Chr1:4012677	TRUE	TRUE	TRUE	1	1	FALSE	FALSE	3	3	3	1	2	4
nobgs_V2_c1_rep6_env3	lfmm_simes	Chr1	3957132	4012677	4	1	Chr1:3957132;Chr1:3959698;Chr1:3969672;Chr1:4012677	Chr1:3969672	Chr1:4012677	TRUE	TRUE	TRUE	1	1	FALSE	FALSE	3	3	3	1	2	4
nobgs_V2_c1_rep6_env5	emmax_consensus	Chr1	11048165	11209697	28	3	Chr1:11048165;Chr1:11048675;Chr1:11057643;Chr1:11061167;Chr1:11063687;Chr1:11067535;Chr1:11076922;Chr1:11086464;Chr1:11089566;Chr1:11089993;Chr1:11094895;Chr1:11117493;Chr1:11129296;Chr1:11138113;Chr1:11151111;Chr1:11153996;Chr1:11132421;Chr1:11152317;Chr1:11166944;Chr1:11173954;Chr1:11174210;Chr1:11176060;Chr1:11186916;Chr1:11187902;Chr1:11194556;Chr1:11201058;Chr1:11204532;Chr1:11209697	Chr1:11076922;Chr1:11138113;Chr1:11186916	Chr1:11132421	TRUE	TRUE	TRUE	1	1	FALSE	FALSE	3	3	3	1	2	4
nobgs_V2_c1_rep6_env5	emmax_simes	Chr1	10994733	11209697	33	4	Chr1:10994733;Chr1:10994905;Chr1:11002556;Chr1:11020214;Chr1:11030639;Chr1:11048165;Chr1:11048675;Chr1:11057643;Chr1:11061167;Chr1:11063687;Chr1:11067535;Chr1:11076922;Chr1:11086464;Chr1:11089566;Chr1:11089993;Chr1:11094895;Chr1:11117493;Chr1:11129296;Chr1:11138113;Chr1:11151111;Chr1:11153996;Chr1:11132421;Chr1:11152317;Chr1:11166944;Chr1:11173954;Chr1:11174210;Chr1:11176060;Chr1:11186916;Chr1:11187902;Chr1:11194556;Chr1:11201058;Chr1:11204532;Chr1:11209697	Chr1:11002556;Chr1:11076922;Chr1:11138113;Chr1:11186916	Chr1:11132421	TRUE	TRUE	TRUE	1	1	FALSE	FALSE	3	3	3	1	2	4
nobgs_V2_c1_rep6_env5	lfmm_simes	Chr1	10994733	11209697	33	4	Chr1:10994733;Chr1:10994905;Chr1:11002556;Chr1:11020214;Chr1:11030639;Chr1:11048165;Chr1:11048675;Chr1:11057643;Chr1:11061167;Chr1:11063687;Chr1:11067535;Chr1:11076922;Chr1:11086464;Chr1:11089566;Chr1:11089993;Chr1:11094895;Chr1:11117493;Chr1:11129296;Chr1:11138113;Chr1:11151111;Chr1:11153996;Chr1:11132421;Chr1:11152317;Chr1:11166944;Chr1:11173954;Chr1:11174210;Chr1:11176060;Chr1:11186916;Chr1:11187902;Chr1:11194556;Chr1:11201058;Chr1:11204532;Chr1:11209697	Chr1:11002556;Chr1:11076922;Chr1:11138113;Chr1:11186916	Chr1:11132421	TRUE	TRUE	TRUE	1	1	FALSE	FALSE	3	3	3	1	2	4
nobgs_V2_c1_rep6_env8	emmax_consensus	Chr1	14633779	14634204	2	1	Chr1:14633779;Chr1:14634204	Chr1:14633779	Chr1:14653602	TRUE	TRUE	FALSE	1	0	FALSE	FALSE	2	2	2	1	2	4
nobgs_V2_c1_rep6_env8	emmax_consensus	Chr1	14650950	14653602	3	1	Chr1:14650950;Chr1:14652554;Chr1:14653602	Chr1:14652554	Chr1:14653602	TRUE	TRUE	FALSE	1	0	FALSE	FALSE	2	2	2	1	2	4
nobgs_V2_c1_rep6_env8	emmax_simes	Chr1	14633779	14634204	2	1	Chr1:14633779;Chr1:14634204	Chr1:14633779	Chr1:14653602	TRUE	TRUE	FALSE	1	0	FALSE	FALSE	2	2	2	1	2	4
nobgs_V2_c1_rep6_env8	emmax_simes	Chr1	14650950	14653602	3	1	Chr1:14650950;Chr1:14652554;Chr1:14653602	Chr1:14652554	Chr1:14653602	TRUE	TRUE	FALSE	1	0	FALSE	FALSE	2	2	2	1	2	4
nobgs_V2_c1_rep6_env8	lfmm_simes	Chr1	14633779	14634204	2	1	Chr1:14633779;Chr1:14634204	Chr1:14633779	Chr1:14653602	TRUE	TRUE	FALSE	1	0	FALSE	FALSE	2	2	2	1	2	4
nobgs_V2_c1_rep6_env8	lfmm_simes	Chr1	14650950	14653602	3	1	Chr1:14650950;Chr1:14652554;Chr1:14653602	Chr1:14652554	Chr1:14653602	TRUE	TRUE	FALSE	1	0	FALSE	FALSE	2	2	2	1	2	4
nobgs_V2_c1_rep7_env1	emmax_consensus	Chr1	15062542	15529944	14	1	Chr1:15062542;Chr1:15073424;Chr1:15083907;Chr1:15169360;Chr1:15224385;Chr1:15244057;Chr1:15247163;Chr1:15492867;Chr1:15495558;Chr1:15499374;Chr1:15501930;Chr1:15514901;Chr1:15516732;Chr1:15529944	Chr1:15247163	Chr1:15244057	TRUE	TRUE	TRUE	1	1	FALSE	FALSE	3	3	3	1	2	4
nobgs_V2_c1_rep7_env1	emmax_simes	Chr1	15062542	15529944	14	1	Chr1:15062542;Chr1:15073424;Chr1:15083907;Chr1:15169360;Chr1:15224385;Chr1:15244057;Chr1:15247163;Chr1:15492867;Chr1:15495558;Chr1:15499374;Chr1:15501930;Chr1:15514901;Chr1:15516732;Chr1:15529944	Chr1:15247163	Chr1:15244057	TRUE	TRUE	TRUE	1	1	FALSE	FALSE	3	3	3	1	2	4
nobgs_V2_c1_rep7_env1	lfmm_simes	Chr1	15062542	15529944	14	1	Chr1:15062542;Chr1:15073424;Chr1:15083907;Chr1:15169360;Chr1:15224385;Chr1:15244057;Chr1:15247163;Chr1:15492867;Chr1:15495558;Chr1:15499374;Chr1:15501930;Chr1:15514901;Chr1:15516732;Chr1:15529944	Chr1:15247163	Chr1:15244057	TRUE	TRUE	TRUE	1	1	FALSE	FALSE	3	3	3	1	2	4
nobgs_V2_c1_rep7_env2	emmax_consensus	Chr1	14091644	14239873	5	1	Chr1:14091644;Chr1:14152288;Chr1:14232565;Chr1:14234982;Chr1:14239873	Chr1:14239873	""	FALSE	FALSE	TRUE	0	1	FALSE	FALSE	2	2	2	1	2	4
nobgs_V2_c1_rep7_env2	emmax_simes	Chr1	14091644	14239873	5	1	Chr1:14091644;Chr1:14152288;Chr1:14232565;Chr1:14234982;Chr1:14239873	Chr1:14239873	""	FALSE	FALSE	TRUE	0	1	FALSE	FALSE	2	2	2	1	2	4
nobgs_V2_c1_rep7_env2	lfmm_simes	Chr1	14091644	14239873	5	1	Chr1:14091644;Chr1:14152288;Chr1:14232565;Chr1:14234982;Chr1:14239873	Chr1:14239873	""	FALSE	TRUE	TRUE	1	1	FALSE	FALSE	3	3	3	1	2	4
nobgs_V2_c1_rep7_env2	lfmm_simes	Chr1	16210380	16490960	18	2	Chr1:16210380;Chr1:16211401;Chr1:16217938;Chr1:16258070;Chr1:16261950;Chr1:16277207;Chr1:16291491;Chr1:16307934;Chr1:16321370;Chr1:16365303;Chr1:16372158;Chr1:16414791;Chr1:16422112;Chr1:16439673;Chr1:16451068;Chr1:16460249;Chr1:16487870;Chr1:16490960	Chr1:16210380;Chr1:16439673	""	FALSE	TRUE	TRUE	1	1	FALSE	FALSE	3	3	3	1	2	4
nobgs_V2_c1_rep7_env3	emmax_consensus	Chr1	14146033	15071466	82	5	Chr1:14146033;Chr1:14151079;Chr1:14151178;Chr1:14162695;Chr1:14178671;Chr1:14194933;Chr1:14196551;Chr1:14200569;Chr1:14229065;Chr1:14272449;Chr1:14276680;Chr1:14293860;Chr1:14295502;Chr1:14301416;Chr1:14304377;Chr1:14306647;Chr1:14326292;Chr1:14330428;Chr1:14354093;Chr1:14366933;Chr1:14378027;Chr1:14410454;Chr1:14411462;Chr1:14418860;Chr1:14421808;Chr1:14431240;Chr1:14440372;Chr1:14456039;Chr1:14463346;Chr1:14464940;Chr1:14471556;Chr1:14492770;Chr1:14510476;Chr1:14514741;Chr1:14530660;Chr1:14535970;Chr1:14552584;Chr1:14555672;Chr1:14570114;Chr1:14574761;Chr1:14590743;Chr1:14591219;Chr1:14637029;Chr1:14641167;Chr1:14650064;Chr1:14692727;Chr1:14723919;Chr1:14670523;Chr1:14694489;Chr1:14754609;Chr1:14773172;Chr1:14774321;Chr1:14781649;Chr1:14784851;Chr1:14795189;Chr1:14816004;Chr1:14816956;Chr1:14817661;Chr1:14825677;Chr1:14853415;Chr1:14865197;Chr1:14883375;Chr1:14887069;Chr1:14892401;Chr1:14906508;Chr1:14915676;Chr1:14933912;Chr1:14941952;Chr1:14947344;Chr1:14994966;Chr1:15004780;Chr1:15008527;Chr1:15015083;Chr1:15018778;Chr1:15025183;Chr1:15038958;Chr1:15041789;Chr1:15046465;Chr1:15071466;Chr1:14818737;Chr1:14823041;Chr1:14831355	Chr1:14162695;Chr1:14431240;Chr1:14590743;Chr1:14887069;Chr1:14818737	""	FALSE	TRUE	TRUE	1	1	FALSE	FALSE	3	3	3	1	2	4
nobgs_V2_c1_rep7_env3	emmax_consensus	Chr1	15048476	16027286	132	10	Chr1:15048476;Chr1:15059983;Chr1:15065232;Chr1:15096771;Chr1:15097134;Chr1:15099092;Chr1:15105967;Chr1:15137363;Chr1:15152660;Chr1:15156281;Chr1:15156294;Chr1:15160821;Chr1:15162514;Chr1:15169401;Chr1:15174617;Chr1:15176967;Chr1:15179725;Chr1:15197048;Chr1:15210628;Chr1:15213204;Chr1:15214651;Chr1:15224856;Chr1:15228865;Chr1:15241293;Chr1:15242080;Chr1:15252620;Chr1:15257031;Chr1:15272464;Chr1:15273513;Chr1:15287476;Chr1:15288278;Chr1:15291172;Chr1:15295607;Chr1:15309164;Chr1:15315040;Chr1:15317373;Chr1:15321844;Chr1:15324057;Chr1:15341802;Chr1:15361633;Chr1:15365091;Chr1:15386672;Chr1:15395446;Chr1:15415586;Chr1:15423798;Chr1:15436960;Chr1:15443049;Chr1:15468027;Chr1:15473427;Chr1:15486255;Chr1:15496570;Chr1:15501912;Chr1:15522244;Chr1:15522401;Chr1:15522677;Chr1:15536397;Chr1:15538111;Chr1:15543298;Chr1:15555792;Chr1:15559234;Chr1:15563788;Chr1:15568666;Chr1:15570404;Chr1:15099082;Chr1:15146196;Chr1:15155026;Chr1:15157574;Chr1:15166030;Chr1:15191477;Chr1:15200210;Chr1:15221147;Chr1:15304662;Chr1:15316722;Chr1:15319837;Chr1:15350325;Chr1:15389834;Chr1:15391739;Chr1:15399240;Chr1:15469089;Chr1:15478107;Chr1:15510600;Chr1:15576963;Chr1:15585568;Chr1:15586289;Chr1:15596858;Chr1:15599037;Chr1:15610048;Chr1:15615206;Chr1:15615894;Chr1:15620959;Chr1:15622026;Chr1:15622281;Chr1:15627221;Chr1:15629216;Chr1:15637632;Chr1:15597998;Chr1:15684001;Chr1:15685478;Chr1:15685613;Chr1:15687089;Chr1:15691315;Chr1:15694166;Chr1:15695072;Chr1:15704630;Chr1:15732475;Chr1:15736685;Chr1:15749207;Chr1:15750547;Chr1:15755495;Chr1:15758050;Chr1:15760892;Chr1:15763154;Chr1:15765778;Chr1:15765781;Chr1:15786857;Chr1:15820661;Chr1:15834267;Chr1:15837391;Chr1:15841622;Chr1:15851148;Chr1:15863790;Chr1:15880778;Chr1:15882356;Chr1:15884645;Chr1:15885117;Chr1:15894357;Chr1:15899853;Chr1:15923525;Chr1:15933207;Chr1:15990389;Chr1:15994663;Chr1:16027286	Chr1:15317373;Chr1:15146196;Chr1:15191477;Chr1:15316722;Chr1:15350325;Chr1:15478107;Chr1:15586289;Chr1:15684001;Chr1:15820661;Chr1:15994663	Chr1:15543298	TRUE	TRUE	TRUE	2	2	FALSE	FALSE	3	3	3	1	2	4
nobgs_V2_c1_rep7_env3	emmax_consensus	Chr2	15481606	15511292	2	1	Chr2:15481606;Chr2:15511292	Chr2:15481606	""	FALSE	FALSE	FALSE	0	0	FALSE	FALSE	1	1	1	1	2	4
nobgs_V2_c1_rep7_env3	emmax_simes	Chr1	14146033	15071466	82	5	Chr1:14146033;Chr1:14151079;Chr1:14151178;Chr1:14162695;Chr1:14178671;Chr1:14194933;Chr1:14196551;Chr1:14200569;Chr1:14229065;Chr1:14272449;Chr1:14276680;Chr1:14293860;Chr1:14295502;Chr1:14301416;Chr1:14304377;Chr1:14306647;Chr1:14326292;Chr1:14330428;Chr1:14354093;Chr1:14366933;Chr1:14378027;Chr1:14410454;Chr1:14411462;Chr1:14418860;Chr1:14421808;Chr1:14431240;Chr1:14440372;Chr1:14456039;Chr1:14463346;Chr1:14464940;Chr1:14471556;Chr1:14492770;Chr1:14510476;Chr1:14514741;Chr1:14530660;Chr1:14535970;Chr1:14552584;Chr1:14555672;Chr1:14570114;Chr1:14574761;Chr1:14590743;Chr1:14591219;Chr1:14637029;Chr1:14641167;Chr1:14650064;Chr1:14692727;Chr1:14723919;Chr1:14670523;Chr1:14694489;Chr1:14754609;Chr1:14773172;Chr1:14774321;Chr1:14781649;Chr1:14784851;Chr1:14795189;Chr1:14816004;Chr1:14816956;Chr1:14817661;Chr1:14825677;Chr1:14853415;Chr1:14865197;Chr1:14883375;Chr1:14887069;Chr1:14892401;Chr1:14906508;Chr1:14915676;Chr1:14933912;Chr1:14941952;Chr1:14947344;Chr1:14994966;Chr1:15004780;Chr1:15008527;Chr1:15015083;Chr1:15018778;Chr1:15025183;Chr1:15038958;Chr1:15041789;Chr1:15046465;Chr1:15071466;Chr1:14818737;Chr1:14823041;Chr1:14831355	Chr1:14162695;Chr1:14431240;Chr1:14590743;Chr1:14887069;Chr1:14818737	""	FALSE	TRUE	TRUE	1	1	FALSE	FALSE	3	3	3	1	2	4
nobgs_V2_c1_rep7_env3	emmax_simes	Chr1	15048476	16027286	132	10	Chr1:15048476;Chr1:15059983;Chr1:15065232;Chr1:15096771;Chr1:15097134;Chr1:15099092;Chr1:15105967;Chr1:15137363;Chr1:15152660;Chr1:15156281;Chr1:15156294;Chr1:15160821;Chr1:15162514;Chr1:15169401;Chr1:15174617;Chr1:15176967;Chr1:15179725;Chr1:15197048;Chr1:15210628;Chr1:15213204;Chr1:15214651;Chr1:15224856;Chr1:15228865;Chr1:15241293;Chr1:15242080;Chr1:15252620;Chr1:15257031;Chr1:15272464;Chr1:15273513;Chr1:15287476;Chr1:15288278;Chr1:15291172;Chr1:15295607;Chr1:15309164;Chr1:15315040;Chr1:15317373;Chr1:15321844;Chr1:15324057;Chr1:15341802;Chr1:15361633;Chr1:15365091;Chr1:15386672;Chr1:15395446;Chr1:15415586;Chr1:15423798;Chr1:15436960;Chr1:15443049;Chr1:15468027;Chr1:15473427;Chr1:15486255;Chr1:15496570;Chr1:15501912;Chr1:15522244;Chr1:15522401;Chr1:15522677;Chr1:15536397;Chr1:15538111;Chr1:15543298;Chr1:15555792;Chr1:15559234;Chr1:15563788;Chr1:15568666;Chr1:15570404;Chr1:15099082;Chr1:15146196;Chr1:15155026;Chr1:15157574;Chr1:15166030;Chr1:15191477;Chr1:15200210;Chr1:15221147;Chr1:15304662;Chr1:15316722;Chr1:15319837;Chr1:15350325;Chr1:15389834;Chr1:15391739;Chr1:15399240;Chr1:15469089;Chr1:15478107;Chr1:15510600;Chr1:15576963;Chr1:15585568;Chr1:15586289;Chr1:15596858;Chr1:15599037;Chr1:15610048;Chr1:15615206;Chr1:15615894;Chr1:15620959;Chr1:15622026;Chr1:15622281;Chr1:15627221;Chr1:15629216;Chr1:15637632;Chr1:15597998;Chr1:15684001;Chr1:15685478;Chr1:15685613;Chr1:15687089;Chr1:15691315;Chr1:15694166;Chr1:15695072;Chr1:15704630;Chr1:15732475;Chr1:15736685;Chr1:15749207;Chr1:15750547;Chr1:15755495;Chr1:15758050;Chr1:15760892;Chr1:15763154;Chr1:15765778;Chr1:15765781;Chr1:15786857;Chr1:15820661;Chr1:15834267;Chr1:15837391;Chr1:15841622;Chr1:15851148;Chr1:15863790;Chr1:15880778;Chr1:15882356;Chr1:15884645;Chr1:15885117;Chr1:15894357;Chr1:15899853;Chr1:15923525;Chr1:15933207;Chr1:15990389;Chr1:15994663;Chr1:16027286	Chr1:15317373;Chr1:15146196;Chr1:15191477;Chr1:15316722;Chr1:15350325;Chr1:15478107;Chr1:15586289;Chr1:15684001;Chr1:15820661;Chr1:15994663	Chr1:15543298	TRUE	TRUE	TRUE	2	3	FALSE	FALSE	3	3	3	1	2	4
nobgs_V2_c1_rep7_env3	emmax_simes	Chr2	15481606	15511292	2	1	Chr2:15481606;Chr2:15511292	Chr2:15481606	""	FALSE	FALSE	FALSE	0	0	FALSE	FALSE	1	1	1	1	2	4
nobgs_V2_c1_rep7_env3	lfmm_simes	Chr1	15048476	15570404	63	1	Chr1:15048476;Chr1:15059983;Chr1:15065232;Chr1:15096771;Chr1:15097134;Chr1:15099092;Chr1:15105967;Chr1:15137363;Chr1:15152660;Chr1:15156281;Chr1:15156294;Chr1:15160821;Chr1:15162514;Chr1:15169401;Chr1:15174617;Chr1:15176967;Chr1:15179725;Chr1:15197048;Chr1:15210628;Chr1:15213204;Chr1:15214651;Chr1:15224856;Chr1:15228865;Chr1:15241293;Chr1:15242080;Chr1:15252620;Chr1:15257031;Chr1:15272464;Chr1:15273513;Chr1:15287476;Chr1:15288278;Chr1:15291172;Chr1:15295607;Chr1:15309164;Chr1:15315040;Chr1:15317373;Chr1:15321844;Chr1:15324057;Chr1:15341802;Chr1:15361633;Chr1:15365091;Chr1:15386672;Chr1:15395446;Chr1:15415586;Chr1:15423798;Chr1:15436960;Chr1:15443049;Chr1:15468027;Chr1:15473427;Chr1:15486255;Chr1:15496570;Chr1:15501912;Chr1:15522244;Chr1:15522401;Chr1:15522677;Chr1:15536397;Chr1:15538111;Chr1:15543298;Chr1:15555792;Chr1:15559234;Chr1:15563788;Chr1:15568666;Chr1:15570404	Chr1:15317373	Chr1:15543298	TRUE	TRUE	TRUE	1	1	FALSE	FALSE	3	3	3	1	2	4
nobgs_V2_c1_rep7_env4	lfmm_simes	Chr1	3560175	3567620	3	1	Chr1:3560175;Chr1:3567388;Chr1:3567620	Chr1:3567388	Chr1:3567388	TRUE	TRUE	FALSE	1	0	FALSE	FALSE	2	2	2	1	2	4
nobgs_V2_c1_rep7_env4	lfmm_simes	Chr2	1989797	2017829	3	1	Chr2:1989797;Chr2:1996252;Chr2:2017829	Chr2:1996252	""	FALSE	TRUE	FALSE	1	0	FALSE	FALSE	2	2	2	1	2	4
nobgs_V2_c1_rep7_env5	emmax_consensus	Chr1	7563687	7573300	2	1	Chr1:7563687;Chr1:7573300	Chr1:7563687	""	FALSE	TRUE	FALSE	1	0	FALSE	FALSE	2	2	2	1	2	4
nobgs_V2_c1_rep7_env5	emmax_consensus	Chr1	19608230	19708728	4	1	Chr1:19608230;Chr1:19665428;Chr1:19689174;Chr1:19708728	Chr1:19608230	""	FALSE	TRUE	TRUE	1	1	FALSE	FALSE	3	3	3	1	2	4
nobgs_V2_c1_rep7_env5	emmax_consensus	Chr1	21361996	21626443	31	4	Chr1:21361996;Chr1:21387405;Chr1:21394803;Chr1:21395711;Chr1:21396932;Chr1:21397587;Chr1:21416698;Chr1:21416838;Chr1:21424271;Chr1:21448320;Chr1:21448421;Chr1:21455522;Chr1:21481703;Chr1:21489991;Chr1:21491275;Chr1:21492591;Chr1:21493496;Chr1:21507635;Chr1:21510720;Chr1:21518781;Chr1:21527620;Chr1:21463176;Chr1:21468239;Chr1:21474795;Chr1:21570801;Chr1:21591762;Chr1:21597254;Chr1:21602725;Chr1:21608304;Chr1:21621895;Chr1:21626443	Chr1:21387405;Chr1:21507635;Chr1:21468239;Chr1:21591762	Chr1:21387405	TRUE	TRUE	TRUE	1	1	FALSE	FALSE	3	3	3	1	2	4
nobgs_V2_c1_rep7_env5	emmax_simes	Chr1	7563687	7573300	2	1	Chr1:7563687;Chr1:7573300	Chr1:7563687	""	FALSE	FALSE	FALSE	0	0	FALSE	FALSE	1	1	1	1	2	4
nobgs_V2_c1_rep7_env5	emmax_simes	Chr1	19608230	19737617	11	2	Chr1:19608230;Chr1:19665428;Chr1:19689174;Chr1:19708728;Chr1:19620076;Chr1:19636836;Chr1:19639279;Chr1:19679725;Chr1:19722949;Chr1:19736835;Chr1:19737617	Chr1:19608230;Chr1:19639279	""	FALSE	TRUE	TRUE	1	1	FALSE	FALSE	3	3	3	1	2	4
nobgs_V2_c1_rep7_env5	emmax_simes	Chr1	21361996	21626443	31	4	Chr1:21361996;Chr1:21387405;Chr1:21394803;Chr1:21395711;Chr1:21396932;Chr1:21397587;Chr1:21416698;Chr1:21416838;Chr1:21424271;Chr1:21448320;Chr1:21448421;Chr1:21455522;Chr1:21481703;Chr1:21489991;Chr1:21491275;Chr1:21492591;Chr1:21493496;Chr1:21507635;Chr1:21510720;Chr1:21518781;Chr1:21527620;Chr1:21463176;Chr1:21468239;Chr1:21474795;Chr1:21570801;Chr1:21591762;Chr1:21597254;Chr1:21602725;Chr1:21608304;Chr1:21621895;Chr1:21626443	Chr1:21387405;Chr1:21507635;Chr1:21468239;Chr1:21591762	Chr1:21387405	TRUE	TRUE	TRUE	1	1	FALSE	FALSE	3	3	3	1	2	4
nobgs_V2_c1_rep7_env5	lfmm_simes	Chr1	19608230	19708728	4	1	Chr1:19608230;Chr1:19665428;Chr1:19689174;Chr1:19708728	Chr1:19608230	""	FALSE	TRUE	TRUE	1	1	FALSE	FALSE	3	3	3	1	2	4
nobgs_V2_c1_rep7_env5	lfmm_simes	Chr1	21361996	21626443	31	4	Chr1:21361996;Chr1:21387405;Chr1:21394803;Chr1:21395711;Chr1:21396932;Chr1:21397587;Chr1:21416698;Chr1:21416838;Chr1:21424271;Chr1:21448320;Chr1:21448421;Chr1:21455522;Chr1:21481703;Chr1:21489991;Chr1:21491275;Chr1:21492591;Chr1:21493496;Chr1:21507635;Chr1:21510720;Chr1:21518781;Chr1:21527620;Chr1:21463176;Chr1:21468239;Chr1:21474795;Chr1:21570801;Chr1:21591762;Chr1:21597254;Chr1:21602725;Chr1:21608304;Chr1:21621895;Chr1:21626443	Chr1:21387405;Chr1:21507635;Chr1:21468239;Chr1:21591762	Chr1:21387405	TRUE	TRUE	TRUE	1	1	FALSE	FALSE	3	3	3	1	2	4
nobgs_V2_c1_rep7_env6	emmax_consensus	Chr1	16293410	16335556	5	1	Chr1:16293410;Chr1:16302132;Chr1:16304618;Chr1:16322818;Chr1:16335556	Chr1:16304618	""	FALSE	FALSE	TRUE	0	1	FALSE	FALSE	2	2	2	1	2	4
nobgs_V2_c1_rep7_env6	emmax_consensus	Chr2	19591472	19624971	4	1	Chr2:19591472;Chr2:19608588;Chr2:19610614;Chr2:19624971	Chr2:19591472	""	FALSE	FALSE	TRUE	0	1	FALSE	FALSE	2	2	2	1	2	4
nobgs_V2_c1_rep7_env6	emmax_simes	Chr2	19591472	19624971	4	1	Chr2:19591472;Chr2:19608588;Chr2:19610614;Chr2:19624971	Chr2:19591472	""	FALSE	TRUE	TRUE	1	1	FALSE	FALSE	3	3	3	1	2	4
nobgs_V2_c1_rep7_env6	lfmm_simes	Chr1	16293410	16335556	5	1	Chr1:16293410;Chr1:16302132;Chr1:16304618;Chr1:16322818;Chr1:16335556	Chr1:16304618	""	FALSE	TRUE	TRUE	1	1	FALSE	FALSE	3	3	3	1	2	4
nobgs_V2_c1_rep7_env6	lfmm_simes	Chr2	19591472	19624971	4	1	Chr2:19591472;Chr2:19608588;Chr2:19610614;Chr2:19624971	Chr2:19591472	""	FALSE	TRUE	TRUE	1	1	FALSE	FALSE	3	3	3	1	2	4
nobgs_V2_c1_rep7_env7	lfmm_simes	Chr1	5490122	5506711	2	1	Chr1:5490122;Chr1:5506711	Chr1:5490122	""	FALSE	TRUE	FALSE	1	0	FALSE	FALSE	2	2	2	1	2	4
nobgs_V2_c1_rep7_env7	lfmm_simes	Chr1	15559234	15832586	53	1	Chr1:15559234;Chr1:15563788;Chr1:15568666;Chr1:15570404;Chr1:15585568;Chr1:15586289;Chr1:15596858;Chr1:15597998;Chr1:15599037;Chr1:15610048;Chr1:15620959;Chr1:15622026;Chr1:15622281;Chr1:15629216;Chr1:15637632;Chr1:15680535;Chr1:15685441;Chr1:15690632;Chr1:15691767;Chr1:15701414;Chr1:15702398;Chr1:15709295;Chr1:15710289;Chr1:15716451;Chr1:15718855;Chr1:15721553;Chr1:15726471;Chr1:15728227;Chr1:15735185;Chr1:15738567;Chr1:15748261;Chr1:15756051;Chr1:15758905;Chr1:15762862;Chr1:15763336;Chr1:15764921;Chr1:15766668;Chr1:15773725;Chr1:15774537;Chr1:15775017;Chr1:15776552;Chr1:15777373;Chr1:15781925;Chr1:15789362;Chr1:15792715;Chr1:15792937;Chr1:15800863;Chr1:15806396;Chr1:15810272;Chr1:15818386;Chr1:15822764;Chr1:15824718;Chr1:15832586	Chr1:15622026	Chr1:15543298	TRUE	TRUE	TRUE	1	1	FALSE	FALSE	3	3	3	1	2	4
nobgs_V2_c1_rep7_env8	emmax_consensus	Chr1	15543298	15905371	40	1	Chr1:15543298;Chr1:15559234;Chr1:15563788;Chr1:15568666;Chr1:15570404;Chr1:15586289;Chr1:15597998;Chr1:15622026;Chr1:15629216;Chr1:15637632;Chr1:15690632;Chr1:15691767;Chr1:15709295;Chr1:15718855;Chr1:15721553;Chr1:15735185;Chr1:15738567;Chr1:15748261;Chr1:15756051;Chr1:15758905;Chr1:15762862;Chr1:15764921;Chr1:15776552;Chr1:15781925;Chr1:15789362;Chr1:15792715;Chr1:15818386;Chr1:15822764;Chr1:15824718;Chr1:15832586;Chr1:15859281;Chr1:15865413;Chr1:15865792;Chr1:15880454;Chr1:15885576;Chr1:15895306;Chr1:15897169;Chr1:15902496;Chr1:15904525;Chr1:15905371	Chr1:15690632	Chr1:15543298	TRUE	TRUE	TRUE	1	1	FALSE	FALSE	3	3	3	1	2	4
nobgs_V2_c1_rep7_env8	emmax_consensus	Chr1	15615206	15615894	2	1	Chr1:15615206;Chr1:15615894	Chr1:15615206	Chr1:15543298	TRUE	FALSE	FALSE	0	0	FALSE	FALSE	1	1	3	1	2	4
nobgs_V2_c1_rep7_env8	emmax_consensus	Chr1	25976281	26020903	9	3	Chr1:25976281;Chr1:25977724;Chr1:25981866;Chr1:25986695;Chr1:25988091;Chr1:25999318;Chr1:26003244;Chr1:26017506;Chr1:26020903	Chr1:25977724;Chr1:25999318;Chr1:26017506	""	FALSE	TRUE	TRUE	1	1	FALSE	FALSE	3	3	3	1	2	4
nobgs_V2_c1_rep7_env8	emmax_simes	Chr1	15510600	15905371	43	2	Chr1:15510600;Chr1:15538111;Chr1:15555792;Chr1:15543298;Chr1:15559234;Chr1:15563788;Chr1:15568666;Chr1:15570404;Chr1:15586289;Chr1:15597998;Chr1:15622026;Chr1:15629216;Chr1:15637632;Chr1:15690632;Chr1:15691767;Chr1:15709295;Chr1:15718855;Chr1:15721553;Chr1:15735185;Chr1:15738567;Chr1:15748261;Chr1:15756051;Chr1:15758905;Chr1:15762862;Chr1:15764921;Chr1:15776552;Chr1:15781925;Chr1:15789362;Chr1:15792715;Chr1:15818386;Chr1:15822764;Chr1:15824718;Chr1:15832586;Chr1:15859281;Chr1:15865413;Chr1:15865792;Chr1:15880454;Chr1:15885576;Chr1:15895306;Chr1:15897169;Chr1:15902496;Chr1:15904525;Chr1:15905371	Chr1:15538111;Chr1:15690632	Chr1:15543298	TRUE	TRUE	TRUE	1	1	FALSE	FALSE	3	3	3	1	2	4
nobgs_V2_c1_rep7_env8	emmax_simes	Chr1	15615206	15615894	2	1	Chr1:15615206;Chr1:15615894	Chr1:15615206	Chr1:15543298	TRUE	FALSE	FALSE	0	0	FALSE	FALSE	1	1	3	1	2	4
nobgs_V2_c1_rep7_env8	emmax_simes	Chr1	25976281	26020903	9	3	Chr1:25976281;Chr1:25977724;Chr1:25981866;Chr1:25986695;Chr1:25988091;Chr1:25999318;Chr1:26003244;Chr1:26017506;Chr1:26020903	Chr1:25977724;Chr1:25999318;Chr1:26017506	""	FALSE	TRUE	TRUE	1	1	FALSE	FALSE	3	3	3	1	2	4
nobgs_V2_c1_rep7_env8	lfmm_simes	Chr1	15543298	15905371	40	1	Chr1:15543298;Chr1:15559234;Chr1:15563788;Chr1:15568666;Chr1:15570404;Chr1:15586289;Chr1:15597998;Chr1:15622026;Chr1:15629216;Chr1:15637632;Chr1:15690632;Chr1:15691767;Chr1:15709295;Chr1:15718855;Chr1:15721553;Chr1:15735185;Chr1:15738567;Chr1:15748261;Chr1:15756051;Chr1:15758905;Chr1:15762862;Chr1:15764921;Chr1:15776552;Chr1:15781925;Chr1:15789362;Chr1:15792715;Chr1:15818386;Chr1:15822764;Chr1:15824718;Chr1:15832586;Chr1:15859281;Chr1:15865413;Chr1:15865792;Chr1:15880454;Chr1:15885576;Chr1:15895306;Chr1:15897169;Chr1:15902496;Chr1:15904525;Chr1:15905371	Chr1:15690632	Chr1:15543298	TRUE	TRUE	TRUE	1	1	FALSE	FALSE	3	3	3	1	2	4
nobgs_V2_c1_rep7_env8	lfmm_simes	Chr1	25976281	26020903	9	3	Chr1:25976281;Chr1:25977724;Chr1:25981866;Chr1:25986695;Chr1:25988091;Chr1:25999318;Chr1:26003244;Chr1:26017506;Chr1:26020903	Chr1:25977724;Chr1:25999318;Chr1:26017506	""	FALSE	TRUE	TRUE	1	1	FALSE	FALSE	3	3	3	1	2	4
nobgs_V2_c1_rep8_env1	emmax_consensus	Chr1	4477969	4492703	9	2	Chr1:4477969;Chr1:4479491;Chr1:4480818;Chr1:4481363;Chr1:4483191;Chr1:4488562;Chr1:4492703;Chr1:4488503;Chr1:4488796	Chr1:4488562;Chr1:4488503	Chr1:4506068	TRUE	FALSE	TRUE	0	1	FALSE	FALSE	2	2	2	1	2	4
nobgs_V2_c1_rep8_env1	emmax_simes	Chr1	4477969	4492703	9	2	Chr1:4477969;Chr1:4479491;Chr1:4480818;Chr1:4481363;Chr1:4483191;Chr1:4488562;Chr1:4492703;Chr1:4488503;Chr1:4488796	Chr1:4488562;Chr1:4488503	Chr1:4506068	TRUE	FALSE	TRUE	0	1	FALSE	FALSE	2	2	2	1	2	4
nobgs_V2_c1_rep8_env1	lfmm_simes	Chr1	17145990	17146018	2	1	Chr1:17145990;Chr1:17146018	Chr1:17145990	""	FALSE	FALSE	FALSE	0	0	FALSE	FALSE	1	1	1	1	2	4
nobgs_V2_c1_rep8_env10	lfmm_simes	Chr1	5547013	5576937	2	1	Chr1:5547013;Chr1:5576937	Chr1:5547013	""	FALSE	FALSE	FALSE	0	0	FALSE	FALSE	1	1	1	1	2	4
nobgs_V2_c1_rep8_env10	lfmm_simes	Chr1	7783737	7795772	3	1	Chr1:7783737;Chr1:7794175;Chr1:7795772	Chr1:7783737	""	FALSE	FALSE	FALSE	0	0	FALSE	FALSE	1	1	1	1	2	4
nobgs_V2_c1_rep8_env10	lfmm_simes	Chr1	12480725	12794803	28	2	Chr1:12480725;Chr1:12501464;Chr1:12504364;Chr1:12511015;Chr1:12514275;Chr1:12518069;Chr1:12518704;Chr1:12519490;Chr1:12521194;Chr1:12528787;Chr1:12544596;Chr1:12547964;Chr1:12551274;Chr1:12555729;Chr1:12556655;Chr1:12564229;Chr1:12583108;Chr1:12617014;Chr1:12645274;Chr1:12652646;Chr1:12668917;Chr1:12674664;Chr1:12728709;Chr1:12730125;Chr1:12737289;Chr1:12755646;Chr1:12761522;Chr1:12794803	Chr1:12564229;Chr1:12761522	Chr1:12518069	TRUE	TRUE	TRUE	1	1	FALSE	FALSE	3	3	3	1	2	4
nobgs_V2_c1_rep8_env10	lfmm_simes	Chr2	4779323	4787965	2	1	Chr2:4779323;Chr2:4787965	Chr2:4779323	""	FALSE	FALSE	FALSE	0	0	FALSE	FALSE	1	1	1	1	2	4
nobgs_V2_c1_rep8_env2	emmax_consensus	Chr1	19049616	19065795	7	1	Chr1:19049616;Chr1:19050401;Chr1:19053493;Chr1:19056447;Chr1:19056960;Chr1:19065121;Chr1:19065795	Chr1:19056447	Chr1:19065795	TRUE	TRUE	TRUE	1	1	FALSE	FALSE	3	3	3	1	2	4
nobgs_V2_c1_rep8_env2	emmax_consensus	Chr2	2126649	2132840	3	1	Chr2:2126649;Chr2:2130002;Chr2:2132840	Chr2:2132840	""	FALSE	FALSE	FALSE	0	0	FALSE	FALSE	1	1	1	1	2	4
nobgs_V2_c1_rep8_env2	emmax_simes	Chr1	19049616	19065795	7	1	Chr1:19049616;Chr1:19050401;Chr1:19053493;Chr1:19056447;Chr1:19056960;Chr1:19065121;Chr1:19065795	Chr1:19056447	Chr1:19065795	TRUE	TRUE	TRUE	1	1	FALSE	FALSE	3	3	3	1	2	4
nobgs_V2_c1_rep8_env2	emmax_simes	Chr2	2126649	2132840	3	1	Chr2:2126649;Chr2:2130002;Chr2:2132840	Chr2:2132840	""	FALSE	TRUE	FALSE	1	0	FALSE	FALSE	2	2	2	1	2	4
nobgs_V2_c1_rep8_env2	lfmm_simes	Chr1	19049616	19065795	7	1	Chr1:19049616;Chr1:19050401;Chr1:19053493;Chr1:19056447;Chr1:19056960;Chr1:19065121;Chr1:19065795	Chr1:19056447	Chr1:19065795	TRUE	TRUE	TRUE	1	1	FALSE	FALSE	3	3	3	1	2	4
nobgs_V2_c1_rep8_env3	lfmm_simes	Chr1	12404467	12444941	6	1	Chr1:12404467;Chr1:12405685;Chr1:12416292;Chr1:12423425;Chr1:12430930;Chr1:12444941	Chr1:12416292	Chr1:12423425	TRUE	FALSE	TRUE	0	1	FALSE	FALSE	2	2	2	1	2	4
nobgs_V2_c1_rep8_env5	emmax_consensus	Chr1	11457588	11532636	8	2	Chr1:11457588;Chr1:11505070;Chr1:11479703;Chr1:11487659;Chr1:11496016;Chr1:11503794;Chr1:11510242;Chr1:11532636	Chr1:11457588;Chr1:11487659	""	FALSE	TRUE	TRUE	1	1	FALSE	FALSE	3	3	3	1	2	4
nobgs_V2_c1_rep8_env5	emmax_consensus	Chr1	11613046	11979598	51	4	Chr1:11613046;Chr1:11615193;Chr1:11631381;Chr1:11624880;Chr1:11647178;Chr1:11647301;Chr1:11660186;Chr1:11668895;Chr1:11674971;Chr1:11675758;Chr1:11677516;Chr1:11685359;Chr1:11685536;Chr1:11692039;Chr1:11701806;Chr1:11719083;Chr1:11720943;Chr1:11724730;Chr1:11726060;Chr1:11729872;Chr1:11729947;Chr1:11730381;Chr1:11747357;Chr1:11754544;Chr1:11767195;Chr1:11775243;Chr1:11781584;Chr1:11784191;Chr1:11784514;Chr1:11799414;Chr1:11815299;Chr1:11836116;Chr1:11846485;Chr1:11850384;Chr1:11861210;Chr1:11868356;Chr1:11871510;Chr1:11877415;Chr1:11878445;Chr1:11880862;Chr1:11886276;Chr1:11888492;Chr1:11903133;Chr1:11907854;Chr1:11910945;Chr1:11936260;Chr1:11945027;Chr1:11947902;Chr1:11960775;Chr1:11978092;Chr1:11979598	Chr1:11631381;Chr1:11701806;Chr1:11775243;Chr1:11903133	Chr1:11878445	TRUE	TRUE	TRUE	1	1	FALSE	FALSE	3	3	3	1	2	4
nobgs_V2_c1_rep8_env5	emmax_simes	Chr1	11457588	11532636	8	2	Chr1:11457588;Chr1:11505070;Chr1:11479703;Chr1:11487659;Chr1:11496016;Chr1:11503794;Chr1:11510242;Chr1:11532636	Chr1:11457588;Chr1:11487659	""	FALSE	TRUE	TRUE	1	1	FALSE	FALSE	3	3	3	1	2	4
nobgs_V2_c1_rep8_env5	emmax_simes	Chr1	11613046	11979598	51	4	Chr1:11613046;Chr1:11615193;Chr1:11631381;Chr1:11624880;Chr1:11647178;Chr1:11647301;Chr1:11660186;Chr1:11668895;Chr1:11674971;Chr1:11675758;Chr1:11677516;Chr1:11685359;Chr1:11685536;Chr1:11692039;Chr1:11701806;Chr1:11719083;Chr1:11720943;Chr1:11724730;Chr1:11726060;Chr1:11729872;Chr1:11729947;Chr1:11730381;Chr1:11747357;Chr1:11754544;Chr1:11767195;Chr1:11775243;Chr1:11781584;Chr1:11784191;Chr1:11784514;Chr1:11799414;Chr1:11815299;Chr1:11836116;Chr1:11846485;Chr1:11850384;Chr1:11861210;Chr1:11868356;Chr1:11871510;Chr1:11877415;Chr1:11878445;Chr1:11880862;Chr1:11886276;Chr1:11888492;Chr1:11903133;Chr1:11907854;Chr1:11910945;Chr1:11936260;Chr1:11945027;Chr1:11947902;Chr1:11960775;Chr1:11978092;Chr1:11979598	Chr1:11631381;Chr1:11701806;Chr1:11775243;Chr1:11903133	Chr1:11878445	TRUE	TRUE	TRUE	1	1	FALSE	FALSE	3	3	3	1	2	4
nobgs_V2_c1_rep8_env5	lfmm_simes	Chr1	11747357	11979598	29	2	Chr1:11747357;Chr1:11754544;Chr1:11767195;Chr1:11775243;Chr1:11781584;Chr1:11784191;Chr1:11784514;Chr1:11799414;Chr1:11815299;Chr1:11836116;Chr1:11846485;Chr1:11850384;Chr1:11861210;Chr1:11868356;Chr1:11871510;Chr1:11877415;Chr1:11878445;Chr1:11880862;Chr1:11886276;Chr1:11888492;Chr1:11903133;Chr1:11907854;Chr1:11910945;Chr1:11936260;Chr1:11945027;Chr1:11947902;Chr1:11960775;Chr1:11978092;Chr1:11979598	Chr1:11775243;Chr1:11903133	Chr1:11878445	TRUE	TRUE	TRUE	1	1	FALSE	FALSE	3	3	3	1	2	4
nobgs_V2_c1_rep8_env7	emmax_consensus	Chr1	4498889	4536929	12	1	Chr1:4498889;Chr1:4502379;Chr1:4506068;Chr1:4508548;Chr1:4509926;Chr1:4510051;Chr1:4510073;Chr1:4520025;Chr1:4523397;Chr1:4525174;Chr1:4534736;Chr1:4536929	Chr1:4508548	Chr1:4506068	TRUE	FALSE	TRUE	0	1	FALSE	FALSE	2	2	2	1	2	4
nobgs_V2_c1_rep8_env7	emmax_simes	Chr1	4498889	4536929	12	1	Chr1:4498889;Chr1:4502379;Chr1:4506068;Chr1:4508548;Chr1:4509926;Chr1:4510051;Chr1:4510073;Chr1:4520025;Chr1:4523397;Chr1:4525174;Chr1:4534736;Chr1:4536929	Chr1:4508548	Chr1:4506068	TRUE	FALSE	TRUE	0	1	FALSE	FALSE	2	2	2	1	2	4
nobgs_V2_c1_rep8_env7	lfmm_simes	Chr1	4498889	4536929	12	1	Chr1:4498889;Chr1:4502379;Chr1:4506068;Chr1:4508548;Chr1:4509926;Chr1:4510051;Chr1:4510073;Chr1:4520025;Chr1:4523397;Chr1:4525174;Chr1:4534736;Chr1:4536929	Chr1:4508548	Chr1:4506068	TRUE	FALSE	TRUE	0	1	FALSE	FALSE	2	2	2	1	2	4
nobgs_V2_c1_rep8_env8	emmax_consensus	Chr1	12463038	12667966	22	1	Chr1:12463038;Chr1:12465598;Chr1:12467581;Chr1:12468560;Chr1:12474293;Chr1:12484932;Chr1:12491782;Chr1:12499397;Chr1:12503192;Chr1:12503689;Chr1:12515290;Chr1:12518069;Chr1:12521630;Chr1:12545082;Chr1:12561380;Chr1:12563232;Chr1:12581820;Chr1:12606280;Chr1:12656463;Chr1:12661223;Chr1:12667154;Chr1:12667966	Chr1:12518069	Chr1:12518069	TRUE	TRUE	TRUE	1	1	FALSE	FALSE	3	3	3	1	2	4
nobgs_V2_c1_rep8_env8	emmax_simes	Chr1	12463038	12667966	24	2	Chr1:12463038;Chr1:12465598;Chr1:12467581;Chr1:12468560;Chr1:12474293;Chr1:12484932;Chr1:12491782;Chr1:12499397;Chr1:12503192;Chr1:12503689;Chr1:12515290;Chr1:12518069;Chr1:12521630;Chr1:12545082;Chr1:12561380;Chr1:12563232;Chr1:12581820;Chr1:12606280;Chr1:12656463;Chr1:12661223;Chr1:12667154;Chr1:12667966;Chr1:12474464;Chr1:12475723	Chr1:12518069;Chr1:12474464	Chr1:12518069	TRUE	FALSE	TRUE	0	1	FALSE	FALSE	2	2	2	1	2	4
nobgs_V2_c1_rep8_env8	lfmm_simes	Chr1	12463038	12667966	24	2	Chr1:12463038;Chr1:12465598;Chr1:12467581;Chr1:12468560;Chr1:12474293;Chr1:12484932;Chr1:12491782;Chr1:12499397;Chr1:12503192;Chr1:12503689;Chr1:12515290;Chr1:12518069;Chr1:12521630;Chr1:12545082;Chr1:12561380;Chr1:12563232;Chr1:12581820;Chr1:12606280;Chr1:12656463;Chr1:12661223;Chr1:12667154;Chr1:12667966;Chr1:12474464;Chr1:12475723	Chr1:12518069;Chr1:12474464	Chr1:12518069	TRUE	TRUE	TRUE	1	1	FALSE	FALSE	3	3	3	1	2	4
nobgs_V2_c1_rep8_env8	lfmm_simes	Chr1	12735564	12735578	2	1	Chr1:12735564;Chr1:12735578	Chr1:12735564	""	FALSE	FALSE	FALSE	0	0	FALSE	FALSE	1	1	1	1	2	4
nobgs_V2_c1_rep8_env9	lfmm_simes	Chr1	15138194	15153156	6	1	Chr1:15138194;Chr1:15139435;Chr1:15139854;Chr1:15144035;Chr1:15152793;Chr1:15153156	Chr1:15144035	Chr1:15152793	TRUE	TRUE	TRUE	1	1	FALSE	FALSE	3	3	3	1	2	4
nobgs_V2_c1_rep9_env1	lfmm_simes	Chr1	12172522	12208552	7	2	Chr1:12172522;Chr1:12186943;Chr1:12193645;Chr1:12195262;Chr1:12202453;Chr1:12205252;Chr1:12208552	Chr1:12172522;Chr1:12202453	""	FALSE	TRUE	TRUE	1	1	FALSE	FALSE	3	3	3	1	2	4
nobgs_V2_c1_rep9_env1	lfmm_simes	Chr1	19732463	19819222	24	2	Chr1:19732463;Chr1:19744361;Chr1:19746545;Chr1:19750975;Chr1:19755280;Chr1:19760353;Chr1:19772132;Chr1:19774934;Chr1:19775777;Chr1:19780324;Chr1:19788998;Chr1:19791903;Chr1:19797360;Chr1:19797731;Chr1:19801225;Chr1:19801548;Chr1:19806945;Chr1:19809190;Chr1:19813111;Chr1:19813615;Chr1:19814249;Chr1:19815197;Chr1:19818370;Chr1:19819222	Chr1:19732463;Chr1:19806945	Chr1:19665995	TRUE	TRUE	TRUE	1	1	FALSE	FALSE	3	3	3	1	2	4
nobgs_V2_c1_rep9_env1	lfmm_simes	Chr2	17916005	17925900	3	1	Chr2:17916005;Chr2:17923069;Chr2:17925900	Chr2:17916005	""	FALSE	TRUE	FALSE	1	0	FALSE	FALSE	2	2	2	1	2	4
nobgs_V2_c1_rep9_env1	lfmm_simes	Chr2	18016019	18025985	3	1	Chr2:18016019;Chr2:18019949;Chr2:18025985	Chr2:18019949	""	FALSE	FALSE	FALSE	0	0	FALSE	FALSE	1	1	1	1	2	4
nobgs_V2_c1_rep9_env10	emmax_consensus	Chr2	16122238	16139878	2	1	Chr2:16122238;Chr2:16139878	Chr2:16122238	""	FALSE	TRUE	FALSE	1	0	FALSE	FALSE	2	2	2	1	2	4
nobgs_V2_c1_rep9_env10	emmax_simes	Chr2	16122238	16139878	2	1	Chr2:16122238;Chr2:16139878	Chr2:16122238	""	FALSE	TRUE	FALSE	1	0	FALSE	FALSE	2	2	2	1	2	4
nobgs_V2_c1_rep9_env2	lfmm_simes	Chr2	19890710	19941255	6	1	Chr2:19890710;Chr2:19900806;Chr2:19901794;Chr2:19918613;Chr2:19940256;Chr2:19941255	Chr2:19890710	""	FALSE	FALSE	TRUE	0	1	FALSE	FALSE	2	2	2	1	2	4
nobgs_V2_c1_rep9_env3	emmax_consensus	Chr1	14514419	14611048	21	3	Chr1:14514419;Chr1:14523648;Chr1:14531171;Chr1:14534594;Chr1:14538292;Chr1:14543761;Chr1:14543953;Chr1:14553562;Chr1:14554080;Chr1:14554834;Chr1:14556092;Chr1:14566207;Chr1:14585884;Chr1:14559701;Chr1:14568003;Chr1:14577738;Chr1:14579150;Chr1:14601596;Chr1:14605017;Chr1:14605733;Chr1:14611048	Chr1:14556092;Chr1:14577738;Chr1:14605017	Chr1:14566207	TRUE	TRUE	TRUE	1	1	FALSE	FALSE	3	3	3	1	2	4
nobgs_V2_c1_rep9_env3	emmax_simes	Chr1	14486907	14611048	25	4	Chr1:14486907;Chr1:14495132;Chr1:14504853;Chr1:14511130;Chr1:14514419;Chr1:14523648;Chr1:14531171;Chr1:14534594;Chr1:14538292;Chr1:14543761;Chr1:14543953;Chr1:14553562;Chr1:14554080;Chr1:14554834;Chr1:14556092;Chr1:14566207;Chr1:14585884;Chr1:14559701;Chr1:14568003;Chr1:14577738;Chr1:14579150;Chr1:14601596;Chr1:14605017;Chr1:14605733;Chr1:14611048	Chr1:14504853;Chr1:14556092;Chr1:14577738;Chr1:14605017	Chr1:14566207	TRUE	TRUE	TRUE	1	1	FALSE	FALSE	3	3	3	1	2	4
nobgs_V2_c1_rep9_env3	emmax_simes	Chr2	8272187	8273011	2	1	Chr2:8272187;Chr2:8273011	Chr2:8272187	""	FALSE	FALSE	FALSE	0	0	FALSE	FALSE	1	1	1	1	2	4
nobgs_V2_c1_rep9_env3	lfmm_simes	Chr1	14445813	14611048	33	5	Chr1:14445813;Chr1:14446499;Chr1:14450637;Chr1:14457124;Chr1:14460256;Chr1:14468222;Chr1:14470474;Chr1:14476961;Chr1:14486907;Chr1:14495132;Chr1:14504853;Chr1:14511130;Chr1:14514419;Chr1:14523648;Chr1:14531171;Chr1:14534594;Chr1:14538292;Chr1:14543761;Chr1:14543953;Chr1:14553562;Chr1:14554080;Chr1:14554834;Chr1:14556092;Chr1:14566207;Chr1:14585884;Chr1:14559701;Chr1:14568003;Chr1:14577738;Chr1:14579150;Chr1:14601596;Chr1:14605017;Chr1:14605733;Chr1:14611048	Chr1:14457124;Chr1:14504853;Chr1:14556092;Chr1:14577738;Chr1:14605017	Chr1:14566207	TRUE	TRUE	TRUE	1	1	FALSE	FALSE	3	3	3	1	2	4
nobgs_V2_c1_rep9_env4	lfmm_simes	Chr1	6972856	7007444	8	1	Chr1:6972856;Chr1:6976346;Chr1:6985591;Chr1:6994635;Chr1:6999141;Chr1:7001843;Chr1:7004170;Chr1:7007444	Chr1:6985591	Chr1:7007444	TRUE	TRUE	TRUE	1	1	FALSE	FALSE	3	3	3	1	2	4
nobgs_V2_c1_rep9_env6	emmax_consensus	Chr1	8281781	8299529	6	1	Chr1:8281781;Chr1:8286316;Chr1:8291900;Chr1:8296340;Chr1:8296482;Chr1:8299529	Chr1:8286316	Chr1:8286681	TRUE	TRUE	TRUE	1	1	FALSE	FALSE	3	3	3	1	2	4
nobgs_V2_c1_rep9_env6	lfmm_simes	Chr1	8281781	8299529	6	1	Chr1:8281781;Chr1:8286316;Chr1:8291900;Chr1:8296340;Chr1:8296482;Chr1:8299529	Chr1:8286316	Chr1:8286681	TRUE	FALSE	TRUE	0	1	FALSE	FALSE	2	2	3	1	2	4
nobgs_V2_c1_rep9_env6	lfmm_simes	Chr1	18331481	18348623	3	1	Chr1:18331481;Chr1:18339915;Chr1:18348623	Chr1:18339915	""	FALSE	FALSE	FALSE	0	0	FALSE	FALSE	1	1	1	1	2	4
nobgs_V2_c1_rep9_env6	lfmm_simes	Chr1	20014819	20034300	5	1	Chr1:20014819;Chr1:20019746;Chr1:20022847;Chr1:20028705;Chr1:20034300	Chr1:20022847	""	FALSE	FALSE	TRUE	0	1	FALSE	FALSE	2	2	2	1	2	4
nobgs_V2_c1_rep9_env6	lfmm_simes	Chr2	3152377	3187694	5	1	Chr2:3152377;Chr2:3161876;Chr2:3179168;Chr2:3182820;Chr2:3187694	Chr2:3179168	""	FALSE	FALSE	TRUE	0	1	FALSE	FALSE	2	2	2	1	2	4
nobgs_V2_c1_rep9_env8	emmax_consensus	Chr2	18535795	18537653	2	1	Chr2:18535795;Chr2:18537653	Chr2:18535795	""	FALSE	FALSE	FALSE	0	0	FALSE	FALSE	1	1	1	1	2	4
nobgs_V2_c1_rep9_env8	emmax_simes	Chr2	7164167	7165870	2	1	Chr2:7164167;Chr2:7165870	Chr2:7164167	""	FALSE	FALSE	FALSE	0	0	FALSE	FALSE	1	1	1	1	2	4
nobgs_V2_c1_rep9_env8	emmax_simes	Chr2	16873013	16874537	2	1	Chr2:16873013;Chr2:16874537	Chr2:16873013	""	FALSE	FALSE	FALSE	0	0	FALSE	FALSE	1	1	1	1	2	4
nobgs_V2_c1_rep9_env8	emmax_simes	Chr2	18390206	18549475	5	1	Chr2:18390206;Chr2:18396307;Chr2:18400457;Chr2:18419131;Chr2:18549475	Chr2:18396307	""	FALSE	TRUE	TRUE	1	1	FALSE	FALSE	3	3	3	1	2	4
nobgs_V2_c1_rep9_env8	emmax_simes	Chr2	18535795	18537653	2	1	Chr2:18535795;Chr2:18537653	Chr2:18535795	""	FALSE	TRUE	FALSE	1	0	FALSE	FALSE	2	2	3	1	2	4
