combo_id	method	Chr	from	to	n_markers	n_units	member_markers	member_units	linked_qtn	TP	recovered_995	recovered_999	n_matches_995	n_matches_999	collapsed_995_997	collapsed_997_999	tier_naive	tier_effective	tier_overlap_only	floor_995	floor_997	floor_999
bgs_V0.5_c1_rep10_env1	lfmm_simes	Chr1	10642534	10682682	11	1	Chr1:10642534;Chr1:10650206;Chr1:10654936;Chr1:10657230;Chr1:10659005;Chr1:10661051;Chr1:10665598;Chr1:10669877;Chr1:10671876;Chr1:10672882;Chr1:10682682	Chr1:10657230	Chr1:10625180	TRUE	FALSE	FALSE	0	0	FALSE	FALSE	1	1	1	9	10	15
bgs_V0.5_c1_rep10_env10	emmax_consensus	Chr1	17610	624456	17	1	Chr1:17610;Chr1:24056;Chr1:180612;Chr1:244530;Chr1:289040;Chr1:329529;Chr1:347266;Chr1:364702;Chr1:421202;Chr1:494110;Chr1:550835;Chr1:574797;Chr1:593639;Chr1:600506;Chr1:607169;Chr1:610354;Chr1:624456	Chr1:24056	Chr1:329529	TRUE	TRUE	TRUE	1	1	FALSE	FALSE	3	3	3	8	9	14
bgs_V0.5_c1_rep10_env10	emmax_consensus	Chr1	73124	496382	54	3	Chr1:73124;Chr1:100624;Chr1:114052;Chr1:127837;Chr1:146559;Chr1:234339;Chr1:238081;Chr1:282048;Chr1:298580;Chr1:307589;Chr1:331592;Chr1:338984;Chr1:343055;Chr1:353649;Chr1:362374;Chr1:379801;Chr1:396291;Chr1:410916;Chr1:437942;Chr1:447917;Chr1:458216;Chr1:469117;Chr1:484725;Chr1:102618;Chr1:202478;Chr1:206553;Chr1:207045;Chr1:257886;Chr1:286967;Chr1:322411;Chr1:323843;Chr1:330913;Chr1:370931;Chr1:376149;Chr1:387531;Chr1:399485;Chr1:405792;Chr1:418194;Chr1:460553;Chr1:470549;Chr1:475085;Chr1:478187;Chr1:496382;Chr1:206319;Chr1:244043;Chr1:299988;Chr1:316923;Chr1:372121;Chr1:384753;Chr1:418164;Chr1:426556;Chr1:442507;Chr1:447328;Chr1:460428	Chr1:73124;Chr1:102618;Chr1:316923	Chr1:329529	TRUE	TRUE	TRUE	1	1	FALSE	FALSE	3	3	3	8	9	14
bgs_V0.5_c1_rep10_env10	emmax_consensus	Chr1	652253	698510	9	1	Chr1:652253;Chr1:664616;Chr1:680875;Chr1:683157;Chr1:687535;Chr1:694686;Chr1:697020;Chr1:698145;Chr1:698510	Chr1:694686	""	FALSE	TRUE	FALSE	1	0	FALSE	FALSE	2	2	2	8	9	14
bgs_V0.5_c1_rep10_env10	emmax_simes	Chr1	17610	624456	17	1	Chr1:17610;Chr1:24056;Chr1:180612;Chr1:244530;Chr1:289040;Chr1:329529;Chr1:347266;Chr1:364702;Chr1:421202;Chr1:494110;Chr1:550835;Chr1:574797;Chr1:593639;Chr1:600506;Chr1:607169;Chr1:610354;Chr1:624456	Chr1:24056	Chr1:329529	TRUE	TRUE	TRUE	1	1	FALSE	FALSE	3	3	3	8	9	14
bgs_V0.5_c1_rep10_env10	emmax_simes	Chr1	73124	496382	54	3	Chr1:73124;Chr1:100624;Chr1:114052;Chr1:127837;Chr1:146559;Chr1:234339;Chr1:238081;Chr1:282048;Chr1:298580;Chr1:307589;Chr1:331592;Chr1:338984;Chr1:343055;Chr1:353649;Chr1:362374;Chr1:379801;Chr1:396291;Chr1:410916;Chr1:437942;Chr1:447917;Chr1:458216;Chr1:469117;Chr1:484725;Chr1:102618;Chr1:202478;Chr1:206553;Chr1:207045;Chr1:257886;Chr1:286967;Chr1:322411;Chr1:323843;Chr1:330913;Chr1:370931;Chr1:376149;Chr1:387531;Chr1:399485;Chr1:405792;Chr1:418194;Chr1:460553;Chr1:470549;Chr1:475085;Chr1:478187;Chr1:496382;Chr1:206319;Chr1:244043;Chr1:299988;Chr1:316923;Chr1:372121;Chr1:384753;Chr1:418164;Chr1:426556;Chr1:442507;Chr1:447328;Chr1:460428	Chr1:73124;Chr1:102618;Chr1:316923	Chr1:329529	TRUE	TRUE	TRUE	1	1	FALSE	FALSE	3	3	3	8	9	14
bgs_V0.5_c1_rep10_env10	emmax_simes	Chr1	652253	698510	9	1	Chr1:652253;Chr1:664616;Chr1:680875;Chr1:683157;Chr1:687535;Chr1:694686;Chr1:697020;Chr1:698145;Chr1:698510	Chr1:694686	""	FALSE	TRUE	FALSE	1	0	FALSE	FALSE	2	2	2	8	9	14
bgs_V0.5_c1_rep10_env10	lfmm_simes	Chr1	17610	624456	17	1	Chr1:17610;Chr1:24056;Chr1:180612;Chr1:244530;Chr1:289040;Chr1:329529;Chr1:347266;Chr1:364702;Chr1:421202;Chr1:494110;Chr1:550835;Chr1:574797;Chr1:593639;Chr1:600506;Chr1:607169;Chr1:610354;Chr1:624456	Chr1:24056	Chr1:329529	TRUE	TRUE	TRUE	1	1	FALSE	FALSE	3	3	3	8	9	14
bgs_V0.5_c1_rep10_env10	lfmm_simes	Chr1	102618	496382	31	2	Chr1:102618;Chr1:202478;Chr1:206553;Chr1:207045;Chr1:257886;Chr1:286967;Chr1:322411;Chr1:323843;Chr1:330913;Chr1:370931;Chr1:376149;Chr1:387531;Chr1:399485;Chr1:405792;Chr1:418194;Chr1:460553;Chr1:470549;Chr1:475085;Chr1:478187;Chr1:496382;Chr1:206319;Chr1:244043;Chr1:299988;Chr1:316923;Chr1:372121;Chr1:384753;Chr1:418164;Chr1:426556;Chr1:442507;Chr1:447328;Chr1:460428	Chr1:102618;Chr1:316923	Chr1:329529	TRUE	TRUE	TRUE	1	1	FALSE	FALSE	3	3	3	8	9	14
bgs_V0.5_c1_rep10_env10	lfmm_simes	Chr1	652253	698510	9	1	Chr1:652253;Chr1:664616;Chr1:680875;Chr1:683157;Chr1:687535;Chr1:694686;Chr1:697020;Chr1:698145;Chr1:698510	Chr1:694686	""	FALSE	TRUE	FALSE	1	0	FALSE	FALSE	2	2	2	8	9	14
bgs_V0.5_c1_rep10_env2	emmax_consensus	Chr1	8498312	8596694	21	1	Chr1:8498312;Chr1:8512988;Chr1:8516735;Chr1:8520027;Chr1:8522384;Chr1:8528668;Chr1:8530275;Chr1:8535546;Chr1:8537656;Chr1:8539119;Chr1:8550629;Chr1:8556695;Chr1:8561859;Chr1:8566813;Chr1:8573514;Chr1:8574476;Chr1:8574881;Chr1:8579433;Chr1:8582550;Chr1:8591571;Chr1:8596694	Chr1:8522384	Chr1:8689716	TRUE	TRUE	TRUE	1	1	FALSE	FALSE	3	3	3	9	10	15
bgs_V0.5_c1_rep10_env2	emmax_simes	Chr1	8498312	8596694	21	1	Chr1:8498312;Chr1:8512988;Chr1:8516735;Chr1:8520027;Chr1:8522384;Chr1:8528668;Chr1:8530275;Chr1:8535546;Chr1:8537656;Chr1:8539119;Chr1:8550629;Chr1:8556695;Chr1:8561859;Chr1:8566813;Chr1:8573514;Chr1:8574476;Chr1:8574881;Chr1:8579433;Chr1:8582550;Chr1:8591571;Chr1:8596694	Chr1:8522384	Chr1:8689716	TRUE	TRUE	TRUE	1	1	FALSE	FALSE	3	3	3	9	10	15
bgs_V0.5_c1_rep10_env2	lfmm_simes	Chr1	8498312	8596694	21	1	Chr1:8498312;Chr1:8512988;Chr1:8516735;Chr1:8520027;Chr1:8522384;Chr1:8528668;Chr1:8530275;Chr1:8535546;Chr1:8537656;Chr1:8539119;Chr1:8550629;Chr1:8556695;Chr1:8561859;Chr1:8566813;Chr1:8573514;Chr1:8574476;Chr1:8574881;Chr1:8579433;Chr1:8582550;Chr1:8591571;Chr1:8596694	Chr1:8522384	Chr1:8689716	TRUE	TRUE	TRUE	1	1	FALSE	FALSE	3	3	3	9	10	15
bgs_V0.5_c1_rep10_env3	emmax_consensus	Chr1	6488300	6838036	76	2	Chr1:6488300;Chr1:6507489;Chr1:6515050;Chr1:6526779;Chr1:6530212;Chr1:6551159;Chr1:6563724;Chr1:6568258;Chr1:6572674;Chr1:6572770;Chr1:6573637;Chr1:6585966;Chr1:6594213;Chr1:6603918;Chr1:6619785;Chr1:6620147;Chr1:6621549;Chr1:6631676;Chr1:6659496;Chr1:6660585;Chr1:6663788;Chr1:6674793;Chr1:6678564;Chr1:6680270;Chr1:6680323;Chr1:6680814;Chr1:6683064;Chr1:6683230;Chr1:6683606;Chr1:6683692;Chr1:6684191;Chr1:6687214;Chr1:6690992;Chr1:6693332;Chr1:6696335;Chr1:6698962;Chr1:6700799;Chr1:6700894;Chr1:6702366;Chr1:6702809;Chr1:6703072;Chr1:6703447;Chr1:6703469;Chr1:6705227;Chr1:6713988;Chr1:6715194;Chr1:6720847;Chr1:6726574;Chr1:6736022;Chr1:6739496;Chr1:6743076;Chr1:6747922;Chr1:6749520;Chr1:6750705;Chr1:6763122;Chr1:6773382;Chr1:6775570;Chr1:6777042;Chr1:6777185;Chr1:6780551;Chr1:6781859;Chr1:6782643;Chr1:6783977;Chr1:6787568;Chr1:6788602;Chr1:6802016;Chr1:6805977;Chr1:6806507;Chr1:6806538;Chr1:6807729;Chr1:6814969;Chr1:6818059;Chr1:6825727;Chr1:6826301;Chr1:6833343;Chr1:6838036	Chr1:6687214;Chr1:6787568	""	FALSE	TRUE	TRUE	1	1	FALSE	FALSE	3	3	3	8	10	14
bgs_V0.5_c1_rep10_env3	emmax_consensus	Chr1	6704364	6745342	15	1	Chr1:6704364;Chr1:6714458;Chr1:6715011;Chr1:6715183;Chr1:6717287;Chr1:6722164;Chr1:6722527;Chr1:6723271;Chr1:6723719;Chr1:6725102;Chr1:6726459;Chr1:6732553;Chr1:6739305;Chr1:6743681;Chr1:6745342	Chr1:6722527	""	FALSE	TRUE	TRUE	1	1	FALSE	FALSE	3	3	3	8	10	14
bgs_V0.5_c1_rep10_env3	emmax_simes	Chr1	6704364	6745342	15	1	Chr1:6704364;Chr1:6714458;Chr1:6715011;Chr1:6715183;Chr1:6717287;Chr1:6722164;Chr1:6722527;Chr1:6723271;Chr1:6723719;Chr1:6725102;Chr1:6726459;Chr1:6732553;Chr1:6739305;Chr1:6743681;Chr1:6745342	Chr1:6722527	""	FALSE	TRUE	TRUE	1	1	FALSE	FALSE	3	3	3	8	10	14
bgs_V0.5_c1_rep10_env3	emmax_simes	Chr1	6726574	6838036	29	1	Chr1:6726574;Chr1:6736022;Chr1:6739496;Chr1:6743076;Chr1:6747922;Chr1:6749520;Chr1:6750705;Chr1:6763122;Chr1:6773382;Chr1:6775570;Chr1:6777042;Chr1:6777185;Chr1:6780551;Chr1:6781859;Chr1:6782643;Chr1:6783977;Chr1:6787568;Chr1:6788602;Chr1:6802016;Chr1:6805977;Chr1:6806507;Chr1:6806538;Chr1:6807729;Chr1:6814969;Chr1:6818059;Chr1:6825727;Chr1:6826301;Chr1:6833343;Chr1:6838036	Chr1:6787568	""	FALSE	TRUE	TRUE	1	1	FALSE	FALSE	3	3	3	8	10	14
bgs_V0.5_c1_rep10_env3	lfmm_simes	Chr1	6488300	6838036	76	2	Chr1:6488300;Chr1:6507489;Chr1:6515050;Chr1:6526779;Chr1:6530212;Chr1:6551159;Chr1:6563724;Chr1:6568258;Chr1:6572674;Chr1:6572770;Chr1:6573637;Chr1:6585966;Chr1:6594213;Chr1:6603918;Chr1:6619785;Chr1:6620147;Chr1:6621549;Chr1:6631676;Chr1:6659496;Chr1:6660585;Chr1:6663788;Chr1:6674793;Chr1:6678564;Chr1:6680270;Chr1:6680323;Chr1:6680814;Chr1:6683064;Chr1:6683230;Chr1:6683606;Chr1:6683692;Chr1:6684191;Chr1:6687214;Chr1:6690992;Chr1:6693332;Chr1:6696335;Chr1:6698962;Chr1:6700799;Chr1:6700894;Chr1:6702366;Chr1:6702809;Chr1:6703072;Chr1:6703447;Chr1:6703469;Chr1:6705227;Chr1:6713988;Chr1:6715194;Chr1:6720847;Chr1:6726574;Chr1:6736022;Chr1:6739496;Chr1:6743076;Chr1:6747922;Chr1:6749520;Chr1:6750705;Chr1:6763122;Chr1:6773382;Chr1:6775570;Chr1:6777042;Chr1:6777185;Chr1:6780551;Chr1:6781859;Chr1:6782643;Chr1:6783977;Chr1:6787568;Chr1:6788602;Chr1:6802016;Chr1:6805977;Chr1:6806507;Chr1:6806538;Chr1:6807729;Chr1:6814969;Chr1:6818059;Chr1:6825727;Chr1:6826301;Chr1:6833343;Chr1:6838036	Chr1:6687214;Chr1:6787568	""	FALSE	TRUE	TRUE	1	1	FALSE	FALSE	3	3	3	8	10	14
bgs_V0.5_c1_rep10_env3	lfmm_simes	Chr1	6704364	6745342	15	1	Chr1:6704364;Chr1:6714458;Chr1:6715011;Chr1:6715183;Chr1:6717287;Chr1:6722164;Chr1:6722527;Chr1:6723271;Chr1:6723719;Chr1:6725102;Chr1:6726459;Chr1:6732553;Chr1:6739305;Chr1:6743681;Chr1:6745342	Chr1:6722527	""	FALSE	TRUE	TRUE	1	1	FALSE	FALSE	3	3	3	8	10	14
bgs_V0.5_c1_rep10_env4	emmax_consensus	Chr1	3902063	3950130	19	1	Chr1:3902063;Chr1:3905795;Chr1:3907492;Chr1:3911593;Chr1:3911877;Chr1:3913015;Chr1:3913353;Chr1:3915673;Chr1:3918842;Chr1:3923117;Chr1:3923447;Chr1:3931011;Chr1:3932161;Chr1:3932759;Chr1:3939344;Chr1:3945746;Chr1:3946817;Chr1:3947043;Chr1:3950130	Chr1:3911593	Chr1:3931011	TRUE	TRUE	TRUE	1	1	FALSE	FALSE	3	3	3	8	10	13
bgs_V0.5_c1_rep10_env4	emmax_simes	Chr1	3902063	3950130	19	1	Chr1:3902063;Chr1:3905795;Chr1:3907492;Chr1:3911593;Chr1:3911877;Chr1:3913015;Chr1:3913353;Chr1:3915673;Chr1:3918842;Chr1:3923117;Chr1:3923447;Chr1:3931011;Chr1:3932161;Chr1:3932759;Chr1:3939344;Chr1:3945746;Chr1:3946817;Chr1:3947043;Chr1:3950130	Chr1:3911593	Chr1:3931011	TRUE	TRUE	TRUE	1	1	FALSE	FALSE	3	3	3	8	10	13
bgs_V0.5_c1_rep10_env4	lfmm_simes	Chr1	3902063	3950130	19	1	Chr1:3902063;Chr1:3905795;Chr1:3907492;Chr1:3911593;Chr1:3911877;Chr1:3913015;Chr1:3913353;Chr1:3915673;Chr1:3918842;Chr1:3923117;Chr1:3923447;Chr1:3931011;Chr1:3932161;Chr1:3932759;Chr1:3939344;Chr1:3945746;Chr1:3946817;Chr1:3947043;Chr1:3950130	Chr1:3911593	Chr1:3931011	TRUE	TRUE	TRUE	1	1	FALSE	FALSE	3	3	3	8	10	13
bgs_V0.5_c1_rep10_env5	emmax_consensus	Chr1	6677700	6832925	23	2	Chr1:6677700;Chr1:6683789;Chr1:6685416;Chr1:6685753;Chr1:6686489;Chr1:6691620;Chr1:6699899;Chr1:6713820;Chr1:6719312;Chr1:6721494;Chr1:6722000;Chr1:6723479;Chr1:6732674;Chr1:6742987;Chr1:6744286;Chr1:6764307;Chr1:6768232;Chr1:6787493;Chr1:6793295;Chr1:6810080;Chr1:6817076;Chr1:6824086;Chr1:6832925	Chr1:6685753;Chr1:6764307	Chr1:6901805	TRUE	TRUE	FALSE	1	0	FALSE	FALSE	2	2	2	9	10	15
bgs_V0.5_c1_rep10_env5	emmax_consensus	Chr1	6844254	6920878	14	1	Chr1:6844254;Chr1:6844740;Chr1:6846568;Chr1:6859336;Chr1:6862547;Chr1:6881526;Chr1:6890864;Chr1:6896980;Chr1:6899878;Chr1:6901805;Chr1:6905114;Chr1:6912557;Chr1:6913323;Chr1:6920878	Chr1:6859336	Chr1:6901805	TRUE	TRUE	FALSE	1	0	FALSE	FALSE	2	2	2	9	10	15
bgs_V0.5_c1_rep10_env5	emmax_simes	Chr1	6677700	6832925	23	2	Chr1:6677700;Chr1:6683789;Chr1:6685416;Chr1:6685753;Chr1:6686489;Chr1:6691620;Chr1:6699899;Chr1:6713820;Chr1:6719312;Chr1:6721494;Chr1:6722000;Chr1:6723479;Chr1:6732674;Chr1:6742987;Chr1:6744286;Chr1:6764307;Chr1:6768232;Chr1:6787493;Chr1:6793295;Chr1:6810080;Chr1:6817076;Chr1:6824086;Chr1:6832925	Chr1:6685753;Chr1:6764307	Chr1:6901805	TRUE	TRUE	FALSE	1	0	FALSE	FALSE	2	2	2	9	10	15
bgs_V0.5_c1_rep10_env5	emmax_simes	Chr1	6844254	6920878	14	1	Chr1:6844254;Chr1:6844740;Chr1:6846568;Chr1:6859336;Chr1:6862547;Chr1:6881526;Chr1:6890864;Chr1:6896980;Chr1:6899878;Chr1:6901805;Chr1:6905114;Chr1:6912557;Chr1:6913323;Chr1:6920878	Chr1:6859336	Chr1:6901805	TRUE	TRUE	FALSE	1	0	FALSE	FALSE	2	2	2	9	10	15
bgs_V0.5_c1_rep10_env5	lfmm_simes	Chr1	6677700	6832925	23	2	Chr1:6677700;Chr1:6683789;Chr1:6685416;Chr1:6685753;Chr1:6686489;Chr1:6691620;Chr1:6699899;Chr1:6713820;Chr1:6719312;Chr1:6721494;Chr1:6722000;Chr1:6723479;Chr1:6732674;Chr1:6742987;Chr1:6744286;Chr1:6764307;Chr1:6768232;Chr1:6787493;Chr1:6793295;Chr1:6810080;Chr1:6817076;Chr1:6824086;Chr1:6832925	Chr1:6685753;Chr1:6764307	Chr1:6901805	TRUE	TRUE	FALSE	1	0	FALSE	FALSE	2	2	2	9	10	15
bgs_V0.5_c1_rep10_env5	lfmm_simes	Chr1	6844254	6920878	14	1	Chr1:6844254;Chr1:6844740;Chr1:6846568;Chr1:6859336;Chr1:6862547;Chr1:6881526;Chr1:6890864;Chr1:6896980;Chr1:6899878;Chr1:6901805;Chr1:6905114;Chr1:6912557;Chr1:6913323;Chr1:6920878	Chr1:6859336	Chr1:6901805	TRUE	TRUE	FALSE	1	0	FALSE	FALSE	2	2	2	9	10	15
bgs_V0.5_c1_rep10_env6	emmax_consensus	Chr1	6666029	6715045	17	1	Chr1:6666029;Chr1:6666975;Chr1:6670508;Chr1:6675701;Chr1:6678514;Chr1:6687073;Chr1:6693547;Chr1:6700089;Chr1:6701916;Chr1:6703373;Chr1:6706461;Chr1:6707799;Chr1:6707924;Chr1:6708712;Chr1:6709151;Chr1:6712690;Chr1:6715045	Chr1:6712690	""	FALSE	FALSE	TRUE	0	1	FALSE	FALSE	2	2	2	8	9	12
bgs_V0.5_c1_rep10_env7	emmax_consensus	Chr1	13322010	13338623	9	1	Chr1:13322010;Chr1:13322286;Chr1:13322315;Chr1:13323117;Chr1:13324447;Chr1:13326266;Chr1:13327024;Chr1:13334412;Chr1:13338623	Chr1:13322286	Chr1:13327024	TRUE	TRUE	FALSE	1	0	FALSE	FALSE	2	2	2	8	9	13
bgs_V0.5_c1_rep10_env7	emmax_simes	Chr1	13322010	13338623	9	1	Chr1:13322010;Chr1:13322286;Chr1:13322315;Chr1:13323117;Chr1:13324447;Chr1:13326266;Chr1:13327024;Chr1:13334412;Chr1:13338623	Chr1:13322286	Chr1:13327024	TRUE	TRUE	FALSE	1	0	FALSE	FALSE	2	2	2	8	9	13
bgs_V0.5_c1_rep10_env7	lfmm_simes	Chr1	13322010	13338623	9	1	Chr1:13322010;Chr1:13322286;Chr1:13322315;Chr1:13323117;Chr1:13324447;Chr1:13326266;Chr1:13327024;Chr1:13334412;Chr1:13338623	Chr1:13322286	Chr1:13327024	TRUE	TRUE	FALSE	1	0	FALSE	FALSE	2	2	2	8	9	13
bgs_V0.5_c1_rep10_env8	emmax_consensus	Chr1	5961421	6854838	111	7	Chr1:5961421;Chr1:5968264;Chr1:5972909;Chr1:5974687;Chr1:5982799;Chr1:5991738;Chr1:5993040;Chr1:5996332;Chr1:6011290;Chr1:6047306;Chr1:5963773;Chr1:6044320;Chr1:6060393;Chr1:6070983;Chr1:6078100;Chr1:6079900;Chr1:6097343;Chr1:6106866;Chr1:6108518;Chr1:6115182;Chr1:6120223;Chr1:6120708;Chr1:6130807;Chr1:6136213;Chr1:6160815;Chr1:6197098;Chr1:6204902;Chr1:6206108;Chr1:6206256;Chr1:6220752;Chr1:6235147;Chr1:6254867;Chr1:6261271;Chr1:6261375;Chr1:6261776;Chr1:6265865;Chr1:6266498;Chr1:6272623;Chr1:6276403;Chr1:6308653;Chr1:6318318;Chr1:6339249;Chr1:6342664;Chr1:6352973;Chr1:6447777;Chr1:6507489;Chr1:6515050;Chr1:6526779;Chr1:6530212;Chr1:6542314;Chr1:6549230;Chr1:6550790;Chr1:6563724;Chr1:6583355;Chr1:6617004;Chr1:6619785;Chr1:6621549;Chr1:6621835;Chr1:6631676;Chr1:6663788;Chr1:6674793;Chr1:6678564;Chr1:6680270;Chr1:6683064;Chr1:6683230;Chr1:6683606;Chr1:6683692;Chr1:6684191;Chr1:6687214;Chr1:6690992;Chr1:6693332;Chr1:6696335;Chr1:6713988;Chr1:6715194;Chr1:6700799;Chr1:6700894;Chr1:6702366;Chr1:6702809;Chr1:6703072;Chr1:6703447;Chr1:6703469;Chr1:6705227;Chr1:6720847;Chr1:6721374;Chr1:6727573;Chr1:6739476;Chr1:6741098;Chr1:6742944;Chr1:6749666;Chr1:6750747;Chr1:6757736;Chr1:6758263;Chr1:6758529;Chr1:6762010;Chr1:6763296;Chr1:6769133;Chr1:6769326;Chr1:6771386;Chr1:6774102;Chr1:6777798;Chr1:6783750;Chr1:6786755;Chr1:6793606;Chr1:6797263;Chr1:6799871;Chr1:6811677;Chr1:6817930;Chr1:6824885;Chr1:6830940;Chr1:6853249;Chr1:6854838	Chr1:5982799;Chr1:6106866;Chr1:6272623;Chr1:6583355;Chr1:6683606;Chr1:6721374;Chr1:6811677	Chr1:5963773	TRUE	TRUE	TRUE	1	2	FALSE	FALSE	3	3	3	8	10	16
bgs_V0.5_c1_rep10_env8	emmax_simes	Chr1	5961421	6854838	111	7	Chr1:5961421;Chr1:5968264;Chr1:5972909;Chr1:5974687;Chr1:5982799;Chr1:5991738;Chr1:5993040;Chr1:5996332;Chr1:6011290;Chr1:6047306;Chr1:5963773;Chr1:6044320;Chr1:6060393;Chr1:6070983;Chr1:6078100;Chr1:6079900;Chr1:6097343;Chr1:6106866;Chr1:6108518;Chr1:6115182;Chr1:6120223;Chr1:6120708;Chr1:6130807;Chr1:6136213;Chr1:6160815;Chr1:6197098;Chr1:6204902;Chr1:6206108;Chr1:6206256;Chr1:6220752;Chr1:6235147;Chr1:6254867;Chr1:6261271;Chr1:6261375;Chr1:6261776;Chr1:6265865;Chr1:6266498;Chr1:6272623;Chr1:6276403;Chr1:6308653;Chr1:6318318;Chr1:6339249;Chr1:6342664;Chr1:6352973;Chr1:6447777;Chr1:6507489;Chr1:6515050;Chr1:6526779;Chr1:6530212;Chr1:6542314;Chr1:6549230;Chr1:6550790;Chr1:6563724;Chr1:6583355;Chr1:6617004;Chr1:6619785;Chr1:6621549;Chr1:6621835;Chr1:6631676;Chr1:6663788;Chr1:6674793;Chr1:6678564;Chr1:6680270;Chr1:6683064;Chr1:6683230;Chr1:6683606;Chr1:6683692;Chr1:6684191;Chr1:6687214;Chr1:6690992;Chr1:6693332;Chr1:6696335;Chr1:6713988;Chr1:6715194;Chr1:6700799;Chr1:6700894;Chr1:6702366;Chr1:6702809;Chr1:6703072;Chr1:6703447;Chr1:6703469;Chr1:6705227;Chr1:6720847;Chr1:6721374;Chr1:6727573;Chr1:6739476;Chr1:6741098;Chr1:6742944;Chr1:6749666;Chr1:6750747;Chr1:6757736;Chr1:6758263;Chr1:6758529;Chr1:6762010;Chr1:6763296;Chr1:6769133;Chr1:6769326;Chr1:6771386;Chr1:6774102;Chr1:6777798;Chr1:6783750;Chr1:6786755;Chr1:6793606;Chr1:6797263;Chr1:6799871;Chr1:6811677;Chr1:6817930;Chr1:6824885;Chr1:6830940;Chr1:6853249;Chr1:6854838	Chr1:5982799;Chr1:6106866;Chr1:6272623;Chr1:6583355;Chr1:6683606;Chr1:6721374;Chr1:6811677	Chr1:5963773	TRUE	TRUE	TRUE	1	2	FALSE	FALSE	3	3	3	8	10	16
bgs_V0.5_c1_rep10_env8	lfmm_simes	Chr1	5961421	6220752	30	2	Chr1:5961421;Chr1:5968264;Chr1:5972909;Chr1:5974687;Chr1:5982799;Chr1:5991738;Chr1:5993040;Chr1:5996332;Chr1:6011290;Chr1:6047306;Chr1:5963773;Chr1:6044320;Chr1:6060393;Chr1:6070983;Chr1:6078100;Chr1:6079900;Chr1:6097343;Chr1:6106866;Chr1:6108518;Chr1:6115182;Chr1:6120223;Chr1:6120708;Chr1:6130807;Chr1:6136213;Chr1:6160815;Chr1:6197098;Chr1:6204902;Chr1:6206108;Chr1:6206256;Chr1:6220752	Chr1:5982799;Chr1:6106866	Chr1:5963773	TRUE	TRUE	TRUE	1	1	FALSE	FALSE	3	3	3	8	10	16
bgs_V0.5_c1_rep10_env8	lfmm_simes	Chr1	6447777	6777798	56	3	Chr1:6447777;Chr1:6507489;Chr1:6515050;Chr1:6526779;Chr1:6530212;Chr1:6542314;Chr1:6549230;Chr1:6550790;Chr1:6563724;Chr1:6583355;Chr1:6617004;Chr1:6619785;Chr1:6621549;Chr1:6621835;Chr1:6631676;Chr1:6663788;Chr1:6674793;Chr1:6678564;Chr1:6680270;Chr1:6683064;Chr1:6683230;Chr1:6683606;Chr1:6683692;Chr1:6684191;Chr1:6687214;Chr1:6690992;Chr1:6693332;Chr1:6696335;Chr1:6713988;Chr1:6715194;Chr1:6700799;Chr1:6700894;Chr1:6702366;Chr1:6702809;Chr1:6703072;Chr1:6703447;Chr1:6703469;Chr1:6705227;Chr1:6720847;Chr1:6721374;Chr1:6727573;Chr1:6739476;Chr1:6741098;Chr1:6742944;Chr1:6749666;Chr1:6750747;Chr1:6757736;Chr1:6758263;Chr1:6758529;Chr1:6762010;Chr1:6763296;Chr1:6769133;Chr1:6769326;Chr1:6771386;Chr1:6774102;Chr1:6777798	Chr1:6583355;Chr1:6683606;Chr1:6721374	""	FALSE	TRUE	TRUE	1	1	FALSE	FALSE	3	3	3	8	10	16
bgs_V0.5_c1_rep10_env8	lfmm_simes	Chr1	6783750	6854838	11	1	Chr1:6783750;Chr1:6786755;Chr1:6793606;Chr1:6797263;Chr1:6799871;Chr1:6811677;Chr1:6817930;Chr1:6824885;Chr1:6830940;Chr1:6853249;Chr1:6854838	Chr1:6811677	""	FALSE	TRUE	FALSE	1	0	FALSE	FALSE	2	2	2	8	10	16
bgs_V0.5_c1_rep1_env3	emmax_consensus	Chr1	26421695	26767087	20	1	Chr1:26421695;Chr1:26422183;Chr1:26437845;Chr1:26438835;Chr1:26466989;Chr1:26470120;Chr1:26481782;Chr1:26495046;Chr1:26533678;Chr1:26534118;Chr1:26545196;Chr1:26549085;Chr1:26565351;Chr1:26569754;Chr1:26572340;Chr1:26576737;Chr1:26716516;Chr1:26759334;Chr1:26761451;Chr1:26767087	Chr1:26716516	Chr1:26716516	TRUE	TRUE	TRUE	1	1	FALSE	FALSE	3	3	3	9	11	18
bgs_V0.5_c1_rep1_env3	emmax_simes	Chr1	26421695	26767087	20	1	Chr1:26421695;Chr1:26422183;Chr1:26437845;Chr1:26438835;Chr1:26466989;Chr1:26470120;Chr1:26481782;Chr1:26495046;Chr1:26533678;Chr1:26534118;Chr1:26545196;Chr1:26549085;Chr1:26565351;Chr1:26569754;Chr1:26572340;Chr1:26576737;Chr1:26716516;Chr1:26759334;Chr1:26761451;Chr1:26767087	Chr1:26716516	Chr1:26716516	TRUE	TRUE	TRUE	1	1	FALSE	FALSE	3	3	3	9	11	18
bgs_V0.5_c1_rep1_env3	lfmm_simes	Chr1	26421695	26767087	20	1	Chr1:26421695;Chr1:26422183;Chr1:26437845;Chr1:26438835;Chr1:26466989;Chr1:26470120;Chr1:26481782;Chr1:26495046;Chr1:26533678;Chr1:26534118;Chr1:26545196;Chr1:26549085;Chr1:26565351;Chr1:26569754;Chr1:26572340;Chr1:26576737;Chr1:26716516;Chr1:26759334;Chr1:26761451;Chr1:26767087	Chr1:26716516	Chr1:26716516	TRUE	TRUE	TRUE	1	1	FALSE	FALSE	3	3	3	9	11	18
bgs_V0.5_c1_rep1_env5	emmax_consensus	Chr1	1919	309271	69	1	Chr1:1919;Chr1:8269;Chr1:19184;Chr1:24100;Chr1:31439;Chr1:32639;Chr1:34121;Chr1:37755;Chr1:39275;Chr1:40745;Chr1:42380;Chr1:43625;Chr1:49281;Chr1:55053;Chr1:62006;Chr1:63537;Chr1:69063;Chr1:76161;Chr1:77256;Chr1:96184;Chr1:98217;Chr1:99623;Chr1:100256;Chr1:107840;Chr1:111350;Chr1:122587;Chr1:126132;Chr1:126694;Chr1:127505;Chr1:128881;Chr1:135056;Chr1:141309;Chr1:156436;Chr1:160049;Chr1:161563;Chr1:162852;Chr1:179572;Chr1:181287;Chr1:181979;Chr1:185367;Chr1:189546;Chr1:191228;Chr1:193784;Chr1:193942;Chr1:196411;Chr1:196541;Chr1:204775;Chr1:204852;Chr1:209931;Chr1:212259;Chr1:220001;Chr1:220736;Chr1:224171;Chr1:230249;Chr1:233810;Chr1:234347;Chr1:235173;Chr1:239734;Chr1:244273;Chr1:250718;Chr1:258860;Chr1:262888;Chr1:263932;Chr1:272957;Chr1:273956;Chr1:283469;Chr1:285658;Chr1:293996;Chr1:309271	Chr1:1919	Chr1:126132	TRUE	TRUE	TRUE	1	1	FALSE	FALSE	3	3	3	9	11	16
bgs_V0.5_c1_rep1_env5	emmax_simes	Chr1	1919	309271	69	1	Chr1:1919;Chr1:8269;Chr1:19184;Chr1:24100;Chr1:31439;Chr1:32639;Chr1:34121;Chr1:37755;Chr1:39275;Chr1:40745;Chr1:42380;Chr1:43625;Chr1:49281;Chr1:55053;Chr1:62006;Chr1:63537;Chr1:69063;Chr1:76161;Chr1:77256;Chr1:96184;Chr1:98217;Chr1:99623;Chr1:100256;Chr1:107840;Chr1:111350;Chr1:122587;Chr1:126132;Chr1:126694;Chr1:127505;Chr1:128881;Chr1:135056;Chr1:141309;Chr1:156436;Chr1:160049;Chr1:161563;Chr1:162852;Chr1:179572;Chr1:181287;Chr1:181979;Chr1:185367;Chr1:189546;Chr1:191228;Chr1:193784;Chr1:193942;Chr1:196411;Chr1:196541;Chr1:204775;Chr1:204852;Chr1:209931;Chr1:212259;Chr1:220001;Chr1:220736;Chr1:224171;Chr1:230249;Chr1:233810;Chr1:234347;Chr1:235173;Chr1:239734;Chr1:244273;Chr1:250718;Chr1:258860;Chr1:262888;Chr1:263932;Chr1:272957;Chr1:273956;Chr1:283469;Chr1:285658;Chr1:293996;Chr1:309271	Chr1:1919	Chr1:126132	TRUE	TRUE	TRUE	1	1	FALSE	FALSE	3	3	3	9	11	16
bgs_V0.5_c1_rep1_env5	lfmm_simes	Chr1	1919	309271	69	1	Chr1:1919;Chr1:8269;Chr1:19184;Chr1:24100;Chr1:31439;Chr1:32639;Chr1:34121;Chr1:37755;Chr1:39275;Chr1:40745;Chr1:42380;Chr1:43625;Chr1:49281;Chr1:55053;Chr1:62006;Chr1:63537;Chr1:69063;Chr1:76161;Chr1:77256;Chr1:96184;Chr1:98217;Chr1:99623;Chr1:100256;Chr1:107840;Chr1:111350;Chr1:122587;Chr1:126132;Chr1:126694;Chr1:127505;Chr1:128881;Chr1:135056;Chr1:141309;Chr1:156436;Chr1:160049;Chr1:161563;Chr1:162852;Chr1:179572;Chr1:181287;Chr1:181979;Chr1:185367;Chr1:189546;Chr1:191228;Chr1:193784;Chr1:193942;Chr1:196411;Chr1:196541;Chr1:204775;Chr1:204852;Chr1:209931;Chr1:212259;Chr1:220001;Chr1:220736;Chr1:224171;Chr1:230249;Chr1:233810;Chr1:234347;Chr1:235173;Chr1:239734;Chr1:244273;Chr1:250718;Chr1:258860;Chr1:262888;Chr1:263932;Chr1:272957;Chr1:273956;Chr1:283469;Chr1:285658;Chr1:293996;Chr1:309271	Chr1:1919	Chr1:126132	TRUE	TRUE	TRUE	1	1	FALSE	FALSE	3	3	3	9	11	16
bgs_V0.5_c1_rep1_env8	emmax_consensus	Chr1	13479397	13769795	54	3	Chr1:13479397;Chr1:13488250;Chr1:13500735;Chr1:13511529;Chr1:13512176;Chr1:13523441;Chr1:13526246;Chr1:13529374;Chr1:13531859;Chr1:13533986;Chr1:13534756;Chr1:13537120;Chr1:13538741;Chr1:13542557;Chr1:13550282;Chr1:13551131;Chr1:13553765;Chr1:13564041;Chr1:13583030;Chr1:13584748;Chr1:13590424;Chr1:13607589;Chr1:13610264;Chr1:13612764;Chr1:13613268;Chr1:13620237;Chr1:13626004;Chr1:13627173;Chr1:13629356;Chr1:13637519;Chr1:13643877;Chr1:13645456;Chr1:13662276;Chr1:13675443;Chr1:13678898;Chr1:13679586;Chr1:13688293;Chr1:13695033;Chr1:13696676;Chr1:13697403;Chr1:13699468;Chr1:13710468;Chr1:13714891;Chr1:13715628;Chr1:13724723;Chr1:13732367;Chr1:13740332;Chr1:13741215;Chr1:13743796;Chr1:13754422;Chr1:13756170;Chr1:13765980;Chr1:13766045;Chr1:13769795	Chr1:13537120;Chr1:13637519;Chr1:13743796	Chr1:13542557	TRUE	TRUE	TRUE	1	2	FALSE	FALSE	3	3	3	9	12	19
bgs_V0.5_c1_rep1_env8	emmax_simes	Chr1	13479397	13769795	54	3	Chr1:13479397;Chr1:13488250;Chr1:13500735;Chr1:13511529;Chr1:13512176;Chr1:13523441;Chr1:13526246;Chr1:13529374;Chr1:13531859;Chr1:13533986;Chr1:13534756;Chr1:13537120;Chr1:13538741;Chr1:13542557;Chr1:13550282;Chr1:13551131;Chr1:13553765;Chr1:13564041;Chr1:13583030;Chr1:13584748;Chr1:13590424;Chr1:13607589;Chr1:13610264;Chr1:13612764;Chr1:13613268;Chr1:13620237;Chr1:13626004;Chr1:13627173;Chr1:13629356;Chr1:13637519;Chr1:13643877;Chr1:13645456;Chr1:13662276;Chr1:13675443;Chr1:13678898;Chr1:13679586;Chr1:13688293;Chr1:13695033;Chr1:13696676;Chr1:13697403;Chr1:13699468;Chr1:13710468;Chr1:13714891;Chr1:13715628;Chr1:13724723;Chr1:13732367;Chr1:13740332;Chr1:13741215;Chr1:13743796;Chr1:13754422;Chr1:13756170;Chr1:13765980;Chr1:13766045;Chr1:13769795	Chr1:13537120;Chr1:13637519;Chr1:13743796	Chr1:13542557	TRUE	TRUE	TRUE	1	2	FALSE	FALSE	3	3	3	9	12	19
bgs_V0.5_c1_rep1_env8	lfmm_simes	Chr1	13479397	13769795	54	3	Chr1:13479397;Chr1:13488250;Chr1:13500735;Chr1:13511529;Chr1:13512176;Chr1:13523441;Chr1:13526246;Chr1:13529374;Chr1:13531859;Chr1:13533986;Chr1:13534756;Chr1:13537120;Chr1:13538741;Chr1:13542557;Chr1:13550282;Chr1:13551131;Chr1:13553765;Chr1:13564041;Chr1:13583030;Chr1:13584748;Chr1:13590424;Chr1:13607589;Chr1:13610264;Chr1:13612764;Chr1:13613268;Chr1:13620237;Chr1:13626004;Chr1:13627173;Chr1:13629356;Chr1:13637519;Chr1:13643877;Chr1:13645456;Chr1:13662276;Chr1:13675443;Chr1:13678898;Chr1:13679586;Chr1:13688293;Chr1:13695033;Chr1:13696676;Chr1:13697403;Chr1:13699468;Chr1:13710468;Chr1:13714891;Chr1:13715628;Chr1:13724723;Chr1:13732367;Chr1:13740332;Chr1:13741215;Chr1:13743796;Chr1:13754422;Chr1:13756170;Chr1:13765980;Chr1:13766045;Chr1:13769795	Chr1:13537120;Chr1:13637519;Chr1:13743796	Chr1:13542557	TRUE	TRUE	TRUE	1	2	FALSE	FALSE	3	3	3	9	12	19
bgs_V0.5_c1_rep1_env9	emmax_consensus	Chr1	25726352	25814628	13	1	Chr1:25726352;Chr1:25750295;Chr1:25760030;Chr1:25765928;Chr1:25773713;Chr1:25776301;Chr1:25777210;Chr1:25784237;Chr1:25790983;Chr1:25791220;Chr1:25793911;Chr1:25804014;Chr1:25814628	Chr1:25773713	Chr1:25814628	TRUE	TRUE	FALSE	1	0	FALSE	FALSE	2	2	2	8	11	18
bgs_V0.5_c1_rep1_env9	emmax_consensus	Chr1	25818200	25863804	12	1	Chr1:25818200;Chr1:25820529;Chr1:25821371;Chr1:25828502;Chr1:25834336;Chr1:25836348;Chr1:25836701;Chr1:25843567;Chr1:25847445;Chr1:25849834;Chr1:25856764;Chr1:25863804	Chr1:25818200	Chr1:25814628	TRUE	FALSE	FALSE	0	0	FALSE	FALSE	1	1	1	8	11	18
bgs_V0.5_c1_rep1_env9	emmax_simes	Chr1	25726352	25814628	13	1	Chr1:25726352;Chr1:25750295;Chr1:25760030;Chr1:25765928;Chr1:25773713;Chr1:25776301;Chr1:25777210;Chr1:25784237;Chr1:25790983;Chr1:25791220;Chr1:25793911;Chr1:25804014;Chr1:25814628	Chr1:25773713	Chr1:25814628	TRUE	TRUE	FALSE	1	0	FALSE	FALSE	2	2	2	8	11	18
bgs_V0.5_c1_rep1_env9	lfmm_simes	Chr1	25726352	25814628	13	1	Chr1:25726352;Chr1:25750295;Chr1:25760030;Chr1:25765928;Chr1:25773713;Chr1:25776301;Chr1:25777210;Chr1:25784237;Chr1:25790983;Chr1:25791220;Chr1:25793911;Chr1:25804014;Chr1:25814628	Chr1:25773713	Chr1:25814628	TRUE	TRUE	FALSE	1	0	FALSE	FALSE	2	2	2	8	11	18
bgs_V0.5_c1_rep1_env9	lfmm_simes	Chr1	25818200	25863804	12	1	Chr1:25818200;Chr1:25820529;Chr1:25821371;Chr1:25828502;Chr1:25834336;Chr1:25836348;Chr1:25836701;Chr1:25843567;Chr1:25847445;Chr1:25849834;Chr1:25856764;Chr1:25863804	Chr1:25818200	Chr1:25814628	TRUE	FALSE	FALSE	0	0	FALSE	FALSE	1	1	1	8	11	18
bgs_V0.5_c1_rep2_env2	emmax_consensus	Chr1	15621923	15938646	41	2	Chr1:15621923;Chr1:15625989;Chr1:15637756;Chr1:15675701;Chr1:15678934;Chr1:15681287;Chr1:15687347;Chr1:15687668;Chr1:15688600;Chr1:15689119;Chr1:15691458;Chr1:15696578;Chr1:15700561;Chr1:15721713;Chr1:15724702;Chr1:15725230;Chr1:15728166;Chr1:15728505;Chr1:15730603;Chr1:15731539;Chr1:15766719;Chr1:15767621;Chr1:15773054;Chr1:15791133;Chr1:15810712;Chr1:15818025;Chr1:15845212;Chr1:15849886;Chr1:15851161;Chr1:15856221;Chr1:15858532;Chr1:15860537;Chr1:15863865;Chr1:15876140;Chr1:15880571;Chr1:15895639;Chr1:15910373;Chr1:15919453;Chr1:15925889;Chr1:15927657;Chr1:15938646	Chr1:15696578;Chr1:15876140	Chr1:15773054	TRUE	TRUE	FALSE	1	0	FALSE	FALSE	2	2	2	13	15	24
bgs_V0.5_c1_rep2_env2	emmax_simes	Chr1	15621923	15938646	41	2	Chr1:15621923;Chr1:15625989;Chr1:15637756;Chr1:15675701;Chr1:15678934;Chr1:15681287;Chr1:15687347;Chr1:15687668;Chr1:15688600;Chr1:15689119;Chr1:15691458;Chr1:15696578;Chr1:15700561;Chr1:15721713;Chr1:15724702;Chr1:15725230;Chr1:15728166;Chr1:15728505;Chr1:15730603;Chr1:15731539;Chr1:15766719;Chr1:15767621;Chr1:15773054;Chr1:15791133;Chr1:15810712;Chr1:15818025;Chr1:15845212;Chr1:15849886;Chr1:15851161;Chr1:15856221;Chr1:15858532;Chr1:15860537;Chr1:15863865;Chr1:15876140;Chr1:15880571;Chr1:15895639;Chr1:15910373;Chr1:15919453;Chr1:15925889;Chr1:15927657;Chr1:15938646	Chr1:15696578;Chr1:15876140	Chr1:15773054	TRUE	TRUE	FALSE	1	0	FALSE	FALSE	2	2	2	13	15	24
bgs_V0.5_c1_rep2_env2	lfmm_simes	Chr1	15621923	15773054	23	1	Chr1:15621923;Chr1:15625989;Chr1:15637756;Chr1:15675701;Chr1:15678934;Chr1:15681287;Chr1:15687347;Chr1:15687668;Chr1:15688600;Chr1:15689119;Chr1:15691458;Chr1:15696578;Chr1:15700561;Chr1:15721713;Chr1:15724702;Chr1:15725230;Chr1:15728166;Chr1:15728505;Chr1:15730603;Chr1:15731539;Chr1:15766719;Chr1:15767621;Chr1:15773054	Chr1:15696578	Chr1:15773054	TRUE	TRUE	FALSE	1	0	FALSE	FALSE	2	2	2	13	15	24
bgs_V0.5_c1_rep2_env4	emmax_consensus	Chr1	11223650	12049861	94	4	Chr1:11223650;Chr1:11225544;Chr1:11230382;Chr1:11238005;Chr1:11241729;Chr1:11246266;Chr1:11259718;Chr1:11299803;Chr1:11305846;Chr1:11307804;Chr1:11317092;Chr1:11335976;Chr1:11345215;Chr1:11348914;Chr1:11349773;Chr1:11360149;Chr1:11366258;Chr1:11371706;Chr1:11373467;Chr1:11378212;Chr1:11384656;Chr1:11404910;Chr1:11423040;Chr1:11439839;Chr1:11459049;Chr1:11469978;Chr1:11475374;Chr1:11477932;Chr1:11490910;Chr1:11493350;Chr1:11504854;Chr1:11505268;Chr1:11516474;Chr1:11518903;Chr1:11520849;Chr1:11551062;Chr1:11551281;Chr1:11567853;Chr1:11569207;Chr1:11594734;Chr1:11597751;Chr1:11598548;Chr1:11602466;Chr1:11609998;Chr1:11623584;Chr1:11627827;Chr1:11631848;Chr1:11638204;Chr1:11639146;Chr1:11643375;Chr1:11645877;Chr1:11647497;Chr1:11651250;Chr1:11654224;Chr1:11654265;Chr1:11672342;Chr1:11673278;Chr1:11682311;Chr1:11682557;Chr1:11688476;Chr1:11689263;Chr1:11697139;Chr1:11700489;Chr1:11702650;Chr1:11702983;Chr1:11704856;Chr1:11719034;Chr1:11729637;Chr1:11739696;Chr1:11753581;Chr1:11753633;Chr1:11764624;Chr1:11774011;Chr1:11796377;Chr1:11799715;Chr1:11809210;Chr1:11823027;Chr1:11831945;Chr1:11832117;Chr1:11865542;Chr1:11867683;Chr1:11869445;Chr1:11876722;Chr1:11898934;Chr1:11901261;Chr1:11905680;Chr1:11905789;Chr1:11910941;Chr1:11922906;Chr1:11929883;Chr1:11942202;Chr1:11948867;Chr1:11969481;Chr1:12049861	Chr1:11259718;Chr1:11627827;Chr1:11689263;Chr1:11922906	Chr1:11305846	TRUE	TRUE	TRUE	2	1	FALSE	FALSE	3	3	3	12	15	26
bgs_V0.5_c1_rep2_env4	emmax_consensus	Chr1	12400914	12667948	22	1	Chr1:12400914;Chr1:12409555;Chr1:12412113;Chr1:12416508;Chr1:12416670;Chr1:12432811;Chr1:12458646;Chr1:12466919;Chr1:12489488;Chr1:12493757;Chr1:12500606;Chr1:12542376;Chr1:12561994;Chr1:12562763;Chr1:12617478;Chr1:12625172;Chr1:12629656;Chr1:12658104;Chr1:12661031;Chr1:12663442;Chr1:12666311;Chr1:12667948	Chr1:12629656	""	FALSE	FALSE	FALSE	0	0	FALSE	FALSE	1	1	1	12	15	26
bgs_V0.5_c1_rep2_env4	emmax_simes	Chr1	11223650	11673278	57	2	Chr1:11223650;Chr1:11225544;Chr1:11230382;Chr1:11238005;Chr1:11241729;Chr1:11246266;Chr1:11259718;Chr1:11299803;Chr1:11305846;Chr1:11307804;Chr1:11317092;Chr1:11335976;Chr1:11345215;Chr1:11348914;Chr1:11349773;Chr1:11360149;Chr1:11366258;Chr1:11371706;Chr1:11373467;Chr1:11378212;Chr1:11384656;Chr1:11404910;Chr1:11423040;Chr1:11439839;Chr1:11459049;Chr1:11469978;Chr1:11475374;Chr1:11477932;Chr1:11490910;Chr1:11493350;Chr1:11504854;Chr1:11505268;Chr1:11516474;Chr1:11518903;Chr1:11520849;Chr1:11551062;Chr1:11551281;Chr1:11567853;Chr1:11569207;Chr1:11594734;Chr1:11597751;Chr1:11598548;Chr1:11602466;Chr1:11609998;Chr1:11623584;Chr1:11627827;Chr1:11631848;Chr1:11638204;Chr1:11639146;Chr1:11643375;Chr1:11645877;Chr1:11647497;Chr1:11651250;Chr1:11654224;Chr1:11654265;Chr1:11672342;Chr1:11673278	Chr1:11259718;Chr1:11627827	Chr1:11305846	TRUE	TRUE	TRUE	1	1	FALSE	FALSE	3	3	3	12	15	26
bgs_V0.5_c1_rep2_env4	emmax_simes	Chr1	12400914	12667948	22	1	Chr1:12400914;Chr1:12409555;Chr1:12412113;Chr1:12416508;Chr1:12416670;Chr1:12432811;Chr1:12458646;Chr1:12466919;Chr1:12489488;Chr1:12493757;Chr1:12500606;Chr1:12542376;Chr1:12561994;Chr1:12562763;Chr1:12617478;Chr1:12625172;Chr1:12629656;Chr1:12658104;Chr1:12661031;Chr1:12663442;Chr1:12666311;Chr1:12667948	Chr1:12629656	""	FALSE	FALSE	FALSE	0	0	FALSE	FALSE	1	1	1	12	15	26
bgs_V0.5_c1_rep2_env4	lfmm_simes	Chr1	11223650	11673278	57	2	Chr1:11223650;Chr1:11225544;Chr1:11230382;Chr1:11238005;Chr1:11241729;Chr1:11246266;Chr1:11259718;Chr1:11299803;Chr1:11305846;Chr1:11307804;Chr1:11317092;Chr1:11335976;Chr1:11345215;Chr1:11348914;Chr1:11349773;Chr1:11360149;Chr1:11366258;Chr1:11371706;Chr1:11373467;Chr1:11378212;Chr1:11384656;Chr1:11404910;Chr1:11423040;Chr1:11439839;Chr1:11459049;Chr1:11469978;Chr1:11475374;Chr1:11477932;Chr1:11490910;Chr1:11493350;Chr1:11504854;Chr1:11505268;Chr1:11516474;Chr1:11518903;Chr1:11520849;Chr1:11551062;Chr1:11551281;Chr1:11567853;Chr1:11569207;Chr1:11594734;Chr1:11597751;Chr1:11598548;Chr1:11602466;Chr1:11609998;Chr1:11623584;Chr1:11627827;Chr1:11631848;Chr1:11638204;Chr1:11639146;Chr1:11643375;Chr1:11645877;Chr1:11647497;Chr1:11651250;Chr1:11654224;Chr1:11654265;Chr1:11672342;Chr1:11673278	Chr1:11259718;Chr1:11627827	Chr1:11305846	TRUE	TRUE	TRUE	1	1	FALSE	FALSE	3	3	3	12	15	26
bgs_V0.5_c1_rep2_env5	lfmm_simes	Chr1	12137725	12256796	26	1	Chr1:12137725;Chr1:12171275;Chr1:12173943;Chr1:12181917;Chr1:12184617;Chr1:12187395;Chr1:12188539;Chr1:12196343;Chr1:12198365;Chr1:12199108;Chr1:12199448;Chr1:12202607;Chr1:12203062;Chr1:12203158;Chr1:12225285;Chr1:12228093;Chr1:12231275;Chr1:12231718;Chr1:12232863;Chr1:12233220;Chr1:12236544;Chr1:12238494;Chr1:12240519;Chr1:12252687;Chr1:12254227;Chr1:12256796	Chr1:12203158	""	FALSE	FALSE	TRUE	0	1	FALSE	FALSE	2	2	2	12	15	24
bgs_V0.5_c1_rep2_env8	emmax_consensus	Chr2	14720508	15053162	39	2	Chr2:14720508;Chr2:14779369;Chr2:14855245;Chr2:14858797;Chr2:14864051;Chr2:14867979;Chr2:14885139;Chr2:14886199;Chr2:14888171;Chr2:14901169;Chr2:14911192;Chr2:14920210;Chr2:14925839;Chr2:14946572;Chr2:14964669;Chr2:14973164;Chr2:14975850;Chr2:14983558;Chr2:14987447;Chr2:14997050;Chr2:15041744;Chr2:15053162;Chr2:14740217;Chr2:14765587;Chr2:14768051;Chr2:14866612;Chr2:14869184;Chr2:14876104;Chr2:14882734;Chr2:14898444;Chr2:14899466;Chr2:14909143;Chr2:14914074;Chr2:14915600;Chr2:14927042;Chr2:14929764;Chr2:14929942;Chr2:14935902;Chr2:14938729	Chr2:14855245;Chr2:14882734	""	FALSE	TRUE	FALSE	1	0	FALSE	FALSE	2	2	2	12	15	23
bgs_V0.5_c1_rep2_env8	emmax_consensus	Chr2	15071151	15456057	31	2	Chr2:15071151;Chr2:15118085;Chr2:15134993;Chr2:15152420;Chr2:15156980;Chr2:15172010;Chr2:15182261;Chr2:15184957;Chr2:15267375;Chr2:15268685;Chr2:15270287;Chr2:15289602;Chr2:15292029;Chr2:15369817;Chr2:15440246;Chr2:15318245;Chr2:15332662;Chr2:15335321;Chr2:15353823;Chr2:15363263;Chr2:15364521;Chr2:15374117;Chr2:15379780;Chr2:15382494;Chr2:15388253;Chr2:15397643;Chr2:15414324;Chr2:15423407;Chr2:15439094;Chr2:15443290;Chr2:15456057	Chr2:15172010;Chr2:15397643	""	FALSE	TRUE	FALSE	1	0	FALSE	FALSE	2	2	2	12	15	23
bgs_V0.5_c1_rep2_env8	emmax_simes	Chr2	14720508	15053162	39	2	Chr2:14720508;Chr2:14779369;Chr2:14855245;Chr2:14858797;Chr2:14864051;Chr2:14867979;Chr2:14885139;Chr2:14886199;Chr2:14888171;Chr2:14901169;Chr2:14911192;Chr2:14920210;Chr2:14925839;Chr2:14946572;Chr2:14964669;Chr2:14973164;Chr2:14975850;Chr2:14983558;Chr2:14987447;Chr2:14997050;Chr2:15041744;Chr2:15053162;Chr2:14740217;Chr2:14765587;Chr2:14768051;Chr2:14866612;Chr2:14869184;Chr2:14876104;Chr2:14882734;Chr2:14898444;Chr2:14899466;Chr2:14909143;Chr2:14914074;Chr2:14915600;Chr2:14927042;Chr2:14929764;Chr2:14929942;Chr2:14935902;Chr2:14938729	Chr2:14855245;Chr2:14882734	""	FALSE	TRUE	FALSE	1	0	FALSE	FALSE	2	2	2	12	15	23
bgs_V0.5_c1_rep2_env8	emmax_simes	Chr2	15071151	15456057	31	2	Chr2:15071151;Chr2:15118085;Chr2:15134993;Chr2:15152420;Chr2:15156980;Chr2:15172010;Chr2:15182261;Chr2:15184957;Chr2:15267375;Chr2:15268685;Chr2:15270287;Chr2:15289602;Chr2:15292029;Chr2:15369817;Chr2:15440246;Chr2:15318245;Chr2:15332662;Chr2:15335321;Chr2:15353823;Chr2:15363263;Chr2:15364521;Chr2:15374117;Chr2:15379780;Chr2:15382494;Chr2:15388253;Chr2:15397643;Chr2:15414324;Chr2:15423407;Chr2:15439094;Chr2:15443290;Chr2:15456057	Chr2:15172010;Chr2:15397643	""	FALSE	TRUE	FALSE	1	0	FALSE	FALSE	2	2	2	12	15	23
bgs_V0.5_c1_rep2_env8	lfmm_simes	Chr2	11878527	12002145	24	1	Chr2:11878527;Chr2:11890674;Chr2:11928299;Chr2:11932431;Chr2:11934732;Chr2:11939613;Chr2:11942299;Chr2:11942460;Chr2:11948313;Chr2:11949569;Chr2:11950586;Chr2:11951078;Chr2:11951870;Chr2:11966260;Chr2:11971951;Chr2:11975985;Chr2:11978079;Chr2:11982540;Chr2:11983225;Chr2:11986553;Chr2:11994228;Chr2:11997954;Chr2:11998331;Chr2:12002145	Chr2:11971951	""	FALSE	TRUE	TRUE	1	1	FALSE	FALSE	3	3	3	12	15	23
bgs_V0.5_c1_rep2_env8	lfmm_simes	Chr2	14720508	15053162	39	2	Chr2:14720508;Chr2:14779369;Chr2:14855245;Chr2:14858797;Chr2:14864051;Chr2:14867979;Chr2:14885139;Chr2:14886199;Chr2:14888171;Chr2:14901169;Chr2:14911192;Chr2:14920210;Chr2:14925839;Chr2:14946572;Chr2:14964669;Chr2:14973164;Chr2:14975850;Chr2:14983558;Chr2:14987447;Chr2:14997050;Chr2:15041744;Chr2:15053162;Chr2:14740217;Chr2:14765587;Chr2:14768051;Chr2:14866612;Chr2:14869184;Chr2:14876104;Chr2:14882734;Chr2:14898444;Chr2:14899466;Chr2:14909143;Chr2:14914074;Chr2:14915600;Chr2:14927042;Chr2:14929764;Chr2:14929942;Chr2:14935902;Chr2:14938729	Chr2:14855245;Chr2:14882734	""	FALSE	TRUE	FALSE	1	0	FALSE	FALSE	2	2	2	12	15	23
bgs_V0.5_c1_rep2_env8	lfmm_simes	Chr2	15071151	15440246	15	1	Chr2:15071151;Chr2:15118085;Chr2:15134993;Chr2:15152420;Chr2:15156980;Chr2:15172010;Chr2:15182261;Chr2:15184957;Chr2:15267375;Chr2:15268685;Chr2:15270287;Chr2:15289602;Chr2:15292029;Chr2:15369817;Chr2:15440246	Chr2:15172010	""	FALSE	TRUE	FALSE	1	0	FALSE	FALSE	2	2	2	12	15	23
bgs_V0.5_c1_rep3_env1	emmax_consensus	Chr1	5530278	5888042	45	3	Chr1:5530278;Chr1:5549931;Chr1:5590977;Chr1:5593239;Chr1:5597241;Chr1:5598966;Chr1:5602761;Chr1:5605764;Chr1:5606658;Chr1:5608319;Chr1:5619960;Chr1:5620817;Chr1:5621682;Chr1:5625786;Chr1:5632032;Chr1:5661421;Chr1:5662386;Chr1:5670023;Chr1:5673650;Chr1:5676336;Chr1:5676748;Chr1:5679501;Chr1:5682247;Chr1:5682421;Chr1:5682771;Chr1:5688131;Chr1:5715082;Chr1:5800835;Chr1:5811517;Chr1:5812327;Chr1:5888042;Chr1:5698691;Chr1:5700041;Chr1:5700054;Chr1:5704216;Chr1:5719872;Chr1:5723976;Chr1:5733400;Chr1:5733607;Chr1:5739668;Chr1:5758779;Chr1:5766380;Chr1:5766910;Chr1:5767913;Chr1:5770419	Chr1:5590977;Chr1:5673650;Chr1:5766910	Chr1:5662386	TRUE	TRUE	TRUE	1	1	FALSE	FALSE	3	3	3	8	9	14
bgs_V0.5_c1_rep3_env1	emmax_simes	Chr1	5530278	5888042	45	3	Chr1:5530278;Chr1:5549931;Chr1:5590977;Chr1:5593239;Chr1:5597241;Chr1:5598966;Chr1:5602761;Chr1:5605764;Chr1:5606658;Chr1:5608319;Chr1:5619960;Chr1:5620817;Chr1:5621682;Chr1:5625786;Chr1:5632032;Chr1:5661421;Chr1:5662386;Chr1:5670023;Chr1:5673650;Chr1:5676336;Chr1:5676748;Chr1:5679501;Chr1:5682247;Chr1:5682421;Chr1:5682771;Chr1:5688131;Chr1:5715082;Chr1:5800835;Chr1:5811517;Chr1:5812327;Chr1:5888042;Chr1:5698691;Chr1:5700041;Chr1:5700054;Chr1:5704216;Chr1:5719872;Chr1:5723976;Chr1:5733400;Chr1:5733607;Chr1:5739668;Chr1:5758779;Chr1:5766380;Chr1:5766910;Chr1:5767913;Chr1:5770419	Chr1:5590977;Chr1:5673650;Chr1:5766910	Chr1:5662386	TRUE	TRUE	TRUE	1	1	FALSE	FALSE	3	3	3	8	9	14
bgs_V0.5_c1_rep3_env1	lfmm_simes	Chr1	5530278	5888042	45	3	Chr1:5530278;Chr1:5549931;Chr1:5590977;Chr1:5593239;Chr1:5597241;Chr1:5598966;Chr1:5602761;Chr1:5605764;Chr1:5606658;Chr1:5608319;Chr1:5619960;Chr1:5620817;Chr1:5621682;Chr1:5625786;Chr1:5632032;Chr1:5661421;Chr1:5662386;Chr1:5670023;Chr1:5673650;Chr1:5676336;Chr1:5676748;Chr1:5679501;Chr1:5682247;Chr1:5682421;Chr1:5682771;Chr1:5688131;Chr1:5715082;Chr1:5800835;Chr1:5811517;Chr1:5812327;Chr1:5888042;Chr1:5698691;Chr1:5700041;Chr1:5700054;Chr1:5704216;Chr1:5719872;Chr1:5723976;Chr1:5733400;Chr1:5733607;Chr1:5739668;Chr1:5758779;Chr1:5766380;Chr1:5766910;Chr1:5767913;Chr1:5770419	Chr1:5590977;Chr1:5673650;Chr1:5766910	Chr1:5662386	TRUE	TRUE	TRUE	1	1	FALSE	FALSE	3	3	3	8	9	14
bgs_V0.5_c1_rep3_env3	emmax_consensus	Chr1	3346917	3445735	25	1	Chr1:3346917;Chr1:3350018;Chr1:3351769;Chr1:3357140;Chr1:3360067;Chr1:3360772;Chr1:3363685;Chr1:3370058;Chr1:3371730;Chr1:3374367;Chr1:3374821;Chr1:3377093;Chr1:3378232;Chr1:3378482;Chr1:3383473;Chr1:3387075;Chr1:3388042;Chr1:3393871;Chr1:3405233;Chr1:3406245;Chr1:3428640;Chr1:3433852;Chr1:3438477;Chr1:3444139;Chr1:3445735	Chr1:3406245	""	FALSE	TRUE	TRUE	1	1	FALSE	FALSE	3	3	3	8	10	14
bgs_V0.5_c1_rep3_env3	emmax_consensus	Chr1	3448084	3953920	75	3	Chr1:3448084;Chr1:3448508;Chr1:3451321;Chr1:3452938;Chr1:3457189;Chr1:3465315;Chr1:3470668;Chr1:3472847;Chr1:3487230;Chr1:3506829;Chr1:3530647;Chr1:3533011;Chr1:3533539;Chr1:3472034;Chr1:3472813;Chr1:3473441;Chr1:3474774;Chr1:3486033;Chr1:3493158;Chr1:3497483;Chr1:3500120;Chr1:3501811;Chr1:3501993;Chr1:3516482;Chr1:3520286;Chr1:3522017;Chr1:3527546;Chr1:3537964;Chr1:3538105;Chr1:3538920;Chr1:3540017;Chr1:3543688;Chr1:3559904;Chr1:3561931;Chr1:3563326;Chr1:3567193;Chr1:3572198;Chr1:3576713;Chr1:3580998;Chr1:3581821;Chr1:3582019;Chr1:3592749;Chr1:3599198;Chr1:3625771;Chr1:3628876;Chr1:3630477;Chr1:3637043;Chr1:3641996;Chr1:3652990;Chr1:3667827;Chr1:3672179;Chr1:3674151;Chr1:3699860;Chr1:3707559;Chr1:3722740;Chr1:3726697;Chr1:3727269;Chr1:3727759;Chr1:3735688;Chr1:3737321;Chr1:3737754;Chr1:3750347;Chr1:3755620;Chr1:3763348;Chr1:3763940;Chr1:3769848;Chr1:3770626;Chr1:3786125;Chr1:3845822;Chr1:3848002;Chr1:3851159;Chr1:3869478;Chr1:3893138;Chr1:3952070;Chr1:3953920	Chr1:3487230;Chr1:3520286;Chr1:3625771	Chr1:3674151	TRUE	TRUE	TRUE	1	1	FALSE	FALSE	3	3	3	8	10	14
bgs_V0.5_c1_rep3_env3	emmax_simes	Chr1	3346917	3445735	25	1	Chr1:3346917;Chr1:3350018;Chr1:3351769;Chr1:3357140;Chr1:3360067;Chr1:3360772;Chr1:3363685;Chr1:3370058;Chr1:3371730;Chr1:3374367;Chr1:3374821;Chr1:3377093;Chr1:3378232;Chr1:3378482;Chr1:3383473;Chr1:3387075;Chr1:3388042;Chr1:3393871;Chr1:3405233;Chr1:3406245;Chr1:3428640;Chr1:3433852;Chr1:3438477;Chr1:3444139;Chr1:3445735	Chr1:3406245	""	FALSE	TRUE	TRUE	1	1	FALSE	FALSE	3	3	3	8	10	14
bgs_V0.5_c1_rep3_env3	emmax_simes	Chr1	3448084	3953920	75	3	Chr1:3448084;Chr1:3448508;Chr1:3451321;Chr1:3452938;Chr1:3457189;Chr1:3465315;Chr1:3470668;Chr1:3472847;Chr1:3487230;Chr1:3506829;Chr1:3530647;Chr1:3533011;Chr1:3533539;Chr1:3472034;Chr1:3472813;Chr1:3473441;Chr1:3474774;Chr1:3486033;Chr1:3493158;Chr1:3497483;Chr1:3500120;Chr1:3501811;Chr1:3501993;Chr1:3516482;Chr1:3520286;Chr1:3522017;Chr1:3527546;Chr1:3537964;Chr1:3538105;Chr1:3538920;Chr1:3540017;Chr1:3543688;Chr1:3559904;Chr1:3561931;Chr1:3563326;Chr1:3567193;Chr1:3572198;Chr1:3576713;Chr1:3580998;Chr1:3581821;Chr1:3582019;Chr1:3592749;Chr1:3599198;Chr1:3625771;Chr1:3628876;Chr1:3630477;Chr1:3637043;Chr1:3641996;Chr1:3652990;Chr1:3667827;Chr1:3672179;Chr1:3674151;Chr1:3699860;Chr1:3707559;Chr1:3722740;Chr1:3726697;Chr1:3727269;Chr1:3727759;Chr1:3735688;Chr1:3737321;Chr1:3737754;Chr1:3750347;Chr1:3755620;Chr1:3763348;Chr1:3763940;Chr1:3769848;Chr1:3770626;Chr1:3786125;Chr1:3845822;Chr1:3848002;Chr1:3851159;Chr1:3869478;Chr1:3893138;Chr1:3952070;Chr1:3953920	Chr1:3487230;Chr1:3520286;Chr1:3625771	Chr1:3674151	TRUE	TRUE	TRUE	1	1	FALSE	FALSE	3	3	3	8	10	14
bgs_V0.5_c1_rep3_env3	lfmm_simes	Chr1	3346917	3445735	25	1	Chr1:3346917;Chr1:3350018;Chr1:3351769;Chr1:3357140;Chr1:3360067;Chr1:3360772;Chr1:3363685;Chr1:3370058;Chr1:3371730;Chr1:3374367;Chr1:3374821;Chr1:3377093;Chr1:3378232;Chr1:3378482;Chr1:3383473;Chr1:3387075;Chr1:3388042;Chr1:3393871;Chr1:3405233;Chr1:3406245;Chr1:3428640;Chr1:3433852;Chr1:3438477;Chr1:3444139;Chr1:3445735	Chr1:3406245	""	FALSE	FALSE	TRUE	0	1	FALSE	FALSE	2	2	2	8	10	14
bgs_V0.5_c1_rep3_env3	lfmm_simes	Chr1	3448084	3953920	75	3	Chr1:3448084;Chr1:3448508;Chr1:3451321;Chr1:3452938;Chr1:3457189;Chr1:3465315;Chr1:3470668;Chr1:3472847;Chr1:3487230;Chr1:3506829;Chr1:3530647;Chr1:3533011;Chr1:3533539;Chr1:3472034;Chr1:3472813;Chr1:3473441;Chr1:3474774;Chr1:3486033;Chr1:3493158;Chr1:3497483;Chr1:3500120;Chr1:3501811;Chr1:3501993;Chr1:3516482;Chr1:3520286;Chr1:3522017;Chr1:3527546;Chr1:3537964;Chr1:3538105;Chr1:3538920;Chr1:3540017;Chr1:3543688;Chr1:3559904;Chr1:3561931;Chr1:3563326;Chr1:3567193;Chr1:3572198;Chr1:3576713;Chr1:3580998;Chr1:3581821;Chr1:3582019;Chr1:3592749;Chr1:3599198;Chr1:3625771;Chr1:3628876;Chr1:3630477;Chr1:3637043;Chr1:3641996;Chr1:3652990;Chr1:3667827;Chr1:3672179;Chr1:3674151;Chr1:3699860;Chr1:3707559;Chr1:3722740;Chr1:3726697;Chr1:3727269;Chr1:3727759;Chr1:3735688;Chr1:3737321;Chr1:3737754;Chr1:3750347;Chr1:3755620;Chr1:3763348;Chr1:3763940;Chr1:3769848;Chr1:3770626;Chr1:3786125;Chr1:3845822;Chr1:3848002;Chr1:3851159;Chr1:3869478;Chr1:3893138;Chr1:3952070;Chr1:3953920	Chr1:3487230;Chr1:3520286;Chr1:3625771	Chr1:3674151	TRUE	TRUE	TRUE	1	1	FALSE	FALSE	3	3	3	8	10	14
bgs_V0.5_c1_rep3_env3	lfmm_simes	Chr1	4134401	4163142	12	1	Chr1:4134401;Chr1:4138282;Chr1:4139284;Chr1:4144648;Chr1:4150462;Chr1:4152324;Chr1:4152940;Chr1:4154862;Chr1:4157833;Chr1:4158102;Chr1:4162746;Chr1:4163142	Chr1:4162746	""	FALSE	FALSE	FALSE	0	0	FALSE	FALSE	1	1	1	8	10	14
bgs_V0.5_c1_rep3_env3	lfmm_simes	Chr2	3042467	3144399	12	1	Chr2:3042467;Chr2:3058587;Chr2:3070185;Chr2:3075170;Chr2:3075214;Chr2:3085497;Chr2:3088527;Chr2:3089577;Chr2:3126705;Chr2:3129252;Chr2:3140334;Chr2:3144399	Chr2:3058587	""	FALSE	FALSE	FALSE	0	0	FALSE	FALSE	1	1	1	8	10	14
bgs_V0.5_c1_rep3_env4	lfmm_simes	Chr1	2700034	3053827	15	1	Chr1:2700034;Chr1:2948607;Chr1:2951333;Chr1:2971095;Chr1:2997199;Chr1:3009829;Chr1:3010803;Chr1:3019653;Chr1:3034209;Chr1:3039359;Chr1:3043253;Chr1:3044910;Chr1:3047982;Chr1:3049233;Chr1:3053827	Chr1:3039359	Chr1:3010803	TRUE	TRUE	TRUE	1	1	FALSE	FALSE	3	3	3	8	9	12
bgs_V0.5_c1_rep3_env4	lfmm_simes	Chr2	3133104	3191931	14	1	Chr2:3133104;Chr2:3133283;Chr2:3134542;Chr2:3137369;Chr2:3138554;Chr2:3139578;Chr2:3143261;Chr2:3154090;Chr2:3158571;Chr2:3162770;Chr2:3170790;Chr2:3180736;Chr2:3189808;Chr2:3191931	Chr2:3133104	""	FALSE	TRUE	TRUE	1	1	FALSE	FALSE	3	3	3	8	9	12
bgs_V0.5_c1_rep3_env6	emmax_consensus	Chr1	4388315	4441859	12	1	Chr1:4388315;Chr1:4392130;Chr1:4404430;Chr1:4410165;Chr1:4411182;Chr1:4413611;Chr1:4426535;Chr1:4426954;Chr1:4431306;Chr1:4434339;Chr1:4436401;Chr1:4441859	Chr1:4426954	""	FALSE	TRUE	FALSE	1	0	FALSE	FALSE	2	2	2	8	9	13
bgs_V0.5_c1_rep3_env6	emmax_simes	Chr1	4388315	4441859	12	1	Chr1:4388315;Chr1:4392130;Chr1:4404430;Chr1:4410165;Chr1:4411182;Chr1:4413611;Chr1:4426535;Chr1:4426954;Chr1:4431306;Chr1:4434339;Chr1:4436401;Chr1:4441859	Chr1:4426954	""	FALSE	FALSE	FALSE	0	0	FALSE	FALSE	1	1	1	8	9	13
bgs_V0.5_c1_rep3_env6	lfmm_simes	Chr1	4388315	4441859	12	1	Chr1:4388315;Chr1:4392130;Chr1:4404430;Chr1:4410165;Chr1:4411182;Chr1:4413611;Chr1:4426535;Chr1:4426954;Chr1:4431306;Chr1:4434339;Chr1:4436401;Chr1:4441859	Chr1:4426954	""	FALSE	TRUE	FALSE	1	0	FALSE	FALSE	2	2	2	8	9	13
bgs_V0.5_c1_rep3_env8	emmax_consensus	Chr1	3634666	3690044	16	1	Chr1:3634666;Chr1:3635820;Chr1:3636194;Chr1:3641366;Chr1:3648559;Chr1:3654351;Chr1:3654998;Chr1:3655686;Chr1:3658996;Chr1:3661875;Chr1:3662431;Chr1:3666457;Chr1:3667432;Chr1:3668078;Chr1:3687785;Chr1:3690044	Chr1:3648559	""	FALSE	TRUE	TRUE	1	1	FALSE	FALSE	3	3	3	8	9	15
bgs_V0.5_c1_rep3_env8	emmax_simes	Chr1	3175356	3347690	30	2	Chr1:3175356;Chr1:3178861;Chr1:3179170;Chr1:3190765;Chr1:3195008;Chr1:3201157;Chr1:3214921;Chr1:3234399;Chr1:3238425;Chr1:3248353;Chr1:3257413;Chr1:3259629;Chr1:3260828;Chr1:3267652;Chr1:3270352;Chr1:3272135;Chr1:3275695;Chr1:3277198;Chr1:3282845;Chr1:3283706;Chr1:3285524;Chr1:3299327;Chr1:3299588;Chr1:3310032;Chr1:3313645;Chr1:3316051;Chr1:3319352;Chr1:3338729;Chr1:3347587;Chr1:3347690	Chr1:3195008;Chr1:3277198	""	FALSE	TRUE	TRUE	1	1	FALSE	FALSE	3	3	3	8	9	15
bgs_V0.5_c1_rep3_env8	emmax_simes	Chr1	3634666	3690044	16	1	Chr1:3634666;Chr1:3635820;Chr1:3636194;Chr1:3641366;Chr1:3648559;Chr1:3654351;Chr1:3654998;Chr1:3655686;Chr1:3658996;Chr1:3661875;Chr1:3662431;Chr1:3666457;Chr1:3667432;Chr1:3668078;Chr1:3687785;Chr1:3690044	Chr1:3648559	""	FALSE	TRUE	TRUE	1	1	FALSE	FALSE	3	3	3	8	9	15
bgs_V0.5_c1_rep3_env8	lfmm_simes	Chr1	3248353	3347690	21	1	Chr1:3248353;Chr1:3257413;Chr1:3259629;Chr1:3260828;Chr1:3267652;Chr1:3270352;Chr1:3272135;Chr1:3275695;Chr1:3277198;Chr1:3282845;Chr1:3283706;Chr1:3285524;Chr1:3299327;Chr1:3299588;Chr1:3310032;Chr1:3313645;Chr1:3316051;Chr1:3319352;Chr1:3338729;Chr1:3347587;Chr1:3347690	Chr1:3277198	""	FALSE	TRUE	TRUE	1	1	FALSE	FALSE	3	3	3	8	9	15
bgs_V0.5_c1_rep3_env8	lfmm_simes	Chr1	3634666	3690044	16	1	Chr1:3634666;Chr1:3635820;Chr1:3636194;Chr1:3641366;Chr1:3648559;Chr1:3654351;Chr1:3654998;Chr1:3655686;Chr1:3658996;Chr1:3661875;Chr1:3662431;Chr1:3666457;Chr1:3667432;Chr1:3668078;Chr1:3687785;Chr1:3690044	Chr1:3648559	""	FALSE	TRUE	TRUE	1	1	FALSE	FALSE	3	3	3	8	9	15
bgs_V0.5_c1_rep3_env9	emmax_consensus	Chr1	11526645	11598367	9	1	Chr1:11526645;Chr1:11528198;Chr1:11537478;Chr1:11542927;Chr1:11543462;Chr1:11559097;Chr1:11573688;Chr1:11585824;Chr1:11598367	Chr1:11542927	Chr1:11537478	TRUE	TRUE	FALSE	1	0	FALSE	FALSE	2	2	2	8	9	13
bgs_V0.5_c1_rep3_env9	emmax_simes	Chr1	11526645	11598367	9	1	Chr1:11526645;Chr1:11528198;Chr1:11537478;Chr1:11542927;Chr1:11543462;Chr1:11559097;Chr1:11573688;Chr1:11585824;Chr1:11598367	Chr1:11542927	Chr1:11537478	TRUE	TRUE	FALSE	1	0	FALSE	FALSE	2	2	2	8	9	13
bgs_V0.5_c1_rep3_env9	lfmm_simes	Chr1	11526645	11598367	9	1	Chr1:11526645;Chr1:11528198;Chr1:11537478;Chr1:11542927;Chr1:11543462;Chr1:11559097;Chr1:11573688;Chr1:11585824;Chr1:11598367	Chr1:11542927	Chr1:11537478	TRUE	TRUE	FALSE	1	0	FALSE	FALSE	2	2	2	8	9	13
bgs_V0.5_c1_rep4_env2	emmax_consensus	Chr1	24631137	25232540	42	1	Chr1:24631137;Chr1:24637563;Chr1:24644412;Chr1:24660668;Chr1:24674863;Chr1:24676369;Chr1:24691542;Chr1:24709707;Chr1:24719175;Chr1:24720500;Chr1:24728962;Chr1:24773964;Chr1:24780792;Chr1:24808551;Chr1:24826723;Chr1:24831204;Chr1:24834063;Chr1:24834708;Chr1:24840025;Chr1:24850192;Chr1:24866076;Chr1:24869874;Chr1:24888464;Chr1:24892256;Chr1:24909763;Chr1:24910256;Chr1:24920915;Chr1:24947470;Chr1:24947991;Chr1:24949894;Chr1:24960171;Chr1:24987954;Chr1:24998155;Chr1:25003282;Chr1:25047892;Chr1:25052721;Chr1:25059961;Chr1:25074848;Chr1:25101334;Chr1:25147853;Chr1:25220028;Chr1:25232540	Chr1:24866076	""	FALSE	TRUE	TRUE	1	1	FALSE	FALSE	3	3	3	12	17	25
bgs_V0.5_c1_rep4_env2	emmax_simes	Chr1	24631137	25232540	42	1	Chr1:24631137;Chr1:24637563;Chr1:24644412;Chr1:24660668;Chr1:24674863;Chr1:24676369;Chr1:24691542;Chr1:24709707;Chr1:24719175;Chr1:24720500;Chr1:24728962;Chr1:24773964;Chr1:24780792;Chr1:24808551;Chr1:24826723;Chr1:24831204;Chr1:24834063;Chr1:24834708;Chr1:24840025;Chr1:24850192;Chr1:24866076;Chr1:24869874;Chr1:24888464;Chr1:24892256;Chr1:24909763;Chr1:24910256;Chr1:24920915;Chr1:24947470;Chr1:24947991;Chr1:24949894;Chr1:24960171;Chr1:24987954;Chr1:24998155;Chr1:25003282;Chr1:25047892;Chr1:25052721;Chr1:25059961;Chr1:25074848;Chr1:25101334;Chr1:25147853;Chr1:25220028;Chr1:25232540	Chr1:24866076	""	FALSE	TRUE	TRUE	1	1	FALSE	FALSE	3	3	3	12	17	25
bgs_V0.5_c1_rep4_env2	lfmm_simes	Chr1	24631137	25232540	42	1	Chr1:24631137;Chr1:24637563;Chr1:24644412;Chr1:24660668;Chr1:24674863;Chr1:24676369;Chr1:24691542;Chr1:24709707;Chr1:24719175;Chr1:24720500;Chr1:24728962;Chr1:24773964;Chr1:24780792;Chr1:24808551;Chr1:24826723;Chr1:24831204;Chr1:24834063;Chr1:24834708;Chr1:24840025;Chr1:24850192;Chr1:24866076;Chr1:24869874;Chr1:24888464;Chr1:24892256;Chr1:24909763;Chr1:24910256;Chr1:24920915;Chr1:24947470;Chr1:24947991;Chr1:24949894;Chr1:24960171;Chr1:24987954;Chr1:24998155;Chr1:25003282;Chr1:25047892;Chr1:25052721;Chr1:25059961;Chr1:25074848;Chr1:25101334;Chr1:25147853;Chr1:25220028;Chr1:25232540	Chr1:24866076	""	FALSE	TRUE	TRUE	1	1	FALSE	FALSE	3	3	3	12	17	25
bgs_V0.5_c1_rep4_env5	emmax_consensus	Chr1	19302955	19462081	20	1	Chr1:19302955;Chr1:19311903;Chr1:19313949;Chr1:19323250;Chr1:19323709;Chr1:19345470;Chr1:19365469;Chr1:19379228;Chr1:19384713;Chr1:19384732;Chr1:19387565;Chr1:19393026;Chr1:19402471;Chr1:19420422;Chr1:19422016;Chr1:19432443;Chr1:19433884;Chr1:19446181;Chr1:19457961;Chr1:19462081	Chr1:19345470	Chr1:19379228	TRUE	TRUE	FALSE	1	0	FALSE	FALSE	2	2	2	12	15	24
bgs_V0.5_c1_rep4_env5	emmax_simes	Chr1	19302955	19462081	20	1	Chr1:19302955;Chr1:19311903;Chr1:19313949;Chr1:19323250;Chr1:19323709;Chr1:19345470;Chr1:19365469;Chr1:19379228;Chr1:19384713;Chr1:19384732;Chr1:19387565;Chr1:19393026;Chr1:19402471;Chr1:19420422;Chr1:19422016;Chr1:19432443;Chr1:19433884;Chr1:19446181;Chr1:19457961;Chr1:19462081	Chr1:19345470	Chr1:19379228	TRUE	TRUE	FALSE	1	0	FALSE	FALSE	2	2	2	12	15	24
bgs_V0.5_c1_rep4_env5	lfmm_simes	Chr1	19302955	19462081	35	2	Chr1:19302955;Chr1:19311903;Chr1:19313949;Chr1:19323250;Chr1:19323709;Chr1:19345470;Chr1:19365469;Chr1:19379228;Chr1:19384713;Chr1:19384732;Chr1:19387565;Chr1:19393026;Chr1:19402471;Chr1:19420422;Chr1:19422016;Chr1:19432443;Chr1:19433884;Chr1:19446181;Chr1:19457961;Chr1:19462081;Chr1:19303058;Chr1:19312901;Chr1:19322303;Chr1:19333781;Chr1:19341204;Chr1:19343642;Chr1:19354831;Chr1:19365217;Chr1:19366376;Chr1:19379057;Chr1:19415788;Chr1:19418841;Chr1:19421745;Chr1:19435618;Chr1:19443689	Chr1:19345470;Chr1:19343642	Chr1:19379228	TRUE	TRUE	FALSE	1	0	FALSE	FALSE	2	2	2	12	15	24
bgs_V0.5_c1_rep4_env7	lfmm_simes	Chr1	7792636	7961147	19	1	Chr1:7792636;Chr1:7826609;Chr1:7829365;Chr1:7836087;Chr1:7843666;Chr1:7869473;Chr1:7876272;Chr1:7889317;Chr1:7903114;Chr1:7909086;Chr1:7910070;Chr1:7910775;Chr1:7914217;Chr1:7920826;Chr1:7922480;Chr1:7922729;Chr1:7960014;Chr1:7960982;Chr1:7961147	Chr1:7910070	Chr1:7889317	TRUE	TRUE	FALSE	1	0	FALSE	FALSE	2	2	2	12	15	24
bgs_V0.5_c1_rep5_env1	emmax_consensus	Chr1	4023822	4284750	65	3	Chr1:4023822;Chr1:4025404;Chr1:4027591;Chr1:4029728;Chr1:4030103;Chr1:4033529;Chr1:4046795;Chr1:4049601;Chr1:4050489;Chr1:4050490;Chr1:4053281;Chr1:4056330;Chr1:4073662;Chr1:4076227;Chr1:4085512;Chr1:4131899;Chr1:4214462;Chr1:4218566;Chr1:4221649;Chr1:4223460;Chr1:4223730;Chr1:4227392;Chr1:4230284;Chr1:4233917;Chr1:4237396;Chr1:4237542;Chr1:4237671;Chr1:4238791;Chr1:4239010;Chr1:4239211;Chr1:4240243;Chr1:4240816;Chr1:4240964;Chr1:4241048;Chr1:4241281;Chr1:4241686;Chr1:4242501;Chr1:4247629;Chr1:4249254;Chr1:4252395;Chr1:4273661;Chr1:4277030;Chr1:4277823;Chr1:4283870;Chr1:4284750;Chr1:4148415;Chr1:4156947;Chr1:4161726;Chr1:4163163;Chr1:4166048;Chr1:4167546;Chr1:4168787;Chr1:4169551;Chr1:4177382;Chr1:4177952;Chr1:4178466;Chr1:4186270;Chr1:4187365;Chr1:4187869;Chr1:4188870;Chr1:4192029;Chr1:4193315;Chr1:4193747;Chr1:4196625;Chr1:4202520	Chr1:4046795;Chr1:4241686;Chr1:4187869	Chr1:4237396	TRUE	TRUE	TRUE	1	1	FALSE	FALSE	3	3	3	10	13	25
bgs_V0.5_c1_rep5_env1	emmax_simes	Chr1	4023822	4284750	65	3	Chr1:4023822;Chr1:4025404;Chr1:4027591;Chr1:4029728;Chr1:4030103;Chr1:4033529;Chr1:4046795;Chr1:4049601;Chr1:4050489;Chr1:4050490;Chr1:4053281;Chr1:4056330;Chr1:4073662;Chr1:4076227;Chr1:4085512;Chr1:4131899;Chr1:4214462;Chr1:4218566;Chr1:4221649;Chr1:4223460;Chr1:4223730;Chr1:4227392;Chr1:4230284;Chr1:4233917;Chr1:4237396;Chr1:4237542;Chr1:4237671;Chr1:4238791;Chr1:4239010;Chr1:4239211;Chr1:4240243;Chr1:4240816;Chr1:4240964;Chr1:4241048;Chr1:4241281;Chr1:4241686;Chr1:4242501;Chr1:4247629;Chr1:4249254;Chr1:4252395;Chr1:4273661;Chr1:4277030;Chr1:4277823;Chr1:4283870;Chr1:4284750;Chr1:4148415;Chr1:4156947;Chr1:4161726;Chr1:4163163;Chr1:4166048;Chr1:4167546;Chr1:4168787;Chr1:4169551;Chr1:4177382;Chr1:4177952;Chr1:4178466;Chr1:4186270;Chr1:4187365;Chr1:4187869;Chr1:4188870;Chr1:4192029;Chr1:4193315;Chr1:4193747;Chr1:4196625;Chr1:4202520	Chr1:4046795;Chr1:4241686;Chr1:4187869	Chr1:4237396	TRUE	TRUE	TRUE	1	1	FALSE	FALSE	3	3	3	10	13	25
bgs_V0.5_c1_rep5_env1	lfmm_simes	Chr1	4023822	4284750	65	3	Chr1:4023822;Chr1:4025404;Chr1:4027591;Chr1:4029728;Chr1:4030103;Chr1:4033529;Chr1:4046795;Chr1:4049601;Chr1:4050489;Chr1:4050490;Chr1:4053281;Chr1:4056330;Chr1:4073662;Chr1:4076227;Chr1:4085512;Chr1:4131899;Chr1:4214462;Chr1:4218566;Chr1:4221649;Chr1:4223460;Chr1:4223730;Chr1:4227392;Chr1:4230284;Chr1:4233917;Chr1:4237396;Chr1:4237542;Chr1:4237671;Chr1:4238791;Chr1:4239010;Chr1:4239211;Chr1:4240243;Chr1:4240816;Chr1:4240964;Chr1:4241048;Chr1:4241281;Chr1:4241686;Chr1:4242501;Chr1:4247629;Chr1:4249254;Chr1:4252395;Chr1:4273661;Chr1:4277030;Chr1:4277823;Chr1:4283870;Chr1:4284750;Chr1:4148415;Chr1:4156947;Chr1:4161726;Chr1:4163163;Chr1:4166048;Chr1:4167546;Chr1:4168787;Chr1:4169551;Chr1:4177382;Chr1:4177952;Chr1:4178466;Chr1:4186270;Chr1:4187365;Chr1:4187869;Chr1:4188870;Chr1:4192029;Chr1:4193315;Chr1:4193747;Chr1:4196625;Chr1:4202520	Chr1:4046795;Chr1:4241686;Chr1:4187869	Chr1:4237396	TRUE	TRUE	TRUE	1	1	FALSE	FALSE	3	3	3	10	13	25
bgs_V0.5_c1_rep5_env5	emmax_consensus	Chr1	6626756	7152827	39	1	Chr1:6626756;Chr1:6657721;Chr1:6658319;Chr1:6662804;Chr1:6666327;Chr1:6685437;Chr1:6697040;Chr1:6697891;Chr1:6701740;Chr1:6715618;Chr1:6721509;Chr1:6724038;Chr1:6728609;Chr1:6732070;Chr1:6741067;Chr1:6743965;Chr1:6753756;Chr1:6755030;Chr1:6756738;Chr1:6757910;Chr1:6764857;Chr1:6768148;Chr1:6778124;Chr1:6790263;Chr1:6796678;Chr1:6798745;Chr1:6799059;Chr1:6802027;Chr1:6808537;Chr1:6827989;Chr1:6832250;Chr1:6872787;Chr1:6882099;Chr1:6884093;Chr1:6908048;Chr1:6916398;Chr1:6927360;Chr1:6927892;Chr1:7152827	Chr1:6715618	Chr1:7247957	TRUE	FALSE	FALSE	0	0	FALSE	FALSE	1	1	2	9	12	25
bgs_V0.5_c1_rep5_env5	emmax_consensus	Chr1	6873404	6950690	12	1	Chr1:6873404;Chr1:6895775;Chr1:6901584;Chr1:6901685;Chr1:6904370;Chr1:6907611;Chr1:6910874;Chr1:6921614;Chr1:6925205;Chr1:6928286;Chr1:6930887;Chr1:6950690	Chr1:6928286	""	FALSE	TRUE	FALSE	1	0	FALSE	FALSE	2	2	2	9	12	25
bgs_V0.5_c1_rep5_env5	emmax_consensus	Chr1	6909832	7157840	24	1	Chr1:6909832;Chr1:7005071;Chr1:7013717;Chr1:7020477;Chr1:7020804;Chr1:7034736;Chr1:7042270;Chr1:7045494;Chr1:7051112;Chr1:7063338;Chr1:7083548;Chr1:7085532;Chr1:7090499;Chr1:7100990;Chr1:7110518;Chr1:7112610;Chr1:7113944;Chr1:7121310;Chr1:7126840;Chr1:7129100;Chr1:7150839;Chr1:7151319;Chr1:7151797;Chr1:7157840	Chr1:7083548	Chr1:7247957	TRUE	FALSE	FALSE	0	0	FALSE	FALSE	1	1	2	9	12	25
bgs_V0.5_c1_rep5_env5	emmax_consensus	Chr1	7040629	7187840	17	1	Chr1:7040629;Chr1:7080969;Chr1:7128195;Chr1:7132326;Chr1:7135294;Chr1:7140903;Chr1:7145748;Chr1:7152808;Chr1:7154284;Chr1:7157470;Chr1:7164544;Chr1:7171560;Chr1:7172810;Chr1:7175924;Chr1:7179881;Chr1:7183390;Chr1:7187840	Chr1:7135294	Chr1:7247957	TRUE	FALSE	FALSE	0	0	FALSE	FALSE	1	1	2	9	12	25
bgs_V0.5_c1_rep5_env5	emmax_consensus	Chr1	7154126	7425741	42	2	Chr1:7154126;Chr1:7160110;Chr1:7191172;Chr1:7195702;Chr1:7197547;Chr1:7201424;Chr1:7208240;Chr1:7210527;Chr1:7212086;Chr1:7227640;Chr1:7247957;Chr1:7264313;Chr1:7269160;Chr1:7273873;Chr1:7330980;Chr1:7378294;Chr1:7404940;Chr1:7425741;Chr1:7281844;Chr1:7292824;Chr1:7293758;Chr1:7293936;Chr1:7296096;Chr1:7296815;Chr1:7299610;Chr1:7309857;Chr1:7320526;Chr1:7324122;Chr1:7326426;Chr1:7327171;Chr1:7328968;Chr1:7332582;Chr1:7334169;Chr1:7342100;Chr1:7342600;Chr1:7348451;Chr1:7358175;Chr1:7360101;Chr1:7385715;Chr1:7387457;Chr1:7387832;Chr1:7388348	Chr1:7227640;Chr1:7320526	Chr1:7247957	TRUE	TRUE	FALSE	1	0	FALSE	FALSE	2	2	2	9	12	25
bgs_V0.5_c1_rep5_env5	emmax_simes	Chr1	6873404	6950690	12	1	Chr1:6873404;Chr1:6895775;Chr1:6901584;Chr1:6901685;Chr1:6904370;Chr1:6907611;Chr1:6910874;Chr1:6921614;Chr1:6925205;Chr1:6928286;Chr1:6930887;Chr1:6950690	Chr1:6928286	""	FALSE	TRUE	FALSE	1	0	FALSE	FALSE	2	2	2	9	12	25
bgs_V0.5_c1_rep5_env5	emmax_simes	Chr1	7040629	7187840	17	1	Chr1:7040629;Chr1:7080969;Chr1:7128195;Chr1:7132326;Chr1:7135294;Chr1:7140903;Chr1:7145748;Chr1:7152808;Chr1:7154284;Chr1:7157470;Chr1:7164544;Chr1:7171560;Chr1:7172810;Chr1:7175924;Chr1:7179881;Chr1:7183390;Chr1:7187840	Chr1:7135294	Chr1:7247957	TRUE	FALSE	FALSE	0	0	FALSE	FALSE	1	1	2	9	12	25
bgs_V0.5_c1_rep5_env5	emmax_simes	Chr1	7154126	7425741	42	2	Chr1:7154126;Chr1:7160110;Chr1:7191172;Chr1:7195702;Chr1:7197547;Chr1:7201424;Chr1:7208240;Chr1:7210527;Chr1:7212086;Chr1:7227640;Chr1:7247957;Chr1:7264313;Chr1:7269160;Chr1:7273873;Chr1:7330980;Chr1:7378294;Chr1:7404940;Chr1:7425741;Chr1:7281844;Chr1:7292824;Chr1:7293758;Chr1:7293936;Chr1:7296096;Chr1:7296815;Chr1:7299610;Chr1:7309857;Chr1:7320526;Chr1:7324122;Chr1:7326426;Chr1:7327171;Chr1:7328968;Chr1:7332582;Chr1:7334169;Chr1:7342100;Chr1:7342600;Chr1:7348451;Chr1:7358175;Chr1:7360101;Chr1:7385715;Chr1:7387457;Chr1:7387832;Chr1:7388348	Chr1:7227640;Chr1:7320526	Chr1:7247957	TRUE	TRUE	FALSE	1	0	FALSE	FALSE	2	2	2	9	12	25
bgs_V0.5_c1_rep5_env5	lfmm_simes	Chr1	6873404	6950690	12	1	Chr1:6873404;Chr1:6895775;Chr1:6901584;Chr1:6901685;Chr1:6904370;Chr1:6907611;Chr1:6910874;Chr1:6921614;Chr1:6925205;Chr1:6928286;Chr1:6930887;Chr1:6950690	Chr1:6928286	""	FALSE	TRUE	FALSE	1	0	FALSE	FALSE	2	2	2	9	12	25
bgs_V0.5_c1_rep5_env5	lfmm_simes	Chr1	6909832	7157840	24	1	Chr1:6909832;Chr1:7005071;Chr1:7013717;Chr1:7020477;Chr1:7020804;Chr1:7034736;Chr1:7042270;Chr1:7045494;Chr1:7051112;Chr1:7063338;Chr1:7083548;Chr1:7085532;Chr1:7090499;Chr1:7100990;Chr1:7110518;Chr1:7112610;Chr1:7113944;Chr1:7121310;Chr1:7126840;Chr1:7129100;Chr1:7150839;Chr1:7151319;Chr1:7151797;Chr1:7157840	Chr1:7083548	Chr1:7247957	TRUE	FALSE	FALSE	0	0	FALSE	FALSE	1	1	2	9	12	25
bgs_V0.5_c1_rep5_env5	lfmm_simes	Chr1	7154126	7425741	42	2	Chr1:7154126;Chr1:7160110;Chr1:7191172;Chr1:7195702;Chr1:7197547;Chr1:7201424;Chr1:7208240;Chr1:7210527;Chr1:7212086;Chr1:7227640;Chr1:7247957;Chr1:7264313;Chr1:7269160;Chr1:7273873;Chr1:7330980;Chr1:7378294;Chr1:7404940;Chr1:7425741;Chr1:7281844;Chr1:7292824;Chr1:7293758;Chr1:7293936;Chr1:7296096;Chr1:7296815;Chr1:7299610;Chr1:7309857;Chr1:7320526;Chr1:7324122;Chr1:7326426;Chr1:7327171;Chr1:7328968;Chr1:7332582;Chr1:7334169;Chr1:7342100;Chr1:7342600;Chr1:7348451;Chr1:7358175;Chr1:7360101;Chr1:7385715;Chr1:7387457;Chr1:7387832;Chr1:7388348	Chr1:7227640;Chr1:7320526	Chr1:7247957	TRUE	TRUE	FALSE	1	0	FALSE	FALSE	2	2	2	9	12	25
bgs_V0.5_c1_rep5_env5	lfmm_simes	Chr2	4041890	4108439	12	1	Chr2:4041890;Chr2:4047611;Chr2:4051691;Chr2:4051825;Chr2:4080533;Chr2:4089923;Chr2:4092171;Chr2:4093991;Chr2:4102415;Chr2:4106186;Chr2:4108297;Chr2:4108439	Chr2:4106186	""	FALSE	FALSE	FALSE	0	0	FALSE	FALSE	1	1	1	9	12	25
bgs_V0.5_c1_rep5_env6	emmax_consensus	Chr1	1049	534482	171	5	Chr1:1049;Chr1:3670;Chr1:13383;Chr1:13877;Chr1:19545;Chr1:22605;Chr1:27880;Chr1:30238;Chr1:33413;Chr1:35399;Chr1:38221;Chr1:39445;Chr1:40033;Chr1:40838;Chr1:46667;Chr1:49606;Chr1:66171;Chr1:74865;Chr1:83392;Chr1:88925;Chr1:106561;Chr1:109369;Chr1:112019;Chr1:112956;Chr1:113003;Chr1:118064;Chr1:123763;Chr1:129431;Chr1:137512;Chr1:144158;Chr1:151759;Chr1:155375;Chr1:158321;Chr1:158638;Chr1:160671;Chr1:161296;Chr1:163036;Chr1:173412;Chr1:179026;Chr1:190558;Chr1:191383;Chr1:194745;Chr1:198271;Chr1:213820;Chr1:224323;Chr1:230045;Chr1:232316;Chr1:250421;Chr1:253189;Chr1:258590;Chr1:258602;Chr1:259169;Chr1:260042;Chr1:262131;Chr1:266512;Chr1:267404;Chr1:272192;Chr1:272937;Chr1:279328;Chr1:289006;Chr1:293006;Chr1:297620;Chr1:299650;Chr1:300091;Chr1:304312;Chr1:305748;Chr1:308951;Chr1:315877;Chr1:318037;Chr1:322755;Chr1:323348;Chr1:324008;Chr1:326363;Chr1:332651;Chr1:333075;Chr1:333637;Chr1:341088;Chr1:346864;Chr1:349330;Chr1:352593;Chr1:359002;Chr1:360762;Chr1:366516;Chr1:366656;Chr1:369634;Chr1:370495;Chr1:384784;Chr1:390921;Chr1:392434;Chr1:392739;Chr1:394587;Chr1:397434;Chr1:404617;Chr1:413570;Chr1:415782;Chr1:416157;Chr1:416607;Chr1:417263;Chr1:426867;Chr1:427728;Chr1:430878;Chr1:433320;Chr1:17301;Chr1:39601;Chr1:48382;Chr1:57194;Chr1:76903;Chr1:97674;Chr1:172129;Chr1:216871;Chr1:250802;Chr1:254255;Chr1:257122;Chr1:261121;Chr1:287213;Chr1:297790;Chr1:323422;Chr1:339223;Chr1:369719;Chr1:403126;Chr1:410677;Chr1:417494;Chr1:54463;Chr1:57145;Chr1:62625;Chr1:119063;Chr1:137879;Chr1:153088;Chr1:196776;Chr1:245360;Chr1:252646;Chr1:253939;Chr1:302399;Chr1:324366;Chr1:362539;Chr1:394246;Chr1:448102;Chr1:455642;Chr1:171465;Chr1:479407;Chr1:480825;Chr1:492021;Chr1:499818;Chr1:522163;Chr1:523049;Chr1:523127;Chr1:524646;Chr1:526810;Chr1:527487;Chr1:528454;Chr1:529167;Chr1:529957;Chr1:534482;Chr1:310013;Chr1:372013;Chr1:453689;Chr1:455282;Chr1:458815;Chr1:459024;Chr1:459894;Chr1:461522;Chr1:465218;Chr1:465232;Chr1:466210;Chr1:473209;Chr1:476304;Chr1:477698;Chr1:483688;Chr1:497321;Chr1:498713;Chr1:499751	Chr1:13383;Chr1:17301;Chr1:54463;Chr1:524646;Chr1:453689	Chr1:57194	TRUE	TRUE	TRUE	1	1	FALSE	FALSE	3	3	3	9	11	22
bgs_V0.5_c1_rep5_env6	emmax_simes	Chr1	1049	534482	171	5	Chr1:1049;Chr1:3670;Chr1:13383;Chr1:13877;Chr1:19545;Chr1:22605;Chr1:27880;Chr1:30238;Chr1:33413;Chr1:35399;Chr1:38221;Chr1:39445;Chr1:40033;Chr1:40838;Chr1:46667;Chr1:49606;Chr1:66171;Chr1:74865;Chr1:83392;Chr1:88925;Chr1:106561;Chr1:109369;Chr1:112019;Chr1:112956;Chr1:113003;Chr1:118064;Chr1:123763;Chr1:129431;Chr1:137512;Chr1:144158;Chr1:151759;Chr1:155375;Chr1:158321;Chr1:158638;Chr1:160671;Chr1:161296;Chr1:163036;Chr1:173412;Chr1:179026;Chr1:190558;Chr1:191383;Chr1:194745;Chr1:198271;Chr1:213820;Chr1:224323;Chr1:230045;Chr1:232316;Chr1:250421;Chr1:253189;Chr1:258590;Chr1:258602;Chr1:259169;Chr1:260042;Chr1:262131;Chr1:266512;Chr1:267404;Chr1:272192;Chr1:272937;Chr1:279328;Chr1:289006;Chr1:293006;Chr1:297620;Chr1:299650;Chr1:300091;Chr1:304312;Chr1:305748;Chr1:308951;Chr1:315877;Chr1:318037;Chr1:322755;Chr1:323348;Chr1:324008;Chr1:326363;Chr1:332651;Chr1:333075;Chr1:333637;Chr1:341088;Chr1:346864;Chr1:349330;Chr1:352593;Chr1:359002;Chr1:360762;Chr1:366516;Chr1:366656;Chr1:369634;Chr1:370495;Chr1:384784;Chr1:390921;Chr1:392434;Chr1:392739;Chr1:394587;Chr1:397434;Chr1:404617;Chr1:413570;Chr1:415782;Chr1:416157;Chr1:416607;Chr1:417263;Chr1:426867;Chr1:427728;Chr1:430878;Chr1:433320;Chr1:17301;Chr1:39601;Chr1:48382;Chr1:57194;Chr1:76903;Chr1:97674;Chr1:172129;Chr1:216871;Chr1:250802;Chr1:254255;Chr1:257122;Chr1:261121;Chr1:287213;Chr1:297790;Chr1:323422;Chr1:339223;Chr1:369719;Chr1:403126;Chr1:410677;Chr1:417494;Chr1:54463;Chr1:57145;Chr1:62625;Chr1:119063;Chr1:137879;Chr1:153088;Chr1:196776;Chr1:245360;Chr1:252646;Chr1:253939;Chr1:302399;Chr1:324366;Chr1:362539;Chr1:394246;Chr1:448102;Chr1:455642;Chr1:171465;Chr1:479407;Chr1:480825;Chr1:492021;Chr1:499818;Chr1:522163;Chr1:523049;Chr1:523127;Chr1:524646;Chr1:526810;Chr1:527487;Chr1:528454;Chr1:529167;Chr1:529957;Chr1:534482;Chr1:310013;Chr1:372013;Chr1:453689;Chr1:455282;Chr1:458815;Chr1:459024;Chr1:459894;Chr1:461522;Chr1:465218;Chr1:465232;Chr1:466210;Chr1:473209;Chr1:476304;Chr1:477698;Chr1:483688;Chr1:497321;Chr1:498713;Chr1:499751	Chr1:13383;Chr1:17301;Chr1:54463;Chr1:524646;Chr1:453689	Chr1:57194	TRUE	TRUE	TRUE	1	1	FALSE	FALSE	3	3	3	9	11	22
bgs_V0.5_c1_rep5_env6	lfmm_simes	Chr1	1049	534482	171	5	Chr1:1049;Chr1:3670;Chr1:13383;Chr1:13877;Chr1:19545;Chr1:22605;Chr1:27880;Chr1:30238;Chr1:33413;Chr1:35399;Chr1:38221;Chr1:39445;Chr1:40033;Chr1:40838;Chr1:46667;Chr1:49606;Chr1:66171;Chr1:74865;Chr1:83392;Chr1:88925;Chr1:106561;Chr1:109369;Chr1:112019;Chr1:112956;Chr1:113003;Chr1:118064;Chr1:123763;Chr1:129431;Chr1:137512;Chr1:144158;Chr1:151759;Chr1:155375;Chr1:158321;Chr1:158638;Chr1:160671;Chr1:161296;Chr1:163036;Chr1:173412;Chr1:179026;Chr1:190558;Chr1:191383;Chr1:194745;Chr1:198271;Chr1:213820;Chr1:224323;Chr1:230045;Chr1:232316;Chr1:250421;Chr1:253189;Chr1:258590;Chr1:258602;Chr1:259169;Chr1:260042;Chr1:262131;Chr1:266512;Chr1:267404;Chr1:272192;Chr1:272937;Chr1:279328;Chr1:289006;Chr1:293006;Chr1:297620;Chr1:299650;Chr1:300091;Chr1:304312;Chr1:305748;Chr1:308951;Chr1:315877;Chr1:318037;Chr1:322755;Chr1:323348;Chr1:324008;Chr1:326363;Chr1:332651;Chr1:333075;Chr1:333637;Chr1:341088;Chr1:346864;Chr1:349330;Chr1:352593;Chr1:359002;Chr1:360762;Chr1:366516;Chr1:366656;Chr1:369634;Chr1:370495;Chr1:384784;Chr1:390921;Chr1:392434;Chr1:392739;Chr1:394587;Chr1:397434;Chr1:404617;Chr1:413570;Chr1:415782;Chr1:416157;Chr1:416607;Chr1:417263;Chr1:426867;Chr1:427728;Chr1:430878;Chr1:433320;Chr1:17301;Chr1:39601;Chr1:48382;Chr1:57194;Chr1:76903;Chr1:97674;Chr1:172129;Chr1:216871;Chr1:250802;Chr1:254255;Chr1:257122;Chr1:261121;Chr1:287213;Chr1:297790;Chr1:323422;Chr1:339223;Chr1:369719;Chr1:403126;Chr1:410677;Chr1:417494;Chr1:54463;Chr1:57145;Chr1:62625;Chr1:119063;Chr1:137879;Chr1:153088;Chr1:196776;Chr1:245360;Chr1:252646;Chr1:253939;Chr1:302399;Chr1:324366;Chr1:362539;Chr1:394246;Chr1:448102;Chr1:455642;Chr1:171465;Chr1:479407;Chr1:480825;Chr1:492021;Chr1:499818;Chr1:522163;Chr1:523049;Chr1:523127;Chr1:524646;Chr1:526810;Chr1:527487;Chr1:528454;Chr1:529167;Chr1:529957;Chr1:534482;Chr1:310013;Chr1:372013;Chr1:453689;Chr1:455282;Chr1:458815;Chr1:459024;Chr1:459894;Chr1:461522;Chr1:465218;Chr1:465232;Chr1:466210;Chr1:473209;Chr1:476304;Chr1:477698;Chr1:483688;Chr1:497321;Chr1:498713;Chr1:499751	Chr1:13383;Chr1:17301;Chr1:54463;Chr1:524646;Chr1:453689	Chr1:57194	TRUE	TRUE	TRUE	1	1	FALSE	FALSE	3	3	3	9	11	22
bgs_V0.5_c1_rep5_env6	lfmm_simes	Chr1	6985	491617	91	2	Chr1:6985;Chr1:10759;Chr1:11097;Chr1:24815;Chr1:25686;Chr1:30768;Chr1:57182;Chr1:80655;Chr1:88646;Chr1:95231;Chr1:103304;Chr1:115834;Chr1:123909;Chr1:135241;Chr1:135503;Chr1:139942;Chr1:142931;Chr1:159435;Chr1:163088;Chr1:167616;Chr1:173183;Chr1:178613;Chr1:182541;Chr1:191505;Chr1:199934;Chr1:220631;Chr1:221229;Chr1:225364;Chr1:248300;Chr1:268029;Chr1:275342;Chr1:276411;Chr1:277581;Chr1:279934;Chr1:296035;Chr1:307511;Chr1:311693;Chr1:326824;Chr1:329255;Chr1:334715;Chr1:335086;Chr1:336441;Chr1:342821;Chr1:344023;Chr1:345988;Chr1:356808;Chr1:361806;Chr1:362742;Chr1:365154;Chr1:373005;Chr1:376647;Chr1:396147;Chr1:397931;Chr1:398209;Chr1:400599;Chr1:402805;Chr1:405835;Chr1:409680;Chr1:410936;Chr1:417526;Chr1:419121;Chr1:419807;Chr1:420280;Chr1:425852;Chr1:91618;Chr1:147217;Chr1:332121;Chr1:379056;Chr1:439854;Chr1:440537;Chr1:440877;Chr1:445968;Chr1:447395;Chr1:447462;Chr1:447568;Chr1:452204;Chr1:453274;Chr1:454119;Chr1:456777;Chr1:458855;Chr1:459478;Chr1:459724;Chr1:464263;Chr1:465544;Chr1:467928;Chr1:474219;Chr1:476590;Chr1:479845;Chr1:484639;Chr1:486795;Chr1:491617	Chr1:6985;Chr1:439854	""	FALSE	TRUE	TRUE	1	1	FALSE	FALSE	3	3	3	9	11	22
bgs_V0.5_c1_rep5_env6	lfmm_simes	Chr1	12096	466285	30	2	Chr1:12096;Chr1:66531;Chr1:90968;Chr1:128034;Chr1:151895;Chr1:210102;Chr1:298036;Chr1:301179;Chr1:315117;Chr1:351581;Chr1:364330;Chr1:380395;Chr1:57232;Chr1:98059;Chr1:103654;Chr1:176263;Chr1:182086;Chr1:210050;Chr1:261737;Chr1:308716;Chr1:318911;Chr1:328560;Chr1:346174;Chr1:353516;Chr1:390831;Chr1:395869;Chr1:431862;Chr1:436249;Chr1:455120;Chr1:466285	Chr1:12096;Chr1:98059	""	FALSE	TRUE	FALSE	1	0	FALSE	FALSE	2	2	3	9	11	22
bgs_V0.5_c1_rep5_env8	emmax_consensus	Chr1	4126782	4482962	64	3	Chr1:4126782;Chr1:4144033;Chr1:4148578;Chr1:4149053;Chr1:4149308;Chr1:4149332;Chr1:4154925;Chr1:4155392;Chr1:4157932;Chr1:4162701;Chr1:4164469;Chr1:4164568;Chr1:4164980;Chr1:4174031;Chr1:4196521;Chr1:4213828;Chr1:4217984;Chr1:4237396;Chr1:4239335;Chr1:4242998;Chr1:4251669;Chr1:4258536;Chr1:4261213;Chr1:4264153;Chr1:4266347;Chr1:4266981;Chr1:4267488;Chr1:4268480;Chr1:4269240;Chr1:4269838;Chr1:4269990;Chr1:4270902;Chr1:4274467;Chr1:4289172;Chr1:4291687;Chr1:4388282;Chr1:4388592;Chr1:4394742;Chr1:4395407;Chr1:4397798;Chr1:4460128;Chr1:4464723;Chr1:4469496;Chr1:4469666;Chr1:4473198;Chr1:4476671;Chr1:4482962;Chr1:4409878;Chr1:4410957;Chr1:4412436;Chr1:4416846;Chr1:4416935;Chr1:4418519;Chr1:4425189;Chr1:4430653;Chr1:4430878;Chr1:4431092;Chr1:4435291;Chr1:4442417;Chr1:4444648;Chr1:4455350;Chr1:4456178;Chr1:4473680;Chr1:4482950	Chr1:4237396;Chr1:4397798;Chr1:4416846	Chr1:4237396	TRUE	TRUE	TRUE	1	1	FALSE	FALSE	3	3	3	10	12	28
bgs_V0.5_c1_rep5_env8	emmax_consensus	Chr1	6701310	6822056	13	1	Chr1:6701310;Chr1:6705539;Chr1:6711968;Chr1:6714320;Chr1:6716194;Chr1:6718347;Chr1:6729456;Chr1:6731377;Chr1:6732070;Chr1:6741067;Chr1:6751741;Chr1:6788642;Chr1:6822056	Chr1:6711968	""	FALSE	TRUE	FALSE	1	0	FALSE	FALSE	2	2	2	10	12	28
bgs_V0.5_c1_rep5_env8	emmax_simes	Chr1	4126782	4482962	64	3	Chr1:4126782;Chr1:4144033;Chr1:4148578;Chr1:4149053;Chr1:4149308;Chr1:4149332;Chr1:4154925;Chr1:4155392;Chr1:4157932;Chr1:4162701;Chr1:4164469;Chr1:4164568;Chr1:4164980;Chr1:4174031;Chr1:4196521;Chr1:4213828;Chr1:4217984;Chr1:4237396;Chr1:4239335;Chr1:4242998;Chr1:4251669;Chr1:4258536;Chr1:4261213;Chr1:4264153;Chr1:4266347;Chr1:4266981;Chr1:4267488;Chr1:4268480;Chr1:4269240;Chr1:4269838;Chr1:4269990;Chr1:4270902;Chr1:4274467;Chr1:4289172;Chr1:4291687;Chr1:4388282;Chr1:4388592;Chr1:4394742;Chr1:4395407;Chr1:4397798;Chr1:4460128;Chr1:4464723;Chr1:4469496;Chr1:4469666;Chr1:4473198;Chr1:4476671;Chr1:4482962;Chr1:4409878;Chr1:4410957;Chr1:4412436;Chr1:4416846;Chr1:4416935;Chr1:4418519;Chr1:4425189;Chr1:4430653;Chr1:4430878;Chr1:4431092;Chr1:4435291;Chr1:4442417;Chr1:4444648;Chr1:4455350;Chr1:4456178;Chr1:4473680;Chr1:4482950	Chr1:4237396;Chr1:4397798;Chr1:4416846	Chr1:4237396	TRUE	TRUE	TRUE	1	1	FALSE	FALSE	3	3	3	10	12	28
bgs_V0.5_c1_rep5_env8	emmax_simes	Chr1	6701310	6822056	13	1	Chr1:6701310;Chr1:6705539;Chr1:6711968;Chr1:6714320;Chr1:6716194;Chr1:6718347;Chr1:6729456;Chr1:6731377;Chr1:6732070;Chr1:6741067;Chr1:6751741;Chr1:6788642;Chr1:6822056	Chr1:6711968	""	FALSE	TRUE	FALSE	1	0	FALSE	FALSE	2	2	2	10	12	28
bgs_V0.5_c1_rep5_env8	lfmm_simes	Chr1	4126782	4482962	64	3	Chr1:4126782;Chr1:4144033;Chr1:4148578;Chr1:4149053;Chr1:4149308;Chr1:4149332;Chr1:4154925;Chr1:4155392;Chr1:4157932;Chr1:4162701;Chr1:4164469;Chr1:4164568;Chr1:4164980;Chr1:4174031;Chr1:4196521;Chr1:4213828;Chr1:4217984;Chr1:4237396;Chr1:4239335;Chr1:4242998;Chr1:4251669;Chr1:4258536;Chr1:4261213;Chr1:4264153;Chr1:4266347;Chr1:4266981;Chr1:4267488;Chr1:4268480;Chr1:4269240;Chr1:4269838;Chr1:4269990;Chr1:4270902;Chr1:4274467;Chr1:4289172;Chr1:4291687;Chr1:4388282;Chr1:4388592;Chr1:4394742;Chr1:4395407;Chr1:4397798;Chr1:4460128;Chr1:4464723;Chr1:4469496;Chr1:4469666;Chr1:4473198;Chr1:4476671;Chr1:4482962;Chr1:4409878;Chr1:4410957;Chr1:4412436;Chr1:4416846;Chr1:4416935;Chr1:4418519;Chr1:4425189;Chr1:4430653;Chr1:4430878;Chr1:4431092;Chr1:4435291;Chr1:4442417;Chr1:4444648;Chr1:4455350;Chr1:4456178;Chr1:4473680;Chr1:4482950	Chr1:4237396;Chr1:4397798;Chr1:4416846	Chr1:4237396	TRUE	TRUE	TRUE	1	1	FALSE	FALSE	3	3	3	10	12	28
bgs_V0.5_c1_rep5_env8	lfmm_simes	Chr1	6701310	6822056	13	1	Chr1:6701310;Chr1:6705539;Chr1:6711968;Chr1:6714320;Chr1:6716194;Chr1:6718347;Chr1:6729456;Chr1:6731377;Chr1:6732070;Chr1:6741067;Chr1:6751741;Chr1:6788642;Chr1:6822056	Chr1:6711968	""	FALSE	TRUE	FALSE	1	0	FALSE	FALSE	2	2	2	10	12	28
bgs_V0.5_c1_rep6_env1	lfmm_simes	Chr1	5150747	5398414	10	1	Chr1:5150747;Chr1:5172350;Chr1:5176027;Chr1:5239435;Chr1:5251295;Chr1:5254618;Chr1:5265741;Chr1:5293027;Chr1:5343161;Chr1:5398414	Chr1:5293027	Chr1:5254618	TRUE	TRUE	FALSE	1	0	FALSE	FALSE	2	2	2	8	9	15
bgs_V0.5_c1_rep6_env3	emmax_consensus	Chr1	2966844	3032373	10	1	Chr1:2966844;Chr1:2971050;Chr1:2972017;Chr1:2973000;Chr1:2975251;Chr1:2976058;Chr1:2986906;Chr1:3018735;Chr1:3028864;Chr1:3032373	Chr1:2972017	Chr1:2914880	TRUE	TRUE	FALSE	1	0	FALSE	FALSE	2	2	2	9	10	15
bgs_V0.5_c1_rep6_env3	emmax_consensus	Chr1	5344654	5388855	10	1	Chr1:5344654;Chr1:5348827;Chr1:5354899;Chr1:5357166;Chr1:5359416;Chr1:5370385;Chr1:5371749;Chr1:5376513;Chr1:5376682;Chr1:5388855	Chr1:5354899	""	FALSE	TRUE	FALSE	1	0	FALSE	FALSE	2	2	2	9	10	15
bgs_V0.5_c1_rep6_env3	emmax_consensus	Chr1	8670601	8792807	43	1	Chr1:8670601;Chr1:8672025;Chr1:8673591;Chr1:8673894;Chr1:8678605;Chr1:8683331;Chr1:8683776;Chr1:8684933;Chr1:8685116;Chr1:8685229;Chr1:8685488;Chr1:8686296;Chr1:8687599;Chr1:8689691;Chr1:8695846;Chr1:8698088;Chr1:8700019;Chr1:8706423;Chr1:8707002;Chr1:8709884;Chr1:8710644;Chr1:8714630;Chr1:8715486;Chr1:8725627;Chr1:8730380;Chr1:8735034;Chr1:8735739;Chr1:8737674;Chr1:8738704;Chr1:8753848;Chr1:8756943;Chr1:8759666;Chr1:8763490;Chr1:8764556;Chr1:8767898;Chr1:8773845;Chr1:8775527;Chr1:8777515;Chr1:8784900;Chr1:8786824;Chr1:8786884;Chr1:8790186;Chr1:8792807	Chr1:8759666	Chr1:8730380	TRUE	TRUE	TRUE	1	1	FALSE	FALSE	3	3	3	9	10	15
bgs_V0.5_c1_rep6_env3	emmax_simes	Chr1	2966844	3032373	10	1	Chr1:2966844;Chr1:2971050;Chr1:2972017;Chr1:2973000;Chr1:2975251;Chr1:2976058;Chr1:2986906;Chr1:3018735;Chr1:3028864;Chr1:3032373	Chr1:2972017	Chr1:2914880	TRUE	TRUE	FALSE	1	0	FALSE	FALSE	2	2	2	9	10	15
bgs_V0.5_c1_rep6_env3	emmax_simes	Chr1	8670601	8792807	43	1	Chr1:8670601;Chr1:8672025;Chr1:8673591;Chr1:8673894;Chr1:8678605;Chr1:8683331;Chr1:8683776;Chr1:8684933;Chr1:8685116;Chr1:8685229;Chr1:8685488;Chr1:8686296;Chr1:8687599;Chr1:8689691;Chr1:8695846;Chr1:8698088;Chr1:8700019;Chr1:8706423;Chr1:8707002;Chr1:8709884;Chr1:8710644;Chr1:8714630;Chr1:8715486;Chr1:8725627;Chr1:8730380;Chr1:8735034;Chr1:8735739;Chr1:8737674;Chr1:8738704;Chr1:8753848;Chr1:8756943;Chr1:8759666;Chr1:8763490;Chr1:8764556;Chr1:8767898;Chr1:8773845;Chr1:8775527;Chr1:8777515;Chr1:8784900;Chr1:8786824;Chr1:8786884;Chr1:8790186;Chr1:8792807	Chr1:8759666	Chr1:8730380	TRUE	TRUE	TRUE	1	1	FALSE	FALSE	3	3	3	9	10	15
bgs_V0.5_c1_rep6_env3	lfmm_simes	Chr1	2862508	2885313	10	1	Chr1:2862508;Chr1:2866349;Chr1:2867072;Chr1:2867238;Chr1:2867979;Chr1:2871765;Chr1:2873052;Chr1:2877332;Chr1:2883040;Chr1:2885313	Chr1:2866349	Chr1:2914880	TRUE	TRUE	FALSE	1	0	FALSE	FALSE	2	2	2	9	10	15
bgs_V0.5_c1_rep6_env3	lfmm_simes	Chr1	2966844	3032373	10	1	Chr1:2966844;Chr1:2971050;Chr1:2972017;Chr1:2973000;Chr1:2975251;Chr1:2976058;Chr1:2986906;Chr1:3018735;Chr1:3028864;Chr1:3032373	Chr1:2972017	Chr1:2914880	TRUE	TRUE	FALSE	1	0	FALSE	FALSE	2	2	2	9	10	15
bgs_V0.5_c1_rep6_env3	lfmm_simes	Chr1	8670601	8792807	43	1	Chr1:8670601;Chr1:8672025;Chr1:8673591;Chr1:8673894;Chr1:8678605;Chr1:8683331;Chr1:8683776;Chr1:8684933;Chr1:8685116;Chr1:8685229;Chr1:8685488;Chr1:8686296;Chr1:8687599;Chr1:8689691;Chr1:8695846;Chr1:8698088;Chr1:8700019;Chr1:8706423;Chr1:8707002;Chr1:8709884;Chr1:8710644;Chr1:8714630;Chr1:8715486;Chr1:8725627;Chr1:8730380;Chr1:8735034;Chr1:8735739;Chr1:8737674;Chr1:8738704;Chr1:8753848;Chr1:8756943;Chr1:8759666;Chr1:8763490;Chr1:8764556;Chr1:8767898;Chr1:8773845;Chr1:8775527;Chr1:8777515;Chr1:8784900;Chr1:8786824;Chr1:8786884;Chr1:8790186;Chr1:8792807	Chr1:8759666	Chr1:8730380	TRUE	TRUE	TRUE	1	1	FALSE	FALSE	3	3	3	9	10	15
bgs_V0.5_c1_rep6_env4	lfmm_simes	Chr1	4910493	5107187	11	1	Chr1:4910493;Chr1:4942920;Chr1:4943209;Chr1:4946875;Chr1:4947737;Chr1:4952139;Chr1:4958314;Chr1:4960945;Chr1:5062388;Chr1:5098319;Chr1:5107187	Chr1:4952139	Chr1:5062388	TRUE	TRUE	FALSE	1	0	FALSE	FALSE	2	2	2	8	10	13
bgs_V0.5_c1_rep6_env5	emmax_consensus	Chr1	149310	486330	12	1	Chr1:149310;Chr1:273931;Chr1:275183;Chr1:325473;Chr1:356119;Chr1:464322;Chr1:478200;Chr1:479736;Chr1:481997;Chr1:482339;Chr1:485272;Chr1:486330	Chr1:482339	""	FALSE	TRUE	FALSE	1	0	FALSE	FALSE	2	2	2	9	10	15
bgs_V0.5_c1_rep6_env5	emmax_consensus	Chr1	8543982	8692220	32	1	Chr1:8543982;Chr1:8544748;Chr1:8559126;Chr1:8562148;Chr1:8563194;Chr1:8576876;Chr1:8601007;Chr1:8609538;Chr1:8611520;Chr1:8621006;Chr1:8626540;Chr1:8627419;Chr1:8629035;Chr1:8629215;Chr1:8635357;Chr1:8645340;Chr1:8647117;Chr1:8648865;Chr1:8653303;Chr1:8655720;Chr1:8657455;Chr1:8661939;Chr1:8670356;Chr1:8675603;Chr1:8676089;Chr1:8679556;Chr1:8682999;Chr1:8686119;Chr1:8689489;Chr1:8690586;Chr1:8691288;Chr1:8692220	Chr1:8645340	Chr1:8730380	TRUE	TRUE	TRUE	1	1	FALSE	FALSE	3	3	3	9	10	15
bgs_V0.5_c1_rep6_env5	emmax_consensus	Chr1	10934631	10993577	14	1	Chr1:10934631;Chr1:10942627;Chr1:10948184;Chr1:10949882;Chr1:10957843;Chr1:10965481;Chr1:10968152;Chr1:10976856;Chr1:10979065;Chr1:10979971;Chr1:10980253;Chr1:10989527;Chr1:10992566;Chr1:10993577	Chr1:10968152	""	FALSE	TRUE	FALSE	1	0	FALSE	FALSE	2	2	2	9	10	15
bgs_V0.5_c1_rep6_env5	emmax_consensus	Chr1	11063669	11123695	10	1	Chr1:11063669;Chr1:11070803;Chr1:11076210;Chr1:11088228;Chr1:11090198;Chr1:11094895;Chr1:11107379;Chr1:11114655;Chr1:11119106;Chr1:11123695	Chr1:11107379	Chr1:11132421	TRUE	TRUE	FALSE	1	0	FALSE	FALSE	2	2	2	9	10	15
bgs_V0.5_c1_rep6_env5	emmax_simes	Chr1	149310	486330	12	1	Chr1:149310;Chr1:273931;Chr1:275183;Chr1:325473;Chr1:356119;Chr1:464322;Chr1:478200;Chr1:479736;Chr1:481997;Chr1:482339;Chr1:485272;Chr1:486330	Chr1:482339	""	FALSE	TRUE	FALSE	1	0	FALSE	FALSE	2	2	2	9	10	15
bgs_V0.5_c1_rep6_env5	emmax_simes	Chr1	8543982	8692220	32	1	Chr1:8543982;Chr1:8544748;Chr1:8559126;Chr1:8562148;Chr1:8563194;Chr1:8576876;Chr1:8601007;Chr1:8609538;Chr1:8611520;Chr1:8621006;Chr1:8626540;Chr1:8627419;Chr1:8629035;Chr1:8629215;Chr1:8635357;Chr1:8645340;Chr1:8647117;Chr1:8648865;Chr1:8653303;Chr1:8655720;Chr1:8657455;Chr1:8661939;Chr1:8670356;Chr1:8675603;Chr1:8676089;Chr1:8679556;Chr1:8682999;Chr1:8686119;Chr1:8689489;Chr1:8690586;Chr1:8691288;Chr1:8692220	Chr1:8645340	Chr1:8730380	TRUE	TRUE	TRUE	1	1	FALSE	FALSE	3	3	3	9	10	15
bgs_V0.5_c1_rep6_env5	emmax_simes	Chr1	10934631	10993577	14	1	Chr1:10934631;Chr1:10942627;Chr1:10948184;Chr1:10949882;Chr1:10957843;Chr1:10965481;Chr1:10968152;Chr1:10976856;Chr1:10979065;Chr1:10979971;Chr1:10980253;Chr1:10989527;Chr1:10992566;Chr1:10993577	Chr1:10968152	""	FALSE	TRUE	FALSE	1	0	FALSE	FALSE	2	2	2	9	10	15
bgs_V0.5_c1_rep6_env5	emmax_simes	Chr1	11063669	11123695	10	1	Chr1:11063669;Chr1:11070803;Chr1:11076210;Chr1:11088228;Chr1:11090198;Chr1:11094895;Chr1:11107379;Chr1:11114655;Chr1:11119106;Chr1:11123695	Chr1:11107379	Chr1:11132421	TRUE	FALSE	FALSE	0	0	FALSE	FALSE	1	1	1	9	10	15
bgs_V0.5_c1_rep6_env5	lfmm_simes	Chr1	10934631	10993577	14	1	Chr1:10934631;Chr1:10942627;Chr1:10948184;Chr1:10949882;Chr1:10957843;Chr1:10965481;Chr1:10968152;Chr1:10976856;Chr1:10979065;Chr1:10979971;Chr1:10980253;Chr1:10989527;Chr1:10992566;Chr1:10993577	Chr1:10968152	""	FALSE	FALSE	FALSE	0	0	FALSE	FALSE	1	1	1	9	10	15
bgs_V0.5_c1_rep6_env5	lfmm_simes	Chr1	11063669	11123695	10	1	Chr1:11063669;Chr1:11070803;Chr1:11076210;Chr1:11088228;Chr1:11090198;Chr1:11094895;Chr1:11107379;Chr1:11114655;Chr1:11119106;Chr1:11123695	Chr1:11107379	Chr1:11132421	TRUE	FALSE	FALSE	0	0	FALSE	FALSE	1	1	1	9	10	15
bgs_V0.5_c1_rep6_env8	emmax_consensus	Chr1	572276	666505	10	1	Chr1:572276;Chr1:573972;Chr1:587649;Chr1:606275;Chr1:614709;Chr1:638511;Chr1:654713;Chr1:662896;Chr1:663066;Chr1:666505	Chr1:587649	Chr1:587649	TRUE	TRUE	FALSE	1	0	FALSE	FALSE	2	2	2	8	10	14
bgs_V0.5_c1_rep6_env8	emmax_consensus	Chr1	890993	918240	13	1	Chr1:890993;Chr1:895852;Chr1:895999;Chr1:896763;Chr1:897484;Chr1:898254;Chr1:900837;Chr1:903022;Chr1:905933;Chr1:909057;Chr1:910680;Chr1:911062;Chr1:918240	Chr1:903022	""	FALSE	FALSE	FALSE	0	0	FALSE	FALSE	1	1	1	8	10	14
bgs_V0.5_c1_rep6_env8	emmax_simes	Chr1	572276	666505	10	1	Chr1:572276;Chr1:573972;Chr1:587649;Chr1:606275;Chr1:614709;Chr1:638511;Chr1:654713;Chr1:662896;Chr1:663066;Chr1:666505	Chr1:587649	Chr1:587649	TRUE	TRUE	FALSE	1	0	FALSE	FALSE	2	2	2	8	10	14
bgs_V0.5_c1_rep6_env8	emmax_simes	Chr1	890993	918240	13	1	Chr1:890993;Chr1:895852;Chr1:895999;Chr1:896763;Chr1:897484;Chr1:898254;Chr1:900837;Chr1:903022;Chr1:905933;Chr1:909057;Chr1:910680;Chr1:911062;Chr1:918240	Chr1:903022	""	FALSE	FALSE	FALSE	0	0	FALSE	FALSE	1	1	1	8	10	14
bgs_V0.5_c1_rep6_env8	lfmm_simes	Chr1	37012	440247	17	1	Chr1:37012;Chr1:89333;Chr1:98257;Chr1:115036;Chr1:170420;Chr1:191124;Chr1:196063;Chr1:224948;Chr1:284178;Chr1:345426;Chr1:347863;Chr1:348286;Chr1:368157;Chr1:392926;Chr1:393231;Chr1:419977;Chr1:440247	Chr1:37012	""	FALSE	FALSE	TRUE	0	1	FALSE	FALSE	2	2	2	8	10	14
bgs_V0.5_c1_rep6_env8	lfmm_simes	Chr1	572276	666505	10	1	Chr1:572276;Chr1:573972;Chr1:587649;Chr1:606275;Chr1:614709;Chr1:638511;Chr1:654713;Chr1:662896;Chr1:663066;Chr1:666505	Chr1:587649	Chr1:587649	TRUE	TRUE	FALSE	1	0	FALSE	FALSE	2	2	2	8	10	14
bgs_V0.5_c1_rep7_env1	emmax_consensus	Chr1	14732231	15904535	162	2	Chr1:14732231;Chr1:14756571;Chr1:14757784;Chr1:14764905;Chr1:14765672;Chr1:14789111;Chr1:14794093;Chr1:14796713;Chr1:14804136;Chr1:14813127;Chr1:14817882;Chr1:14824721;Chr1:14826190;Chr1:14826899;Chr1:14838722;Chr1:14851533;Chr1:14856579;Chr1:14863479;Chr1:14870735;Chr1:14874614;Chr1:14875747;Chr1:14876257;Chr1:14878333;Chr1:14880202;Chr1:14885970;Chr1:14908879;Chr1:14933336;Chr1:14946296;Chr1:14948473;Chr1:14954430;Chr1:14965436;Chr1:14970691;Chr1:14984044;Chr1:14991146;Chr1:15000167;Chr1:15014950;Chr1:15016743;Chr1:15023083;Chr1:15047104;Chr1:15048856;Chr1:15056234;Chr1:15057084;Chr1:15057141;Chr1:15067829;Chr1:15070166;Chr1:15074328;Chr1:15077762;Chr1:15077937;Chr1:15081315;Chr1:15082867;Chr1:15088085;Chr1:15095080;Chr1:15099601;Chr1:15109030;Chr1:15118804;Chr1:15119418;Chr1:15119887;Chr1:15121358;Chr1:15135426;Chr1:15145516;Chr1:15146073;Chr1:15147453;Chr1:15148671;Chr1:15152454;Chr1:15153911;Chr1:15154082;Chr1:15162629;Chr1:15165220;Chr1:15166943;Chr1:15169117;Chr1:15169729;Chr1:15173870;Chr1:15177227;Chr1:15177878;Chr1:15178269;Chr1:15181852;Chr1:15188180;Chr1:15193349;Chr1:15198356;Chr1:15201267;Chr1:15206096;Chr1:15209591;Chr1:15214545;Chr1:15219113;Chr1:15220070;Chr1:15220452;Chr1:15221107;Chr1:15223232;Chr1:15225456;Chr1:15227920;Chr1:15231802;Chr1:15232295;Chr1:15237775;Chr1:15240845;Chr1:15243698;Chr1:15250295;Chr1:15252432;Chr1:15258668;Chr1:15259246;Chr1:15261148;Chr1:15266683;Chr1:15273211;Chr1:15290353;Chr1:15305696;Chr1:15342320;Chr1:15396401;Chr1:15462676;Chr1:15473652;Chr1:15507144;Chr1:15509819;Chr1:15518174;Chr1:15546356;Chr1:15551599;Chr1:15580836;Chr1:15597053;Chr1:15604086;Chr1:15684131;Chr1:15734624;Chr1:15735832;Chr1:15744462;Chr1:15745567;Chr1:15751195;Chr1:15754513;Chr1:15760892;Chr1:15760910;Chr1:15763291;Chr1:15763574;Chr1:15764855;Chr1:15767124;Chr1:15769357;Chr1:15770055;Chr1:15776479;Chr1:15776660;Chr1:15784060;Chr1:15784754;Chr1:15785118;Chr1:15790935;Chr1:15794691;Chr1:15798336;Chr1:15799962;Chr1:15807174;Chr1:15808043;Chr1:15817341;Chr1:15822741;Chr1:15822970;Chr1:15840921;Chr1:15849667;Chr1:15863835;Chr1:15866345;Chr1:15870161;Chr1:15870594;Chr1:15876169;Chr1:15880737;Chr1:15881963;Chr1:15888132;Chr1:15888355;Chr1:15889923;Chr1:15894815;Chr1:15900386;Chr1:15900543;Chr1:15904159;Chr1:15904535	Chr1:15252432;Chr1:15684131	Chr1:15684131	TRUE	TRUE	TRUE	1	1	FALSE	FALSE	3	3	3	11	14	22
bgs_V0.5_c1_rep7_env1	emmax_simes	Chr1	14732231	15904535	162	2	Chr1:14732231;Chr1:14756571;Chr1:14757784;Chr1:14764905;Chr1:14765672;Chr1:14789111;Chr1:14794093;Chr1:14796713;Chr1:14804136;Chr1:14813127;Chr1:14817882;Chr1:14824721;Chr1:14826190;Chr1:14826899;Chr1:14838722;Chr1:14851533;Chr1:14856579;Chr1:14863479;Chr1:14870735;Chr1:14874614;Chr1:14875747;Chr1:14876257;Chr1:14878333;Chr1:14880202;Chr1:14885970;Chr1:14908879;Chr1:14933336;Chr1:14946296;Chr1:14948473;Chr1:14954430;Chr1:14965436;Chr1:14970691;Chr1:14984044;Chr1:14991146;Chr1:15000167;Chr1:15014950;Chr1:15016743;Chr1:15023083;Chr1:15047104;Chr1:15048856;Chr1:15056234;Chr1:15057084;Chr1:15057141;Chr1:15067829;Chr1:15070166;Chr1:15074328;Chr1:15077762;Chr1:15077937;Chr1:15081315;Chr1:15082867;Chr1:15088085;Chr1:15095080;Chr1:15099601;Chr1:15109030;Chr1:15118804;Chr1:15119418;Chr1:15119887;Chr1:15121358;Chr1:15135426;Chr1:15145516;Chr1:15146073;Chr1:15147453;Chr1:15148671;Chr1:15152454;Chr1:15153911;Chr1:15154082;Chr1:15162629;Chr1:15165220;Chr1:15166943;Chr1:15169117;Chr1:15169729;Chr1:15173870;Chr1:15177227;Chr1:15177878;Chr1:15178269;Chr1:15181852;Chr1:15188180;Chr1:15193349;Chr1:15198356;Chr1:15201267;Chr1:15206096;Chr1:15209591;Chr1:15214545;Chr1:15219113;Chr1:15220070;Chr1:15220452;Chr1:15221107;Chr1:15223232;Chr1:15225456;Chr1:15227920;Chr1:15231802;Chr1:15232295;Chr1:15237775;Chr1:15240845;Chr1:15243698;Chr1:15250295;Chr1:15252432;Chr1:15258668;Chr1:15259246;Chr1:15261148;Chr1:15266683;Chr1:15273211;Chr1:15290353;Chr1:15305696;Chr1:15342320;Chr1:15396401;Chr1:15462676;Chr1:15473652;Chr1:15507144;Chr1:15509819;Chr1:15518174;Chr1:15546356;Chr1:15551599;Chr1:15580836;Chr1:15597053;Chr1:15604086;Chr1:15684131;Chr1:15734624;Chr1:15735832;Chr1:15744462;Chr1:15745567;Chr1:15751195;Chr1:15754513;Chr1:15760892;Chr1:15760910;Chr1:15763291;Chr1:15763574;Chr1:15764855;Chr1:15767124;Chr1:15769357;Chr1:15770055;Chr1:15776479;Chr1:15776660;Chr1:15784060;Chr1:15784754;Chr1:15785118;Chr1:15790935;Chr1:15794691;Chr1:15798336;Chr1:15799962;Chr1:15807174;Chr1:15808043;Chr1:15817341;Chr1:15822741;Chr1:15822970;Chr1:15840921;Chr1:15849667;Chr1:15863835;Chr1:15866345;Chr1:15870161;Chr1:15870594;Chr1:15876169;Chr1:15880737;Chr1:15881963;Chr1:15888132;Chr1:15888355;Chr1:15889923;Chr1:15894815;Chr1:15900386;Chr1:15900543;Chr1:15904159;Chr1:15904535	Chr1:15252432;Chr1:15684131	Chr1:15684131	TRUE	TRUE	TRUE	1	1	FALSE	FALSE	3	3	3	11	14	22
bgs_V0.5_c1_rep7_env1	lfmm_simes	Chr1	15342320	15904535	58	1	Chr1:15342320;Chr1:15396401;Chr1:15462676;Chr1:15473652;Chr1:15507144;Chr1:15509819;Chr1:15518174;Chr1:15546356;Chr1:15551599;Chr1:15580836;Chr1:15597053;Chr1:15604086;Chr1:15684131;Chr1:15734624;Chr1:15735832;Chr1:15744462;Chr1:15745567;Chr1:15751195;Chr1:15754513;Chr1:15760892;Chr1:15760910;Chr1:15763291;Chr1:15763574;Chr1:15764855;Chr1:15767124;Chr1:15769357;Chr1:15770055;Chr1:15776479;Chr1:15776660;Chr1:15784060;Chr1:15784754;Chr1:15785118;Chr1:15790935;Chr1:15794691;Chr1:15798336;Chr1:15799962;Chr1:15807174;Chr1:15808043;Chr1:15817341;Chr1:15822741;Chr1:15822970;Chr1:15840921;Chr1:15849667;Chr1:15863835;Chr1:15866345;Chr1:15870161;Chr1:15870594;Chr1:15876169;Chr1:15880737;Chr1:15881963;Chr1:15888132;Chr1:15888355;Chr1:15889923;Chr1:15894815;Chr1:15900386;Chr1:15900543;Chr1:15904159;Chr1:15904535	Chr1:15684131	Chr1:15684131	TRUE	TRUE	TRUE	1	1	FALSE	FALSE	3	3	3	11	14	22
bgs_V0.5_c1_rep7_env3	emmax_consensus	Chr1	11604035	12121259	26	1	Chr1:11604035;Chr1:11604874;Chr1:11626092;Chr1:11644260;Chr1:11669461;Chr1:11742393;Chr1:11747324;Chr1:11749100;Chr1:11752220;Chr1:11756286;Chr1:11761223;Chr1:11771165;Chr1:11792343;Chr1:11795678;Chr1:11816319;Chr1:11819426;Chr1:11820578;Chr1:11844909;Chr1:11885903;Chr1:11889129;Chr1:11909024;Chr1:11955055;Chr1:12013699;Chr1:12024925;Chr1:12111577;Chr1:12121259	Chr1:11604874	""	FALSE	TRUE	TRUE	1	1	FALSE	FALSE	3	3	3	13	15	21
bgs_V0.5_c1_rep7_env3	emmax_consensus	Chr1	18269376	18293312	16	1	Chr1:18269376;Chr1:18269941;Chr1:18270421;Chr1:18272851;Chr1:18274639;Chr1:18275717;Chr1:18276236;Chr1:18276241;Chr1:18276504;Chr1:18278704;Chr1:18281414;Chr1:18283562;Chr1:18285585;Chr1:18286754;Chr1:18288728;Chr1:18293312	Chr1:18281414	Chr1:18242256	TRUE	TRUE	FALSE	1	0	FALSE	FALSE	2	2	2	13	15	21
bgs_V0.5_c1_rep7_env3	emmax_simes	Chr1	9666094	9817761	17	1	Chr1:9666094;Chr1:9666158;Chr1:9686218;Chr1:9702500;Chr1:9704788;Chr1:9705309;Chr1:9707385;Chr1:9707457;Chr1:9730042;Chr1:9730803;Chr1:9737285;Chr1:9743979;Chr1:9745629;Chr1:9760140;Chr1:9775081;Chr1:9814111;Chr1:9817761	Chr1:9707457	""	FALSE	TRUE	FALSE	1	0	FALSE	FALSE	2	2	2	13	15	21
bgs_V0.5_c1_rep7_env3	emmax_simes	Chr1	11604035	12121259	26	1	Chr1:11604035;Chr1:11604874;Chr1:11626092;Chr1:11644260;Chr1:11669461;Chr1:11742393;Chr1:11747324;Chr1:11749100;Chr1:11752220;Chr1:11756286;Chr1:11761223;Chr1:11771165;Chr1:11792343;Chr1:11795678;Chr1:11816319;Chr1:11819426;Chr1:11820578;Chr1:11844909;Chr1:11885903;Chr1:11889129;Chr1:11909024;Chr1:11955055;Chr1:12013699;Chr1:12024925;Chr1:12111577;Chr1:12121259	Chr1:11604874	""	FALSE	TRUE	TRUE	1	1	FALSE	FALSE	3	3	3	13	15	21
bgs_V0.5_c1_rep7_env3	emmax_simes	Chr1	18269376	18293312	16	1	Chr1:18269376;Chr1:18269941;Chr1:18270421;Chr1:18272851;Chr1:18274639;Chr1:18275717;Chr1:18276236;Chr1:18276241;Chr1:18276504;Chr1:18278704;Chr1:18281414;Chr1:18283562;Chr1:18285585;Chr1:18286754;Chr1:18288728;Chr1:18293312	Chr1:18281414	Chr1:18242256	TRUE	TRUE	FALSE	1	0	FALSE	FALSE	2	2	2	13	15	21
bgs_V0.5_c1_rep7_env3	lfmm_simes	Chr1	11604035	12121259	26	1	Chr1:11604035;Chr1:11604874;Chr1:11626092;Chr1:11644260;Chr1:11669461;Chr1:11742393;Chr1:11747324;Chr1:11749100;Chr1:11752220;Chr1:11756286;Chr1:11761223;Chr1:11771165;Chr1:11792343;Chr1:11795678;Chr1:11816319;Chr1:11819426;Chr1:11820578;Chr1:11844909;Chr1:11885903;Chr1:11889129;Chr1:11909024;Chr1:11955055;Chr1:12013699;Chr1:12024925;Chr1:12111577;Chr1:12121259	Chr1:11604874	""	FALSE	TRUE	TRUE	1	1	FALSE	FALSE	3	3	3	13	15	21
bgs_V0.5_c1_rep7_env6	emmax_consensus	Chr1	15146073	15983353	18	1	Chr1:15146073;Chr1:15177227;Chr1:15221107;Chr1:15231450;Chr1:15231802;Chr1:15258668;Chr1:15305696;Chr1:15342320;Chr1:15371379;Chr1:15462676;Chr1:15546356;Chr1:15559306;Chr1:15570733;Chr1:15597053;Chr1:15604086;Chr1:15703313;Chr1:15774416;Chr1:15983353	Chr1:15559306	""	FALSE	TRUE	FALSE	1	0	FALSE	FALSE	2	2	2	11	14	19
bgs_V0.5_c1_rep7_env6	emmax_consensus	Chr1	22193820	22228348	14	1	Chr1:22193820;Chr1:22194041;Chr1:22195894;Chr1:22196965;Chr1:22196993;Chr1:22200240;Chr1:22200467;Chr1:22200496;Chr1:22202648;Chr1:22209542;Chr1:22215925;Chr1:22219220;Chr1:22222741;Chr1:22228348	Chr1:22193820	Chr1:22285175	TRUE	TRUE	FALSE	1	0	FALSE	FALSE	2	2	2	11	14	19
bgs_V0.5_c1_rep7_env6	emmax_simes	Chr1	15146073	15983353	18	1	Chr1:15146073;Chr1:15177227;Chr1:15221107;Chr1:15231450;Chr1:15231802;Chr1:15258668;Chr1:15305696;Chr1:15342320;Chr1:15371379;Chr1:15462676;Chr1:15546356;Chr1:15559306;Chr1:15570733;Chr1:15597053;Chr1:15604086;Chr1:15703313;Chr1:15774416;Chr1:15983353	Chr1:15559306	""	FALSE	TRUE	FALSE	1	0	FALSE	FALSE	2	2	2	11	14	19
bgs_V0.5_c1_rep7_env6	emmax_simes	Chr1	22193820	22228348	14	1	Chr1:22193820;Chr1:22194041;Chr1:22195894;Chr1:22196965;Chr1:22196993;Chr1:22200240;Chr1:22200467;Chr1:22200496;Chr1:22202648;Chr1:22209542;Chr1:22215925;Chr1:22219220;Chr1:22222741;Chr1:22228348	Chr1:22193820	Chr1:22285175	TRUE	TRUE	FALSE	1	0	FALSE	FALSE	2	2	2	11	14	19
bgs_V0.5_c1_rep7_env6	lfmm_simes	Chr1	15146073	15983353	18	1	Chr1:15146073;Chr1:15177227;Chr1:15221107;Chr1:15231450;Chr1:15231802;Chr1:15258668;Chr1:15305696;Chr1:15342320;Chr1:15371379;Chr1:15462676;Chr1:15546356;Chr1:15559306;Chr1:15570733;Chr1:15597053;Chr1:15604086;Chr1:15703313;Chr1:15774416;Chr1:15983353	Chr1:15559306	""	FALSE	TRUE	FALSE	1	0	FALSE	FALSE	2	2	2	11	14	19
bgs_V0.5_c1_rep7_env6	lfmm_simes	Chr1	22193820	22228348	14	1	Chr1:22193820;Chr1:22194041;Chr1:22195894;Chr1:22196965;Chr1:22196993;Chr1:22200240;Chr1:22200467;Chr1:22200496;Chr1:22202648;Chr1:22209542;Chr1:22215925;Chr1:22219220;Chr1:22222741;Chr1:22228348	Chr1:22193820	Chr1:22285175	TRUE	TRUE	FALSE	1	0	FALSE	FALSE	2	2	2	11	14	19
bgs_V0.5_c1_rep7_env7	lfmm_simes	Chr1	15061863	15122868	16	1	Chr1:15061863;Chr1:15062040;Chr1:15071252;Chr1:15071804;Chr1:15079647;Chr1:15082308;Chr1:15082698;Chr1:15084919;Chr1:15087644;Chr1:15089438;Chr1:15100716;Chr1:15101964;Chr1:15111696;Chr1:15112111;Chr1:15117653;Chr1:15122868	Chr1:15082698	""	FALSE	TRUE	FALSE	1	0	FALSE	FALSE	2	2	2	12	15	22
bgs_V0.5_c1_rep7_env8	emmax_consensus	Chr1	14829615	15502449	60	2	Chr1:14829615;Chr1:14860906;Chr1:14865470;Chr1:14865631;Chr1:14885122;Chr1:14921844;Chr1:14943619;Chr1:14951269;Chr1:14961656;Chr1:14978047;Chr1:14978480;Chr1:14991295;Chr1:14991598;Chr1:14995303;Chr1:15037370;Chr1:15061863;Chr1:15062040;Chr1:15071252;Chr1:15071804;Chr1:15079647;Chr1:15082308;Chr1:15082698;Chr1:15084919;Chr1:15087644;Chr1:15089438;Chr1:15100716;Chr1:15101964;Chr1:15117653;Chr1:15184577;Chr1:15200724;Chr1:15241293;Chr1:15267769;Chr1:15272263;Chr1:15294734;Chr1:15327223;Chr1:15329723;Chr1:15330890;Chr1:15335506;Chr1:15342039;Chr1:15352869;Chr1:15361275;Chr1:15365232;Chr1:15369093;Chr1:15371100;Chr1:15389967;Chr1:15399225;Chr1:15402541;Chr1:15419182;Chr1:15429911;Chr1:15434748;Chr1:15438331;Chr1:15451175;Chr1:15453033;Chr1:15468988;Chr1:15477088;Chr1:15477327;Chr1:15480214;Chr1:15489615;Chr1:15499157;Chr1:15502449	Chr1:14995303;Chr1:15327223	""	FALSE	TRUE	TRUE	1	1	FALSE	FALSE	3	3	3	11	13	19
bgs_V0.5_c1_rep7_env8	emmax_simes	Chr1	10122627	12264234	36	1	Chr1:10122627;Chr1:10126124;Chr1:10158748;Chr1:10169451;Chr1:10233243;Chr1:10247547;Chr1:10293591;Chr1:10299980;Chr1:10303794;Chr1:10305010;Chr1:10317323;Chr1:10339410;Chr1:10347012;Chr1:10386491;Chr1:10390916;Chr1:10396006;Chr1:10430834;Chr1:10483198;Chr1:10489676;Chr1:10590486;Chr1:10647326;Chr1:10649097;Chr1:10664446;Chr1:10721832;Chr1:10735836;Chr1:10765346;Chr1:10766972;Chr1:10767397;Chr1:10778581;Chr1:10822846;Chr1:10863329;Chr1:10883526;Chr1:10922703;Chr1:10945846;Chr1:11745548;Chr1:12264234	Chr1:10590486	""	FALSE	FALSE	TRUE	0	1	FALSE	FALSE	2	2	2	11	13	19
bgs_V0.5_c1_rep7_env8	emmax_simes	Chr1	14829615	15502449	60	2	Chr1:14829615;Chr1:14860906;Chr1:14865470;Chr1:14865631;Chr1:14885122;Chr1:14921844;Chr1:14943619;Chr1:14951269;Chr1:14961656;Chr1:14978047;Chr1:14978480;Chr1:14991295;Chr1:14991598;Chr1:14995303;Chr1:15037370;Chr1:15061863;Chr1:15062040;Chr1:15071252;Chr1:15071804;Chr1:15079647;Chr1:15082308;Chr1:15082698;Chr1:15084919;Chr1:15087644;Chr1:15089438;Chr1:15100716;Chr1:15101964;Chr1:15117653;Chr1:15184577;Chr1:15200724;Chr1:15241293;Chr1:15267769;Chr1:15272263;Chr1:15294734;Chr1:15327223;Chr1:15329723;Chr1:15330890;Chr1:15335506;Chr1:15342039;Chr1:15352869;Chr1:15361275;Chr1:15365232;Chr1:15369093;Chr1:15371100;Chr1:15389967;Chr1:15399225;Chr1:15402541;Chr1:15419182;Chr1:15429911;Chr1:15434748;Chr1:15438331;Chr1:15451175;Chr1:15453033;Chr1:15468988;Chr1:15477088;Chr1:15477327;Chr1:15480214;Chr1:15489615;Chr1:15499157;Chr1:15502449	Chr1:14995303;Chr1:15327223	""	FALSE	TRUE	TRUE	1	1	FALSE	FALSE	3	3	3	11	13	19
bgs_V0.5_c1_rep7_env8	lfmm_simes	Chr1	10122627	12264234	36	1	Chr1:10122627;Chr1:10126124;Chr1:10158748;Chr1:10169451;Chr1:10233243;Chr1:10247547;Chr1:10293591;Chr1:10299980;Chr1:10303794;Chr1:10305010;Chr1:10317323;Chr1:10339410;Chr1:10347012;Chr1:10386491;Chr1:10390916;Chr1:10396006;Chr1:10430834;Chr1:10483198;Chr1:10489676;Chr1:10590486;Chr1:10647326;Chr1:10649097;Chr1:10664446;Chr1:10721832;Chr1:10735836;Chr1:10765346;Chr1:10766972;Chr1:10767397;Chr1:10778581;Chr1:10822846;Chr1:10863329;Chr1:10883526;Chr1:10922703;Chr1:10945846;Chr1:11745548;Chr1:12264234	Chr1:10590486	""	FALSE	FALSE	TRUE	0	1	FALSE	FALSE	2	2	2	11	13	19
bgs_V0.5_c1_rep7_env8	lfmm_simes	Chr1	14829615	15502449	60	2	Chr1:14829615;Chr1:14860906;Chr1:14865470;Chr1:14865631;Chr1:14885122;Chr1:14921844;Chr1:14943619;Chr1:14951269;Chr1:14961656;Chr1:14978047;Chr1:14978480;Chr1:14991295;Chr1:14991598;Chr1:14995303;Chr1:15037370;Chr1:15061863;Chr1:15062040;Chr1:15071252;Chr1:15071804;Chr1:15079647;Chr1:15082308;Chr1:15082698;Chr1:15084919;Chr1:15087644;Chr1:15089438;Chr1:15100716;Chr1:15101964;Chr1:15117653;Chr1:15184577;Chr1:15200724;Chr1:15241293;Chr1:15267769;Chr1:15272263;Chr1:15294734;Chr1:15327223;Chr1:15329723;Chr1:15330890;Chr1:15335506;Chr1:15342039;Chr1:15352869;Chr1:15361275;Chr1:15365232;Chr1:15369093;Chr1:15371100;Chr1:15389967;Chr1:15399225;Chr1:15402541;Chr1:15419182;Chr1:15429911;Chr1:15434748;Chr1:15438331;Chr1:15451175;Chr1:15453033;Chr1:15468988;Chr1:15477088;Chr1:15477327;Chr1:15480214;Chr1:15489615;Chr1:15499157;Chr1:15502449	Chr1:14995303;Chr1:15327223	""	FALSE	TRUE	TRUE	1	1	FALSE	FALSE	3	3	3	11	13	19
bgs_V0.5_c1_rep8_env1	emmax_consensus	Chr1	7421199	7499250	11	1	Chr1:7421199;Chr1:7431371;Chr1:7431788;Chr1:7456627;Chr1:7456640;Chr1:7464858;Chr1:7472730;Chr1:7473177;Chr1:7477054;Chr1:7496500;Chr1:7499250	Chr1:7472730	""	FALSE	TRUE	FALSE	1	0	FALSE	FALSE	2	2	2	8	9	13
bgs_V0.5_c1_rep8_env1	emmax_simes	Chr1	7421199	7499250	11	1	Chr1:7421199;Chr1:7431371;Chr1:7431788;Chr1:7456627;Chr1:7456640;Chr1:7464858;Chr1:7472730;Chr1:7473177;Chr1:7477054;Chr1:7496500;Chr1:7499250	Chr1:7472730	""	FALSE	TRUE	FALSE	1	0	FALSE	FALSE	2	2	2	8	9	13
bgs_V0.5_c1_rep8_env1	lfmm_simes	Chr1	7421199	7499250	11	1	Chr1:7421199;Chr1:7431371;Chr1:7431788;Chr1:7456627;Chr1:7456640;Chr1:7464858;Chr1:7472730;Chr1:7473177;Chr1:7477054;Chr1:7496500;Chr1:7499250	Chr1:7472730	""	FALSE	TRUE	FALSE	1	0	FALSE	FALSE	2	2	2	8	9	13
bgs_V0.5_c1_rep8_env2	emmax_consensus	Chr1	11146529	11270995	10	1	Chr1:11146529;Chr1:11191508;Chr1:11195194;Chr1:11207276;Chr1:11212664;Chr1:11223306;Chr1:11244600;Chr1:11267949;Chr1:11269375;Chr1:11270995	Chr1:11191508	Chr1:11223306	TRUE	TRUE	FALSE	1	0	FALSE	FALSE	2	2	2	8	9	13
bgs_V0.5_c1_rep8_env2	emmax_simes	Chr1	11146529	11270995	10	1	Chr1:11146529;Chr1:11191508;Chr1:11195194;Chr1:11207276;Chr1:11212664;Chr1:11223306;Chr1:11244600;Chr1:11267949;Chr1:11269375;Chr1:11270995	Chr1:11191508	Chr1:11223306	TRUE	TRUE	FALSE	1	0	FALSE	FALSE	2	2	2	8	9	13
bgs_V0.5_c1_rep8_env2	lfmm_simes	Chr1	11146529	11270995	10	1	Chr1:11146529;Chr1:11191508;Chr1:11195194;Chr1:11207276;Chr1:11212664;Chr1:11223306;Chr1:11244600;Chr1:11267949;Chr1:11269375;Chr1:11270995	Chr1:11191508	Chr1:11223306	TRUE	TRUE	FALSE	1	0	FALSE	FALSE	2	2	2	8	9	13
bgs_V0.5_c1_rep8_env3	emmax_consensus	Chr1	4425774	4523285	28	2	Chr1:4425774;Chr1:4442807;Chr1:4445489;Chr1:4453993;Chr1:4457833;Chr1:4460288;Chr1:4465627;Chr1:4468510;Chr1:4506068;Chr1:4474416;Chr1:4475592;Chr1:4475622;Chr1:4477002;Chr1:4481754;Chr1:4491777;Chr1:4493627;Chr1:4499677;Chr1:4500343;Chr1:4500724;Chr1:4503415;Chr1:4507196;Chr1:4508310;Chr1:4511354;Chr1:4512705;Chr1:4513732;Chr1:4515950;Chr1:4517393;Chr1:4523285	Chr1:4453993;Chr1:4503415	Chr1:4506068	TRUE	TRUE	TRUE	1	1	FALSE	FALSE	3	3	3	8	9	13
bgs_V0.5_c1_rep8_env3	emmax_consensus	Chr1	4665436	4711983	11	1	Chr1:4665436;Chr1:4669608;Chr1:4671332;Chr1:4672522;Chr1:4676604;Chr1:4686515;Chr1:4693837;Chr1:4702139;Chr1:4703902;Chr1:4703913;Chr1:4711983	Chr1:4686515	""	FALSE	TRUE	FALSE	1	0	FALSE	FALSE	2	2	2	8	9	13
bgs_V0.5_c1_rep8_env3	emmax_simes	Chr1	4425774	4523285	28	2	Chr1:4425774;Chr1:4442807;Chr1:4445489;Chr1:4453993;Chr1:4457833;Chr1:4460288;Chr1:4465627;Chr1:4468510;Chr1:4506068;Chr1:4474416;Chr1:4475592;Chr1:4475622;Chr1:4477002;Chr1:4481754;Chr1:4491777;Chr1:4493627;Chr1:4499677;Chr1:4500343;Chr1:4500724;Chr1:4503415;Chr1:4507196;Chr1:4508310;Chr1:4511354;Chr1:4512705;Chr1:4513732;Chr1:4515950;Chr1:4517393;Chr1:4523285	Chr1:4453993;Chr1:4503415	Chr1:4506068	TRUE	TRUE	TRUE	1	1	FALSE	FALSE	3	3	3	8	9	13
bgs_V0.5_c1_rep8_env3	emmax_simes	Chr1	4665436	4711983	11	1	Chr1:4665436;Chr1:4669608;Chr1:4671332;Chr1:4672522;Chr1:4676604;Chr1:4686515;Chr1:4693837;Chr1:4702139;Chr1:4703902;Chr1:4703913;Chr1:4711983	Chr1:4686515	""	FALSE	TRUE	FALSE	1	0	FALSE	FALSE	2	2	2	8	9	13
bgs_V0.5_c1_rep8_env3	lfmm_simes	Chr1	4425774	4523285	28	2	Chr1:4425774;Chr1:4442807;Chr1:4445489;Chr1:4453993;Chr1:4457833;Chr1:4460288;Chr1:4465627;Chr1:4468510;Chr1:4506068;Chr1:4474416;Chr1:4475592;Chr1:4475622;Chr1:4477002;Chr1:4481754;Chr1:4491777;Chr1:4493627;Chr1:4499677;Chr1:4500343;Chr1:4500724;Chr1:4503415;Chr1:4507196;Chr1:4508310;Chr1:4511354;Chr1:4512705;Chr1:4513732;Chr1:4515950;Chr1:4517393;Chr1:4523285	Chr1:4453993;Chr1:4503415	Chr1:4506068	TRUE	TRUE	TRUE	1	1	FALSE	FALSE	3	3	3	8	9	13
bgs_V0.5_c1_rep8_env3	lfmm_simes	Chr1	4665436	4711983	11	1	Chr1:4665436;Chr1:4669608;Chr1:4671332;Chr1:4672522;Chr1:4676604;Chr1:4686515;Chr1:4693837;Chr1:4702139;Chr1:4703902;Chr1:4703913;Chr1:4711983	Chr1:4686515	""	FALSE	TRUE	FALSE	1	0	FALSE	FALSE	2	2	2	8	9	13
bgs_V0.5_c1_rep8_env4	emmax_consensus	Chr1	4499677	4534439	13	1	Chr1:4499677;Chr1:4500343;Chr1:4500724;Chr1:4503415;Chr1:4506068;Chr1:4507196;Chr1:4508310;Chr1:4511354;Chr1:4512705;Chr1:4513732;Chr1:4515950;Chr1:4517393;Chr1:4534439	Chr1:4511354	Chr1:4506068	TRUE	TRUE	TRUE	1	1	FALSE	FALSE	3	3	3	8	10	12
bgs_V0.5_c1_rep8_env4	emmax_consensus	Chr1	4936251	4994022	12	1	Chr1:4936251;Chr1:4942935;Chr1:4955780;Chr1:4959275;Chr1:4978937;Chr1:4980197;Chr1:4984203;Chr1:4984609;Chr1:4987321;Chr1:4993756;Chr1:4993771;Chr1:4994022	Chr1:4984203	""	FALSE	FALSE	TRUE	0	1	FALSE	FALSE	2	2	2	8	10	12
bgs_V0.5_c1_rep8_env4	emmax_consensus	Chr1	7437691	7476467	10	1	Chr1:7437691;Chr1:7437922;Chr1:7452637;Chr1:7455836;Chr1:7457258;Chr1:7458026;Chr1:7459293;Chr1:7474230;Chr1:7474893;Chr1:7476467	Chr1:7452637	""	FALSE	TRUE	FALSE	1	0	FALSE	FALSE	2	2	2	8	10	12
bgs_V0.5_c1_rep8_env4	emmax_simes	Chr1	4499677	4534439	13	1	Chr1:4499677;Chr1:4500343;Chr1:4500724;Chr1:4503415;Chr1:4506068;Chr1:4507196;Chr1:4508310;Chr1:4511354;Chr1:4512705;Chr1:4513732;Chr1:4515950;Chr1:4517393;Chr1:4534439	Chr1:4511354	Chr1:4506068	TRUE	TRUE	TRUE	1	1	FALSE	FALSE	3	3	3	8	10	12
bgs_V0.5_c1_rep8_env4	lfmm_simes	Chr1	4499677	4534439	13	1	Chr1:4499677;Chr1:4500343;Chr1:4500724;Chr1:4503415;Chr1:4506068;Chr1:4507196;Chr1:4508310;Chr1:4511354;Chr1:4512705;Chr1:4513732;Chr1:4515950;Chr1:4517393;Chr1:4534439	Chr1:4511354	Chr1:4506068	TRUE	TRUE	TRUE	1	1	FALSE	FALSE	3	3	3	8	10	12
bgs_V0.5_c1_rep8_env4	lfmm_simes	Chr1	4634510	4662951	12	1	Chr1:4634510;Chr1:4639251;Chr1:4641611;Chr1:4643974;Chr1:4646059;Chr1:4648551;Chr1:4650757;Chr1:4651112;Chr1:4652528;Chr1:4654601;Chr1:4662642;Chr1:4662951	Chr1:4646059	""	FALSE	FALSE	TRUE	0	1	FALSE	FALSE	2	2	2	8	10	12
bgs_V0.5_c1_rep8_env4	lfmm_simes	Chr1	4936251	4994022	12	1	Chr1:4936251;Chr1:4942935;Chr1:4955780;Chr1:4959275;Chr1:4978937;Chr1:4980197;Chr1:4984203;Chr1:4984609;Chr1:4987321;Chr1:4993756;Chr1:4993771;Chr1:4994022	Chr1:4984203	""	FALSE	TRUE	TRUE	1	1	FALSE	FALSE	3	3	3	8	10	12
bgs_V0.5_c1_rep8_env5	emmax_consensus	Chr1	4808145	5669601	27	1	Chr1:4808145;Chr1:4817393;Chr1:4819761;Chr1:4819839;Chr1:4825066;Chr1:4827758;Chr1:4839263;Chr1:4840884;Chr1:4841873;Chr1:4845785;Chr1:4857571;Chr1:4862075;Chr1:4867333;Chr1:4879284;Chr1:4880595;Chr1:4883204;Chr1:4895433;Chr1:4895809;Chr1:4896622;Chr1:4900750;Chr1:4901700;Chr1:4906493;Chr1:4907830;Chr1:4918433;Chr1:4923939;Chr1:5183561;Chr1:5669601	Chr1:4862075	Chr1:4906493;Chr1:5669601	TRUE	TRUE	TRUE	1	1	FALSE	FALSE	3	3	3	8	9	12
bgs_V0.5_c1_rep8_env5	emmax_simes	Chr1	4808145	5669601	27	1	Chr1:4808145;Chr1:4817393;Chr1:4819761;Chr1:4819839;Chr1:4825066;Chr1:4827758;Chr1:4839263;Chr1:4840884;Chr1:4841873;Chr1:4845785;Chr1:4857571;Chr1:4862075;Chr1:4867333;Chr1:4879284;Chr1:4880595;Chr1:4883204;Chr1:4895433;Chr1:4895809;Chr1:4896622;Chr1:4900750;Chr1:4901700;Chr1:4906493;Chr1:4907830;Chr1:4918433;Chr1:4923939;Chr1:5183561;Chr1:5669601	Chr1:4862075	Chr1:4906493;Chr1:5669601	TRUE	TRUE	TRUE	1	1	FALSE	FALSE	3	3	3	8	9	12
bgs_V0.5_c1_rep8_env5	lfmm_simes	Chr1	4808145	5669601	27	1	Chr1:4808145;Chr1:4817393;Chr1:4819761;Chr1:4819839;Chr1:4825066;Chr1:4827758;Chr1:4839263;Chr1:4840884;Chr1:4841873;Chr1:4845785;Chr1:4857571;Chr1:4862075;Chr1:4867333;Chr1:4879284;Chr1:4880595;Chr1:4883204;Chr1:4895433;Chr1:4895809;Chr1:4896622;Chr1:4900750;Chr1:4901700;Chr1:4906493;Chr1:4907830;Chr1:4918433;Chr1:4923939;Chr1:5183561;Chr1:5669601	Chr1:4862075	Chr1:4906493;Chr1:5669601	TRUE	TRUE	TRUE	1	1	FALSE	FALSE	3	3	3	8	9	12
bgs_V0.5_c1_rep8_env6	emmax_consensus	Chr1	4839263	4907830	15	1	Chr1:4839263;Chr1:4840884;Chr1:4841873;Chr1:4845785;Chr1:4857571;Chr1:4862075;Chr1:4867333;Chr1:4883204;Chr1:4891788;Chr1:4892866;Chr1:4895433;Chr1:4895809;Chr1:4896622;Chr1:4906493;Chr1:4907830	Chr1:4906493	Chr1:4906493	TRUE	TRUE	TRUE	1	1	FALSE	FALSE	3	3	3	8	10	15
bgs_V0.5_c1_rep8_env6	emmax_consensus	Chr1	18641626	18683693	15	1	Chr1:18641626;Chr1:18642524;Chr1:18646541;Chr1:18648167;Chr1:18653732;Chr1:18655847;Chr1:18665521;Chr1:18665603;Chr1:18674289;Chr1:18674844;Chr1:18680227;Chr1:18681012;Chr1:18682207;Chr1:18683262;Chr1:18683693	Chr1:18683693	Chr1:18646541	TRUE	TRUE	TRUE	1	1	FALSE	FALSE	3	3	3	8	10	15
bgs_V0.5_c1_rep8_env6	emmax_simes	Chr1	4839263	4907830	15	1	Chr1:4839263;Chr1:4840884;Chr1:4841873;Chr1:4845785;Chr1:4857571;Chr1:4862075;Chr1:4867333;Chr1:4883204;Chr1:4891788;Chr1:4892866;Chr1:4895433;Chr1:4895809;Chr1:4896622;Chr1:4906493;Chr1:4907830	Chr1:4906493	Chr1:4906493	TRUE	TRUE	TRUE	1	1	FALSE	FALSE	3	3	3	8	10	15
bgs_V0.5_c1_rep8_env6	emmax_simes	Chr1	18641626	18683693	15	1	Chr1:18641626;Chr1:18642524;Chr1:18646541;Chr1:18648167;Chr1:18653732;Chr1:18655847;Chr1:18665521;Chr1:18665603;Chr1:18674289;Chr1:18674844;Chr1:18680227;Chr1:18681012;Chr1:18682207;Chr1:18683262;Chr1:18683693	Chr1:18683693	Chr1:18646541	TRUE	TRUE	TRUE	1	1	FALSE	FALSE	3	3	3	8	10	15
bgs_V0.5_c1_rep8_env6	lfmm_simes	Chr1	4839263	4907830	15	1	Chr1:4839263;Chr1:4840884;Chr1:4841873;Chr1:4845785;Chr1:4857571;Chr1:4862075;Chr1:4867333;Chr1:4883204;Chr1:4891788;Chr1:4892866;Chr1:4895433;Chr1:4895809;Chr1:4896622;Chr1:4906493;Chr1:4907830	Chr1:4906493	Chr1:4906493	TRUE	TRUE	TRUE	1	1	FALSE	FALSE	3	3	3	8	10	15
bgs_V0.5_c1_rep8_env6	lfmm_simes	Chr1	18641626	18683693	15	1	Chr1:18641626;Chr1:18642524;Chr1:18646541;Chr1:18648167;Chr1:18653732;Chr1:18655847;Chr1:18665521;Chr1:18665603;Chr1:18674289;Chr1:18674844;Chr1:18680227;Chr1:18681012;Chr1:18682207;Chr1:18683262;Chr1:18683693	Chr1:18683693	Chr1:18646541	TRUE	TRUE	TRUE	1	1	FALSE	FALSE	3	3	3	8	10	15
bgs_V0.5_c1_rep8_env7	emmax_consensus	Chr1	7532803	7627736	29	2	Chr1:7532803;Chr1:7535745;Chr1:7543246;Chr1:7543898;Chr1:7545304;Chr1:7558132;Chr1:7558973;Chr1:7560264;Chr1:7575519;Chr1:7609362;Chr1:7610583;Chr1:7611277;Chr1:7613825;Chr1:7622412;Chr1:7627736;Chr1:7553705;Chr1:7560170;Chr1:7560327;Chr1:7560502;Chr1:7562253;Chr1:7564568;Chr1:7568865;Chr1:7572487;Chr1:7573164;Chr1:7574372;Chr1:7581344;Chr1:7583388;Chr1:7584111;Chr1:7600669	Chr1:7575519;Chr1:7562253	Chr1:7560264	TRUE	TRUE	TRUE	1	1	FALSE	FALSE	3	3	3	9	10	15
bgs_V0.5_c1_rep8_env7	emmax_simes	Chr1	7532803	7627736	29	2	Chr1:7532803;Chr1:7535745;Chr1:7543246;Chr1:7543898;Chr1:7545304;Chr1:7558132;Chr1:7558973;Chr1:7560264;Chr1:7575519;Chr1:7609362;Chr1:7610583;Chr1:7611277;Chr1:7613825;Chr1:7622412;Chr1:7627736;Chr1:7553705;Chr1:7560170;Chr1:7560327;Chr1:7560502;Chr1:7562253;Chr1:7564568;Chr1:7568865;Chr1:7572487;Chr1:7573164;Chr1:7574372;Chr1:7581344;Chr1:7583388;Chr1:7584111;Chr1:7600669	Chr1:7575519;Chr1:7562253	Chr1:7560264	TRUE	TRUE	TRUE	1	1	FALSE	FALSE	3	3	3	9	10	15
bgs_V0.5_c1_rep8_env7	lfmm_simes	Chr1	7532803	7627736	29	2	Chr1:7532803;Chr1:7535745;Chr1:7543246;Chr1:7543898;Chr1:7545304;Chr1:7558132;Chr1:7558973;Chr1:7560264;Chr1:7575519;Chr1:7609362;Chr1:7610583;Chr1:7611277;Chr1:7613825;Chr1:7622412;Chr1:7627736;Chr1:7553705;Chr1:7560170;Chr1:7560327;Chr1:7560502;Chr1:7562253;Chr1:7564568;Chr1:7568865;Chr1:7572487;Chr1:7573164;Chr1:7574372;Chr1:7581344;Chr1:7583388;Chr1:7584111;Chr1:7600669	Chr1:7575519;Chr1:7562253	Chr1:7560264	TRUE	TRUE	TRUE	1	1	FALSE	FALSE	3	3	3	9	10	15
bgs_V0.5_c1_rep8_env8	emmax_consensus	Chr1	11358076	11485574	13	1	Chr1:11358076;Chr1:11402041;Chr1:11413199;Chr1:11431571;Chr1:11438600;Chr1:11446070;Chr1:11446124;Chr1:11451639;Chr1:11452886;Chr1:11457740;Chr1:11460150;Chr1:11465294;Chr1:11485574	Chr1:11451639	""	FALSE	FALSE	FALSE	0	0	FALSE	FALSE	1	1	1	8	10	16
bgs_V0.5_c1_rep8_env8	emmax_consensus	Chr1	12219124	12686556	39	2	Chr1:12219124;Chr1:12230180;Chr1:12245473;Chr1:12254201;Chr1:12283180;Chr1:12292839;Chr1:12310628;Chr1:12370604;Chr1:12379099;Chr1:12410639;Chr1:12423425;Chr1:12424902;Chr1:12454196;Chr1:12454516;Chr1:12460877;Chr1:12471809;Chr1:12484395;Chr1:12499416;Chr1:12518120;Chr1:12538818;Chr1:12552660;Chr1:12560553;Chr1:12569681;Chr1:12618128;Chr1:12632625;Chr1:12634268;Chr1:12641846;Chr1:12649887;Chr1:12288036;Chr1:12302450;Chr1:12331999;Chr1:12335847;Chr1:12336278;Chr1:12666516;Chr1:12669100;Chr1:12669553;Chr1:12670199;Chr1:12685571;Chr1:12686556	Chr1:12471809;Chr1:12686556	Chr1:12423425	TRUE	TRUE	TRUE	1	1	FALSE	FALSE	3	3	3	8	10	16
bgs_V0.5_c1_rep8_env8	emmax_simes	Chr1	12219124	12686556	39	2	Chr1:12219124;Chr1:12230180;Chr1:12245473;Chr1:12254201;Chr1:12283180;Chr1:12292839;Chr1:12310628;Chr1:12370604;Chr1:12379099;Chr1:12410639;Chr1:12423425;Chr1:12424902;Chr1:12454196;Chr1:12454516;Chr1:12460877;Chr1:12471809;Chr1:12484395;Chr1:12499416;Chr1:12518120;Chr1:12538818;Chr1:12552660;Chr1:12560553;Chr1:12569681;Chr1:12618128;Chr1:12632625;Chr1:12634268;Chr1:12641846;Chr1:12649887;Chr1:12288036;Chr1:12302450;Chr1:12331999;Chr1:12335847;Chr1:12336278;Chr1:12666516;Chr1:12669100;Chr1:12669553;Chr1:12670199;Chr1:12685571;Chr1:12686556	Chr1:12471809;Chr1:12686556	Chr1:12423425	TRUE	TRUE	TRUE	1	1	FALSE	FALSE	3	3	3	8	10	16
bgs_V0.5_c1_rep8_env8	lfmm_simes	Chr1	12219124	12649887	28	1	Chr1:12219124;Chr1:12230180;Chr1:12245473;Chr1:12254201;Chr1:12283180;Chr1:12292839;Chr1:12310628;Chr1:12370604;Chr1:12379099;Chr1:12410639;Chr1:12423425;Chr1:12424902;Chr1:12454196;Chr1:12454516;Chr1:12460877;Chr1:12471809;Chr1:12484395;Chr1:12499416;Chr1:12518120;Chr1:12538818;Chr1:12552660;Chr1:12560553;Chr1:12569681;Chr1:12618128;Chr1:12632625;Chr1:12634268;Chr1:12641846;Chr1:12649887	Chr1:12471809	Chr1:12423425	TRUE	TRUE	TRUE	1	1	FALSE	FALSE	3	3	3	8	10	16
bgs_V0.5_c1_rep8_env9	emmax_consensus	Chr1	4039801	4078991	11	1	Chr1:4039801;Chr1:4046147;Chr1:4047788;Chr1:4048996;Chr1:4055581;Chr1:4058380;Chr1:4066447;Chr1:4069701;Chr1:4070624;Chr1:4072171;Chr1:4078991	Chr1:4066447	""	FALSE	FALSE	FALSE	0	0	FALSE	FALSE	1	1	1	8	10	12
bgs_V0.5_c1_rep8_env9	emmax_consensus	Chr1	4857571	4937350	15	1	Chr1:4857571;Chr1:4862075;Chr1:4867333;Chr1:4879284;Chr1:4880595;Chr1:4883204;Chr1:4891788;Chr1:4892866;Chr1:4895433;Chr1:4895809;Chr1:4896622;Chr1:4906493;Chr1:4918433;Chr1:4923939;Chr1:4937350	Chr1:4862075	Chr1:4906493	TRUE	TRUE	TRUE	1	1	FALSE	FALSE	3	3	3	8	10	12
bgs_V0.5_c1_rep8_env9	emmax_simes	Chr1	4857571	4937350	15	1	Chr1:4857571;Chr1:4862075;Chr1:4867333;Chr1:4879284;Chr1:4880595;Chr1:4883204;Chr1:4891788;Chr1:4892866;Chr1:4895433;Chr1:4895809;Chr1:4896622;Chr1:4906493;Chr1:4918433;Chr1:4923939;Chr1:4937350	Chr1:4862075	Chr1:4906493	TRUE	TRUE	TRUE	1	1	FALSE	FALSE	3	3	3	8	10	12
bgs_V0.5_c1_rep8_env9	lfmm_simes	Chr1	4039801	4078991	11	1	Chr1:4039801;Chr1:4046147;Chr1:4047788;Chr1:4048996;Chr1:4055581;Chr1:4058380;Chr1:4066447;Chr1:4069701;Chr1:4070624;Chr1:4072171;Chr1:4078991	Chr1:4066447	""	FALSE	TRUE	FALSE	1	0	FALSE	FALSE	2	2	2	8	10	12
bgs_V0.5_c1_rep8_env9	lfmm_simes	Chr1	4857571	4937350	15	1	Chr1:4857571;Chr1:4862075;Chr1:4867333;Chr1:4879284;Chr1:4880595;Chr1:4883204;Chr1:4891788;Chr1:4892866;Chr1:4895433;Chr1:4895809;Chr1:4896622;Chr1:4906493;Chr1:4918433;Chr1:4923939;Chr1:4937350	Chr1:4862075	Chr1:4906493	TRUE	TRUE	TRUE	1	1	FALSE	FALSE	3	3	3	8	10	12
bgs_V0.5_c1_rep9_env10	emmax_consensus	Chr1	3752215	4037642	55	2	Chr1:3752215;Chr1:3752291;Chr1:3753525;Chr1:3756167;Chr1:3756441;Chr1:3757527;Chr1:3758268;Chr1:3759167;Chr1:3759398;Chr1:3761995;Chr1:3769800;Chr1:3775062;Chr1:3775477;Chr1:3790634;Chr1:3803737;Chr1:3808604;Chr1:3815304;Chr1:3815607;Chr1:3821565;Chr1:3837577;Chr1:3866117;Chr1:3894358;Chr1:3978486;Chr1:3994472;Chr1:3822870;Chr1:3835749;Chr1:3837539;Chr1:3837686;Chr1:3845819;Chr1:3853902;Chr1:3854767;Chr1:3858613;Chr1:3860146;Chr1:3862620;Chr1:3863232;Chr1:3889949;Chr1:3890095;Chr1:3891553;Chr1:3897152;Chr1:3898135;Chr1:3900553;Chr1:3900615;Chr1:3903505;Chr1:3925346;Chr1:3932762;Chr1:3947485;Chr1:3962905;Chr1:3988421;Chr1:3993327;Chr1:4000665;Chr1:4003971;Chr1:4018704;Chr1:4034523;Chr1:4035454;Chr1:4037642	Chr1:3821565;Chr1:3898135	Chr1:3994472	TRUE	TRUE	TRUE	1	1	FALSE	FALSE	3	3	3	8	9	14
bgs_V0.5_c1_rep9_env10	emmax_consensus	Chr1	4055486	4149942	13	1	Chr1:4055486;Chr1:4059577;Chr1:4072849;Chr1:4095727;Chr1:4098638;Chr1:4098771;Chr1:4100623;Chr1:4106655;Chr1:4110522;Chr1:4121032;Chr1:4130845;Chr1:4132478;Chr1:4149942	Chr1:4095727	Chr1:3994472	TRUE	TRUE	FALSE	1	0	FALSE	FALSE	2	2	2	8	9	14
bgs_V0.5_c1_rep9_env10	emmax_simes	Chr1	3752215	4037642	55	2	Chr1:3752215;Chr1:3752291;Chr1:3753525;Chr1:3756167;Chr1:3756441;Chr1:3757527;Chr1:3758268;Chr1:3759167;Chr1:3759398;Chr1:3761995;Chr1:3769800;Chr1:3775062;Chr1:3775477;Chr1:3790634;Chr1:3803737;Chr1:3808604;Chr1:3815304;Chr1:3815607;Chr1:3821565;Chr1:3837577;Chr1:3866117;Chr1:3894358;Chr1:3978486;Chr1:3994472;Chr1:3822870;Chr1:3835749;Chr1:3837539;Chr1:3837686;Chr1:3845819;Chr1:3853902;Chr1:3854767;Chr1:3858613;Chr1:3860146;Chr1:3862620;Chr1:3863232;Chr1:3889949;Chr1:3890095;Chr1:3891553;Chr1:3897152;Chr1:3898135;Chr1:3900553;Chr1:3900615;Chr1:3903505;Chr1:3925346;Chr1:3932762;Chr1:3947485;Chr1:3962905;Chr1:3988421;Chr1:3993327;Chr1:4000665;Chr1:4003971;Chr1:4018704;Chr1:4034523;Chr1:4035454;Chr1:4037642	Chr1:3821565;Chr1:3898135	Chr1:3994472	TRUE	TRUE	TRUE	1	1	FALSE	FALSE	3	3	3	8	9	14
bgs_V0.5_c1_rep9_env10	emmax_simes	Chr1	4055486	4149942	13	1	Chr1:4055486;Chr1:4059577;Chr1:4072849;Chr1:4095727;Chr1:4098638;Chr1:4098771;Chr1:4100623;Chr1:4106655;Chr1:4110522;Chr1:4121032;Chr1:4130845;Chr1:4132478;Chr1:4149942	Chr1:4095727	Chr1:3994472	TRUE	TRUE	FALSE	1	0	FALSE	FALSE	2	2	2	8	9	14
bgs_V0.5_c1_rep9_env10	lfmm_simes	Chr1	3752215	4037642	55	2	Chr1:3752215;Chr1:3752291;Chr1:3753525;Chr1:3756167;Chr1:3756441;Chr1:3757527;Chr1:3758268;Chr1:3759167;Chr1:3759398;Chr1:3761995;Chr1:3769800;Chr1:3775062;Chr1:3775477;Chr1:3790634;Chr1:3803737;Chr1:3808604;Chr1:3815304;Chr1:3815607;Chr1:3821565;Chr1:3837577;Chr1:3866117;Chr1:3894358;Chr1:3978486;Chr1:3994472;Chr1:3822870;Chr1:3835749;Chr1:3837539;Chr1:3837686;Chr1:3845819;Chr1:3853902;Chr1:3854767;Chr1:3858613;Chr1:3860146;Chr1:3862620;Chr1:3863232;Chr1:3889949;Chr1:3890095;Chr1:3891553;Chr1:3897152;Chr1:3898135;Chr1:3900553;Chr1:3900615;Chr1:3903505;Chr1:3925346;Chr1:3932762;Chr1:3947485;Chr1:3962905;Chr1:3988421;Chr1:3993327;Chr1:4000665;Chr1:4003971;Chr1:4018704;Chr1:4034523;Chr1:4035454;Chr1:4037642	Chr1:3821565;Chr1:3898135	Chr1:3994472	TRUE	TRUE	TRUE	1	1	FALSE	FALSE	3	3	3	8	9	14
bgs_V0.5_c1_rep9_env10	lfmm_simes	Chr1	3928306	3969924	11	1	Chr1:3928306;Chr1:3929430;Chr1:3933413;Chr1:3939659;Chr1:3943247;Chr1:3947328;Chr1:3951136;Chr1:3963727;Chr1:3968263;Chr1:3969263;Chr1:3969924	Chr1:3947328	""	FALSE	FALSE	FALSE	0	0	FALSE	FALSE	1	1	3	8	9	14
bgs_V0.5_c1_rep9_env10	lfmm_simes	Chr1	4055486	4149942	13	1	Chr1:4055486;Chr1:4059577;Chr1:4072849;Chr1:4095727;Chr1:4098638;Chr1:4098771;Chr1:4100623;Chr1:4106655;Chr1:4110522;Chr1:4121032;Chr1:4130845;Chr1:4132478;Chr1:4149942	Chr1:4095727	Chr1:3994472	TRUE	TRUE	FALSE	1	0	FALSE	FALSE	2	2	2	8	9	14
bgs_V0.5_c1_rep9_env2	lfmm_simes	Chr1	10666107	10681855	10	1	Chr1:10666107;Chr1:10670426;Chr1:10673190;Chr1:10673651;Chr1:10675224;Chr1:10675908;Chr1:10679746;Chr1:10680610;Chr1:10680740;Chr1:10681855	Chr1:10670426	""	FALSE	TRUE	FALSE	1	0	FALSE	FALSE	2	2	2	9	10	14
bgs_V0.5_c1_rep9_env3	emmax_consensus	Chr1	6055016	6101738	10	1	Chr1:6055016;Chr1:6055044;Chr1:6058488;Chr1:6061309;Chr1:6063187;Chr1:6064288;Chr1:6077587;Chr1:6079084;Chr1:6079485;Chr1:6101738	Chr1:6061309	Chr1:6055016	TRUE	TRUE	FALSE	1	0	FALSE	FALSE	2	2	2	8	10	14
bgs_V0.5_c1_rep9_env3	emmax_consensus	Chr1	13627256	13677589	12	1	Chr1:13627256;Chr1:13630369;Chr1:13640758;Chr1:13646265;Chr1:13646965;Chr1:13647953;Chr1:13651406;Chr1:13654508;Chr1:13663821;Chr1:13673806;Chr1:13674132;Chr1:13677589	Chr1:13651406	Chr1:13607557	TRUE	TRUE	FALSE	1	0	FALSE	FALSE	2	2	2	8	10	14
bgs_V0.5_c1_rep9_env3	emmax_simes	Chr1	6055016	6101738	10	1	Chr1:6055016;Chr1:6055044;Chr1:6058488;Chr1:6061309;Chr1:6063187;Chr1:6064288;Chr1:6077587;Chr1:6079084;Chr1:6079485;Chr1:6101738	Chr1:6061309	Chr1:6055016	TRUE	TRUE	FALSE	1	0	FALSE	FALSE	2	2	2	8	10	14
bgs_V0.5_c1_rep9_env3	lfmm_simes	Chr1	6055016	6101738	10	1	Chr1:6055016;Chr1:6055044;Chr1:6058488;Chr1:6061309;Chr1:6063187;Chr1:6064288;Chr1:6077587;Chr1:6079084;Chr1:6079485;Chr1:6101738	Chr1:6061309	Chr1:6055016	TRUE	TRUE	FALSE	1	0	FALSE	FALSE	2	2	2	8	10	14
bgs_V0.5_c1_rep9_env3	lfmm_simes	Chr1	13627256	13677589	12	1	Chr1:13627256;Chr1:13630369;Chr1:13640758;Chr1:13646265;Chr1:13646965;Chr1:13647953;Chr1:13651406;Chr1:13654508;Chr1:13663821;Chr1:13673806;Chr1:13674132;Chr1:13677589	Chr1:13651406	Chr1:13607557	TRUE	TRUE	FALSE	1	0	FALSE	FALSE	2	2	2	8	10	14
bgs_V0.5_c1_rep9_env4	emmax_consensus	Chr1	3510712	3702095	28	2	Chr1:3510712;Chr1:3512545;Chr1:3514433;Chr1:3516673;Chr1:3525177;Chr1:3526773;Chr1:3530713;Chr1:3539321;Chr1:3552984;Chr1:3579548;Chr1:3596678;Chr1:3607056;Chr1:3626938;Chr1:3631892;Chr1:3638551;Chr1:3641373;Chr1:3642066;Chr1:3644248;Chr1:3650289;Chr1:3655216;Chr1:3662640;Chr1:3674256;Chr1:3681417;Chr1:3691955;Chr1:3694694;Chr1:3696242;Chr1:3701126;Chr1:3702095	Chr1:3525177;Chr1:3674256	Chr1:3696242	TRUE	TRUE	TRUE	1	1	FALSE	FALSE	3	3	3	8	9	14
bgs_V0.5_c1_rep9_env4	emmax_simes	Chr1	3510712	3702095	28	2	Chr1:3510712;Chr1:3512545;Chr1:3514433;Chr1:3516673;Chr1:3525177;Chr1:3526773;Chr1:3530713;Chr1:3539321;Chr1:3552984;Chr1:3579548;Chr1:3596678;Chr1:3607056;Chr1:3626938;Chr1:3631892;Chr1:3638551;Chr1:3641373;Chr1:3642066;Chr1:3644248;Chr1:3650289;Chr1:3655216;Chr1:3662640;Chr1:3674256;Chr1:3681417;Chr1:3691955;Chr1:3694694;Chr1:3696242;Chr1:3701126;Chr1:3702095	Chr1:3525177;Chr1:3674256	Chr1:3696242	TRUE	TRUE	TRUE	1	1	FALSE	FALSE	3	3	3	8	9	14
bgs_V0.5_c1_rep9_env4	lfmm_simes	Chr1	3510712	3702095	28	2	Chr1:3510712;Chr1:3512545;Chr1:3514433;Chr1:3516673;Chr1:3525177;Chr1:3526773;Chr1:3530713;Chr1:3539321;Chr1:3552984;Chr1:3579548;Chr1:3596678;Chr1:3607056;Chr1:3626938;Chr1:3631892;Chr1:3638551;Chr1:3641373;Chr1:3642066;Chr1:3644248;Chr1:3650289;Chr1:3655216;Chr1:3662640;Chr1:3674256;Chr1:3681417;Chr1:3691955;Chr1:3694694;Chr1:3696242;Chr1:3701126;Chr1:3702095	Chr1:3525177;Chr1:3674256	Chr1:3696242	TRUE	TRUE	TRUE	1	1	FALSE	FALSE	3	3	3	8	9	14
bgs_V0.5_c1_rep9_env5	emmax_consensus	Chr1	10456882	10614574	26	2	Chr1:10456882;Chr1:10457865;Chr1:10461146;Chr1:10465096;Chr1:10468318;Chr1:10470337;Chr1:10486023;Chr1:10487621;Chr1:10497995;Chr1:10516186;Chr1:10524582;Chr1:10527089;Chr1:10538371;Chr1:10564370;Chr1:10565399;Chr1:10567475;Chr1:10571084;Chr1:10571170;Chr1:10581632;Chr1:10587691;Chr1:10588851;Chr1:10601458;Chr1:10603834;Chr1:10606077;Chr1:10609222;Chr1:10614574	Chr1:10470337;Chr1:10587691	Chr1:10614574	TRUE	TRUE	FALSE	1	0	FALSE	FALSE	2	2	2	8	10	15
bgs_V0.5_c1_rep9_env5	emmax_simes	Chr1	10456882	10614574	26	2	Chr1:10456882;Chr1:10457865;Chr1:10461146;Chr1:10465096;Chr1:10468318;Chr1:10470337;Chr1:10486023;Chr1:10487621;Chr1:10497995;Chr1:10516186;Chr1:10524582;Chr1:10527089;Chr1:10538371;Chr1:10564370;Chr1:10565399;Chr1:10567475;Chr1:10571084;Chr1:10571170;Chr1:10581632;Chr1:10587691;Chr1:10588851;Chr1:10601458;Chr1:10603834;Chr1:10606077;Chr1:10609222;Chr1:10614574	Chr1:10470337;Chr1:10587691	Chr1:10614574	TRUE	TRUE	FALSE	1	0	FALSE	FALSE	2	2	2	8	10	15
bgs_V0.5_c1_rep9_env5	lfmm_simes	Chr1	10456882	10614574	26	2	Chr1:10456882;Chr1:10457865;Chr1:10461146;Chr1:10465096;Chr1:10468318;Chr1:10470337;Chr1:10486023;Chr1:10487621;Chr1:10497995;Chr1:10516186;Chr1:10524582;Chr1:10527089;Chr1:10538371;Chr1:10564370;Chr1:10565399;Chr1:10567475;Chr1:10571084;Chr1:10571170;Chr1:10581632;Chr1:10587691;Chr1:10588851;Chr1:10601458;Chr1:10603834;Chr1:10606077;Chr1:10609222;Chr1:10614574	Chr1:10470337;Chr1:10587691	Chr1:10614574	TRUE	TRUE	FALSE	1	0	FALSE	FALSE	2	2	2	8	10	15
bgs_V0.5_c1_rep9_env6	emmax_consensus	Chr1	10463945	10532090	9	1	Chr1:10463945;Chr1:10465330;Chr1:10465430;Chr1:10469915;Chr1:10478030;Chr1:10481023;Chr1:10519760;Chr1:10519854;Chr1:10532090	Chr1:10469915	Chr1:10614574	TRUE	TRUE	FALSE	1	0	FALSE	FALSE	2	2	2	8	9	14
bgs_V0.5_c1_rep9_env6	emmax_simes	Chr1	10463945	10532090	9	1	Chr1:10463945;Chr1:10465330;Chr1:10465430;Chr1:10469915;Chr1:10478030;Chr1:10481023;Chr1:10519760;Chr1:10519854;Chr1:10532090	Chr1:10469915	Chr1:10614574	TRUE	TRUE	FALSE	1	0	FALSE	FALSE	2	2	2	8	9	14
bgs_V0.5_c1_rep9_env6	lfmm_simes	Chr1	10463945	10532090	9	1	Chr1:10463945;Chr1:10465330;Chr1:10465430;Chr1:10469915;Chr1:10478030;Chr1:10481023;Chr1:10519760;Chr1:10519854;Chr1:10532090	Chr1:10469915	Chr1:10614574	TRUE	TRUE	FALSE	1	0	FALSE	FALSE	2	2	2	8	9	14
bgs_V0.5_c1_rep9_env7	emmax_consensus	Chr1	19177770	19537538	28	2	Chr1:19177770;Chr1:19184900;Chr1:19188644;Chr1:19207122;Chr1:19207764;Chr1:19221446;Chr1:19221545;Chr1:19225495;Chr1:19239686;Chr1:19299768;Chr1:19398254;Chr1:19410082;Chr1:19430430;Chr1:19431496;Chr1:19439554;Chr1:19458411;Chr1:19463181;Chr1:19463230;Chr1:19464577;Chr1:19465730;Chr1:19479132;Chr1:19484974;Chr1:19486403;Chr1:19496705;Chr1:19507524;Chr1:19528859;Chr1:19536450;Chr1:19537538	Chr1:19225495;Chr1:19479132	Chr1:19299768	TRUE	TRUE	TRUE	1	1	FALSE	FALSE	3	3	3	9	10	14
bgs_V0.5_c1_rep9_env7	emmax_simes	Chr1	19177770	19299768	10	1	Chr1:19177770;Chr1:19184900;Chr1:19188644;Chr1:19207122;Chr1:19207764;Chr1:19221446;Chr1:19221545;Chr1:19225495;Chr1:19239686;Chr1:19299768	Chr1:19225495	Chr1:19299768	TRUE	TRUE	FALSE	1	0	FALSE	FALSE	2	2	2	9	10	14
bgs_V0.5_c1_rep9_env7	lfmm_simes	Chr1	19177770	19537538	28	2	Chr1:19177770;Chr1:19184900;Chr1:19188644;Chr1:19207122;Chr1:19207764;Chr1:19221446;Chr1:19221545;Chr1:19225495;Chr1:19239686;Chr1:19299768;Chr1:19398254;Chr1:19410082;Chr1:19430430;Chr1:19431496;Chr1:19439554;Chr1:19458411;Chr1:19463181;Chr1:19463230;Chr1:19464577;Chr1:19465730;Chr1:19479132;Chr1:19484974;Chr1:19486403;Chr1:19496705;Chr1:19507524;Chr1:19528859;Chr1:19536450;Chr1:19537538	Chr1:19225495;Chr1:19479132	Chr1:19299768	TRUE	TRUE	TRUE	1	1	FALSE	FALSE	3	3	3	9	10	14
bgs_V0.5_c1_rep9_env8	emmax_consensus	Chr1	3409272	3756869	53	3	Chr1:3409272;Chr1:3409809;Chr1:3412544;Chr1:3423137;Chr1:3425522;Chr1:3429916;Chr1:3445124;Chr1:3445765;Chr1:3459851;Chr1:3461886;Chr1:3467391;Chr1:3467774;Chr1:3470597;Chr1:3491019;Chr1:3493716;Chr1:3496796;Chr1:3508660;Chr1:3509276;Chr1:3514591;Chr1:3517590;Chr1:3518929;Chr1:3519250;Chr1:3519348;Chr1:3527596;Chr1:3533101;Chr1:3535466;Chr1:3538962;Chr1:3541639;Chr1:3551974;Chr1:3557889;Chr1:3558009;Chr1:3558078;Chr1:3559447;Chr1:3563342;Chr1:3577671;Chr1:3578075;Chr1:3579796;Chr1:3584528;Chr1:3586622;Chr1:3586921;Chr1:3600783;Chr1:3601393;Chr1:3604607;Chr1:3653880;Chr1:3655201;Chr1:3657658;Chr1:3659239;Chr1:3663293;Chr1:3695781;Chr1:3696242;Chr1:3740211;Chr1:3751157;Chr1:3756869	Chr1:3445124;Chr1:3517590;Chr1:3586921	Chr1:3696242	TRUE	TRUE	TRUE	1	1	FALSE	FALSE	3	3	3	8	10	16
bgs_V0.5_c1_rep9_env8	emmax_simes	Chr1	3508660	3756869	37	2	Chr1:3508660;Chr1:3509276;Chr1:3514591;Chr1:3517590;Chr1:3518929;Chr1:3519250;Chr1:3519348;Chr1:3527596;Chr1:3533101;Chr1:3535466;Chr1:3538962;Chr1:3541639;Chr1:3551974;Chr1:3557889;Chr1:3558009;Chr1:3558078;Chr1:3559447;Chr1:3563342;Chr1:3577671;Chr1:3578075;Chr1:3579796;Chr1:3584528;Chr1:3586622;Chr1:3586921;Chr1:3600783;Chr1:3601393;Chr1:3604607;Chr1:3653880;Chr1:3655201;Chr1:3657658;Chr1:3659239;Chr1:3663293;Chr1:3695781;Chr1:3696242;Chr1:3740211;Chr1:3751157;Chr1:3756869	Chr1:3517590;Chr1:3586921	Chr1:3696242	TRUE	TRUE	TRUE	1	1	FALSE	FALSE	3	3	3	8	10	16
bgs_V0.5_c1_rep9_env8	lfmm_simes	Chr1	3508660	3541639	12	1	Chr1:3508660;Chr1:3509276;Chr1:3514591;Chr1:3517590;Chr1:3518929;Chr1:3519250;Chr1:3519348;Chr1:3527596;Chr1:3533101;Chr1:3535466;Chr1:3538962;Chr1:3541639	Chr1:3517590	""	FALSE	FALSE	FALSE	0	0	FALSE	FALSE	1	1	1	8	10	16
bgs_V0.5_c1_rep9_env9	emmax_consensus	Chr2	3975641	4055441	11	1	Chr2:3975641;Chr2:3981559;Chr2:3991236;Chr2:4010558;Chr2:4027785;Chr2:4031119;Chr2:4037548;Chr2:4044330;Chr2:4055031;Chr2:4055124;Chr2:4055441	Chr2:4027785	""	FALSE	TRUE	FALSE	1	0	FALSE	FALSE	2	2	2	8	10	14
bgs_V0.5_c1_rep9_env9	emmax_consensus	Chr2	9347972	9541498	13	1	Chr2:9347972;Chr2:9401283;Chr2:9404206;Chr2:9427617;Chr2:9429100;Chr2:9441921;Chr2:9452837;Chr2:9481262;Chr2:9496348;Chr2:9496811;Chr2:9500397;Chr2:9509710;Chr2:9541498	Chr2:9496348	""	FALSE	TRUE	FALSE	1	0	FALSE	FALSE	2	2	2	8	10	14
bgs_V0.5_c1_rep9_env9	emmax_simes	Chr2	9347972	9541498	13	1	Chr2:9347972;Chr2:9401283;Chr2:9404206;Chr2:9427617;Chr2:9429100;Chr2:9441921;Chr2:9452837;Chr2:9481262;Chr2:9496348;Chr2:9496811;Chr2:9500397;Chr2:9509710;Chr2:9541498	Chr2:9496348	""	FALSE	FALSE	FALSE	0	0	FALSE	FALSE	1	1	1	8	10	14
bgs_V0.5_c1_rep9_env9	lfmm_simes	Chr2	9347972	9541498	13	1	Chr2:9347972;Chr2:9401283;Chr2:9404206;Chr2:9427617;Chr2:9429100;Chr2:9441921;Chr2:9452837;Chr2:9481262;Chr2:9496348;Chr2:9496811;Chr2:9500397;Chr2:9509710;Chr2:9541498	Chr2:9496348	""	FALSE	TRUE	FALSE	1	0	FALSE	FALSE	2	2	2	8	10	14
bgs_V1_c1_rep10_env1	emmax_consensus	Chr1	10721492	10745867	10	1	Chr1:10721492;Chr1:10727257;Chr1:10731611;Chr1:10732588;Chr1:10734301;Chr1:10738139;Chr1:10738582;Chr1:10745271;Chr1:10745315;Chr1:10745867	Chr1:10738582	""	FALSE	FALSE	FALSE	0	0	FALSE	FALSE	1	1	1	8	10	16
bgs_V1_c1_rep10_env7	emmax_consensus	Chr1	591824	682579	28	2	Chr1:591824;Chr1:592086;Chr1:595112;Chr1:602064;Chr1:604674;Chr1:606981;Chr1:607169;Chr1:608622;Chr1:611234;Chr1:612149;Chr1:637342;Chr1:638388;Chr1:640904;Chr1:641699;Chr1:643089;Chr1:654393;Chr1:654634;Chr1:664662;Chr1:665726;Chr1:666441;Chr1:666800;Chr1:668532;Chr1:668845;Chr1:669603;Chr1:672722;Chr1:673398;Chr1:675246;Chr1:682579	Chr1:595112;Chr1:672722	Chr1:640904	TRUE	TRUE	TRUE	1	1	FALSE	FALSE	3	3	3	8	9	13
bgs_V1_c1_rep10_env7	emmax_consensus	Chr1	615849	635624	11	1	Chr1:615849;Chr1:622121;Chr1:623237;Chr1:626162;Chr1:627789;Chr1:627815;Chr1:630060;Chr1:630760;Chr1:633298;Chr1:634960;Chr1:635624	Chr1:626162	Chr1:640904	TRUE	TRUE	FALSE	1	0	FALSE	FALSE	2	2	2	8	9	13
bgs_V1_c1_rep10_env7	emmax_simes	Chr1	591824	682579	28	2	Chr1:591824;Chr1:592086;Chr1:595112;Chr1:602064;Chr1:604674;Chr1:606981;Chr1:607169;Chr1:608622;Chr1:611234;Chr1:612149;Chr1:637342;Chr1:638388;Chr1:640904;Chr1:641699;Chr1:643089;Chr1:654393;Chr1:654634;Chr1:664662;Chr1:665726;Chr1:666441;Chr1:666800;Chr1:668532;Chr1:668845;Chr1:669603;Chr1:672722;Chr1:673398;Chr1:675246;Chr1:682579	Chr1:595112;Chr1:672722	Chr1:640904	TRUE	TRUE	TRUE	1	1	FALSE	FALSE	3	3	3	8	9	13
bgs_V1_c1_rep10_env7	emmax_simes	Chr1	615849	635624	11	1	Chr1:615849;Chr1:622121;Chr1:623237;Chr1:626162;Chr1:627789;Chr1:627815;Chr1:630060;Chr1:630760;Chr1:633298;Chr1:634960;Chr1:635624	Chr1:626162	Chr1:640904	TRUE	TRUE	FALSE	1	0	FALSE	FALSE	2	2	2	8	9	13
bgs_V1_c1_rep10_env7	lfmm_simes	Chr1	591824	682579	28	2	Chr1:591824;Chr1:592086;Chr1:595112;Chr1:602064;Chr1:604674;Chr1:606981;Chr1:607169;Chr1:608622;Chr1:611234;Chr1:612149;Chr1:637342;Chr1:638388;Chr1:640904;Chr1:641699;Chr1:643089;Chr1:654393;Chr1:654634;Chr1:664662;Chr1:665726;Chr1:666441;Chr1:666800;Chr1:668532;Chr1:668845;Chr1:669603;Chr1:672722;Chr1:673398;Chr1:675246;Chr1:682579	Chr1:595112;Chr1:672722	Chr1:640904	TRUE	TRUE	TRUE	1	1	FALSE	FALSE	3	3	3	8	9	13
bgs_V1_c1_rep10_env7	lfmm_simes	Chr1	615849	635624	11	1	Chr1:615849;Chr1:622121;Chr1:623237;Chr1:626162;Chr1:627789;Chr1:627815;Chr1:630060;Chr1:630760;Chr1:633298;Chr1:634960;Chr1:635624	Chr1:626162	Chr1:640904	TRUE	TRUE	FALSE	1	0	FALSE	FALSE	2	2	2	8	9	13
bgs_V1_c1_rep10_env9	lfmm_simes	Chr1	8127832	8188316	10	1	Chr1:8127832;Chr1:8129863;Chr1:8152842;Chr1:8157366;Chr1:8163917;Chr1:8173179;Chr1:8173922;Chr1:8182745;Chr1:8183327;Chr1:8188316	Chr1:8163917	""	FALSE	TRUE	FALSE	1	0	FALSE	FALSE	2	2	2	8	10	14
bgs_V1_c1_rep1_env2	emmax_consensus	Chr1	753	300424	45	1	Chr1:753;Chr1:11606;Chr1:14040;Chr1:14258;Chr1:28263;Chr1:31033;Chr1:46197;Chr1:69221;Chr1:71923;Chr1:81982;Chr1:110732;Chr1:125882;Chr1:126132;Chr1:128254;Chr1:148079;Chr1:152597;Chr1:156572;Chr1:158714;Chr1:160602;Chr1:180985;Chr1:184064;Chr1:188998;Chr1:200852;Chr1:204314;Chr1:204677;Chr1:205487;Chr1:208268;Chr1:214846;Chr1:215394;Chr1:236572;Chr1:237372;Chr1:238151;Chr1:241085;Chr1:257171;Chr1:260811;Chr1:265221;Chr1:270817;Chr1:273027;Chr1:276674;Chr1:281784;Chr1:289122;Chr1:296932;Chr1:297131;Chr1:298323;Chr1:300424	Chr1:753	Chr1:51049;Chr1:126132	TRUE	TRUE	TRUE	1	1	FALSE	FALSE	3	3	3	9	11	14
bgs_V1_c1_rep1_env2	emmax_consensus	Chr1	26074	295896	33	1	Chr1:26074;Chr1:29639;Chr1:36172;Chr1:43412;Chr1:55856;Chr1:72785;Chr1:73181;Chr1:98906;Chr1:104877;Chr1:132353;Chr1:146747;Chr1:147195;Chr1:173665;Chr1:174337;Chr1:174368;Chr1:178078;Chr1:178703;Chr1:195418;Chr1:204056;Chr1:218295;Chr1:219972;Chr1:230885;Chr1:235070;Chr1:238782;Chr1:239057;Chr1:245976;Chr1:262516;Chr1:264066;Chr1:284997;Chr1:287854;Chr1:289075;Chr1:294636;Chr1:295896	Chr1:26074	""	FALSE	TRUE	TRUE	1	1	FALSE	FALSE	3	3	3	9	11	14
bgs_V1_c1_rep1_env2	emmax_simes	Chr1	753	300424	45	1	Chr1:753;Chr1:11606;Chr1:14040;Chr1:14258;Chr1:28263;Chr1:31033;Chr1:46197;Chr1:69221;Chr1:71923;Chr1:81982;Chr1:110732;Chr1:125882;Chr1:126132;Chr1:128254;Chr1:148079;Chr1:152597;Chr1:156572;Chr1:158714;Chr1:160602;Chr1:180985;Chr1:184064;Chr1:188998;Chr1:200852;Chr1:204314;Chr1:204677;Chr1:205487;Chr1:208268;Chr1:214846;Chr1:215394;Chr1:236572;Chr1:237372;Chr1:238151;Chr1:241085;Chr1:257171;Chr1:260811;Chr1:265221;Chr1:270817;Chr1:273027;Chr1:276674;Chr1:281784;Chr1:289122;Chr1:296932;Chr1:297131;Chr1:298323;Chr1:300424	Chr1:753	Chr1:51049;Chr1:126132	TRUE	TRUE	TRUE	1	1	FALSE	FALSE	3	3	3	9	11	14
bgs_V1_c1_rep1_env2	emmax_simes	Chr1	26074	295896	33	1	Chr1:26074;Chr1:29639;Chr1:36172;Chr1:43412;Chr1:55856;Chr1:72785;Chr1:73181;Chr1:98906;Chr1:104877;Chr1:132353;Chr1:146747;Chr1:147195;Chr1:173665;Chr1:174337;Chr1:174368;Chr1:178078;Chr1:178703;Chr1:195418;Chr1:204056;Chr1:218295;Chr1:219972;Chr1:230885;Chr1:235070;Chr1:238782;Chr1:239057;Chr1:245976;Chr1:262516;Chr1:264066;Chr1:284997;Chr1:287854;Chr1:289075;Chr1:294636;Chr1:295896	Chr1:26074	""	FALSE	TRUE	TRUE	1	1	FALSE	FALSE	3	3	3	9	11	14
bgs_V1_c1_rep1_env2	lfmm_simes	Chr1	753	300424	45	1	Chr1:753;Chr1:11606;Chr1:14040;Chr1:14258;Chr1:28263;Chr1:31033;Chr1:46197;Chr1:69221;Chr1:71923;Chr1:81982;Chr1:110732;Chr1:125882;Chr1:126132;Chr1:128254;Chr1:148079;Chr1:152597;Chr1:156572;Chr1:158714;Chr1:160602;Chr1:180985;Chr1:184064;Chr1:188998;Chr1:200852;Chr1:204314;Chr1:204677;Chr1:205487;Chr1:208268;Chr1:214846;Chr1:215394;Chr1:236572;Chr1:237372;Chr1:238151;Chr1:241085;Chr1:257171;Chr1:260811;Chr1:265221;Chr1:270817;Chr1:273027;Chr1:276674;Chr1:281784;Chr1:289122;Chr1:296932;Chr1:297131;Chr1:298323;Chr1:300424	Chr1:753	Chr1:51049;Chr1:126132	TRUE	TRUE	TRUE	1	1	FALSE	FALSE	3	3	3	9	11	14
bgs_V1_c1_rep1_env2	lfmm_simes	Chr1	26074	295896	33	1	Chr1:26074;Chr1:29639;Chr1:36172;Chr1:43412;Chr1:55856;Chr1:72785;Chr1:73181;Chr1:98906;Chr1:104877;Chr1:132353;Chr1:146747;Chr1:147195;Chr1:173665;Chr1:174337;Chr1:174368;Chr1:178078;Chr1:178703;Chr1:195418;Chr1:204056;Chr1:218295;Chr1:219972;Chr1:230885;Chr1:235070;Chr1:238782;Chr1:239057;Chr1:245976;Chr1:262516;Chr1:264066;Chr1:284997;Chr1:287854;Chr1:289075;Chr1:294636;Chr1:295896	Chr1:26074	""	FALSE	TRUE	TRUE	1	1	FALSE	FALSE	3	3	3	9	11	14
bgs_V1_c1_rep1_env3	lfmm_simes	Chr1	26773393	26948870	13	1	Chr1:26773393;Chr1:26789407;Chr1:26795165;Chr1:26795937;Chr1:26801116;Chr1:26802325;Chr1:26814489;Chr1:26840449;Chr1:26845951;Chr1:26848577;Chr1:26864025;Chr1:26910038;Chr1:26948870	Chr1:26814489	Chr1:26716516	TRUE	TRUE	FALSE	1	0	FALSE	FALSE	2	2	2	9	11	18
bgs_V1_c1_rep1_env4	emmax_consensus	Chr1	16921596	16985612	11	1	Chr1:16921596;Chr1:16933283;Chr1:16945162;Chr1:16950396;Chr1:16955365;Chr1:16959901;Chr1:16965957;Chr1:16966602;Chr1:16977123;Chr1:16984285;Chr1:16985612	Chr1:16950396	Chr1:16945162	TRUE	TRUE	FALSE	1	0	FALSE	FALSE	2	2	2	9	11	17
bgs_V1_c1_rep1_env4	emmax_simes	Chr1	16921596	16985612	11	1	Chr1:16921596;Chr1:16933283;Chr1:16945162;Chr1:16950396;Chr1:16955365;Chr1:16959901;Chr1:16965957;Chr1:16966602;Chr1:16977123;Chr1:16984285;Chr1:16985612	Chr1:16950396	Chr1:16945162	TRUE	TRUE	FALSE	1	0	FALSE	FALSE	2	2	2	9	11	17
bgs_V1_c1_rep1_env4	lfmm_simes	Chr1	16921596	16985612	11	1	Chr1:16921596;Chr1:16933283;Chr1:16945162;Chr1:16950396;Chr1:16955365;Chr1:16959901;Chr1:16965957;Chr1:16966602;Chr1:16977123;Chr1:16984285;Chr1:16985612	Chr1:16950396	Chr1:16945162	TRUE	TRUE	FALSE	1	0	FALSE	FALSE	2	2	2	9	11	17
bgs_V1_c1_rep2_env2	lfmm_simes	Chr2	11552972	11673930	15	1	Chr2:11552972;Chr2:11557555;Chr2:11566254;Chr2:11567548;Chr2:11582590;Chr2:11592673;Chr2:11599797;Chr2:11599817;Chr2:11600230;Chr2:11602466;Chr2:11660303;Chr2:11660747;Chr2:11668300;Chr2:11669528;Chr2:11673930	Chr2:11599817	""	FALSE	TRUE	FALSE	1	0	FALSE	FALSE	2	2	2	11	13	20
bgs_V1_c1_rep2_env2	lfmm_simes	Chr2	12545070	12717755	19	1	Chr2:12545070;Chr2:12546575;Chr2:12549734;Chr2:12550049;Chr2:12559266;Chr2:12574334;Chr2:12576925;Chr2:12591143;Chr2:12594083;Chr2:12604509;Chr2:12608513;Chr2:12611428;Chr2:12621074;Chr2:12626971;Chr2:12636518;Chr2:12641201;Chr2:12671677;Chr2:12696720;Chr2:12717755	Chr2:12574334	""	FALSE	TRUE	FALSE	1	0	FALSE	FALSE	2	2	2	11	13	20
bgs_V1_c1_rep2_env3	emmax_consensus	Chr1	11649342	11769017	18	1	Chr1:11649342;Chr1:11651436;Chr1:11669759;Chr1:11673787;Chr1:11680401;Chr1:11688942;Chr1:11690664;Chr1:11692001;Chr1:11697102;Chr1:11714454;Chr1:11714823;Chr1:11716299;Chr1:11721425;Chr1:11724312;Chr1:11728526;Chr1:11742894;Chr1:11743183;Chr1:11769017	Chr1:11680401	""	FALSE	TRUE	FALSE	1	0	FALSE	FALSE	2	2	2	12	15	27
bgs_V1_c1_rep2_env3	emmax_consensus	Chr1	11827790	12071574	91	2	Chr1:11827790;Chr1:11848789;Chr1:11855087;Chr1:11879581;Chr1:11880394;Chr1:11891199;Chr1:11892881;Chr1:11894030;Chr1:11899971;Chr1:11901785;Chr1:11911594;Chr1:11914146;Chr1:11921639;Chr1:11922300;Chr1:11924381;Chr1:11924972;Chr1:11929199;Chr1:11931790;Chr1:11933529;Chr1:11934654;Chr1:11942494;Chr1:11942640;Chr1:11943547;Chr1:11958342;Chr1:11977024;Chr1:11984892;Chr1:11987165;Chr1:11987699;Chr1:11987872;Chr1:11992136;Chr1:11994789;Chr1:11994941;Chr1:11997646;Chr1:11998869;Chr1:12004600;Chr1:12007381;Chr1:12021622;Chr1:12024269;Chr1:12028558;Chr1:12028747;Chr1:12035133;Chr1:12035484;Chr1:11877000;Chr1:11887263;Chr1:11888978;Chr1:11894353;Chr1:11896733;Chr1:11899570;Chr1:11904166;Chr1:11905254;Chr1:11929140;Chr1:11944795;Chr1:11946944;Chr1:11951017;Chr1:11959884;Chr1:11960455;Chr1:11963356;Chr1:11963593;Chr1:11964608;Chr1:11965662;Chr1:11965928;Chr1:11968342;Chr1:11973515;Chr1:11974645;Chr1:11979956;Chr1:11985945;Chr1:11986558;Chr1:12001217;Chr1:12002494;Chr1:12003511;Chr1:12011127;Chr1:12013803;Chr1:12015440;Chr1:12016718;Chr1:12017910;Chr1:12020858;Chr1:12027103;Chr1:12029971;Chr1:12034182;Chr1:12039248;Chr1:12044039;Chr1:12045776;Chr1:12050442;Chr1:12055675;Chr1:12056837;Chr1:12059679;Chr1:12059769;Chr1:12060424;Chr1:12061655;Chr1:12069118;Chr1:12071574	Chr1:12021622;Chr1:11944795	Chr1:11988940	TRUE	TRUE	TRUE	1	1	FALSE	FALSE	3	3	3	12	15	27
bgs_V1_c1_rep2_env3	emmax_consensus	Chr1	12197361	12546415	105	4	Chr1:12197361;Chr1:12202180;Chr1:12229818;Chr1:12245181;Chr1:12251994;Chr1:12270016;Chr1:12276723;Chr1:12279917;Chr1:12290113;Chr1:12295972;Chr1:12296664;Chr1:12297821;Chr1:12301014;Chr1:12301072;Chr1:12301921;Chr1:12302030;Chr1:12303707;Chr1:12305442;Chr1:12316113;Chr1:12319278;Chr1:12320400;Chr1:12325657;Chr1:12326947;Chr1:12331834;Chr1:12335782;Chr1:12336480;Chr1:12339259;Chr1:12340639;Chr1:12340667;Chr1:12343131;Chr1:12284339;Chr1:12301378;Chr1:12308325;Chr1:12313441;Chr1:12315495;Chr1:12316791;Chr1:12317815;Chr1:12330700;Chr1:12331389;Chr1:12331444;Chr1:12337174;Chr1:12339321;Chr1:12342810;Chr1:12357585;Chr1:12358125;Chr1:12361049;Chr1:12363145;Chr1:12368305;Chr1:12377239;Chr1:12387500;Chr1:12406550;Chr1:12418639;Chr1:12433128;Chr1:12327994;Chr1:12337562;Chr1:12345436;Chr1:12353283;Chr1:12354436;Chr1:12354512;Chr1:12356680;Chr1:12363822;Chr1:12365097;Chr1:12367750;Chr1:12367917;Chr1:12375900;Chr1:12387355;Chr1:12395343;Chr1:12395451;Chr1:12397852;Chr1:12408470;Chr1:12409380;Chr1:12414767;Chr1:12354805;Chr1:12355767;Chr1:12365330;Chr1:12375149;Chr1:12380977;Chr1:12390808;Chr1:12393610;Chr1:12404767;Chr1:12410548;Chr1:12413471;Chr1:12418179;Chr1:12427290;Chr1:12439868;Chr1:12444194;Chr1:12454890;Chr1:12461528;Chr1:12461656;Chr1:12462189;Chr1:12470571;Chr1:12474877;Chr1:12479892;Chr1:12481599;Chr1:12482698;Chr1:12483407;Chr1:12491081;Chr1:12492917;Chr1:12493370;Chr1:12495423;Chr1:12499899;Chr1:12511323;Chr1:12516340;Chr1:12531807;Chr1:12546415	Chr1:12276723;Chr1:12331389;Chr1:12367750;Chr1:12461656	""	FALSE	TRUE	TRUE	1	2	FALSE	FALSE	3	3	3	12	15	27
bgs_V1_c1_rep2_env3	emmax_consensus	Chr1	12389285	12658116	63	1	Chr1:12389285;Chr1:12393791;Chr1:12399838;Chr1:12404070;Chr1:12408394;Chr1:12423285;Chr1:12427567;Chr1:12436208;Chr1:12438346;Chr1:12439856;Chr1:12441437;Chr1:12444586;Chr1:12449590;Chr1:12457622;Chr1:12463795;Chr1:12467857;Chr1:12468407;Chr1:12476307;Chr1:12486990;Chr1:12487302;Chr1:12488793;Chr1:12489404;Chr1:12489449;Chr1:12489533;Chr1:12498491;Chr1:12503939;Chr1:12506270;Chr1:12509959;Chr1:12516179;Chr1:12517837;Chr1:12531049;Chr1:12534061;Chr1:12538098;Chr1:12554653;Chr1:12555410;Chr1:12563126;Chr1:12569173;Chr1:12570066;Chr1:12573239;Chr1:12575038;Chr1:12576668;Chr1:12581981;Chr1:12584464;Chr1:12588590;Chr1:12592596;Chr1:12593255;Chr1:12593622;Chr1:12597456;Chr1:12600854;Chr1:12604349;Chr1:12604893;Chr1:12608710;Chr1:12608742;Chr1:12622138;Chr1:12636535;Chr1:12639452;Chr1:12639889;Chr1:12642561;Chr1:12645197;Chr1:12646871;Chr1:12649697;Chr1:12657828;Chr1:12658116	Chr1:12573239	""	FALSE	TRUE	TRUE	1	1	FALSE	FALSE	3	3	3	12	15	27
bgs_V1_c1_rep2_env3	emmax_consensus	Chr1	12928882	13089575	24	1	Chr1:12928882;Chr1:12941872;Chr1:12955987;Chr1:12957968;Chr1:12967977;Chr1:12972616;Chr1:12981019;Chr1:12981623;Chr1:12985531;Chr1:12986239;Chr1:12995660;Chr1:13021280;Chr1:13026471;Chr1:13026829;Chr1:13029619;Chr1:13035839;Chr1:13052705;Chr1:13064058;Chr1:13068162;Chr1:13069915;Chr1:13075060;Chr1:13081021;Chr1:13085966;Chr1:13089575	Chr1:13026471	""	FALSE	TRUE	FALSE	1	0	FALSE	FALSE	2	2	2	12	15	27
bgs_V1_c1_rep2_env3	emmax_consensus	Chr2	12153035	12250572	32	1	Chr2:12153035;Chr2:12156968;Chr2:12161973;Chr2:12164569;Chr2:12166119;Chr2:12169191;Chr2:12170090;Chr2:12176704;Chr2:12177013;Chr2:12177215;Chr2:12177798;Chr2:12181959;Chr2:12185332;Chr2:12186278;Chr2:12186770;Chr2:12187360;Chr2:12189564;Chr2:12192471;Chr2:12194121;Chr2:12194301;Chr2:12195174;Chr2:12198195;Chr2:12200902;Chr2:12202612;Chr2:12204047;Chr2:12208202;Chr2:12209445;Chr2:12211233;Chr2:12227186;Chr2:12234153;Chr2:12249962;Chr2:12250572	Chr2:12185332	""	FALSE	TRUE	TRUE	1	1	FALSE	FALSE	3	3	3	12	15	27
bgs_V1_c1_rep2_env3	emmax_simes	Chr1	11649342	11769017	18	1	Chr1:11649342;Chr1:11651436;Chr1:11669759;Chr1:11673787;Chr1:11680401;Chr1:11688942;Chr1:11690664;Chr1:11692001;Chr1:11697102;Chr1:11714454;Chr1:11714823;Chr1:11716299;Chr1:11721425;Chr1:11724312;Chr1:11728526;Chr1:11742894;Chr1:11743183;Chr1:11769017	Chr1:11680401	""	FALSE	TRUE	FALSE	1	0	FALSE	FALSE	2	2	2	12	15	27
bgs_V1_c1_rep2_env3	emmax_simes	Chr1	11827790	12160488	106	3	Chr1:11827790;Chr1:11848789;Chr1:11855087;Chr1:11879581;Chr1:11880394;Chr1:11891199;Chr1:11892881;Chr1:11894030;Chr1:11899971;Chr1:11901785;Chr1:11911594;Chr1:11914146;Chr1:11921639;Chr1:11922300;Chr1:11924381;Chr1:11924972;Chr1:11929199;Chr1:11931790;Chr1:11933529;Chr1:11934654;Chr1:11942494;Chr1:11942640;Chr1:11943547;Chr1:11958342;Chr1:11977024;Chr1:11984892;Chr1:11987165;Chr1:11987699;Chr1:11987872;Chr1:11992136;Chr1:11994789;Chr1:11994941;Chr1:11997646;Chr1:11998869;Chr1:12004600;Chr1:12007381;Chr1:12021622;Chr1:12024269;Chr1:12028558;Chr1:12028747;Chr1:12035133;Chr1:12035484;Chr1:11877000;Chr1:11887263;Chr1:11888978;Chr1:11894353;Chr1:11896733;Chr1:11899570;Chr1:11904166;Chr1:11905254;Chr1:11929140;Chr1:11944795;Chr1:11946944;Chr1:11951017;Chr1:11959884;Chr1:11960455;Chr1:11963356;Chr1:11963593;Chr1:11964608;Chr1:11965662;Chr1:11965928;Chr1:11968342;Chr1:11973515;Chr1:11974645;Chr1:11979956;Chr1:11985945;Chr1:11986558;Chr1:12001217;Chr1:12002494;Chr1:12003511;Chr1:12011127;Chr1:12013803;Chr1:12015440;Chr1:12016718;Chr1:12017910;Chr1:12020858;Chr1:12027103;Chr1:12029971;Chr1:12034182;Chr1:12039248;Chr1:12044039;Chr1:12045776;Chr1:12050442;Chr1:12055675;Chr1:12056837;Chr1:12059679;Chr1:12059769;Chr1:12060424;Chr1:12061655;Chr1:12069118;Chr1:12071574;Chr1:12081399;Chr1:12085836;Chr1:12101213;Chr1:12106486;Chr1:12107001;Chr1:12110082;Chr1:12111041;Chr1:12114314;Chr1:12118030;Chr1:12141992;Chr1:12143967;Chr1:12145179;Chr1:12145983;Chr1:12157398;Chr1:12160488	Chr1:12021622;Chr1:11944795;Chr1:12101213	Chr1:11988940	TRUE	TRUE	TRUE	1	1	FALSE	FALSE	3	3	3	12	15	27
bgs_V1_c1_rep2_env3	emmax_simes	Chr1	12197361	12546415	105	4	Chr1:12197361;Chr1:12202180;Chr1:12229818;Chr1:12245181;Chr1:12251994;Chr1:12270016;Chr1:12276723;Chr1:12279917;Chr1:12290113;Chr1:12295972;Chr1:12296664;Chr1:12297821;Chr1:12301014;Chr1:12301072;Chr1:12301921;Chr1:12302030;Chr1:12303707;Chr1:12305442;Chr1:12316113;Chr1:12319278;Chr1:12320400;Chr1:12325657;Chr1:12326947;Chr1:12331834;Chr1:12335782;Chr1:12336480;Chr1:12339259;Chr1:12340639;Chr1:12340667;Chr1:12343131;Chr1:12284339;Chr1:12301378;Chr1:12308325;Chr1:12313441;Chr1:12315495;Chr1:12316791;Chr1:12317815;Chr1:12330700;Chr1:12331389;Chr1:12331444;Chr1:12337174;Chr1:12339321;Chr1:12342810;Chr1:12357585;Chr1:12358125;Chr1:12361049;Chr1:12363145;Chr1:12368305;Chr1:12377239;Chr1:12387500;Chr1:12406550;Chr1:12418639;Chr1:12433128;Chr1:12327994;Chr1:12337562;Chr1:12345436;Chr1:12353283;Chr1:12354436;Chr1:12354512;Chr1:12356680;Chr1:12363822;Chr1:12365097;Chr1:12367750;Chr1:12367917;Chr1:12375900;Chr1:12387355;Chr1:12395343;Chr1:12395451;Chr1:12397852;Chr1:12408470;Chr1:12409380;Chr1:12414767;Chr1:12354805;Chr1:12355767;Chr1:12365330;Chr1:12375149;Chr1:12380977;Chr1:12390808;Chr1:12393610;Chr1:12404767;Chr1:12410548;Chr1:12413471;Chr1:12418179;Chr1:12427290;Chr1:12439868;Chr1:12444194;Chr1:12454890;Chr1:12461528;Chr1:12461656;Chr1:12462189;Chr1:12470571;Chr1:12474877;Chr1:12479892;Chr1:12481599;Chr1:12482698;Chr1:12483407;Chr1:12491081;Chr1:12492917;Chr1:12493370;Chr1:12495423;Chr1:12499899;Chr1:12511323;Chr1:12516340;Chr1:12531807;Chr1:12546415	Chr1:12276723;Chr1:12331389;Chr1:12367750;Chr1:12461656	""	FALSE	TRUE	TRUE	1	2	FALSE	FALSE	3	3	3	12	15	27
bgs_V1_c1_rep2_env3	emmax_simes	Chr1	12389285	12658116	63	1	Chr1:12389285;Chr1:12393791;Chr1:12399838;Chr1:12404070;Chr1:12408394;Chr1:12423285;Chr1:12427567;Chr1:12436208;Chr1:12438346;Chr1:12439856;Chr1:12441437;Chr1:12444586;Chr1:12449590;Chr1:12457622;Chr1:12463795;Chr1:12467857;Chr1:12468407;Chr1:12476307;Chr1:12486990;Chr1:12487302;Chr1:12488793;Chr1:12489404;Chr1:12489449;Chr1:12489533;Chr1:12498491;Chr1:12503939;Chr1:12506270;Chr1:12509959;Chr1:12516179;Chr1:12517837;Chr1:12531049;Chr1:12534061;Chr1:12538098;Chr1:12554653;Chr1:12555410;Chr1:12563126;Chr1:12569173;Chr1:12570066;Chr1:12573239;Chr1:12575038;Chr1:12576668;Chr1:12581981;Chr1:12584464;Chr1:12588590;Chr1:12592596;Chr1:12593255;Chr1:12593622;Chr1:12597456;Chr1:12600854;Chr1:12604349;Chr1:12604893;Chr1:12608710;Chr1:12608742;Chr1:12622138;Chr1:12636535;Chr1:12639452;Chr1:12639889;Chr1:12642561;Chr1:12645197;Chr1:12646871;Chr1:12649697;Chr1:12657828;Chr1:12658116	Chr1:12573239	""	FALSE	TRUE	TRUE	1	1	FALSE	FALSE	3	3	3	12	15	27
bgs_V1_c1_rep2_env8	emmax_consensus	Chr2	191751	509145	21	1	Chr2:191751;Chr2:215937;Chr2:239430;Chr2:242750;Chr2:262554;Chr2:265409;Chr2:299187;Chr2:316638;Chr2:324493;Chr2:327447;Chr2:334362;Chr2:360077;Chr2:360584;Chr2:375578;Chr2:379569;Chr2:382469;Chr2:394881;Chr2:417958;Chr2:447075;Chr2:457139;Chr2:509145	Chr2:191751	""	FALSE	TRUE	TRUE	1	1	FALSE	FALSE	3	3	3	11	13	20
bgs_V1_c1_rep2_env8	emmax_simes	Chr2	191751	509145	21	1	Chr2:191751;Chr2:215937;Chr2:239430;Chr2:242750;Chr2:262554;Chr2:265409;Chr2:299187;Chr2:316638;Chr2:324493;Chr2:327447;Chr2:334362;Chr2:360077;Chr2:360584;Chr2:375578;Chr2:379569;Chr2:382469;Chr2:394881;Chr2:417958;Chr2:447075;Chr2:457139;Chr2:509145	Chr2:191751	""	FALSE	FALSE	TRUE	0	1	FALSE	FALSE	2	2	2	11	13	20
bgs_V1_c1_rep2_env9	emmax_consensus	Chr1	12109399	12310002	28	1	Chr1:12109399;Chr1:12119332;Chr1:12122875;Chr1:12137342;Chr1:12142486;Chr1:12146276;Chr1:12167479;Chr1:12177112;Chr1:12185401;Chr1:12194354;Chr1:12194853;Chr1:12202081;Chr1:12205165;Chr1:12230111;Chr1:12231577;Chr1:12242110;Chr1:12243219;Chr1:12245792;Chr1:12251135;Chr1:12259453;Chr1:12261965;Chr1:12272873;Chr1:12275614;Chr1:12276603;Chr1:12281393;Chr1:12282416;Chr1:12288024;Chr1:12310002	Chr1:12194354	""	FALSE	TRUE	TRUE	1	1	FALSE	FALSE	3	3	3	12	14	25
bgs_V1_c1_rep2_env9	emmax_consensus	Chr1	12178651	12516002	77	2	Chr1:12178651;Chr1:12185315;Chr1:12191410;Chr1:12193794;Chr1:12206876;Chr1:12214473;Chr1:12236581;Chr1:12244483;Chr1:12258055;Chr1:12259795;Chr1:12295972;Chr1:12297821;Chr1:12301014;Chr1:12316113;Chr1:12319278;Chr1:12320400;Chr1:12325657;Chr1:12326947;Chr1:12336480;Chr1:12339973;Chr1:12352625;Chr1:12353283;Chr1:12354436;Chr1:12354512;Chr1:12365097;Chr1:12366014;Chr1:12367750;Chr1:12367917;Chr1:12384048;Chr1:12385229;Chr1:12387355;Chr1:12387393;Chr1:12391450;Chr1:12395343;Chr1:12395451;Chr1:12397852;Chr1:12408470;Chr1:12409380;Chr1:12414767;Chr1:12419952;Chr1:12425130;Chr1:12426602;Chr1:12465598;Chr1:12481633;Chr1:12506732;Chr1:12510183;Chr1:12510365;Chr1:12516002;Chr1:12212280;Chr1:12223820;Chr1:12230780;Chr1:12236908;Chr1:12236989;Chr1:12244445;Chr1:12245392;Chr1:12258984;Chr1:12261210;Chr1:12263797;Chr1:12269913;Chr1:12274512;Chr1:12275914;Chr1:12278029;Chr1:12280450;Chr1:12461528;Chr1:12462189;Chr1:12470571;Chr1:12474877;Chr1:12479892;Chr1:12479911;Chr1:12482698;Chr1:12489243;Chr1:12491081;Chr1:12491287;Chr1:12491316;Chr1:12492917;Chr1:12495423;Chr1:12499899	Chr1:12367750;Chr1:12230780	Chr1:12479762	TRUE	TRUE	TRUE	1	1	FALSE	FALSE	3	3	3	12	14	25
bgs_V1_c1_rep2_env9	emmax_consensus	Chr1	12382517	12515533	33	1	Chr1:12382517;Chr1:12386567;Chr1:12388315;Chr1:12398978;Chr1:12399279;Chr1:12399539;Chr1:12400259;Chr1:12400764;Chr1:12402381;Chr1:12408303;Chr1:12408803;Chr1:12412249;Chr1:12414524;Chr1:12417577;Chr1:12421618;Chr1:12429762;Chr1:12431809;Chr1:12438388;Chr1:12440827;Chr1:12450462;Chr1:12455069;Chr1:12463795;Chr1:12467812;Chr1:12476307;Chr1:12477458;Chr1:12479762;Chr1:12491413;Chr1:12494794;Chr1:12497510;Chr1:12497946;Chr1:12503945;Chr1:12505657;Chr1:12515533	Chr1:12438388	Chr1:12479762	TRUE	TRUE	TRUE	1	1	FALSE	FALSE	3	3	3	12	14	25
bgs_V1_c1_rep2_env9	emmax_consensus	Chr1	15754583	15928629	15	1	Chr1:15754583;Chr1:15762472;Chr1:15765372;Chr1:15796247;Chr1:15799843;Chr1:15815321;Chr1:15816069;Chr1:15823825;Chr1:15827294;Chr1:15828512;Chr1:15829475;Chr1:15842830;Chr1:15892002;Chr1:15896766;Chr1:15928629	Chr1:15823825	""	FALSE	TRUE	FALSE	1	0	FALSE	FALSE	2	2	2	12	14	25
bgs_V1_c1_rep2_env9	emmax_simes	Chr1	12109399	12310002	28	1	Chr1:12109399;Chr1:12119332;Chr1:12122875;Chr1:12137342;Chr1:12142486;Chr1:12146276;Chr1:12167479;Chr1:12177112;Chr1:12185401;Chr1:12194354;Chr1:12194853;Chr1:12202081;Chr1:12205165;Chr1:12230111;Chr1:12231577;Chr1:12242110;Chr1:12243219;Chr1:12245792;Chr1:12251135;Chr1:12259453;Chr1:12261965;Chr1:12272873;Chr1:12275614;Chr1:12276603;Chr1:12281393;Chr1:12282416;Chr1:12288024;Chr1:12310002	Chr1:12194354	""	FALSE	TRUE	TRUE	1	1	FALSE	FALSE	3	3	3	12	14	25
bgs_V1_c1_rep2_env9	emmax_simes	Chr1	12382517	12515533	33	1	Chr1:12382517;Chr1:12386567;Chr1:12388315;Chr1:12398978;Chr1:12399279;Chr1:12399539;Chr1:12400259;Chr1:12400764;Chr1:12402381;Chr1:12408303;Chr1:12408803;Chr1:12412249;Chr1:12414524;Chr1:12417577;Chr1:12421618;Chr1:12429762;Chr1:12431809;Chr1:12438388;Chr1:12440827;Chr1:12450462;Chr1:12455069;Chr1:12463795;Chr1:12467812;Chr1:12476307;Chr1:12477458;Chr1:12479762;Chr1:12491413;Chr1:12494794;Chr1:12497510;Chr1:12497946;Chr1:12503945;Chr1:12505657;Chr1:12515533	Chr1:12438388	Chr1:12479762	TRUE	TRUE	TRUE	1	1	FALSE	FALSE	3	3	3	12	14	25
bgs_V1_c1_rep2_env9	emmax_simes	Chr1	15754583	15928629	15	1	Chr1:15754583;Chr1:15762472;Chr1:15765372;Chr1:15796247;Chr1:15799843;Chr1:15815321;Chr1:15816069;Chr1:15823825;Chr1:15827294;Chr1:15828512;Chr1:15829475;Chr1:15842830;Chr1:15892002;Chr1:15896766;Chr1:15928629	Chr1:15823825	""	FALSE	TRUE	FALSE	1	0	FALSE	FALSE	2	2	2	12	14	25
bgs_V1_c1_rep2_env9	lfmm_simes	Chr1	12382517	12515533	33	1	Chr1:12382517;Chr1:12386567;Chr1:12388315;Chr1:12398978;Chr1:12399279;Chr1:12399539;Chr1:12400259;Chr1:12400764;Chr1:12402381;Chr1:12408303;Chr1:12408803;Chr1:12412249;Chr1:12414524;Chr1:12417577;Chr1:12421618;Chr1:12429762;Chr1:12431809;Chr1:12438388;Chr1:12440827;Chr1:12450462;Chr1:12455069;Chr1:12463795;Chr1:12467812;Chr1:12476307;Chr1:12477458;Chr1:12479762;Chr1:12491413;Chr1:12494794;Chr1:12497510;Chr1:12497946;Chr1:12503945;Chr1:12505657;Chr1:12515533	Chr1:12438388	Chr1:12479762	TRUE	TRUE	TRUE	1	1	FALSE	FALSE	3	3	3	12	14	25
bgs_V1_c1_rep3_env3	emmax_consensus	Chr1	4817525	4903009	10	1	Chr1:4817525;Chr1:4824294;Chr1:4831559;Chr1:4836644;Chr1:4837877;Chr1:4872810;Chr1:4873092;Chr1:4882024;Chr1:4890305;Chr1:4903009	Chr1:4817525	""	FALSE	FALSE	FALSE	0	0	FALSE	FALSE	1	1	1	7	9	12
bgs_V1_c1_rep3_env7	emmax_consensus	Chr1	4565348	4581560	9	1	Chr1:4565348;Chr1:4569788;Chr1:4570074;Chr1:4573020;Chr1:4575189;Chr1:4578661;Chr1:4579735;Chr1:4579817;Chr1:4581560	Chr1:4578661	""	FALSE	FALSE	FALSE	0	0	FALSE	FALSE	1	1	1	8	9	12
bgs_V1_c1_rep3_env7	emmax_consensus	Chr1	10989694	11035563	10	1	Chr1:10989694;Chr1:11010542;Chr1:11021176;Chr1:11022288;Chr1:11022603;Chr1:11030613;Chr1:11033321;Chr1:11033944;Chr1:11035379;Chr1:11035563	Chr1:11033321	Chr1:10989694	TRUE	TRUE	FALSE	1	0	FALSE	FALSE	2	2	2	8	9	12
bgs_V1_c1_rep3_env7	emmax_consensus	Chr1	11105995	11191270	12	1	Chr1:11105995;Chr1:11118840;Chr1:11119523;Chr1:11147662;Chr1:11152612;Chr1:11155029;Chr1:11165901;Chr1:11166565;Chr1:11176886;Chr1:11177782;Chr1:11178719;Chr1:11191270	Chr1:11191270	""	FALSE	TRUE	TRUE	1	1	FALSE	FALSE	3	3	3	8	9	12
bgs_V1_c1_rep3_env7	emmax_simes	Chr1	10989694	11035563	10	1	Chr1:10989694;Chr1:11010542;Chr1:11021176;Chr1:11022288;Chr1:11022603;Chr1:11030613;Chr1:11033321;Chr1:11033944;Chr1:11035379;Chr1:11035563	Chr1:11033321	Chr1:10989694	TRUE	TRUE	FALSE	1	0	FALSE	FALSE	2	2	2	8	9	12
bgs_V1_c1_rep3_env7	lfmm_simes	Chr1	10989694	11035563	10	1	Chr1:10989694;Chr1:11010542;Chr1:11021176;Chr1:11022288;Chr1:11022603;Chr1:11030613;Chr1:11033321;Chr1:11033944;Chr1:11035379;Chr1:11035563	Chr1:11033321	Chr1:10989694	TRUE	TRUE	FALSE	1	0	FALSE	FALSE	2	2	2	8	9	12
bgs_V1_c1_rep3_env7	lfmm_simes	Chr1	11105995	11191270	12	1	Chr1:11105995;Chr1:11118840;Chr1:11119523;Chr1:11147662;Chr1:11152612;Chr1:11155029;Chr1:11165901;Chr1:11166565;Chr1:11176886;Chr1:11177782;Chr1:11178719;Chr1:11191270	Chr1:11191270	""	FALSE	TRUE	TRUE	1	1	FALSE	FALSE	3	3	3	8	9	12
bgs_V1_c1_rep4_env2	lfmm_simes	Chr1	22823948	23549941	29	1	Chr1:22823948;Chr1:22851743;Chr1:22859606;Chr1:22864848;Chr1:22872020;Chr1:22888271;Chr1:22888604;Chr1:22909019;Chr1:22933503;Chr1:22955951;Chr1:22997558;Chr1:23007913;Chr1:23020570;Chr1:23025021;Chr1:23057280;Chr1:23066957;Chr1:23068176;Chr1:23078131;Chr1:23089114;Chr1:23110945;Chr1:23204520;Chr1:23341905;Chr1:23352939;Chr1:23393532;Chr1:23431195;Chr1:23482361;Chr1:23499888;Chr1:23501457;Chr1:23549941	Chr1:23020570	""	FALSE	FALSE	TRUE	0	1	FALSE	FALSE	2	2	2	13	16	26
bgs_V1_c1_rep4_env2	lfmm_simes	Chr1	26386048	27358493	62	2	Chr1:26386048;Chr1:26427628;Chr1:26449550;Chr1:26477880;Chr1:26480448;Chr1:26494240;Chr1:26505881;Chr1:26508440;Chr1:26531075;Chr1:26540644;Chr1:26555612;Chr1:26566837;Chr1:26569981;Chr1:26574325;Chr1:26576346;Chr1:26604459;Chr1:26657002;Chr1:26750679;Chr1:26829575;Chr1:26846583;Chr1:26879239;Chr1:27043932;Chr1:27053052;Chr1:27077284;Chr1:27083920;Chr1:27135456;Chr1:27255785;Chr1:27270503;Chr1:27334236;Chr1:27358493;Chr1:26616953;Chr1:26712460;Chr1:26736030;Chr1:26775599;Chr1:26787001;Chr1:26800609;Chr1:26809201;Chr1:26898493;Chr1:26937095;Chr1:26979182;Chr1:26981561;Chr1:26995332;Chr1:27030579;Chr1:27043001;Chr1:27063276;Chr1:27072475;Chr1:27084632;Chr1:27109072;Chr1:27109469;Chr1:27122667;Chr1:27139037;Chr1:27167991;Chr1:27171666;Chr1:27187138;Chr1:27189877;Chr1:27204628;Chr1:27207641;Chr1:27209141;Chr1:27221029;Chr1:27222962;Chr1:27238234;Chr1:27280920	Chr1:26750679;Chr1:27084632	""	FALSE	FALSE	TRUE	0	1	FALSE	FALSE	2	2	2	13	16	26
bgs_V1_c1_rep4_env2	lfmm_simes	Chr1	26791270	27418450	38	1	Chr1:26791270;Chr1:26814022;Chr1:26839739;Chr1:26840792;Chr1:26846351;Chr1:26846508;Chr1:26848214;Chr1:26869239;Chr1:26878166;Chr1:26898670;Chr1:26907176;Chr1:26914112;Chr1:26924100;Chr1:26932975;Chr1:26938799;Chr1:26992364;Chr1:27009796;Chr1:27010254;Chr1:27061069;Chr1:27080990;Chr1:27113062;Chr1:27138737;Chr1:27140272;Chr1:27154701;Chr1:27199777;Chr1:27201971;Chr1:27227328;Chr1:27232307;Chr1:27237995;Chr1:27250484;Chr1:27288747;Chr1:27290818;Chr1:27320064;Chr1:27325177;Chr1:27378938;Chr1:27388759;Chr1:27415416;Chr1:27418450	Chr1:26992364	""	FALSE	FALSE	TRUE	0	1	FALSE	FALSE	2	2	2	13	16	26
bgs_V1_c1_rep4_env2	lfmm_simes	Chr2	20999845	21263967	18	1	Chr2:20999845;Chr2:21007890;Chr2:21025913;Chr2:21040045;Chr2:21061665;Chr2:21076973;Chr2:21091686;Chr2:21104270;Chr2:21105993;Chr2:21121330;Chr2:21123161;Chr2:21155633;Chr2:21156347;Chr2:21170731;Chr2:21179349;Chr2:21180979;Chr2:21232083;Chr2:21263967	Chr2:21076973	""	FALSE	FALSE	FALSE	0	0	FALSE	FALSE	1	1	1	13	16	26
bgs_V1_c1_rep5_env10	emmax_consensus	Chr1	4218738	4330237	22	2	Chr1:4218738;Chr1:4226692;Chr1:4232926;Chr1:4233961;Chr1:4237396;Chr1:4238794;Chr1:4238914;Chr1:4238935;Chr1:4249071;Chr1:4256777;Chr1:4295489;Chr1:4308600;Chr1:4311038;Chr1:4311156;Chr1:4317228;Chr1:4321750;Chr1:4322176;Chr1:4322746;Chr1:4327140;Chr1:4329565;Chr1:4329687;Chr1:4330237	Chr1:4237396;Chr1:4327140	Chr1:4237396	TRUE	TRUE	FALSE	1	0	FALSE	FALSE	2	2	2	9	10	19
bgs_V1_c1_rep5_env10	emmax_simes	Chr1	4218738	4330237	22	2	Chr1:4218738;Chr1:4226692;Chr1:4232926;Chr1:4233961;Chr1:4237396;Chr1:4238794;Chr1:4238914;Chr1:4238935;Chr1:4249071;Chr1:4256777;Chr1:4295489;Chr1:4308600;Chr1:4311038;Chr1:4311156;Chr1:4317228;Chr1:4321750;Chr1:4322176;Chr1:4322746;Chr1:4327140;Chr1:4329565;Chr1:4329687;Chr1:4330237	Chr1:4237396;Chr1:4327140	Chr1:4237396	TRUE	TRUE	FALSE	1	0	FALSE	FALSE	2	2	2	9	10	19
bgs_V1_c1_rep5_env10	lfmm_simes	Chr1	4218738	4330237	22	2	Chr1:4218738;Chr1:4226692;Chr1:4232926;Chr1:4233961;Chr1:4237396;Chr1:4238794;Chr1:4238914;Chr1:4238935;Chr1:4249071;Chr1:4256777;Chr1:4295489;Chr1:4308600;Chr1:4311038;Chr1:4311156;Chr1:4317228;Chr1:4321750;Chr1:4322176;Chr1:4322746;Chr1:4327140;Chr1:4329565;Chr1:4329687;Chr1:4330237	Chr1:4237396;Chr1:4327140	Chr1:4237396	TRUE	TRUE	FALSE	1	0	FALSE	FALSE	2	2	2	9	10	19
bgs_V1_c1_rep5_env2	emmax_consensus	Chr1	23522	408091	18	1	Chr1:23522;Chr1:26380;Chr1:32048;Chr1:40001;Chr1:40877;Chr1:65340;Chr1:143639;Chr1:146682;Chr1:171273;Chr1:228685;Chr1:234511;Chr1:269095;Chr1:284642;Chr1:367554;Chr1:369049;Chr1:387677;Chr1:388226;Chr1:408091	Chr1:23522	""	FALSE	TRUE	FALSE	1	0	FALSE	FALSE	2	2	2	10	13	27
bgs_V1_c1_rep5_env2	emmax_simes	Chr1	23522	408091	18	1	Chr1:23522;Chr1:26380;Chr1:32048;Chr1:40001;Chr1:40877;Chr1:65340;Chr1:143639;Chr1:146682;Chr1:171273;Chr1:228685;Chr1:234511;Chr1:269095;Chr1:284642;Chr1:367554;Chr1:369049;Chr1:387677;Chr1:388226;Chr1:408091	Chr1:23522	""	FALSE	TRUE	FALSE	1	0	FALSE	FALSE	2	2	2	10	13	27
bgs_V1_c1_rep5_env2	lfmm_simes	Chr1	23522	408091	18	1	Chr1:23522;Chr1:26380;Chr1:32048;Chr1:40001;Chr1:40877;Chr1:65340;Chr1:143639;Chr1:146682;Chr1:171273;Chr1:228685;Chr1:234511;Chr1:269095;Chr1:284642;Chr1:367554;Chr1:369049;Chr1:387677;Chr1:388226;Chr1:408091	Chr1:23522	""	FALSE	TRUE	FALSE	1	0	FALSE	FALSE	2	2	2	10	13	27
bgs_V1_c1_rep5_env3	emmax_consensus	Chr1	510185	554682	12	1	Chr1:510185;Chr1:512782;Chr1:519980;Chr1:527683;Chr1:527835;Chr1:531280;Chr1:532479;Chr1:533027;Chr1:541397;Chr1:548660;Chr1:551204;Chr1:554682	Chr1:532479	Chr1:533027	TRUE	TRUE	FALSE	1	0	FALSE	FALSE	2	2	2	9	11	20
bgs_V1_c1_rep5_env3	emmax_simes	Chr1	510185	554682	12	1	Chr1:510185;Chr1:512782;Chr1:519980;Chr1:527683;Chr1:527835;Chr1:531280;Chr1:532479;Chr1:533027;Chr1:541397;Chr1:548660;Chr1:551204;Chr1:554682	Chr1:532479	Chr1:533027	TRUE	TRUE	FALSE	1	0	FALSE	FALSE	2	2	2	9	11	20
bgs_V1_c1_rep5_env3	lfmm_simes	Chr1	9372	554682	47	2	Chr1:9372;Chr1:13066;Chr1:14072;Chr1:16732;Chr1:17971;Chr1:20292;Chr1:24268;Chr1:38647;Chr1:42087;Chr1:55032;Chr1:87731;Chr1:94619;Chr1:109406;Chr1:164315;Chr1:185709;Chr1:203688;Chr1:207364;Chr1:213617;Chr1:214323;Chr1:231900;Chr1:239601;Chr1:245271;Chr1:253128;Chr1:334662;Chr1:338096;Chr1:358995;Chr1:383708;Chr1:429689;Chr1:434601;Chr1:442715;Chr1:452430;Chr1:458447;Chr1:479471;Chr1:484639;Chr1:490606;Chr1:510185;Chr1:512782;Chr1:519980;Chr1:527683;Chr1:527835;Chr1:531280;Chr1:532479;Chr1:533027;Chr1:541397;Chr1:548660;Chr1:551204;Chr1:554682	Chr1:24268;Chr1:532479	Chr1:533027	TRUE	TRUE	TRUE	1	1	FALSE	FALSE	3	3	3	9	11	20
bgs_V1_c1_rep5_env5	emmax_consensus	Chr1	600	619082	176	3	Chr1:600;Chr1:5146;Chr1:14184;Chr1:15363;Chr1:15699;Chr1:26663;Chr1:27441;Chr1:28588;Chr1:32914;Chr1:34966;Chr1:40429;Chr1:45313;Chr1:50171;Chr1:60174;Chr1:66364;Chr1:67238;Chr1:67961;Chr1:70036;Chr1:72788;Chr1:76896;Chr1:77140;Chr1:82349;Chr1:82836;Chr1:86403;Chr1:92383;Chr1:93073;Chr1:102621;Chr1:102664;Chr1:103503;Chr1:103651;Chr1:106310;Chr1:107099;Chr1:113464;Chr1:115460;Chr1:124634;Chr1:131058;Chr1:131699;Chr1:132737;Chr1:134073;Chr1:134269;Chr1:147088;Chr1:148285;Chr1:148683;Chr1:154091;Chr1:163019;Chr1:173658;Chr1:183105;Chr1:186529;Chr1:187789;Chr1:200555;Chr1:206586;Chr1:209167;Chr1:217803;Chr1:218421;Chr1:218801;Chr1:221072;Chr1:224183;Chr1:225798;Chr1:230294;Chr1:232166;Chr1:233813;Chr1:234511;Chr1:239424;Chr1:239850;Chr1:243214;Chr1:248535;Chr1:250540;Chr1:253918;Chr1:254113;Chr1:255997;Chr1:256712;Chr1:262757;Chr1:263849;Chr1:266924;Chr1:273411;Chr1:273473;Chr1:279554;Chr1:281583;Chr1:281733;Chr1:284567;Chr1:285063;Chr1:285345;Chr1:293522;Chr1:295058;Chr1:297856;Chr1:298461;Chr1:301008;Chr1:307931;Chr1:311806;Chr1:317225;Chr1:320236;Chr1:329130;Chr1:331763;Chr1:332834;Chr1:334730;Chr1:334797;Chr1:340930;Chr1:348333;Chr1:353921;Chr1:353939;Chr1:354040;Chr1:355548;Chr1:356154;Chr1:356822;Chr1:357940;Chr1:362853;Chr1:369612;Chr1:371353;Chr1:380540;Chr1:382108;Chr1:382431;Chr1:384012;Chr1:384715;Chr1:386756;Chr1:389553;Chr1:401857;Chr1:406178;Chr1:409039;Chr1:411144;Chr1:412672;Chr1:416020;Chr1:418398;Chr1:421933;Chr1:428972;Chr1:430741;Chr1:433805;Chr1:435191;Chr1:437490;Chr1:437763;Chr1:439632;Chr1:440687;Chr1:442994;Chr1:454315;Chr1:454982;Chr1:457109;Chr1:459832;Chr1:464745;Chr1:470538;Chr1:473521;Chr1:478058;Chr1:480948;Chr1:482248;Chr1:484496;Chr1:488737;Chr1:206757;Chr1:253128;Chr1:337164;Chr1:506933;Chr1:526667;Chr1:526974;Chr1:528711;Chr1:536380;Chr1:539077;Chr1:539795;Chr1:540751;Chr1:546310;Chr1:547416;Chr1:550153;Chr1:555815;Chr1:557485;Chr1:561484;Chr1:564338;Chr1:568970;Chr1:577598;Chr1:580855;Chr1:584817;Chr1:586136;Chr1:587643;Chr1:596489;Chr1:601709;Chr1:602023;Chr1:603533;Chr1:604563;Chr1:615988;Chr1:617457;Chr1:619082	Chr1:600;Chr1:539077;Chr1:596489	Chr1:113464	TRUE	TRUE	TRUE	1	1	FALSE	FALSE	3	3	3	10	12	24
bgs_V1_c1_rep5_env5	emmax_simes	Chr1	600	619082	176	3	Chr1:600;Chr1:5146;Chr1:14184;Chr1:15363;Chr1:15699;Chr1:26663;Chr1:27441;Chr1:28588;Chr1:32914;Chr1:34966;Chr1:40429;Chr1:45313;Chr1:50171;Chr1:60174;Chr1:66364;Chr1:67238;Chr1:67961;Chr1:70036;Chr1:72788;Chr1:76896;Chr1:77140;Chr1:82349;Chr1:82836;Chr1:86403;Chr1:92383;Chr1:93073;Chr1:102621;Chr1:102664;Chr1:103503;Chr1:103651;Chr1:106310;Chr1:107099;Chr1:113464;Chr1:115460;Chr1:124634;Chr1:131058;Chr1:131699;Chr1:132737;Chr1:134073;Chr1:134269;Chr1:147088;Chr1:148285;Chr1:148683;Chr1:154091;Chr1:163019;Chr1:173658;Chr1:183105;Chr1:186529;Chr1:187789;Chr1:200555;Chr1:206586;Chr1:209167;Chr1:217803;Chr1:218421;Chr1:218801;Chr1:221072;Chr1:224183;Chr1:225798;Chr1:230294;Chr1:232166;Chr1:233813;Chr1:234511;Chr1:239424;Chr1:239850;Chr1:243214;Chr1:248535;Chr1:250540;Chr1:253918;Chr1:254113;Chr1:255997;Chr1:256712;Chr1:262757;Chr1:263849;Chr1:266924;Chr1:273411;Chr1:273473;Chr1:279554;Chr1:281583;Chr1:281733;Chr1:284567;Chr1:285063;Chr1:285345;Chr1:293522;Chr1:295058;Chr1:297856;Chr1:298461;Chr1:301008;Chr1:307931;Chr1:311806;Chr1:317225;Chr1:320236;Chr1:329130;Chr1:331763;Chr1:332834;Chr1:334730;Chr1:334797;Chr1:340930;Chr1:348333;Chr1:353921;Chr1:353939;Chr1:354040;Chr1:355548;Chr1:356154;Chr1:356822;Chr1:357940;Chr1:362853;Chr1:369612;Chr1:371353;Chr1:380540;Chr1:382108;Chr1:382431;Chr1:384012;Chr1:384715;Chr1:386756;Chr1:389553;Chr1:401857;Chr1:406178;Chr1:409039;Chr1:411144;Chr1:412672;Chr1:416020;Chr1:418398;Chr1:421933;Chr1:428972;Chr1:430741;Chr1:433805;Chr1:435191;Chr1:437490;Chr1:437763;Chr1:439632;Chr1:440687;Chr1:442994;Chr1:454315;Chr1:454982;Chr1:457109;Chr1:459832;Chr1:464745;Chr1:470538;Chr1:473521;Chr1:478058;Chr1:480948;Chr1:482248;Chr1:484496;Chr1:488737;Chr1:206757;Chr1:253128;Chr1:337164;Chr1:506933;Chr1:526667;Chr1:526974;Chr1:528711;Chr1:536380;Chr1:539077;Chr1:539795;Chr1:540751;Chr1:546310;Chr1:547416;Chr1:550153;Chr1:555815;Chr1:557485;Chr1:561484;Chr1:564338;Chr1:568970;Chr1:577598;Chr1:580855;Chr1:584817;Chr1:586136;Chr1:587643;Chr1:596489;Chr1:601709;Chr1:602023;Chr1:603533;Chr1:604563;Chr1:615988;Chr1:617457;Chr1:619082	Chr1:600;Chr1:539077;Chr1:596489	Chr1:113464	TRUE	TRUE	TRUE	1	1	FALSE	FALSE	3	3	3	10	12	24
bgs_V1_c1_rep5_env5	lfmm_simes	Chr1	600	557485	160	2	Chr1:600;Chr1:5146;Chr1:14184;Chr1:15363;Chr1:15699;Chr1:26663;Chr1:27441;Chr1:28588;Chr1:32914;Chr1:34966;Chr1:40429;Chr1:45313;Chr1:50171;Chr1:60174;Chr1:66364;Chr1:67238;Chr1:67961;Chr1:70036;Chr1:72788;Chr1:76896;Chr1:77140;Chr1:82349;Chr1:82836;Chr1:86403;Chr1:92383;Chr1:93073;Chr1:102621;Chr1:102664;Chr1:103503;Chr1:103651;Chr1:106310;Chr1:107099;Chr1:113464;Chr1:115460;Chr1:124634;Chr1:131058;Chr1:131699;Chr1:132737;Chr1:134073;Chr1:134269;Chr1:147088;Chr1:148285;Chr1:148683;Chr1:154091;Chr1:163019;Chr1:173658;Chr1:183105;Chr1:186529;Chr1:187789;Chr1:200555;Chr1:206586;Chr1:209167;Chr1:217803;Chr1:218421;Chr1:218801;Chr1:221072;Chr1:224183;Chr1:225798;Chr1:230294;Chr1:232166;Chr1:233813;Chr1:234511;Chr1:239424;Chr1:239850;Chr1:243214;Chr1:248535;Chr1:250540;Chr1:253918;Chr1:254113;Chr1:255997;Chr1:256712;Chr1:262757;Chr1:263849;Chr1:266924;Chr1:273411;Chr1:273473;Chr1:279554;Chr1:281583;Chr1:281733;Chr1:284567;Chr1:285063;Chr1:285345;Chr1:293522;Chr1:295058;Chr1:297856;Chr1:298461;Chr1:301008;Chr1:307931;Chr1:311806;Chr1:317225;Chr1:320236;Chr1:329130;Chr1:331763;Chr1:332834;Chr1:334730;Chr1:334797;Chr1:340930;Chr1:348333;Chr1:353921;Chr1:353939;Chr1:354040;Chr1:355548;Chr1:356154;Chr1:356822;Chr1:357940;Chr1:362853;Chr1:369612;Chr1:371353;Chr1:380540;Chr1:382108;Chr1:382431;Chr1:384012;Chr1:384715;Chr1:386756;Chr1:389553;Chr1:401857;Chr1:406178;Chr1:409039;Chr1:411144;Chr1:412672;Chr1:416020;Chr1:418398;Chr1:421933;Chr1:428972;Chr1:430741;Chr1:433805;Chr1:435191;Chr1:437490;Chr1:437763;Chr1:439632;Chr1:440687;Chr1:442994;Chr1:454315;Chr1:454982;Chr1:457109;Chr1:459832;Chr1:464745;Chr1:470538;Chr1:473521;Chr1:478058;Chr1:480948;Chr1:482248;Chr1:484496;Chr1:488737;Chr1:206757;Chr1:253128;Chr1:337164;Chr1:506933;Chr1:526667;Chr1:526974;Chr1:528711;Chr1:536380;Chr1:539077;Chr1:539795;Chr1:540751;Chr1:546310;Chr1:547416;Chr1:550153;Chr1:555815;Chr1:557485	Chr1:600;Chr1:539077	Chr1:113464	TRUE	TRUE	TRUE	1	1	FALSE	FALSE	3	3	3	10	12	24
bgs_V1_c1_rep5_env8	emmax_consensus	Chr1	4826	494299	171	2	Chr1:4826;Chr1:9118;Chr1:11588;Chr1:11727;Chr1:16258;Chr1:19616;Chr1:26495;Chr1:27603;Chr1:30773;Chr1:36433;Chr1:39637;Chr1:40286;Chr1:41700;Chr1:42131;Chr1:45565;Chr1:51938;Chr1:53901;Chr1:58235;Chr1:59766;Chr1:60800;Chr1:61285;Chr1:64472;Chr1:65321;Chr1:69501;Chr1:69756;Chr1:72065;Chr1:72855;Chr1:72877;Chr1:73543;Chr1:85181;Chr1:92221;Chr1:96814;Chr1:101017;Chr1:105546;Chr1:110706;Chr1:112620;Chr1:114461;Chr1:115834;Chr1:116918;Chr1:117496;Chr1:119062;Chr1:119279;Chr1:120937;Chr1:126334;Chr1:147613;Chr1:151930;Chr1:152714;Chr1:157468;Chr1:157935;Chr1:158822;Chr1:159430;Chr1:161563;Chr1:166365;Chr1:183353;Chr1:188330;Chr1:188892;Chr1:192852;Chr1:194736;Chr1:196444;Chr1:198111;Chr1:199458;Chr1:213388;Chr1:216267;Chr1:217470;Chr1:223503;Chr1:227708;Chr1:228480;Chr1:230458;Chr1:232169;Chr1:233516;Chr1:233828;Chr1:234186;Chr1:237094;Chr1:241112;Chr1:244473;Chr1:246186;Chr1:246727;Chr1:246800;Chr1:247064;Chr1:250622;Chr1:260581;Chr1:263230;Chr1:267179;Chr1:281943;Chr1:283643;Chr1:283893;Chr1:287213;Chr1:290669;Chr1:291019;Chr1:292311;Chr1:292782;Chr1:293780;Chr1:295127;Chr1:297136;Chr1:298349;Chr1:304085;Chr1:308450;Chr1:314661;Chr1:314896;Chr1:320274;Chr1:324359;Chr1:327751;Chr1:336733;Chr1:340030;Chr1:342059;Chr1:346326;Chr1:366580;Chr1:366588;Chr1:369621;Chr1:374699;Chr1:380640;Chr1:380720;Chr1:385506;Chr1:386337;Chr1:392595;Chr1:393885;Chr1:398814;Chr1:399737;Chr1:401454;Chr1:403388;Chr1:403525;Chr1:405784;Chr1:405835;Chr1:407733;Chr1:415875;Chr1:416596;Chr1:423558;Chr1:427090;Chr1:428854;Chr1:429823;Chr1:433821;Chr1:437486;Chr1:445313;Chr1:450634;Chr1:450746;Chr1:451742;Chr1:452616;Chr1:452987;Chr1:455120;Chr1:465426;Chr1:72175;Chr1:87975;Chr1:138624;Chr1:164131;Chr1:172968;Chr1:177810;Chr1:183929;Chr1:244466;Chr1:256326;Chr1:266616;Chr1:273450;Chr1:283687;Chr1:293015;Chr1:347751;Chr1:361401;Chr1:406816;Chr1:410830;Chr1:426324;Chr1:455264;Chr1:471948;Chr1:473378;Chr1:474497;Chr1:476709;Chr1:478026;Chr1:480847;Chr1:481551;Chr1:485237;Chr1:485516;Chr1:488756;Chr1:490742;Chr1:494299	Chr1:4826;Chr1:87975	""	FALSE	TRUE	TRUE	1	1	FALSE	FALSE	3	3	3	10	12	21
bgs_V1_c1_rep5_env8	emmax_simes	Chr1	4826	494299	171	2	Chr1:4826;Chr1:9118;Chr1:11588;Chr1:11727;Chr1:16258;Chr1:19616;Chr1:26495;Chr1:27603;Chr1:30773;Chr1:36433;Chr1:39637;Chr1:40286;Chr1:41700;Chr1:42131;Chr1:45565;Chr1:51938;Chr1:53901;Chr1:58235;Chr1:59766;Chr1:60800;Chr1:61285;Chr1:64472;Chr1:65321;Chr1:69501;Chr1:69756;Chr1:72065;Chr1:72855;Chr1:72877;Chr1:73543;Chr1:85181;Chr1:92221;Chr1:96814;Chr1:101017;Chr1:105546;Chr1:110706;Chr1:112620;Chr1:114461;Chr1:115834;Chr1:116918;Chr1:117496;Chr1:119062;Chr1:119279;Chr1:120937;Chr1:126334;Chr1:147613;Chr1:151930;Chr1:152714;Chr1:157468;Chr1:157935;Chr1:158822;Chr1:159430;Chr1:161563;Chr1:166365;Chr1:183353;Chr1:188330;Chr1:188892;Chr1:192852;Chr1:194736;Chr1:196444;Chr1:198111;Chr1:199458;Chr1:213388;Chr1:216267;Chr1:217470;Chr1:223503;Chr1:227708;Chr1:228480;Chr1:230458;Chr1:232169;Chr1:233516;Chr1:233828;Chr1:234186;Chr1:237094;Chr1:241112;Chr1:244473;Chr1:246186;Chr1:246727;Chr1:246800;Chr1:247064;Chr1:250622;Chr1:260581;Chr1:263230;Chr1:267179;Chr1:281943;Chr1:283643;Chr1:283893;Chr1:287213;Chr1:290669;Chr1:291019;Chr1:292311;Chr1:292782;Chr1:293780;Chr1:295127;Chr1:297136;Chr1:298349;Chr1:304085;Chr1:308450;Chr1:314661;Chr1:314896;Chr1:320274;Chr1:324359;Chr1:327751;Chr1:336733;Chr1:340030;Chr1:342059;Chr1:346326;Chr1:366580;Chr1:366588;Chr1:369621;Chr1:374699;Chr1:380640;Chr1:380720;Chr1:385506;Chr1:386337;Chr1:392595;Chr1:393885;Chr1:398814;Chr1:399737;Chr1:401454;Chr1:403388;Chr1:403525;Chr1:405784;Chr1:405835;Chr1:407733;Chr1:415875;Chr1:416596;Chr1:423558;Chr1:427090;Chr1:428854;Chr1:429823;Chr1:433821;Chr1:437486;Chr1:445313;Chr1:450634;Chr1:450746;Chr1:451742;Chr1:452616;Chr1:452987;Chr1:455120;Chr1:465426;Chr1:72175;Chr1:87975;Chr1:138624;Chr1:164131;Chr1:172968;Chr1:177810;Chr1:183929;Chr1:244466;Chr1:256326;Chr1:266616;Chr1:273450;Chr1:283687;Chr1:293015;Chr1:347751;Chr1:361401;Chr1:406816;Chr1:410830;Chr1:426324;Chr1:455264;Chr1:471948;Chr1:473378;Chr1:474497;Chr1:476709;Chr1:478026;Chr1:480847;Chr1:481551;Chr1:485237;Chr1:485516;Chr1:488756;Chr1:490742;Chr1:494299	Chr1:4826;Chr1:87975	""	FALSE	TRUE	TRUE	1	1	FALSE	FALSE	3	3	3	10	12	21
bgs_V1_c1_rep5_env8	lfmm_simes	Chr2	3977758	4079523	12	1	Chr2:3977758;Chr2:3982934;Chr2:3984854;Chr2:3988963;Chr2:4042225;Chr2:4043531;Chr2:4046367;Chr2:4049322;Chr2:4049386;Chr2:4051372;Chr2:4052912;Chr2:4079523	Chr2:3988963	""	FALSE	TRUE	FALSE	1	0	FALSE	FALSE	2	2	2	10	12	21
bgs_V1_c1_rep6_env10	emmax_consensus	Chr1	17308	421840	18	1	Chr1:17308;Chr1:41994;Chr1:53557;Chr1:113740;Chr1:116882;Chr1:118755;Chr1:151651;Chr1:184159;Chr1:191258;Chr1:212851;Chr1:267390;Chr1:276170;Chr1:299301;Chr1:315770;Chr1:320888;Chr1:325372;Chr1:333032;Chr1:421840	Chr1:41994	""	FALSE	FALSE	TRUE	0	1	FALSE	FALSE	2	2	2	8	10	16
bgs_V1_c1_rep6_env10	emmax_simes	Chr1	17308	421840	18	1	Chr1:17308;Chr1:41994;Chr1:53557;Chr1:113740;Chr1:116882;Chr1:118755;Chr1:151651;Chr1:184159;Chr1:191258;Chr1:212851;Chr1:267390;Chr1:276170;Chr1:299301;Chr1:315770;Chr1:320888;Chr1:325372;Chr1:333032;Chr1:421840	Chr1:41994	""	FALSE	FALSE	TRUE	0	1	FALSE	FALSE	2	2	2	8	10	16
bgs_V1_c1_rep6_env10	lfmm_simes	Chr1	17308	421840	18	1	Chr1:17308;Chr1:41994;Chr1:53557;Chr1:113740;Chr1:116882;Chr1:118755;Chr1:151651;Chr1:184159;Chr1:191258;Chr1:212851;Chr1:267390;Chr1:276170;Chr1:299301;Chr1:315770;Chr1:320888;Chr1:325372;Chr1:333032;Chr1:421840	Chr1:41994	""	FALSE	FALSE	TRUE	0	1	FALSE	FALSE	2	2	2	8	10	16
bgs_V1_c1_rep6_env3	emmax_consensus	Chr1	2564116	2615785	15	1	Chr1:2564116;Chr1:2567582;Chr1:2576320;Chr1:2583809;Chr1:2587857;Chr1:2587989;Chr1:2590264;Chr1:2593804;Chr1:2596622;Chr1:2601558;Chr1:2605358;Chr1:2606869;Chr1:2609838;Chr1:2613236;Chr1:2615785	Chr1:2590264	Chr1:2547748	TRUE	TRUE	FALSE	1	0	FALSE	FALSE	2	2	2	8	9	18
bgs_V1_c1_rep6_env3	emmax_simes	Chr1	2564116	2615785	15	1	Chr1:2564116;Chr1:2567582;Chr1:2576320;Chr1:2583809;Chr1:2587857;Chr1:2587989;Chr1:2590264;Chr1:2593804;Chr1:2596622;Chr1:2601558;Chr1:2605358;Chr1:2606869;Chr1:2609838;Chr1:2613236;Chr1:2615785	Chr1:2590264	Chr1:2547748	TRUE	TRUE	FALSE	1	0	FALSE	FALSE	2	2	2	8	9	18
bgs_V1_c1_rep6_env3	lfmm_simes	Chr1	2564116	2615785	15	1	Chr1:2564116;Chr1:2567582;Chr1:2576320;Chr1:2583809;Chr1:2587857;Chr1:2587989;Chr1:2590264;Chr1:2593804;Chr1:2596622;Chr1:2601558;Chr1:2605358;Chr1:2606869;Chr1:2609838;Chr1:2613236;Chr1:2615785	Chr1:2590264	Chr1:2547748	TRUE	TRUE	FALSE	1	0	FALSE	FALSE	2	2	2	8	9	18
bgs_V1_c1_rep6_env6	emmax_consensus	Chr1	8492554	8545159	9	1	Chr1:8492554;Chr1:8498054;Chr1:8514891;Chr1:8519606;Chr1:8524108;Chr1:8524945;Chr1:8525380;Chr1:8533191;Chr1:8545159	Chr1:8524108	""	FALSE	FALSE	FALSE	0	0	FALSE	FALSE	1	1	1	8	9	14
bgs_V1_c1_rep6_env6	emmax_simes	Chr1	8492554	8545159	9	1	Chr1:8492554;Chr1:8498054;Chr1:8514891;Chr1:8519606;Chr1:8524108;Chr1:8524945;Chr1:8525380;Chr1:8533191;Chr1:8545159	Chr1:8524108	""	FALSE	FALSE	FALSE	0	0	FALSE	FALSE	1	1	1	8	9	14
bgs_V1_c1_rep6_env8	emmax_consensus	Chr1	8612891	8887544	40	3	Chr1:8612891;Chr1:8616562;Chr1:8618231;Chr1:8625071;Chr1:8625463;Chr1:8627157;Chr1:8627797;Chr1:8637730;Chr1:8661166;Chr1:8670175;Chr1:8674306;Chr1:8686256;Chr1:8692641;Chr1:8693038;Chr1:8730380;Chr1:8736973;Chr1:8741671;Chr1:8745137;Chr1:8748320;Chr1:8749035;Chr1:8750965;Chr1:8751804;Chr1:8753580;Chr1:8758213;Chr1:8761054;Chr1:8766995;Chr1:8771361;Chr1:8773793;Chr1:8775699;Chr1:8779972;Chr1:8781027;Chr1:8802749;Chr1:8809676;Chr1:8813553;Chr1:8815371;Chr1:8817615;Chr1:8821629;Chr1:8831737;Chr1:8840773;Chr1:8887544	Chr1:8612891;Chr1:8761054;Chr1:8802749	Chr1:8730380	TRUE	TRUE	TRUE	1	1	FALSE	FALSE	3	3	3	8	9	13
bgs_V1_c1_rep6_env8	emmax_simes	Chr1	8612891	8887544	40	3	Chr1:8612891;Chr1:8616562;Chr1:8618231;Chr1:8625071;Chr1:8625463;Chr1:8627157;Chr1:8627797;Chr1:8637730;Chr1:8661166;Chr1:8670175;Chr1:8674306;Chr1:8686256;Chr1:8692641;Chr1:8693038;Chr1:8730380;Chr1:8736973;Chr1:8741671;Chr1:8745137;Chr1:8748320;Chr1:8749035;Chr1:8750965;Chr1:8751804;Chr1:8753580;Chr1:8758213;Chr1:8761054;Chr1:8766995;Chr1:8771361;Chr1:8773793;Chr1:8775699;Chr1:8779972;Chr1:8781027;Chr1:8802749;Chr1:8809676;Chr1:8813553;Chr1:8815371;Chr1:8817615;Chr1:8821629;Chr1:8831737;Chr1:8840773;Chr1:8887544	Chr1:8612891;Chr1:8761054;Chr1:8802749	Chr1:8730380	TRUE	TRUE	TRUE	1	1	FALSE	FALSE	3	3	3	8	9	13
bgs_V1_c1_rep6_env8	lfmm_simes	Chr1	8612891	8887544	40	3	Chr1:8612891;Chr1:8616562;Chr1:8618231;Chr1:8625071;Chr1:8625463;Chr1:8627157;Chr1:8627797;Chr1:8637730;Chr1:8661166;Chr1:8670175;Chr1:8674306;Chr1:8686256;Chr1:8692641;Chr1:8693038;Chr1:8730380;Chr1:8736973;Chr1:8741671;Chr1:8745137;Chr1:8748320;Chr1:8749035;Chr1:8750965;Chr1:8751804;Chr1:8753580;Chr1:8758213;Chr1:8761054;Chr1:8766995;Chr1:8771361;Chr1:8773793;Chr1:8775699;Chr1:8779972;Chr1:8781027;Chr1:8802749;Chr1:8809676;Chr1:8813553;Chr1:8815371;Chr1:8817615;Chr1:8821629;Chr1:8831737;Chr1:8840773;Chr1:8887544	Chr1:8612891;Chr1:8761054;Chr1:8802749	Chr1:8730380	TRUE	TRUE	TRUE	1	1	FALSE	FALSE	3	3	3	8	9	13
bgs_V1_c1_rep7_env1	emmax_consensus	Chr2	9848903	10129885	21	1	Chr2:9848903;Chr2:9849754;Chr2:9856979;Chr2:9861910;Chr2:9865736;Chr2:9879634;Chr2:9879827;Chr2:9895281;Chr2:9935473;Chr2:9967103;Chr2:9968392;Chr2:9995013;Chr2:9997785;Chr2:9999276;Chr2:10008050;Chr2:10021308;Chr2:10026958;Chr2:10059741;Chr2:10071773;Chr2:10092421;Chr2:10129885	Chr2:9935473	""	FALSE	TRUE	FALSE	1	0	FALSE	FALSE	2	2	2	11	15	22
bgs_V1_c1_rep7_env4	emmax_consensus	Chr1	19559763	20191942	45	2	Chr1:19559763;Chr1:19618986;Chr1:19689027;Chr1:19705755;Chr1:19711252;Chr1:19726820;Chr1:19731109;Chr1:19757281;Chr1:19761932;Chr1:19778977;Chr1:19819025;Chr1:19819569;Chr1:19822742;Chr1:19842744;Chr1:19844534;Chr1:19861381;Chr1:19861425;Chr1:19882800;Chr1:19909785;Chr1:19913369;Chr1:19918711;Chr1:19924050;Chr1:19958612;Chr1:19968665;Chr1:19992164;Chr1:19992858;Chr1:20005639;Chr1:20005872;Chr1:20029477;Chr1:20032599;Chr1:20035111;Chr1:20035340;Chr1:20036948;Chr1:20054459;Chr1:20082714;Chr1:20082988;Chr1:20105371;Chr1:20111594;Chr1:20113677;Chr1:20121462;Chr1:20140780;Chr1:20146172;Chr1:20184674;Chr1:20189068;Chr1:20191942	Chr1:19882800;Chr1:20005639	Chr1:19882800	TRUE	TRUE	FALSE	1	0	FALSE	FALSE	2	2	2	13	17	24
bgs_V1_c1_rep7_env4	emmax_simes	Chr1	19559763	20191942	45	2	Chr1:19559763;Chr1:19618986;Chr1:19689027;Chr1:19705755;Chr1:19711252;Chr1:19726820;Chr1:19731109;Chr1:19757281;Chr1:19761932;Chr1:19778977;Chr1:19819025;Chr1:19819569;Chr1:19822742;Chr1:19842744;Chr1:19844534;Chr1:19861381;Chr1:19861425;Chr1:19882800;Chr1:19909785;Chr1:19913369;Chr1:19918711;Chr1:19924050;Chr1:19958612;Chr1:19968665;Chr1:19992164;Chr1:19992858;Chr1:20005639;Chr1:20005872;Chr1:20029477;Chr1:20032599;Chr1:20035111;Chr1:20035340;Chr1:20036948;Chr1:20054459;Chr1:20082714;Chr1:20082988;Chr1:20105371;Chr1:20111594;Chr1:20113677;Chr1:20121462;Chr1:20140780;Chr1:20146172;Chr1:20184674;Chr1:20189068;Chr1:20191942	Chr1:19882800;Chr1:20005639	Chr1:19882800	TRUE	TRUE	FALSE	1	0	FALSE	FALSE	2	2	2	13	17	24
bgs_V1_c1_rep7_env4	lfmm_simes	Chr1	19559763	20191942	45	2	Chr1:19559763;Chr1:19618986;Chr1:19689027;Chr1:19705755;Chr1:19711252;Chr1:19726820;Chr1:19731109;Chr1:19757281;Chr1:19761932;Chr1:19778977;Chr1:19819025;Chr1:19819569;Chr1:19822742;Chr1:19842744;Chr1:19844534;Chr1:19861381;Chr1:19861425;Chr1:19882800;Chr1:19909785;Chr1:19913369;Chr1:19918711;Chr1:19924050;Chr1:19958612;Chr1:19968665;Chr1:19992164;Chr1:19992858;Chr1:20005639;Chr1:20005872;Chr1:20029477;Chr1:20032599;Chr1:20035111;Chr1:20035340;Chr1:20036948;Chr1:20054459;Chr1:20082714;Chr1:20082988;Chr1:20105371;Chr1:20111594;Chr1:20113677;Chr1:20121462;Chr1:20140780;Chr1:20146172;Chr1:20184674;Chr1:20189068;Chr1:20191942	Chr1:19882800;Chr1:20005639	Chr1:19882800	TRUE	TRUE	FALSE	1	0	FALSE	FALSE	2	2	2	13	17	24
bgs_V1_c1_rep7_env6	emmax_consensus	Chr1	13143640	13719710	27	1	Chr1:13143640;Chr1:13170990;Chr1:13434267;Chr1:13438518;Chr1:13450817;Chr1:13457008;Chr1:13463679;Chr1:13466982;Chr1:13474572;Chr1:13475854;Chr1:13480941;Chr1:13483411;Chr1:13484193;Chr1:13490025;Chr1:13494998;Chr1:13498313;Chr1:13518867;Chr1:13527503;Chr1:13536930;Chr1:13542625;Chr1:13543629;Chr1:13554653;Chr1:13562332;Chr1:13564356;Chr1:13572271;Chr1:13620499;Chr1:13719710	Chr1:13438518	""	FALSE	TRUE	TRUE	1	1	FALSE	FALSE	3	3	3	12	14	21
bgs_V1_c1_rep7_env6	emmax_consensus	Chr1	14081583	15308308	84	3	Chr1:14081583;Chr1:14096641;Chr1:14097020;Chr1:14156791;Chr1:14187822;Chr1:14192652;Chr1:14210125;Chr1:14278517;Chr1:14289198;Chr1:14370624;Chr1:14397093;Chr1:14423128;Chr1:14427966;Chr1:14443924;Chr1:14446278;Chr1:14457233;Chr1:14471653;Chr1:14476674;Chr1:14481686;Chr1:14488285;Chr1:14499596;Chr1:14504944;Chr1:14512586;Chr1:14538169;Chr1:14542133;Chr1:14545589;Chr1:14546364;Chr1:14548399;Chr1:14550155;Chr1:14555159;Chr1:14576446;Chr1:14589408;Chr1:14594132;Chr1:14595279;Chr1:14597445;Chr1:14607630;Chr1:14626428;Chr1:14651156;Chr1:14660742;Chr1:14673757;Chr1:14686823;Chr1:14697043;Chr1:14776137;Chr1:14708297;Chr1:14721269;Chr1:14759030;Chr1:14774733;Chr1:14787004;Chr1:14787351;Chr1:14809305;Chr1:14857080;Chr1:14867081;Chr1:14868686;Chr1:14882658;Chr1:14894509;Chr1:14918694;Chr1:14923281;Chr1:14925385;Chr1:14943789;Chr1:14944270;Chr1:14944366;Chr1:14945296;Chr1:14949072;Chr1:14962693;Chr1:14967954;Chr1:15004128;Chr1:15005742;Chr1:15037157;Chr1:15041418;Chr1:15044685;Chr1:15054994;Chr1:15057769;Chr1:15060253;Chr1:15092645;Chr1:15126509;Chr1:15170737;Chr1:15171666;Chr1:15193900;Chr1:15230873;Chr1:15242619;Chr1:15248622;Chr1:15249283;Chr1:15269021;Chr1:15308308	Chr1:14278517;Chr1:14867081;Chr1:15054994	""	FALSE	TRUE	TRUE	1	1	FALSE	FALSE	3	3	3	12	14	21
bgs_V1_c1_rep7_env6	emmax_consensus	Chr1	15075877	15178931	21	1	Chr1:15075877;Chr1:15079491;Chr1:15082308;Chr1:15091955;Chr1:15096983;Chr1:15101964;Chr1:15105477;Chr1:15115973;Chr1:15128033;Chr1:15131597;Chr1:15132048;Chr1:15142112;Chr1:15143767;Chr1:15146890;Chr1:15152181;Chr1:15157477;Chr1:15159422;Chr1:15169713;Chr1:15171371;Chr1:15173304;Chr1:15178931	Chr1:15157477	""	FALSE	TRUE	TRUE	1	1	FALSE	FALSE	3	3	3	12	14	21
bgs_V1_c1_rep7_env6	emmax_simes	Chr1	13143640	13719710	27	1	Chr1:13143640;Chr1:13170990;Chr1:13434267;Chr1:13438518;Chr1:13450817;Chr1:13457008;Chr1:13463679;Chr1:13466982;Chr1:13474572;Chr1:13475854;Chr1:13480941;Chr1:13483411;Chr1:13484193;Chr1:13490025;Chr1:13494998;Chr1:13498313;Chr1:13518867;Chr1:13527503;Chr1:13536930;Chr1:13542625;Chr1:13543629;Chr1:13554653;Chr1:13562332;Chr1:13564356;Chr1:13572271;Chr1:13620499;Chr1:13719710	Chr1:13438518	""	FALSE	TRUE	TRUE	1	1	FALSE	FALSE	3	3	3	12	14	21
bgs_V1_c1_rep7_env6	emmax_simes	Chr1	14081583	15308308	84	3	Chr1:14081583;Chr1:14096641;Chr1:14097020;Chr1:14156791;Chr1:14187822;Chr1:14192652;Chr1:14210125;Chr1:14278517;Chr1:14289198;Chr1:14370624;Chr1:14397093;Chr1:14423128;Chr1:14427966;Chr1:14443924;Chr1:14446278;Chr1:14457233;Chr1:14471653;Chr1:14476674;Chr1:14481686;Chr1:14488285;Chr1:14499596;Chr1:14504944;Chr1:14512586;Chr1:14538169;Chr1:14542133;Chr1:14545589;Chr1:14546364;Chr1:14548399;Chr1:14550155;Chr1:14555159;Chr1:14576446;Chr1:14589408;Chr1:14594132;Chr1:14595279;Chr1:14597445;Chr1:14607630;Chr1:14626428;Chr1:14651156;Chr1:14660742;Chr1:14673757;Chr1:14686823;Chr1:14697043;Chr1:14776137;Chr1:14708297;Chr1:14721269;Chr1:14759030;Chr1:14774733;Chr1:14787004;Chr1:14787351;Chr1:14809305;Chr1:14857080;Chr1:14867081;Chr1:14868686;Chr1:14882658;Chr1:14894509;Chr1:14918694;Chr1:14923281;Chr1:14925385;Chr1:14943789;Chr1:14944270;Chr1:14944366;Chr1:14945296;Chr1:14949072;Chr1:14962693;Chr1:14967954;Chr1:15004128;Chr1:15005742;Chr1:15037157;Chr1:15041418;Chr1:15044685;Chr1:15054994;Chr1:15057769;Chr1:15060253;Chr1:15092645;Chr1:15126509;Chr1:15170737;Chr1:15171666;Chr1:15193900;Chr1:15230873;Chr1:15242619;Chr1:15248622;Chr1:15249283;Chr1:15269021;Chr1:15308308	Chr1:14278517;Chr1:14867081;Chr1:15054994	""	FALSE	TRUE	TRUE	1	1	FALSE	FALSE	3	3	3	12	14	21
bgs_V1_c1_rep7_env6	lfmm_simes	Chr1	13143640	13719710	27	1	Chr1:13143640;Chr1:13170990;Chr1:13434267;Chr1:13438518;Chr1:13450817;Chr1:13457008;Chr1:13463679;Chr1:13466982;Chr1:13474572;Chr1:13475854;Chr1:13480941;Chr1:13483411;Chr1:13484193;Chr1:13490025;Chr1:13494998;Chr1:13498313;Chr1:13518867;Chr1:13527503;Chr1:13536930;Chr1:13542625;Chr1:13543629;Chr1:13554653;Chr1:13562332;Chr1:13564356;Chr1:13572271;Chr1:13620499;Chr1:13719710	Chr1:13438518	""	FALSE	TRUE	TRUE	1	1	FALSE	FALSE	3	3	3	12	14	21
bgs_V1_c1_rep7_env6	lfmm_simes	Chr1	14081583	15308308	84	3	Chr1:14081583;Chr1:14096641;Chr1:14097020;Chr1:14156791;Chr1:14187822;Chr1:14192652;Chr1:14210125;Chr1:14278517;Chr1:14289198;Chr1:14370624;Chr1:14397093;Chr1:14423128;Chr1:14427966;Chr1:14443924;Chr1:14446278;Chr1:14457233;Chr1:14471653;Chr1:14476674;Chr1:14481686;Chr1:14488285;Chr1:14499596;Chr1:14504944;Chr1:14512586;Chr1:14538169;Chr1:14542133;Chr1:14545589;Chr1:14546364;Chr1:14548399;Chr1:14550155;Chr1:14555159;Chr1:14576446;Chr1:14589408;Chr1:14594132;Chr1:14595279;Chr1:14597445;Chr1:14607630;Chr1:14626428;Chr1:14651156;Chr1:14660742;Chr1:14673757;Chr1:14686823;Chr1:14697043;Chr1:14776137;Chr1:14708297;Chr1:14721269;Chr1:14759030;Chr1:14774733;Chr1:14787004;Chr1:14787351;Chr1:14809305;Chr1:14857080;Chr1:14867081;Chr1:14868686;Chr1:14882658;Chr1:14894509;Chr1:14918694;Chr1:14923281;Chr1:14925385;Chr1:14943789;Chr1:14944270;Chr1:14944366;Chr1:14945296;Chr1:14949072;Chr1:14962693;Chr1:14967954;Chr1:15004128;Chr1:15005742;Chr1:15037157;Chr1:15041418;Chr1:15044685;Chr1:15054994;Chr1:15057769;Chr1:15060253;Chr1:15092645;Chr1:15126509;Chr1:15170737;Chr1:15171666;Chr1:15193900;Chr1:15230873;Chr1:15242619;Chr1:15248622;Chr1:15249283;Chr1:15269021;Chr1:15308308	Chr1:14278517;Chr1:14867081;Chr1:15054994	""	FALSE	TRUE	TRUE	1	1	FALSE	FALSE	3	3	3	12	14	21
bgs_V1_c1_rep7_env6	lfmm_simes	Chr1	15075877	15178931	21	1	Chr1:15075877;Chr1:15079491;Chr1:15082308;Chr1:15091955;Chr1:15096983;Chr1:15101964;Chr1:15105477;Chr1:15115973;Chr1:15128033;Chr1:15131597;Chr1:15132048;Chr1:15142112;Chr1:15143767;Chr1:15146890;Chr1:15152181;Chr1:15157477;Chr1:15159422;Chr1:15169713;Chr1:15171371;Chr1:15173304;Chr1:15178931	Chr1:15157477	""	FALSE	TRUE	TRUE	1	1	FALSE	FALSE	3	3	3	12	14	21
bgs_V1_c1_rep7_env7	emmax_consensus	Chr1	9487235	9698193	33	1	Chr1:9487235;Chr1:9542576;Chr1:9542592;Chr1:9542928;Chr1:9545710;Chr1:9546175;Chr1:9554902;Chr1:9556673;Chr1:9567729;Chr1:9582718;Chr1:9584090;Chr1:9584156;Chr1:9584899;Chr1:9585404;Chr1:9590085;Chr1:9591300;Chr1:9593808;Chr1:9604262;Chr1:9615000;Chr1:9671796;Chr1:9677489;Chr1:9681556;Chr1:9686328;Chr1:9687654;Chr1:9687893;Chr1:9688087;Chr1:9688657;Chr1:9690096;Chr1:9690977;Chr1:9692826;Chr1:9694104;Chr1:9696381;Chr1:9698193	Chr1:9690096	""	FALSE	TRUE	TRUE	1	1	FALSE	FALSE	3	3	3	11	13	19
bgs_V1_c1_rep7_env7	emmax_consensus	Chr1	10514967	11405302	28	2	Chr1:10514967;Chr1:10523824;Chr1:10531396;Chr1:10563127;Chr1:10594988;Chr1:10600004;Chr1:10601133;Chr1:10606208;Chr1:10618355;Chr1:10626781;Chr1:10650858;Chr1:10655364;Chr1:10678746;Chr1:10731769;Chr1:10751780;Chr1:10782789;Chr1:10795149;Chr1:10835648;Chr1:10970621;Chr1:10987531;Chr1:11175358;Chr1:11177516;Chr1:11193246;Chr1:11251606;Chr1:11291248;Chr1:11360828;Chr1:11379387;Chr1:11405302	Chr1:10618355;Chr1:11175358	""	FALSE	TRUE	FALSE	1	0	FALSE	FALSE	2	2	2	11	13	19
bgs_V1_c1_rep7_env7	emmax_consensus	Chr1	11507238	11874521	15	1	Chr1:11507238;Chr1:11559851;Chr1:11569935;Chr1:11618281;Chr1:11621157;Chr1:11664652;Chr1:11665574;Chr1:11679797;Chr1:11704416;Chr1:11717070;Chr1:11738517;Chr1:11774874;Chr1:11774904;Chr1:11802568;Chr1:11874521	Chr1:11664652	""	FALSE	TRUE	FALSE	1	0	FALSE	FALSE	2	2	2	11	13	19
bgs_V1_c1_rep7_env7	emmax_simes	Chr1	9487235	9698193	33	1	Chr1:9487235;Chr1:9542576;Chr1:9542592;Chr1:9542928;Chr1:9545710;Chr1:9546175;Chr1:9554902;Chr1:9556673;Chr1:9567729;Chr1:9582718;Chr1:9584090;Chr1:9584156;Chr1:9584899;Chr1:9585404;Chr1:9590085;Chr1:9591300;Chr1:9593808;Chr1:9604262;Chr1:9615000;Chr1:9671796;Chr1:9677489;Chr1:9681556;Chr1:9686328;Chr1:9687654;Chr1:9687893;Chr1:9688087;Chr1:9688657;Chr1:9690096;Chr1:9690977;Chr1:9692826;Chr1:9694104;Chr1:9696381;Chr1:9698193	Chr1:9690096	""	FALSE	TRUE	TRUE	1	1	FALSE	FALSE	3	3	3	11	13	19
bgs_V1_c1_rep7_env7	emmax_simes	Chr1	10514967	11405302	28	2	Chr1:10514967;Chr1:10523824;Chr1:10531396;Chr1:10563127;Chr1:10594988;Chr1:10600004;Chr1:10601133;Chr1:10606208;Chr1:10618355;Chr1:10626781;Chr1:10650858;Chr1:10655364;Chr1:10678746;Chr1:10731769;Chr1:10751780;Chr1:10782789;Chr1:10795149;Chr1:10835648;Chr1:10970621;Chr1:10987531;Chr1:11175358;Chr1:11177516;Chr1:11193246;Chr1:11251606;Chr1:11291248;Chr1:11360828;Chr1:11379387;Chr1:11405302	Chr1:10618355;Chr1:11175358	""	FALSE	TRUE	FALSE	1	0	FALSE	FALSE	2	2	2	11	13	19
bgs_V1_c1_rep7_env7	emmax_simes	Chr1	11507238	11874521	15	1	Chr1:11507238;Chr1:11559851;Chr1:11569935;Chr1:11618281;Chr1:11621157;Chr1:11664652;Chr1:11665574;Chr1:11679797;Chr1:11704416;Chr1:11717070;Chr1:11738517;Chr1:11774874;Chr1:11774904;Chr1:11802568;Chr1:11874521	Chr1:11664652	""	FALSE	TRUE	FALSE	1	0	FALSE	FALSE	2	2	2	11	13	19
bgs_V1_c1_rep7_env7	lfmm_simes	Chr1	9487235	9698193	33	1	Chr1:9487235;Chr1:9542576;Chr1:9542592;Chr1:9542928;Chr1:9545710;Chr1:9546175;Chr1:9554902;Chr1:9556673;Chr1:9567729;Chr1:9582718;Chr1:9584090;Chr1:9584156;Chr1:9584899;Chr1:9585404;Chr1:9590085;Chr1:9591300;Chr1:9593808;Chr1:9604262;Chr1:9615000;Chr1:9671796;Chr1:9677489;Chr1:9681556;Chr1:9686328;Chr1:9687654;Chr1:9687893;Chr1:9688087;Chr1:9688657;Chr1:9690096;Chr1:9690977;Chr1:9692826;Chr1:9694104;Chr1:9696381;Chr1:9698193	Chr1:9690096	""	FALSE	TRUE	TRUE	1	1	FALSE	FALSE	3	3	3	11	13	19
bgs_V1_c1_rep7_env7	lfmm_simes	Chr1	10514967	11405302	28	2	Chr1:10514967;Chr1:10523824;Chr1:10531396;Chr1:10563127;Chr1:10594988;Chr1:10600004;Chr1:10601133;Chr1:10606208;Chr1:10618355;Chr1:10626781;Chr1:10650858;Chr1:10655364;Chr1:10678746;Chr1:10731769;Chr1:10751780;Chr1:10782789;Chr1:10795149;Chr1:10835648;Chr1:10970621;Chr1:10987531;Chr1:11175358;Chr1:11177516;Chr1:11193246;Chr1:11251606;Chr1:11291248;Chr1:11360828;Chr1:11379387;Chr1:11405302	Chr1:10618355;Chr1:11175358	""	FALSE	TRUE	FALSE	1	0	FALSE	FALSE	2	2	2	11	13	19
bgs_V1_c1_rep7_env7	lfmm_simes	Chr1	11507238	11874521	15	1	Chr1:11507238;Chr1:11559851;Chr1:11569935;Chr1:11618281;Chr1:11621157;Chr1:11664652;Chr1:11665574;Chr1:11679797;Chr1:11704416;Chr1:11717070;Chr1:11738517;Chr1:11774874;Chr1:11774904;Chr1:11802568;Chr1:11874521	Chr1:11664652	""	FALSE	TRUE	FALSE	1	0	FALSE	FALSE	2	2	2	11	13	19
bgs_V1_c1_rep7_env7	lfmm_simes	Chr1	14502095	15071896	19	1	Chr1:14502095;Chr1:14558902;Chr1:14727020;Chr1:14748430;Chr1:14782607;Chr1:14790615;Chr1:14809573;Chr1:14824770;Chr1:14832550;Chr1:14906254;Chr1:14919600;Chr1:14942032;Chr1:14962693;Chr1:14970627;Chr1:15001197;Chr1:15018970;Chr1:15043046;Chr1:15044685;Chr1:15071896	Chr1:14782607	""	FALSE	TRUE	TRUE	1	1	FALSE	FALSE	3	3	3	11	13	19
bgs_V1_c1_rep7_env8	lfmm_simes	Chr1	15417319	15668943	15	1	Chr1:15417319;Chr1:15418128;Chr1:15433469;Chr1:15435226;Chr1:15456674;Chr1:15466411;Chr1:15466730;Chr1:15469655;Chr1:15483049;Chr1:15526787;Chr1:15532757;Chr1:15533030;Chr1:15537742;Chr1:15660280;Chr1:15668943	Chr1:15417319	""	FALSE	TRUE	FALSE	1	0	FALSE	FALSE	2	2	2	12	15	20
bgs_V1_c1_rep8_env10	emmax_consensus	Chr1	1065598	1199488	11	1	Chr1:1065598;Chr1:1069297;Chr1:1106269;Chr1:1107384;Chr1:1156613;Chr1:1159791;Chr1:1165940;Chr1:1171282;Chr1:1172845;Chr1:1185772;Chr1:1199488	Chr1:1171282	Chr1:1065598	TRUE	TRUE	FALSE	1	0	FALSE	FALSE	2	2	2	8	9	14
bgs_V1_c1_rep8_env10	emmax_simes	Chr1	1065598	1199488	11	1	Chr1:1065598;Chr1:1069297;Chr1:1106269;Chr1:1107384;Chr1:1156613;Chr1:1159791;Chr1:1165940;Chr1:1171282;Chr1:1172845;Chr1:1185772;Chr1:1199488	Chr1:1171282	Chr1:1065598	TRUE	TRUE	FALSE	1	0	FALSE	FALSE	2	2	2	8	9	14
bgs_V1_c1_rep8_env10	lfmm_simes	Chr1	1065598	1199488	11	1	Chr1:1065598;Chr1:1069297;Chr1:1106269;Chr1:1107384;Chr1:1156613;Chr1:1159791;Chr1:1165940;Chr1:1171282;Chr1:1172845;Chr1:1185772;Chr1:1199488	Chr1:1171282	Chr1:1065598	TRUE	TRUE	FALSE	1	0	FALSE	FALSE	2	2	2	8	9	14
bgs_V1_c1_rep8_env2	lfmm_simes	Chr1	1655	476604	49	1	Chr1:1655;Chr1:22815;Chr1:29207;Chr1:53799;Chr1:56951;Chr1:74319;Chr1:75905;Chr1:86032;Chr1:90434;Chr1:98993;Chr1:99209;Chr1:103354;Chr1:112111;Chr1:112590;Chr1:119450;Chr1:133524;Chr1:133542;Chr1:148289;Chr1:156871;Chr1:166164;Chr1:166292;Chr1:172414;Chr1:226317;Chr1:235256;Chr1:239007;Chr1:254047;Chr1:260633;Chr1:263797;Chr1:265770;Chr1:267003;Chr1:267786;Chr1:301581;Chr1:311541;Chr1:319520;Chr1:328926;Chr1:334718;Chr1:354430;Chr1:358420;Chr1:379538;Chr1:383057;Chr1:404159;Chr1:415214;Chr1:446350;Chr1:446725;Chr1:447885;Chr1:458279;Chr1:461061;Chr1:469798;Chr1:476604	Chr1:1655	Chr1:112111	TRUE	TRUE	TRUE	1	1	TRUE	FALSE	3	2	2	8	8	11
bgs_V1_c1_rep8_env4	emmax_consensus	Chr1	4506068	4635064	29	2	Chr1:4506068;Chr1:4506580;Chr1:4506889;Chr1:4508844;Chr1:4509538;Chr1:4518190;Chr1:4518983;Chr1:4519835;Chr1:4521843;Chr1:4522078;Chr1:4524222;Chr1:4525438;Chr1:4529527;Chr1:4535404;Chr1:4544190;Chr1:4556827;Chr1:4558615;Chr1:4559903;Chr1:4565914;Chr1:4570183;Chr1:4574012;Chr1:4582383;Chr1:4594369;Chr1:4594926;Chr1:4616799;Chr1:4619178;Chr1:4628698;Chr1:4630172;Chr1:4635064	Chr1:4525438;Chr1:4582383	Chr1:4506068	TRUE	TRUE	TRUE	1	1	FALSE	FALSE	3	3	3	8	10	15
bgs_V1_c1_rep8_env4	emmax_simes	Chr1	4506068	4635064	29	2	Chr1:4506068;Chr1:4506580;Chr1:4506889;Chr1:4508844;Chr1:4509538;Chr1:4518190;Chr1:4518983;Chr1:4519835;Chr1:4521843;Chr1:4522078;Chr1:4524222;Chr1:4525438;Chr1:4529527;Chr1:4535404;Chr1:4544190;Chr1:4556827;Chr1:4558615;Chr1:4559903;Chr1:4565914;Chr1:4570183;Chr1:4574012;Chr1:4582383;Chr1:4594369;Chr1:4594926;Chr1:4616799;Chr1:4619178;Chr1:4628698;Chr1:4630172;Chr1:4635064	Chr1:4525438;Chr1:4582383	Chr1:4506068	TRUE	TRUE	TRUE	1	1	FALSE	FALSE	3	3	3	8	10	15
bgs_V1_c1_rep8_env4	lfmm_simes	Chr1	4506068	4635064	29	2	Chr1:4506068;Chr1:4506580;Chr1:4506889;Chr1:4508844;Chr1:4509538;Chr1:4518190;Chr1:4518983;Chr1:4519835;Chr1:4521843;Chr1:4522078;Chr1:4524222;Chr1:4525438;Chr1:4529527;Chr1:4535404;Chr1:4544190;Chr1:4556827;Chr1:4558615;Chr1:4559903;Chr1:4565914;Chr1:4570183;Chr1:4574012;Chr1:4582383;Chr1:4594369;Chr1:4594926;Chr1:4616799;Chr1:4619178;Chr1:4628698;Chr1:4630172;Chr1:4635064	Chr1:4525438;Chr1:4582383	Chr1:4506068	TRUE	TRUE	TRUE	1	1	FALSE	FALSE	3	3	3	8	10	15
bgs_V1_c1_rep8_env5	emmax_consensus	Chr1	8542645	8717438	22	1	Chr1:8542645;Chr1:8561094;Chr1:8561216;Chr1:8563423;Chr1:8566340;Chr1:8570330;Chr1:8578232;Chr1:8581290;Chr1:8593450;Chr1:8641456;Chr1:8658299;Chr1:8661736;Chr1:8664575;Chr1:8672558;Chr1:8688639;Chr1:8690539;Chr1:8695174;Chr1:8698258;Chr1:8706226;Chr1:8713141;Chr1:8717201;Chr1:8717438	Chr1:8561094	""	FALSE	TRUE	TRUE	1	1	FALSE	FALSE	3	3	3	8	9	14
bgs_V1_c1_rep8_env5	emmax_consensus	Chr1	18642535	18677994	9	1	Chr1:18642535;Chr1:18646541;Chr1:18660664;Chr1:18661006;Chr1:18665021;Chr1:18668768;Chr1:18670607;Chr1:18677091;Chr1:18677994	Chr1:18668768	Chr1:18646541	TRUE	TRUE	FALSE	1	0	FALSE	FALSE	2	2	2	8	9	14
bgs_V1_c1_rep8_env5	emmax_consensus	Chr1	18948418	18987658	11	1	Chr1:18948418;Chr1:18953886;Chr1:18968512;Chr1:18969344;Chr1:18971657;Chr1:18973249;Chr1:18976873;Chr1:18977271;Chr1:18978862;Chr1:18987006;Chr1:18987658	Chr1:18973249	""	FALSE	TRUE	FALSE	1	0	FALSE	FALSE	2	2	2	8	9	14
bgs_V1_c1_rep8_env5	emmax_simes	Chr1	8542645	8717438	22	1	Chr1:8542645;Chr1:8561094;Chr1:8561216;Chr1:8563423;Chr1:8566340;Chr1:8570330;Chr1:8578232;Chr1:8581290;Chr1:8593450;Chr1:8641456;Chr1:8658299;Chr1:8661736;Chr1:8664575;Chr1:8672558;Chr1:8688639;Chr1:8690539;Chr1:8695174;Chr1:8698258;Chr1:8706226;Chr1:8713141;Chr1:8717201;Chr1:8717438	Chr1:8561094	""	FALSE	TRUE	TRUE	1	1	FALSE	FALSE	3	3	3	8	9	14
bgs_V1_c1_rep8_env5	emmax_simes	Chr1	18642535	18677994	9	1	Chr1:18642535;Chr1:18646541;Chr1:18660664;Chr1:18661006;Chr1:18665021;Chr1:18668768;Chr1:18670607;Chr1:18677091;Chr1:18677994	Chr1:18668768	Chr1:18646541	TRUE	TRUE	FALSE	1	0	FALSE	FALSE	2	2	2	8	9	14
bgs_V1_c1_rep8_env5	emmax_simes	Chr1	18948418	18987658	11	1	Chr1:18948418;Chr1:18953886;Chr1:18968512;Chr1:18969344;Chr1:18971657;Chr1:18973249;Chr1:18976873;Chr1:18977271;Chr1:18978862;Chr1:18987006;Chr1:18987658	Chr1:18973249	""	FALSE	FALSE	FALSE	0	0	FALSE	FALSE	1	1	1	8	9	14
bgs_V1_c1_rep8_env5	lfmm_simes	Chr1	8542645	8717438	22	1	Chr1:8542645;Chr1:8561094;Chr1:8561216;Chr1:8563423;Chr1:8566340;Chr1:8570330;Chr1:8578232;Chr1:8581290;Chr1:8593450;Chr1:8641456;Chr1:8658299;Chr1:8661736;Chr1:8664575;Chr1:8672558;Chr1:8688639;Chr1:8690539;Chr1:8695174;Chr1:8698258;Chr1:8706226;Chr1:8713141;Chr1:8717201;Chr1:8717438	Chr1:8561094	""	FALSE	TRUE	TRUE	1	1	FALSE	FALSE	3	3	3	8	9	14
bgs_V1_c1_rep8_env5	lfmm_simes	Chr1	18642535	18677994	9	1	Chr1:18642535;Chr1:18646541;Chr1:18660664;Chr1:18661006;Chr1:18665021;Chr1:18668768;Chr1:18670607;Chr1:18677091;Chr1:18677994	Chr1:18668768	Chr1:18646541	TRUE	TRUE	FALSE	1	0	FALSE	FALSE	2	2	2	8	9	14
bgs_V1_c1_rep8_env6	emmax_consensus	Chr1	12042174	12123151	10	1	Chr1:12042174;Chr1:12047117;Chr1:12058244;Chr1:12064562;Chr1:12068013;Chr1:12069585;Chr1:12079857;Chr1:12099479;Chr1:12103398;Chr1:12123151	Chr1:12069585	""	FALSE	TRUE	FALSE	1	0	FALSE	FALSE	2	2	2	9	10	15
bgs_V1_c1_rep8_env6	emmax_consensus	Chr1	12165134	12224834	11	1	Chr1:12165134;Chr1:12172327;Chr1:12176829;Chr1:12177710;Chr1:12189038;Chr1:12191314;Chr1:12192874;Chr1:12201390;Chr1:12213116;Chr1:12218102;Chr1:12224834	Chr1:12172327	""	FALSE	TRUE	FALSE	1	0	FALSE	FALSE	2	2	2	9	10	15
bgs_V1_c1_rep8_env6	emmax_simes	Chr1	12042174	12123151	10	1	Chr1:12042174;Chr1:12047117;Chr1:12058244;Chr1:12064562;Chr1:12068013;Chr1:12069585;Chr1:12079857;Chr1:12099479;Chr1:12103398;Chr1:12123151	Chr1:12069585	""	FALSE	TRUE	FALSE	1	0	FALSE	FALSE	2	2	2	9	10	15
bgs_V1_c1_rep8_env6	emmax_simes	Chr1	12165134	12224834	11	1	Chr1:12165134;Chr1:12172327;Chr1:12176829;Chr1:12177710;Chr1:12189038;Chr1:12191314;Chr1:12192874;Chr1:12201390;Chr1:12213116;Chr1:12218102;Chr1:12224834	Chr1:12172327	""	FALSE	TRUE	FALSE	1	0	FALSE	FALSE	2	2	2	9	10	15
bgs_V1_c1_rep8_env6	lfmm_simes	Chr1	12042174	12123151	10	1	Chr1:12042174;Chr1:12047117;Chr1:12058244;Chr1:12064562;Chr1:12068013;Chr1:12069585;Chr1:12079857;Chr1:12099479;Chr1:12103398;Chr1:12123151	Chr1:12069585	""	FALSE	TRUE	FALSE	1	0	FALSE	FALSE	2	2	2	9	10	15
bgs_V1_c1_rep8_env6	lfmm_simes	Chr1	12165134	12224834	11	1	Chr1:12165134;Chr1:12172327;Chr1:12176829;Chr1:12177710;Chr1:12189038;Chr1:12191314;Chr1:12192874;Chr1:12201390;Chr1:12213116;Chr1:12218102;Chr1:12224834	Chr1:12172327	""	FALSE	TRUE	FALSE	1	0	FALSE	FALSE	2	2	2	9	10	15
bgs_V1_c1_rep9_env1	emmax_consensus	Chr1	3287992	3385867	11	1	Chr1:3287992;Chr1:3306240;Chr1:3312243;Chr1:3317561;Chr1:3319156;Chr1:3320363;Chr1:3321923;Chr1:3345328;Chr1:3346679;Chr1:3362979;Chr1:3385867	Chr1:3320363	""	FALSE	TRUE	FALSE	1	0	FALSE	FALSE	2	2	2	8	9	14
bgs_V1_c1_rep9_env1	emmax_consensus	Chr1	3464364	3684433	49	4	Chr1:3464364;Chr1:3465395;Chr1:3474285;Chr1:3477472;Chr1:3487716;Chr1:3488946;Chr1:3489382;Chr1:3494531;Chr1:3495350;Chr1:3496398;Chr1:3539106;Chr1:3539137;Chr1:3543737;Chr1:3546840;Chr1:3547650;Chr1:3556058;Chr1:3557178;Chr1:3559794;Chr1:3566345;Chr1:3583629;Chr1:3589529;Chr1:3590692;Chr1:3592592;Chr1:3594009;Chr1:3602185;Chr1:3612295;Chr1:3614011;Chr1:3617014;Chr1:3620337;Chr1:3624006;Chr1:3627640;Chr1:3629569;Chr1:3633121;Chr1:3635800;Chr1:3636105;Chr1:3640492;Chr1:3641918;Chr1:3647847;Chr1:3650132;Chr1:3650575;Chr1:3660194;Chr1:3660625;Chr1:3663004;Chr1:3671214;Chr1:3678460;Chr1:3678849;Chr1:3681530;Chr1:3684063;Chr1:3684433	Chr1:3477472;Chr1:3559794;Chr1:3641918;Chr1:3684063	Chr1:3696242	TRUE	TRUE	TRUE	1	1	FALSE	FALSE	3	3	3	8	9	14
bgs_V1_c1_rep9_env1	emmax_consensus	Chr1	3762441	3923148	12	1	Chr1:3762441;Chr1:3769213;Chr1:3772678;Chr1:3773067;Chr1:3780458;Chr1:3782697;Chr1:3789984;Chr1:3806657;Chr1:3807028;Chr1:3818829;Chr1:3909003;Chr1:3923148	Chr1:3782697	Chr1:3696242	TRUE	TRUE	FALSE	1	0	FALSE	FALSE	2	2	2	8	9	14
bgs_V1_c1_rep9_env1	emmax_simes	Chr1	3287992	3385867	11	1	Chr1:3287992;Chr1:3306240;Chr1:3312243;Chr1:3317561;Chr1:3319156;Chr1:3320363;Chr1:3321923;Chr1:3345328;Chr1:3346679;Chr1:3362979;Chr1:3385867	Chr1:3320363	""	FALSE	TRUE	FALSE	1	0	FALSE	FALSE	2	2	2	8	9	14
bgs_V1_c1_rep9_env1	emmax_simes	Chr1	3464364	3684433	49	4	Chr1:3464364;Chr1:3465395;Chr1:3474285;Chr1:3477472;Chr1:3487716;Chr1:3488946;Chr1:3489382;Chr1:3494531;Chr1:3495350;Chr1:3496398;Chr1:3539106;Chr1:3539137;Chr1:3543737;Chr1:3546840;Chr1:3547650;Chr1:3556058;Chr1:3557178;Chr1:3559794;Chr1:3566345;Chr1:3583629;Chr1:3589529;Chr1:3590692;Chr1:3592592;Chr1:3594009;Chr1:3602185;Chr1:3612295;Chr1:3614011;Chr1:3617014;Chr1:3620337;Chr1:3624006;Chr1:3627640;Chr1:3629569;Chr1:3633121;Chr1:3635800;Chr1:3636105;Chr1:3640492;Chr1:3641918;Chr1:3647847;Chr1:3650132;Chr1:3650575;Chr1:3660194;Chr1:3660625;Chr1:3663004;Chr1:3671214;Chr1:3678460;Chr1:3678849;Chr1:3681530;Chr1:3684063;Chr1:3684433	Chr1:3477472;Chr1:3559794;Chr1:3641918;Chr1:3684063	Chr1:3696242	TRUE	TRUE	TRUE	1	1	FALSE	FALSE	3	3	3	8	9	14
bgs_V1_c1_rep9_env1	emmax_simes	Chr1	3762441	3923148	12	1	Chr1:3762441;Chr1:3769213;Chr1:3772678;Chr1:3773067;Chr1:3780458;Chr1:3782697;Chr1:3789984;Chr1:3806657;Chr1:3807028;Chr1:3818829;Chr1:3909003;Chr1:3923148	Chr1:3782697	Chr1:3696242	TRUE	FALSE	FALSE	0	0	FALSE	FALSE	1	1	1	8	9	14
bgs_V1_c1_rep9_env1	lfmm_simes	Chr1	3287992	3684433	44	4	Chr1:3287992;Chr1:3306240;Chr1:3312243;Chr1:3317561;Chr1:3319156;Chr1:3320363;Chr1:3321923;Chr1:3345328;Chr1:3346679;Chr1:3362979;Chr1:3385867;Chr1:3464364;Chr1:3465395;Chr1:3474285;Chr1:3477472;Chr1:3487716;Chr1:3488946;Chr1:3489382;Chr1:3494531;Chr1:3495350;Chr1:3496398;Chr1:3539106;Chr1:3539137;Chr1:3543737;Chr1:3546840;Chr1:3547650;Chr1:3556058;Chr1:3557178;Chr1:3559794;Chr1:3566345;Chr1:3583629;Chr1:3589529;Chr1:3590692;Chr1:3592592;Chr1:3594009;Chr1:3660194;Chr1:3660625;Chr1:3663004;Chr1:3671214;Chr1:3678460;Chr1:3678849;Chr1:3681530;Chr1:3684063;Chr1:3684433	Chr1:3320363;Chr1:3477472;Chr1:3559794;Chr1:3684063	Chr1:3696242	TRUE	TRUE	TRUE	1	1	FALSE	FALSE	3	3	3	8	9	14
bgs_V1_c1_rep9_env1	lfmm_simes	Chr1	3762441	3923148	12	1	Chr1:3762441;Chr1:3769213;Chr1:3772678;Chr1:3773067;Chr1:3780458;Chr1:3782697;Chr1:3789984;Chr1:3806657;Chr1:3807028;Chr1:3818829;Chr1:3909003;Chr1:3923148	Chr1:3782697	Chr1:3696242	TRUE	TRUE	FALSE	1	0	FALSE	FALSE	2	2	2	8	9	14
bgs_V1_c1_rep9_env10	emmax_consensus	Chr1	6379478	6424599	9	1	Chr1:6379478;Chr1:6384943;Chr1:6392284;Chr1:6394678;Chr1:6402572;Chr1:6406226;Chr1:6406512;Chr1:6416349;Chr1:6424599	Chr1:6394678	Chr1:6402572	TRUE	TRUE	FALSE	1	0	FALSE	FALSE	2	2	2	8	9	12
bgs_V1_c1_rep9_env10	emmax_simes	Chr1	6379478	6424599	9	1	Chr1:6379478;Chr1:6384943;Chr1:6392284;Chr1:6394678;Chr1:6402572;Chr1:6406226;Chr1:6406512;Chr1:6416349;Chr1:6424599	Chr1:6394678	Chr1:6402572	TRUE	TRUE	FALSE	1	0	FALSE	FALSE	2	2	2	8	9	12
bgs_V1_c1_rep9_env10	lfmm_simes	Chr1	3642525	3675101	10	1	Chr1:3642525;Chr1:3642787;Chr1:3645778;Chr1:3650289;Chr1:3653812;Chr1:3658388;Chr1:3664328;Chr1:3665513;Chr1:3672906;Chr1:3675101	Chr1:3642525	""	FALSE	TRUE	FALSE	1	0	FALSE	FALSE	2	2	2	8	9	12
bgs_V1_c1_rep9_env10	lfmm_simes	Chr1	6379478	6424599	9	1	Chr1:6379478;Chr1:6384943;Chr1:6392284;Chr1:6394678;Chr1:6402572;Chr1:6406226;Chr1:6406512;Chr1:6416349;Chr1:6424599	Chr1:6394678	Chr1:6402572	TRUE	TRUE	FALSE	1	0	FALSE	FALSE	2	2	2	8	9	12
bgs_V1_c1_rep9_env3	emmax_consensus	Chr1	3819220	4258995	67	3	Chr1:3819220;Chr1:3824225;Chr1:3827849;Chr1:3832384;Chr1:3834093;Chr1:3836104;Chr1:3836760;Chr1:3837218;Chr1:3837336;Chr1:3840062;Chr1:3847868;Chr1:3849376;Chr1:3853128;Chr1:3860451;Chr1:3863840;Chr1:3869793;Chr1:3876887;Chr1:3877271;Chr1:3877487;Chr1:3882001;Chr1:3884139;Chr1:3885730;Chr1:3889080;Chr1:3902168;Chr1:3903726;Chr1:3911453;Chr1:3916465;Chr1:3916568;Chr1:3917898;Chr1:3927319;Chr1:3969093;Chr1:3972998;Chr1:3984124;Chr1:3990666;Chr1:3991614;Chr1:3994472;Chr1:4008756;Chr1:4009888;Chr1:4017280;Chr1:4025793;Chr1:4026001;Chr1:4044504;Chr1:4047840;Chr1:4062345;Chr1:4069520;Chr1:4074838;Chr1:4076773;Chr1:4081277;Chr1:4081913;Chr1:4083964;Chr1:4110446;Chr1:4114341;Chr1:4114929;Chr1:4115864;Chr1:4116810;Chr1:4136355;Chr1:4203458;Chr1:4215333;Chr1:4216632;Chr1:4222571;Chr1:4227961;Chr1:4241787;Chr1:4246184;Chr1:4246818;Chr1:4249057;Chr1:4249863;Chr1:4258995	Chr1:3882001;Chr1:3969093;Chr1:4227961	Chr1:3994472	TRUE	TRUE	TRUE	1	1	FALSE	FALSE	3	3	3	8	10	13
bgs_V1_c1_rep9_env3	emmax_simes	Chr1	3819220	4258995	67	3	Chr1:3819220;Chr1:3824225;Chr1:3827849;Chr1:3832384;Chr1:3834093;Chr1:3836104;Chr1:3836760;Chr1:3837218;Chr1:3837336;Chr1:3840062;Chr1:3847868;Chr1:3849376;Chr1:3853128;Chr1:3860451;Chr1:3863840;Chr1:3869793;Chr1:3876887;Chr1:3877271;Chr1:3877487;Chr1:3882001;Chr1:3884139;Chr1:3885730;Chr1:3889080;Chr1:3902168;Chr1:3903726;Chr1:3911453;Chr1:3916465;Chr1:3916568;Chr1:3917898;Chr1:3927319;Chr1:3969093;Chr1:3972998;Chr1:3984124;Chr1:3990666;Chr1:3991614;Chr1:3994472;Chr1:4008756;Chr1:4009888;Chr1:4017280;Chr1:4025793;Chr1:4026001;Chr1:4044504;Chr1:4047840;Chr1:4062345;Chr1:4069520;Chr1:4074838;Chr1:4076773;Chr1:4081277;Chr1:4081913;Chr1:4083964;Chr1:4110446;Chr1:4114341;Chr1:4114929;Chr1:4115864;Chr1:4116810;Chr1:4136355;Chr1:4203458;Chr1:4215333;Chr1:4216632;Chr1:4222571;Chr1:4227961;Chr1:4241787;Chr1:4246184;Chr1:4246818;Chr1:4249057;Chr1:4249863;Chr1:4258995	Chr1:3882001;Chr1:3969093;Chr1:4227961	Chr1:3994472	TRUE	TRUE	TRUE	1	1	FALSE	FALSE	3	3	3	8	10	13
bgs_V1_c1_rep9_env3	lfmm_simes	Chr1	3819220	4258995	67	3	Chr1:3819220;Chr1:3824225;Chr1:3827849;Chr1:3832384;Chr1:3834093;Chr1:3836104;Chr1:3836760;Chr1:3837218;Chr1:3837336;Chr1:3840062;Chr1:3847868;Chr1:3849376;Chr1:3853128;Chr1:3860451;Chr1:3863840;Chr1:3869793;Chr1:3876887;Chr1:3877271;Chr1:3877487;Chr1:3882001;Chr1:3884139;Chr1:3885730;Chr1:3889080;Chr1:3902168;Chr1:3903726;Chr1:3911453;Chr1:3916465;Chr1:3916568;Chr1:3917898;Chr1:3927319;Chr1:3969093;Chr1:3972998;Chr1:3984124;Chr1:3990666;Chr1:3991614;Chr1:3994472;Chr1:4008756;Chr1:4009888;Chr1:4017280;Chr1:4025793;Chr1:4026001;Chr1:4044504;Chr1:4047840;Chr1:4062345;Chr1:4069520;Chr1:4074838;Chr1:4076773;Chr1:4081277;Chr1:4081913;Chr1:4083964;Chr1:4110446;Chr1:4114341;Chr1:4114929;Chr1:4115864;Chr1:4116810;Chr1:4136355;Chr1:4203458;Chr1:4215333;Chr1:4216632;Chr1:4222571;Chr1:4227961;Chr1:4241787;Chr1:4246184;Chr1:4246818;Chr1:4249057;Chr1:4249863;Chr1:4258995	Chr1:3882001;Chr1:3969093;Chr1:4227961	Chr1:3994472	TRUE	TRUE	TRUE	1	1	FALSE	FALSE	3	3	3	8	10	13
bgs_V1_c1_rep9_env5	emmax_consensus	Chr1	3322400	3530322	22	2	Chr1:3322400;Chr1:3333127;Chr1:3345612;Chr1:3350193;Chr1:3356151;Chr1:3362140;Chr1:3366013;Chr1:3373920;Chr1:3376575;Chr1:3389833;Chr1:3397690;Chr1:3405734;Chr1:3459628;Chr1:3467026;Chr1:3467143;Chr1:3474796;Chr1:3483168;Chr1:3491289;Chr1:3493172;Chr1:3493458;Chr1:3518133;Chr1:3530322	Chr1:3366013;Chr1:3491289	Chr1:3350193	TRUE	TRUE	FALSE	1	0	FALSE	FALSE	2	2	2	8	10	15
bgs_V1_c1_rep9_env5	emmax_simes	Chr1	3322400	3405734	12	1	Chr1:3322400;Chr1:3333127;Chr1:3345612;Chr1:3350193;Chr1:3356151;Chr1:3362140;Chr1:3366013;Chr1:3373920;Chr1:3376575;Chr1:3389833;Chr1:3397690;Chr1:3405734	Chr1:3366013	Chr1:3350193	TRUE	TRUE	FALSE	1	0	FALSE	FALSE	2	2	2	8	10	15
bgs_V1_c1_rep9_env5	lfmm_simes	Chr1	3322400	3530322	22	2	Chr1:3322400;Chr1:3333127;Chr1:3345612;Chr1:3350193;Chr1:3356151;Chr1:3362140;Chr1:3366013;Chr1:3373920;Chr1:3376575;Chr1:3389833;Chr1:3397690;Chr1:3405734;Chr1:3459628;Chr1:3467026;Chr1:3467143;Chr1:3474796;Chr1:3483168;Chr1:3491289;Chr1:3493172;Chr1:3493458;Chr1:3518133;Chr1:3530322	Chr1:3366013;Chr1:3491289	Chr1:3350193	TRUE	TRUE	FALSE	1	0	FALSE	FALSE	2	2	2	8	10	15
bgs_V1_c1_rep9_env5	lfmm_simes	Chr1	3897308	3976912	10	1	Chr1:3897308;Chr1:3927405;Chr1:3929430;Chr1:3940820;Chr1:3948463;Chr1:3966064;Chr1:3972876;Chr1:3973052;Chr1:3974849;Chr1:3976912	Chr1:3940820	""	FALSE	TRUE	FALSE	1	0	FALSE	FALSE	2	2	2	8	10	15
bgs_V1_c1_rep9_env6	lfmm_simes	Chr2	13131376	13221503	9	1	Chr2:13131376;Chr2:13138520;Chr2:13140924;Chr2:13144258;Chr2:13171156;Chr2:13178473;Chr2:13185707;Chr2:13195392;Chr2:13221503	Chr2:13171156	""	FALSE	TRUE	FALSE	1	0	FALSE	FALSE	2	2	2	8	9	13
bgs_V1_c1_rep9_env7	emmax_consensus	Chr1	14484280	14525070	10	1	Chr1:14484280;Chr1:14487306;Chr1:14495047;Chr1:14497377;Chr1:14508650;Chr1:14511616;Chr1:14515245;Chr1:14520648;Chr1:14521951;Chr1:14525070	Chr1:14520648	Chr1:14566207	TRUE	TRUE	FALSE	1	0	FALSE	FALSE	2	2	2	9	10	16
bgs_V1_c1_rep9_env7	emmax_simes	Chr1	14484280	14525070	10	1	Chr1:14484280;Chr1:14487306;Chr1:14495047;Chr1:14497377;Chr1:14508650;Chr1:14511616;Chr1:14515245;Chr1:14520648;Chr1:14521951;Chr1:14525070	Chr1:14520648	Chr1:14566207	TRUE	TRUE	FALSE	1	0	FALSE	FALSE	2	2	2	9	10	16
bgs_V1_c1_rep9_env7	lfmm_simes	Chr1	14484280	14525070	10	1	Chr1:14484280;Chr1:14487306;Chr1:14495047;Chr1:14497377;Chr1:14508650;Chr1:14511616;Chr1:14515245;Chr1:14520648;Chr1:14521951;Chr1:14525070	Chr1:14520648	Chr1:14566207	TRUE	TRUE	FALSE	1	0	FALSE	FALSE	2	2	2	9	10	16
bgs_V2_c1_rep10_env2	emmax_consensus	Chr1	8949642	8997255	10	1	Chr1:8949642;Chr1:8960882;Chr1:8963585;Chr1:8969678;Chr1:8969764;Chr1:8973851;Chr1:8976990;Chr1:8987430;Chr1:8987641;Chr1:8997255	Chr1:8969678	Chr1:8949642	TRUE	TRUE	FALSE	1	0	FALSE	FALSE	2	2	2	9	10	15
bgs_V2_c1_rep10_env2	emmax_simes	Chr1	8949642	8997255	10	1	Chr1:8949642;Chr1:8960882;Chr1:8963585;Chr1:8969678;Chr1:8969764;Chr1:8973851;Chr1:8976990;Chr1:8987430;Chr1:8987641;Chr1:8997255	Chr1:8969678	Chr1:8949642	TRUE	TRUE	FALSE	1	0	FALSE	FALSE	2	2	2	9	10	15
bgs_V2_c1_rep10_env2	lfmm_simes	Chr1	8949642	8997255	10	1	Chr1:8949642;Chr1:8960882;Chr1:8963585;Chr1:8969678;Chr1:8969764;Chr1:8973851;Chr1:8976990;Chr1:8987430;Chr1:8987641;Chr1:8997255	Chr1:8969678	Chr1:8949642	TRUE	TRUE	FALSE	1	0	FALSE	FALSE	2	2	2	9	10	15
bgs_V2_c1_rep10_env3	emmax_consensus	Chr1	13559	494546	67	2	Chr1:13559;Chr1:94516;Chr1:95392;Chr1:144983;Chr1:145836;Chr1:152273;Chr1:180465;Chr1:198634;Chr1:204994;Chr1:225898;Chr1:232793;Chr1:240105;Chr1:244425;Chr1:281192;Chr1:290490;Chr1:307639;Chr1:310160;Chr1:330943;Chr1:347158;Chr1:364760;Chr1:393600;Chr1:439163;Chr1:443643;Chr1:446469;Chr1:450207;Chr1:456174;Chr1:459712;Chr1:466357;Chr1:473710;Chr1:156179;Chr1:189919;Chr1:213921;Chr1:221688;Chr1:231681;Chr1:232566;Chr1:235545;Chr1:240199;Chr1:266599;Chr1:289257;Chr1:308735;Chr1:315457;Chr1:321696;Chr1:329529;Chr1:331582;Chr1:340582;Chr1:347818;Chr1:348561;Chr1:368004;Chr1:372007;Chr1:395582;Chr1:402862;Chr1:404997;Chr1:410526;Chr1:410530;Chr1:415764;Chr1:441985;Chr1:445605;Chr1:447373;Chr1:450720;Chr1:456886;Chr1:457678;Chr1:465774;Chr1:470949;Chr1:476607;Chr1:479919;Chr1:488294;Chr1:494546	Chr1:13559;Chr1:156179	Chr1:329529	TRUE	TRUE	TRUE	1	1	FALSE	FALSE	3	3	3	9	10	15
bgs_V2_c1_rep10_env3	emmax_simes	Chr1	13559	494546	67	2	Chr1:13559;Chr1:94516;Chr1:95392;Chr1:144983;Chr1:145836;Chr1:152273;Chr1:180465;Chr1:198634;Chr1:204994;Chr1:225898;Chr1:232793;Chr1:240105;Chr1:244425;Chr1:281192;Chr1:290490;Chr1:307639;Chr1:310160;Chr1:330943;Chr1:347158;Chr1:364760;Chr1:393600;Chr1:439163;Chr1:443643;Chr1:446469;Chr1:450207;Chr1:456174;Chr1:459712;Chr1:466357;Chr1:473710;Chr1:156179;Chr1:189919;Chr1:213921;Chr1:221688;Chr1:231681;Chr1:232566;Chr1:235545;Chr1:240199;Chr1:266599;Chr1:289257;Chr1:308735;Chr1:315457;Chr1:321696;Chr1:329529;Chr1:331582;Chr1:340582;Chr1:347818;Chr1:348561;Chr1:368004;Chr1:372007;Chr1:395582;Chr1:402862;Chr1:404997;Chr1:410526;Chr1:410530;Chr1:415764;Chr1:441985;Chr1:445605;Chr1:447373;Chr1:450720;Chr1:456886;Chr1:457678;Chr1:465774;Chr1:470949;Chr1:476607;Chr1:479919;Chr1:488294;Chr1:494546	Chr1:13559;Chr1:156179	Chr1:329529	TRUE	TRUE	TRUE	1	1	FALSE	FALSE	3	3	3	9	10	15
bgs_V2_c1_rep10_env3	lfmm_simes	Chr1	156179	494546	38	1	Chr1:156179;Chr1:189919;Chr1:213921;Chr1:221688;Chr1:231681;Chr1:232566;Chr1:235545;Chr1:240199;Chr1:266599;Chr1:289257;Chr1:308735;Chr1:315457;Chr1:321696;Chr1:329529;Chr1:331582;Chr1:340582;Chr1:347818;Chr1:348561;Chr1:368004;Chr1:372007;Chr1:395582;Chr1:402862;Chr1:404997;Chr1:410526;Chr1:410530;Chr1:415764;Chr1:441985;Chr1:445605;Chr1:447373;Chr1:450720;Chr1:456886;Chr1:457678;Chr1:465774;Chr1:470949;Chr1:476607;Chr1:479919;Chr1:488294;Chr1:494546	Chr1:156179	Chr1:329529	TRUE	TRUE	TRUE	1	1	FALSE	FALSE	3	3	3	9	10	15
bgs_V2_c1_rep10_env6	emmax_consensus	Chr1	29124	504863	69	3	Chr1:29124;Chr1:37057;Chr1:159520;Chr1:203218;Chr1:216523;Chr1:221688;Chr1:243784;Chr1:268480;Chr1:276747;Chr1:294879;Chr1:336348;Chr1:344109;Chr1:359677;Chr1:368004;Chr1:376611;Chr1:380327;Chr1:381348;Chr1:384489;Chr1:401915;Chr1:403210;Chr1:410530;Chr1:411491;Chr1:415764;Chr1:426795;Chr1:443156;Chr1:447373;Chr1:447960;Chr1:448591;Chr1:457678;Chr1:472251;Chr1:472394;Chr1:478961;Chr1:480998;Chr1:70633;Chr1:192749;Chr1:271804;Chr1:329529;Chr1:369878;Chr1:401626;Chr1:434482;Chr1:447774;Chr1:470546;Chr1:494617;Chr1:504863;Chr1:95392;Chr1:100900;Chr1:114744;Chr1:211649;Chr1:256040;Chr1:264269;Chr1:286452;Chr1:305449;Chr1:329260;Chr1:343024;Chr1:356901;Chr1:360840;Chr1:362319;Chr1:383919;Chr1:409449;Chr1:410332;Chr1:425408;Chr1:430045;Chr1:438121;Chr1:452670;Chr1:475254;Chr1:478523;Chr1:480056;Chr1:485184;Chr1:487715	Chr1:203218;Chr1:70633;Chr1:100900	Chr1:329529	TRUE	TRUE	TRUE	1	1	FALSE	FALSE	3	3	3	8	10	14
bgs_V2_c1_rep10_env6	emmax_simes	Chr1	70633	504863	36	2	Chr1:70633;Chr1:192749;Chr1:271804;Chr1:329529;Chr1:369878;Chr1:401626;Chr1:434482;Chr1:447774;Chr1:470546;Chr1:494617;Chr1:504863;Chr1:95392;Chr1:100900;Chr1:114744;Chr1:211649;Chr1:256040;Chr1:264269;Chr1:286452;Chr1:305449;Chr1:329260;Chr1:343024;Chr1:356901;Chr1:360840;Chr1:362319;Chr1:383919;Chr1:409449;Chr1:410332;Chr1:425408;Chr1:430045;Chr1:438121;Chr1:452670;Chr1:475254;Chr1:478523;Chr1:480056;Chr1:485184;Chr1:487715	Chr1:70633;Chr1:100900	Chr1:329529	TRUE	TRUE	TRUE	1	1	FALSE	FALSE	3	3	3	8	10	14
bgs_V2_c1_rep10_env6	lfmm_simes	Chr1	70633	504863	36	2	Chr1:70633;Chr1:192749;Chr1:271804;Chr1:329529;Chr1:369878;Chr1:401626;Chr1:434482;Chr1:447774;Chr1:470546;Chr1:494617;Chr1:504863;Chr1:95392;Chr1:100900;Chr1:114744;Chr1:211649;Chr1:256040;Chr1:264269;Chr1:286452;Chr1:305449;Chr1:329260;Chr1:343024;Chr1:356901;Chr1:360840;Chr1:362319;Chr1:383919;Chr1:409449;Chr1:410332;Chr1:425408;Chr1:430045;Chr1:438121;Chr1:452670;Chr1:475254;Chr1:478523;Chr1:480056;Chr1:485184;Chr1:487715	Chr1:70633;Chr1:100900	Chr1:329529	TRUE	TRUE	TRUE	1	1	FALSE	FALSE	3	3	3	8	10	14
bgs_V2_c1_rep10_env8	lfmm_simes	Chr1	8074260	8166593	13	1	Chr1:8074260;Chr1:8074398;Chr1:8074630;Chr1:8081312;Chr1:8086930;Chr1:8090424;Chr1:8094366;Chr1:8097846;Chr1:8111405;Chr1:8119880;Chr1:8148652;Chr1:8149868;Chr1:8166593	Chr1:8094366	Chr1:7987640	TRUE	TRUE	TRUE	1	1	FALSE	FALSE	3	3	3	9	10	13
bgs_V2_c1_rep1_env1	emmax_consensus	Chr1	10533689	10677394	13	1	Chr1:10533689;Chr1:10584276;Chr1:10608448;Chr1:10608501;Chr1:10609614;Chr1:10615469;Chr1:10629757;Chr1:10639894;Chr1:10641788;Chr1:10643037;Chr1:10661080;Chr1:10670319;Chr1:10677394	Chr1:10641788	""	FALSE	TRUE	FALSE	1	0	FALSE	FALSE	2	2	2	8	10	16
bgs_V2_c1_rep1_env1	emmax_simes	Chr1	10533689	10677394	13	1	Chr1:10533689;Chr1:10584276;Chr1:10608448;Chr1:10608501;Chr1:10609614;Chr1:10615469;Chr1:10629757;Chr1:10639894;Chr1:10641788;Chr1:10643037;Chr1:10661080;Chr1:10670319;Chr1:10677394	Chr1:10641788	""	FALSE	TRUE	FALSE	1	0	FALSE	FALSE	2	2	2	8	10	16
bgs_V2_c1_rep1_env1	lfmm_simes	Chr1	10533689	10677394	13	1	Chr1:10533689;Chr1:10584276;Chr1:10608448;Chr1:10608501;Chr1:10609614;Chr1:10615469;Chr1:10629757;Chr1:10639894;Chr1:10641788;Chr1:10643037;Chr1:10661080;Chr1:10670319;Chr1:10677394	Chr1:10641788	""	FALSE	TRUE	FALSE	1	0	FALSE	FALSE	2	2	2	8	10	16
bgs_V2_c1_rep1_env4	emmax_consensus	Chr1	9071034	9102618	11	1	Chr1:9071034;Chr1:9072226;Chr1:9073953;Chr1:9078244;Chr1:9079524;Chr1:9079601;Chr1:9080888;Chr1:9081094;Chr1:9093057;Chr1:9099377;Chr1:9102618	Chr1:9079601	Chr1:9071034	TRUE	TRUE	FALSE	1	0	FALSE	FALSE	2	2	2	9	10	18
bgs_V2_c1_rep1_env4	emmax_simes	Chr1	9071034	9102618	11	1	Chr1:9071034;Chr1:9072226;Chr1:9073953;Chr1:9078244;Chr1:9079524;Chr1:9079601;Chr1:9080888;Chr1:9081094;Chr1:9093057;Chr1:9099377;Chr1:9102618	Chr1:9079601	Chr1:9071034	TRUE	TRUE	FALSE	1	0	FALSE	FALSE	2	2	2	9	10	18
bgs_V2_c1_rep1_env4	lfmm_simes	Chr1	9071034	9102618	11	1	Chr1:9071034;Chr1:9072226;Chr1:9073953;Chr1:9078244;Chr1:9079524;Chr1:9079601;Chr1:9080888;Chr1:9081094;Chr1:9093057;Chr1:9099377;Chr1:9102618	Chr1:9079601	Chr1:9071034	TRUE	TRUE	FALSE	1	0	FALSE	FALSE	2	2	2	9	10	18
bgs_V2_c1_rep1_env7	emmax_consensus	Chr1	9091558	9290115	35	2	Chr1:9091558;Chr1:9120543;Chr1:9129541;Chr1:9135291;Chr1:9138300;Chr1:9139504;Chr1:9154391;Chr1:9154530;Chr1:9155756;Chr1:9158540;Chr1:9169012;Chr1:9170082;Chr1:9174684;Chr1:9187249;Chr1:9190584;Chr1:9191621;Chr1:9199139;Chr1:9201774;Chr1:9205584;Chr1:9208572;Chr1:9212214;Chr1:9216572;Chr1:9220838;Chr1:9223092;Chr1:9224179;Chr1:9225464;Chr1:9235214;Chr1:9235772;Chr1:9240632;Chr1:9243730;Chr1:9245582;Chr1:9255062;Chr1:9258201;Chr1:9289503;Chr1:9290115	Chr1:9138300;Chr1:9245582	Chr1:9071034	TRUE	TRUE	TRUE	1	1	FALSE	FALSE	3	3	3	9	11	15
bgs_V2_c1_rep1_env7	emmax_simes	Chr1	9091558	9290115	35	2	Chr1:9091558;Chr1:9120543;Chr1:9129541;Chr1:9135291;Chr1:9138300;Chr1:9139504;Chr1:9154391;Chr1:9154530;Chr1:9155756;Chr1:9158540;Chr1:9169012;Chr1:9170082;Chr1:9174684;Chr1:9187249;Chr1:9190584;Chr1:9191621;Chr1:9199139;Chr1:9201774;Chr1:9205584;Chr1:9208572;Chr1:9212214;Chr1:9216572;Chr1:9220838;Chr1:9223092;Chr1:9224179;Chr1:9225464;Chr1:9235214;Chr1:9235772;Chr1:9240632;Chr1:9243730;Chr1:9245582;Chr1:9255062;Chr1:9258201;Chr1:9289503;Chr1:9290115	Chr1:9138300;Chr1:9245582	Chr1:9071034	TRUE	TRUE	TRUE	1	1	FALSE	FALSE	3	3	3	9	11	15
bgs_V2_c1_rep1_env7	lfmm_simes	Chr1	9091558	9290115	35	2	Chr1:9091558;Chr1:9120543;Chr1:9129541;Chr1:9135291;Chr1:9138300;Chr1:9139504;Chr1:9154391;Chr1:9154530;Chr1:9155756;Chr1:9158540;Chr1:9169012;Chr1:9170082;Chr1:9174684;Chr1:9187249;Chr1:9190584;Chr1:9191621;Chr1:9199139;Chr1:9201774;Chr1:9205584;Chr1:9208572;Chr1:9212214;Chr1:9216572;Chr1:9220838;Chr1:9223092;Chr1:9224179;Chr1:9225464;Chr1:9235214;Chr1:9235772;Chr1:9240632;Chr1:9243730;Chr1:9245582;Chr1:9255062;Chr1:9258201;Chr1:9289503;Chr1:9290115	Chr1:9138300;Chr1:9245582	Chr1:9071034	TRUE	TRUE	TRUE	1	1	FALSE	FALSE	3	3	3	9	11	15
bgs_V2_c1_rep2_env5	emmax_consensus	Chr2	13075361	13269231	18	1	Chr2:13075361;Chr2:13101331;Chr2:13134371;Chr2:13139614;Chr2:13144306;Chr2:13176336;Chr2:13177779;Chr2:13193342;Chr2:13199849;Chr2:13205186;Chr2:13207844;Chr2:13220091;Chr2:13233679;Chr2:13236321;Chr2:13239647;Chr2:13244089;Chr2:13251415;Chr2:13269231	Chr2:13220091	""	FALSE	FALSE	FALSE	0	0	FALSE	FALSE	1	1	1	11	14	20
bgs_V2_c1_rep2_env6	lfmm_simes	Chr2	15151413	15382147	17	1	Chr2:15151413;Chr2:15155608;Chr2:15163120;Chr2:15177447;Chr2:15177814;Chr2:15179370;Chr2:15187614;Chr2:15193956;Chr2:15209214;Chr2:15215952;Chr2:15236946;Chr2:15247687;Chr2:15256636;Chr2:15265531;Chr2:15319449;Chr2:15381436;Chr2:15382147	Chr2:15179370	""	FALSE	TRUE	FALSE	1	0	FALSE	FALSE	2	2	2	11	14	19
bgs_V2_c1_rep2_env7	emmax_consensus	Chr1	12279363	12352411	14	1	Chr1:12279363;Chr1:12280975;Chr1:12287612;Chr1:12289381;Chr1:12293922;Chr1:12296266;Chr1:12303150;Chr1:12307154;Chr1:12307584;Chr1:12320305;Chr1:12335144;Chr1:12344551;Chr1:12351913;Chr1:12352411	Chr1:12287612	""	FALSE	TRUE	FALSE	1	0	FALSE	FALSE	2	2	2	10	12	18
bgs_V2_c1_rep2_env7	emmax_simes	Chr1	12279363	12352411	14	1	Chr1:12279363;Chr1:12280975;Chr1:12287612;Chr1:12289381;Chr1:12293922;Chr1:12296266;Chr1:12303150;Chr1:12307154;Chr1:12307584;Chr1:12320305;Chr1:12335144;Chr1:12344551;Chr1:12351913;Chr1:12352411	Chr1:12287612	""	FALSE	FALSE	FALSE	0	0	FALSE	FALSE	1	1	1	10	12	18
bgs_V2_c1_rep2_env7	lfmm_simes	Chr1	12279363	12352411	14	1	Chr1:12279363;Chr1:12280975;Chr1:12287612;Chr1:12289381;Chr1:12293922;Chr1:12296266;Chr1:12303150;Chr1:12307154;Chr1:12307584;Chr1:12320305;Chr1:12335144;Chr1:12344551;Chr1:12351913;Chr1:12352411	Chr1:12287612	""	FALSE	TRUE	FALSE	1	0	FALSE	FALSE	2	2	2	10	12	18
bgs_V2_c1_rep3_env2	emmax_consensus	Chr1	3402103	3528103	32	2	Chr1:3402103;Chr1:3403555;Chr1:3404299;Chr1:3405641;Chr1:3408267;Chr1:3416298;Chr1:3424408;Chr1:3429770;Chr1:3437854;Chr1:3443877;Chr1:3445559;Chr1:3453151;Chr1:3455521;Chr1:3457635;Chr1:3458443;Chr1:3462972;Chr1:3474780;Chr1:3477276;Chr1:3479414;Chr1:3480489;Chr1:3481722;Chr1:3486145;Chr1:3488392;Chr1:3493949;Chr1:3498942;Chr1:3499991;Chr1:3510717;Chr1:3516300;Chr1:3521188;Chr1:3523476;Chr1:3525456;Chr1:3528103	Chr1:3453151;Chr1:3499991	Chr1:3445559	TRUE	TRUE	TRUE	1	1	FALSE	FALSE	3	3	3	8	9	13
bgs_V2_c1_rep3_env2	emmax_simes	Chr1	3402103	3528103	32	2	Chr1:3402103;Chr1:3403555;Chr1:3404299;Chr1:3405641;Chr1:3408267;Chr1:3416298;Chr1:3424408;Chr1:3429770;Chr1:3437854;Chr1:3443877;Chr1:3445559;Chr1:3453151;Chr1:3455521;Chr1:3457635;Chr1:3458443;Chr1:3462972;Chr1:3474780;Chr1:3477276;Chr1:3479414;Chr1:3480489;Chr1:3481722;Chr1:3486145;Chr1:3488392;Chr1:3493949;Chr1:3498942;Chr1:3499991;Chr1:3510717;Chr1:3516300;Chr1:3521188;Chr1:3523476;Chr1:3525456;Chr1:3528103	Chr1:3453151;Chr1:3499991	Chr1:3445559	TRUE	TRUE	TRUE	1	1	FALSE	FALSE	3	3	3	8	9	13
bgs_V2_c1_rep3_env2	lfmm_simes	Chr1	3402103	3528103	32	2	Chr1:3402103;Chr1:3403555;Chr1:3404299;Chr1:3405641;Chr1:3408267;Chr1:3416298;Chr1:3424408;Chr1:3429770;Chr1:3437854;Chr1:3443877;Chr1:3445559;Chr1:3453151;Chr1:3455521;Chr1:3457635;Chr1:3458443;Chr1:3462972;Chr1:3474780;Chr1:3477276;Chr1:3479414;Chr1:3480489;Chr1:3481722;Chr1:3486145;Chr1:3488392;Chr1:3493949;Chr1:3498942;Chr1:3499991;Chr1:3510717;Chr1:3516300;Chr1:3521188;Chr1:3523476;Chr1:3525456;Chr1:3528103	Chr1:3453151;Chr1:3499991	Chr1:3445559	TRUE	TRUE	TRUE	1	1	FALSE	FALSE	3	3	3	8	9	13
bgs_V2_c1_rep3_env3	emmax_consensus	Chr1	8484389	8632531	25	1	Chr1:8484389;Chr1:8492450;Chr1:8495564;Chr1:8499436;Chr1:8528396;Chr1:8532653;Chr1:8534323;Chr1:8536145;Chr1:8540301;Chr1:8545185;Chr1:8547195;Chr1:8551543;Chr1:8552921;Chr1:8553045;Chr1:8565627;Chr1:8567641;Chr1:8571495;Chr1:8571579;Chr1:8581407;Chr1:8597866;Chr1:8599272;Chr1:8610194;Chr1:8612099;Chr1:8624819;Chr1:8632531	Chr1:8565627	Chr1:8536145	TRUE	TRUE	TRUE	1	1	FALSE	FALSE	3	3	3	8	9	11
bgs_V2_c1_rep3_env3	emmax_simes	Chr1	8484389	8632531	25	1	Chr1:8484389;Chr1:8492450;Chr1:8495564;Chr1:8499436;Chr1:8528396;Chr1:8532653;Chr1:8534323;Chr1:8536145;Chr1:8540301;Chr1:8545185;Chr1:8547195;Chr1:8551543;Chr1:8552921;Chr1:8553045;Chr1:8565627;Chr1:8567641;Chr1:8571495;Chr1:8571579;Chr1:8581407;Chr1:8597866;Chr1:8599272;Chr1:8610194;Chr1:8612099;Chr1:8624819;Chr1:8632531	Chr1:8565627	Chr1:8536145	TRUE	TRUE	TRUE	1	1	FALSE	FALSE	3	3	3	8	9	11
bgs_V2_c1_rep3_env3	lfmm_simes	Chr1	8484389	8632531	25	1	Chr1:8484389;Chr1:8492450;Chr1:8495564;Chr1:8499436;Chr1:8528396;Chr1:8532653;Chr1:8534323;Chr1:8536145;Chr1:8540301;Chr1:8545185;Chr1:8547195;Chr1:8551543;Chr1:8552921;Chr1:8553045;Chr1:8565627;Chr1:8567641;Chr1:8571495;Chr1:8571579;Chr1:8581407;Chr1:8597866;Chr1:8599272;Chr1:8610194;Chr1:8612099;Chr1:8624819;Chr1:8632531	Chr1:8565627	Chr1:8536145	TRUE	TRUE	TRUE	1	1	FALSE	FALSE	3	3	3	8	9	11
bgs_V2_c1_rep3_env6	emmax_consensus	Chr1	3640408	3752528	11	1	Chr1:3640408;Chr1:3674151;Chr1:3679365;Chr1:3685140;Chr1:3690044;Chr1:3720042;Chr1:3725208;Chr1:3731400;Chr1:3739564;Chr1:3742200;Chr1:3752528	Chr1:3720042	Chr1:3674151	TRUE	TRUE	FALSE	1	0	FALSE	FALSE	2	2	2	8	9	14
bgs_V2_c1_rep3_env6	emmax_simes	Chr1	3640408	3752528	11	1	Chr1:3640408;Chr1:3674151;Chr1:3679365;Chr1:3685140;Chr1:3690044;Chr1:3720042;Chr1:3725208;Chr1:3731400;Chr1:3739564;Chr1:3742200;Chr1:3752528	Chr1:3720042	Chr1:3674151	TRUE	TRUE	FALSE	1	0	FALSE	FALSE	2	2	2	8	9	14
bgs_V2_c1_rep3_env6	lfmm_simes	Chr1	3640408	3752528	11	1	Chr1:3640408;Chr1:3674151;Chr1:3679365;Chr1:3685140;Chr1:3690044;Chr1:3720042;Chr1:3725208;Chr1:3731400;Chr1:3739564;Chr1:3742200;Chr1:3752528	Chr1:3720042	Chr1:3674151	TRUE	TRUE	FALSE	1	0	FALSE	FALSE	2	2	2	8	9	14
bgs_V2_c1_rep3_env9	emmax_simes	Chr1	3657628	3731640	12	1	Chr1:3657628;Chr1:3673100;Chr1:3674151;Chr1:3683061;Chr1:3684318;Chr1:3686451;Chr1:3687391;Chr1:3694786;Chr1:3694881;Chr1:3713671;Chr1:3718549;Chr1:3731640	Chr1:3694786	Chr1:3674151	TRUE	TRUE	TRUE	1	1	FALSE	FALSE	3	3	3	7	8	11
bgs_V2_c1_rep3_env9	lfmm_simes	Chr1	3657628	3731640	12	1	Chr1:3657628;Chr1:3673100;Chr1:3674151;Chr1:3683061;Chr1:3684318;Chr1:3686451;Chr1:3687391;Chr1:3694786;Chr1:3694881;Chr1:3713671;Chr1:3718549;Chr1:3731640	Chr1:3694786	Chr1:3674151	TRUE	TRUE	TRUE	1	1	FALSE	FALSE	3	3	3	7	8	11
bgs_V2_c1_rep4_env3	emmax_consensus	Chr1	8264333	8389991	17	1	Chr1:8264333;Chr1:8284838;Chr1:8290627;Chr1:8292138;Chr1:8293724;Chr1:8317015;Chr1:8318963;Chr1:8321403;Chr1:8325706;Chr1:8335737;Chr1:8345252;Chr1:8349028;Chr1:8352111;Chr1:8359343;Chr1:8360144;Chr1:8364592;Chr1:8389991	Chr1:8317015	""	FALSE	TRUE	FALSE	1	0	FALSE	FALSE	2	2	2	13	17	26
bgs_V2_c1_rep4_env3	emmax_simes	Chr1	8264333	8389991	17	1	Chr1:8264333;Chr1:8284838;Chr1:8290627;Chr1:8292138;Chr1:8293724;Chr1:8317015;Chr1:8318963;Chr1:8321403;Chr1:8325706;Chr1:8335737;Chr1:8345252;Chr1:8349028;Chr1:8352111;Chr1:8359343;Chr1:8360144;Chr1:8364592;Chr1:8389991	Chr1:8317015	""	FALSE	FALSE	FALSE	0	0	FALSE	FALSE	1	1	1	13	17	26
bgs_V2_c1_rep4_env6	emmax_consensus	Chr1	9189077	9343193	15	1	Chr1:9189077;Chr1:9208325;Chr1:9227462;Chr1:9235053;Chr1:9250383;Chr1:9257417;Chr1:9262100;Chr1:9263521;Chr1:9287556;Chr1:9298773;Chr1:9322686;Chr1:9333245;Chr1:9334133;Chr1:9340283;Chr1:9343193	Chr1:9250383	Chr1:9189077	TRUE	TRUE	FALSE	1	0	FALSE	FALSE	2	2	2	12	15	29
bgs_V2_c1_rep4_env6	emmax_simes	Chr1	9189077	9343193	15	1	Chr1:9189077;Chr1:9208325;Chr1:9227462;Chr1:9235053;Chr1:9250383;Chr1:9257417;Chr1:9262100;Chr1:9263521;Chr1:9287556;Chr1:9298773;Chr1:9322686;Chr1:9333245;Chr1:9334133;Chr1:9340283;Chr1:9343193	Chr1:9250383	Chr1:9189077	TRUE	FALSE	FALSE	0	0	FALSE	FALSE	1	1	1	12	15	29
bgs_V2_c1_rep4_env6	lfmm_simes	Chr1	9189077	9343193	15	1	Chr1:9189077;Chr1:9208325;Chr1:9227462;Chr1:9235053;Chr1:9250383;Chr1:9257417;Chr1:9262100;Chr1:9263521;Chr1:9287556;Chr1:9298773;Chr1:9322686;Chr1:9333245;Chr1:9334133;Chr1:9340283;Chr1:9343193	Chr1:9250383	Chr1:9189077	TRUE	TRUE	FALSE	1	0	FALSE	FALSE	2	2	2	12	15	29
bgs_V2_c1_rep5_env1	emmax_consensus	Chr1	10365	496414	65	2	Chr1:10365;Chr1:27113;Chr1:32424;Chr1:52176;Chr1:56046;Chr1:95426;Chr1:109232;Chr1:120376;Chr1:161465;Chr1:203393;Chr1:203947;Chr1:214177;Chr1:222799;Chr1:223765;Chr1:227790;Chr1:233827;Chr1:234912;Chr1:280688;Chr1:292529;Chr1:293021;Chr1:299193;Chr1:342157;Chr1:363001;Chr1:372998;Chr1:400092;Chr1:409948;Chr1:414320;Chr1:418908;Chr1:428776;Chr1:81323;Chr1:106459;Chr1:139529;Chr1:141765;Chr1:156517;Chr1:166994;Chr1:169738;Chr1:177576;Chr1:182867;Chr1:197426;Chr1:199934;Chr1:211217;Chr1:224710;Chr1:231002;Chr1:257010;Chr1:314316;Chr1:318069;Chr1:321761;Chr1:346687;Chr1:356096;Chr1:374856;Chr1:375753;Chr1:379135;Chr1:404658;Chr1:406286;Chr1:427189;Chr1:440169;Chr1:441841;Chr1:442715;Chr1:444008;Chr1:449238;Chr1:452932;Chr1:456936;Chr1:457286;Chr1:475883;Chr1:496414	Chr1:10365;Chr1:81323	Chr1:409948	TRUE	FALSE	TRUE	0	1	FALSE	FALSE	2	2	2	9	12	24
bgs_V2_c1_rep5_env1	emmax_consensus	Chr1	6878062	6921420	16	1	Chr1:6878062;Chr1:6878648;Chr1:6882361;Chr1:6882900;Chr1:6888329;Chr1:6891264;Chr1:6900108;Chr1:6903616;Chr1:6904666;Chr1:6906774;Chr1:6908582;Chr1:6916398;Chr1:6916436;Chr1:6917709;Chr1:6919920;Chr1:6921420	Chr1:6908582	""	FALSE	TRUE	FALSE	1	0	FALSE	FALSE	2	2	2	9	12	24
bgs_V2_c1_rep5_env1	emmax_simes	Chr1	10365	496414	65	2	Chr1:10365;Chr1:27113;Chr1:32424;Chr1:52176;Chr1:56046;Chr1:95426;Chr1:109232;Chr1:120376;Chr1:161465;Chr1:203393;Chr1:203947;Chr1:214177;Chr1:222799;Chr1:223765;Chr1:227790;Chr1:233827;Chr1:234912;Chr1:280688;Chr1:292529;Chr1:293021;Chr1:299193;Chr1:342157;Chr1:363001;Chr1:372998;Chr1:400092;Chr1:409948;Chr1:414320;Chr1:418908;Chr1:428776;Chr1:81323;Chr1:106459;Chr1:139529;Chr1:141765;Chr1:156517;Chr1:166994;Chr1:169738;Chr1:177576;Chr1:182867;Chr1:197426;Chr1:199934;Chr1:211217;Chr1:224710;Chr1:231002;Chr1:257010;Chr1:314316;Chr1:318069;Chr1:321761;Chr1:346687;Chr1:356096;Chr1:374856;Chr1:375753;Chr1:379135;Chr1:404658;Chr1:406286;Chr1:427189;Chr1:440169;Chr1:441841;Chr1:442715;Chr1:444008;Chr1:449238;Chr1:452932;Chr1:456936;Chr1:457286;Chr1:475883;Chr1:496414	Chr1:10365;Chr1:81323	Chr1:409948	TRUE	FALSE	TRUE	0	1	FALSE	FALSE	2	2	2	9	12	24
bgs_V2_c1_rep5_env1	emmax_simes	Chr1	6878062	6921420	16	1	Chr1:6878062;Chr1:6878648;Chr1:6882361;Chr1:6882900;Chr1:6888329;Chr1:6891264;Chr1:6900108;Chr1:6903616;Chr1:6904666;Chr1:6906774;Chr1:6908582;Chr1:6916398;Chr1:6916436;Chr1:6917709;Chr1:6919920;Chr1:6921420	Chr1:6908582	""	FALSE	FALSE	FALSE	0	0	FALSE	FALSE	1	1	1	9	12	24
bgs_V2_c1_rep5_env1	lfmm_simes	Chr1	10365	496414	65	2	Chr1:10365;Chr1:27113;Chr1:32424;Chr1:52176;Chr1:56046;Chr1:95426;Chr1:109232;Chr1:120376;Chr1:161465;Chr1:203393;Chr1:203947;Chr1:214177;Chr1:222799;Chr1:223765;Chr1:227790;Chr1:233827;Chr1:234912;Chr1:280688;Chr1:292529;Chr1:293021;Chr1:299193;Chr1:342157;Chr1:363001;Chr1:372998;Chr1:400092;Chr1:409948;Chr1:414320;Chr1:418908;Chr1:428776;Chr1:81323;Chr1:106459;Chr1:139529;Chr1:141765;Chr1:156517;Chr1:166994;Chr1:169738;Chr1:177576;Chr1:182867;Chr1:197426;Chr1:199934;Chr1:211217;Chr1:224710;Chr1:231002;Chr1:257010;Chr1:314316;Chr1:318069;Chr1:321761;Chr1:346687;Chr1:356096;Chr1:374856;Chr1:375753;Chr1:379135;Chr1:404658;Chr1:406286;Chr1:427189;Chr1:440169;Chr1:441841;Chr1:442715;Chr1:444008;Chr1:449238;Chr1:452932;Chr1:456936;Chr1:457286;Chr1:475883;Chr1:496414	Chr1:10365;Chr1:81323	Chr1:409948	TRUE	TRUE	TRUE	1	1	FALSE	FALSE	3	3	3	9	12	24
bgs_V2_c1_rep5_env1	lfmm_simes	Chr1	6878062	6921420	16	1	Chr1:6878062;Chr1:6878648;Chr1:6882361;Chr1:6882900;Chr1:6888329;Chr1:6891264;Chr1:6900108;Chr1:6903616;Chr1:6904666;Chr1:6906774;Chr1:6908582;Chr1:6916398;Chr1:6916436;Chr1:6917709;Chr1:6919920;Chr1:6921420	Chr1:6908582	""	FALSE	TRUE	FALSE	1	0	FALSE	FALSE	2	2	2	9	12	24
bgs_V2_c1_rep5_env2	emmax_consensus	Chr1	1232450	1277869	12	1	Chr1:1232450;Chr1:1235644;Chr1:1236848;Chr1:1236992;Chr1:1239545;Chr1:1263050;Chr1:1265635;Chr1:1270623;Chr1:1272033;Chr1:1273850;Chr1:1276369;Chr1:1277869	Chr1:1265635	Chr1:1277869	TRUE	TRUE	FALSE	1	0	FALSE	FALSE	2	2	2	9	12	23
bgs_V2_c1_rep5_env2	emmax_simes	Chr1	1232450	1277869	12	1	Chr1:1232450;Chr1:1235644;Chr1:1236848;Chr1:1236992;Chr1:1239545;Chr1:1263050;Chr1:1265635;Chr1:1270623;Chr1:1272033;Chr1:1273850;Chr1:1276369;Chr1:1277869	Chr1:1265635	Chr1:1277869	TRUE	TRUE	FALSE	1	0	FALSE	FALSE	2	2	2	9	12	23
bgs_V2_c1_rep5_env2	lfmm_simes	Chr1	1213186	1270023	14	1	Chr1:1213186;Chr1:1223649;Chr1:1224306;Chr1:1224313;Chr1:1225006;Chr1:1225169;Chr1:1225444;Chr1:1231876;Chr1:1237433;Chr1:1238459;Chr1:1248974;Chr1:1266526;Chr1:1266531;Chr1:1270023	Chr1:1213186	Chr1:1277869	TRUE	TRUE	FALSE	1	0	FALSE	FALSE	2	2	2	9	12	23
bgs_V2_c1_rep5_env2	lfmm_simes	Chr1	1232450	1277869	12	1	Chr1:1232450;Chr1:1235644;Chr1:1236848;Chr1:1236992;Chr1:1239545;Chr1:1263050;Chr1:1265635;Chr1:1270623;Chr1:1272033;Chr1:1273850;Chr1:1276369;Chr1:1277869	Chr1:1265635	Chr1:1277869	TRUE	TRUE	FALSE	1	0	FALSE	FALSE	2	2	2	9	12	23
bgs_V2_c1_rep5_env3	emmax_consensus	Chr1	351	492572	109	3	Chr1:351;Chr1:28661;Chr1:88128;Chr1:109226;Chr1:113464;Chr1:116485;Chr1:157476;Chr1:217501;Chr1:221870;Chr1:280982;Chr1:415603;Chr1:3040;Chr1:6934;Chr1:7476;Chr1:37232;Chr1:43176;Chr1:44473;Chr1:52181;Chr1:59473;Chr1:72623;Chr1:73247;Chr1:82395;Chr1:86649;Chr1:102191;Chr1:102342;Chr1:102825;Chr1:105866;Chr1:106693;Chr1:114215;Chr1:115690;Chr1:117117;Chr1:119232;Chr1:119923;Chr1:121722;Chr1:127575;Chr1:161092;Chr1:177717;Chr1:179486;Chr1:179622;Chr1:194728;Chr1:197355;Chr1:199874;Chr1:201357;Chr1:201467;Chr1:220131;Chr1:222328;Chr1:222637;Chr1:228600;Chr1:240306;Chr1:248305;Chr1:253579;Chr1:262717;Chr1:270511;Chr1:279807;Chr1:280993;Chr1:289300;Chr1:298888;Chr1:304243;Chr1:308716;Chr1:310232;Chr1:313023;Chr1:316957;Chr1:317183;Chr1:324743;Chr1:336668;Chr1:353814;Chr1:376928;Chr1:393834;Chr1:407239;Chr1:410492;Chr1:418876;Chr1:425380;Chr1:431898;Chr1:433331;Chr1:436446;Chr1:438306;Chr1:447767;Chr1:51449;Chr1:56046;Chr1:82501;Chr1:119645;Chr1:155661;Chr1:163270;Chr1:168665;Chr1:190038;Chr1:224964;Chr1:230928;Chr1:244949;Chr1:253189;Chr1:268835;Chr1:292268;Chr1:294698;Chr1:314870;Chr1:320080;Chr1:327843;Chr1:330120;Chr1:367740;Chr1:375060;Chr1:377284;Chr1:380788;Chr1:413100;Chr1:458888;Chr1:463987;Chr1:467592;Chr1:475488;Chr1:484648;Chr1:486018;Chr1:491423;Chr1:492572	Chr1:351;Chr1:6934;Chr1:51449	Chr1:113464	TRUE	TRUE	TRUE	1	1	FALSE	FALSE	3	3	3	9	11	21
bgs_V2_c1_rep5_env3	emmax_simes	Chr1	351	492572	109	3	Chr1:351;Chr1:28661;Chr1:88128;Chr1:109226;Chr1:113464;Chr1:116485;Chr1:157476;Chr1:217501;Chr1:221870;Chr1:280982;Chr1:415603;Chr1:3040;Chr1:6934;Chr1:7476;Chr1:37232;Chr1:43176;Chr1:44473;Chr1:52181;Chr1:59473;Chr1:72623;Chr1:73247;Chr1:82395;Chr1:86649;Chr1:102191;Chr1:102342;Chr1:102825;Chr1:105866;Chr1:106693;Chr1:114215;Chr1:115690;Chr1:117117;Chr1:119232;Chr1:119923;Chr1:121722;Chr1:127575;Chr1:161092;Chr1:177717;Chr1:179486;Chr1:179622;Chr1:194728;Chr1:197355;Chr1:199874;Chr1:201357;Chr1:201467;Chr1:220131;Chr1:222328;Chr1:222637;Chr1:228600;Chr1:240306;Chr1:248305;Chr1:253579;Chr1:262717;Chr1:270511;Chr1:279807;Chr1:280993;Chr1:289300;Chr1:298888;Chr1:304243;Chr1:308716;Chr1:310232;Chr1:313023;Chr1:316957;Chr1:317183;Chr1:324743;Chr1:336668;Chr1:353814;Chr1:376928;Chr1:393834;Chr1:407239;Chr1:410492;Chr1:418876;Chr1:425380;Chr1:431898;Chr1:433331;Chr1:436446;Chr1:438306;Chr1:447767;Chr1:51449;Chr1:56046;Chr1:82501;Chr1:119645;Chr1:155661;Chr1:163270;Chr1:168665;Chr1:190038;Chr1:224964;Chr1:230928;Chr1:244949;Chr1:253189;Chr1:268835;Chr1:292268;Chr1:294698;Chr1:314870;Chr1:320080;Chr1:327843;Chr1:330120;Chr1:367740;Chr1:375060;Chr1:377284;Chr1:380788;Chr1:413100;Chr1:458888;Chr1:463987;Chr1:467592;Chr1:475488;Chr1:484648;Chr1:486018;Chr1:491423;Chr1:492572	Chr1:351;Chr1:6934;Chr1:51449	Chr1:113464	TRUE	TRUE	TRUE	1	1	FALSE	FALSE	3	3	3	9	11	21
bgs_V2_c1_rep5_env3	lfmm_simes	Chr1	351	492572	109	3	Chr1:351;Chr1:28661;Chr1:88128;Chr1:109226;Chr1:113464;Chr1:116485;Chr1:157476;Chr1:217501;Chr1:221870;Chr1:280982;Chr1:415603;Chr1:3040;Chr1:6934;Chr1:7476;Chr1:37232;Chr1:43176;Chr1:44473;Chr1:52181;Chr1:59473;Chr1:72623;Chr1:73247;Chr1:82395;Chr1:86649;Chr1:102191;Chr1:102342;Chr1:102825;Chr1:105866;Chr1:106693;Chr1:114215;Chr1:115690;Chr1:117117;Chr1:119232;Chr1:119923;Chr1:121722;Chr1:127575;Chr1:161092;Chr1:177717;Chr1:179486;Chr1:179622;Chr1:194728;Chr1:197355;Chr1:199874;Chr1:201357;Chr1:201467;Chr1:220131;Chr1:222328;Chr1:222637;Chr1:228600;Chr1:240306;Chr1:248305;Chr1:253579;Chr1:262717;Chr1:270511;Chr1:279807;Chr1:280993;Chr1:289300;Chr1:298888;Chr1:304243;Chr1:308716;Chr1:310232;Chr1:313023;Chr1:316957;Chr1:317183;Chr1:324743;Chr1:336668;Chr1:353814;Chr1:376928;Chr1:393834;Chr1:407239;Chr1:410492;Chr1:418876;Chr1:425380;Chr1:431898;Chr1:433331;Chr1:436446;Chr1:438306;Chr1:447767;Chr1:51449;Chr1:56046;Chr1:82501;Chr1:119645;Chr1:155661;Chr1:163270;Chr1:168665;Chr1:190038;Chr1:224964;Chr1:230928;Chr1:244949;Chr1:253189;Chr1:268835;Chr1:292268;Chr1:294698;Chr1:314870;Chr1:320080;Chr1:327843;Chr1:330120;Chr1:367740;Chr1:375060;Chr1:377284;Chr1:380788;Chr1:413100;Chr1:458888;Chr1:463987;Chr1:467592;Chr1:475488;Chr1:484648;Chr1:486018;Chr1:491423;Chr1:492572	Chr1:351;Chr1:6934;Chr1:51449	Chr1:113464	TRUE	TRUE	TRUE	1	1	FALSE	FALSE	3	3	3	9	11	21
bgs_V2_c1_rep5_env3	lfmm_simes	Chr1	562618	586741	12	1	Chr1:562618;Chr1:567758;Chr1:573487;Chr1:577290;Chr1:579134;Chr1:582792;Chr1:583056;Chr1:583075;Chr1:583353;Chr1:585274;Chr1:586434;Chr1:586741	Chr1:577290	""	FALSE	TRUE	FALSE	1	0	FALSE	FALSE	2	2	2	9	11	21
bgs_V2_c1_rep5_env4	emmax_consensus	Chr1	4179661	4227213	14	1	Chr1:4179661;Chr1:4179904;Chr1:4181746;Chr1:4182249;Chr1:4188656;Chr1:4195620;Chr1:4197689;Chr1:4198648;Chr1:4200605;Chr1:4205576;Chr1:4212783;Chr1:4216106;Chr1:4217447;Chr1:4227213	Chr1:4182249	Chr1:4237396	TRUE	FALSE	FALSE	0	0	FALSE	FALSE	1	1	1	9	12	22
bgs_V2_c1_rep5_env4	lfmm_simes	Chr1	4179661	4227213	14	1	Chr1:4179661;Chr1:4179904;Chr1:4181746;Chr1:4182249;Chr1:4188656;Chr1:4195620;Chr1:4197689;Chr1:4198648;Chr1:4200605;Chr1:4205576;Chr1:4212783;Chr1:4216106;Chr1:4217447;Chr1:4227213	Chr1:4182249	Chr1:4237396	TRUE	TRUE	FALSE	1	0	FALSE	FALSE	2	2	2	9	12	22
bgs_V2_c1_rep5_env8	emmax_consensus	Chr1	11913516	11945612	12	1	Chr1:11913516;Chr1:11914761;Chr1:11916338;Chr1:11919543;Chr1:11922871;Chr1:11925553;Chr1:11925621;Chr1:11927080;Chr1:11941396;Chr1:11944178;Chr1:11944712;Chr1:11945612	Chr1:11945612	Chr1:11974854	TRUE	TRUE	FALSE	1	0	FALSE	FALSE	2	2	2	9	12	18
bgs_V2_c1_rep5_env8	emmax_simes	Chr1	11913516	11945612	12	1	Chr1:11913516;Chr1:11914761;Chr1:11916338;Chr1:11919543;Chr1:11922871;Chr1:11925553;Chr1:11925621;Chr1:11927080;Chr1:11941396;Chr1:11944178;Chr1:11944712;Chr1:11945612	Chr1:11945612	Chr1:11974854	TRUE	TRUE	FALSE	1	0	FALSE	FALSE	2	2	2	9	12	18
bgs_V2_c1_rep5_env8	lfmm_simes	Chr1	11913516	11945612	12	1	Chr1:11913516;Chr1:11914761;Chr1:11916338;Chr1:11919543;Chr1:11922871;Chr1:11925553;Chr1:11925621;Chr1:11927080;Chr1:11941396;Chr1:11944178;Chr1:11944712;Chr1:11945612	Chr1:11945612	Chr1:11974854	TRUE	TRUE	FALSE	1	0	FALSE	FALSE	2	2	2	9	12	18
bgs_V2_c1_rep5_env9	emmax_consensus	Chr2	7285826	7354557	13	1	Chr2:7285826;Chr2:7288987;Chr2:7291134;Chr2:7292787;Chr2:7301578;Chr2:7303731;Chr2:7306791;Chr2:7332518;Chr2:7332519;Chr2:7332697;Chr2:7339479;Chr2:7340182;Chr2:7354557	Chr2:7303731	""	FALSE	TRUE	FALSE	1	0	FALSE	FALSE	2	2	2	9	12	25
bgs_V2_c1_rep6_env2	lfmm_simes	Chr1	11066878	11132421	15	1	Chr1:11066878;Chr1:11071743;Chr1:11072586;Chr1:11072877;Chr1:11072966;Chr1:11083450;Chr1:11094816;Chr1:11098390;Chr1:11100616;Chr1:11107703;Chr1:11111086;Chr1:11117168;Chr1:11119213;Chr1:11127994;Chr1:11132421	Chr1:11100616	Chr1:11132421	TRUE	TRUE	TRUE	1	1	FALSE	FALSE	3	3	3	8	10	14
bgs_V2_c1_rep6_env3	emmax_consensus	Chr1	10230189	10451664	22	2	Chr1:10230189;Chr1:10230405;Chr1:10246343;Chr1:10258276;Chr1:10260741;Chr1:10268487;Chr1:10411886;Chr1:10416975;Chr1:10445550;Chr1:10451664;Chr1:10275029;Chr1:10291193;Chr1:10300933;Chr1:10315170;Chr1:10330425;Chr1:10340806;Chr1:10341168;Chr1:10344801;Chr1:10352535;Chr1:10366871;Chr1:10372121;Chr1:10399214	Chr1:10246343;Chr1:10340806	""	FALSE	TRUE	TRUE	1	1	FALSE	FALSE	3	3	3	8	9	12
bgs_V2_c1_rep6_env3	emmax_consensus	Chr1	10296233	10352278	9	1	Chr1:10296233;Chr1:10296406;Chr1:10296432;Chr1:10307760;Chr1:10309796;Chr1:10315609;Chr1:10321686;Chr1:10347352;Chr1:10352278	Chr1:10307760	""	FALSE	TRUE	FALSE	1	0	FALSE	FALSE	2	2	3	8	9	12
bgs_V2_c1_rep6_env3	emmax_simes	Chr1	10230189	10451664	22	2	Chr1:10230189;Chr1:10230405;Chr1:10246343;Chr1:10258276;Chr1:10260741;Chr1:10268487;Chr1:10411886;Chr1:10416975;Chr1:10445550;Chr1:10451664;Chr1:10275029;Chr1:10291193;Chr1:10300933;Chr1:10315170;Chr1:10330425;Chr1:10340806;Chr1:10341168;Chr1:10344801;Chr1:10352535;Chr1:10366871;Chr1:10372121;Chr1:10399214	Chr1:10246343;Chr1:10340806	""	FALSE	FALSE	TRUE	0	1	FALSE	FALSE	2	2	2	8	9	12
bgs_V2_c1_rep6_env3	lfmm_simes	Chr1	10230189	10451664	22	2	Chr1:10230189;Chr1:10230405;Chr1:10246343;Chr1:10258276;Chr1:10260741;Chr1:10268487;Chr1:10411886;Chr1:10416975;Chr1:10445550;Chr1:10451664;Chr1:10275029;Chr1:10291193;Chr1:10300933;Chr1:10315170;Chr1:10330425;Chr1:10340806;Chr1:10341168;Chr1:10344801;Chr1:10352535;Chr1:10366871;Chr1:10372121;Chr1:10399214	Chr1:10246343;Chr1:10340806	""	FALSE	TRUE	TRUE	1	1	FALSE	FALSE	3	3	3	8	9	12
bgs_V2_c1_rep6_env3	lfmm_simes	Chr1	10296233	10352278	9	1	Chr1:10296233;Chr1:10296406;Chr1:10296432;Chr1:10307760;Chr1:10309796;Chr1:10315609;Chr1:10321686;Chr1:10347352;Chr1:10352278	Chr1:10307760	""	FALSE	TRUE	FALSE	1	0	FALSE	FALSE	2	2	3	8	9	12
bgs_V2_c1_rep6_env9	emmax_consensus	Chr2	8379614	8420119	11	1	Chr2:8379614;Chr2:8388678;Chr2:8389364;Chr2:8390795;Chr2:8392750;Chr2:8394405;Chr2:8404322;Chr2:8409627;Chr2:8410566;Chr2:8411632;Chr2:8420119	Chr2:8388678	""	FALSE	FALSE	FALSE	0	0	FALSE	FALSE	1	1	1	8	9	13
bgs_V2_c1_rep6_env9	emmax_simes	Chr2	8379614	8420119	11	1	Chr2:8379614;Chr2:8388678;Chr2:8389364;Chr2:8390795;Chr2:8392750;Chr2:8394405;Chr2:8404322;Chr2:8409627;Chr2:8410566;Chr2:8411632;Chr2:8420119	Chr2:8388678	""	FALSE	FALSE	FALSE	0	0	FALSE	FALSE	1	1	1	8	9	13
bgs_V2_c1_rep6_env9	lfmm_simes	Chr2	8379614	8420119	11	1	Chr2:8379614;Chr2:8388678;Chr2:8389364;Chr2:8390795;Chr2:8392750;Chr2:8394405;Chr2:8404322;Chr2:8409627;Chr2:8410566;Chr2:8411632;Chr2:8420119	Chr2:8388678	""	FALSE	TRUE	FALSE	1	0	FALSE	FALSE	2	2	2	8	9	13
bgs_V2_c1_rep7_env10	emmax_simes	Chr2	15573074	15710803	16	1	Chr2:15573074;Chr2:15577627;Chr2:15593379;Chr2:15596428;Chr2:15620119;Chr2:15629495;Chr2:15635381;Chr2:15648161;Chr2:15651217;Chr2:15651918;Chr2:15654917;Chr2:15665715;Chr2:15667443;Chr2:15673782;Chr2:15691244;Chr2:15710803	Chr2:15635381	""	FALSE	FALSE	FALSE	0	0	FALSE	FALSE	1	1	1	12	14	20
bgs_V2_c1_rep8_env5	emmax_consensus	Chr1	4446793	4466233	9	1	Chr1:4446793;Chr1:4450102;Chr1:4454242;Chr1:4454464;Chr1:4457875;Chr1:4459025;Chr1:4461533;Chr1:4465512;Chr1:4466233	Chr1:4461533	Chr1:4506068	TRUE	FALSE	FALSE	0	0	FALSE	FALSE	1	1	1	8	9	13
bgs_V2_c1_rep8_env5	emmax_consensus	Chr2	11928	480083	52	1	Chr2:11928;Chr2:19716;Chr2:32684;Chr2:53622;Chr2:53832;Chr2:55529;Chr2:77911;Chr2:93957;Chr2:99723;Chr2:103865;Chr2:105454;Chr2:112271;Chr2:116115;Chr2:119910;Chr2:126777;Chr2:149339;Chr2:151671;Chr2:158945;Chr2:170381;Chr2:171457;Chr2:175870;Chr2:179472;Chr2:226030;Chr2:228727;Chr2:240054;Chr2:248971;Chr2:257517;Chr2:273781;Chr2:282562;Chr2:287039;Chr2:297040;Chr2:299993;Chr2:312509;Chr2:313762;Chr2:319209;Chr2:320874;Chr2:354399;Chr2:363496;Chr2:366672;Chr2:367660;Chr2:373097;Chr2:389843;Chr2:413810;Chr2:431659;Chr2:437163;Chr2:441076;Chr2:443680;Chr2:445505;Chr2:448276;Chr2:450450;Chr2:477957;Chr2:480083	Chr2:11928	""	FALSE	FALSE	TRUE	0	1	FALSE	FALSE	2	2	2	8	9	13
bgs_V2_c1_rep8_env5	lfmm_simes	Chr1	4446793	4466233	9	1	Chr1:4446793;Chr1:4450102;Chr1:4454242;Chr1:4454464;Chr1:4457875;Chr1:4459025;Chr1:4461533;Chr1:4465512;Chr1:4466233	Chr1:4461533	Chr1:4506068	TRUE	TRUE	FALSE	1	0	FALSE	FALSE	2	2	2	8	9	13
bgs_V2_c1_rep8_env7	emmax_consensus	Chr1	8077501	8144945	13	1	Chr1:8077501;Chr1:8079922;Chr1:8087274;Chr1:8090277;Chr1:8094444;Chr1:8097124;Chr1:8097132;Chr1:8101085;Chr1:8105568;Chr1:8117851;Chr1:8127473;Chr1:8139232;Chr1:8144945	Chr1:8094444	""	FALSE	FALSE	FALSE	0	0	FALSE	FALSE	1	1	1	8	10	14
bgs_V2_c1_rep8_env7	emmax_simes	Chr1	8077501	8144945	13	1	Chr1:8077501;Chr1:8079922;Chr1:8087274;Chr1:8090277;Chr1:8094444;Chr1:8097124;Chr1:8097132;Chr1:8101085;Chr1:8105568;Chr1:8117851;Chr1:8127473;Chr1:8139232;Chr1:8144945	Chr1:8094444	""	FALSE	FALSE	FALSE	0	0	FALSE	FALSE	1	1	1	8	10	14
bgs_V2_c1_rep8_env7	lfmm_simes	Chr1	8077501	8144945	13	1	Chr1:8077501;Chr1:8079922;Chr1:8087274;Chr1:8090277;Chr1:8094444;Chr1:8097124;Chr1:8097132;Chr1:8101085;Chr1:8105568;Chr1:8117851;Chr1:8127473;Chr1:8139232;Chr1:8144945	Chr1:8094444	""	FALSE	TRUE	FALSE	1	0	FALSE	FALSE	2	2	2	8	10	14
bgs_V2_c1_rep8_env8	emmax_consensus	Chr1	13587349	13637406	14	1	Chr1:13587349;Chr1:13588610;Chr1:13591532;Chr1:13592470;Chr1:13595107;Chr1:13600611;Chr1:13603903;Chr1:13605732;Chr1:13608891;Chr1:13610809;Chr1:13617143;Chr1:13622074;Chr1:13622829;Chr1:13637406	Chr1:13591532	Chr1:13592470	TRUE	TRUE	TRUE	1	1	FALSE	FALSE	3	3	3	8	9	12
bgs_V2_c1_rep8_env8	emmax_consensus	Chr1	13668218	13709511	9	1	Chr1:13668218;Chr1:13678191;Chr1:13682613;Chr1:13683666;Chr1:13685573;Chr1:13687166;Chr1:13703712;Chr1:13704027;Chr1:13709511	Chr1:13678191	Chr1:13592470	TRUE	TRUE	FALSE	1	0	FALSE	FALSE	2	2	2	8	9	12
bgs_V2_c1_rep8_env8	emmax_simes	Chr1	13587349	13637406	14	1	Chr1:13587349;Chr1:13588610;Chr1:13591532;Chr1:13592470;Chr1:13595107;Chr1:13600611;Chr1:13603903;Chr1:13605732;Chr1:13608891;Chr1:13610809;Chr1:13617143;Chr1:13622074;Chr1:13622829;Chr1:13637406	Chr1:13591532	Chr1:13592470	TRUE	TRUE	TRUE	1	1	FALSE	FALSE	3	3	3	8	9	12
bgs_V2_c1_rep8_env8	emmax_simes	Chr1	13668218	13709511	9	1	Chr1:13668218;Chr1:13678191;Chr1:13682613;Chr1:13683666;Chr1:13685573;Chr1:13687166;Chr1:13703712;Chr1:13704027;Chr1:13709511	Chr1:13678191	Chr1:13592470	TRUE	TRUE	FALSE	1	0	FALSE	FALSE	2	2	2	8	9	12
bgs_V2_c1_rep8_env8	lfmm_simes	Chr1	13587349	13637406	14	1	Chr1:13587349;Chr1:13588610;Chr1:13591532;Chr1:13592470;Chr1:13595107;Chr1:13600611;Chr1:13603903;Chr1:13605732;Chr1:13608891;Chr1:13610809;Chr1:13617143;Chr1:13622074;Chr1:13622829;Chr1:13637406	Chr1:13591532	Chr1:13592470	TRUE	TRUE	TRUE	1	1	FALSE	FALSE	3	3	3	8	9	12
bgs_V2_c1_rep8_env8	lfmm_simes	Chr1	13668218	13709511	9	1	Chr1:13668218;Chr1:13678191;Chr1:13682613;Chr1:13683666;Chr1:13685573;Chr1:13687166;Chr1:13703712;Chr1:13704027;Chr1:13709511	Chr1:13678191	Chr1:13592470	TRUE	TRUE	FALSE	1	0	FALSE	FALSE	2	2	2	8	9	12
bgs_V2_c1_rep9_env4	emmax_consensus	Chr1	8212503	8346812	34	2	Chr1:8212503;Chr1:8214615;Chr1:8217880;Chr1:8220281;Chr1:8225730;Chr1:8227727;Chr1:8232187;Chr1:8236066;Chr1:8237641;Chr1:8237691;Chr1:8248339;Chr1:8254025;Chr1:8260754;Chr1:8262716;Chr1:8265828;Chr1:8267805;Chr1:8274621;Chr1:8275218;Chr1:8279357;Chr1:8281145;Chr1:8285877;Chr1:8286681;Chr1:8294834;Chr1:8303931;Chr1:8315766;Chr1:8320795;Chr1:8321284;Chr1:8327977;Chr1:8336326;Chr1:8337879;Chr1:8339629;Chr1:8340184;Chr1:8342444;Chr1:8346812	Chr1:8227727;Chr1:8339629	Chr1:8286681	TRUE	TRUE	TRUE	1	1	FALSE	FALSE	3	3	3	8	10	15
bgs_V2_c1_rep9_env4	emmax_simes	Chr1	8212503	8346812	34	2	Chr1:8212503;Chr1:8214615;Chr1:8217880;Chr1:8220281;Chr1:8225730;Chr1:8227727;Chr1:8232187;Chr1:8236066;Chr1:8237641;Chr1:8237691;Chr1:8248339;Chr1:8254025;Chr1:8260754;Chr1:8262716;Chr1:8265828;Chr1:8267805;Chr1:8274621;Chr1:8275218;Chr1:8279357;Chr1:8281145;Chr1:8285877;Chr1:8286681;Chr1:8294834;Chr1:8303931;Chr1:8315766;Chr1:8320795;Chr1:8321284;Chr1:8327977;Chr1:8336326;Chr1:8337879;Chr1:8339629;Chr1:8340184;Chr1:8342444;Chr1:8346812	Chr1:8227727;Chr1:8339629	Chr1:8286681	TRUE	TRUE	TRUE	1	1	FALSE	FALSE	3	3	3	8	10	15
bgs_V2_c1_rep9_env4	lfmm_simes	Chr1	8212503	8346812	34	2	Chr1:8212503;Chr1:8214615;Chr1:8217880;Chr1:8220281;Chr1:8225730;Chr1:8227727;Chr1:8232187;Chr1:8236066;Chr1:8237641;Chr1:8237691;Chr1:8248339;Chr1:8254025;Chr1:8260754;Chr1:8262716;Chr1:8265828;Chr1:8267805;Chr1:8274621;Chr1:8275218;Chr1:8279357;Chr1:8281145;Chr1:8285877;Chr1:8286681;Chr1:8294834;Chr1:8303931;Chr1:8315766;Chr1:8320795;Chr1:8321284;Chr1:8327977;Chr1:8336326;Chr1:8337879;Chr1:8339629;Chr1:8340184;Chr1:8342444;Chr1:8346812	Chr1:8227727;Chr1:8339629	Chr1:8286681	TRUE	TRUE	TRUE	1	1	FALSE	FALSE	3	3	3	8	10	15
bgs_V2_c1_rep9_env7	emmax_consensus	Chr1	8220416	8259257	9	1	Chr1:8220416;Chr1:8222566;Chr1:8239171;Chr1:8241120;Chr1:8241949;Chr1:8242871;Chr1:8247645;Chr1:8252407;Chr1:8259257	Chr1:8241120	Chr1:8286681	TRUE	FALSE	FALSE	0	0	FALSE	FALSE	1	1	1	8	9	13
bgs_V2_c1_rep9_env7	emmax_simes	Chr1	8220416	8259257	9	1	Chr1:8220416;Chr1:8222566;Chr1:8239171;Chr1:8241120;Chr1:8241949;Chr1:8242871;Chr1:8247645;Chr1:8252407;Chr1:8259257	Chr1:8241120	Chr1:8286681	TRUE	TRUE	FALSE	1	0	FALSE	FALSE	2	2	2	8	9	13
bgs_V2_c1_rep9_env7	lfmm_simes	Chr1	8220416	8259257	9	1	Chr1:8220416;Chr1:8222566;Chr1:8239171;Chr1:8241120;Chr1:8241949;Chr1:8242871;Chr1:8247645;Chr1:8252407;Chr1:8259257	Chr1:8241120	Chr1:8286681	TRUE	TRUE	FALSE	1	0	FALSE	FALSE	2	2	2	8	9	13
nobgs_V0.5_c1_rep10_env2	emmax_consensus	Chr1	8903585	8963526	14	1	Chr1:8903585;Chr1:8916238;Chr1:8918682;Chr1:8919864;Chr1:8922490;Chr1:8934467;Chr1:8936183;Chr1:8949024;Chr1:8949642;Chr1:8952149;Chr1:8956652;Chr1:8958953;Chr1:8960071;Chr1:8963526	Chr1:8949642	Chr1:8949642	TRUE	TRUE	FALSE	1	0	FALSE	FALSE	2	2	2	8	10	17
nobgs_V0.5_c1_rep10_env2	emmax_consensus	Chr1	11072699	11135066	10	1	Chr1:11072699;Chr1:11072732;Chr1:11080499;Chr1:11102602;Chr1:11123350;Chr1:11127845;Chr1:11129603;Chr1:11129966;Chr1:11132070;Chr1:11135066	Chr1:11129603	""	FALSE	TRUE	FALSE	1	0	FALSE	FALSE	2	2	2	8	10	17
nobgs_V0.5_c1_rep10_env2	emmax_simes	Chr1	8903585	8963526	14	1	Chr1:8903585;Chr1:8916238;Chr1:8918682;Chr1:8919864;Chr1:8922490;Chr1:8934467;Chr1:8936183;Chr1:8949024;Chr1:8949642;Chr1:8952149;Chr1:8956652;Chr1:8958953;Chr1:8960071;Chr1:8963526	Chr1:8949642	Chr1:8949642	TRUE	TRUE	FALSE	1	0	FALSE	FALSE	2	2	2	8	10	17
nobgs_V0.5_c1_rep10_env2	emmax_simes	Chr1	11072699	11135066	10	1	Chr1:11072699;Chr1:11072732;Chr1:11080499;Chr1:11102602;Chr1:11123350;Chr1:11127845;Chr1:11129603;Chr1:11129966;Chr1:11132070;Chr1:11135066	Chr1:11129603	""	FALSE	TRUE	FALSE	1	0	FALSE	FALSE	2	2	2	8	10	17
nobgs_V0.5_c1_rep10_env2	lfmm_simes	Chr1	8903585	8963526	14	1	Chr1:8903585;Chr1:8916238;Chr1:8918682;Chr1:8919864;Chr1:8922490;Chr1:8934467;Chr1:8936183;Chr1:8949024;Chr1:8949642;Chr1:8952149;Chr1:8956652;Chr1:8958953;Chr1:8960071;Chr1:8963526	Chr1:8949642	Chr1:8949642	TRUE	TRUE	FALSE	1	0	FALSE	FALSE	2	2	2	8	10	17
nobgs_V0.5_c1_rep10_env2	lfmm_simes	Chr1	11072699	11135066	10	1	Chr1:11072699;Chr1:11072732;Chr1:11080499;Chr1:11102602;Chr1:11123350;Chr1:11127845;Chr1:11129603;Chr1:11129966;Chr1:11132070;Chr1:11135066	Chr1:11129603	""	FALSE	TRUE	FALSE	1	0	FALSE	FALSE	2	2	2	8	10	17
nobgs_V0.5_c1_rep10_env3	emmax_consensus	Chr1	8910775	8966068	22	2	Chr1:8910775;Chr1:8914090;Chr1:8916483;Chr1:8918500;Chr1:8921725;Chr1:8925769;Chr1:8926331;Chr1:8926683;Chr1:8928623;Chr1:8929166;Chr1:8934285;Chr1:8922490;Chr1:8922751;Chr1:8937405;Chr1:8941230;Chr1:8947471;Chr1:8949024;Chr1:8949642;Chr1:8952149;Chr1:8958953;Chr1:8963940;Chr1:8966068	Chr1:8914090;Chr1:8949642	Chr1:8949642	TRUE	TRUE	FALSE	1	0	FALSE	FALSE	2	2	2	8	10	14
nobgs_V0.5_c1_rep10_env3	emmax_consensus	Chr1	8971111	9068562	21	2	Chr1:8971111;Chr1:8972040;Chr1:8984220;Chr1:8984562;Chr1:8985178;Chr1:8995158;Chr1:9007612;Chr1:9007856;Chr1:9011797;Chr1:9016468;Chr1:9019876;Chr1:9028763;Chr1:9033983;Chr1:9045967;Chr1:9046201;Chr1:9050772;Chr1:9053545;Chr1:9053670;Chr1:9058098;Chr1:9062087;Chr1:9068562	Chr1:8995158;Chr1:9050772	Chr1:8949642	TRUE	FALSE	FALSE	0	0	FALSE	FALSE	1	1	1	8	10	14
nobgs_V0.5_c1_rep10_env3	emmax_simes	Chr1	8922490	8966068	11	1	Chr1:8922490;Chr1:8922751;Chr1:8937405;Chr1:8941230;Chr1:8947471;Chr1:8949024;Chr1:8949642;Chr1:8952149;Chr1:8958953;Chr1:8963940;Chr1:8966068	Chr1:8949642	Chr1:8949642	TRUE	TRUE	FALSE	1	0	FALSE	FALSE	2	2	2	8	10	14
nobgs_V0.5_c1_rep10_env3	lfmm_simes	Chr1	8910775	8966068	22	2	Chr1:8910775;Chr1:8914090;Chr1:8916483;Chr1:8918500;Chr1:8921725;Chr1:8925769;Chr1:8926331;Chr1:8926683;Chr1:8928623;Chr1:8929166;Chr1:8934285;Chr1:8922490;Chr1:8922751;Chr1:8937405;Chr1:8941230;Chr1:8947471;Chr1:8949024;Chr1:8949642;Chr1:8952149;Chr1:8958953;Chr1:8963940;Chr1:8966068	Chr1:8914090;Chr1:8949642	Chr1:8949642	TRUE	TRUE	FALSE	1	0	FALSE	FALSE	2	2	2	8	10	14
nobgs_V0.5_c1_rep10_env3	lfmm_simes	Chr1	8971111	9068562	21	2	Chr1:8971111;Chr1:8972040;Chr1:8984220;Chr1:8984562;Chr1:8985178;Chr1:8995158;Chr1:9007612;Chr1:9007856;Chr1:9011797;Chr1:9016468;Chr1:9019876;Chr1:9028763;Chr1:9033983;Chr1:9045967;Chr1:9046201;Chr1:9050772;Chr1:9053545;Chr1:9053670;Chr1:9058098;Chr1:9062087;Chr1:9068562	Chr1:8995158;Chr1:9050772	Chr1:8949642	TRUE	TRUE	FALSE	1	0	FALSE	FALSE	2	2	2	8	10	14
nobgs_V0.5_c1_rep10_env5	emmax_consensus	Chr1	4325095	4687009	15	1	Chr1:4325095;Chr1:4327111;Chr1:4330054;Chr1:4345227;Chr1:4349941;Chr1:4356355;Chr1:4364878;Chr1:4372883;Chr1:4388095;Chr1:4409690;Chr1:4415215;Chr1:4419926;Chr1:4420590;Chr1:4431086;Chr1:4687009	Chr1:4345227	Chr1:4345227	TRUE	TRUE	FALSE	1	0	FALSE	FALSE	2	2	2	9	11	18
nobgs_V0.5_c1_rep10_env5	emmax_simes	Chr1	4325095	4687009	15	1	Chr1:4325095;Chr1:4327111;Chr1:4330054;Chr1:4345227;Chr1:4349941;Chr1:4356355;Chr1:4364878;Chr1:4372883;Chr1:4388095;Chr1:4409690;Chr1:4415215;Chr1:4419926;Chr1:4420590;Chr1:4431086;Chr1:4687009	Chr1:4345227	Chr1:4345227	TRUE	TRUE	FALSE	1	0	FALSE	FALSE	2	2	2	9	11	18
nobgs_V0.5_c1_rep10_env5	lfmm_simes	Chr1	4325095	4687009	15	1	Chr1:4325095;Chr1:4327111;Chr1:4330054;Chr1:4345227;Chr1:4349941;Chr1:4356355;Chr1:4364878;Chr1:4372883;Chr1:4388095;Chr1:4409690;Chr1:4415215;Chr1:4419926;Chr1:4420590;Chr1:4431086;Chr1:4687009	Chr1:4345227	Chr1:4345227	TRUE	TRUE	FALSE	1	0	FALSE	FALSE	2	2	2	9	11	18
nobgs_V0.5_c1_rep10_env6	emmax_consensus	Chr1	11735557	11763075	9	1	Chr1:11735557;Chr1:11744254;Chr1:11749287;Chr1:11757169;Chr1:11758240;Chr1:11759569;Chr1:11760585;Chr1:11760617;Chr1:11763075	Chr1:11758240	Chr1:11763075	TRUE	TRUE	FALSE	1	0	FALSE	FALSE	2	2	2	8	9	13
nobgs_V0.5_c1_rep10_env6	emmax_simes	Chr1	11735557	11763075	9	1	Chr1:11735557;Chr1:11744254;Chr1:11749287;Chr1:11757169;Chr1:11758240;Chr1:11759569;Chr1:11760585;Chr1:11760617;Chr1:11763075	Chr1:11758240	Chr1:11763075	TRUE	TRUE	FALSE	1	0	FALSE	FALSE	2	2	2	8	9	13
nobgs_V0.5_c1_rep10_env6	lfmm_simes	Chr1	11735557	11763075	9	1	Chr1:11735557;Chr1:11744254;Chr1:11749287;Chr1:11757169;Chr1:11758240;Chr1:11759569;Chr1:11760585;Chr1:11760617;Chr1:11763075	Chr1:11758240	Chr1:11763075	TRUE	TRUE	FALSE	1	0	FALSE	FALSE	2	2	2	8	9	13
nobgs_V0.5_c1_rep10_env7	emmax_consensus	Chr1	6055309	6126908	17	1	Chr1:6055309;Chr1:6059144;Chr1:6059300;Chr1:6061988;Chr1:6064562;Chr1:6068695;Chr1:6069238;Chr1:6071672;Chr1:6082252;Chr1:6084661;Chr1:6085536;Chr1:6090484;Chr1:6097012;Chr1:6117490;Chr1:6119046;Chr1:6119121;Chr1:6126908	Chr1:6059144	Chr1:6060761	TRUE	TRUE	TRUE	1	1	FALSE	FALSE	3	3	3	8	10	17
nobgs_V0.5_c1_rep10_env7	emmax_simes	Chr1	6055309	6126908	17	1	Chr1:6055309;Chr1:6059144;Chr1:6059300;Chr1:6061988;Chr1:6064562;Chr1:6068695;Chr1:6069238;Chr1:6071672;Chr1:6082252;Chr1:6084661;Chr1:6085536;Chr1:6090484;Chr1:6097012;Chr1:6117490;Chr1:6119046;Chr1:6119121;Chr1:6126908	Chr1:6059144	Chr1:6060761	TRUE	FALSE	TRUE	0	1	FALSE	FALSE	2	2	2	8	10	17
nobgs_V0.5_c1_rep10_env7	lfmm_simes	Chr1	6055309	6191311	33	2	Chr1:6055309;Chr1:6059144;Chr1:6059300;Chr1:6061988;Chr1:6064562;Chr1:6068695;Chr1:6069238;Chr1:6071672;Chr1:6082252;Chr1:6084661;Chr1:6085536;Chr1:6090484;Chr1:6097012;Chr1:6117490;Chr1:6119046;Chr1:6119121;Chr1:6126908;Chr1:6129485;Chr1:6130231;Chr1:6131811;Chr1:6132485;Chr1:6141820;Chr1:6146032;Chr1:6146481;Chr1:6162639;Chr1:6166920;Chr1:6167410;Chr1:6172485;Chr1:6173216;Chr1:6176652;Chr1:6188846;Chr1:6190130;Chr1:6191311	Chr1:6059144;Chr1:6166920	Chr1:6060761	TRUE	TRUE	TRUE	1	1	FALSE	FALSE	3	3	3	8	10	17
nobgs_V0.5_c1_rep10_env9	lfmm_simes	Chr1	594079	743718	27	1	Chr1:594079;Chr1:602928;Chr1:603341;Chr1:609246;Chr1:610226;Chr1:614030;Chr1:628849;Chr1:633447;Chr1:638863;Chr1:640904;Chr1:642072;Chr1:644398;Chr1:645833;Chr1:655797;Chr1:676626;Chr1:676653;Chr1:690141;Chr1:699735;Chr1:719264;Chr1:722034;Chr1:725219;Chr1:725491;Chr1:732889;Chr1:733958;Chr1:737119;Chr1:740220;Chr1:743718	Chr1:640904	Chr1:640904	TRUE	TRUE	TRUE	1	1	FALSE	FALSE	3	3	3	8	10	14
nobgs_V0.5_c1_rep1_env10	emmax_consensus	Chr1	10398286	10518166	10	1	Chr1:10398286;Chr1:10406177;Chr1:10417496;Chr1:10425499;Chr1:10429436;Chr1:10456707;Chr1:10493128;Chr1:10498646;Chr1:10514941;Chr1:10518166	Chr1:10425499	Chr1:10425499	TRUE	TRUE	FALSE	1	0	FALSE	FALSE	2	2	2	8	10	16
nobgs_V0.5_c1_rep1_env10	emmax_consensus	Chr1	10583353	10783737	31	2	Chr1:10583353;Chr1:10592079;Chr1:10592636;Chr1:10594118;Chr1:10594544;Chr1:10598424;Chr1:10606594;Chr1:10621650;Chr1:10623726;Chr1:10628574;Chr1:10649620;Chr1:10660434;Chr1:10663292;Chr1:10694139;Chr1:10702607;Chr1:10704117;Chr1:10707155;Chr1:10708476;Chr1:10711596;Chr1:10722112;Chr1:10727665;Chr1:10743997;Chr1:10744049;Chr1:10744469;Chr1:10748364;Chr1:10756305;Chr1:10767010;Chr1:10769125;Chr1:10773034;Chr1:10778013;Chr1:10783737	Chr1:10592079;Chr1:10767010	""	FALSE	TRUE	TRUE	1	1	FALSE	FALSE	3	3	3	8	10	16
nobgs_V0.5_c1_rep1_env10	emmax_simes	Chr1	10398286	10518166	10	1	Chr1:10398286;Chr1:10406177;Chr1:10417496;Chr1:10425499;Chr1:10429436;Chr1:10456707;Chr1:10493128;Chr1:10498646;Chr1:10514941;Chr1:10518166	Chr1:10425499	Chr1:10425499	TRUE	TRUE	FALSE	1	0	FALSE	FALSE	2	2	2	8	10	16
nobgs_V0.5_c1_rep1_env10	emmax_simes	Chr1	10583353	10783737	31	2	Chr1:10583353;Chr1:10592079;Chr1:10592636;Chr1:10594118;Chr1:10594544;Chr1:10598424;Chr1:10606594;Chr1:10621650;Chr1:10623726;Chr1:10628574;Chr1:10649620;Chr1:10660434;Chr1:10663292;Chr1:10694139;Chr1:10702607;Chr1:10704117;Chr1:10707155;Chr1:10708476;Chr1:10711596;Chr1:10722112;Chr1:10727665;Chr1:10743997;Chr1:10744049;Chr1:10744469;Chr1:10748364;Chr1:10756305;Chr1:10767010;Chr1:10769125;Chr1:10773034;Chr1:10778013;Chr1:10783737	Chr1:10592079;Chr1:10767010	""	FALSE	TRUE	TRUE	1	1	FALSE	FALSE	3	3	3	8	10	16
nobgs_V0.5_c1_rep1_env10	lfmm_simes	Chr1	10398286	10518166	10	1	Chr1:10398286;Chr1:10406177;Chr1:10417496;Chr1:10425499;Chr1:10429436;Chr1:10456707;Chr1:10493128;Chr1:10498646;Chr1:10514941;Chr1:10518166	Chr1:10425499	Chr1:10425499	TRUE	TRUE	FALSE	1	0	FALSE	FALSE	2	2	2	8	10	16
nobgs_V0.5_c1_rep1_env10	lfmm_simes	Chr1	10583353	10783737	31	2	Chr1:10583353;Chr1:10592079;Chr1:10592636;Chr1:10594118;Chr1:10594544;Chr1:10598424;Chr1:10606594;Chr1:10621650;Chr1:10623726;Chr1:10628574;Chr1:10649620;Chr1:10660434;Chr1:10663292;Chr1:10694139;Chr1:10702607;Chr1:10704117;Chr1:10707155;Chr1:10708476;Chr1:10711596;Chr1:10722112;Chr1:10727665;Chr1:10743997;Chr1:10744049;Chr1:10744469;Chr1:10748364;Chr1:10756305;Chr1:10767010;Chr1:10769125;Chr1:10773034;Chr1:10778013;Chr1:10783737	Chr1:10592079;Chr1:10767010	""	FALSE	TRUE	TRUE	1	1	FALSE	FALSE	3	3	3	8	10	16
nobgs_V0.5_c1_rep1_env2	emmax_consensus	Chr1	11888112	12622979	54	1	Chr1:11888112;Chr1:11888737;Chr1:11895577;Chr1:11901865;Chr1:11902108;Chr1:11910837;Chr1:11919575;Chr1:11920329;Chr1:11922449;Chr1:11931270;Chr1:11939359;Chr1:11948539;Chr1:11961206;Chr1:11963023;Chr1:11967138;Chr1:11975878;Chr1:11976610;Chr1:11978192;Chr1:12007403;Chr1:12011542;Chr1:12014753;Chr1:12017127;Chr1:12030505;Chr1:12031068;Chr1:12035133;Chr1:12040624;Chr1:12047563;Chr1:12051640;Chr1:12052452;Chr1:12052986;Chr1:12069941;Chr1:12085375;Chr1:12086329;Chr1:12092467;Chr1:12096882;Chr1:12098205;Chr1:12105402;Chr1:12115328;Chr1:12116636;Chr1:12123024;Chr1:12127756;Chr1:12135871;Chr1:12140408;Chr1:12143038;Chr1:12147585;Chr1:12164523;Chr1:12201805;Chr1:12224568;Chr1:12546493;Chr1:12550778;Chr1:12569037;Chr1:12573383;Chr1:12605016;Chr1:12622979	Chr1:11931270	""	FALSE	TRUE	TRUE	1	1	FALSE	FALSE	3	3	3	8	9	16
nobgs_V0.5_c1_rep1_env2	emmax_simes	Chr1	11888112	12622979	54	1	Chr1:11888112;Chr1:11888737;Chr1:11895577;Chr1:11901865;Chr1:11902108;Chr1:11910837;Chr1:11919575;Chr1:11920329;Chr1:11922449;Chr1:11931270;Chr1:11939359;Chr1:11948539;Chr1:11961206;Chr1:11963023;Chr1:11967138;Chr1:11975878;Chr1:11976610;Chr1:11978192;Chr1:12007403;Chr1:12011542;Chr1:12014753;Chr1:12017127;Chr1:12030505;Chr1:12031068;Chr1:12035133;Chr1:12040624;Chr1:12047563;Chr1:12051640;Chr1:12052452;Chr1:12052986;Chr1:12069941;Chr1:12085375;Chr1:12086329;Chr1:12092467;Chr1:12096882;Chr1:12098205;Chr1:12105402;Chr1:12115328;Chr1:12116636;Chr1:12123024;Chr1:12127756;Chr1:12135871;Chr1:12140408;Chr1:12143038;Chr1:12147585;Chr1:12164523;Chr1:12201805;Chr1:12224568;Chr1:12546493;Chr1:12550778;Chr1:12569037;Chr1:12573383;Chr1:12605016;Chr1:12622979	Chr1:11931270	""	FALSE	TRUE	TRUE	1	1	FALSE	FALSE	3	3	3	8	9	16
nobgs_V0.5_c1_rep1_env2	lfmm_simes	Chr1	11888112	12622979	54	1	Chr1:11888112;Chr1:11888737;Chr1:11895577;Chr1:11901865;Chr1:11902108;Chr1:11910837;Chr1:11919575;Chr1:11920329;Chr1:11922449;Chr1:11931270;Chr1:11939359;Chr1:11948539;Chr1:11961206;Chr1:11963023;Chr1:11967138;Chr1:11975878;Chr1:11976610;Chr1:11978192;Chr1:12007403;Chr1:12011542;Chr1:12014753;Chr1:12017127;Chr1:12030505;Chr1:12031068;Chr1:12035133;Chr1:12040624;Chr1:12047563;Chr1:12051640;Chr1:12052452;Chr1:12052986;Chr1:12069941;Chr1:12085375;Chr1:12086329;Chr1:12092467;Chr1:12096882;Chr1:12098205;Chr1:12105402;Chr1:12115328;Chr1:12116636;Chr1:12123024;Chr1:12127756;Chr1:12135871;Chr1:12140408;Chr1:12143038;Chr1:12147585;Chr1:12164523;Chr1:12201805;Chr1:12224568;Chr1:12546493;Chr1:12550778;Chr1:12569037;Chr1:12573383;Chr1:12605016;Chr1:12622979	Chr1:11931270	""	FALSE	TRUE	TRUE	1	1	FALSE	FALSE	3	3	3	8	9	16
nobgs_V0.5_c1_rep1_env3	emmax_consensus	Chr1	8764401	9361131	54	3	Chr1:8764401;Chr1:8773471;Chr1:8781760;Chr1:8783457;Chr1:8803880;Chr1:8807152;Chr1:8833798;Chr1:8874069;Chr1:8876796;Chr1:8881513;Chr1:8890656;Chr1:8903940;Chr1:8945002;Chr1:8989414;Chr1:9032496;Chr1:9035686;Chr1:9065494;Chr1:9066257;Chr1:9069968;Chr1:9071034;Chr1:9100896;Chr1:9101771;Chr1:9106168;Chr1:9108945;Chr1:9127719;Chr1:9128082;Chr1:9132050;Chr1:9135101;Chr1:9135992;Chr1:9138083;Chr1:9152097;Chr1:9172037;Chr1:9173948;Chr1:9211943;Chr1:9220360;Chr1:9227157;Chr1:9231611;Chr1:9234119;Chr1:9242210;Chr1:9267799;Chr1:9276403;Chr1:9322176;Chr1:9361131;Chr1:9232791;Chr1:9249862;Chr1:9254608;Chr1:9272151;Chr1:9283699;Chr1:9291596;Chr1:9291724;Chr1:9300623;Chr1:9309744;Chr1:9334528;Chr1:9354947	Chr1:8989414;Chr1:9234119;Chr1:9283699	Chr1:9071034	TRUE	TRUE	TRUE	1	1	FALSE	FALSE	3	3	3	9	11	18
nobgs_V0.5_c1_rep1_env3	emmax_consensus	Chr1	9473908	9620569	12	1	Chr1:9473908;Chr1:9522116;Chr1:9529237;Chr1:9553241;Chr1:9562784;Chr1:9563833;Chr1:9563877;Chr1:9576151;Chr1:9599484;Chr1:9604216;Chr1:9618396;Chr1:9620569	Chr1:9576151	""	FALSE	TRUE	FALSE	1	0	FALSE	FALSE	2	2	2	9	11	18
nobgs_V0.5_c1_rep1_env3	emmax_consensus	Chr1	10583680	10668138	11	1	Chr1:10583680;Chr1:10616110;Chr1:10619815;Chr1:10622441;Chr1:10624850;Chr1:10628922;Chr1:10630533;Chr1:10632477;Chr1:10645034;Chr1:10659696;Chr1:10668138	Chr1:10628922	""	FALSE	TRUE	FALSE	1	0	FALSE	FALSE	2	2	2	9	11	18
nobgs_V0.5_c1_rep1_env3	emmax_consensus	Chr1	10724617	10929773	43	2	Chr1:10724617;Chr1:10725308;Chr1:10735319;Chr1:10744663;Chr1:10745660;Chr1:10772422;Chr1:10781743;Chr1:10788024;Chr1:10788866;Chr1:10792917;Chr1:10794028;Chr1:10800928;Chr1:10807603;Chr1:10812153;Chr1:10818260;Chr1:10826495;Chr1:10826512;Chr1:10830910;Chr1:10833117;Chr1:10834617;Chr1:10841079;Chr1:10842826;Chr1:10846989;Chr1:10854402;Chr1:10864378;Chr1:10865602;Chr1:10872315;Chr1:10872979;Chr1:10874683;Chr1:10875869;Chr1:10876336;Chr1:10881889;Chr1:10889786;Chr1:10890430;Chr1:10894074;Chr1:10895423;Chr1:10895726;Chr1:10902272;Chr1:10907575;Chr1:10911106;Chr1:10912620;Chr1:10917021;Chr1:10929773	Chr1:10818260;Chr1:10895423	""	FALSE	TRUE	TRUE	1	1	FALSE	FALSE	3	3	3	9	11	18
nobgs_V0.5_c1_rep1_env3	emmax_consensus	Chr1	15695220	16331942	125	7	Chr1:15695220;Chr1:15695251;Chr1:15772435;Chr1:15776405;Chr1:15783386;Chr1:15793433;Chr1:15795291;Chr1:15811740;Chr1:15968664;Chr1:15976496;Chr1:15978632;Chr1:15981840;Chr1:15982132;Chr1:15997279;Chr1:15740611;Chr1:15771474;Chr1:15788397;Chr1:15791161;Chr1:15791372;Chr1:15793805;Chr1:15795710;Chr1:15805654;Chr1:15807885;Chr1:15816374;Chr1:15817069;Chr1:15819936;Chr1:15828222;Chr1:15828310;Chr1:15833678;Chr1:15833831;Chr1:15835385;Chr1:15841314;Chr1:15827311;Chr1:15843325;Chr1:15854322;Chr1:15860518;Chr1:15864198;Chr1:15874699;Chr1:15879412;Chr1:15879882;Chr1:15887961;Chr1:15889128;Chr1:15889687;Chr1:15891459;Chr1:15900607;Chr1:15903114;Chr1:15904263;Chr1:15909421;Chr1:15918918;Chr1:15937395;Chr1:15940684;Chr1:15953817;Chr1:15958685;Chr1:15965126;Chr1:15970314;Chr1:15973998;Chr1:15982263;Chr1:15985577;Chr1:15988200;Chr1:15995246;Chr1:16000101;Chr1:15901465;Chr1:15903337;Chr1:15904503;Chr1:15919080;Chr1:15928537;Chr1:15928610;Chr1:15932139;Chr1:15947943;Chr1:15954388;Chr1:15968086;Chr1:15976732;Chr1:15978794;Chr1:15979913;Chr1:15992925;Chr1:15994375;Chr1:16002520;Chr1:16080288;Chr1:16108248;Chr1:16117686;Chr1:16118170;Chr1:16126613;Chr1:16127195;Chr1:16128197;Chr1:16128496;Chr1:16131225;Chr1:16132280;Chr1:16139571;Chr1:16146533;Chr1:16151069;Chr1:16157595;Chr1:16160382;Chr1:16111429;Chr1:16119447;Chr1:16130500;Chr1:16136198;Chr1:16137818;Chr1:16151545;Chr1:16169239;Chr1:16175937;Chr1:16176050;Chr1:16191295;Chr1:16195682;Chr1:16197213;Chr1:16200041;Chr1:16201286;Chr1:16228457;Chr1:16242409;Chr1:16253466;Chr1:16257323;Chr1:16258689;Chr1:16262055;Chr1:16245901;Chr1:16266636;Chr1:16270698;Chr1:16283084;Chr1:16287595;Chr1:16289290;Chr1:16298446;Chr1:16303163;Chr1:16305396;Chr1:16314401;Chr1:16317181;Chr1:16322200;Chr1:16331942	Chr1:15795291;Chr1:15819936;Chr1:15891459;Chr1:15968086;Chr1:16132280;Chr1:16151545;Chr1:16303163	Chr1:15695220;Chr1:16245901	TRUE	TRUE	TRUE	1	3	FALSE	FALSE	3	3	3	9	11	18
nobgs_V0.5_c1_rep1_env3	emmax_simes	Chr1	8764401	9361131	54	3	Chr1:8764401;Chr1:8773471;Chr1:8781760;Chr1:8783457;Chr1:8803880;Chr1:8807152;Chr1:8833798;Chr1:8874069;Chr1:8876796;Chr1:8881513;Chr1:8890656;Chr1:8903940;Chr1:8945002;Chr1:8989414;Chr1:9032496;Chr1:9035686;Chr1:9065494;Chr1:9066257;Chr1:9069968;Chr1:9071034;Chr1:9100896;Chr1:9101771;Chr1:9106168;Chr1:9108945;Chr1:9127719;Chr1:9128082;Chr1:9132050;Chr1:9135101;Chr1:9135992;Chr1:9138083;Chr1:9152097;Chr1:9172037;Chr1:9173948;Chr1:9211943;Chr1:9220360;Chr1:9227157;Chr1:9231611;Chr1:9234119;Chr1:9242210;Chr1:9267799;Chr1:9276403;Chr1:9322176;Chr1:9361131;Chr1:9232791;Chr1:9249862;Chr1:9254608;Chr1:9272151;Chr1:9283699;Chr1:9291596;Chr1:9291724;Chr1:9300623;Chr1:9309744;Chr1:9334528;Chr1:9354947	Chr1:8989414;Chr1:9234119;Chr1:9283699	Chr1:9071034	TRUE	TRUE	TRUE	1	1	FALSE	FALSE	3	3	3	9	11	18
nobgs_V0.5_c1_rep1_env3	emmax_simes	Chr1	9473908	9620569	12	1	Chr1:9473908;Chr1:9522116;Chr1:9529237;Chr1:9553241;Chr1:9562784;Chr1:9563833;Chr1:9563877;Chr1:9576151;Chr1:9599484;Chr1:9604216;Chr1:9618396;Chr1:9620569	Chr1:9576151	""	FALSE	TRUE	FALSE	1	0	FALSE	FALSE	2	2	2	9	11	18
nobgs_V0.5_c1_rep1_env3	emmax_simes	Chr1	10583680	10668138	11	1	Chr1:10583680;Chr1:10616110;Chr1:10619815;Chr1:10622441;Chr1:10624850;Chr1:10628922;Chr1:10630533;Chr1:10632477;Chr1:10645034;Chr1:10659696;Chr1:10668138	Chr1:10628922	""	FALSE	TRUE	FALSE	1	0	FALSE	FALSE	2	2	2	9	11	18
nobgs_V0.5_c1_rep1_env3	emmax_simes	Chr1	10724617	10929773	43	2	Chr1:10724617;Chr1:10725308;Chr1:10735319;Chr1:10744663;Chr1:10745660;Chr1:10772422;Chr1:10781743;Chr1:10788024;Chr1:10788866;Chr1:10792917;Chr1:10794028;Chr1:10800928;Chr1:10807603;Chr1:10812153;Chr1:10818260;Chr1:10826495;Chr1:10826512;Chr1:10830910;Chr1:10833117;Chr1:10834617;Chr1:10841079;Chr1:10842826;Chr1:10846989;Chr1:10854402;Chr1:10864378;Chr1:10865602;Chr1:10872315;Chr1:10872979;Chr1:10874683;Chr1:10875869;Chr1:10876336;Chr1:10881889;Chr1:10889786;Chr1:10890430;Chr1:10894074;Chr1:10895423;Chr1:10895726;Chr1:10902272;Chr1:10907575;Chr1:10911106;Chr1:10912620;Chr1:10917021;Chr1:10929773	Chr1:10818260;Chr1:10895423	""	FALSE	TRUE	TRUE	1	1	FALSE	FALSE	3	3	3	9	11	18
nobgs_V0.5_c1_rep1_env3	emmax_simes	Chr1	15695220	16331942	125	7	Chr1:15695220;Chr1:15695251;Chr1:15772435;Chr1:15776405;Chr1:15783386;Chr1:15793433;Chr1:15795291;Chr1:15811740;Chr1:15968664;Chr1:15976496;Chr1:15978632;Chr1:15981840;Chr1:15982132;Chr1:15997279;Chr1:15740611;Chr1:15771474;Chr1:15788397;Chr1:15791161;Chr1:15791372;Chr1:15793805;Chr1:15795710;Chr1:15805654;Chr1:15807885;Chr1:15816374;Chr1:15817069;Chr1:15819936;Chr1:15828222;Chr1:15828310;Chr1:15833678;Chr1:15833831;Chr1:15835385;Chr1:15841314;Chr1:15827311;Chr1:15843325;Chr1:15854322;Chr1:15860518;Chr1:15864198;Chr1:15874699;Chr1:15879412;Chr1:15879882;Chr1:15887961;Chr1:15889128;Chr1:15889687;Chr1:15891459;Chr1:15900607;Chr1:15903114;Chr1:15904263;Chr1:15909421;Chr1:15918918;Chr1:15937395;Chr1:15940684;Chr1:15953817;Chr1:15958685;Chr1:15965126;Chr1:15970314;Chr1:15973998;Chr1:15982263;Chr1:15985577;Chr1:15988200;Chr1:15995246;Chr1:16000101;Chr1:15901465;Chr1:15903337;Chr1:15904503;Chr1:15919080;Chr1:15928537;Chr1:15928610;Chr1:15932139;Chr1:15947943;Chr1:15954388;Chr1:15968086;Chr1:15976732;Chr1:15978794;Chr1:15979913;Chr1:15992925;Chr1:15994375;Chr1:16002520;Chr1:16080288;Chr1:16108248;Chr1:16117686;Chr1:16118170;Chr1:16126613;Chr1:16127195;Chr1:16128197;Chr1:16128496;Chr1:16131225;Chr1:16132280;Chr1:16139571;Chr1:16146533;Chr1:16151069;Chr1:16157595;Chr1:16160382;Chr1:16111429;Chr1:16119447;Chr1:16130500;Chr1:16136198;Chr1:16137818;Chr1:16151545;Chr1:16169239;Chr1:16175937;Chr1:16176050;Chr1:16191295;Chr1:16195682;Chr1:16197213;Chr1:16200041;Chr1:16201286;Chr1:16228457;Chr1:16242409;Chr1:16253466;Chr1:16257323;Chr1:16258689;Chr1:16262055;Chr1:16245901;Chr1:16266636;Chr1:16270698;Chr1:16283084;Chr1:16287595;Chr1:16289290;Chr1:16298446;Chr1:16303163;Chr1:16305396;Chr1:16314401;Chr1:16317181;Chr1:16322200;Chr1:16331942	Chr1:15795291;Chr1:15819936;Chr1:15891459;Chr1:15968086;Chr1:16132280;Chr1:16151545;Chr1:16303163	Chr1:15695220;Chr1:16245901	TRUE	TRUE	TRUE	1	3	FALSE	FALSE	3	3	3	9	11	18
nobgs_V0.5_c1_rep1_env3	lfmm_simes	Chr1	8764401	9361131	54	3	Chr1:8764401;Chr1:8773471;Chr1:8781760;Chr1:8783457;Chr1:8803880;Chr1:8807152;Chr1:8833798;Chr1:8874069;Chr1:8876796;Chr1:8881513;Chr1:8890656;Chr1:8903940;Chr1:8945002;Chr1:8989414;Chr1:9032496;Chr1:9035686;Chr1:9065494;Chr1:9066257;Chr1:9069968;Chr1:9071034;Chr1:9100896;Chr1:9101771;Chr1:9106168;Chr1:9108945;Chr1:9127719;Chr1:9128082;Chr1:9132050;Chr1:9135101;Chr1:9135992;Chr1:9138083;Chr1:9152097;Chr1:9172037;Chr1:9173948;Chr1:9211943;Chr1:9220360;Chr1:9227157;Chr1:9231611;Chr1:9234119;Chr1:9242210;Chr1:9267799;Chr1:9276403;Chr1:9322176;Chr1:9361131;Chr1:9232791;Chr1:9249862;Chr1:9254608;Chr1:9272151;Chr1:9283699;Chr1:9291596;Chr1:9291724;Chr1:9300623;Chr1:9309744;Chr1:9334528;Chr1:9354947	Chr1:8989414;Chr1:9234119;Chr1:9283699	Chr1:9071034	TRUE	TRUE	TRUE	1	1	FALSE	FALSE	3	3	3	9	11	18
nobgs_V0.5_c1_rep1_env3	lfmm_simes	Chr1	9473908	9620569	12	1	Chr1:9473908;Chr1:9522116;Chr1:9529237;Chr1:9553241;Chr1:9562784;Chr1:9563833;Chr1:9563877;Chr1:9576151;Chr1:9599484;Chr1:9604216;Chr1:9618396;Chr1:9620569	Chr1:9576151	""	FALSE	TRUE	FALSE	1	0	FALSE	FALSE	2	2	2	9	11	18
nobgs_V0.5_c1_rep1_env3	lfmm_simes	Chr1	10583680	10668138	11	1	Chr1:10583680;Chr1:10616110;Chr1:10619815;Chr1:10622441;Chr1:10624850;Chr1:10628922;Chr1:10630533;Chr1:10632477;Chr1:10645034;Chr1:10659696;Chr1:10668138	Chr1:10628922	""	FALSE	TRUE	FALSE	1	0	FALSE	FALSE	2	2	2	9	11	18
nobgs_V0.5_c1_rep1_env3	lfmm_simes	Chr1	10724617	10929773	43	2	Chr1:10724617;Chr1:10725308;Chr1:10735319;Chr1:10744663;Chr1:10745660;Chr1:10772422;Chr1:10781743;Chr1:10788024;Chr1:10788866;Chr1:10792917;Chr1:10794028;Chr1:10800928;Chr1:10807603;Chr1:10812153;Chr1:10818260;Chr1:10826495;Chr1:10826512;Chr1:10830910;Chr1:10833117;Chr1:10834617;Chr1:10841079;Chr1:10842826;Chr1:10846989;Chr1:10854402;Chr1:10864378;Chr1:10865602;Chr1:10872315;Chr1:10872979;Chr1:10874683;Chr1:10875869;Chr1:10876336;Chr1:10881889;Chr1:10889786;Chr1:10890430;Chr1:10894074;Chr1:10895423;Chr1:10895726;Chr1:10902272;Chr1:10907575;Chr1:10911106;Chr1:10912620;Chr1:10917021;Chr1:10929773	Chr1:10818260;Chr1:10895423	""	FALSE	TRUE	TRUE	1	1	FALSE	FALSE	3	3	3	9	11	18
nobgs_V0.5_c1_rep1_env3	lfmm_simes	Chr1	15695220	16002520	77	4	Chr1:15695220;Chr1:15695251;Chr1:15772435;Chr1:15776405;Chr1:15783386;Chr1:15793433;Chr1:15795291;Chr1:15811740;Chr1:15968664;Chr1:15976496;Chr1:15978632;Chr1:15981840;Chr1:15982132;Chr1:15997279;Chr1:15740611;Chr1:15771474;Chr1:15788397;Chr1:15791161;Chr1:15791372;Chr1:15793805;Chr1:15795710;Chr1:15805654;Chr1:15807885;Chr1:15816374;Chr1:15817069;Chr1:15819936;Chr1:15828222;Chr1:15828310;Chr1:15833678;Chr1:15833831;Chr1:15835385;Chr1:15841314;Chr1:15827311;Chr1:15843325;Chr1:15854322;Chr1:15860518;Chr1:15864198;Chr1:15874699;Chr1:15879412;Chr1:15879882;Chr1:15887961;Chr1:15889128;Chr1:15889687;Chr1:15891459;Chr1:15900607;Chr1:15903114;Chr1:15904263;Chr1:15909421;Chr1:15918918;Chr1:15937395;Chr1:15940684;Chr1:15953817;Chr1:15958685;Chr1:15965126;Chr1:15970314;Chr1:15973998;Chr1:15982263;Chr1:15985577;Chr1:15988200;Chr1:15995246;Chr1:16000101;Chr1:15901465;Chr1:15903337;Chr1:15904503;Chr1:15919080;Chr1:15928537;Chr1:15928610;Chr1:15932139;Chr1:15947943;Chr1:15954388;Chr1:15968086;Chr1:15976732;Chr1:15978794;Chr1:15979913;Chr1:15992925;Chr1:15994375;Chr1:16002520	Chr1:15795291;Chr1:15819936;Chr1:15891459;Chr1:15968086	Chr1:15695220	TRUE	TRUE	TRUE	1	2	FALSE	FALSE	3	3	3	9	11	18
nobgs_V0.5_c1_rep1_env3	lfmm_simes	Chr1	16111429	16331942	33	2	Chr1:16111429;Chr1:16119447;Chr1:16130500;Chr1:16136198;Chr1:16137818;Chr1:16151545;Chr1:16169239;Chr1:16175937;Chr1:16176050;Chr1:16191295;Chr1:16195682;Chr1:16197213;Chr1:16200041;Chr1:16201286;Chr1:16228457;Chr1:16242409;Chr1:16253466;Chr1:16257323;Chr1:16258689;Chr1:16262055;Chr1:16245901;Chr1:16266636;Chr1:16270698;Chr1:16283084;Chr1:16287595;Chr1:16289290;Chr1:16298446;Chr1:16303163;Chr1:16305396;Chr1:16314401;Chr1:16317181;Chr1:16322200;Chr1:16331942	Chr1:16151545;Chr1:16303163	Chr1:16245901	TRUE	TRUE	TRUE	1	1	FALSE	FALSE	3	3	3	9	11	18
nobgs_V0.5_c1_rep1_env6	emmax_consensus	Chr1	19096550	19247143	26	1	Chr1:19096550;Chr1:19099459;Chr1:19121477;Chr1:19133011;Chr1:19138993;Chr1:19139392;Chr1:19152717;Chr1:19157379;Chr1:19165314;Chr1:19175171;Chr1:19177465;Chr1:19184017;Chr1:19186020;Chr1:19188833;Chr1:19193990;Chr1:19209426;Chr1:19214138;Chr1:19218248;Chr1:19222961;Chr1:19229965;Chr1:19230022;Chr1:19230638;Chr1:19236661;Chr1:19238273;Chr1:19240887;Chr1:19247143	Chr1:19175171	""	FALSE	TRUE	TRUE	1	1	FALSE	FALSE	3	3	3	8	10	18
nobgs_V0.5_c1_rep1_env6	emmax_simes	Chr1	19096550	19247143	26	1	Chr1:19096550;Chr1:19099459;Chr1:19121477;Chr1:19133011;Chr1:19138993;Chr1:19139392;Chr1:19152717;Chr1:19157379;Chr1:19165314;Chr1:19175171;Chr1:19177465;Chr1:19184017;Chr1:19186020;Chr1:19188833;Chr1:19193990;Chr1:19209426;Chr1:19214138;Chr1:19218248;Chr1:19222961;Chr1:19229965;Chr1:19230022;Chr1:19230638;Chr1:19236661;Chr1:19238273;Chr1:19240887;Chr1:19247143	Chr1:19175171	""	FALSE	TRUE	TRUE	1	1	FALSE	FALSE	3	3	3	8	10	18
nobgs_V0.5_c1_rep1_env6	lfmm_simes	Chr1	19096550	19247143	26	1	Chr1:19096550;Chr1:19099459;Chr1:19121477;Chr1:19133011;Chr1:19138993;Chr1:19139392;Chr1:19152717;Chr1:19157379;Chr1:19165314;Chr1:19175171;Chr1:19177465;Chr1:19184017;Chr1:19186020;Chr1:19188833;Chr1:19193990;Chr1:19209426;Chr1:19214138;Chr1:19218248;Chr1:19222961;Chr1:19229965;Chr1:19230022;Chr1:19230638;Chr1:19236661;Chr1:19238273;Chr1:19240887;Chr1:19247143	Chr1:19175171	""	FALSE	TRUE	TRUE	1	1	FALSE	FALSE	3	3	3	8	10	18
nobgs_V0.5_c1_rep1_env7	emmax_consensus	Chr1	13394658	15552634	46	2	Chr1:13394658;Chr1:13396398;Chr1:13403618;Chr1:13422447;Chr1:13431512;Chr1:13431615;Chr1:13435265;Chr1:13437370;Chr1:15547154;Chr1:15547681;Chr1:15552634;Chr1:13446650;Chr1:13449666;Chr1:13450984;Chr1:13460251;Chr1:13461344;Chr1:13463318;Chr1:13464732;Chr1:13467397;Chr1:13470511;Chr1:13470667;Chr1:13476888;Chr1:13478027;Chr1:13484051;Chr1:13486018;Chr1:13487257;Chr1:13491412;Chr1:13494957;Chr1:13500851;Chr1:13501140;Chr1:13502179;Chr1:13504204;Chr1:13504822;Chr1:13504927;Chr1:13506207;Chr1:13511523;Chr1:13518236;Chr1:13520165;Chr1:13521460;Chr1:13526342;Chr1:13532947;Chr1:13539680;Chr1:13542885;Chr1:13547104;Chr1:13547224;Chr1:13569185	Chr1:13403618;Chr1:13484051	Chr1:13396398;Chr1:15547154	TRUE	TRUE	TRUE	1	1	FALSE	FALSE	3	3	3	9	11	18
nobgs_V0.5_c1_rep1_env7	emmax_simes	Chr1	13394658	15552634	11	1	Chr1:13394658;Chr1:13396398;Chr1:13403618;Chr1:13422447;Chr1:13431512;Chr1:13431615;Chr1:13435265;Chr1:13437370;Chr1:15547154;Chr1:15547681;Chr1:15552634	Chr1:13403618	Chr1:13396398;Chr1:15547154	TRUE	TRUE	FALSE	1	0	FALSE	FALSE	2	2	3	9	11	18
nobgs_V0.5_c1_rep1_env7	lfmm_simes	Chr1	13394658	15552634	46	2	Chr1:13394658;Chr1:13396398;Chr1:13403618;Chr1:13422447;Chr1:13431512;Chr1:13431615;Chr1:13435265;Chr1:13437370;Chr1:15547154;Chr1:15547681;Chr1:15552634;Chr1:13446650;Chr1:13449666;Chr1:13450984;Chr1:13460251;Chr1:13461344;Chr1:13463318;Chr1:13464732;Chr1:13467397;Chr1:13470511;Chr1:13470667;Chr1:13476888;Chr1:13478027;Chr1:13484051;Chr1:13486018;Chr1:13487257;Chr1:13491412;Chr1:13494957;Chr1:13500851;Chr1:13501140;Chr1:13502179;Chr1:13504204;Chr1:13504822;Chr1:13504927;Chr1:13506207;Chr1:13511523;Chr1:13518236;Chr1:13520165;Chr1:13521460;Chr1:13526342;Chr1:13532947;Chr1:13539680;Chr1:13542885;Chr1:13547104;Chr1:13547224;Chr1:13569185	Chr1:13403618;Chr1:13484051	Chr1:13396398;Chr1:15547154	TRUE	TRUE	TRUE	1	1	FALSE	FALSE	3	3	3	9	11	18
nobgs_V0.5_c1_rep1_env8	emmax_consensus	Chr1	16313024	16418632	15	1	Chr1:16313024;Chr1:16315982;Chr1:16319929;Chr1:16321837;Chr1:16324253;Chr1:16332363;Chr1:16343753;Chr1:16345705;Chr1:16361348;Chr1:16367318;Chr1:16376783;Chr1:16381895;Chr1:16409626;Chr1:16415243;Chr1:16418632	Chr1:16343753	""	FALSE	TRUE	TRUE	1	1	FALSE	FALSE	3	3	3	8	10	15
nobgs_V0.5_c1_rep1_env8	emmax_consensus	Chr1	17327591	17492574	16	1	Chr1:17327591;Chr1:17351249;Chr1:17366554;Chr1:17407442;Chr1:17411420;Chr1:17412707;Chr1:17414306;Chr1:17425017;Chr1:17439722;Chr1:17448460;Chr1:17466472;Chr1:17467905;Chr1:17477398;Chr1:17477588;Chr1:17489337;Chr1:17492574	Chr1:17477588	""	FALSE	TRUE	TRUE	1	1	FALSE	FALSE	3	3	3	8	10	15
nobgs_V0.5_c1_rep1_env8	emmax_consensus	Chr1	18973541	19064363	10	1	Chr1:18973541;Chr1:18979441;Chr1:18985566;Chr1:18988771;Chr1:18989054;Chr1:18990808;Chr1:18991858;Chr1:19006920;Chr1:19010425;Chr1:19064363	Chr1:18985566	""	FALSE	FALSE	FALSE	0	0	FALSE	FALSE	1	1	1	8	10	15
nobgs_V0.5_c1_rep1_env8	emmax_simes	Chr1	16313024	16418632	15	1	Chr1:16313024;Chr1:16315982;Chr1:16319929;Chr1:16321837;Chr1:16324253;Chr1:16332363;Chr1:16343753;Chr1:16345705;Chr1:16361348;Chr1:16367318;Chr1:16376783;Chr1:16381895;Chr1:16409626;Chr1:16415243;Chr1:16418632	Chr1:16343753	""	FALSE	TRUE	TRUE	1	1	FALSE	FALSE	3	3	3	8	10	15
nobgs_V0.5_c1_rep1_env8	emmax_simes	Chr1	17327591	17492574	16	1	Chr1:17327591;Chr1:17351249;Chr1:17366554;Chr1:17407442;Chr1:17411420;Chr1:17412707;Chr1:17414306;Chr1:17425017;Chr1:17439722;Chr1:17448460;Chr1:17466472;Chr1:17467905;Chr1:17477398;Chr1:17477588;Chr1:17489337;Chr1:17492574	Chr1:17477588	""	FALSE	TRUE	TRUE	1	1	FALSE	FALSE	3	3	3	8	10	15
nobgs_V0.5_c1_rep1_env8	lfmm_simes	Chr1	16313024	16418632	15	1	Chr1:16313024;Chr1:16315982;Chr1:16319929;Chr1:16321837;Chr1:16324253;Chr1:16332363;Chr1:16343753;Chr1:16345705;Chr1:16361348;Chr1:16367318;Chr1:16376783;Chr1:16381895;Chr1:16409626;Chr1:16415243;Chr1:16418632	Chr1:16343753	""	FALSE	TRUE	TRUE	1	1	FALSE	FALSE	3	3	3	8	10	15
nobgs_V0.5_c1_rep2_env1	emmax_consensus	Chr1	12207029	12784182	94	4	Chr1:12207029;Chr1:12207198;Chr1:12207250;Chr1:12210116;Chr1:12212036;Chr1:12214027;Chr1:12215873;Chr1:12217973;Chr1:12224339;Chr1:12225605;Chr1:12227727;Chr1:12228426;Chr1:12230476;Chr1:12243114;Chr1:12243333;Chr1:12246809;Chr1:12258160;Chr1:12261502;Chr1:12268132;Chr1:12273914;Chr1:12275438;Chr1:12276918;Chr1:12277739;Chr1:12279818;Chr1:12282692;Chr1:12285077;Chr1:12285286;Chr1:12289102;Chr1:12289804;Chr1:12297897;Chr1:12303629;Chr1:12308111;Chr1:12308599;Chr1:12321939;Chr1:12324285;Chr1:12326767;Chr1:12337442;Chr1:12338876;Chr1:12339774;Chr1:12342544;Chr1:12347483;Chr1:12351390;Chr1:12351509;Chr1:12366986;Chr1:12371165;Chr1:12392049;Chr1:12399066;Chr1:12407220;Chr1:12407804;Chr1:12408394;Chr1:12414462;Chr1:12416396;Chr1:12418981;Chr1:12422827;Chr1:12429197;Chr1:12434578;Chr1:12444019;Chr1:12446281;Chr1:12449887;Chr1:12450088;Chr1:12453872;Chr1:12454249;Chr1:12461656;Chr1:12464338;Chr1:12469729;Chr1:12471437;Chr1:12472518;Chr1:12478963;Chr1:12479762;Chr1:12482558;Chr1:12491961;Chr1:12541129;Chr1:12551656;Chr1:12558412;Chr1:12570922;Chr1:12578541;Chr1:12582114;Chr1:12584210;Chr1:12602545;Chr1:12607891;Chr1:12646965;Chr1:12654585;Chr1:12672977;Chr1:12688157;Chr1:12705286;Chr1:12708639;Chr1:12711308;Chr1:12715219;Chr1:12716817;Chr1:12719249;Chr1:12723104;Chr1:12727510;Chr1:12753944;Chr1:12784182	Chr1:12207029;Chr1:12337442;Chr1:12414462;Chr1:12672977	Chr1:12479762	TRUE	TRUE	TRUE	1	2	FALSE	FALSE	3	3	3	12	14	21
nobgs_V0.5_c1_rep2_env1	emmax_simes	Chr1	12207029	12784182	94	4	Chr1:12207029;Chr1:12207198;Chr1:12207250;Chr1:12210116;Chr1:12212036;Chr1:12214027;Chr1:12215873;Chr1:12217973;Chr1:12224339;Chr1:12225605;Chr1:12227727;Chr1:12228426;Chr1:12230476;Chr1:12243114;Chr1:12243333;Chr1:12246809;Chr1:12258160;Chr1:12261502;Chr1:12268132;Chr1:12273914;Chr1:12275438;Chr1:12276918;Chr1:12277739;Chr1:12279818;Chr1:12282692;Chr1:12285077;Chr1:12285286;Chr1:12289102;Chr1:12289804;Chr1:12297897;Chr1:12303629;Chr1:12308111;Chr1:12308599;Chr1:12321939;Chr1:12324285;Chr1:12326767;Chr1:12337442;Chr1:12338876;Chr1:12339774;Chr1:12342544;Chr1:12347483;Chr1:12351390;Chr1:12351509;Chr1:12366986;Chr1:12371165;Chr1:12392049;Chr1:12399066;Chr1:12407220;Chr1:12407804;Chr1:12408394;Chr1:12414462;Chr1:12416396;Chr1:12418981;Chr1:12422827;Chr1:12429197;Chr1:12434578;Chr1:12444019;Chr1:12446281;Chr1:12449887;Chr1:12450088;Chr1:12453872;Chr1:12454249;Chr1:12461656;Chr1:12464338;Chr1:12469729;Chr1:12471437;Chr1:12472518;Chr1:12478963;Chr1:12479762;Chr1:12482558;Chr1:12491961;Chr1:12541129;Chr1:12551656;Chr1:12558412;Chr1:12570922;Chr1:12578541;Chr1:12582114;Chr1:12584210;Chr1:12602545;Chr1:12607891;Chr1:12646965;Chr1:12654585;Chr1:12672977;Chr1:12688157;Chr1:12705286;Chr1:12708639;Chr1:12711308;Chr1:12715219;Chr1:12716817;Chr1:12719249;Chr1:12723104;Chr1:12727510;Chr1:12753944;Chr1:12784182	Chr1:12207029;Chr1:12337442;Chr1:12414462;Chr1:12672977	Chr1:12479762	TRUE	TRUE	TRUE	1	2	FALSE	FALSE	3	3	3	12	14	21
nobgs_V0.5_c1_rep2_env1	lfmm_simes	Chr1	12297897	12784182	65	3	Chr1:12297897;Chr1:12303629;Chr1:12308111;Chr1:12308599;Chr1:12321939;Chr1:12324285;Chr1:12326767;Chr1:12337442;Chr1:12338876;Chr1:12339774;Chr1:12342544;Chr1:12347483;Chr1:12351390;Chr1:12351509;Chr1:12366986;Chr1:12371165;Chr1:12392049;Chr1:12399066;Chr1:12407220;Chr1:12407804;Chr1:12408394;Chr1:12414462;Chr1:12416396;Chr1:12418981;Chr1:12422827;Chr1:12429197;Chr1:12434578;Chr1:12444019;Chr1:12446281;Chr1:12449887;Chr1:12450088;Chr1:12453872;Chr1:12454249;Chr1:12461656;Chr1:12464338;Chr1:12469729;Chr1:12471437;Chr1:12472518;Chr1:12478963;Chr1:12479762;Chr1:12482558;Chr1:12491961;Chr1:12541129;Chr1:12551656;Chr1:12558412;Chr1:12570922;Chr1:12578541;Chr1:12582114;Chr1:12584210;Chr1:12602545;Chr1:12607891;Chr1:12646965;Chr1:12654585;Chr1:12672977;Chr1:12688157;Chr1:12705286;Chr1:12708639;Chr1:12711308;Chr1:12715219;Chr1:12716817;Chr1:12719249;Chr1:12723104;Chr1:12727510;Chr1:12753944;Chr1:12784182	Chr1:12337442;Chr1:12414462;Chr1:12672977	Chr1:12479762	TRUE	TRUE	TRUE	1	1	FALSE	FALSE	3	3	3	12	14	21
nobgs_V0.5_c1_rep2_env3	emmax_consensus	Chr1	13930751	15920090	459	9	Chr1:13930751;Chr1:13951712;Chr1:13953185;Chr1:13954669;Chr1:13960752;Chr1:13967331;Chr1:13987253;Chr1:14015381;Chr1:14036315;Chr1:14044480;Chr1:14060533;Chr1:14073222;Chr1:14075486;Chr1:14091183;Chr1:14103789;Chr1:14119756;Chr1:14128910;Chr1:14156507;Chr1:14174686;Chr1:14181255;Chr1:14252698;Chr1:14273607;Chr1:14285796;Chr1:14295081;Chr1:14298266;Chr1:14307897;Chr1:14319217;Chr1:14323959;Chr1:14331741;Chr1:14361568;Chr1:14363749;Chr1:14374204;Chr1:14382987;Chr1:14390052;Chr1:14423692;Chr1:14430560;Chr1:14321456;Chr1:14330596;Chr1:14369046;Chr1:14383741;Chr1:14417439;Chr1:14419791;Chr1:14435425;Chr1:14458109;Chr1:14462464;Chr1:14464996;Chr1:14472981;Chr1:14497076;Chr1:14498688;Chr1:14515273;Chr1:14516797;Chr1:14516821;Chr1:14524833;Chr1:14410494;Chr1:14427568;Chr1:14439698;Chr1:14446476;Chr1:14454260;Chr1:14459814;Chr1:14462412;Chr1:14489656;Chr1:14496147;Chr1:14497975;Chr1:14499133;Chr1:14523538;Chr1:14549796;Chr1:14549804;Chr1:14557013;Chr1:14567664;Chr1:14568591;Chr1:14574612;Chr1:14588018;Chr1:14593179;Chr1:14603792;Chr1:14608735;Chr1:14609156;Chr1:14627028;Chr1:14630396;Chr1:14631564;Chr1:14636086;Chr1:14639256;Chr1:14647849;Chr1:14651496;Chr1:14668205;Chr1:14412296;Chr1:14415686;Chr1:14428159;Chr1:14528713;Chr1:14553629;Chr1:14556715;Chr1:14563178;Chr1:14571359;Chr1:14584250;Chr1:14587064;Chr1:14590964;Chr1:14592922;Chr1:14604430;Chr1:14610338;Chr1:14640118;Chr1:14646560;Chr1:14649871;Chr1:14662027;Chr1:14667160;Chr1:14718631;Chr1:14761544;Chr1:14766981;Chr1:14782956;Chr1:14801462;Chr1:14813473;Chr1:14815049;Chr1:14819343;Chr1:14821846;Chr1:14824647;Chr1:14828305;Chr1:14828338;Chr1:14834796;Chr1:14840318;Chr1:14842835;Chr1:14843149;Chr1:14853104;Chr1:14718960;Chr1:14724350;Chr1:14735605;Chr1:14738909;Chr1:14790506;Chr1:14796511;Chr1:14800232;Chr1:14814966;Chr1:14849934;Chr1:14852556;Chr1:14856426;Chr1:14857419;Chr1:14859166;Chr1:14859489;Chr1:14859749;Chr1:14862659;Chr1:14871139;Chr1:14875521;Chr1:14875571;Chr1:14882295;Chr1:14885208;Chr1:14890405;Chr1:14893163;Chr1:14896286;Chr1:14897621;Chr1:14898342;Chr1:14898668;Chr1:14901387;Chr1:14913898;Chr1:14914450;Chr1:14917800;Chr1:14919569;Chr1:14920000;Chr1:14923735;Chr1:14935122;Chr1:14940543;Chr1:14942906;Chr1:14944629;Chr1:14945403;Chr1:14946938;Chr1:14952437;Chr1:14956584;Chr1:14960593;Chr1:14961441;Chr1:14962298;Chr1:14963048;Chr1:14966794;Chr1:14972323;Chr1:15175602;Chr1:15189612;Chr1:15190580;Chr1:15195571;Chr1:15196841;Chr1:15302597;Chr1:14868188;Chr1:14916403;Chr1:14921334;Chr1:14923753;Chr1:14931819;Chr1:14950360;Chr1:14952403;Chr1:14986253;Chr1:15044743;Chr1:15056863;Chr1:15063738;Chr1:15069534;Chr1:15073092;Chr1:15078956;Chr1:15091422;Chr1:15091506;Chr1:15092124;Chr1:15104902;Chr1:15123848;Chr1:15130986;Chr1:15133947;Chr1:15150506;Chr1:15151002;Chr1:15161394;Chr1:15163344;Chr1:15168349;Chr1:15205536;Chr1:15214244;Chr1:15219231;Chr1:15227361;Chr1:15230127;Chr1:15231665;Chr1:15233639;Chr1:15233988;Chr1:15234055;Chr1:15238286;Chr1:15238619;Chr1:15240011;Chr1:15242668;Chr1:15244130;Chr1:15259080;Chr1:15260037;Chr1:15266447;Chr1:15277536;Chr1:15281365;Chr1:15285721;Chr1:15286704;Chr1:15291797;Chr1:15297640;Chr1:15307450;Chr1:15316174;Chr1:15324703;Chr1:15336672;Chr1:15337382;Chr1:15338426;Chr1:15340923;Chr1:15346145;Chr1:15353283;Chr1:14966102;Chr1:14971776;Chr1:14976506;Chr1:14978214;Chr1:14986048;Chr1:14988799;Chr1:14995351;Chr1:14997884;Chr1:15002204;Chr1:15002330;Chr1:15003752;Chr1:15004237;Chr1:15007603;Chr1:15010400;Chr1:15010553;Chr1:15012841;Chr1:15013929;Chr1:15018087;Chr1:15018385;Chr1:15020905;Chr1:15027724;Chr1:15029974;Chr1:15034679;Chr1:15035052;Chr1:15038743;Chr1:15039461;Chr1:15040204;Chr1:15042595;Chr1:15054225;Chr1:15066122;Chr1:15068980;Chr1:15070428;Chr1:15075823;Chr1:15082131;Chr1:15097470;Chr1:15098513;Chr1:15101241;Chr1:15102835;Chr1:15107894;Chr1:15114931;Chr1:15116180;Chr1:15123498;Chr1:15124764;Chr1:15132348;Chr1:15135556;Chr1:15137189;Chr1:15144278;Chr1:15144386;Chr1:15153783;Chr1:15156448;Chr1:15158252;Chr1:15158736;Chr1:15173592;Chr1:15180605;Chr1:15195777;Chr1:15200800;Chr1:15205177;Chr1:15206486;Chr1:15210226;Chr1:15215339;Chr1:15216947;Chr1:15217201;Chr1:15217245;Chr1:15219740;Chr1:15229730;Chr1:15229769;Chr1:15232728;Chr1:15236739;Chr1:15246213;Chr1:15260414;Chr1:15270613;Chr1:15282480;Chr1:15286461;Chr1:15294985;Chr1:15298772;Chr1:15306920;Chr1:15319160;Chr1:15320914;Chr1:15322271;Chr1:15322369;Chr1:15336357;Chr1:15349348;Chr1:15351919;Chr1:15356506;Chr1:15360536;Chr1:15361552;Chr1:15364146;Chr1:15368639;Chr1:15369305;Chr1:15369849;Chr1:15370511;Chr1:15378481;Chr1:15380328;Chr1:15383215;Chr1:15386276;Chr1:15392242;Chr1:15395351;Chr1:15400372;Chr1:15402858;Chr1:15404857;Chr1:15410402;Chr1:15416349;Chr1:15416563;Chr1:15416710;Chr1:15418678;Chr1:15421991;Chr1:15422102;Chr1:15426242;Chr1:15428287;Chr1:15431614;Chr1:15431671;Chr1:15432087;Chr1:15435412;Chr1:15447686;Chr1:15448560;Chr1:15449346;Chr1:15450822;Chr1:15454021;Chr1:15456057;Chr1:15458056;Chr1:15461253;Chr1:15461301;Chr1:15462056;Chr1:15465963;Chr1:15468963;Chr1:15470787;Chr1:15477342;Chr1:15480739;Chr1:15483361;Chr1:15486741;Chr1:15494701;Chr1:15495634;Chr1:15496051;Chr1:15501985;Chr1:15503551;Chr1:15506756;Chr1:15508145;Chr1:15511182;Chr1:15533260;Chr1:15538791;Chr1:15540324;Chr1:15542927;Chr1:15546164;Chr1:15550090;Chr1:15554489;Chr1:15554655;Chr1:15563683;Chr1:15564559;Chr1:15565058;Chr1:15569062;Chr1:15573275;Chr1:15575053;Chr1:15575462;Chr1:15576623;Chr1:15577915;Chr1:15578777;Chr1:15583442;Chr1:15583445;Chr1:15583578;Chr1:15586423;Chr1:15586943;Chr1:15593135;Chr1:15600945;Chr1:15605250;Chr1:15619932;Chr1:15621125;Chr1:15621141;Chr1:15623344;Chr1:15627355;Chr1:15628225;Chr1:15631556;Chr1:15636147;Chr1:15654866;Chr1:15655148;Chr1:15655401;Chr1:15656567;Chr1:15674914;Chr1:15677963;Chr1:15678385;Chr1:15678934;Chr1:15685132;Chr1:15693299;Chr1:15697628;Chr1:15704025;Chr1:15704775;Chr1:15712588;Chr1:15713772;Chr1:15714151;Chr1:15716892;Chr1:15726371;Chr1:15727379;Chr1:15728979;Chr1:15733377;Chr1:15736141;Chr1:15737632;Chr1:15741091;Chr1:15750905;Chr1:15753070;Chr1:15753524;Chr1:15755104;Chr1:15755641;Chr1:15756918;Chr1:15763067;Chr1:15765149;Chr1:15765964;Chr1:15773054;Chr1:15777852;Chr1:15778782;Chr1:15779771;Chr1:15787637;Chr1:15794067;Chr1:15797505;Chr1:15810005;Chr1:15816792;Chr1:15819459;Chr1:15841350;Chr1:15848977;Chr1:15849886;Chr1:15853905;Chr1:15870846;Chr1:15877136;Chr1:15898494;Chr1:15903896;Chr1:15906921;Chr1:15910373;Chr1:15919667;Chr1:15920090	Chr1:14091183;Chr1:14323959;Chr1:14516797;Chr1:14567664;Chr1:14587064;Chr1:14843149;Chr1:14871139;Chr1:15205536;Chr1:15704025	Chr1:14978214;Chr1:15773054	TRUE	TRUE	TRUE	1	1	FALSE	FALSE	3	3	3	11	15	26
nobgs_V0.5_c1_rep2_env3	emmax_simes	Chr1	13930751	15920090	459	9	Chr1:13930751;Chr1:13951712;Chr1:13953185;Chr1:13954669;Chr1:13960752;Chr1:13967331;Chr1:13987253;Chr1:14015381;Chr1:14036315;Chr1:14044480;Chr1:14060533;Chr1:14073222;Chr1:14075486;Chr1:14091183;Chr1:14103789;Chr1:14119756;Chr1:14128910;Chr1:14156507;Chr1:14174686;Chr1:14181255;Chr1:14252698;Chr1:14273607;Chr1:14285796;Chr1:14295081;Chr1:14298266;Chr1:14307897;Chr1:14319217;Chr1:14323959;Chr1:14331741;Chr1:14361568;Chr1:14363749;Chr1:14374204;Chr1:14382987;Chr1:14390052;Chr1:14423692;Chr1:14430560;Chr1:14321456;Chr1:14330596;Chr1:14369046;Chr1:14383741;Chr1:14417439;Chr1:14419791;Chr1:14435425;Chr1:14458109;Chr1:14462464;Chr1:14464996;Chr1:14472981;Chr1:14497076;Chr1:14498688;Chr1:14515273;Chr1:14516797;Chr1:14516821;Chr1:14524833;Chr1:14410494;Chr1:14427568;Chr1:14439698;Chr1:14446476;Chr1:14454260;Chr1:14459814;Chr1:14462412;Chr1:14489656;Chr1:14496147;Chr1:14497975;Chr1:14499133;Chr1:14523538;Chr1:14549796;Chr1:14549804;Chr1:14557013;Chr1:14567664;Chr1:14568591;Chr1:14574612;Chr1:14588018;Chr1:14593179;Chr1:14603792;Chr1:14608735;Chr1:14609156;Chr1:14627028;Chr1:14630396;Chr1:14631564;Chr1:14636086;Chr1:14639256;Chr1:14647849;Chr1:14651496;Chr1:14668205;Chr1:14412296;Chr1:14415686;Chr1:14428159;Chr1:14528713;Chr1:14553629;Chr1:14556715;Chr1:14563178;Chr1:14571359;Chr1:14584250;Chr1:14587064;Chr1:14590964;Chr1:14592922;Chr1:14604430;Chr1:14610338;Chr1:14640118;Chr1:14646560;Chr1:14649871;Chr1:14662027;Chr1:14667160;Chr1:14718631;Chr1:14761544;Chr1:14766981;Chr1:14782956;Chr1:14801462;Chr1:14813473;Chr1:14815049;Chr1:14819343;Chr1:14821846;Chr1:14824647;Chr1:14828305;Chr1:14828338;Chr1:14834796;Chr1:14840318;Chr1:14842835;Chr1:14843149;Chr1:14853104;Chr1:14718960;Chr1:14724350;Chr1:14735605;Chr1:14738909;Chr1:14790506;Chr1:14796511;Chr1:14800232;Chr1:14814966;Chr1:14849934;Chr1:14852556;Chr1:14856426;Chr1:14857419;Chr1:14859166;Chr1:14859489;Chr1:14859749;Chr1:14862659;Chr1:14871139;Chr1:14875521;Chr1:14875571;Chr1:14882295;Chr1:14885208;Chr1:14890405;Chr1:14893163;Chr1:14896286;Chr1:14897621;Chr1:14898342;Chr1:14898668;Chr1:14901387;Chr1:14913898;Chr1:14914450;Chr1:14917800;Chr1:14919569;Chr1:14920000;Chr1:14923735;Chr1:14935122;Chr1:14940543;Chr1:14942906;Chr1:14944629;Chr1:14945403;Chr1:14946938;Chr1:14952437;Chr1:14956584;Chr1:14960593;Chr1:14961441;Chr1:14962298;Chr1:14963048;Chr1:14966794;Chr1:14972323;Chr1:15175602;Chr1:15189612;Chr1:15190580;Chr1:15195571;Chr1:15196841;Chr1:15302597;Chr1:14868188;Chr1:14916403;Chr1:14921334;Chr1:14923753;Chr1:14931819;Chr1:14950360;Chr1:14952403;Chr1:14986253;Chr1:15044743;Chr1:15056863;Chr1:15063738;Chr1:15069534;Chr1:15073092;Chr1:15078956;Chr1:15091422;Chr1:15091506;Chr1:15092124;Chr1:15104902;Chr1:15123848;Chr1:15130986;Chr1:15133947;Chr1:15150506;Chr1:15151002;Chr1:15161394;Chr1:15163344;Chr1:15168349;Chr1:15205536;Chr1:15214244;Chr1:15219231;Chr1:15227361;Chr1:15230127;Chr1:15231665;Chr1:15233639;Chr1:15233988;Chr1:15234055;Chr1:15238286;Chr1:15238619;Chr1:15240011;Chr1:15242668;Chr1:15244130;Chr1:15259080;Chr1:15260037;Chr1:15266447;Chr1:15277536;Chr1:15281365;Chr1:15285721;Chr1:15286704;Chr1:15291797;Chr1:15297640;Chr1:15307450;Chr1:15316174;Chr1:15324703;Chr1:15336672;Chr1:15337382;Chr1:15338426;Chr1:15340923;Chr1:15346145;Chr1:15353283;Chr1:14966102;Chr1:14971776;Chr1:14976506;Chr1:14978214;Chr1:14986048;Chr1:14988799;Chr1:14995351;Chr1:14997884;Chr1:15002204;Chr1:15002330;Chr1:15003752;Chr1:15004237;Chr1:15007603;Chr1:15010400;Chr1:15010553;Chr1:15012841;Chr1:15013929;Chr1:15018087;Chr1:15018385;Chr1:15020905;Chr1:15027724;Chr1:15029974;Chr1:15034679;Chr1:15035052;Chr1:15038743;Chr1:15039461;Chr1:15040204;Chr1:15042595;Chr1:15054225;Chr1:15066122;Chr1:15068980;Chr1:15070428;Chr1:15075823;Chr1:15082131;Chr1:15097470;Chr1:15098513;Chr1:15101241;Chr1:15102835;Chr1:15107894;Chr1:15114931;Chr1:15116180;Chr1:15123498;Chr1:15124764;Chr1:15132348;Chr1:15135556;Chr1:15137189;Chr1:15144278;Chr1:15144386;Chr1:15153783;Chr1:15156448;Chr1:15158252;Chr1:15158736;Chr1:15173592;Chr1:15180605;Chr1:15195777;Chr1:15200800;Chr1:15205177;Chr1:15206486;Chr1:15210226;Chr1:15215339;Chr1:15216947;Chr1:15217201;Chr1:15217245;Chr1:15219740;Chr1:15229730;Chr1:15229769;Chr1:15232728;Chr1:15236739;Chr1:15246213;Chr1:15260414;Chr1:15270613;Chr1:15282480;Chr1:15286461;Chr1:15294985;Chr1:15298772;Chr1:15306920;Chr1:15319160;Chr1:15320914;Chr1:15322271;Chr1:15322369;Chr1:15336357;Chr1:15349348;Chr1:15351919;Chr1:15356506;Chr1:15360536;Chr1:15361552;Chr1:15364146;Chr1:15368639;Chr1:15369305;Chr1:15369849;Chr1:15370511;Chr1:15378481;Chr1:15380328;Chr1:15383215;Chr1:15386276;Chr1:15392242;Chr1:15395351;Chr1:15400372;Chr1:15402858;Chr1:15404857;Chr1:15410402;Chr1:15416349;Chr1:15416563;Chr1:15416710;Chr1:15418678;Chr1:15421991;Chr1:15422102;Chr1:15426242;Chr1:15428287;Chr1:15431614;Chr1:15431671;Chr1:15432087;Chr1:15435412;Chr1:15447686;Chr1:15448560;Chr1:15449346;Chr1:15450822;Chr1:15454021;Chr1:15456057;Chr1:15458056;Chr1:15461253;Chr1:15461301;Chr1:15462056;Chr1:15465963;Chr1:15468963;Chr1:15470787;Chr1:15477342;Chr1:15480739;Chr1:15483361;Chr1:15486741;Chr1:15494701;Chr1:15495634;Chr1:15496051;Chr1:15501985;Chr1:15503551;Chr1:15506756;Chr1:15508145;Chr1:15511182;Chr1:15533260;Chr1:15538791;Chr1:15540324;Chr1:15542927;Chr1:15546164;Chr1:15550090;Chr1:15554489;Chr1:15554655;Chr1:15563683;Chr1:15564559;Chr1:15565058;Chr1:15569062;Chr1:15573275;Chr1:15575053;Chr1:15575462;Chr1:15576623;Chr1:15577915;Chr1:15578777;Chr1:15583442;Chr1:15583445;Chr1:15583578;Chr1:15586423;Chr1:15586943;Chr1:15593135;Chr1:15600945;Chr1:15605250;Chr1:15619932;Chr1:15621125;Chr1:15621141;Chr1:15623344;Chr1:15627355;Chr1:15628225;Chr1:15631556;Chr1:15636147;Chr1:15654866;Chr1:15655148;Chr1:15655401;Chr1:15656567;Chr1:15674914;Chr1:15677963;Chr1:15678385;Chr1:15678934;Chr1:15685132;Chr1:15693299;Chr1:15697628;Chr1:15704025;Chr1:15704775;Chr1:15712588;Chr1:15713772;Chr1:15714151;Chr1:15716892;Chr1:15726371;Chr1:15727379;Chr1:15728979;Chr1:15733377;Chr1:15736141;Chr1:15737632;Chr1:15741091;Chr1:15750905;Chr1:15753070;Chr1:15753524;Chr1:15755104;Chr1:15755641;Chr1:15756918;Chr1:15763067;Chr1:15765149;Chr1:15765964;Chr1:15773054;Chr1:15777852;Chr1:15778782;Chr1:15779771;Chr1:15787637;Chr1:15794067;Chr1:15797505;Chr1:15810005;Chr1:15816792;Chr1:15819459;Chr1:15841350;Chr1:15848977;Chr1:15849886;Chr1:15853905;Chr1:15870846;Chr1:15877136;Chr1:15898494;Chr1:15903896;Chr1:15906921;Chr1:15910373;Chr1:15919667;Chr1:15920090	Chr1:14091183;Chr1:14323959;Chr1:14516797;Chr1:14567664;Chr1:14587064;Chr1:14843149;Chr1:14871139;Chr1:15205536;Chr1:15704025	Chr1:14978214;Chr1:15773054	TRUE	TRUE	TRUE	1	1	FALSE	FALSE	3	3	3	11	15	26
nobgs_V0.5_c1_rep2_env3	lfmm_simes	Chr1	14718960	15920090	339	3	Chr1:14718960;Chr1:14724350;Chr1:14735605;Chr1:14738909;Chr1:14790506;Chr1:14796511;Chr1:14800232;Chr1:14814966;Chr1:14849934;Chr1:14852556;Chr1:14856426;Chr1:14857419;Chr1:14859166;Chr1:14859489;Chr1:14859749;Chr1:14862659;Chr1:14871139;Chr1:14875521;Chr1:14875571;Chr1:14882295;Chr1:14885208;Chr1:14890405;Chr1:14893163;Chr1:14896286;Chr1:14897621;Chr1:14898342;Chr1:14898668;Chr1:14901387;Chr1:14913898;Chr1:14914450;Chr1:14917800;Chr1:14919569;Chr1:14920000;Chr1:14923735;Chr1:14935122;Chr1:14940543;Chr1:14942906;Chr1:14944629;Chr1:14945403;Chr1:14946938;Chr1:14952437;Chr1:14956584;Chr1:14960593;Chr1:14961441;Chr1:14962298;Chr1:14963048;Chr1:14966794;Chr1:14972323;Chr1:15175602;Chr1:15189612;Chr1:15190580;Chr1:15195571;Chr1:15196841;Chr1:15302597;Chr1:14868188;Chr1:14916403;Chr1:14921334;Chr1:14923753;Chr1:14931819;Chr1:14950360;Chr1:14952403;Chr1:14986253;Chr1:15044743;Chr1:15056863;Chr1:15063738;Chr1:15069534;Chr1:15073092;Chr1:15078956;Chr1:15091422;Chr1:15091506;Chr1:15092124;Chr1:15104902;Chr1:15123848;Chr1:15130986;Chr1:15133947;Chr1:15150506;Chr1:15151002;Chr1:15161394;Chr1:15163344;Chr1:15168349;Chr1:15205536;Chr1:15214244;Chr1:15219231;Chr1:15227361;Chr1:15230127;Chr1:15231665;Chr1:15233639;Chr1:15233988;Chr1:15234055;Chr1:15238286;Chr1:15238619;Chr1:15240011;Chr1:15242668;Chr1:15244130;Chr1:15259080;Chr1:15260037;Chr1:15266447;Chr1:15277536;Chr1:15281365;Chr1:15285721;Chr1:15286704;Chr1:15291797;Chr1:15297640;Chr1:15307450;Chr1:15316174;Chr1:15324703;Chr1:15336672;Chr1:15337382;Chr1:15338426;Chr1:15340923;Chr1:15346145;Chr1:15353283;Chr1:14966102;Chr1:14971776;Chr1:14976506;Chr1:14978214;Chr1:14986048;Chr1:14988799;Chr1:14995351;Chr1:14997884;Chr1:15002204;Chr1:15002330;Chr1:15003752;Chr1:15004237;Chr1:15007603;Chr1:15010400;Chr1:15010553;Chr1:15012841;Chr1:15013929;Chr1:15018087;Chr1:15018385;Chr1:15020905;Chr1:15027724;Chr1:15029974;Chr1:15034679;Chr1:15035052;Chr1:15038743;Chr1:15039461;Chr1:15040204;Chr1:15042595;Chr1:15054225;Chr1:15066122;Chr1:15068980;Chr1:15070428;Chr1:15075823;Chr1:15082131;Chr1:15097470;Chr1:15098513;Chr1:15101241;Chr1:15102835;Chr1:15107894;Chr1:15114931;Chr1:15116180;Chr1:15123498;Chr1:15124764;Chr1:15132348;Chr1:15135556;Chr1:15137189;Chr1:15144278;Chr1:15144386;Chr1:15153783;Chr1:15156448;Chr1:15158252;Chr1:15158736;Chr1:15173592;Chr1:15180605;Chr1:15195777;Chr1:15200800;Chr1:15205177;Chr1:15206486;Chr1:15210226;Chr1:15215339;Chr1:15216947;Chr1:15217201;Chr1:15217245;Chr1:15219740;Chr1:15229730;Chr1:15229769;Chr1:15232728;Chr1:15236739;Chr1:15246213;Chr1:15260414;Chr1:15270613;Chr1:15282480;Chr1:15286461;Chr1:15294985;Chr1:15298772;Chr1:15306920;Chr1:15319160;Chr1:15320914;Chr1:15322271;Chr1:15322369;Chr1:15336357;Chr1:15349348;Chr1:15351919;Chr1:15356506;Chr1:15360536;Chr1:15361552;Chr1:15364146;Chr1:15368639;Chr1:15369305;Chr1:15369849;Chr1:15370511;Chr1:15378481;Chr1:15380328;Chr1:15383215;Chr1:15386276;Chr1:15392242;Chr1:15395351;Chr1:15400372;Chr1:15402858;Chr1:15404857;Chr1:15410402;Chr1:15416349;Chr1:15416563;Chr1:15416710;Chr1:15418678;Chr1:15421991;Chr1:15422102;Chr1:15426242;Chr1:15428287;Chr1:15431614;Chr1:15431671;Chr1:15432087;Chr1:15435412;Chr1:15447686;Chr1:15448560;Chr1:15449346;Chr1:15450822;Chr1:15454021;Chr1:15456057;Chr1:15458056;Chr1:15461253;Chr1:15461301;Chr1:15462056;Chr1:15465963;Chr1:15468963;Chr1:15470787;Chr1:15477342;Chr1:15480739;Chr1:15483361;Chr1:15486741;Chr1:15494701;Chr1:15495634;Chr1:15496051;Chr1:15501985;Chr1:15503551;Chr1:15506756;Chr1:15508145;Chr1:15511182;Chr1:15533260;Chr1:15538791;Chr1:15540324;Chr1:15542927;Chr1:15546164;Chr1:15550090;Chr1:15554489;Chr1:15554655;Chr1:15563683;Chr1:15564559;Chr1:15565058;Chr1:15569062;Chr1:15573275;Chr1:15575053;Chr1:15575462;Chr1:15576623;Chr1:15577915;Chr1:15578777;Chr1:15583442;Chr1:15583445;Chr1:15583578;Chr1:15586423;Chr1:15586943;Chr1:15593135;Chr1:15600945;Chr1:15605250;Chr1:15619932;Chr1:15621125;Chr1:15621141;Chr1:15623344;Chr1:15627355;Chr1:15628225;Chr1:15631556;Chr1:15636147;Chr1:15654866;Chr1:15655148;Chr1:15655401;Chr1:15656567;Chr1:15674914;Chr1:15677963;Chr1:15678385;Chr1:15678934;Chr1:15685132;Chr1:15693299;Chr1:15697628;Chr1:15704025;Chr1:15704775;Chr1:15712588;Chr1:15713772;Chr1:15714151;Chr1:15716892;Chr1:15726371;Chr1:15727379;Chr1:15728979;Chr1:15733377;Chr1:15736141;Chr1:15737632;Chr1:15741091;Chr1:15750905;Chr1:15753070;Chr1:15753524;Chr1:15755104;Chr1:15755641;Chr1:15756918;Chr1:15763067;Chr1:15765149;Chr1:15765964;Chr1:15773054;Chr1:15777852;Chr1:15778782;Chr1:15779771;Chr1:15787637;Chr1:15794067;Chr1:15797505;Chr1:15810005;Chr1:15816792;Chr1:15819459;Chr1:15841350;Chr1:15848977;Chr1:15849886;Chr1:15853905;Chr1:15870846;Chr1:15877136;Chr1:15898494;Chr1:15903896;Chr1:15906921;Chr1:15910373;Chr1:15919667;Chr1:15920090	Chr1:14871139;Chr1:15205536;Chr1:15704025	Chr1:14978214;Chr1:15773054	TRUE	TRUE	TRUE	1	1	FALSE	FALSE	3	3	3	11	15	26
nobgs_V0.5_c1_rep2_env8	emmax_consensus	Chr1	15414721	15919809	53	3	Chr1:15414721;Chr1:15416082;Chr1:15418768;Chr1:15420523;Chr1:15425768;Chr1:15433915;Chr1:15442744;Chr1:15447686;Chr1:15448406;Chr1:15476531;Chr1:15489587;Chr1:15520077;Chr1:15521838;Chr1:15525668;Chr1:15530536;Chr1:15530905;Chr1:15531771;Chr1:15536555;Chr1:15589331;Chr1:15610478;Chr1:15617267;Chr1:15637167;Chr1:15659649;Chr1:15663106;Chr1:15701763;Chr1:15702068;Chr1:15718952;Chr1:15722551;Chr1:15722948;Chr1:15731544;Chr1:15738725;Chr1:15748116;Chr1:15748475;Chr1:15752156;Chr1:15752613;Chr1:15756650;Chr1:15773054;Chr1:15776175;Chr1:15780357;Chr1:15782299;Chr1:15813635;Chr1:15841100;Chr1:15848712;Chr1:15855885;Chr1:15866261;Chr1:15872892;Chr1:15874427;Chr1:15875750;Chr1:15881920;Chr1:15894826;Chr1:15908232;Chr1:15912444;Chr1:15919809	Chr1:15476531;Chr1:15748475;Chr1:15872892	Chr1:15773054	TRUE	TRUE	TRUE	1	1	FALSE	FALSE	3	3	3	11	13	19
nobgs_V0.5_c1_rep2_env8	emmax_simes	Chr1	15414721	15919809	53	3	Chr1:15414721;Chr1:15416082;Chr1:15418768;Chr1:15420523;Chr1:15425768;Chr1:15433915;Chr1:15442744;Chr1:15447686;Chr1:15448406;Chr1:15476531;Chr1:15489587;Chr1:15520077;Chr1:15521838;Chr1:15525668;Chr1:15530536;Chr1:15530905;Chr1:15531771;Chr1:15536555;Chr1:15589331;Chr1:15610478;Chr1:15617267;Chr1:15637167;Chr1:15659649;Chr1:15663106;Chr1:15701763;Chr1:15702068;Chr1:15718952;Chr1:15722551;Chr1:15722948;Chr1:15731544;Chr1:15738725;Chr1:15748116;Chr1:15748475;Chr1:15752156;Chr1:15752613;Chr1:15756650;Chr1:15773054;Chr1:15776175;Chr1:15780357;Chr1:15782299;Chr1:15813635;Chr1:15841100;Chr1:15848712;Chr1:15855885;Chr1:15866261;Chr1:15872892;Chr1:15874427;Chr1:15875750;Chr1:15881920;Chr1:15894826;Chr1:15908232;Chr1:15912444;Chr1:15919809	Chr1:15476531;Chr1:15748475;Chr1:15872892	Chr1:15773054	TRUE	TRUE	TRUE	1	1	FALSE	FALSE	3	3	3	11	13	19
nobgs_V0.5_c1_rep2_env8	lfmm_simes	Chr1	15414721	15919809	53	3	Chr1:15414721;Chr1:15416082;Chr1:15418768;Chr1:15420523;Chr1:15425768;Chr1:15433915;Chr1:15442744;Chr1:15447686;Chr1:15448406;Chr1:15476531;Chr1:15489587;Chr1:15520077;Chr1:15521838;Chr1:15525668;Chr1:15530536;Chr1:15530905;Chr1:15531771;Chr1:15536555;Chr1:15589331;Chr1:15610478;Chr1:15617267;Chr1:15637167;Chr1:15659649;Chr1:15663106;Chr1:15701763;Chr1:15702068;Chr1:15718952;Chr1:15722551;Chr1:15722948;Chr1:15731544;Chr1:15738725;Chr1:15748116;Chr1:15748475;Chr1:15752156;Chr1:15752613;Chr1:15756650;Chr1:15773054;Chr1:15776175;Chr1:15780357;Chr1:15782299;Chr1:15813635;Chr1:15841100;Chr1:15848712;Chr1:15855885;Chr1:15866261;Chr1:15872892;Chr1:15874427;Chr1:15875750;Chr1:15881920;Chr1:15894826;Chr1:15908232;Chr1:15912444;Chr1:15919809	Chr1:15476531;Chr1:15748475;Chr1:15872892	Chr1:15773054	TRUE	TRUE	TRUE	1	1	FALSE	FALSE	3	3	3	11	13	19
nobgs_V0.5_c1_rep3_env1	emmax_consensus	Chr1	5347634	5737683	53	4	Chr1:5347634;Chr1:5371973;Chr1:5377158;Chr1:5382849;Chr1:5384392;Chr1:5390518;Chr1:5391897;Chr1:5405034;Chr1:5407554;Chr1:5409331;Chr1:5424951;Chr1:5433891;Chr1:5436169;Chr1:5438207;Chr1:5444448;Chr1:5456116;Chr1:5460490;Chr1:5463656;Chr1:5474275;Chr1:5494277;Chr1:5497420;Chr1:5502265;Chr1:5503892;Chr1:5505311;Chr1:5507253;Chr1:5520986;Chr1:5531422;Chr1:5541988;Chr1:5553942;Chr1:5562072;Chr1:5563914;Chr1:5571715;Chr1:5588202;Chr1:5589660;Chr1:5589927;Chr1:5593524;Chr1:5601897;Chr1:5603921;Chr1:5609862;Chr1:5610231;Chr1:5613764;Chr1:5615457;Chr1:5618770;Chr1:5626257;Chr1:5667147;Chr1:5670452;Chr1:5679323;Chr1:5691252;Chr1:5700955;Chr1:5718819;Chr1:5729930;Chr1:5735787;Chr1:5737683	Chr1:5407554;Chr1:5502265;Chr1:5601897;Chr1:5729930	Chr1:5520986	TRUE	TRUE	TRUE	1	1	FALSE	FALSE	3	3	3	8	9	13
nobgs_V0.5_c1_rep3_env1	emmax_consensus	Chr1	10629562	10654823	9	1	Chr1:10629562;Chr1:10630069;Chr1:10631208;Chr1:10634610;Chr1:10641723;Chr1:10643011;Chr1:10645131;Chr1:10652996;Chr1:10654823	Chr1:10641723	""	FALSE	TRUE	FALSE	1	0	FALSE	FALSE	2	2	2	8	9	13
nobgs_V0.5_c1_rep3_env1	emmax_simes	Chr1	5347634	5737683	53	4	Chr1:5347634;Chr1:5371973;Chr1:5377158;Chr1:5382849;Chr1:5384392;Chr1:5390518;Chr1:5391897;Chr1:5405034;Chr1:5407554;Chr1:5409331;Chr1:5424951;Chr1:5433891;Chr1:5436169;Chr1:5438207;Chr1:5444448;Chr1:5456116;Chr1:5460490;Chr1:5463656;Chr1:5474275;Chr1:5494277;Chr1:5497420;Chr1:5502265;Chr1:5503892;Chr1:5505311;Chr1:5507253;Chr1:5520986;Chr1:5531422;Chr1:5541988;Chr1:5553942;Chr1:5562072;Chr1:5563914;Chr1:5571715;Chr1:5588202;Chr1:5589660;Chr1:5589927;Chr1:5593524;Chr1:5601897;Chr1:5603921;Chr1:5609862;Chr1:5610231;Chr1:5613764;Chr1:5615457;Chr1:5618770;Chr1:5626257;Chr1:5667147;Chr1:5670452;Chr1:5679323;Chr1:5691252;Chr1:5700955;Chr1:5718819;Chr1:5729930;Chr1:5735787;Chr1:5737683	Chr1:5407554;Chr1:5502265;Chr1:5601897;Chr1:5729930	Chr1:5520986	TRUE	TRUE	TRUE	1	1	FALSE	FALSE	3	3	3	8	9	13
nobgs_V0.5_c1_rep3_env1	lfmm_simes	Chr1	5347634	5737683	53	4	Chr1:5347634;Chr1:5371973;Chr1:5377158;Chr1:5382849;Chr1:5384392;Chr1:5390518;Chr1:5391897;Chr1:5405034;Chr1:5407554;Chr1:5409331;Chr1:5424951;Chr1:5433891;Chr1:5436169;Chr1:5438207;Chr1:5444448;Chr1:5456116;Chr1:5460490;Chr1:5463656;Chr1:5474275;Chr1:5494277;Chr1:5497420;Chr1:5502265;Chr1:5503892;Chr1:5505311;Chr1:5507253;Chr1:5520986;Chr1:5531422;Chr1:5541988;Chr1:5553942;Chr1:5562072;Chr1:5563914;Chr1:5571715;Chr1:5588202;Chr1:5589660;Chr1:5589927;Chr1:5593524;Chr1:5601897;Chr1:5603921;Chr1:5609862;Chr1:5610231;Chr1:5613764;Chr1:5615457;Chr1:5618770;Chr1:5626257;Chr1:5667147;Chr1:5670452;Chr1:5679323;Chr1:5691252;Chr1:5700955;Chr1:5718819;Chr1:5729930;Chr1:5735787;Chr1:5737683	Chr1:5407554;Chr1:5502265;Chr1:5601897;Chr1:5729930	Chr1:5520986	TRUE	TRUE	TRUE	1	1	FALSE	FALSE	3	3	3	8	9	13
nobgs_V0.5_c1_rep3_env3	emmax_consensus	Chr1	18184	456702	20	1	Chr1:18184;Chr1:22580;Chr1:35703;Chr1:106508;Chr1:150799;Chr1:172566;Chr1:178397;Chr1:183971;Chr1:202844;Chr1:216779;Chr1:226181;Chr1:244762;Chr1:300383;Chr1:305816;Chr1:330851;Chr1:332642;Chr1:344707;Chr1:356040;Chr1:370004;Chr1:456702	Chr1:18184	""	FALSE	FALSE	TRUE	0	1	FALSE	FALSE	2	2	2	8	10	14
nobgs_V0.5_c1_rep3_env3	emmax_consensus	Chr1	9605495	9809964	30	2	Chr1:9605495;Chr1:9608534;Chr1:9636370;Chr1:9641644;Chr1:9644732;Chr1:9645085;Chr1:9656830;Chr1:9657480;Chr1:9662966;Chr1:9663339;Chr1:9685084;Chr1:9687189;Chr1:9693373;Chr1:9700771;Chr1:9725196;Chr1:9731430;Chr1:9736992;Chr1:9740650;Chr1:9759797;Chr1:9766730;Chr1:9768160;Chr1:9779675;Chr1:9781841;Chr1:9782551;Chr1:9783252;Chr1:9786005;Chr1:9787788;Chr1:9793847;Chr1:9800779;Chr1:9809964	Chr1:9685084;Chr1:9783252	Chr1:9725196	TRUE	TRUE	TRUE	1	1	FALSE	FALSE	3	3	3	8	10	14
nobgs_V0.5_c1_rep3_env3	emmax_simes	Chr1	9605495	9809964	30	2	Chr1:9605495;Chr1:9608534;Chr1:9636370;Chr1:9641644;Chr1:9644732;Chr1:9645085;Chr1:9656830;Chr1:9657480;Chr1:9662966;Chr1:9663339;Chr1:9685084;Chr1:9687189;Chr1:9693373;Chr1:9700771;Chr1:9725196;Chr1:9731430;Chr1:9736992;Chr1:9740650;Chr1:9759797;Chr1:9766730;Chr1:9768160;Chr1:9779675;Chr1:9781841;Chr1:9782551;Chr1:9783252;Chr1:9786005;Chr1:9787788;Chr1:9793847;Chr1:9800779;Chr1:9809964	Chr1:9685084;Chr1:9783252	Chr1:9725196	TRUE	TRUE	TRUE	1	1	FALSE	FALSE	3	3	3	8	10	14
nobgs_V0.5_c1_rep3_env3	lfmm_simes	Chr1	9605495	9809964	30	2	Chr1:9605495;Chr1:9608534;Chr1:9636370;Chr1:9641644;Chr1:9644732;Chr1:9645085;Chr1:9656830;Chr1:9657480;Chr1:9662966;Chr1:9663339;Chr1:9685084;Chr1:9687189;Chr1:9693373;Chr1:9700771;Chr1:9725196;Chr1:9731430;Chr1:9736992;Chr1:9740650;Chr1:9759797;Chr1:9766730;Chr1:9768160;Chr1:9779675;Chr1:9781841;Chr1:9782551;Chr1:9783252;Chr1:9786005;Chr1:9787788;Chr1:9793847;Chr1:9800779;Chr1:9809964	Chr1:9685084;Chr1:9783252	Chr1:9725196	TRUE	TRUE	TRUE	1	1	FALSE	FALSE	3	3	3	8	10	14
nobgs_V0.5_c1_rep3_env5	emmax_consensus	Chr1	8709370	8772253	13	1	Chr1:8709370;Chr1:8718497;Chr1:8718610;Chr1:8720230;Chr1:8723704;Chr1:8724805;Chr1:8733717;Chr1:8734876;Chr1:8739545;Chr1:8756169;Chr1:8760653;Chr1:8770278;Chr1:8772253	Chr1:8723704	""	FALSE	TRUE	TRUE	1	1	FALSE	FALSE	3	3	3	8	9	11
nobgs_V0.5_c1_rep3_env5	lfmm_simes	Chr1	8709370	8772253	13	1	Chr1:8709370;Chr1:8718497;Chr1:8718610;Chr1:8720230;Chr1:8723704;Chr1:8724805;Chr1:8733717;Chr1:8734876;Chr1:8739545;Chr1:8756169;Chr1:8760653;Chr1:8770278;Chr1:8772253	Chr1:8723704	""	FALSE	FALSE	TRUE	0	1	FALSE	FALSE	2	2	2	8	9	11
nobgs_V0.5_c1_rep3_env7	emmax_consensus	Chr1	11507276	11547979	10	1	Chr1:11507276;Chr1:11514532;Chr1:11515129;Chr1:11526949;Chr1:11527222;Chr1:11533739;Chr1:11537478;Chr1:11538086;Chr1:11547425;Chr1:11547979	Chr1:11514532	Chr1:11537478	TRUE	TRUE	FALSE	1	0	TRUE	FALSE	2	1	1	8	8	12
nobgs_V0.5_c1_rep3_env7	emmax_simes	Chr1	11507276	11547979	10	1	Chr1:11507276;Chr1:11514532;Chr1:11515129;Chr1:11526949;Chr1:11527222;Chr1:11533739;Chr1:11537478;Chr1:11538086;Chr1:11547425;Chr1:11547979	Chr1:11514532	Chr1:11537478	TRUE	TRUE	FALSE	1	0	TRUE	FALSE	2	1	1	8	8	12
nobgs_V0.5_c1_rep3_env7	lfmm_simes	Chr1	11456985	11547979	18	2	Chr1:11456985;Chr1:11459444;Chr1:11474073;Chr1:11478167;Chr1:11487418;Chr1:11488002;Chr1:11495919;Chr1:11496227;Chr1:11507276;Chr1:11514532;Chr1:11515129;Chr1:11526949;Chr1:11527222;Chr1:11533739;Chr1:11537478;Chr1:11538086;Chr1:11547425;Chr1:11547979	Chr1:11495919;Chr1:11514532	Chr1:11537478	TRUE	TRUE	FALSE	1	0	TRUE	FALSE	2	1	1	8	8	12
nobgs_V0.5_c1_rep3_env8	emmax_consensus	Chr1	2386498	2929545	86	5	Chr1:2386498;Chr1:2404830;Chr1:2418120;Chr1:2418696;Chr1:2427328;Chr1:2430757;Chr1:2434548;Chr1:2435101;Chr1:2437124;Chr1:2442065;Chr1:2445235;Chr1:2446643;Chr1:2447907;Chr1:2448469;Chr1:2448529;Chr1:2448738;Chr1:2449554;Chr1:2451215;Chr1:2457791;Chr1:2458572;Chr1:2461280;Chr1:2462016;Chr1:2463041;Chr1:2463071;Chr1:2465529;Chr1:2474736;Chr1:2482602;Chr1:2489067;Chr1:2495579;Chr1:2498540;Chr1:2502308;Chr1:2502738;Chr1:2503833;Chr1:2504244;Chr1:2507085;Chr1:2514563;Chr1:2516280;Chr1:2522475;Chr1:2536154;Chr1:2547288;Chr1:2559424;Chr1:2562293;Chr1:2562548;Chr1:2565968;Chr1:2567103;Chr1:2575855;Chr1:2586079;Chr1:2588446;Chr1:2678494;Chr1:2687495;Chr1:2690849;Chr1:2701911;Chr1:2705397;Chr1:2707553;Chr1:2708059;Chr1:2708779;Chr1:2709226;Chr1:2711611;Chr1:2726732;Chr1:2766802;Chr1:2773144;Chr1:2774468;Chr1:2783411;Chr1:2791773;Chr1:2796617;Chr1:2817676;Chr1:2824971;Chr1:2826632;Chr1:2833172;Chr1:2847289;Chr1:2850203;Chr1:2860155;Chr1:2869846;Chr1:2873189;Chr1:2875025;Chr1:2876325;Chr1:2877721;Chr1:2884625;Chr1:2888886;Chr1:2890023;Chr1:2891234;Chr1:2899545;Chr1:2903782;Chr1:2914190;Chr1:2927900;Chr1:2929545	Chr1:2457791;Chr1:2507085;Chr1:2559424;Chr1:2705397;Chr1:2875025	Chr1:2366315	TRUE	TRUE	TRUE	1	2	FALSE	FALSE	3	3	3	8	10	16
nobgs_V0.5_c1_rep3_env8	emmax_consensus	Chr1	3009801	3705924	91	4	Chr1:3009801;Chr1:3012731;Chr1:3024288;Chr1:3039212;Chr1:3061483;Chr1:3075910;Chr1:3077178;Chr1:3080128;Chr1:3088405;Chr1:3091847;Chr1:3096281;Chr1:3098942;Chr1:3104741;Chr1:3105870;Chr1:3106817;Chr1:3107395;Chr1:3110657;Chr1:3110680;Chr1:3128644;Chr1:3128869;Chr1:3129129;Chr1:3131006;Chr1:3131506;Chr1:3133367;Chr1:3138144;Chr1:3138749;Chr1:3141505;Chr1:3153988;Chr1:3250761;Chr1:3257484;Chr1:3263228;Chr1:3263687;Chr1:3268036;Chr1:3269276;Chr1:3285001;Chr1:3297137;Chr1:3298491;Chr1:3304780;Chr1:3318670;Chr1:3325353;Chr1:3328194;Chr1:3329952;Chr1:3345964;Chr1:3356097;Chr1:3356267;Chr1:3372779;Chr1:3397725;Chr1:3458443;Chr1:3468448;Chr1:3472261;Chr1:3485576;Chr1:3486136;Chr1:3489553;Chr1:3491471;Chr1:3496377;Chr1:3511355;Chr1:3518029;Chr1:3521898;Chr1:3526430;Chr1:3528489;Chr1:3532021;Chr1:3532286;Chr1:3538658;Chr1:3545410;Chr1:3549097;Chr1:3555509;Chr1:3560873;Chr1:3562048;Chr1:3563748;Chr1:3585408;Chr1:3591459;Chr1:3592562;Chr1:3593749;Chr1:3598247;Chr1:3603018;Chr1:3618613;Chr1:3632394;Chr1:3634633;Chr1:3638780;Chr1:3645293;Chr1:3647979;Chr1:3649192;Chr1:3653617;Chr1:3666530;Chr1:3671974;Chr1:3674151;Chr1:3674563;Chr1:3682852;Chr1:3686239;Chr1:3689143;Chr1:3705924	Chr1:3107395;Chr1:3131006;Chr1:3297137;Chr1:3591459	Chr1:3674151	TRUE	TRUE	TRUE	1	2	FALSE	FALSE	3	3	3	8	10	16
nobgs_V0.5_c1_rep3_env8	emmax_consensus	Chr1	3420684	3489721	36	2	Chr1:3420684;Chr1:3421323;Chr1:3424582;Chr1:3425483;Chr1:3431661;Chr1:3432044;Chr1:3433452;Chr1:3436824;Chr1:3437552;Chr1:3441956;Chr1:3444460;Chr1:3448294;Chr1:3448344;Chr1:3450719;Chr1:3456112;Chr1:3457326;Chr1:3464335;Chr1:3465654;Chr1:3469912;Chr1:3477992;Chr1:3489721;Chr1:3422585;Chr1:3429461;Chr1:3430260;Chr1:3432112;Chr1:3433299;Chr1:3437368;Chr1:3437810;Chr1:3439822;Chr1:3440606;Chr1:3442982;Chr1:3446955;Chr1:3447741;Chr1:3457731;Chr1:3459108;Chr1:3463250	Chr1:3425483;Chr1:3437368	""	FALSE	TRUE	TRUE	1	1	FALSE	FALSE	3	3	3	8	10	16
nobgs_V0.5_c1_rep3_env8	emmax_consensus	Chr1	3511852	3582406	16	1	Chr1:3511852;Chr1:3514146;Chr1:3514198;Chr1:3538480;Chr1:3546093;Chr1:3551975;Chr1:3562659;Chr1:3568727;Chr1:3569932;Chr1:3570707;Chr1:3571220;Chr1:3572690;Chr1:3576448;Chr1:3578846;Chr1:3580583;Chr1:3582406	Chr1:3572690	Chr1:3674151	TRUE	FALSE	TRUE	0	1	FALSE	FALSE	2	2	3	8	10	16
nobgs_V0.5_c1_rep3_env8	emmax_consensus	Chr1	3783035	3916211	19	1	Chr1:3783035;Chr1:3797355;Chr1:3811697;Chr1:3818679;Chr1:3826916;Chr1:3827322;Chr1:3832146;Chr1:3834168;Chr1:3838061;Chr1:3847109;Chr1:3848716;Chr1:3849207;Chr1:3851868;Chr1:3877807;Chr1:3887212;Chr1:3888089;Chr1:3892277;Chr1:3894074;Chr1:3916211	Chr1:3818679	""	FALSE	TRUE	TRUE	1	1	FALSE	FALSE	3	3	3	8	10	16
nobgs_V0.5_c1_rep3_env8	emmax_simes	Chr1	2386498	2929545	86	5	Chr1:2386498;Chr1:2404830;Chr1:2418120;Chr1:2418696;Chr1:2427328;Chr1:2430757;Chr1:2434548;Chr1:2435101;Chr1:2437124;Chr1:2442065;Chr1:2445235;Chr1:2446643;Chr1:2447907;Chr1:2448469;Chr1:2448529;Chr1:2448738;Chr1:2449554;Chr1:2451215;Chr1:2457791;Chr1:2458572;Chr1:2461280;Chr1:2462016;Chr1:2463041;Chr1:2463071;Chr1:2465529;Chr1:2474736;Chr1:2482602;Chr1:2489067;Chr1:2495579;Chr1:2498540;Chr1:2502308;Chr1:2502738;Chr1:2503833;Chr1:2504244;Chr1:2507085;Chr1:2514563;Chr1:2516280;Chr1:2522475;Chr1:2536154;Chr1:2547288;Chr1:2559424;Chr1:2562293;Chr1:2562548;Chr1:2565968;Chr1:2567103;Chr1:2575855;Chr1:2586079;Chr1:2588446;Chr1:2678494;Chr1:2687495;Chr1:2690849;Chr1:2701911;Chr1:2705397;Chr1:2707553;Chr1:2708059;Chr1:2708779;Chr1:2709226;Chr1:2711611;Chr1:2726732;Chr1:2766802;Chr1:2773144;Chr1:2774468;Chr1:2783411;Chr1:2791773;Chr1:2796617;Chr1:2817676;Chr1:2824971;Chr1:2826632;Chr1:2833172;Chr1:2847289;Chr1:2850203;Chr1:2860155;Chr1:2869846;Chr1:2873189;Chr1:2875025;Chr1:2876325;Chr1:2877721;Chr1:2884625;Chr1:2888886;Chr1:2890023;Chr1:2891234;Chr1:2899545;Chr1:2903782;Chr1:2914190;Chr1:2927900;Chr1:2929545	Chr1:2457791;Chr1:2507085;Chr1:2559424;Chr1:2705397;Chr1:2875025	Chr1:2366315	TRUE	TRUE	TRUE	1	2	FALSE	FALSE	3	3	3	8	10	16
nobgs_V0.5_c1_rep3_env8	emmax_simes	Chr1	2820407	2847352	10	1	Chr1:2820407;Chr1:2823534;Chr1:2825912;Chr1:2827094;Chr1:2831279;Chr1:2839269;Chr1:2839515;Chr1:2839810;Chr1:2844289;Chr1:2847352	Chr1:2823534	""	FALSE	FALSE	FALSE	0	0	FALSE	FALSE	1	1	3	8	10	16
nobgs_V0.5_c1_rep3_env8	emmax_simes	Chr1	3009801	3705924	106	5	Chr1:3009801;Chr1:3012731;Chr1:3024288;Chr1:3039212;Chr1:3061483;Chr1:3075910;Chr1:3077178;Chr1:3080128;Chr1:3088405;Chr1:3091847;Chr1:3096281;Chr1:3098942;Chr1:3104741;Chr1:3105870;Chr1:3106817;Chr1:3107395;Chr1:3110657;Chr1:3110680;Chr1:3128644;Chr1:3128869;Chr1:3129129;Chr1:3131006;Chr1:3131506;Chr1:3133367;Chr1:3138144;Chr1:3138749;Chr1:3141505;Chr1:3153988;Chr1:3250761;Chr1:3257484;Chr1:3263228;Chr1:3263687;Chr1:3268036;Chr1:3269276;Chr1:3285001;Chr1:3297137;Chr1:3298491;Chr1:3304780;Chr1:3318670;Chr1:3325353;Chr1:3328194;Chr1:3329952;Chr1:3345964;Chr1:3356097;Chr1:3356267;Chr1:3372779;Chr1:3397725;Chr1:3422585;Chr1:3429461;Chr1:3430260;Chr1:3432112;Chr1:3433299;Chr1:3437368;Chr1:3437810;Chr1:3439822;Chr1:3440606;Chr1:3442982;Chr1:3446955;Chr1:3447741;Chr1:3457731;Chr1:3459108;Chr1:3463250;Chr1:3458443;Chr1:3468448;Chr1:3472261;Chr1:3485576;Chr1:3486136;Chr1:3489553;Chr1:3491471;Chr1:3496377;Chr1:3511355;Chr1:3518029;Chr1:3521898;Chr1:3526430;Chr1:3528489;Chr1:3532021;Chr1:3532286;Chr1:3538658;Chr1:3545410;Chr1:3549097;Chr1:3555509;Chr1:3560873;Chr1:3562048;Chr1:3563748;Chr1:3585408;Chr1:3591459;Chr1:3592562;Chr1:3593749;Chr1:3598247;Chr1:3603018;Chr1:3618613;Chr1:3632394;Chr1:3634633;Chr1:3638780;Chr1:3645293;Chr1:3647979;Chr1:3649192;Chr1:3653617;Chr1:3666530;Chr1:3671974;Chr1:3674151;Chr1:3674563;Chr1:3682852;Chr1:3686239;Chr1:3689143;Chr1:3705924	Chr1:3107395;Chr1:3131006;Chr1:3297137;Chr1:3437368;Chr1:3591459	Chr1:3674151	TRUE	TRUE	TRUE	1	2	FALSE	FALSE	3	3	3	8	10	16
nobgs_V0.5_c1_rep3_env8	emmax_simes	Chr1	3783035	3916211	19	1	Chr1:3783035;Chr1:3797355;Chr1:3811697;Chr1:3818679;Chr1:3826916;Chr1:3827322;Chr1:3832146;Chr1:3834168;Chr1:3838061;Chr1:3847109;Chr1:3848716;Chr1:3849207;Chr1:3851868;Chr1:3877807;Chr1:3887212;Chr1:3888089;Chr1:3892277;Chr1:3894074;Chr1:3916211	Chr1:3818679	""	FALSE	TRUE	TRUE	1	1	FALSE	FALSE	3	3	3	8	10	16
nobgs_V0.5_c1_rep3_env8	lfmm_simes	Chr1	3458443	3705924	44	1	Chr1:3458443;Chr1:3468448;Chr1:3472261;Chr1:3485576;Chr1:3486136;Chr1:3489553;Chr1:3491471;Chr1:3496377;Chr1:3511355;Chr1:3518029;Chr1:3521898;Chr1:3526430;Chr1:3528489;Chr1:3532021;Chr1:3532286;Chr1:3538658;Chr1:3545410;Chr1:3549097;Chr1:3555509;Chr1:3560873;Chr1:3562048;Chr1:3563748;Chr1:3585408;Chr1:3591459;Chr1:3592562;Chr1:3593749;Chr1:3598247;Chr1:3603018;Chr1:3618613;Chr1:3632394;Chr1:3634633;Chr1:3638780;Chr1:3645293;Chr1:3647979;Chr1:3649192;Chr1:3653617;Chr1:3666530;Chr1:3671974;Chr1:3674151;Chr1:3674563;Chr1:3682852;Chr1:3686239;Chr1:3689143;Chr1:3705924	Chr1:3591459	Chr1:3674151	TRUE	TRUE	TRUE	1	1	FALSE	FALSE	3	3	3	8	10	16
nobgs_V0.5_c1_rep3_env9	emmax_consensus	Chr1	15317483	15360195	10	1	Chr1:15317483;Chr1:15327584;Chr1:15331318;Chr1:15340722;Chr1:15345926;Chr1:15351830;Chr1:15353047;Chr1:15355991;Chr1:15358001;Chr1:15360195	Chr1:15355991	Chr1:15327584	TRUE	TRUE	FALSE	1	0	FALSE	FALSE	2	2	2	7	8	11
nobgs_V0.5_c1_rep3_env9	emmax_simes	Chr1	15317483	15360195	10	1	Chr1:15317483;Chr1:15327584;Chr1:15331318;Chr1:15340722;Chr1:15345926;Chr1:15351830;Chr1:15353047;Chr1:15355991;Chr1:15358001;Chr1:15360195	Chr1:15355991	Chr1:15327584	TRUE	TRUE	FALSE	1	0	FALSE	FALSE	2	2	2	7	8	11
nobgs_V0.5_c1_rep3_env9	lfmm_simes	Chr1	13080126	13136418	11	1	Chr1:13080126;Chr1:13086932;Chr1:13088986;Chr1:13091415;Chr1:13093947;Chr1:13095378;Chr1:13099838;Chr1:13100343;Chr1:13114221;Chr1:13134892;Chr1:13136418	Chr1:13086932	Chr1:13100343	TRUE	TRUE	TRUE	1	1	FALSE	FALSE	3	3	3	7	8	11
nobgs_V0.5_c1_rep3_env9	lfmm_simes	Chr1	15317483	15360195	10	1	Chr1:15317483;Chr1:15327584;Chr1:15331318;Chr1:15340722;Chr1:15345926;Chr1:15351830;Chr1:15353047;Chr1:15355991;Chr1:15358001;Chr1:15360195	Chr1:15355991	Chr1:15327584	TRUE	TRUE	FALSE	1	0	FALSE	FALSE	2	2	2	7	8	11
nobgs_V0.5_c1_rep4_env10	emmax_consensus	Chr1	27137277	27338568	15	1	Chr1:27137277;Chr1:27138902;Chr1:27140483;Chr1:27146675;Chr1:27213391;Chr1:27217603;Chr1:27228456;Chr1:27268973;Chr1:27286142;Chr1:27290070;Chr1:27298095;Chr1:27321154;Chr1:27323448;Chr1:27338359;Chr1:27338568	Chr1:27298095	Chr1:27270082	TRUE	TRUE	FALSE	1	0	FALSE	FALSE	2	2	2	12	14	20
nobgs_V0.5_c1_rep4_env10	emmax_simes	Chr1	27137277	27338568	15	1	Chr1:27137277;Chr1:27138902;Chr1:27140483;Chr1:27146675;Chr1:27213391;Chr1:27217603;Chr1:27228456;Chr1:27268973;Chr1:27286142;Chr1:27290070;Chr1:27298095;Chr1:27321154;Chr1:27323448;Chr1:27338359;Chr1:27338568	Chr1:27298095	Chr1:27270082	TRUE	FALSE	FALSE	0	0	FALSE	FALSE	1	1	1	12	14	20
nobgs_V0.5_c1_rep4_env10	lfmm_simes	Chr1	27137277	27338568	15	1	Chr1:27137277;Chr1:27138902;Chr1:27140483;Chr1:27146675;Chr1:27213391;Chr1:27217603;Chr1:27228456;Chr1:27268973;Chr1:27286142;Chr1:27290070;Chr1:27298095;Chr1:27321154;Chr1:27323448;Chr1:27338359;Chr1:27338568	Chr1:27298095	Chr1:27270082	TRUE	TRUE	FALSE	1	0	FALSE	FALSE	2	2	2	12	14	20
nobgs_V0.5_c1_rep4_env2	lfmm_simes	Chr1	27146675	27437722	39	1	Chr1:27146675;Chr1:27218926;Chr1:27266059;Chr1:27266511;Chr1:27268441;Chr1:27268973;Chr1:27270082;Chr1:27286142;Chr1:27290070;Chr1:27294077;Chr1:27298095;Chr1:27299484;Chr1:27305195;Chr1:27321154;Chr1:27323448;Chr1:27328092;Chr1:27336885;Chr1:27338359;Chr1:27338568;Chr1:27340417;Chr1:27341456;Chr1:27353878;Chr1:27358661;Chr1:27362930;Chr1:27364816;Chr1:27369434;Chr1:27377967;Chr1:27382785;Chr1:27384883;Chr1:27386816;Chr1:27387912;Chr1:27389674;Chr1:27398885;Chr1:27398907;Chr1:27401129;Chr1:27403376;Chr1:27407354;Chr1:27421174;Chr1:27437722	Chr1:27294077	Chr1:27270082	TRUE	TRUE	TRUE	1	1	FALSE	FALSE	3	3	3	11	14	22
nobgs_V0.5_c1_rep4_env4	emmax_consensus	Chr1	18734076	19579958	68	2	Chr1:18734076;Chr1:18734160;Chr1:18737275;Chr1:18740961;Chr1:18764522;Chr1:18765110;Chr1:18780479;Chr1:18853568;Chr1:18860586;Chr1:18889384;Chr1:18896053;Chr1:18901260;Chr1:18929483;Chr1:18960305;Chr1:18979315;Chr1:18988478;Chr1:19002856;Chr1:19003421;Chr1:19005073;Chr1:19005175;Chr1:19005892;Chr1:19024684;Chr1:19136527;Chr1:19148338;Chr1:19173223;Chr1:19176816;Chr1:19184034;Chr1:19221842;Chr1:19226004;Chr1:19238357;Chr1:19258195;Chr1:19265626;Chr1:19275748;Chr1:19289896;Chr1:19294804;Chr1:19296800;Chr1:19306706;Chr1:19315140;Chr1:19359811;Chr1:19379228;Chr1:19402968;Chr1:19420661;Chr1:19429151;Chr1:19443880;Chr1:19453407;Chr1:19454597;Chr1:19456820;Chr1:19465440;Chr1:19469787;Chr1:19471215;Chr1:19474175;Chr1:19477604;Chr1:19497350;Chr1:19499823;Chr1:19502986;Chr1:19505649;Chr1:19510677;Chr1:19516287;Chr1:19516300;Chr1:19517184;Chr1:19521023;Chr1:19529602;Chr1:19531627;Chr1:19539083;Chr1:19543754;Chr1:19548960;Chr1:19568976;Chr1:19579958	Chr1:18960305;Chr1:19474175	Chr1:18734076;Chr1:19379228	TRUE	TRUE	TRUE	1	1	FALSE	FALSE	3	3	3	13	17	30
nobgs_V0.5_c1_rep4_env4	emmax_simes	Chr1	18734076	19579958	68	2	Chr1:18734076;Chr1:18734160;Chr1:18737275;Chr1:18740961;Chr1:18764522;Chr1:18765110;Chr1:18780479;Chr1:18853568;Chr1:18860586;Chr1:18889384;Chr1:18896053;Chr1:18901260;Chr1:18929483;Chr1:18960305;Chr1:18979315;Chr1:18988478;Chr1:19002856;Chr1:19003421;Chr1:19005073;Chr1:19005175;Chr1:19005892;Chr1:19024684;Chr1:19136527;Chr1:19148338;Chr1:19173223;Chr1:19176816;Chr1:19184034;Chr1:19221842;Chr1:19226004;Chr1:19238357;Chr1:19258195;Chr1:19265626;Chr1:19275748;Chr1:19289896;Chr1:19294804;Chr1:19296800;Chr1:19306706;Chr1:19315140;Chr1:19359811;Chr1:19379228;Chr1:19402968;Chr1:19420661;Chr1:19429151;Chr1:19443880;Chr1:19453407;Chr1:19454597;Chr1:19456820;Chr1:19465440;Chr1:19469787;Chr1:19471215;Chr1:19474175;Chr1:19477604;Chr1:19497350;Chr1:19499823;Chr1:19502986;Chr1:19505649;Chr1:19510677;Chr1:19516287;Chr1:19516300;Chr1:19517184;Chr1:19521023;Chr1:19529602;Chr1:19531627;Chr1:19539083;Chr1:19543754;Chr1:19548960;Chr1:19568976;Chr1:19579958	Chr1:18960305;Chr1:19474175	Chr1:18734076;Chr1:19379228	TRUE	TRUE	TRUE	1	1	FALSE	FALSE	3	3	3	13	17	30
nobgs_V0.5_c1_rep4_env4	lfmm_simes	Chr1	18734076	19579958	68	2	Chr1:18734076;Chr1:18734160;Chr1:18737275;Chr1:18740961;Chr1:18764522;Chr1:18765110;Chr1:18780479;Chr1:18853568;Chr1:18860586;Chr1:18889384;Chr1:18896053;Chr1:18901260;Chr1:18929483;Chr1:18960305;Chr1:18979315;Chr1:18988478;Chr1:19002856;Chr1:19003421;Chr1:19005073;Chr1:19005175;Chr1:19005892;Chr1:19024684;Chr1:19136527;Chr1:19148338;Chr1:19173223;Chr1:19176816;Chr1:19184034;Chr1:19221842;Chr1:19226004;Chr1:19238357;Chr1:19258195;Chr1:19265626;Chr1:19275748;Chr1:19289896;Chr1:19294804;Chr1:19296800;Chr1:19306706;Chr1:19315140;Chr1:19359811;Chr1:19379228;Chr1:19402968;Chr1:19420661;Chr1:19429151;Chr1:19443880;Chr1:19453407;Chr1:19454597;Chr1:19456820;Chr1:19465440;Chr1:19469787;Chr1:19471215;Chr1:19474175;Chr1:19477604;Chr1:19497350;Chr1:19499823;Chr1:19502986;Chr1:19505649;Chr1:19510677;Chr1:19516287;Chr1:19516300;Chr1:19517184;Chr1:19521023;Chr1:19529602;Chr1:19531627;Chr1:19539083;Chr1:19543754;Chr1:19548960;Chr1:19568976;Chr1:19579958	Chr1:18960305;Chr1:19474175	Chr1:18734076;Chr1:19379228	TRUE	TRUE	TRUE	1	1	FALSE	FALSE	3	3	3	13	17	30
nobgs_V0.5_c1_rep4_env4	lfmm_simes	Chr1	27041985	27421174	33	1	Chr1:27041985;Chr1:27058004;Chr1:27075491;Chr1:27086334;Chr1:27106148;Chr1:27121062;Chr1:27146675;Chr1:27207855;Chr1:27218926;Chr1:27268441;Chr1:27270082;Chr1:27294077;Chr1:27299484;Chr1:27305195;Chr1:27340417;Chr1:27341456;Chr1:27353878;Chr1:27358661;Chr1:27362930;Chr1:27364816;Chr1:27369434;Chr1:27377967;Chr1:27382785;Chr1:27384883;Chr1:27386816;Chr1:27387912;Chr1:27389674;Chr1:27398885;Chr1:27398907;Chr1:27401129;Chr1:27403376;Chr1:27407354;Chr1:27421174	Chr1:27353878	""	FALSE	TRUE	TRUE	1	1	FALSE	FALSE	3	3	3	13	17	30
nobgs_V0.5_c1_rep4_env5	emmax_consensus	Chr1	23007104	23933341	81	1	Chr1:23007104;Chr1:23021969;Chr1:23022930;Chr1:23026737;Chr1:23034259;Chr1:23035795;Chr1:23048679;Chr1:23050425;Chr1:23053310;Chr1:23055535;Chr1:23055594;Chr1:23067907;Chr1:23083335;Chr1:23084162;Chr1:23088567;Chr1:23089713;Chr1:23092018;Chr1:23096815;Chr1:23097396;Chr1:23104389;Chr1:23121124;Chr1:23123733;Chr1:23124384;Chr1:23127333;Chr1:23133328;Chr1:23141555;Chr1:23142241;Chr1:23149728;Chr1:23158502;Chr1:23161260;Chr1:23161897;Chr1:23193736;Chr1:23200469;Chr1:23207256;Chr1:23212183;Chr1:23232071;Chr1:23237164;Chr1:23237904;Chr1:23242367;Chr1:23242960;Chr1:23246249;Chr1:23254679;Chr1:23256646;Chr1:23261621;Chr1:23265157;Chr1:23276148;Chr1:23284685;Chr1:23293528;Chr1:23300475;Chr1:23304769;Chr1:23323160;Chr1:23371298;Chr1:23410096;Chr1:23416268;Chr1:23416683;Chr1:23423547;Chr1:23433210;Chr1:23433322;Chr1:23442136;Chr1:23442791;Chr1:23444607;Chr1:23450802;Chr1:23455116;Chr1:23459568;Chr1:23490184;Chr1:23508225;Chr1:23513078;Chr1:23536860;Chr1:23543219;Chr1:23544088;Chr1:23556102;Chr1:23595830;Chr1:23612498;Chr1:23625950;Chr1:23672870;Chr1:23678168;Chr1:23719428;Chr1:23745191;Chr1:23775321;Chr1:23852089;Chr1:23933341	Chr1:23193736	""	FALSE	TRUE	TRUE	1	1	FALSE	FALSE	3	3	3	12	17	24
nobgs_V0.5_c1_rep4_env5	emmax_consensus	Chr1	24347215	27266523	341	4	Chr1:24347215;Chr1:24353907;Chr1:24411188;Chr1:24529899;Chr1:24545460;Chr1:24580859;Chr1:24587173;Chr1:24605751;Chr1:24624156;Chr1:24627438;Chr1:24633737;Chr1:24647859;Chr1:24656700;Chr1:24672030;Chr1:24689019;Chr1:24691107;Chr1:24711252;Chr1:24720138;Chr1:24721561;Chr1:24726097;Chr1:24729148;Chr1:24732428;Chr1:24737900;Chr1:24740781;Chr1:24747464;Chr1:24750549;Chr1:24757179;Chr1:24763521;Chr1:24767820;Chr1:24781819;Chr1:24783094;Chr1:24791741;Chr1:24803209;Chr1:24804676;Chr1:24842134;Chr1:24843249;Chr1:24847021;Chr1:24850458;Chr1:24850899;Chr1:24856319;Chr1:24858883;Chr1:24860039;Chr1:24873408;Chr1:24874540;Chr1:24876920;Chr1:24884423;Chr1:24890192;Chr1:24890448;Chr1:24891009;Chr1:24892165;Chr1:24893477;Chr1:24898731;Chr1:24898871;Chr1:24909939;Chr1:24912634;Chr1:24917422;Chr1:24929590;Chr1:24930056;Chr1:24934199;Chr1:24934285;Chr1:24937578;Chr1:24943982;Chr1:24944701;Chr1:24948667;Chr1:24949499;Chr1:24956716;Chr1:24963297;Chr1:24971921;Chr1:24976335;Chr1:24979602;Chr1:24986824;Chr1:24996361;Chr1:25011797;Chr1:25012789;Chr1:25015210;Chr1:25019390;Chr1:25046551;Chr1:25055255;Chr1:25063475;Chr1:25063890;Chr1:25070402;Chr1:25071521;Chr1:25076732;Chr1:25077835;Chr1:25078173;Chr1:25080998;Chr1:25081352;Chr1:25084584;Chr1:25086028;Chr1:25094452;Chr1:25100262;Chr1:25108357;Chr1:25150265;Chr1:25165682;Chr1:25167203;Chr1:25170665;Chr1:25171116;Chr1:25172520;Chr1:25180549;Chr1:25187105;Chr1:25189807;Chr1:25197668;Chr1:25199688;Chr1:25200920;Chr1:25208751;Chr1:25214419;Chr1:25222444;Chr1:25229324;Chr1:25236090;Chr1:25241887;Chr1:25242520;Chr1:25245002;Chr1:25248659;Chr1:25254480;Chr1:25274540;Chr1:25284501;Chr1:25285095;Chr1:25289648;Chr1:25290305;Chr1:25292908;Chr1:25302506;Chr1:25304202;Chr1:25307978;Chr1:25308920;Chr1:25313494;Chr1:25314212;Chr1:25319163;Chr1:25325791;Chr1:25329476;Chr1:25329656;Chr1:25330724;Chr1:25340286;Chr1:25343695;Chr1:25345226;Chr1:25354248;Chr1:25357952;Chr1:25362722;Chr1:25368004;Chr1:25369206;Chr1:25370120;Chr1:25374552;Chr1:25384704;Chr1:25403207;Chr1:25405615;Chr1:25409697;Chr1:25411098;Chr1:25418527;Chr1:25423994;Chr1:25424144;Chr1:25428911;Chr1:25428990;Chr1:25433372;Chr1:25434201;Chr1:25436199;Chr1:25438013;Chr1:25442511;Chr1:25446739;Chr1:25457546;Chr1:25460821;Chr1:25474580;Chr1:25476770;Chr1:25477106;Chr1:25483786;Chr1:25490208;Chr1:25494922;Chr1:25501691;Chr1:25503327;Chr1:25512211;Chr1:25517052;Chr1:25517179;Chr1:25527903;Chr1:25542094;Chr1:25552171;Chr1:25555887;Chr1:25560522;Chr1:25562827;Chr1:25575880;Chr1:25599906;Chr1:25615341;Chr1:25617587;Chr1:25620469;Chr1:25620823;Chr1:25632159;Chr1:25632273;Chr1:25635916;Chr1:25636752;Chr1:25641022;Chr1:25646680;Chr1:25676749;Chr1:25678071;Chr1:25679660;Chr1:25687640;Chr1:25713041;Chr1:25732407;Chr1:25734321;Chr1:25738533;Chr1:25740038;Chr1:25745367;Chr1:25751573;Chr1:25758019;Chr1:25766281;Chr1:25771525;Chr1:25773610;Chr1:25777797;Chr1:25779312;Chr1:25779328;Chr1:25798023;Chr1:25799723;Chr1:25805244;Chr1:25815725;Chr1:25819059;Chr1:25834037;Chr1:25835453;Chr1:25859031;Chr1:25864160;Chr1:25870063;Chr1:25893786;Chr1:25895887;Chr1:25901055;Chr1:25910721;Chr1:25917598;Chr1:25930682;Chr1:25945894;Chr1:25947749;Chr1:25948498;Chr1:25954685;Chr1:25956030;Chr1:25962241;Chr1:25965149;Chr1:25972567;Chr1:25988341;Chr1:26005886;Chr1:26008429;Chr1:26014325;Chr1:26028135;Chr1:26029195;Chr1:26047892;Chr1:26082758;Chr1:26083807;Chr1:26133320;Chr1:26137974;Chr1:26173373;Chr1:26175469;Chr1:26199292;Chr1:26199686;Chr1:26200265;Chr1:26203011;Chr1:26227613;Chr1:26228526;Chr1:26265640;Chr1:26282342;Chr1:26299240;Chr1:26317174;Chr1:26330293;Chr1:26339249;Chr1:26342506;Chr1:26346096;Chr1:26346132;Chr1:26356430;Chr1:26361038;Chr1:26368390;Chr1:26369638;Chr1:26371427;Chr1:26376549;Chr1:26380267;Chr1:26385041;Chr1:26387842;Chr1:26418243;Chr1:26423308;Chr1:26437980;Chr1:26448964;Chr1:26452672;Chr1:26452895;Chr1:26453888;Chr1:26454522;Chr1:26459615;Chr1:26460123;Chr1:26463764;Chr1:26476989;Chr1:26483901;Chr1:26484067;Chr1:26493747;Chr1:26496358;Chr1:26500164;Chr1:26507932;Chr1:26513642;Chr1:26513646;Chr1:26515192;Chr1:26536428;Chr1:26539243;Chr1:26540242;Chr1:26568172;Chr1:26579004;Chr1:26586831;Chr1:26593002;Chr1:26593805;Chr1:26595078;Chr1:26609437;Chr1:26610635;Chr1:26616361;Chr1:26621622;Chr1:26625611;Chr1:26632472;Chr1:26752151;Chr1:26788734;Chr1:26818994;Chr1:26834906;Chr1:26836315;Chr1:26862531;Chr1:26891437;Chr1:26893971;Chr1:26951236;Chr1:26982092;Chr1:27008731;Chr1:27011929;Chr1:27018509;Chr1:27042668;Chr1:27051639;Chr1:27053981;Chr1:27054968;Chr1:27065259;Chr1:27071928;Chr1:27075480;Chr1:27091336;Chr1:27092863;Chr1:27096261;Chr1:27100843;Chr1:27102452;Chr1:27105490;Chr1:27111345;Chr1:27112892;Chr1:27113917;Chr1:27121008;Chr1:27136814;Chr1:27158500;Chr1:27164292;Chr1:27174618;Chr1:27183191;Chr1:27196149;Chr1:27219724;Chr1:27266523	Chr1:25046551;Chr1:25834037;Chr1:26199292;Chr1:26483901	Chr1:24726097;Chr1:24917422;Chr1:27270082	TRUE	TRUE	TRUE	1	2	FALSE	FALSE	3	3	3	12	17	24
nobgs_V0.5_c1_rep4_env5	emmax_consensus	Chr1	26318439	27598092	115	2	Chr1:26318439;Chr1:26524279;Chr1:26633722;Chr1:26640685;Chr1:26645798;Chr1:26660380;Chr1:26666752;Chr1:26683169;Chr1:26696360;Chr1:26709000;Chr1:26709903;Chr1:26712130;Chr1:26716530;Chr1:26730080;Chr1:26735278;Chr1:26750775;Chr1:26766595;Chr1:26767568;Chr1:26773189;Chr1:26786889;Chr1:26808064;Chr1:26820361;Chr1:26831612;Chr1:26869572;Chr1:26869702;Chr1:26870542;Chr1:26873342;Chr1:26874454;Chr1:26877940;Chr1:26879070;Chr1:26896637;Chr1:26912273;Chr1:26913425;Chr1:26919587;Chr1:26937963;Chr1:26952739;Chr1:27058004;Chr1:27075491;Chr1:27086334;Chr1:27106148;Chr1:27121062;Chr1:27140483;Chr1:27146675;Chr1:27204252;Chr1:27207855;Chr1:27218926;Chr1:27253937;Chr1:27266059;Chr1:27266511;Chr1:27268441;Chr1:27268973;Chr1:27270082;Chr1:27280219;Chr1:27286142;Chr1:27290070;Chr1:27294077;Chr1:27298095;Chr1:27299484;Chr1:27305195;Chr1:27318058;Chr1:27318154;Chr1:27321154;Chr1:27323448;Chr1:27327402;Chr1:27328092;Chr1:27336885;Chr1:27338359;Chr1:27338568;Chr1:27340417;Chr1:27341456;Chr1:27353878;Chr1:27358661;Chr1:27362930;Chr1:27364816;Chr1:27369434;Chr1:27377967;Chr1:27382785;Chr1:27384883;Chr1:27386816;Chr1:27387912;Chr1:27389674;Chr1:27398885;Chr1:27398907;Chr1:27401129;Chr1:27403376;Chr1:27407354;Chr1:27418470;Chr1:27421174;Chr1:27452942;Chr1:27462542;Chr1:27468139;Chr1:27468518;Chr1:27476979;Chr1:27477855;Chr1:27482154;Chr1:27492787;Chr1:27500665;Chr1:27509405;Chr1:27516072;Chr1:27524533;Chr1:27532548;Chr1:27533446;Chr1:27534072;Chr1:27537264;Chr1:27549294;Chr1:27562892;Chr1:27565986;Chr1:27568244;Chr1:27583234;Chr1:27585112;Chr1:27586827;Chr1:27589550;Chr1:27591255;Chr1:27596715;Chr1:27598092	Chr1:27321154;Chr1:27500665	Chr1:27270082	TRUE	TRUE	TRUE	1	2	FALSE	FALSE	3	3	3	12	17	24
nobgs_V0.5_c1_rep4_env5	emmax_consensus	Chr1	27275896	27476291	17	1	Chr1:27275896;Chr1:27281737;Chr1:27292584;Chr1:27312295;Chr1:27316891;Chr1:27331299;Chr1:27343106;Chr1:27348499;Chr1:27388287;Chr1:27408440;Chr1:27416190;Chr1:27437722;Chr1:27441137;Chr1:27465105;Chr1:27466840;Chr1:27468174;Chr1:27476291	Chr1:27343106	Chr1:27270082	TRUE	TRUE	FALSE	1	0	FALSE	FALSE	2	2	3	12	17	24
nobgs_V0.5_c1_rep4_env5	emmax_consensus	Chr2	24931227	25321088	28	1	Chr2:24931227;Chr2:24940359;Chr2:24944376;Chr2:24962510;Chr2:24966551;Chr2:24970597;Chr2:24973219;Chr2:24982695;Chr2:24993589;Chr2:24996455;Chr2:25002278;Chr2:25003520;Chr2:25006961;Chr2:25019390;Chr2:25058524;Chr2:25067260;Chr2:25075012;Chr2:25081352;Chr2:25105478;Chr2:25118018;Chr2:25175343;Chr2:25184585;Chr2:25185041;Chr2:25250505;Chr2:25290140;Chr2:25296412;Chr2:25314085;Chr2:25321088	Chr2:24931227	""	FALSE	TRUE	TRUE	1	1	FALSE	FALSE	3	3	3	12	17	24
nobgs_V0.5_c1_rep4_env5	emmax_simes	Chr1	23007104	23933341	81	1	Chr1:23007104;Chr1:23021969;Chr1:23022930;Chr1:23026737;Chr1:23034259;Chr1:23035795;Chr1:23048679;Chr1:23050425;Chr1:23053310;Chr1:23055535;Chr1:23055594;Chr1:23067907;Chr1:23083335;Chr1:23084162;Chr1:23088567;Chr1:23089713;Chr1:23092018;Chr1:23096815;Chr1:23097396;Chr1:23104389;Chr1:23121124;Chr1:23123733;Chr1:23124384;Chr1:23127333;Chr1:23133328;Chr1:23141555;Chr1:23142241;Chr1:23149728;Chr1:23158502;Chr1:23161260;Chr1:23161897;Chr1:23193736;Chr1:23200469;Chr1:23207256;Chr1:23212183;Chr1:23232071;Chr1:23237164;Chr1:23237904;Chr1:23242367;Chr1:23242960;Chr1:23246249;Chr1:23254679;Chr1:23256646;Chr1:23261621;Chr1:23265157;Chr1:23276148;Chr1:23284685;Chr1:23293528;Chr1:23300475;Chr1:23304769;Chr1:23323160;Chr1:23371298;Chr1:23410096;Chr1:23416268;Chr1:23416683;Chr1:23423547;Chr1:23433210;Chr1:23433322;Chr1:23442136;Chr1:23442791;Chr1:23444607;Chr1:23450802;Chr1:23455116;Chr1:23459568;Chr1:23490184;Chr1:23508225;Chr1:23513078;Chr1:23536860;Chr1:23543219;Chr1:23544088;Chr1:23556102;Chr1:23595830;Chr1:23612498;Chr1:23625950;Chr1:23672870;Chr1:23678168;Chr1:23719428;Chr1:23745191;Chr1:23775321;Chr1:23852089;Chr1:23933341	Chr1:23193736	""	FALSE	TRUE	TRUE	1	1	FALSE	FALSE	3	3	3	12	17	24
nobgs_V0.5_c1_rep4_env5	emmax_simes	Chr1	24347215	27266523	341	4	Chr1:24347215;Chr1:24353907;Chr1:24411188;Chr1:24529899;Chr1:24545460;Chr1:24580859;Chr1:24587173;Chr1:24605751;Chr1:24624156;Chr1:24627438;Chr1:24633737;Chr1:24647859;Chr1:24656700;Chr1:24672030;Chr1:24689019;Chr1:24691107;Chr1:24711252;Chr1:24720138;Chr1:24721561;Chr1:24726097;Chr1:24729148;Chr1:24732428;Chr1:24737900;Chr1:24740781;Chr1:24747464;Chr1:24750549;Chr1:24757179;Chr1:24763521;Chr1:24767820;Chr1:24781819;Chr1:24783094;Chr1:24791741;Chr1:24803209;Chr1:24804676;Chr1:24842134;Chr1:24843249;Chr1:24847021;Chr1:24850458;Chr1:24850899;Chr1:24856319;Chr1:24858883;Chr1:24860039;Chr1:24873408;Chr1:24874540;Chr1:24876920;Chr1:24884423;Chr1:24890192;Chr1:24890448;Chr1:24891009;Chr1:24892165;Chr1:24893477;Chr1:24898731;Chr1:24898871;Chr1:24909939;Chr1:24912634;Chr1:24917422;Chr1:24929590;Chr1:24930056;Chr1:24934199;Chr1:24934285;Chr1:24937578;Chr1:24943982;Chr1:24944701;Chr1:24948667;Chr1:24949499;Chr1:24956716;Chr1:24963297;Chr1:24971921;Chr1:24976335;Chr1:24979602;Chr1:24986824;Chr1:24996361;Chr1:25011797;Chr1:25012789;Chr1:25015210;Chr1:25019390;Chr1:25046551;Chr1:25055255;Chr1:25063475;Chr1:25063890;Chr1:25070402;Chr1:25071521;Chr1:25076732;Chr1:25077835;Chr1:25078173;Chr1:25080998;Chr1:25081352;Chr1:25084584;Chr1:25086028;Chr1:25094452;Chr1:25100262;Chr1:25108357;Chr1:25150265;Chr1:25165682;Chr1:25167203;Chr1:25170665;Chr1:25171116;Chr1:25172520;Chr1:25180549;Chr1:25187105;Chr1:25189807;Chr1:25197668;Chr1:25199688;Chr1:25200920;Chr1:25208751;Chr1:25214419;Chr1:25222444;Chr1:25229324;Chr1:25236090;Chr1:25241887;Chr1:25242520;Chr1:25245002;Chr1:25248659;Chr1:25254480;Chr1:25274540;Chr1:25284501;Chr1:25285095;Chr1:25289648;Chr1:25290305;Chr1:25292908;Chr1:25302506;Chr1:25304202;Chr1:25307978;Chr1:25308920;Chr1:25313494;Chr1:25314212;Chr1:25319163;Chr1:25325791;Chr1:25329476;Chr1:25329656;Chr1:25330724;Chr1:25340286;Chr1:25343695;Chr1:25345226;Chr1:25354248;Chr1:25357952;Chr1:25362722;Chr1:25368004;Chr1:25369206;Chr1:25370120;Chr1:25374552;Chr1:25384704;Chr1:25403207;Chr1:25405615;Chr1:25409697;Chr1:25411098;Chr1:25418527;Chr1:25423994;Chr1:25424144;Chr1:25428911;Chr1:25428990;Chr1:25433372;Chr1:25434201;Chr1:25436199;Chr1:25438013;Chr1:25442511;Chr1:25446739;Chr1:25457546;Chr1:25460821;Chr1:25474580;Chr1:25476770;Chr1:25477106;Chr1:25483786;Chr1:25490208;Chr1:25494922;Chr1:25501691;Chr1:25503327;Chr1:25512211;Chr1:25517052;Chr1:25517179;Chr1:25527903;Chr1:25542094;Chr1:25552171;Chr1:25555887;Chr1:25560522;Chr1:25562827;Chr1:25575880;Chr1:25599906;Chr1:25615341;Chr1:25617587;Chr1:25620469;Chr1:25620823;Chr1:25632159;Chr1:25632273;Chr1:25635916;Chr1:25636752;Chr1:25641022;Chr1:25646680;Chr1:25676749;Chr1:25678071;Chr1:25679660;Chr1:25687640;Chr1:25713041;Chr1:25732407;Chr1:25734321;Chr1:25738533;Chr1:25740038;Chr1:25745367;Chr1:25751573;Chr1:25758019;Chr1:25766281;Chr1:25771525;Chr1:25773610;Chr1:25777797;Chr1:25779312;Chr1:25779328;Chr1:25798023;Chr1:25799723;Chr1:25805244;Chr1:25815725;Chr1:25819059;Chr1:25834037;Chr1:25835453;Chr1:25859031;Chr1:25864160;Chr1:25870063;Chr1:25893786;Chr1:25895887;Chr1:25901055;Chr1:25910721;Chr1:25917598;Chr1:25930682;Chr1:25945894;Chr1:25947749;Chr1:25948498;Chr1:25954685;Chr1:25956030;Chr1:25962241;Chr1:25965149;Chr1:25972567;Chr1:25988341;Chr1:26005886;Chr1:26008429;Chr1:26014325;Chr1:26028135;Chr1:26029195;Chr1:26047892;Chr1:26082758;Chr1:26083807;Chr1:26133320;Chr1:26137974;Chr1:26173373;Chr1:26175469;Chr1:26199292;Chr1:26199686;Chr1:26200265;Chr1:26203011;Chr1:26227613;Chr1:26228526;Chr1:26265640;Chr1:26282342;Chr1:26299240;Chr1:26317174;Chr1:26330293;Chr1:26339249;Chr1:26342506;Chr1:26346096;Chr1:26346132;Chr1:26356430;Chr1:26361038;Chr1:26368390;Chr1:26369638;Chr1:26371427;Chr1:26376549;Chr1:26380267;Chr1:26385041;Chr1:26387842;Chr1:26418243;Chr1:26423308;Chr1:26437980;Chr1:26448964;Chr1:26452672;Chr1:26452895;Chr1:26453888;Chr1:26454522;Chr1:26459615;Chr1:26460123;Chr1:26463764;Chr1:26476989;Chr1:26483901;Chr1:26484067;Chr1:26493747;Chr1:26496358;Chr1:26500164;Chr1:26507932;Chr1:26513642;Chr1:26513646;Chr1:26515192;Chr1:26536428;Chr1:26539243;Chr1:26540242;Chr1:26568172;Chr1:26579004;Chr1:26586831;Chr1:26593002;Chr1:26593805;Chr1:26595078;Chr1:26609437;Chr1:26610635;Chr1:26616361;Chr1:26621622;Chr1:26625611;Chr1:26632472;Chr1:26752151;Chr1:26788734;Chr1:26818994;Chr1:26834906;Chr1:26836315;Chr1:26862531;Chr1:26891437;Chr1:26893971;Chr1:26951236;Chr1:26982092;Chr1:27008731;Chr1:27011929;Chr1:27018509;Chr1:27042668;Chr1:27051639;Chr1:27053981;Chr1:27054968;Chr1:27065259;Chr1:27071928;Chr1:27075480;Chr1:27091336;Chr1:27092863;Chr1:27096261;Chr1:27100843;Chr1:27102452;Chr1:27105490;Chr1:27111345;Chr1:27112892;Chr1:27113917;Chr1:27121008;Chr1:27136814;Chr1:27158500;Chr1:27164292;Chr1:27174618;Chr1:27183191;Chr1:27196149;Chr1:27219724;Chr1:27266523	Chr1:25046551;Chr1:25834037;Chr1:26199292;Chr1:26483901	Chr1:24726097;Chr1:24917422;Chr1:27270082	TRUE	TRUE	TRUE	1	2	FALSE	FALSE	3	3	3	12	17	24
nobgs_V0.5_c1_rep4_env5	emmax_simes	Chr1	26318439	27421174	88	1	Chr1:26318439;Chr1:26524279;Chr1:26633722;Chr1:26640685;Chr1:26645798;Chr1:26660380;Chr1:26666752;Chr1:26683169;Chr1:26696360;Chr1:26709000;Chr1:26709903;Chr1:26712130;Chr1:26716530;Chr1:26730080;Chr1:26735278;Chr1:26750775;Chr1:26766595;Chr1:26767568;Chr1:26773189;Chr1:26786889;Chr1:26808064;Chr1:26820361;Chr1:26831612;Chr1:26869572;Chr1:26869702;Chr1:26870542;Chr1:26873342;Chr1:26874454;Chr1:26877940;Chr1:26879070;Chr1:26896637;Chr1:26912273;Chr1:26913425;Chr1:26919587;Chr1:26937963;Chr1:26952739;Chr1:27058004;Chr1:27075491;Chr1:27086334;Chr1:27106148;Chr1:27121062;Chr1:27140483;Chr1:27146675;Chr1:27204252;Chr1:27207855;Chr1:27218926;Chr1:27253937;Chr1:27266059;Chr1:27266511;Chr1:27268441;Chr1:27268973;Chr1:27270082;Chr1:27280219;Chr1:27286142;Chr1:27290070;Chr1:27294077;Chr1:27298095;Chr1:27299484;Chr1:27305195;Chr1:27318058;Chr1:27318154;Chr1:27321154;Chr1:27323448;Chr1:27327402;Chr1:27328092;Chr1:27336885;Chr1:27338359;Chr1:27338568;Chr1:27340417;Chr1:27341456;Chr1:27353878;Chr1:27358661;Chr1:27362930;Chr1:27364816;Chr1:27369434;Chr1:27377967;Chr1:27382785;Chr1:27384883;Chr1:27386816;Chr1:27387912;Chr1:27389674;Chr1:27398885;Chr1:27398907;Chr1:27401129;Chr1:27403376;Chr1:27407354;Chr1:27418470;Chr1:27421174	Chr1:27321154	Chr1:27270082	TRUE	TRUE	TRUE	1	1	FALSE	FALSE	3	3	3	12	17	24
nobgs_V0.5_c1_rep4_env5	emmax_simes	Chr1	27452942	27598092	27	1	Chr1:27452942;Chr1:27462542;Chr1:27468139;Chr1:27468518;Chr1:27476979;Chr1:27477855;Chr1:27482154;Chr1:27492787;Chr1:27500665;Chr1:27509405;Chr1:27516072;Chr1:27524533;Chr1:27532548;Chr1:27533446;Chr1:27534072;Chr1:27537264;Chr1:27549294;Chr1:27562892;Chr1:27565986;Chr1:27568244;Chr1:27583234;Chr1:27585112;Chr1:27586827;Chr1:27589550;Chr1:27591255;Chr1:27596715;Chr1:27598092	Chr1:27500665	""	FALSE	TRUE	TRUE	1	1	FALSE	FALSE	3	3	3	12	17	24
nobgs_V0.5_c1_rep4_env5	emmax_simes	Chr2	24931227	25321088	28	1	Chr2:24931227;Chr2:24940359;Chr2:24944376;Chr2:24962510;Chr2:24966551;Chr2:24970597;Chr2:24973219;Chr2:24982695;Chr2:24993589;Chr2:24996455;Chr2:25002278;Chr2:25003520;Chr2:25006961;Chr2:25019390;Chr2:25058524;Chr2:25067260;Chr2:25075012;Chr2:25081352;Chr2:25105478;Chr2:25118018;Chr2:25175343;Chr2:25184585;Chr2:25185041;Chr2:25250505;Chr2:25290140;Chr2:25296412;Chr2:25314085;Chr2:25321088	Chr2:24931227	""	FALSE	TRUE	TRUE	1	1	FALSE	FALSE	3	3	3	12	17	24
nobgs_V0.5_c1_rep4_env6	emmax_consensus	Chr2	21349215	21451889	16	1	Chr2:21349215;Chr2:21368175;Chr2:21375381;Chr2:21376616;Chr2:21385121;Chr2:21391879;Chr2:21393008;Chr2:21393389;Chr2:21399110;Chr2:21402517;Chr2:21404621;Chr2:21407269;Chr2:21413573;Chr2:21430157;Chr2:21446687;Chr2:21451889	Chr2:21391879	""	FALSE	TRUE	FALSE	1	0	FALSE	FALSE	2	2	2	11	15	22
nobgs_V0.5_c1_rep5_env1	lfmm_simes	Chr1	9430	492610	171	1	Chr1:9430;Chr1:10003;Chr1:13478;Chr1:15664;Chr1:16849;Chr1:18386;Chr1:24370;Chr1:26663;Chr1:29836;Chr1:30011;Chr1:37215;Chr1:42193;Chr1:65804;Chr1:75173;Chr1:80808;Chr1:90335;Chr1:90498;Chr1:91437;Chr1:94900;Chr1:97268;Chr1:97374;Chr1:97821;Chr1:104317;Chr1:111393;Chr1:111669;Chr1:123380;Chr1:126212;Chr1:127285;Chr1:129562;Chr1:129656;Chr1:130923;Chr1:131509;Chr1:134404;Chr1:134767;Chr1:143569;Chr1:144287;Chr1:150473;Chr1:151649;Chr1:164988;Chr1:167742;Chr1:167920;Chr1:168540;Chr1:172968;Chr1:174005;Chr1:175904;Chr1:177088;Chr1:180220;Chr1:181653;Chr1:182021;Chr1:182867;Chr1:187134;Chr1:190835;Chr1:191007;Chr1:196534;Chr1:198100;Chr1:199458;Chr1:207364;Chr1:209654;Chr1:212698;Chr1:212977;Chr1:218524;Chr1:221642;Chr1:222367;Chr1:222815;Chr1:223390;Chr1:224954;Chr1:225043;Chr1:226499;Chr1:228475;Chr1:230457;Chr1:231834;Chr1:244107;Chr1:248033;Chr1:248525;Chr1:252275;Chr1:253211;Chr1:258013;Chr1:265686;Chr1:266504;Chr1:267197;Chr1:269105;Chr1:270209;Chr1:276261;Chr1:277917;Chr1:282704;Chr1:291083;Chr1:295395;Chr1:299863;Chr1:300721;Chr1:301519;Chr1:303045;Chr1:303494;Chr1:305748;Chr1:307262;Chr1:311073;Chr1:312491;Chr1:313071;Chr1:313092;Chr1:313753;Chr1:315680;Chr1:317928;Chr1:324381;Chr1:327858;Chr1:335293;Chr1:337079;Chr1:338019;Chr1:338461;Chr1:340963;Chr1:342978;Chr1:346320;Chr1:346910;Chr1:347395;Chr1:349296;Chr1:350574;Chr1:350614;Chr1:351576;Chr1:355309;Chr1:355735;Chr1:356445;Chr1:356811;Chr1:366547;Chr1:371497;Chr1:372887;Chr1:373324;Chr1:377472;Chr1:377675;Chr1:380493;Chr1:381184;Chr1:383371;Chr1:386727;Chr1:389055;Chr1:398536;Chr1:407223;Chr1:408214;Chr1:409274;Chr1:411144;Chr1:411894;Chr1:415342;Chr1:417625;Chr1:418235;Chr1:419002;Chr1:422798;Chr1:423941;Chr1:427505;Chr1:428522;Chr1:429110;Chr1:430068;Chr1:434503;Chr1:436057;Chr1:436980;Chr1:441430;Chr1:442450;Chr1:447720;Chr1:452516;Chr1:455832;Chr1:457193;Chr1:457216;Chr1:457598;Chr1:462068;Chr1:464097;Chr1:467251;Chr1:468189;Chr1:475401;Chr1:477396;Chr1:477904;Chr1:479608;Chr1:483492;Chr1:484299;Chr1:489572;Chr1:491163;Chr1:492610	Chr1:9430	Chr1:533027	TRUE	TRUE	TRUE	1	1	FALSE	FALSE	3	3	3	8	9	14
nobgs_V0.5_c1_rep5_env1	lfmm_simes	Chr2	6555107	6609317	11	1	Chr2:6555107;Chr2:6561774;Chr2:6561865;Chr2:6566224;Chr2:6566669;Chr2:6567432;Chr2:6572791;Chr2:6575691;Chr2:6595554;Chr2:6596182;Chr2:6609317	Chr2:6595554	""	FALSE	TRUE	FALSE	1	0	FALSE	FALSE	2	2	2	8	9	14
nobgs_V0.5_c1_rep5_env2	emmax_consensus	Chr1	583075	649806	22	2	Chr1:583075;Chr1:584459;Chr1:587179;Chr1:588262;Chr1:589175;Chr1:592423;Chr1:600469;Chr1:604517;Chr1:607631;Chr1:616799;Chr1:618900;Chr1:625023;Chr1:627687;Chr1:631407;Chr1:633558;Chr1:633758;Chr1:636276;Chr1:636380;Chr1:640385;Chr1:641494;Chr1:645486;Chr1:649806	Chr1:592423;Chr1:636276	Chr1:670917	TRUE	TRUE	FALSE	1	0	FALSE	FALSE	2	2	2	9	11	35
nobgs_V0.5_c1_rep5_env2	emmax_consensus	Chr2	6409855	6440702	11	1	Chr2:6409855;Chr2:6421382;Chr2:6428284;Chr2:6428960;Chr2:6431518;Chr2:6432235;Chr2:6432308;Chr2:6433028;Chr2:6433679;Chr2:6436623;Chr2:6440702	Chr2:6421382	""	FALSE	TRUE	FALSE	1	0	FALSE	FALSE	2	2	2	9	11	35
nobgs_V0.5_c1_rep5_env2	lfmm_simes	Chr1	19927	483981	56	1	Chr1:19927;Chr1:28893;Chr1:28952;Chr1:55698;Chr1:74963;Chr1:86417;Chr1:105338;Chr1:106036;Chr1:115386;Chr1:115826;Chr1:119575;Chr1:137795;Chr1:141609;Chr1:155656;Chr1:167423;Chr1:193420;Chr1:194821;Chr1:250734;Chr1:251791;Chr1:252529;Chr1:260880;Chr1:264375;Chr1:298200;Chr1:298560;Chr1:310457;Chr1:311654;Chr1:311855;Chr1:318770;Chr1:321506;Chr1:336659;Chr1:337164;Chr1:340607;Chr1:341671;Chr1:345548;Chr1:349567;Chr1:354918;Chr1:358355;Chr1:359761;Chr1:392666;Chr1:392771;Chr1:396624;Chr1:418530;Chr1:419018;Chr1:419019;Chr1:421316;Chr1:426272;Chr1:431178;Chr1:435903;Chr1:436209;Chr1:443819;Chr1:452023;Chr1:453296;Chr1:455420;Chr1:473184;Chr1:478986;Chr1:483981	Chr1:28893	Chr1:12382	TRUE	TRUE	TRUE	1	1	FALSE	FALSE	3	3	3	9	11	35
nobgs_V0.5_c1_rep5_env2	lfmm_simes	Chr1	583075	649806	22	2	Chr1:583075;Chr1:584459;Chr1:587179;Chr1:588262;Chr1:589175;Chr1:592423;Chr1:600469;Chr1:604517;Chr1:607631;Chr1:616799;Chr1:618900;Chr1:625023;Chr1:627687;Chr1:631407;Chr1:633558;Chr1:633758;Chr1:636276;Chr1:636380;Chr1:640385;Chr1:641494;Chr1:645486;Chr1:649806	Chr1:592423;Chr1:636276	Chr1:670917	TRUE	TRUE	FALSE	1	0	FALSE	FALSE	2	2	2	9	11	35
nobgs_V0.5_c1_rep5_env3	emmax_consensus	Chr1	3757577	3813402	10	1	Chr1:3757577;Chr1:3762622;Chr1:3779342;Chr1:3780968;Chr1:3781467;Chr1:3783705;Chr1:3800409;Chr1:3804258;Chr1:3811666;Chr1:3813402	Chr1:3781467	Chr1:3783705	TRUE	TRUE	FALSE	1	0	FALSE	FALSE	2	2	2	8	10	18
nobgs_V0.5_c1_rep5_env3	emmax_simes	Chr1	3757577	3813402	10	1	Chr1:3757577;Chr1:3762622;Chr1:3779342;Chr1:3780968;Chr1:3781467;Chr1:3783705;Chr1:3800409;Chr1:3804258;Chr1:3811666;Chr1:3813402	Chr1:3781467	Chr1:3783705	TRUE	TRUE	FALSE	1	0	FALSE	FALSE	2	2	2	8	10	18
nobgs_V0.5_c1_rep5_env3	lfmm_simes	Chr1	3757577	3813402	10	1	Chr1:3757577;Chr1:3762622;Chr1:3779342;Chr1:3780968;Chr1:3781467;Chr1:3783705;Chr1:3800409;Chr1:3804258;Chr1:3811666;Chr1:3813402	Chr1:3781467	Chr1:3783705	TRUE	TRUE	FALSE	1	0	FALSE	FALSE	2	2	2	8	10	18
nobgs_V0.5_c1_rep5_env6	emmax_consensus	Chr1	6457975	7423701	354	9	Chr1:6457975;Chr1:6474312;Chr1:6477803;Chr1:6483818;Chr1:6485831;Chr1:6488667;Chr1:6491391;Chr1:6491601;Chr1:6491835;Chr1:6492704;Chr1:6504230;Chr1:6506604;Chr1:6509492;Chr1:6518280;Chr1:6521066;Chr1:6533736;Chr1:6536531;Chr1:6536732;Chr1:6537757;Chr1:6538296;Chr1:6540971;Chr1:6550024;Chr1:6550982;Chr1:6555933;Chr1:6561878;Chr1:6565638;Chr1:6571468;Chr1:6581553;Chr1:6582033;Chr1:6601925;Chr1:6605920;Chr1:6614451;Chr1:6616871;Chr1:6627389;Chr1:6628560;Chr1:6629125;Chr1:6630344;Chr1:6635410;Chr1:6635634;Chr1:6648279;Chr1:6654990;Chr1:6657616;Chr1:6658454;Chr1:6660942;Chr1:6670759;Chr1:6672987;Chr1:6673068;Chr1:6674192;Chr1:6674735;Chr1:6674976;Chr1:6674981;Chr1:6675048;Chr1:6675200;Chr1:6677451;Chr1:6683773;Chr1:6695880;Chr1:6614969;Chr1:6615461;Chr1:6617638;Chr1:6618483;Chr1:6632825;Chr1:6633787;Chr1:6634373;Chr1:6636793;Chr1:6644383;Chr1:6644762;Chr1:6645228;Chr1:6645607;Chr1:6651928;Chr1:6654933;Chr1:6656217;Chr1:6657721;Chr1:6658021;Chr1:6658491;Chr1:6662134;Chr1:6666047;Chr1:6667634;Chr1:6669372;Chr1:6670864;Chr1:6674784;Chr1:6676740;Chr1:6678488;Chr1:6682647;Chr1:6688690;Chr1:6689168;Chr1:6697588;Chr1:6709145;Chr1:6726930;Chr1:6729495;Chr1:6734638;Chr1:6739607;Chr1:6749520;Chr1:6766352;Chr1:6774823;Chr1:6776119;Chr1:6790350;Chr1:6794838;Chr1:6822572;Chr1:6834050;Chr1:6835188;Chr1:6702651;Chr1:6704237;Chr1:6706102;Chr1:6711145;Chr1:6713726;Chr1:6714330;Chr1:6727179;Chr1:6729657;Chr1:6730484;Chr1:6734243;Chr1:6735650;Chr1:6743283;Chr1:6743867;Chr1:6744676;Chr1:6745134;Chr1:6746251;Chr1:6750397;Chr1:6752495;Chr1:6753237;Chr1:6753315;Chr1:6755839;Chr1:6767506;Chr1:6771549;Chr1:6774313;Chr1:6795231;Chr1:6821795;Chr1:6835395;Chr1:6866908;Chr1:6876237;Chr1:6886282;Chr1:6851553;Chr1:6858345;Chr1:6869930;Chr1:6870982;Chr1:6872005;Chr1:6877587;Chr1:6880018;Chr1:6882841;Chr1:6886729;Chr1:6890997;Chr1:6892007;Chr1:6894920;Chr1:6898189;Chr1:6903093;Chr1:6906880;Chr1:6907250;Chr1:6912084;Chr1:6915924;Chr1:6916395;Chr1:6919099;Chr1:6921425;Chr1:6921641;Chr1:6923130;Chr1:6923225;Chr1:6925210;Chr1:6925791;Chr1:6925872;Chr1:6927323;Chr1:6928326;Chr1:6931102;Chr1:6931162;Chr1:6935989;Chr1:6946659;Chr1:6946893;Chr1:6951719;Chr1:6955598;Chr1:6957808;Chr1:6964071;Chr1:6964234;Chr1:6966258;Chr1:6967292;Chr1:6969339;Chr1:6971829;Chr1:6979297;Chr1:6979848;Chr1:6979998;Chr1:6980413;Chr1:6980605;Chr1:6980668;Chr1:6981148;Chr1:6982797;Chr1:6983971;Chr1:6984594;Chr1:6984995;Chr1:6985217;Chr1:6988951;Chr1:6992046;Chr1:6997248;Chr1:6998342;Chr1:6999014;Chr1:6999877;Chr1:7001045;Chr1:7002672;Chr1:7004387;Chr1:7005541;Chr1:7006004;Chr1:7007428;Chr1:7010528;Chr1:7010999;Chr1:7013824;Chr1:7022095;Chr1:7023636;Chr1:7024711;Chr1:7030076;Chr1:7031534;Chr1:7034669;Chr1:7038491;Chr1:7038765;Chr1:7042270;Chr1:7045619;Chr1:7046054;Chr1:7047070;Chr1:7051948;Chr1:7052038;Chr1:7052352;Chr1:7054259;Chr1:7055190;Chr1:7055425;Chr1:7055642;Chr1:7065917;Chr1:7067405;Chr1:7067917;Chr1:7070677;Chr1:7076770;Chr1:7046672;Chr1:7065249;Chr1:7074336;Chr1:7078513;Chr1:7082584;Chr1:7085849;Chr1:7087444;Chr1:7087556;Chr1:7088195;Chr1:7090980;Chr1:7097783;Chr1:7101620;Chr1:7109409;Chr1:7112534;Chr1:7114771;Chr1:7115004;Chr1:7117298;Chr1:7129308;Chr1:7131141;Chr1:7131424;Chr1:7140298;Chr1:7144433;Chr1:7144456;Chr1:7152495;Chr1:7157257;Chr1:7158856;Chr1:7162465;Chr1:7163847;Chr1:7168981;Chr1:7173939;Chr1:7175924;Chr1:7183570;Chr1:7188645;Chr1:7189213;Chr1:7189352;Chr1:7189425;Chr1:7207366;Chr1:7208214;Chr1:7208758;Chr1:7214332;Chr1:7215575;Chr1:7219873;Chr1:7225849;Chr1:7227455;Chr1:7228804;Chr1:7231755;Chr1:7233658;Chr1:7235799;Chr1:7240403;Chr1:7241310;Chr1:7241352;Chr1:7247659;Chr1:7247957;Chr1:7249495;Chr1:7250598;Chr1:7251072;Chr1:7251334;Chr1:7254409;Chr1:7258052;Chr1:7259082;Chr1:7262403;Chr1:7262714;Chr1:7265379;Chr1:7267882;Chr1:7269007;Chr1:7270124;Chr1:7273498;Chr1:7275174;Chr1:7278425;Chr1:7280891;Chr1:7281447;Chr1:7281844;Chr1:7287714;Chr1:7288025;Chr1:7289602;Chr1:7289795;Chr1:7290473;Chr1:7292639;Chr1:7295505;Chr1:7296664;Chr1:7297284;Chr1:7302287;Chr1:7306446;Chr1:7308099;Chr1:7319438;Chr1:7320226;Chr1:7323275;Chr1:7325778;Chr1:7327448;Chr1:7327580;Chr1:7327665;Chr1:7339540;Chr1:7341687;Chr1:7346321;Chr1:7346627;Chr1:7348991;Chr1:7350173;Chr1:7350249;Chr1:7353699;Chr1:7343122;Chr1:7343573;Chr1:7344914;Chr1:7350795;Chr1:7350956;Chr1:7353395;Chr1:7359694;Chr1:7360666;Chr1:7367561;Chr1:7381897;Chr1:7382062;Chr1:7358074;Chr1:7368129;Chr1:7369319;Chr1:7370971;Chr1:7372750;Chr1:7374382;Chr1:7381268;Chr1:7385607;Chr1:7391513;Chr1:7399129;Chr1:7404286;Chr1:7404309;Chr1:7405540;Chr1:7408939;Chr1:7410157;Chr1:7411450;Chr1:7415836;Chr1:7419818;Chr1:7421345;Chr1:7423701	Chr1:6536531;Chr1:6648279;Chr1:6662134;Chr1:6744676;Chr1:6795231;Chr1:7038765;Chr1:7249495;Chr1:7360666;Chr1:7405540	Chr1:7247957;Chr1:7346321	TRUE	TRUE	TRUE	1	1	FALSE	FALSE	3	3	3	8	9	25
nobgs_V0.5_c1_rep5_env6	emmax_consensus	Chr1	6476481	6529289	13	1	Chr1:6476481;Chr1:6484127;Chr1:6486937;Chr1:6488209;Chr1:6488944;Chr1:6496199;Chr1:6499261;Chr1:6504081;Chr1:6520801;Chr1:6523636;Chr1:6525605;Chr1:6526814;Chr1:6529289	Chr1:6504081	""	FALSE	TRUE	FALSE	1	0	FALSE	FALSE	2	2	3	8	9	25
nobgs_V0.5_c1_rep5_env6	emmax_consensus	Chr1	7439528	7472416	9	1	Chr1:7439528;Chr1:7441558;Chr1:7453331;Chr1:7455091;Chr1:7464780;Chr1:7465998;Chr1:7466212;Chr1:7466795;Chr1:7472416	Chr1:7464780	Chr1:7346321	TRUE	TRUE	FALSE	1	0	FALSE	FALSE	2	2	2	8	9	25
nobgs_V0.5_c1_rep5_env6	emmax_consensus	Chr1	7485816	7514335	10	1	Chr1:7485816;Chr1:7492596;Chr1:7495765;Chr1:7504001;Chr1:7507045;Chr1:7507928;Chr1:7509634;Chr1:7509799;Chr1:7513426;Chr1:7514335	Chr1:7507928	""	FALSE	TRUE	FALSE	1	0	FALSE	FALSE	2	2	2	8	9	25
nobgs_V0.5_c1_rep5_env6	emmax_consensus	Chr2	1767126	1785004	9	1	Chr2:1767126;Chr2:1769841;Chr2:1773390;Chr2:1778817;Chr2:1778951;Chr2:1779558;Chr2:1784404;Chr2:1784486;Chr2:1785004	Chr2:1779558	""	FALSE	TRUE	FALSE	1	0	FALSE	FALSE	2	2	2	8	9	25
nobgs_V0.5_c1_rep5_env6	emmax_simes	Chr1	6457975	7423701	354	9	Chr1:6457975;Chr1:6474312;Chr1:6477803;Chr1:6483818;Chr1:6485831;Chr1:6488667;Chr1:6491391;Chr1:6491601;Chr1:6491835;Chr1:6492704;Chr1:6504230;Chr1:6506604;Chr1:6509492;Chr1:6518280;Chr1:6521066;Chr1:6533736;Chr1:6536531;Chr1:6536732;Chr1:6537757;Chr1:6538296;Chr1:6540971;Chr1:6550024;Chr1:6550982;Chr1:6555933;Chr1:6561878;Chr1:6565638;Chr1:6571468;Chr1:6581553;Chr1:6582033;Chr1:6601925;Chr1:6605920;Chr1:6614451;Chr1:6616871;Chr1:6627389;Chr1:6628560;Chr1:6629125;Chr1:6630344;Chr1:6635410;Chr1:6635634;Chr1:6648279;Chr1:6654990;Chr1:6657616;Chr1:6658454;Chr1:6660942;Chr1:6670759;Chr1:6672987;Chr1:6673068;Chr1:6674192;Chr1:6674735;Chr1:6674976;Chr1:6674981;Chr1:6675048;Chr1:6675200;Chr1:6677451;Chr1:6683773;Chr1:6695880;Chr1:6614969;Chr1:6615461;Chr1:6617638;Chr1:6618483;Chr1:6632825;Chr1:6633787;Chr1:6634373;Chr1:6636793;Chr1:6644383;Chr1:6644762;Chr1:6645228;Chr1:6645607;Chr1:6651928;Chr1:6654933;Chr1:6656217;Chr1:6657721;Chr1:6658021;Chr1:6658491;Chr1:6662134;Chr1:6666047;Chr1:6667634;Chr1:6669372;Chr1:6670864;Chr1:6674784;Chr1:6676740;Chr1:6678488;Chr1:6682647;Chr1:6688690;Chr1:6689168;Chr1:6697588;Chr1:6709145;Chr1:6726930;Chr1:6729495;Chr1:6734638;Chr1:6739607;Chr1:6749520;Chr1:6766352;Chr1:6774823;Chr1:6776119;Chr1:6790350;Chr1:6794838;Chr1:6822572;Chr1:6834050;Chr1:6835188;Chr1:6702651;Chr1:6704237;Chr1:6706102;Chr1:6711145;Chr1:6713726;Chr1:6714330;Chr1:6727179;Chr1:6729657;Chr1:6730484;Chr1:6734243;Chr1:6735650;Chr1:6743283;Chr1:6743867;Chr1:6744676;Chr1:6745134;Chr1:6746251;Chr1:6750397;Chr1:6752495;Chr1:6753237;Chr1:6753315;Chr1:6755839;Chr1:6767506;Chr1:6771549;Chr1:6774313;Chr1:6795231;Chr1:6821795;Chr1:6835395;Chr1:6866908;Chr1:6876237;Chr1:6886282;Chr1:6851553;Chr1:6858345;Chr1:6869930;Chr1:6870982;Chr1:6872005;Chr1:6877587;Chr1:6880018;Chr1:6882841;Chr1:6886729;Chr1:6890997;Chr1:6892007;Chr1:6894920;Chr1:6898189;Chr1:6903093;Chr1:6906880;Chr1:6907250;Chr1:6912084;Chr1:6915924;Chr1:6916395;Chr1:6919099;Chr1:6921425;Chr1:6921641;Chr1:6923130;Chr1:6923225;Chr1:6925210;Chr1:6925791;Chr1:6925872;Chr1:6927323;Chr1:6928326;Chr1:6931102;Chr1:6931162;Chr1:6935989;Chr1:6946659;Chr1:6946893;Chr1:6951719;Chr1:6955598;Chr1:6957808;Chr1:6964071;Chr1:6964234;Chr1:6966258;Chr1:6967292;Chr1:6969339;Chr1:6971829;Chr1:6979297;Chr1:6979848;Chr1:6979998;Chr1:6980413;Chr1:6980605;Chr1:6980668;Chr1:6981148;Chr1:6982797;Chr1:6983971;Chr1:6984594;Chr1:6984995;Chr1:6985217;Chr1:6988951;Chr1:6992046;Chr1:6997248;Chr1:6998342;Chr1:6999014;Chr1:6999877;Chr1:7001045;Chr1:7002672;Chr1:7004387;Chr1:7005541;Chr1:7006004;Chr1:7007428;Chr1:7010528;Chr1:7010999;Chr1:7013824;Chr1:7022095;Chr1:7023636;Chr1:7024711;Chr1:7030076;Chr1:7031534;Chr1:7034669;Chr1:7038491;Chr1:7038765;Chr1:7042270;Chr1:7045619;Chr1:7046054;Chr1:7047070;Chr1:7051948;Chr1:7052038;Chr1:7052352;Chr1:7054259;Chr1:7055190;Chr1:7055425;Chr1:7055642;Chr1:7065917;Chr1:7067405;Chr1:7067917;Chr1:7070677;Chr1:7076770;Chr1:7046672;Chr1:7065249;Chr1:7074336;Chr1:7078513;Chr1:7082584;Chr1:7085849;Chr1:7087444;Chr1:7087556;Chr1:7088195;Chr1:7090980;Chr1:7097783;Chr1:7101620;Chr1:7109409;Chr1:7112534;Chr1:7114771;Chr1:7115004;Chr1:7117298;Chr1:7129308;Chr1:7131141;Chr1:7131424;Chr1:7140298;Chr1:7144433;Chr1:7144456;Chr1:7152495;Chr1:7157257;Chr1:7158856;Chr1:7162465;Chr1:7163847;Chr1:7168981;Chr1:7173939;Chr1:7175924;Chr1:7183570;Chr1:7188645;Chr1:7189213;Chr1:7189352;Chr1:7189425;Chr1:7207366;Chr1:7208214;Chr1:7208758;Chr1:7214332;Chr1:7215575;Chr1:7219873;Chr1:7225849;Chr1:7227455;Chr1:7228804;Chr1:7231755;Chr1:7233658;Chr1:7235799;Chr1:7240403;Chr1:7241310;Chr1:7241352;Chr1:7247659;Chr1:7247957;Chr1:7249495;Chr1:7250598;Chr1:7251072;Chr1:7251334;Chr1:7254409;Chr1:7258052;Chr1:7259082;Chr1:7262403;Chr1:7262714;Chr1:7265379;Chr1:7267882;Chr1:7269007;Chr1:7270124;Chr1:7273498;Chr1:7275174;Chr1:7278425;Chr1:7280891;Chr1:7281447;Chr1:7281844;Chr1:7287714;Chr1:7288025;Chr1:7289602;Chr1:7289795;Chr1:7290473;Chr1:7292639;Chr1:7295505;Chr1:7296664;Chr1:7297284;Chr1:7302287;Chr1:7306446;Chr1:7308099;Chr1:7319438;Chr1:7320226;Chr1:7323275;Chr1:7325778;Chr1:7327448;Chr1:7327580;Chr1:7327665;Chr1:7339540;Chr1:7341687;Chr1:7346321;Chr1:7346627;Chr1:7348991;Chr1:7350173;Chr1:7350249;Chr1:7353699;Chr1:7343122;Chr1:7343573;Chr1:7344914;Chr1:7350795;Chr1:7350956;Chr1:7353395;Chr1:7359694;Chr1:7360666;Chr1:7367561;Chr1:7381897;Chr1:7382062;Chr1:7358074;Chr1:7368129;Chr1:7369319;Chr1:7370971;Chr1:7372750;Chr1:7374382;Chr1:7381268;Chr1:7385607;Chr1:7391513;Chr1:7399129;Chr1:7404286;Chr1:7404309;Chr1:7405540;Chr1:7408939;Chr1:7410157;Chr1:7411450;Chr1:7415836;Chr1:7419818;Chr1:7421345;Chr1:7423701	Chr1:6536531;Chr1:6648279;Chr1:6662134;Chr1:6744676;Chr1:6795231;Chr1:7038765;Chr1:7249495;Chr1:7360666;Chr1:7405540	Chr1:7247957;Chr1:7346321	TRUE	TRUE	TRUE	1	1	FALSE	FALSE	3	3	3	8	9	25
nobgs_V0.5_c1_rep5_env6	emmax_simes	Chr1	6476481	6529289	13	1	Chr1:6476481;Chr1:6484127;Chr1:6486937;Chr1:6488209;Chr1:6488944;Chr1:6496199;Chr1:6499261;Chr1:6504081;Chr1:6520801;Chr1:6523636;Chr1:6525605;Chr1:6526814;Chr1:6529289	Chr1:6504081	""	FALSE	TRUE	FALSE	1	0	FALSE	FALSE	2	2	3	8	9	25
nobgs_V0.5_c1_rep5_env6	emmax_simes	Chr1	7439528	7472416	9	1	Chr1:7439528;Chr1:7441558;Chr1:7453331;Chr1:7455091;Chr1:7464780;Chr1:7465998;Chr1:7466212;Chr1:7466795;Chr1:7472416	Chr1:7464780	Chr1:7346321	TRUE	TRUE	FALSE	1	0	FALSE	FALSE	2	2	2	8	9	25
nobgs_V0.5_c1_rep5_env6	emmax_simes	Chr1	7485816	7514335	10	1	Chr1:7485816;Chr1:7492596;Chr1:7495765;Chr1:7504001;Chr1:7507045;Chr1:7507928;Chr1:7509634;Chr1:7509799;Chr1:7513426;Chr1:7514335	Chr1:7507928	""	FALSE	TRUE	FALSE	1	0	FALSE	FALSE	2	2	2	8	9	25
nobgs_V0.5_c1_rep5_env6	emmax_simes	Chr2	1767126	1785004	9	1	Chr2:1767126;Chr2:1769841;Chr2:1773390;Chr2:1778817;Chr2:1778951;Chr2:1779558;Chr2:1784404;Chr2:1784486;Chr2:1785004	Chr2:1779558	""	FALSE	TRUE	FALSE	1	0	FALSE	FALSE	2	2	2	8	9	25
nobgs_V0.5_c1_rep5_env6	lfmm_simes	Chr1	60	488204	124	1	Chr1:60;Chr1:472;Chr1:2084;Chr1:11344;Chr1:15108;Chr1:16524;Chr1:22364;Chr1:24266;Chr1:35027;Chr1:37954;Chr1:43607;Chr1:49703;Chr1:55104;Chr1:65893;Chr1:72352;Chr1:75240;Chr1:78952;Chr1:81382;Chr1:84435;Chr1:90612;Chr1:93387;Chr1:93558;Chr1:102839;Chr1:108873;Chr1:110597;Chr1:115998;Chr1:116245;Chr1:118541;Chr1:119062;Chr1:144875;Chr1:146878;Chr1:153529;Chr1:154718;Chr1:156863;Chr1:160369;Chr1:162392;Chr1:178540;Chr1:179291;Chr1:190558;Chr1:191739;Chr1:193993;Chr1:198212;Chr1:198721;Chr1:201074;Chr1:211973;Chr1:213281;Chr1:214518;Chr1:216773;Chr1:218071;Chr1:218857;Chr1:220070;Chr1:221630;Chr1:225209;Chr1:229828;Chr1:231082;Chr1:232863;Chr1:234258;Chr1:234991;Chr1:236330;Chr1:237747;Chr1:248432;Chr1:248560;Chr1:251027;Chr1:251069;Chr1:251432;Chr1:255229;Chr1:255262;Chr1:259487;Chr1:261912;Chr1:266600;Chr1:268360;Chr1:270180;Chr1:272376;Chr1:274117;Chr1:276459;Chr1:276809;Chr1:280612;Chr1:294747;Chr1:295526;Chr1:297630;Chr1:302678;Chr1:306369;Chr1:324051;Chr1:326399;Chr1:330401;Chr1:333290;Chr1:334586;Chr1:342070;Chr1:348941;Chr1:358632;Chr1:360033;Chr1:361580;Chr1:369015;Chr1:373039;Chr1:379775;Chr1:380478;Chr1:382412;Chr1:386250;Chr1:388398;Chr1:394349;Chr1:398097;Chr1:404129;Chr1:406489;Chr1:416113;Chr1:421642;Chr1:424501;Chr1:425265;Chr1:427374;Chr1:429285;Chr1:430560;Chr1:435430;Chr1:439404;Chr1:448906;Chr1:455839;Chr1:459376;Chr1:459849;Chr1:463386;Chr1:466534;Chr1:474497;Chr1:481579;Chr1:484985;Chr1:485955;Chr1:487673;Chr1:488204	Chr1:60	""	FALSE	FALSE	TRUE	0	1	FALSE	FALSE	2	2	2	8	9	25
nobgs_V0.5_c1_rep5_env6	lfmm_simes	Chr1	6476481	6695880	41	2	Chr1:6476481;Chr1:6484127;Chr1:6486937;Chr1:6488209;Chr1:6488944;Chr1:6496199;Chr1:6499261;Chr1:6504081;Chr1:6520801;Chr1:6523636;Chr1:6525605;Chr1:6526814;Chr1:6529289;Chr1:6582033;Chr1:6601925;Chr1:6605920;Chr1:6614451;Chr1:6616871;Chr1:6627389;Chr1:6628560;Chr1:6629125;Chr1:6630344;Chr1:6635410;Chr1:6635634;Chr1:6648279;Chr1:6654990;Chr1:6657616;Chr1:6658454;Chr1:6660942;Chr1:6670759;Chr1:6672987;Chr1:6673068;Chr1:6674192;Chr1:6674735;Chr1:6674976;Chr1:6674981;Chr1:6675048;Chr1:6675200;Chr1:6677451;Chr1:6683773;Chr1:6695880	Chr1:6504081;Chr1:6648279	""	FALSE	FALSE	TRUE	0	1	FALSE	FALSE	2	2	2	8	9	25
nobgs_V0.5_c1_rep5_env6	lfmm_simes	Chr1	6851553	7423701	224	4	Chr1:6851553;Chr1:6858345;Chr1:6869930;Chr1:6870982;Chr1:6872005;Chr1:6877587;Chr1:6880018;Chr1:6882841;Chr1:6886729;Chr1:6890997;Chr1:6892007;Chr1:6894920;Chr1:6898189;Chr1:6903093;Chr1:6906880;Chr1:6907250;Chr1:6912084;Chr1:6915924;Chr1:6916395;Chr1:6919099;Chr1:6921425;Chr1:6921641;Chr1:6923130;Chr1:6923225;Chr1:6925210;Chr1:6925791;Chr1:6925872;Chr1:6927323;Chr1:6928326;Chr1:6931102;Chr1:6931162;Chr1:6935989;Chr1:6946659;Chr1:6946893;Chr1:6951719;Chr1:6955598;Chr1:6957808;Chr1:6964071;Chr1:6964234;Chr1:6966258;Chr1:6967292;Chr1:6969339;Chr1:6971829;Chr1:6979297;Chr1:6979848;Chr1:6979998;Chr1:6980413;Chr1:6980605;Chr1:6980668;Chr1:6981148;Chr1:6982797;Chr1:6983971;Chr1:6984594;Chr1:6984995;Chr1:6985217;Chr1:6988951;Chr1:6992046;Chr1:6997248;Chr1:6998342;Chr1:6999014;Chr1:6999877;Chr1:7001045;Chr1:7002672;Chr1:7004387;Chr1:7005541;Chr1:7006004;Chr1:7007428;Chr1:7010528;Chr1:7010999;Chr1:7013824;Chr1:7022095;Chr1:7023636;Chr1:7024711;Chr1:7030076;Chr1:7031534;Chr1:7034669;Chr1:7038491;Chr1:7038765;Chr1:7042270;Chr1:7045619;Chr1:7046054;Chr1:7047070;Chr1:7051948;Chr1:7052038;Chr1:7052352;Chr1:7054259;Chr1:7055190;Chr1:7055425;Chr1:7055642;Chr1:7065917;Chr1:7067405;Chr1:7067917;Chr1:7070677;Chr1:7076770;Chr1:7046672;Chr1:7065249;Chr1:7074336;Chr1:7078513;Chr1:7082584;Chr1:7085849;Chr1:7087444;Chr1:7087556;Chr1:7088195;Chr1:7090980;Chr1:7097783;Chr1:7101620;Chr1:7109409;Chr1:7112534;Chr1:7114771;Chr1:7115004;Chr1:7117298;Chr1:7129308;Chr1:7131141;Chr1:7131424;Chr1:7140298;Chr1:7144433;Chr1:7144456;Chr1:7152495;Chr1:7157257;Chr1:7158856;Chr1:7162465;Chr1:7163847;Chr1:7168981;Chr1:7173939;Chr1:7175924;Chr1:7183570;Chr1:7188645;Chr1:7189213;Chr1:7189352;Chr1:7189425;Chr1:7207366;Chr1:7208214;Chr1:7208758;Chr1:7214332;Chr1:7215575;Chr1:7219873;Chr1:7225849;Chr1:7227455;Chr1:7228804;Chr1:7231755;Chr1:7233658;Chr1:7235799;Chr1:7240403;Chr1:7241310;Chr1:7241352;Chr1:7247659;Chr1:7247957;Chr1:7249495;Chr1:7250598;Chr1:7251072;Chr1:7251334;Chr1:7254409;Chr1:7258052;Chr1:7259082;Chr1:7262403;Chr1:7262714;Chr1:7265379;Chr1:7267882;Chr1:7269007;Chr1:7270124;Chr1:7273498;Chr1:7275174;Chr1:7278425;Chr1:7280891;Chr1:7281447;Chr1:7281844;Chr1:7287714;Chr1:7288025;Chr1:7289602;Chr1:7289795;Chr1:7290473;Chr1:7292639;Chr1:7295505;Chr1:7296664;Chr1:7297284;Chr1:7302287;Chr1:7306446;Chr1:7308099;Chr1:7319438;Chr1:7320226;Chr1:7323275;Chr1:7325778;Chr1:7327448;Chr1:7327580;Chr1:7327665;Chr1:7339540;Chr1:7341687;Chr1:7346321;Chr1:7346627;Chr1:7348991;Chr1:7350173;Chr1:7350249;Chr1:7353699;Chr1:7343122;Chr1:7343573;Chr1:7344914;Chr1:7350795;Chr1:7350956;Chr1:7353395;Chr1:7359694;Chr1:7360666;Chr1:7367561;Chr1:7381897;Chr1:7382062;Chr1:7358074;Chr1:7368129;Chr1:7369319;Chr1:7370971;Chr1:7372750;Chr1:7374382;Chr1:7381268;Chr1:7385607;Chr1:7391513;Chr1:7399129;Chr1:7404286;Chr1:7404309;Chr1:7405540;Chr1:7408939;Chr1:7410157;Chr1:7411450;Chr1:7415836;Chr1:7419818;Chr1:7421345;Chr1:7423701	Chr1:7038765;Chr1:7249495;Chr1:7360666;Chr1:7405540	Chr1:7247957;Chr1:7346321	TRUE	TRUE	TRUE	1	1	FALSE	FALSE	3	3	3	8	9	25
nobgs_V0.5_c1_rep6_env1	emmax_consensus	Chr1	10166457	10297088	22	1	Chr1:10166457;Chr1:10178979;Chr1:10179868;Chr1:10185810;Chr1:10192266;Chr1:10217350;Chr1:10222978;Chr1:10223163;Chr1:10223838;Chr1:10226598;Chr1:10227127;Chr1:10241392;Chr1:10241682;Chr1:10245353;Chr1:10248287;Chr1:10269962;Chr1:10281872;Chr1:10291265;Chr1:10294047;Chr1:10294572;Chr1:10295194;Chr1:10297088	Chr1:10223163	""	FALSE	TRUE	TRUE	1	1	FALSE	FALSE	3	3	3	8	9	13
nobgs_V0.5_c1_rep6_env1	emmax_consensus	Chr1	10429476	10683447	51	3	Chr1:10429476;Chr1:10431360;Chr1:10444806;Chr1:10447073;Chr1:10457513;Chr1:10459930;Chr1:10489170;Chr1:10490371;Chr1:10490727;Chr1:10492959;Chr1:10494963;Chr1:10499641;Chr1:10499804;Chr1:10516436;Chr1:10517877;Chr1:10529854;Chr1:10531821;Chr1:10531990;Chr1:10532548;Chr1:10532919;Chr1:10533095;Chr1:10534224;Chr1:10548557;Chr1:10549303;Chr1:10549436;Chr1:10549562;Chr1:10553832;Chr1:10556100;Chr1:10561543;Chr1:10566601;Chr1:10572616;Chr1:10573708;Chr1:10574360;Chr1:10576535;Chr1:10578630;Chr1:10579463;Chr1:10580792;Chr1:10585479;Chr1:10586902;Chr1:10596619;Chr1:10599384;Chr1:10612295;Chr1:10617846;Chr1:10619277;Chr1:10625736;Chr1:10635588;Chr1:10648857;Chr1:10653977;Chr1:10661666;Chr1:10673062;Chr1:10683447	Chr1:10490371;Chr1:10529854;Chr1:10585479	Chr1:10556100	TRUE	TRUE	TRUE	1	1	FALSE	FALSE	3	3	3	8	9	13
nobgs_V0.5_c1_rep6_env1	emmax_simes	Chr1	10429476	10683447	51	3	Chr1:10429476;Chr1:10431360;Chr1:10444806;Chr1:10447073;Chr1:10457513;Chr1:10459930;Chr1:10489170;Chr1:10490371;Chr1:10490727;Chr1:10492959;Chr1:10494963;Chr1:10499641;Chr1:10499804;Chr1:10516436;Chr1:10517877;Chr1:10529854;Chr1:10531821;Chr1:10531990;Chr1:10532548;Chr1:10532919;Chr1:10533095;Chr1:10534224;Chr1:10548557;Chr1:10549303;Chr1:10549436;Chr1:10549562;Chr1:10553832;Chr1:10556100;Chr1:10561543;Chr1:10566601;Chr1:10572616;Chr1:10573708;Chr1:10574360;Chr1:10576535;Chr1:10578630;Chr1:10579463;Chr1:10580792;Chr1:10585479;Chr1:10586902;Chr1:10596619;Chr1:10599384;Chr1:10612295;Chr1:10617846;Chr1:10619277;Chr1:10625736;Chr1:10635588;Chr1:10648857;Chr1:10653977;Chr1:10661666;Chr1:10673062;Chr1:10683447	Chr1:10490371;Chr1:10529854;Chr1:10585479	Chr1:10556100	TRUE	TRUE	TRUE	1	1	FALSE	FALSE	3	3	3	8	9	13
nobgs_V0.5_c1_rep6_env1	lfmm_simes	Chr1	10429476	10683447	51	3	Chr1:10429476;Chr1:10431360;Chr1:10444806;Chr1:10447073;Chr1:10457513;Chr1:10459930;Chr1:10489170;Chr1:10490371;Chr1:10490727;Chr1:10492959;Chr1:10494963;Chr1:10499641;Chr1:10499804;Chr1:10516436;Chr1:10517877;Chr1:10529854;Chr1:10531821;Chr1:10531990;Chr1:10532548;Chr1:10532919;Chr1:10533095;Chr1:10534224;Chr1:10548557;Chr1:10549303;Chr1:10549436;Chr1:10549562;Chr1:10553832;Chr1:10556100;Chr1:10561543;Chr1:10566601;Chr1:10572616;Chr1:10573708;Chr1:10574360;Chr1:10576535;Chr1:10578630;Chr1:10579463;Chr1:10580792;Chr1:10585479;Chr1:10586902;Chr1:10596619;Chr1:10599384;Chr1:10612295;Chr1:10617846;Chr1:10619277;Chr1:10625736;Chr1:10635588;Chr1:10648857;Chr1:10653977;Chr1:10661666;Chr1:10673062;Chr1:10683447	Chr1:10490371;Chr1:10529854;Chr1:10585479	Chr1:10556100	TRUE	TRUE	TRUE	1	1	FALSE	FALSE	3	3	3	8	9	13
nobgs_V0.5_c1_rep6_env3	emmax_consensus	Chr1	12635325	12739713	9	1	Chr1:12635325;Chr1:12638511;Chr1:12642984;Chr1:12675506;Chr1:12675612;Chr1:12713251;Chr1:12713508;Chr1:12716733;Chr1:12739713	Chr1:12713508	Chr1:12713251	TRUE	TRUE	FALSE	1	0	FALSE	FALSE	2	2	2	8	9	15
nobgs_V0.5_c1_rep6_env3	emmax_simes	Chr1	12635325	12739713	9	1	Chr1:12635325;Chr1:12638511;Chr1:12642984;Chr1:12675506;Chr1:12675612;Chr1:12713251;Chr1:12713508;Chr1:12716733;Chr1:12739713	Chr1:12713508	Chr1:12713251	TRUE	TRUE	FALSE	1	0	FALSE	FALSE	2	2	2	8	9	15
nobgs_V0.5_c1_rep6_env3	lfmm_simes	Chr1	12635325	12739713	9	1	Chr1:12635325;Chr1:12638511;Chr1:12642984;Chr1:12675506;Chr1:12675612;Chr1:12713251;Chr1:12713508;Chr1:12716733;Chr1:12739713	Chr1:12713508	Chr1:12713251	TRUE	TRUE	FALSE	1	0	FALSE	FALSE	2	2	2	8	9	15
nobgs_V0.5_c1_rep6_env4	emmax_consensus	Chr1	2482081	2496507	8	1	Chr1:2482081;Chr1:2482102;Chr1:2482307;Chr1:2487047;Chr1:2491914;Chr1:2495627;Chr1:2495932;Chr1:2496507	Chr1:2491914	Chr1:2448597	TRUE	TRUE	FALSE	1	0	FALSE	FALSE	2	2	2	7	8	12
nobgs_V0.5_c1_rep6_env4	emmax_simes	Chr1	2482081	2496507	8	1	Chr1:2482081;Chr1:2482102;Chr1:2482307;Chr1:2487047;Chr1:2491914;Chr1:2495627;Chr1:2495932;Chr1:2496507	Chr1:2491914	Chr1:2448597	TRUE	TRUE	FALSE	1	0	FALSE	FALSE	2	2	2	7	8	12
nobgs_V0.5_c1_rep6_env4	lfmm_simes	Chr1	2482081	2496507	8	1	Chr1:2482081;Chr1:2482102;Chr1:2482307;Chr1:2487047;Chr1:2491914;Chr1:2495627;Chr1:2495932;Chr1:2496507	Chr1:2491914	Chr1:2448597	TRUE	TRUE	FALSE	1	0	FALSE	FALSE	2	2	2	7	8	12
nobgs_V0.5_c1_rep6_env5	emmax_consensus	Chr1	5060822	5433208	57	2	Chr1:5060822;Chr1:5062388;Chr1:5065321;Chr1:5065960;Chr1:5070468;Chr1:5071176;Chr1:5072782;Chr1:5082775;Chr1:5082881;Chr1:5103945;Chr1:5117168;Chr1:5128887;Chr1:5144004;Chr1:5144497;Chr1:5148296;Chr1:5148319;Chr1:5150888;Chr1:5154650;Chr1:5172831;Chr1:5172929;Chr1:5176468;Chr1:5181193;Chr1:5186540;Chr1:5187323;Chr1:5212679;Chr1:5213509;Chr1:5223888;Chr1:5246355;Chr1:5256801;Chr1:5268232;Chr1:5271652;Chr1:5311335;Chr1:5312011;Chr1:5313789;Chr1:5315464;Chr1:5316477;Chr1:5323951;Chr1:5326205;Chr1:5362236;Chr1:5366045;Chr1:5368286;Chr1:5373779;Chr1:5377260;Chr1:5377791;Chr1:5381162;Chr1:5382898;Chr1:5387981;Chr1:5391396;Chr1:5393397;Chr1:5395600;Chr1:5402901;Chr1:5403662;Chr1:5404107;Chr1:5413644;Chr1:5416474;Chr1:5424199;Chr1:5433208	Chr1:5172929;Chr1:5393397	Chr1:5062388	TRUE	TRUE	TRUE	1	1	FALSE	FALSE	3	3	3	9	10	17
nobgs_V0.5_c1_rep6_env5	emmax_consensus	Chr1	6728855	6872716	19	1	Chr1:6728855;Chr1:6731490;Chr1:6764554;Chr1:6786314;Chr1:6787427;Chr1:6798598;Chr1:6800375;Chr1:6808740;Chr1:6814084;Chr1:6816469;Chr1:6819512;Chr1:6819851;Chr1:6823395;Chr1:6837172;Chr1:6845689;Chr1:6847014;Chr1:6856906;Chr1:6864990;Chr1:6872716	Chr1:6786314	""	FALSE	FALSE	TRUE	0	1	FALSE	FALSE	2	2	2	9	10	17
nobgs_V0.5_c1_rep6_env5	emmax_consensus	Chr1	8424926	8749899	60	4	Chr1:8424926;Chr1:8425538;Chr1:8427683;Chr1:8429089;Chr1:8431209;Chr1:8432620;Chr1:8437887;Chr1:8448854;Chr1:8463795;Chr1:8465558;Chr1:8471025;Chr1:8475785;Chr1:8477268;Chr1:8478289;Chr1:8479064;Chr1:8529409;Chr1:8537653;Chr1:8539572;Chr1:8540517;Chr1:8543779;Chr1:8546635;Chr1:8546937;Chr1:8557563;Chr1:8569462;Chr1:8571380;Chr1:8573497;Chr1:8574723;Chr1:8590113;Chr1:8594958;Chr1:8597071;Chr1:8599589;Chr1:8603605;Chr1:8606170;Chr1:8607726;Chr1:8615348;Chr1:8616899;Chr1:8626027;Chr1:8641939;Chr1:8644934;Chr1:8648056;Chr1:8648862;Chr1:8651561;Chr1:8662224;Chr1:8685599;Chr1:8686985;Chr1:8693318;Chr1:8697931;Chr1:8700841;Chr1:8701074;Chr1:8709349;Chr1:8712144;Chr1:8716312;Chr1:8721585;Chr1:8730380;Chr1:8731039;Chr1:8741160;Chr1:8744665;Chr1:8746643;Chr1:8749738;Chr1:8749899	Chr1:8427683;Chr1:8529409;Chr1:8641939;Chr1:8721585	Chr1:8730380	TRUE	TRUE	TRUE	1	1	FALSE	FALSE	3	3	3	9	10	17
nobgs_V0.5_c1_rep6_env5	emmax_consensus	Chr1	8459495	8525801	10	1	Chr1:8459495;Chr1:8460149;Chr1:8466947;Chr1:8473526;Chr1:8478018;Chr1:8479317;Chr1:8480561;Chr1:8487165;Chr1:8494256;Chr1:8525801	Chr1:8487165	""	FALSE	TRUE	FALSE	1	0	FALSE	FALSE	2	2	2	9	10	17
nobgs_V0.5_c1_rep6_env5	emmax_simes	Chr1	5060822	5433208	57	2	Chr1:5060822;Chr1:5062388;Chr1:5065321;Chr1:5065960;Chr1:5070468;Chr1:5071176;Chr1:5072782;Chr1:5082775;Chr1:5082881;Chr1:5103945;Chr1:5117168;Chr1:5128887;Chr1:5144004;Chr1:5144497;Chr1:5148296;Chr1:5148319;Chr1:5150888;Chr1:5154650;Chr1:5172831;Chr1:5172929;Chr1:5176468;Chr1:5181193;Chr1:5186540;Chr1:5187323;Chr1:5212679;Chr1:5213509;Chr1:5223888;Chr1:5246355;Chr1:5256801;Chr1:5268232;Chr1:5271652;Chr1:5311335;Chr1:5312011;Chr1:5313789;Chr1:5315464;Chr1:5316477;Chr1:5323951;Chr1:5326205;Chr1:5362236;Chr1:5366045;Chr1:5368286;Chr1:5373779;Chr1:5377260;Chr1:5377791;Chr1:5381162;Chr1:5382898;Chr1:5387981;Chr1:5391396;Chr1:5393397;Chr1:5395600;Chr1:5402901;Chr1:5403662;Chr1:5404107;Chr1:5413644;Chr1:5416474;Chr1:5424199;Chr1:5433208	Chr1:5172929;Chr1:5393397	Chr1:5062388	TRUE	TRUE	TRUE	1	1	FALSE	FALSE	3	3	3	9	10	17
nobgs_V0.5_c1_rep6_env5	emmax_simes	Chr1	6728855	6872716	19	1	Chr1:6728855;Chr1:6731490;Chr1:6764554;Chr1:6786314;Chr1:6787427;Chr1:6798598;Chr1:6800375;Chr1:6808740;Chr1:6814084;Chr1:6816469;Chr1:6819512;Chr1:6819851;Chr1:6823395;Chr1:6837172;Chr1:6845689;Chr1:6847014;Chr1:6856906;Chr1:6864990;Chr1:6872716	Chr1:6786314	""	FALSE	FALSE	TRUE	0	1	FALSE	FALSE	2	2	2	9	10	17
nobgs_V0.5_c1_rep6_env5	emmax_simes	Chr1	8313777	8749899	72	5	Chr1:8313777;Chr1:8314559;Chr1:8315744;Chr1:8318591;Chr1:8336844;Chr1:8353345;Chr1:8355930;Chr1:8357566;Chr1:8360587;Chr1:8364423;Chr1:8365297;Chr1:8367104;Chr1:8424926;Chr1:8425538;Chr1:8427683;Chr1:8429089;Chr1:8431209;Chr1:8432620;Chr1:8437887;Chr1:8448854;Chr1:8463795;Chr1:8465558;Chr1:8471025;Chr1:8475785;Chr1:8477268;Chr1:8478289;Chr1:8479064;Chr1:8529409;Chr1:8537653;Chr1:8539572;Chr1:8540517;Chr1:8543779;Chr1:8546635;Chr1:8546937;Chr1:8557563;Chr1:8569462;Chr1:8571380;Chr1:8573497;Chr1:8574723;Chr1:8590113;Chr1:8594958;Chr1:8597071;Chr1:8599589;Chr1:8603605;Chr1:8606170;Chr1:8607726;Chr1:8615348;Chr1:8616899;Chr1:8626027;Chr1:8641939;Chr1:8644934;Chr1:8648056;Chr1:8648862;Chr1:8651561;Chr1:8662224;Chr1:8685599;Chr1:8686985;Chr1:8693318;Chr1:8697931;Chr1:8700841;Chr1:8701074;Chr1:8709349;Chr1:8712144;Chr1:8716312;Chr1:8721585;Chr1:8730380;Chr1:8731039;Chr1:8741160;Chr1:8744665;Chr1:8746643;Chr1:8749738;Chr1:8749899	Chr1:8357566;Chr1:8427683;Chr1:8529409;Chr1:8641939;Chr1:8721585	Chr1:8730380	TRUE	TRUE	TRUE	1	1	FALSE	FALSE	3	3	3	9	10	17
nobgs_V0.5_c1_rep6_env5	emmax_simes	Chr1	8459495	8525801	10	1	Chr1:8459495;Chr1:8460149;Chr1:8466947;Chr1:8473526;Chr1:8478018;Chr1:8479317;Chr1:8480561;Chr1:8487165;Chr1:8494256;Chr1:8525801	Chr1:8487165	""	FALSE	FALSE	FALSE	0	0	FALSE	FALSE	1	1	2	9	10	17
nobgs_V0.5_c1_rep6_env5	lfmm_simes	Chr1	5060822	5433208	57	2	Chr1:5060822;Chr1:5062388;Chr1:5065321;Chr1:5065960;Chr1:5070468;Chr1:5071176;Chr1:5072782;Chr1:5082775;Chr1:5082881;Chr1:5103945;Chr1:5117168;Chr1:5128887;Chr1:5144004;Chr1:5144497;Chr1:5148296;Chr1:5148319;Chr1:5150888;Chr1:5154650;Chr1:5172831;Chr1:5172929;Chr1:5176468;Chr1:5181193;Chr1:5186540;Chr1:5187323;Chr1:5212679;Chr1:5213509;Chr1:5223888;Chr1:5246355;Chr1:5256801;Chr1:5268232;Chr1:5271652;Chr1:5311335;Chr1:5312011;Chr1:5313789;Chr1:5315464;Chr1:5316477;Chr1:5323951;Chr1:5326205;Chr1:5362236;Chr1:5366045;Chr1:5368286;Chr1:5373779;Chr1:5377260;Chr1:5377791;Chr1:5381162;Chr1:5382898;Chr1:5387981;Chr1:5391396;Chr1:5393397;Chr1:5395600;Chr1:5402901;Chr1:5403662;Chr1:5404107;Chr1:5413644;Chr1:5416474;Chr1:5424199;Chr1:5433208	Chr1:5172929;Chr1:5393397	Chr1:5062388	TRUE	TRUE	TRUE	1	1	FALSE	FALSE	3	3	3	9	10	17
nobgs_V0.5_c1_rep6_env5	lfmm_simes	Chr1	8424926	8662224	43	3	Chr1:8424926;Chr1:8425538;Chr1:8427683;Chr1:8429089;Chr1:8431209;Chr1:8432620;Chr1:8437887;Chr1:8448854;Chr1:8463795;Chr1:8465558;Chr1:8471025;Chr1:8475785;Chr1:8477268;Chr1:8478289;Chr1:8479064;Chr1:8529409;Chr1:8537653;Chr1:8539572;Chr1:8540517;Chr1:8543779;Chr1:8546635;Chr1:8546937;Chr1:8557563;Chr1:8569462;Chr1:8571380;Chr1:8573497;Chr1:8574723;Chr1:8590113;Chr1:8594958;Chr1:8597071;Chr1:8599589;Chr1:8603605;Chr1:8606170;Chr1:8607726;Chr1:8615348;Chr1:8616899;Chr1:8626027;Chr1:8641939;Chr1:8644934;Chr1:8648056;Chr1:8648862;Chr1:8651561;Chr1:8662224	Chr1:8427683;Chr1:8529409;Chr1:8641939	Chr1:8730380	TRUE	TRUE	FALSE	1	0	FALSE	FALSE	2	2	2	9	10	17
nobgs_V0.5_c1_rep6_env6	emmax_consensus	Chr1	10110247	10220383	11	1	Chr1:10110247;Chr1:10115077;Chr1:10116017;Chr1:10132757;Chr1:10166468;Chr1:10181393;Chr1:10184427;Chr1:10185835;Chr1:10194134;Chr1:10206364;Chr1:10220383	Chr1:10166468	""	FALSE	TRUE	FALSE	1	0	FALSE	FALSE	2	2	2	7	9	16
nobgs_V0.5_c1_rep6_env6	emmax_simes	Chr1	10110247	10220383	11	1	Chr1:10110247;Chr1:10115077;Chr1:10116017;Chr1:10132757;Chr1:10166468;Chr1:10181393;Chr1:10184427;Chr1:10185835;Chr1:10194134;Chr1:10206364;Chr1:10220383	Chr1:10166468	""	FALSE	TRUE	FALSE	1	0	FALSE	FALSE	2	2	2	7	9	16
nobgs_V0.5_c1_rep6_env6	lfmm_simes	Chr1	10110247	10220383	11	1	Chr1:10110247;Chr1:10115077;Chr1:10116017;Chr1:10132757;Chr1:10166468;Chr1:10181393;Chr1:10184427;Chr1:10185835;Chr1:10194134;Chr1:10206364;Chr1:10220383	Chr1:10166468	""	FALSE	TRUE	FALSE	1	0	FALSE	FALSE	2	2	2	7	9	16
nobgs_V0.5_c1_rep6_env8	emmax_consensus	Chr1	6759746	6878653	15	1	Chr1:6759746;Chr1:6792012;Chr1:6792013;Chr1:6792443;Chr1:6803770;Chr1:6836118;Chr1:6838092;Chr1:6839242;Chr1:6847073;Chr1:6847779;Chr1:6850030;Chr1:6850268;Chr1:6855211;Chr1:6876940;Chr1:6878653	Chr1:6836118	""	FALSE	FALSE	FALSE	0	0	FALSE	FALSE	1	1	1	8	10	17
nobgs_V0.5_c1_rep6_env8	emmax_consensus	Chr1	6918907	6987569	16	1	Chr1:6918907;Chr1:6932564;Chr1:6936623;Chr1:6936635;Chr1:6944404;Chr1:6947144;Chr1:6948660;Chr1:6965658;Chr1:6967266;Chr1:6969593;Chr1:6975295;Chr1:6977038;Chr1:6983289;Chr1:6983465;Chr1:6985355;Chr1:6987569	Chr1:6975295	""	FALSE	FALSE	FALSE	0	0	FALSE	FALSE	1	1	1	8	10	17
nobgs_V0.5_c1_rep6_env8	emmax_consensus	Chr1	7058236	7183967	17	1	Chr1:7058236;Chr1:7059621;Chr1:7068023;Chr1:7078041;Chr1:7084787;Chr1:7098820;Chr1:7102168;Chr1:7113160;Chr1:7114324;Chr1:7116253;Chr1:7118222;Chr1:7138352;Chr1:7142465;Chr1:7142478;Chr1:7153172;Chr1:7174100;Chr1:7183967	Chr1:7098820	""	FALSE	FALSE	FALSE	0	0	FALSE	FALSE	1	1	1	8	10	17
nobgs_V0.5_c1_rep6_env8	emmax_consensus	Chr1	10048270	10126758	16	1	Chr1:10048270;Chr1:10050691;Chr1:10051198;Chr1:10053889;Chr1:10054338;Chr1:10060048;Chr1:10066333;Chr1:10068265;Chr1:10089943;Chr1:10102861;Chr1:10108721;Chr1:10109467;Chr1:10110088;Chr1:10114417;Chr1:10122245;Chr1:10126758	Chr1:10066333	Chr1:10066333	TRUE	FALSE	FALSE	0	0	FALSE	FALSE	1	1	1	8	10	17
nobgs_V0.5_c1_rep7_env1	emmax_consensus	Chr1	14364977	14566476	13	1	Chr1:14364977;Chr1:14418961;Chr1:14423873;Chr1:14454369;Chr1:14460281;Chr1:14482671;Chr1:14494103;Chr1:14497406;Chr1:14517544;Chr1:14551990;Chr1:14560211;Chr1:14562171;Chr1:14566476	Chr1:14482671	""	FALSE	TRUE	FALSE	1	0	FALSE	FALSE	2	2	2	10	13	18
nobgs_V0.5_c1_rep7_env1	emmax_consensus	Chr1	14600362	15030263	29	1	Chr1:14600362;Chr1:14626176;Chr1:14703474;Chr1:14722097;Chr1:14725119;Chr1:14759631;Chr1:14793441;Chr1:14794031;Chr1:14804135;Chr1:14839839;Chr1:14841825;Chr1:14848404;Chr1:14856646;Chr1:14863774;Chr1:14873417;Chr1:14875302;Chr1:14881787;Chr1:14886147;Chr1:14895601;Chr1:14897851;Chr1:14906088;Chr1:14914076;Chr1:14914396;Chr1:14914567;Chr1:14995535;Chr1:14999611;Chr1:15009246;Chr1:15023753;Chr1:15030263	Chr1:14863774	Chr1:14707291	TRUE	TRUE	TRUE	1	1	FALSE	FALSE	3	3	3	10	13	18
nobgs_V0.5_c1_rep7_env1	emmax_consensus	Chr1	15985824	16202558	13	1	Chr1:15985824;Chr1:15992926;Chr1:16015298;Chr1:16035782;Chr1:16044776;Chr1:16052308;Chr1:16088057;Chr1:16095472;Chr1:16135851;Chr1:16185643;Chr1:16188431;Chr1:16191559;Chr1:16202558	Chr1:16095472	""	FALSE	TRUE	FALSE	1	0	FALSE	FALSE	2	2	2	10	13	18
nobgs_V0.5_c1_rep7_env1	emmax_consensus	Chr2	12939499	13412454	19	1	Chr2:12939499;Chr2:13017060;Chr2:13108338;Chr2:13108650;Chr2:13115748;Chr2:13117902;Chr2:13155678;Chr2:13165725;Chr2:13176979;Chr2:13203471;Chr2:13245630;Chr2:13274440;Chr2:13282210;Chr2:13312495;Chr2:13352862;Chr2:13388266;Chr2:13392139;Chr2:13398638;Chr2:13412454	Chr2:13165725	""	FALSE	TRUE	TRUE	1	1	FALSE	FALSE	3	3	3	10	13	18
nobgs_V0.5_c1_rep7_env1	emmax_simes	Chr1	14364977	14566476	13	1	Chr1:14364977;Chr1:14418961;Chr1:14423873;Chr1:14454369;Chr1:14460281;Chr1:14482671;Chr1:14494103;Chr1:14497406;Chr1:14517544;Chr1:14551990;Chr1:14560211;Chr1:14562171;Chr1:14566476	Chr1:14482671	""	FALSE	TRUE	FALSE	1	0	FALSE	FALSE	2	2	2	10	13	18
nobgs_V0.5_c1_rep7_env1	emmax_simes	Chr1	14600362	15030263	29	1	Chr1:14600362;Chr1:14626176;Chr1:14703474;Chr1:14722097;Chr1:14725119;Chr1:14759631;Chr1:14793441;Chr1:14794031;Chr1:14804135;Chr1:14839839;Chr1:14841825;Chr1:14848404;Chr1:14856646;Chr1:14863774;Chr1:14873417;Chr1:14875302;Chr1:14881787;Chr1:14886147;Chr1:14895601;Chr1:14897851;Chr1:14906088;Chr1:14914076;Chr1:14914396;Chr1:14914567;Chr1:14995535;Chr1:14999611;Chr1:15009246;Chr1:15023753;Chr1:15030263	Chr1:14863774	Chr1:14707291	TRUE	TRUE	TRUE	1	1	FALSE	FALSE	3	3	3	10	13	18
nobgs_V0.5_c1_rep7_env1	emmax_simes	Chr1	15985824	16202558	13	1	Chr1:15985824;Chr1:15992926;Chr1:16015298;Chr1:16035782;Chr1:16044776;Chr1:16052308;Chr1:16088057;Chr1:16095472;Chr1:16135851;Chr1:16185643;Chr1:16188431;Chr1:16191559;Chr1:16202558	Chr1:16095472	""	FALSE	TRUE	FALSE	1	0	FALSE	FALSE	2	2	2	10	13	18
nobgs_V0.5_c1_rep7_env1	emmax_simes	Chr2	12939499	13412454	19	1	Chr2:12939499;Chr2:13017060;Chr2:13108338;Chr2:13108650;Chr2:13115748;Chr2:13117902;Chr2:13155678;Chr2:13165725;Chr2:13176979;Chr2:13203471;Chr2:13245630;Chr2:13274440;Chr2:13282210;Chr2:13312495;Chr2:13352862;Chr2:13388266;Chr2:13392139;Chr2:13398638;Chr2:13412454	Chr2:13165725	""	FALSE	TRUE	TRUE	1	1	FALSE	FALSE	3	3	3	10	13	18
nobgs_V0.5_c1_rep7_env1	lfmm_simes	Chr1	15985824	16202558	13	1	Chr1:15985824;Chr1:15992926;Chr1:16015298;Chr1:16035782;Chr1:16044776;Chr1:16052308;Chr1:16088057;Chr1:16095472;Chr1:16135851;Chr1:16185643;Chr1:16188431;Chr1:16191559;Chr1:16202558	Chr1:16095472	""	FALSE	TRUE	FALSE	1	0	FALSE	FALSE	2	2	2	10	13	18
nobgs_V0.5_c1_rep7_env1	lfmm_simes	Chr2	12939499	13412454	19	1	Chr2:12939499;Chr2:13017060;Chr2:13108338;Chr2:13108650;Chr2:13115748;Chr2:13117902;Chr2:13155678;Chr2:13165725;Chr2:13176979;Chr2:13203471;Chr2:13245630;Chr2:13274440;Chr2:13282210;Chr2:13312495;Chr2:13352862;Chr2:13388266;Chr2:13392139;Chr2:13398638;Chr2:13412454	Chr2:13165725	""	FALSE	FALSE	TRUE	0	1	FALSE	FALSE	2	2	2	10	13	18
nobgs_V0.5_c1_rep7_env10	emmax_consensus	Chr1	14407239	15925286	153	3	Chr1:14407239;Chr1:14455598;Chr1:14459680;Chr1:14460199;Chr1:14603500;Chr1:14630152;Chr1:14640081;Chr1:14651032;Chr1:14659682;Chr1:14670001;Chr1:14673082;Chr1:14678841;Chr1:14681224;Chr1:14688886;Chr1:14707789;Chr1:14731944;Chr1:14776718;Chr1:14809098;Chr1:14819742;Chr1:14833676;Chr1:14838670;Chr1:14841133;Chr1:14869822;Chr1:14876627;Chr1:14880175;Chr1:14884027;Chr1:14886554;Chr1:14888473;Chr1:14893117;Chr1:14900348;Chr1:14902476;Chr1:14929869;Chr1:14944415;Chr1:14945040;Chr1:14963296;Chr1:14976001;Chr1:14978948;Chr1:15005642;Chr1:15022634;Chr1:15023328;Chr1:15045273;Chr1:15049240;Chr1:15055949;Chr1:15079712;Chr1:15092685;Chr1:15096387;Chr1:15105534;Chr1:15120071;Chr1:15123779;Chr1:15128432;Chr1:15137640;Chr1:15160045;Chr1:15161005;Chr1:15166907;Chr1:15171662;Chr1:15171753;Chr1:15178220;Chr1:15189308;Chr1:15203767;Chr1:15211863;Chr1:15215029;Chr1:15221272;Chr1:15223378;Chr1:15234562;Chr1:15243051;Chr1:15243835;Chr1:15244319;Chr1:15244585;Chr1:15259546;Chr1:15263787;Chr1:15269504;Chr1:15284362;Chr1:15291041;Chr1:15295675;Chr1:15311291;Chr1:15353244;Chr1:15358254;Chr1:15360414;Chr1:15361910;Chr1:15376043;Chr1:15382965;Chr1:15389659;Chr1:15394126;Chr1:15399127;Chr1:15405504;Chr1:15405802;Chr1:15419142;Chr1:15422299;Chr1:15443853;Chr1:15459841;Chr1:15473111;Chr1:15476449;Chr1:15477894;Chr1:15478185;Chr1:15484558;Chr1:15488795;Chr1:15492380;Chr1:15497038;Chr1:15501818;Chr1:15502755;Chr1:15504180;Chr1:15507803;Chr1:15508112;Chr1:15514674;Chr1:15516509;Chr1:15517935;Chr1:15535973;Chr1:15542769;Chr1:15543298;Chr1:15543749;Chr1:15550275;Chr1:15574108;Chr1:15587443;Chr1:15661958;Chr1:15676959;Chr1:15721978;Chr1:15722184;Chr1:15722403;Chr1:15757574;Chr1:15813470;Chr1:15908861;Chr1:15363719;Chr1:15372265;Chr1:15377739;Chr1:15579191;Chr1:15592253;Chr1:15598636;Chr1:15599866;Chr1:15601995;Chr1:15606584;Chr1:15615188;Chr1:15633512;Chr1:15642593;Chr1:15646717;Chr1:15659053;Chr1:15668527;Chr1:15683363;Chr1:15703689;Chr1:15707695;Chr1:15721547;Chr1:15727803;Chr1:15729061;Chr1:15735217;Chr1:15754133;Chr1:15761663;Chr1:15800115;Chr1:15834999;Chr1:15835082;Chr1:15894093;Chr1:15897632;Chr1:15899266;Chr1:15925078;Chr1:15925286	Chr1:14809098;Chr1:15291041;Chr1:15703689	Chr1:15543298	TRUE	TRUE	TRUE	1	1	FALSE	FALSE	3	3	3	10	12	19
nobgs_V0.5_c1_rep7_env10	emmax_consensus	Chr1	15530642	15628473	17	1	Chr1:15530642;Chr1:15537539;Chr1:15538972;Chr1:15546356;Chr1:15565112;Chr1:15566628;Chr1:15568839;Chr1:15569600;Chr1:15574082;Chr1:15580408;Chr1:15594427;Chr1:15607157;Chr1:15607315;Chr1:15607669;Chr1:15620308;Chr1:15625276;Chr1:15628473	Chr1:15574082	""	FALSE	TRUE	FALSE	1	0	FALSE	FALSE	2	2	3	10	12	19
nobgs_V0.5_c1_rep7_env10	emmax_simes	Chr1	14407239	15925286	153	3	Chr1:14407239;Chr1:14455598;Chr1:14459680;Chr1:14460199;Chr1:14603500;Chr1:14630152;Chr1:14640081;Chr1:14651032;Chr1:14659682;Chr1:14670001;Chr1:14673082;Chr1:14678841;Chr1:14681224;Chr1:14688886;Chr1:14707789;Chr1:14731944;Chr1:14776718;Chr1:14809098;Chr1:14819742;Chr1:14833676;Chr1:14838670;Chr1:14841133;Chr1:14869822;Chr1:14876627;Chr1:14880175;Chr1:14884027;Chr1:14886554;Chr1:14888473;Chr1:14893117;Chr1:14900348;Chr1:14902476;Chr1:14929869;Chr1:14944415;Chr1:14945040;Chr1:14963296;Chr1:14976001;Chr1:14978948;Chr1:15005642;Chr1:15022634;Chr1:15023328;Chr1:15045273;Chr1:15049240;Chr1:15055949;Chr1:15079712;Chr1:15092685;Chr1:15096387;Chr1:15105534;Chr1:15120071;Chr1:15123779;Chr1:15128432;Chr1:15137640;Chr1:15160045;Chr1:15161005;Chr1:15166907;Chr1:15171662;Chr1:15171753;Chr1:15178220;Chr1:15189308;Chr1:15203767;Chr1:15211863;Chr1:15215029;Chr1:15221272;Chr1:15223378;Chr1:15234562;Chr1:15243051;Chr1:15243835;Chr1:15244319;Chr1:15244585;Chr1:15259546;Chr1:15263787;Chr1:15269504;Chr1:15284362;Chr1:15291041;Chr1:15295675;Chr1:15311291;Chr1:15353244;Chr1:15358254;Chr1:15360414;Chr1:15361910;Chr1:15376043;Chr1:15382965;Chr1:15389659;Chr1:15394126;Chr1:15399127;Chr1:15405504;Chr1:15405802;Chr1:15419142;Chr1:15422299;Chr1:15443853;Chr1:15459841;Chr1:15473111;Chr1:15476449;Chr1:15477894;Chr1:15478185;Chr1:15484558;Chr1:15488795;Chr1:15492380;Chr1:15497038;Chr1:15501818;Chr1:15502755;Chr1:15504180;Chr1:15507803;Chr1:15508112;Chr1:15514674;Chr1:15516509;Chr1:15517935;Chr1:15535973;Chr1:15542769;Chr1:15543298;Chr1:15543749;Chr1:15550275;Chr1:15574108;Chr1:15587443;Chr1:15661958;Chr1:15676959;Chr1:15721978;Chr1:15722184;Chr1:15722403;Chr1:15757574;Chr1:15813470;Chr1:15908861;Chr1:15363719;Chr1:15372265;Chr1:15377739;Chr1:15579191;Chr1:15592253;Chr1:15598636;Chr1:15599866;Chr1:15601995;Chr1:15606584;Chr1:15615188;Chr1:15633512;Chr1:15642593;Chr1:15646717;Chr1:15659053;Chr1:15668527;Chr1:15683363;Chr1:15703689;Chr1:15707695;Chr1:15721547;Chr1:15727803;Chr1:15729061;Chr1:15735217;Chr1:15754133;Chr1:15761663;Chr1:15800115;Chr1:15834999;Chr1:15835082;Chr1:15894093;Chr1:15897632;Chr1:15899266;Chr1:15925078;Chr1:15925286	Chr1:14809098;Chr1:15291041;Chr1:15703689	Chr1:15543298	TRUE	TRUE	TRUE	1	1	FALSE	FALSE	3	3	3	10	12	19
nobgs_V0.5_c1_rep7_env10	lfmm_simes	Chr1	15005642	15925286	116	2	Chr1:15005642;Chr1:15022634;Chr1:15023328;Chr1:15045273;Chr1:15049240;Chr1:15055949;Chr1:15079712;Chr1:15092685;Chr1:15096387;Chr1:15105534;Chr1:15120071;Chr1:15123779;Chr1:15128432;Chr1:15137640;Chr1:15160045;Chr1:15161005;Chr1:15166907;Chr1:15171662;Chr1:15171753;Chr1:15178220;Chr1:15189308;Chr1:15203767;Chr1:15211863;Chr1:15215029;Chr1:15221272;Chr1:15223378;Chr1:15234562;Chr1:15243051;Chr1:15243835;Chr1:15244319;Chr1:15244585;Chr1:15259546;Chr1:15263787;Chr1:15269504;Chr1:15284362;Chr1:15291041;Chr1:15295675;Chr1:15311291;Chr1:15353244;Chr1:15358254;Chr1:15360414;Chr1:15361910;Chr1:15376043;Chr1:15382965;Chr1:15389659;Chr1:15394126;Chr1:15399127;Chr1:15405504;Chr1:15405802;Chr1:15419142;Chr1:15422299;Chr1:15443853;Chr1:15459841;Chr1:15473111;Chr1:15476449;Chr1:15477894;Chr1:15478185;Chr1:15484558;Chr1:15488795;Chr1:15492380;Chr1:15497038;Chr1:15501818;Chr1:15502755;Chr1:15504180;Chr1:15507803;Chr1:15508112;Chr1:15514674;Chr1:15516509;Chr1:15517935;Chr1:15535973;Chr1:15542769;Chr1:15543298;Chr1:15543749;Chr1:15550275;Chr1:15574108;Chr1:15587443;Chr1:15661958;Chr1:15676959;Chr1:15721978;Chr1:15722184;Chr1:15722403;Chr1:15757574;Chr1:15813470;Chr1:15908861;Chr1:15363719;Chr1:15372265;Chr1:15377739;Chr1:15579191;Chr1:15592253;Chr1:15598636;Chr1:15599866;Chr1:15601995;Chr1:15606584;Chr1:15615188;Chr1:15633512;Chr1:15642593;Chr1:15646717;Chr1:15659053;Chr1:15668527;Chr1:15683363;Chr1:15703689;Chr1:15707695;Chr1:15721547;Chr1:15727803;Chr1:15729061;Chr1:15735217;Chr1:15754133;Chr1:15761663;Chr1:15800115;Chr1:15834999;Chr1:15835082;Chr1:15894093;Chr1:15897632;Chr1:15899266;Chr1:15925078;Chr1:15925286	Chr1:15291041;Chr1:15703689	Chr1:15543298	TRUE	TRUE	TRUE	1	1	FALSE	FALSE	3	3	3	10	12	19
nobgs_V0.5_c1_rep7_env10	lfmm_simes	Chr1	15530642	15628473	17	1	Chr1:15530642;Chr1:15537539;Chr1:15538972;Chr1:15546356;Chr1:15565112;Chr1:15566628;Chr1:15568839;Chr1:15569600;Chr1:15574082;Chr1:15580408;Chr1:15594427;Chr1:15607157;Chr1:15607315;Chr1:15607669;Chr1:15620308;Chr1:15625276;Chr1:15628473	Chr1:15574082	""	FALSE	TRUE	FALSE	1	0	FALSE	FALSE	2	2	3	10	12	19
nobgs_V0.5_c1_rep7_env2	emmax_consensus	Chr1	6496034	6563281	12	1	Chr1:6496034;Chr1:6497506;Chr1:6502666;Chr1:6510587;Chr1:6514289;Chr1:6518274;Chr1:6534287;Chr1:6535581;Chr1:6545851;Chr1:6553867;Chr1:6561097;Chr1:6563281	Chr1:6518274	Chr1:6611047	TRUE	TRUE	FALSE	1	0	FALSE	FALSE	2	2	2	10	12	18
nobgs_V0.5_c1_rep7_env2	emmax_simes	Chr1	6496034	6563281	12	1	Chr1:6496034;Chr1:6497506;Chr1:6502666;Chr1:6510587;Chr1:6514289;Chr1:6518274;Chr1:6534287;Chr1:6535581;Chr1:6545851;Chr1:6553867;Chr1:6561097;Chr1:6563281	Chr1:6518274	Chr1:6611047	TRUE	TRUE	FALSE	1	0	FALSE	FALSE	2	2	2	10	12	18
nobgs_V0.5_c1_rep7_env2	lfmm_simes	Chr1	6496034	6563281	12	1	Chr1:6496034;Chr1:6497506;Chr1:6502666;Chr1:6510587;Chr1:6514289;Chr1:6518274;Chr1:6534287;Chr1:6535581;Chr1:6545851;Chr1:6553867;Chr1:6561097;Chr1:6563281	Chr1:6518274	Chr1:6611047	TRUE	TRUE	FALSE	1	0	FALSE	FALSE	2	2	2	10	12	18
nobgs_V0.5_c1_rep7_env2	lfmm_simes	Chr1	6903122	7003015	12	1	Chr1:6903122;Chr1:6925705;Chr1:6929427;Chr1:6932272;Chr1:6936806;Chr1:6939022;Chr1:6944444;Chr1:6962877;Chr1:6979882;Chr1:6990529;Chr1:6995722;Chr1:7003015	Chr1:6929427	""	FALSE	TRUE	FALSE	1	0	FALSE	FALSE	2	2	2	10	12	18
nobgs_V0.5_c1_rep7_env2	lfmm_simes	Chr2	14521629	15126182	14	1	Chr2:14521629;Chr2:14522172;Chr2:14556925;Chr2:14568812;Chr2:14604894;Chr2:14645652;Chr2:14747046;Chr2:14748390;Chr2:14760842;Chr2:14769677;Chr2:14820288;Chr2:15062888;Chr2:15103474;Chr2:15126182	Chr2:14645652	""	FALSE	TRUE	FALSE	1	0	FALSE	FALSE	2	2	2	10	12	18
nobgs_V0.5_c1_rep7_env2	lfmm_simes	Chr2	15204948	15293976	12	1	Chr2:15204948;Chr2:15208489;Chr2:15212473;Chr2:15221214;Chr2:15229194;Chr2:15234537;Chr2:15239138;Chr2:15240668;Chr2:15243698;Chr2:15276328;Chr2:15290673;Chr2:15293976	Chr2:15234537	""	FALSE	FALSE	FALSE	0	0	FALSE	FALSE	1	1	1	10	12	18
nobgs_V0.5_c1_rep7_env3	emmax_consensus	Chr1	17264895	18165763	78	2	Chr1:17264895;Chr1:17326474;Chr1:17344581;Chr1:17370222;Chr1:17405307;Chr1:17417961;Chr1:17423172;Chr1:17427607;Chr1:17431762;Chr1:17435490;Chr1:17468120;Chr1:17486687;Chr1:17499866;Chr1:17502492;Chr1:17503239;Chr1:17565716;Chr1:17571554;Chr1:17603811;Chr1:17604201;Chr1:17619729;Chr1:17636130;Chr1:17666080;Chr1:17684306;Chr1:17694083;Chr1:17697984;Chr1:17705339;Chr1:17706516;Chr1:17710024;Chr1:17731106;Chr1:17731895;Chr1:17750851;Chr1:17761234;Chr1:17766872;Chr1:17768135;Chr1:17810252;Chr1:17810656;Chr1:17818927;Chr1:17857853;Chr1:17858208;Chr1:17858838;Chr1:17878024;Chr1:17937250;Chr1:17937859;Chr1:17944246;Chr1:17975878;Chr1:17981061;Chr1:17983903;Chr1:17985617;Chr1:17991620;Chr1:17993460;Chr1:17995467;Chr1:18001751;Chr1:18005012;Chr1:18006508;Chr1:18007483;Chr1:18014548;Chr1:18015558;Chr1:18019319;Chr1:18021669;Chr1:18024622;Chr1:18033624;Chr1:18051458;Chr1:18051642;Chr1:18061612;Chr1:18067995;Chr1:18070789;Chr1:18073376;Chr1:18080934;Chr1:18088029;Chr1:18089011;Chr1:18096058;Chr1:18097723;Chr1:18100686;Chr1:18111657;Chr1:18113109;Chr1:18114141;Chr1:18140757;Chr1:18165763	Chr1:17857853;Chr1:18113109	Chr1:17981061	TRUE	TRUE	TRUE	1	1	FALSE	FALSE	3	3	3	11	13	18
nobgs_V0.5_c1_rep7_env3	emmax_simes	Chr1	17264895	18165763	78	2	Chr1:17264895;Chr1:17326474;Chr1:17344581;Chr1:17370222;Chr1:17405307;Chr1:17417961;Chr1:17423172;Chr1:17427607;Chr1:17431762;Chr1:17435490;Chr1:17468120;Chr1:17486687;Chr1:17499866;Chr1:17502492;Chr1:17503239;Chr1:17565716;Chr1:17571554;Chr1:17603811;Chr1:17604201;Chr1:17619729;Chr1:17636130;Chr1:17666080;Chr1:17684306;Chr1:17694083;Chr1:17697984;Chr1:17705339;Chr1:17706516;Chr1:17710024;Chr1:17731106;Chr1:17731895;Chr1:17750851;Chr1:17761234;Chr1:17766872;Chr1:17768135;Chr1:17810252;Chr1:17810656;Chr1:17818927;Chr1:17857853;Chr1:17858208;Chr1:17858838;Chr1:17878024;Chr1:17937250;Chr1:17937859;Chr1:17944246;Chr1:17975878;Chr1:17981061;Chr1:17983903;Chr1:17985617;Chr1:17991620;Chr1:17993460;Chr1:17995467;Chr1:18001751;Chr1:18005012;Chr1:18006508;Chr1:18007483;Chr1:18014548;Chr1:18015558;Chr1:18019319;Chr1:18021669;Chr1:18024622;Chr1:18033624;Chr1:18051458;Chr1:18051642;Chr1:18061612;Chr1:18067995;Chr1:18070789;Chr1:18073376;Chr1:18080934;Chr1:18088029;Chr1:18089011;Chr1:18096058;Chr1:18097723;Chr1:18100686;Chr1:18111657;Chr1:18113109;Chr1:18114141;Chr1:18140757;Chr1:18165763	Chr1:17857853;Chr1:18113109	Chr1:17981061	TRUE	TRUE	TRUE	1	1	FALSE	FALSE	3	3	3	11	13	18
nobgs_V0.5_c1_rep7_env3	lfmm_simes	Chr1	17264895	18165763	78	2	Chr1:17264895;Chr1:17326474;Chr1:17344581;Chr1:17370222;Chr1:17405307;Chr1:17417961;Chr1:17423172;Chr1:17427607;Chr1:17431762;Chr1:17435490;Chr1:17468120;Chr1:17486687;Chr1:17499866;Chr1:17502492;Chr1:17503239;Chr1:17565716;Chr1:17571554;Chr1:17603811;Chr1:17604201;Chr1:17619729;Chr1:17636130;Chr1:17666080;Chr1:17684306;Chr1:17694083;Chr1:17697984;Chr1:17705339;Chr1:17706516;Chr1:17710024;Chr1:17731106;Chr1:17731895;Chr1:17750851;Chr1:17761234;Chr1:17766872;Chr1:17768135;Chr1:17810252;Chr1:17810656;Chr1:17818927;Chr1:17857853;Chr1:17858208;Chr1:17858838;Chr1:17878024;Chr1:17937250;Chr1:17937859;Chr1:17944246;Chr1:17975878;Chr1:17981061;Chr1:17983903;Chr1:17985617;Chr1:17991620;Chr1:17993460;Chr1:17995467;Chr1:18001751;Chr1:18005012;Chr1:18006508;Chr1:18007483;Chr1:18014548;Chr1:18015558;Chr1:18019319;Chr1:18021669;Chr1:18024622;Chr1:18033624;Chr1:18051458;Chr1:18051642;Chr1:18061612;Chr1:18067995;Chr1:18070789;Chr1:18073376;Chr1:18080934;Chr1:18088029;Chr1:18089011;Chr1:18096058;Chr1:18097723;Chr1:18100686;Chr1:18111657;Chr1:18113109;Chr1:18114141;Chr1:18140757;Chr1:18165763	Chr1:17857853;Chr1:18113109	Chr1:17981061	TRUE	TRUE	TRUE	1	1	FALSE	FALSE	3	3	3	11	13	18
nobgs_V0.5_c1_rep7_env6	emmax_consensus	Chr1	6454825	6536854	17	1	Chr1:6454825;Chr1:6458621;Chr1:6462620;Chr1:6465274;Chr1:6465849;Chr1:6466665;Chr1:6476654;Chr1:6483890;Chr1:6488399;Chr1:6490580;Chr1:6493136;Chr1:6508248;Chr1:6519640;Chr1:6523100;Chr1:6532937;Chr1:6536407;Chr1:6536854	Chr1:6483890	Chr1:6452635	TRUE	TRUE	FALSE	1	0	FALSE	FALSE	2	2	2	11	13	19
nobgs_V0.5_c1_rep7_env6	emmax_simes	Chr1	6454825	6536854	17	1	Chr1:6454825;Chr1:6458621;Chr1:6462620;Chr1:6465274;Chr1:6465849;Chr1:6466665;Chr1:6476654;Chr1:6483890;Chr1:6488399;Chr1:6490580;Chr1:6493136;Chr1:6508248;Chr1:6519640;Chr1:6523100;Chr1:6532937;Chr1:6536407;Chr1:6536854	Chr1:6483890	Chr1:6452635	TRUE	TRUE	FALSE	1	0	FALSE	FALSE	2	2	2	11	13	19
nobgs_V0.5_c1_rep7_env6	lfmm_simes	Chr1	6454825	6536854	17	1	Chr1:6454825;Chr1:6458621;Chr1:6462620;Chr1:6465274;Chr1:6465849;Chr1:6466665;Chr1:6476654;Chr1:6483890;Chr1:6488399;Chr1:6490580;Chr1:6493136;Chr1:6508248;Chr1:6519640;Chr1:6523100;Chr1:6532937;Chr1:6536407;Chr1:6536854	Chr1:6483890	Chr1:6452635	TRUE	TRUE	FALSE	1	0	FALSE	FALSE	2	2	2	11	13	19
nobgs_V0.5_c1_rep7_env8	emmax_consensus	Chr1	17496021	17728403	15	1	Chr1:17496021;Chr1:17512974;Chr1:17550037;Chr1:17552320;Chr1:17568404;Chr1:17581497;Chr1:17588067;Chr1:17630006;Chr1:17677994;Chr1:17687258;Chr1:17692779;Chr1:17705096;Chr1:17719353;Chr1:17720302;Chr1:17728403	Chr1:17581497	""	FALSE	TRUE	FALSE	1	0	FALSE	FALSE	2	2	2	11	13	20
nobgs_V0.5_c1_rep7_env8	emmax_consensus	Chr1	17923740	18034426	14	1	Chr1:17923740;Chr1:17930170;Chr1:17940618;Chr1:17961858;Chr1:17962566;Chr1:17965238;Chr1:17979984;Chr1:17981061;Chr1:18013983;Chr1:18017478;Chr1:18021029;Chr1:18024384;Chr1:18030847;Chr1:18034426	Chr1:18013983	Chr1:17981061	TRUE	TRUE	FALSE	1	0	FALSE	FALSE	2	2	2	11	13	20
nobgs_V0.5_c1_rep7_env8	emmax_consensus	Chr1	18184836	18557802	18	1	Chr1:18184836;Chr1:18187602;Chr1:18196356;Chr1:18200940;Chr1:18206316;Chr1:18210263;Chr1:18211849;Chr1:18220048;Chr1:18222220;Chr1:18222769;Chr1:18224703;Chr1:18230278;Chr1:18235049;Chr1:18238788;Chr1:18242369;Chr1:18248129;Chr1:18530708;Chr1:18557802	Chr1:18206316	""	FALSE	TRUE	FALSE	1	0	FALSE	FALSE	2	2	2	11	13	20
nobgs_V0.5_c1_rep7_env8	emmax_simes	Chr1	17496021	17728403	15	1	Chr1:17496021;Chr1:17512974;Chr1:17550037;Chr1:17552320;Chr1:17568404;Chr1:17581497;Chr1:17588067;Chr1:17630006;Chr1:17677994;Chr1:17687258;Chr1:17692779;Chr1:17705096;Chr1:17719353;Chr1:17720302;Chr1:17728403	Chr1:17581497	""	FALSE	TRUE	FALSE	1	0	FALSE	FALSE	2	2	2	11	13	20
nobgs_V0.5_c1_rep7_env8	emmax_simes	Chr1	17923740	18034426	14	1	Chr1:17923740;Chr1:17930170;Chr1:17940618;Chr1:17961858;Chr1:17962566;Chr1:17965238;Chr1:17979984;Chr1:17981061;Chr1:18013983;Chr1:18017478;Chr1:18021029;Chr1:18024384;Chr1:18030847;Chr1:18034426	Chr1:18013983	Chr1:17981061	TRUE	TRUE	FALSE	1	0	FALSE	FALSE	2	2	2	11	13	20
nobgs_V0.5_c1_rep7_env8	emmax_simes	Chr1	18184836	18557802	18	1	Chr1:18184836;Chr1:18187602;Chr1:18196356;Chr1:18200940;Chr1:18206316;Chr1:18210263;Chr1:18211849;Chr1:18220048;Chr1:18222220;Chr1:18222769;Chr1:18224703;Chr1:18230278;Chr1:18235049;Chr1:18238788;Chr1:18242369;Chr1:18248129;Chr1:18530708;Chr1:18557802	Chr1:18206316	""	FALSE	TRUE	FALSE	1	0	FALSE	FALSE	2	2	2	11	13	20
nobgs_V0.5_c1_rep7_env8	lfmm_simes	Chr1	17496021	17728403	15	1	Chr1:17496021;Chr1:17512974;Chr1:17550037;Chr1:17552320;Chr1:17568404;Chr1:17581497;Chr1:17588067;Chr1:17630006;Chr1:17677994;Chr1:17687258;Chr1:17692779;Chr1:17705096;Chr1:17719353;Chr1:17720302;Chr1:17728403	Chr1:17581497	""	FALSE	TRUE	FALSE	1	0	FALSE	FALSE	2	2	2	11	13	20
nobgs_V0.5_c1_rep7_env8	lfmm_simes	Chr1	17923740	18034426	14	1	Chr1:17923740;Chr1:17930170;Chr1:17940618;Chr1:17961858;Chr1:17962566;Chr1:17965238;Chr1:17979984;Chr1:17981061;Chr1:18013983;Chr1:18017478;Chr1:18021029;Chr1:18024384;Chr1:18030847;Chr1:18034426	Chr1:18013983	Chr1:17981061	TRUE	TRUE	FALSE	1	0	FALSE	FALSE	2	2	2	11	13	20
nobgs_V0.5_c1_rep7_env8	lfmm_simes	Chr1	18184836	18557802	18	1	Chr1:18184836;Chr1:18187602;Chr1:18196356;Chr1:18200940;Chr1:18206316;Chr1:18210263;Chr1:18211849;Chr1:18220048;Chr1:18222220;Chr1:18222769;Chr1:18224703;Chr1:18230278;Chr1:18235049;Chr1:18238788;Chr1:18242369;Chr1:18248129;Chr1:18530708;Chr1:18557802	Chr1:18206316	""	FALSE	TRUE	FALSE	1	0	FALSE	FALSE	2	2	2	11	13	20
nobgs_V0.5_c1_rep8_env1	emmax_consensus	Chr1	12347017	12791923	42	2	Chr1:12347017;Chr1:12351581;Chr1:12355424;Chr1:12364589;Chr1:12378356;Chr1:12417098;Chr1:12427549;Chr1:12443483;Chr1:12480870;Chr1:12486526;Chr1:12486545;Chr1:12525874;Chr1:12399584;Chr1:12423425;Chr1:12450218;Chr1:12452911;Chr1:12470544;Chr1:12503487;Chr1:12531207;Chr1:12533531;Chr1:12538905;Chr1:12543305;Chr1:12554808;Chr1:12557804;Chr1:12564968;Chr1:12570429;Chr1:12609009;Chr1:12611146;Chr1:12634554;Chr1:12658011;Chr1:12660291;Chr1:12669977;Chr1:12708597;Chr1:12711047;Chr1:12726795;Chr1:12743799;Chr1:12758434;Chr1:12766445;Chr1:12778886;Chr1:12782638;Chr1:12785489;Chr1:12791923	Chr1:12417098;Chr1:12538905	Chr1:12423425	TRUE	TRUE	TRUE	1	1	FALSE	FALSE	3	3	3	8	10	13
nobgs_V0.5_c1_rep8_env1	emmax_simes	Chr1	12347017	12791923	42	2	Chr1:12347017;Chr1:12351581;Chr1:12355424;Chr1:12364589;Chr1:12378356;Chr1:12417098;Chr1:12427549;Chr1:12443483;Chr1:12480870;Chr1:12486526;Chr1:12486545;Chr1:12525874;Chr1:12399584;Chr1:12423425;Chr1:12450218;Chr1:12452911;Chr1:12470544;Chr1:12503487;Chr1:12531207;Chr1:12533531;Chr1:12538905;Chr1:12543305;Chr1:12554808;Chr1:12557804;Chr1:12564968;Chr1:12570429;Chr1:12609009;Chr1:12611146;Chr1:12634554;Chr1:12658011;Chr1:12660291;Chr1:12669977;Chr1:12708597;Chr1:12711047;Chr1:12726795;Chr1:12743799;Chr1:12758434;Chr1:12766445;Chr1:12778886;Chr1:12782638;Chr1:12785489;Chr1:12791923	Chr1:12417098;Chr1:12538905	Chr1:12423425	TRUE	TRUE	TRUE	1	1	FALSE	FALSE	3	3	3	8	10	13
nobgs_V0.5_c1_rep8_env1	lfmm_simes	Chr1	12347017	12791923	42	2	Chr1:12347017;Chr1:12351581;Chr1:12355424;Chr1:12364589;Chr1:12378356;Chr1:12417098;Chr1:12427549;Chr1:12443483;Chr1:12480870;Chr1:12486526;Chr1:12486545;Chr1:12525874;Chr1:12399584;Chr1:12423425;Chr1:12450218;Chr1:12452911;Chr1:12470544;Chr1:12503487;Chr1:12531207;Chr1:12533531;Chr1:12538905;Chr1:12543305;Chr1:12554808;Chr1:12557804;Chr1:12564968;Chr1:12570429;Chr1:12609009;Chr1:12611146;Chr1:12634554;Chr1:12658011;Chr1:12660291;Chr1:12669977;Chr1:12708597;Chr1:12711047;Chr1:12726795;Chr1:12743799;Chr1:12758434;Chr1:12766445;Chr1:12778886;Chr1:12782638;Chr1:12785489;Chr1:12791923	Chr1:12417098;Chr1:12538905	Chr1:12423425	TRUE	TRUE	TRUE	1	1	FALSE	FALSE	3	3	3	8	10	13
nobgs_V0.5_c1_rep8_env10	emmax_consensus	Chr1	9867878	9960232	9	1	Chr1:9867878;Chr1:9883774;Chr1:9919309;Chr1:9924714;Chr1:9930532;Chr1:9932786;Chr1:9939985;Chr1:9956375;Chr1:9960232	Chr1:9924714	Chr1:9867878	TRUE	TRUE	FALSE	1	0	FALSE	FALSE	2	2	2	8	9	13
nobgs_V0.5_c1_rep8_env10	emmax_simes	Chr1	9867878	9960232	9	1	Chr1:9867878;Chr1:9883774;Chr1:9919309;Chr1:9924714;Chr1:9930532;Chr1:9932786;Chr1:9939985;Chr1:9956375;Chr1:9960232	Chr1:9924714	Chr1:9867878	TRUE	TRUE	FALSE	1	0	FALSE	FALSE	2	2	2	8	9	13
nobgs_V0.5_c1_rep8_env10	lfmm_simes	Chr1	9867878	9960232	9	1	Chr1:9867878;Chr1:9883774;Chr1:9919309;Chr1:9924714;Chr1:9930532;Chr1:9932786;Chr1:9939985;Chr1:9956375;Chr1:9960232	Chr1:9924714	Chr1:9867878	TRUE	TRUE	FALSE	1	0	FALSE	FALSE	2	2	2	8	9	13
nobgs_V0.5_c1_rep8_env2	emmax_consensus	Chr1	9705998	10019705	17	1	Chr1:9705998;Chr1:9720939;Chr1:9728018;Chr1:9729326;Chr1:9767856;Chr1:9775720;Chr1:9792483;Chr1:9813317;Chr1:9832865;Chr1:9839383;Chr1:9843125;Chr1:9867878;Chr1:9887989;Chr1:9907535;Chr1:9920262;Chr1:9961390;Chr1:10019705	Chr1:9767856	Chr1:9867878	TRUE	TRUE	TRUE	1	1	FALSE	FALSE	3	3	3	8	10	15
nobgs_V0.5_c1_rep8_env2	emmax_simes	Chr1	9705998	10019705	17	1	Chr1:9705998;Chr1:9720939;Chr1:9728018;Chr1:9729326;Chr1:9767856;Chr1:9775720;Chr1:9792483;Chr1:9813317;Chr1:9832865;Chr1:9839383;Chr1:9843125;Chr1:9867878;Chr1:9887989;Chr1:9907535;Chr1:9920262;Chr1:9961390;Chr1:10019705	Chr1:9767856	Chr1:9867878	TRUE	TRUE	TRUE	1	1	FALSE	FALSE	3	3	3	8	10	15
nobgs_V0.5_c1_rep8_env2	emmax_simes	Chr1	11520978	11585766	13	1	Chr1:11520978;Chr1:11531404;Chr1:11534866;Chr1:11548369;Chr1:11548997;Chr1:11551416;Chr1:11554640;Chr1:11558652;Chr1:11564629;Chr1:11566871;Chr1:11578480;Chr1:11583050;Chr1:11585766	Chr1:11534866	""	FALSE	FALSE	FALSE	0	0	FALSE	FALSE	1	1	1	8	10	15
nobgs_V0.5_c1_rep8_env2	lfmm_simes	Chr1	9705998	10019705	17	1	Chr1:9705998;Chr1:9720939;Chr1:9728018;Chr1:9729326;Chr1:9767856;Chr1:9775720;Chr1:9792483;Chr1:9813317;Chr1:9832865;Chr1:9839383;Chr1:9843125;Chr1:9867878;Chr1:9887989;Chr1:9907535;Chr1:9920262;Chr1:9961390;Chr1:10019705	Chr1:9767856	Chr1:9867878	TRUE	TRUE	TRUE	1	1	FALSE	FALSE	3	3	3	8	10	15
nobgs_V0.5_c1_rep8_env2	lfmm_simes	Chr1	11520978	11585766	13	1	Chr1:11520978;Chr1:11531404;Chr1:11534866;Chr1:11548369;Chr1:11548997;Chr1:11551416;Chr1:11554640;Chr1:11558652;Chr1:11564629;Chr1:11566871;Chr1:11578480;Chr1:11583050;Chr1:11585766	Chr1:11534866	""	FALSE	TRUE	FALSE	1	0	FALSE	FALSE	2	2	2	8	10	15
nobgs_V0.5_c1_rep8_env3	emmax_consensus	Chr1	11452329	11733771	34	3	Chr1:11452329;Chr1:11466211;Chr1:11477740;Chr1:11498559;Chr1:11500032;Chr1:11507643;Chr1:11510599;Chr1:11516710;Chr1:11517480;Chr1:11522609;Chr1:11523269;Chr1:11524769;Chr1:11540810;Chr1:11543598;Chr1:11568548;Chr1:11570539;Chr1:11571567;Chr1:11667956;Chr1:11680947;Chr1:11697381;Chr1:11716636;Chr1:11724866;Chr1:11729709;Chr1:11733771;Chr1:11624738;Chr1:11640788;Chr1:11658440;Chr1:11669721;Chr1:11676495;Chr1:11679178;Chr1:11684407;Chr1:11684853;Chr1:11688405;Chr1:11689463	Chr1:11517480;Chr1:11667956;Chr1:11676495	Chr1:11510599	TRUE	TRUE	TRUE	1	1	FALSE	FALSE	3	3	3	8	9	12
nobgs_V0.5_c1_rep8_env3	emmax_consensus	Chr1	11842395	11901374	11	1	Chr1:11842395;Chr1:11849249;Chr1:11853466;Chr1:11859679;Chr1:11866371;Chr1:11872292;Chr1:11883074;Chr1:11889846;Chr1:11890972;Chr1:11899248;Chr1:11901374	Chr1:11889846	""	FALSE	TRUE	FALSE	1	0	FALSE	FALSE	2	2	2	8	9	12
nobgs_V0.5_c1_rep8_env3	emmax_consensus	Chr1	12708597	12806113	11	1	Chr1:12708597;Chr1:12711047;Chr1:12726795;Chr1:12743799;Chr1:12758434;Chr1:12766445;Chr1:12778886;Chr1:12782638;Chr1:12785489;Chr1:12791923;Chr1:12806113	Chr1:12726795	Chr1:12802891	TRUE	TRUE	FALSE	1	0	FALSE	FALSE	2	2	2	8	9	12
nobgs_V0.5_c1_rep8_env3	emmax_simes	Chr1	11452329	11733771	34	3	Chr1:11452329;Chr1:11466211;Chr1:11477740;Chr1:11498559;Chr1:11500032;Chr1:11507643;Chr1:11510599;Chr1:11516710;Chr1:11517480;Chr1:11522609;Chr1:11523269;Chr1:11524769;Chr1:11540810;Chr1:11543598;Chr1:11568548;Chr1:11570539;Chr1:11571567;Chr1:11667956;Chr1:11680947;Chr1:11697381;Chr1:11716636;Chr1:11724866;Chr1:11729709;Chr1:11733771;Chr1:11624738;Chr1:11640788;Chr1:11658440;Chr1:11669721;Chr1:11676495;Chr1:11679178;Chr1:11684407;Chr1:11684853;Chr1:11688405;Chr1:11689463	Chr1:11517480;Chr1:11667956;Chr1:11676495	Chr1:11510599	TRUE	TRUE	TRUE	1	1	FALSE	FALSE	3	3	3	8	9	12
nobgs_V0.5_c1_rep8_env3	emmax_simes	Chr1	11842395	11901374	11	1	Chr1:11842395;Chr1:11849249;Chr1:11853466;Chr1:11859679;Chr1:11866371;Chr1:11872292;Chr1:11883074;Chr1:11889846;Chr1:11890972;Chr1:11899248;Chr1:11901374	Chr1:11889846	""	FALSE	TRUE	FALSE	1	0	FALSE	FALSE	2	2	2	8	9	12
nobgs_V0.5_c1_rep8_env3	emmax_simes	Chr1	12708597	12806113	11	1	Chr1:12708597;Chr1:12711047;Chr1:12726795;Chr1:12743799;Chr1:12758434;Chr1:12766445;Chr1:12778886;Chr1:12782638;Chr1:12785489;Chr1:12791923;Chr1:12806113	Chr1:12726795	Chr1:12802891	TRUE	TRUE	FALSE	1	0	FALSE	FALSE	2	2	2	8	9	12
nobgs_V0.5_c1_rep8_env3	lfmm_simes	Chr1	11452329	11733771	34	3	Chr1:11452329;Chr1:11466211;Chr1:11477740;Chr1:11498559;Chr1:11500032;Chr1:11507643;Chr1:11510599;Chr1:11516710;Chr1:11517480;Chr1:11522609;Chr1:11523269;Chr1:11524769;Chr1:11540810;Chr1:11543598;Chr1:11568548;Chr1:11570539;Chr1:11571567;Chr1:11667956;Chr1:11680947;Chr1:11697381;Chr1:11716636;Chr1:11724866;Chr1:11729709;Chr1:11733771;Chr1:11624738;Chr1:11640788;Chr1:11658440;Chr1:11669721;Chr1:11676495;Chr1:11679178;Chr1:11684407;Chr1:11684853;Chr1:11688405;Chr1:11689463	Chr1:11517480;Chr1:11667956;Chr1:11676495	Chr1:11510599	TRUE	TRUE	TRUE	1	1	FALSE	FALSE	3	3	3	8	9	12
nobgs_V0.5_c1_rep8_env3	lfmm_simes	Chr1	11842395	11901374	11	1	Chr1:11842395;Chr1:11849249;Chr1:11853466;Chr1:11859679;Chr1:11866371;Chr1:11872292;Chr1:11883074;Chr1:11889846;Chr1:11890972;Chr1:11899248;Chr1:11901374	Chr1:11889846	""	FALSE	TRUE	FALSE	1	0	FALSE	FALSE	2	2	2	8	9	12
nobgs_V0.5_c1_rep8_env3	lfmm_simes	Chr1	12156594	12403788	11	1	Chr1:12156594;Chr1:12327437;Chr1:12359715;Chr1:12378890;Chr1:12386153;Chr1:12389840;Chr1:12393719;Chr1:12395180;Chr1:12396917;Chr1:12398799;Chr1:12403788	Chr1:12393719	""	FALSE	FALSE	FALSE	0	0	FALSE	FALSE	1	1	1	8	9	12
nobgs_V0.5_c1_rep8_env3	lfmm_simes	Chr1	12708597	12806113	11	1	Chr1:12708597;Chr1:12711047;Chr1:12726795;Chr1:12743799;Chr1:12758434;Chr1:12766445;Chr1:12778886;Chr1:12782638;Chr1:12785489;Chr1:12791923;Chr1:12806113	Chr1:12726795	Chr1:12802891	TRUE	TRUE	FALSE	1	0	FALSE	FALSE	2	2	2	8	9	12
nobgs_V0.5_c1_rep8_env3	lfmm_simes	Chr1	19119429	19168743	16	1	Chr1:19119429;Chr1:19126257;Chr1:19129813;Chr1:19132695;Chr1:19134226;Chr1:19137477;Chr1:19141608;Chr1:19144328;Chr1:19147624;Chr1:19147964;Chr1:19148962;Chr1:19150239;Chr1:19162770;Chr1:19164989;Chr1:19165106;Chr1:19168743	Chr1:19129813	Chr1:19168743	TRUE	TRUE	TRUE	1	1	FALSE	FALSE	3	3	3	8	9	12
nobgs_V0.5_c1_rep8_env4	emmax_consensus	Chr1	60009	497029	12	1	Chr1:60009;Chr1:70353;Chr1:74156;Chr1:237031;Chr1:304401;Chr1:341724;Chr1:352069;Chr1:357131;Chr1:412334;Chr1:412832;Chr1:425592;Chr1:497029	Chr1:60009	Chr1:412832	TRUE	TRUE	FALSE	1	0	FALSE	FALSE	2	2	2	7	8	13
nobgs_V0.5_c1_rep8_env4	emmax_consensus	Chr1	19083101	19159751	25	2	Chr1:19083101;Chr1:19087090;Chr1:19088444;Chr1:19091851;Chr1:19094554;Chr1:19095439;Chr1:19101962;Chr1:19106520;Chr1:19110063;Chr1:19126257;Chr1:19128815;Chr1:19129813;Chr1:19132695;Chr1:19134226;Chr1:19134243;Chr1:19134344;Chr1:19137477;Chr1:19141608;Chr1:19141924;Chr1:19144328;Chr1:19145171;Chr1:19147624;Chr1:19148962;Chr1:19150239;Chr1:19159751	Chr1:19094554;Chr1:19132695	Chr1:19168743	TRUE	TRUE	TRUE	1	1	FALSE	FALSE	3	3	3	7	8	13
nobgs_V0.5_c1_rep8_env4	emmax_simes	Chr1	60009	497029	12	1	Chr1:60009;Chr1:70353;Chr1:74156;Chr1:237031;Chr1:304401;Chr1:341724;Chr1:352069;Chr1:357131;Chr1:412334;Chr1:412832;Chr1:425592;Chr1:497029	Chr1:60009	Chr1:412832	TRUE	TRUE	FALSE	1	0	FALSE	FALSE	2	2	2	7	8	13
nobgs_V0.5_c1_rep8_env4	emmax_simes	Chr1	19083101	19159751	25	2	Chr1:19083101;Chr1:19087090;Chr1:19088444;Chr1:19091851;Chr1:19094554;Chr1:19095439;Chr1:19101962;Chr1:19106520;Chr1:19110063;Chr1:19126257;Chr1:19128815;Chr1:19129813;Chr1:19132695;Chr1:19134226;Chr1:19134243;Chr1:19134344;Chr1:19137477;Chr1:19141608;Chr1:19141924;Chr1:19144328;Chr1:19145171;Chr1:19147624;Chr1:19148962;Chr1:19150239;Chr1:19159751	Chr1:19094554;Chr1:19132695	Chr1:19168743	TRUE	TRUE	TRUE	1	1	FALSE	FALSE	3	3	3	7	8	13
nobgs_V0.5_c1_rep8_env4	lfmm_simes	Chr1	60009	497029	12	1	Chr1:60009;Chr1:70353;Chr1:74156;Chr1:237031;Chr1:304401;Chr1:341724;Chr1:352069;Chr1:357131;Chr1:412334;Chr1:412832;Chr1:425592;Chr1:497029	Chr1:60009	Chr1:412832	TRUE	TRUE	FALSE	1	0	FALSE	FALSE	2	2	2	7	8	13
nobgs_V0.5_c1_rep8_env4	lfmm_simes	Chr1	19083101	19159751	25	2	Chr1:19083101;Chr1:19087090;Chr1:19088444;Chr1:19091851;Chr1:19094554;Chr1:19095439;Chr1:19101962;Chr1:19106520;Chr1:19110063;Chr1:19126257;Chr1:19128815;Chr1:19129813;Chr1:19132695;Chr1:19134226;Chr1:19134243;Chr1:19134344;Chr1:19137477;Chr1:19141608;Chr1:19141924;Chr1:19144328;Chr1:19145171;Chr1:19147624;Chr1:19148962;Chr1:19150239;Chr1:19159751	Chr1:19094554;Chr1:19132695	Chr1:19168743	TRUE	TRUE	TRUE	1	1	FALSE	FALSE	3	3	3	7	8	13
nobgs_V0.5_c1_rep8_env6	emmax_consensus	Chr1	19162770	19212959	10	1	Chr1:19162770;Chr1:19164989;Chr1:19165106;Chr1:19168743;Chr1:19174863;Chr1:19174898;Chr1:19185631;Chr1:19192677;Chr1:19207464;Chr1:19212959	Chr1:19185631	Chr1:19168743	TRUE	TRUE	FALSE	1	0	FALSE	FALSE	2	2	2	8	9	12
nobgs_V0.5_c1_rep8_env6	emmax_simes	Chr1	19162770	19212959	10	1	Chr1:19162770;Chr1:19164989;Chr1:19165106;Chr1:19168743;Chr1:19174863;Chr1:19174898;Chr1:19185631;Chr1:19192677;Chr1:19207464;Chr1:19212959	Chr1:19185631	Chr1:19168743	TRUE	TRUE	FALSE	1	0	FALSE	FALSE	2	2	2	8	9	12
nobgs_V0.5_c1_rep8_env6	lfmm_simes	Chr1	19162770	19212959	10	1	Chr1:19162770;Chr1:19164989;Chr1:19165106;Chr1:19168743;Chr1:19174863;Chr1:19174898;Chr1:19185631;Chr1:19192677;Chr1:19207464;Chr1:19212959	Chr1:19185631	Chr1:19168743	TRUE	TRUE	FALSE	1	0	FALSE	FALSE	2	2	2	8	9	12
nobgs_V0.5_c1_rep8_env9	emmax_consensus	Chr1	12160596	12848943	67	2	Chr1:12160596;Chr1:12164020;Chr1:12178574;Chr1:12187445;Chr1:12212165;Chr1:12212316;Chr1:12212684;Chr1:12215383;Chr1:12215593;Chr1:12216488;Chr1:12228927;Chr1:12241072;Chr1:12248413;Chr1:12249337;Chr1:12260619;Chr1:12269646;Chr1:12275466;Chr1:12281680;Chr1:12283485;Chr1:12286147;Chr1:12286615;Chr1:12299228;Chr1:12302427;Chr1:12305955;Chr1:12306557;Chr1:12313962;Chr1:12347017;Chr1:12351581;Chr1:12355424;Chr1:12364589;Chr1:12378356;Chr1:12386456;Chr1:12417098;Chr1:12423425;Chr1:12427549;Chr1:12443483;Chr1:12452701;Chr1:12454196;Chr1:12471289;Chr1:12472795;Chr1:12474806;Chr1:12497557;Chr1:12525874;Chr1:12531207;Chr1:12533531;Chr1:12554808;Chr1:12557804;Chr1:12572794;Chr1:12665354;Chr1:12665968;Chr1:12680210;Chr1:12693717;Chr1:12701163;Chr1:12708862;Chr1:12747502;Chr1:12754562;Chr1:12763764;Chr1:12766512;Chr1:12772180;Chr1:12775516;Chr1:12779550;Chr1:12792196;Chr1:12796079;Chr1:12805682;Chr1:12813840;Chr1:12829865;Chr1:12848943	Chr1:12212684;Chr1:12306557	Chr1:12423425	TRUE	TRUE	TRUE	1	1	FALSE	FALSE	3	3	3	8	10	14
nobgs_V0.5_c1_rep8_env9	emmax_simes	Chr1	12160596	12848943	67	2	Chr1:12160596;Chr1:12164020;Chr1:12178574;Chr1:12187445;Chr1:12212165;Chr1:12212316;Chr1:12212684;Chr1:12215383;Chr1:12215593;Chr1:12216488;Chr1:12228927;Chr1:12241072;Chr1:12248413;Chr1:12249337;Chr1:12260619;Chr1:12269646;Chr1:12275466;Chr1:12281680;Chr1:12283485;Chr1:12286147;Chr1:12286615;Chr1:12299228;Chr1:12302427;Chr1:12305955;Chr1:12306557;Chr1:12313962;Chr1:12347017;Chr1:12351581;Chr1:12355424;Chr1:12364589;Chr1:12378356;Chr1:12386456;Chr1:12417098;Chr1:12423425;Chr1:12427549;Chr1:12443483;Chr1:12452701;Chr1:12454196;Chr1:12471289;Chr1:12472795;Chr1:12474806;Chr1:12497557;Chr1:12525874;Chr1:12531207;Chr1:12533531;Chr1:12554808;Chr1:12557804;Chr1:12572794;Chr1:12665354;Chr1:12665968;Chr1:12680210;Chr1:12693717;Chr1:12701163;Chr1:12708862;Chr1:12747502;Chr1:12754562;Chr1:12763764;Chr1:12766512;Chr1:12772180;Chr1:12775516;Chr1:12779550;Chr1:12792196;Chr1:12796079;Chr1:12805682;Chr1:12813840;Chr1:12829865;Chr1:12848943	Chr1:12212684;Chr1:12306557	Chr1:12423425	TRUE	TRUE	TRUE	1	1	FALSE	FALSE	3	3	3	8	10	14
nobgs_V0.5_c1_rep8_env9	lfmm_simes	Chr1	12160596	12848943	67	2	Chr1:12160596;Chr1:12164020;Chr1:12178574;Chr1:12187445;Chr1:12212165;Chr1:12212316;Chr1:12212684;Chr1:12215383;Chr1:12215593;Chr1:12216488;Chr1:12228927;Chr1:12241072;Chr1:12248413;Chr1:12249337;Chr1:12260619;Chr1:12269646;Chr1:12275466;Chr1:12281680;Chr1:12283485;Chr1:12286147;Chr1:12286615;Chr1:12299228;Chr1:12302427;Chr1:12305955;Chr1:12306557;Chr1:12313962;Chr1:12347017;Chr1:12351581;Chr1:12355424;Chr1:12364589;Chr1:12378356;Chr1:12386456;Chr1:12417098;Chr1:12423425;Chr1:12427549;Chr1:12443483;Chr1:12452701;Chr1:12454196;Chr1:12471289;Chr1:12472795;Chr1:12474806;Chr1:12497557;Chr1:12525874;Chr1:12531207;Chr1:12533531;Chr1:12554808;Chr1:12557804;Chr1:12572794;Chr1:12665354;Chr1:12665968;Chr1:12680210;Chr1:12693717;Chr1:12701163;Chr1:12708862;Chr1:12747502;Chr1:12754562;Chr1:12763764;Chr1:12766512;Chr1:12772180;Chr1:12775516;Chr1:12779550;Chr1:12792196;Chr1:12796079;Chr1:12805682;Chr1:12813840;Chr1:12829865;Chr1:12848943	Chr1:12212684;Chr1:12306557	Chr1:12423425	TRUE	TRUE	TRUE	1	1	FALSE	FALSE	3	3	3	8	10	14
nobgs_V0.5_c1_rep9_env10	lfmm_simes	Chr1	16268056	16400216	11	1	Chr1:16268056;Chr1:16274713;Chr1:16276920;Chr1:16295659;Chr1:16297496;Chr1:16303271;Chr1:16304100;Chr1:16312408;Chr1:16317921;Chr1:16320635;Chr1:16400216	Chr1:16400216	Chr1:16400216	TRUE	TRUE	FALSE	1	0	FALSE	FALSE	2	2	2	8	9	12
nobgs_V0.5_c1_rep9_env2	emmax_consensus	Chr1	3702447	3725999	10	1	Chr1:3702447;Chr1:3702600;Chr1:3704205;Chr1:3705456;Chr1:3713880;Chr1:3716230;Chr1:3717460;Chr1:3722302;Chr1:3724597;Chr1:3725999	Chr1:3705456	""	FALSE	FALSE	FALSE	0	0	FALSE	FALSE	1	1	1	7	8	11
nobgs_V0.5_c1_rep9_env3	emmax_consensus	Chr1	3443874	3502116	18	1	Chr1:3443874;Chr1:3450775;Chr1:3454455;Chr1:3459009;Chr1:3462675;Chr1:3463583;Chr1:3464138;Chr1:3467412;Chr1:3469543;Chr1:3470675;Chr1:3472366;Chr1:3477395;Chr1:3479546;Chr1:3481796;Chr1:3484724;Chr1:3491626;Chr1:3492103;Chr1:3502116	Chr1:3502116	""	FALSE	FALSE	TRUE	0	1	FALSE	FALSE	2	2	2	8	10	14
nobgs_V0.5_c1_rep9_env3	emmax_consensus	Chr1	15816458	16494901	27	2	Chr1:15816458;Chr1:16137365;Chr1:16178496;Chr1:16190773;Chr1:16261018;Chr1:16268056;Chr1:16274713;Chr1:16276920;Chr1:16284877;Chr1:16285860;Chr1:16295659;Chr1:16297496;Chr1:16317921;Chr1:16320635;Chr1:16400216;Chr1:16428549;Chr1:16494901;Chr1:16190585;Chr1:16200429;Chr1:16218083;Chr1:16220691;Chr1:16221593;Chr1:16221818;Chr1:16223457;Chr1:16223929;Chr1:16228533;Chr1:16229065	Chr1:16274713;Chr1:16221818	Chr1:16400216	TRUE	TRUE	TRUE	1	1	FALSE	FALSE	3	3	3	8	10	14
nobgs_V0.5_c1_rep9_env3	emmax_simes	Chr1	3443874	3502116	18	1	Chr1:3443874;Chr1:3450775;Chr1:3454455;Chr1:3459009;Chr1:3462675;Chr1:3463583;Chr1:3464138;Chr1:3467412;Chr1:3469543;Chr1:3470675;Chr1:3472366;Chr1:3477395;Chr1:3479546;Chr1:3481796;Chr1:3484724;Chr1:3491626;Chr1:3492103;Chr1:3502116	Chr1:3502116	""	FALSE	TRUE	TRUE	1	1	FALSE	FALSE	3	3	3	8	10	14
nobgs_V0.5_c1_rep9_env3	emmax_simes	Chr1	15816458	16494901	27	2	Chr1:15816458;Chr1:16137365;Chr1:16178496;Chr1:16190773;Chr1:16261018;Chr1:16268056;Chr1:16274713;Chr1:16276920;Chr1:16284877;Chr1:16285860;Chr1:16295659;Chr1:16297496;Chr1:16317921;Chr1:16320635;Chr1:16400216;Chr1:16428549;Chr1:16494901;Chr1:16190585;Chr1:16200429;Chr1:16218083;Chr1:16220691;Chr1:16221593;Chr1:16221818;Chr1:16223457;Chr1:16223929;Chr1:16228533;Chr1:16229065	Chr1:16274713;Chr1:16221818	Chr1:16400216	TRUE	TRUE	TRUE	1	1	FALSE	FALSE	3	3	3	8	10	14
nobgs_V0.5_c1_rep9_env3	lfmm_simes	Chr1	15816458	16494901	27	2	Chr1:15816458;Chr1:16137365;Chr1:16178496;Chr1:16190773;Chr1:16261018;Chr1:16268056;Chr1:16274713;Chr1:16276920;Chr1:16284877;Chr1:16285860;Chr1:16295659;Chr1:16297496;Chr1:16317921;Chr1:16320635;Chr1:16400216;Chr1:16428549;Chr1:16494901;Chr1:16190585;Chr1:16200429;Chr1:16218083;Chr1:16220691;Chr1:16221593;Chr1:16221818;Chr1:16223457;Chr1:16223929;Chr1:16228533;Chr1:16229065	Chr1:16274713;Chr1:16221818	Chr1:16400216	TRUE	TRUE	TRUE	1	1	FALSE	FALSE	3	3	3	8	10	14
nobgs_V0.5_c1_rep9_env6	lfmm_simes	Chr1	16178496	16460786	16	1	Chr1:16178496;Chr1:16190773;Chr1:16218083;Chr1:16220691;Chr1:16221593;Chr1:16221818;Chr1:16223457;Chr1:16223929;Chr1:16228533;Chr1:16229065;Chr1:16268056;Chr1:16274713;Chr1:16276920;Chr1:16400216;Chr1:16413446;Chr1:16460786	Chr1:16221593	Chr1:16400216	TRUE	TRUE	TRUE	1	1	FALSE	FALSE	3	3	3	8	9	13
nobgs_V0.5_c1_rep9_env7	emmax_consensus	Chr2	19779317	19815577	9	1	Chr2:19779317;Chr2:19780765;Chr2:19796783;Chr2:19797856;Chr2:19809878;Chr2:19814249;Chr2:19814435;Chr2:19814828;Chr2:19815577	Chr2:19814249	""	FALSE	TRUE	FALSE	1	0	FALSE	FALSE	2	2	2	8	9	13
nobgs_V0.5_c1_rep9_env7	emmax_simes	Chr2	19779317	19815577	9	1	Chr2:19779317;Chr2:19780765;Chr2:19796783;Chr2:19797856;Chr2:19809878;Chr2:19814249;Chr2:19814435;Chr2:19814828;Chr2:19815577	Chr2:19814249	""	FALSE	TRUE	FALSE	1	0	FALSE	FALSE	2	2	2	8	9	13
nobgs_V0.5_c1_rep9_env7	lfmm_simes	Chr2	19779317	19815577	9	1	Chr2:19779317;Chr2:19780765;Chr2:19796783;Chr2:19797856;Chr2:19809878;Chr2:19814249;Chr2:19814435;Chr2:19814828;Chr2:19815577	Chr2:19814249	""	FALSE	FALSE	FALSE	0	0	FALSE	FALSE	1	1	1	8	9	13
nobgs_V0.5_c1_rep9_env9	lfmm_simes	Chr1	6191921	6462882	10	1	Chr1:6191921;Chr1:6194712;Chr1:6196935;Chr1:6380015;Chr1:6384898;Chr1:6390834;Chr1:6399517;Chr1:6402572;Chr1:6406515;Chr1:6462882	Chr1:6402572	Chr1:6191921	TRUE	TRUE	FALSE	1	0	FALSE	FALSE	2	2	2	8	9	14
nobgs_V0.5_c1_rep9_env9	lfmm_simes	Chr1	16082052	16565680	16	1	Chr1:16082052;Chr1:16090873;Chr1:16101615;Chr1:16117072;Chr1:16119967;Chr1:16137365;Chr1:16162452;Chr1:16178496;Chr1:16190773;Chr1:16274713;Chr1:16276920;Chr1:16377189;Chr1:16377357;Chr1:16386577;Chr1:16400216;Chr1:16565680	Chr1:16190773	Chr1:16400216	TRUE	TRUE	TRUE	1	1	FALSE	FALSE	3	3	3	8	9	14
nobgs_V0.5_c1_rep9_env9	lfmm_simes	Chr1	16090251	16118417	9	1	Chr1:16090251;Chr1:16092631;Chr1:16096589;Chr1:16098792;Chr1:16100443;Chr1:16106722;Chr1:16113293;Chr1:16117431;Chr1:16118417	Chr1:16096589	""	FALSE	TRUE	FALSE	1	0	FALSE	FALSE	2	2	3	8	9	14
nobgs_V1_c1_rep10_env10	emmax_consensus	Chr1	8474987	8503753	11	1	Chr1:8474987;Chr1:8479566;Chr1:8479624;Chr1:8488018;Chr1:8488473;Chr1:8492440;Chr1:8493825;Chr1:8493948;Chr1:8499602;Chr1:8502167;Chr1:8503753	Chr1:8492440	Chr1:8493825	TRUE	TRUE	FALSE	1	0	FALSE	FALSE	2	2	2	8	10	16
nobgs_V1_c1_rep10_env10	emmax_simes	Chr1	8474987	8503753	11	1	Chr1:8474987;Chr1:8479566;Chr1:8479624;Chr1:8488018;Chr1:8488473;Chr1:8492440;Chr1:8493825;Chr1:8493948;Chr1:8499602;Chr1:8502167;Chr1:8503753	Chr1:8492440	Chr1:8493825	TRUE	TRUE	FALSE	1	0	FALSE	FALSE	2	2	2	8	10	16
nobgs_V1_c1_rep10_env2	emmax_consensus	Chr1	5924710	6124870	51	2	Chr1:5924710;Chr1:5929870;Chr1:5931172;Chr1:5931226;Chr1:5932298;Chr1:5934029;Chr1:5934374;Chr1:5935658;Chr1:5937189;Chr1:5939560;Chr1:5949988;Chr1:5963733;Chr1:5969671;Chr1:5965250;Chr1:5976647;Chr1:5983802;Chr1:5985280;Chr1:5985781;Chr1:5994624;Chr1:5999604;Chr1:6001791;Chr1:6002017;Chr1:6002032;Chr1:6008672;Chr1:6013464;Chr1:6030935;Chr1:6034093;Chr1:6042548;Chr1:6048534;Chr1:6050315;Chr1:6054878;Chr1:6060761;Chr1:6062831;Chr1:6066149;Chr1:6069113;Chr1:6073612;Chr1:6074221;Chr1:6076062;Chr1:6076686;Chr1:6076804;Chr1:6079298;Chr1:6088930;Chr1:6091752;Chr1:6095489;Chr1:6098484;Chr1:6106899;Chr1:6109802;Chr1:6112248;Chr1:6120152;Chr1:6122439;Chr1:6124870	Chr1:5929870;Chr1:6048534	Chr1:6060761	TRUE	TRUE	TRUE	1	1	FALSE	FALSE	3	3	3	8	9	14
nobgs_V1_c1_rep10_env2	emmax_simes	Chr1	5924710	6124870	51	2	Chr1:5924710;Chr1:5929870;Chr1:5931172;Chr1:5931226;Chr1:5932298;Chr1:5934029;Chr1:5934374;Chr1:5935658;Chr1:5937189;Chr1:5939560;Chr1:5949988;Chr1:5963733;Chr1:5969671;Chr1:5965250;Chr1:5976647;Chr1:5983802;Chr1:5985280;Chr1:5985781;Chr1:5994624;Chr1:5999604;Chr1:6001791;Chr1:6002017;Chr1:6002032;Chr1:6008672;Chr1:6013464;Chr1:6030935;Chr1:6034093;Chr1:6042548;Chr1:6048534;Chr1:6050315;Chr1:6054878;Chr1:6060761;Chr1:6062831;Chr1:6066149;Chr1:6069113;Chr1:6073612;Chr1:6074221;Chr1:6076062;Chr1:6076686;Chr1:6076804;Chr1:6079298;Chr1:6088930;Chr1:6091752;Chr1:6095489;Chr1:6098484;Chr1:6106899;Chr1:6109802;Chr1:6112248;Chr1:6120152;Chr1:6122439;Chr1:6124870	Chr1:5929870;Chr1:6048534	Chr1:6060761	TRUE	TRUE	TRUE	1	1	FALSE	FALSE	3	3	3	8	9	14
nobgs_V1_c1_rep10_env2	lfmm_simes	Chr1	5924710	6124870	51	2	Chr1:5924710;Chr1:5929870;Chr1:5931172;Chr1:5931226;Chr1:5932298;Chr1:5934029;Chr1:5934374;Chr1:5935658;Chr1:5937189;Chr1:5939560;Chr1:5949988;Chr1:5963733;Chr1:5969671;Chr1:5965250;Chr1:5976647;Chr1:5983802;Chr1:5985280;Chr1:5985781;Chr1:5994624;Chr1:5999604;Chr1:6001791;Chr1:6002017;Chr1:6002032;Chr1:6008672;Chr1:6013464;Chr1:6030935;Chr1:6034093;Chr1:6042548;Chr1:6048534;Chr1:6050315;Chr1:6054878;Chr1:6060761;Chr1:6062831;Chr1:6066149;Chr1:6069113;Chr1:6073612;Chr1:6074221;Chr1:6076062;Chr1:6076686;Chr1:6076804;Chr1:6079298;Chr1:6088930;Chr1:6091752;Chr1:6095489;Chr1:6098484;Chr1:6106899;Chr1:6109802;Chr1:6112248;Chr1:6120152;Chr1:6122439;Chr1:6124870	Chr1:5929870;Chr1:6048534	Chr1:6060761	TRUE	TRUE	TRUE	1	1	FALSE	FALSE	3	3	3	8	9	14
nobgs_V1_c1_rep10_env3	lfmm_simes	Chr1	29217	524894	62	1	Chr1:29217;Chr1:102377;Chr1:126518;Chr1:176661;Chr1:180465;Chr1:258191;Chr1:263712;Chr1:269419;Chr1:270103;Chr1:274495;Chr1:283546;Chr1:317141;Chr1:323723;Chr1:327726;Chr1:329529;Chr1:336315;Chr1:337402;Chr1:341056;Chr1:349912;Chr1:355316;Chr1:355439;Chr1:360068;Chr1:373931;Chr1:376558;Chr1:383816;Chr1:384006;Chr1:387204;Chr1:389593;Chr1:390944;Chr1:398522;Chr1:401309;Chr1:404233;Chr1:407779;Chr1:408444;Chr1:409250;Chr1:409860;Chr1:431085;Chr1:443084;Chr1:448358;Chr1:450057;Chr1:452105;Chr1:462083;Chr1:464600;Chr1:473237;Chr1:476610;Chr1:478352;Chr1:480394;Chr1:483018;Chr1:483991;Chr1:485128;Chr1:488164;Chr1:490801;Chr1:496917;Chr1:502757;Chr1:503741;Chr1:511609;Chr1:514066;Chr1:515658;Chr1:516880;Chr1:518216;Chr1:523528;Chr1:524894	Chr1:102377	Chr1:329529	TRUE	TRUE	TRUE	1	1	FALSE	FALSE	3	3	3	7	8	11
nobgs_V1_c1_rep10_env6	lfmm_simes	Chr1	6805526	6849253	9	1	Chr1:6805526;Chr1:6812382;Chr1:6814100;Chr1:6819742;Chr1:6821925;Chr1:6844151;Chr1:6844251;Chr1:6846369;Chr1:6849253	Chr1:6821925	""	FALSE	TRUE	FALSE	1	0	FALSE	FALSE	2	2	2	7	8	12
nobgs_V1_c1_rep1_env1	emmax_consensus	Chr1	7295	339256	118	1	Chr1:7295;Chr1:7742;Chr1:11763;Chr1:15553;Chr1:27715;Chr1:28132;Chr1:28631;Chr1:33954;Chr1:38902;Chr1:43009;Chr1:46410;Chr1:46517;Chr1:46907;Chr1:46939;Chr1:47977;Chr1:49783;Chr1:50636;Chr1:50970;Chr1:51049;Chr1:51409;Chr1:61712;Chr1:65045;Chr1:78098;Chr1:78830;Chr1:80545;Chr1:80712;Chr1:81755;Chr1:83125;Chr1:83142;Chr1:90137;Chr1:92291;Chr1:94811;Chr1:99804;Chr1:101194;Chr1:106565;Chr1:108025;Chr1:109439;Chr1:109879;Chr1:116679;Chr1:120327;Chr1:123583;Chr1:125882;Chr1:126132;Chr1:126532;Chr1:126652;Chr1:127435;Chr1:129738;Chr1:133765;Chr1:135993;Chr1:137403;Chr1:138099;Chr1:140650;Chr1:141543;Chr1:143626;Chr1:144987;Chr1:155400;Chr1:156356;Chr1:156522;Chr1:157255;Chr1:157620;Chr1:158841;Chr1:165676;Chr1:166170;Chr1:168810;Chr1:170904;Chr1:172169;Chr1:174157;Chr1:174213;Chr1:174493;Chr1:178819;Chr1:178949;Chr1:179629;Chr1:181465;Chr1:181483;Chr1:182610;Chr1:183968;Chr1:185078;Chr1:187181;Chr1:188588;Chr1:199810;Chr1:200236;Chr1:200626;Chr1:204233;Chr1:204852;Chr1:206534;Chr1:218287;Chr1:219182;Chr1:229712;Chr1:232318;Chr1:234817;Chr1:241799;Chr1:243687;Chr1:246626;Chr1:250131;Chr1:253009;Chr1:260487;Chr1:263294;Chr1:266802;Chr1:270075;Chr1:270833;Chr1:273107;Chr1:281587;Chr1:288862;Chr1:291730;Chr1:293285;Chr1:293390;Chr1:296845;Chr1:299773;Chr1:300193;Chr1:300948;Chr1:303850;Chr1:304666;Chr1:305665;Chr1:320990;Chr1:326042;Chr1:332697;Chr1:333623;Chr1:339256	Chr1:46939	Chr1:51049;Chr1:126132	TRUE	TRUE	TRUE	1	1	FALSE	FALSE	3	3	3	8	9	14
nobgs_V1_c1_rep1_env1	emmax_simes	Chr1	7295	339256	118	1	Chr1:7295;Chr1:7742;Chr1:11763;Chr1:15553;Chr1:27715;Chr1:28132;Chr1:28631;Chr1:33954;Chr1:38902;Chr1:43009;Chr1:46410;Chr1:46517;Chr1:46907;Chr1:46939;Chr1:47977;Chr1:49783;Chr1:50636;Chr1:50970;Chr1:51049;Chr1:51409;Chr1:61712;Chr1:65045;Chr1:78098;Chr1:78830;Chr1:80545;Chr1:80712;Chr1:81755;Chr1:83125;Chr1:83142;Chr1:90137;Chr1:92291;Chr1:94811;Chr1:99804;Chr1:101194;Chr1:106565;Chr1:108025;Chr1:109439;Chr1:109879;Chr1:116679;Chr1:120327;Chr1:123583;Chr1:125882;Chr1:126132;Chr1:126532;Chr1:126652;Chr1:127435;Chr1:129738;Chr1:133765;Chr1:135993;Chr1:137403;Chr1:138099;Chr1:140650;Chr1:141543;Chr1:143626;Chr1:144987;Chr1:155400;Chr1:156356;Chr1:156522;Chr1:157255;Chr1:157620;Chr1:158841;Chr1:165676;Chr1:166170;Chr1:168810;Chr1:170904;Chr1:172169;Chr1:174157;Chr1:174213;Chr1:174493;Chr1:178819;Chr1:178949;Chr1:179629;Chr1:181465;Chr1:181483;Chr1:182610;Chr1:183968;Chr1:185078;Chr1:187181;Chr1:188588;Chr1:199810;Chr1:200236;Chr1:200626;Chr1:204233;Chr1:204852;Chr1:206534;Chr1:218287;Chr1:219182;Chr1:229712;Chr1:232318;Chr1:234817;Chr1:241799;Chr1:243687;Chr1:246626;Chr1:250131;Chr1:253009;Chr1:260487;Chr1:263294;Chr1:266802;Chr1:270075;Chr1:270833;Chr1:273107;Chr1:281587;Chr1:288862;Chr1:291730;Chr1:293285;Chr1:293390;Chr1:296845;Chr1:299773;Chr1:300193;Chr1:300948;Chr1:303850;Chr1:304666;Chr1:305665;Chr1:320990;Chr1:326042;Chr1:332697;Chr1:333623;Chr1:339256	Chr1:46939	Chr1:51049;Chr1:126132	TRUE	TRUE	TRUE	1	1	FALSE	FALSE	3	3	3	8	9	14
nobgs_V1_c1_rep1_env1	lfmm_simes	Chr1	7295	339256	118	1	Chr1:7295;Chr1:7742;Chr1:11763;Chr1:15553;Chr1:27715;Chr1:28132;Chr1:28631;Chr1:33954;Chr1:38902;Chr1:43009;Chr1:46410;Chr1:46517;Chr1:46907;Chr1:46939;Chr1:47977;Chr1:49783;Chr1:50636;Chr1:50970;Chr1:51049;Chr1:51409;Chr1:61712;Chr1:65045;Chr1:78098;Chr1:78830;Chr1:80545;Chr1:80712;Chr1:81755;Chr1:83125;Chr1:83142;Chr1:90137;Chr1:92291;Chr1:94811;Chr1:99804;Chr1:101194;Chr1:106565;Chr1:108025;Chr1:109439;Chr1:109879;Chr1:116679;Chr1:120327;Chr1:123583;Chr1:125882;Chr1:126132;Chr1:126532;Chr1:126652;Chr1:127435;Chr1:129738;Chr1:133765;Chr1:135993;Chr1:137403;Chr1:138099;Chr1:140650;Chr1:141543;Chr1:143626;Chr1:144987;Chr1:155400;Chr1:156356;Chr1:156522;Chr1:157255;Chr1:157620;Chr1:158841;Chr1:165676;Chr1:166170;Chr1:168810;Chr1:170904;Chr1:172169;Chr1:174157;Chr1:174213;Chr1:174493;Chr1:178819;Chr1:178949;Chr1:179629;Chr1:181465;Chr1:181483;Chr1:182610;Chr1:183968;Chr1:185078;Chr1:187181;Chr1:188588;Chr1:199810;Chr1:200236;Chr1:200626;Chr1:204233;Chr1:204852;Chr1:206534;Chr1:218287;Chr1:219182;Chr1:229712;Chr1:232318;Chr1:234817;Chr1:241799;Chr1:243687;Chr1:246626;Chr1:250131;Chr1:253009;Chr1:260487;Chr1:263294;Chr1:266802;Chr1:270075;Chr1:270833;Chr1:273107;Chr1:281587;Chr1:288862;Chr1:291730;Chr1:293285;Chr1:293390;Chr1:296845;Chr1:299773;Chr1:300193;Chr1:300948;Chr1:303850;Chr1:304666;Chr1:305665;Chr1:320990;Chr1:326042;Chr1:332697;Chr1:333623;Chr1:339256	Chr1:46939	Chr1:51049;Chr1:126132	TRUE	TRUE	TRUE	1	1	FALSE	FALSE	3	3	3	8	9	14
nobgs_V1_c1_rep1_env2	emmax_consensus	Chr2	11931073	12079879	12	1	Chr2:11931073;Chr2:11939841;Chr2:11965397;Chr2:11993535;Chr2:12012369;Chr2:12013971;Chr2:12029208;Chr2:12033611;Chr2:12046856;Chr2:12052869;Chr2:12077448;Chr2:12079879	Chr2:12012369	""	FALSE	TRUE	FALSE	1	0	FALSE	FALSE	2	2	2	8	9	16
nobgs_V1_c1_rep1_env2	emmax_simes	Chr2	11931073	12079879	12	1	Chr2:11931073;Chr2:11939841;Chr2:11965397;Chr2:11993535;Chr2:12012369;Chr2:12013971;Chr2:12029208;Chr2:12033611;Chr2:12046856;Chr2:12052869;Chr2:12077448;Chr2:12079879	Chr2:12012369	""	FALSE	TRUE	FALSE	1	0	FALSE	FALSE	2	2	2	8	9	16
nobgs_V1_c1_rep1_env2	lfmm_simes	Chr2	11931073	12079879	12	1	Chr2:11931073;Chr2:11939841;Chr2:11965397;Chr2:11993535;Chr2:12012369;Chr2:12013971;Chr2:12029208;Chr2:12033611;Chr2:12046856;Chr2:12052869;Chr2:12077448;Chr2:12079879	Chr2:12012369	""	FALSE	FALSE	FALSE	0	0	FALSE	FALSE	1	1	1	8	9	16
nobgs_V1_c1_rep1_env5	emmax_consensus	Chr1	11920375	12469234	68	2	Chr1:11920375;Chr1:11974086;Chr1:11977451;Chr1:12048625;Chr1:12057207;Chr1:12070982;Chr1:12075858;Chr1:12077550;Chr1:12082139;Chr1:12085024;Chr1:12094373;Chr1:12106307;Chr1:12112845;Chr1:12113934;Chr1:12121919;Chr1:12122182;Chr1:12129000;Chr1:12129041;Chr1:12142709;Chr1:12143192;Chr1:12149040;Chr1:12158923;Chr1:12161627;Chr1:12164749;Chr1:12169099;Chr1:12174476;Chr1:12178239;Chr1:12184080;Chr1:12200866;Chr1:12207797;Chr1:12236468;Chr1:12242388;Chr1:12259062;Chr1:12259130;Chr1:12262704;Chr1:12264927;Chr1:12269543;Chr1:12272138;Chr1:12273975;Chr1:12275539;Chr1:12281620;Chr1:12283352;Chr1:12300303;Chr1:12301664;Chr1:12324781;Chr1:12353095;Chr1:12354935;Chr1:12369304;Chr1:12371414;Chr1:12381487;Chr1:12388539;Chr1:12392877;Chr1:12434826;Chr1:12448067;Chr1:12462325;Chr1:12469234;Chr1:11967093;Chr1:11986647;Chr1:11997061;Chr1:12001205;Chr1:12007061;Chr1:12007931;Chr1:12026749;Chr1:12061109;Chr1:12065236;Chr1:12066172;Chr1:12073495;Chr1:12075066	Chr1:12161627;Chr1:11967093	Chr1:12143192	TRUE	TRUE	TRUE	1	1	FALSE	FALSE	3	3	3	9	11	19
nobgs_V1_c1_rep1_env5	emmax_consensus	Chr1	12269385	12523041	20	1	Chr1:12269385;Chr1:12309055;Chr1:12318739;Chr1:12332239;Chr1:12360181;Chr1:12373217;Chr1:12383499;Chr1:12414937;Chr1:12419263;Chr1:12420784;Chr1:12426377;Chr1:12428812;Chr1:12431664;Chr1:12445609;Chr1:12474772;Chr1:12485458;Chr1:12506150;Chr1:12517157;Chr1:12517294;Chr1:12523041	Chr1:12414937	""	FALSE	FALSE	TRUE	0	1	FALSE	FALSE	2	2	3	9	11	19
nobgs_V1_c1_rep1_env5	emmax_simes	Chr1	11920375	12469234	68	2	Chr1:11920375;Chr1:11974086;Chr1:11977451;Chr1:12048625;Chr1:12057207;Chr1:12070982;Chr1:12075858;Chr1:12077550;Chr1:12082139;Chr1:12085024;Chr1:12094373;Chr1:12106307;Chr1:12112845;Chr1:12113934;Chr1:12121919;Chr1:12122182;Chr1:12129000;Chr1:12129041;Chr1:12142709;Chr1:12143192;Chr1:12149040;Chr1:12158923;Chr1:12161627;Chr1:12164749;Chr1:12169099;Chr1:12174476;Chr1:12178239;Chr1:12184080;Chr1:12200866;Chr1:12207797;Chr1:12236468;Chr1:12242388;Chr1:12259062;Chr1:12259130;Chr1:12262704;Chr1:12264927;Chr1:12269543;Chr1:12272138;Chr1:12273975;Chr1:12275539;Chr1:12281620;Chr1:12283352;Chr1:12300303;Chr1:12301664;Chr1:12324781;Chr1:12353095;Chr1:12354935;Chr1:12369304;Chr1:12371414;Chr1:12381487;Chr1:12388539;Chr1:12392877;Chr1:12434826;Chr1:12448067;Chr1:12462325;Chr1:12469234;Chr1:11967093;Chr1:11986647;Chr1:11997061;Chr1:12001205;Chr1:12007061;Chr1:12007931;Chr1:12026749;Chr1:12061109;Chr1:12065236;Chr1:12066172;Chr1:12073495;Chr1:12075066	Chr1:12161627;Chr1:11967093	Chr1:12143192	TRUE	TRUE	TRUE	1	1	FALSE	FALSE	3	3	3	9	11	19
nobgs_V1_c1_rep1_env5	lfmm_simes	Chr1	11920375	12469234	56	1	Chr1:11920375;Chr1:11974086;Chr1:11977451;Chr1:12048625;Chr1:12057207;Chr1:12070982;Chr1:12075858;Chr1:12077550;Chr1:12082139;Chr1:12085024;Chr1:12094373;Chr1:12106307;Chr1:12112845;Chr1:12113934;Chr1:12121919;Chr1:12122182;Chr1:12129000;Chr1:12129041;Chr1:12142709;Chr1:12143192;Chr1:12149040;Chr1:12158923;Chr1:12161627;Chr1:12164749;Chr1:12169099;Chr1:12174476;Chr1:12178239;Chr1:12184080;Chr1:12200866;Chr1:12207797;Chr1:12236468;Chr1:12242388;Chr1:12259062;Chr1:12259130;Chr1:12262704;Chr1:12264927;Chr1:12269543;Chr1:12272138;Chr1:12273975;Chr1:12275539;Chr1:12281620;Chr1:12283352;Chr1:12300303;Chr1:12301664;Chr1:12324781;Chr1:12353095;Chr1:12354935;Chr1:12369304;Chr1:12371414;Chr1:12381487;Chr1:12388539;Chr1:12392877;Chr1:12434826;Chr1:12448067;Chr1:12462325;Chr1:12469234	Chr1:12161627	Chr1:12143192	TRUE	TRUE	TRUE	1	1	FALSE	FALSE	3	3	3	9	11	19
nobgs_V1_c1_rep1_env6	emmax_consensus	Chr1	15917669	15984892	11	1	Chr1:15917669;Chr1:15920967;Chr1:15921327;Chr1:15921786;Chr1:15926645;Chr1:15940358;Chr1:15941749;Chr1:15944718;Chr1:15949698;Chr1:15963922;Chr1:15984892	Chr1:15963922	""	FALSE	TRUE	FALSE	1	0	FALSE	FALSE	2	2	2	8	10	17
nobgs_V1_c1_rep1_env6	emmax_simes	Chr1	15917669	15984892	11	1	Chr1:15917669;Chr1:15920967;Chr1:15921327;Chr1:15921786;Chr1:15926645;Chr1:15940358;Chr1:15941749;Chr1:15944718;Chr1:15949698;Chr1:15963922;Chr1:15984892	Chr1:15963922	""	FALSE	TRUE	FALSE	1	0	FALSE	FALSE	2	2	2	8	10	17
nobgs_V1_c1_rep1_env6	lfmm_simes	Chr1	15917669	15984892	11	1	Chr1:15917669;Chr1:15920967;Chr1:15921327;Chr1:15921786;Chr1:15926645;Chr1:15940358;Chr1:15941749;Chr1:15944718;Chr1:15949698;Chr1:15963922;Chr1:15984892	Chr1:15963922	""	FALSE	TRUE	FALSE	1	0	FALSE	FALSE	2	2	2	8	10	17
nobgs_V1_c1_rep2_env1	emmax_consensus	Chr1	7638049	7839458	31	2	Chr1:7638049;Chr1:7644980;Chr1:7650613;Chr1:7651010;Chr1:7656270;Chr1:7658628;Chr1:7660367;Chr1:7660744;Chr1:7692515;Chr1:7702492;Chr1:7704480;Chr1:7713408;Chr1:7722919;Chr1:7726560;Chr1:7733167;Chr1:7734285;Chr1:7741376;Chr1:7741730;Chr1:7748704;Chr1:7763413;Chr1:7765827;Chr1:7782333;Chr1:7792897;Chr1:7799824;Chr1:7804844;Chr1:7809711;Chr1:7810703;Chr1:7811569;Chr1:7821587;Chr1:7822929;Chr1:7839458	Chr1:7658628;Chr1:7792897	Chr1:7839458	TRUE	TRUE	FALSE	1	0	FALSE	FALSE	2	2	2	11	13	19
nobgs_V1_c1_rep2_env1	emmax_simes	Chr1	7638049	7839458	31	2	Chr1:7638049;Chr1:7644980;Chr1:7650613;Chr1:7651010;Chr1:7656270;Chr1:7658628;Chr1:7660367;Chr1:7660744;Chr1:7692515;Chr1:7702492;Chr1:7704480;Chr1:7713408;Chr1:7722919;Chr1:7726560;Chr1:7733167;Chr1:7734285;Chr1:7741376;Chr1:7741730;Chr1:7748704;Chr1:7763413;Chr1:7765827;Chr1:7782333;Chr1:7792897;Chr1:7799824;Chr1:7804844;Chr1:7809711;Chr1:7810703;Chr1:7811569;Chr1:7821587;Chr1:7822929;Chr1:7839458	Chr1:7658628;Chr1:7792897	Chr1:7839458	TRUE	TRUE	FALSE	1	0	FALSE	FALSE	2	2	2	11	13	19
nobgs_V1_c1_rep2_env1	lfmm_simes	Chr1	7638049	7839458	31	2	Chr1:7638049;Chr1:7644980;Chr1:7650613;Chr1:7651010;Chr1:7656270;Chr1:7658628;Chr1:7660367;Chr1:7660744;Chr1:7692515;Chr1:7702492;Chr1:7704480;Chr1:7713408;Chr1:7722919;Chr1:7726560;Chr1:7733167;Chr1:7734285;Chr1:7741376;Chr1:7741730;Chr1:7748704;Chr1:7763413;Chr1:7765827;Chr1:7782333;Chr1:7792897;Chr1:7799824;Chr1:7804844;Chr1:7809711;Chr1:7810703;Chr1:7811569;Chr1:7821587;Chr1:7822929;Chr1:7839458	Chr1:7658628;Chr1:7792897	Chr1:7839458	TRUE	TRUE	FALSE	1	0	FALSE	FALSE	2	2	2	11	13	19
nobgs_V1_c1_rep2_env10	emmax_consensus	Chr1	16654913	16983935	19	1	Chr1:16654913;Chr1:16794090;Chr1:16802636;Chr1:16802829;Chr1:16814555;Chr1:16828758;Chr1:16834526;Chr1:16864718;Chr1:16866529;Chr1:16886108;Chr1:16909432;Chr1:16926541;Chr1:16926900;Chr1:16928608;Chr1:16934845;Chr1:16973622;Chr1:16975906;Chr1:16977261;Chr1:16983935	Chr1:16802636	Chr1:16928608	TRUE	TRUE	TRUE	1	1	FALSE	FALSE	3	3	3	10	12	18
nobgs_V1_c1_rep2_env10	emmax_simes	Chr1	16654913	16983935	19	1	Chr1:16654913;Chr1:16794090;Chr1:16802636;Chr1:16802829;Chr1:16814555;Chr1:16828758;Chr1:16834526;Chr1:16864718;Chr1:16866529;Chr1:16886108;Chr1:16909432;Chr1:16926541;Chr1:16926900;Chr1:16928608;Chr1:16934845;Chr1:16973622;Chr1:16975906;Chr1:16977261;Chr1:16983935	Chr1:16802636	Chr1:16928608	TRUE	TRUE	TRUE	1	1	FALSE	FALSE	3	3	3	10	12	18
nobgs_V1_c1_rep2_env10	lfmm_simes	Chr1	10794306	10897969	12	1	Chr1:10794306;Chr1:10819397;Chr1:10830629;Chr1:10835678;Chr1:10842456;Chr1:10848257;Chr1:10849202;Chr1:10850996;Chr1:10857702;Chr1:10870601;Chr1:10882531;Chr1:10897969	Chr1:10819397	""	FALSE	TRUE	FALSE	1	0	FALSE	FALSE	2	2	2	10	12	18
nobgs_V1_c1_rep2_env10	lfmm_simes	Chr1	11479862	11847012	18	1	Chr1:11479862;Chr1:11480403;Chr1:11483995;Chr1:11493871;Chr1:11517174;Chr1:11525624;Chr1:11543840;Chr1:11653627;Chr1:11791822;Chr1:11793442;Chr1:11794047;Chr1:11798572;Chr1:11813163;Chr1:11827228;Chr1:11827721;Chr1:11828528;Chr1:11828542;Chr1:11847012	Chr1:11793442	""	FALSE	TRUE	TRUE	1	1	FALSE	FALSE	3	3	3	10	12	18
nobgs_V1_c1_rep2_env10	lfmm_simes	Chr1	16654913	16983935	19	1	Chr1:16654913;Chr1:16794090;Chr1:16802636;Chr1:16802829;Chr1:16814555;Chr1:16828758;Chr1:16834526;Chr1:16864718;Chr1:16866529;Chr1:16886108;Chr1:16909432;Chr1:16926541;Chr1:16926900;Chr1:16928608;Chr1:16934845;Chr1:16973622;Chr1:16975906;Chr1:16977261;Chr1:16983935	Chr1:16802636	Chr1:16928608	TRUE	TRUE	TRUE	1	1	FALSE	FALSE	3	3	3	10	12	18
nobgs_V1_c1_rep2_env10	lfmm_simes	Chr2	12380395	12515476	15	1	Chr2:12380395;Chr2:12390297;Chr2:12398024;Chr2:12421605;Chr2:12427886;Chr2:12430560;Chr2:12444755;Chr2:12451869;Chr2:12465377;Chr2:12470543;Chr2:12479654;Chr2:12481359;Chr2:12482410;Chr2:12494981;Chr2:12515476	Chr2:12444755	""	FALSE	TRUE	FALSE	1	0	FALSE	FALSE	2	2	2	10	12	18
nobgs_V1_c1_rep2_env4	emmax_consensus	Chr1	15294136	15410924	18	1	Chr1:15294136;Chr1:15304379;Chr1:15310098;Chr1:15326173;Chr1:15327742;Chr1:15335672;Chr1:15347063;Chr1:15358359;Chr1:15360758;Chr1:15364755;Chr1:15365864;Chr1:15373778;Chr1:15374380;Chr1:15389205;Chr1:15391255;Chr1:15398716;Chr1:15401372;Chr1:15410924	Chr1:15294136	""	FALSE	FALSE	TRUE	0	1	FALSE	FALSE	2	2	2	10	13	18
nobgs_V1_c1_rep2_env4	emmax_consensus	Chr1	15419052	15495811	16	1	Chr1:15419052;Chr1:15420523;Chr1:15429688;Chr1:15430655;Chr1:15432342;Chr1:15432455;Chr1:15432488;Chr1:15446232;Chr1:15451778;Chr1:15458172;Chr1:15459013;Chr1:15469888;Chr1:15470351;Chr1:15471741;Chr1:15485459;Chr1:15495811	Chr1:15459013	Chr1:15553807	TRUE	TRUE	FALSE	1	0	FALSE	FALSE	2	2	2	10	13	18
nobgs_V1_c1_rep2_env4	emmax_simes	Chr1	15419052	15495811	16	1	Chr1:15419052;Chr1:15420523;Chr1:15429688;Chr1:15430655;Chr1:15432342;Chr1:15432455;Chr1:15432488;Chr1:15446232;Chr1:15451778;Chr1:15458172;Chr1:15459013;Chr1:15469888;Chr1:15470351;Chr1:15471741;Chr1:15485459;Chr1:15495811	Chr1:15459013	Chr1:15553807	TRUE	TRUE	FALSE	1	0	FALSE	FALSE	2	2	2	10	13	18
nobgs_V1_c1_rep2_env4	lfmm_simes	Chr1	15419052	15495811	16	1	Chr1:15419052;Chr1:15420523;Chr1:15429688;Chr1:15430655;Chr1:15432342;Chr1:15432455;Chr1:15432488;Chr1:15446232;Chr1:15451778;Chr1:15458172;Chr1:15459013;Chr1:15469888;Chr1:15470351;Chr1:15471741;Chr1:15485459;Chr1:15495811	Chr1:15459013	Chr1:15553807	TRUE	TRUE	FALSE	1	0	FALSE	FALSE	2	2	2	10	13	18
nobgs_V1_c1_rep3_env2	emmax_consensus	Chr1	3018990	3062170	12	1	Chr1:3018990;Chr1:3023061;Chr1:3026189;Chr1:3027799;Chr1:3030729;Chr1:3038334;Chr1:3042854;Chr1:3050550;Chr1:3054533;Chr1:3054746;Chr1:3060646;Chr1:3062170	Chr1:3054746	""	FALSE	TRUE	FALSE	1	0	FALSE	FALSE	2	2	2	7	9	15
nobgs_V1_c1_rep3_env2	emmax_consensus	Chr1	3246519	3311329	15	1	Chr1:3246519;Chr1:3248713;Chr1:3249873;Chr1:3250800;Chr1:3255603;Chr1:3256455;Chr1:3266325;Chr1:3267466;Chr1:3268310;Chr1:3280426;Chr1:3280857;Chr1:3289842;Chr1:3289844;Chr1:3310648;Chr1:3311329	Chr1:3280426	""	FALSE	TRUE	TRUE	1	1	FALSE	FALSE	3	3	3	7	9	15
nobgs_V1_c1_rep3_env2	emmax_consensus	Chr1	3360360	3702430	72	4	Chr1:3360360;Chr1:3376422;Chr1:3378604;Chr1:3379391;Chr1:3382047;Chr1:3384610;Chr1:3385314;Chr1:3397447;Chr1:3398972;Chr1:3401175;Chr1:3403217;Chr1:3403781;Chr1:3405267;Chr1:3412757;Chr1:3420859;Chr1:3429531;Chr1:3431921;Chr1:3433379;Chr1:3434783;Chr1:3454733;Chr1:3455454;Chr1:3455521;Chr1:3455987;Chr1:3457316;Chr1:3457929;Chr1:3461371;Chr1:3467926;Chr1:3468164;Chr1:3474346;Chr1:3486901;Chr1:3489207;Chr1:3505252;Chr1:3513440;Chr1:3522543;Chr1:3523120;Chr1:3526489;Chr1:3529812;Chr1:3530384;Chr1:3551327;Chr1:3560343;Chr1:3561875;Chr1:3569543;Chr1:3572906;Chr1:3576680;Chr1:3577224;Chr1:3585069;Chr1:3587163;Chr1:3590701;Chr1:3622192;Chr1:3575355;Chr1:3594803;Chr1:3599528;Chr1:3605258;Chr1:3612254;Chr1:3622462;Chr1:3624527;Chr1:3627498;Chr1:3629901;Chr1:3637522;Chr1:3643868;Chr1:3644718;Chr1:3644724;Chr1:3648695;Chr1:3652326;Chr1:3662267;Chr1:3668296;Chr1:3674151;Chr1:3675296;Chr1:3683007;Chr1:3688551;Chr1:3692404;Chr1:3702430	Chr1:3420859;Chr1:3461371;Chr1:3569543;Chr1:3662267	Chr1:3674151	TRUE	TRUE	TRUE	1	1	FALSE	FALSE	3	3	3	7	9	15
nobgs_V1_c1_rep3_env2	emmax_consensus	Chr1	3716125	3775731	17	1	Chr1:3716125;Chr1:3717012;Chr1:3721902;Chr1:3728761;Chr1:3731947;Chr1:3734581;Chr1:3738005;Chr1:3742403;Chr1:3748487;Chr1:3751670;Chr1:3754362;Chr1:3756581;Chr1:3765402;Chr1:3766268;Chr1:3767956;Chr1:3771459;Chr1:3775731	Chr1:3742403	Chr1:3674151	TRUE	TRUE	TRUE	1	1	FALSE	FALSE	3	3	3	7	9	15
nobgs_V1_c1_rep3_env2	emmax_simes	Chr1	20060	422150	22	1	Chr1:20060;Chr1:83085;Chr1:92443;Chr1:130472;Chr1:132043;Chr1:182558;Chr1:186721;Chr1:201556;Chr1:206046;Chr1:219285;Chr1:280929;Chr1:293250;Chr1:295893;Chr1:311357;Chr1:318477;Chr1:364094;Chr1:398675;Chr1:408731;Chr1:410259;Chr1:416965;Chr1:417994;Chr1:422150	Chr1:83085	""	FALSE	FALSE	TRUE	0	1	FALSE	FALSE	2	2	2	7	9	15
nobgs_V1_c1_rep3_env2	emmax_simes	Chr1	3018990	3062170	12	1	Chr1:3018990;Chr1:3023061;Chr1:3026189;Chr1:3027799;Chr1:3030729;Chr1:3038334;Chr1:3042854;Chr1:3050550;Chr1:3054533;Chr1:3054746;Chr1:3060646;Chr1:3062170	Chr1:3054746	""	FALSE	FALSE	FALSE	0	0	FALSE	FALSE	1	1	1	7	9	15
nobgs_V1_c1_rep3_env2	emmax_simes	Chr1	3246519	3311329	15	1	Chr1:3246519;Chr1:3248713;Chr1:3249873;Chr1:3250800;Chr1:3255603;Chr1:3256455;Chr1:3266325;Chr1:3267466;Chr1:3268310;Chr1:3280426;Chr1:3280857;Chr1:3289842;Chr1:3289844;Chr1:3310648;Chr1:3311329	Chr1:3280426	""	FALSE	FALSE	TRUE	0	1	FALSE	FALSE	2	2	2	7	9	15
nobgs_V1_c1_rep3_env2	emmax_simes	Chr1	3360360	3702430	72	4	Chr1:3360360;Chr1:3376422;Chr1:3378604;Chr1:3379391;Chr1:3382047;Chr1:3384610;Chr1:3385314;Chr1:3397447;Chr1:3398972;Chr1:3401175;Chr1:3403217;Chr1:3403781;Chr1:3405267;Chr1:3412757;Chr1:3420859;Chr1:3429531;Chr1:3431921;Chr1:3433379;Chr1:3434783;Chr1:3454733;Chr1:3455454;Chr1:3455521;Chr1:3455987;Chr1:3457316;Chr1:3457929;Chr1:3461371;Chr1:3467926;Chr1:3468164;Chr1:3474346;Chr1:3486901;Chr1:3489207;Chr1:3505252;Chr1:3513440;Chr1:3522543;Chr1:3523120;Chr1:3526489;Chr1:3529812;Chr1:3530384;Chr1:3551327;Chr1:3560343;Chr1:3561875;Chr1:3569543;Chr1:3572906;Chr1:3576680;Chr1:3577224;Chr1:3585069;Chr1:3587163;Chr1:3590701;Chr1:3622192;Chr1:3575355;Chr1:3594803;Chr1:3599528;Chr1:3605258;Chr1:3612254;Chr1:3622462;Chr1:3624527;Chr1:3627498;Chr1:3629901;Chr1:3637522;Chr1:3643868;Chr1:3644718;Chr1:3644724;Chr1:3648695;Chr1:3652326;Chr1:3662267;Chr1:3668296;Chr1:3674151;Chr1:3675296;Chr1:3683007;Chr1:3688551;Chr1:3692404;Chr1:3702430	Chr1:3420859;Chr1:3461371;Chr1:3569543;Chr1:3662267	Chr1:3674151	TRUE	TRUE	TRUE	1	1	FALSE	FALSE	3	3	3	7	9	15
nobgs_V1_c1_rep3_env2	emmax_simes	Chr1	3716125	3775731	17	1	Chr1:3716125;Chr1:3717012;Chr1:3721902;Chr1:3728761;Chr1:3731947;Chr1:3734581;Chr1:3738005;Chr1:3742403;Chr1:3748487;Chr1:3751670;Chr1:3754362;Chr1:3756581;Chr1:3765402;Chr1:3766268;Chr1:3767956;Chr1:3771459;Chr1:3775731	Chr1:3742403	Chr1:3674151	TRUE	FALSE	TRUE	0	1	FALSE	FALSE	2	2	2	7	9	15
nobgs_V1_c1_rep3_env2	emmax_simes	Chr1	5471982	5519781	12	1	Chr1:5471982;Chr1:5475098;Chr1:5476070;Chr1:5478565;Chr1:5478598;Chr1:5478793;Chr1:5487794;Chr1:5494232;Chr1:5498343;Chr1:5498516;Chr1:5507749;Chr1:5519781	Chr1:5478565	""	FALSE	FALSE	FALSE	0	0	FALSE	FALSE	1	1	1	7	9	15
nobgs_V1_c1_rep3_env2	lfmm_simes	Chr1	3246519	3311329	15	1	Chr1:3246519;Chr1:3248713;Chr1:3249873;Chr1:3250800;Chr1:3255603;Chr1:3256455;Chr1:3266325;Chr1:3267466;Chr1:3268310;Chr1:3280426;Chr1:3280857;Chr1:3289842;Chr1:3289844;Chr1:3310648;Chr1:3311329	Chr1:3280426	""	FALSE	FALSE	TRUE	0	1	FALSE	FALSE	2	2	2	7	9	15
nobgs_V1_c1_rep3_env2	lfmm_simes	Chr1	3551327	3702430	34	2	Chr1:3551327;Chr1:3560343;Chr1:3561875;Chr1:3569543;Chr1:3572906;Chr1:3576680;Chr1:3577224;Chr1:3585069;Chr1:3587163;Chr1:3590701;Chr1:3622192;Chr1:3575355;Chr1:3594803;Chr1:3599528;Chr1:3605258;Chr1:3612254;Chr1:3622462;Chr1:3624527;Chr1:3627498;Chr1:3629901;Chr1:3637522;Chr1:3643868;Chr1:3644718;Chr1:3644724;Chr1:3648695;Chr1:3652326;Chr1:3662267;Chr1:3668296;Chr1:3674151;Chr1:3675296;Chr1:3683007;Chr1:3688551;Chr1:3692404;Chr1:3702430	Chr1:3569543;Chr1:3662267	Chr1:3674151	TRUE	TRUE	TRUE	1	1	FALSE	FALSE	3	3	3	7	9	15
nobgs_V1_c1_rep3_env5	emmax_consensus	Chr1	10937776	10989694	10	1	Chr1:10937776;Chr1:10956460;Chr1:10961408;Chr1:10963882;Chr1:10965035;Chr1:10965182;Chr1:10969840;Chr1:10973264;Chr1:10985878;Chr1:10989694	Chr1:10963882	Chr1:10989694	TRUE	TRUE	FALSE	1	0	FALSE	FALSE	2	2	2	8	9	11
nobgs_V1_c1_rep3_env5	emmax_simes	Chr1	10937776	10989694	10	1	Chr1:10937776;Chr1:10956460;Chr1:10961408;Chr1:10963882;Chr1:10965035;Chr1:10965182;Chr1:10969840;Chr1:10973264;Chr1:10985878;Chr1:10989694	Chr1:10963882	Chr1:10989694	TRUE	TRUE	FALSE	1	0	FALSE	FALSE	2	2	2	8	9	11
nobgs_V1_c1_rep3_env5	lfmm_simes	Chr1	10937776	10989694	10	1	Chr1:10937776;Chr1:10956460;Chr1:10961408;Chr1:10963882;Chr1:10965035;Chr1:10965182;Chr1:10969840;Chr1:10973264;Chr1:10985878;Chr1:10989694	Chr1:10963882	Chr1:10989694	TRUE	TRUE	FALSE	1	0	FALSE	FALSE	2	2	2	8	9	11
nobgs_V1_c1_rep3_env7	emmax_consensus	Chr1	10961243	11041530	19	2	Chr1:10961243;Chr1:10969569;Chr1:10969929;Chr1:10974929;Chr1:10978286;Chr1:10988879;Chr1:10989694;Chr1:10989894;Chr1:10996771;Chr1:11011501;Chr1:11014053;Chr1:11014262;Chr1:11016869;Chr1:11017131;Chr1:11017312;Chr1:11024021;Chr1:11030891;Chr1:11038118;Chr1:11041530	Chr1:10978286;Chr1:11014053	Chr1:10989694	TRUE	TRUE	FALSE	1	0	FALSE	FALSE	2	2	2	7	9	12
nobgs_V1_c1_rep3_env7	emmax_simes	Chr1	10961243	11041530	19	2	Chr1:10961243;Chr1:10969569;Chr1:10969929;Chr1:10974929;Chr1:10978286;Chr1:10988879;Chr1:10989694;Chr1:10989894;Chr1:10996771;Chr1:11011501;Chr1:11014053;Chr1:11014262;Chr1:11016869;Chr1:11017131;Chr1:11017312;Chr1:11024021;Chr1:11030891;Chr1:11038118;Chr1:11041530	Chr1:10978286;Chr1:11014053	Chr1:10989694	TRUE	TRUE	FALSE	1	0	FALSE	FALSE	2	2	2	7	9	12
nobgs_V1_c1_rep3_env7	lfmm_simes	Chr1	10961243	11041530	19	2	Chr1:10961243;Chr1:10969569;Chr1:10969929;Chr1:10974929;Chr1:10978286;Chr1:10988879;Chr1:10989694;Chr1:10989894;Chr1:10996771;Chr1:11011501;Chr1:11014053;Chr1:11014262;Chr1:11016869;Chr1:11017131;Chr1:11017312;Chr1:11024021;Chr1:11030891;Chr1:11038118;Chr1:11041530	Chr1:10978286;Chr1:11014053	Chr1:10989694	TRUE	TRUE	FALSE	1	0	FALSE	FALSE	2	2	2	7	9	12
nobgs_V1_c1_rep4_env1	emmax_consensus	Chr1	19283346	19826773	124	5	Chr1:19283346;Chr1:19283447;Chr1:19289538;Chr1:19289587;Chr1:19291404;Chr1:19291950;Chr1:19293961;Chr1:19296802;Chr1:19297557;Chr1:19301179;Chr1:19303401;Chr1:19304671;Chr1:19307738;Chr1:19311449;Chr1:19312452;Chr1:19316567;Chr1:19322725;Chr1:19326426;Chr1:19328541;Chr1:19332330;Chr1:19332612;Chr1:19334169;Chr1:19339905;Chr1:19340342;Chr1:19348969;Chr1:19356951;Chr1:19343153;Chr1:19343544;Chr1:19353402;Chr1:19366792;Chr1:19377741;Chr1:19378028;Chr1:19423422;Chr1:19425253;Chr1:19427519;Chr1:19434902;Chr1:19434906;Chr1:19446381;Chr1:19466548;Chr1:19467206;Chr1:19470059;Chr1:19534674;Chr1:19551281;Chr1:19379228;Chr1:19489813;Chr1:19493910;Chr1:19513601;Chr1:19515731;Chr1:19520499;Chr1:19527441;Chr1:19541636;Chr1:19546013;Chr1:19569154;Chr1:19573190;Chr1:19661849;Chr1:19670604;Chr1:19702488;Chr1:19702835;Chr1:19707564;Chr1:19710678;Chr1:19715295;Chr1:19722087;Chr1:19728732;Chr1:19777170;Chr1:19779438;Chr1:19780581;Chr1:19782425;Chr1:19782724;Chr1:19786097;Chr1:19790210;Chr1:19814018;Chr1:19819425;Chr1:19826773;Chr1:19387324;Chr1:19389251;Chr1:19395706;Chr1:19433959;Chr1:19439470;Chr1:19442589;Chr1:19464360;Chr1:19473237;Chr1:19478822;Chr1:19521152;Chr1:19521516;Chr1:19523491;Chr1:19531367;Chr1:19537202;Chr1:19545717;Chr1:19572113;Chr1:19614514;Chr1:19621211;Chr1:19626604;Chr1:19637186;Chr1:19637938;Chr1:19638807;Chr1:19673622;Chr1:19673715;Chr1:19686545;Chr1:19687150;Chr1:19688372;Chr1:19579754;Chr1:19579849;Chr1:19583074;Chr1:19588499;Chr1:19589236;Chr1:19592110;Chr1:19598227;Chr1:19598456;Chr1:19601239;Chr1:19633605;Chr1:19637995;Chr1:19639723;Chr1:19645474;Chr1:19647331;Chr1:19648929;Chr1:19654121;Chr1:19655462;Chr1:19675107;Chr1:19713016;Chr1:19725672;Chr1:19736061;Chr1:19750087;Chr1:19751347;Chr1:19757356	Chr1:19283346;Chr1:19434906;Chr1:19707564;Chr1:19572113;Chr1:19633605	Chr1:19379228;Chr1:19722087	TRUE	TRUE	TRUE	1	1	FALSE	FALSE	3	3	3	13	16	25
nobgs_V1_c1_rep4_env1	emmax_simes	Chr1	19283346	19826773	124	5	Chr1:19283346;Chr1:19283447;Chr1:19289538;Chr1:19289587;Chr1:19291404;Chr1:19291950;Chr1:19293961;Chr1:19296802;Chr1:19297557;Chr1:19301179;Chr1:19303401;Chr1:19304671;Chr1:19307738;Chr1:19311449;Chr1:19312452;Chr1:19316567;Chr1:19322725;Chr1:19326426;Chr1:19328541;Chr1:19332330;Chr1:19332612;Chr1:19334169;Chr1:19339905;Chr1:19340342;Chr1:19348969;Chr1:19356951;Chr1:19343153;Chr1:19343544;Chr1:19353402;Chr1:19366792;Chr1:19377741;Chr1:19378028;Chr1:19423422;Chr1:19425253;Chr1:19427519;Chr1:19434902;Chr1:19434906;Chr1:19446381;Chr1:19466548;Chr1:19467206;Chr1:19470059;Chr1:19534674;Chr1:19551281;Chr1:19379228;Chr1:19489813;Chr1:19493910;Chr1:19513601;Chr1:19515731;Chr1:19520499;Chr1:19527441;Chr1:19541636;Chr1:19546013;Chr1:19569154;Chr1:19573190;Chr1:19661849;Chr1:19670604;Chr1:19702488;Chr1:19702835;Chr1:19707564;Chr1:19710678;Chr1:19715295;Chr1:19722087;Chr1:19728732;Chr1:19777170;Chr1:19779438;Chr1:19780581;Chr1:19782425;Chr1:19782724;Chr1:19786097;Chr1:19790210;Chr1:19814018;Chr1:19819425;Chr1:19826773;Chr1:19387324;Chr1:19389251;Chr1:19395706;Chr1:19433959;Chr1:19439470;Chr1:19442589;Chr1:19464360;Chr1:19473237;Chr1:19478822;Chr1:19521152;Chr1:19521516;Chr1:19523491;Chr1:19531367;Chr1:19537202;Chr1:19545717;Chr1:19572113;Chr1:19614514;Chr1:19621211;Chr1:19626604;Chr1:19637186;Chr1:19637938;Chr1:19638807;Chr1:19673622;Chr1:19673715;Chr1:19686545;Chr1:19687150;Chr1:19688372;Chr1:19579754;Chr1:19579849;Chr1:19583074;Chr1:19588499;Chr1:19589236;Chr1:19592110;Chr1:19598227;Chr1:19598456;Chr1:19601239;Chr1:19633605;Chr1:19637995;Chr1:19639723;Chr1:19645474;Chr1:19647331;Chr1:19648929;Chr1:19654121;Chr1:19655462;Chr1:19675107;Chr1:19713016;Chr1:19725672;Chr1:19736061;Chr1:19750087;Chr1:19751347;Chr1:19757356	Chr1:19283346;Chr1:19434906;Chr1:19707564;Chr1:19572113;Chr1:19633605	Chr1:19379228;Chr1:19722087	TRUE	TRUE	TRUE	1	1	FALSE	FALSE	3	3	3	13	16	25
nobgs_V1_c1_rep4_env1	lfmm_simes	Chr1	19283346	19826773	100	4	Chr1:19283346;Chr1:19283447;Chr1:19289538;Chr1:19289587;Chr1:19291404;Chr1:19291950;Chr1:19293961;Chr1:19296802;Chr1:19297557;Chr1:19301179;Chr1:19303401;Chr1:19304671;Chr1:19307738;Chr1:19311449;Chr1:19312452;Chr1:19316567;Chr1:19322725;Chr1:19326426;Chr1:19328541;Chr1:19332330;Chr1:19332612;Chr1:19334169;Chr1:19339905;Chr1:19340342;Chr1:19348969;Chr1:19356951;Chr1:19343153;Chr1:19343544;Chr1:19353402;Chr1:19366792;Chr1:19377741;Chr1:19378028;Chr1:19423422;Chr1:19425253;Chr1:19427519;Chr1:19434902;Chr1:19434906;Chr1:19446381;Chr1:19466548;Chr1:19467206;Chr1:19470059;Chr1:19534674;Chr1:19551281;Chr1:19379228;Chr1:19489813;Chr1:19493910;Chr1:19513601;Chr1:19515731;Chr1:19520499;Chr1:19527441;Chr1:19541636;Chr1:19546013;Chr1:19569154;Chr1:19573190;Chr1:19661849;Chr1:19670604;Chr1:19702488;Chr1:19702835;Chr1:19707564;Chr1:19710678;Chr1:19715295;Chr1:19722087;Chr1:19728732;Chr1:19777170;Chr1:19779438;Chr1:19780581;Chr1:19782425;Chr1:19782724;Chr1:19786097;Chr1:19790210;Chr1:19814018;Chr1:19819425;Chr1:19826773;Chr1:19387324;Chr1:19389251;Chr1:19395706;Chr1:19433959;Chr1:19439470;Chr1:19442589;Chr1:19464360;Chr1:19473237;Chr1:19478822;Chr1:19521152;Chr1:19521516;Chr1:19523491;Chr1:19531367;Chr1:19537202;Chr1:19545717;Chr1:19572113;Chr1:19614514;Chr1:19621211;Chr1:19626604;Chr1:19637186;Chr1:19637938;Chr1:19638807;Chr1:19673622;Chr1:19673715;Chr1:19686545;Chr1:19687150;Chr1:19688372	Chr1:19283346;Chr1:19434906;Chr1:19707564;Chr1:19572113	Chr1:19379228;Chr1:19722087	TRUE	TRUE	TRUE	1	1	FALSE	FALSE	3	3	3	13	16	25
nobgs_V1_c1_rep4_env3	emmax_consensus	Chr1	11164245	11296976	18	1	Chr1:11164245;Chr1:11169733;Chr1:11170354;Chr1:11203405;Chr1:11204716;Chr1:11209192;Chr1:11209731;Chr1:11213471;Chr1:11215308;Chr1:11233182;Chr1:11264496;Chr1:11269890;Chr1:11272897;Chr1:11273672;Chr1:11280794;Chr1:11282914;Chr1:11283923;Chr1:11296976	Chr1:11215308	Chr1:11272897	TRUE	TRUE	FALSE	1	0	FALSE	FALSE	2	2	2	11	14	20
nobgs_V1_c1_rep4_env3	emmax_simes	Chr1	11164245	11296976	18	1	Chr1:11164245;Chr1:11169733;Chr1:11170354;Chr1:11203405;Chr1:11204716;Chr1:11209192;Chr1:11209731;Chr1:11213471;Chr1:11215308;Chr1:11233182;Chr1:11264496;Chr1:11269890;Chr1:11272897;Chr1:11273672;Chr1:11280794;Chr1:11282914;Chr1:11283923;Chr1:11296976	Chr1:11215308	Chr1:11272897	TRUE	TRUE	FALSE	1	0	FALSE	FALSE	2	2	2	11	14	20
nobgs_V1_c1_rep4_env3	lfmm_simes	Chr1	11164245	11296976	18	1	Chr1:11164245;Chr1:11169733;Chr1:11170354;Chr1:11203405;Chr1:11204716;Chr1:11209192;Chr1:11209731;Chr1:11213471;Chr1:11215308;Chr1:11233182;Chr1:11264496;Chr1:11269890;Chr1:11272897;Chr1:11273672;Chr1:11280794;Chr1:11282914;Chr1:11283923;Chr1:11296976	Chr1:11215308	Chr1:11272897	TRUE	TRUE	FALSE	1	0	FALSE	FALSE	2	2	2	11	14	20
nobgs_V1_c1_rep4_env4	emmax_consensus	Chr1	19265158	19814018	106	3	Chr1:19265158;Chr1:19266953;Chr1:19269675;Chr1:19271181;Chr1:19283346;Chr1:19283447;Chr1:19289538;Chr1:19289587;Chr1:19291404;Chr1:19297557;Chr1:19301179;Chr1:19304671;Chr1:19311449;Chr1:19322725;Chr1:19332330;Chr1:19332612;Chr1:19334169;Chr1:19339905;Chr1:19340342;Chr1:19348969;Chr1:19379228;Chr1:19387324;Chr1:19389251;Chr1:19395706;Chr1:19439470;Chr1:19442589;Chr1:19356951;Chr1:19433959;Chr1:19464360;Chr1:19470059;Chr1:19473237;Chr1:19478822;Chr1:19489813;Chr1:19493910;Chr1:19513601;Chr1:19515731;Chr1:19520499;Chr1:19521152;Chr1:19521516;Chr1:19523491;Chr1:19527441;Chr1:19531367;Chr1:19537202;Chr1:19541636;Chr1:19545717;Chr1:19546013;Chr1:19569154;Chr1:19572113;Chr1:19573190;Chr1:19579754;Chr1:19579849;Chr1:19583074;Chr1:19588499;Chr1:19589236;Chr1:19592110;Chr1:19598227;Chr1:19598456;Chr1:19601239;Chr1:19614514;Chr1:19621211;Chr1:19626604;Chr1:19633605;Chr1:19637186;Chr1:19637938;Chr1:19637995;Chr1:19638807;Chr1:19639723;Chr1:19645474;Chr1:19647331;Chr1:19648929;Chr1:19654121;Chr1:19655462;Chr1:19661849;Chr1:19670604;Chr1:19673622;Chr1:19673715;Chr1:19675107;Chr1:19686545;Chr1:19687150;Chr1:19688372;Chr1:19702488;Chr1:19702835;Chr1:19707564;Chr1:19710678;Chr1:19713016;Chr1:19715295;Chr1:19722087;Chr1:19725672;Chr1:19728732;Chr1:19736061;Chr1:19750087;Chr1:19751347;Chr1:19757356;Chr1:19774103;Chr1:19777170;Chr1:19779438;Chr1:19779724;Chr1:19780581;Chr1:19782165;Chr1:19782425;Chr1:19782724;Chr1:19786097;Chr1:19790210;Chr1:19793206;Chr1:19797541;Chr1:19814018	Chr1:19311449;Chr1:19633605;Chr1:19779724	Chr1:19379228;Chr1:19722087	TRUE	TRUE	TRUE	1	1	FALSE	FALSE	3	3	3	12	16	26
nobgs_V1_c1_rep4_env4	emmax_consensus	Chr1	20758072	21024397	18	1	Chr1:20758072;Chr1:20770867;Chr1:20779414;Chr1:20823871;Chr1:20855640;Chr1:20879283;Chr1:20893225;Chr1:20895033;Chr1:20899605;Chr1:20899669;Chr1:20932606;Chr1:20946419;Chr1:20986150;Chr1:21000820;Chr1:21010388;Chr1:21015005;Chr1:21019990;Chr1:21024397	Chr1:20946419	""	FALSE	FALSE	FALSE	0	0	FALSE	FALSE	1	1	1	12	16	26
nobgs_V1_c1_rep4_env4	emmax_simes	Chr1	19265158	19814018	106	3	Chr1:19265158;Chr1:19266953;Chr1:19269675;Chr1:19271181;Chr1:19283346;Chr1:19283447;Chr1:19289538;Chr1:19289587;Chr1:19291404;Chr1:19297557;Chr1:19301179;Chr1:19304671;Chr1:19311449;Chr1:19322725;Chr1:19332330;Chr1:19332612;Chr1:19334169;Chr1:19339905;Chr1:19340342;Chr1:19348969;Chr1:19379228;Chr1:19387324;Chr1:19389251;Chr1:19395706;Chr1:19439470;Chr1:19442589;Chr1:19356951;Chr1:19433959;Chr1:19464360;Chr1:19470059;Chr1:19473237;Chr1:19478822;Chr1:19489813;Chr1:19493910;Chr1:19513601;Chr1:19515731;Chr1:19520499;Chr1:19521152;Chr1:19521516;Chr1:19523491;Chr1:19527441;Chr1:19531367;Chr1:19537202;Chr1:19541636;Chr1:19545717;Chr1:19546013;Chr1:19569154;Chr1:19572113;Chr1:19573190;Chr1:19579754;Chr1:19579849;Chr1:19583074;Chr1:19588499;Chr1:19589236;Chr1:19592110;Chr1:19598227;Chr1:19598456;Chr1:19601239;Chr1:19614514;Chr1:19621211;Chr1:19626604;Chr1:19633605;Chr1:19637186;Chr1:19637938;Chr1:19637995;Chr1:19638807;Chr1:19639723;Chr1:19645474;Chr1:19647331;Chr1:19648929;Chr1:19654121;Chr1:19655462;Chr1:19661849;Chr1:19670604;Chr1:19673622;Chr1:19673715;Chr1:19675107;Chr1:19686545;Chr1:19687150;Chr1:19688372;Chr1:19702488;Chr1:19702835;Chr1:19707564;Chr1:19710678;Chr1:19713016;Chr1:19715295;Chr1:19722087;Chr1:19725672;Chr1:19728732;Chr1:19736061;Chr1:19750087;Chr1:19751347;Chr1:19757356;Chr1:19774103;Chr1:19777170;Chr1:19779438;Chr1:19779724;Chr1:19780581;Chr1:19782165;Chr1:19782425;Chr1:19782724;Chr1:19786097;Chr1:19790210;Chr1:19793206;Chr1:19797541;Chr1:19814018	Chr1:19311449;Chr1:19633605;Chr1:19779724	Chr1:19379228;Chr1:19722087	TRUE	TRUE	TRUE	1	1	FALSE	FALSE	3	3	3	12	16	26
nobgs_V1_c1_rep4_env4	lfmm_simes	Chr1	19265158	19814018	106	3	Chr1:19265158;Chr1:19266953;Chr1:19269675;Chr1:19271181;Chr1:19283346;Chr1:19283447;Chr1:19289538;Chr1:19289587;Chr1:19291404;Chr1:19297557;Chr1:19301179;Chr1:19304671;Chr1:19311449;Chr1:19322725;Chr1:19332330;Chr1:19332612;Chr1:19334169;Chr1:19339905;Chr1:19340342;Chr1:19348969;Chr1:19379228;Chr1:19387324;Chr1:19389251;Chr1:19395706;Chr1:19439470;Chr1:19442589;Chr1:19356951;Chr1:19433959;Chr1:19464360;Chr1:19470059;Chr1:19473237;Chr1:19478822;Chr1:19489813;Chr1:19493910;Chr1:19513601;Chr1:19515731;Chr1:19520499;Chr1:19521152;Chr1:19521516;Chr1:19523491;Chr1:19527441;Chr1:19531367;Chr1:19537202;Chr1:19541636;Chr1:19545717;Chr1:19546013;Chr1:19569154;Chr1:19572113;Chr1:19573190;Chr1:19579754;Chr1:19579849;Chr1:19583074;Chr1:19588499;Chr1:19589236;Chr1:19592110;Chr1:19598227;Chr1:19598456;Chr1:19601239;Chr1:19614514;Chr1:19621211;Chr1:19626604;Chr1:19633605;Chr1:19637186;Chr1:19637938;Chr1:19637995;Chr1:19638807;Chr1:19639723;Chr1:19645474;Chr1:19647331;Chr1:19648929;Chr1:19654121;Chr1:19655462;Chr1:19661849;Chr1:19670604;Chr1:19673622;Chr1:19673715;Chr1:19675107;Chr1:19686545;Chr1:19687150;Chr1:19688372;Chr1:19702488;Chr1:19702835;Chr1:19707564;Chr1:19710678;Chr1:19713016;Chr1:19715295;Chr1:19722087;Chr1:19725672;Chr1:19728732;Chr1:19736061;Chr1:19750087;Chr1:19751347;Chr1:19757356;Chr1:19774103;Chr1:19777170;Chr1:19779438;Chr1:19779724;Chr1:19780581;Chr1:19782165;Chr1:19782425;Chr1:19782724;Chr1:19786097;Chr1:19790210;Chr1:19793206;Chr1:19797541;Chr1:19814018	Chr1:19311449;Chr1:19633605;Chr1:19779724	Chr1:19379228;Chr1:19722087	TRUE	TRUE	TRUE	1	1	FALSE	FALSE	3	3	3	12	16	26
nobgs_V1_c1_rep4_env4	lfmm_simes	Chr1	20758072	21024397	18	1	Chr1:20758072;Chr1:20770867;Chr1:20779414;Chr1:20823871;Chr1:20855640;Chr1:20879283;Chr1:20893225;Chr1:20895033;Chr1:20899605;Chr1:20899669;Chr1:20932606;Chr1:20946419;Chr1:20986150;Chr1:21000820;Chr1:21010388;Chr1:21015005;Chr1:21019990;Chr1:21024397	Chr1:20946419	""	FALSE	TRUE	FALSE	1	0	FALSE	FALSE	2	2	2	12	16	26
nobgs_V1_c1_rep4_env5	emmax_consensus	Chr1	22956870	23715456	79	1	Chr1:22956870;Chr1:22960887;Chr1:22970705;Chr1:22976012;Chr1:23000387;Chr1:23020295;Chr1:23024474;Chr1:23032590;Chr1:23037986;Chr1:23040813;Chr1:23043626;Chr1:23047819;Chr1:23068323;Chr1:23072114;Chr1:23104099;Chr1:23114500;Chr1:23137229;Chr1:23138858;Chr1:23139068;Chr1:23140784;Chr1:23153607;Chr1:23155257;Chr1:23176103;Chr1:23178046;Chr1:23188294;Chr1:23216970;Chr1:23221019;Chr1:23224338;Chr1:23229219;Chr1:23230284;Chr1:23244500;Chr1:23254277;Chr1:23258685;Chr1:23261030;Chr1:23265679;Chr1:23268533;Chr1:23288716;Chr1:23290043;Chr1:23293375;Chr1:23302747;Chr1:23303867;Chr1:23322133;Chr1:23330338;Chr1:23335414;Chr1:23351630;Chr1:23360989;Chr1:23378616;Chr1:23378675;Chr1:23387208;Chr1:23405887;Chr1:23409441;Chr1:23409494;Chr1:23411483;Chr1:23414020;Chr1:23426209;Chr1:23442551;Chr1:23443087;Chr1:23459773;Chr1:23470235;Chr1:23476043;Chr1:23477285;Chr1:23485246;Chr1:23494983;Chr1:23497992;Chr1:23507074;Chr1:23520843;Chr1:23526524;Chr1:23534792;Chr1:23538899;Chr1:23545361;Chr1:23548573;Chr1:23553607;Chr1:23558949;Chr1:23561665;Chr1:23597799;Chr1:23606947;Chr1:23621471;Chr1:23630415;Chr1:23715456	Chr1:23261030	""	FALSE	TRUE	TRUE	1	1	FALSE	FALSE	3	3	3	12	15	25
nobgs_V1_c1_rep4_env5	emmax_consensus	Chr1	24411704	25477430	99	2	Chr1:24411704;Chr1:24424596;Chr1:24453297;Chr1:24466538;Chr1:24473603;Chr1:24479092;Chr1:24480609;Chr1:24523807;Chr1:24557082;Chr1:24571709;Chr1:24578769;Chr1:24592338;Chr1:24648907;Chr1:24667760;Chr1:24668829;Chr1:24670094;Chr1:24685696;Chr1:24685734;Chr1:24705494;Chr1:24726097;Chr1:24727365;Chr1:24728967;Chr1:24729307;Chr1:24730131;Chr1:24734681;Chr1:24741167;Chr1:24772654;Chr1:24783778;Chr1:24789577;Chr1:24793812;Chr1:24796837;Chr1:24799732;Chr1:24800293;Chr1:24802672;Chr1:24806734;Chr1:24814868;Chr1:24822221;Chr1:24833102;Chr1:24838025;Chr1:24858761;Chr1:24866902;Chr1:24886107;Chr1:24889347;Chr1:24910210;Chr1:24928868;Chr1:24943262;Chr1:24951815;Chr1:24963885;Chr1:25000937;Chr1:25033509;Chr1:25046075;Chr1:25058139;Chr1:25074701;Chr1:25078508;Chr1:25095079;Chr1:25102700;Chr1:25111113;Chr1:25116312;Chr1:25121079;Chr1:25173848;Chr1:25188258;Chr1:25188721;Chr1:25192113;Chr1:25192406;Chr1:25218264;Chr1:25232108;Chr1:25240823;Chr1:25245855;Chr1:25258277;Chr1:25266789;Chr1:25276894;Chr1:25298277;Chr1:25299770;Chr1:25334732;Chr1:25354415;Chr1:25381521;Chr1:25466910;Chr1:25477430;Chr1:24786942;Chr1:24789037;Chr1:24812009;Chr1:24843706;Chr1:24883894;Chr1:24898418;Chr1:24904088;Chr1:24910256;Chr1:24915939;Chr1:24937968;Chr1:24961973;Chr1:24964487;Chr1:24966466;Chr1:24979501;Chr1:24981161;Chr1:24981299;Chr1:24995220;Chr1:25009095;Chr1:25013268;Chr1:25015964;Chr1:25020079	Chr1:24866902;Chr1:24979501	Chr1:24726097	TRUE	TRUE	TRUE	1	1	FALSE	FALSE	3	3	3	12	15	25
nobgs_V1_c1_rep4_env5	emmax_consensus	Chr1	25483220	25682888	16	1	Chr1:25483220;Chr1:25500505;Chr1:25507259;Chr1:25514970;Chr1:25527587;Chr1:25552755;Chr1:25560731;Chr1:25571679;Chr1:25580843;Chr1:25600767;Chr1:25605455;Chr1:25610531;Chr1:25628113;Chr1:25649665;Chr1:25653285;Chr1:25682888	Chr1:25605455	""	FALSE	TRUE	FALSE	1	0	FALSE	FALSE	2	2	2	12	15	25
nobgs_V1_c1_rep4_env5	emmax_simes	Chr1	24411704	25477430	99	2	Chr1:24411704;Chr1:24424596;Chr1:24453297;Chr1:24466538;Chr1:24473603;Chr1:24479092;Chr1:24480609;Chr1:24523807;Chr1:24557082;Chr1:24571709;Chr1:24578769;Chr1:24592338;Chr1:24648907;Chr1:24667760;Chr1:24668829;Chr1:24670094;Chr1:24685696;Chr1:24685734;Chr1:24705494;Chr1:24726097;Chr1:24727365;Chr1:24728967;Chr1:24729307;Chr1:24730131;Chr1:24734681;Chr1:24741167;Chr1:24772654;Chr1:24783778;Chr1:24789577;Chr1:24793812;Chr1:24796837;Chr1:24799732;Chr1:24800293;Chr1:24802672;Chr1:24806734;Chr1:24814868;Chr1:24822221;Chr1:24833102;Chr1:24838025;Chr1:24858761;Chr1:24866902;Chr1:24886107;Chr1:24889347;Chr1:24910210;Chr1:24928868;Chr1:24943262;Chr1:24951815;Chr1:24963885;Chr1:25000937;Chr1:25033509;Chr1:25046075;Chr1:25058139;Chr1:25074701;Chr1:25078508;Chr1:25095079;Chr1:25102700;Chr1:25111113;Chr1:25116312;Chr1:25121079;Chr1:25173848;Chr1:25188258;Chr1:25188721;Chr1:25192113;Chr1:25192406;Chr1:25218264;Chr1:25232108;Chr1:25240823;Chr1:25245855;Chr1:25258277;Chr1:25266789;Chr1:25276894;Chr1:25298277;Chr1:25299770;Chr1:25334732;Chr1:25354415;Chr1:25381521;Chr1:25466910;Chr1:25477430;Chr1:24786942;Chr1:24789037;Chr1:24812009;Chr1:24843706;Chr1:24883894;Chr1:24898418;Chr1:24904088;Chr1:24910256;Chr1:24915939;Chr1:24937968;Chr1:24961973;Chr1:24964487;Chr1:24966466;Chr1:24979501;Chr1:24981161;Chr1:24981299;Chr1:24995220;Chr1:25009095;Chr1:25013268;Chr1:25015964;Chr1:25020079	Chr1:24866902;Chr1:24979501	Chr1:24726097	TRUE	TRUE	TRUE	1	1	FALSE	FALSE	3	3	3	12	15	25
nobgs_V1_c1_rep4_env5	emmax_simes	Chr1	25483220	25682888	16	1	Chr1:25483220;Chr1:25500505;Chr1:25507259;Chr1:25514970;Chr1:25527587;Chr1:25552755;Chr1:25560731;Chr1:25571679;Chr1:25580843;Chr1:25600767;Chr1:25605455;Chr1:25610531;Chr1:25628113;Chr1:25649665;Chr1:25653285;Chr1:25682888	Chr1:25605455	""	FALSE	TRUE	FALSE	1	0	FALSE	FALSE	2	2	2	12	15	25
nobgs_V1_c1_rep4_env5	lfmm_simes	Chr1	24411704	25682888	94	2	Chr1:24411704;Chr1:24424596;Chr1:24453297;Chr1:24466538;Chr1:24473603;Chr1:24479092;Chr1:24480609;Chr1:24523807;Chr1:24557082;Chr1:24571709;Chr1:24578769;Chr1:24592338;Chr1:24648907;Chr1:24667760;Chr1:24668829;Chr1:24670094;Chr1:24685696;Chr1:24685734;Chr1:24705494;Chr1:24726097;Chr1:24727365;Chr1:24728967;Chr1:24729307;Chr1:24730131;Chr1:24734681;Chr1:24741167;Chr1:24772654;Chr1:24783778;Chr1:24789577;Chr1:24793812;Chr1:24796837;Chr1:24799732;Chr1:24800293;Chr1:24802672;Chr1:24806734;Chr1:24814868;Chr1:24822221;Chr1:24833102;Chr1:24838025;Chr1:24858761;Chr1:24866902;Chr1:24886107;Chr1:24889347;Chr1:24910210;Chr1:24928868;Chr1:24943262;Chr1:24951815;Chr1:24963885;Chr1:25000937;Chr1:25033509;Chr1:25046075;Chr1:25058139;Chr1:25074701;Chr1:25078508;Chr1:25095079;Chr1:25102700;Chr1:25111113;Chr1:25116312;Chr1:25121079;Chr1:25173848;Chr1:25188258;Chr1:25188721;Chr1:25192113;Chr1:25192406;Chr1:25218264;Chr1:25232108;Chr1:25240823;Chr1:25245855;Chr1:25258277;Chr1:25266789;Chr1:25276894;Chr1:25298277;Chr1:25299770;Chr1:25334732;Chr1:25354415;Chr1:25381521;Chr1:25466910;Chr1:25477430;Chr1:25483220;Chr1:25500505;Chr1:25507259;Chr1:25514970;Chr1:25527587;Chr1:25552755;Chr1:25560731;Chr1:25571679;Chr1:25580843;Chr1:25600767;Chr1:25605455;Chr1:25610531;Chr1:25628113;Chr1:25649665;Chr1:25653285;Chr1:25682888	Chr1:24866902;Chr1:25605455	Chr1:24726097	TRUE	TRUE	TRUE	1	1	FALSE	FALSE	3	3	3	12	15	25
nobgs_V1_c1_rep4_env6	emmax_consensus	Chr1	16640305	16739297	19	1	Chr1:16640305;Chr1:16640654;Chr1:16642471;Chr1:16651128;Chr1:16664739;Chr1:16667145;Chr1:16670380;Chr1:16681392;Chr1:16682432;Chr1:16683078;Chr1:16689713;Chr1:16690546;Chr1:16703426;Chr1:16707058;Chr1:16709480;Chr1:16719311;Chr1:16723435;Chr1:16730922;Chr1:16739297	Chr1:16670380	""	FALSE	TRUE	FALSE	1	0	FALSE	FALSE	2	2	2	12	15	24
nobgs_V1_c1_rep4_env6	emmax_consensus	Chr1	16869871	17441317	37	2	Chr1:16869871;Chr1:16876557;Chr1:16895927;Chr1:16897098;Chr1:16937086;Chr1:16958993;Chr1:16967364;Chr1:17027142;Chr1:17033534;Chr1:17041288;Chr1:17052038;Chr1:17129251;Chr1:17157749;Chr1:17240954;Chr1:17310102;Chr1:17310760;Chr1:17313546;Chr1:17314816;Chr1:17367192;Chr1:17376262;Chr1:17436323;Chr1:17441317;Chr1:17095049;Chr1:17119063;Chr1:17149266;Chr1:17150818;Chr1:17152047;Chr1:17163901;Chr1:17170452;Chr1:17170842;Chr1:17311782;Chr1:17321518;Chr1:17325137;Chr1:17327442;Chr1:17329618;Chr1:17360377;Chr1:17365366	Chr1:17129251;Chr1:17170452	Chr1:17129251	TRUE	TRUE	FALSE	1	0	FALSE	FALSE	2	2	2	12	15	24
nobgs_V1_c1_rep4_env6	emmax_simes	Chr1	16640305	16739297	19	1	Chr1:16640305;Chr1:16640654;Chr1:16642471;Chr1:16651128;Chr1:16664739;Chr1:16667145;Chr1:16670380;Chr1:16681392;Chr1:16682432;Chr1:16683078;Chr1:16689713;Chr1:16690546;Chr1:16703426;Chr1:16707058;Chr1:16709480;Chr1:16719311;Chr1:16723435;Chr1:16730922;Chr1:16739297	Chr1:16670380	""	FALSE	TRUE	FALSE	1	0	FALSE	FALSE	2	2	2	12	15	24
nobgs_V1_c1_rep4_env6	emmax_simes	Chr1	16869871	17441317	37	2	Chr1:16869871;Chr1:16876557;Chr1:16895927;Chr1:16897098;Chr1:16937086;Chr1:16958993;Chr1:16967364;Chr1:17027142;Chr1:17033534;Chr1:17041288;Chr1:17052038;Chr1:17129251;Chr1:17157749;Chr1:17240954;Chr1:17310102;Chr1:17310760;Chr1:17313546;Chr1:17314816;Chr1:17367192;Chr1:17376262;Chr1:17436323;Chr1:17441317;Chr1:17095049;Chr1:17119063;Chr1:17149266;Chr1:17150818;Chr1:17152047;Chr1:17163901;Chr1:17170452;Chr1:17170842;Chr1:17311782;Chr1:17321518;Chr1:17325137;Chr1:17327442;Chr1:17329618;Chr1:17360377;Chr1:17365366	Chr1:17129251;Chr1:17170452	Chr1:17129251	TRUE	TRUE	FALSE	1	0	FALSE	FALSE	2	2	2	12	15	24
nobgs_V1_c1_rep4_env6	lfmm_simes	Chr1	16640305	16739297	19	1	Chr1:16640305;Chr1:16640654;Chr1:16642471;Chr1:16651128;Chr1:16664739;Chr1:16667145;Chr1:16670380;Chr1:16681392;Chr1:16682432;Chr1:16683078;Chr1:16689713;Chr1:16690546;Chr1:16703426;Chr1:16707058;Chr1:16709480;Chr1:16719311;Chr1:16723435;Chr1:16730922;Chr1:16739297	Chr1:16670380	""	FALSE	TRUE	FALSE	1	0	FALSE	FALSE	2	2	2	12	15	24
nobgs_V1_c1_rep4_env6	lfmm_simes	Chr1	16869871	17441317	37	2	Chr1:16869871;Chr1:16876557;Chr1:16895927;Chr1:16897098;Chr1:16937086;Chr1:16958993;Chr1:16967364;Chr1:17027142;Chr1:17033534;Chr1:17041288;Chr1:17052038;Chr1:17129251;Chr1:17157749;Chr1:17240954;Chr1:17310102;Chr1:17310760;Chr1:17313546;Chr1:17314816;Chr1:17367192;Chr1:17376262;Chr1:17436323;Chr1:17441317;Chr1:17095049;Chr1:17119063;Chr1:17149266;Chr1:17150818;Chr1:17152047;Chr1:17163901;Chr1:17170452;Chr1:17170842;Chr1:17311782;Chr1:17321518;Chr1:17325137;Chr1:17327442;Chr1:17329618;Chr1:17360377;Chr1:17365366	Chr1:17129251;Chr1:17170452	Chr1:17129251	TRUE	TRUE	FALSE	1	0	FALSE	FALSE	2	2	2	12	15	24
nobgs_V1_c1_rep4_env7	emmax_consensus	Chr1	19283346	19892357	110	3	Chr1:19283346;Chr1:19283447;Chr1:19289538;Chr1:19289587;Chr1:19291404;Chr1:19297557;Chr1:19301179;Chr1:19304671;Chr1:19311449;Chr1:19322725;Chr1:19332330;Chr1:19332612;Chr1:19334169;Chr1:19339905;Chr1:19340342;Chr1:19348969;Chr1:19356951;Chr1:19379228;Chr1:19387324;Chr1:19389251;Chr1:19395706;Chr1:19427519;Chr1:19433959;Chr1:19434902;Chr1:19434906;Chr1:19439470;Chr1:19442589;Chr1:19446381;Chr1:19464360;Chr1:19466548;Chr1:19467206;Chr1:19470059;Chr1:19473237;Chr1:19478822;Chr1:19489813;Chr1:19493910;Chr1:19513601;Chr1:19515731;Chr1:19520499;Chr1:19521152;Chr1:19521516;Chr1:19523491;Chr1:19527441;Chr1:19531367;Chr1:19537202;Chr1:19541636;Chr1:19545717;Chr1:19546013;Chr1:19569154;Chr1:19572113;Chr1:19573190;Chr1:19579754;Chr1:19579849;Chr1:19583074;Chr1:19588499;Chr1:19589236;Chr1:19592110;Chr1:19598227;Chr1:19598456;Chr1:19601239;Chr1:19614514;Chr1:19621211;Chr1:19626604;Chr1:19633605;Chr1:19637186;Chr1:19637938;Chr1:19637995;Chr1:19638807;Chr1:19639723;Chr1:19645474;Chr1:19647331;Chr1:19648929;Chr1:19654121;Chr1:19655462;Chr1:19661849;Chr1:19670604;Chr1:19673622;Chr1:19673715;Chr1:19675107;Chr1:19686545;Chr1:19687150;Chr1:19688372;Chr1:19702488;Chr1:19702835;Chr1:19707564;Chr1:19710678;Chr1:19713016;Chr1:19715295;Chr1:19722087;Chr1:19725672;Chr1:19728732;Chr1:19736061;Chr1:19750087;Chr1:19751347;Chr1:19757356;Chr1:19774103;Chr1:19779724;Chr1:19780581;Chr1:19782165;Chr1:19793206;Chr1:19797541;Chr1:19818914;Chr1:19823200;Chr1:19826773;Chr1:19843559;Chr1:19847419;Chr1:19854047;Chr1:19876079;Chr1:19878948;Chr1:19892357	Chr1:19289538;Chr1:19541636;Chr1:19793206	Chr1:19379228;Chr1:19722087	TRUE	TRUE	TRUE	1	1	FALSE	FALSE	3	3	3	13	15	25
nobgs_V1_c1_rep4_env7	emmax_simes	Chr1	19283346	19892357	110	3	Chr1:19283346;Chr1:19283447;Chr1:19289538;Chr1:19289587;Chr1:19291404;Chr1:19297557;Chr1:19301179;Chr1:19304671;Chr1:19311449;Chr1:19322725;Chr1:19332330;Chr1:19332612;Chr1:19334169;Chr1:19339905;Chr1:19340342;Chr1:19348969;Chr1:19356951;Chr1:19379228;Chr1:19387324;Chr1:19389251;Chr1:19395706;Chr1:19427519;Chr1:19433959;Chr1:19434902;Chr1:19434906;Chr1:19439470;Chr1:19442589;Chr1:19446381;Chr1:19464360;Chr1:19466548;Chr1:19467206;Chr1:19470059;Chr1:19473237;Chr1:19478822;Chr1:19489813;Chr1:19493910;Chr1:19513601;Chr1:19515731;Chr1:19520499;Chr1:19521152;Chr1:19521516;Chr1:19523491;Chr1:19527441;Chr1:19531367;Chr1:19537202;Chr1:19541636;Chr1:19545717;Chr1:19546013;Chr1:19569154;Chr1:19572113;Chr1:19573190;Chr1:19579754;Chr1:19579849;Chr1:19583074;Chr1:19588499;Chr1:19589236;Chr1:19592110;Chr1:19598227;Chr1:19598456;Chr1:19601239;Chr1:19614514;Chr1:19621211;Chr1:19626604;Chr1:19633605;Chr1:19637186;Chr1:19637938;Chr1:19637995;Chr1:19638807;Chr1:19639723;Chr1:19645474;Chr1:19647331;Chr1:19648929;Chr1:19654121;Chr1:19655462;Chr1:19661849;Chr1:19670604;Chr1:19673622;Chr1:19673715;Chr1:19675107;Chr1:19686545;Chr1:19687150;Chr1:19688372;Chr1:19702488;Chr1:19702835;Chr1:19707564;Chr1:19710678;Chr1:19713016;Chr1:19715295;Chr1:19722087;Chr1:19725672;Chr1:19728732;Chr1:19736061;Chr1:19750087;Chr1:19751347;Chr1:19757356;Chr1:19774103;Chr1:19779724;Chr1:19780581;Chr1:19782165;Chr1:19793206;Chr1:19797541;Chr1:19818914;Chr1:19823200;Chr1:19826773;Chr1:19843559;Chr1:19847419;Chr1:19854047;Chr1:19876079;Chr1:19878948;Chr1:19892357	Chr1:19289538;Chr1:19541636;Chr1:19793206	Chr1:19379228;Chr1:19722087	TRUE	TRUE	TRUE	1	1	FALSE	FALSE	3	3	3	13	15	25
nobgs_V1_c1_rep4_env7	lfmm_simes	Chr1	19283346	19892357	110	3	Chr1:19283346;Chr1:19283447;Chr1:19289538;Chr1:19289587;Chr1:19291404;Chr1:19297557;Chr1:19301179;Chr1:19304671;Chr1:19311449;Chr1:19322725;Chr1:19332330;Chr1:19332612;Chr1:19334169;Chr1:19339905;Chr1:19340342;Chr1:19348969;Chr1:19356951;Chr1:19379228;Chr1:19387324;Chr1:19389251;Chr1:19395706;Chr1:19427519;Chr1:19433959;Chr1:19434902;Chr1:19434906;Chr1:19439470;Chr1:19442589;Chr1:19446381;Chr1:19464360;Chr1:19466548;Chr1:19467206;Chr1:19470059;Chr1:19473237;Chr1:19478822;Chr1:19489813;Chr1:19493910;Chr1:19513601;Chr1:19515731;Chr1:19520499;Chr1:19521152;Chr1:19521516;Chr1:19523491;Chr1:19527441;Chr1:19531367;Chr1:19537202;Chr1:19541636;Chr1:19545717;Chr1:19546013;Chr1:19569154;Chr1:19572113;Chr1:19573190;Chr1:19579754;Chr1:19579849;Chr1:19583074;Chr1:19588499;Chr1:19589236;Chr1:19592110;Chr1:19598227;Chr1:19598456;Chr1:19601239;Chr1:19614514;Chr1:19621211;Chr1:19626604;Chr1:19633605;Chr1:19637186;Chr1:19637938;Chr1:19637995;Chr1:19638807;Chr1:19639723;Chr1:19645474;Chr1:19647331;Chr1:19648929;Chr1:19654121;Chr1:19655462;Chr1:19661849;Chr1:19670604;Chr1:19673622;Chr1:19673715;Chr1:19675107;Chr1:19686545;Chr1:19687150;Chr1:19688372;Chr1:19702488;Chr1:19702835;Chr1:19707564;Chr1:19710678;Chr1:19713016;Chr1:19715295;Chr1:19722087;Chr1:19725672;Chr1:19728732;Chr1:19736061;Chr1:19750087;Chr1:19751347;Chr1:19757356;Chr1:19774103;Chr1:19779724;Chr1:19780581;Chr1:19782165;Chr1:19793206;Chr1:19797541;Chr1:19818914;Chr1:19823200;Chr1:19826773;Chr1:19843559;Chr1:19847419;Chr1:19854047;Chr1:19876079;Chr1:19878948;Chr1:19892357	Chr1:19289538;Chr1:19541636;Chr1:19793206	Chr1:19379228;Chr1:19722087	TRUE	TRUE	TRUE	1	1	FALSE	FALSE	3	3	3	13	15	25
nobgs_V1_c1_rep5_env3	emmax_consensus	Chr1	6577670	7050390	91	4	Chr1:6577670;Chr1:6578222;Chr1:6581275;Chr1:6583028;Chr1:6595094;Chr1:6595820;Chr1:6599354;Chr1:6601617;Chr1:6602802;Chr1:6616046;Chr1:6616897;Chr1:6620922;Chr1:6623350;Chr1:6633055;Chr1:6663784;Chr1:6668150;Chr1:6668264;Chr1:6668325;Chr1:6669141;Chr1:6670440;Chr1:6670930;Chr1:6673772;Chr1:6674827;Chr1:6675118;Chr1:6686363;Chr1:6688869;Chr1:6691610;Chr1:6697146;Chr1:6703933;Chr1:6716258;Chr1:6717035;Chr1:6727123;Chr1:6730964;Chr1:6733738;Chr1:6736377;Chr1:6744462;Chr1:6749551;Chr1:6752922;Chr1:6757747;Chr1:6758171;Chr1:6768478;Chr1:6779462;Chr1:6795865;Chr1:6810275;Chr1:6810740;Chr1:6815857;Chr1:6819759;Chr1:6823602;Chr1:6824282;Chr1:6826178;Chr1:6833683;Chr1:6839100;Chr1:6841520;Chr1:6842193;Chr1:6853530;Chr1:6856528;Chr1:6860555;Chr1:6860976;Chr1:6872783;Chr1:6882156;Chr1:6883070;Chr1:6901247;Chr1:6909856;Chr1:6925988;Chr1:6928103;Chr1:6930361;Chr1:6944074;Chr1:6947747;Chr1:6947794;Chr1:6957964;Chr1:6970845;Chr1:6985337;Chr1:6989638;Chr1:6992757;Chr1:6993485;Chr1:6998745;Chr1:7002672;Chr1:7002847;Chr1:7004924;Chr1:7006458;Chr1:7008253;Chr1:7014759;Chr1:7015335;Chr1:7016767;Chr1:7019362;Chr1:7022341;Chr1:7030697;Chr1:7033146;Chr1:7035564;Chr1:7038825;Chr1:7050390	Chr1:6616046;Chr1:6670930;Chr1:6815857;Chr1:7002847	Chr1:6839100	TRUE	TRUE	FALSE	1	0	FALSE	FALSE	2	2	2	9	12	32
nobgs_V1_c1_rep5_env3	emmax_consensus	Chr2	6780234	7248481	50	2	Chr2:6780234;Chr2:6784522;Chr2:6792968;Chr2:6835324;Chr2:6896183;Chr2:6919923;Chr2:6944699;Chr2:6953361;Chr2:6955854;Chr2:6956733;Chr2:6959818;Chr2:6961125;Chr2:6968125;Chr2:6972391;Chr2:6974963;Chr2:6981569;Chr2:6981817;Chr2:7011026;Chr2:7032995;Chr2:7033146;Chr2:7062928;Chr2:7067610;Chr2:7078716;Chr2:7082194;Chr2:7089018;Chr2:7091548;Chr2:7104830;Chr2:7113268;Chr2:7119288;Chr2:7125163;Chr2:7138028;Chr2:7140298;Chr2:7152752;Chr2:7159516;Chr2:7163820;Chr2:7166622;Chr2:7175295;Chr2:7177014;Chr2:7180975;Chr2:7181848;Chr2:7184710;Chr2:7185539;Chr2:7190260;Chr2:7198168;Chr2:7205200;Chr2:7224105;Chr2:7228346;Chr2:7235964;Chr2:7241822;Chr2:7248481	Chr2:6981569;Chr2:7119288	""	FALSE	TRUE	TRUE	1	1	FALSE	FALSE	3	3	3	9	12	32
nobgs_V1_c1_rep5_env3	emmax_consensus	Chr2	6998301	7052826	14	1	Chr2:6998301;Chr2:6999353;Chr2:6999844;Chr2:7010699;Chr2:7021148;Chr2:7030689;Chr2:7030965;Chr2:7042449;Chr2:7042646;Chr2:7042705;Chr2:7043163;Chr2:7043179;Chr2:7046057;Chr2:7052826	Chr2:6998301	""	FALSE	FALSE	FALSE	0	0	FALSE	FALSE	1	1	3	9	12	32
nobgs_V1_c1_rep5_env3	emmax_simes	Chr1	6478058	7050390	115	5	Chr1:6478058;Chr1:6479127;Chr1:6482793;Chr1:6483013;Chr1:6484565;Chr1:6492714;Chr1:6496309;Chr1:6497524;Chr1:6500857;Chr1:6503977;Chr1:6505085;Chr1:6505986;Chr1:6511506;Chr1:6522846;Chr1:6536510;Chr1:6546822;Chr1:6555195;Chr1:6559099;Chr1:6560166;Chr1:6560470;Chr1:6561007;Chr1:6567499;Chr1:6568610;Chr1:6570127;Chr1:6577670;Chr1:6578222;Chr1:6581275;Chr1:6583028;Chr1:6595094;Chr1:6595820;Chr1:6599354;Chr1:6601617;Chr1:6602802;Chr1:6616046;Chr1:6616897;Chr1:6620922;Chr1:6623350;Chr1:6633055;Chr1:6663784;Chr1:6668150;Chr1:6668264;Chr1:6668325;Chr1:6669141;Chr1:6670440;Chr1:6670930;Chr1:6673772;Chr1:6674827;Chr1:6675118;Chr1:6686363;Chr1:6688869;Chr1:6691610;Chr1:6697146;Chr1:6703933;Chr1:6716258;Chr1:6717035;Chr1:6727123;Chr1:6730964;Chr1:6733738;Chr1:6736377;Chr1:6744462;Chr1:6749551;Chr1:6752922;Chr1:6757747;Chr1:6758171;Chr1:6768478;Chr1:6779462;Chr1:6795865;Chr1:6810275;Chr1:6810740;Chr1:6815857;Chr1:6819759;Chr1:6823602;Chr1:6824282;Chr1:6826178;Chr1:6833683;Chr1:6839100;Chr1:6841520;Chr1:6842193;Chr1:6853530;Chr1:6856528;Chr1:6860555;Chr1:6860976;Chr1:6872783;Chr1:6882156;Chr1:6883070;Chr1:6901247;Chr1:6909856;Chr1:6925988;Chr1:6928103;Chr1:6930361;Chr1:6944074;Chr1:6947747;Chr1:6947794;Chr1:6957964;Chr1:6970845;Chr1:6985337;Chr1:6989638;Chr1:6992757;Chr1:6993485;Chr1:6998745;Chr1:7002672;Chr1:7002847;Chr1:7004924;Chr1:7006458;Chr1:7008253;Chr1:7014759;Chr1:7015335;Chr1:7016767;Chr1:7019362;Chr1:7022341;Chr1:7030697;Chr1:7033146;Chr1:7035564;Chr1:7038825;Chr1:7050390	Chr1:6505085;Chr1:6616046;Chr1:6670930;Chr1:6815857;Chr1:7002847	Chr1:6839100	TRUE	TRUE	FALSE	1	0	FALSE	FALSE	2	2	2	9	12	32
nobgs_V1_c1_rep5_env3	emmax_simes	Chr2	6780234	7248481	50	2	Chr2:6780234;Chr2:6784522;Chr2:6792968;Chr2:6835324;Chr2:6896183;Chr2:6919923;Chr2:6944699;Chr2:6953361;Chr2:6955854;Chr2:6956733;Chr2:6959818;Chr2:6961125;Chr2:6968125;Chr2:6972391;Chr2:6974963;Chr2:6981569;Chr2:6981817;Chr2:7011026;Chr2:7032995;Chr2:7033146;Chr2:7062928;Chr2:7067610;Chr2:7078716;Chr2:7082194;Chr2:7089018;Chr2:7091548;Chr2:7104830;Chr2:7113268;Chr2:7119288;Chr2:7125163;Chr2:7138028;Chr2:7140298;Chr2:7152752;Chr2:7159516;Chr2:7163820;Chr2:7166622;Chr2:7175295;Chr2:7177014;Chr2:7180975;Chr2:7181848;Chr2:7184710;Chr2:7185539;Chr2:7190260;Chr2:7198168;Chr2:7205200;Chr2:7224105;Chr2:7228346;Chr2:7235964;Chr2:7241822;Chr2:7248481	Chr2:6981569;Chr2:7119288	""	FALSE	TRUE	TRUE	1	1	FALSE	FALSE	3	3	3	9	12	32
nobgs_V1_c1_rep5_env3	lfmm_simes	Chr1	6577670	7050390	91	4	Chr1:6577670;Chr1:6578222;Chr1:6581275;Chr1:6583028;Chr1:6595094;Chr1:6595820;Chr1:6599354;Chr1:6601617;Chr1:6602802;Chr1:6616046;Chr1:6616897;Chr1:6620922;Chr1:6623350;Chr1:6633055;Chr1:6663784;Chr1:6668150;Chr1:6668264;Chr1:6668325;Chr1:6669141;Chr1:6670440;Chr1:6670930;Chr1:6673772;Chr1:6674827;Chr1:6675118;Chr1:6686363;Chr1:6688869;Chr1:6691610;Chr1:6697146;Chr1:6703933;Chr1:6716258;Chr1:6717035;Chr1:6727123;Chr1:6730964;Chr1:6733738;Chr1:6736377;Chr1:6744462;Chr1:6749551;Chr1:6752922;Chr1:6757747;Chr1:6758171;Chr1:6768478;Chr1:6779462;Chr1:6795865;Chr1:6810275;Chr1:6810740;Chr1:6815857;Chr1:6819759;Chr1:6823602;Chr1:6824282;Chr1:6826178;Chr1:6833683;Chr1:6839100;Chr1:6841520;Chr1:6842193;Chr1:6853530;Chr1:6856528;Chr1:6860555;Chr1:6860976;Chr1:6872783;Chr1:6882156;Chr1:6883070;Chr1:6901247;Chr1:6909856;Chr1:6925988;Chr1:6928103;Chr1:6930361;Chr1:6944074;Chr1:6947747;Chr1:6947794;Chr1:6957964;Chr1:6970845;Chr1:6985337;Chr1:6989638;Chr1:6992757;Chr1:6993485;Chr1:6998745;Chr1:7002672;Chr1:7002847;Chr1:7004924;Chr1:7006458;Chr1:7008253;Chr1:7014759;Chr1:7015335;Chr1:7016767;Chr1:7019362;Chr1:7022341;Chr1:7030697;Chr1:7033146;Chr1:7035564;Chr1:7038825;Chr1:7050390	Chr1:6616046;Chr1:6670930;Chr1:6815857;Chr1:7002847	Chr1:6839100	TRUE	TRUE	FALSE	1	0	FALSE	FALSE	2	2	2	9	12	32
nobgs_V1_c1_rep5_env3	lfmm_simes	Chr2	6780234	7248481	50	2	Chr2:6780234;Chr2:6784522;Chr2:6792968;Chr2:6835324;Chr2:6896183;Chr2:6919923;Chr2:6944699;Chr2:6953361;Chr2:6955854;Chr2:6956733;Chr2:6959818;Chr2:6961125;Chr2:6968125;Chr2:6972391;Chr2:6974963;Chr2:6981569;Chr2:6981817;Chr2:7011026;Chr2:7032995;Chr2:7033146;Chr2:7062928;Chr2:7067610;Chr2:7078716;Chr2:7082194;Chr2:7089018;Chr2:7091548;Chr2:7104830;Chr2:7113268;Chr2:7119288;Chr2:7125163;Chr2:7138028;Chr2:7140298;Chr2:7152752;Chr2:7159516;Chr2:7163820;Chr2:7166622;Chr2:7175295;Chr2:7177014;Chr2:7180975;Chr2:7181848;Chr2:7184710;Chr2:7185539;Chr2:7190260;Chr2:7198168;Chr2:7205200;Chr2:7224105;Chr2:7228346;Chr2:7235964;Chr2:7241822;Chr2:7248481	Chr2:6981569;Chr2:7119288	""	FALSE	TRUE	TRUE	1	1	FALSE	FALSE	3	3	3	9	12	32
nobgs_V1_c1_rep5_env5	emmax_consensus	Chr1	4334437	4451935	36	2	Chr1:4334437;Chr1:4355811;Chr1:4364310;Chr1:4366619;Chr1:4367970;Chr1:4369855;Chr1:4369859;Chr1:4378062;Chr1:4378635;Chr1:4392326;Chr1:4392424;Chr1:4394974;Chr1:4397498;Chr1:4398583;Chr1:4403777;Chr1:4403999;Chr1:4404911;Chr1:4407180;Chr1:4407217;Chr1:4410147;Chr1:4410957;Chr1:4414819;Chr1:4419766;Chr1:4419976;Chr1:4421356;Chr1:4421369;Chr1:4422262;Chr1:4429103;Chr1:4430407;Chr1:4431713;Chr1:4432894;Chr1:4438926;Chr1:4449980;Chr1:4451052;Chr1:4451255;Chr1:4451935	Chr1:4364310;Chr1:4431713	Chr1:4410147	TRUE	TRUE	TRUE	1	1	FALSE	FALSE	3	3	3	8	9	14
nobgs_V1_c1_rep5_env5	emmax_simes	Chr1	4334437	4451935	36	2	Chr1:4334437;Chr1:4355811;Chr1:4364310;Chr1:4366619;Chr1:4367970;Chr1:4369855;Chr1:4369859;Chr1:4378062;Chr1:4378635;Chr1:4392326;Chr1:4392424;Chr1:4394974;Chr1:4397498;Chr1:4398583;Chr1:4403777;Chr1:4403999;Chr1:4404911;Chr1:4407180;Chr1:4407217;Chr1:4410147;Chr1:4410957;Chr1:4414819;Chr1:4419766;Chr1:4419976;Chr1:4421356;Chr1:4421369;Chr1:4422262;Chr1:4429103;Chr1:4430407;Chr1:4431713;Chr1:4432894;Chr1:4438926;Chr1:4449980;Chr1:4451052;Chr1:4451255;Chr1:4451935	Chr1:4364310;Chr1:4431713	Chr1:4410147	TRUE	TRUE	TRUE	1	1	FALSE	FALSE	3	3	3	8	9	14
nobgs_V1_c1_rep5_env5	lfmm_simes	Chr1	4334437	4451935	36	2	Chr1:4334437;Chr1:4355811;Chr1:4364310;Chr1:4366619;Chr1:4367970;Chr1:4369855;Chr1:4369859;Chr1:4378062;Chr1:4378635;Chr1:4392326;Chr1:4392424;Chr1:4394974;Chr1:4397498;Chr1:4398583;Chr1:4403777;Chr1:4403999;Chr1:4404911;Chr1:4407180;Chr1:4407217;Chr1:4410147;Chr1:4410957;Chr1:4414819;Chr1:4419766;Chr1:4419976;Chr1:4421356;Chr1:4421369;Chr1:4422262;Chr1:4429103;Chr1:4430407;Chr1:4431713;Chr1:4432894;Chr1:4438926;Chr1:4449980;Chr1:4451052;Chr1:4451255;Chr1:4451935	Chr1:4364310;Chr1:4431713	Chr1:4410147	TRUE	TRUE	TRUE	1	1	FALSE	FALSE	3	3	3	8	9	14
nobgs_V1_c1_rep5_env6	emmax_consensus	Chr1	6658725	7384661	134	2	Chr1:6658725;Chr1:6662033;Chr1:6663784;Chr1:6668150;Chr1:6668264;Chr1:6669141;Chr1:6670440;Chr1:6670930;Chr1:6673772;Chr1:6674827;Chr1:6675118;Chr1:6686363;Chr1:6688869;Chr1:6691610;Chr1:6703933;Chr1:6716258;Chr1:6727123;Chr1:6728968;Chr1:6730915;Chr1:6736377;Chr1:6745464;Chr1:6752922;Chr1:6739267;Chr1:6754038;Chr1:6768478;Chr1:6779462;Chr1:6810275;Chr1:6810740;Chr1:6816231;Chr1:6819759;Chr1:6823602;Chr1:6824282;Chr1:6826178;Chr1:6833329;Chr1:6833683;Chr1:6841520;Chr1:6842193;Chr1:6854696;Chr1:6856528;Chr1:6860555;Chr1:6927345;Chr1:6949105;Chr1:6967381;Chr1:6973331;Chr1:6974654;Chr1:6975260;Chr1:6981645;Chr1:6981884;Chr1:6988626;Chr1:6993500;Chr1:6995846;Chr1:6999844;Chr1:7003664;Chr1:7012984;Chr1:7020179;Chr1:7022341;Chr1:7024906;Chr1:7027362;Chr1:7030697;Chr1:7035564;Chr1:7047814;Chr1:7056200;Chr1:7064862;Chr1:7081154;Chr1:7085703;Chr1:7085849;Chr1:7089493;Chr1:7104517;Chr1:7106708;Chr1:7110975;Chr1:7119559;Chr1:7129973;Chr1:7130365;Chr1:7139174;Chr1:7141728;Chr1:7159829;Chr1:7167346;Chr1:7168021;Chr1:7170930;Chr1:7175003;Chr1:7178553;Chr1:7185290;Chr1:7192707;Chr1:7196495;Chr1:7196686;Chr1:7200058;Chr1:7201237;Chr1:7201517;Chr1:7208313;Chr1:7209410;Chr1:7212773;Chr1:7221490;Chr1:7221873;Chr1:7222128;Chr1:7222994;Chr1:7228889;Chr1:7232583;Chr1:7252631;Chr1:7259497;Chr1:7261823;Chr1:7263141;Chr1:7271097;Chr1:7271569;Chr1:7279792;Chr1:7289574;Chr1:7308594;Chr1:7308797;Chr1:7311368;Chr1:7318542;Chr1:7319493;Chr1:7321175;Chr1:7325080;Chr1:7328764;Chr1:7332797;Chr1:7335710;Chr1:7340475;Chr1:7341725;Chr1:7342623;Chr1:7344364;Chr1:7345693;Chr1:7345807;Chr1:7345941;Chr1:7346321;Chr1:7348302;Chr1:7353418;Chr1:7354919;Chr1:7355442;Chr1:7356058;Chr1:7358016;Chr1:7359891;Chr1:7362933;Chr1:7365292;Chr1:7376138;Chr1:7384661	Chr1:6691610;Chr1:6854696	Chr1:6754038;Chr1:7346321	TRUE	TRUE	TRUE	1	1	FALSE	FALSE	3	3	3	8	13	29
nobgs_V1_c1_rep5_env6	emmax_consensus	Chr1	6781933	6824621	18	1	Chr1:6781933;Chr1:6786225;Chr1:6790251;Chr1:6793008;Chr1:6793453;Chr1:6795192;Chr1:6804412;Chr1:6804935;Chr1:6809438;Chr1:6810144;Chr1:6810804;Chr1:6812804;Chr1:6813761;Chr1:6813972;Chr1:6814824;Chr1:6823588;Chr1:6823982;Chr1:6824621	Chr1:6804412	Chr1:6754038	TRUE	TRUE	FALSE	1	0	FALSE	FALSE	2	2	3	8	13	29
nobgs_V1_c1_rep5_env6	emmax_consensus	Chr1	6966282	7307473	72	2	Chr1:6966282;Chr1:6968835;Chr1:6971741;Chr1:6974135;Chr1:6977841;Chr1:6978891;Chr1:6980832;Chr1:6984962;Chr1:6993181;Chr1:6993193;Chr1:7003424;Chr1:7006586;Chr1:7015880;Chr1:7020160;Chr1:7021596;Chr1:7036141;Chr1:7036929;Chr1:7037849;Chr1:7041420;Chr1:7042309;Chr1:7045663;Chr1:7046939;Chr1:7048503;Chr1:7056630;Chr1:7059347;Chr1:7079453;Chr1:7080266;Chr1:7081731;Chr1:7086962;Chr1:7089096;Chr1:7107519;Chr1:7112364;Chr1:7121931;Chr1:7128697;Chr1:7134512;Chr1:7134725;Chr1:7140298;Chr1:7147493;Chr1:7148075;Chr1:7149227;Chr1:7152515;Chr1:7170883;Chr1:7174286;Chr1:7181811;Chr1:7184895;Chr1:7185129;Chr1:7187016;Chr1:7189910;Chr1:7193743;Chr1:7205424;Chr1:7207906;Chr1:7210839;Chr1:7210971;Chr1:7211599;Chr1:7212093;Chr1:7233337;Chr1:7233356;Chr1:7233396;Chr1:7244912;Chr1:7251404;Chr1:7258817;Chr1:7281217;Chr1:7283306;Chr1:7283343;Chr1:7283588;Chr1:7293418;Chr1:7300673;Chr1:7302862;Chr1:7303903;Chr1:7306300;Chr1:7307062;Chr1:7307473	Chr1:6984962;Chr1:7134512	Chr1:7346321	TRUE	TRUE	TRUE	1	1	FALSE	FALSE	3	3	3	8	13	29
nobgs_V1_c1_rep5_env6	emmax_simes	Chr1	6658725	7384661	206	4	Chr1:6658725;Chr1:6662033;Chr1:6663784;Chr1:6668150;Chr1:6668264;Chr1:6669141;Chr1:6670440;Chr1:6670930;Chr1:6673772;Chr1:6674827;Chr1:6675118;Chr1:6686363;Chr1:6688869;Chr1:6691610;Chr1:6703933;Chr1:6716258;Chr1:6727123;Chr1:6728968;Chr1:6730915;Chr1:6736377;Chr1:6745464;Chr1:6752922;Chr1:6739267;Chr1:6754038;Chr1:6768478;Chr1:6779462;Chr1:6810275;Chr1:6810740;Chr1:6816231;Chr1:6819759;Chr1:6823602;Chr1:6824282;Chr1:6826178;Chr1:6833329;Chr1:6833683;Chr1:6841520;Chr1:6842193;Chr1:6854696;Chr1:6856528;Chr1:6860555;Chr1:6927345;Chr1:6949105;Chr1:6967381;Chr1:6973331;Chr1:6974654;Chr1:6975260;Chr1:6981645;Chr1:6981884;Chr1:6988626;Chr1:6993500;Chr1:6995846;Chr1:6999844;Chr1:7003664;Chr1:7012984;Chr1:7020179;Chr1:7022341;Chr1:7024906;Chr1:7027362;Chr1:7030697;Chr1:7035564;Chr1:7047814;Chr1:7056200;Chr1:7064862;Chr1:7081154;Chr1:7085703;Chr1:7085849;Chr1:7089493;Chr1:7104517;Chr1:7106708;Chr1:7110975;Chr1:7119559;Chr1:7129973;Chr1:7130365;Chr1:7139174;Chr1:7141728;Chr1:7159829;Chr1:7167346;Chr1:7168021;Chr1:7170930;Chr1:7175003;Chr1:7178553;Chr1:7185290;Chr1:7192707;Chr1:7196495;Chr1:7196686;Chr1:7200058;Chr1:7201237;Chr1:7201517;Chr1:7208313;Chr1:7209410;Chr1:7212773;Chr1:7221490;Chr1:7221873;Chr1:7222128;Chr1:7222994;Chr1:7228889;Chr1:7232583;Chr1:7252631;Chr1:7259497;Chr1:7261823;Chr1:7263141;Chr1:7271097;Chr1:7271569;Chr1:7279792;Chr1:7289574;Chr1:7308594;Chr1:7308797;Chr1:7311368;Chr1:7318542;Chr1:7319493;Chr1:7321175;Chr1:7325080;Chr1:7328764;Chr1:7332797;Chr1:7335710;Chr1:7340475;Chr1:7341725;Chr1:7342623;Chr1:7344364;Chr1:7345693;Chr1:7345807;Chr1:7345941;Chr1:7346321;Chr1:7348302;Chr1:7353418;Chr1:7354919;Chr1:7355442;Chr1:7356058;Chr1:7358016;Chr1:7359891;Chr1:7362933;Chr1:7365292;Chr1:7376138;Chr1:7384661;Chr1:6966282;Chr1:6968835;Chr1:6971741;Chr1:6974135;Chr1:6977841;Chr1:6978891;Chr1:6980832;Chr1:6984962;Chr1:6993181;Chr1:6993193;Chr1:7003424;Chr1:7006586;Chr1:7015880;Chr1:7020160;Chr1:7021596;Chr1:7036141;Chr1:7036929;Chr1:7037849;Chr1:7041420;Chr1:7042309;Chr1:7045663;Chr1:7046939;Chr1:7048503;Chr1:7056630;Chr1:7059347;Chr1:7079453;Chr1:7080266;Chr1:7081731;Chr1:7086962;Chr1:7089096;Chr1:7107519;Chr1:7112364;Chr1:7121931;Chr1:7128697;Chr1:7134512;Chr1:7134725;Chr1:7140298;Chr1:7147493;Chr1:7148075;Chr1:7149227;Chr1:7152515;Chr1:7170883;Chr1:7174286;Chr1:7181811;Chr1:7184895;Chr1:7185129;Chr1:7187016;Chr1:7189910;Chr1:7193743;Chr1:7205424;Chr1:7207906;Chr1:7210839;Chr1:7210971;Chr1:7211599;Chr1:7212093;Chr1:7233337;Chr1:7233356;Chr1:7233396;Chr1:7244912;Chr1:7251404;Chr1:7258817;Chr1:7281217;Chr1:7283306;Chr1:7283343;Chr1:7283588;Chr1:7293418;Chr1:7300673;Chr1:7302862;Chr1:7303903;Chr1:7306300;Chr1:7307062;Chr1:7307473	Chr1:6691610;Chr1:6854696;Chr1:6984962;Chr1:7134512	Chr1:6754038;Chr1:7346321	TRUE	TRUE	TRUE	2	1	FALSE	FALSE	3	3	3	8	13	29
nobgs_V1_c1_rep5_env6	lfmm_simes	Chr1	6658725	7384661	182	3	Chr1:6658725;Chr1:6662033;Chr1:6663784;Chr1:6668150;Chr1:6668264;Chr1:6669141;Chr1:6670440;Chr1:6670930;Chr1:6673772;Chr1:6674827;Chr1:6675118;Chr1:6686363;Chr1:6688869;Chr1:6691610;Chr1:6703933;Chr1:6716258;Chr1:6727123;Chr1:6728968;Chr1:6730915;Chr1:6736377;Chr1:6745464;Chr1:6752922;Chr1:6739267;Chr1:6754038;Chr1:6768478;Chr1:6779462;Chr1:6810275;Chr1:6810740;Chr1:6816231;Chr1:6819759;Chr1:6823602;Chr1:6824282;Chr1:6826178;Chr1:6833329;Chr1:6833683;Chr1:6841520;Chr1:6842193;Chr1:6854696;Chr1:6856528;Chr1:6860555;Chr1:6927345;Chr1:6949105;Chr1:6967381;Chr1:6973331;Chr1:6974654;Chr1:6975260;Chr1:6981645;Chr1:6981884;Chr1:6988626;Chr1:6993500;Chr1:6995846;Chr1:6999844;Chr1:7003664;Chr1:7012984;Chr1:7020179;Chr1:7022341;Chr1:7024906;Chr1:7027362;Chr1:7030697;Chr1:7035564;Chr1:7047814;Chr1:7056200;Chr1:7064862;Chr1:7081154;Chr1:7085703;Chr1:7085849;Chr1:7089493;Chr1:7104517;Chr1:7106708;Chr1:7110975;Chr1:7119559;Chr1:7129973;Chr1:7130365;Chr1:7139174;Chr1:7141728;Chr1:7159829;Chr1:7167346;Chr1:7168021;Chr1:7170930;Chr1:7175003;Chr1:7178553;Chr1:7185290;Chr1:7192707;Chr1:7196495;Chr1:7196686;Chr1:7200058;Chr1:7201237;Chr1:7201517;Chr1:7208313;Chr1:7209410;Chr1:7212773;Chr1:7221490;Chr1:7221873;Chr1:7222128;Chr1:7222994;Chr1:7228889;Chr1:7232583;Chr1:7252631;Chr1:7259497;Chr1:7261823;Chr1:7263141;Chr1:7271097;Chr1:7271569;Chr1:7279792;Chr1:7289574;Chr1:7308594;Chr1:7308797;Chr1:7311368;Chr1:7318542;Chr1:7319493;Chr1:7321175;Chr1:7325080;Chr1:7328764;Chr1:7332797;Chr1:7335710;Chr1:7340475;Chr1:7341725;Chr1:7342623;Chr1:7344364;Chr1:7345693;Chr1:7345807;Chr1:7345941;Chr1:7346321;Chr1:7348302;Chr1:7353418;Chr1:7354919;Chr1:7355442;Chr1:7356058;Chr1:7358016;Chr1:7359891;Chr1:7362933;Chr1:7365292;Chr1:7376138;Chr1:7384661;Chr1:7059347;Chr1:7079453;Chr1:7080266;Chr1:7081731;Chr1:7086962;Chr1:7089096;Chr1:7107519;Chr1:7112364;Chr1:7121931;Chr1:7128697;Chr1:7134512;Chr1:7134725;Chr1:7140298;Chr1:7147493;Chr1:7148075;Chr1:7149227;Chr1:7152515;Chr1:7170883;Chr1:7174286;Chr1:7181811;Chr1:7184895;Chr1:7185129;Chr1:7187016;Chr1:7189910;Chr1:7193743;Chr1:7205424;Chr1:7207906;Chr1:7210839;Chr1:7210971;Chr1:7211599;Chr1:7212093;Chr1:7233337;Chr1:7233356;Chr1:7233396;Chr1:7244912;Chr1:7251404;Chr1:7258817;Chr1:7281217;Chr1:7283306;Chr1:7283343;Chr1:7283588;Chr1:7293418;Chr1:7300673;Chr1:7302862;Chr1:7303903;Chr1:7306300;Chr1:7307062;Chr1:7307473	Chr1:6691610;Chr1:6854696;Chr1:7134512	Chr1:6754038;Chr1:7346321	TRUE	TRUE	TRUE	2	1	FALSE	FALSE	3	3	3	8	13	29
nobgs_V1_c1_rep5_env7	lfmm_simes	Chr2	3937	492853	168	2	Chr2:3937;Chr2:4146;Chr2:7400;Chr2:11805;Chr2:16206;Chr2:17106;Chr2:17142;Chr2:24376;Chr2:28588;Chr2:31854;Chr2:48697;Chr2:50622;Chr2:53232;Chr2:54157;Chr2:54765;Chr2:60087;Chr2:65116;Chr2:67892;Chr2:69669;Chr2:73178;Chr2:75041;Chr2:75136;Chr2:91825;Chr2:92126;Chr2:97962;Chr2:102616;Chr2:102813;Chr2:103535;Chr2:104317;Chr2:105185;Chr2:105213;Chr2:109722;Chr2:113089;Chr2:116481;Chr2:123537;Chr2:124015;Chr2:126362;Chr2:128847;Chr2:129208;Chr2:134224;Chr2:134698;Chr2:135591;Chr2:139010;Chr2:141447;Chr2:142628;Chr2:143052;Chr2:147614;Chr2:150888;Chr2:155440;Chr2:155454;Chr2:158085;Chr2:159084;Chr2:164642;Chr2:169264;Chr2:169998;Chr2:170609;Chr2:172602;Chr2:174746;Chr2:181470;Chr2:185787;Chr2:185986;Chr2:187271;Chr2:188592;Chr2:190426;Chr2:190604;Chr2:192105;Chr2:194555;Chr2:195658;Chr2:198013;Chr2:198558;Chr2:204509;Chr2:205682;Chr2:206719;Chr2:212551;Chr2:212882;Chr2:221238;Chr2:226641;Chr2:228953;Chr2:234114;Chr2:236784;Chr2:237519;Chr2:242213;Chr2:245247;Chr2:250213;Chr2:257902;Chr2:260149;Chr2:260156;Chr2:269239;Chr2:270908;Chr2:271110;Chr2:276713;Chr2:277879;Chr2:278117;Chr2:282340;Chr2:288956;Chr2:290406;Chr2:291262;Chr2:295503;Chr2:299239;Chr2:312436;Chr2:315352;Chr2:316692;Chr2:317183;Chr2:318564;Chr2:318827;Chr2:326832;Chr2:328795;Chr2:332086;Chr2:333569;Chr2:336029;Chr2:338232;Chr2:339118;Chr2:344648;Chr2:350424;Chr2:352114;Chr2:356089;Chr2:356445;Chr2:357988;Chr2:358341;Chr2:360655;Chr2:361954;Chr2:363573;Chr2:370471;Chr2:377273;Chr2:299114;Chr2:382025;Chr2:383801;Chr2:385714;Chr2:388687;Chr2:391353;Chr2:394879;Chr2:395358;Chr2:407571;Chr2:415490;Chr2:416680;Chr2:421739;Chr2:426867;Chr2:429013;Chr2:430796;Chr2:433087;Chr2:439520;Chr2:447750;Chr2:449549;Chr2:450995;Chr2:451559;Chr2:455685;Chr2:455757;Chr2:457109;Chr2:457429;Chr2:461662;Chr2:461857;Chr2:462563;Chr2:465095;Chr2:470764;Chr2:471311;Chr2:474676;Chr2:475865;Chr2:477502;Chr2:478038;Chr2:479471;Chr2:480194;Chr2:482693;Chr2:482716;Chr2:486190;Chr2:487342;Chr2:489126;Chr2:490637;Chr2:492853	Chr2:3937;Chr2:382025	""	FALSE	TRUE	TRUE	1	1	FALSE	FALSE	3	3	3	8	10	16
nobgs_V1_c1_rep5_env8	emmax_consensus	Chr1	1560	506640	188	1	Chr1:1560;Chr1:4509;Chr1:13537;Chr1:18795;Chr1:20762;Chr1:38456;Chr1:39660;Chr1:40030;Chr1:41524;Chr1:42733;Chr1:42955;Chr1:44816;Chr1:45157;Chr1:46844;Chr1:49703;Chr1:55509;Chr1:57871;Chr1:63740;Chr1:70616;Chr1:73896;Chr1:74579;Chr1:76669;Chr1:85171;Chr1:91239;Chr1:93996;Chr1:96482;Chr1:98626;Chr1:100104;Chr1:100831;Chr1:105846;Chr1:106483;Chr1:107277;Chr1:108751;Chr1:113464;Chr1:116036;Chr1:122047;Chr1:124301;Chr1:124580;Chr1:124858;Chr1:135162;Chr1:137774;Chr1:143382;Chr1:148234;Chr1:148290;Chr1:149900;Chr1:152781;Chr1:153260;Chr1:153616;Chr1:157476;Chr1:163108;Chr1:165736;Chr1:166883;Chr1:169417;Chr1:170240;Chr1:170281;Chr1:172072;Chr1:172596;Chr1:176703;Chr1:181939;Chr1:187764;Chr1:189141;Chr1:191002;Chr1:196534;Chr1:196847;Chr1:197058;Chr1:200074;Chr1:200930;Chr1:201806;Chr1:203063;Chr1:203429;Chr1:203486;Chr1:208823;Chr1:209934;Chr1:212805;Chr1:215262;Chr1:215800;Chr1:221416;Chr1:224960;Chr1:225116;Chr1:232242;Chr1:236741;Chr1:242963;Chr1:244814;Chr1:246044;Chr1:247740;Chr1:247775;Chr1:250423;Chr1:252606;Chr1:263076;Chr1:264029;Chr1:268125;Chr1:272927;Chr1:273019;Chr1:273191;Chr1:274533;Chr1:275712;Chr1:278583;Chr1:280458;Chr1:281366;Chr1:282704;Chr1:285402;Chr1:286491;Chr1:288174;Chr1:289976;Chr1:294252;Chr1:294466;Chr1:294684;Chr1:297336;Chr1:298696;Chr1:301188;Chr1:301639;Chr1:306212;Chr1:307609;Chr1:308752;Chr1:310684;Chr1:319436;Chr1:322132;Chr1:322372;Chr1:323204;Chr1:324333;Chr1:324843;Chr1:326399;Chr1:329599;Chr1:332216;Chr1:335289;Chr1:336934;Chr1:345014;Chr1:351375;Chr1:363295;Chr1:365078;Chr1:365757;Chr1:369100;Chr1:373519;Chr1:374913;Chr1:375428;Chr1:376136;Chr1:385925;Chr1:387806;Chr1:388641;Chr1:397914;Chr1:399065;Chr1:401454;Chr1:405695;Chr1:407244;Chr1:407904;Chr1:408431;Chr1:412931;Chr1:414641;Chr1:420126;Chr1:420995;Chr1:421038;Chr1:422230;Chr1:423559;Chr1:423961;Chr1:427728;Chr1:435680;Chr1:437041;Chr1:437486;Chr1:441166;Chr1:441475;Chr1:441878;Chr1:441906;Chr1:445684;Chr1:446493;Chr1:447770;Chr1:452986;Chr1:454965;Chr1:455548;Chr1:459309;Chr1:462596;Chr1:466178;Chr1:469688;Chr1:470390;Chr1:471777;Chr1:472868;Chr1:476448;Chr1:481796;Chr1:486396;Chr1:488623;Chr1:488692;Chr1:489695;Chr1:490935;Chr1:493891;Chr1:495810;Chr1:499722;Chr1:501759;Chr1:503347;Chr1:506640	Chr1:4509	Chr1:113464	TRUE	TRUE	TRUE	1	1	FALSE	FALSE	3	3	3	8	9	14
nobgs_V1_c1_rep6_env10	emmax_consensus	Chr1	10352475	10444918	18	1	Chr1:10352475;Chr1:10362946;Chr1:10369200;Chr1:10371202;Chr1:10388229;Chr1:10388796;Chr1:10389262;Chr1:10405461;Chr1:10408164;Chr1:10408296;Chr1:10418619;Chr1:10420755;Chr1:10423110;Chr1:10433598;Chr1:10436230;Chr1:10436507;Chr1:10444244;Chr1:10444918	Chr1:10408296	Chr1:10369200	TRUE	TRUE	TRUE	1	1	FALSE	FALSE	3	3	3	7	8	12
nobgs_V1_c1_rep6_env10	emmax_simes	Chr1	10352475	10444918	18	1	Chr1:10352475;Chr1:10362946;Chr1:10369200;Chr1:10371202;Chr1:10388229;Chr1:10388796;Chr1:10389262;Chr1:10405461;Chr1:10408164;Chr1:10408296;Chr1:10418619;Chr1:10420755;Chr1:10423110;Chr1:10433598;Chr1:10436230;Chr1:10436507;Chr1:10444244;Chr1:10444918	Chr1:10408296	Chr1:10369200	TRUE	TRUE	TRUE	1	1	FALSE	FALSE	3	3	3	7	8	12
nobgs_V1_c1_rep6_env10	lfmm_simes	Chr1	10352475	10444918	18	1	Chr1:10352475;Chr1:10362946;Chr1:10369200;Chr1:10371202;Chr1:10388229;Chr1:10388796;Chr1:10389262;Chr1:10405461;Chr1:10408164;Chr1:10408296;Chr1:10418619;Chr1:10420755;Chr1:10423110;Chr1:10433598;Chr1:10436230;Chr1:10436507;Chr1:10444244;Chr1:10444918	Chr1:10408296	Chr1:10369200	TRUE	TRUE	TRUE	1	1	FALSE	FALSE	3	3	3	7	8	12
nobgs_V1_c1_rep6_env5	emmax_consensus	Chr1	2893100	2927651	15	1	Chr1:2893100;Chr1:2894980;Chr1:2896321;Chr1:2896916;Chr1:2897248;Chr1:2900096;Chr1:2900477;Chr1:2902681;Chr1:2903759;Chr1:2909116;Chr1:2913351;Chr1:2914880;Chr1:2922399;Chr1:2926957;Chr1:2927651	Chr1:2896916	Chr1:2914880	TRUE	FALSE	TRUE	0	1	FALSE	FALSE	2	2	2	7	9	14
nobgs_V1_c1_rep6_env5	lfmm_simes	Chr1	2893100	2927651	15	1	Chr1:2893100;Chr1:2894980;Chr1:2896321;Chr1:2896916;Chr1:2897248;Chr1:2900096;Chr1:2900477;Chr1:2902681;Chr1:2903759;Chr1:2909116;Chr1:2913351;Chr1:2914880;Chr1:2922399;Chr1:2926957;Chr1:2927651	Chr1:2896916	Chr1:2914880	TRUE	TRUE	TRUE	1	1	FALSE	FALSE	3	3	3	7	9	14
nobgs_V1_c1_rep6_env6	emmax_consensus	Chr1	4716098	4852261	13	1	Chr1:4716098;Chr1:4747497;Chr1:4760964;Chr1:4778352;Chr1:4789989;Chr1:4794949;Chr1:4799712;Chr1:4801116;Chr1:4802775;Chr1:4806242;Chr1:4808015;Chr1:4809068;Chr1:4852261	Chr1:4799712	Chr1:4879292	TRUE	TRUE	FALSE	1	0	FALSE	FALSE	2	2	2	8	9	14
nobgs_V1_c1_rep6_env6	emmax_simes	Chr1	4716098	4852261	13	1	Chr1:4716098;Chr1:4747497;Chr1:4760964;Chr1:4778352;Chr1:4789989;Chr1:4794949;Chr1:4799712;Chr1:4801116;Chr1:4802775;Chr1:4806242;Chr1:4808015;Chr1:4809068;Chr1:4852261	Chr1:4799712	Chr1:4879292	TRUE	TRUE	FALSE	1	0	FALSE	FALSE	2	2	2	8	9	14
nobgs_V1_c1_rep6_env6	lfmm_simes	Chr1	4716098	4852261	13	1	Chr1:4716098;Chr1:4747497;Chr1:4760964;Chr1:4778352;Chr1:4789989;Chr1:4794949;Chr1:4799712;Chr1:4801116;Chr1:4802775;Chr1:4806242;Chr1:4808015;Chr1:4809068;Chr1:4852261	Chr1:4799712	Chr1:4879292	TRUE	TRUE	FALSE	1	0	FALSE	FALSE	2	2	2	8	9	14
nobgs_V1_c1_rep7_env3	emmax_consensus	Chr1	14397753	14658697	13	1	Chr1:14397753;Chr1:14410454;Chr1:14480779;Chr1:14481433;Chr1:14498100;Chr1:14499081;Chr1:14502884;Chr1:14527396;Chr1:14527807;Chr1:14542811;Chr1:14558255;Chr1:14582639;Chr1:14658697	Chr1:14498100	""	FALSE	FALSE	FALSE	0	0	FALSE	FALSE	1	1	1	11	13	23
nobgs_V1_c1_rep7_env3	emmax_consensus	Chr1	15187196	15965759	110	4	Chr1:15187196;Chr1:15187242;Chr1:15187357;Chr1:15189154;Chr1:15198356;Chr1:15212901;Chr1:15221775;Chr1:15228597;Chr1:15237728;Chr1:15255892;Chr1:15256802;Chr1:15257138;Chr1:15265337;Chr1:15287683;Chr1:15293884;Chr1:15294258;Chr1:15302831;Chr1:15324741;Chr1:15328977;Chr1:15329723;Chr1:15333990;Chr1:15335213;Chr1:15353501;Chr1:15363180;Chr1:15368131;Chr1:15376820;Chr1:15379195;Chr1:15387954;Chr1:15408231;Chr1:15412450;Chr1:15412512;Chr1:15417645;Chr1:15418852;Chr1:15426915;Chr1:15439231;Chr1:15447075;Chr1:15449224;Chr1:15450769;Chr1:15454758;Chr1:15459265;Chr1:15465109;Chr1:15466363;Chr1:15482876;Chr1:15489825;Chr1:15505378;Chr1:15511425;Chr1:15472599;Chr1:15672368;Chr1:15680536;Chr1:15684131;Chr1:15687101;Chr1:15690327;Chr1:15701517;Chr1:15721900;Chr1:15736859;Chr1:15737055;Chr1:15740914;Chr1:15753472;Chr1:15756056;Chr1:15761949;Chr1:15764427;Chr1:15764820;Chr1:15766265;Chr1:15767947;Chr1:15770444;Chr1:15773513;Chr1:15796126;Chr1:15800048;Chr1:15818417;Chr1:15820670;Chr1:15835524;Chr1:15855430;Chr1:15862631;Chr1:15863247;Chr1:15897148;Chr1:15902585;Chr1:15905138;Chr1:15930027;Chr1:15934584;Chr1:15941767;Chr1:15965759;Chr1:15518360;Chr1:15525613;Chr1:15530585;Chr1:15536897;Chr1:15538571;Chr1:15550232;Chr1:15550352;Chr1:15553822;Chr1:15556657;Chr1:15563194;Chr1:15568336;Chr1:15589455;Chr1:15593434;Chr1:15606212;Chr1:15606429;Chr1:15615206;Chr1:15617563;Chr1:15619291;Chr1:15620308;Chr1:15622674;Chr1:15625036;Chr1:15639672;Chr1:15642771;Chr1:15643651;Chr1:15644243;Chr1:15649070;Chr1:15667136;Chr1:15668398;Chr1:15832736	Chr1:15255892;Chr1:15426915;Chr1:15737055;Chr1:15550232	Chr1:15684131	TRUE	TRUE	TRUE	1	1	FALSE	FALSE	3	3	3	11	13	23
nobgs_V1_c1_rep7_env3	emmax_consensus	Chr1	16033128	16104365	16	1	Chr1:16033128;Chr1:16035303;Chr1:16035462;Chr1:16045512;Chr1:16053721;Chr1:16058222;Chr1:16064280;Chr1:16065563;Chr1:16072636;Chr1:16081016;Chr1:16088876;Chr1:16090653;Chr1:16095310;Chr1:16098697;Chr1:16099182;Chr1:16104365	Chr1:16058222	""	FALSE	TRUE	FALSE	1	0	FALSE	FALSE	2	2	2	11	13	23
nobgs_V1_c1_rep7_env3	emmax_consensus	Chr1	17271523	17488621	13	1	Chr1:17271523;Chr1:17308873;Chr1:17311705;Chr1:17328613;Chr1:17346897;Chr1:17385928;Chr1:17389039;Chr1:17392260;Chr1:17447250;Chr1:17457885;Chr1:17465506;Chr1:17484537;Chr1:17488621	Chr1:17385928	""	FALSE	TRUE	FALSE	1	0	FALSE	FALSE	2	2	2	11	13	23
nobgs_V1_c1_rep7_env3	emmax_simes	Chr1	15187196	15965759	110	4	Chr1:15187196;Chr1:15187242;Chr1:15187357;Chr1:15189154;Chr1:15198356;Chr1:15212901;Chr1:15221775;Chr1:15228597;Chr1:15237728;Chr1:15255892;Chr1:15256802;Chr1:15257138;Chr1:15265337;Chr1:15287683;Chr1:15293884;Chr1:15294258;Chr1:15302831;Chr1:15324741;Chr1:15328977;Chr1:15329723;Chr1:15333990;Chr1:15335213;Chr1:15353501;Chr1:15363180;Chr1:15368131;Chr1:15376820;Chr1:15379195;Chr1:15387954;Chr1:15408231;Chr1:15412450;Chr1:15412512;Chr1:15417645;Chr1:15418852;Chr1:15426915;Chr1:15439231;Chr1:15447075;Chr1:15449224;Chr1:15450769;Chr1:15454758;Chr1:15459265;Chr1:15465109;Chr1:15466363;Chr1:15482876;Chr1:15489825;Chr1:15505378;Chr1:15511425;Chr1:15472599;Chr1:15672368;Chr1:15680536;Chr1:15684131;Chr1:15687101;Chr1:15690327;Chr1:15701517;Chr1:15721900;Chr1:15736859;Chr1:15737055;Chr1:15740914;Chr1:15753472;Chr1:15756056;Chr1:15761949;Chr1:15764427;Chr1:15764820;Chr1:15766265;Chr1:15767947;Chr1:15770444;Chr1:15773513;Chr1:15796126;Chr1:15800048;Chr1:15818417;Chr1:15820670;Chr1:15835524;Chr1:15855430;Chr1:15862631;Chr1:15863247;Chr1:15897148;Chr1:15902585;Chr1:15905138;Chr1:15930027;Chr1:15934584;Chr1:15941767;Chr1:15965759;Chr1:15518360;Chr1:15525613;Chr1:15530585;Chr1:15536897;Chr1:15538571;Chr1:15550232;Chr1:15550352;Chr1:15553822;Chr1:15556657;Chr1:15563194;Chr1:15568336;Chr1:15589455;Chr1:15593434;Chr1:15606212;Chr1:15606429;Chr1:15615206;Chr1:15617563;Chr1:15619291;Chr1:15620308;Chr1:15622674;Chr1:15625036;Chr1:15639672;Chr1:15642771;Chr1:15643651;Chr1:15644243;Chr1:15649070;Chr1:15667136;Chr1:15668398;Chr1:15832736	Chr1:15255892;Chr1:15426915;Chr1:15737055;Chr1:15550232	Chr1:15684131	TRUE	TRUE	TRUE	1	1	FALSE	FALSE	3	3	3	11	13	23
nobgs_V1_c1_rep7_env3	emmax_simes	Chr1	16033128	16104365	16	1	Chr1:16033128;Chr1:16035303;Chr1:16035462;Chr1:16045512;Chr1:16053721;Chr1:16058222;Chr1:16064280;Chr1:16065563;Chr1:16072636;Chr1:16081016;Chr1:16088876;Chr1:16090653;Chr1:16095310;Chr1:16098697;Chr1:16099182;Chr1:16104365	Chr1:16058222	""	FALSE	TRUE	FALSE	1	0	FALSE	FALSE	2	2	2	11	13	23
nobgs_V1_c1_rep7_env3	emmax_simes	Chr1	17271523	17488621	13	1	Chr1:17271523;Chr1:17308873;Chr1:17311705;Chr1:17328613;Chr1:17346897;Chr1:17385928;Chr1:17389039;Chr1:17392260;Chr1:17447250;Chr1:17457885;Chr1:17465506;Chr1:17484537;Chr1:17488621	Chr1:17385928	""	FALSE	TRUE	FALSE	1	0	FALSE	FALSE	2	2	2	11	13	23
nobgs_V1_c1_rep7_env3	lfmm_simes	Chr1	15187196	15965759	110	4	Chr1:15187196;Chr1:15187242;Chr1:15187357;Chr1:15189154;Chr1:15198356;Chr1:15212901;Chr1:15221775;Chr1:15228597;Chr1:15237728;Chr1:15255892;Chr1:15256802;Chr1:15257138;Chr1:15265337;Chr1:15287683;Chr1:15293884;Chr1:15294258;Chr1:15302831;Chr1:15324741;Chr1:15328977;Chr1:15329723;Chr1:15333990;Chr1:15335213;Chr1:15353501;Chr1:15363180;Chr1:15368131;Chr1:15376820;Chr1:15379195;Chr1:15387954;Chr1:15408231;Chr1:15412450;Chr1:15412512;Chr1:15417645;Chr1:15418852;Chr1:15426915;Chr1:15439231;Chr1:15447075;Chr1:15449224;Chr1:15450769;Chr1:15454758;Chr1:15459265;Chr1:15465109;Chr1:15466363;Chr1:15482876;Chr1:15489825;Chr1:15505378;Chr1:15511425;Chr1:15472599;Chr1:15672368;Chr1:15680536;Chr1:15684131;Chr1:15687101;Chr1:15690327;Chr1:15701517;Chr1:15721900;Chr1:15736859;Chr1:15737055;Chr1:15740914;Chr1:15753472;Chr1:15756056;Chr1:15761949;Chr1:15764427;Chr1:15764820;Chr1:15766265;Chr1:15767947;Chr1:15770444;Chr1:15773513;Chr1:15796126;Chr1:15800048;Chr1:15818417;Chr1:15820670;Chr1:15835524;Chr1:15855430;Chr1:15862631;Chr1:15863247;Chr1:15897148;Chr1:15902585;Chr1:15905138;Chr1:15930027;Chr1:15934584;Chr1:15941767;Chr1:15965759;Chr1:15518360;Chr1:15525613;Chr1:15530585;Chr1:15536897;Chr1:15538571;Chr1:15550232;Chr1:15550352;Chr1:15553822;Chr1:15556657;Chr1:15563194;Chr1:15568336;Chr1:15589455;Chr1:15593434;Chr1:15606212;Chr1:15606429;Chr1:15615206;Chr1:15617563;Chr1:15619291;Chr1:15620308;Chr1:15622674;Chr1:15625036;Chr1:15639672;Chr1:15642771;Chr1:15643651;Chr1:15644243;Chr1:15649070;Chr1:15667136;Chr1:15668398;Chr1:15832736	Chr1:15255892;Chr1:15426915;Chr1:15737055;Chr1:15550232	Chr1:15684131	TRUE	TRUE	TRUE	1	1	FALSE	FALSE	3	3	3	11	13	23
nobgs_V1_c1_rep7_env3	lfmm_simes	Chr1	16033128	16104365	16	1	Chr1:16033128;Chr1:16035303;Chr1:16035462;Chr1:16045512;Chr1:16053721;Chr1:16058222;Chr1:16064280;Chr1:16065563;Chr1:16072636;Chr1:16081016;Chr1:16088876;Chr1:16090653;Chr1:16095310;Chr1:16098697;Chr1:16099182;Chr1:16104365	Chr1:16058222	""	FALSE	TRUE	FALSE	1	0	FALSE	FALSE	2	2	2	11	13	23
nobgs_V1_c1_rep7_env4	emmax_consensus	Chr1	22580630	22677762	17	1	Chr1:22580630;Chr1:22599563;Chr1:22602277;Chr1:22628867;Chr1:22632717;Chr1:22633461;Chr1:22635884;Chr1:22639025;Chr1:22640043;Chr1:22648524;Chr1:22659913;Chr1:22660017;Chr1:22665371;Chr1:22666266;Chr1:22667969;Chr1:22671241;Chr1:22677762	Chr1:22648524	Chr1:22640043	TRUE	TRUE	TRUE	1	1	FALSE	FALSE	3	3	3	10	12	17
nobgs_V1_c1_rep7_env4	emmax_simes	Chr1	22580630	22677762	17	1	Chr1:22580630;Chr1:22599563;Chr1:22602277;Chr1:22628867;Chr1:22632717;Chr1:22633461;Chr1:22635884;Chr1:22639025;Chr1:22640043;Chr1:22648524;Chr1:22659913;Chr1:22660017;Chr1:22665371;Chr1:22666266;Chr1:22667969;Chr1:22671241;Chr1:22677762	Chr1:22648524	Chr1:22640043	TRUE	TRUE	TRUE	1	1	FALSE	FALSE	3	3	3	10	12	17
nobgs_V1_c1_rep7_env4	lfmm_simes	Chr1	22580630	22677762	17	1	Chr1:22580630;Chr1:22599563;Chr1:22602277;Chr1:22628867;Chr1:22632717;Chr1:22633461;Chr1:22635884;Chr1:22639025;Chr1:22640043;Chr1:22648524;Chr1:22659913;Chr1:22660017;Chr1:22665371;Chr1:22666266;Chr1:22667969;Chr1:22671241;Chr1:22677762	Chr1:22648524	Chr1:22640043	TRUE	TRUE	TRUE	1	1	FALSE	FALSE	3	3	3	10	12	17
nobgs_V1_c1_rep7_env6	emmax_consensus	Chr1	9294298	9742289	63	3	Chr1:9294298;Chr1:9326332;Chr1:9329028;Chr1:9343075;Chr1:9364340;Chr1:9367355;Chr1:9369640;Chr1:9376211;Chr1:9376928;Chr1:9393205;Chr1:9395993;Chr1:9400090;Chr1:9405789;Chr1:9424047;Chr1:9425214;Chr1:9441741;Chr1:9452468;Chr1:9474943;Chr1:9475456;Chr1:9475651;Chr1:9506064;Chr1:9511048;Chr1:9513925;Chr1:9514632;Chr1:9551462;Chr1:9554295;Chr1:9566153;Chr1:9548038;Chr1:9550934;Chr1:9568243;Chr1:9583038;Chr1:9598684;Chr1:9606776;Chr1:9608641;Chr1:9610287;Chr1:9615891;Chr1:9670957;Chr1:9679156;Chr1:9682420;Chr1:9698634;Chr1:9707337;Chr1:9728928;Chr1:9738773;Chr1:9740435;Chr1:9740914;Chr1:9742289;Chr1:9589131;Chr1:9595626;Chr1:9595643;Chr1:9601801;Chr1:9605447;Chr1:9628742;Chr1:9646633;Chr1:9652878;Chr1:9674232;Chr1:9675699;Chr1:9682197;Chr1:9683675;Chr1:9700421;Chr1:9703280;Chr1:9703750;Chr1:9706025;Chr1:9724527	Chr1:9393205;Chr1:9598684;Chr1:9646633	Chr1:9566153	TRUE	TRUE	TRUE	1	1	FALSE	FALSE	3	3	3	11	15	22
nobgs_V1_c1_rep7_env6	emmax_consensus	Chr1	15041827	15897148	109	3	Chr1:15041827;Chr1:15046903;Chr1:15083424;Chr1:15141954;Chr1:15142534;Chr1:15147350;Chr1:15147609;Chr1:15153564;Chr1:15165784;Chr1:15169179;Chr1:15169713;Chr1:15170654;Chr1:15171232;Chr1:15174536;Chr1:15187759;Chr1:15198356;Chr1:15210437;Chr1:15213318;Chr1:15215740;Chr1:15217393;Chr1:15223351;Chr1:15225364;Chr1:15228042;Chr1:15258022;Chr1:15275959;Chr1:15276352;Chr1:15295651;Chr1:15297511;Chr1:15305100;Chr1:15308489;Chr1:15316466;Chr1:15333169;Chr1:15335601;Chr1:15346147;Chr1:15346511;Chr1:15366188;Chr1:15378131;Chr1:15391597;Chr1:15398138;Chr1:15402407;Chr1:15404830;Chr1:15415635;Chr1:15419424;Chr1:15425595;Chr1:15435577;Chr1:15444078;Chr1:15444772;Chr1:15445886;Chr1:15449314;Chr1:15450376;Chr1:15459169;Chr1:15462283;Chr1:15466535;Chr1:15496223;Chr1:15516015;Chr1:15518373;Chr1:15524143;Chr1:15524270;Chr1:15525255;Chr1:15531517;Chr1:15538608;Chr1:15541713;Chr1:15542842;Chr1:15543298;Chr1:15544334;Chr1:15547903;Chr1:15549141;Chr1:15556007;Chr1:15565232;Chr1:15574844;Chr1:15575592;Chr1:15578672;Chr1:15582976;Chr1:15584073;Chr1:15595685;Chr1:15598959;Chr1:15601456;Chr1:15610560;Chr1:15612876;Chr1:15639662;Chr1:15650998;Chr1:15655726;Chr1:15677353;Chr1:15688089;Chr1:15690014;Chr1:15696520;Chr1:15697292;Chr1:15701857;Chr1:15706041;Chr1:15712844;Chr1:15723894;Chr1:15724175;Chr1:15732026;Chr1:15747704;Chr1:15751287;Chr1:15758915;Chr1:15785580;Chr1:15787210;Chr1:15788266;Chr1:15798444;Chr1:15807876;Chr1:15818404;Chr1:15827429;Chr1:15828616;Chr1:15834981;Chr1:15855430;Chr1:15863247;Chr1:15870443;Chr1:15897148	Chr1:15275959;Chr1:15398138;Chr1:15578672	Chr1:15543298	TRUE	TRUE	TRUE	1	2	FALSE	FALSE	3	3	3	11	15	22
nobgs_V1_c1_rep7_env6	emmax_simes	Chr1	9294298	9742289	63	3	Chr1:9294298;Chr1:9326332;Chr1:9329028;Chr1:9343075;Chr1:9364340;Chr1:9367355;Chr1:9369640;Chr1:9376211;Chr1:9376928;Chr1:9393205;Chr1:9395993;Chr1:9400090;Chr1:9405789;Chr1:9424047;Chr1:9425214;Chr1:9441741;Chr1:9452468;Chr1:9474943;Chr1:9475456;Chr1:9475651;Chr1:9506064;Chr1:9511048;Chr1:9513925;Chr1:9514632;Chr1:9551462;Chr1:9554295;Chr1:9566153;Chr1:9548038;Chr1:9550934;Chr1:9568243;Chr1:9583038;Chr1:9598684;Chr1:9606776;Chr1:9608641;Chr1:9610287;Chr1:9615891;Chr1:9670957;Chr1:9679156;Chr1:9682420;Chr1:9698634;Chr1:9707337;Chr1:9728928;Chr1:9738773;Chr1:9740435;Chr1:9740914;Chr1:9742289;Chr1:9589131;Chr1:9595626;Chr1:9595643;Chr1:9601801;Chr1:9605447;Chr1:9628742;Chr1:9646633;Chr1:9652878;Chr1:9674232;Chr1:9675699;Chr1:9682197;Chr1:9683675;Chr1:9700421;Chr1:9703280;Chr1:9703750;Chr1:9706025;Chr1:9724527	Chr1:9393205;Chr1:9598684;Chr1:9646633	Chr1:9566153	TRUE	TRUE	TRUE	1	1	FALSE	FALSE	3	3	3	11	15	22
nobgs_V1_c1_rep7_env6	emmax_simes	Chr1	15041827	15897148	109	3	Chr1:15041827;Chr1:15046903;Chr1:15083424;Chr1:15141954;Chr1:15142534;Chr1:15147350;Chr1:15147609;Chr1:15153564;Chr1:15165784;Chr1:15169179;Chr1:15169713;Chr1:15170654;Chr1:15171232;Chr1:15174536;Chr1:15187759;Chr1:15198356;Chr1:15210437;Chr1:15213318;Chr1:15215740;Chr1:15217393;Chr1:15223351;Chr1:15225364;Chr1:15228042;Chr1:15258022;Chr1:15275959;Chr1:15276352;Chr1:15295651;Chr1:15297511;Chr1:15305100;Chr1:15308489;Chr1:15316466;Chr1:15333169;Chr1:15335601;Chr1:15346147;Chr1:15346511;Chr1:15366188;Chr1:15378131;Chr1:15391597;Chr1:15398138;Chr1:15402407;Chr1:15404830;Chr1:15415635;Chr1:15419424;Chr1:15425595;Chr1:15435577;Chr1:15444078;Chr1:15444772;Chr1:15445886;Chr1:15449314;Chr1:15450376;Chr1:15459169;Chr1:15462283;Chr1:15466535;Chr1:15496223;Chr1:15516015;Chr1:15518373;Chr1:15524143;Chr1:15524270;Chr1:15525255;Chr1:15531517;Chr1:15538608;Chr1:15541713;Chr1:15542842;Chr1:15543298;Chr1:15544334;Chr1:15547903;Chr1:15549141;Chr1:15556007;Chr1:15565232;Chr1:15574844;Chr1:15575592;Chr1:15578672;Chr1:15582976;Chr1:15584073;Chr1:15595685;Chr1:15598959;Chr1:15601456;Chr1:15610560;Chr1:15612876;Chr1:15639662;Chr1:15650998;Chr1:15655726;Chr1:15677353;Chr1:15688089;Chr1:15690014;Chr1:15696520;Chr1:15697292;Chr1:15701857;Chr1:15706041;Chr1:15712844;Chr1:15723894;Chr1:15724175;Chr1:15732026;Chr1:15747704;Chr1:15751287;Chr1:15758915;Chr1:15785580;Chr1:15787210;Chr1:15788266;Chr1:15798444;Chr1:15807876;Chr1:15818404;Chr1:15827429;Chr1:15828616;Chr1:15834981;Chr1:15855430;Chr1:15863247;Chr1:15870443;Chr1:15897148	Chr1:15275959;Chr1:15398138;Chr1:15578672	Chr1:15543298	TRUE	TRUE	TRUE	1	2	FALSE	FALSE	3	3	3	11	15	22
nobgs_V1_c1_rep7_env6	lfmm_simes	Chr1	9294298	9742289	63	3	Chr1:9294298;Chr1:9326332;Chr1:9329028;Chr1:9343075;Chr1:9364340;Chr1:9367355;Chr1:9369640;Chr1:9376211;Chr1:9376928;Chr1:9393205;Chr1:9395993;Chr1:9400090;Chr1:9405789;Chr1:9424047;Chr1:9425214;Chr1:9441741;Chr1:9452468;Chr1:9474943;Chr1:9475456;Chr1:9475651;Chr1:9506064;Chr1:9511048;Chr1:9513925;Chr1:9514632;Chr1:9551462;Chr1:9554295;Chr1:9566153;Chr1:9548038;Chr1:9550934;Chr1:9568243;Chr1:9583038;Chr1:9598684;Chr1:9606776;Chr1:9608641;Chr1:9610287;Chr1:9615891;Chr1:9670957;Chr1:9679156;Chr1:9682420;Chr1:9698634;Chr1:9707337;Chr1:9728928;Chr1:9738773;Chr1:9740435;Chr1:9740914;Chr1:9742289;Chr1:9589131;Chr1:9595626;Chr1:9595643;Chr1:9601801;Chr1:9605447;Chr1:9628742;Chr1:9646633;Chr1:9652878;Chr1:9674232;Chr1:9675699;Chr1:9682197;Chr1:9683675;Chr1:9700421;Chr1:9703280;Chr1:9703750;Chr1:9706025;Chr1:9724527	Chr1:9393205;Chr1:9598684;Chr1:9646633	Chr1:9566153	TRUE	TRUE	TRUE	1	1	FALSE	FALSE	3	3	3	11	15	22
nobgs_V1_c1_rep7_env6	lfmm_simes	Chr1	9921379	10216994	30	1	Chr1:9921379;Chr1:9923170;Chr1:9934896;Chr1:9940007;Chr1:9944991;Chr1:9951081;Chr1:9955424;Chr1:9955489;Chr1:9958363;Chr1:9967685;Chr1:9969510;Chr1:9970353;Chr1:10012487;Chr1:10048045;Chr1:10048252;Chr1:10049115;Chr1:10049872;Chr1:10059792;Chr1:10087821;Chr1:10088482;Chr1:10089989;Chr1:10095098;Chr1:10096803;Chr1:10099954;Chr1:10100758;Chr1:10132533;Chr1:10144529;Chr1:10147284;Chr1:10177889;Chr1:10216994	Chr1:10177889	""	FALSE	TRUE	TRUE	1	1	FALSE	FALSE	3	3	3	11	15	22
nobgs_V1_c1_rep7_env6	lfmm_simes	Chr1	9932919	10302343	39	1	Chr1:9932919;Chr1:9937537;Chr1:9945195;Chr1:9955316;Chr1:9956912;Chr1:9966457;Chr1:9972063;Chr1:9978177;Chr1:9989195;Chr1:9989329;Chr1:10033338;Chr1:10036103;Chr1:10036580;Chr1:10045179;Chr1:10058636;Chr1:10060555;Chr1:10063385;Chr1:10073700;Chr1:10075613;Chr1:10098176;Chr1:10120167;Chr1:10130463;Chr1:10141602;Chr1:10151445;Chr1:10166953;Chr1:10167220;Chr1:10201227;Chr1:10203264;Chr1:10203533;Chr1:10218693;Chr1:10232095;Chr1:10243369;Chr1:10257338;Chr1:10258350;Chr1:10262548;Chr1:10266724;Chr1:10270649;Chr1:10271053;Chr1:10302343	Chr1:10033338	""	FALSE	TRUE	TRUE	1	1	FALSE	FALSE	3	3	3	11	15	22
nobgs_V1_c1_rep7_env6	lfmm_simes	Chr1	15041827	15897148	109	3	Chr1:15041827;Chr1:15046903;Chr1:15083424;Chr1:15141954;Chr1:15142534;Chr1:15147350;Chr1:15147609;Chr1:15153564;Chr1:15165784;Chr1:15169179;Chr1:15169713;Chr1:15170654;Chr1:15171232;Chr1:15174536;Chr1:15187759;Chr1:15198356;Chr1:15210437;Chr1:15213318;Chr1:15215740;Chr1:15217393;Chr1:15223351;Chr1:15225364;Chr1:15228042;Chr1:15258022;Chr1:15275959;Chr1:15276352;Chr1:15295651;Chr1:15297511;Chr1:15305100;Chr1:15308489;Chr1:15316466;Chr1:15333169;Chr1:15335601;Chr1:15346147;Chr1:15346511;Chr1:15366188;Chr1:15378131;Chr1:15391597;Chr1:15398138;Chr1:15402407;Chr1:15404830;Chr1:15415635;Chr1:15419424;Chr1:15425595;Chr1:15435577;Chr1:15444078;Chr1:15444772;Chr1:15445886;Chr1:15449314;Chr1:15450376;Chr1:15459169;Chr1:15462283;Chr1:15466535;Chr1:15496223;Chr1:15516015;Chr1:15518373;Chr1:15524143;Chr1:15524270;Chr1:15525255;Chr1:15531517;Chr1:15538608;Chr1:15541713;Chr1:15542842;Chr1:15543298;Chr1:15544334;Chr1:15547903;Chr1:15549141;Chr1:15556007;Chr1:15565232;Chr1:15574844;Chr1:15575592;Chr1:15578672;Chr1:15582976;Chr1:15584073;Chr1:15595685;Chr1:15598959;Chr1:15601456;Chr1:15610560;Chr1:15612876;Chr1:15639662;Chr1:15650998;Chr1:15655726;Chr1:15677353;Chr1:15688089;Chr1:15690014;Chr1:15696520;Chr1:15697292;Chr1:15701857;Chr1:15706041;Chr1:15712844;Chr1:15723894;Chr1:15724175;Chr1:15732026;Chr1:15747704;Chr1:15751287;Chr1:15758915;Chr1:15785580;Chr1:15787210;Chr1:15788266;Chr1:15798444;Chr1:15807876;Chr1:15818404;Chr1:15827429;Chr1:15828616;Chr1:15834981;Chr1:15855430;Chr1:15863247;Chr1:15870443;Chr1:15897148	Chr1:15275959;Chr1:15398138;Chr1:15578672	Chr1:15543298	TRUE	TRUE	TRUE	1	2	FALSE	FALSE	3	3	3	11	15	22
nobgs_V1_c1_rep7_env8	emmax_consensus	Chr1	15161711	15432367	29	1	Chr1:15161711;Chr1:15169161;Chr1:15171662;Chr1:15176967;Chr1:15194056;Chr1:15194534;Chr1:15207995;Chr1:15232314;Chr1:15241475;Chr1:15246812;Chr1:15268592;Chr1:15276381;Chr1:15276922;Chr1:15282965;Chr1:15284778;Chr1:15289327;Chr1:15322169;Chr1:15333233;Chr1:15357858;Chr1:15372838;Chr1:15376109;Chr1:15381093;Chr1:15384691;Chr1:15388365;Chr1:15392937;Chr1:15397006;Chr1:15402791;Chr1:15427056;Chr1:15432367	Chr1:15232314	""	FALSE	TRUE	TRUE	1	1	FALSE	FALSE	3	3	3	10	12	18
nobgs_V1_c1_rep7_env8	emmax_consensus	Chr1	15454406	15830044	54	2	Chr1:15454406;Chr1:15454836;Chr1:15455579;Chr1:15486600;Chr1:15491600;Chr1:15498070;Chr1:15499416;Chr1:15510473;Chr1:15512575;Chr1:15536475;Chr1:15543298;Chr1:15547688;Chr1:15550061;Chr1:15598607;Chr1:15601023;Chr1:15601400;Chr1:15603411;Chr1:15607506;Chr1:15611781;Chr1:15616229;Chr1:15635594;Chr1:15675965;Chr1:15677411;Chr1:15684512;Chr1:15692046;Chr1:15706458;Chr1:15737055;Chr1:15628646;Chr1:15632698;Chr1:15633415;Chr1:15634717;Chr1:15641147;Chr1:15660310;Chr1:15672368;Chr1:15680536;Chr1:15687101;Chr1:15690327;Chr1:15701517;Chr1:15721900;Chr1:15736859;Chr1:15740914;Chr1:15753472;Chr1:15756056;Chr1:15761949;Chr1:15764820;Chr1:15766265;Chr1:15774812;Chr1:15789576;Chr1:15797474;Chr1:15801897;Chr1:15806228;Chr1:15807285;Chr1:15810898;Chr1:15830044	Chr1:15543298;Chr1:15721900	Chr1:15543298	TRUE	TRUE	TRUE	1	1	FALSE	FALSE	3	3	3	10	12	18
nobgs_V1_c1_rep7_env8	emmax_consensus	Chr1	15880806	16081313	12	1	Chr1:15880806;Chr1:15898944;Chr1:15907475;Chr1:15913419;Chr1:15918126;Chr1:15957497;Chr1:15979277;Chr1:15985756;Chr1:16003048;Chr1:16025958;Chr1:16079892;Chr1:16081313	Chr1:16025958	""	FALSE	FALSE	FALSE	0	0	FALSE	FALSE	1	1	1	10	12	18
nobgs_V1_c1_rep7_env8	emmax_simes	Chr1	15161711	15432367	29	1	Chr1:15161711;Chr1:15169161;Chr1:15171662;Chr1:15176967;Chr1:15194056;Chr1:15194534;Chr1:15207995;Chr1:15232314;Chr1:15241475;Chr1:15246812;Chr1:15268592;Chr1:15276381;Chr1:15276922;Chr1:15282965;Chr1:15284778;Chr1:15289327;Chr1:15322169;Chr1:15333233;Chr1:15357858;Chr1:15372838;Chr1:15376109;Chr1:15381093;Chr1:15384691;Chr1:15388365;Chr1:15392937;Chr1:15397006;Chr1:15402791;Chr1:15427056;Chr1:15432367	Chr1:15232314	""	FALSE	TRUE	TRUE	1	1	FALSE	FALSE	3	3	3	10	12	18
nobgs_V1_c1_rep7_env8	emmax_simes	Chr1	15454406	15830044	54	2	Chr1:15454406;Chr1:15454836;Chr1:15455579;Chr1:15486600;Chr1:15491600;Chr1:15498070;Chr1:15499416;Chr1:15510473;Chr1:15512575;Chr1:15536475;Chr1:15543298;Chr1:15547688;Chr1:15550061;Chr1:15598607;Chr1:15601023;Chr1:15601400;Chr1:15603411;Chr1:15607506;Chr1:15611781;Chr1:15616229;Chr1:15635594;Chr1:15675965;Chr1:15677411;Chr1:15684512;Chr1:15692046;Chr1:15706458;Chr1:15737055;Chr1:15628646;Chr1:15632698;Chr1:15633415;Chr1:15634717;Chr1:15641147;Chr1:15660310;Chr1:15672368;Chr1:15680536;Chr1:15687101;Chr1:15690327;Chr1:15701517;Chr1:15721900;Chr1:15736859;Chr1:15740914;Chr1:15753472;Chr1:15756056;Chr1:15761949;Chr1:15764820;Chr1:15766265;Chr1:15774812;Chr1:15789576;Chr1:15797474;Chr1:15801897;Chr1:15806228;Chr1:15807285;Chr1:15810898;Chr1:15830044	Chr1:15543298;Chr1:15721900	Chr1:15543298	TRUE	TRUE	TRUE	1	1	FALSE	FALSE	3	3	3	10	12	18
nobgs_V1_c1_rep8_env1	emmax_consensus	Chr1	11075806	12616990	163	5	Chr1:11075806;Chr1:11100612;Chr1:11107006;Chr1:11115292;Chr1:11115945;Chr1:11121030;Chr1:11122129;Chr1:11126082;Chr1:11129244;Chr1:11130571;Chr1:11155956;Chr1:11159074;Chr1:11163714;Chr1:11163919;Chr1:11165627;Chr1:11167164;Chr1:11169863;Chr1:11190372;Chr1:11194815;Chr1:11207763;Chr1:11215957;Chr1:11218953;Chr1:11223306;Chr1:11240909;Chr1:11397111;Chr1:11427493;Chr1:11431229;Chr1:11459450;Chr1:11465489;Chr1:11466680;Chr1:11470460;Chr1:11470793;Chr1:11470805;Chr1:11471422;Chr1:11476083;Chr1:11483852;Chr1:11517561;Chr1:11521995;Chr1:11528808;Chr1:11530074;Chr1:11532190;Chr1:11533546;Chr1:11535087;Chr1:11536232;Chr1:11536445;Chr1:11549311;Chr1:11551907;Chr1:11555947;Chr1:11569085;Chr1:11578000;Chr1:11579063;Chr1:11595708;Chr1:11607506;Chr1:11610750;Chr1:11612710;Chr1:11616941;Chr1:11626245;Chr1:11628123;Chr1:11633077;Chr1:11636797;Chr1:11648208;Chr1:11649853;Chr1:11662881;Chr1:11664654;Chr1:11670036;Chr1:11681025;Chr1:11751366;Chr1:11757154;Chr1:11772971;Chr1:11774114;Chr1:11785701;Chr1:11801811;Chr1:11805876;Chr1:11812051;Chr1:11816759;Chr1:11823916;Chr1:11831030;Chr1:11838752;Chr1:11840398;Chr1:11853391;Chr1:11863307;Chr1:11865570;Chr1:11883826;Chr1:11884963;Chr1:11925096;Chr1:11926660;Chr1:11928722;Chr1:11935931;Chr1:11943407;Chr1:11945085;Chr1:11946747;Chr1:11965587;Chr1:11967643;Chr1:11977892;Chr1:11980386;Chr1:11981657;Chr1:11990275;Chr1:12001109;Chr1:12008276;Chr1:12011251;Chr1:12012865;Chr1:12015853;Chr1:12518069;Chr1:11257406;Chr1:11269811;Chr1:11275850;Chr1:12304183;Chr1:12305443;Chr1:12310625;Chr1:12321025;Chr1:12328145;Chr1:12331726;Chr1:12336824;Chr1:12348768;Chr1:12376114;Chr1:12389738;Chr1:12392641;Chr1:12420113;Chr1:12431970;Chr1:12461617;Chr1:12464251;Chr1:12473993;Chr1:12504510;Chr1:12508502;Chr1:12508844;Chr1:12553765;Chr1:12554589;Chr1:12564272;Chr1:12575675;Chr1:12578071;Chr1:12585097;Chr1:12588831;Chr1:12601890;Chr1:12616497;Chr1:12616990;Chr1:11290048;Chr1:11304294;Chr1:11314837;Chr1:11317672;Chr1:11321799;Chr1:11323426;Chr1:11334985;Chr1:11336331;Chr1:11339814;Chr1:11349949;Chr1:11358908;Chr1:11363501;Chr1:11371304;Chr1:11382663;Chr1:11387004;Chr1:11356441;Chr1:11369863;Chr1:11391226;Chr1:11579330;Chr1:11580780;Chr1:11583329;Chr1:11825471;Chr1:11830357;Chr1:11835464;Chr1:11844476;Chr1:11856630;Chr1:11860152;Chr1:11892769	Chr1:11126082;Chr1:11648208;Chr1:12508844;Chr1:11358908;Chr1:11825471	Chr1:11223306;Chr1:12518069	TRUE	TRUE	TRUE	1	1	FALSE	FALSE	3	3	3	7	8	16
nobgs_V1_c1_rep8_env1	emmax_consensus	Chr1	11122192	11167712	9	1	Chr1:11122192;Chr1:11135498;Chr1:11153490;Chr1:11156651;Chr1:11157408;Chr1:11159615;Chr1:11161024;Chr1:11164952;Chr1:11167712	Chr1:11157408	Chr1:11223306	TRUE	TRUE	FALSE	1	0	FALSE	FALSE	2	2	3	7	8	16
nobgs_V1_c1_rep8_env1	emmax_consensus	Chr1	12034645	12194309	28	2	Chr1:12034645;Chr1:12038012;Chr1:12044045;Chr1:12046245;Chr1:12052935;Chr1:12067240;Chr1:12070801;Chr1:12073187;Chr1:12073472;Chr1:12103797;Chr1:12105834;Chr1:12110427;Chr1:12115657;Chr1:12116099;Chr1:12117088;Chr1:12125537;Chr1:12140300;Chr1:12141461;Chr1:12144710;Chr1:12150020;Chr1:12152004;Chr1:12176035;Chr1:12182212;Chr1:12183049;Chr1:12184364;Chr1:12191587;Chr1:12193941;Chr1:12194309	Chr1:12073187;Chr1:12150020	""	FALSE	TRUE	TRUE	1	1	FALSE	FALSE	3	3	3	7	8	16
nobgs_V1_c1_rep8_env1	emmax_consensus	Chr1	12659971	12738434	9	1	Chr1:12659971;Chr1:12687437;Chr1:12705254;Chr1:12705547;Chr1:12712776;Chr1:12716341;Chr1:12726013;Chr1:12726694;Chr1:12738434	Chr1:12716341	""	FALSE	TRUE	FALSE	1	0	FALSE	FALSE	2	2	2	7	8	16
nobgs_V1_c1_rep8_env1	emmax_simes	Chr1	11075806	12616990	163	5	Chr1:11075806;Chr1:11100612;Chr1:11107006;Chr1:11115292;Chr1:11115945;Chr1:11121030;Chr1:11122129;Chr1:11126082;Chr1:11129244;Chr1:11130571;Chr1:11155956;Chr1:11159074;Chr1:11163714;Chr1:11163919;Chr1:11165627;Chr1:11167164;Chr1:11169863;Chr1:11190372;Chr1:11194815;Chr1:11207763;Chr1:11215957;Chr1:11218953;Chr1:11223306;Chr1:11240909;Chr1:11397111;Chr1:11427493;Chr1:11431229;Chr1:11459450;Chr1:11465489;Chr1:11466680;Chr1:11470460;Chr1:11470793;Chr1:11470805;Chr1:11471422;Chr1:11476083;Chr1:11483852;Chr1:11517561;Chr1:11521995;Chr1:11528808;Chr1:11530074;Chr1:11532190;Chr1:11533546;Chr1:11535087;Chr1:11536232;Chr1:11536445;Chr1:11549311;Chr1:11551907;Chr1:11555947;Chr1:11569085;Chr1:11578000;Chr1:11579063;Chr1:11595708;Chr1:11607506;Chr1:11610750;Chr1:11612710;Chr1:11616941;Chr1:11626245;Chr1:11628123;Chr1:11633077;Chr1:11636797;Chr1:11648208;Chr1:11649853;Chr1:11662881;Chr1:11664654;Chr1:11670036;Chr1:11681025;Chr1:11751366;Chr1:11757154;Chr1:11772971;Chr1:11774114;Chr1:11785701;Chr1:11801811;Chr1:11805876;Chr1:11812051;Chr1:11816759;Chr1:11823916;Chr1:11831030;Chr1:11838752;Chr1:11840398;Chr1:11853391;Chr1:11863307;Chr1:11865570;Chr1:11883826;Chr1:11884963;Chr1:11925096;Chr1:11926660;Chr1:11928722;Chr1:11935931;Chr1:11943407;Chr1:11945085;Chr1:11946747;Chr1:11965587;Chr1:11967643;Chr1:11977892;Chr1:11980386;Chr1:11981657;Chr1:11990275;Chr1:12001109;Chr1:12008276;Chr1:12011251;Chr1:12012865;Chr1:12015853;Chr1:12518069;Chr1:11257406;Chr1:11269811;Chr1:11275850;Chr1:12304183;Chr1:12305443;Chr1:12310625;Chr1:12321025;Chr1:12328145;Chr1:12331726;Chr1:12336824;Chr1:12348768;Chr1:12376114;Chr1:12389738;Chr1:12392641;Chr1:12420113;Chr1:12431970;Chr1:12461617;Chr1:12464251;Chr1:12473993;Chr1:12504510;Chr1:12508502;Chr1:12508844;Chr1:12553765;Chr1:12554589;Chr1:12564272;Chr1:12575675;Chr1:12578071;Chr1:12585097;Chr1:12588831;Chr1:12601890;Chr1:12616497;Chr1:12616990;Chr1:11290048;Chr1:11304294;Chr1:11314837;Chr1:11317672;Chr1:11321799;Chr1:11323426;Chr1:11334985;Chr1:11336331;Chr1:11339814;Chr1:11349949;Chr1:11358908;Chr1:11363501;Chr1:11371304;Chr1:11382663;Chr1:11387004;Chr1:11356441;Chr1:11369863;Chr1:11391226;Chr1:11579330;Chr1:11580780;Chr1:11583329;Chr1:11825471;Chr1:11830357;Chr1:11835464;Chr1:11844476;Chr1:11856630;Chr1:11860152;Chr1:11892769	Chr1:11126082;Chr1:11648208;Chr1:12508844;Chr1:11358908;Chr1:11825471	Chr1:11223306;Chr1:12518069	TRUE	TRUE	TRUE	1	1	FALSE	FALSE	3	3	3	7	8	16
nobgs_V1_c1_rep8_env1	emmax_simes	Chr1	11122192	11167712	9	1	Chr1:11122192;Chr1:11135498;Chr1:11153490;Chr1:11156651;Chr1:11157408;Chr1:11159615;Chr1:11161024;Chr1:11164952;Chr1:11167712	Chr1:11157408	Chr1:11223306	TRUE	TRUE	FALSE	1	0	FALSE	FALSE	2	2	3	7	8	16
nobgs_V1_c1_rep8_env1	emmax_simes	Chr1	12034645	12194309	28	2	Chr1:12034645;Chr1:12038012;Chr1:12044045;Chr1:12046245;Chr1:12052935;Chr1:12067240;Chr1:12070801;Chr1:12073187;Chr1:12073472;Chr1:12103797;Chr1:12105834;Chr1:12110427;Chr1:12115657;Chr1:12116099;Chr1:12117088;Chr1:12125537;Chr1:12140300;Chr1:12141461;Chr1:12144710;Chr1:12150020;Chr1:12152004;Chr1:12176035;Chr1:12182212;Chr1:12183049;Chr1:12184364;Chr1:12191587;Chr1:12193941;Chr1:12194309	Chr1:12073187;Chr1:12150020	""	FALSE	TRUE	TRUE	1	1	FALSE	FALSE	3	3	3	7	8	16
nobgs_V1_c1_rep8_env1	emmax_simes	Chr1	12659971	12738434	9	1	Chr1:12659971;Chr1:12687437;Chr1:12705254;Chr1:12705547;Chr1:12712776;Chr1:12716341;Chr1:12726013;Chr1:12726694;Chr1:12738434	Chr1:12716341	""	FALSE	TRUE	FALSE	1	0	FALSE	FALSE	2	2	2	7	8	16
nobgs_V1_c1_rep8_env1	lfmm_simes	Chr1	11207763	12616990	144	4	Chr1:11207763;Chr1:11215957;Chr1:11218953;Chr1:11223306;Chr1:11240909;Chr1:11397111;Chr1:11427493;Chr1:11431229;Chr1:11459450;Chr1:11465489;Chr1:11466680;Chr1:11470460;Chr1:11470793;Chr1:11470805;Chr1:11471422;Chr1:11476083;Chr1:11483852;Chr1:11517561;Chr1:11521995;Chr1:11528808;Chr1:11530074;Chr1:11532190;Chr1:11533546;Chr1:11535087;Chr1:11536232;Chr1:11536445;Chr1:11549311;Chr1:11551907;Chr1:11555947;Chr1:11569085;Chr1:11578000;Chr1:11579063;Chr1:11595708;Chr1:11607506;Chr1:11610750;Chr1:11612710;Chr1:11616941;Chr1:11626245;Chr1:11628123;Chr1:11633077;Chr1:11636797;Chr1:11648208;Chr1:11649853;Chr1:11662881;Chr1:11664654;Chr1:11670036;Chr1:11681025;Chr1:11751366;Chr1:11757154;Chr1:11772971;Chr1:11774114;Chr1:11785701;Chr1:11801811;Chr1:11805876;Chr1:11812051;Chr1:11816759;Chr1:11823916;Chr1:11831030;Chr1:11838752;Chr1:11840398;Chr1:11853391;Chr1:11863307;Chr1:11865570;Chr1:11883826;Chr1:11884963;Chr1:11925096;Chr1:11926660;Chr1:11928722;Chr1:11935931;Chr1:11943407;Chr1:11945085;Chr1:11946747;Chr1:11965587;Chr1:11967643;Chr1:11977892;Chr1:11980386;Chr1:11981657;Chr1:11990275;Chr1:12001109;Chr1:12008276;Chr1:12011251;Chr1:12012865;Chr1:12015853;Chr1:12518069;Chr1:11257406;Chr1:11269811;Chr1:11275850;Chr1:12304183;Chr1:12305443;Chr1:12310625;Chr1:12321025;Chr1:12328145;Chr1:12331726;Chr1:12336824;Chr1:12348768;Chr1:12376114;Chr1:12389738;Chr1:12392641;Chr1:12420113;Chr1:12431970;Chr1:12461617;Chr1:12464251;Chr1:12473993;Chr1:12504510;Chr1:12508502;Chr1:12508844;Chr1:12553765;Chr1:12554589;Chr1:12564272;Chr1:12575675;Chr1:12578071;Chr1:12585097;Chr1:12588831;Chr1:12601890;Chr1:12616497;Chr1:12616990;Chr1:11290048;Chr1:11304294;Chr1:11314837;Chr1:11317672;Chr1:11321799;Chr1:11323426;Chr1:11334985;Chr1:11336331;Chr1:11339814;Chr1:11349949;Chr1:11358908;Chr1:11363501;Chr1:11371304;Chr1:11382663;Chr1:11387004;Chr1:11356441;Chr1:11369863;Chr1:11391226;Chr1:11579330;Chr1:11580780;Chr1:11583329;Chr1:11825471;Chr1:11830357;Chr1:11835464;Chr1:11844476;Chr1:11856630;Chr1:11860152;Chr1:11892769	Chr1:11648208;Chr1:12508844;Chr1:11358908;Chr1:11825471	Chr1:11223306;Chr1:12518069	TRUE	TRUE	TRUE	1	1	FALSE	FALSE	3	3	3	7	8	16
nobgs_V1_c1_rep8_env10	emmax_consensus	Chr1	19168743	19201253	8	1	Chr1:19168743;Chr1:19177501;Chr1:19184846;Chr1:19190578;Chr1:19193392;Chr1:19197637;Chr1:19199600;Chr1:19201253	Chr1:19184846	Chr1:19168743	TRUE	TRUE	FALSE	1	0	FALSE	FALSE	2	2	2	7	8	12
nobgs_V1_c1_rep8_env10	emmax_simes	Chr1	19168743	19201253	8	1	Chr1:19168743;Chr1:19177501;Chr1:19184846;Chr1:19190578;Chr1:19193392;Chr1:19197637;Chr1:19199600;Chr1:19201253	Chr1:19184846	Chr1:19168743	TRUE	TRUE	FALSE	1	0	FALSE	FALSE	2	2	2	7	8	12
nobgs_V1_c1_rep8_env10	lfmm_simes	Chr1	19168743	19201253	8	1	Chr1:19168743;Chr1:19177501;Chr1:19184846;Chr1:19190578;Chr1:19193392;Chr1:19197637;Chr1:19199600;Chr1:19201253	Chr1:19184846	Chr1:19168743	TRUE	TRUE	FALSE	1	0	FALSE	FALSE	2	2	2	7	8	12
nobgs_V1_c1_rep8_env2	emmax_consensus	Chr1	4503269	4578136	19	1	Chr1:4503269;Chr1:4504809;Chr1:4504988;Chr1:4516861;Chr1:4521539;Chr1:4523653;Chr1:4528902;Chr1:4529296;Chr1:4529784;Chr1:4536774;Chr1:4540123;Chr1:4540858;Chr1:4542667;Chr1:4543727;Chr1:4544805;Chr1:4546627;Chr1:4555299;Chr1:4563174;Chr1:4578136	Chr1:4529296	Chr1:4607855	TRUE	FALSE	TRUE	0	1	FALSE	FALSE	2	2	2	8	9	15
nobgs_V1_c1_rep8_env2	emmax_consensus	Chr1	4597073	4698152	34	3	Chr1:4597073;Chr1:4598484;Chr1:4599094;Chr1:4603855;Chr1:4604120;Chr1:4606302;Chr1:4606892;Chr1:4607855;Chr1:4611567;Chr1:4619548;Chr1:4620667;Chr1:4621279;Chr1:4624540;Chr1:4625850;Chr1:4629667;Chr1:4641758;Chr1:4642516;Chr1:4647090;Chr1:4651647;Chr1:4652408;Chr1:4654497;Chr1:4654519;Chr1:4658360;Chr1:4658912;Chr1:4668146;Chr1:4677093;Chr1:4679811;Chr1:4680819;Chr1:4680870;Chr1:4682865;Chr1:4686482;Chr1:4691787;Chr1:4695948;Chr1:4698152	Chr1:4606302;Chr1:4658360;Chr1:4682865	Chr1:4607855	TRUE	TRUE	TRUE	1	1	FALSE	FALSE	3	3	3	8	9	15
nobgs_V1_c1_rep8_env2	emmax_consensus	Chr1	11539614	11584195	9	1	Chr1:11539614;Chr1:11546043;Chr1:11550759;Chr1:11558553;Chr1:11559556;Chr1:11568532;Chr1:11568741;Chr1:11582210;Chr1:11584195	Chr1:11539614	Chr1:11510599	TRUE	FALSE	FALSE	0	0	FALSE	FALSE	1	1	1	8	9	15
nobgs_V1_c1_rep8_env2	emmax_consensus	Chr1	11701791	12017069	43	3	Chr1:11701791;Chr1:11704217;Chr1:11709655;Chr1:11727599;Chr1:11732502;Chr1:11736455;Chr1:11737100;Chr1:11743290;Chr1:11759549;Chr1:11760599;Chr1:11761149;Chr1:11784855;Chr1:11787948;Chr1:11805876;Chr1:11810284;Chr1:11816759;Chr1:11819987;Chr1:11824810;Chr1:11850384;Chr1:11870173;Chr1:11888790;Chr1:11904759;Chr1:11905495;Chr1:11925856;Chr1:11935307;Chr1:11935317;Chr1:11937760;Chr1:11946268;Chr1:11954040;Chr1:11965587;Chr1:11968941;Chr1:11973874;Chr1:11977892;Chr1:11980386;Chr1:11981363;Chr1:11981657;Chr1:11989732;Chr1:11990275;Chr1:11995535;Chr1:11999473;Chr1:12009459;Chr1:12009956;Chr1:12017069	Chr1:11743290;Chr1:11819987;Chr1:11973874	""	FALSE	TRUE	TRUE	1	1	FALSE	FALSE	3	3	3	8	9	15
nobgs_V1_c1_rep8_env2	emmax_consensus	Chr1	12176035	12224906	10	1	Chr1:12176035;Chr1:12184364;Chr1:12191466;Chr1:12193941;Chr1:12194309;Chr1:12198533;Chr1:12201774;Chr1:12209939;Chr1:12217564;Chr1:12224906	Chr1:12193941	""	FALSE	FALSE	FALSE	0	0	FALSE	FALSE	1	1	1	8	9	15
nobgs_V1_c1_rep8_env2	emmax_simes	Chr1	4597073	4611567	9	1	Chr1:4597073;Chr1:4598484;Chr1:4599094;Chr1:4603855;Chr1:4604120;Chr1:4606302;Chr1:4606892;Chr1:4607855;Chr1:4611567	Chr1:4606302	Chr1:4607855	TRUE	FALSE	FALSE	0	0	FALSE	FALSE	1	1	1	8	9	15
nobgs_V1_c1_rep8_env2	lfmm_simes	Chr1	4597073	4611567	9	1	Chr1:4597073;Chr1:4598484;Chr1:4599094;Chr1:4603855;Chr1:4604120;Chr1:4606302;Chr1:4606892;Chr1:4607855;Chr1:4611567	Chr1:4606302	Chr1:4607855	TRUE	FALSE	FALSE	0	0	FALSE	FALSE	1	1	1	8	9	15
nobgs_V1_c1_rep8_env3	emmax_consensus	Chr1	11040463	12585097	188	4	Chr1:11040463;Chr1:11055115;Chr1:11055145;Chr1:11058564;Chr1:11059525;Chr1:11075806;Chr1:11126082;Chr1:11129244;Chr1:11155956;Chr1:11167164;Chr1:11190372;Chr1:11207763;Chr1:11215957;Chr1:11218953;Chr1:11223306;Chr1:11257406;Chr1:11269811;Chr1:11275850;Chr1:11304294;Chr1:11314837;Chr1:11317672;Chr1:11321799;Chr1:11323426;Chr1:11334985;Chr1:11336331;Chr1:11339814;Chr1:11349949;Chr1:11356441;Chr1:11358908;Chr1:11363501;Chr1:11369863;Chr1:11371304;Chr1:11382663;Chr1:11387004;Chr1:11391226;Chr1:11397111;Chr1:11427493;Chr1:11431229;Chr1:11459450;Chr1:11465489;Chr1:11466680;Chr1:11470460;Chr1:11470805;Chr1:11471422;Chr1:11476083;Chr1:11483852;Chr1:11521995;Chr1:11528808;Chr1:11530074;Chr1:11532190;Chr1:11533546;Chr1:11535087;Chr1:11536232;Chr1:11536445;Chr1:11549311;Chr1:11551907;Chr1:11555947;Chr1:11569085;Chr1:11578000;Chr1:11579063;Chr1:11579330;Chr1:11580780;Chr1:11583329;Chr1:11595708;Chr1:11610750;Chr1:11648208;Chr1:11649853;Chr1:11664654;Chr1:11670036;Chr1:11681025;Chr1:11751366;Chr1:11757154;Chr1:11772971;Chr1:11774114;Chr1:11785701;Chr1:11801811;Chr1:11812051;Chr1:11823916;Chr1:11825471;Chr1:11830357;Chr1:11831030;Chr1:11835464;Chr1:11838752;Chr1:11840398;Chr1:11844476;Chr1:11853391;Chr1:11856630;Chr1:11860152;Chr1:11863307;Chr1:11865570;Chr1:11883826;Chr1:11884963;Chr1:11928722;Chr1:11943407;Chr1:11945085;Chr1:11946747;Chr1:11967643;Chr1:12008276;Chr1:12034645;Chr1:12038012;Chr1:12044045;Chr1:12046245;Chr1:12052935;Chr1:12067240;Chr1:12073187;Chr1:12073472;Chr1:12103797;Chr1:12105834;Chr1:12110427;Chr1:12115657;Chr1:12116099;Chr1:12117088;Chr1:12125537;Chr1:12140300;Chr1:12141461;Chr1:12144710;Chr1:12150020;Chr1:12152004;Chr1:12176035;Chr1:12182212;Chr1:12183049;Chr1:12184364;Chr1:12191587;Chr1:12193941;Chr1:12194309;Chr1:12224230;Chr1:12305443;Chr1:12328145;Chr1:12331726;Chr1:12348768;Chr1:12376114;Chr1:12389738;Chr1:12392641;Chr1:12420113;Chr1:12431970;Chr1:12432410;Chr1:12449933;Chr1:12459560;Chr1:12461617;Chr1:12464251;Chr1:12473993;Chr1:12504510;Chr1:12508502;Chr1:12508844;Chr1:12518069;Chr1:12553765;Chr1:12554589;Chr1:12564272;Chr1:12575675;Chr1:12585097;Chr1:11159074;Chr1:11163714;Chr1:11163919;Chr1:11165627;Chr1:11169863;Chr1:11194815;Chr1:11290048;Chr1:11673235;Chr1:11680163;Chr1:11688219;Chr1:11702894;Chr1:11704083;Chr1:11710775;Chr1:11711860;Chr1:11240909;Chr1:11558729;Chr1:11612710;Chr1:11616941;Chr1:11626245;Chr1:11628123;Chr1:11633077;Chr1:11636797;Chr1:11470793;Chr1:11607506;Chr1:11733573;Chr1:11735818;Chr1:11737267;Chr1:11738367;Chr1:11738926;Chr1:11965587;Chr1:11977892;Chr1:11980386;Chr1:11981657;Chr1:11990275;Chr1:12001109;Chr1:12011251;Chr1:12012865;Chr1:12015853	Chr1:11883826;Chr1:11159074;Chr1:11626245;Chr1:11733573	Chr1:11223306;Chr1:12518069	TRUE	TRUE	TRUE	1	1	FALSE	FALSE	3	3	3	7	8	14
nobgs_V1_c1_rep8_env3	emmax_consensus	Chr1	12101972	12342583	11	1	Chr1:12101972;Chr1:12102041;Chr1:12182441;Chr1:12185170;Chr1:12233580;Chr1:12240869;Chr1:12243222;Chr1:12329639;Chr1:12338698;Chr1:12342466;Chr1:12342583	Chr1:12185170	""	FALSE	TRUE	FALSE	1	0	FALSE	FALSE	2	2	3	7	8	14
nobgs_V1_c1_rep8_env3	emmax_consensus	Chr1	12588831	12738434	12	1	Chr1:12588831;Chr1:12601890;Chr1:12612639;Chr1:12616497;Chr1:12616990;Chr1:12659971;Chr1:12687437;Chr1:12705254;Chr1:12712776;Chr1:12716341;Chr1:12726694;Chr1:12738434	Chr1:12712776	Chr1:12518069	TRUE	TRUE	FALSE	1	0	FALSE	FALSE	2	2	2	7	8	14
nobgs_V1_c1_rep8_env3	emmax_simes	Chr1	11040463	12585097	188	4	Chr1:11040463;Chr1:11055115;Chr1:11055145;Chr1:11058564;Chr1:11059525;Chr1:11075806;Chr1:11126082;Chr1:11129244;Chr1:11155956;Chr1:11167164;Chr1:11190372;Chr1:11207763;Chr1:11215957;Chr1:11218953;Chr1:11223306;Chr1:11257406;Chr1:11269811;Chr1:11275850;Chr1:11304294;Chr1:11314837;Chr1:11317672;Chr1:11321799;Chr1:11323426;Chr1:11334985;Chr1:11336331;Chr1:11339814;Chr1:11349949;Chr1:11356441;Chr1:11358908;Chr1:11363501;Chr1:11369863;Chr1:11371304;Chr1:11382663;Chr1:11387004;Chr1:11391226;Chr1:11397111;Chr1:11427493;Chr1:11431229;Chr1:11459450;Chr1:11465489;Chr1:11466680;Chr1:11470460;Chr1:11470805;Chr1:11471422;Chr1:11476083;Chr1:11483852;Chr1:11521995;Chr1:11528808;Chr1:11530074;Chr1:11532190;Chr1:11533546;Chr1:11535087;Chr1:11536232;Chr1:11536445;Chr1:11549311;Chr1:11551907;Chr1:11555947;Chr1:11569085;Chr1:11578000;Chr1:11579063;Chr1:11579330;Chr1:11580780;Chr1:11583329;Chr1:11595708;Chr1:11610750;Chr1:11648208;Chr1:11649853;Chr1:11664654;Chr1:11670036;Chr1:11681025;Chr1:11751366;Chr1:11757154;Chr1:11772971;Chr1:11774114;Chr1:11785701;Chr1:11801811;Chr1:11812051;Chr1:11823916;Chr1:11825471;Chr1:11830357;Chr1:11831030;Chr1:11835464;Chr1:11838752;Chr1:11840398;Chr1:11844476;Chr1:11853391;Chr1:11856630;Chr1:11860152;Chr1:11863307;Chr1:11865570;Chr1:11883826;Chr1:11884963;Chr1:11928722;Chr1:11943407;Chr1:11945085;Chr1:11946747;Chr1:11967643;Chr1:12008276;Chr1:12034645;Chr1:12038012;Chr1:12044045;Chr1:12046245;Chr1:12052935;Chr1:12067240;Chr1:12073187;Chr1:12073472;Chr1:12103797;Chr1:12105834;Chr1:12110427;Chr1:12115657;Chr1:12116099;Chr1:12117088;Chr1:12125537;Chr1:12140300;Chr1:12141461;Chr1:12144710;Chr1:12150020;Chr1:12152004;Chr1:12176035;Chr1:12182212;Chr1:12183049;Chr1:12184364;Chr1:12191587;Chr1:12193941;Chr1:12194309;Chr1:12224230;Chr1:12305443;Chr1:12328145;Chr1:12331726;Chr1:12348768;Chr1:12376114;Chr1:12389738;Chr1:12392641;Chr1:12420113;Chr1:12431970;Chr1:12432410;Chr1:12449933;Chr1:12459560;Chr1:12461617;Chr1:12464251;Chr1:12473993;Chr1:12504510;Chr1:12508502;Chr1:12508844;Chr1:12518069;Chr1:12553765;Chr1:12554589;Chr1:12564272;Chr1:12575675;Chr1:12585097;Chr1:11159074;Chr1:11163714;Chr1:11163919;Chr1:11165627;Chr1:11169863;Chr1:11194815;Chr1:11290048;Chr1:11673235;Chr1:11680163;Chr1:11688219;Chr1:11702894;Chr1:11704083;Chr1:11710775;Chr1:11711860;Chr1:11240909;Chr1:11558729;Chr1:11612710;Chr1:11616941;Chr1:11626245;Chr1:11628123;Chr1:11633077;Chr1:11636797;Chr1:11470793;Chr1:11607506;Chr1:11733573;Chr1:11735818;Chr1:11737267;Chr1:11738367;Chr1:11738926;Chr1:11965587;Chr1:11977892;Chr1:11980386;Chr1:11981657;Chr1:11990275;Chr1:12001109;Chr1:12011251;Chr1:12012865;Chr1:12015853	Chr1:11883826;Chr1:11159074;Chr1:11626245;Chr1:11733573	Chr1:11223306;Chr1:12518069	TRUE	TRUE	TRUE	1	1	FALSE	FALSE	3	3	3	7	8	14
nobgs_V1_c1_rep8_env3	emmax_simes	Chr1	12588831	12738434	12	1	Chr1:12588831;Chr1:12601890;Chr1:12612639;Chr1:12616497;Chr1:12616990;Chr1:12659971;Chr1:12687437;Chr1:12705254;Chr1:12712776;Chr1:12716341;Chr1:12726694;Chr1:12738434	Chr1:12712776	Chr1:12518069	TRUE	TRUE	FALSE	1	0	FALSE	FALSE	2	2	2	7	8	14
nobgs_V1_c1_rep8_env3	lfmm_simes	Chr1	11040463	12585097	188	4	Chr1:11040463;Chr1:11055115;Chr1:11055145;Chr1:11058564;Chr1:11059525;Chr1:11075806;Chr1:11126082;Chr1:11129244;Chr1:11155956;Chr1:11167164;Chr1:11190372;Chr1:11207763;Chr1:11215957;Chr1:11218953;Chr1:11223306;Chr1:11257406;Chr1:11269811;Chr1:11275850;Chr1:11304294;Chr1:11314837;Chr1:11317672;Chr1:11321799;Chr1:11323426;Chr1:11334985;Chr1:11336331;Chr1:11339814;Chr1:11349949;Chr1:11356441;Chr1:11358908;Chr1:11363501;Chr1:11369863;Chr1:11371304;Chr1:11382663;Chr1:11387004;Chr1:11391226;Chr1:11397111;Chr1:11427493;Chr1:11431229;Chr1:11459450;Chr1:11465489;Chr1:11466680;Chr1:11470460;Chr1:11470805;Chr1:11471422;Chr1:11476083;Chr1:11483852;Chr1:11521995;Chr1:11528808;Chr1:11530074;Chr1:11532190;Chr1:11533546;Chr1:11535087;Chr1:11536232;Chr1:11536445;Chr1:11549311;Chr1:11551907;Chr1:11555947;Chr1:11569085;Chr1:11578000;Chr1:11579063;Chr1:11579330;Chr1:11580780;Chr1:11583329;Chr1:11595708;Chr1:11610750;Chr1:11648208;Chr1:11649853;Chr1:11664654;Chr1:11670036;Chr1:11681025;Chr1:11751366;Chr1:11757154;Chr1:11772971;Chr1:11774114;Chr1:11785701;Chr1:11801811;Chr1:11812051;Chr1:11823916;Chr1:11825471;Chr1:11830357;Chr1:11831030;Chr1:11835464;Chr1:11838752;Chr1:11840398;Chr1:11844476;Chr1:11853391;Chr1:11856630;Chr1:11860152;Chr1:11863307;Chr1:11865570;Chr1:11883826;Chr1:11884963;Chr1:11928722;Chr1:11943407;Chr1:11945085;Chr1:11946747;Chr1:11967643;Chr1:12008276;Chr1:12034645;Chr1:12038012;Chr1:12044045;Chr1:12046245;Chr1:12052935;Chr1:12067240;Chr1:12073187;Chr1:12073472;Chr1:12103797;Chr1:12105834;Chr1:12110427;Chr1:12115657;Chr1:12116099;Chr1:12117088;Chr1:12125537;Chr1:12140300;Chr1:12141461;Chr1:12144710;Chr1:12150020;Chr1:12152004;Chr1:12176035;Chr1:12182212;Chr1:12183049;Chr1:12184364;Chr1:12191587;Chr1:12193941;Chr1:12194309;Chr1:12224230;Chr1:12305443;Chr1:12328145;Chr1:12331726;Chr1:12348768;Chr1:12376114;Chr1:12389738;Chr1:12392641;Chr1:12420113;Chr1:12431970;Chr1:12432410;Chr1:12449933;Chr1:12459560;Chr1:12461617;Chr1:12464251;Chr1:12473993;Chr1:12504510;Chr1:12508502;Chr1:12508844;Chr1:12518069;Chr1:12553765;Chr1:12554589;Chr1:12564272;Chr1:12575675;Chr1:12585097;Chr1:11159074;Chr1:11163714;Chr1:11163919;Chr1:11165627;Chr1:11169863;Chr1:11194815;Chr1:11290048;Chr1:11673235;Chr1:11680163;Chr1:11688219;Chr1:11702894;Chr1:11704083;Chr1:11710775;Chr1:11711860;Chr1:11240909;Chr1:11558729;Chr1:11612710;Chr1:11616941;Chr1:11626245;Chr1:11628123;Chr1:11633077;Chr1:11636797;Chr1:11470793;Chr1:11607506;Chr1:11733573;Chr1:11735818;Chr1:11737267;Chr1:11738367;Chr1:11738926;Chr1:11965587;Chr1:11977892;Chr1:11980386;Chr1:11981657;Chr1:11990275;Chr1:12001109;Chr1:12011251;Chr1:12012865;Chr1:12015853	Chr1:11883826;Chr1:11159074;Chr1:11626245;Chr1:11733573	Chr1:11223306;Chr1:12518069	TRUE	TRUE	TRUE	1	1	FALSE	FALSE	3	3	3	7	8	14
nobgs_V1_c1_rep8_env3	lfmm_simes	Chr1	12588831	12738434	12	1	Chr1:12588831;Chr1:12601890;Chr1:12612639;Chr1:12616497;Chr1:12616990;Chr1:12659971;Chr1:12687437;Chr1:12705254;Chr1:12712776;Chr1:12716341;Chr1:12726694;Chr1:12738434	Chr1:12712776	Chr1:12518069	TRUE	TRUE	FALSE	1	0	FALSE	FALSE	2	2	2	7	8	14
nobgs_V1_c1_rep8_env4	lfmm_simes	Chr1	1409036	1442839	12	1	Chr1:1409036;Chr1:1409148;Chr1:1409680;Chr1:1415612;Chr1:1417799;Chr1:1422323;Chr1:1425487;Chr1:1427657;Chr1:1428206;Chr1:1430273;Chr1:1431138;Chr1:1442839	Chr1:1422323	Chr1:1442839	TRUE	TRUE	TRUE	1	1	FALSE	FALSE	3	3	3	7	8	12
nobgs_V1_c1_rep8_env6	emmax_consensus	Chr1	1105713	1151279	10	1	Chr1:1105713;Chr1:1115777;Chr1:1121472;Chr1:1125362;Chr1:1130763;Chr1:1136050;Chr1:1138235;Chr1:1142217;Chr1:1143449;Chr1:1151279	Chr1:1138235	Chr1:1065598	TRUE	FALSE	FALSE	0	0	FALSE	FALSE	1	1	1	7	9	13
nobgs_V1_c1_rep8_env6	emmax_simes	Chr1	1105713	1151279	10	1	Chr1:1105713;Chr1:1115777;Chr1:1121472;Chr1:1125362;Chr1:1130763;Chr1:1136050;Chr1:1138235;Chr1:1142217;Chr1:1143449;Chr1:1151279	Chr1:1138235	Chr1:1065598	TRUE	TRUE	FALSE	1	0	FALSE	FALSE	2	2	2	7	9	13
nobgs_V1_c1_rep8_env6	lfmm_simes	Chr1	1105713	1218575	24	2	Chr1:1105713;Chr1:1115777;Chr1:1121472;Chr1:1125362;Chr1:1130763;Chr1:1136050;Chr1:1138235;Chr1:1142217;Chr1:1143449;Chr1:1151279;Chr1:1173643;Chr1:1173871;Chr1:1174457;Chr1:1176872;Chr1:1185175;Chr1:1185203;Chr1:1189237;Chr1:1191143;Chr1:1194248;Chr1:1198162;Chr1:1202533;Chr1:1204115;Chr1:1212695;Chr1:1218575	Chr1:1138235;Chr1:1185175	Chr1:1065598	TRUE	TRUE	TRUE	1	1	FALSE	FALSE	3	3	3	7	9	13
nobgs_V1_c1_rep8_env7	emmax_consensus	Chr1	11516520	11714153	11	1	Chr1:11516520;Chr1:11535178;Chr1:11543118;Chr1:11597108;Chr1:11600874;Chr1:11616632;Chr1:11652805;Chr1:11684788;Chr1:11702428;Chr1:11703805;Chr1:11714153	Chr1:11652805	""	FALSE	TRUE	FALSE	1	0	FALSE	FALSE	2	2	3	8	9	13
nobgs_V1_c1_rep8_env7	emmax_consensus	Chr1	11969012	12716990	51	3	Chr1:11969012;Chr1:11976655;Chr1:11993428;Chr1:11995758;Chr1:11999010;Chr1:12001697;Chr1:12007295;Chr1:12016802;Chr1:12021703;Chr1:12042673;Chr1:12056996;Chr1:12098380;Chr1:12111359;Chr1:12125212;Chr1:12209939;Chr1:12217564;Chr1:12282424;Chr1:12287108;Chr1:12296452;Chr1:12299273;Chr1:12299513;Chr1:12309682;Chr1:12311021;Chr1:12323403;Chr1:12324417;Chr1:12341349;Chr1:12361243;Chr1:12397984;Chr1:12411016;Chr1:12414870;Chr1:12423425;Chr1:12429832;Chr1:12433822;Chr1:12435186;Chr1:12444495;Chr1:12460178;Chr1:12485171;Chr1:12488122;Chr1:12508972;Chr1:12516995;Chr1:12541485;Chr1:12593925;Chr1:12605751;Chr1:12614199;Chr1:12616371;Chr1:12641170;Chr1:12650803;Chr1:12664001;Chr1:12666454;Chr1:12696734;Chr1:12716990	Chr1:12016802;Chr1:12299273;Chr1:12650803	Chr1:12423425	TRUE	TRUE	TRUE	1	1	FALSE	FALSE	3	3	3	8	9	13
nobgs_V1_c1_rep8_env7	emmax_simes	Chr1	11516520	11714153	11	1	Chr1:11516520;Chr1:11535178;Chr1:11543118;Chr1:11597108;Chr1:11600874;Chr1:11616632;Chr1:11652805;Chr1:11684788;Chr1:11702428;Chr1:11703805;Chr1:11714153	Chr1:11652805	""	FALSE	TRUE	FALSE	1	0	FALSE	FALSE	2	2	2	8	9	13
nobgs_V1_c1_rep8_env7	emmax_simes	Chr1	11969012	12716990	51	3	Chr1:11969012;Chr1:11976655;Chr1:11993428;Chr1:11995758;Chr1:11999010;Chr1:12001697;Chr1:12007295;Chr1:12016802;Chr1:12021703;Chr1:12042673;Chr1:12056996;Chr1:12098380;Chr1:12111359;Chr1:12125212;Chr1:12209939;Chr1:12217564;Chr1:12282424;Chr1:12287108;Chr1:12296452;Chr1:12299273;Chr1:12299513;Chr1:12309682;Chr1:12311021;Chr1:12323403;Chr1:12324417;Chr1:12341349;Chr1:12361243;Chr1:12397984;Chr1:12411016;Chr1:12414870;Chr1:12423425;Chr1:12429832;Chr1:12433822;Chr1:12435186;Chr1:12444495;Chr1:12460178;Chr1:12485171;Chr1:12488122;Chr1:12508972;Chr1:12516995;Chr1:12541485;Chr1:12593925;Chr1:12605751;Chr1:12614199;Chr1:12616371;Chr1:12641170;Chr1:12650803;Chr1:12664001;Chr1:12666454;Chr1:12696734;Chr1:12716990	Chr1:12016802;Chr1:12299273;Chr1:12650803	Chr1:12423425	TRUE	TRUE	TRUE	1	1	FALSE	FALSE	3	3	3	8	9	13
nobgs_V1_c1_rep8_env7	lfmm_simes	Chr1	11516520	11714153	11	1	Chr1:11516520;Chr1:11535178;Chr1:11543118;Chr1:11597108;Chr1:11600874;Chr1:11616632;Chr1:11652805;Chr1:11684788;Chr1:11702428;Chr1:11703805;Chr1:11714153	Chr1:11652805	""	FALSE	TRUE	FALSE	1	0	FALSE	FALSE	2	2	2	8	9	13
nobgs_V1_c1_rep8_env7	lfmm_simes	Chr1	11969012	12716990	51	3	Chr1:11969012;Chr1:11976655;Chr1:11993428;Chr1:11995758;Chr1:11999010;Chr1:12001697;Chr1:12007295;Chr1:12016802;Chr1:12021703;Chr1:12042673;Chr1:12056996;Chr1:12098380;Chr1:12111359;Chr1:12125212;Chr1:12209939;Chr1:12217564;Chr1:12282424;Chr1:12287108;Chr1:12296452;Chr1:12299273;Chr1:12299513;Chr1:12309682;Chr1:12311021;Chr1:12323403;Chr1:12324417;Chr1:12341349;Chr1:12361243;Chr1:12397984;Chr1:12411016;Chr1:12414870;Chr1:12423425;Chr1:12429832;Chr1:12433822;Chr1:12435186;Chr1:12444495;Chr1:12460178;Chr1:12485171;Chr1:12488122;Chr1:12508972;Chr1:12516995;Chr1:12541485;Chr1:12593925;Chr1:12605751;Chr1:12614199;Chr1:12616371;Chr1:12641170;Chr1:12650803;Chr1:12664001;Chr1:12666454;Chr1:12696734;Chr1:12716990	Chr1:12016802;Chr1:12299273;Chr1:12650803	Chr1:12423425	TRUE	TRUE	TRUE	1	1	FALSE	FALSE	3	3	3	8	9	13
nobgs_V1_c1_rep9_env1	emmax_consensus	Chr1	3321487	3389213	10	1	Chr1:3321487;Chr1:3328236;Chr1:3330304;Chr1:3331591;Chr1:3332012;Chr1:3335184;Chr1:3348777;Chr1:3363547;Chr1:3388877;Chr1:3389213	Chr1:3335184	""	FALSE	FALSE	FALSE	0	0	FALSE	FALSE	1	1	1	7	9	12
nobgs_V1_c1_rep9_env1	emmax_consensus	Chr1	15826480	15854297	12	1	Chr1:15826480;Chr1:15828873;Chr1:15829637;Chr1:15831863;Chr1:15833548;Chr1:15835072;Chr1:15836844;Chr1:15842151;Chr1:15846119;Chr1:15849670;Chr1:15850198;Chr1:15854297	Chr1:15835072	Chr1:15742960	TRUE	FALSE	TRUE	0	1	FALSE	FALSE	2	2	2	7	9	12
nobgs_V1_c1_rep9_env1	emmax_consensus	Chr2	3552218	3596738	9	1	Chr2:3552218;Chr2:3559455;Chr2:3562065;Chr2:3563338;Chr2:3571850;Chr2:3579238;Chr2:3585586;Chr2:3590161;Chr2:3596738	Chr2:3571850	""	FALSE	FALSE	FALSE	0	0	FALSE	FALSE	1	1	1	7	9	12
nobgs_V1_c1_rep9_env1	emmax_simes	Chr1	3321487	3389213	10	1	Chr1:3321487;Chr1:3328236;Chr1:3330304;Chr1:3331591;Chr1:3332012;Chr1:3335184;Chr1:3348777;Chr1:3363547;Chr1:3388877;Chr1:3389213	Chr1:3335184	""	FALSE	FALSE	FALSE	0	0	FALSE	FALSE	1	1	1	7	9	12
nobgs_V1_c1_rep9_env1	emmax_simes	Chr1	15826480	15854297	12	1	Chr1:15826480;Chr1:15828873;Chr1:15829637;Chr1:15831863;Chr1:15833548;Chr1:15835072;Chr1:15836844;Chr1:15842151;Chr1:15846119;Chr1:15849670;Chr1:15850198;Chr1:15854297	Chr1:15835072	Chr1:15742960	TRUE	TRUE	TRUE	1	1	FALSE	FALSE	3	3	3	7	9	12
nobgs_V1_c1_rep9_env1	lfmm_simes	Chr1	15826480	15854297	12	1	Chr1:15826480;Chr1:15828873;Chr1:15829637;Chr1:15831863;Chr1:15833548;Chr1:15835072;Chr1:15836844;Chr1:15842151;Chr1:15846119;Chr1:15849670;Chr1:15850198;Chr1:15854297	Chr1:15835072	Chr1:15742960	TRUE	TRUE	TRUE	1	1	FALSE	FALSE	3	3	3	7	9	12
nobgs_V1_c1_rep9_env10	emmax_consensus	Chr1	11480501	11737525	17	1	Chr1:11480501;Chr1:11491914;Chr1:11512269;Chr1:11525848;Chr1:11529433;Chr1:11536640;Chr1:11537753;Chr1:11546400;Chr1:11559662;Chr1:11572888;Chr1:11712090;Chr1:11713406;Chr1:11713962;Chr1:11719872;Chr1:11722670;Chr1:11732746;Chr1:11737525	Chr1:11536640	Chr1:11546400	TRUE	TRUE	TRUE	1	1	FALSE	FALSE	3	3	3	7	9	13
nobgs_V1_c1_rep9_env10	emmax_consensus	Chr1	11925480	12007393	13	1	Chr1:11925480;Chr1:11929072;Chr1:11932636;Chr1:11935448;Chr1:11943263;Chr1:11944992;Chr1:11950154;Chr1:11954872;Chr1:11985691;Chr1:11989031;Chr1:11994210;Chr1:12005988;Chr1:12007393	Chr1:11943263	""	FALSE	TRUE	TRUE	1	1	FALSE	FALSE	3	3	3	7	9	13
nobgs_V1_c1_rep9_env10	emmax_simes	Chr1	11480501	11737525	17	1	Chr1:11480501;Chr1:11491914;Chr1:11512269;Chr1:11525848;Chr1:11529433;Chr1:11536640;Chr1:11537753;Chr1:11546400;Chr1:11559662;Chr1:11572888;Chr1:11712090;Chr1:11713406;Chr1:11713962;Chr1:11719872;Chr1:11722670;Chr1:11732746;Chr1:11737525	Chr1:11536640	Chr1:11546400	TRUE	TRUE	TRUE	1	1	FALSE	FALSE	3	3	3	7	9	13
nobgs_V1_c1_rep9_env10	emmax_simes	Chr1	11925480	12007393	13	1	Chr1:11925480;Chr1:11929072;Chr1:11932636;Chr1:11935448;Chr1:11943263;Chr1:11944992;Chr1:11950154;Chr1:11954872;Chr1:11985691;Chr1:11989031;Chr1:11994210;Chr1:12005988;Chr1:12007393	Chr1:11943263	""	FALSE	TRUE	TRUE	1	1	FALSE	FALSE	3	3	3	7	9	13
nobgs_V1_c1_rep9_env10	lfmm_simes	Chr1	11480501	11737525	17	1	Chr1:11480501;Chr1:11491914;Chr1:11512269;Chr1:11525848;Chr1:11529433;Chr1:11536640;Chr1:11537753;Chr1:11546400;Chr1:11559662;Chr1:11572888;Chr1:11712090;Chr1:11713406;Chr1:11713962;Chr1:11719872;Chr1:11722670;Chr1:11732746;Chr1:11737525	Chr1:11536640	Chr1:11546400	TRUE	TRUE	TRUE	1	1	FALSE	FALSE	3	3	3	7	9	13
nobgs_V1_c1_rep9_env10	lfmm_simes	Chr1	11925480	12007393	13	1	Chr1:11925480;Chr1:11929072;Chr1:11932636;Chr1:11935448;Chr1:11943263;Chr1:11944992;Chr1:11950154;Chr1:11954872;Chr1:11985691;Chr1:11989031;Chr1:11994210;Chr1:12005988;Chr1:12007393	Chr1:11943263	""	FALSE	TRUE	TRUE	1	1	FALSE	FALSE	3	3	3	7	9	13
nobgs_V1_c1_rep9_env3	emmax_consensus	Chr1	15952871	16009881	11	1	Chr1:15952871;Chr1:15958889;Chr1:15964299;Chr1:15967561;Chr1:15974464;Chr1:15980906;Chr1:15985262;Chr1:15993889;Chr1:15998800;Chr1:16007462;Chr1:16009881	Chr1:15967561	""	FALSE	TRUE	FALSE	1	0	FALSE	FALSE	2	2	2	8	9	14
nobgs_V1_c1_rep9_env3	emmax_consensus	Chr1	16123442	16301694	28	2	Chr1:16123442;Chr1:16124999;Chr1:16125302;Chr1:16142281;Chr1:16163053;Chr1:16165177;Chr1:16167058;Chr1:16169411;Chr1:16179643;Chr1:16181798;Chr1:16205984;Chr1:16207155;Chr1:16211701;Chr1:16220097;Chr1:16221833;Chr1:16226051;Chr1:16236277;Chr1:16240365;Chr1:16256906;Chr1:16257555;Chr1:16257861;Chr1:16263784;Chr1:16266646;Chr1:16272333;Chr1:16279703;Chr1:16295973;Chr1:16300697;Chr1:16301694	Chr1:16179643;Chr1:16236277	Chr1:16207155	TRUE	TRUE	TRUE	1	1	FALSE	FALSE	3	3	3	8	9	14
nobgs_V1_c1_rep9_env3	emmax_simes	Chr1	15952871	16009881	11	1	Chr1:15952871;Chr1:15958889;Chr1:15964299;Chr1:15967561;Chr1:15974464;Chr1:15980906;Chr1:15985262;Chr1:15993889;Chr1:15998800;Chr1:16007462;Chr1:16009881	Chr1:15967561	""	FALSE	TRUE	FALSE	1	0	FALSE	FALSE	2	2	2	8	9	14
nobgs_V1_c1_rep9_env3	emmax_simes	Chr1	16123442	16301694	28	2	Chr1:16123442;Chr1:16124999;Chr1:16125302;Chr1:16142281;Chr1:16163053;Chr1:16165177;Chr1:16167058;Chr1:16169411;Chr1:16179643;Chr1:16181798;Chr1:16205984;Chr1:16207155;Chr1:16211701;Chr1:16220097;Chr1:16221833;Chr1:16226051;Chr1:16236277;Chr1:16240365;Chr1:16256906;Chr1:16257555;Chr1:16257861;Chr1:16263784;Chr1:16266646;Chr1:16272333;Chr1:16279703;Chr1:16295973;Chr1:16300697;Chr1:16301694	Chr1:16179643;Chr1:16236277	Chr1:16207155	TRUE	TRUE	TRUE	1	1	FALSE	FALSE	3	3	3	8	9	14
nobgs_V1_c1_rep9_env3	lfmm_simes	Chr1	15952871	16009881	11	1	Chr1:15952871;Chr1:15958889;Chr1:15964299;Chr1:15967561;Chr1:15974464;Chr1:15980906;Chr1:15985262;Chr1:15993889;Chr1:15998800;Chr1:16007462;Chr1:16009881	Chr1:15967561	""	FALSE	TRUE	FALSE	1	0	FALSE	FALSE	2	2	2	8	9	14
nobgs_V1_c1_rep9_env3	lfmm_simes	Chr1	16123442	16301694	28	2	Chr1:16123442;Chr1:16124999;Chr1:16125302;Chr1:16142281;Chr1:16163053;Chr1:16165177;Chr1:16167058;Chr1:16169411;Chr1:16179643;Chr1:16181798;Chr1:16205984;Chr1:16207155;Chr1:16211701;Chr1:16220097;Chr1:16221833;Chr1:16226051;Chr1:16236277;Chr1:16240365;Chr1:16256906;Chr1:16257555;Chr1:16257861;Chr1:16263784;Chr1:16266646;Chr1:16272333;Chr1:16279703;Chr1:16295973;Chr1:16300697;Chr1:16301694	Chr1:16179643;Chr1:16236277	Chr1:16207155	TRUE	TRUE	TRUE	1	1	FALSE	FALSE	3	3	3	8	9	14
nobgs_V1_c1_rep9_env6	emmax_consensus	Chr1	4160279	4229548	9	1	Chr1:4160279;Chr1:4178862;Chr1:4180088;Chr1:4180293;Chr1:4183553;Chr1:4193934;Chr1:4220700;Chr1:4225584;Chr1:4229548	Chr1:4183553	""	FALSE	TRUE	FALSE	1	0	FALSE	FALSE	2	2	2	8	9	13
nobgs_V1_c1_rep9_env6	emmax_consensus	Chr1	15811755	15854297	12	1	Chr1:15811755;Chr1:15826480;Chr1:15828873;Chr1:15829637;Chr1:15831863;Chr1:15833548;Chr1:15835072;Chr1:15836844;Chr1:15846119;Chr1:15849670;Chr1:15850198;Chr1:15854297	Chr1:15831863	Chr1:15742960	TRUE	TRUE	FALSE	1	0	FALSE	FALSE	2	2	2	8	9	13
nobgs_V1_c1_rep9_env6	emmax_consensus	Chr1	15947634	16053684	17	1	Chr1:15947634;Chr1:15962625;Chr1:15973374;Chr1:15973758;Chr1:15973872;Chr1:15985666;Chr1:15988013;Chr1:15996629;Chr1:16003874;Chr1:16006595;Chr1:16012096;Chr1:16016041;Chr1:16017498;Chr1:16017916;Chr1:16028868;Chr1:16041363;Chr1:16053684	Chr1:15973374	""	FALSE	TRUE	TRUE	1	1	FALSE	FALSE	3	3	3	8	9	13
nobgs_V1_c1_rep9_env6	emmax_consensus	Chr1	16233754	16306544	10	1	Chr1:16233754;Chr1:16246737;Chr1:16248939;Chr1:16251555;Chr1:16255915;Chr1:16259789;Chr1:16271285;Chr1:16276320;Chr1:16295304;Chr1:16306544	Chr1:16251555	""	FALSE	TRUE	FALSE	1	0	FALSE	FALSE	2	2	2	8	9	13
nobgs_V1_c1_rep9_env6	emmax_simes	Chr1	4160279	4229548	9	1	Chr1:4160279;Chr1:4178862;Chr1:4180088;Chr1:4180293;Chr1:4183553;Chr1:4193934;Chr1:4220700;Chr1:4225584;Chr1:4229548	Chr1:4183553	""	FALSE	TRUE	FALSE	1	0	FALSE	FALSE	2	2	2	8	9	13
nobgs_V1_c1_rep9_env6	emmax_simes	Chr1	15811755	15854297	12	1	Chr1:15811755;Chr1:15826480;Chr1:15828873;Chr1:15829637;Chr1:15831863;Chr1:15833548;Chr1:15835072;Chr1:15836844;Chr1:15846119;Chr1:15849670;Chr1:15850198;Chr1:15854297	Chr1:15831863	Chr1:15742960	TRUE	TRUE	FALSE	1	0	FALSE	FALSE	2	2	2	8	9	13
nobgs_V1_c1_rep9_env6	emmax_simes	Chr1	15947634	16053684	17	1	Chr1:15947634;Chr1:15962625;Chr1:15973374;Chr1:15973758;Chr1:15973872;Chr1:15985666;Chr1:15988013;Chr1:15996629;Chr1:16003874;Chr1:16006595;Chr1:16012096;Chr1:16016041;Chr1:16017498;Chr1:16017916;Chr1:16028868;Chr1:16041363;Chr1:16053684	Chr1:15973374	""	FALSE	TRUE	TRUE	1	1	FALSE	FALSE	3	3	3	8	9	13
nobgs_V1_c1_rep9_env6	emmax_simes	Chr1	16233754	16306544	10	1	Chr1:16233754;Chr1:16246737;Chr1:16248939;Chr1:16251555;Chr1:16255915;Chr1:16259789;Chr1:16271285;Chr1:16276320;Chr1:16295304;Chr1:16306544	Chr1:16251555	""	FALSE	TRUE	FALSE	1	0	FALSE	FALSE	2	2	2	8	9	13
nobgs_V1_c1_rep9_env6	lfmm_simes	Chr1	4160279	4229548	9	1	Chr1:4160279;Chr1:4178862;Chr1:4180088;Chr1:4180293;Chr1:4183553;Chr1:4193934;Chr1:4220700;Chr1:4225584;Chr1:4229548	Chr1:4183553	""	FALSE	TRUE	FALSE	1	0	FALSE	FALSE	2	2	2	8	9	13
nobgs_V1_c1_rep9_env6	lfmm_simes	Chr1	15811755	15854297	12	1	Chr1:15811755;Chr1:15826480;Chr1:15828873;Chr1:15829637;Chr1:15831863;Chr1:15833548;Chr1:15835072;Chr1:15836844;Chr1:15846119;Chr1:15849670;Chr1:15850198;Chr1:15854297	Chr1:15831863	Chr1:15742960	TRUE	TRUE	FALSE	1	0	FALSE	FALSE	2	2	2	8	9	13
nobgs_V1_c1_rep9_env6	lfmm_simes	Chr1	15947634	16053684	17	1	Chr1:15947634;Chr1:15962625;Chr1:15973374;Chr1:15973758;Chr1:15973872;Chr1:15985666;Chr1:15988013;Chr1:15996629;Chr1:16003874;Chr1:16006595;Chr1:16012096;Chr1:16016041;Chr1:16017498;Chr1:16017916;Chr1:16028868;Chr1:16041363;Chr1:16053684	Chr1:15973374	""	FALSE	TRUE	TRUE	1	1	FALSE	FALSE	3	3	3	8	9	13
nobgs_V1_c1_rep9_env6	lfmm_simes	Chr1	16233754	16306544	10	1	Chr1:16233754;Chr1:16246737;Chr1:16248939;Chr1:16251555;Chr1:16255915;Chr1:16259789;Chr1:16271285;Chr1:16276320;Chr1:16295304;Chr1:16306544	Chr1:16251555	""	FALSE	TRUE	FALSE	1	0	FALSE	FALSE	2	2	2	8	9	13
nobgs_V1_c1_rep9_env8	lfmm_simes	Chr2	16044874	16083473	11	1	Chr2:16044874;Chr2:16052126;Chr2:16053980;Chr2:16058105;Chr2:16059257;Chr2:16061944;Chr2:16064931;Chr2:16065004;Chr2:16068738;Chr2:16082370;Chr2:16083473	Chr2:16053980	""	FALSE	TRUE	FALSE	1	0	FALSE	FALSE	2	2	2	7	9	13
nobgs_V2_c1_rep10_env10	emmax_consensus	Chr1	6696357	6777502	11	1	Chr1:6696357;Chr1:6712040;Chr1:6712577;Chr1:6715564;Chr1:6716421;Chr1:6733190;Chr1:6740630;Chr1:6750283;Chr1:6768551;Chr1:6771777;Chr1:6777502	Chr1:6733190	""	FALSE	FALSE	FALSE	0	0	FALSE	FALSE	1	1	1	8	9	14
nobgs_V2_c1_rep10_env7	emmax_consensus	Chr1	12326	485117	35	1	Chr1:12326;Chr1:113489;Chr1:116102;Chr1:131816;Chr1:152165;Chr1:170515;Chr1:173756;Chr1:176951;Chr1:194573;Chr1:195117;Chr1:206338;Chr1:284203;Chr1:286013;Chr1:296340;Chr1:312417;Chr1:312704;Chr1:321114;Chr1:333535;Chr1:347200;Chr1:380899;Chr1:393264;Chr1:393345;Chr1:402387;Chr1:406990;Chr1:407273;Chr1:409169;Chr1:421043;Chr1:424133;Chr1:424928;Chr1:450392;Chr1:450506;Chr1:464733;Chr1:471490;Chr1:479458;Chr1:485117	Chr1:12326	""	FALSE	TRUE	TRUE	1	1	FALSE	FALSE	3	3	3	8	10	16
nobgs_V2_c1_rep10_env7	emmax_simes	Chr1	12326	485117	35	1	Chr1:12326;Chr1:113489;Chr1:116102;Chr1:131816;Chr1:152165;Chr1:170515;Chr1:173756;Chr1:176951;Chr1:194573;Chr1:195117;Chr1:206338;Chr1:284203;Chr1:286013;Chr1:296340;Chr1:312417;Chr1:312704;Chr1:321114;Chr1:333535;Chr1:347200;Chr1:380899;Chr1:393264;Chr1:393345;Chr1:402387;Chr1:406990;Chr1:407273;Chr1:409169;Chr1:421043;Chr1:424133;Chr1:424928;Chr1:450392;Chr1:450506;Chr1:464733;Chr1:471490;Chr1:479458;Chr1:485117	Chr1:12326	""	FALSE	TRUE	TRUE	1	1	FALSE	FALSE	3	3	3	8	10	16
nobgs_V2_c1_rep10_env7	lfmm_simes	Chr1	12326	485117	35	1	Chr1:12326;Chr1:113489;Chr1:116102;Chr1:131816;Chr1:152165;Chr1:170515;Chr1:173756;Chr1:176951;Chr1:194573;Chr1:195117;Chr1:206338;Chr1:284203;Chr1:286013;Chr1:296340;Chr1:312417;Chr1:312704;Chr1:321114;Chr1:333535;Chr1:347200;Chr1:380899;Chr1:393264;Chr1:393345;Chr1:402387;Chr1:406990;Chr1:407273;Chr1:409169;Chr1:421043;Chr1:424133;Chr1:424928;Chr1:450392;Chr1:450506;Chr1:464733;Chr1:471490;Chr1:479458;Chr1:485117	Chr1:12326	""	FALSE	TRUE	TRUE	1	1	FALSE	FALSE	3	3	3	8	10	16
nobgs_V2_c1_rep1_env10	emmax_consensus	Chr1	9340648	9404373	10	1	Chr1:9340648;Chr1:9355380;Chr1:9361861;Chr1:9363987;Chr1:9367777;Chr1:9369109;Chr1:9374977;Chr1:9383032;Chr1:9383229;Chr1:9404373	Chr1:9361861	""	FALSE	FALSE	FALSE	0	0	FALSE	FALSE	1	1	1	8	9	15
nobgs_V2_c1_rep1_env2	emmax_consensus	Chr1	15480720	15647964	36	2	Chr1:15480720;Chr1:15481224;Chr1:15487461;Chr1:15489034;Chr1:15491754;Chr1:15498490;Chr1:15504405;Chr1:15507428;Chr1:15507966;Chr1:15515054;Chr1:15524344;Chr1:15547154;Chr1:15548081;Chr1:15556979;Chr1:15557557;Chr1:15571223;Chr1:15583826;Chr1:15584636;Chr1:15589767;Chr1:15591975;Chr1:15592005;Chr1:15594667;Chr1:15595248;Chr1:15599058;Chr1:15601698;Chr1:15610497;Chr1:15622231;Chr1:15622493;Chr1:15630001;Chr1:15630356;Chr1:15632192;Chr1:15633226;Chr1:15635788;Chr1:15637209;Chr1:15643480;Chr1:15647964	Chr1:15515054;Chr1:15601698	Chr1:15547154	TRUE	TRUE	TRUE	1	1	FALSE	FALSE	3	3	3	8	10	17
nobgs_V2_c1_rep1_env2	emmax_simes	Chr1	15480720	15647964	36	2	Chr1:15480720;Chr1:15481224;Chr1:15487461;Chr1:15489034;Chr1:15491754;Chr1:15498490;Chr1:15504405;Chr1:15507428;Chr1:15507966;Chr1:15515054;Chr1:15524344;Chr1:15547154;Chr1:15548081;Chr1:15556979;Chr1:15557557;Chr1:15571223;Chr1:15583826;Chr1:15584636;Chr1:15589767;Chr1:15591975;Chr1:15592005;Chr1:15594667;Chr1:15595248;Chr1:15599058;Chr1:15601698;Chr1:15610497;Chr1:15622231;Chr1:15622493;Chr1:15630001;Chr1:15630356;Chr1:15632192;Chr1:15633226;Chr1:15635788;Chr1:15637209;Chr1:15643480;Chr1:15647964	Chr1:15515054;Chr1:15601698	Chr1:15547154	TRUE	TRUE	TRUE	1	1	FALSE	FALSE	3	3	3	8	10	17
nobgs_V2_c1_rep1_env2	lfmm_simes	Chr1	15480720	15647964	36	2	Chr1:15480720;Chr1:15481224;Chr1:15487461;Chr1:15489034;Chr1:15491754;Chr1:15498490;Chr1:15504405;Chr1:15507428;Chr1:15507966;Chr1:15515054;Chr1:15524344;Chr1:15547154;Chr1:15548081;Chr1:15556979;Chr1:15557557;Chr1:15571223;Chr1:15583826;Chr1:15584636;Chr1:15589767;Chr1:15591975;Chr1:15592005;Chr1:15594667;Chr1:15595248;Chr1:15599058;Chr1:15601698;Chr1:15610497;Chr1:15622231;Chr1:15622493;Chr1:15630001;Chr1:15630356;Chr1:15632192;Chr1:15633226;Chr1:15635788;Chr1:15637209;Chr1:15643480;Chr1:15647964	Chr1:15515054;Chr1:15601698	Chr1:15547154	TRUE	TRUE	TRUE	1	1	FALSE	FALSE	3	3	3	8	10	17
nobgs_V2_c1_rep1_env3	emmax_consensus	Chr1	617	261838	50	1	Chr1:617;Chr1:4831;Chr1:12294;Chr1:32647;Chr1:35050;Chr1:42866;Chr1:68904;Chr1:72317;Chr1:75908;Chr1:77890;Chr1:82517;Chr1:89779;Chr1:100652;Chr1:101072;Chr1:102142;Chr1:105313;Chr1:107271;Chr1:108038;Chr1:116311;Chr1:118188;Chr1:118569;Chr1:120545;Chr1:121209;Chr1:125420;Chr1:126132;Chr1:128963;Chr1:131036;Chr1:131770;Chr1:135444;Chr1:135785;Chr1:142570;Chr1:144635;Chr1:148895;Chr1:149305;Chr1:154508;Chr1:157940;Chr1:160496;Chr1:164280;Chr1:175007;Chr1:185622;Chr1:187109;Chr1:188213;Chr1:200819;Chr1:211506;Chr1:217398;Chr1:219111;Chr1:232118;Chr1:232711;Chr1:252579;Chr1:261838	Chr1:32647	Chr1:126132	TRUE	TRUE	TRUE	1	1	FALSE	FALSE	3	3	3	8	9	14
nobgs_V2_c1_rep1_env3	emmax_simes	Chr1	617	261838	50	1	Chr1:617;Chr1:4831;Chr1:12294;Chr1:32647;Chr1:35050;Chr1:42866;Chr1:68904;Chr1:72317;Chr1:75908;Chr1:77890;Chr1:82517;Chr1:89779;Chr1:100652;Chr1:101072;Chr1:102142;Chr1:105313;Chr1:107271;Chr1:108038;Chr1:116311;Chr1:118188;Chr1:118569;Chr1:120545;Chr1:121209;Chr1:125420;Chr1:126132;Chr1:128963;Chr1:131036;Chr1:131770;Chr1:135444;Chr1:135785;Chr1:142570;Chr1:144635;Chr1:148895;Chr1:149305;Chr1:154508;Chr1:157940;Chr1:160496;Chr1:164280;Chr1:175007;Chr1:185622;Chr1:187109;Chr1:188213;Chr1:200819;Chr1:211506;Chr1:217398;Chr1:219111;Chr1:232118;Chr1:232711;Chr1:252579;Chr1:261838	Chr1:32647	Chr1:126132	TRUE	TRUE	TRUE	1	1	FALSE	FALSE	3	3	3	8	9	14
nobgs_V2_c1_rep1_env3	lfmm_simes	Chr1	617	261838	50	1	Chr1:617;Chr1:4831;Chr1:12294;Chr1:32647;Chr1:35050;Chr1:42866;Chr1:68904;Chr1:72317;Chr1:75908;Chr1:77890;Chr1:82517;Chr1:89779;Chr1:100652;Chr1:101072;Chr1:102142;Chr1:105313;Chr1:107271;Chr1:108038;Chr1:116311;Chr1:118188;Chr1:118569;Chr1:120545;Chr1:121209;Chr1:125420;Chr1:126132;Chr1:128963;Chr1:131036;Chr1:131770;Chr1:135444;Chr1:135785;Chr1:142570;Chr1:144635;Chr1:148895;Chr1:149305;Chr1:154508;Chr1:157940;Chr1:160496;Chr1:164280;Chr1:175007;Chr1:185622;Chr1:187109;Chr1:188213;Chr1:200819;Chr1:211506;Chr1:217398;Chr1:219111;Chr1:232118;Chr1:232711;Chr1:252579;Chr1:261838	Chr1:32647	Chr1:126132	TRUE	TRUE	TRUE	1	1	FALSE	FALSE	3	3	3	8	9	14
nobgs_V2_c1_rep1_env4	emmax_consensus	Chr1	32647	317659	56	3	Chr1:32647;Chr1:35050;Chr1:42866;Chr1:48677;Chr1:61171;Chr1:72317;Chr1:77890;Chr1:100652;Chr1:105313;Chr1:107271;Chr1:108038;Chr1:118188;Chr1:120545;Chr1:125420;Chr1:131036;Chr1:131770;Chr1:135444;Chr1:142570;Chr1:144635;Chr1:157940;Chr1:160496;Chr1:166359;Chr1:185622;Chr1:187109;Chr1:188213;Chr1:211506;Chr1:217398;Chr1:219111;Chr1:232118;Chr1:247400;Chr1:259619;Chr1:261838;Chr1:263673;Chr1:269338;Chr1:49963;Chr1:66954;Chr1:77494;Chr1:78973;Chr1:100632;Chr1:126132;Chr1:184124;Chr1:193031;Chr1:258607;Chr1:302860;Chr1:67090;Chr1:120793;Chr1:207206;Chr1:249624;Chr1:277654;Chr1:289336;Chr1:290604;Chr1:292239;Chr1:293194;Chr1:309244;Chr1:311492;Chr1:317659	Chr1:32647;Chr1:49963;Chr1:289336	Chr1:126132	TRUE	TRUE	TRUE	1	1	FALSE	FALSE	3	3	3	8	10	14
nobgs_V2_c1_rep1_env4	emmax_simes	Chr1	32647	317659	56	3	Chr1:32647;Chr1:35050;Chr1:42866;Chr1:48677;Chr1:61171;Chr1:72317;Chr1:77890;Chr1:100652;Chr1:105313;Chr1:107271;Chr1:108038;Chr1:118188;Chr1:120545;Chr1:125420;Chr1:131036;Chr1:131770;Chr1:135444;Chr1:142570;Chr1:144635;Chr1:157940;Chr1:160496;Chr1:166359;Chr1:185622;Chr1:187109;Chr1:188213;Chr1:211506;Chr1:217398;Chr1:219111;Chr1:232118;Chr1:247400;Chr1:259619;Chr1:261838;Chr1:263673;Chr1:269338;Chr1:49963;Chr1:66954;Chr1:77494;Chr1:78973;Chr1:100632;Chr1:126132;Chr1:184124;Chr1:193031;Chr1:258607;Chr1:302860;Chr1:67090;Chr1:120793;Chr1:207206;Chr1:249624;Chr1:277654;Chr1:289336;Chr1:290604;Chr1:292239;Chr1:293194;Chr1:309244;Chr1:311492;Chr1:317659	Chr1:32647;Chr1:49963;Chr1:289336	Chr1:126132	TRUE	TRUE	TRUE	1	1	FALSE	FALSE	3	3	3	8	10	14
nobgs_V2_c1_rep1_env4	lfmm_simes	Chr1	32647	317659	56	3	Chr1:32647;Chr1:35050;Chr1:42866;Chr1:48677;Chr1:61171;Chr1:72317;Chr1:77890;Chr1:100652;Chr1:105313;Chr1:107271;Chr1:108038;Chr1:118188;Chr1:120545;Chr1:125420;Chr1:131036;Chr1:131770;Chr1:135444;Chr1:142570;Chr1:144635;Chr1:157940;Chr1:160496;Chr1:166359;Chr1:185622;Chr1:187109;Chr1:188213;Chr1:211506;Chr1:217398;Chr1:219111;Chr1:232118;Chr1:247400;Chr1:259619;Chr1:261838;Chr1:263673;Chr1:269338;Chr1:49963;Chr1:66954;Chr1:77494;Chr1:78973;Chr1:100632;Chr1:126132;Chr1:184124;Chr1:193031;Chr1:258607;Chr1:302860;Chr1:67090;Chr1:120793;Chr1:207206;Chr1:249624;Chr1:277654;Chr1:289336;Chr1:290604;Chr1:292239;Chr1:293194;Chr1:309244;Chr1:311492;Chr1:317659	Chr1:32647;Chr1:49963;Chr1:289336	Chr1:126132	TRUE	TRUE	TRUE	1	1	FALSE	FALSE	3	3	3	8	10	14
nobgs_V2_c1_rep1_env6	emmax_simes	Chr1	11935921	12057090	15	1	Chr1:11935921;Chr1:11939951;Chr1:11957364;Chr1:11964922;Chr1:11966728;Chr1:11975608;Chr1:11977727;Chr1:11978296;Chr1:11990418;Chr1:12001242;Chr1:12003896;Chr1:12004143;Chr1:12044920;Chr1:12052269;Chr1:12057090	Chr1:11939951	""	FALSE	TRUE	FALSE	1	0	FALSE	FALSE	2	2	2	9	11	18
nobgs_V2_c1_rep2_env1	emmax_consensus	Chr1	14650006	14967080	34	1	Chr1:14650006;Chr1:14658193;Chr1:14678321;Chr1:14687390;Chr1:14689738;Chr1:14739385;Chr1:14765984;Chr1:14778874;Chr1:14802262;Chr1:14810862;Chr1:14814209;Chr1:14849273;Chr1:14852457;Chr1:14853632;Chr1:14857183;Chr1:14857735;Chr1:14861748;Chr1:14866514;Chr1:14871570;Chr1:14873177;Chr1:14881035;Chr1:14881704;Chr1:14891346;Chr1:14895232;Chr1:14897664;Chr1:14899310;Chr1:14900743;Chr1:14912282;Chr1:14930073;Chr1:14942917;Chr1:14956584;Chr1:14958185;Chr1:14965465;Chr1:14967080	Chr1:14897664	""	FALSE	TRUE	TRUE	1	1	FALSE	FALSE	3	3	3	11	13	20
nobgs_V2_c1_rep2_env1	emmax_consensus	Chr1	14857478	15126612	28	1	Chr1:14857478;Chr1:14861315;Chr1:14861835;Chr1:14868113;Chr1:14871007;Chr1:14873344;Chr1:14877158;Chr1:14877448;Chr1:14878542;Chr1:14886926;Chr1:14915804;Chr1:14916007;Chr1:14927674;Chr1:14927917;Chr1:14931651;Chr1:14932818;Chr1:14945972;Chr1:14954243;Chr1:14955468;Chr1:14956151;Chr1:14957867;Chr1:15006767;Chr1:15026594;Chr1:15048921;Chr1:15063140;Chr1:15083291;Chr1:15101940;Chr1:15126612	Chr1:14945972	""	FALSE	TRUE	TRUE	1	1	FALSE	FALSE	3	3	3	11	13	20
nobgs_V2_c1_rep2_env2	emmax_consensus	Chr1	10934731	11125170	18	1	Chr1:10934731;Chr1:10944031;Chr1:10952892;Chr1:10957720;Chr1:10982066;Chr1:11034551;Chr1:11035508;Chr1:11041960;Chr1:11053392;Chr1:11074538;Chr1:11082647;Chr1:11105883;Chr1:11110986;Chr1:11111621;Chr1:11112624;Chr1:11113457;Chr1:11124416;Chr1:11125170	Chr1:11105883	""	FALSE	TRUE	FALSE	1	0	FALSE	FALSE	2	2	2	12	15	24
nobgs_V2_c1_rep2_env2	emmax_simes	Chr1	10934731	11125170	18	1	Chr1:10934731;Chr1:10944031;Chr1:10952892;Chr1:10957720;Chr1:10982066;Chr1:11034551;Chr1:11035508;Chr1:11041960;Chr1:11053392;Chr1:11074538;Chr1:11082647;Chr1:11105883;Chr1:11110986;Chr1:11111621;Chr1:11112624;Chr1:11113457;Chr1:11124416;Chr1:11125170	Chr1:11105883	""	FALSE	TRUE	FALSE	1	0	FALSE	FALSE	2	2	2	12	15	24
nobgs_V2_c1_rep2_env2	lfmm_simes	Chr1	10934731	11303069	36	2	Chr1:10934731;Chr1:10944031;Chr1:10952892;Chr1:10957720;Chr1:10982066;Chr1:11034551;Chr1:11035508;Chr1:11041960;Chr1:11053392;Chr1:11074538;Chr1:11082647;Chr1:11105883;Chr1:11110986;Chr1:11111621;Chr1:11112624;Chr1:11113457;Chr1:11124416;Chr1:11125170;Chr1:11221402;Chr1:11230754;Chr1:11231077;Chr1:11239385;Chr1:11244339;Chr1:11246967;Chr1:11249377;Chr1:11254881;Chr1:11267689;Chr1:11272430;Chr1:11272749;Chr1:11276637;Chr1:11280745;Chr1:11289759;Chr1:11292005;Chr1:11292213;Chr1:11300880;Chr1:11303069	Chr1:11105883;Chr1:11272430	""	FALSE	TRUE	FALSE	1	0	FALSE	FALSE	2	2	2	12	15	24
nobgs_V2_c1_rep2_env3	emmax_consensus	Chr1	10774663	10961982	22	1	Chr1:10774663;Chr1:10804447;Chr1:10817252;Chr1:10828533;Chr1:10834894;Chr1:10835338;Chr1:10854331;Chr1:10858984;Chr1:10884604;Chr1:10888929;Chr1:10894148;Chr1:10895369;Chr1:10927253;Chr1:10929549;Chr1:10934260;Chr1:10935145;Chr1:10935621;Chr1:10942929;Chr1:10949118;Chr1:10952022;Chr1:10956287;Chr1:10961982	Chr1:10895369	Chr1:10690595	TRUE	TRUE	FALSE	1	0	FALSE	FALSE	2	2	2	12	14	24
nobgs_V2_c1_rep2_env3	emmax_consensus	Chr1	11673845	11809298	25	1	Chr1:11673845;Chr1:11682385;Chr1:11686011;Chr1:11686064;Chr1:11692912;Chr1:11712160;Chr1:11716058;Chr1:11728413;Chr1:11739126;Chr1:11740367;Chr1:11749830;Chr1:11749852;Chr1:11750733;Chr1:11751496;Chr1:11752060;Chr1:11752428;Chr1:11755014;Chr1:11768897;Chr1:11773255;Chr1:11782466;Chr1:11793783;Chr1:11795237;Chr1:11803846;Chr1:11805349;Chr1:11809298	Chr1:11749830	""	FALSE	FALSE	TRUE	0	1	FALSE	FALSE	2	2	2	12	14	24
nobgs_V2_c1_rep2_env3	emmax_simes	Chr1	10774663	10961982	22	1	Chr1:10774663;Chr1:10804447;Chr1:10817252;Chr1:10828533;Chr1:10834894;Chr1:10835338;Chr1:10854331;Chr1:10858984;Chr1:10884604;Chr1:10888929;Chr1:10894148;Chr1:10895369;Chr1:10927253;Chr1:10929549;Chr1:10934260;Chr1:10935145;Chr1:10935621;Chr1:10942929;Chr1:10949118;Chr1:10952022;Chr1:10956287;Chr1:10961982	Chr1:10895369	Chr1:10690595	TRUE	TRUE	FALSE	1	0	FALSE	FALSE	2	2	2	12	14	24
nobgs_V2_c1_rep2_env3	lfmm_simes	Chr1	10774663	10961982	22	1	Chr1:10774663;Chr1:10804447;Chr1:10817252;Chr1:10828533;Chr1:10834894;Chr1:10835338;Chr1:10854331;Chr1:10858984;Chr1:10884604;Chr1:10888929;Chr1:10894148;Chr1:10895369;Chr1:10927253;Chr1:10929549;Chr1:10934260;Chr1:10935145;Chr1:10935621;Chr1:10942929;Chr1:10949118;Chr1:10952022;Chr1:10956287;Chr1:10961982	Chr1:10895369	Chr1:10690595	TRUE	TRUE	FALSE	1	0	FALSE	FALSE	2	2	2	12	14	24
nobgs_V2_c1_rep2_env5	lfmm_simes	Chr2	11727138	11763978	14	1	Chr2:11727138;Chr2:11732525;Chr2:11732856;Chr2:11735729;Chr2:11736138;Chr2:11744169;Chr2:11745654;Chr2:11745895;Chr2:11751871;Chr2:11752088;Chr2:11752776;Chr2:11760159;Chr2:11760221;Chr2:11763978	Chr2:11745654	""	FALSE	FALSE	FALSE	0	0	FALSE	FALSE	1	1	1	11	14	21
nobgs_V2_c1_rep2_env6	emmax_consensus	Chr1	11381574	11498635	14	1	Chr1:11381574;Chr1:11388595;Chr1:11388924;Chr1:11402558;Chr1:11429356;Chr1:11431442;Chr1:11436035;Chr1:11451819;Chr1:11472983;Chr1:11473743;Chr1:11474544;Chr1:11479372;Chr1:11485744;Chr1:11498635	Chr1:11451819	Chr1:11305846	TRUE	TRUE	FALSE	1	0	FALSE	FALSE	2	2	2	10	14	20
nobgs_V2_c1_rep2_env6	emmax_simes	Chr1	11381574	11498635	14	1	Chr1:11381574;Chr1:11388595;Chr1:11388924;Chr1:11402558;Chr1:11429356;Chr1:11431442;Chr1:11436035;Chr1:11451819;Chr1:11472983;Chr1:11473743;Chr1:11474544;Chr1:11479372;Chr1:11485744;Chr1:11498635	Chr1:11451819	Chr1:11305846	TRUE	TRUE	FALSE	1	0	FALSE	FALSE	2	2	2	10	14	20
nobgs_V2_c1_rep2_env6	lfmm_simes	Chr1	11381574	11498635	14	1	Chr1:11381574;Chr1:11388595;Chr1:11388924;Chr1:11402558;Chr1:11429356;Chr1:11431442;Chr1:11436035;Chr1:11451819;Chr1:11472983;Chr1:11473743;Chr1:11474544;Chr1:11479372;Chr1:11485744;Chr1:11498635	Chr1:11451819	Chr1:11305846	TRUE	TRUE	FALSE	1	0	FALSE	FALSE	2	2	2	10	14	20
nobgs_V2_c1_rep3_env1	emmax_consensus	Chr1	2363454	2400813	10	1	Chr1:2363454;Chr1:2366315;Chr1:2369214;Chr1:2369420;Chr1:2376966;Chr1:2382424;Chr1:2385339;Chr1:2392293;Chr1:2393964;Chr1:2400813	Chr1:2376966	Chr1:2366315	TRUE	TRUE	FALSE	1	0	FALSE	FALSE	2	2	2	8	9	14
nobgs_V2_c1_rep3_env1	emmax_consensus	Chr2	10011	457065	24	1	Chr2:10011;Chr2:23683;Chr2:48354;Chr2:56214;Chr2:81920;Chr2:89647;Chr2:92180;Chr2:114710;Chr2:119153;Chr2:163048;Chr2:178473;Chr2:189820;Chr2:216734;Chr2:256565;Chr2:270585;Chr2:293817;Chr2:321438;Chr2:337345;Chr2:341547;Chr2:344716;Chr2:405055;Chr2:409398;Chr2:424957;Chr2:457065	Chr2:10011	""	FALSE	TRUE	TRUE	1	1	FALSE	FALSE	3	3	3	8	9	14
nobgs_V2_c1_rep3_env1	emmax_simes	Chr1	2363454	2400813	10	1	Chr1:2363454;Chr1:2366315;Chr1:2369214;Chr1:2369420;Chr1:2376966;Chr1:2382424;Chr1:2385339;Chr1:2392293;Chr1:2393964;Chr1:2400813	Chr1:2376966	Chr1:2366315	TRUE	TRUE	FALSE	1	0	FALSE	FALSE	2	2	2	8	9	14
nobgs_V2_c1_rep3_env1	emmax_simes	Chr2	10011	457065	24	1	Chr2:10011;Chr2:23683;Chr2:48354;Chr2:56214;Chr2:81920;Chr2:89647;Chr2:92180;Chr2:114710;Chr2:119153;Chr2:163048;Chr2:178473;Chr2:189820;Chr2:216734;Chr2:256565;Chr2:270585;Chr2:293817;Chr2:321438;Chr2:337345;Chr2:341547;Chr2:344716;Chr2:405055;Chr2:409398;Chr2:424957;Chr2:457065	Chr2:10011	""	FALSE	TRUE	TRUE	1	1	FALSE	FALSE	3	3	3	8	9	14
nobgs_V2_c1_rep3_env1	lfmm_simes	Chr1	2363454	2400813	10	1	Chr1:2363454;Chr1:2366315;Chr1:2369214;Chr1:2369420;Chr1:2376966;Chr1:2382424;Chr1:2385339;Chr1:2392293;Chr1:2393964;Chr1:2400813	Chr1:2376966	Chr1:2366315	TRUE	TRUE	FALSE	1	0	FALSE	FALSE	2	2	2	8	9	14
nobgs_V2_c1_rep3_env1	lfmm_simes	Chr1	4415634	4439132	11	1	Chr1:4415634;Chr1:4416605;Chr1:4418917;Chr1:4419260;Chr1:4419459;Chr1:4422634;Chr1:4422966;Chr1:4423727;Chr1:4431607;Chr1:4431783;Chr1:4439132	Chr1:4422634	Chr1:4419459	TRUE	FALSE	FALSE	0	0	FALSE	FALSE	1	1	1	8	9	14
nobgs_V2_c1_rep3_env2	emmax_consensus	Chr1	5504790	5684716	24	2	Chr1:5504790;Chr1:5514926;Chr1:5524760;Chr1:5542434;Chr1:5553232;Chr1:5556358;Chr1:5573456;Chr1:5578663;Chr1:5582968;Chr1:5579299;Chr1:5580899;Chr1:5586405;Chr1:5587627;Chr1:5598487;Chr1:5604536;Chr1:5617790;Chr1:5623238;Chr1:5625603;Chr1:5662231;Chr1:5662386;Chr1:5662951;Chr1:5683231;Chr1:5684212;Chr1:5684716	Chr1:5556358;Chr1:5604536	Chr1:5662386	TRUE	TRUE	TRUE	1	1	FALSE	FALSE	3	3	3	8	9	14
nobgs_V2_c1_rep3_env2	emmax_simes	Chr1	5504790	5684716	24	2	Chr1:5504790;Chr1:5514926;Chr1:5524760;Chr1:5542434;Chr1:5553232;Chr1:5556358;Chr1:5573456;Chr1:5578663;Chr1:5582968;Chr1:5579299;Chr1:5580899;Chr1:5586405;Chr1:5587627;Chr1:5598487;Chr1:5604536;Chr1:5617790;Chr1:5623238;Chr1:5625603;Chr1:5662231;Chr1:5662386;Chr1:5662951;Chr1:5683231;Chr1:5684212;Chr1:5684716	Chr1:5556358;Chr1:5604536	Chr1:5662386	TRUE	TRUE	TRUE	1	1	FALSE	FALSE	3	3	3	8	9	14
nobgs_V2_c1_rep3_env2	lfmm_simes	Chr1	5504790	5684716	24	2	Chr1:5504790;Chr1:5514926;Chr1:5524760;Chr1:5542434;Chr1:5553232;Chr1:5556358;Chr1:5573456;Chr1:5578663;Chr1:5582968;Chr1:5579299;Chr1:5580899;Chr1:5586405;Chr1:5587627;Chr1:5598487;Chr1:5604536;Chr1:5617790;Chr1:5623238;Chr1:5625603;Chr1:5662231;Chr1:5662386;Chr1:5662951;Chr1:5683231;Chr1:5684212;Chr1:5684716	Chr1:5556358;Chr1:5604536	Chr1:5662386	TRUE	TRUE	TRUE	1	1	FALSE	FALSE	3	3	3	8	9	14
nobgs_V2_c1_rep4_env2	lfmm_simes	Chr1	7761295	7932787	16	1	Chr1:7761295;Chr1:7803173;Chr1:7803258;Chr1:7808324;Chr1:7819523;Chr1:7823129;Chr1:7829783;Chr1:7839570;Chr1:7844450;Chr1:7845141;Chr1:7864423;Chr1:7889317;Chr1:7891020;Chr1:7917948;Chr1:7925314;Chr1:7932787	Chr1:7844450	Chr1:7889317	TRUE	FALSE	FALSE	0	0	FALSE	FALSE	1	1	1	12	15	23
nobgs_V2_c1_rep4_env8	emmax_consensus	Chr1	24788140	25478159	62	1	Chr1:24788140;Chr1:24796530;Chr1:24818590;Chr1:24835561;Chr1:24837592;Chr1:24839166;Chr1:24842271;Chr1:24850691;Chr1:24852407;Chr1:24859126;Chr1:24861271;Chr1:24863541;Chr1:24891781;Chr1:24905649;Chr1:24908718;Chr1:24915226;Chr1:24916129;Chr1:24916825;Chr1:24917422;Chr1:24920187;Chr1:24942312;Chr1:24946116;Chr1:24957219;Chr1:24959886;Chr1:24961073;Chr1:24966346;Chr1:24970150;Chr1:24973400;Chr1:24977209;Chr1:24983836;Chr1:24993066;Chr1:25006237;Chr1:25011351;Chr1:25037057;Chr1:25057186;Chr1:25062423;Chr1:25070114;Chr1:25126038;Chr1:25141381;Chr1:25143351;Chr1:25159930;Chr1:25170452;Chr1:25172047;Chr1:25197646;Chr1:25201749;Chr1:25205895;Chr1:25213525;Chr1:25231192;Chr1:25238648;Chr1:25273448;Chr1:25282352;Chr1:25300958;Chr1:25301298;Chr1:25304299;Chr1:25328245;Chr1:25344805;Chr1:25346301;Chr1:25360338;Chr1:25374762;Chr1:25464212;Chr1:25470662;Chr1:25478159	Chr1:24961073	Chr1:24917422	TRUE	TRUE	TRUE	1	1	FALSE	FALSE	3	3	3	12	15	25
nobgs_V2_c1_rep4_env8	emmax_simes	Chr1	24788140	25478159	62	1	Chr1:24788140;Chr1:24796530;Chr1:24818590;Chr1:24835561;Chr1:24837592;Chr1:24839166;Chr1:24842271;Chr1:24850691;Chr1:24852407;Chr1:24859126;Chr1:24861271;Chr1:24863541;Chr1:24891781;Chr1:24905649;Chr1:24908718;Chr1:24915226;Chr1:24916129;Chr1:24916825;Chr1:24917422;Chr1:24920187;Chr1:24942312;Chr1:24946116;Chr1:24957219;Chr1:24959886;Chr1:24961073;Chr1:24966346;Chr1:24970150;Chr1:24973400;Chr1:24977209;Chr1:24983836;Chr1:24993066;Chr1:25006237;Chr1:25011351;Chr1:25037057;Chr1:25057186;Chr1:25062423;Chr1:25070114;Chr1:25126038;Chr1:25141381;Chr1:25143351;Chr1:25159930;Chr1:25170452;Chr1:25172047;Chr1:25197646;Chr1:25201749;Chr1:25205895;Chr1:25213525;Chr1:25231192;Chr1:25238648;Chr1:25273448;Chr1:25282352;Chr1:25300958;Chr1:25301298;Chr1:25304299;Chr1:25328245;Chr1:25344805;Chr1:25346301;Chr1:25360338;Chr1:25374762;Chr1:25464212;Chr1:25470662;Chr1:25478159	Chr1:24961073	Chr1:24917422	TRUE	TRUE	TRUE	1	1	FALSE	FALSE	3	3	3	12	15	25
nobgs_V2_c1_rep4_env8	lfmm_simes	Chr1	24788140	25478159	62	1	Chr1:24788140;Chr1:24796530;Chr1:24818590;Chr1:24835561;Chr1:24837592;Chr1:24839166;Chr1:24842271;Chr1:24850691;Chr1:24852407;Chr1:24859126;Chr1:24861271;Chr1:24863541;Chr1:24891781;Chr1:24905649;Chr1:24908718;Chr1:24915226;Chr1:24916129;Chr1:24916825;Chr1:24917422;Chr1:24920187;Chr1:24942312;Chr1:24946116;Chr1:24957219;Chr1:24959886;Chr1:24961073;Chr1:24966346;Chr1:24970150;Chr1:24973400;Chr1:24977209;Chr1:24983836;Chr1:24993066;Chr1:25006237;Chr1:25011351;Chr1:25037057;Chr1:25057186;Chr1:25062423;Chr1:25070114;Chr1:25126038;Chr1:25141381;Chr1:25143351;Chr1:25159930;Chr1:25170452;Chr1:25172047;Chr1:25197646;Chr1:25201749;Chr1:25205895;Chr1:25213525;Chr1:25231192;Chr1:25238648;Chr1:25273448;Chr1:25282352;Chr1:25300958;Chr1:25301298;Chr1:25304299;Chr1:25328245;Chr1:25344805;Chr1:25346301;Chr1:25360338;Chr1:25374762;Chr1:25464212;Chr1:25470662;Chr1:25478159	Chr1:24961073	Chr1:24917422	TRUE	TRUE	TRUE	1	1	FALSE	FALSE	3	3	3	12	15	25
nobgs_V2_c1_rep5_env1	emmax_consensus	Chr1	16219	504170	108	1	Chr1:16219;Chr1:17457;Chr1:41740;Chr1:46093;Chr1:52703;Chr1:70833;Chr1:72250;Chr1:78796;Chr1:81363;Chr1:90544;Chr1:93287;Chr1:99194;Chr1:111496;Chr1:119679;Chr1:123945;Chr1:124453;Chr1:131639;Chr1:140417;Chr1:141658;Chr1:155458;Chr1:156627;Chr1:164588;Chr1:166469;Chr1:183291;Chr1:184100;Chr1:185009;Chr1:190240;Chr1:191932;Chr1:213279;Chr1:213507;Chr1:217632;Chr1:219160;Chr1:223218;Chr1:225233;Chr1:233393;Chr1:234742;Chr1:234955;Chr1:237645;Chr1:237747;Chr1:238052;Chr1:249011;Chr1:250807;Chr1:253300;Chr1:257010;Chr1:262298;Chr1:268719;Chr1:275980;Chr1:277103;Chr1:278581;Chr1:278597;Chr1:279409;Chr1:294230;Chr1:302312;Chr1:303125;Chr1:304285;Chr1:305833;Chr1:306834;Chr1:307466;Chr1:312230;Chr1:314661;Chr1:316846;Chr1:334001;Chr1:335960;Chr1:338350;Chr1:339949;Chr1:344997;Chr1:345095;Chr1:346401;Chr1:353317;Chr1:355194;Chr1:362978;Chr1:364221;Chr1:365317;Chr1:370983;Chr1:371202;Chr1:380720;Chr1:382537;Chr1:392547;Chr1:402874;Chr1:406763;Chr1:407571;Chr1:413928;Chr1:416923;Chr1:425072;Chr1:426468;Chr1:427040;Chr1:427106;Chr1:428937;Chr1:432641;Chr1:438721;Chr1:440339;Chr1:442234;Chr1:444342;Chr1:457599;Chr1:459722;Chr1:459749;Chr1:467626;Chr1:467975;Chr1:485365;Chr1:487479;Chr1:488323;Chr1:490177;Chr1:492297;Chr1:495037;Chr1:495406;Chr1:500118;Chr1:503045;Chr1:504170	Chr1:16219	Chr1:52703	TRUE	TRUE	TRUE	1	1	FALSE	FALSE	3	3	3	8	9	15
nobgs_V2_c1_rep5_env1	emmax_consensus	Chr1	1732319	1746329	9	1	Chr1:1732319;Chr1:1734629;Chr1:1737972;Chr1:1739041;Chr1:1740664;Chr1:1744699;Chr1:1745594;Chr1:1745720;Chr1:1746329	Chr1:1745720	""	FALSE	TRUE	FALSE	1	0	FALSE	FALSE	2	2	2	8	9	15
nobgs_V2_c1_rep5_env1	emmax_simes	Chr1	16219	504170	108	1	Chr1:16219;Chr1:17457;Chr1:41740;Chr1:46093;Chr1:52703;Chr1:70833;Chr1:72250;Chr1:78796;Chr1:81363;Chr1:90544;Chr1:93287;Chr1:99194;Chr1:111496;Chr1:119679;Chr1:123945;Chr1:124453;Chr1:131639;Chr1:140417;Chr1:141658;Chr1:155458;Chr1:156627;Chr1:164588;Chr1:166469;Chr1:183291;Chr1:184100;Chr1:185009;Chr1:190240;Chr1:191932;Chr1:213279;Chr1:213507;Chr1:217632;Chr1:219160;Chr1:223218;Chr1:225233;Chr1:233393;Chr1:234742;Chr1:234955;Chr1:237645;Chr1:237747;Chr1:238052;Chr1:249011;Chr1:250807;Chr1:253300;Chr1:257010;Chr1:262298;Chr1:268719;Chr1:275980;Chr1:277103;Chr1:278581;Chr1:278597;Chr1:279409;Chr1:294230;Chr1:302312;Chr1:303125;Chr1:304285;Chr1:305833;Chr1:306834;Chr1:307466;Chr1:312230;Chr1:314661;Chr1:316846;Chr1:334001;Chr1:335960;Chr1:338350;Chr1:339949;Chr1:344997;Chr1:345095;Chr1:346401;Chr1:353317;Chr1:355194;Chr1:362978;Chr1:364221;Chr1:365317;Chr1:370983;Chr1:371202;Chr1:380720;Chr1:382537;Chr1:392547;Chr1:402874;Chr1:406763;Chr1:407571;Chr1:413928;Chr1:416923;Chr1:425072;Chr1:426468;Chr1:427040;Chr1:427106;Chr1:428937;Chr1:432641;Chr1:438721;Chr1:440339;Chr1:442234;Chr1:444342;Chr1:457599;Chr1:459722;Chr1:459749;Chr1:467626;Chr1:467975;Chr1:485365;Chr1:487479;Chr1:488323;Chr1:490177;Chr1:492297;Chr1:495037;Chr1:495406;Chr1:500118;Chr1:503045;Chr1:504170	Chr1:16219	Chr1:52703	TRUE	TRUE	TRUE	1	1	FALSE	FALSE	3	3	3	8	9	15
nobgs_V2_c1_rep5_env1	emmax_simes	Chr1	1732319	1746329	9	1	Chr1:1732319;Chr1:1734629;Chr1:1737972;Chr1:1739041;Chr1:1740664;Chr1:1744699;Chr1:1745594;Chr1:1745720;Chr1:1746329	Chr1:1745720	""	FALSE	TRUE	FALSE	1	0	FALSE	FALSE	2	2	2	8	9	15
nobgs_V2_c1_rep5_env1	lfmm_simes	Chr1	16219	504170	108	1	Chr1:16219;Chr1:17457;Chr1:41740;Chr1:46093;Chr1:52703;Chr1:70833;Chr1:72250;Chr1:78796;Chr1:81363;Chr1:90544;Chr1:93287;Chr1:99194;Chr1:111496;Chr1:119679;Chr1:123945;Chr1:124453;Chr1:131639;Chr1:140417;Chr1:141658;Chr1:155458;Chr1:156627;Chr1:164588;Chr1:166469;Chr1:183291;Chr1:184100;Chr1:185009;Chr1:190240;Chr1:191932;Chr1:213279;Chr1:213507;Chr1:217632;Chr1:219160;Chr1:223218;Chr1:225233;Chr1:233393;Chr1:234742;Chr1:234955;Chr1:237645;Chr1:237747;Chr1:238052;Chr1:249011;Chr1:250807;Chr1:253300;Chr1:257010;Chr1:262298;Chr1:268719;Chr1:275980;Chr1:277103;Chr1:278581;Chr1:278597;Chr1:279409;Chr1:294230;Chr1:302312;Chr1:303125;Chr1:304285;Chr1:305833;Chr1:306834;Chr1:307466;Chr1:312230;Chr1:314661;Chr1:316846;Chr1:334001;Chr1:335960;Chr1:338350;Chr1:339949;Chr1:344997;Chr1:345095;Chr1:346401;Chr1:353317;Chr1:355194;Chr1:362978;Chr1:364221;Chr1:365317;Chr1:370983;Chr1:371202;Chr1:380720;Chr1:382537;Chr1:392547;Chr1:402874;Chr1:406763;Chr1:407571;Chr1:413928;Chr1:416923;Chr1:425072;Chr1:426468;Chr1:427040;Chr1:427106;Chr1:428937;Chr1:432641;Chr1:438721;Chr1:440339;Chr1:442234;Chr1:444342;Chr1:457599;Chr1:459722;Chr1:459749;Chr1:467626;Chr1:467975;Chr1:485365;Chr1:487479;Chr1:488323;Chr1:490177;Chr1:492297;Chr1:495037;Chr1:495406;Chr1:500118;Chr1:503045;Chr1:504170	Chr1:16219	Chr1:52703	TRUE	TRUE	TRUE	1	1	FALSE	FALSE	3	3	3	8	9	15
nobgs_V2_c1_rep5_env1	lfmm_simes	Chr1	1732319	1746329	9	1	Chr1:1732319;Chr1:1734629;Chr1:1737972;Chr1:1739041;Chr1:1740664;Chr1:1744699;Chr1:1745594;Chr1:1745720;Chr1:1746329	Chr1:1745720	""	FALSE	TRUE	FALSE	1	0	FALSE	FALSE	2	2	2	8	9	15
nobgs_V2_c1_rep5_env2	lfmm_simes	Chr1	3570	489560	45	1	Chr1:3570;Chr1:6489;Chr1:11115;Chr1:16886;Chr1:47859;Chr1:79795;Chr1:83421;Chr1:93220;Chr1:97821;Chr1:104483;Chr1:114650;Chr1:117326;Chr1:127726;Chr1:133211;Chr1:139241;Chr1:144644;Chr1:147239;Chr1:149900;Chr1:182483;Chr1:196444;Chr1:215742;Chr1:226641;Chr1:231339;Chr1:231635;Chr1:234998;Chr1:236535;Chr1:237546;Chr1:266262;Chr1:281714;Chr1:289855;Chr1:307529;Chr1:308934;Chr1:329611;Chr1:332026;Chr1:352674;Chr1:355346;Chr1:395397;Chr1:397253;Chr1:407313;Chr1:409948;Chr1:411902;Chr1:424369;Chr1:439161;Chr1:486239;Chr1:489560	Chr1:3570	Chr1:409948	TRUE	TRUE	TRUE	1	1	FALSE	FALSE	3	3	3	8	9	18
nobgs_V2_c1_rep5_env3	lfmm_simes	Chr1	16219	508376	144	1	Chr1:16219;Chr1:16872;Chr1:17457;Chr1:26658;Chr1:29419;Chr1:41740;Chr1:46093;Chr1:52703;Chr1:57145;Chr1:63525;Chr1:69550;Chr1:70833;Chr1:72250;Chr1:78796;Chr1:81363;Chr1:90544;Chr1:93287;Chr1:99194;Chr1:108520;Chr1:111496;Chr1:116235;Chr1:119679;Chr1:119761;Chr1:123945;Chr1:124453;Chr1:131639;Chr1:140417;Chr1:141658;Chr1:153620;Chr1:155458;Chr1:156627;Chr1:164588;Chr1:166469;Chr1:170344;Chr1:183291;Chr1:184100;Chr1:185009;Chr1:189844;Chr1:190240;Chr1:191932;Chr1:206295;Chr1:213279;Chr1:213507;Chr1:217632;Chr1:218124;Chr1:219160;Chr1:223218;Chr1:225233;Chr1:233393;Chr1:234742;Chr1:234955;Chr1:237645;Chr1:237747;Chr1:238052;Chr1:238410;Chr1:246855;Chr1:249011;Chr1:250807;Chr1:253300;Chr1:257010;Chr1:257824;Chr1:262298;Chr1:264677;Chr1:268719;Chr1:275980;Chr1:277103;Chr1:278581;Chr1:278597;Chr1:279409;Chr1:290539;Chr1:294230;Chr1:296845;Chr1:302312;Chr1:303125;Chr1:304285;Chr1:305059;Chr1:305833;Chr1:306834;Chr1:307466;Chr1:312230;Chr1:314661;Chr1:316846;Chr1:334001;Chr1:335960;Chr1:338350;Chr1:339949;Chr1:344997;Chr1:345095;Chr1:346401;Chr1:353317;Chr1:354642;Chr1:355194;Chr1:362978;Chr1:364221;Chr1:365317;Chr1:370983;Chr1:371202;Chr1:371861;Chr1:377962;Chr1:380720;Chr1:381765;Chr1:382537;Chr1:392547;Chr1:392616;Chr1:402874;Chr1:406763;Chr1:407571;Chr1:413928;Chr1:416923;Chr1:425072;Chr1:426468;Chr1:427040;Chr1:427106;Chr1:428937;Chr1:431028;Chr1:431133;Chr1:432641;Chr1:433515;Chr1:438721;Chr1:440339;Chr1:442234;Chr1:444342;Chr1:450557;Chr1:457599;Chr1:459722;Chr1:459749;Chr1:466571;Chr1:467626;Chr1:467975;Chr1:481882;Chr1:485365;Chr1:487479;Chr1:488323;Chr1:488410;Chr1:490177;Chr1:492297;Chr1:495037;Chr1:495406;Chr1:500118;Chr1:503045;Chr1:504170;Chr1:505983;Chr1:507340;Chr1:508376	Chr1:16219	Chr1:52703	TRUE	TRUE	TRUE	1	1	FALSE	FALSE	3	3	3	8	10	16
nobgs_V2_c1_rep5_env4	emmax_consensus	Chr1	552031	590681	13	1	Chr1:552031;Chr1:560608;Chr1:561347;Chr1:561884;Chr1:564553;Chr1:565258;Chr1:568627;Chr1:574060;Chr1:577983;Chr1:580196;Chr1:580266;Chr1:585436;Chr1:590681	Chr1:561347	Chr1:650425	TRUE	TRUE	FALSE	1	0	FALSE	FALSE	2	2	2	8	10	31
nobgs_V2_c1_rep5_env4	emmax_consensus	Chr1	623854	685390	33	2	Chr1:623854;Chr1:628935;Chr1:631328;Chr1:632492;Chr1:634034;Chr1:639083;Chr1:643065;Chr1:644636;Chr1:646986;Chr1:648906;Chr1:650425;Chr1:653888;Chr1:654042;Chr1:655946;Chr1:658310;Chr1:659036;Chr1:659897;Chr1:664525;Chr1:666003;Chr1:667224;Chr1:667962;Chr1:670028;Chr1:670609;Chr1:670630;Chr1:671922;Chr1:673782;Chr1:673940;Chr1:675664;Chr1:678450;Chr1:681648;Chr1:682370;Chr1:684338;Chr1:685390	Chr1:650425;Chr1:670609	Chr1:650425	TRUE	TRUE	FALSE	1	0	FALSE	FALSE	2	2	2	8	10	31
nobgs_V2_c1_rep5_env4	emmax_consensus	Chr1	747115	829929	17	1	Chr1:747115;Chr1:753872;Chr1:753991;Chr1:758742;Chr1:763357;Chr1:765096;Chr1:771738;Chr1:774732;Chr1:776347;Chr1:778963;Chr1:784483;Chr1:785632;Chr1:789385;Chr1:809255;Chr1:809835;Chr1:814948;Chr1:829929	Chr1:765096	Chr1:650425	TRUE	TRUE	FALSE	1	0	FALSE	FALSE	2	2	2	8	10	31
nobgs_V2_c1_rep5_env4	emmax_simes	Chr1	552031	590681	13	1	Chr1:552031;Chr1:560608;Chr1:561347;Chr1:561884;Chr1:564553;Chr1:565258;Chr1:568627;Chr1:574060;Chr1:577983;Chr1:580196;Chr1:580266;Chr1:585436;Chr1:590681	Chr1:561347	Chr1:650425	TRUE	TRUE	FALSE	1	0	FALSE	FALSE	2	2	2	8	10	31
nobgs_V2_c1_rep5_env4	emmax_simes	Chr1	623854	685390	33	2	Chr1:623854;Chr1:628935;Chr1:631328;Chr1:632492;Chr1:634034;Chr1:639083;Chr1:643065;Chr1:644636;Chr1:646986;Chr1:648906;Chr1:650425;Chr1:653888;Chr1:654042;Chr1:655946;Chr1:658310;Chr1:659036;Chr1:659897;Chr1:664525;Chr1:666003;Chr1:667224;Chr1:667962;Chr1:670028;Chr1:670609;Chr1:670630;Chr1:671922;Chr1:673782;Chr1:673940;Chr1:675664;Chr1:678450;Chr1:681648;Chr1:682370;Chr1:684338;Chr1:685390	Chr1:650425;Chr1:670609	Chr1:650425	TRUE	TRUE	FALSE	1	0	FALSE	FALSE	2	2	2	8	10	31
nobgs_V2_c1_rep5_env4	emmax_simes	Chr1	747115	829929	17	1	Chr1:747115;Chr1:753872;Chr1:753991;Chr1:758742;Chr1:763357;Chr1:765096;Chr1:771738;Chr1:774732;Chr1:776347;Chr1:778963;Chr1:784483;Chr1:785632;Chr1:789385;Chr1:809255;Chr1:809835;Chr1:814948;Chr1:829929	Chr1:765096	Chr1:650425	TRUE	TRUE	FALSE	1	0	FALSE	FALSE	2	2	2	8	10	31
nobgs_V2_c1_rep5_env4	lfmm_simes	Chr1	1586	488858	61	2	Chr1:1586;Chr1:9118;Chr1:9339;Chr1:13036;Chr1:24124;Chr1:25330;Chr1:30895;Chr1:32390;Chr1:41070;Chr1:44473;Chr1:51505;Chr1:56096;Chr1:57552;Chr1:60532;Chr1:81310;Chr1:85663;Chr1:93724;Chr1:105952;Chr1:120238;Chr1:124669;Chr1:127671;Chr1:175948;Chr1:181650;Chr1:189685;Chr1:207794;Chr1:220168;Chr1:221525;Chr1:228432;Chr1:241786;Chr1:244232;Chr1:255575;Chr1:256350;Chr1:257537;Chr1:262131;Chr1:264186;Chr1:280662;Chr1:280809;Chr1:282125;Chr1:292105;Chr1:306807;Chr1:319333;Chr1:321895;Chr1:344413;Chr1:355309;Chr1:355806;Chr1:365197;Chr1:127065;Chr1:271452;Chr1:298889;Chr1:373519;Chr1:386503;Chr1:403454;Chr1:410067;Chr1:419227;Chr1:420280;Chr1:433626;Chr1:438213;Chr1:447722;Chr1:459276;Chr1:463533;Chr1:488858	Chr1:1586;Chr1:373519	""	FALSE	TRUE	TRUE	1	1	FALSE	FALSE	3	3	3	8	10	31
nobgs_V2_c1_rep5_env4	lfmm_simes	Chr1	552031	590681	13	1	Chr1:552031;Chr1:560608;Chr1:561347;Chr1:561884;Chr1:564553;Chr1:565258;Chr1:568627;Chr1:574060;Chr1:577983;Chr1:580196;Chr1:580266;Chr1:585436;Chr1:590681	Chr1:561347	Chr1:650425	TRUE	TRUE	FALSE	1	0	FALSE	FALSE	2	2	2	8	10	31
nobgs_V2_c1_rep5_env4	lfmm_simes	Chr1	623854	685390	33	2	Chr1:623854;Chr1:628935;Chr1:631328;Chr1:632492;Chr1:634034;Chr1:639083;Chr1:643065;Chr1:644636;Chr1:646986;Chr1:648906;Chr1:650425;Chr1:653888;Chr1:654042;Chr1:655946;Chr1:658310;Chr1:659036;Chr1:659897;Chr1:664525;Chr1:666003;Chr1:667224;Chr1:667962;Chr1:670028;Chr1:670609;Chr1:670630;Chr1:671922;Chr1:673782;Chr1:673940;Chr1:675664;Chr1:678450;Chr1:681648;Chr1:682370;Chr1:684338;Chr1:685390	Chr1:650425;Chr1:670609	Chr1:650425	TRUE	TRUE	FALSE	1	0	FALSE	FALSE	2	2	2	8	10	31
nobgs_V2_c1_rep5_env4	lfmm_simes	Chr1	747115	829929	17	1	Chr1:747115;Chr1:753872;Chr1:753991;Chr1:758742;Chr1:763357;Chr1:765096;Chr1:771738;Chr1:774732;Chr1:776347;Chr1:778963;Chr1:784483;Chr1:785632;Chr1:789385;Chr1:809255;Chr1:809835;Chr1:814948;Chr1:829929	Chr1:765096	Chr1:650425	TRUE	TRUE	FALSE	1	0	FALSE	FALSE	2	2	2	8	10	31
nobgs_V2_c1_rep5_env4	lfmm_simes	Chr1	6798945	6862391	11	1	Chr1:6798945;Chr1:6801811;Chr1:6809997;Chr1:6814789;Chr1:6816051;Chr1:6818602;Chr1:6820933;Chr1:6830343;Chr1:6836013;Chr1:6843333;Chr1:6862391	Chr1:6809997	""	FALSE	FALSE	FALSE	0	0	FALSE	FALSE	1	1	1	8	10	31
nobgs_V2_c1_rep6_env1	emmax_consensus	Chr1	47715	440647	19	1	Chr1:47715;Chr1:109641;Chr1:124217;Chr1:205382;Chr1:248698;Chr1:253107;Chr1:300436;Chr1:305776;Chr1:312202;Chr1:329069;Chr1:335039;Chr1:347764;Chr1:353065;Chr1:353331;Chr1:367278;Chr1:406407;Chr1:414171;Chr1:439089;Chr1:440647	Chr1:47715	""	FALSE	TRUE	TRUE	1	1	FALSE	FALSE	3	3	3	8	9	14
nobgs_V2_c1_rep6_env1	emmax_simes	Chr1	47715	440647	19	1	Chr1:47715;Chr1:109641;Chr1:124217;Chr1:205382;Chr1:248698;Chr1:253107;Chr1:300436;Chr1:305776;Chr1:312202;Chr1:329069;Chr1:335039;Chr1:347764;Chr1:353065;Chr1:353331;Chr1:367278;Chr1:406407;Chr1:414171;Chr1:439089;Chr1:440647	Chr1:47715	""	FALSE	TRUE	TRUE	1	1	FALSE	FALSE	3	3	3	8	9	14
nobgs_V2_c1_rep6_env2	emmax_consensus	Chr1	10504492	10559094	14	1	Chr1:10504492;Chr1:10522297;Chr1:10529659;Chr1:10533352;Chr1:10537682;Chr1:10538635;Chr1:10540394;Chr1:10543165;Chr1:10543989;Chr1:10545461;Chr1:10551607;Chr1:10553463;Chr1:10556100;Chr1:10559094	Chr1:10533352	Chr1:10556100	TRUE	TRUE	FALSE	1	0	FALSE	FALSE	2	2	2	7	9	16
nobgs_V2_c1_rep6_env2	emmax_simes	Chr1	10504492	10559094	14	1	Chr1:10504492;Chr1:10522297;Chr1:10529659;Chr1:10533352;Chr1:10537682;Chr1:10538635;Chr1:10540394;Chr1:10543165;Chr1:10543989;Chr1:10545461;Chr1:10551607;Chr1:10553463;Chr1:10556100;Chr1:10559094	Chr1:10533352	Chr1:10556100	TRUE	TRUE	FALSE	1	0	FALSE	FALSE	2	2	2	7	9	16
nobgs_V2_c1_rep6_env2	lfmm_simes	Chr1	79991	443389	18	1	Chr1:79991;Chr1:133501;Chr1:133804;Chr1:169014;Chr1:207497;Chr1:234299;Chr1:238126;Chr1:260215;Chr1:272145;Chr1:296969;Chr1:313818;Chr1:342358;Chr1:347450;Chr1:390621;Chr1:395284;Chr1:413437;Chr1:440751;Chr1:443389	Chr1:79991	""	FALSE	FALSE	TRUE	0	1	FALSE	FALSE	2	2	2	7	9	16
nobgs_V2_c1_rep6_env2	lfmm_simes	Chr1	10504492	10559094	14	1	Chr1:10504492;Chr1:10522297;Chr1:10529659;Chr1:10533352;Chr1:10537682;Chr1:10538635;Chr1:10540394;Chr1:10543165;Chr1:10543989;Chr1:10545461;Chr1:10551607;Chr1:10553463;Chr1:10556100;Chr1:10559094	Chr1:10533352	Chr1:10556100	TRUE	TRUE	FALSE	1	0	FALSE	FALSE	2	2	2	7	9	16
nobgs_V2_c1_rep6_env5	emmax_consensus	Chr1	11048165	11209697	23	2	Chr1:11048165;Chr1:11048675;Chr1:11057643;Chr1:11061167;Chr1:11063687;Chr1:11067535;Chr1:11076922;Chr1:11086464;Chr1:11089566;Chr1:11089993;Chr1:11094895;Chr1:11132421;Chr1:11152317;Chr1:11166944;Chr1:11173954;Chr1:11174210;Chr1:11176060;Chr1:11186916;Chr1:11187902;Chr1:11194556;Chr1:11201058;Chr1:11204532;Chr1:11209697	Chr1:11076922;Chr1:11186916	Chr1:11132421	TRUE	TRUE	FALSE	1	0	FALSE	FALSE	2	2	2	8	9	13
nobgs_V2_c1_rep6_env5	emmax_simes	Chr1	11048165	11209697	23	2	Chr1:11048165;Chr1:11048675;Chr1:11057643;Chr1:11061167;Chr1:11063687;Chr1:11067535;Chr1:11076922;Chr1:11086464;Chr1:11089566;Chr1:11089993;Chr1:11094895;Chr1:11132421;Chr1:11152317;Chr1:11166944;Chr1:11173954;Chr1:11174210;Chr1:11176060;Chr1:11186916;Chr1:11187902;Chr1:11194556;Chr1:11201058;Chr1:11204532;Chr1:11209697	Chr1:11076922;Chr1:11186916	Chr1:11132421	TRUE	TRUE	FALSE	1	0	FALSE	FALSE	2	2	2	8	9	13
nobgs_V2_c1_rep6_env5	lfmm_simes	Chr1	11048165	11209697	23	2	Chr1:11048165;Chr1:11048675;Chr1:11057643;Chr1:11061167;Chr1:11063687;Chr1:11067535;Chr1:11076922;Chr1:11086464;Chr1:11089566;Chr1:11089993;Chr1:11094895;Chr1:11132421;Chr1:11152317;Chr1:11166944;Chr1:11173954;Chr1:11174210;Chr1:11176060;Chr1:11186916;Chr1:11187902;Chr1:11194556;Chr1:11201058;Chr1:11204532;Chr1:11209697	Chr1:11076922;Chr1:11186916	Chr1:11132421	TRUE	TRUE	FALSE	1	0	FALSE	FALSE	2	2	2	8	9	13
nobgs_V2_c1_rep6_env6	emmax_consensus	Chr1	10348758	10407535	8	1	Chr1:10348758;Chr1:10356461;Chr1:10367169;Chr1:10378951;Chr1:10381899;Chr1:10387265;Chr1:10387516;Chr1:10407535	Chr1:10378951	""	FALSE	TRUE	FALSE	1	0	FALSE	FALSE	2	2	2	7	8	13
nobgs_V2_c1_rep6_env6	emmax_consensus	Chr2	8558040	8575196	9	1	Chr2:8558040;Chr2:8559203;Chr2:8560638;Chr2:8566714;Chr2:8568458;Chr2:8571415;Chr2:8571482;Chr2:8574274;Chr2:8575196	Chr2:8566714	""	FALSE	FALSE	FALSE	0	0	FALSE	FALSE	1	1	1	7	8	13
nobgs_V2_c1_rep6_env6	lfmm_simes	Chr1	10348758	10407535	8	1	Chr1:10348758;Chr1:10356461;Chr1:10367169;Chr1:10378951;Chr1:10381899;Chr1:10387265;Chr1:10387516;Chr1:10407535	Chr1:10378951	""	FALSE	TRUE	FALSE	1	0	FALSE	FALSE	2	2	2	7	8	13
nobgs_V2_c1_rep7_env1	emmax_consensus	Chr1	14146033	14290785	13	1	Chr1:14146033;Chr1:14151178;Chr1:14162695;Chr1:14196551;Chr1:14200569;Chr1:14223371;Chr1:14229017;Chr1:14239844;Chr1:14251976;Chr1:14258246;Chr1:14263563;Chr1:14266170;Chr1:14290785	Chr1:14251976	""	FALSE	FALSE	FALSE	0	0	FALSE	FALSE	1	1	3	10	12	18
nobgs_V2_c1_rep7_env1	emmax_consensus	Chr1	14232565	14809170	52	2	Chr1:14232565;Chr1:14234982;Chr1:14239873;Chr1:14251761;Chr1:14253601;Chr1:14261413;Chr1:14273693;Chr1:14279125;Chr1:14291346;Chr1:14294078;Chr1:14297323;Chr1:14309580;Chr1:14353379;Chr1:14354795;Chr1:14367434;Chr1:14372343;Chr1:14393365;Chr1:14410483;Chr1:14421524;Chr1:14461080;Chr1:14501060;Chr1:14501489;Chr1:14513402;Chr1:14520112;Chr1:14548028;Chr1:14564667;Chr1:14511836;Chr1:14553327;Chr1:14561596;Chr1:14569234;Chr1:14586840;Chr1:14603423;Chr1:14635285;Chr1:14642481;Chr1:14643545;Chr1:14650063;Chr1:14694492;Chr1:14696853;Chr1:14697455;Chr1:14704940;Chr1:14708558;Chr1:14712544;Chr1:14720909;Chr1:14723919;Chr1:14743713;Chr1:14743794;Chr1:14757317;Chr1:14758520;Chr1:14760675;Chr1:14781223;Chr1:14784578;Chr1:14809170	Chr1:14354795;Chr1:14635285	""	FALSE	TRUE	TRUE	1	1	FALSE	FALSE	3	3	3	10	12	18
nobgs_V2_c1_rep7_env1	emmax_consensus	Chr1	15062542	15753050	61	2	Chr1:15062542;Chr1:15073424;Chr1:15083907;Chr1:15169360;Chr1:15224385;Chr1:15244057;Chr1:15247163;Chr1:15492867;Chr1:15495558;Chr1:15499374;Chr1:15501930;Chr1:15514901;Chr1:15516732;Chr1:15529944;Chr1:15287808;Chr1:15348017;Chr1:15365767;Chr1:15374045;Chr1:15375667;Chr1:15376395;Chr1:15391876;Chr1:15392266;Chr1:15400254;Chr1:15403488;Chr1:15428886;Chr1:15435547;Chr1:15451931;Chr1:15463207;Chr1:15463416;Chr1:15465626;Chr1:15468420;Chr1:15470091;Chr1:15472599;Chr1:15477406;Chr1:15477499;Chr1:15489914;Chr1:15491789;Chr1:15516070;Chr1:15517748;Chr1:15520290;Chr1:15536796;Chr1:15540282;Chr1:15549463;Chr1:15550454;Chr1:15572855;Chr1:15575747;Chr1:15578402;Chr1:15581807;Chr1:15590845;Chr1:15599991;Chr1:15605700;Chr1:15627151;Chr1:15641814;Chr1:15648786;Chr1:15653267;Chr1:15664820;Chr1:15682662;Chr1:15711908;Chr1:15729496;Chr1:15737055;Chr1:15753050	Chr1:15247163;Chr1:15468420	Chr1:15244057	TRUE	TRUE	TRUE	1	1	FALSE	FALSE	3	3	3	10	12	18
nobgs_V2_c1_rep7_env1	emmax_simes	Chr1	15062542	15753050	61	2	Chr1:15062542;Chr1:15073424;Chr1:15083907;Chr1:15169360;Chr1:15224385;Chr1:15244057;Chr1:15247163;Chr1:15492867;Chr1:15495558;Chr1:15499374;Chr1:15501930;Chr1:15514901;Chr1:15516732;Chr1:15529944;Chr1:15287808;Chr1:15348017;Chr1:15365767;Chr1:15374045;Chr1:15375667;Chr1:15376395;Chr1:15391876;Chr1:15392266;Chr1:15400254;Chr1:15403488;Chr1:15428886;Chr1:15435547;Chr1:15451931;Chr1:15463207;Chr1:15463416;Chr1:15465626;Chr1:15468420;Chr1:15470091;Chr1:15472599;Chr1:15477406;Chr1:15477499;Chr1:15489914;Chr1:15491789;Chr1:15516070;Chr1:15517748;Chr1:15520290;Chr1:15536796;Chr1:15540282;Chr1:15549463;Chr1:15550454;Chr1:15572855;Chr1:15575747;Chr1:15578402;Chr1:15581807;Chr1:15590845;Chr1:15599991;Chr1:15605700;Chr1:15627151;Chr1:15641814;Chr1:15648786;Chr1:15653267;Chr1:15664820;Chr1:15682662;Chr1:15711908;Chr1:15729496;Chr1:15737055;Chr1:15753050	Chr1:15247163;Chr1:15468420	Chr1:15244057	TRUE	TRUE	TRUE	1	1	FALSE	FALSE	3	3	3	10	12	18
nobgs_V2_c1_rep7_env1	lfmm_simes	Chr1	15062542	15529944	14	1	Chr1:15062542;Chr1:15073424;Chr1:15083907;Chr1:15169360;Chr1:15224385;Chr1:15244057;Chr1:15247163;Chr1:15492867;Chr1:15495558;Chr1:15499374;Chr1:15501930;Chr1:15514901;Chr1:15516732;Chr1:15529944	Chr1:15247163	Chr1:15244057	TRUE	TRUE	FALSE	1	0	FALSE	FALSE	2	2	3	10	12	18
nobgs_V2_c1_rep7_env10	emmax_consensus	Chr1	15183480	15841651	56	2	Chr1:15183480;Chr1:15185651;Chr1:15187800;Chr1:15194639;Chr1:15214688;Chr1:15220674;Chr1:15227026;Chr1:15244057;Chr1:15261339;Chr1:15262882;Chr1:15276657;Chr1:15291223;Chr1:15296403;Chr1:15297466;Chr1:15299025;Chr1:15329802;Chr1:15341387;Chr1:15361485;Chr1:15464221;Chr1:15482687;Chr1:15398150;Chr1:15399221;Chr1:15408674;Chr1:15471627;Chr1:15473111;Chr1:15478463;Chr1:15480587;Chr1:15482931;Chr1:15484444;Chr1:15486201;Chr1:15488940;Chr1:15491733;Chr1:15491984;Chr1:15498250;Chr1:15513161;Chr1:15518138;Chr1:15520705;Chr1:15526543;Chr1:15528855;Chr1:15532562;Chr1:15549230;Chr1:15549740;Chr1:15551599;Chr1:15553564;Chr1:15569211;Chr1:15574812;Chr1:15586926;Chr1:15634216;Chr1:15641355;Chr1:15646295;Chr1:15672927;Chr1:15742656;Chr1:15760127;Chr1:15791386;Chr1:15827874;Chr1:15841651	Chr1:15220674;Chr1:15471627	Chr1:15244057	TRUE	TRUE	TRUE	1	1	FALSE	FALSE	3	3	3	10	13	19
nobgs_V2_c1_rep7_env10	emmax_simes	Chr1	14481873	14891710	23	1	Chr1:14481873;Chr1:14518018;Chr1:14526686;Chr1:14548723;Chr1:14603659;Chr1:14623929;Chr1:14647041;Chr1:14653201;Chr1:14663099;Chr1:14673970;Chr1:14682159;Chr1:14689113;Chr1:14706360;Chr1:14722203;Chr1:14737807;Chr1:14755175;Chr1:14763652;Chr1:14775463;Chr1:14787004;Chr1:14800938;Chr1:14814330;Chr1:14862470;Chr1:14891710	Chr1:14755175	""	FALSE	FALSE	TRUE	0	1	FALSE	FALSE	2	2	2	10	13	19
nobgs_V2_c1_rep7_env10	emmax_simes	Chr1	15183480	15841651	56	2	Chr1:15183480;Chr1:15185651;Chr1:15187800;Chr1:15194639;Chr1:15214688;Chr1:15220674;Chr1:15227026;Chr1:15244057;Chr1:15261339;Chr1:15262882;Chr1:15276657;Chr1:15291223;Chr1:15296403;Chr1:15297466;Chr1:15299025;Chr1:15329802;Chr1:15341387;Chr1:15361485;Chr1:15464221;Chr1:15482687;Chr1:15398150;Chr1:15399221;Chr1:15408674;Chr1:15471627;Chr1:15473111;Chr1:15478463;Chr1:15480587;Chr1:15482931;Chr1:15484444;Chr1:15486201;Chr1:15488940;Chr1:15491733;Chr1:15491984;Chr1:15498250;Chr1:15513161;Chr1:15518138;Chr1:15520705;Chr1:15526543;Chr1:15528855;Chr1:15532562;Chr1:15549230;Chr1:15549740;Chr1:15551599;Chr1:15553564;Chr1:15569211;Chr1:15574812;Chr1:15586926;Chr1:15634216;Chr1:15641355;Chr1:15646295;Chr1:15672927;Chr1:15742656;Chr1:15760127;Chr1:15791386;Chr1:15827874;Chr1:15841651	Chr1:15220674;Chr1:15471627	Chr1:15244057	TRUE	TRUE	TRUE	1	1	FALSE	FALSE	3	3	3	10	13	19
nobgs_V2_c1_rep7_env10	lfmm_simes	Chr1	15183480	15841651	56	2	Chr1:15183480;Chr1:15185651;Chr1:15187800;Chr1:15194639;Chr1:15214688;Chr1:15220674;Chr1:15227026;Chr1:15244057;Chr1:15261339;Chr1:15262882;Chr1:15276657;Chr1:15291223;Chr1:15296403;Chr1:15297466;Chr1:15299025;Chr1:15329802;Chr1:15341387;Chr1:15361485;Chr1:15464221;Chr1:15482687;Chr1:15398150;Chr1:15399221;Chr1:15408674;Chr1:15471627;Chr1:15473111;Chr1:15478463;Chr1:15480587;Chr1:15482931;Chr1:15484444;Chr1:15486201;Chr1:15488940;Chr1:15491733;Chr1:15491984;Chr1:15498250;Chr1:15513161;Chr1:15518138;Chr1:15520705;Chr1:15526543;Chr1:15528855;Chr1:15532562;Chr1:15549230;Chr1:15549740;Chr1:15551599;Chr1:15553564;Chr1:15569211;Chr1:15574812;Chr1:15586926;Chr1:15634216;Chr1:15641355;Chr1:15646295;Chr1:15672927;Chr1:15742656;Chr1:15760127;Chr1:15791386;Chr1:15827874;Chr1:15841651	Chr1:15220674;Chr1:15471627	Chr1:15244057	TRUE	TRUE	TRUE	1	1	FALSE	FALSE	3	3	3	10	13	19
nobgs_V2_c1_rep7_env3	emmax_consensus	Chr1	14272449	15570404	172	7	Chr1:14272449;Chr1:14276680;Chr1:14293860;Chr1:14295502;Chr1:14301416;Chr1:14304377;Chr1:14306647;Chr1:14326292;Chr1:14330428;Chr1:14354093;Chr1:14366933;Chr1:14378027;Chr1:14410454;Chr1:14411462;Chr1:14418860;Chr1:14421808;Chr1:14431240;Chr1:14440372;Chr1:14456039;Chr1:14463346;Chr1:14464940;Chr1:14471556;Chr1:14492770;Chr1:14510476;Chr1:14514741;Chr1:14530660;Chr1:14535970;Chr1:14552584;Chr1:14555672;Chr1:14570114;Chr1:14574761;Chr1:14590743;Chr1:14591219;Chr1:14637029;Chr1:14641167;Chr1:14650064;Chr1:14692727;Chr1:14723919;Chr1:14670523;Chr1:14694489;Chr1:14754609;Chr1:14773172;Chr1:14774321;Chr1:14781649;Chr1:14784851;Chr1:14795189;Chr1:14816004;Chr1:14816956;Chr1:14817661;Chr1:14825677;Chr1:14853415;Chr1:14865197;Chr1:14883375;Chr1:14887069;Chr1:14892401;Chr1:14906508;Chr1:14915676;Chr1:14933912;Chr1:14941952;Chr1:14947344;Chr1:14994966;Chr1:15004780;Chr1:15008527;Chr1:15015083;Chr1:15018778;Chr1:15025183;Chr1:15038958;Chr1:15041789;Chr1:15046465;Chr1:15071466;Chr1:14905219;Chr1:14922751;Chr1:14923281;Chr1:14942026;Chr1:14942462;Chr1:14944348;Chr1:14973576;Chr1:14977570;Chr1:14981568;Chr1:14987505;Chr1:15001125;Chr1:15015147;Chr1:15018401;Chr1:14990877;Chr1:15020456;Chr1:15027600;Chr1:15044754;Chr1:15046228;Chr1:15059600;Chr1:15083172;Chr1:15085180;Chr1:15092848;Chr1:15130739;Chr1:15166104;Chr1:15178536;Chr1:15208885;Chr1:15242765;Chr1:15048476;Chr1:15059983;Chr1:15065232;Chr1:15096771;Chr1:15097134;Chr1:15099092;Chr1:15105967;Chr1:15137363;Chr1:15152660;Chr1:15156281;Chr1:15156294;Chr1:15160821;Chr1:15162514;Chr1:15169401;Chr1:15174617;Chr1:15176967;Chr1:15179725;Chr1:15197048;Chr1:15210628;Chr1:15213204;Chr1:15214651;Chr1:15224856;Chr1:15228865;Chr1:15241293;Chr1:15242080;Chr1:15252620;Chr1:15257031;Chr1:15272464;Chr1:15273513;Chr1:15287476;Chr1:15288278;Chr1:15291172;Chr1:15295607;Chr1:15309164;Chr1:15315040;Chr1:15317373;Chr1:15321844;Chr1:15324057;Chr1:15341802;Chr1:15361633;Chr1:15365091;Chr1:15386672;Chr1:15395446;Chr1:15415586;Chr1:15423798;Chr1:15436960;Chr1:15443049;Chr1:15468027;Chr1:15473427;Chr1:15486255;Chr1:15496570;Chr1:15501912;Chr1:15522244;Chr1:15522401;Chr1:15522677;Chr1:15536397;Chr1:15538111;Chr1:15543298;Chr1:15555792;Chr1:15559234;Chr1:15563788;Chr1:15568666;Chr1:15570404;Chr1:15220426;Chr1:15225119;Chr1:15247862;Chr1:15260599;Chr1:15260824;Chr1:15268504;Chr1:15283441;Chr1:15319752;Chr1:15323409;Chr1:15332488;Chr1:15338961;Chr1:15343172	Chr1:14431240;Chr1:14590743;Chr1:14887069;Chr1:14977570;Chr1:15044754;Chr1:15317373;Chr1:15268504	Chr1:15543298	TRUE	TRUE	TRUE	2	1	FALSE	FALSE	3	3	3	10	12	17
nobgs_V2_c1_rep7_env3	emmax_consensus	Chr1	15576963	15933207	38	2	Chr1:15576963;Chr1:15585568;Chr1:15586289;Chr1:15596858;Chr1:15599037;Chr1:15610048;Chr1:15615206;Chr1:15615894;Chr1:15620959;Chr1:15622026;Chr1:15622281;Chr1:15627221;Chr1:15629216;Chr1:15637632;Chr1:15736685;Chr1:15749207;Chr1:15750547;Chr1:15755495;Chr1:15758050;Chr1:15760892;Chr1:15763154;Chr1:15765778;Chr1:15765781;Chr1:15786857;Chr1:15820661;Chr1:15834267;Chr1:15837391;Chr1:15841622;Chr1:15851148;Chr1:15863790;Chr1:15880778;Chr1:15882356;Chr1:15884645;Chr1:15885117;Chr1:15894357;Chr1:15899853;Chr1:15923525;Chr1:15933207	Chr1:15586289;Chr1:15820661	Chr1:15543298	TRUE	TRUE	TRUE	1	1	FALSE	FALSE	3	3	3	10	12	17
nobgs_V2_c1_rep7_env3	emmax_simes	Chr1	14272449	15570404	133	4	Chr1:14272449;Chr1:14276680;Chr1:14293860;Chr1:14295502;Chr1:14301416;Chr1:14304377;Chr1:14306647;Chr1:14326292;Chr1:14330428;Chr1:14354093;Chr1:14366933;Chr1:14378027;Chr1:14410454;Chr1:14411462;Chr1:14418860;Chr1:14421808;Chr1:14431240;Chr1:14440372;Chr1:14456039;Chr1:14463346;Chr1:14464940;Chr1:14471556;Chr1:14492770;Chr1:14510476;Chr1:14514741;Chr1:14530660;Chr1:14535970;Chr1:14552584;Chr1:14555672;Chr1:14570114;Chr1:14574761;Chr1:14590743;Chr1:14591219;Chr1:14637029;Chr1:14641167;Chr1:14650064;Chr1:14692727;Chr1:14723919;Chr1:14670523;Chr1:14694489;Chr1:14754609;Chr1:14773172;Chr1:14774321;Chr1:14781649;Chr1:14784851;Chr1:14795189;Chr1:14816004;Chr1:14816956;Chr1:14817661;Chr1:14825677;Chr1:14853415;Chr1:14865197;Chr1:14883375;Chr1:14887069;Chr1:14892401;Chr1:14906508;Chr1:14915676;Chr1:14933912;Chr1:14941952;Chr1:14947344;Chr1:14994966;Chr1:15004780;Chr1:15008527;Chr1:15015083;Chr1:15018778;Chr1:15025183;Chr1:15038958;Chr1:15041789;Chr1:15046465;Chr1:15071466;Chr1:15048476;Chr1:15059983;Chr1:15065232;Chr1:15096771;Chr1:15097134;Chr1:15099092;Chr1:15105967;Chr1:15137363;Chr1:15152660;Chr1:15156281;Chr1:15156294;Chr1:15160821;Chr1:15162514;Chr1:15169401;Chr1:15174617;Chr1:15176967;Chr1:15179725;Chr1:15197048;Chr1:15210628;Chr1:15213204;Chr1:15214651;Chr1:15224856;Chr1:15228865;Chr1:15241293;Chr1:15242080;Chr1:15252620;Chr1:15257031;Chr1:15272464;Chr1:15273513;Chr1:15287476;Chr1:15288278;Chr1:15291172;Chr1:15295607;Chr1:15309164;Chr1:15315040;Chr1:15317373;Chr1:15321844;Chr1:15324057;Chr1:15341802;Chr1:15361633;Chr1:15365091;Chr1:15386672;Chr1:15395446;Chr1:15415586;Chr1:15423798;Chr1:15436960;Chr1:15443049;Chr1:15468027;Chr1:15473427;Chr1:15486255;Chr1:15496570;Chr1:15501912;Chr1:15522244;Chr1:15522401;Chr1:15522677;Chr1:15536397;Chr1:15538111;Chr1:15543298;Chr1:15555792;Chr1:15559234;Chr1:15563788;Chr1:15568666;Chr1:15570404	Chr1:14431240;Chr1:14590743;Chr1:14887069;Chr1:15317373	Chr1:15543298	TRUE	TRUE	TRUE	1	2	FALSE	FALSE	3	3	3	10	12	17
nobgs_V2_c1_rep7_env3	emmax_simes	Chr1	14990877	15343172	26	2	Chr1:14990877;Chr1:15020456;Chr1:15027600;Chr1:15044754;Chr1:15046228;Chr1:15059600;Chr1:15083172;Chr1:15085180;Chr1:15092848;Chr1:15130739;Chr1:15166104;Chr1:15178536;Chr1:15208885;Chr1:15242765;Chr1:15220426;Chr1:15225119;Chr1:15247862;Chr1:15260599;Chr1:15260824;Chr1:15268504;Chr1:15283441;Chr1:15319752;Chr1:15323409;Chr1:15332488;Chr1:15338961;Chr1:15343172	Chr1:15044754;Chr1:15268504	""	FALSE	TRUE	FALSE	1	0	FALSE	FALSE	2	2	3	10	12	17
nobgs_V2_c1_rep7_env3	emmax_simes	Chr1	15576963	15933207	38	2	Chr1:15576963;Chr1:15585568;Chr1:15586289;Chr1:15596858;Chr1:15599037;Chr1:15610048;Chr1:15615206;Chr1:15615894;Chr1:15620959;Chr1:15622026;Chr1:15622281;Chr1:15627221;Chr1:15629216;Chr1:15637632;Chr1:15736685;Chr1:15749207;Chr1:15750547;Chr1:15755495;Chr1:15758050;Chr1:15760892;Chr1:15763154;Chr1:15765778;Chr1:15765781;Chr1:15786857;Chr1:15820661;Chr1:15834267;Chr1:15837391;Chr1:15841622;Chr1:15851148;Chr1:15863790;Chr1:15880778;Chr1:15882356;Chr1:15884645;Chr1:15885117;Chr1:15894357;Chr1:15899853;Chr1:15923525;Chr1:15933207	Chr1:15586289;Chr1:15820661	Chr1:15543298	TRUE	TRUE	TRUE	1	1	FALSE	FALSE	3	3	3	10	12	17
nobgs_V2_c1_rep7_env3	lfmm_simes	Chr1	14670523	15933207	133	4	Chr1:14670523;Chr1:14694489;Chr1:14754609;Chr1:14773172;Chr1:14774321;Chr1:14781649;Chr1:14784851;Chr1:14795189;Chr1:14816004;Chr1:14816956;Chr1:14817661;Chr1:14825677;Chr1:14853415;Chr1:14865197;Chr1:14883375;Chr1:14887069;Chr1:14892401;Chr1:14906508;Chr1:14915676;Chr1:14933912;Chr1:14941952;Chr1:14947344;Chr1:14994966;Chr1:15004780;Chr1:15008527;Chr1:15015083;Chr1:15018778;Chr1:15025183;Chr1:15038958;Chr1:15041789;Chr1:15046465;Chr1:15071466;Chr1:15048476;Chr1:15059983;Chr1:15065232;Chr1:15096771;Chr1:15097134;Chr1:15099092;Chr1:15105967;Chr1:15137363;Chr1:15152660;Chr1:15156281;Chr1:15156294;Chr1:15160821;Chr1:15162514;Chr1:15169401;Chr1:15174617;Chr1:15176967;Chr1:15179725;Chr1:15197048;Chr1:15210628;Chr1:15213204;Chr1:15214651;Chr1:15224856;Chr1:15228865;Chr1:15241293;Chr1:15242080;Chr1:15252620;Chr1:15257031;Chr1:15272464;Chr1:15273513;Chr1:15287476;Chr1:15288278;Chr1:15291172;Chr1:15295607;Chr1:15309164;Chr1:15315040;Chr1:15317373;Chr1:15321844;Chr1:15324057;Chr1:15341802;Chr1:15361633;Chr1:15365091;Chr1:15386672;Chr1:15395446;Chr1:15415586;Chr1:15423798;Chr1:15436960;Chr1:15443049;Chr1:15468027;Chr1:15473427;Chr1:15486255;Chr1:15496570;Chr1:15501912;Chr1:15522244;Chr1:15522401;Chr1:15522677;Chr1:15536397;Chr1:15538111;Chr1:15543298;Chr1:15555792;Chr1:15559234;Chr1:15563788;Chr1:15568666;Chr1:15570404;Chr1:15576963;Chr1:15585568;Chr1:15586289;Chr1:15596858;Chr1:15599037;Chr1:15610048;Chr1:15615206;Chr1:15615894;Chr1:15620959;Chr1:15622026;Chr1:15622281;Chr1:15627221;Chr1:15629216;Chr1:15637632;Chr1:15736685;Chr1:15749207;Chr1:15750547;Chr1:15755495;Chr1:15758050;Chr1:15760892;Chr1:15763154;Chr1:15765778;Chr1:15765781;Chr1:15786857;Chr1:15820661;Chr1:15834267;Chr1:15837391;Chr1:15841622;Chr1:15851148;Chr1:15863790;Chr1:15880778;Chr1:15882356;Chr1:15884645;Chr1:15885117;Chr1:15894357;Chr1:15899853;Chr1:15923525;Chr1:15933207	Chr1:14887069;Chr1:15317373;Chr1:15586289;Chr1:15820661	Chr1:15543298	TRUE	TRUE	TRUE	1	2	FALSE	FALSE	3	3	3	10	12	17
nobgs_V2_c1_rep7_env7	emmax_consensus	Chr1	15152660	15923219	119	3	Chr1:15152660;Chr1:15156294;Chr1:15160821;Chr1:15162514;Chr1:15164857;Chr1:15169401;Chr1:15174617;Chr1:15176967;Chr1:15179725;Chr1:15197048;Chr1:15210628;Chr1:15213204;Chr1:15214651;Chr1:15224856;Chr1:15228865;Chr1:15241293;Chr1:15242080;Chr1:15252620;Chr1:15257031;Chr1:15272464;Chr1:15273513;Chr1:15287476;Chr1:15288278;Chr1:15291172;Chr1:15295607;Chr1:15309164;Chr1:15315040;Chr1:15317373;Chr1:15321844;Chr1:15341802;Chr1:15350325;Chr1:15361633;Chr1:15365091;Chr1:15386672;Chr1:15395446;Chr1:15399240;Chr1:15415586;Chr1:15423798;Chr1:15430382;Chr1:15436960;Chr1:15443049;Chr1:15468027;Chr1:15469089;Chr1:15473427;Chr1:15478107;Chr1:15486255;Chr1:15496570;Chr1:15501912;Chr1:15522244;Chr1:15522401;Chr1:15522677;Chr1:15536397;Chr1:15543298;Chr1:15559234;Chr1:15563788;Chr1:15568666;Chr1:15570404;Chr1:15585568;Chr1:15586289;Chr1:15596858;Chr1:15597998;Chr1:15599037;Chr1:15610048;Chr1:15620959;Chr1:15622026;Chr1:15622281;Chr1:15629216;Chr1:15637632;Chr1:15680535;Chr1:15685441;Chr1:15690632;Chr1:15691767;Chr1:15701414;Chr1:15702398;Chr1:15709295;Chr1:15710289;Chr1:15716451;Chr1:15718855;Chr1:15721553;Chr1:15726471;Chr1:15728227;Chr1:15735185;Chr1:15738567;Chr1:15748261;Chr1:15756051;Chr1:15758905;Chr1:15762862;Chr1:15763336;Chr1:15764921;Chr1:15766668;Chr1:15773725;Chr1:15774537;Chr1:15775017;Chr1:15776552;Chr1:15777373;Chr1:15781925;Chr1:15789362;Chr1:15792715;Chr1:15792937;Chr1:15800863;Chr1:15806396;Chr1:15810272;Chr1:15818386;Chr1:15822764;Chr1:15824718;Chr1:15832586;Chr1:15859281;Chr1:15865413;Chr1:15865792;Chr1:15880454;Chr1:15885576;Chr1:15895306;Chr1:15897169;Chr1:15902496;Chr1:15904525;Chr1:15905371;Chr1:15907806;Chr1:15923136;Chr1:15923219	Chr1:15468027;Chr1:15622026;Chr1:15904525	Chr1:15543298	TRUE	TRUE	TRUE	1	1	FALSE	FALSE	3	3	3	10	12	20
nobgs_V2_c1_rep7_env7	emmax_simes	Chr1	15559234	15923219	66	2	Chr1:15559234;Chr1:15563788;Chr1:15568666;Chr1:15570404;Chr1:15585568;Chr1:15586289;Chr1:15596858;Chr1:15597998;Chr1:15599037;Chr1:15610048;Chr1:15620959;Chr1:15622026;Chr1:15622281;Chr1:15629216;Chr1:15637632;Chr1:15680535;Chr1:15685441;Chr1:15690632;Chr1:15691767;Chr1:15701414;Chr1:15702398;Chr1:15709295;Chr1:15710289;Chr1:15716451;Chr1:15718855;Chr1:15721553;Chr1:15726471;Chr1:15728227;Chr1:15735185;Chr1:15738567;Chr1:15748261;Chr1:15756051;Chr1:15758905;Chr1:15762862;Chr1:15763336;Chr1:15764921;Chr1:15766668;Chr1:15773725;Chr1:15774537;Chr1:15775017;Chr1:15776552;Chr1:15777373;Chr1:15781925;Chr1:15789362;Chr1:15792715;Chr1:15792937;Chr1:15800863;Chr1:15806396;Chr1:15810272;Chr1:15818386;Chr1:15822764;Chr1:15824718;Chr1:15832586;Chr1:15859281;Chr1:15865413;Chr1:15865792;Chr1:15880454;Chr1:15885576;Chr1:15895306;Chr1:15897169;Chr1:15902496;Chr1:15904525;Chr1:15905371;Chr1:15907806;Chr1:15923136;Chr1:15923219	Chr1:15622026;Chr1:15904525	Chr1:15543298	TRUE	TRUE	TRUE	1	1	FALSE	FALSE	3	3	3	10	12	20
nobgs_V2_c1_rep7_env7	lfmm_simes	Chr1	15152660	15923219	119	3	Chr1:15152660;Chr1:15156294;Chr1:15160821;Chr1:15162514;Chr1:15164857;Chr1:15169401;Chr1:15174617;Chr1:15176967;Chr1:15179725;Chr1:15197048;Chr1:15210628;Chr1:15213204;Chr1:15214651;Chr1:15224856;Chr1:15228865;Chr1:15241293;Chr1:15242080;Chr1:15252620;Chr1:15257031;Chr1:15272464;Chr1:15273513;Chr1:15287476;Chr1:15288278;Chr1:15291172;Chr1:15295607;Chr1:15309164;Chr1:15315040;Chr1:15317373;Chr1:15321844;Chr1:15341802;Chr1:15350325;Chr1:15361633;Chr1:15365091;Chr1:15386672;Chr1:15395446;Chr1:15399240;Chr1:15415586;Chr1:15423798;Chr1:15430382;Chr1:15436960;Chr1:15443049;Chr1:15468027;Chr1:15469089;Chr1:15473427;Chr1:15478107;Chr1:15486255;Chr1:15496570;Chr1:15501912;Chr1:15522244;Chr1:15522401;Chr1:15522677;Chr1:15536397;Chr1:15543298;Chr1:15559234;Chr1:15563788;Chr1:15568666;Chr1:15570404;Chr1:15585568;Chr1:15586289;Chr1:15596858;Chr1:15597998;Chr1:15599037;Chr1:15610048;Chr1:15620959;Chr1:15622026;Chr1:15622281;Chr1:15629216;Chr1:15637632;Chr1:15680535;Chr1:15685441;Chr1:15690632;Chr1:15691767;Chr1:15701414;Chr1:15702398;Chr1:15709295;Chr1:15710289;Chr1:15716451;Chr1:15718855;Chr1:15721553;Chr1:15726471;Chr1:15728227;Chr1:15735185;Chr1:15738567;Chr1:15748261;Chr1:15756051;Chr1:15758905;Chr1:15762862;Chr1:15763336;Chr1:15764921;Chr1:15766668;Chr1:15773725;Chr1:15774537;Chr1:15775017;Chr1:15776552;Chr1:15777373;Chr1:15781925;Chr1:15789362;Chr1:15792715;Chr1:15792937;Chr1:15800863;Chr1:15806396;Chr1:15810272;Chr1:15818386;Chr1:15822764;Chr1:15824718;Chr1:15832586;Chr1:15859281;Chr1:15865413;Chr1:15865792;Chr1:15880454;Chr1:15885576;Chr1:15895306;Chr1:15897169;Chr1:15902496;Chr1:15904525;Chr1:15905371;Chr1:15907806;Chr1:15923136;Chr1:15923219	Chr1:15468027;Chr1:15622026;Chr1:15904525	Chr1:15543298	TRUE	TRUE	TRUE	1	1	FALSE	FALSE	3	3	3	10	12	20
nobgs_V2_c1_rep7_env8	emmax_consensus	Chr1	14229065	14694489	29	1	Chr1:14229065;Chr1:14272449;Chr1:14276680;Chr1:14293860;Chr1:14301416;Chr1:14366933;Chr1:14407897;Chr1:14418860;Chr1:14431240;Chr1:14440372;Chr1:14456039;Chr1:14463346;Chr1:14464940;Chr1:14471556;Chr1:14492770;Chr1:14514741;Chr1:14530660;Chr1:14535970;Chr1:14552584;Chr1:14555672;Chr1:14570114;Chr1:14574761;Chr1:14590743;Chr1:14591219;Chr1:14637029;Chr1:14641167;Chr1:14650064;Chr1:14670523;Chr1:14694489	Chr1:14471556	""	FALSE	TRUE	TRUE	1	1	FALSE	FALSE	3	3	3	11	13	21
nobgs_V2_c1_rep7_env8	emmax_consensus	Chr1	15315040	15905371	92	3	Chr1:15315040;Chr1:15317373;Chr1:15321844;Chr1:15341802;Chr1:15350325;Chr1:15361633;Chr1:15365091;Chr1:15386672;Chr1:15395446;Chr1:15399240;Chr1:15415586;Chr1:15423798;Chr1:15436960;Chr1:15443049;Chr1:15468027;Chr1:15469089;Chr1:15473427;Chr1:15478107;Chr1:15486255;Chr1:15496570;Chr1:15501912;Chr1:15522244;Chr1:15522401;Chr1:15522677;Chr1:15536397;Chr1:15543298;Chr1:15559234;Chr1:15563788;Chr1:15568666;Chr1:15570404;Chr1:15586289;Chr1:15597998;Chr1:15622026;Chr1:15629216;Chr1:15637632;Chr1:15690632;Chr1:15691767;Chr1:15709295;Chr1:15718855;Chr1:15721553;Chr1:15735185;Chr1:15738567;Chr1:15748261;Chr1:15756051;Chr1:15758905;Chr1:15762862;Chr1:15764921;Chr1:15776552;Chr1:15781925;Chr1:15789362;Chr1:15792715;Chr1:15818386;Chr1:15822764;Chr1:15824718;Chr1:15832586;Chr1:15859281;Chr1:15865413;Chr1:15865792;Chr1:15880454;Chr1:15885576;Chr1:15895306;Chr1:15897169;Chr1:15902496;Chr1:15904525;Chr1:15905371;Chr1:15585568;Chr1:15596858;Chr1:15599037;Chr1:15610048;Chr1:15620959;Chr1:15622281;Chr1:15667577;Chr1:15675117;Chr1:15677356;Chr1:15680535;Chr1:15685441;Chr1:15701414;Chr1:15702398;Chr1:15710289;Chr1:15716451;Chr1:15726471;Chr1:15728227;Chr1:15763336;Chr1:15766668;Chr1:15773725;Chr1:15774537;Chr1:15775017;Chr1:15777373;Chr1:15792937;Chr1:15800863;Chr1:15806396;Chr1:15810272	Chr1:15415586;Chr1:15690632;Chr1:15701414	Chr1:15543298	TRUE	TRUE	TRUE	1	1	FALSE	FALSE	3	3	3	11	13	21
nobgs_V2_c1_rep7_env8	emmax_simes	Chr1	14229065	14694489	29	1	Chr1:14229065;Chr1:14272449;Chr1:14276680;Chr1:14293860;Chr1:14301416;Chr1:14366933;Chr1:14407897;Chr1:14418860;Chr1:14431240;Chr1:14440372;Chr1:14456039;Chr1:14463346;Chr1:14464940;Chr1:14471556;Chr1:14492770;Chr1:14514741;Chr1:14530660;Chr1:14535970;Chr1:14552584;Chr1:14555672;Chr1:14570114;Chr1:14574761;Chr1:14590743;Chr1:14591219;Chr1:14637029;Chr1:14641167;Chr1:14650064;Chr1:14670523;Chr1:14694489	Chr1:14471556	""	FALSE	FALSE	TRUE	0	1	FALSE	FALSE	2	2	2	11	13	21
nobgs_V2_c1_rep7_env8	emmax_simes	Chr1	15315040	15905371	92	3	Chr1:15315040;Chr1:15317373;Chr1:15321844;Chr1:15341802;Chr1:15350325;Chr1:15361633;Chr1:15365091;Chr1:15386672;Chr1:15395446;Chr1:15399240;Chr1:15415586;Chr1:15423798;Chr1:15436960;Chr1:15443049;Chr1:15468027;Chr1:15469089;Chr1:15473427;Chr1:15478107;Chr1:15486255;Chr1:15496570;Chr1:15501912;Chr1:15522244;Chr1:15522401;Chr1:15522677;Chr1:15536397;Chr1:15543298;Chr1:15559234;Chr1:15563788;Chr1:15568666;Chr1:15570404;Chr1:15586289;Chr1:15597998;Chr1:15622026;Chr1:15629216;Chr1:15637632;Chr1:15690632;Chr1:15691767;Chr1:15709295;Chr1:15718855;Chr1:15721553;Chr1:15735185;Chr1:15738567;Chr1:15748261;Chr1:15756051;Chr1:15758905;Chr1:15762862;Chr1:15764921;Chr1:15776552;Chr1:15781925;Chr1:15789362;Chr1:15792715;Chr1:15818386;Chr1:15822764;Chr1:15824718;Chr1:15832586;Chr1:15859281;Chr1:15865413;Chr1:15865792;Chr1:15880454;Chr1:15885576;Chr1:15895306;Chr1:15897169;Chr1:15902496;Chr1:15904525;Chr1:15905371;Chr1:15585568;Chr1:15596858;Chr1:15599037;Chr1:15610048;Chr1:15620959;Chr1:15622281;Chr1:15667577;Chr1:15675117;Chr1:15677356;Chr1:15680535;Chr1:15685441;Chr1:15701414;Chr1:15702398;Chr1:15710289;Chr1:15716451;Chr1:15726471;Chr1:15728227;Chr1:15763336;Chr1:15766668;Chr1:15773725;Chr1:15774537;Chr1:15775017;Chr1:15777373;Chr1:15792937;Chr1:15800863;Chr1:15806396;Chr1:15810272	Chr1:15415586;Chr1:15690632;Chr1:15701414	Chr1:15543298	TRUE	TRUE	TRUE	1	1	FALSE	FALSE	3	3	3	11	13	21
nobgs_V2_c1_rep7_env8	lfmm_simes	Chr1	15543298	15905371	40	1	Chr1:15543298;Chr1:15559234;Chr1:15563788;Chr1:15568666;Chr1:15570404;Chr1:15586289;Chr1:15597998;Chr1:15622026;Chr1:15629216;Chr1:15637632;Chr1:15690632;Chr1:15691767;Chr1:15709295;Chr1:15718855;Chr1:15721553;Chr1:15735185;Chr1:15738567;Chr1:15748261;Chr1:15756051;Chr1:15758905;Chr1:15762862;Chr1:15764921;Chr1:15776552;Chr1:15781925;Chr1:15789362;Chr1:15792715;Chr1:15818386;Chr1:15822764;Chr1:15824718;Chr1:15832586;Chr1:15859281;Chr1:15865413;Chr1:15865792;Chr1:15880454;Chr1:15885576;Chr1:15895306;Chr1:15897169;Chr1:15902496;Chr1:15904525;Chr1:15905371	Chr1:15690632	Chr1:15543298	TRUE	TRUE	TRUE	1	1	FALSE	FALSE	3	3	3	11	13	21
nobgs_V2_c1_rep8_env1	emmax_consensus	Chr1	4497459	4535776	12	1	Chr1:4497459;Chr1:4499216;Chr1:4499940;Chr1:4502511;Chr1:4506041;Chr1:4506068;Chr1:4506755;Chr1:4510476;Chr1:4517791;Chr1:4523504;Chr1:4524922;Chr1:4535776	Chr1:4506041	Chr1:4506068	TRUE	TRUE	TRUE	1	1	FALSE	FALSE	3	3	3	7	8	11
nobgs_V2_c1_rep8_env10	emmax_consensus	Chr1	12480725	12674664	22	1	Chr1:12480725;Chr1:12501464;Chr1:12504364;Chr1:12511015;Chr1:12514275;Chr1:12518069;Chr1:12518704;Chr1:12519490;Chr1:12521194;Chr1:12528787;Chr1:12544596;Chr1:12547964;Chr1:12551274;Chr1:12555729;Chr1:12556655;Chr1:12564229;Chr1:12583108;Chr1:12617014;Chr1:12645274;Chr1:12652646;Chr1:12668917;Chr1:12674664	Chr1:12564229	Chr1:12518069	TRUE	TRUE	TRUE	1	1	FALSE	FALSE	3	3	3	7	9	13
nobgs_V2_c1_rep8_env10	emmax_simes	Chr1	12480725	12674664	22	1	Chr1:12480725;Chr1:12501464;Chr1:12504364;Chr1:12511015;Chr1:12514275;Chr1:12518069;Chr1:12518704;Chr1:12519490;Chr1:12521194;Chr1:12528787;Chr1:12544596;Chr1:12547964;Chr1:12551274;Chr1:12555729;Chr1:12556655;Chr1:12564229;Chr1:12583108;Chr1:12617014;Chr1:12645274;Chr1:12652646;Chr1:12668917;Chr1:12674664	Chr1:12564229	Chr1:12518069	TRUE	TRUE	TRUE	1	1	FALSE	FALSE	3	3	3	7	9	13
nobgs_V2_c1_rep8_env10	lfmm_simes	Chr1	12480725	12674664	22	1	Chr1:12480725;Chr1:12501464;Chr1:12504364;Chr1:12511015;Chr1:12514275;Chr1:12518069;Chr1:12518704;Chr1:12519490;Chr1:12521194;Chr1:12528787;Chr1:12544596;Chr1:12547964;Chr1:12551274;Chr1:12555729;Chr1:12556655;Chr1:12564229;Chr1:12583108;Chr1:12617014;Chr1:12645274;Chr1:12652646;Chr1:12668917;Chr1:12674664	Chr1:12564229	Chr1:12518069	TRUE	TRUE	TRUE	1	1	FALSE	FALSE	3	3	3	7	9	13
nobgs_V2_c1_rep8_env2	emmax_consensus	Chr1	3644	406006	16	1	Chr1:3644;Chr1:68667;Chr1:69907;Chr1:119530;Chr1:128504;Chr1:133032;Chr1:138422;Chr1:158746;Chr1:205839;Chr1:217195;Chr1:230816;Chr1:291399;Chr1:293459;Chr1:300368;Chr1:395648;Chr1:406006	Chr1:3644	""	FALSE	TRUE	TRUE	1	1	FALSE	FALSE	3	3	3	7	8	11
nobgs_V2_c1_rep8_env2	emmax_consensus	Chr1	19305162	19332736	9	1	Chr1:19305162;Chr1:19306428;Chr1:19310555;Chr1:19310880;Chr1:19317271;Chr1:19323319;Chr1:19329744;Chr1:19329754;Chr1:19332736	Chr1:19310555	""	FALSE	TRUE	FALSE	1	0	FALSE	FALSE	2	2	2	7	8	11
nobgs_V2_c1_rep8_env2	emmax_simes	Chr1	3644	406006	16	1	Chr1:3644;Chr1:68667;Chr1:69907;Chr1:119530;Chr1:128504;Chr1:133032;Chr1:138422;Chr1:158746;Chr1:205839;Chr1:217195;Chr1:230816;Chr1:291399;Chr1:293459;Chr1:300368;Chr1:395648;Chr1:406006	Chr1:3644	""	FALSE	TRUE	TRUE	1	1	FALSE	FALSE	3	3	3	7	8	11
nobgs_V2_c1_rep8_env2	lfmm_simes	Chr1	3644	406006	16	1	Chr1:3644;Chr1:68667;Chr1:69907;Chr1:119530;Chr1:128504;Chr1:133032;Chr1:138422;Chr1:158746;Chr1:205839;Chr1:217195;Chr1:230816;Chr1:291399;Chr1:293459;Chr1:300368;Chr1:395648;Chr1:406006	Chr1:3644	""	FALSE	TRUE	TRUE	1	1	FALSE	FALSE	3	3	3	7	8	11
nobgs_V2_c1_rep8_env3	emmax_consensus	Chr1	11357499	11432791	15	1	Chr1:11357499;Chr1:11360487;Chr1:11362203;Chr1:11382432;Chr1:11384422;Chr1:11386722;Chr1:11392007;Chr1:11393477;Chr1:11393653;Chr1:11397195;Chr1:11397393;Chr1:11398383;Chr1:11406369;Chr1:11407444;Chr1:11432791	Chr1:11384422	""	FALSE	TRUE	TRUE	1	1	FALSE	FALSE	3	3	3	8	9	14
nobgs_V2_c1_rep8_env3	lfmm_simes	Chr1	11357499	11432791	15	1	Chr1:11357499;Chr1:11360487;Chr1:11362203;Chr1:11382432;Chr1:11384422;Chr1:11386722;Chr1:11392007;Chr1:11393477;Chr1:11393653;Chr1:11397195;Chr1:11397393;Chr1:11398383;Chr1:11406369;Chr1:11407444;Chr1:11432791	Chr1:11384422	""	FALSE	TRUE	TRUE	1	1	FALSE	FALSE	3	3	3	8	9	14
nobgs_V2_c1_rep8_env5	emmax_consensus	Chr1	11481342	11979598	75	4	Chr1:11481342;Chr1:11486456;Chr1:11487265;Chr1:11498907;Chr1:11499397;Chr1:11504573;Chr1:11506537;Chr1:11510081;Chr1:11519692;Chr1:11522609;Chr1:11530532;Chr1:11541020;Chr1:11541064;Chr1:11545855;Chr1:11552603;Chr1:11552952;Chr1:11555087;Chr1:11560039;Chr1:11561315;Chr1:11567311;Chr1:11568532;Chr1:11595015;Chr1:11595536;Chr1:11596148;Chr1:11597267;Chr1:11603633;Chr1:11605510;Chr1:11624880;Chr1:11647178;Chr1:11647301;Chr1:11660186;Chr1:11668895;Chr1:11674971;Chr1:11675758;Chr1:11677516;Chr1:11685359;Chr1:11685536;Chr1:11692039;Chr1:11701806;Chr1:11719083;Chr1:11720943;Chr1:11724730;Chr1:11726060;Chr1:11729872;Chr1:11729947;Chr1:11730381;Chr1:11747357;Chr1:11754544;Chr1:11767195;Chr1:11775243;Chr1:11781584;Chr1:11784191;Chr1:11784514;Chr1:11799414;Chr1:11815299;Chr1:11836116;Chr1:11846485;Chr1:11850384;Chr1:11861210;Chr1:11868356;Chr1:11871510;Chr1:11877415;Chr1:11878445;Chr1:11880862;Chr1:11886276;Chr1:11888492;Chr1:11903133;Chr1:11907854;Chr1:11910945;Chr1:11936260;Chr1:11945027;Chr1:11947902;Chr1:11960775;Chr1:11978092;Chr1:11979598	Chr1:11552603;Chr1:11701806;Chr1:11775243;Chr1:11903133	Chr1:11878445	TRUE	TRUE	TRUE	1	1	FALSE	FALSE	3	3	3	7	9	16
nobgs_V2_c1_rep8_env5	emmax_consensus	Chr1	11756262	11786594	9	1	Chr1:11756262;Chr1:11763452;Chr1:11783350;Chr1:11784341;Chr1:11785322;Chr1:11785701;Chr1:11786431;Chr1:11786448;Chr1:11786594	Chr1:11786431	Chr1:11878445	TRUE	TRUE	FALSE	1	0	FALSE	FALSE	2	2	2	7	9	16
nobgs_V2_c1_rep8_env5	emmax_consensus	Chr1	11804519	11908952	15	1	Chr1:11804519;Chr1:11818708;Chr1:11828590;Chr1:11834137;Chr1:11839821;Chr1:11841993;Chr1:11850737;Chr1:11856105;Chr1:11858708;Chr1:11874067;Chr1:11877719;Chr1:11884963;Chr1:11886161;Chr1:11907544;Chr1:11908952	Chr1:11856105	Chr1:11878445	TRUE	FALSE	FALSE	0	0	FALSE	FALSE	1	1	2	7	9	16
nobgs_V2_c1_rep8_env5	emmax_simes	Chr1	11481342	11979598	75	4	Chr1:11481342;Chr1:11486456;Chr1:11487265;Chr1:11498907;Chr1:11499397;Chr1:11504573;Chr1:11506537;Chr1:11510081;Chr1:11519692;Chr1:11522609;Chr1:11530532;Chr1:11541020;Chr1:11541064;Chr1:11545855;Chr1:11552603;Chr1:11552952;Chr1:11555087;Chr1:11560039;Chr1:11561315;Chr1:11567311;Chr1:11568532;Chr1:11595015;Chr1:11595536;Chr1:11596148;Chr1:11597267;Chr1:11603633;Chr1:11605510;Chr1:11624880;Chr1:11647178;Chr1:11647301;Chr1:11660186;Chr1:11668895;Chr1:11674971;Chr1:11675758;Chr1:11677516;Chr1:11685359;Chr1:11685536;Chr1:11692039;Chr1:11701806;Chr1:11719083;Chr1:11720943;Chr1:11724730;Chr1:11726060;Chr1:11729872;Chr1:11729947;Chr1:11730381;Chr1:11747357;Chr1:11754544;Chr1:11767195;Chr1:11775243;Chr1:11781584;Chr1:11784191;Chr1:11784514;Chr1:11799414;Chr1:11815299;Chr1:11836116;Chr1:11846485;Chr1:11850384;Chr1:11861210;Chr1:11868356;Chr1:11871510;Chr1:11877415;Chr1:11878445;Chr1:11880862;Chr1:11886276;Chr1:11888492;Chr1:11903133;Chr1:11907854;Chr1:11910945;Chr1:11936260;Chr1:11945027;Chr1:11947902;Chr1:11960775;Chr1:11978092;Chr1:11979598	Chr1:11552603;Chr1:11701806;Chr1:11775243;Chr1:11903133	Chr1:11878445	TRUE	TRUE	TRUE	1	1	FALSE	FALSE	3	3	3	7	9	16
nobgs_V2_c1_rep8_env5	emmax_simes	Chr1	11756262	11786594	9	1	Chr1:11756262;Chr1:11763452;Chr1:11783350;Chr1:11784341;Chr1:11785322;Chr1:11785701;Chr1:11786431;Chr1:11786448;Chr1:11786594	Chr1:11786431	Chr1:11878445	TRUE	TRUE	FALSE	1	0	FALSE	FALSE	2	2	2	7	9	16
nobgs_V2_c1_rep8_env5	emmax_simes	Chr1	11804519	11908952	15	1	Chr1:11804519;Chr1:11818708;Chr1:11828590;Chr1:11834137;Chr1:11839821;Chr1:11841993;Chr1:11850737;Chr1:11856105;Chr1:11858708;Chr1:11874067;Chr1:11877719;Chr1:11884963;Chr1:11886161;Chr1:11907544;Chr1:11908952	Chr1:11856105	Chr1:11878445	TRUE	FALSE	FALSE	0	0	FALSE	FALSE	1	1	2	7	9	16
nobgs_V2_c1_rep8_env5	lfmm_simes	Chr1	11624880	11979598	48	3	Chr1:11624880;Chr1:11647178;Chr1:11647301;Chr1:11660186;Chr1:11668895;Chr1:11674971;Chr1:11675758;Chr1:11677516;Chr1:11685359;Chr1:11685536;Chr1:11692039;Chr1:11701806;Chr1:11719083;Chr1:11720943;Chr1:11724730;Chr1:11726060;Chr1:11729872;Chr1:11729947;Chr1:11730381;Chr1:11747357;Chr1:11754544;Chr1:11767195;Chr1:11775243;Chr1:11781584;Chr1:11784191;Chr1:11784514;Chr1:11799414;Chr1:11815299;Chr1:11836116;Chr1:11846485;Chr1:11850384;Chr1:11861210;Chr1:11868356;Chr1:11871510;Chr1:11877415;Chr1:11878445;Chr1:11880862;Chr1:11886276;Chr1:11888492;Chr1:11903133;Chr1:11907854;Chr1:11910945;Chr1:11936260;Chr1:11945027;Chr1:11947902;Chr1:11960775;Chr1:11978092;Chr1:11979598	Chr1:11701806;Chr1:11775243;Chr1:11903133	Chr1:11878445	TRUE	TRUE	TRUE	1	1	FALSE	FALSE	3	3	3	7	9	16
nobgs_V2_c1_rep8_env5	lfmm_simes	Chr1	11756262	11786594	9	1	Chr1:11756262;Chr1:11763452;Chr1:11783350;Chr1:11784341;Chr1:11785322;Chr1:11785701;Chr1:11786431;Chr1:11786448;Chr1:11786594	Chr1:11786431	Chr1:11878445	TRUE	TRUE	FALSE	1	0	FALSE	FALSE	2	2	2	7	9	16
nobgs_V2_c1_rep8_env5	lfmm_simes	Chr1	11804519	11908952	15	1	Chr1:11804519;Chr1:11818708;Chr1:11828590;Chr1:11834137;Chr1:11839821;Chr1:11841993;Chr1:11850737;Chr1:11856105;Chr1:11858708;Chr1:11874067;Chr1:11877719;Chr1:11884963;Chr1:11886161;Chr1:11907544;Chr1:11908952	Chr1:11856105	Chr1:11878445	TRUE	FALSE	FALSE	0	0	FALSE	FALSE	1	1	2	7	9	16
nobgs_V2_c1_rep8_env6	lfmm_simes	Chr1	11400357	11435152	9	1	Chr1:11400357;Chr1:11401954;Chr1:11414368;Chr1:11414811;Chr1:11420134;Chr1:11421637;Chr1:11421766;Chr1:11423650;Chr1:11435152	Chr1:11414368	""	FALSE	TRUE	FALSE	1	0	FALSE	FALSE	2	2	2	7	8	12
nobgs_V2_c1_rep8_env6	lfmm_simes	Chr1	18891325	18911529	11	1	Chr1:18891325;Chr1:18894480;Chr1:18899456;Chr1:18899752;Chr1:18900305;Chr1:18901860;Chr1:18902086;Chr1:18902201;Chr1:18903093;Chr1:18904532;Chr1:18911529	Chr1:18894480	""	FALSE	TRUE	FALSE	1	0	FALSE	FALSE	2	2	2	7	8	12
nobgs_V2_c1_rep8_env7	emmax_consensus	Chr1	4498889	4536929	12	1	Chr1:4498889;Chr1:4502379;Chr1:4506068;Chr1:4508548;Chr1:4509926;Chr1:4510051;Chr1:4510073;Chr1:4520025;Chr1:4523397;Chr1:4525174;Chr1:4534736;Chr1:4536929	Chr1:4508548	Chr1:4506068	TRUE	TRUE	TRUE	1	1	FALSE	FALSE	3	3	3	8	9	12
nobgs_V2_c1_rep8_env7	emmax_simes	Chr1	4498889	4536929	12	1	Chr1:4498889;Chr1:4502379;Chr1:4506068;Chr1:4508548;Chr1:4509926;Chr1:4510051;Chr1:4510073;Chr1:4520025;Chr1:4523397;Chr1:4525174;Chr1:4534736;Chr1:4536929	Chr1:4508548	Chr1:4506068	TRUE	TRUE	TRUE	1	1	FALSE	FALSE	3	3	3	8	9	12
nobgs_V2_c1_rep8_env7	lfmm_simes	Chr1	4498889	4536929	12	1	Chr1:4498889;Chr1:4502379;Chr1:4506068;Chr1:4508548;Chr1:4509926;Chr1:4510051;Chr1:4510073;Chr1:4520025;Chr1:4523397;Chr1:4525174;Chr1:4534736;Chr1:4536929	Chr1:4508548	Chr1:4506068	TRUE	TRUE	TRUE	1	1	FALSE	FALSE	3	3	3	8	9	12
nobgs_V2_c1_rep8_env8	emmax_consensus	Chr1	10892522	11005553	10	1	Chr1:10892522;Chr1:10909319;Chr1:10929444;Chr1:10929553;Chr1:10934169;Chr1:10941107;Chr1:10957795;Chr1:10958853;Chr1:10967901;Chr1:11005553	Chr1:10909319	""	FALSE	FALSE	FALSE	0	0	FALSE	FALSE	1	1	1	8	9	13
nobgs_V2_c1_rep8_env8	emmax_consensus	Chr1	11584280	11644325	12	1	Chr1:11584280;Chr1:11588130;Chr1:11589127;Chr1:11589844;Chr1:11603440;Chr1:11617693;Chr1:11619010;Chr1:11622017;Chr1:11627679;Chr1:11637643;Chr1:11640558;Chr1:11644325	Chr1:11619010	""	FALSE	TRUE	FALSE	1	0	FALSE	FALSE	2	2	2	8	9	13
nobgs_V2_c1_rep8_env8	emmax_consensus	Chr1	12086690	12167978	13	1	Chr1:12086690;Chr1:12092523;Chr1:12097564;Chr1:12098309;Chr1:12124111;Chr1:12144143;Chr1:12151508;Chr1:12156692;Chr1:12159526;Chr1:12163516;Chr1:12163635;Chr1:12165772;Chr1:12167978	Chr1:12124111	""	FALSE	TRUE	TRUE	1	1	FALSE	FALSE	3	3	3	8	9	13
nobgs_V2_c1_rep8_env8	emmax_consensus	Chr1	12282275	12331004	13	1	Chr1:12282275;Chr1:12305773;Chr1:12308684;Chr1:12311754;Chr1:12312794;Chr1:12315926;Chr1:12318340;Chr1:12323720;Chr1:12327944;Chr1:12328111;Chr1:12328616;Chr1:12328869;Chr1:12331004	Chr1:12311754	""	FALSE	TRUE	TRUE	1	1	FALSE	FALSE	3	3	3	8	9	13
nobgs_V2_c1_rep8_env8	emmax_consensus	Chr1	12463038	12667966	22	1	Chr1:12463038;Chr1:12465598;Chr1:12467581;Chr1:12468560;Chr1:12474293;Chr1:12484932;Chr1:12491782;Chr1:12499397;Chr1:12503192;Chr1:12503689;Chr1:12515290;Chr1:12518069;Chr1:12521630;Chr1:12545082;Chr1:12561380;Chr1:12563232;Chr1:12581820;Chr1:12606280;Chr1:12656463;Chr1:12661223;Chr1:12667154;Chr1:12667966	Chr1:12518069	Chr1:12518069	TRUE	TRUE	TRUE	1	1	FALSE	FALSE	3	3	3	8	9	13
nobgs_V2_c1_rep8_env8	emmax_simes	Chr1	10892522	11005553	10	1	Chr1:10892522;Chr1:10909319;Chr1:10929444;Chr1:10929553;Chr1:10934169;Chr1:10941107;Chr1:10957795;Chr1:10958853;Chr1:10967901;Chr1:11005553	Chr1:10909319	""	FALSE	TRUE	FALSE	1	0	FALSE	FALSE	2	2	2	8	9	13
nobgs_V2_c1_rep8_env8	emmax_simes	Chr1	11584280	11644325	12	1	Chr1:11584280;Chr1:11588130;Chr1:11589127;Chr1:11589844;Chr1:11603440;Chr1:11617693;Chr1:11619010;Chr1:11622017;Chr1:11627679;Chr1:11637643;Chr1:11640558;Chr1:11644325	Chr1:11619010	""	FALSE	TRUE	FALSE	1	0	FALSE	FALSE	2	2	2	8	9	13
nobgs_V2_c1_rep8_env8	emmax_simes	Chr1	12086690	12167978	13	1	Chr1:12086690;Chr1:12092523;Chr1:12097564;Chr1:12098309;Chr1:12124111;Chr1:12144143;Chr1:12151508;Chr1:12156692;Chr1:12159526;Chr1:12163516;Chr1:12163635;Chr1:12165772;Chr1:12167978	Chr1:12124111	""	FALSE	TRUE	TRUE	1	1	FALSE	FALSE	3	3	3	8	9	13
nobgs_V2_c1_rep8_env8	emmax_simes	Chr1	12282275	12331004	13	1	Chr1:12282275;Chr1:12305773;Chr1:12308684;Chr1:12311754;Chr1:12312794;Chr1:12315926;Chr1:12318340;Chr1:12323720;Chr1:12327944;Chr1:12328111;Chr1:12328616;Chr1:12328869;Chr1:12331004	Chr1:12311754	""	FALSE	TRUE	TRUE	1	1	FALSE	FALSE	3	3	3	8	9	13
nobgs_V2_c1_rep8_env8	emmax_simes	Chr1	12463038	12667966	22	1	Chr1:12463038;Chr1:12465598;Chr1:12467581;Chr1:12468560;Chr1:12474293;Chr1:12484932;Chr1:12491782;Chr1:12499397;Chr1:12503192;Chr1:12503689;Chr1:12515290;Chr1:12518069;Chr1:12521630;Chr1:12545082;Chr1:12561380;Chr1:12563232;Chr1:12581820;Chr1:12606280;Chr1:12656463;Chr1:12661223;Chr1:12667154;Chr1:12667966	Chr1:12518069	Chr1:12518069	TRUE	TRUE	TRUE	1	1	FALSE	FALSE	3	3	3	8	9	13
nobgs_V2_c1_rep8_env8	lfmm_simes	Chr1	10892522	11005553	10	1	Chr1:10892522;Chr1:10909319;Chr1:10929444;Chr1:10929553;Chr1:10934169;Chr1:10941107;Chr1:10957795;Chr1:10958853;Chr1:10967901;Chr1:11005553	Chr1:10909319	""	FALSE	TRUE	FALSE	1	0	FALSE	FALSE	2	2	2	8	9	13
nobgs_V2_c1_rep8_env8	lfmm_simes	Chr1	12086690	12167978	13	1	Chr1:12086690;Chr1:12092523;Chr1:12097564;Chr1:12098309;Chr1:12124111;Chr1:12144143;Chr1:12151508;Chr1:12156692;Chr1:12159526;Chr1:12163516;Chr1:12163635;Chr1:12165772;Chr1:12167978	Chr1:12124111	""	FALSE	TRUE	TRUE	1	1	FALSE	FALSE	3	3	3	8	9	13
nobgs_V2_c1_rep8_env8	lfmm_simes	Chr1	12282275	12331004	13	1	Chr1:12282275;Chr1:12305773;Chr1:12308684;Chr1:12311754;Chr1:12312794;Chr1:12315926;Chr1:12318340;Chr1:12323720;Chr1:12327944;Chr1:12328111;Chr1:12328616;Chr1:12328869;Chr1:12331004	Chr1:12311754	""	FALSE	TRUE	TRUE	1	1	FALSE	FALSE	3	3	3	8	9	13
nobgs_V2_c1_rep8_env8	lfmm_simes	Chr1	12463038	12667966	22	1	Chr1:12463038;Chr1:12465598;Chr1:12467581;Chr1:12468560;Chr1:12474293;Chr1:12484932;Chr1:12491782;Chr1:12499397;Chr1:12503192;Chr1:12503689;Chr1:12515290;Chr1:12518069;Chr1:12521630;Chr1:12545082;Chr1:12561380;Chr1:12563232;Chr1:12581820;Chr1:12606280;Chr1:12656463;Chr1:12661223;Chr1:12667154;Chr1:12667966	Chr1:12518069	Chr1:12518069	TRUE	TRUE	TRUE	1	1	FALSE	FALSE	3	3	3	8	9	13
nobgs_V2_c1_rep8_env8	lfmm_simes	Chr2	13713	457704	56	1	Chr2:13713;Chr2:15526;Chr2:18420;Chr2:24377;Chr2:28166;Chr2:43318;Chr2:45945;Chr2:81170;Chr2:82905;Chr2:88718;Chr2:89634;Chr2:98675;Chr2:108477;Chr2:120372;Chr2:121074;Chr2:126620;Chr2:132295;Chr2:143845;Chr2:152373;Chr2:154262;Chr2:181253;Chr2:183670;Chr2:187153;Chr2:203710;Chr2:205164;Chr2:215132;Chr2:215743;Chr2:220937;Chr2:231839;Chr2:240790;Chr2:276584;Chr2:277387;Chr2:278350;Chr2:290711;Chr2:300239;Chr2:304054;Chr2:316830;Chr2:319960;Chr2:323682;Chr2:326743;Chr2:328902;Chr2:342496;Chr2:348932;Chr2:350004;Chr2:365516;Chr2:367376;Chr2:383751;Chr2:395328;Chr2:400703;Chr2:400964;Chr2:410162;Chr2:413272;Chr2:416431;Chr2:422847;Chr2:447576;Chr2:457704	Chr2:13713	""	FALSE	TRUE	TRUE	1	1	FALSE	FALSE	3	3	3	8	9	13
nobgs_V2_c1_rep9_env1	emmax_consensus	Chr1	3748580	3778555	11	1	Chr1:3748580;Chr1:3752267;Chr1:3753494;Chr1:3756473;Chr1:3756483;Chr1:3759340;Chr1:3760762;Chr1:3766007;Chr1:3767103;Chr1:3774592;Chr1:3778555	Chr1:3767103	""	FALSE	TRUE	FALSE	1	0	FALSE	FALSE	2	2	2	8	9	14
nobgs_V2_c1_rep9_env1	emmax_consensus	Chr1	19746545	19819222	22	1	Chr1:19746545;Chr1:19750975;Chr1:19755280;Chr1:19760353;Chr1:19772132;Chr1:19774934;Chr1:19775777;Chr1:19780324;Chr1:19788998;Chr1:19791903;Chr1:19797360;Chr1:19797731;Chr1:19801225;Chr1:19801548;Chr1:19806945;Chr1:19809190;Chr1:19813111;Chr1:19813615;Chr1:19814249;Chr1:19815197;Chr1:19818370;Chr1:19819222	Chr1:19806945	Chr1:19665995	TRUE	TRUE	TRUE	1	1	FALSE	FALSE	3	3	3	8	9	14
nobgs_V2_c1_rep9_env1	emmax_simes	Chr1	3748580	3778555	11	1	Chr1:3748580;Chr1:3752267;Chr1:3753494;Chr1:3756473;Chr1:3756483;Chr1:3759340;Chr1:3760762;Chr1:3766007;Chr1:3767103;Chr1:3774592;Chr1:3778555	Chr1:3767103	""	FALSE	TRUE	FALSE	1	0	FALSE	FALSE	2	2	2	8	9	14
nobgs_V2_c1_rep9_env1	emmax_simes	Chr1	19746545	19819222	22	1	Chr1:19746545;Chr1:19750975;Chr1:19755280;Chr1:19760353;Chr1:19772132;Chr1:19774934;Chr1:19775777;Chr1:19780324;Chr1:19788998;Chr1:19791903;Chr1:19797360;Chr1:19797731;Chr1:19801225;Chr1:19801548;Chr1:19806945;Chr1:19809190;Chr1:19813111;Chr1:19813615;Chr1:19814249;Chr1:19815197;Chr1:19818370;Chr1:19819222	Chr1:19806945	Chr1:19665995	TRUE	TRUE	TRUE	1	1	FALSE	FALSE	3	3	3	8	9	14
nobgs_V2_c1_rep9_env1	lfmm_simes	Chr1	3748580	3778555	11	1	Chr1:3748580;Chr1:3752267;Chr1:3753494;Chr1:3756473;Chr1:3756483;Chr1:3759340;Chr1:3760762;Chr1:3766007;Chr1:3767103;Chr1:3774592;Chr1:3778555	Chr1:3767103	""	FALSE	TRUE	FALSE	1	0	FALSE	FALSE	2	2	2	8	9	14
nobgs_V2_c1_rep9_env1	lfmm_simes	Chr1	19746545	19819222	22	1	Chr1:19746545;Chr1:19750975;Chr1:19755280;Chr1:19760353;Chr1:19772132;Chr1:19774934;Chr1:19775777;Chr1:19780324;Chr1:19788998;Chr1:19791903;Chr1:19797360;Chr1:19797731;Chr1:19801225;Chr1:19801548;Chr1:19806945;Chr1:19809190;Chr1:19813111;Chr1:19813615;Chr1:19814249;Chr1:19815197;Chr1:19818370;Chr1:19819222	Chr1:19806945	Chr1:19665995	TRUE	TRUE	TRUE	1	1	FALSE	FALSE	3	3	3	8	9	14
nobgs_V2_c1_rep9_env10	lfmm_simes	Chr2	55892	476133	13	1	Chr2:55892;Chr2:108847;Chr2:140611;Chr2:225021;Chr2:288681;Chr2:306491;Chr2:390570;Chr2:403793;Chr2:416655;Chr2:425350;Chr2:432449;Chr2:438753;Chr2:476133	Chr2:108847	""	FALSE	FALSE	FALSE	0	0	FALSE	FALSE	1	1	1	8	9	14
nobgs_V2_c1_rep9_env10	lfmm_simes	Chr2	3767711	3868311	12	1	Chr2:3767711;Chr2:3773471;Chr2:3815643;Chr2:3832509;Chr2:3833141;Chr2:3836595;Chr2:3837067;Chr2:3841423;Chr2:3847276;Chr2:3853959;Chr2:3866185;Chr2:3868311	Chr2:3833141	""	FALSE	FALSE	FALSE	0	0	FALSE	FALSE	1	1	1	8	9	14
nobgs_V2_c1_rep9_env3	emmax_consensus	Chr1	14514419	14585884	13	1	Chr1:14514419;Chr1:14523648;Chr1:14531171;Chr1:14534594;Chr1:14538292;Chr1:14543761;Chr1:14543953;Chr1:14553562;Chr1:14554080;Chr1:14554834;Chr1:14556092;Chr1:14566207;Chr1:14585884	Chr1:14556092	Chr1:14566207	TRUE	TRUE	TRUE	1	1	FALSE	FALSE	3	3	3	8	9	13
nobgs_V2_c1_rep9_env3	emmax_simes	Chr1	14514419	14585884	13	1	Chr1:14514419;Chr1:14523648;Chr1:14531171;Chr1:14534594;Chr1:14538292;Chr1:14543761;Chr1:14543953;Chr1:14553562;Chr1:14554080;Chr1:14554834;Chr1:14556092;Chr1:14566207;Chr1:14585884	Chr1:14556092	Chr1:14566207	TRUE	TRUE	TRUE	1	1	FALSE	FALSE	3	3	3	8	9	13
nobgs_V2_c1_rep9_env3	lfmm_simes	Chr1	14514419	14585884	13	1	Chr1:14514419;Chr1:14523648;Chr1:14531171;Chr1:14534594;Chr1:14538292;Chr1:14543761;Chr1:14543953;Chr1:14553562;Chr1:14554080;Chr1:14554834;Chr1:14556092;Chr1:14566207;Chr1:14585884	Chr1:14556092	Chr1:14566207	TRUE	TRUE	TRUE	1	1	FALSE	FALSE	3	3	3	8	9	13
nobgs_V2_c1_rep9_env3	lfmm_simes	Chr2	3814057	3874486	19	1	Chr2:3814057;Chr2:3818550;Chr2:3819002;Chr2:3819925;Chr2:3820367;Chr2:3820927;Chr2:3823430;Chr2:3833016;Chr2:3833141;Chr2:3833967;Chr2:3837067;Chr2:3839000;Chr2:3841423;Chr2:3848577;Chr2:3860393;Chr2:3860434;Chr2:3860717;Chr2:3868311;Chr2:3874486	Chr2:3823430	""	FALSE	TRUE	TRUE	1	1	FALSE	FALSE	3	3	3	8	9	13
nobgs_V2_c1_rep9_env5	lfmm_simes	Chr1	3636004	3712315	22	2	Chr1:3636004;Chr1:3636951;Chr1:3644721;Chr1:3652601;Chr1:3655735;Chr1:3658054;Chr1:3677136;Chr1:3677458;Chr1:3681921;Chr1:3685405;Chr1:3691029;Chr1:3691321;Chr1:3692651;Chr1:3694646;Chr1:3695097;Chr1:3696242;Chr1:3698464;Chr1:3702007;Chr1:3707210;Chr1:3709556;Chr1:3710333;Chr1:3712315	Chr1:3655735;Chr1:3692651	Chr1:3696242	TRUE	TRUE	TRUE	1	1	FALSE	FALSE	3	3	3	7	9	13
