tag	cell	method	arm	floor	TP	FP	n_regions	n_detectable_qtn	n_recovered	n_tests	n_eligible_markers	n_eligible_units	frac_markers_retained	frac_dqtn_covered	precision	recall	realised_fdp	precision_ci_lo	precision_ci_hi	recall_ci_lo	recall_ci_hi	fdp_ci_lo	fdp_ci_hi
bgs	V0.5_c1	emmax	A_unrestricted_marker	1	110	188	298	167	91	1543807	1543807	887607	1	1	0.369127516778524	0.544910179640719	0.630872483221476	0.308097713097713	0.45076581027668	0.47018151348732	0.622109559949868	0.54923418972332	0.691902286902287
bgs	V0.5_c1	emmax	A_unrestricted_marker	2	110	188	298	167	91	1543807	1543807	887607	1	1	0.369127516778524	0.544910179640719	0.630872483221476	0.308097713097713	0.45076581027668	0.47018151348732	0.622109559949868	0.54923418972332	0.691902286902287
bgs	V0.5_c1	emmax	A_unrestricted_marker	3	110	188	298	167	91	1543807	1543807	887607	1	1	0.369127516778524	0.544910179640719	0.630872483221476	0.308097713097713	0.45076581027668	0.47018151348732	0.622109559949868	0.54923418972332	0.691902286902287
bgs	V0.5_c1	emmax	A_unrestricted_marker	5	110	188	298	167	91	1543807	1543807	887607	1	1	0.369127516778524	0.544910179640719	0.630872483221476	0.308097713097713	0.45076581027668	0.47018151348732	0.622109559949868	0.54923418972332	0.691902286902287
bgs	V0.5_c1	emmax	A_unrestricted_marker	10	110	188	298	167	91	1543807	1543807	887607	1	1	0.369127516778524	0.544910179640719	0.630872483221476	0.308097713097713	0.45076581027668	0.47018151348732	0.622109559949868	0.54923418972332	0.691902286902287
bgs	V0.5_c1	emmax	A_unrestricted_marker	20	110	188	298	167	91	1543807	1543807	887607	1	1	0.369127516778524	0.544910179640719	0.630872483221476	0.308097713097713	0.45076581027668	0.47018151348732	0.622109559949868	0.54923418972332	0.691902286902287
bgs	V0.5_c1.5	emmax	A_unrestricted_marker	1	48	276	324	281	45	1615784	1615784	820259	1	1	0.148148148148148	0.160142348754448	0.851851851851852	0.123114611519134	0.178686499615936	0.118634047182776	0.2	0.821313500384065	0.876885388480866
bgs	V0.5_c1.5	emmax	A_unrestricted_marker	2	48	276	324	281	45	1615784	1615784	820259	1	1	0.148148148148148	0.160142348754448	0.851851851851852	0.123114611519134	0.178686499615936	0.118634047182776	0.2	0.821313500384065	0.876885388480866
bgs	V0.5_c1.5	emmax	A_unrestricted_marker	3	48	276	324	281	45	1615784	1615784	820259	1	1	0.148148148148148	0.160142348754448	0.851851851851852	0.123114611519134	0.178686499615936	0.118634047182776	0.2	0.821313500384065	0.876885388480866
bgs	V0.5_c1.5	emmax	A_unrestricted_marker	5	48	276	324	281	45	1615784	1615784	820259	1	1	0.148148148148148	0.160142348754448	0.851851851851852	0.123114611519134	0.178686499615936	0.118634047182776	0.2	0.821313500384065	0.876885388480866
bgs	V0.5_c1.5	emmax	A_unrestricted_marker	10	48	276	324	281	45	1615784	1615784	820259	1	1	0.148148148148148	0.160142348754448	0.851851851851852	0.123114611519134	0.178686499615936	0.118634047182776	0.2	0.821313500384065	0.876885388480866
bgs	V0.5_c1.5	emmax	A_unrestricted_marker	20	48	276	324	281	45	1615784	1615784	820259	1	1	0.148148148148148	0.160142348754448	0.851851851851852	0.123114611519134	0.178686499615936	0.118634047182776	0.2	0.821313500384065	0.876885388480866
bgs	V0.5_c2	emmax	A_unrestricted_marker	1	54	2119	2173	369	50	1804009	1804009	629956	1	1	0.0248504371836171	0.13550135501355	0.975149562816383	0.0194195173083806	0.0308062579331379	0.11363478972551	0.160107530163381	0.969193742066862	0.980580482691619
bgs	V0.5_c2	emmax	A_unrestricted_marker	2	54	2119	2173	369	50	1804009	1804009	629956	1	1	0.0248504371836171	0.13550135501355	0.975149562816383	0.0194195173083806	0.0308062579331379	0.11363478972551	0.160107530163381	0.969193742066862	0.980580482691619
bgs	V0.5_c2	emmax	A_unrestricted_marker	3	54	2119	2173	369	50	1804009	1804009	629956	1	1	0.0248504371836171	0.13550135501355	0.975149562816383	0.0194195173083806	0.0308062579331379	0.11363478972551	0.160107530163381	0.969193742066862	0.980580482691619
bgs	V0.5_c2	emmax	A_unrestricted_marker	5	54	2119	2173	369	50	1804009	1804009	629956	1	1	0.0248504371836171	0.13550135501355	0.975149562816383	0.0194195173083806	0.0308062579331379	0.11363478972551	0.160107530163381	0.969193742066862	0.980580482691619
bgs	V0.5_c2	emmax	A_unrestricted_marker	10	54	2119	2173	369	50	1804009	1804009	629956	1	1	0.0248504371836171	0.13550135501355	0.975149562816383	0.0194195173083806	0.0308062579331379	0.11363478972551	0.160107530163381	0.969193742066862	0.980580482691619
bgs	V0.5_c2	emmax	A_unrestricted_marker	20	54	2119	2173	369	50	1804009	1804009	629956	1	1	0.0248504371836171	0.13550135501355	0.975149562816383	0.0194195173083806	0.0308062579331379	0.11363478972551	0.160107530163381	0.969193742066862	0.980580482691619
bgs	V1_c1	emmax	A_unrestricted_marker	1	96	141	237	143	75	1552470	1552470	900129	1	1	0.405063291139241	0.524475524475525	0.59493670886076	0.302418751207263	0.556818181818182	0.408751413591035	0.618722484698808	0.443181818181818	0.697581248792737
bgs	V1_c1	emmax	A_unrestricted_marker	2	96	141	237	143	75	1552470	1552470	900129	1	1	0.405063291139241	0.524475524475525	0.59493670886076	0.302418751207263	0.556818181818182	0.408751413591035	0.618722484698808	0.443181818181818	0.697581248792737
bgs	V1_c1	emmax	A_unrestricted_marker	3	96	141	237	143	75	1552470	1552470	900129	1	1	0.405063291139241	0.524475524475525	0.59493670886076	0.302418751207263	0.556818181818182	0.408751413591035	0.618722484698808	0.443181818181818	0.697581248792737
bgs	V1_c1	emmax	A_unrestricted_marker	5	96	141	237	143	75	1552470	1552470	900129	1	1	0.405063291139241	0.524475524475525	0.59493670886076	0.302418751207263	0.556818181818182	0.408751413591035	0.618722484698808	0.443181818181818	0.697581248792737
bgs	V1_c1	emmax	A_unrestricted_marker	10	96	141	237	143	75	1552470	1552470	900129	1	1	0.405063291139241	0.524475524475525	0.59493670886076	0.302418751207263	0.556818181818182	0.408751413591035	0.618722484698808	0.443181818181818	0.697581248792737
bgs	V1_c1	emmax	A_unrestricted_marker	20	96	141	237	143	75	1552470	1552470	900129	1	1	0.405063291139241	0.524475524475525	0.59493670886076	0.302418751207263	0.556818181818182	0.408751413591035	0.618722484698808	0.443181818181818	0.697581248792737
bgs	V1_c1.5	emmax	A_unrestricted_marker	1	30	288	318	256	26	1621446	1621446	824393	1	1	0.0943396226415094	0.1015625	0.905660377358491	0.0743238013555351	0.115245210180154	0.0643939393939394	0.140971904875062	0.884754789819846	0.925676198644465
bgs	V1_c1.5	emmax	A_unrestricted_marker	2	30	288	318	256	26	1621446	1621446	824393	1	1	0.0943396226415094	0.1015625	0.905660377358491	0.0743238013555351	0.115245210180154	0.0643939393939394	0.140971904875062	0.884754789819846	0.925676198644465
bgs	V1_c1.5	emmax	A_unrestricted_marker	3	30	288	318	256	26	1621446	1621446	824393	1	1	0.0943396226415094	0.1015625	0.905660377358491	0.0743238013555351	0.115245210180154	0.0643939393939394	0.140971904875062	0.884754789819846	0.925676198644465
bgs	V1_c1.5	emmax	A_unrestricted_marker	5	30	288	318	256	26	1621446	1621446	824393	1	1	0.0943396226415094	0.1015625	0.905660377358491	0.0743238013555351	0.115245210180154	0.0643939393939394	0.140971904875062	0.884754789819846	0.925676198644465
bgs	V1_c1.5	emmax	A_unrestricted_marker	10	30	288	318	256	26	1621446	1621446	824393	1	1	0.0943396226415094	0.1015625	0.905660377358491	0.0743238013555351	0.115245210180154	0.0643939393939394	0.140971904875062	0.884754789819846	0.925676198644465
bgs	V1_c1.5	emmax	A_unrestricted_marker	20	30	288	318	256	26	1621446	1621446	824393	1	1	0.0943396226415094	0.1015625	0.905660377358491	0.0743238013555351	0.115245210180154	0.0643939393939394	0.140971904875062	0.884754789819846	0.925676198644465
bgs	V2_c1	emmax	A_unrestricted_marker	1	36	63	99	121	29	1551174	1551174	901025	1	1	0.363636363636364	0.239669421487603	0.636363636363636	0.270588235294118	0.43751291322314	0.155036030134294	0.349093075277183	0.56248708677686	0.729411764705882
bgs	V2_c1	emmax	A_unrestricted_marker	2	36	63	99	121	29	1551174	1551174	901025	1	1	0.363636363636364	0.239669421487603	0.636363636363636	0.270588235294118	0.43751291322314	0.155036030134294	0.349093075277183	0.56248708677686	0.729411764705882
bgs	V2_c1	emmax	A_unrestricted_marker	3	36	63	99	121	29	1551174	1551174	901025	1	1	0.363636363636364	0.239669421487603	0.636363636363636	0.270588235294118	0.43751291322314	0.155036030134294	0.349093075277183	0.56248708677686	0.729411764705882
bgs	V2_c1	emmax	A_unrestricted_marker	5	36	63	99	121	29	1551174	1551174	901025	1	1	0.363636363636364	0.239669421487603	0.636363636363636	0.270588235294118	0.43751291322314	0.155036030134294	0.349093075277183	0.56248708677686	0.729411764705882
bgs	V2_c1	emmax	A_unrestricted_marker	10	36	63	99	121	29	1551174	1551174	901025	1	1	0.363636363636364	0.239669421487603	0.636363636363636	0.270588235294118	0.43751291322314	0.155036030134294	0.349093075277183	0.56248708677686	0.729411764705882
bgs	V2_c1	emmax	A_unrestricted_marker	20	36	63	99	121	29	1551174	1551174	901025	1	1	0.363636363636364	0.239669421487603	0.636363636363636	0.270588235294118	0.43751291322314	0.155036030134294	0.349093075277183	0.56248708677686	0.729411764705882
bgs	V2_c1.5	emmax	A_unrestricted_marker	1	20	249	269	190	18	1623067	1623067	831645	1	1	0.0743494423791822	0.0947368421052632	0.925650557620818	0.0546218487394958	0.095625615618706	0.0742857142857143	0.113209870805837	0.904374384381294	0.945378151260504
bgs	V2_c1.5	emmax	A_unrestricted_marker	2	20	249	269	190	18	1623067	1623067	831645	1	1	0.0743494423791822	0.0947368421052632	0.925650557620818	0.0546218487394958	0.095625615618706	0.0742857142857143	0.113209870805837	0.904374384381294	0.945378151260504
bgs	V2_c1.5	emmax	A_unrestricted_marker	3	20	249	269	190	18	1623067	1623067	831645	1	1	0.0743494423791822	0.0947368421052632	0.925650557620818	0.0546218487394958	0.095625615618706	0.0742857142857143	0.113209870805837	0.904374384381294	0.945378151260504
bgs	V2_c1.5	emmax	A_unrestricted_marker	5	20	249	269	190	18	1623067	1623067	831645	1	1	0.0743494423791822	0.0947368421052632	0.925650557620818	0.0546218487394958	0.095625615618706	0.0742857142857143	0.113209870805837	0.904374384381294	0.945378151260504
bgs	V2_c1.5	emmax	A_unrestricted_marker	10	20	249	269	190	18	1623067	1623067	831645	1	1	0.0743494423791822	0.0947368421052632	0.925650557620818	0.0546218487394958	0.095625615618706	0.0742857142857143	0.113209870805837	0.904374384381294	0.945378151260504
bgs	V2_c1.5	emmax	A_unrestricted_marker	20	20	249	269	190	18	1623067	1623067	831645	1	1	0.0743494423791822	0.0947368421052632	0.925650557620818	0.0546218487394958	0.095625615618706	0.0742857142857143	0.113209870805837	0.904374384381294	0.945378151260504
nobgs	V0.5_c1	emmax	A_unrestricted_marker	1	150	244	394	204	119	1488756	1488756	889227	1	1	0.380710659898477	0.583333333333333	0.619289340101523	0.33252822731072	0.444099378881988	0.504807692307692	0.670218810444874	0.555900621118012	0.66747177268928
nobgs	V0.5_c1	emmax	A_unrestricted_marker	2	150	244	394	204	119	1488756	1488756	889227	1	1	0.380710659898477	0.583333333333333	0.619289340101523	0.33252822731072	0.444099378881988	0.504807692307692	0.670218810444874	0.555900621118012	0.66747177268928
nobgs	V0.5_c1	emmax	A_unrestricted_marker	3	150	244	394	204	119	1488756	1488756	889227	1	1	0.380710659898477	0.583333333333333	0.619289340101523	0.33252822731072	0.444099378881988	0.504807692307692	0.670218810444874	0.555900621118012	0.66747177268928
nobgs	V0.5_c1	emmax	A_unrestricted_marker	5	150	244	394	204	119	1488756	1488756	889227	1	1	0.380710659898477	0.583333333333333	0.619289340101523	0.33252822731072	0.444099378881988	0.504807692307692	0.670218810444874	0.555900621118012	0.66747177268928
nobgs	V0.5_c1	emmax	A_unrestricted_marker	10	150	244	394	204	119	1488756	1488756	889227	1	1	0.380710659898477	0.583333333333333	0.619289340101523	0.33252822731072	0.444099378881988	0.504807692307692	0.670218810444874	0.555900621118012	0.66747177268928
nobgs	V0.5_c1	emmax	A_unrestricted_marker	20	150	244	394	204	119	1488756	1488756	889227	1	1	0.380710659898477	0.583333333333333	0.619289340101523	0.33252822731072	0.444099378881988	0.504807692307692	0.670218810444874	0.555900621118012	0.66747177268928
nobgs	V0.5_c1.5	emmax	A_unrestricted_marker	1	58	312	370	265	53	1518170	1518170	806474	1	1	0.156756756756757	0.2	0.843243243243243	0.0989616385297052	0.239485560966531	0.151724137931034	0.264466025661639	0.760514439033469	0.901038361470295
nobgs	V0.5_c1.5	emmax	A_unrestricted_marker	2	58	312	370	265	53	1518170	1518170	806474	1	1	0.156756756756757	0.2	0.843243243243243	0.0989616385297052	0.239485560966531	0.151724137931034	0.264466025661639	0.760514439033469	0.901038361470295
nobgs	V0.5_c1.5	emmax	A_unrestricted_marker	3	58	312	370	265	53	1518170	1518170	806474	1	1	0.156756756756757	0.2	0.843243243243243	0.0989616385297052	0.239485560966531	0.151724137931034	0.264466025661639	0.760514439033469	0.901038361470295
nobgs	V0.5_c1.5	emmax	A_unrestricted_marker	5	58	312	370	265	53	1518170	1518170	806474	1	1	0.156756756756757	0.2	0.843243243243243	0.0989616385297052	0.239485560966531	0.151724137931034	0.264466025661639	0.760514439033469	0.901038361470295
nobgs	V0.5_c1.5	emmax	A_unrestricted_marker	10	58	312	370	265	53	1518170	1518170	806474	1	1	0.156756756756757	0.2	0.843243243243243	0.0989616385297052	0.239485560966531	0.151724137931034	0.264466025661639	0.760514439033469	0.901038361470295
nobgs	V0.5_c1.5	emmax	A_unrestricted_marker	20	58	312	370	265	53	1518170	1518170	806474	1	1	0.156756756756757	0.2	0.843243243243243	0.0989616385297052	0.239485560966531	0.151724137931034	0.264466025661639	0.760514439033469	0.901038361470295
nobgs	V0.5_c2	emmax	A_unrestricted_marker	1	35	1249	1284	346	33	1553729	1553729	582316	1	1	0.0272585669781931	0.0953757225433526	0.972741433021807	0.0225388461251289	0.0312030145541262	0.0775569703555195	0.112462006079027	0.968796985445874	0.977461153874871
nobgs	V0.5_c2	emmax	A_unrestricted_marker	2	35	1249	1284	346	33	1553729	1553729	582316	1	1	0.0272585669781931	0.0953757225433526	0.972741433021807	0.0225388461251289	0.0312030145541262	0.0775569703555195	0.112462006079027	0.968796985445874	0.977461153874871
nobgs	V0.5_c2	emmax	A_unrestricted_marker	3	35	1249	1284	346	33	1553729	1553729	582316	1	1	0.0272585669781931	0.0953757225433526	0.972741433021807	0.0225388461251289	0.0312030145541262	0.0775569703555195	0.112462006079027	0.968796985445874	0.977461153874871
nobgs	V0.5_c2	emmax	A_unrestricted_marker	5	35	1249	1284	346	33	1553729	1553729	582316	1	1	0.0272585669781931	0.0953757225433526	0.972741433021807	0.0225388461251289	0.0312030145541262	0.0775569703555195	0.112462006079027	0.968796985445874	0.977461153874871
nobgs	V0.5_c2	emmax	A_unrestricted_marker	10	35	1249	1284	346	33	1553729	1553729	582316	1	1	0.0272585669781931	0.0953757225433526	0.972741433021807	0.0225388461251289	0.0312030145541262	0.0775569703555195	0.112462006079027	0.968796985445874	0.977461153874871
nobgs	V0.5_c2	emmax	A_unrestricted_marker	20	35	1249	1284	346	33	1553729	1553729	582316	1	1	0.0272585669781931	0.0953757225433526	0.972741433021807	0.0225388461251289	0.0312030145541262	0.0775569703555195	0.112462006079027	0.968796985445874	0.977461153874871
nobgs	V1_c1	emmax	A_unrestricted_marker	1	84	194	278	156	71	1495690	1495690	903412	1	1	0.302158273381295	0.455128205128205	0.697841726618705	0.248502540373798	0.387561824633084	0.3773381085488	0.527281093139989	0.612438175366916	0.751497459626202
nobgs	V1_c1	emmax	A_unrestricted_marker	2	84	194	278	156	71	1495690	1495690	903412	1	1	0.302158273381295	0.455128205128205	0.697841726618705	0.248502540373798	0.387561824633084	0.3773381085488	0.527281093139989	0.612438175366916	0.751497459626202
nobgs	V1_c1	emmax	A_unrestricted_marker	3	84	194	278	156	71	1495690	1495690	903412	1	1	0.302158273381295	0.455128205128205	0.697841726618705	0.248502540373798	0.387561824633084	0.3773381085488	0.527281093139989	0.612438175366916	0.751497459626202
nobgs	V1_c1	emmax	A_unrestricted_marker	5	84	194	278	156	71	1495690	1495690	903412	1	1	0.302158273381295	0.455128205128205	0.697841726618705	0.248502540373798	0.387561824633084	0.3773381085488	0.527281093139989	0.612438175366916	0.751497459626202
nobgs	V1_c1	emmax	A_unrestricted_marker	10	84	194	278	156	71	1495690	1495690	903412	1	1	0.302158273381295	0.455128205128205	0.697841726618705	0.248502540373798	0.387561824633084	0.3773381085488	0.527281093139989	0.612438175366916	0.751497459626202
nobgs	V1_c1	emmax	A_unrestricted_marker	20	84	194	278	156	71	1495690	1495690	903412	1	1	0.302158273381295	0.455128205128205	0.697841726618705	0.248502540373798	0.387561824633084	0.3773381085488	0.527281093139989	0.612438175366916	0.751497459626202
nobgs	V1_c1.5	emmax	A_unrestricted_marker	1	27	218	245	274	33	1508205	1508205	807408	1	1	0.110204081632653	0.12043795620438	0.889795918367347	0.0766129032258065	0.151230493584557	0.0657870726085286	0.191729323308271	0.848769506415443	0.923387096774194
nobgs	V1_c1.5	emmax	A_unrestricted_marker	2	27	218	245	274	33	1508205	1508205	807408	1	1	0.110204081632653	0.12043795620438	0.889795918367347	0.0766129032258065	0.151230493584557	0.0657870726085286	0.191729323308271	0.848769506415443	0.923387096774194
nobgs	V1_c1.5	emmax	A_unrestricted_marker	3	27	218	245	274	33	1508205	1508205	807408	1	1	0.110204081632653	0.12043795620438	0.889795918367347	0.0766129032258065	0.151230493584557	0.0657870726085286	0.191729323308271	0.848769506415443	0.923387096774194
nobgs	V1_c1.5	emmax	A_unrestricted_marker	5	27	218	245	274	33	1508205	1508205	807408	1	1	0.110204081632653	0.12043795620438	0.889795918367347	0.0766129032258065	0.151230493584557	0.0657870726085286	0.191729323308271	0.848769506415443	0.923387096774194
nobgs	V1_c1.5	emmax	A_unrestricted_marker	10	27	218	245	274	33	1508205	1508205	807408	1	1	0.110204081632653	0.12043795620438	0.889795918367347	0.0766129032258065	0.151230493584557	0.0657870726085286	0.191729323308271	0.848769506415443	0.923387096774194
nobgs	V1_c1.5	emmax	A_unrestricted_marker	20	27	218	245	274	33	1508205	1508205	807408	1	1	0.110204081632653	0.12043795620438	0.889795918367347	0.0766129032258065	0.151230493584557	0.0657870726085286	0.191729323308271	0.848769506415443	0.923387096774194
nobgs	V2_c1	emmax	A_unrestricted_marker	1	54	101	155	128	49	1488482	1488482	901426	1	1	0.348387096774194	0.3828125	0.651612903225806	0.245962021172105	0.494847964177861	0.308940100430416	0.463414634146342	0.505152035822139	0.754037978827895
nobgs	V2_c1	emmax	A_unrestricted_marker	2	54	101	155	128	49	1488482	1488482	901426	1	1	0.348387096774194	0.3828125	0.651612903225806	0.245962021172105	0.494847964177861	0.308940100430416	0.463414634146342	0.505152035822139	0.754037978827895
nobgs	V2_c1	emmax	A_unrestricted_marker	3	54	101	155	128	49	1488482	1488482	901426	1	1	0.348387096774194	0.3828125	0.651612903225806	0.245962021172105	0.494847964177861	0.308940100430416	0.463414634146342	0.505152035822139	0.754037978827895
nobgs	V2_c1	emmax	A_unrestricted_marker	5	54	101	155	128	49	1488482	1488482	901426	1	1	0.348387096774194	0.3828125	0.651612903225806	0.245962021172105	0.494847964177861	0.308940100430416	0.463414634146342	0.505152035822139	0.754037978827895
nobgs	V2_c1	emmax	A_unrestricted_marker	10	54	101	155	128	49	1488482	1488482	901426	1	1	0.348387096774194	0.3828125	0.651612903225806	0.245962021172105	0.494847964177861	0.308940100430416	0.463414634146342	0.505152035822139	0.754037978827895
nobgs	V2_c1	emmax	A_unrestricted_marker	20	54	101	155	128	49	1488482	1488482	901426	1	1	0.348387096774194	0.3828125	0.651612903225806	0.245962021172105	0.494847964177861	0.308940100430416	0.463414634146342	0.505152035822139	0.754037978827895
nobgs	V2_c1.5	emmax	A_unrestricted_marker	1	21	193	214	196	21	1496487	1496487	812554	1	1	0.0981308411214953	0.107142857142857	0.901869158878505	0.0622142857142857	0.139040878769502	0.0706981879092432	0.144329896907216	0.860959121230498	0.937785714285714
nobgs	V2_c1.5	emmax	A_unrestricted_marker	2	21	193	214	196	21	1496487	1496487	812554	1	1	0.0981308411214953	0.107142857142857	0.901869158878505	0.0622142857142857	0.139040878769502	0.0706981879092432	0.144329896907216	0.860959121230498	0.937785714285714
nobgs	V2_c1.5	emmax	A_unrestricted_marker	3	21	193	214	196	21	1496487	1496487	812554	1	1	0.0981308411214953	0.107142857142857	0.901869158878505	0.0622142857142857	0.139040878769502	0.0706981879092432	0.144329896907216	0.860959121230498	0.937785714285714
nobgs	V2_c1.5	emmax	A_unrestricted_marker	5	21	193	214	196	21	1496487	1496487	812554	1	1	0.0981308411214953	0.107142857142857	0.901869158878505	0.0622142857142857	0.139040878769502	0.0706981879092432	0.144329896907216	0.860959121230498	0.937785714285714
nobgs	V2_c1.5	emmax	A_unrestricted_marker	10	21	193	214	196	21	1496487	1496487	812554	1	1	0.0981308411214953	0.107142857142857	0.901869158878505	0.0622142857142857	0.139040878769502	0.0706981879092432	0.144329896907216	0.860959121230498	0.937785714285714
nobgs	V2_c1.5	emmax	A_unrestricted_marker	20	21	193	214	196	21	1496487	1496487	812554	1	1	0.0981308411214953	0.107142857142857	0.901869158878505	0.0622142857142857	0.139040878769502	0.0706981879092432	0.144329896907216	0.860959121230498	0.937785714285714
bgs	V0.5_c1	emmax	B_floor_filtered_marker	1	110	188	298	167	91	1543807	1543807	887607	1	1	0.369127516778524	0.544910179640719	0.630872483221476	0.308097713097713	0.45076581027668	0.47018151348732	0.622109559949868	0.54923418972332	0.691902286902287
bgs	V0.5_c1	emmax	B_floor_filtered_marker	2	108	186	294	167	90	962915	962915	306715	0.624048986674786	0.954545454545454	0.36734693877551	0.538922155688623	0.63265306122449	0.307184575958043	0.436127600224517	0.449967948717949	0.620487120897383	0.563872399775484	0.692815424041957
bgs	V0.5_c1	emmax	B_floor_filtered_marker	3	109	164	273	167	90	614679	614679	132597	0.398797461864657	0.900673400673401	0.399267399267399	0.538922155688623	0.600732600732601	0.332225060301279	0.461856760374833	0.44998417721519	0.622093023255814	0.538143239625167	0.667774939698721
bgs	V0.5_c1	emmax	B_floor_filtered_marker	5	94	131	225	167	77	305535	305535	39152	0.19865829567821	0.730639730639731	0.417777777777778	0.461077844311377	0.582222222222222	0.349591522614255	0.507938629997454	0.369426751592357	0.548803665668236	0.492061370002547	0.650408477385745
bgs	V0.5_c1	emmax	B_floor_filtered_marker	10	60	50	110	167	51	106654	106654	6421	0.0695106747472505	0.393939393939394	0.545454545454545	0.305389221556886	0.454545454545455	0.455336850649351	0.64367816091954	0.231237980769231	0.390558387395737	0.35632183908046	0.544663149350649
bgs	V0.5_c1	emmax	B_floor_filtered_marker	20	23	17	40	167	21	41832	41832	1276	0.0272014586851409	0.131313131313131	0.575	0.125748502994012	0.425	0.372049956933678	0.8	0.0952380952380952	0.159515555232875	0.2	0.627950043066322
bgs	V0.5_c1.5	emmax	B_floor_filtered_marker	1	48	276	324	281	45	1615784	1615784	820259	1	1	0.148148148148148	0.160142348754448	0.851851851851852	0.123114611519134	0.178686499615936	0.118634047182776	0.2	0.821313500384065	0.876885388480866
bgs	V0.5_c1.5	emmax	B_floor_filtered_marker	2	51	339	390	281	48	1101389	1101389	305864	0.681824576375512	1	0.130769230769231	0.170818505338078	0.869230769230769	0.105392156862745	0.158611455748553	0.124558291949596	0.214815538194444	0.841388544251448	0.894607843137255
bgs	V0.5_c1.5	emmax	B_floor_filtered_marker	3	55	331	386	281	51	790759	790759	150549	0.489796832221647	0.984166666666667	0.142487046632124	0.181494661921708	0.857512953367876	0.11491271325156	0.174688040395656	0.137922355936126	0.22434217777043	0.825311959604344	0.88508728674844
bgs	V0.5_c1.5	emmax	B_floor_filtered_marker	5	59	306	365	281	57	472598	472598	54958	0.293076401681776	0.896666666666667	0.161643835616438	0.202846975088968	0.838356164383562	0.139344262295082	0.189258492638028	0.157718120805369	0.25278915620397	0.810741507361972	0.860655737704918
bgs	V0.5_c1.5	emmax	B_floor_filtered_marker	10	55	211	266	281	54	210170	210170	12559	0.130621393753192	0.693	0.206766917293233	0.192170818505338	0.793233082706767	0.182130035242581	0.238938053097345	0.153310104529617	0.235074626865672	0.761061946902655	0.817869964757419
bgs	V0.5_c1.5	emmax	B_floor_filtered_marker	20	37	99	136	281	35	84247	84247	2664	0.0524070018903702	0.353	0.272058823529412	0.124555160142349	0.727941176470588	0.214801587301587	0.321434815184815	0.082234492481203	0.167923212882954	0.678565184815185	0.785198412698413
bgs	V0.5_c2	emmax	B_floor_filtered_marker	1	54	2119	2173	369	50	1804009	1804009	629956	1	1	0.0248504371836171	0.13550135501355	0.975149562816383	0.0194195173083806	0.0308062579331379	0.11363478972551	0.160107530163381	0.969193742066862	0.980580482691619
bgs	V0.5_c2	emmax	B_floor_filtered_marker	2	62	2044	2106	369	57	1441627	1441627	267574	0.798952750539752	0.939166666666667	0.0294396961063628	0.154471544715447	0.970560303893637	0.0221252250791156	0.0379522627149942	0.127659574468085	0.182550932744232	0.962047737285006	0.977874774920885
bgs	V0.5_c2	emmax	B_floor_filtered_marker	3	57	1901	1958	369	54	1237515	1237515	165518	0.685696861591901	0.882833333333334	0.0291113381001021	0.146341463414634	0.970888661899898	0.0223769269020388	0.0364477642871347	0.122950819672131	0.171054390655784	0.963552235712865	0.977623073097961
bgs	V0.5_c2	emmax	B_floor_filtered_marker	5	60	1749	1809	369	57	972568	972568	86858	0.538709925759864	0.798666666666667	0.033167495854063	0.154471544715447	0.966832504145937	0.0268518722448302	0.039759378422782	0.134207218465157	0.17439012884283	0.960240621577218	0.97314812775517
bgs	V0.5_c2	emmax	B_floor_filtered_marker	10	57	1233	1290	369	55	625868	625868	32785	0.34640780530426	0.6	0.0441860465116279	0.149051490514905	0.955813953488372	0.0336978413018004	0.0552723193237691	0.123588727897099	0.174033149171271	0.944727680676231	0.9663021586982
bgs	V0.5_c2	emmax	B_floor_filtered_marker	20	30	578	608	369	32	328400	328400	10228	0.181568944305842	0.388666666666667	0.0493421052631579	0.0867208672086721	0.950657894736842	0.032637933946105	0.0719470038004684	0.064423705138892	0.108812878541881	0.928052996199532	0.967362066053895
bgs	V1_c1	emmax	B_floor_filtered_marker	1	96	141	237	143	75	1552470	1552470	900129	1	1	0.405063291139241	0.524475524475525	0.59493670886076	0.302418751207263	0.556818181818182	0.408751413591035	0.618722484698808	0.443181818181818	0.697581248792737
bgs	V1_c1	emmax	B_floor_filtered_marker	2	103	154	257	143	78	959774	959774	307433	0.618568237752791	0.991408934707904	0.400778210116732	0.545454545454545	0.599221789883269	0.309089583885502	0.537655086848635	0.439393939393939	0.631215005599104	0.462344913151365	0.690910416114498
bgs	V1_c1	emmax	B_floor_filtered_marker	3	88	131	219	143	66	609624	609624	132358	0.393430700442319	0.893470790378007	0.401826484018265	0.461538461538462	0.598173515981735	0.313584949815383	0.535963653754185	0.343065693430657	0.557826826382727	0.464036346245815	0.686415050184617
bgs	V1_c1	emmax	B_floor_filtered_marker	5	62	81	143	143	49	299336	299336	38550	0.193718882571686	0.628865979381443	0.433566433566434	0.342657342657343	0.566433566433567	0.338028169014085	0.583333333333333	0.241121420572708	0.42029216283578	0.416666666666667	0.661971830985916
bgs	V1_c1	emmax	B_floor_filtered_marker	10	25	37	62	143	21	103875	103875	6269	0.0674400946914189	0.286941580756014	0.403225806451613	0.146853146853147	0.596774193548387	0.282602301790281	0.576944444444444	0.0965417771883289	0.197183098591549	0.423055555555556	0.717397698209719
bgs	V1_c1	emmax	B_floor_filtered_marker	20	9	18	27	143	8	40918	40918	1243	0.0264823108918906	0.109965635738832	0.333333333333333	0.0559440559440559	0.666666666666667	0.181818181818182	0.470588235294118	0.0263157894736842	0.0928571428571429	0.529411764705882	0.818181818181818
bgs	V1_c1.5	emmax	B_floor_filtered_marker	1	30	288	318	256	26	1621446	1621446	824393	1	1	0.0943396226415094	0.1015625	0.905660377358491	0.0743238013555351	0.115245210180154	0.0643939393939394	0.140971904875062	0.884754789819846	0.925676198644465
bgs	V1_c1.5	emmax	B_floor_filtered_marker	2	38	336	374	256	35	1104963	1104963	307910	0.681481290332276	0.9975	0.101604278074866	0.13671875	0.898395721925134	0.0774311209439528	0.128212290502793	0.0992063492063492	0.176083871131987	0.871787709497207	0.922568879056047
bgs	V1_c1.5	emmax	B_floor_filtered_marker	3	43	328	371	256	40	790645	790645	150751	0.487730100522708	0.983333333333333	0.115902964959569	0.15625	0.884097035040431	0.0869565217391304	0.147769719887096	0.114893617021277	0.205486498675235	0.852230280112904	0.91304347826087
bgs	V1_c1.5	emmax	B_floor_filtered_marker	5	43	284	327	256	40	469951	469951	54495	0.29002006349893	0.869666666666667	0.131498470948012	0.15625	0.868501529051988	0.0994891101601931	0.166144898281908	0.116190804245764	0.198416279869348	0.833855101718092	0.900510889839807
bgs	V1_c1.5	emmax	B_floor_filtered_marker	10	40	167	207	256	39	209390	209390	12459	0.129264729510638	0.601166666666667	0.193236714975845	0.15234375	0.806763285024155	0.15948275862069	0.223809523809524	0.123989887640449	0.197047804065774	0.776190476190476	0.84051724137931
bgs	V1_c1.5	emmax	B_floor_filtered_marker	20	24	82	106	256	24	84980	84980	2710	0.0524570901203831	0.346333333333333	0.226415094339623	0.09375	0.773584905660377	0.168312450714098	0.297297297297297	0.0599940239043825	0.137781609195402	0.702702702702703	0.831687549285902
bgs	V2_c1	emmax	B_floor_filtered_marker	1	36	63	99	121	29	1551174	1551174	901025	1	1	0.363636363636364	0.239669421487603	0.636363636363636	0.270588235294118	0.43751291322314	0.155036030134294	0.349093075277183	0.56248708677686	0.729411764705882
bgs	V2_c1	emmax	B_floor_filtered_marker	2	39	45	84	121	30	957402	957402	307253	0.61752426444722	0.962962962962963	0.464285714285714	0.247933884297521	0.535714285714286	0.36707805907173	0.545477975632615	0.178847608243524	0.330099377175307	0.454522024367385	0.63292194092827
bgs	V2_c1	emmax	B_floor_filtered_marker	3	34	42	76	121	28	607270	607270	132187	0.392269149630789	0.907407407407407	0.447368421052632	0.231404958677686	0.552631578947369	0.380935613682093	0.517857142857143	0.17031279178338	0.324335874335874	0.482142857142857	0.619064386317907
bgs	V2_c1	emmax	B_floor_filtered_marker	5	29	29	58	121	23	296453	296453	38204	0.192094650139142	0.681481481481482	0.5	0.190082644628099	0.5	0.410714285714286	0.576271186440678	0.10342617152962	0.291002435064935	0.423728813559322	0.589285714285714
bgs	V2_c1	emmax	B_floor_filtered_marker	10	16	7	23	121	16	101849	101849	6116	0.0662856599462138	0.340740740740741	0.695652173913044	0.132231404958678	0.304347826086957	0.533333333333333	0.826086956521739	0.0655737704918033	0.205607476635514	0.173913043478261	0.466666666666667
bgs	V2_c1	emmax	B_floor_filtered_marker	20	8	2	10	121	8	39202	39202	1148	0.0254710176491372	0.103703703703704	0.8	0.0661157024793388	0.2	0.444444444444444	1	0.025	0.108113738738739	0	0.555555555555556
bgs	V2_c1.5	emmax	B_floor_filtered_marker	1	20	249	269	190	18	1623067	1623067	831645	1	1	0.0743494423791822	0.0947368421052632	0.925650557620818	0.0546218487394958	0.095625615618706	0.0742857142857143	0.113209870805837	0.904374384381294	0.945378151260504
bgs	V2_c1.5	emmax	B_floor_filtered_marker	2	21	286	307	190	19	1102958	1102958	311536	0.679611465910304	0.994845360824742	0.0684039087947883	0.1	0.931596091205212	0.0534534399885214	0.0863331556976641	0.0785314649419977	0.120481927710843	0.913666844302336	0.946546560011478
bgs	V2_c1.5	emmax	B_floor_filtered_marker	3	20	268	288	190	18	781542	781542	150828	0.481699353536181	0.973367697594502	0.0694444444444445	0.0947368421052632	0.930555555555556	0.0479008543422709	0.0970201077943615	0.0645161290322581	0.121387283236994	0.902979892205639	0.952099145657729
bgs	V2_c1.5	emmax	B_floor_filtered_marker	5	20	221	241	190	19	459268	459268	53954	0.283271953529065	0.812714776632302	0.0829875518672199	0.1	0.91701244813278	0.0519931034482759	0.122149103565266	0.0618556701030928	0.141031073446328	0.877850896434734	0.948006896551724
bgs	V2_c1.5	emmax	B_floor_filtered_marker	10	15	136	151	190	15	198744	198744	11870	0.122715345132497	0.505154639175258	0.0993377483443709	0.0789473684210526	0.900662251655629	0.0650887573964497	0.133860025309336	0.0438918345705196	0.116959064327485	0.866139974690664	0.93491124260355
bgs	V2_c1.5	emmax	B_floor_filtered_marker	20	6	42	48	190	6	79819	79819	2531	0.0493077474559215	0.225945017182131	0.125	0.0315789473684211	0.875	0.0465116279069768	0.209302325581395	0.0100489949748744	0.0579008567931456	0.790697674418605	0.953488372093023
nobgs	V0.5_c1	emmax	B_floor_filtered_marker	1	150	244	394	204	119	1488756	1488756	889227	1	1	0.380710659898477	0.583333333333333	0.619289340101523	0.33252822731072	0.444099378881988	0.504807692307692	0.670218810444874	0.555900621118012	0.66747177268928
nobgs	V0.5_c1	emmax	B_floor_filtered_marker	2	145	204	349	204	113	890974	890974	291445	0.598619328179086	0.955387205387206	0.415472779369628	0.553921568627451	0.584527220630373	0.366744167820476	0.468558372641509	0.454496473354232	0.644329896907217	0.531441627358491	0.633255832179524
nobgs	V0.5_c1	emmax	B_floor_filtered_marker	3	140	191	331	204	110	549928	549928	120922	0.36971373862631	0.898989898989899	0.422960725075529	0.53921568627451	0.577039274924471	0.354166666666667	0.503049721469437	0.427312775330396	0.628426567517323	0.496950278530563	0.645833333333333
nobgs	V0.5_c1	emmax	B_floor_filtered_marker	5	110	158	268	204	92	262000	262000	33721	0.176435909648208	0.711279461279461	0.41044776119403	0.450980392156863	0.58955223880597	0.340234170591313	0.509617718446602	0.327272727272727	0.548728323699422	0.490382281553398	0.659765829408687
nobgs	V0.5_c1	emmax	B_floor_filtered_marker	10	58	72	130	204	57	89927	89927	5238	0.0606830460442905	0.375420875420876	0.446153846153846	0.279411764705882	0.553846153846154	0.348476430976431	0.560008620689655	0.2	0.34703196347032	0.439991379310345	0.651523569023569
nobgs	V0.5_c1	emmax	B_floor_filtered_marker	20	22	22	44	204	25	38190	38190	1127	0.0257428641503537	0.170875420875421	0.5	0.122549019607843	0.5	0.419983870967742	0.653846153846154	0.0748638112849218	0.175006443298969	0.346153846153846	0.580016129032258
nobgs	V0.5_c1.5	emmax	B_floor_filtered_marker	1	58	312	370	265	53	1518170	1518170	806474	1	1	0.156756756756757	0.2	0.843243243243243	0.0989616385297052	0.239485560966531	0.151724137931034	0.264466025661639	0.760514439033469	0.901038361470295
nobgs	V0.5_c1.5	emmax	B_floor_filtered_marker	2	64	361	425	265	57	1004071	1004071	292375	0.661329586067138	0.971666666666667	0.150588235294118	0.215094339622642	0.849411764705882	0.0919876598451685	0.222598867229716	0.159722222222222	0.289067342458678	0.777401132770284	0.908012340154831
nobgs	V0.5_c1.5	emmax	B_floor_filtered_marker	3	65	353	418	265	58	694355	694355	137517	0.457306068562559	0.945833333333333	0.155502392344498	0.218867924528302	0.844497607655502	0.102737772800667	0.212356066559606	0.166666666666667	0.279543261129324	0.787643933440394	0.897262227199333
nobgs	V0.5_c1.5	emmax	B_floor_filtered_marker	5	69	287	356	265	60	393667	393667	47035	0.259231644863704	0.8375	0.193820224719101	0.226415094339623	0.806179775280899	0.128437590243686	0.274222767648434	0.179100549882168	0.282162557969246	0.725777232351566	0.871562409756314
nobgs	V0.5_c1.5	emmax	B_floor_filtered_marker	10	55	181	236	265	51	163086	163086	9580	0.107351993533077	0.623166666666667	0.233050847457627	0.192452830188679	0.766949152542373	0.158812568505663	0.317948717948718	0.152985074626866	0.237154150197628	0.682051282051282	0.841187431494337
nobgs	V0.5_c1.5	emmax	B_floor_filtered_marker	20	35	76	111	265	36	67319	67319	2052	0.044292618748481	0.358833333333333	0.315315315315315	0.135849056603774	0.684684684684685	0.242183767914013	0.421700133868809	0.0979001976284585	0.182156494049163	0.578299866131191	0.757816232085987
nobgs	V0.5_c2	emmax	B_floor_filtered_marker	1	35	1249	1284	346	33	1553729	1553729	582316	1	1	0.0272585669781931	0.0953757225433526	0.972741433021807	0.0225388461251289	0.0312030145541262	0.0775569703555195	0.112462006079027	0.968796985445874	0.977461153874871
nobgs	V0.5_c2	emmax	B_floor_filtered_marker	2	34	1284	1318	346	32	1213743	1213743	242330	0.780979538317233	0.86	0.0257966616084977	0.092485549132948	0.974203338391502	0.021192365835223	0.0302606940757939	0.0777777777777778	0.10632183908046	0.969739305924206	0.978807634164777
nobgs	V0.5_c2	emmax	B_floor_filtered_marker	3	35	1273	1308	346	33	1018343	1018343	144630	0.655089270978016	0.755333333333333	0.0267584097859327	0.0953757225433526	0.973241590214067	0.0201639255180409	0.034377444414374	0.0710176973345352	0.121546961325967	0.965622555585626	0.979836074481959
nobgs	V0.5_c2	emmax	B_floor_filtered_marker	5	32	1138	1170	346	30	775111	775111	72264	0.498365991293608	0.6735	0.0273504273504274	0.0867052023121387	0.972649572649573	0.0191967892567453	0.0368867600742954	0.0604210073966038	0.116022099447514	0.963113239925705	0.980803210743255
nobgs	V0.5_c2	emmax	B_floor_filtered_marker	10	29	733	762	346	26	475332	475332	25329	0.305298730808876	0.525	0.0380577427821522	0.0751445086705202	0.961942257217848	0.0255100328722093	0.0490201942020828	0.0505952380952381	0.0972683568336802	0.950979805797917	0.974489967127791
nobgs	V0.5_c2	emmax	B_floor_filtered_marker	20	14	251	265	346	14	238379	238379	7193	0.152870259486986	0.315166666666667	0.0528301886792453	0.0404624277456647	0.947169811320755	0.0278880991712592	0.0847506707676199	0.0212105190881626	0.0607734806629834	0.91524932923238	0.972111900828741
nobgs	V1_c1	emmax	B_floor_filtered_marker	1	84	194	278	156	71	1495690	1495690	903412	1	1	0.302158273381295	0.455128205128205	0.697841726618705	0.248502540373798	0.387561824633084	0.3773381085488	0.527281093139989	0.612438175366916	0.751497459626202
nobgs	V1_c1	emmax	B_floor_filtered_marker	2	87	174	261	156	69	885007	885007	292729	0.591669535780024	0.984848484848485	0.333333333333333	0.442307692307692	0.666666666666667	0.280513413921718	0.431048094373866	0.366448463443348	0.506581140350877	0.568951905626134	0.719486586078282
nobgs	V1_c1	emmax	B_floor_filtered_marker	3	80	139	219	156	66	540121	540121	120286	0.361097573336313	0.919191919191919	0.365296803652968	0.423076923076923	0.634703196347032	0.304137635457133	0.473060878243513	0.352555031446541	0.493421052631579	0.526939121756487	0.695862364542867
nobgs	V1_c1	emmax	B_floor_filtered_marker	5	67	100	167	156	54	251211	251211	32700	0.167943823490799	0.69023569023569	0.401197604790419	0.346153846153846	0.598802395209581	0.331071770589487	0.513936403508772	0.261744966442953	0.430379746835443	0.486063596491228	0.668928229410513
nobgs	V1_c1	emmax	B_floor_filtered_marker	10	45	55	100	156	43	84062	84062	4978	0.056177488793605	0.422558922558923	0.45	0.275641025641026	0.55	0.367647058823529	0.558823529411765	0.212903225806452	0.348101265822785	0.441176470588235	0.632352941176471
nobgs	V1_c1	emmax	B_floor_filtered_marker	20	25	14	39	156	29	33867	33867	1000	0.0226032516178263	0.18013468013468	0.641025641025641	0.185897435897436	0.358974358974359	0.518501984126984	0.8	0.0908944281524927	0.2875	0.2	0.481498015873016
nobgs	V1_c1.5	emmax	B_floor_filtered_marker	1	27	218	245	274	33	1508205	1508205	807408	1	1	0.110204081632653	0.12043795620438	0.889795918367347	0.0766129032258065	0.151230493584557	0.0657870726085286	0.191729323308271	0.848769506415443	0.923387096774194
nobgs	V1_c1.5	emmax	B_floor_filtered_marker	2	32	267	299	274	36	991552	991552	290755	0.657419694448112	0.991666666666667	0.107023411371237	0.131386861313869	0.892976588628762	0.0750853242320819	0.135313531353135	0.0716554211261052	0.209882547917567	0.864686468646865	0.924914675767918
nobgs	V1_c1.5	emmax	B_floor_filtered_marker	3	32	246	278	274	35	682730	682730	136344	0.452654634638628	0.934333333333333	0.115107913669065	0.127737226277372	0.884892086330935	0.0829870988783997	0.142336091123984	0.0740651709401709	0.192307692307692	0.857663908876016	0.9170129011216
nobgs	V1_c1.5	emmax	B_floor_filtered_marker	5	29	168	197	274	31	384311	384311	46451	0.254808724975971	0.835666666666667	0.147208121827411	0.113138686131387	0.852791878172589	0.110525588833963	0.179592332078462	0.0682574464784363	0.167347365724532	0.820407667921538	0.889474411166037
nobgs	V1_c1.5	emmax	B_floor_filtered_marker	10	22	104	126	274	26	157111	157111	9466	0.104197365558696	0.555	0.174603174603175	0.0948905109489051	0.825396825396825	0.142857142857143	0.204303037438192	0.051115765795136	0.152955821332682	0.795696962561808	0.857142857142857
nobgs	V1_c1.5	emmax	B_floor_filtered_marker	20	14	43	57	274	16	60927	60927	1930	0.040444535642772	0.284333333333333	0.245614035087719	0.0583941605839416	0.754385964912281	0.169811320754717	0.34486074270557	0.0260586319218241	0.099585857140586	0.65513925729443	0.830188679245283
nobgs	V2_c1	emmax	B_floor_filtered_marker	1	54	101	155	128	49	1488482	1488482	901426	1	1	0.348387096774194	0.3828125	0.651612903225806	0.245962021172105	0.494847964177861	0.308940100430416	0.463414634146342	0.505152035822139	0.754037978827895
nobgs	V2_c1	emmax	B_floor_filtered_marker	2	53	91	144	128	45	878415	878415	291359	0.590134865142537	0.943262411347518	0.368055555555556	0.3515625	0.631944444444445	0.255177331349206	0.511657722122838	0.25	0.44883873527437	0.488342277877162	0.744822668650794
nobgs	V2_c1	emmax	B_floor_filtered_marker	3	52	77	129	128	46	532985	532985	118644	0.358045258127451	0.891843971631206	0.403100775193798	0.359375	0.596899224806202	0.299264956681902	0.54	0.258058215725806	0.464	0.46	0.700735043318098
nobgs	V2_c1	emmax	B_floor_filtered_marker	5	55	69	124	128	43	247641	247641	32140	0.166330371257221	0.696808510638298	0.443548387096774	0.3359375	0.556451612903226	0.373559580969009	0.531919773570174	0.234348958333333	0.448289437958186	0.468080226429826	0.626440419030991
nobgs	V2_c1	emmax	B_floor_filtered_marker	10	36	35	71	128	30	84222	84222	5028	0.0565533039695493	0.480496453900709	0.507042253521127	0.234375	0.492957746478873	0.431573787409701	0.628571428571429	0.159968253968254	0.32	0.371428571428571	0.568426212590299
nobgs	V2_c1	emmax	B_floor_filtered_marker	20	20	19	39	128	20	34738	34738	1095	0.0233759799066732	0.24468085106383	0.512820512820513	0.15625	0.487179487179487	0.318181818181818	0.764705882352941	0.0655531312654794	0.270491803278689	0.235294117647059	0.681818181818182
nobgs	V2_c1.5	emmax	B_floor_filtered_marker	1	21	193	214	196	21	1496487	1496487	812554	1	1	0.0981308411214953	0.107142857142857	0.901869158878505	0.0622142857142857	0.139040878769502	0.0706981879092432	0.144329896907216	0.860959121230498	0.937785714285714
nobgs	V2_c1.5	emmax	B_floor_filtered_marker	2	25	224	249	196	25	974721	974721	290788	0.651287817562053	0.926116838487972	0.100401606425703	0.127551020408163	0.899598393574297	0.0759888888888889	0.130001121076233	0.0931344049247606	0.166666666666667	0.869998878923767	0.924011111111111
nobgs	V2_c1.5	emmax	B_floor_filtered_marker	3	25	214	239	196	24	661903	661903	134379	0.442231124882265	0.859965635738832	0.104602510460251	0.122448979591837	0.895397489539749	0.0794392523364486	0.135928027713205	0.0865371621621622	0.164023199023199	0.864071972286795	0.920560747663551
nobgs	V2_c1.5	emmax	B_floor_filtered_marker	5	25	160	185	196	24	362501	362501	44206	0.242129574193849	0.753436426116839	0.135135135135135	0.122448979591837	0.864864864864865	0.0974271844660194	0.175194811599921	0.0858549783549784	0.164837997054492	0.824805188400079	0.902572815533981
nobgs	V2_c1.5	emmax	B_floor_filtered_marker	10	26	92	118	196	26	145066	145066	8778	0.0968686177548025	0.457903780068729	0.220338983050847	0.13265306122449	0.779661016949153	0.184857363998231	0.259846456692913	0.097079549013467	0.176775568181818	0.740153543307087	0.815142636001769
nobgs	V2_c1.5	emmax	B_floor_filtered_marker	20	18	44	62	196	18	56734	56734	1780	0.0378942037428732	0.236254295532646	0.290322580645161	0.0918367346938776	0.709677419354839	0.203125	0.391325660699062	0.059699780911954	0.139538131739639	0.608674339300938	0.796875
bgs	V0.5_c1	emmax	C_stage1_simes	1	85	55	140	167	79	887607	1543807	887607	1	1	0.607142857142857	0.473053892215569	0.392857142857143	0.523477397207437	0.703703703703704	0.41566265060241	0.523262653898769	0.296296296296296	0.476522602792563
bgs	V0.5_c1	emmax	C_stage1_simes	2	84	76	160	167	77	306715	962915	306715	0.624048986674786	0.954545454545454	0.525	0.461077844311377	0.475	0.421046117769672	0.637183819942861	0.388535031847134	0.519558596092542	0.362816180057139	0.578953882230328
bgs	V0.5_c1	emmax	C_stage1_simes	3	90	84	174	167	80	132597	614679	132597	0.398797461864657	0.900673400673401	0.517241379310345	0.479041916167665	0.482758620689655	0.450495049504951	0.594777993842165	0.394904458598726	0.567255568697023	0.405222006157835	0.54950495049505
bgs	V0.5_c1	emmax	C_stage1_simes	5	83	62	145	167	72	39152	305535	39152	0.19865829567821	0.730639730639731	0.572413793103448	0.431137724550898	0.427586206896552	0.5	0.659589960751911	0.337167227662179	0.524136833046471	0.340410039248089	0.5
bgs	V0.5_c1	emmax	C_stage1_simes	10	53	27	80	167	49	6421	106654	6421	0.0695106747472505	0.393939393939394	0.6625	0.293413173652695	0.3375	0.571387043189369	0.756410256410256	0.222204641350211	0.37716196013289	0.243589743589744	0.428612956810631
bgs	V0.5_c1	emmax	C_stage1_simes	20	22	13	35	167	21	1276	41832	1276	0.0272014586851409	0.131313131313131	0.628571428571429	0.125748502994012	0.371428571428571	0.457142857142857	0.807692307692308	0.0952380952380952	0.159515555232875	0.192307692307692	0.542857142857143
bgs	V0.5_c1.5	emmax	C_stage1_simes	1	24	70	94	281	22	820259	1615784	820259	1	1	0.25531914893617	0.0782918149466192	0.74468085106383	0.19047619047619	0.333333333333333	0.0515419785341054	0.111524163568773	0.666666666666667	0.80952380952381
bgs	V0.5_c1.5	emmax	C_stage1_simes	2	35	157	192	281	32	305864	1101389	305864	0.681824576375512	1	0.182291666666667	0.113879003558719	0.817708333333333	0.153477693402943	0.218579234972678	0.08	0.152671755725191	0.781420765027322	0.846522306597058
bgs	V0.5_c1.5	emmax	C_stage1_simes	3	35	167	202	281	33	150549	790759	150549	0.489796832221647	0.984166666666667	0.173267326732673	0.117437722419929	0.826732673267327	0.145621576178337	0.198214834152334	0.0864977329674263	0.152345565171933	0.801785165847666	0.854378423821663
bgs	V0.5_c1.5	emmax	C_stage1_simes	5	42	153	195	281	39	54958	472598	54958	0.293076401681776	0.896666666666667	0.215384615384615	0.138790035587189	0.784615384615385	0.178895204538404	0.256887287024902	0.103673163418291	0.175782323145604	0.743112712975098	0.821104795461596
bgs	V0.5_c1.5	emmax	C_stage1_simes	10	42	111	153	281	40	12559	210170	12559	0.130621393753192	0.693	0.274509803921569	0.142348754448399	0.725490196078431	0.230769230769231	0.330714326176854	0.102023579702151	0.183530285419088	0.669285673823146	0.769230769230769
bgs	V0.5_c1.5	emmax	C_stage1_simes	20	31	64	95	281	31	2664	84247	2664	0.0524070018903702	0.353	0.326315789473684	0.110320284697509	0.673684210526316	0.261363636363636	0.385546471600688	0.0719119777090391	0.149094979647218	0.614453528399312	0.738636363636364
bgs	V0.5_c2	emmax	C_stage1_simes	1	25	955	980	369	27	629956	1804009	629956	1	1	0.0255102040816327	0.0731707317073171	0.974489795918367	0.017579719094555	0.033120126705653	0.0469613259668508	0.10079575596817	0.966879873294347	0.982420280905445
bgs	V0.5_c2	emmax	C_stage1_simes	2	29	1220	1249	369	31	267574	1441627	267574	0.798952750539752	0.939166666666667	0.0232185748598879	0.0840108401084011	0.976781425140112	0.0156895127993394	0.0306040157998683	0.0533333333333333	0.115683939926938	0.969395984200132	0.984310487200661
bgs	V0.5_c2	emmax	C_stage1_simes	3	31	1266	1297	369	33	165518	1237515	165518	0.685696861591901	0.882833333333334	0.0239013107170393	0.0894308943089431	0.976098689282961	0.017455766289506	0.0303991828225331	0.0600483096714534	0.119047619047619	0.969600817177467	0.982544233710494
bgs	V0.5_c2	emmax	C_stage1_simes	5	38	1293	1331	369	40	86858	972568	86858	0.538709925759864	0.798666666666667	0.02854996243426	0.10840108401084	0.97145003756574	0.023574144486692	0.0333834511715097	0.0821440050229096	0.1340213095271	0.96661654882849	0.976425855513308
bgs	V0.5_c2	emmax	C_stage1_simes	10	39	956	995	369	42	32785	625868	32785	0.34640780530426	0.6	0.0391959798994975	0.113821138211382	0.960804020100502	0.0314032198877839	0.046875	0.0857869965784368	0.140112433862434	0.953125	0.968596780112216
bgs	V0.5_c2	emmax	C_stage1_simes	20	23	454	477	369	27	10228	328400	10228	0.181568944305842	0.388666666666667	0.0482180293501048	0.0731707317073171	0.951781970649895	0.0340897001934236	0.0645919789780647	0.0536146982379305	0.0932650040030816	0.935408021021935	0.965910299806576
bgs	V1_c1	emmax	C_stage1_simes	1	80	55	135	143	69	900129	1552470	900129	1	1	0.592592592592593	0.482517482517483	0.407407407407407	0.5	0.717005321722303	0.377618904274533	0.579710144927536	0.282994678277697	0.5
bgs	V1_c1	emmax	C_stage1_simes	2	86	64	150	143	72	307433	959774	307433	0.618568237752791	0.991408934707904	0.573333333333333	0.503496503496504	0.426666666666667	0.491788898475697	0.674418604651163	0.408770090845563	0.59443095072866	0.325581395348837	0.508211101524303
bgs	V1_c1	emmax	C_stage1_simes	3	76	61	137	143	62	132358	609624	132358	0.393430700442319	0.893470790378007	0.554744525547445	0.433566433566434	0.445255474452555	0.490309414088216	0.644633892021318	0.323706692540704	0.523446800595238	0.355366107978682	0.509690585911784
bgs	V1_c1	emmax	C_stage1_simes	5	56	42	98	143	47	38550	299336	38550	0.193718882571686	0.628865979381443	0.571428571428571	0.328671328671329	0.428571428571429	0.456512204424104	0.727300785634119	0.231279434850863	0.402905093144028	0.272699214365881	0.543487795575896
bgs	V1_c1	emmax	C_stage1_simes	10	24	25	49	143	21	6269	103875	6269	0.0674400946914189	0.286941580756014	0.489795918367347	0.146853146853147	0.510204081632653	0.338703473945409	0.677448156682028	0.0965417771883289	0.197183098591549	0.322551843317972	0.66129652605459
bgs	V1_c1	emmax	C_stage1_simes	20	8	14	22	143	8	1243	40918	1243	0.0264823108918906	0.109965635738832	0.363636363636364	0.0559440559440559	0.636363636363636	0.227272727272727	0.478260869565217	0.0263157894736842	0.0928571428571429	0.521739130434783	0.772727272727273
bgs	V1_c1.5	emmax	C_stage1_simes	1	18	112	130	256	18	824393	1621446	824393	1	1	0.138461538461538	0.0703125	0.861538461538462	0.0977443609022556	0.184873949579832	0.0405405405405405	0.105733470025782	0.815126050420168	0.902255639097744
bgs	V1_c1.5	emmax	C_stage1_simes	2	20	164	184	256	20	307910	1104963	307910	0.681481290332276	0.9975	0.108695652173913	0.078125	0.891304347826087	0.0711092896174864	0.155406280632965	0.0461524822695036	0.113447671645077	0.844593719367035	0.928890710382514
bgs	V1_c1.5	emmax	C_stage1_simes	3	25	184	209	256	25	150751	790645	150751	0.487730100522708	0.983333333333333	0.119617224880383	0.09765625	0.880382775119617	0.0772279549718574	0.158415841584158	0.0535680207197383	0.150629047973864	0.841584158415842	0.922772045028142
bgs	V1_c1.5	emmax	C_stage1_simes	5	26	180	206	256	24	54495	469951	54495	0.29002006349893	0.869666666666667	0.12621359223301	0.09375	0.87378640776699	0.0919540229885057	0.157906644439152	0.0613718411552347	0.127194976076555	0.842093355560848	0.908045977011494
bgs	V1_c1.5	emmax	C_stage1_simes	10	26	113	139	256	26	12459	209390	12459	0.129264729510638	0.601166666666667	0.18705035971223	0.1015625	0.81294964028777	0.153846153846154	0.220705200678349	0.0696803619821912	0.142180638288621	0.779294799321651	0.846153846153846
bgs	V1_c1.5	emmax	C_stage1_simes	20	18	68	86	256	18	2710	84980	2710	0.0524570901203831	0.346333333333333	0.209302325581395	0.0703125	0.790697674418605	0.128571428571429	0.289866760168303	0.0357079533941236	0.116469015073748	0.710133239831697	0.871428571428572
bgs	V2_c1	emmax	C_stage1_simes	1	26	45	71	121	23	901025	1551174	901025	1	1	0.366197183098592	0.190082644628099	0.633802816901409	0.23728813559322	0.469956854444806	0.115694532739987	0.289719626168224	0.530043145555194	0.76271186440678
bgs	V2_c1	emmax	C_stage1_simes	2	35	35	70	121	28	307253	957402	307253	0.61752426444722	0.962962962962963	0.5	0.231404958677686	0.5	0.367610811930406	0.623417207792208	0.170542635658915	0.300020325203252	0.376582792207792	0.632389188069594
bgs	V2_c1	emmax	C_stage1_simes	3	27	30	57	121	24	132187	607270	132187	0.392269149630789	0.907407407407407	0.473684210526316	0.198347107438017	0.526315789473684	0.366634615384615	0.578947368421053	0.139068248712288	0.28184819897084	0.421052631578947	0.633365384615385
bgs	V2_c1	emmax	C_stage1_simes	5	27	16	43	121	22	38204	296453	38204	0.192094650139142	0.681481481481482	0.627906976744186	0.181818181818182	0.372093023255814	0.5	0.727272727272727	0.100755813953488	0.285774818401937	0.272727272727273	0.5
bgs	V2_c1	emmax	C_stage1_simes	10	16	4	20	121	16	6116	101849	6116	0.0662856599462138	0.340740740740741	0.8	0.132231404958678	0.2	0.529411764705882	0.962996031746032	0.0655737704918033	0.205607476635514	0.0370039682539683	0.470588235294118
bgs	V2_c1	emmax	C_stage1_simes	20	8	2	10	121	8	1148	39202	1148	0.0254710176491372	0.103703703703704	0.8	0.0661157024793388	0.2	0.444444444444444	1	0.025	0.108113738738739	0	0.555555555555556
bgs	V2_c1.5	emmax	C_stage1_simes	1	11	112	123	190	10	831645	1623067	831645	1	1	0.0894308943089431	0.0526315789473684	0.910569105691057	0.048	0.141179667519182	0.0287315270935961	0.0748663101604278	0.858820332480818	0.952
bgs	V2_c1.5	emmax	C_stage1_simes	2	17	159	176	190	16	311536	1102958	311536	0.679611465910304	0.994845360824742	0.0965909090909091	0.0842105263157895	0.903409090909091	0.0648619482792145	0.134977444965716	0.0601092896174863	0.106800632196884	0.865022555034284	0.935138051720785
bgs	V2_c1.5	emmax	C_stage1_simes	3	16	171	187	190	15	150828	781542	150828	0.481699353536181	0.973367697594502	0.0855614973262032	0.0789473684210526	0.914438502673797	0.0552424033149171	0.120880398671096	0.0515434462444772	0.101697452552522	0.879119601328904	0.944757596685083
bgs	V2_c1.5	emmax	C_stage1_simes	5	17	154	171	190	16	53954	459268	53954	0.283271953529065	0.812714776632302	0.0994152046783626	0.0842105263157895	0.900584795321637	0.0709136420525657	0.129943502824859	0.057139156180607	0.110566722501396	0.870056497175141	0.929086357947434
bgs	V2_c1.5	emmax	C_stage1_simes	10	13	100	113	190	13	11870	198744	11870	0.122715345132497	0.505154639175258	0.115044247787611	0.068421052631579	0.88495575221239	0.0733889013202059	0.153153153153153	0.035524067035686	0.104401993355482	0.846846846846847	0.926611098679794
bgs	V2_c1.5	emmax	C_stage1_simes	20	6	33	39	190	6	2531	79819	2531	0.0493077474559215	0.225945017182131	0.153846153846154	0.0315789473684211	0.846153846153846	0.0571428571428571	0.25	0.0100489949748744	0.0579008567931456	0.75	0.942857142857143
nobgs	V0.5_c1	emmax	C_stage1_simes	1	111	61	172	204	102	889227	1488756	889227	1	1	0.645348837209302	0.5	0.354651162790698	0.552631578947369	0.74496644295302	0.430933898553916	0.575418994413408	0.25503355704698	0.447368421052632
nobgs	V0.5_c1	emmax	C_stage1_simes	2	120	66	186	204	106	291445	890974	291445	0.598619328179086	0.955387205387206	0.645161290322581	0.519607843137255	0.354838709677419	0.56147504456328	0.718395106339046	0.427272727272727	0.614993667323389	0.281604893660954	0.43852495543672
nobgs	V0.5_c1	emmax	C_stage1_simes	3	120	62	182	204	104	120922	549928	120922	0.36971373862631	0.898989898989899	0.659340659340659	0.509803921568627	0.340659340659341	0.58936741088915	0.735635161693765	0.402003467117246	0.611119047619048	0.264364838306236	0.41063258911085
nobgs	V0.5_c1	emmax	C_stage1_simes	5	93	62	155	204	90	33721	262000	33721	0.176435909648208	0.711279461279461	0.6	0.441176470588235	0.4	0.523527113970588	0.700703587886768	0.317389214046823	0.545477975632615	0.299296412113232	0.476472886029412
nobgs	V0.5_c1	emmax	C_stage1_simes	10	52	37	89	204	57	5238	89927	5238	0.0606830460442905	0.375420875420876	0.584269662921348	0.279411764705882	0.415730337078652	0.46921875	0.702702702702703	0.2	0.34703196347032	0.297297297297297	0.53078125
nobgs	V0.5_c1	emmax	C_stage1_simes	20	20	12	32	204	24	1127	38190	1127	0.0257428641503537	0.170875420875421	0.625	0.117647058823529	0.375	0.5	0.833333333333333	0.0717937219730942	0.165746594971489	0.166666666666667	0.5
nobgs	V0.5_c1.5	emmax	C_stage1_simes	1	39	86	125	265	39	806474	1518170	806474	1	1	0.312	0.147169811320755	0.688	0.227264667956157	0.42149728822314	0.10727969348659	0.210121749737508	0.578502711776859	0.772735332043843
nobgs	V0.5_c1.5	emmax	C_stage1_simes	2	44	158	202	265	42	292375	1004071	292375	0.661329586067138	0.971666666666667	0.217821782178218	0.158490566037736	0.782178217821782	0.146221197194857	0.321057403872375	0.115935269305646	0.218759337649402	0.678942596127625	0.853778802805143
nobgs	V0.5_c1.5	emmax	C_stage1_simes	3	44	177	221	265	42	137517	694355	137517	0.457306068562559	0.945833333333333	0.199095022624434	0.158490566037736	0.800904977375566	0.135799367206402	0.273930502365398	0.111091954022989	0.218266369047619	0.726069497634602	0.864200632793598
nobgs	V0.5_c1.5	emmax	C_stage1_simes	5	51	148	199	265	49	47035	393667	47035	0.259231644863704	0.8375	0.256281407035176	0.184905660377358	0.743718592964824	0.190903805496829	0.33007927955665	0.144366197183099	0.234841677364142	0.66992072044335	0.809096194503171
nobgs	V0.5_c1.5	emmax	C_stage1_simes	10	47	101	148	265	45	9580	163086	9580	0.107351993533077	0.623166666666667	0.317567567567568	0.169811320754717	0.682432432432433	0.240740740740741	0.394910879391822	0.121525297619048	0.219135614405125	0.605089120608177	0.759259259259259
nobgs	V0.5_c1.5	emmax	C_stage1_simes	20	35	49	84	265	35	2052	67319	2052	0.044292618748481	0.358833333333333	0.416666666666667	0.132075471698113	0.583333333333333	0.333333333333333	0.527790880503145	0.096292735042735	0.175304089763395	0.472209119496855	0.666666666666667
nobgs	V0.5_c2	emmax	C_stage1_simes	1	23	656	679	346	22	582316	1553729	582316	1	1	0.0338733431516937	0.0635838150289017	0.966126656848306	0.0234604105571848	0.0436060841794956	0.0422960725075529	0.0873531626506024	0.956393915820505	0.976539589442815
nobgs	V0.5_c2	emmax	C_stage1_simes	2	22	860	882	346	21	242330	1213743	242330	0.780979538317233	0.86	0.0249433106575964	0.0606936416184971	0.975056689342404	0.0190582959641256	0.0299339920504358	0.0481586402266289	0.0747684537467122	0.970066007949564	0.980941704035874
nobgs	V0.5_c2	emmax	C_stage1_simes	3	23	921	944	346	22	144630	1018343	144630	0.655089270978016	0.755333333333333	0.024364406779661	0.0635838150289017	0.975635593220339	0.0184416800764357	0.0302352228395077	0.0497039793360953	0.0759878419452888	0.969764777160492	0.981558319923564
nobgs	V0.5_c2	emmax	C_stage1_simes	5	23	889	912	346	23	72264	775111	72264	0.498365991293608	0.6735	0.025219298245614	0.0664739884393064	0.974780701754386	0.0159062595485019	0.0350287105971804	0.0432276657060519	0.0890868776706747	0.96497128940282	0.984093740451498
nobgs	V0.5_c2	emmax	C_stage1_simes	10	21	571	592	346	21	25329	475332	25329	0.305298730808876	0.525	0.035472972972973	0.0606936416184971	0.964527027027027	0.0219220984516807	0.0504239379275364	0.0389192510501385	0.0826210826210826	0.949576062072464	0.978077901548319
nobgs	V0.5_c2	emmax	C_stage1_simes	20	13	211	224	346	13	7193	238379	7193	0.152870259486986	0.315166666666667	0.0580357142857143	0.0375722543352601	0.941964285714286	0.0308370044052863	0.0969424905884684	0.020526358663031	0.0561827876012893	0.903057509411532	0.969162995594714
nobgs	V1_c1	emmax	C_stage1_simes	1	62	43	105	156	60	903412	1495690	903412	1	1	0.590476190476191	0.384615384615385	0.40952380952381	0.4999	0.696987315010571	0.307692307692308	0.463583140509056	0.303012684989429	0.500099999999999
nobgs	V1_c1	emmax	C_stage1_simes	2	69	38	107	156	63	292729	885007	292729	0.591669535780024	0.984848484848485	0.644859813084112	0.403846153846154	0.355140186915888	0.576465603190429	0.716981132075472	0.335443037974684	0.468364319620253	0.283018867924528	0.423534396809571
nobgs	V1_c1	emmax	C_stage1_simes	3	69	42	111	156	65	120286	540121	120286	0.361097573336313	0.919191919191919	0.621621621621622	0.416666666666667	0.378378378378378	0.551177085007231	0.721550319588921	0.34352637213324	0.483870967741936	0.278449680411079	0.448822914992769
nobgs	V1_c1	emmax	C_stage1_simes	5	56	31	87	156	50	32700	251211	32700	0.167943823490799	0.69023569023569	0.64367816091954	0.320512820512821	0.35632183908046	0.53487796454064	0.761194029850746	0.233766233766234	0.407917494207216	0.238805970149254	0.46512203545936
nobgs	V1_c1	emmax	C_stage1_simes	10	40	30	70	156	43	4978	84062	4978	0.056177488793605	0.422558922558923	0.571428571428571	0.275641025641026	0.428571428571429	0.488888888888889	0.688888888888889	0.208847573839662	0.351869658119658	0.311111111111111	0.511111111111111
nobgs	V1_c1	emmax	C_stage1_simes	20	23	10	33	156	29	1000	33867	1000	0.0226032516178263	0.18013468013468	0.696969696969697	0.185897435897436	0.303030303030303	0.636363636363636	0.757575757575758	0.0908944281524927	0.2875	0.242424242424242	0.363636363636364
nobgs	V1_c1.5	emmax	C_stage1_simes	1	19	87	106	274	23	807408	1508205	807408	1	1	0.179245283018868	0.0839416058394161	0.820754716981132	0.105767276422764	0.247712108575328	0.0355846056709907	0.150390126259044	0.752287891424672	0.894232723577236
nobgs	V1_c1.5	emmax	C_stage1_simes	2	20	141	161	274	25	290755	991552	290755	0.657419694448112	0.991666666666667	0.124223602484472	0.0912408759124088	0.875776397515528	0.0791267773183028	0.158429804518913	0.0375266047882322	0.165504105418537	0.841570195481087	0.920873222681697
nobgs	V1_c1.5	emmax	C_stage1_simes	3	24	145	169	274	28	136344	682730	136344	0.452654634638628	0.934333333333333	0.142011834319527	0.102189781021898	0.857988165680473	0.0945945945945946	0.18125091374269	0.0526315789473684	0.165415519432384	0.81874908625731	0.905405405405405
nobgs	V1_c1.5	emmax	C_stage1_simes	5	21	112	133	274	24	46451	384311	46451	0.254808724975971	0.835666666666667	0.157894736842105	0.0875912408759124	0.842105263157895	0.0977443609022556	0.208333333333333	0.0421015826278984	0.141350853945819	0.791666666666667	0.902255639097744
nobgs	V1_c1.5	emmax	C_stage1_simes	10	17	80	97	274	20	9466	157111	9466	0.104197365558696	0.555	0.175257731958763	0.072992700729927	0.824742268041237	0.138888888888889	0.222222222222222	0.0409505493917639	0.11284554220944	0.777777777777778	0.861111111111111
nobgs	V1_c1.5	emmax	C_stage1_simes	20	12	36	48	274	15	1930	60927	1930	0.040444535642772	0.284333333333333	0.25	0.0547445255474453	0.75	0.159090909090909	0.363691796008869	0.0279435943175224	0.0887141577060932	0.636308203991131	0.840909090909091
nobgs	V2_c1	emmax	C_stage1_simes	1	38	37	75	128	35	901426	1488482	901426	1	1	0.506666666666667	0.2734375	0.493333333333333	0.409624863088719	0.627118644067797	0.23015873015873	0.314971229557844	0.372881355932203	0.590375136911281
nobgs	V2_c1	emmax	C_stage1_simes	2	43	37	80	128	38	291359	878415	291359	0.590134865142537	0.943262411347518	0.5375	0.296875	0.4625	0.41094134176326	0.657161654135338	0.201611340335084	0.387096774193548	0.342838345864662	0.58905865823674
nobgs	V2_c1	emmax	C_stage1_simes	3	45	37	82	128	43	118644	532985	118644	0.358045258127451	0.891843971631206	0.548780487804878	0.3359375	0.451219512195122	0.408433611377	0.702713260135135	0.229461548713848	0.448	0.297286739864865	0.591566388623
nobgs	V2_c1	emmax	C_stage1_simes	5	41	26	67	128	38	32140	247641	32140	0.166330371257221	0.696808510638298	0.611940298507463	0.296875	0.388059701492537	0.51219512195122	0.734397977941176	0.203245919677242	0.403103900975244	0.265602022058824	0.487804878048781
nobgs	V2_c1	emmax	C_stage1_simes	10	33	20	53	128	29	5028	84222	5028	0.0565533039695493	0.480496453900709	0.622641509433962	0.2265625	0.377358490566038	0.507919254658385	0.744707897583844	0.148757538530266	0.317460317460317	0.255292102416156	0.492080745341615
nobgs	V2_c1	emmax	C_stage1_simes	20	18	11	29	128	18	1095	34738	1095	0.0233759799066732	0.24468085106383	0.620689655172414	0.140625	0.379310344827586	0.428571428571429	0.84	0.0615384615384615	0.237704918032787	0.16	0.571428571428571
nobgs	V2_c1.5	emmax	C_stage1_simes	1	11	81	92	196	11	812554	1496487	812554	1	1	0.119565217391304	0.0561224489795918	0.880434782608696	0.0531774916013438	0.184782608695652	0.0251224874371859	0.087719298245614	0.815217391304348	0.946822508398656
nobgs	V2_c1.5	emmax	C_stage1_simes	2	16	121	137	196	16	290788	974721	290788	0.651287817562053	0.926116838487972	0.116788321167883	0.0816326530612245	0.883211678832117	0.0649350649350649	0.173080708661417	0.0478723404255319	0.121367570760775	0.826919291338583	0.935064935064935
nobgs	V2_c1.5	emmax	C_stage1_simes	3	19	132	151	196	19	134379	661903	134379	0.442231124882265	0.859965635738832	0.125827814569536	0.0969387755102041	0.874172185430464	0.0882352941176471	0.172413793103448	0.0697674418604651	0.130213994565217	0.827586206896552	0.911764705882353
nobgs	V2_c1.5	emmax	C_stage1_simes	5	21	118	139	196	21	44206	362501	44206	0.242129574193849	0.753436426116839	0.151079136690647	0.107142857142857	0.848920863309353	0.118012422360248	0.204307184750733	0.0833333333333333	0.134717936775921	0.795692815249267	0.881987577639752
nobgs	V2_c1.5	emmax	C_stage1_simes	10	23	59	82	196	23	8778	145066	8778	0.0968686177548025	0.457903780068729	0.280487804878049	0.11734693877551	0.719512195121951	0.210515258735073	0.380023809523809	0.0895502749410841	0.146742968558094	0.619976190476191	0.789484741264927
nobgs	V2_c1.5	emmax	C_stage1_simes	20	15	27	42	196	15	1780	56734	1780	0.0378942037428732	0.236254295532646	0.357142857142857	0.076530612244898	0.642857142857143	0.260869565217391	0.5	0.0568653313064473	0.101123595505618	0.5	0.739130434782609
bgs	V0.5_c1	emmax	D_stage1_consensus	1	78	56	134	167	73	887607	1543807	887607	1	1	0.582089552238806	0.437125748502994	0.417910447761194	0.482737847943498	0.68	0.389583505666308	0.476190476190476	0.32	0.517262152056502
bgs	V0.5_c1	emmax	D_stage1_consensus	2	85	78	163	167	79	306715	962915	306715	0.624048986674786	0.954545454545454	0.521472392638037	0.473053892215569	0.478527607361963	0.430522260273973	0.635146587265231	0.403843167701863	0.543872625350358	0.364853412734769	0.569477739726027
bgs	V0.5_c1	emmax	D_stage1_consensus	3	90	92	182	167	79	132597	614679	132597	0.398797461864657	0.900673400673401	0.494505494505495	0.473053892215569	0.505494505494506	0.422318719660194	0.567385037748799	0.389919218167439	0.551754563894523	0.432614962251201	0.577681280339806
bgs	V0.5_c1	emmax	D_stage1_consensus	5	88	88	176	167	76	39152	305535	39152	0.19865829567821	0.730639730639731	0.5	0.455089820359281	0.5	0.442784126243781	0.58125363372093	0.360740506329114	0.544956588355465	0.41874636627907	0.557215873756219
bgs	V0.5_c1	emmax	D_stage1_consensus	10	56	34	90	167	52	6421	106654	6421	0.0695106747472505	0.393939393939394	0.622222222222222	0.311377245508982	0.377777777777778	0.56140350877193	0.700028735632184	0.24048782293286	0.392643514460999	0.299971264367816	0.43859649122807
bgs	V0.5_c1	emmax	D_stage1_consensus	20	24	13	37	167	21	1276	41832	1276	0.0272014586851409	0.131313131313131	0.648648648648649	0.125748502994012	0.351351351351351	0.466538461538462	0.8125	0.0952380952380952	0.159515555232875	0.1875	0.533461538461538
bgs	V0.5_c1.5	emmax	D_stage1_consensus	1	27	96	123	281	26	820259	1615784	820259	1	1	0.219512195121951	0.0925266903914591	0.780487804878049	0.168224299065421	0.276196283391405	0.0631229235880399	0.125486551189973	0.723803716608595	0.831775700934579
bgs	V0.5_c1.5	emmax	D_stage1_consensus	2	35	205	240	281	32	305864	1101389	305864	0.681824576375512	1	0.145833333333333	0.113879003558719	0.854166666666667	0.122943963678469	0.172997809152872	0.0894025511481304	0.142870273109244	0.827002190847128	0.877056036321531
bgs	V0.5_c1.5	emmax	D_stage1_consensus	3	37	209	246	281	35	150549	790759	150549	0.489796832221647	0.984166666666667	0.150406504065041	0.124555160142349	0.849593495934959	0.130840135652037	0.169354838709677	0.0950704225352113	0.161873036781842	0.830645161290323	0.869159864347963
bgs	V0.5_c1.5	emmax	D_stage1_consensus	5	46	196	242	281	45	54958	472598	54958	0.293076401681776	0.896666666666667	0.190082644628099	0.160142348754448	0.809917355371901	0.155839561382014	0.225941422594142	0.121517264994233	0.205043151790355	0.774058577405858	0.844160438617986
bgs	V0.5_c1.5	emmax	D_stage1_consensus	10	46	144	190	281	46	12559	210170	12559	0.130621393753192	0.693	0.242105263157895	0.163701067615658	0.757894736842105	0.211815555134521	0.277456647398844	0.13953488372093	0.192592592592593	0.722543352601156	0.788184444865479
bgs	V0.5_c1.5	emmax	D_stage1_consensus	20	33	82	115	281	34	2664	84247	2664	0.0524070018903702	0.353	0.28695652173913	0.120996441281139	0.71304347826087	0.217821782178218	0.339289809960682	0.0798573369565217	0.162457106045337	0.660710190039318	0.782178217821782
bgs	V0.5_c2	emmax	D_stage1_consensus	1	13	604	617	369	13	629956	1804009	629956	1	1	0.0210696920583468	0.035230352303523	0.978930307941653	0.0123834224163919	0.0290603123317178	0.0214477211796247	0.047244094488189	0.970939687668282	0.987616577583608
bgs	V0.5_c2	emmax	D_stage1_consensus	2	18	809	827	369	18	267574	1441627	267574	0.798952750539752	0.939166666666667	0.0217654171704958	0.0487804878048781	0.978234582829504	0.0163934426229508	0.0265489280385865	0.0344804780149608	0.0601744710915728	0.973451071961413	0.983606557377049
bgs	V0.5_c2	emmax	D_stage1_consensus	3	19	881	900	369	19	165518	1237515	165518	0.685696861591901	0.882833333333334	0.0211111111111111	0.0514905149051491	0.978888888888889	0.0163934426229508	0.0247849383333981	0.0374331550802139	0.0614536342723986	0.975215061666602	0.983606557377049
bgs	V0.5_c2	emmax	D_stage1_consensus	5	23	928	951	369	25	86858	972568	86858	0.538709925759864	0.798666666666667	0.0241850683491062	0.0677506775067751	0.975814931650894	0.018201985727583	0.0300117454975593	0.0472222222222222	0.0876724345109349	0.969988254502441	0.981798014272417
bgs	V0.5_c2	emmax	D_stage1_consensus	10	29	689	718	369	33	32785	625868	32785	0.34640780530426	0.6	0.0403899721448468	0.0894308943089431	0.959610027855153	0.0305972936696406	0.0522393329960368	0.0650389279316522	0.117794829539602	0.947760667003963	0.969402706330359
bgs	V0.5_c2	emmax	D_stage1_consensus	20	20	335	355	369	24	10228	328400	10228	0.181568944305842	0.388666666666667	0.0563380281690141	0.0650406504065041	0.943661971830986	0.04	0.0759138745000328	0.0481219422004779	0.0844755922966794	0.924086125499967	0.96
bgs	V1_c1	emmax	D_stage1_consensus	1	79	58	137	143	67	900129	1552470	900129	1	1	0.576642335766423	0.468531468531469	0.423357664233577	0.481923313692727	0.687529481132075	0.384586466165414	0.537313432835821	0.312470518867925	0.518076686307273
bgs	V1_c1	emmax	D_stage1_consensus	2	83	69	152	143	69	307433	959774	307433	0.618568237752791	0.991408934707904	0.546052631578947	0.482517482517483	0.453947368421053	0.47096680420105	0.632267939433838	0.397160513141427	0.562962962962963	0.367732060566162	0.52903319579895
bgs	V1_c1	emmax	D_stage1_consensus	3	75	81	156	143	62	132358	609624	132358	0.393430700442319	0.893470790378007	0.480769230769231	0.433566433566434	0.519230769230769	0.396025619511104	0.615416666666667	0.322362901801484	0.537315971164585	0.384583333333333	0.603974380488896
bgs	V1_c1	emmax	D_stage1_consensus	5	59	50	109	143	47	38550	299336	38550	0.193718882571686	0.628865979381443	0.541284403669725	0.328671328671329	0.458715596330275	0.430212940505065	0.690493697478992	0.228571428571429	0.402877697841727	0.309506302521008	0.569787059494935
bgs	V1_c1	emmax	D_stage1_consensus	10	24	29	53	143	21	6269	103875	6269	0.0674400946914189	0.286941580756014	0.452830188679245	0.146853146853147	0.547169811320755	0.315068493150685	0.636363636363636	0.0965417771883289	0.197183098591549	0.363636363636364	0.684931506849315
bgs	V1_c1	emmax	D_stage1_consensus	20	9	16	25	143	9	1243	40918	1243	0.0264823108918906	0.109965635738832	0.36	0.0629370629370629	0.64	0.294117647058824	0.470588235294118	0.0281640894316951	0.100719424460432	0.529411764705882	0.705882352941177
bgs	V1_c1.5	emmax	D_stage1_consensus	1	13	119	132	256	13	824393	1621446	824393	1	1	0.0984848484848485	0.05078125	0.901515151515152	0.0479452054794521	0.154639175257732	0.0233463035019455	0.0826095939633489	0.845360824742268	0.952054794520548
bgs	V1_c1.5	emmax	D_stage1_consensus	2	20	180	200	256	20	307910	1104963	307910	0.681481290332276	0.9975	0.1	0.078125	0.9	0.0685714285714286	0.131313131313131	0.0459751271905031	0.114838706615022	0.868686868686869	0.931428571428571
bgs	V1_c1.5	emmax	D_stage1_consensus	3	25	190	215	256	25	150751	790645	150751	0.487730100522708	0.983333333333333	0.116279069767442	0.09765625	0.883720930232558	0.0891034103410341	0.14344262295082	0.0609288724208079	0.139832688149543	0.85655737704918	0.910896589658966
bgs	V1_c1.5	emmax	D_stage1_consensus	5	30	177	207	256	28	54495	469951	54495	0.29002006349893	0.869666666666667	0.144927536231884	0.109375	0.855072463768116	0.106593584620369	0.183968470705065	0.0699300699300699	0.151792914746544	0.816031529294935	0.893406415379631
bgs	V1_c1.5	emmax	D_stage1_consensus	10	30	114	144	256	30	12459	209390	12459	0.129264729510638	0.601166666666667	0.208333333333333	0.1171875	0.791666666666667	0.166666666666667	0.25	0.0853242320819113	0.151671646404286	0.75	0.833333333333333
bgs	V1_c1.5	emmax	D_stage1_consensus	20	20	68	88	256	20	2710	84980	2710	0.0524570901203831	0.346333333333333	0.227272727272727	0.078125	0.772727272727273	0.156223060344828	0.314821156773212	0.0410334168640194	0.122052831551078	0.685178843226789	0.843776939655172
bgs	V2_c1	emmax	D_stage1_consensus	1	27	40	67	121	24	901025	1551174	901025	1	1	0.402985074626866	0.198347107438017	0.597014925373134	0.298245614035088	0.5	0.131574145217057	0.292469095640859	0.5	0.701754385964912
bgs	V2_c1	emmax	D_stage1_consensus	2	32	32	64	121	26	307253	957402	307253	0.61752426444722	0.962962962962963	0.5	0.214876033057851	0.5	0.387755102040816	0.596780211844006	0.138198126546483	0.302752293577982	0.403219788155994	0.612244897959184
bgs	V2_c1	emmax	D_stage1_consensus	3	28	35	63	121	26	132187	607270	132187	0.392269149630789	0.907407407407407	0.444444444444444	0.214876033057851	0.555555555555556	0.372873047524094	0.52	0.149241396324164	0.318181818181818	0.48	0.627126952475906
bgs	V2_c1	emmax	D_stage1_consensus	5	27	22	49	121	22	38204	296453	38204	0.192094650139142	0.681481481481482	0.551020408163265	0.181818181818182	0.448979591836735	0.394736842105263	0.692338709677419	0.103174603174603	0.285714285714286	0.307661290322581	0.605263157894737
bgs	V2_c1	emmax	D_stage1_consensus	10	19	7	26	121	19	6116	101849	6116	0.0662856599462138	0.340740740740741	0.730769230769231	0.15702479338843	0.269230769230769	0.5	0.892857142857143	0.0872929606625259	0.228818411178678	0.107142857142857	0.5
bgs	V2_c1	emmax	D_stage1_consensus	20	8	5	13	121	8	1148	39202	1148	0.0254710176491372	0.103703703703704	0.615384615384615	0.0661157024793388	0.384615384615385	0.333333333333333	0.875	0.0258620689655172	0.105691056910569	0.125	0.666666666666667
bgs	V2_c1.5	emmax	D_stage1_consensus	1	12	131	143	190	11	831645	1623067	831645	1	1	0.0839160839160839	0.0578947368421053	0.916083916083916	0.0444383057090239	0.147737794612795	0.038883517495396	0.0746268656716418	0.852262205387205	0.955561694290976
bgs	V2_c1.5	emmax	D_stage1_consensus	2	16	196	212	190	15	311536	1102958	311536	0.679611465910304	0.994845360824742	0.0754716981132076	0.0789473684210526	0.924528301886792	0.0473644680370454	0.11469654199012	0.0564044943820225	0.103448275862069	0.88530345800988	0.952635531962955
bgs	V2_c1.5	emmax	D_stage1_consensus	3	17	211	228	190	15	150828	781542	150828	0.481699353536181	0.973367697594502	0.0745614035087719	0.0789473684210526	0.925438596491228	0.0414932978947167	0.116668287937743	0.0502793296089386	0.106382978723404	0.883331712062257	0.958506702105283
bgs	V2_c1.5	emmax	D_stage1_consensus	5	15	214	229	190	14	53954	459268	53954	0.283271953529065	0.812714776632302	0.0655021834061135	0.0736842105263158	0.934497816593886	0.0353971127201216	0.107147212543554	0.0439024390243902	0.106397201046763	0.892852787456446	0.964602887279878
bgs	V2_c1.5	emmax	D_stage1_consensus	10	14	127	141	190	14	11870	198744	11870	0.122715345132497	0.505154639175258	0.099290780141844	0.0736842105263158	0.900709219858156	0.0650333391823127	0.130718954248366	0.0427718360071301	0.102568493150685	0.869281045751634	0.934966660817687
bgs	V2_c1.5	emmax	D_stage1_consensus	20	10	40	50	190	10	2531	79819	2531	0.0493077474559215	0.225945017182131	0.2	0.0526315789473684	0.8	0.107123860182371	0.283392857142857	0.0264515455304929	0.0814044902735117	0.716607142857143	0.892876139817629
nobgs	V0.5_c1	emmax	D_stage1_consensus	1	114	67	181	204	99	889227	1488756	889227	1	1	0.629834254143646	0.485294117647059	0.370165745856354	0.538093944099379	0.732406424850473	0.405505341432761	0.569965018588449	0.267593575149527	0.461906055900621
nobgs	V0.5_c1	emmax	D_stage1_consensus	2	115	80	195	204	101	291445	890974	291445	0.598619328179086	0.955387205387206	0.58974358974359	0.495098039215686	0.41025641025641	0.521732461989864	0.658034392513482	0.378634216741013	0.593220338983051	0.341965607486518	0.478267538010136
nobgs	V0.5_c1	emmax	D_stage1_consensus	3	114	70	184	204	99	120922	549928	120922	0.36971373862631	0.898989898989899	0.619565217391304	0.485294117647059	0.380434782608696	0.549441964285714	0.717955801104972	0.363616251005632	0.585639445552323	0.282044198895028	0.450558035714286
nobgs	V0.5_c1	emmax	D_stage1_consensus	5	99	74	173	204	90	33721	262000	33721	0.176435909648208	0.711279461279461	0.572254335260116	0.441176470588235	0.427745664739884	0.5	0.653863636363636	0.321607486773072	0.535911602209945	0.346136363636364	0.5
nobgs	V0.5_c1	emmax	D_stage1_consensus	10	56	52	108	204	57	5238	89927	5238	0.0606830460442905	0.375420875420876	0.518518518518519	0.279411764705882	0.481481481481482	0.401636239443616	0.647893844548774	0.203452765508603	0.343283582089552	0.352106155451226	0.598363760556384
nobgs	V0.5_c1	emmax	D_stage1_consensus	20	21	16	37	204	25	1127	38190	1127	0.0257428641503537	0.170875420875421	0.567567567567568	0.122549019607843	0.432432432432432	0.433924018357981	0.777777777777778	0.0737218616546433	0.174603174603175	0.222222222222222	0.566075981642019
nobgs	V0.5_c1.5	emmax	D_stage1_consensus	1	25	117	142	265	24	806474	1518170	806474	1	1	0.176056338028169	0.0905660377358491	0.823943661971831	0.112673724466001	0.241379310344828	0.0533760505792383	0.130115441040322	0.758620689655172	0.887326275533999
nobgs	V0.5_c1.5	emmax	D_stage1_consensus	2	33	178	211	265	32	292375	1004071	292375	0.661329586067138	0.971666666666667	0.156398104265403	0.120754716981132	0.843601895734597	0.110524785801714	0.205143540669856	0.0781222296099291	0.170544942783315	0.794856459330144	0.889475214198287
nobgs	V0.5_c1.5	emmax	D_stage1_consensus	3	42	231	273	265	40	137517	694355	137517	0.457306068562559	0.945833333333333	0.153846153846154	0.150943396226415	0.846153846153846	0.113205825643851	0.196614270092947	0.100745597551809	0.205429037595367	0.803385729907053	0.886794174356149
nobgs	V0.5_c1.5	emmax	D_stage1_consensus	5	48	182	230	265	45	47035	393667	47035	0.259231644863704	0.8375	0.208695652173913	0.169811320754717	0.791304347826087	0.171137509044186	0.253588516746412	0.139087454036551	0.200787796856718	0.746411483253589	0.828862490955815
nobgs	V0.5_c1.5	emmax	D_stage1_consensus	10	44	120	164	265	44	9580	163086	9580	0.107351993533077	0.623166666666667	0.268292682926829	0.166037735849057	0.731707317073171	0.203203530215914	0.342114275414564	0.122375735775016	0.208190513128238	0.657885724585436	0.796796469784086
nobgs	V0.5_c1.5	emmax	D_stage1_consensus	20	34	54	88	265	34	2052	67319	2052	0.044292618748481	0.358833333333333	0.386363636363636	0.128301886792453	0.613636363636364	0.303907799074686	0.493678511514412	0.0932835820895522	0.172552563193952	0.506321488485588	0.696092200925314
nobgs	V0.5_c2	emmax	D_stage1_consensus	1	10	407	417	346	9	582316	1553729	582316	1	1	0.0239808153477218	0.0260115606936416	0.976019184652278	0.0101259429740442	0.0355555555555556	0.00911512840580238	0.0432276657060519	0.964444444444444	0.989874057025956
nobgs	V0.5_c2	emmax	D_stage1_consensus	2	10	616	626	346	9	242330	1213743	242330	0.780979538317233	0.86	0.0159744408945687	0.0260115606936416	0.984025559105431	0.0056580144922463	0.0250696378830084	0.00842696629213483	0.046116192624149	0.974930362116992	0.994341985507754
nobgs	V0.5_c2	emmax	D_stage1_consensus	3	11	693	704	346	10	144630	1018343	144630	0.655089270978016	0.755333333333333	0.015625	0.0289017341040462	0.984375	0.00623004585824578	0.0247252747252747	0.0115606936416185	0.0483383685800604	0.975274725274725	0.993769954141754
nobgs	V0.5_c2	emmax	D_stage1_consensus	5	12	678	690	346	12	72264	775111	72264	0.498365991293608	0.6735	0.0173913043478261	0.0346820809248555	0.982608695652174	0.00902221770642823	0.0262400246855781	0.0169479589400812	0.0542185886402754	0.973759975314422	0.990977782293572
nobgs	V0.5_c2	emmax	D_stage1_consensus	10	12	430	442	346	12	25329	475332	25329	0.305298730808876	0.525	0.0271493212669683	0.0346820809248555	0.972850678733032	0.0148907347238235	0.0396501115145706	0.0175940217111694	0.0519153321330427	0.960349888485429	0.985109265276177
nobgs	V0.5_c2	emmax	D_stage1_consensus	20	8	153	161	346	8	7193	238379	7193	0.152870259486986	0.315166666666667	0.0496894409937888	0.023121387283237	0.950310559006211	0.0235294117647059	0.0786550902281239	0.0112994350282486	0.0355029585798817	0.921344909771876	0.976470588235294
nobgs	V1_c1	emmax	D_stage1_consensus	1	67	53	120	156	64	903412	1495690	903412	1	1	0.558333333333333	0.41025641025641	0.441666666666667	0.472944423296536	0.673469387755102	0.341611119527344	0.478564417177914	0.326530612244898	0.527055576703464
nobgs	V1_c1	emmax	D_stage1_consensus	2	77	43	120	156	67	292729	885007	292729	0.591669535780024	0.984848484848485	0.641666666666667	0.429487179487179	0.358333333333333	0.577444227408245	0.709692493216762	0.371069182389937	0.486310502283105	0.290307506783238	0.422555772591755
nobgs	V1_c1	emmax	D_stage1_consensus	3	69	53	122	156	62	120286	540121	120286	0.361097573336313	0.919191919191919	0.565573770491803	0.397435897435897	0.434426229508197	0.479159330985916	0.681425985518906	0.33539029535865	0.458064516129032	0.318574014481094	0.520840669014084
nobgs	V1_c1	emmax	D_stage1_consensus	5	58	41	99	156	54	32700	251211	32700	0.167943823490799	0.69023569023569	0.585858585858586	0.346153846153846	0.414141414141414	0.481454248366013	0.705882352941177	0.259703706889137	0.442424242424243	0.294117647058824	0.518545751633987
nobgs	V1_c1	emmax	D_stage1_consensus	10	42	34	76	156	43	4978	84062	4978	0.056177488793605	0.422558922558923	0.552631578947369	0.275641025641026	0.447368421052632	0.466666666666667	0.661016949152542	0.212903225806452	0.348101265822785	0.338983050847458	0.533333333333333
nobgs	V1_c1	emmax	D_stage1_consensus	20	24	11	35	156	29	1000	33867	1000	0.0226032516178263	0.18013468013468	0.685714285714286	0.185897435897436	0.314285714285714	0.583333333333333	0.75	0.0908944281524927	0.2875	0.25	0.416666666666667
nobgs	V1_c1.5	emmax	D_stage1_consensus	1	9	93	102	274	11	807408	1508205	807408	1	1	0.0882352941176471	0.0401459854014599	0.911764705882353	0.0471587903368013	0.127906976744186	0.0167743427947111	0.0698529411764706	0.872093023255814	0.952841209663199
nobgs	V1_c1.5	emmax	D_stage1_consensus	2	17	163	180	274	20	290755	991552	290755	0.657419694448112	0.991666666666667	0.0944444444444444	0.072992700729927	0.905555555555556	0.0714285714285714	0.116023332675612	0.040675777096754	0.122953972257251	0.883976667324388	0.928571428571429
nobgs	V1_c1.5	emmax	D_stage1_consensus	3	22	178	200	274	26	136344	682730	136344	0.452654634638628	0.934333333333333	0.11	0.0948905109489051	0.89	0.0833333333333333	0.135003378378378	0.0540540540540541	0.149328392774433	0.864996621621622	0.916666666666667
nobgs	V1_c1.5	emmax	D_stage1_consensus	5	23	130	153	274	27	46451	384311	46451	0.254808724975971	0.835666666666667	0.150326797385621	0.0985401459854015	0.849673202614379	0.108695652173913	0.185430463576159	0.0542351465459218	0.155102040816327	0.814569536423841	0.891304347826087
nobgs	V1_c1.5	emmax	D_stage1_consensus	10	22	94	116	274	26	9466	157111	9466	0.104197365558696	0.555	0.189655172413793	0.0948905109489051	0.810344827586207	0.138588881823962	0.247863247863248	0.0493380608283003	0.156127403613876	0.752136752136752	0.861411118176038
nobgs	V1_c1.5	emmax	D_stage1_consensus	20	14	39	53	274	17	1930	60927	1930	0.040444535642772	0.284333333333333	0.264150943396226	0.062043795620438	0.735849056603774	0.181818181818182	0.326923076923077	0.0288415605095541	0.104	0.673076923076923	0.818181818181818
nobgs	V2_c1	emmax	D_stage1_consensus	1	39	37	76	128	37	901426	1488482	901426	1	1	0.513157894736842	0.2890625	0.486842105263158	0.443178222094361	0.590909090909091	0.238797359357061	0.336065573770492	0.409090909090909	0.556821777905639
nobgs	V2_c1	emmax	D_stage1_consensus	2	46	36	82	128	41	291359	878415	291359	0.590134865142537	0.943262411347518	0.560975609756098	0.3203125	0.439024390243902	0.458333333333333	0.666666666666667	0.238916982722292	0.388429752066116	0.333333333333333	0.541666666666667
nobgs	V2_c1	emmax	D_stage1_consensus	3	47	40	87	128	43	118644	532985	118644	0.358045258127451	0.891843971631206	0.540229885057471	0.3359375	0.459770114942529	0.436608480671262	0.647731274007682	0.238095238095238	0.433333333333333	0.352268725992318	0.563391519328738
nobgs	V2_c1	emmax	D_stage1_consensus	5	44	35	79	128	40	32140	247641	32140	0.166330371257221	0.696808510638298	0.556962025316456	0.3125	0.443037974683544	0.481012658227848	0.65153162055336	0.221311475409836	0.413223140495868	0.34846837944664	0.518987341772152
nobgs	V2_c1	emmax	D_stage1_consensus	10	34	23	57	128	30	5028	84222	5028	0.0565533039695493	0.480496453900709	0.596491228070175	0.234375	0.403508771929825	0.5	0.717405239687848	0.15	0.336192630898513	0.282594760312152	0.5
nobgs	V2_c1	emmax	D_stage1_consensus	20	19	14	33	128	19	1095	34738	1095	0.0233759799066732	0.24468085106383	0.575757575757576	0.1484375	0.424242424242424	0.358928571428571	0.80952380952381	0.0639748031496063	0.252102667153818	0.19047619047619	0.641071428571428
nobgs	V2_c1.5	emmax	D_stage1_consensus	1	16	101	117	196	16	812554	1496487	812554	1	1	0.136752136752137	0.0816326530612245	0.863247863247863	0.0852621763931549	0.190918972332016	0.0537634408602151	0.106481481481481	0.809081027667984	0.914737823606845
nobgs	V2_c1.5	emmax	D_stage1_consensus	2	17	161	178	196	17	290788	974721	290788	0.651287817562053	0.926116838487972	0.0955056179775281	0.086734693877551	0.904494382022472	0.0604395604395604	0.129036116684674	0.0585359366891541	0.11219512195122	0.870963883315327	0.93956043956044
nobgs	V2_c1.5	emmax	D_stage1_consensus	3	19	189	208	196	19	134379	661903	134379	0.442231124882265	0.859965635738832	0.0913461538461538	0.0969387755102041	0.908653846153846	0.0707547169811321	0.115942028985507	0.0735294117647059	0.126317235396183	0.884057971014493	0.929245283018868
nobgs	V2_c1.5	emmax	D_stage1_consensus	5	23	169	192	196	23	44206	362501	44206	0.242129574193849	0.753436426116839	0.119791666666667	0.11734693877551	0.880208333333333	0.0769230769230769	0.159589960751911	0.0703517587939699	0.167588904694168	0.840410039248089	0.923076923076923
nobgs	V2_c1.5	emmax	D_stage1_consensus	10	26	85	111	196	26	8778	145066	8778	0.0968686177548025	0.457903780068729	0.234234234234234	0.13265306122449	0.765765765765766	0.191304347826087	0.290697674418605	0.0989491637323944	0.172593483402876	0.709302325581395	0.808695652173913
nobgs	V2_c1.5	emmax	D_stage1_consensus	20	19	48	67	196	19	1780	56734	1780	0.0378942037428732	0.236254295532646	0.283582089552239	0.0969387755102041	0.716417910447761	0.2	0.377049180327869	0.0610328638497653	0.143618549767669	0.622950819672131	0.8
bgs	V0.5_c1	lfmm	A_unrestricted_marker	1	154	249	403	167	103	1543807	1543807	887607	1	1	0.382133995037221	0.616766467065868	0.617866004962779	0.342729673816984	0.433633764465623	0.550632911392405	0.674559777571826	0.566366235534377	0.657270326183016
bgs	V0.5_c1	lfmm	A_unrestricted_marker	2	154	249	403	167	103	1543807	1543807	887607	1	1	0.382133995037221	0.616766467065868	0.617866004962779	0.342729673816984	0.433633764465623	0.550632911392405	0.674559777571826	0.566366235534377	0.657270326183016
bgs	V0.5_c1	lfmm	A_unrestricted_marker	3	154	249	403	167	103	1543807	1543807	887607	1	1	0.382133995037221	0.616766467065868	0.617866004962779	0.342729673816984	0.433633764465623	0.550632911392405	0.674559777571826	0.566366235534377	0.657270326183016
bgs	V0.5_c1	lfmm	A_unrestricted_marker	5	154	249	403	167	103	1543807	1543807	887607	1	1	0.382133995037221	0.616766467065868	0.617866004962779	0.342729673816984	0.433633764465623	0.550632911392405	0.674559777571826	0.566366235534377	0.657270326183016
bgs	V0.5_c1	lfmm	A_unrestricted_marker	10	154	249	403	167	103	1543807	1543807	887607	1	1	0.382133995037221	0.616766467065868	0.617866004962779	0.342729673816984	0.433633764465623	0.550632911392405	0.674559777571826	0.566366235534377	0.657270326183016
bgs	V0.5_c1	lfmm	A_unrestricted_marker	20	154	249	403	167	103	1543807	1543807	887607	1	1	0.382133995037221	0.616766467065868	0.617866004962779	0.342729673816984	0.433633764465623	0.550632911392405	0.674559777571826	0.566366235534377	0.657270326183016
bgs	V0.5_c1.5	lfmm	A_unrestricted_marker	1	88	585	673	281	80	1615784	1615784	820259	1	1	0.13075780089153	0.284697508896797	0.86924219910847	0.112294338491632	0.152599581626427	0.232636870155039	0.3475507174666	0.847400418373573	0.887705661508368
bgs	V0.5_c1.5	lfmm	A_unrestricted_marker	2	88	585	673	281	80	1615784	1615784	820259	1	1	0.13075780089153	0.284697508896797	0.86924219910847	0.112294338491632	0.152599581626427	0.232636870155039	0.3475507174666	0.847400418373573	0.887705661508368
bgs	V0.5_c1.5	lfmm	A_unrestricted_marker	3	88	585	673	281	80	1615784	1615784	820259	1	1	0.13075780089153	0.284697508896797	0.86924219910847	0.112294338491632	0.152599581626427	0.232636870155039	0.3475507174666	0.847400418373573	0.887705661508368
bgs	V0.5_c1.5	lfmm	A_unrestricted_marker	5	88	585	673	281	80	1615784	1615784	820259	1	1	0.13075780089153	0.284697508896797	0.86924219910847	0.112294338491632	0.152599581626427	0.232636870155039	0.3475507174666	0.847400418373573	0.887705661508368
bgs	V0.5_c1.5	lfmm	A_unrestricted_marker	10	88	585	673	281	80	1615784	1615784	820259	1	1	0.13075780089153	0.284697508896797	0.86924219910847	0.112294338491632	0.152599581626427	0.232636870155039	0.3475507174666	0.847400418373573	0.887705661508368
bgs	V0.5_c1.5	lfmm	A_unrestricted_marker	20	88	585	673	281	80	1615784	1615784	820259	1	1	0.13075780089153	0.284697508896797	0.86924219910847	0.112294338491632	0.152599581626427	0.232636870155039	0.3475507174666	0.847400418373573	0.887705661508368
bgs	V0.5_c2	lfmm	A_unrestricted_marker	1	101	3268	3369	369	91	1804009	1804009	629956	1	1	0.0299792223211636	0.246612466124661	0.970020777678836	0.0258441972279796	0.0343560917666415	0.20161236844357	0.294769348370372	0.965643908233359	0.97415580277202
bgs	V0.5_c2	lfmm	A_unrestricted_marker	2	101	3268	3369	369	91	1804009	1804009	629956	1	1	0.0299792223211636	0.246612466124661	0.970020777678836	0.0258441972279796	0.0343560917666415	0.20161236844357	0.294769348370372	0.965643908233359	0.97415580277202
bgs	V0.5_c2	lfmm	A_unrestricted_marker	3	101	3268	3369	369	91	1804009	1804009	629956	1	1	0.0299792223211636	0.246612466124661	0.970020777678836	0.0258441972279796	0.0343560917666415	0.20161236844357	0.294769348370372	0.965643908233359	0.97415580277202
bgs	V0.5_c2	lfmm	A_unrestricted_marker	5	101	3268	3369	369	91	1804009	1804009	629956	1	1	0.0299792223211636	0.246612466124661	0.970020777678836	0.0258441972279796	0.0343560917666415	0.20161236844357	0.294769348370372	0.965643908233359	0.97415580277202
bgs	V0.5_c2	lfmm	A_unrestricted_marker	10	101	3268	3369	369	91	1804009	1804009	629956	1	1	0.0299792223211636	0.246612466124661	0.970020777678836	0.0258441972279796	0.0343560917666415	0.20161236844357	0.294769348370372	0.965643908233359	0.97415580277202
bgs	V0.5_c2	lfmm	A_unrestricted_marker	20	101	3268	3369	369	91	1804009	1804009	629956	1	1	0.0299792223211636	0.246612466124661	0.970020777678836	0.0258441972279796	0.0343560917666415	0.20161236844357	0.294769348370372	0.965643908233359	0.97415580277202
bgs	V1_c1	lfmm	A_unrestricted_marker	1	120	206	326	143	89	1552470	1552470	900129	1	1	0.368098159509202	0.622377622377622	0.631901840490798	0.314187023562024	0.428083729800673	0.492957746478873	0.718518518518519	0.571916270199327	0.685812976437977
bgs	V1_c1	lfmm	A_unrestricted_marker	2	120	206	326	143	89	1552470	1552470	900129	1	1	0.368098159509202	0.622377622377622	0.631901840490798	0.314187023562024	0.428083729800673	0.492957746478873	0.718518518518519	0.571916270199327	0.685812976437977
bgs	V1_c1	lfmm	A_unrestricted_marker	3	120	206	326	143	89	1552470	1552470	900129	1	1	0.368098159509202	0.622377622377622	0.631901840490798	0.314187023562024	0.428083729800673	0.492957746478873	0.718518518518519	0.571916270199327	0.685812976437977
bgs	V1_c1	lfmm	A_unrestricted_marker	5	120	206	326	143	89	1552470	1552470	900129	1	1	0.368098159509202	0.622377622377622	0.631901840490798	0.314187023562024	0.428083729800673	0.492957746478873	0.718518518518519	0.571916270199327	0.685812976437977
bgs	V1_c1	lfmm	A_unrestricted_marker	10	120	206	326	143	89	1552470	1552470	900129	1	1	0.368098159509202	0.622377622377622	0.631901840490798	0.314187023562024	0.428083729800673	0.492957746478873	0.718518518518519	0.571916270199327	0.685812976437977
bgs	V1_c1	lfmm	A_unrestricted_marker	20	120	206	326	143	89	1552470	1552470	900129	1	1	0.368098159509202	0.622377622377622	0.631901840490798	0.314187023562024	0.428083729800673	0.492957746478873	0.718518518518519	0.571916270199327	0.685812976437977
bgs	V1_c1.5	lfmm	A_unrestricted_marker	1	57	478	535	256	53	1621446	1621446	824393	1	1	0.106542056074766	0.20703125	0.893457943925234	0.078194349510139	0.141843971631206	0.17465156100669	0.235773245287038	0.858156028368794	0.921805650489861
bgs	V1_c1.5	lfmm	A_unrestricted_marker	2	57	478	535	256	53	1621446	1621446	824393	1	1	0.106542056074766	0.20703125	0.893457943925234	0.078194349510139	0.141843971631206	0.17465156100669	0.235773245287038	0.858156028368794	0.921805650489861
bgs	V1_c1.5	lfmm	A_unrestricted_marker	3	57	478	535	256	53	1621446	1621446	824393	1	1	0.106542056074766	0.20703125	0.893457943925234	0.078194349510139	0.141843971631206	0.17465156100669	0.235773245287038	0.858156028368794	0.921805650489861
bgs	V1_c1.5	lfmm	A_unrestricted_marker	5	57	478	535	256	53	1621446	1621446	824393	1	1	0.106542056074766	0.20703125	0.893457943925234	0.078194349510139	0.141843971631206	0.17465156100669	0.235773245287038	0.858156028368794	0.921805650489861
bgs	V1_c1.5	lfmm	A_unrestricted_marker	10	57	478	535	256	53	1621446	1621446	824393	1	1	0.106542056074766	0.20703125	0.893457943925234	0.078194349510139	0.141843971631206	0.17465156100669	0.235773245287038	0.858156028368794	0.921805650489861
bgs	V1_c1.5	lfmm	A_unrestricted_marker	20	57	478	535	256	53	1621446	1621446	824393	1	1	0.106542056074766	0.20703125	0.893457943925234	0.078194349510139	0.141843971631206	0.17465156100669	0.235773245287038	0.858156028368794	0.921805650489861
bgs	V2_c1	lfmm	A_unrestricted_marker	1	55	86	141	121	41	1551174	1551174	901025	1	1	0.390070921985816	0.338842975206612	0.609929078014184	0.316527830367285	0.469805828027304	0.269230769230769	0.431034482758621	0.530194171972696	0.683472169632715
bgs	V2_c1	lfmm	A_unrestricted_marker	2	55	86	141	121	41	1551174	1551174	901025	1	1	0.390070921985816	0.338842975206612	0.609929078014184	0.316527830367285	0.469805828027304	0.269230769230769	0.431034482758621	0.530194171972696	0.683472169632715
bgs	V2_c1	lfmm	A_unrestricted_marker	3	55	86	141	121	41	1551174	1551174	901025	1	1	0.390070921985816	0.338842975206612	0.609929078014184	0.316527830367285	0.469805828027304	0.269230769230769	0.431034482758621	0.530194171972696	0.683472169632715
bgs	V2_c1	lfmm	A_unrestricted_marker	5	55	86	141	121	41	1551174	1551174	901025	1	1	0.390070921985816	0.338842975206612	0.609929078014184	0.316527830367285	0.469805828027304	0.269230769230769	0.431034482758621	0.530194171972696	0.683472169632715
bgs	V2_c1	lfmm	A_unrestricted_marker	10	55	86	141	121	41	1551174	1551174	901025	1	1	0.390070921985816	0.338842975206612	0.609929078014184	0.316527830367285	0.469805828027304	0.269230769230769	0.431034482758621	0.530194171972696	0.683472169632715
bgs	V2_c1	lfmm	A_unrestricted_marker	20	55	86	141	121	41	1551174	1551174	901025	1	1	0.390070921985816	0.338842975206612	0.609929078014184	0.316527830367285	0.469805828027304	0.269230769230769	0.431034482758621	0.530194171972696	0.683472169632715
bgs	V2_c1.5	lfmm	A_unrestricted_marker	1	32	465	497	190	31	1623067	1623067	831645	1	1	0.0643863179074447	0.163157894736842	0.935613682092555	0.0488244507411257	0.0885613156830869	0.128205128205128	0.20283189773038	0.911438684316913	0.951175549258874
bgs	V2_c1.5	lfmm	A_unrestricted_marker	2	32	465	497	190	31	1623067	1623067	831645	1	1	0.0643863179074447	0.163157894736842	0.935613682092555	0.0488244507411257	0.0885613156830869	0.128205128205128	0.20283189773038	0.911438684316913	0.951175549258874
bgs	V2_c1.5	lfmm	A_unrestricted_marker	3	32	465	497	190	31	1623067	1623067	831645	1	1	0.0643863179074447	0.163157894736842	0.935613682092555	0.0488244507411257	0.0885613156830869	0.128205128205128	0.20283189773038	0.911438684316913	0.951175549258874
bgs	V2_c1.5	lfmm	A_unrestricted_marker	5	32	465	497	190	31	1623067	1623067	831645	1	1	0.0643863179074447	0.163157894736842	0.935613682092555	0.0488244507411257	0.0885613156830869	0.128205128205128	0.20283189773038	0.911438684316913	0.951175549258874
bgs	V2_c1.5	lfmm	A_unrestricted_marker	10	32	465	497	190	31	1623067	1623067	831645	1	1	0.0643863179074447	0.163157894736842	0.935613682092555	0.0488244507411257	0.0885613156830869	0.128205128205128	0.20283189773038	0.911438684316913	0.951175549258874
bgs	V2_c1.5	lfmm	A_unrestricted_marker	20	32	465	497	190	31	1623067	1623067	831645	1	1	0.0643863179074447	0.163157894736842	0.935613682092555	0.0488244507411257	0.0885613156830869	0.128205128205128	0.20283189773038	0.911438684316913	0.951175549258874
nobgs	V0.5_c1	lfmm	A_unrestricted_marker	1	189	225	414	204	140	1488756	1488756	889227	1	1	0.456521739130435	0.686274509803922	0.543478260869565	0.380355936293436	0.541669668587896	0.61260566734135	0.75531914893617	0.458330331412104	0.619644063706564
nobgs	V0.5_c1	lfmm	A_unrestricted_marker	2	189	225	414	204	140	1488756	1488756	889227	1	1	0.456521739130435	0.686274509803922	0.543478260869565	0.380355936293436	0.541669668587896	0.61260566734135	0.75531914893617	0.458330331412104	0.619644063706564
nobgs	V0.5_c1	lfmm	A_unrestricted_marker	3	189	225	414	204	140	1488756	1488756	889227	1	1	0.456521739130435	0.686274509803922	0.543478260869565	0.380355936293436	0.541669668587896	0.61260566734135	0.75531914893617	0.458330331412104	0.619644063706564
nobgs	V0.5_c1	lfmm	A_unrestricted_marker	5	189	225	414	204	140	1488756	1488756	889227	1	1	0.456521739130435	0.686274509803922	0.543478260869565	0.380355936293436	0.541669668587896	0.61260566734135	0.75531914893617	0.458330331412104	0.619644063706564
nobgs	V0.5_c1	lfmm	A_unrestricted_marker	10	189	225	414	204	140	1488756	1488756	889227	1	1	0.456521739130435	0.686274509803922	0.543478260869565	0.380355936293436	0.541669668587896	0.61260566734135	0.75531914893617	0.458330331412104	0.619644063706564
nobgs	V0.5_c1	lfmm	A_unrestricted_marker	20	189	225	414	204	140	1488756	1488756	889227	1	1	0.456521739130435	0.686274509803922	0.543478260869565	0.380355936293436	0.541669668587896	0.61260566734135	0.75531914893617	0.458330331412104	0.619644063706564
nobgs	V0.5_c1.5	lfmm	A_unrestricted_marker	1	96	602	698	265	85	1518170	1518170	806474	1	1	0.137535816618911	0.320754716981132	0.862464183381089	0.110058946263537	0.16667282127031	0.252962155285993	0.40587065962093	0.83332717872969	0.889941053736463
nobgs	V0.5_c1.5	lfmm	A_unrestricted_marker	2	96	602	698	265	85	1518170	1518170	806474	1	1	0.137535816618911	0.320754716981132	0.862464183381089	0.110058946263537	0.16667282127031	0.252962155285993	0.40587065962093	0.83332717872969	0.889941053736463
nobgs	V0.5_c1.5	lfmm	A_unrestricted_marker	3	96	602	698	265	85	1518170	1518170	806474	1	1	0.137535816618911	0.320754716981132	0.862464183381089	0.110058946263537	0.16667282127031	0.252962155285993	0.40587065962093	0.83332717872969	0.889941053736463
nobgs	V0.5_c1.5	lfmm	A_unrestricted_marker	5	96	602	698	265	85	1518170	1518170	806474	1	1	0.137535816618911	0.320754716981132	0.862464183381089	0.110058946263537	0.16667282127031	0.252962155285993	0.40587065962093	0.83332717872969	0.889941053736463
nobgs	V0.5_c1.5	lfmm	A_unrestricted_marker	10	96	602	698	265	85	1518170	1518170	806474	1	1	0.137535816618911	0.320754716981132	0.862464183381089	0.110058946263537	0.16667282127031	0.252962155285993	0.40587065962093	0.83332717872969	0.889941053736463
nobgs	V0.5_c1.5	lfmm	A_unrestricted_marker	20	96	602	698	265	85	1518170	1518170	806474	1	1	0.137535816618911	0.320754716981132	0.862464183381089	0.110058946263537	0.16667282127031	0.252962155285993	0.40587065962093	0.83332717872969	0.889941053736463
nobgs	V0.5_c2	lfmm	A_unrestricted_marker	1	95	2662	2757	346	89	1553729	1553729	582316	1	1	0.0344577439245557	0.257225433526012	0.965542256075444	0.0294857309953337	0.0403611044128286	0.220378750449156	0.297546012269939	0.959638895587172	0.970514269004666
nobgs	V0.5_c2	lfmm	A_unrestricted_marker	2	95	2662	2757	346	89	1553729	1553729	582316	1	1	0.0344577439245557	0.257225433526012	0.965542256075444	0.0294857309953337	0.0403611044128286	0.220378750449156	0.297546012269939	0.959638895587172	0.970514269004666
nobgs	V0.5_c2	lfmm	A_unrestricted_marker	3	95	2662	2757	346	89	1553729	1553729	582316	1	1	0.0344577439245557	0.257225433526012	0.965542256075444	0.0294857309953337	0.0403611044128286	0.220378750449156	0.297546012269939	0.959638895587172	0.970514269004666
nobgs	V0.5_c2	lfmm	A_unrestricted_marker	5	95	2662	2757	346	89	1553729	1553729	582316	1	1	0.0344577439245557	0.257225433526012	0.965542256075444	0.0294857309953337	0.0403611044128286	0.220378750449156	0.297546012269939	0.959638895587172	0.970514269004666
nobgs	V0.5_c2	lfmm	A_unrestricted_marker	10	95	2662	2757	346	89	1553729	1553729	582316	1	1	0.0344577439245557	0.257225433526012	0.965542256075444	0.0294857309953337	0.0403611044128286	0.220378750449156	0.297546012269939	0.959638895587172	0.970514269004666
nobgs	V0.5_c2	lfmm	A_unrestricted_marker	20	95	2662	2757	346	89	1553729	1553729	582316	1	1	0.0344577439245557	0.257225433526012	0.965542256075444	0.0294857309953337	0.0403611044128286	0.220378750449156	0.297546012269939	0.959638895587172	0.970514269004666
nobgs	V1_c1	lfmm	A_unrestricted_marker	1	109	197	306	156	83	1495690	1495690	903412	1	1	0.356209150326797	0.532051282051282	0.643790849673203	0.300329289685725	0.415282392026578	0.47095825426945	0.595893812936587	0.584717607973422	0.699670710314275
nobgs	V1_c1	lfmm	A_unrestricted_marker	2	109	197	306	156	83	1495690	1495690	903412	1	1	0.356209150326797	0.532051282051282	0.643790849673203	0.300329289685725	0.415282392026578	0.47095825426945	0.595893812936587	0.584717607973422	0.699670710314275
nobgs	V1_c1	lfmm	A_unrestricted_marker	3	109	197	306	156	83	1495690	1495690	903412	1	1	0.356209150326797	0.532051282051282	0.643790849673203	0.300329289685725	0.415282392026578	0.47095825426945	0.595893812936587	0.584717607973422	0.699670710314275
nobgs	V1_c1	lfmm	A_unrestricted_marker	5	109	197	306	156	83	1495690	1495690	903412	1	1	0.356209150326797	0.532051282051282	0.643790849673203	0.300329289685725	0.415282392026578	0.47095825426945	0.595893812936587	0.584717607973422	0.699670710314275
nobgs	V1_c1	lfmm	A_unrestricted_marker	10	109	197	306	156	83	1495690	1495690	903412	1	1	0.356209150326797	0.532051282051282	0.643790849673203	0.300329289685725	0.415282392026578	0.47095825426945	0.595893812936587	0.584717607973422	0.699670710314275
nobgs	V1_c1	lfmm	A_unrestricted_marker	20	109	197	306	156	83	1495690	1495690	903412	1	1	0.356209150326797	0.532051282051282	0.643790849673203	0.300329289685725	0.415282392026578	0.47095825426945	0.595893812936587	0.584717607973422	0.699670710314275
nobgs	V1_c1.5	lfmm	A_unrestricted_marker	1	75	511	586	274	77	1508205	1508205	807408	1	1	0.127986348122867	0.281021897810219	0.872013651877133	0.097681679813276	0.159690069855867	0.187875304771856	0.398551369333127	0.840309930144133	0.902318320186724
nobgs	V1_c1.5	lfmm	A_unrestricted_marker	2	75	511	586	274	77	1508205	1508205	807408	1	1	0.127986348122867	0.281021897810219	0.872013651877133	0.097681679813276	0.159690069855867	0.187875304771856	0.398551369333127	0.840309930144133	0.902318320186724
nobgs	V1_c1.5	lfmm	A_unrestricted_marker	3	75	511	586	274	77	1508205	1508205	807408	1	1	0.127986348122867	0.281021897810219	0.872013651877133	0.097681679813276	0.159690069855867	0.187875304771856	0.398551369333127	0.840309930144133	0.902318320186724
nobgs	V1_c1.5	lfmm	A_unrestricted_marker	5	75	511	586	274	77	1508205	1508205	807408	1	1	0.127986348122867	0.281021897810219	0.872013651877133	0.097681679813276	0.159690069855867	0.187875304771856	0.398551369333127	0.840309930144133	0.902318320186724
nobgs	V1_c1.5	lfmm	A_unrestricted_marker	10	75	511	586	274	77	1508205	1508205	807408	1	1	0.127986348122867	0.281021897810219	0.872013651877133	0.097681679813276	0.159690069855867	0.187875304771856	0.398551369333127	0.840309930144133	0.902318320186724
nobgs	V1_c1.5	lfmm	A_unrestricted_marker	20	75	511	586	274	77	1508205	1508205	807408	1	1	0.127986348122867	0.281021897810219	0.872013651877133	0.097681679813276	0.159690069855867	0.187875304771856	0.398551369333127	0.840309930144133	0.902318320186724
nobgs	V2_c1	lfmm	A_unrestricted_marker	1	70	139	209	128	62	1488482	1488482	901426	1	1	0.334928229665072	0.484375	0.665071770334928	0.28225555481194	0.392163067758749	0.432	0.532271285034373	0.607836932241251	0.717744445188061
nobgs	V2_c1	lfmm	A_unrestricted_marker	2	70	139	209	128	62	1488482	1488482	901426	1	1	0.334928229665072	0.484375	0.665071770334928	0.28225555481194	0.392163067758749	0.432	0.532271285034373	0.607836932241251	0.717744445188061
nobgs	V2_c1	lfmm	A_unrestricted_marker	3	70	139	209	128	62	1488482	1488482	901426	1	1	0.334928229665072	0.484375	0.665071770334928	0.28225555481194	0.392163067758749	0.432	0.532271285034373	0.607836932241251	0.717744445188061
nobgs	V2_c1	lfmm	A_unrestricted_marker	5	70	139	209	128	62	1488482	1488482	901426	1	1	0.334928229665072	0.484375	0.665071770334928	0.28225555481194	0.392163067758749	0.432	0.532271285034373	0.607836932241251	0.717744445188061
nobgs	V2_c1	lfmm	A_unrestricted_marker	10	70	139	209	128	62	1488482	1488482	901426	1	1	0.334928229665072	0.484375	0.665071770334928	0.28225555481194	0.392163067758749	0.432	0.532271285034373	0.607836932241251	0.717744445188061
nobgs	V2_c1	lfmm	A_unrestricted_marker	20	70	139	209	128	62	1488482	1488482	901426	1	1	0.334928229665072	0.484375	0.665071770334928	0.28225555481194	0.392163067758749	0.432	0.532271285034373	0.607836932241251	0.717744445188061
nobgs	V2_c1.5	lfmm	A_unrestricted_marker	1	36	619	655	196	33	1496487	1496487	812554	1	1	0.0549618320610687	0.168367346938776	0.945038167938931	0.0380479784868938	0.0724144023394663	0.118811881188119	0.21505376344086	0.927585597660534	0.961952021513106
nobgs	V2_c1.5	lfmm	A_unrestricted_marker	2	36	619	655	196	33	1496487	1496487	812554	1	1	0.0549618320610687	0.168367346938776	0.945038167938931	0.0380479784868938	0.0724144023394663	0.118811881188119	0.21505376344086	0.927585597660534	0.961952021513106
nobgs	V2_c1.5	lfmm	A_unrestricted_marker	3	36	619	655	196	33	1496487	1496487	812554	1	1	0.0549618320610687	0.168367346938776	0.945038167938931	0.0380479784868938	0.0724144023394663	0.118811881188119	0.21505376344086	0.927585597660534	0.961952021513106
nobgs	V2_c1.5	lfmm	A_unrestricted_marker	5	36	619	655	196	33	1496487	1496487	812554	1	1	0.0549618320610687	0.168367346938776	0.945038167938931	0.0380479784868938	0.0724144023394663	0.118811881188119	0.21505376344086	0.927585597660534	0.961952021513106
nobgs	V2_c1.5	lfmm	A_unrestricted_marker	10	36	619	655	196	33	1496487	1496487	812554	1	1	0.0549618320610687	0.168367346938776	0.945038167938931	0.0380479784868938	0.0724144023394663	0.118811881188119	0.21505376344086	0.927585597660534	0.961952021513106
nobgs	V2_c1.5	lfmm	A_unrestricted_marker	20	36	619	655	196	33	1496487	1496487	812554	1	1	0.0549618320610687	0.168367346938776	0.945038167938931	0.0380479784868938	0.0724144023394663	0.118811881188119	0.21505376344086	0.927585597660534	0.961952021513106
bgs	V0.5_c1	lfmm	B_floor_filtered_marker	1	154	249	403	167	103	1543807	1543807	887607	1	1	0.382133995037221	0.616766467065868	0.617866004962779	0.342729673816984	0.433633764465623	0.550632911392405	0.674559777571826	0.566366235534377	0.657270326183016
bgs	V0.5_c1	lfmm	B_floor_filtered_marker	2	148	271	419	167	99	962915	962915	306715	0.624048986674786	0.954545454545454	0.353221957040573	0.592814371257485	0.646778042959427	0.32231120817029	0.390245457939273	0.515918559468013	0.659090909090909	0.609754542060727	0.67768879182971
bgs	V0.5_c1	lfmm	B_floor_filtered_marker	3	133	241	374	167	99	614679	614679	132597	0.398797461864657	0.900673400673401	0.355614973262032	0.592814371257485	0.644385026737968	0.310902520850317	0.413800388538125	0.506172839506173	0.678165960879209	0.586199611461875	0.689097479149683
bgs	V0.5_c1	lfmm	B_floor_filtered_marker	5	100	184	284	167	81	305535	305535	39152	0.19865829567821	0.730639730639731	0.352112676056338	0.485029940119761	0.647887323943662	0.295358726828491	0.412819288531032	0.39490026818639	0.570588235294118	0.587180711468968	0.704641273171509
bgs	V0.5_c1	lfmm	B_floor_filtered_marker	10	60	69	129	167	51	106654	106654	6421	0.0695106747472505	0.393939393939394	0.465116279069768	0.305389221556886	0.534883720930233	0.375938516504026	0.594078610447252	0.237797256097561	0.384615384615385	0.405921389552748	0.624061483495974
bgs	V0.5_c1	lfmm	B_floor_filtered_marker	20	22	29	51	167	20	41832	41832	1276	0.0272014586851409	0.131313131313131	0.431372549019608	0.119760479041916	0.568627450980392	0.311111111111111	0.545454545454545	0.0823529411764706	0.159787087912088	0.454545454545455	0.688888888888889
bgs	V0.5_c1.5	lfmm	B_floor_filtered_marker	1	88	585	673	281	80	1615784	1615784	820259	1	1	0.13075780089153	0.284697508896797	0.86924219910847	0.112294338491632	0.152599581626427	0.232636870155039	0.3475507174666	0.847400418373573	0.887705661508368
bgs	V0.5_c1.5	lfmm	B_floor_filtered_marker	2	94	634	728	281	85	1101389	1101389	305864	0.681824576375512	1	0.129120879120879	0.302491103202847	0.870879120879121	0.110789944315734	0.152077010311306	0.256942066210046	0.357142857142857	0.847922989688694	0.889210055684266
bgs	V0.5_c1.5	lfmm	B_floor_filtered_marker	3	97	595	692	281	86	790759	790759	150549	0.489796832221647	0.984166666666667	0.140173410404624	0.306049822064057	0.859826589595376	0.121947506015864	0.161741835147745	0.260267123287671	0.359259259259259	0.838258164852255	0.878052493984136
bgs	V0.5_c1.5	lfmm	B_floor_filtered_marker	5	96	482	578	281	85	472598	472598	54958	0.293076401681776	0.896666666666667	0.166089965397924	0.302491103202847	0.833910034602076	0.142453853281727	0.19361019932971	0.253245712620713	0.357149303764827	0.80638980067029	0.857546146718273
bgs	V0.5_c1.5	lfmm	B_floor_filtered_marker	10	89	314	403	281	84	210170	210170	12559	0.130621393753192	0.693	0.220843672456576	0.298932384341637	0.779156327543424	0.18930802021218	0.257217847769029	0.249158249158249	0.356369986631016	0.742782152230971	0.81069197978782
bgs	V0.5_c1.5	lfmm	B_floor_filtered_marker	20	46	134	180	281	44	84247	84247	2664	0.0524070018903702	0.353	0.255555555555556	0.156583629893238	0.744444444444445	0.208952862270924	0.306827465834819	0.110293418698278	0.205128205128205	0.693172534165181	0.791047137729076
bgs	V0.5_c2	lfmm	B_floor_filtered_marker	1	101	3268	3369	369	91	1804009	1804009	629956	1	1	0.0299792223211636	0.246612466124661	0.970020777678836	0.0258441972279796	0.0343560917666415	0.20161236844357	0.294769348370372	0.965643908233359	0.97415580277202
bgs	V0.5_c2	lfmm	B_floor_filtered_marker	2	99	3082	3181	369	93	1441627	1441627	267574	0.798952750539752	0.939166666666667	0.0311222885884942	0.252032520325203	0.968877711411506	0.0244055068836045	0.0374710504138818	0.208866434274613	0.301681248023611	0.962528949586118	0.975594493116395
bgs	V0.5_c2	lfmm	B_floor_filtered_marker	3	96	2902	2998	369	92	1237515	1237515	165518	0.685696861591901	0.882833333333334	0.0320213475650434	0.249322493224932	0.967978652434957	0.0255360060406163	0.0383087400929311	0.207082088131025	0.294906166219839	0.961691259907069	0.974463993959384
bgs	V0.5_c2	lfmm	B_floor_filtered_marker	5	93	2706	2799	369	88	972568	972568	86858	0.538709925759864	0.798666666666667	0.0332261521972133	0.238482384823848	0.966773847802787	0.0281995661605206	0.0377365476098999	0.202630724538619	0.27445652173913	0.9622634523901	0.971800433839479
bgs	V0.5_c2	lfmm	B_floor_filtered_marker	10	84	1879	1963	369	79	625868	625868	32785	0.34640780530426	0.6	0.0427916454406521	0.214092140921409	0.957208354559348	0.0363355268876853	0.048140908280812	0.186657534246575	0.243697478991597	0.951859091719188	0.963664473112315
bgs	V0.5_c2	lfmm	B_floor_filtered_marker	20	49	910	959	369	50	328400	328400	10228	0.181568944305842	0.388666666666667	0.0510948905109489	0.13550135501355	0.948905109489051	0.0366684425908634	0.0660157573308884	0.0968544755738513	0.1795	0.933984242669112	0.963331557409137
bgs	V1_c1	lfmm	B_floor_filtered_marker	1	120	206	326	143	89	1552470	1552470	900129	1	1	0.368098159509202	0.622377622377622	0.631901840490798	0.314187023562024	0.428083729800673	0.492957746478873	0.718518518518519	0.571916270199327	0.685812976437977
bgs	V1_c1	lfmm	B_floor_filtered_marker	2	121	177	298	143	84	959774	959774	307433	0.618568237752791	0.991408934707904	0.406040268456376	0.587412587412587	0.593959731543624	0.352110482207889	0.462329687730152	0.464510368663595	0.696302681992337	0.537670312269848	0.647889517792111
bgs	V1_c1	lfmm	B_floor_filtered_marker	3	107	154	261	143	76	609624	609624	132358	0.393430700442319	0.893470790378007	0.409961685823755	0.531468531468532	0.590038314176245	0.353534549314804	0.475613785322875	0.4	0.635676532769556	0.524386214677125	0.646465450685196
bgs	V1_c1	lfmm	B_floor_filtered_marker	5	65	83	148	143	52	299336	299336	38550	0.193718882571686	0.628865979381443	0.439189189189189	0.363636363636364	0.560810810810811	0.353656852176257	0.534252479924421	0.253476804885256	0.447761194029851	0.465747520075579	0.646343147823743
bgs	V1_c1	lfmm	B_floor_filtered_marker	10	24	39	63	143	22	103875	103875	6269	0.0674400946914189	0.286941580756014	0.380952380952381	0.153846153846154	0.619047619047619	0.24390243902439	0.523809523809524	0.0987634015594542	0.211678832116788	0.476190476190476	0.75609756097561
bgs	V1_c1	lfmm	B_floor_filtered_marker	20	8	10	18	143	9	40918	40918	1243	0.0264823108918906	0.109965635738832	0.444444444444444	0.0629370629370629	0.555555555555556	0.238095238095238	0.75	0.0281640894316951	0.101353799451626	0.25	0.761904761904762
bgs	V1_c1.5	lfmm	B_floor_filtered_marker	1	57	478	535	256	53	1621446	1621446	824393	1	1	0.106542056074766	0.20703125	0.893457943925234	0.078194349510139	0.141843971631206	0.17465156100669	0.235773245287038	0.858156028368794	0.921805650489861
bgs	V1_c1.5	lfmm	B_floor_filtered_marker	2	58	526	584	256	57	1104963	1104963	307910	0.681481290332276	0.9975	0.0993150684931507	0.22265625	0.900684931506849	0.0806186616706716	0.122774803945423	0.192589098532495	0.253276564774381	0.877225196054577	0.919381338329328
bgs	V1_c1.5	lfmm	B_floor_filtered_marker	3	61	511	572	256	59	790645	790645	150751	0.487730100522708	0.983333333333333	0.106643356643357	0.23046875	0.893356643356643	0.0854665668662675	0.131395084061784	0.201549650720665	0.259116934595904	0.868604915938216	0.914533433133732
bgs	V1_c1.5	lfmm	B_floor_filtered_marker	5	60	431	491	256	58	469951	469951	54495	0.29002006349893	0.869666666666667	0.122199592668024	0.2265625	0.877800407331976	0.0999955436720143	0.146000974300819	0.209675658543457	0.242917802474313	0.853999025699181	0.900004456327986
bgs	V1_c1.5	lfmm	B_floor_filtered_marker	10	48	252	300	256	47	209390	209390	12459	0.129264729510638	0.601166666666667	0.16	0.18359375	0.84	0.120299098185346	0.199154931821078	0.151288294859693	0.219298245614035	0.800845068178922	0.879700901814654
bgs	V1_c1.5	lfmm	B_floor_filtered_marker	20	24	103	127	256	24	84980	84980	2710	0.0524570901203831	0.346333333333333	0.188976377952756	0.09375	0.811023622047244	0.108830782312925	0.263915598290598	0.0485029545580647	0.141555365296804	0.736084401709402	0.891169217687075
bgs	V2_c1	lfmm	B_floor_filtered_marker	1	55	86	141	121	41	1551174	1551174	901025	1	1	0.390070921985816	0.338842975206612	0.609929078014184	0.316527830367285	0.469805828027304	0.269230769230769	0.431034482758621	0.530194171972696	0.683472169632715
bgs	V2_c1	lfmm	B_floor_filtered_marker	2	56	79	135	121	39	957402	957402	307253	0.61752426444722	0.962962962962963	0.414814814814815	0.322314049586777	0.585185185185185	0.340568618751849	0.488202297081286	0.260147086203687	0.398148148148148	0.511797702918714	0.659431381248152
bgs	V2_c1	lfmm	B_floor_filtered_marker	3	52	65	117	121	36	607270	607270	132187	0.392269149630789	0.907407407407407	0.444444444444444	0.297520661157025	0.555555555555556	0.351640926640927	0.525	0.21137099847561	0.394979866946779	0.475	0.648359073359073
bgs	V2_c1	lfmm	B_floor_filtered_marker	5	40	51	91	121	30	296453	296453	38204	0.192094650139142	0.681481481481482	0.43956043956044	0.247933884297521	0.56043956043956	0.32182881773399	0.523821081830791	0.155038759689923	0.353450452803901	0.476178918169209	0.67817118226601
bgs	V2_c1	lfmm	B_floor_filtered_marker	10	22	19	41	121	21	101849	101849	6116	0.0662856599462138	0.340740740740741	0.536585365853659	0.173553719008264	0.463414634146342	0.342838345864662	0.700053191489361	0.0888844086021505	0.271846789303356	0.299946808510638	0.657161654135338
bgs	V2_c1	lfmm	B_floor_filtered_marker	20	8	7	15	121	8	39202	39202	1148	0.0254710176491372	0.103703703703704	0.533333333333333	0.0661157024793388	0.466666666666667	0.266666666666667	0.8	0.025	0.108113738738739	0.2	0.733333333333333
bgs	V2_c1.5	lfmm	B_floor_filtered_marker	1	32	465	497	190	31	1623067	1623067	831645	1	1	0.0643863179074447	0.163157894736842	0.935613682092555	0.0488244507411257	0.0885613156830869	0.128205128205128	0.20283189773038	0.911438684316913	0.951175549258874
bgs	V2_c1.5	lfmm	B_floor_filtered_marker	2	33	514	547	190	32	1102958	1102958	311536	0.679611465910304	0.994845360824742	0.0603290676416819	0.168421052631579	0.939670932358318	0.045173333382753	0.0835079896282871	0.134076772447158	0.206189657993782	0.916492010371713	0.954826666617247
bgs	V2_c1.5	lfmm	B_floor_filtered_marker	3	34	526	560	190	33	781542	781542	150828	0.481699353536181	0.973367697594502	0.0607142857142857	0.173684210526316	0.939285714285714	0.0412335828272843	0.0867942516789255	0.129938158497481	0.21505376344086	0.913205748321074	0.958766417172716
bgs	V2_c1.5	lfmm	B_floor_filtered_marker	5	35	428	463	190	31	459268	459268	53954	0.283271953529065	0.812714776632302	0.0755939524838013	0.163157894736842	0.924406047516199	0.0472603682407634	0.110880123193556	0.109984375	0.213930348258706	0.889119876806444	0.952739631759237
bgs	V2_c1.5	lfmm	B_floor_filtered_marker	10	26	219	245	190	26	198744	198744	11870	0.122715345132497	0.505154639175258	0.106122448979592	0.136842105263158	0.893877551020408	0.0657840811044003	0.145593869731801	0.0819613020176545	0.194136500754148	0.854406130268199	0.9342159188956
bgs	V2_c1.5	lfmm	B_floor_filtered_marker	20	12	56	68	190	12	79819	79819	2531	0.0493077474559215	0.225945017182131	0.176470588235294	0.0631578947368421	0.823529411764706	0.106659574468085	0.261578947368421	0.0374281772670383	0.0923994025338324	0.738421052631579	0.893340425531915
nobgs	V0.5_c1	lfmm	B_floor_filtered_marker	1	189	225	414	204	140	1488756	1488756	889227	1	1	0.456521739130435	0.686274509803922	0.543478260869565	0.380355936293436	0.541669668587896	0.61260566734135	0.75531914893617	0.458330331412104	0.619644063706564
nobgs	V0.5_c1	lfmm	B_floor_filtered_marker	2	170	193	363	204	135	890974	890974	291445	0.598619328179086	0.955387205387206	0.46831955922865	0.661764705882353	0.53168044077135	0.395442727141413	0.544560665743994	0.594824737961416	0.738374329159213	0.455439334256006	0.604557272858587
nobgs	V0.5_c1	lfmm	B_floor_filtered_marker	3	152	161	313	204	126	549928	549928	120922	0.36971373862631	0.898989898989899	0.485623003194888	0.617647058823529	0.514376996805112	0.398880089753616	0.577067398292872	0.524659830299833	0.719387755102041	0.422932601707128	0.601119910246384
nobgs	V0.5_c1	lfmm	B_floor_filtered_marker	5	119	144	263	204	105	262000	262000	33721	0.176435909648208	0.711279461279461	0.452471482889734	0.514705882352941	0.547528517110266	0.378826243241029	0.543568996701777	0.423563953600215	0.617040770858861	0.456431003298223	0.621173756758971
nobgs	V0.5_c1	lfmm	B_floor_filtered_marker	10	61	51	112	204	60	89927	89927	5238	0.0606830460442905	0.375420875420876	0.544642857142857	0.294117647058824	0.455357142857143	0.429506232023011	0.691509819967267	0.25	0.340104139410749	0.308490180032733	0.570493767976989
nobgs	V0.5_c1	lfmm	B_floor_filtered_marker	20	21	14	35	204	24	38190	38190	1127	0.0257428641503537	0.170875420875421	0.6	0.117647058823529	0.4	0.5	0.739130434782609	0.0751116833157536	0.16580310880829	0.260869565217391	0.5
nobgs	V0.5_c1.5	lfmm	B_floor_filtered_marker	1	96	602	698	265	85	1518170	1518170	806474	1	1	0.137535816618911	0.320754716981132	0.862464183381089	0.110058946263537	0.16667282127031	0.252962155285993	0.40587065962093	0.83332717872969	0.889941053736463
nobgs	V0.5_c1.5	lfmm	B_floor_filtered_marker	2	103	632	735	265	89	1004071	1004071	292375	0.661329586067138	0.971666666666667	0.140136054421769	0.335849056603774	0.859863945578231	0.10935441370224	0.172323759791123	0.270984474545141	0.41501976284585	0.827676240208877	0.89064558629776
nobgs	V0.5_c1.5	lfmm	B_floor_filtered_marker	3	100	593	693	265	86	694355	694355	137517	0.457306068562559	0.945833333333333	0.144300144300144	0.324528301886792	0.855699855699856	0.119827524547105	0.16913983494988	0.278169014084507	0.375494071146245	0.83086016505012	0.880172475452895
nobgs	V0.5_c1.5	lfmm	B_floor_filtered_marker	5	100	408	508	265	85	393667	393667	47035	0.259231644863704	0.8375	0.196850393700787	0.320754716981132	0.803149606299213	0.155736477863944	0.242047867207103	0.260861910593999	0.380961645358532	0.757952132792897	0.844263522136056
nobgs	V0.5_c1.5	lfmm	B_floor_filtered_marker	10	67	195	262	265	62	163086	163086	9580	0.107351993533077	0.623166666666667	0.255725190839695	0.233962264150943	0.744274809160305	0.190109278745542	0.325305467151625	0.172532175813502	0.308943089430894	0.674694532848375	0.809890721254458
nobgs	V0.5_c1.5	lfmm	B_floor_filtered_marker	20	46	65	111	265	48	67319	67319	2052	0.044292618748481	0.358833333333333	0.414414414414414	0.181132075471698	0.585585585585586	0.313868613138686	0.561815308988764	0.144827586206897	0.227277183600713	0.438184691011236	0.686131386861314
nobgs	V0.5_c2	lfmm	B_floor_filtered_marker	1	95	2662	2757	346	89	1553729	1553729	582316	1	1	0.0344577439245557	0.257225433526012	0.965542256075444	0.0294857309953337	0.0403611044128286	0.220378750449156	0.297546012269939	0.959638895587172	0.970514269004666
nobgs	V0.5_c2	lfmm	B_floor_filtered_marker	2	92	2501	2593	346	85	1213743	1213743	242330	0.780979538317233	0.86	0.0354801388353259	0.245664739884393	0.964519861164674	0.0293798130517445	0.0422319608215339	0.206303724928367	0.29512893982808	0.957768039178466	0.970620186948256
nobgs	V0.5_c2	lfmm	B_floor_filtered_marker	3	84	2320	2404	346	78	1018343	1018343	144630	0.655089270978016	0.755333333333333	0.0349417637271215	0.225433526011561	0.965058236272879	0.0284183475855321	0.042311252319389	0.184733613161033	0.274292733278282	0.957688747680611	0.971581652414468
nobgs	V0.5_c2	lfmm	B_floor_filtered_marker	5	76	1974	2050	346	72	775111	775111	72264	0.498365991293608	0.6735	0.0370731707317073	0.208092485549133	0.962926829268293	0.0298726738491675	0.0453532001166456	0.168166862514689	0.255748797113071	0.954646799883354	0.970127326150832
nobgs	V0.5_c2	lfmm	B_floor_filtered_marker	10	56	1210	1266	346	56	475332	475332	25329	0.305298730808876	0.525	0.0442338072669826	0.161849710982659	0.955766192733017	0.0351303774017968	0.053864800535126	0.125714285714286	0.201681269098549	0.946135199464874	0.964869622598203
nobgs	V0.5_c2	lfmm	B_floor_filtered_marker	20	29	421	450	346	30	238379	238379	7193	0.152870259486986	0.315166666666667	0.0644444444444445	0.0867052023121387	0.935555555555556	0.0421931046749474	0.0905128516870968	0.0553935860058309	0.11878453038674	0.909487148312903	0.957806895325053
nobgs	V1_c1	lfmm	B_floor_filtered_marker	1	109	197	306	156	83	1495690	1495690	903412	1	1	0.356209150326797	0.532051282051282	0.643790849673203	0.300329289685725	0.415282392026578	0.47095825426945	0.595893812936587	0.584717607973422	0.699670710314275
nobgs	V1_c1	lfmm	B_floor_filtered_marker	2	109	173	282	156	82	885007	885007	292729	0.591669535780024	0.984848484848485	0.386524822695035	0.525641025641026	0.613475177304965	0.331341910081494	0.452184220389805	0.471337579617834	0.58622914349277	0.547815779610195	0.668658089918506
nobgs	V1_c1	lfmm	B_floor_filtered_marker	3	95	143	238	156	77	540121	540121	120286	0.361097573336313	0.919191919191919	0.399159663865546	0.493589743589744	0.600840336134454	0.3368775856974	0.47087442852006	0.436700230149597	0.553336477987421	0.52912557147994	0.663122414302601
nobgs	V1_c1	lfmm	B_floor_filtered_marker	5	73	99	172	156	63	251211	251211	32700	0.167943823490799	0.69023569023569	0.424418604651163	0.403846153846154	0.575581395348837	0.360214416755848	0.514492753623188	0.335569365948428	0.473684210526316	0.485507246376812	0.639785583244152
nobgs	V1_c1	lfmm	B_floor_filtered_marker	10	49	57	106	156	48	84062	84062	4978	0.056177488793605	0.422558922558923	0.462264150943396	0.307692307692308	0.537735849056604	0.380270771918332	0.5696270586634	0.222912243453645	0.406060606060606	0.4303729413366	0.619729228081668
nobgs	V1_c1	lfmm	B_floor_filtered_marker	20	24	18	42	156	29	33867	33867	1000	0.0226032516178263	0.18013468013468	0.571428571428571	0.185897435897436	0.428571428571429	0.452818957771788	0.76	0.0987472766884532	0.283043987942391	0.24	0.547181042228212
nobgs	V1_c1.5	lfmm	B_floor_filtered_marker	1	75	511	586	274	77	1508205	1508205	807408	1	1	0.127986348122867	0.281021897810219	0.872013651877133	0.097681679813276	0.159690069855867	0.187875304771856	0.398551369333127	0.840309930144133	0.902318320186724
nobgs	V1_c1.5	lfmm	B_floor_filtered_marker	2	76	588	664	274	75	991552	991552	290755	0.657419694448112	0.991666666666667	0.114457831325301	0.273722627737226	0.885542168674699	0.0833243919885551	0.147213816217623	0.173913043478261	0.39636525974026	0.852786183782377	0.916675608011445
nobgs	V1_c1.5	lfmm	B_floor_filtered_marker	3	71	531	602	274	72	682730	682730	136344	0.452654634638628	0.934333333333333	0.117940199335548	0.262773722627737	0.882059800664452	0.0873546102286809	0.149564182761368	0.169488764975432	0.369404858238926	0.850435817238632	0.912645389771319
nobgs	V1_c1.5	lfmm	B_floor_filtered_marker	5	55	372	427	274	58	384311	384311	46451	0.254808724975971	0.835666666666667	0.128805620608899	0.211678832116788	0.871194379391101	0.0901591933920519	0.160244291156328	0.118274610165457	0.318682413204326	0.839755708843672	0.909840806607948
nobgs	V1_c1.5	lfmm	B_floor_filtered_marker	10	36	168	204	274	40	157111	157111	9466	0.104197365558696	0.555	0.176470588235294	0.145985401459854	0.823529411764706	0.135963847726111	0.222901801380278	0.0985387635478876	0.203071493298994	0.777098198619722	0.864036152273889
nobgs	V1_c1.5	lfmm	B_floor_filtered_marker	20	17	61	78	274	19	60927	60927	1930	0.040444535642772	0.284333333333333	0.217948717948718	0.0693430656934307	0.782051282051282	0.138448275862069	0.306666666666667	0.0388293286351539	0.104844201079453	0.693333333333333	0.861551724137931
nobgs	V2_c1	lfmm	B_floor_filtered_marker	1	70	139	209	128	62	1488482	1488482	901426	1	1	0.334928229665072	0.484375	0.665071770334928	0.28225555481194	0.392163067758749	0.432	0.532271285034373	0.607836932241251	0.717744445188061
nobgs	V2_c1	lfmm	B_floor_filtered_marker	2	68	123	191	128	56	878415	878415	291359	0.590134865142537	0.943262411347518	0.356020942408377	0.4375	0.643979057591623	0.283573462168924	0.440312550152463	0.336	0.520333602096352	0.559687449847536	0.716426537831076
nobgs	V2_c1	lfmm	B_floor_filtered_marker	3	68	122	190	128	58	532985	532985	118644	0.358045258127451	0.891843971631206	0.357894736842105	0.453125	0.642105263157895	0.304994047619048	0.415007513661202	0.354791271347249	0.532786885245902	0.584992486338798	0.695005952380952
nobgs	V2_c1	lfmm	B_floor_filtered_marker	5	57	88	145	128	49	247641	247641	32140	0.166330371257221	0.696808510638298	0.393103448275862	0.3828125	0.606896551724138	0.355767617449664	0.443548387096774	0.277766106442577	0.484126984126984	0.556451612903226	0.644232382550336
nobgs	V2_c1	lfmm	B_floor_filtered_marker	10	38	35	73	128	34	84222	84222	5028	0.0565533039695493	0.480496453900709	0.520547945205479	0.265625	0.479452054794521	0.424657534246575	0.636402821316614	0.180552944862155	0.358333333333333	0.363597178683386	0.575342465753425
nobgs	V2_c1	lfmm	B_floor_filtered_marker	20	20	11	31	128	20	34738	34738	1095	0.0233759799066732	0.24468085106383	0.645161290322581	0.15625	0.354838709677419	0.48	0.75	0.0655531312654794	0.270491803278689	0.25	0.52
nobgs	V2_c1.5	lfmm	B_floor_filtered_marker	1	36	619	655	196	33	1496487	1496487	812554	1	1	0.0549618320610687	0.168367346938776	0.945038167938931	0.0380479784868938	0.0724144023394663	0.118811881188119	0.21505376344086	0.927585597660534	0.961952021513106
nobgs	V2_c1.5	lfmm	B_floor_filtered_marker	2	42	626	668	196	37	974721	974721	290788	0.651287817562053	0.926116838487972	0.062874251497006	0.188775510204082	0.937125748502994	0.0480159557506929	0.0776423553249507	0.14975845410628	0.234048632218845	0.922357644675049	0.951984044249307
nobgs	V2_c1.5	lfmm	B_floor_filtered_marker	3	40	552	592	196	38	661903	661903	134379	0.442231124882265	0.859965635738832	0.0675675675675676	0.193877551020408	0.932432432432432	0.0509010336751999	0.0839174184594032	0.144184998952441	0.252873563218391	0.916082581540597	0.9490989663248
nobgs	V2_c1.5	lfmm	B_floor_filtered_marker	5	38	395	433	196	38	362501	362501	44206	0.242129574193849	0.753436426116839	0.0877598152424942	0.193877551020408	0.912240184757506	0.0699758723265868	0.105883077368879	0.145726203834708	0.251528262157005	0.894116922631121	0.930024127673413
nobgs	V2_c1.5	lfmm	B_floor_filtered_marker	10	30	165	195	196	30	145066	145066	8778	0.0968686177548025	0.457903780068729	0.153846153846154	0.153061224489796	0.846153846153846	0.117016305428515	0.192053915516145	0.111650485436893	0.200025125628141	0.807946084483855	0.882983694571485
nobgs	V2_c1.5	lfmm	B_floor_filtered_marker	20	18	65	83	196	18	56734	56734	1780	0.0378942037428732	0.236254295532646	0.216867469879518	0.0918367346938776	0.783132530120482	0.161283488244943	0.28	0.0574162679425837	0.134078212290503	0.72	0.838716511755058
bgs	V0.5_c1	lfmm	C_stage1_simes	1	117	80	197	167	94	887607	1543807	887607	1	1	0.593908629441624	0.562874251497006	0.406091370558376	0.533921568627451	0.658540236599971	0.494112266857963	0.623529411764706	0.341459763400029	0.466078431372549
bgs	V0.5_c1	lfmm	C_stage1_simes	2	119	102	221	167	94	306715	962915	306715	0.624048986674786	0.954545454545454	0.538461538461538	0.562874251497006	0.461538461538462	0.457623687641529	0.627329192546584	0.490445859872612	0.625017458100559	0.372670807453416	0.542376312358471
bgs	V0.5_c1	lfmm	C_stage1_simes	3	119	109	228	167	93	132597	614679	132597	0.398797461864657	0.900673400673401	0.521929824561403	0.55688622754491	0.478070175438597	0.474895294810549	0.577897187358594	0.478527607361963	0.632536076509427	0.422102812641406	0.525104705189451
bgs	V0.5_c1	lfmm	C_stage1_simes	5	91	86	177	167	78	39152	305535	39152	0.19865829567821	0.730639730639731	0.514124293785311	0.467065868263473	0.485875706214689	0.45174693408278	0.585992752031627	0.371051712089448	0.554233397002645	0.414007247968373	0.54825306591722
bgs	V0.5_c1	lfmm	C_stage1_simes	10	58	45	103	167	52	6421	106654	6421	0.0695106747472505	0.393939393939394	0.563106796116505	0.311377245508982	0.436893203883495	0.472722277722278	0.662790697674419	0.24375	0.388587681779298	0.337209302325581	0.527277722277722
bgs	V0.5_c1	lfmm	C_stage1_simes	20	22	20	42	167	20	1276	41832	1276	0.0272014586851409	0.131313131313131	0.523809523809524	0.119760479041916	0.476190476190476	0.371428571428571	0.666666666666667	0.0823529411764706	0.159787087912088	0.333333333333333	0.628571428571429
bgs	V0.5_c1.5	lfmm	C_stage1_simes	1	57	250	307	281	53	820259	1615784	820259	1	1	0.185667752442997	0.188612099644128	0.814332247557003	0.142450142450142	0.243835643828312	0.16	0.227941176470588	0.756164356171688	0.857549857549858
bgs	V0.5_c1.5	lfmm	C_stage1_simes	2	69	318	387	281	65	305864	1101389	305864	0.681824576375512	1	0.178294573643411	0.231316725978648	0.821705426356589	0.156396197635779	0.204269112247574	0.193217416715371	0.272388394051249	0.795730887752426	0.843603802364221
bgs	V0.5_c1.5	lfmm	C_stage1_simes	3	74	321	395	281	69	150549	790759	150549	0.489796832221647	0.984166666666667	0.187341772151899	0.245551601423488	0.812658227848101	0.168513805935752	0.209877443040708	0.212622558949842	0.283154121863799	0.790122556959292	0.831486194064248
bgs	V0.5_c1.5	lfmm	C_stage1_simes	5	76	283	359	281	71	54958	472598	54958	0.293076401681776	0.896666666666667	0.211699164345404	0.252669039145908	0.788300835654596	0.19177796803653	0.233651691534131	0.217081850533808	0.291370556691178	0.766348308465869	0.80822203196347
bgs	V0.5_c1.5	lfmm	C_stage1_simes	10	77	200	277	281	73	12559	210170	12559	0.130621393753192	0.693	0.277978339350181	0.259786476868327	0.72202166064982	0.239989583333333	0.320758237116305	0.215745441131128	0.315589690693849	0.679241762883695	0.760010416666667
bgs	V0.5_c1.5	lfmm	C_stage1_simes	20	42	88	130	281	41	2664	84247	2664	0.0524070018903702	0.353	0.323076923076923	0.145907473309609	0.676923076923077	0.258735312306741	0.410011194029851	0.099647825165937	0.187725977564768	0.589988805970149	0.741264687693259
bgs	V0.5_c2	lfmm	C_stage1_simes	1	68	2241	2309	369	71	629956	1804009	629956	1	1	0.0294499783456042	0.192411924119241	0.970550021654396	0.0248335499655937	0.0348743440282032	0.161373527905786	0.225202913708276	0.965125655971797	0.975166450034406
bgs	V0.5_c2	lfmm	C_stage1_simes	2	74	2379	2453	369	77	267574	1441627	267574	0.798952750539752	0.939166666666667	0.0301671422747656	0.208672086720867	0.969832857725234	0.0242854123225056	0.0363501739493347	0.17195560515873	0.247880539499037	0.963649826050665	0.975714587677494
bgs	V0.5_c2	lfmm	C_stage1_simes	3	74	2410	2484	369	77	165518	1237515	165518	0.685696861591901	0.882833333333334	0.0297906602254428	0.208672086720867	0.970209339774557	0.0241013525561018	0.0360104908564916	0.173329608938548	0.244096777147043	0.963989509143509	0.975898647443898
bgs	V0.5_c2	lfmm	C_stage1_simes	5	76	2346	2422	369	79	86858	972568	86858	0.538709925759864	0.798666666666667	0.0313790255986788	0.214092140921409	0.968620974401321	0.0267073739926778	0.0362938060919446	0.185483870967742	0.240798301852738	0.963706193908055	0.973292626007322
bgs	V0.5_c2	lfmm	C_stage1_simes	10	73	1708	1781	369	75	32785	625868	32785	0.34640780530426	0.6	0.0409882088714206	0.203252032520325	0.959011791128579	0.0361699122490684	0.0458926311041904	0.182072638838144	0.222857561793046	0.95410736889581	0.963830087750932
bgs	V0.5_c2	lfmm	C_stage1_simes	20	44	817	861	369	47	10228	328400	10228	0.181568944305842	0.388666666666667	0.0511033681765389	0.127371273712737	0.948896631823461	0.0420251587635524	0.0603023497375144	0.0992361429454089	0.156759406465289	0.939697650262486	0.957974841236448
bgs	V1_c1	lfmm	C_stage1_simes	1	102	108	210	143	84	900129	1552470	900129	1	1	0.485714285714286	0.587412587412587	0.514285714285714	0.407398101619207	0.565467063788866	0.445984801562723	0.702702702702703	0.434532936211134	0.592601898380793
bgs	V1_c1	lfmm	C_stage1_simes	2	110	103	213	143	84	307433	959774	307433	0.618568237752791	0.991408934707904	0.516431924882629	0.587412587412587	0.483568075117371	0.448249870039854	0.601040124599062	0.468531468531469	0.689661855118952	0.398959875400938	0.551750129960145
bgs	V1_c1	lfmm	C_stage1_simes	3	92	103	195	143	73	132358	609624	132358	0.393430700442319	0.893470790378007	0.471794871794872	0.510489510489511	0.528205128205128	0.402415927568367	0.547371361364305	0.401359425349087	0.601401230348599	0.452628638635695	0.597584072431633
bgs	V1_c1	lfmm	C_stage1_simes	5	60	57	117	143	51	38550	299336	38550	0.193718882571686	0.628865979381443	0.512820512820513	0.356643356643357	0.487179487179487	0.421766658470617	0.625	0.248275862068966	0.440305030790105	0.375	0.578233341529383
bgs	V1_c1	lfmm	C_stage1_simes	10	23	27	50	143	22	6269	103875	6269	0.0674400946914189	0.286941580756014	0.46	0.153846153846154	0.54	0.310344827586207	0.628571428571429	0.0987634015594542	0.211678832116788	0.371428571428571	0.689655172413793
bgs	V1_c1	lfmm	C_stage1_simes	20	8	10	18	143	9	1243	40918	1243	0.0264823108918906	0.109965635738832	0.444444444444444	0.0629370629370629	0.555555555555556	0.238095238095238	0.75	0.0281640894316951	0.101353799451626	0.25	0.761904761904762
bgs	V1_c1.5	lfmm	C_stage1_simes	1	35	194	229	256	35	824393	1621446	824393	1	1	0.152838427947598	0.13671875	0.847161572052402	0.103317372459439	0.213544034090909	0.104651162790698	0.172695527874209	0.786455965909091	0.896682627540561
bgs	V1_c1.5	lfmm	C_stage1_simes	2	44	302	346	256	44	307910	1104963	307910	0.681481290332276	0.9975	0.127167630057803	0.171875	0.872832369942197	0.0966162648873583	0.165091453800063	0.144980065729217	0.2	0.834908546199937	0.903383735112642
bgs	V1_c1.5	lfmm	C_stage1_simes	3	47	331	378	256	46	150751	790645	150751	0.487730100522708	0.983333333333333	0.124338624338624	0.1796875	0.875661375661376	0.0924115996100971	0.158512893338442	0.142857142857143	0.213999118165785	0.841487106661558	0.907588400389903
bgs	V1_c1.5	lfmm	C_stage1_simes	5	49	302	351	256	48	54495	469951	54495	0.29002006349893	0.869666666666667	0.13960113960114	0.1875	0.86039886039886	0.103641093743197	0.181322393822394	0.152982761810781	0.222691796926024	0.818677606177606	0.896358906256803
bgs	V1_c1.5	lfmm	C_stage1_simes	10	44	175	219	256	43	12459	209390	12459	0.129264729510638	0.601166666666667	0.200913242009132	0.16796875	0.799086757990868	0.152169565217391	0.251256925653911	0.137927640510453	0.20092772439174	0.748743074346089	0.847830434782609
bgs	V1_c1.5	lfmm	C_stage1_simes	20	21	81	102	256	21	2710	84980	2710	0.0524570901203831	0.346333333333333	0.205882352941176	0.08203125	0.794117647058824	0.122425138279611	0.282058823529412	0.0439514189514189	0.123853211009174	0.717941176470588	0.877574861720389
bgs	V2_c1	lfmm	C_stage1_simes	1	45	51	96	121	38	901025	1551174	901025	1	1	0.46875	0.31404958677686	0.53125	0.357798165137615	0.591427718040621	0.235703781512605	0.411228697086311	0.408572281959379	0.642201834862385
bgs	V2_c1	lfmm	C_stage1_simes	2	48	42	90	121	38	307253	957402	307253	0.61752426444722	0.962962962962963	0.533333333333333	0.31404958677686	0.466666666666667	0.430191029900332	0.642877668308703	0.24284632034632	0.396396396396396	0.357122331691297	0.569808970099668
bgs	V2_c1	lfmm	C_stage1_simes	3	42	40	82	121	31	132187	607270	132187	0.392269149630789	0.907407407407407	0.51219512195122	0.256198347107438	0.487804878048781	0.41025641025641	0.617666408668731	0.192	0.345803378864126	0.382333591331269	0.58974358974359
bgs	V2_c1	lfmm	C_stage1_simes	5	35	28	63	121	28	38204	296453	38204	0.192094650139142	0.681481481481482	0.555555555555556	0.231404958677686	0.444444444444444	0.403145161290323	0.666666666666667	0.128	0.345803378864126	0.333333333333333	0.596854838709677
bgs	V2_c1	lfmm	C_stage1_simes	10	24	15	39	121	23	6116	101849	6116	0.0662856599462138	0.340740740740741	0.615384615384615	0.190082644628099	0.384615384615385	0.421010186757216	0.782638072855464	0.111111111111111	0.280701754385965	0.217361927144536	0.578989813242784
bgs	V2_c1	lfmm	C_stage1_simes	20	8	5	13	121	8	1148	39202	1148	0.0254710176491372	0.103703703703704	0.615384615384615	0.0661157024793388	0.384615384615385	0.333333333333333	0.833333333333333	0.025	0.108113738738739	0.166666666666667	0.666666666666667
bgs	V2_c1.5	lfmm	C_stage1_simes	1	18	225	243	190	17	831645	1623067	831645	1	1	0.0740740740740741	0.0894736842105263	0.925925925925926	0.0459734195402299	0.116279069767442	0.0666566265060241	0.114427860696517	0.883720930232558	0.95402658045977
bgs	V2_c1.5	lfmm	C_stage1_simes	2	24	332	356	190	23	311536	1102958	311536	0.679611465910304	0.994845360824742	0.0674157303370787	0.121052631578947	0.932584269662921	0.0457282322633257	0.101374678938356	0.0857104660045837	0.160235570115772	0.898625321061644	0.954271767736674
bgs	V2_c1.5	lfmm	C_stage1_simes	3	27	357	384	190	26	150828	781542	150828	0.481699353536181	0.973367697594502	0.0703125	0.136842105263158	0.9296875	0.0459452564809708	0.1018807791213	0.0994764397905759	0.180728628800918	0.8981192208787	0.954054743519029
bgs	V2_c1.5	lfmm	C_stage1_simes	5	26	294	320	190	25	53954	459268	53954	0.283271953529065	0.812714776632302	0.08125	0.131578947368421	0.91875	0.0474858263017423	0.121311475409836	0.0877170374389582	0.173283469651313	0.878688524590164	0.952514173698258
bgs	V2_c1.5	lfmm	C_stage1_simes	10	20	156	176	190	20	11870	198744	11870	0.122715345132497	0.505154639175258	0.113636363636364	0.105263157894737	0.886363636363636	0.0670017182130584	0.156865595075239	0.0591133004926108	0.151515151515152	0.843134404924761	0.932998281786942
bgs	V2_c1.5	lfmm	C_stage1_simes	20	8	42	50	190	8	2531	79819	2531	0.0493077474559215	0.225945017182131	0.16	0.0421052631578947	0.84	0.0833333333333333	0.270284346846847	0.0227272727272727	0.0621761658031088	0.729715653153153	0.916666666666667
nobgs	V0.5_c1	lfmm	C_stage1_simes	1	153	102	255	204	126	889227	1488756	889227	1	1	0.6	0.617647058823529	0.4	0.5625	0.639428490990991	0.548383559705716	0.697924371301775	0.360571509009009	0.4375
nobgs	V0.5_c1	lfmm	C_stage1_simes	2	143	95	238	204	125	291445	890974	291445	0.598619328179086	0.955387205387206	0.600840336134454	0.612745098039216	0.399159663865546	0.539733785346368	0.669953239478883	0.537104590478219	0.700983056265985	0.330046760521117	0.460266214653632
nobgs	V0.5_c1	lfmm	C_stage1_simes	3	132	79	211	204	120	120922	549928	120922	0.36971373862631	0.898989898989899	0.625592417061611	0.588235294117647	0.374407582938389	0.552623320854437	0.702127659574468	0.497583351181552	0.692317708333333	0.297872340425532	0.447376679145563
nobgs	V0.5_c1	lfmm	C_stage1_simes	5	101	61	162	204	99	33721	262000	33721	0.176435909648208	0.711279461279461	0.623456790123457	0.485294117647059	0.376543209876543	0.527171905118869	0.751807837328306	0.397489539748954	0.584617486338798	0.248192162671694	0.472828094881131
nobgs	V0.5_c1	lfmm	C_stage1_simes	10	56	32	88	204	59	5238	89927	5238	0.0606830460442905	0.375420875420876	0.636363636363636	0.28921568627451	0.363636363636364	0.513513513513514	0.767123287671233	0.246375026772328	0.331606878502696	0.232876712328767	0.486486486486487
nobgs	V0.5_c1	lfmm	C_stage1_simes	20	20	12	32	204	23	1127	38190	1127	0.0257428641503537	0.170875420875421	0.625	0.112745098039216	0.375	0.511111111111111	0.772727272727273	0.0694444444444445	0.164950955860274	0.227272727272727	0.488888888888889
nobgs	V0.5_c1.5	lfmm	C_stage1_simes	1	64	294	358	265	62	806474	1518170	806474	1	1	0.17877094972067	0.233962264150943	0.82122905027933	0.140982051623795	0.217094365171011	0.174997623574145	0.310207600281492	0.782905634828989	0.859017948376205
nobgs	V0.5_c1.5	lfmm	C_stage1_simes	2	78	369	447	265	75	292375	1004071	292375	0.661329586067138	0.971666666666667	0.174496644295302	0.283018867924528	0.825503355704698	0.145493483635328	0.204956365819122	0.225806451612903	0.355650602808143	0.795043634180878	0.854506516364672
nobgs	V0.5_c1.5	lfmm	C_stage1_simes	3	78	374	452	265	74	137517	694355	137517	0.457306068562559	0.945833333333333	0.172566371681416	0.279245283018868	0.827433628318584	0.154033948795773	0.188867921832455	0.23296234575249	0.329415106951872	0.811132078167545	0.845966051204227
nobgs	V0.5_c1.5	lfmm	C_stage1_simes	5	76	262	338	265	72	47035	393667	47035	0.259231644863704	0.8375	0.224852071005917	0.271698113207547	0.775147928994083	0.18403968949543	0.265129682997118	0.220687119675456	0.3203125	0.734870317002882	0.81596031050457
nobgs	V0.5_c1.5	lfmm	C_stage1_simes	10	64	140	204	265	60	9580	163086	9580	0.107351993533077	0.623166666666667	0.313725490196078	0.226415094339623	0.686274509803922	0.243892960950335	0.388888888888889	0.173073308270677	0.289481740064447	0.611111111111111	0.756107039049665
nobgs	V0.5_c1.5	lfmm	C_stage1_simes	20	42	48	90	265	42	2052	67319	2052	0.044292618748481	0.358833333333333	0.466666666666667	0.158490566037736	0.533333333333333	0.362724089635854	0.58974358974359	0.126760563380282	0.203146875	0.41025641025641	0.637275910364146
nobgs	V0.5_c2	lfmm	C_stage1_simes	1	66	1808	1874	346	66	582316	1553729	582316	1	1	0.0352187833511206	0.190751445086705	0.964781216648879	0.0260776974815588	0.0455519537476446	0.142857142857143	0.240697272820303	0.954448046252356	0.973922302518441
nobgs	V0.5_c2	lfmm	C_stage1_simes	2	69	1902	1971	346	68	242330	1213743	242330	0.780979538317233	0.86	0.0350076103500761	0.196531791907514	0.964992389649924	0.0285995315711678	0.0419473747636175	0.16665512465374	0.226524958242323	0.958052625236382	0.971400468428832
nobgs	V0.5_c2	lfmm	C_stage1_simes	3	67	1898	1965	346	65	144630	1018343	144630	0.655089270978016	0.755333333333333	0.0340966921119593	0.187861271676301	0.965903307888041	0.0286937191060452	0.0407633653395642	0.161929765501839	0.215302945198789	0.959236634660436	0.971306280893955
nobgs	V0.5_c2	lfmm	C_stage1_simes	5	63	1728	1791	346	64	72264	775111	72264	0.498365991293608	0.6735	0.0351758793969849	0.184971098265896	0.964824120603015	0.0285245646722012	0.0430419840778425	0.153840579710145	0.218673372781065	0.956958015922157	0.971475435327799
nobgs	V0.5_c2	lfmm	C_stage1_simes	10	48	1043	1091	346	49	25329	475332	25329	0.305298730808876	0.525	0.0439963336388634	0.141618497109827	0.956003666361137	0.033975778366859	0.0542713567839196	0.110086702288537	0.174167276111961	0.94572864321608	0.966024221633141
nobgs	V0.5_c2	lfmm	C_stage1_simes	20	27	364	391	346	29	7193	238379	7193	0.152870259486986	0.315166666666667	0.0690537084398977	0.0838150289017341	0.930946291560102	0.043061595300103	0.0969391288371304	0.0497039793360953	0.117828436134046	0.903060871162869	0.956938404699897
nobgs	V1_c1	lfmm	C_stage1_simes	1	86	80	166	156	79	903412	1495690	903412	1	1	0.518072289156627	0.506410256410256	0.481927710843373	0.450543024227235	0.593569817279495	0.440251572327044	0.573333333333333	0.406430182720505	0.549456975772765
nobgs	V1_c1	lfmm	C_stage1_simes	2	84	72	156	156	79	292729	885007	292729	0.591669535780024	0.984848484848485	0.538461538461538	0.506410256410256	0.461538461538462	0.468421052631579	0.625955750015516	0.450971314451707	0.56953642384106	0.374044249984485	0.531578947368421
nobgs	V1_c1	lfmm	C_stage1_simes	3	72	53	125	156	73	120286	540121	120286	0.361097573336313	0.919191919191919	0.576	0.467948717948718	0.424	0.507459942932397	0.65625	0.394904458598726	0.542483660130719	0.34375	0.492540057067603
nobgs	V1_c1	lfmm	C_stage1_simes	5	62	39	101	156	59	32700	251211	32700	0.167943823490799	0.69023569023569	0.613861386138614	0.378205128205128	0.386138613861386	0.504128925619835	0.732558139534884	0.305173630717109	0.446676470588235	0.267441860465116	0.495871074380165
nobgs	V1_c1	lfmm	C_stage1_simes	10	41	28	69	156	45	4978	84062	4978	0.056177488793605	0.422558922558923	0.594202898550725	0.288461538461538	0.405797101449275	0.479986301369863	0.745114656031904	0.215676062091503	0.374252300613497	0.254885343968096	0.520013698630137
nobgs	V1_c1	lfmm	C_stage1_simes	20	22	11	33	156	28	1000	33867	1000	0.0226032516178263	0.18013468013468	0.666666666666667	0.17948717948718	0.333333333333333	0.518486590038314	0.878818181818182	0.0939597315436242	0.274405487804878	0.121181818181818	0.481513409961686
nobgs	V1_c1.5	lfmm	C_stage1_simes	1	52	216	268	274	55	807408	1508205	807408	1	1	0.194029850746269	0.200729927007299	0.805970149253731	0.129136402478103	0.261345247882655	0.117451024713683	0.303252139699022	0.738654752117345	0.870863597521897
nobgs	V1_c1.5	lfmm	C_stage1_simes	2	59	325	384	274	62	290755	991552	290755	0.657419694448112	0.991666666666667	0.153645833333333	0.226277372262774	0.846354166666667	0.0991493616702649	0.217516368985952	0.133545059717698	0.340828275001076	0.782483631014048	0.900850638329735
nobgs	V1_c1.5	lfmm	C_stage1_simes	3	57	334	391	274	61	136344	682730	136344	0.452654634638628	0.934333333333333	0.145780051150895	0.222627737226277	0.854219948849105	0.0911111018377873	0.204923287095418	0.127998653198653	0.334587189126663	0.795076712904582	0.908888898162213
nobgs	V1_c1.5	lfmm	C_stage1_simes	5	43	257	300	274	48	46451	384311	46451	0.254808724975971	0.835666666666667	0.143333333333333	0.175182481751825	0.856666666666667	0.0863309352517986	0.191361308116627	0.0879086430810569	0.280494840525328	0.808638691883373	0.913669064748201
nobgs	V1_c1.5	lfmm	C_stage1_simes	10	29	126	155	274	32	9466	157111	9466	0.104197365558696	0.555	0.187096774193548	0.116788321167883	0.812903225806452	0.137138943248532	0.242872670807453	0.0732578397212544	0.169120475113122	0.757127329192547	0.862861056751468
nobgs	V1_c1.5	lfmm	C_stage1_simes	20	16	49	65	274	19	1930	60927	1930	0.040444535642772	0.284333333333333	0.246153846153846	0.0693430656934307	0.753846153846154	0.166666666666667	0.326946721311475	0.0388293286351539	0.104844201079453	0.673053278688525	0.833333333333333
nobgs	V2_c1	lfmm	C_stage1_simes	1	62	63	125	128	54	901426	1488482	901426	1	1	0.496	0.421875	0.504	0.407692307692308	0.603960396039604	0.379548799152343	0.470160228270413	0.396039603960396	0.592307692307692
nobgs	V2_c1	lfmm	C_stage1_simes	2	59	55	114	128	51	291359	878415	291359	0.590134865142537	0.943262411347518	0.517543859649123	0.3984375	0.482456140350877	0.429904492539761	0.607170471281296	0.298507462686567	0.487190082644628	0.392829528718704	0.570095507460239
nobgs	V2_c1	lfmm	C_stage1_simes	3	55	46	101	128	50	118644	532985	118644	0.358045258127451	0.891843971631206	0.544554455445545	0.390625	0.455445544554456	0.469560780834073	0.626168224299065	0.294562243502052	0.475010245901639	0.373831775700935	0.530439219165927
nobgs	V2_c1	lfmm	C_stage1_simes	5	50	40	90	128	46	32140	247641	32140	0.166330371257221	0.696808510638298	0.555555555555556	0.359375	0.444444444444444	0.484202037351443	0.643858147080029	0.260495661679306	0.4609375	0.356141852919971	0.515797962648557
nobgs	V2_c1	lfmm	C_stage1_simes	10	35	24	59	128	32	5028	84222	5028	0.0565533039695493	0.480496453900709	0.593220338983051	0.25	0.406779661016949	0.461538461538462	0.759299516908212	0.173228346456693	0.330708661417323	0.240700483091787	0.538461538461538
nobgs	V2_c1	lfmm	C_stage1_simes	20	18	7	25	128	18	1095	34738	1095	0.0233759799066732	0.24468085106383	0.72	0.140625	0.28	0.545359848484848	0.846212121212121	0.0615384615384615	0.237704918032787	0.153787878787879	0.454640151515151
nobgs	V2_c1.5	lfmm	C_stage1_simes	1	28	295	323	196	27	812554	1496487	812554	1	1	0.086687306501548	0.137755102040816	0.913312693498452	0.0607898537338998	0.11660777385159	0.100489949748744	0.168953080537357	0.88339222614841	0.9392101462661
nobgs	V2_c1.5	lfmm	C_stage1_simes	2	31	403	434	196	30	290788	974721	290788	0.651287817562053	0.926116838487972	0.0714285714285714	0.153061224489796	0.928571428571429	0.0499007738338211	0.0924608002162747	0.10944153639386	0.197743134233663	0.907539199783725	0.950099226166179
nobgs	V2_c1.5	lfmm	C_stage1_simes	3	35	348	383	196	35	134379	661903	134379	0.442231124882265	0.859965635738832	0.0913838120104439	0.178571428571429	0.908616187989556	0.068241469816273	0.115044853921687	0.131057593794214	0.235955056179775	0.884955146078313	0.931758530183727
nobgs	V2_c1.5	lfmm	C_stage1_simes	5	36	247	283	196	36	44206	362501	44206	0.242129574193849	0.753436426116839	0.127208480565371	0.183673469387755	0.872791519434629	0.0941479891076665	0.168898950131234	0.137610330883951	0.243093922651934	0.831101049868767	0.905852010892333
nobgs	V2_c1.5	lfmm	C_stage1_simes	10	27	103	130	196	27	8778	145066	8778	0.0968686177548025	0.457903780068729	0.207692307692308	0.137755102040816	0.792307692307692	0.15527950310559	0.275005733944954	0.105	0.172985383342526	0.724994266055046	0.84472049689441
nobgs	V2_c1.5	lfmm	C_stage1_simes	20	17	45	62	196	17	1780	56734	1780	0.0378942037428732	0.236254295532646	0.274193548387097	0.086734693877551	0.725806451612903	0.205848930481283	0.333333333333333	0.0550447247706422	0.126436781609195	0.666666666666667	0.794151069518716
