method	n_significant	n_qtn_linked_naive	n_false_positive	n_unique_qtn_recovered	n_redundant	tag	cell	rep	env	n_detectable_qtn
emmax_snp	18	10	8	1	9	bgs	V0.5_c1	1	1	1
emmax_snp_nonsingleton	18	10	8	1	9	bgs	V0.5_c1	1	1	1
lfmm_snp	23	12	11	1	11	bgs	V0.5_c1	1	1	1
emmax_snp	13	8	5	1	7	bgs	V0.5_c1	1	2	1
emmax_snp_nonsingleton	12	8	4	1	7	bgs	V0.5_c1	1	2	1
lfmm_snp	12	9	3	1	8	bgs	V0.5_c1	1	2	1
emmax_snp	37	10	27	1	9	bgs	V0.5_c1	1	3	2
emmax_snp_nonsingleton	36	10	26	1	9	bgs	V0.5_c1	1	3	2
lfmm_snp	40	11	29	1	10	bgs	V0.5_c1	1	3	2
emmax_snp	12	9	3	1	8	bgs	V0.5_c1	1	4	1
emmax_snp_nonsingleton	11	9	2	1	8	bgs	V0.5_c1	1	4	1
lfmm_snp	13	13	0	1	12	bgs	V0.5_c1	1	4	1
emmax_snp	76	49	27	1	48	bgs	V0.5_c1	1	5	3
emmax_snp_nonsingleton	75	49	26	1	48	bgs	V0.5_c1	1	5	3
lfmm_snp	72	49	23	1	48	bgs	V0.5_c1	1	5	3
emmax_snp	3	2	1	1	1	bgs	V0.5_c1	1	6	2
emmax_snp_nonsingleton	0	0	0	0	0	bgs	V0.5_c1	1	6	2
lfmm_snp	2	2	0	1	1	bgs	V0.5_c1	1	6	2
emmax_snp	14	8	6	1	7	bgs	V0.5_c1	1	7	1
emmax_snp_nonsingleton	13	8	5	1	7	bgs	V0.5_c1	1	7	1
lfmm_snp	17	11	6	1	10	bgs	V0.5_c1	1	7	1
emmax_snp	5	5	0	1	4	bgs	V0.5_c1	1	8	2
emmax_snp_nonsingleton	5	5	0	1	4	bgs	V0.5_c1	1	8	2
lfmm_snp	17	16	1	1	15	bgs	V0.5_c1	1	8	2
emmax_snp	2	2	0	1	1	bgs	V0.5_c1	1	9	2
emmax_snp_nonsingleton	2	2	0	1	1	bgs	V0.5_c1	1	9	2
lfmm_snp	7	5	2	1	4	bgs	V0.5_c1	1	9	2
emmax_snp	12	6	6	1	5	bgs	V0.5_c1	1	10	2
emmax_snp_nonsingleton	12	6	6	1	5	bgs	V0.5_c1	1	10	2
lfmm_snp	21	7	14	1	6	bgs	V0.5_c1	1	10	2
emmax_snp	0	0	0	0	0	bgs	V0.5_c1	2	1	1
emmax_snp_nonsingleton	0	0	0	0	0	bgs	V0.5_c1	2	1	1
lfmm_snp	1	1	0	1	0	bgs	V0.5_c1	2	1	1
emmax_snp	41	28	13	2	26	bgs	V0.5_c1	2	2	2
emmax_snp_nonsingleton	40	28	12	2	26	bgs	V0.5_c1	2	2	2
lfmm_snp	44	29	15	2	27	bgs	V0.5_c1	2	2	2
emmax_snp	17	14	3	2	12	bgs	V0.5_c1	2	3	2
emmax_snp_nonsingleton	15	14	1	2	12	bgs	V0.5_c1	2	3	2
lfmm_snp	47	26	21	2	24	bgs	V0.5_c1	2	3	2
emmax_snp	97	39	58	1	38	bgs	V0.5_c1	2	4	2
emmax_snp_nonsingleton	95	39	56	1	38	bgs	V0.5_c1	2	4	2
lfmm_snp	77	30	47	1	29	bgs	V0.5_c1	2	4	2
emmax_snp	6	1	5	1	0	bgs	V0.5_c1	2	5	2
emmax_snp_nonsingleton	6	1	5	1	0	bgs	V0.5_c1	2	5	2
lfmm_snp	6	1	5	1	0	bgs	V0.5_c1	2	5	2
emmax_snp	0	0	0	0	0	bgs	V0.5_c1	2	6	1
emmax_snp_nonsingleton	0	0	0	0	0	bgs	V0.5_c1	2	6	1
lfmm_snp	0	0	0	0	0	bgs	V0.5_c1	2	6	1
emmax_snp	5	4	1	1	3	bgs	V0.5_c1	2	7	2
emmax_snp_nonsingleton	4	4	0	1	3	bgs	V0.5_c1	2	7	2
lfmm_snp	22	19	3	2	17	bgs	V0.5_c1	2	7	2
emmax_snp	43	0	43	0	0	bgs	V0.5_c1	2	8	1
emmax_snp_nonsingleton	43	0	43	0	0	bgs	V0.5_c1	2	8	1
lfmm_snp	2	0	2	0	0	bgs	V0.5_c1	2	8	1
emmax_snp	0	0	0	0	0	bgs	V0.5_c1	2	9	2
emmax_snp_nonsingleton	0	0	0	0	0	bgs	V0.5_c1	2	9	2
lfmm_snp	0	0	0	0	0	bgs	V0.5_c1	2	9	2
emmax_snp	3	2	1	1	1	bgs	V0.5_c1	2	10	1
emmax_snp_nonsingleton	3	2	1	1	1	bgs	V0.5_c1	2	10	1
lfmm_snp	9	2	7	1	1	bgs	V0.5_c1	2	10	1
emmax_snp	50	38	12	2	36	bgs	V0.5_c1	3	1	2
emmax_snp_nonsingleton	50	38	12	2	36	bgs	V0.5_c1	3	1	2
lfmm_snp	93	55	38	2	53	bgs	V0.5_c1	3	1	2
emmax_snp	1	1	0	1	0	bgs	V0.5_c1	3	2	2
emmax_snp_nonsingleton	1	1	0	1	0	bgs	V0.5_c1	3	2	2
lfmm_snp	12	12	0	2	10	bgs	V0.5_c1	3	2	2
emmax_snp	76	31	45	1	30	bgs	V0.5_c1	3	3	1
emmax_snp_nonsingleton	74	31	43	1	30	bgs	V0.5_c1	3	3	1
lfmm_snp	73	30	43	1	29	bgs	V0.5_c1	3	3	1
emmax_snp	5	5	0	1	4	bgs	V0.5_c1	3	4	2
emmax_snp_nonsingleton	5	5	0	1	4	bgs	V0.5_c1	3	4	2
lfmm_snp	30	21	9	2	19	bgs	V0.5_c1	3	4	2
emmax_snp	0	0	0	0	0	bgs	V0.5_c1	3	5	2
emmax_snp_nonsingleton	0	0	0	0	0	bgs	V0.5_c1	3	5	2
lfmm_snp	0	0	0	0	0	bgs	V0.5_c1	3	5	2
emmax_snp	2	2	0	1	1	bgs	V0.5_c1	3	6	2
emmax_snp_nonsingleton	2	2	0	1	1	bgs	V0.5_c1	3	6	2
lfmm_snp	9	8	1	2	6	bgs	V0.5_c1	3	6	2
emmax_snp	0	0	0	0	0	bgs	V0.5_c1	3	7	1
emmax_snp_nonsingleton	0	0	0	0	0	bgs	V0.5_c1	3	7	1
lfmm_snp	0	0	0	0	0	bgs	V0.5_c1	3	7	1
emmax_snp	2	0	2	0	0	bgs	V0.5_c1	3	8	1
emmax_snp_nonsingleton	2	0	2	0	0	bgs	V0.5_c1	3	8	1
lfmm_snp	5	0	5	0	0	bgs	V0.5_c1	3	8	1
emmax_snp	2	2	0	1	1	bgs	V0.5_c1	3	9	1
emmax_snp_nonsingleton	2	2	0	1	1	bgs	V0.5_c1	3	9	1
lfmm_snp	9	9	0	1	8	bgs	V0.5_c1	3	9	1
emmax_snp	2	1	1	1	0	bgs	V0.5_c1	3	10	1
emmax_snp_nonsingleton	1	0	1	0	0	bgs	V0.5_c1	3	10	1
lfmm_snp	1	1	0	1	0	bgs	V0.5_c1	3	10	1
emmax_snp	0	0	0	0	0	bgs	V0.5_c1	4	1	1
emmax_snp_nonsingleton	0	0	0	0	0	bgs	V0.5_c1	4	1	1
lfmm_snp	0	0	0	0	0	bgs	V0.5_c1	4	1	1
emmax_snp	5	4	1	1	3	bgs	V0.5_c1	4	2	1
emmax_snp_nonsingleton	4	4	0	1	3	bgs	V0.5_c1	4	2	1
lfmm_snp	30	7	23	1	6	bgs	V0.5_c1	4	2	1
emmax_snp	1	1	0	1	0	bgs	V0.5_c1	4	3	1
emmax_snp_nonsingleton	0	0	0	0	0	bgs	V0.5_c1	4	3	1
lfmm_snp	2	1	1	1	0	bgs	V0.5_c1	4	3	1
emmax_snp	0	0	0	0	0	bgs	V0.5_c1	4	4	2
emmax_snp_nonsingleton	0	0	0	0	0	bgs	V0.5_c1	4	4	2
lfmm_snp	2	2	0	1	1	bgs	V0.5_c1	4	4	2
emmax_snp	6	6	0	1	5	bgs	V0.5_c1	4	5	2
emmax_snp_nonsingleton	6	6	0	1	5	bgs	V0.5_c1	4	5	2
lfmm_snp	10	7	3	1	6	bgs	V0.5_c1	4	5	2
emmax_snp	3	0	3	0	0	bgs	V0.5_c1	4	6	1
emmax_snp_nonsingleton	3	0	3	0	0	bgs	V0.5_c1	4	6	1
lfmm_snp	0	0	0	0	0	bgs	V0.5_c1	4	6	1
emmax_snp	0	0	0	0	0	bgs	V0.5_c1	4	7	1
emmax_snp_nonsingleton	0	0	0	0	0	bgs	V0.5_c1	4	7	1
lfmm_snp	0	0	0	0	0	bgs	V0.5_c1	4	7	1
emmax_snp	0	0	0	0	0	bgs	V0.5_c1	4	8	1
emmax_snp_nonsingleton	0	0	0	0	0	bgs	V0.5_c1	4	8	1
lfmm_snp	0	0	0	0	0	bgs	V0.5_c1	4	8	1
emmax_snp	0	0	0	0	0	bgs	V0.5_c1	4	9	1
emmax_snp_nonsingleton	0	0	0	0	0	bgs	V0.5_c1	4	9	1
lfmm_snp	0	0	0	0	0	bgs	V0.5_c1	4	9	1
emmax_snp	19	8	11	1	7	bgs	V0.5_c1	4	10	2
emmax_snp_nonsingleton	15	8	7	1	7	bgs	V0.5_c1	4	10	2
lfmm_snp	39	9	30	1	8	bgs	V0.5_c1	4	10	2
emmax_snp	85	54	31	1	53	bgs	V0.5_c1	5	1	3
emmax_snp_nonsingleton	83	53	30	1	52	bgs	V0.5_c1	5	1	3
lfmm_snp	100	59	41	1	58	bgs	V0.5_c1	5	1	3
emmax_snp	0	0	0	0	0	bgs	V0.5_c1	5	2	1
emmax_snp_nonsingleton	0	0	0	0	0	bgs	V0.5_c1	5	2	1
lfmm_snp	0	0	0	0	0	bgs	V0.5_c1	5	2	1
emmax_snp	1	1	0	1	0	bgs	V0.5_c1	5	3	1
emmax_snp_nonsingleton	0	0	0	0	0	bgs	V0.5_c1	5	3	1
lfmm_snp	1	1	0	1	0	bgs	V0.5_c1	5	3	1
emmax_snp	0	0	0	0	0	bgs	V0.5_c1	5	4	2
emmax_snp_nonsingleton	0	0	0	0	0	bgs	V0.5_c1	5	4	2
lfmm_snp	0	0	0	0	0	bgs	V0.5_c1	5	4	2
emmax_snp	61	35	26	1	34	bgs	V0.5_c1	5	5	2
emmax_snp_nonsingleton	58	35	23	1	34	bgs	V0.5_c1	5	5	2
lfmm_snp	59	35	24	2	33	bgs	V0.5_c1	5	5	2
emmax_snp	65	12	53	1	11	bgs	V0.5_c1	5	6	1
emmax_snp_nonsingleton	61	12	49	1	11	bgs	V0.5_c1	5	6	1
lfmm_snp	90	12	78	1	11	bgs	V0.5_c1	5	6	1
emmax_snp	3	1	2	1	0	bgs	V0.5_c1	5	7	2
emmax_snp_nonsingleton	3	1	2	1	0	bgs	V0.5_c1	5	7	2
lfmm_snp	7	2	5	1	1	bgs	V0.5_c1	5	7	2
emmax_snp	73	49	24	2	47	bgs	V0.5_c1	5	8	3
emmax_snp_nonsingleton	70	48	22	2	46	bgs	V0.5_c1	5	8	3
lfmm_snp	156	83	73	2	81	bgs	V0.5_c1	5	8	3
emmax_snp	5	4	1	1	3	bgs	V0.5_c1	5	9	1
emmax_snp_nonsingleton	4	3	1	1	2	bgs	V0.5_c1	5	9	1
lfmm_snp	5	3	2	1	2	bgs	V0.5_c1	5	9	1
emmax_snp	1	0	1	0	0	bgs	V0.5_c1	5	10	1
emmax_snp_nonsingleton	0	0	0	0	0	bgs	V0.5_c1	5	10	1
lfmm_snp	0	0	0	0	0	bgs	V0.5_c1	5	10	1
emmax_snp	1	0	1	0	0	bgs	V0.5_c1	6	1	2
emmax_snp_nonsingleton	0	0	0	0	0	bgs	V0.5_c1	6	1	2
lfmm_snp	0	0	0	0	0	bgs	V0.5_c1	6	1	2
emmax_snp	5	3	2	1	2	bgs	V0.5_c1	6	2	2
emmax_snp_nonsingleton	5	3	2	1	2	bgs	V0.5_c1	6	2	2
lfmm_snp	6	5	1	1	4	bgs	V0.5_c1	6	2	2
emmax_snp	52	36	16	2	34	bgs	V0.5_c1	6	3	2
emmax_snp_nonsingleton	52	36	16	2	34	bgs	V0.5_c1	6	3	2
lfmm_snp	80	65	15	2	63	bgs	V0.5_c1	6	3	2
emmax_snp	0	0	0	0	0	bgs	V0.5_c1	6	4	3
emmax_snp_nonsingleton	0	0	0	0	0	bgs	V0.5_c1	6	4	3
lfmm_snp	5	3	2	1	2	bgs	V0.5_c1	6	4	3
emmax_snp	2	2	0	1	1	bgs	V0.5_c1	6	5	2
emmax_snp_nonsingleton	2	2	0	1	1	bgs	V0.5_c1	6	5	2
lfmm_snp	2	2	0	1	1	bgs	V0.5_c1	6	5	2
emmax_snp	13	12	1	2	10	bgs	V0.5_c1	6	6	2
emmax_snp_nonsingleton	10	10	0	2	8	bgs	V0.5_c1	6	6	2
lfmm_snp	17	14	3	2	12	bgs	V0.5_c1	6	6	2
emmax_snp	8	2	6	1	1	bgs	V0.5_c1	6	7	1
emmax_snp_nonsingleton	8	2	6	1	1	bgs	V0.5_c1	6	7	1
lfmm_snp	2	2	0	1	1	bgs	V0.5_c1	6	7	1
emmax_snp	9	9	0	1	8	bgs	V0.5_c1	6	8	2
emmax_snp_nonsingleton	9	9	0	1	8	bgs	V0.5_c1	6	8	2
lfmm_snp	18	15	3	2	13	bgs	V0.5_c1	6	8	2
emmax_snp	0	0	0	0	0	bgs	V0.5_c1	6	9	2
emmax_snp_nonsingleton	0	0	0	0	0	bgs	V0.5_c1	6	9	2
lfmm_snp	0	0	0	0	0	bgs	V0.5_c1	6	9	2
emmax_snp	2	0	2	0	0	bgs	V0.5_c1	6	10	1
emmax_snp_nonsingleton	2	0	2	0	0	bgs	V0.5_c1	6	10	1
lfmm_snp	11	0	11	0	0	bgs	V0.5_c1	6	10	1
emmax_snp	202	36	166	2	34	bgs	V0.5_c1	7	1	2
emmax_snp_nonsingleton	198	36	162	2	34	bgs	V0.5_c1	7	1	2
lfmm_snp	85	34	51	2	32	bgs	V0.5_c1	7	1	2
emmax_snp	1	1	0	1	0	bgs	V0.5_c1	7	2	2
emmax_snp_nonsingleton	1	1	0	1	0	bgs	V0.5_c1	7	2	2
lfmm_snp	26	12	14	2	10	bgs	V0.5_c1	7	2	2
emmax_snp	44	13	31	1	12	bgs	V0.5_c1	7	3	3
emmax_snp_nonsingleton	44	13	31	1	12	bgs	V0.5_c1	7	3	3
lfmm_snp	50	14	36	2	12	bgs	V0.5_c1	7	3	3
emmax_snp	0	0	0	0	0	bgs	V0.5_c1	7	4	3
emmax_snp_nonsingleton	0	0	0	0	0	bgs	V0.5_c1	7	4	3
lfmm_snp	0	0	0	0	0	bgs	V0.5_c1	7	4	3
emmax_snp	13	12	1	1	11	bgs	V0.5_c1	7	5	1
emmax_snp_nonsingleton	12	11	1	1	10	bgs	V0.5_c1	7	5	1
lfmm_snp	13	12	1	1	11	bgs	V0.5_c1	7	5	1
emmax_snp	87	43	44	2	41	bgs	V0.5_c1	7	6	2
emmax_snp_nonsingleton	84	43	41	2	41	bgs	V0.5_c1	7	6	2
lfmm_snp	123	48	75	2	46	bgs	V0.5_c1	7	6	2
emmax_snp	3	2	1	1	1	bgs	V0.5_c1	7	7	1
emmax_snp_nonsingleton	2	2	0	1	1	bgs	V0.5_c1	7	7	1
lfmm_snp	12	9	3	1	8	bgs	V0.5_c1	7	7	1
emmax_snp	22	0	22	0	0	bgs	V0.5_c1	7	8	1
emmax_snp_nonsingleton	22	0	22	0	0	bgs	V0.5_c1	7	8	1
lfmm_snp	19	0	19	0	0	bgs	V0.5_c1	7	8	1
emmax_snp	2	2	0	1	1	bgs	V0.5_c1	7	9	2
emmax_snp_nonsingleton	1	1	0	1	0	bgs	V0.5_c1	7	9	2
lfmm_snp	2	2	0	1	1	bgs	V0.5_c1	7	9	2
emmax_snp	0	0	0	0	0	bgs	V0.5_c1	7	10	0
emmax_snp_nonsingleton	0	0	0	0	0	bgs	V0.5_c1	7	10	0
lfmm_snp	0	0	0	0	0	bgs	V0.5_c1	7	10	0
emmax_snp	1	0	1	0	0	bgs	V0.5_c1	8	1	1
emmax_snp_nonsingleton	1	0	1	0	0	bgs	V0.5_c1	8	1	1
lfmm_snp	0	0	0	0	0	bgs	V0.5_c1	8	1	1
emmax_snp	15	11	4	2	9	bgs	V0.5_c1	8	2	2
emmax_snp_nonsingleton	13	11	2	2	9	bgs	V0.5_c1	8	2	2
lfmm_snp	28	13	15	2	11	bgs	V0.5_c1	8	2	2
emmax_snp	71	42	29	2	40	bgs	V0.5_c1	8	3	2
emmax_snp_nonsingleton	66	41	25	2	39	bgs	V0.5_c1	8	3	2
lfmm_snp	79	46	33	2	44	bgs	V0.5_c1	8	3	2
emmax_snp	22	17	5	1	16	bgs	V0.5_c1	8	4	1
emmax_snp_nonsingleton	21	17	4	1	16	bgs	V0.5_c1	8	4	1
lfmm_snp	31	15	16	1	14	bgs	V0.5_c1	8	4	1
emmax_snp	52	32	20	2	30	bgs	V0.5_c1	8	5	3
emmax_snp_nonsingleton	50	32	18	2	30	bgs	V0.5_c1	8	5	3
lfmm_snp	61	35	26	2	33	bgs	V0.5_c1	8	5	3
emmax_snp	47	34	13	3	31	bgs	V0.5_c1	8	6	3
emmax_snp_nonsingleton	46	33	13	3	30	bgs	V0.5_c1	8	6	3
lfmm_snp	68	47	21	3	44	bgs	V0.5_c1	8	6	3
emmax_snp	20	15	5	1	14	bgs	V0.5_c1	8	7	1
emmax_snp_nonsingleton	20	15	5	1	14	bgs	V0.5_c1	8	7	1
lfmm_snp	16	15	1	1	14	bgs	V0.5_c1	8	7	1
emmax_snp	4	4	0	1	3	bgs	V0.5_c1	8	8	2
emmax_snp_nonsingleton	4	4	0	1	3	bgs	V0.5_c1	8	8	2
lfmm_snp	15	7	8	1	6	bgs	V0.5_c1	8	8	2
emmax_snp	6	6	0	1	5	bgs	V0.5_c1	8	9	1
emmax_snp_nonsingleton	6	6	0	1	5	bgs	V0.5_c1	8	9	1
lfmm_snp	31	30	1	1	29	bgs	V0.5_c1	8	9	1
emmax_snp	2	0	2	0	0	bgs	V0.5_c1	8	10	1
emmax_snp_nonsingleton	0	0	0	0	0	bgs	V0.5_c1	8	10	1
lfmm_snp	0	0	0	0	0	bgs	V0.5_c1	8	10	1
emmax_snp	2	2	0	1	1	bgs	V0.5_c1	9	1	1
emmax_snp_nonsingleton	2	2	0	1	1	bgs	V0.5_c1	9	1	1
lfmm_snp	2	2	0	1	1	bgs	V0.5_c1	9	1	1
emmax_snp	16	14	2	2	12	bgs	V0.5_c1	9	2	2
emmax_snp_nonsingleton	15	14	1	2	12	bgs	V0.5_c1	9	2	2
lfmm_snp	19	14	5	2	12	bgs	V0.5_c1	9	2	2
emmax_snp	13	13	0	2	11	bgs	V0.5_c1	9	3	2
emmax_snp_nonsingleton	12	12	0	2	10	bgs	V0.5_c1	9	3	2
lfmm_snp	20	19	1	2	17	bgs	V0.5_c1	9	3	2
emmax_snp	23	17	6	1	16	bgs	V0.5_c1	9	4	2
emmax_snp_nonsingleton	23	17	6	1	16	bgs	V0.5_c1	9	4	2
lfmm_snp	30	25	5	2	23	bgs	V0.5_c1	9	4	2
emmax_snp	6	5	1	1	4	bgs	V0.5_c1	9	5	1
emmax_snp_nonsingleton	5	5	0	1	4	bgs	V0.5_c1	9	5	1
lfmm_snp	30	26	4	1	25	bgs	V0.5_c1	9	5	1
emmax_snp	11	11	0	1	10	bgs	V0.5_c1	9	6	2
emmax_snp_nonsingleton	11	11	0	1	10	bgs	V0.5_c1	9	6	2
lfmm_snp	38	22	16	1	21	bgs	V0.5_c1	9	6	2
emmax_snp	1	1	0	1	0	bgs	V0.5_c1	9	7	2
emmax_snp_nonsingleton	1	1	0	1	0	bgs	V0.5_c1	9	7	2
lfmm_snp	4	4	0	1	3	bgs	V0.5_c1	9	7	2
emmax_snp	4	0	4	0	0	bgs	V0.5_c1	9	8	1
emmax_snp_nonsingleton	2	0	2	0	0	bgs	V0.5_c1	9	8	1
lfmm_snp	0	0	0	0	0	bgs	V0.5_c1	9	8	1
emmax_snp	0	0	0	0	0	bgs	V0.5_c1	9	9	2
emmax_snp_nonsingleton	0	0	0	0	0	bgs	V0.5_c1	9	9	2
lfmm_snp	0	0	0	0	0	bgs	V0.5_c1	9	9	2
emmax_snp	82	26	56	1	25	bgs	V0.5_c1	9	10	2
emmax_snp_nonsingleton	79	26	53	1	25	bgs	V0.5_c1	9	10	2
lfmm_snp	91	27	64	1	26	bgs	V0.5_c1	9	10	2
emmax_snp	5	5	0	1	4	bgs	V0.5_c1	10	1	1
emmax_snp_nonsingleton	5	5	0	1	4	bgs	V0.5_c1	10	1	1
lfmm_snp	11	11	0	1	10	bgs	V0.5_c1	10	1	1
emmax_snp	14	10	4	2	8	bgs	V0.5_c1	10	2	2
emmax_snp_nonsingleton	13	10	3	2	8	bgs	V0.5_c1	10	2	2
lfmm_snp	35	14	21	2	12	bgs	V0.5_c1	10	2	2
emmax_snp	3	1	2	1	0	bgs	V0.5_c1	10	3	1
emmax_snp_nonsingleton	3	1	2	1	0	bgs	V0.5_c1	10	3	1
lfmm_snp	52	6	46	1	5	bgs	V0.5_c1	10	3	1
emmax_snp	17	17	0	2	15	bgs	V0.5_c1	10	4	2
emmax_snp_nonsingleton	17	17	0	2	15	bgs	V0.5_c1	10	4	2
lfmm_snp	18	17	1	2	15	bgs	V0.5_c1	10	4	2
emmax_snp	15	14	1	1	13	bgs	V0.5_c1	10	5	2
emmax_snp_nonsingleton	14	14	0	1	13	bgs	V0.5_c1	10	5	2
lfmm_snp	15	14	1	1	13	bgs	V0.5_c1	10	5	2
emmax_snp	11	10	1	1	9	bgs	V0.5_c1	10	6	2
emmax_snp_nonsingleton	11	10	1	1	9	bgs	V0.5_c1	10	6	2
lfmm_snp	14	13	1	1	12	bgs	V0.5_c1	10	6	2
emmax_snp	7	7	0	1	6	bgs	V0.5_c1	10	7	2
emmax_snp_nonsingleton	7	7	0	1	6	bgs	V0.5_c1	10	7	2
lfmm_snp	7	7	0	1	6	bgs	V0.5_c1	10	7	2
emmax_snp	79	18	61	1	17	bgs	V0.5_c1	10	8	3
emmax_snp_nonsingleton	77	18	59	1	17	bgs	V0.5_c1	10	8	3
lfmm_snp	65	15	50	1	14	bgs	V0.5_c1	10	8	3
emmax_snp	1	1	0	1	0	bgs	V0.5_c1	10	9	2
emmax_snp_nonsingleton	1	1	0	1	0	bgs	V0.5_c1	10	9	2
lfmm_snp	8	7	1	1	6	bgs	V0.5_c1	10	9	2
emmax_snp	67	16	51	2	14	bgs	V0.5_c1	10	10	2
emmax_snp_nonsingleton	67	16	51	2	14	bgs	V0.5_c1	10	10	2
lfmm_snp	83	17	66	2	15	bgs	V0.5_c1	10	10	2
emmax_snp	0	0	0	0	0	bgs	V0.5_c1.5	1	1	3
emmax_snp_nonsingleton	0	0	0	0	0	bgs	V0.5_c1.5	1	1	3
lfmm_snp	10	0	10	0	0	bgs	V0.5_c1.5	1	1	3
emmax_snp	51	0	51	0	0	bgs	V0.5_c1.5	1	2	3
emmax_snp_nonsingleton	48	0	48	0	0	bgs	V0.5_c1.5	1	2	3
lfmm_snp	44	0	44	0	0	bgs	V0.5_c1.5	1	2	3
emmax_snp	18	5	13	1	4	bgs	V0.5_c1.5	1	3	2
emmax_snp_nonsingleton	18	5	13	1	4	bgs	V0.5_c1.5	1	3	2
lfmm_snp	19	7	12	1	6	bgs	V0.5_c1.5	1	3	2
emmax_snp	13	9	4	3	6	bgs	V0.5_c1.5	1	4	3
emmax_snp_nonsingleton	13	9	4	3	6	bgs	V0.5_c1.5	1	4	3
lfmm_snp	11	8	3	3	5	bgs	V0.5_c1.5	1	4	3
emmax_snp	0	0	0	0	0	bgs	V0.5_c1.5	1	5	3
emmax_snp_nonsingleton	0	0	0	0	0	bgs	V0.5_c1.5	1	5	3
lfmm_snp	4	3	1	2	1	bgs	V0.5_c1.5	1	5	3
emmax_snp	3	0	3	0	0	bgs	V0.5_c1.5	1	6	2
emmax_snp_nonsingleton	3	0	3	0	0	bgs	V0.5_c1.5	1	6	2
lfmm_snp	45	6	39	1	5	bgs	V0.5_c1.5	1	6	2
emmax_snp	10	0	10	0	0	bgs	V0.5_c1.5	1	7	3
emmax_snp_nonsingleton	10	0	10	0	0	bgs	V0.5_c1.5	1	7	3
lfmm_snp	21	1	20	1	0	bgs	V0.5_c1.5	1	7	3
emmax_snp	27	0	27	0	0	bgs	V0.5_c1.5	1	8	2
emmax_snp_nonsingleton	26	0	26	0	0	bgs	V0.5_c1.5	1	8	2
lfmm_snp	48	2	46	2	0	bgs	V0.5_c1.5	1	8	2
emmax_snp	10	9	1	1	8	bgs	V0.5_c1.5	1	9	2
emmax_snp_nonsingleton	10	9	1	1	8	bgs	V0.5_c1.5	1	9	2
lfmm_snp	10	9	1	1	8	bgs	V0.5_c1.5	1	9	2
emmax_snp	24	6	18	1	5	bgs	V0.5_c1.5	1	10	3
emmax_snp_nonsingleton	22	6	16	1	5	bgs	V0.5_c1.5	1	10	3
lfmm_snp	28	10	18	2	8	bgs	V0.5_c1.5	1	10	3
emmax_snp	8	6	2	1	5	bgs	V0.5_c1.5	2	1	2
emmax_snp_nonsingleton	8	6	2	1	5	bgs	V0.5_c1.5	2	1	2
lfmm_snp	14	8	6	1	7	bgs	V0.5_c1.5	2	1	2
emmax_snp	44	1	43	1	0	bgs	V0.5_c1.5	2	2	3
emmax_snp_nonsingleton	43	1	42	1	0	bgs	V0.5_c1.5	2	2	3
lfmm_snp	27	5	22	1	4	bgs	V0.5_c1.5	2	2	3
emmax_snp	37	4	33	1	3	bgs	V0.5_c1.5	2	3	3
emmax_snp_nonsingleton	35	4	31	1	3	bgs	V0.5_c1.5	2	3	3
lfmm_snp	22	3	19	1	2	bgs	V0.5_c1.5	2	3	3
emmax_snp	0	0	0	0	0	bgs	V0.5_c1.5	2	4	3
emmax_snp_nonsingleton	0	0	0	0	0	bgs	V0.5_c1.5	2	4	3
lfmm_snp	11	7	4	1	6	bgs	V0.5_c1.5	2	4	3
emmax_snp	0	0	0	0	0	bgs	V0.5_c1.5	2	5	3
emmax_snp_nonsingleton	0	0	0	0	0	bgs	V0.5_c1.5	2	5	3
lfmm_snp	5	1	4	1	0	bgs	V0.5_c1.5	2	5	3
emmax_snp	0	0	0	0	0	bgs	V0.5_c1.5	2	6	2
emmax_snp_nonsingleton	0	0	0	0	0	bgs	V0.5_c1.5	2	6	2
lfmm_snp	178	11	167	1	10	bgs	V0.5_c1.5	2	6	2
emmax_snp	31	21	10	2	19	bgs	V0.5_c1.5	2	7	4
emmax_snp_nonsingleton	31	21	10	2	19	bgs	V0.5_c1.5	2	7	4
lfmm_snp	0	0	0	0	0	bgs	V0.5_c1.5	2	7	4
emmax_snp	18	9	9	1	8	bgs	V0.5_c1.5	2	8	2
emmax_snp_nonsingleton	18	9	9	1	8	bgs	V0.5_c1.5	2	8	2
lfmm_snp	13	0	13	0	0	bgs	V0.5_c1.5	2	8	2
emmax_snp	0	0	0	0	0	bgs	V0.5_c1.5	2	9	4
emmax_snp_nonsingleton	0	0	0	0	0	bgs	V0.5_c1.5	2	9	4
lfmm_snp	13	6	7	1	5	bgs	V0.5_c1.5	2	9	4
emmax_snp	0	0	0	0	0	bgs	V0.5_c1.5	2	10	1
emmax_snp_nonsingleton	0	0	0	0	0	bgs	V0.5_c1.5	2	10	1
lfmm_snp	1	1	0	1	0	bgs	V0.5_c1.5	2	10	1
emmax_snp	0	0	0	0	0	bgs	V0.5_c1.5	3	1	4
emmax_snp_nonsingleton	0	0	0	0	0	bgs	V0.5_c1.5	3	1	4
lfmm_snp	1	1	0	1	0	bgs	V0.5_c1.5	3	1	4
emmax_snp	2	0	2	0	0	bgs	V0.5_c1.5	3	2	3
emmax_snp_nonsingleton	2	0	2	0	0	bgs	V0.5_c1.5	3	2	3
lfmm_snp	0	0	0	0	0	bgs	V0.5_c1.5	3	2	3
emmax_snp	0	0	0	0	0	bgs	V0.5_c1.5	3	3	4
emmax_snp_nonsingleton	0	0	0	0	0	bgs	V0.5_c1.5	3	3	4
lfmm_snp	12	2	10	1	1	bgs	V0.5_c1.5	3	3	4
emmax_snp	0	0	0	0	0	bgs	V0.5_c1.5	3	4	3
emmax_snp_nonsingleton	0	0	0	0	0	bgs	V0.5_c1.5	3	4	3
lfmm_snp	8	2	6	1	1	bgs	V0.5_c1.5	3	4	3
emmax_snp	0	0	0	0	0	bgs	V0.5_c1.5	3	5	2
emmax_snp_nonsingleton	0	0	0	0	0	bgs	V0.5_c1.5	3	5	2
lfmm_snp	18	0	18	0	0	bgs	V0.5_c1.5	3	5	2
emmax_snp	17	0	17	0	0	bgs	V0.5_c1.5	3	6	4
emmax_snp_nonsingleton	17	0	17	0	0	bgs	V0.5_c1.5	3	6	4
lfmm_snp	28	0	28	0	0	bgs	V0.5_c1.5	3	6	4
emmax_snp	12	8	4	1	7	bgs	V0.5_c1.5	3	7	4
emmax_snp_nonsingleton	12	8	4	1	7	bgs	V0.5_c1.5	3	7	4
lfmm_snp	23	8	15	1	7	bgs	V0.5_c1.5	3	7	4
emmax_snp	6	0	6	0	0	bgs	V0.5_c1.5	3	8	4
emmax_snp_nonsingleton	6	0	6	0	0	bgs	V0.5_c1.5	3	8	4
lfmm_snp	40	0	40	0	0	bgs	V0.5_c1.5	3	8	4
emmax_snp	0	0	0	0	0	bgs	V0.5_c1.5	3	9	4
emmax_snp_nonsingleton	0	0	0	0	0	bgs	V0.5_c1.5	3	9	4
lfmm_snp	1	1	0	1	0	bgs	V0.5_c1.5	3	9	4
emmax_snp	0	0	0	0	0	bgs	V0.5_c1.5	3	10	2
emmax_snp_nonsingleton	0	0	0	0	0	bgs	V0.5_c1.5	3	10	2
lfmm_snp	0	0	0	0	0	bgs	V0.5_c1.5	3	10	2
emmax_snp	0	0	0	0	0	bgs	V0.5_c1.5	4	1	2
emmax_snp_nonsingleton	0	0	0	0	0	bgs	V0.5_c1.5	4	1	2
lfmm_snp	4	0	4	0	0	bgs	V0.5_c1.5	4	1	2
emmax_snp	20	0	20	0	0	bgs	V0.5_c1.5	4	2	2
emmax_snp_nonsingleton	20	0	20	0	0	bgs	V0.5_c1.5	4	2	2
lfmm_snp	123	12	111	2	10	bgs	V0.5_c1.5	4	2	2
emmax_snp	0	0	0	0	0	bgs	V0.5_c1.5	4	3	3
emmax_snp_nonsingleton	0	0	0	0	0	bgs	V0.5_c1.5	4	3	3
lfmm_snp	37	9	28	1	8	bgs	V0.5_c1.5	4	3	3
emmax_snp	0	0	0	0	0	bgs	V0.5_c1.5	4	4	3
emmax_snp_nonsingleton	0	0	0	0	0	bgs	V0.5_c1.5	4	4	3
lfmm_snp	1	0	1	0	0	bgs	V0.5_c1.5	4	4	3
emmax_snp	1	0	1	0	0	bgs	V0.5_c1.5	4	5	3
emmax_snp_nonsingleton	1	0	1	0	0	bgs	V0.5_c1.5	4	5	3
lfmm_snp	56	10	46	1	9	bgs	V0.5_c1.5	4	5	3
emmax_snp	71	9	62	1	8	bgs	V0.5_c1.5	4	6	3
emmax_snp_nonsingleton	69	9	60	1	8	bgs	V0.5_c1.5	4	6	3
lfmm_snp	161	11	150	1	10	bgs	V0.5_c1.5	4	6	3
emmax_snp	8	1	7	1	0	bgs	V0.5_c1.5	4	7	1
emmax_snp_nonsingleton	8	1	7	1	0	bgs	V0.5_c1.5	4	7	1
lfmm_snp	9	1	8	1	0	bgs	V0.5_c1.5	4	7	1
emmax_snp	43	9	34	2	7	bgs	V0.5_c1.5	4	8	2
emmax_snp_nonsingleton	43	9	34	2	7	bgs	V0.5_c1.5	4	8	2
lfmm_snp	32	13	19	2	11	bgs	V0.5_c1.5	4	8	2
emmax_snp	6	0	6	0	0	bgs	V0.5_c1.5	4	9	4
emmax_snp_nonsingleton	6	0	6	0	0	bgs	V0.5_c1.5	4	9	4
lfmm_snp	17	0	17	0	0	bgs	V0.5_c1.5	4	9	4
emmax_snp	106	19	87	1	18	bgs	V0.5_c1.5	4	10	2
emmax_snp_nonsingleton	104	19	85	1	18	bgs	V0.5_c1.5	4	10	2
lfmm_snp	76	19	57	1	18	bgs	V0.5_c1.5	4	10	2
emmax_snp	199	127	72	3	124	bgs	V0.5_c1.5	5	1	3
emmax_snp_nonsingleton	197	127	70	3	124	bgs	V0.5_c1.5	5	1	3
lfmm_snp	0	0	0	0	0	bgs	V0.5_c1.5	5	1	3
emmax_snp	4	2	2	1	1	bgs	V0.5_c1.5	5	2	3
emmax_snp_nonsingleton	4	2	2	1	1	bgs	V0.5_c1.5	5	2	3
lfmm_snp	277	38	239	2	36	bgs	V0.5_c1.5	5	2	3
emmax_snp	11	0	11	0	0	bgs	V0.5_c1.5	5	3	3
emmax_snp_nonsingleton	11	0	11	0	0	bgs	V0.5_c1.5	5	3	3
lfmm_snp	25	3	22	1	2	bgs	V0.5_c1.5	5	3	3
emmax_snp	3	0	3	0	0	bgs	V0.5_c1.5	5	4	2
emmax_snp_nonsingleton	3	0	3	0	0	bgs	V0.5_c1.5	5	4	2
lfmm_snp	163	2	161	1	1	bgs	V0.5_c1.5	5	4	2
emmax_snp	189	19	170	1	18	bgs	V0.5_c1.5	5	5	2
emmax_snp_nonsingleton	188	19	169	1	18	bgs	V0.5_c1.5	5	5	2
lfmm_snp	194	19	175	1	18	bgs	V0.5_c1.5	5	5	2
emmax_snp	12	0	12	0	0	bgs	V0.5_c1.5	5	6	4
emmax_snp_nonsingleton	12	0	12	0	0	bgs	V0.5_c1.5	5	6	4
lfmm_snp	91	0	91	0	0	bgs	V0.5_c1.5	5	6	4
emmax_snp	0	0	0	0	0	bgs	V0.5_c1.5	5	7	3
emmax_snp_nonsingleton	0	0	0	0	0	bgs	V0.5_c1.5	5	7	3
lfmm_snp	9	0	9	0	0	bgs	V0.5_c1.5	5	7	3
emmax_snp	7	1	6	1	0	bgs	V0.5_c1.5	5	8	3
emmax_snp_nonsingleton	7	1	6	1	0	bgs	V0.5_c1.5	5	8	3
lfmm_snp	353	98	255	2	96	bgs	V0.5_c1.5	5	8	3
emmax_snp	0	0	0	0	0	bgs	V0.5_c1.5	5	9	4
emmax_snp_nonsingleton	0	0	0	0	0	bgs	V0.5_c1.5	5	9	4
lfmm_snp	38	3	35	1	2	bgs	V0.5_c1.5	5	9	4
emmax_snp	0	0	0	0	0	bgs	V0.5_c1.5	5	10	2
emmax_snp_nonsingleton	0	0	0	0	0	bgs	V0.5_c1.5	5	10	2
lfmm_snp	3	0	3	0	0	bgs	V0.5_c1.5	5	10	2
emmax_snp	2	2	0	1	1	bgs	V0.5_c1.5	6	1	3
emmax_snp_nonsingleton	2	2	0	1	1	bgs	V0.5_c1.5	6	1	3
lfmm_snp	5	5	0	2	3	bgs	V0.5_c1.5	6	1	3
emmax_snp	87	4	83	1	3	bgs	V0.5_c1.5	6	2	4
emmax_snp_nonsingleton	85	4	81	1	3	bgs	V0.5_c1.5	6	2	4
lfmm_snp	78	4	74	1	3	bgs	V0.5_c1.5	6	2	4
emmax_snp	10	0	10	0	0	bgs	V0.5_c1.5	6	3	2
emmax_snp_nonsingleton	10	0	10	0	0	bgs	V0.5_c1.5	6	3	2
lfmm_snp	7	0	7	0	0	bgs	V0.5_c1.5	6	3	2
emmax_snp	0	0	0	0	0	bgs	V0.5_c1.5	6	4	3
emmax_snp_nonsingleton	0	0	0	0	0	bgs	V0.5_c1.5	6	4	3
lfmm_snp	0	0	0	0	0	bgs	V0.5_c1.5	6	4	3
emmax_snp	4	0	4	0	0	bgs	V0.5_c1.5	6	5	2
emmax_snp_nonsingleton	4	0	4	0	0	bgs	V0.5_c1.5	6	5	2
lfmm_snp	13	2	11	1	1	bgs	V0.5_c1.5	6	5	2
emmax_snp	8	1	7	1	0	bgs	V0.5_c1.5	6	6	3
emmax_snp_nonsingleton	7	1	6	1	0	bgs	V0.5_c1.5	6	6	3
lfmm_snp	107	1	106	1	0	bgs	V0.5_c1.5	6	6	3
emmax_snp	0	0	0	0	0	bgs	V0.5_c1.5	6	7	3
emmax_snp_nonsingleton	0	0	0	0	0	bgs	V0.5_c1.5	6	7	3
lfmm_snp	8	2	6	1	1	bgs	V0.5_c1.5	6	7	3
emmax_snp	1	1	0	1	0	bgs	V0.5_c1.5	6	8	4
emmax_snp_nonsingleton	1	1	0	1	0	bgs	V0.5_c1.5	6	8	4
lfmm_snp	8	3	5	1	2	bgs	V0.5_c1.5	6	8	4
emmax_snp	0	0	0	0	0	bgs	V0.5_c1.5	6	9	5
emmax_snp_nonsingleton	0	0	0	0	0	bgs	V0.5_c1.5	6	9	5
lfmm_snp	39	15	24	1	14	bgs	V0.5_c1.5	6	9	5
emmax_snp	1	0	1	0	0	bgs	V0.5_c1.5	6	10	2
emmax_snp_nonsingleton	1	0	1	0	0	bgs	V0.5_c1.5	6	10	2
lfmm_snp	2	0	2	0	0	bgs	V0.5_c1.5	6	10	2
emmax_snp	76	27	49	1	26	bgs	V0.5_c1.5	7	1	3
emmax_snp_nonsingleton	75	27	48	1	26	bgs	V0.5_c1.5	7	1	3
lfmm_snp	116	28	88	1	27	bgs	V0.5_c1.5	7	1	3
emmax_snp	38	0	38	0	0	bgs	V0.5_c1.5	7	2	3
emmax_snp_nonsingleton	38	0	38	0	0	bgs	V0.5_c1.5	7	2	3
lfmm_snp	90	0	90	0	0	bgs	V0.5_c1.5	7	2	3
emmax_snp	3	0	3	0	0	bgs	V0.5_c1.5	7	3	4
emmax_snp_nonsingleton	3	0	3	0	0	bgs	V0.5_c1.5	7	3	4
lfmm_snp	0	0	0	0	0	bgs	V0.5_c1.5	7	3	4
emmax_snp	7	6	1	1	5	bgs	V0.5_c1.5	7	4	3
emmax_snp_nonsingleton	7	6	1	1	5	bgs	V0.5_c1.5	7	4	3
lfmm_snp	21	12	9	2	10	bgs	V0.5_c1.5	7	4	3
emmax_snp	1	0	1	0	0	bgs	V0.5_c1.5	7	5	4
emmax_snp_nonsingleton	1	0	1	0	0	bgs	V0.5_c1.5	7	5	4
lfmm_snp	0	0	0	0	0	bgs	V0.5_c1.5	7	5	4
emmax_snp	11	0	11	0	0	bgs	V0.5_c1.5	7	6	3
emmax_snp_nonsingleton	11	0	11	0	0	bgs	V0.5_c1.5	7	6	3
lfmm_snp	72	15	57	1	14	bgs	V0.5_c1.5	7	6	3
emmax_snp	0	0	0	0	0	bgs	V0.5_c1.5	7	7	1
emmax_snp_nonsingleton	0	0	0	0	0	bgs	V0.5_c1.5	7	7	1
lfmm_snp	2	0	2	0	0	bgs	V0.5_c1.5	7	7	1
emmax_snp	4	0	4	0	0	bgs	V0.5_c1.5	7	8	2
emmax_snp_nonsingleton	4	0	4	0	0	bgs	V0.5_c1.5	7	8	2
lfmm_snp	1	0	1	0	0	bgs	V0.5_c1.5	7	8	2
emmax_snp	0	0	0	0	0	bgs	V0.5_c1.5	7	9	2
emmax_snp_nonsingleton	0	0	0	0	0	bgs	V0.5_c1.5	7	9	2
lfmm_snp	0	0	0	0	0	bgs	V0.5_c1.5	7	9	2
emmax_snp	11	11	0	1	10	bgs	V0.5_c1.5	7	10	2
emmax_snp_nonsingleton	11	11	0	1	10	bgs	V0.5_c1.5	7	10	2
lfmm_snp	22	16	6	1	15	bgs	V0.5_c1.5	7	10	2
emmax_snp	0	0	0	0	0	bgs	V0.5_c1.5	8	1	5
emmax_snp_nonsingleton	0	0	0	0	0	bgs	V0.5_c1.5	8	1	5
lfmm_snp	0	0	0	0	0	bgs	V0.5_c1.5	8	1	5
emmax_snp	128	18	110	1	17	bgs	V0.5_c1.5	8	2	2
emmax_snp_nonsingleton	128	18	110	1	17	bgs	V0.5_c1.5	8	2	2
lfmm_snp	50	13	37	1	12	bgs	V0.5_c1.5	8	2	2
emmax_snp	0	0	0	0	0	bgs	V0.5_c1.5	8	3	4
emmax_snp_nonsingleton	0	0	0	0	0	bgs	V0.5_c1.5	8	3	4
lfmm_snp	3	3	0	2	1	bgs	V0.5_c1.5	8	3	4
emmax_snp	0	0	0	0	0	bgs	V0.5_c1.5	8	4	2
emmax_snp_nonsingleton	0	0	0	0	0	bgs	V0.5_c1.5	8	4	2
lfmm_snp	0	0	0	0	0	bgs	V0.5_c1.5	8	4	2
emmax_snp	118	33	85	1	32	bgs	V0.5_c1.5	8	5	3
emmax_snp_nonsingleton	116	33	83	1	32	bgs	V0.5_c1.5	8	5	3
lfmm_snp	119	33	86	1	32	bgs	V0.5_c1.5	8	5	3
emmax_snp	39	6	33	1	5	bgs	V0.5_c1.5	8	6	3
emmax_snp_nonsingleton	39	6	33	1	5	bgs	V0.5_c1.5	8	6	3
lfmm_snp	124	20	104	1	19	bgs	V0.5_c1.5	8	6	3
emmax_snp	3	0	3	0	0	bgs	V0.5_c1.5	8	7	3
emmax_snp_nonsingleton	3	0	3	0	0	bgs	V0.5_c1.5	8	7	3
lfmm_snp	5	0	5	0	0	bgs	V0.5_c1.5	8	7	3
emmax_snp	5	0	5	0	0	bgs	V0.5_c1.5	8	8	3
emmax_snp_nonsingleton	4	0	4	0	0	bgs	V0.5_c1.5	8	8	3
lfmm_snp	16	0	16	0	0	bgs	V0.5_c1.5	8	8	3
emmax_snp	4	0	4	0	0	bgs	V0.5_c1.5	8	9	2
emmax_snp_nonsingleton	4	0	4	0	0	bgs	V0.5_c1.5	8	9	2
lfmm_snp	4	0	4	0	0	bgs	V0.5_c1.5	8	9	2
emmax_snp	0	0	0	0	0	bgs	V0.5_c1.5	8	10	4
emmax_snp_nonsingleton	0	0	0	0	0	bgs	V0.5_c1.5	8	10	4
lfmm_snp	0	0	0	0	0	bgs	V0.5_c1.5	8	10	4
emmax_snp	0	0	0	0	0	bgs	V0.5_c1.5	9	1	4
emmax_snp_nonsingleton	0	0	0	0	0	bgs	V0.5_c1.5	9	1	4
lfmm_snp	0	0	0	0	0	bgs	V0.5_c1.5	9	1	4
emmax_snp	19	0	19	0	0	bgs	V0.5_c1.5	9	2	3
emmax_snp_nonsingleton	19	0	19	0	0	bgs	V0.5_c1.5	9	2	3
lfmm_snp	5	1	4	1	0	bgs	V0.5_c1.5	9	2	3
emmax_snp	0	0	0	0	0	bgs	V0.5_c1.5	9	3	3
emmax_snp_nonsingleton	0	0	0	0	0	bgs	V0.5_c1.5	9	3	3
lfmm_snp	1	1	0	1	0	bgs	V0.5_c1.5	9	3	3
emmax_snp	0	0	0	0	0	bgs	V0.5_c1.5	9	4	2
emmax_snp_nonsingleton	0	0	0	0	0	bgs	V0.5_c1.5	9	4	2
lfmm_snp	0	0	0	0	0	bgs	V0.5_c1.5	9	4	2
emmax_snp	2	2	0	1	1	bgs	V0.5_c1.5	9	5	2
emmax_snp_nonsingleton	2	2	0	1	1	bgs	V0.5_c1.5	9	5	2
lfmm_snp	5	2	3	1	1	bgs	V0.5_c1.5	9	5	2
emmax_snp	6	0	6	0	0	bgs	V0.5_c1.5	9	6	3
emmax_snp_nonsingleton	6	0	6	0	0	bgs	V0.5_c1.5	9	6	3
lfmm_snp	105	1	104	1	0	bgs	V0.5_c1.5	9	6	3
emmax_snp	2	2	0	2	0	bgs	V0.5_c1.5	9	7	2
emmax_snp_nonsingleton	2	2	0	2	0	bgs	V0.5_c1.5	9	7	2
lfmm_snp	5	4	1	2	2	bgs	V0.5_c1.5	9	7	2
emmax_snp	23	3	20	1	2	bgs	V0.5_c1.5	9	8	2
emmax_snp_nonsingleton	23	3	20	1	2	bgs	V0.5_c1.5	9	8	2
lfmm_snp	31	3	28	1	2	bgs	V0.5_c1.5	9	8	2
emmax_snp	0	0	0	0	0	bgs	V0.5_c1.5	9	9	3
emmax_snp_nonsingleton	0	0	0	0	0	bgs	V0.5_c1.5	9	9	3
lfmm_snp	1	0	1	0	0	bgs	V0.5_c1.5	9	9	3
emmax_snp	2	1	1	1	0	bgs	V0.5_c1.5	9	10	3
emmax_snp_nonsingleton	2	1	1	1	0	bgs	V0.5_c1.5	9	10	3
lfmm_snp	2	1	1	1	0	bgs	V0.5_c1.5	9	10	3
emmax_snp	3	1	2	1	0	bgs	V0.5_c1.5	10	1	2
emmax_snp_nonsingleton	3	1	2	1	0	bgs	V0.5_c1.5	10	1	2
lfmm_snp	1	1	0	1	0	bgs	V0.5_c1.5	10	1	2
emmax_snp	48	5	43	1	4	bgs	V0.5_c1.5	10	2	2
emmax_snp_nonsingleton	47	5	42	1	4	bgs	V0.5_c1.5	10	2	2
lfmm_snp	56	4	52	1	3	bgs	V0.5_c1.5	10	2	2
emmax_snp	4	0	4	0	0	bgs	V0.5_c1.5	10	3	2
emmax_snp_nonsingleton	4	0	4	0	0	bgs	V0.5_c1.5	10	3	2
lfmm_snp	1	0	1	0	0	bgs	V0.5_c1.5	10	3	2
emmax_snp	0	0	0	0	0	bgs	V0.5_c1.5	10	4	1
emmax_snp_nonsingleton	0	0	0	0	0	bgs	V0.5_c1.5	10	4	1
lfmm_snp	0	0	0	0	0	bgs	V0.5_c1.5	10	4	1
emmax_snp	0	0	0	0	0	bgs	V0.5_c1.5	10	5	1
emmax_snp_nonsingleton	0	0	0	0	0	bgs	V0.5_c1.5	10	5	1
lfmm_snp	11	0	11	0	0	bgs	V0.5_c1.5	10	5	1
emmax_snp	9	3	6	1	2	bgs	V0.5_c1.5	10	6	4
emmax_snp_nonsingleton	9	3	6	1	2	bgs	V0.5_c1.5	10	6	4
lfmm_snp	92	14	78	1	13	bgs	V0.5_c1.5	10	6	4
emmax_snp	9	6	3	1	5	bgs	V0.5_c1.5	10	7	3
emmax_snp_nonsingleton	8	6	2	1	5	bgs	V0.5_c1.5	10	7	3
lfmm_snp	19	10	9	1	9	bgs	V0.5_c1.5	10	7	3
emmax_snp	1	0	1	0	0	bgs	V0.5_c1.5	10	8	3
emmax_snp_nonsingleton	1	0	1	0	0	bgs	V0.5_c1.5	10	8	3
lfmm_snp	30	0	30	0	0	bgs	V0.5_c1.5	10	8	3
emmax_snp	0	0	0	0	0	bgs	V0.5_c1.5	10	9	4
emmax_snp_nonsingleton	0	0	0	0	0	bgs	V0.5_c1.5	10	9	4
lfmm_snp	6	6	0	2	4	bgs	V0.5_c1.5	10	9	4
emmax_snp	71	15	56	1	14	bgs	V0.5_c1.5	10	10	2
emmax_snp_nonsingleton	68	15	53	1	14	bgs	V0.5_c1.5	10	10	2
lfmm_snp	58	16	42	1	15	bgs	V0.5_c1.5	10	10	2
emmax_snp	129	13	116	1	12	bgs	V0.5_c2	1	1	3
emmax_snp_nonsingleton	125	13	112	1	12	bgs	V0.5_c2	1	1	3
lfmm_snp	194	13	181	1	12	bgs	V0.5_c2	1	1	3
emmax_snp	212	19	193	1	18	bgs	V0.5_c2	1	2	4
emmax_snp_nonsingleton	207	19	188	1	18	bgs	V0.5_c2	1	2	4
lfmm_snp	194	26	168	2	24	bgs	V0.5_c2	1	2	4
emmax_snp	161	0	161	0	0	bgs	V0.5_c2	1	3	2
emmax_snp_nonsingleton	157	0	157	0	0	bgs	V0.5_c2	1	3	2
lfmm_snp	275	0	275	0	0	bgs	V0.5_c2	1	3	2
emmax_snp	79	2	77	1	1	bgs	V0.5_c2	1	4	4
emmax_snp_nonsingleton	78	2	76	1	1	bgs	V0.5_c2	1	4	4
lfmm_snp	157	3	154	2	1	bgs	V0.5_c2	1	4	4
emmax_snp	54	0	54	0	0	bgs	V0.5_c2	1	5	3
emmax_snp_nonsingleton	53	0	53	0	0	bgs	V0.5_c2	1	5	3
lfmm_snp	198	1	197	1	0	bgs	V0.5_c2	1	5	3
emmax_snp	33	0	33	0	0	bgs	V0.5_c2	1	6	4
emmax_snp_nonsingleton	32	0	32	0	0	bgs	V0.5_c2	1	6	4
lfmm_snp	337	0	337	0	0	bgs	V0.5_c2	1	6	4
emmax_snp	53	0	53	0	0	bgs	V0.5_c2	1	7	3
emmax_snp_nonsingleton	53	0	53	0	0	bgs	V0.5_c2	1	7	3
lfmm_snp	308	10	298	1	9	bgs	V0.5_c2	1	7	3
emmax_snp	86	0	86	0	0	bgs	V0.5_c2	1	8	3
emmax_snp_nonsingleton	84	0	84	0	0	bgs	V0.5_c2	1	8	3
lfmm_snp	444	0	444	0	0	bgs	V0.5_c2	1	8	3
emmax_snp	0	0	0	0	0	bgs	V0.5_c2	1	9	4
emmax_snp_nonsingleton	0	0	0	0	0	bgs	V0.5_c2	1	9	4
lfmm_snp	1	1	0	1	0	bgs	V0.5_c2	1	9	4
emmax_snp	98	0	98	0	0	bgs	V0.5_c2	1	10	3
emmax_snp_nonsingleton	96	0	96	0	0	bgs	V0.5_c2	1	10	3
lfmm_snp	118	0	118	0	0	bgs	V0.5_c2	1	10	3
emmax_snp	0	0	0	0	0	bgs	V0.5_c2	2	1	4
emmax_snp_nonsingleton	0	0	0	0	0	bgs	V0.5_c2	2	1	4
lfmm_snp	67	2	65	1	1	bgs	V0.5_c2	2	1	4
emmax_snp	304	5	299	2	3	bgs	V0.5_c2	2	2	4
emmax_snp_nonsingleton	303	5	298	2	3	bgs	V0.5_c2	2	2	4
lfmm_snp	309	2	307	2	0	bgs	V0.5_c2	2	2	4
emmax_snp	416	4	412	1	3	bgs	V0.5_c2	2	3	4
emmax_snp_nonsingleton	410	4	406	1	3	bgs	V0.5_c2	2	3	4
lfmm_snp	397	4	393	1	3	bgs	V0.5_c2	2	3	4
emmax_snp	263	5	258	1	4	bgs	V0.5_c2	2	4	5
emmax_snp_nonsingleton	257	5	252	1	4	bgs	V0.5_c2	2	4	5
lfmm_snp	262	0	262	0	0	bgs	V0.5_c2	2	4	5
emmax_snp	0	0	0	0	0	bgs	V0.5_c2	2	5	5
emmax_snp_nonsingleton	0	0	0	0	0	bgs	V0.5_c2	2	5	5
lfmm_snp	513	3	510	2	1	bgs	V0.5_c2	2	5	5
emmax_snp	95	0	95	0	0	bgs	V0.5_c2	2	6	4
emmax_snp_nonsingleton	94	0	94	0	0	bgs	V0.5_c2	2	6	4
lfmm_snp	267	4	263	1	3	bgs	V0.5_c2	2	6	4
emmax_snp	144	1	143	1	0	bgs	V0.5_c2	2	7	5
emmax_snp_nonsingleton	140	1	139	1	0	bgs	V0.5_c2	2	7	5
lfmm_snp	257	1	256	1	0	bgs	V0.5_c2	2	7	5
emmax_snp	141	0	141	0	0	bgs	V0.5_c2	2	8	4
emmax_snp_nonsingleton	140	0	140	0	0	bgs	V0.5_c2	2	8	4
lfmm_snp	191	11	180	2	9	bgs	V0.5_c2	2	8	4
emmax_snp	0	0	0	0	0	bgs	V0.5_c2	2	9	4
emmax_snp_nonsingleton	0	0	0	0	0	bgs	V0.5_c2	2	9	4
lfmm_snp	60	5	55	1	4	bgs	V0.5_c2	2	9	4
emmax_snp	360	0	360	0	0	bgs	V0.5_c2	2	10	4
emmax_snp_nonsingleton	355	0	355	0	0	bgs	V0.5_c2	2	10	4
lfmm_snp	499	0	499	0	0	bgs	V0.5_c2	2	10	4
emmax_snp	0	0	0	0	0	bgs	V0.5_c2	3	1	3
emmax_snp_nonsingleton	0	0	0	0	0	bgs	V0.5_c2	3	1	3
lfmm_snp	147	0	147	0	0	bgs	V0.5_c2	3	1	3
emmax_snp	73	0	73	0	0	bgs	V0.5_c2	3	2	5
emmax_snp_nonsingleton	72	0	72	0	0	bgs	V0.5_c2	3	2	5
lfmm_snp	179	0	179	0	0	bgs	V0.5_c2	3	2	5
emmax_snp	219	17	202	1	16	bgs	V0.5_c2	3	3	3
emmax_snp_nonsingleton	217	17	200	1	16	bgs	V0.5_c2	3	3	3
lfmm_snp	234	17	217	1	16	bgs	V0.5_c2	3	3	3
emmax_snp	23	0	23	0	0	bgs	V0.5_c2	3	4	5
emmax_snp_nonsingleton	22	0	22	0	0	bgs	V0.5_c2	3	4	5
lfmm_snp	96	0	96	0	0	bgs	V0.5_c2	3	4	5
emmax_snp	249	22	227	2	20	bgs	V0.5_c2	3	5	4
emmax_snp_nonsingleton	244	22	222	2	20	bgs	V0.5_c2	3	5	4
lfmm_snp	201	10	191	2	8	bgs	V0.5_c2	3	5	4
emmax_snp	148	0	148	0	0	bgs	V0.5_c2	3	6	3
emmax_snp_nonsingleton	143	0	143	0	0	bgs	V0.5_c2	3	6	3
lfmm_snp	416	1	415	1	0	bgs	V0.5_c2	3	6	3
emmax_snp	118	0	118	0	0	bgs	V0.5_c2	3	7	4
emmax_snp_nonsingleton	115	0	115	0	0	bgs	V0.5_c2	3	7	4
lfmm_snp	198	0	198	0	0	bgs	V0.5_c2	3	7	4
emmax_snp	33	0	33	0	0	bgs	V0.5_c2	3	8	3
emmax_snp_nonsingleton	33	0	33	0	0	bgs	V0.5_c2	3	8	3
lfmm_snp	92	0	92	0	0	bgs	V0.5_c2	3	8	3
emmax_snp	6	0	6	0	0	bgs	V0.5_c2	3	9	5
emmax_snp_nonsingleton	6	0	6	0	0	bgs	V0.5_c2	3	9	5
lfmm_snp	110	0	110	0	0	bgs	V0.5_c2	3	9	5
emmax_snp	99	0	99	0	0	bgs	V0.5_c2	3	10	5
emmax_snp_nonsingleton	99	0	99	0	0	bgs	V0.5_c2	3	10	5
lfmm_snp	173	0	173	0	0	bgs	V0.5_c2	3	10	5
emmax_snp	7	1	6	1	0	bgs	V0.5_c2	4	1	4
emmax_snp_nonsingleton	7	1	6	1	0	bgs	V0.5_c2	4	1	4
lfmm_snp	44	1	43	1	0	bgs	V0.5_c2	4	1	4
emmax_snp	134	5	129	1	4	bgs	V0.5_c2	4	2	5
emmax_snp_nonsingleton	132	5	127	1	4	bgs	V0.5_c2	4	2	5
lfmm_snp	53	5	48	1	4	bgs	V0.5_c2	4	2	5
emmax_snp	321	0	321	0	0	bgs	V0.5_c2	4	3	3
emmax_snp_nonsingleton	319	0	319	0	0	bgs	V0.5_c2	4	3	3
lfmm_snp	512	0	512	0	0	bgs	V0.5_c2	4	3	3
emmax_snp	68	0	68	0	0	bgs	V0.5_c2	4	4	4
emmax_snp_nonsingleton	67	0	67	0	0	bgs	V0.5_c2	4	4	4
lfmm_snp	182	0	182	0	0	bgs	V0.5_c2	4	4	4
emmax_snp	385	0	385	0	0	bgs	V0.5_c2	4	5	3
emmax_snp_nonsingleton	378	0	378	0	0	bgs	V0.5_c2	4	5	3
lfmm_snp	588	0	588	0	0	bgs	V0.5_c2	4	5	3
emmax_snp	161	0	161	0	0	bgs	V0.5_c2	4	6	3
emmax_snp_nonsingleton	161	0	161	0	0	bgs	V0.5_c2	4	6	3
lfmm_snp	980	3	977	2	1	bgs	V0.5_c2	4	6	3
emmax_snp	101	0	101	0	0	bgs	V0.5_c2	4	7	5
emmax_snp_nonsingleton	99	0	99	0	0	bgs	V0.5_c2	4	7	5
lfmm_snp	208	1	207	1	0	bgs	V0.5_c2	4	7	5
emmax_snp	115	0	115	0	0	bgs	V0.5_c2	4	8	3
emmax_snp_nonsingleton	113	0	113	0	0	bgs	V0.5_c2	4	8	3
lfmm_snp	96	1	95	1	0	bgs	V0.5_c2	4	8	3
emmax_snp	18	10	8	2	8	bgs	V0.5_c2	4	9	5
emmax_snp_nonsingleton	16	10	6	2	8	bgs	V0.5_c2	4	9	5
lfmm_snp	218	35	183	4	31	bgs	V0.5_c2	4	9	5
emmax_snp	185	0	185	0	0	bgs	V0.5_c2	4	10	3
emmax_snp_nonsingleton	183	0	183	0	0	bgs	V0.5_c2	4	10	3
lfmm_snp	254	2	252	1	1	bgs	V0.5_c2	4	10	3
emmax_snp	0	0	0	0	0	bgs	V0.5_c2	5	1	3
emmax_snp_nonsingleton	0	0	0	0	0	bgs	V0.5_c2	5	1	3
lfmm_snp	42	0	42	0	0	bgs	V0.5_c2	5	1	3
emmax_snp	239	0	239	0	0	bgs	V0.5_c2	5	2	4
emmax_snp_nonsingleton	235	0	235	0	0	bgs	V0.5_c2	5	2	4
lfmm_snp	151	1	150	1	0	bgs	V0.5_c2	5	2	4
emmax_snp	301	3	298	2	1	bgs	V0.5_c2	5	3	4
emmax_snp_nonsingleton	301	3	298	2	1	bgs	V0.5_c2	5	3	4
lfmm_snp	365	4	361	2	2	bgs	V0.5_c2	5	3	4
emmax_snp	35	2	33	1	1	bgs	V0.5_c2	5	4	3
emmax_snp_nonsingleton	35	2	33	1	1	bgs	V0.5_c2	5	4	3
lfmm_snp	116	3	113	1	2	bgs	V0.5_c2	5	4	3
emmax_snp	90	3	87	2	1	bgs	V0.5_c2	5	5	4
emmax_snp_nonsingleton	88	3	85	2	1	bgs	V0.5_c2	5	5	4
lfmm_snp	169	3	166	2	1	bgs	V0.5_c2	5	5	4
emmax_snp	155	5	150	1	4	bgs	V0.5_c2	5	6	4
emmax_snp_nonsingleton	151	5	146	1	4	bgs	V0.5_c2	5	6	4
lfmm_snp	484	0	484	0	0	bgs	V0.5_c2	5	6	4
emmax_snp	64	0	64	0	0	bgs	V0.5_c2	5	7	5
emmax_snp_nonsingleton	61	0	61	0	0	bgs	V0.5_c2	5	7	5
lfmm_snp	135	0	135	0	0	bgs	V0.5_c2	5	7	5
emmax_snp	192	0	192	0	0	bgs	V0.5_c2	5	8	4
emmax_snp_nonsingleton	185	0	185	0	0	bgs	V0.5_c2	5	8	4
lfmm_snp	183	0	183	0	0	bgs	V0.5_c2	5	8	4
emmax_snp	41	0	41	0	0	bgs	V0.5_c2	5	9	4
emmax_snp_nonsingleton	39	0	39	0	0	bgs	V0.5_c2	5	9	4
lfmm_snp	105	12	93	1	11	bgs	V0.5_c2	5	9	4
emmax_snp	54	0	54	0	0	bgs	V0.5_c2	5	10	4
emmax_snp_nonsingleton	53	0	53	0	0	bgs	V0.5_c2	5	10	4
lfmm_snp	73	0	73	0	0	bgs	V0.5_c2	5	10	4
emmax_snp	2	2	0	1	1	bgs	V0.5_c2	6	1	2
emmax_snp_nonsingleton	2	2	0	1	1	bgs	V0.5_c2	6	1	2
lfmm_snp	121	2	119	1	1	bgs	V0.5_c2	6	1	2
emmax_snp	57	0	57	0	0	bgs	V0.5_c2	6	2	4
emmax_snp_nonsingleton	57	0	57	0	0	bgs	V0.5_c2	6	2	4
lfmm_snp	203	0	203	0	0	bgs	V0.5_c2	6	2	4
emmax_snp	163	0	163	0	0	bgs	V0.5_c2	6	3	3
emmax_snp_nonsingleton	162	0	162	0	0	bgs	V0.5_c2	6	3	3
lfmm_snp	155	0	155	0	0	bgs	V0.5_c2	6	3	3
emmax_snp	69	0	69	0	0	bgs	V0.5_c2	6	4	5
emmax_snp_nonsingleton	69	0	69	0	0	bgs	V0.5_c2	6	4	5
lfmm_snp	169	1	168	1	0	bgs	V0.5_c2	6	4	5
emmax_snp	259	0	259	0	0	bgs	V0.5_c2	6	5	4
emmax_snp_nonsingleton	257	0	257	0	0	bgs	V0.5_c2	6	5	4
lfmm_snp	200	0	200	0	0	bgs	V0.5_c2	6	5	4
emmax_snp	49	0	49	0	0	bgs	V0.5_c2	6	6	3
emmax_snp_nonsingleton	49	0	49	0	0	bgs	V0.5_c2	6	6	3
lfmm_snp	490	2	488	1	1	bgs	V0.5_c2	6	6	3
emmax_snp	190	0	190	0	0	bgs	V0.5_c2	6	7	5
emmax_snp_nonsingleton	186	0	186	0	0	bgs	V0.5_c2	6	7	5
lfmm_snp	125	0	125	0	0	bgs	V0.5_c2	6	7	5
emmax_snp	153	0	153	0	0	bgs	V0.5_c2	6	8	4
emmax_snp_nonsingleton	148	0	148	0	0	bgs	V0.5_c2	6	8	4
lfmm_snp	238	0	238	0	0	bgs	V0.5_c2	6	8	4
emmax_snp	45	0	45	0	0	bgs	V0.5_c2	6	9	5
emmax_snp_nonsingleton	43	0	43	0	0	bgs	V0.5_c2	6	9	5
lfmm_snp	157	7	150	1	6	bgs	V0.5_c2	6	9	5
emmax_snp	93	0	93	0	0	bgs	V0.5_c2	6	10	4
emmax_snp_nonsingleton	93	0	93	0	0	bgs	V0.5_c2	6	10	4
lfmm_snp	138	8	130	1	7	bgs	V0.5_c2	6	10	4
emmax_snp	38	0	38	0	0	bgs	V0.5_c2	7	1	5
emmax_snp_nonsingleton	36	0	36	0	0	bgs	V0.5_c2	7	1	5
lfmm_snp	143	0	143	0	0	bgs	V0.5_c2	7	1	5
emmax_snp	330	0	330	0	0	bgs	V0.5_c2	7	2	4
emmax_snp_nonsingleton	324	0	324	0	0	bgs	V0.5_c2	7	2	4
lfmm_snp	515	18	497	1	17	bgs	V0.5_c2	7	2	4
emmax_snp	177	0	177	0	0	bgs	V0.5_c2	7	3	5
emmax_snp_nonsingleton	175	0	175	0	0	bgs	V0.5_c2	7	3	5
lfmm_snp	383	0	383	0	0	bgs	V0.5_c2	7	3	5
emmax_snp	88	0	88	0	0	bgs	V0.5_c2	7	4	3
emmax_snp_nonsingleton	87	0	87	0	0	bgs	V0.5_c2	7	4	3
lfmm_snp	206	0	206	0	0	bgs	V0.5_c2	7	4	3
emmax_snp	143	15	128	1	14	bgs	V0.5_c2	7	5	5
emmax_snp_nonsingleton	139	15	124	1	14	bgs	V0.5_c2	7	5	5
lfmm_snp	160	41	119	2	39	bgs	V0.5_c2	7	5	5
emmax_snp	167	1	166	1	0	bgs	V0.5_c2	7	6	4
emmax_snp_nonsingleton	164	1	163	1	0	bgs	V0.5_c2	7	6	4
lfmm_snp	651	9	642	2	7	bgs	V0.5_c2	7	6	4
emmax_snp	117	0	117	0	0	bgs	V0.5_c2	7	7	3
emmax_snp_nonsingleton	115	0	115	0	0	bgs	V0.5_c2	7	7	3
lfmm_snp	387	0	387	0	0	bgs	V0.5_c2	7	7	3
emmax_snp	83	0	83	0	0	bgs	V0.5_c2	7	8	3
emmax_snp_nonsingleton	79	0	79	0	0	bgs	V0.5_c2	7	8	3
lfmm_snp	137	0	137	0	0	bgs	V0.5_c2	7	8	3
emmax_snp	0	0	0	0	0	bgs	V0.5_c2	7	9	3
emmax_snp_nonsingleton	0	0	0	0	0	bgs	V0.5_c2	7	9	3
lfmm_snp	33	0	33	0	0	bgs	V0.5_c2	7	9	3
emmax_snp	298	0	298	0	0	bgs	V0.5_c2	7	10	3
emmax_snp_nonsingleton	292	0	292	0	0	bgs	V0.5_c2	7	10	3
lfmm_snp	202	0	202	0	0	bgs	V0.5_c2	7	10	3
emmax_snp	0	0	0	0	0	bgs	V0.5_c2	8	1	3
emmax_snp_nonsingleton	0	0	0	0	0	bgs	V0.5_c2	8	1	3
lfmm_snp	329	26	303	3	23	bgs	V0.5_c2	8	1	3
emmax_snp	183	0	183	0	0	bgs	V0.5_c2	8	2	3
emmax_snp_nonsingleton	179	0	179	0	0	bgs	V0.5_c2	8	2	3
lfmm_snp	452	6	446	1	5	bgs	V0.5_c2	8	2	3
emmax_snp	317	3	314	1	2	bgs	V0.5_c2	8	3	4
emmax_snp_nonsingleton	312	3	309	1	2	bgs	V0.5_c2	8	3	4
lfmm_snp	221	5	216	1	4	bgs	V0.5_c2	8	3	4
emmax_snp	323	7	316	1	6	bgs	V0.5_c2	8	4	4
emmax_snp_nonsingleton	320	7	313	1	6	bgs	V0.5_c2	8	4	4
lfmm_snp	304	7	297	1	6	bgs	V0.5_c2	8	4	4
emmax_snp	148	1	147	1	0	bgs	V0.5_c2	8	5	4
emmax_snp_nonsingleton	144	1	143	1	0	bgs	V0.5_c2	8	5	4
lfmm_snp	398	1	397	1	0	bgs	V0.5_c2	8	5	4
emmax_snp	156	0	156	0	0	bgs	V0.5_c2	8	6	3
emmax_snp_nonsingleton	154	0	154	0	0	bgs	V0.5_c2	8	6	3
lfmm_snp	268	0	268	0	0	bgs	V0.5_c2	8	6	3
emmax_snp	225	5	220	1	4	bgs	V0.5_c2	8	7	3
emmax_snp_nonsingleton	218	5	213	1	4	bgs	V0.5_c2	8	7	3
lfmm_snp	326	5	321	1	4	bgs	V0.5_c2	8	7	3
emmax_snp	103	0	103	0	0	bgs	V0.5_c2	8	8	4
emmax_snp_nonsingleton	99	0	99	0	0	bgs	V0.5_c2	8	8	4
lfmm_snp	234	0	234	0	0	bgs	V0.5_c2	8	8	4
emmax_snp	0	0	0	0	0	bgs	V0.5_c2	8	9	3
emmax_snp_nonsingleton	0	0	0	0	0	bgs	V0.5_c2	8	9	3
lfmm_snp	120	0	120	0	0	bgs	V0.5_c2	8	9	3
emmax_snp	47	0	47	0	0	bgs	V0.5_c2	8	10	2
emmax_snp_nonsingleton	47	0	47	0	0	bgs	V0.5_c2	8	10	2
lfmm_snp	117	1	116	1	0	bgs	V0.5_c2	8	10	2
emmax_snp	6	0	6	0	0	bgs	V0.5_c2	9	1	2
emmax_snp_nonsingleton	6	0	6	0	0	bgs	V0.5_c2	9	1	2
lfmm_snp	75	0	75	0	0	bgs	V0.5_c2	9	1	2
emmax_snp	269	3	266	1	2	bgs	V0.5_c2	9	2	3
emmax_snp_nonsingleton	266	3	263	1	2	bgs	V0.5_c2	9	2	3
lfmm_snp	494	3	491	1	2	bgs	V0.5_c2	9	2	3
emmax_snp	144	17	127	1	16	bgs	V0.5_c2	9	3	3
emmax_snp_nonsingleton	144	17	127	1	16	bgs	V0.5_c2	9	3	3
lfmm_snp	171	19	152	2	17	bgs	V0.5_c2	9	3	3
emmax_snp	115	2	113	1	1	bgs	V0.5_c2	9	4	5
emmax_snp_nonsingleton	112	1	111	1	0	bgs	V0.5_c2	9	4	5
lfmm_snp	184	1	183	1	0	bgs	V0.5_c2	9	4	5
emmax_snp	183	0	183	0	0	bgs	V0.5_c2	9	5	5
emmax_snp_nonsingleton	173	0	173	0	0	bgs	V0.5_c2	9	5	5
lfmm_snp	169	1	168	1	0	bgs	V0.5_c2	9	5	5
emmax_snp	125	0	125	0	0	bgs	V0.5_c2	9	6	2
emmax_snp_nonsingleton	121	0	121	0	0	bgs	V0.5_c2	9	6	2
lfmm_snp	360	1	359	1	0	bgs	V0.5_c2	9	6	2
emmax_snp	26	0	26	0	0	bgs	V0.5_c2	9	7	5
emmax_snp_nonsingleton	25	0	25	0	0	bgs	V0.5_c2	9	7	5
lfmm_snp	130	3	127	1	2	bgs	V0.5_c2	9	7	5
emmax_snp	125	5	120	1	4	bgs	V0.5_c2	9	8	2
emmax_snp_nonsingleton	121	5	116	1	4	bgs	V0.5_c2	9	8	2
lfmm_snp	108	5	103	1	4	bgs	V0.5_c2	9	8	2
emmax_snp	26	0	26	0	0	bgs	V0.5_c2	9	9	3
emmax_snp_nonsingleton	24	0	24	0	0	bgs	V0.5_c2	9	9	3
lfmm_snp	166	27	139	2	25	bgs	V0.5_c2	9	9	3
emmax_snp	68	0	68	0	0	bgs	V0.5_c2	9	10	2
emmax_snp_nonsingleton	65	0	65	0	0	bgs	V0.5_c2	9	10	2
lfmm_snp	128	0	128	0	0	bgs	V0.5_c2	9	10	2
emmax_snp	0	0	0	0	0	bgs	V0.5_c2	10	1	4
emmax_snp_nonsingleton	0	0	0	0	0	bgs	V0.5_c2	10	1	4
lfmm_snp	293	42	251	1	41	bgs	V0.5_c2	10	1	4
emmax_snp	157	38	119	2	36	bgs	V0.5_c2	10	2	4
emmax_snp_nonsingleton	151	38	113	2	36	bgs	V0.5_c2	10	2	4
lfmm_snp	441	42	399	2	40	bgs	V0.5_c2	10	2	4
emmax_snp	288	0	288	0	0	bgs	V0.5_c2	10	3	4
emmax_snp_nonsingleton	279	0	279	0	0	bgs	V0.5_c2	10	3	4
lfmm_snp	263	0	263	0	0	bgs	V0.5_c2	10	3	4
emmax_snp	39	0	39	0	0	bgs	V0.5_c2	10	4	3
emmax_snp_nonsingleton	38	0	38	0	0	bgs	V0.5_c2	10	4	3
lfmm_snp	173	0	173	0	0	bgs	V0.5_c2	10	4	3
emmax_snp	220	0	220	0	0	bgs	V0.5_c2	10	5	3
emmax_snp_nonsingleton	210	0	210	0	0	bgs	V0.5_c2	10	5	3
lfmm_snp	157	0	157	0	0	bgs	V0.5_c2	10	5	3
emmax_snp	109	0	109	0	0	bgs	V0.5_c2	10	6	3
emmax_snp_nonsingleton	103	0	103	0	0	bgs	V0.5_c2	10	6	3
lfmm_snp	191	0	191	0	0	bgs	V0.5_c2	10	6	3
emmax_snp	105	1	104	1	0	bgs	V0.5_c2	10	7	4
emmax_snp_nonsingleton	103	0	103	0	0	bgs	V0.5_c2	10	7	4
lfmm_snp	235	1	234	1	0	bgs	V0.5_c2	10	7	4
emmax_snp	200	1	199	1	0	bgs	V0.5_c2	10	8	3
emmax_snp_nonsingleton	198	1	197	1	0	bgs	V0.5_c2	10	8	3
lfmm_snp	286	3	283	1	2	bgs	V0.5_c2	10	8	3
emmax_snp	1	0	1	0	0	bgs	V0.5_c2	10	9	3
emmax_snp_nonsingleton	0	0	0	0	0	bgs	V0.5_c2	10	9	3
lfmm_snp	83	2	81	1	1	bgs	V0.5_c2	10	9	3
emmax_snp	62	0	62	0	0	bgs	V0.5_c2	10	10	3
emmax_snp_nonsingleton	60	0	60	0	0	bgs	V0.5_c2	10	10	3
lfmm_snp	114	0	114	0	0	bgs	V0.5_c2	10	10	3
emmax_snp	1	0	1	0	0	bgs	V1_c1	1	1	0
emmax_snp_nonsingleton	1	0	1	0	0	bgs	V1_c1	1	1	0
lfmm_snp	0	0	0	0	0	bgs	V1_c1	1	1	0
emmax_snp	79	29	50	2	27	bgs	V1_c1	1	2	2
emmax_snp_nonsingleton	78	29	49	2	27	bgs	V1_c1	1	2	2
lfmm_snp	87	29	58	2	27	bgs	V1_c1	1	2	2
emmax_snp	1	1	0	1	0	bgs	V1_c1	1	3	1
emmax_snp_nonsingleton	1	1	0	1	0	bgs	V1_c1	1	3	1
lfmm_snp	3	3	0	1	2	bgs	V1_c1	1	3	1
emmax_snp	22	16	6	1	15	bgs	V1_c1	1	4	1
emmax_snp_nonsingleton	21	15	6	1	14	bgs	V1_c1	1	4	1
lfmm_snp	36	24	12	1	23	bgs	V1_c1	1	4	1
emmax_snp	1	1	0	1	0	bgs	V1_c1	1	5	1
emmax_snp_nonsingleton	1	1	0	1	0	bgs	V1_c1	1	5	1
lfmm_snp	1	1	0	1	0	bgs	V1_c1	1	5	1
emmax_snp	0	0	0	0	0	bgs	V1_c1	1	6	1
emmax_snp_nonsingleton	0	0	0	0	0	bgs	V1_c1	1	6	1
lfmm_snp	0	0	0	0	0	bgs	V1_c1	1	6	1
emmax_snp	1	1	0	1	0	bgs	V1_c1	1	7	2
emmax_snp_nonsingleton	1	1	0	1	0	bgs	V1_c1	1	7	2
lfmm_snp	9	4	5	1	3	bgs	V1_c1	1	7	2
emmax_snp	0	0	0	0	0	bgs	V1_c1	1	8	1
emmax_snp_nonsingleton	0	0	0	0	0	bgs	V1_c1	1	8	1
lfmm_snp	0	0	0	0	0	bgs	V1_c1	1	8	1
emmax_snp	0	0	0	0	0	bgs	V1_c1	1	9	0
emmax_snp_nonsingleton	0	0	0	0	0	bgs	V1_c1	1	9	0
lfmm_snp	0	0	0	0	0	bgs	V1_c1	1	9	0
emmax_snp	0	0	0	0	0	bgs	V1_c1	1	10	1
emmax_snp_nonsingleton	0	0	0	0	0	bgs	V1_c1	1	10	1
lfmm_snp	0	0	0	0	0	bgs	V1_c1	1	10	1
emmax_snp	3	2	1	1	1	bgs	V1_c1	2	1	2
emmax_snp_nonsingleton	2	2	0	1	1	bgs	V1_c1	2	1	2
lfmm_snp	17	13	4	2	11	bgs	V1_c1	2	1	2
emmax_snp	20	2	18	1	1	bgs	V1_c1	2	2	2
emmax_snp_nonsingleton	19	2	17	1	1	bgs	V1_c1	2	2	2
lfmm_snp	77	4	73	1	3	bgs	V1_c1	2	2	2
emmax_snp	92	4	88	2	2	bgs	V1_c1	2	3	2
emmax_snp_nonsingleton	91	4	87	2	2	bgs	V1_c1	2	3	2
lfmm_snp	2	2	0	2	0	bgs	V1_c1	2	3	2
emmax_snp	11	11	0	1	10	bgs	V1_c1	2	4	1
emmax_snp_nonsingleton	10	10	0	1	9	bgs	V1_c1	2	4	1
lfmm_snp	11	11	0	1	10	bgs	V1_c1	2	4	1
emmax_snp	0	0	0	0	0	bgs	V1_c1	2	5	2
emmax_snp_nonsingleton	0	0	0	0	0	bgs	V1_c1	2	5	2
lfmm_snp	1	1	0	1	0	bgs	V1_c1	2	5	2
emmax_snp	10	9	1	1	8	bgs	V1_c1	2	6	1
emmax_snp_nonsingleton	9	9	0	1	8	bgs	V1_c1	2	6	1
lfmm_snp	10	9	1	1	8	bgs	V1_c1	2	6	1
emmax_snp	1	1	0	1	0	bgs	V1_c1	2	7	1
emmax_snp_nonsingleton	1	1	0	1	0	bgs	V1_c1	2	7	1
lfmm_snp	2	2	0	1	1	bgs	V1_c1	2	7	1
emmax_snp	2	0	2	0	0	bgs	V1_c1	2	8	1
emmax_snp_nonsingleton	2	0	2	0	0	bgs	V1_c1	2	8	1
lfmm_snp	4	2	2	1	1	bgs	V1_c1	2	8	1
emmax_snp	59	42	17	1	41	bgs	V1_c1	2	9	1
emmax_snp_nonsingleton	57	42	15	1	41	bgs	V1_c1	2	9	1
lfmm_snp	0	0	0	0	0	bgs	V1_c1	2	9	1
emmax_snp	0	0	0	0	0	bgs	V1_c1	2	10	1
emmax_snp_nonsingleton	0	0	0	0	0	bgs	V1_c1	2	10	1
lfmm_snp	0	0	0	0	0	bgs	V1_c1	2	10	1
emmax_snp	2	2	0	2	0	bgs	V1_c1	3	1	2
emmax_snp_nonsingleton	1	1	0	1	0	bgs	V1_c1	3	1	2
lfmm_snp	1	1	0	1	0	bgs	V1_c1	3	1	2
emmax_snp	5	5	0	1	4	bgs	V1_c1	3	2	1
emmax_snp_nonsingleton	5	5	0	1	4	bgs	V1_c1	3	2	1
lfmm_snp	14	9	5	1	8	bgs	V1_c1	3	2	1
emmax_snp	1	0	1	0	0	bgs	V1_c1	3	3	0
emmax_snp_nonsingleton	0	0	0	0	0	bgs	V1_c1	3	3	0
lfmm_snp	1	0	1	0	0	bgs	V1_c1	3	3	0
emmax_snp	0	0	0	0	0	bgs	V1_c1	3	4	1
emmax_snp_nonsingleton	0	0	0	0	0	bgs	V1_c1	3	4	1
lfmm_snp	1	1	0	1	0	bgs	V1_c1	3	4	1
emmax_snp	0	0	0	0	0	bgs	V1_c1	3	5	1
emmax_snp_nonsingleton	0	0	0	0	0	bgs	V1_c1	3	5	1
lfmm_snp	0	0	0	0	0	bgs	V1_c1	3	5	1
emmax_snp	8	7	1	1	6	bgs	V1_c1	3	6	1
emmax_snp_nonsingleton	6	6	0	1	5	bgs	V1_c1	3	6	1
lfmm_snp	14	12	2	1	11	bgs	V1_c1	3	6	1
emmax_snp	1	1	0	1	0	bgs	V1_c1	3	7	1
emmax_snp_nonsingleton	1	1	0	1	0	bgs	V1_c1	3	7	1
lfmm_snp	17	12	5	1	11	bgs	V1_c1	3	7	1
emmax_snp	11	9	2	2	7	bgs	V1_c1	3	8	2
emmax_snp_nonsingleton	11	9	2	2	7	bgs	V1_c1	3	8	2
lfmm_snp	17	12	5	2	10	bgs	V1_c1	3	8	2
emmax_snp	2	2	0	1	1	bgs	V1_c1	3	9	2
emmax_snp_nonsingleton	2	2	0	1	1	bgs	V1_c1	3	9	2
lfmm_snp	3	3	0	1	2	bgs	V1_c1	3	9	2
emmax_snp	8	8	0	1	7	bgs	V1_c1	3	10	2
emmax_snp_nonsingleton	7	7	0	1	6	bgs	V1_c1	3	10	2
lfmm_snp	12	11	1	2	9	bgs	V1_c1	3	10	2
emmax_snp	0	0	0	0	0	bgs	V1_c1	4	1	1
emmax_snp_nonsingleton	0	0	0	0	0	bgs	V1_c1	4	1	1
lfmm_snp	0	0	0	0	0	bgs	V1_c1	4	1	1
emmax_snp	2	2	0	1	1	bgs	V1_c1	4	2	3
emmax_snp_nonsingleton	2	2	0	1	1	bgs	V1_c1	4	2	3
lfmm_snp	2	2	0	1	1	bgs	V1_c1	4	2	3
emmax_snp	0	0	0	0	0	bgs	V1_c1	4	3	2
emmax_snp_nonsingleton	0	0	0	0	0	bgs	V1_c1	4	3	2
lfmm_snp	0	0	0	0	0	bgs	V1_c1	4	3	2
emmax_snp	3	3	0	1	2	bgs	V1_c1	4	4	1
emmax_snp_nonsingleton	3	3	0	1	2	bgs	V1_c1	4	4	1
lfmm_snp	2	2	0	1	1	bgs	V1_c1	4	4	1
emmax_snp	0	0	0	0	0	bgs	V1_c1	4	5	1
emmax_snp_nonsingleton	0	0	0	0	0	bgs	V1_c1	4	5	1
lfmm_snp	0	0	0	0	0	bgs	V1_c1	4	5	1
emmax_snp	0	0	0	0	0	bgs	V1_c1	4	6	1
emmax_snp_nonsingleton	0	0	0	0	0	bgs	V1_c1	4	6	1
lfmm_snp	14	0	14	0	0	bgs	V1_c1	4	6	1
emmax_snp	0	0	0	0	0	bgs	V1_c1	4	7	2
emmax_snp_nonsingleton	0	0	0	0	0	bgs	V1_c1	4	7	2
lfmm_snp	1	1	0	1	0	bgs	V1_c1	4	7	2
emmax_snp	0	0	0	0	0	bgs	V1_c1	4	8	1
emmax_snp_nonsingleton	0	0	0	0	0	bgs	V1_c1	4	8	1
lfmm_snp	0	0	0	0	0	bgs	V1_c1	4	8	1
emmax_snp	0	0	0	0	0	bgs	V1_c1	4	9	2
emmax_snp_nonsingleton	0	0	0	0	0	bgs	V1_c1	4	9	2
lfmm_snp	0	0	0	0	0	bgs	V1_c1	4	9	2
emmax_snp	0	0	0	0	0	bgs	V1_c1	4	10	2
emmax_snp_nonsingleton	0	0	0	0	0	bgs	V1_c1	4	10	2
lfmm_snp	0	0	0	0	0	bgs	V1_c1	4	10	2
emmax_snp	4	4	0	1	3	bgs	V1_c1	5	1	1
emmax_snp_nonsingleton	4	4	0	1	3	bgs	V1_c1	5	1	1
lfmm_snp	10	9	1	1	8	bgs	V1_c1	5	1	1
emmax_snp	40	9	31	1	8	bgs	V1_c1	5	2	1
emmax_snp_nonsingleton	35	9	26	1	8	bgs	V1_c1	5	2	1
lfmm_snp	11	5	6	1	4	bgs	V1_c1	5	2	1
emmax_snp	17	17	0	1	16	bgs	V1_c1	5	3	1
emmax_snp_nonsingleton	17	17	0	1	16	bgs	V1_c1	5	3	1
lfmm_snp	38	30	8	1	29	bgs	V1_c1	5	3	1
emmax_snp	4	4	0	1	3	bgs	V1_c1	5	4	1
emmax_snp_nonsingleton	4	4	0	1	3	bgs	V1_c1	5	4	1
lfmm_snp	4	4	0	1	3	bgs	V1_c1	5	4	1
emmax_snp	212	53	159	1	52	bgs	V1_c1	5	5	2
emmax_snp_nonsingleton	206	53	153	1	52	bgs	V1_c1	5	5	2
lfmm_snp	158	50	108	1	49	bgs	V1_c1	5	5	2
emmax_snp	0	0	0	0	0	bgs	V1_c1	5	6	1
emmax_snp_nonsingleton	0	0	0	0	0	bgs	V1_c1	5	6	1
lfmm_snp	0	0	0	0	0	bgs	V1_c1	5	6	1
emmax_snp	0	0	0	0	0	bgs	V1_c1	5	7	1
emmax_snp_nonsingleton	0	0	0	0	0	bgs	V1_c1	5	7	1
lfmm_snp	1	0	1	0	0	bgs	V1_c1	5	7	1
emmax_snp	90	0	90	0	0	bgs	V1_c1	5	8	1
emmax_snp_nonsingleton	88	0	88	0	0	bgs	V1_c1	5	8	1
lfmm_snp	1	0	1	0	0	bgs	V1_c1	5	8	1
emmax_snp	0	0	0	0	0	bgs	V1_c1	5	9	2
emmax_snp_nonsingleton	0	0	0	0	0	bgs	V1_c1	5	9	2
lfmm_snp	0	0	0	0	0	bgs	V1_c1	5	9	2
emmax_snp	21	20	1	1	19	bgs	V1_c1	5	10	1
emmax_snp_nonsingleton	19	19	0	1	18	bgs	V1_c1	5	10	1
lfmm_snp	61	40	21	1	39	bgs	V1_c1	5	10	1
emmax_snp	0	0	0	0	0	bgs	V1_c1	6	1	1
emmax_snp_nonsingleton	0	0	0	0	0	bgs	V1_c1	6	1	1
lfmm_snp	0	0	0	0	0	bgs	V1_c1	6	1	1
emmax_snp	5	3	2	2	1	bgs	V1_c1	6	2	2
emmax_snp_nonsingleton	5	3	2	2	1	bgs	V1_c1	6	2	2
lfmm_snp	28	12	16	2	10	bgs	V1_c1	6	2	2
emmax_snp	0	0	0	0	0	bgs	V1_c1	6	3	2
emmax_snp_nonsingleton	0	0	0	0	0	bgs	V1_c1	6	3	2
lfmm_snp	28	27	1	1	26	bgs	V1_c1	6	3	2
emmax_snp	6	3	3	1	2	bgs	V1_c1	6	4	2
emmax_snp_nonsingleton	6	3	3	1	2	bgs	V1_c1	6	4	2
lfmm_snp	8	4	4	1	3	bgs	V1_c1	6	4	2
emmax_snp	6	4	2	1	3	bgs	V1_c1	6	5	1
emmax_snp_nonsingleton	4	2	2	1	1	bgs	V1_c1	6	5	1
lfmm_snp	2	2	0	1	1	bgs	V1_c1	6	5	1
emmax_snp	1	0	1	0	0	bgs	V1_c1	6	6	1
emmax_snp_nonsingleton	1	0	1	0	0	bgs	V1_c1	6	6	1
lfmm_snp	1	0	1	0	0	bgs	V1_c1	6	6	1
emmax_snp	3	1	2	1	0	bgs	V1_c1	6	7	1
emmax_snp_nonsingleton	1	0	1	0	0	bgs	V1_c1	6	7	1
lfmm_snp	7	1	6	1	0	bgs	V1_c1	6	7	1
emmax_snp	66	34	32	1	33	bgs	V1_c1	6	8	1
emmax_snp_nonsingleton	65	34	31	1	33	bgs	V1_c1	6	8	1
lfmm_snp	77	38	39	1	37	bgs	V1_c1	6	8	1
emmax_snp	2	2	0	1	1	bgs	V1_c1	6	9	2
emmax_snp_nonsingleton	2	2	0	1	1	bgs	V1_c1	6	9	2
lfmm_snp	2	2	0	1	1	bgs	V1_c1	6	9	2
emmax_snp	0	0	0	0	0	bgs	V1_c1	6	10	1
emmax_snp_nonsingleton	0	0	0	0	0	bgs	V1_c1	6	10	1
lfmm_snp	2	0	2	0	0	bgs	V1_c1	6	10	1
emmax_snp	0	0	0	0	0	bgs	V1_c1	7	1	1
emmax_snp_nonsingleton	0	0	0	0	0	bgs	V1_c1	7	1	1
lfmm_snp	0	0	0	0	0	bgs	V1_c1	7	1	1
emmax_snp	4	4	0	1	3	bgs	V1_c1	7	2	2
emmax_snp_nonsingleton	4	4	0	1	3	bgs	V1_c1	7	2	2
lfmm_snp	10	10	0	1	9	bgs	V1_c1	7	2	2
emmax_snp	12	6	6	1	5	bgs	V1_c1	7	3	2
emmax_snp_nonsingleton	12	6	6	1	5	bgs	V1_c1	7	3	2
lfmm_snp	34	14	20	2	12	bgs	V1_c1	7	3	2
emmax_snp	30	12	18	1	11	bgs	V1_c1	7	4	2
emmax_snp_nonsingleton	28	12	16	1	11	bgs	V1_c1	7	4	2
lfmm_snp	53	15	38	1	14	bgs	V1_c1	7	4	2
emmax_snp	0	0	0	0	0	bgs	V1_c1	7	5	2
emmax_snp_nonsingleton	0	0	0	0	0	bgs	V1_c1	7	5	2
lfmm_snp	7	7	0	1	6	bgs	V1_c1	7	5	2
emmax_snp	172	12	160	2	10	bgs	V1_c1	7	6	2
emmax_snp_nonsingleton	168	12	156	2	10	bgs	V1_c1	7	6	2
lfmm_snp	202	12	190	2	10	bgs	V1_c1	7	6	2
emmax_snp	64	6	58	1	5	bgs	V1_c1	7	7	2
emmax_snp_nonsingleton	64	6	58	1	5	bgs	V1_c1	7	7	2
lfmm_snp	68	9	59	1	8	bgs	V1_c1	7	7	2
emmax_snp	2	2	0	1	1	bgs	V1_c1	7	8	2
emmax_snp_nonsingleton	2	2	0	1	1	bgs	V1_c1	7	8	2
lfmm_snp	3	3	0	1	2	bgs	V1_c1	7	8	2
emmax_snp	0	0	0	0	0	bgs	V1_c1	7	9	1
emmax_snp_nonsingleton	0	0	0	0	0	bgs	V1_c1	7	9	1
lfmm_snp	1	1	0	1	0	bgs	V1_c1	7	9	1
emmax_snp	14	7	7	1	6	bgs	V1_c1	7	10	3
emmax_snp_nonsingleton	11	7	4	1	6	bgs	V1_c1	7	10	3
lfmm_snp	35	11	24	2	9	bgs	V1_c1	7	10	3
emmax_snp	1	1	0	1	0	bgs	V1_c1	8	1	2
emmax_snp_nonsingleton	1	1	0	1	0	bgs	V1_c1	8	1	2
lfmm_snp	5	5	0	2	3	bgs	V1_c1	8	1	2
emmax_snp	12	12	0	1	11	bgs	V1_c1	8	2	2
emmax_snp_nonsingleton	12	12	0	1	11	bgs	V1_c1	8	2	2
lfmm_snp	71	37	34	2	35	bgs	V1_c1	8	2	2
emmax_snp	5	4	1	1	3	bgs	V1_c1	8	3	2
emmax_snp_nonsingleton	5	4	1	1	3	bgs	V1_c1	8	3	2
lfmm_snp	4	4	0	1	3	bgs	V1_c1	8	3	2
emmax_snp	20	20	0	1	19	bgs	V1_c1	8	4	1
emmax_snp_nonsingleton	20	20	0	1	19	bgs	V1_c1	8	4	1
lfmm_snp	28	27	1	1	26	bgs	V1_c1	8	4	1
emmax_snp	1	1	0	1	0	bgs	V1_c1	8	5	2
emmax_snp_nonsingleton	1	1	0	1	0	bgs	V1_c1	8	5	2
lfmm_snp	1	1	0	1	0	bgs	V1_c1	8	5	2
emmax_snp	21	10	11	1	9	bgs	V1_c1	8	6	1
emmax_snp_nonsingleton	19	10	9	1	9	bgs	V1_c1	8	6	1
lfmm_snp	35	10	25	1	9	bgs	V1_c1	8	6	1
emmax_snp	3	3	0	1	2	bgs	V1_c1	8	7	1
emmax_snp_nonsingleton	3	3	0	1	2	bgs	V1_c1	8	7	1
lfmm_snp	4	4	0	1	3	bgs	V1_c1	8	7	1
emmax_snp	0	0	0	0	0	bgs	V1_c1	8	8	1
emmax_snp_nonsingleton	0	0	0	0	0	bgs	V1_c1	8	8	1
lfmm_snp	0	0	0	0	0	bgs	V1_c1	8	8	1
emmax_snp	1	1	0	1	0	bgs	V1_c1	8	9	1
emmax_snp_nonsingleton	1	1	0	1	0	bgs	V1_c1	8	9	1
lfmm_snp	1	1	0	1	0	bgs	V1_c1	8	9	1
emmax_snp	24	17	7	2	15	bgs	V1_c1	8	10	2
emmax_snp_nonsingleton	23	16	7	2	14	bgs	V1_c1	8	10	2
lfmm_snp	38	21	17	2	19	bgs	V1_c1	8	10	2
emmax_snp	43	18	25	1	17	bgs	V1_c1	9	1	1
emmax_snp_nonsingleton	43	18	25	1	17	bgs	V1_c1	9	1	1
lfmm_snp	27	13	14	1	12	bgs	V1_c1	9	1	1
emmax_snp	1	1	0	1	0	bgs	V1_c1	9	2	2
emmax_snp_nonsingleton	1	1	0	1	0	bgs	V1_c1	9	2	2
lfmm_snp	2	1	1	1	0	bgs	V1_c1	9	2	2
emmax_snp	13	10	3	2	8	bgs	V1_c1	9	3	3
emmax_snp_nonsingleton	13	10	3	2	8	bgs	V1_c1	9	3	3
lfmm_snp	61	32	29	3	29	bgs	V1_c1	9	3	3
emmax_snp	5	5	0	1	4	bgs	V1_c1	9	4	1
emmax_snp_nonsingleton	5	5	0	1	4	bgs	V1_c1	9	4	1
lfmm_snp	9	9	0	1	8	bgs	V1_c1	9	4	1
emmax_snp	10	9	1	2	7	bgs	V1_c1	9	5	2
emmax_snp_nonsingleton	9	9	0	2	7	bgs	V1_c1	9	5	2
lfmm_snp	14	13	1	2	11	bgs	V1_c1	9	5	2
emmax_snp	5	4	1	1	3	bgs	V1_c1	9	6	1
emmax_snp_nonsingleton	5	4	1	1	3	bgs	V1_c1	9	6	1
lfmm_snp	4	4	0	1	3	bgs	V1_c1	9	6	1
emmax_snp	20	7	13	1	6	bgs	V1_c1	9	7	1
emmax_snp_nonsingleton	17	6	11	1	5	bgs	V1_c1	9	7	1
lfmm_snp	48	23	25	1	22	bgs	V1_c1	9	7	1
emmax_snp	1	1	0	1	0	bgs	V1_c1	9	8	2
emmax_snp_nonsingleton	0	0	0	0	0	bgs	V1_c1	9	8	2
lfmm_snp	2	1	1	1	0	bgs	V1_c1	9	8	2
emmax_snp	0	0	0	0	0	bgs	V1_c1	9	9	2
emmax_snp_nonsingleton	0	0	0	0	0	bgs	V1_c1	9	9	2
lfmm_snp	1	1	0	1	0	bgs	V1_c1	9	9	2
emmax_snp	19	14	5	1	13	bgs	V1_c1	9	10	2
emmax_snp_nonsingleton	17	13	4	1	12	bgs	V1_c1	9	10	2
lfmm_snp	37	14	23	1	13	bgs	V1_c1	9	10	2
emmax_snp	1	0	1	0	0	bgs	V1_c1	10	1	2
emmax_snp_nonsingleton	1	0	1	0	0	bgs	V1_c1	10	1	2
lfmm_snp	0	0	0	0	0	bgs	V1_c1	10	1	2
emmax_snp	0	0	0	0	0	bgs	V1_c1	10	2	1
emmax_snp_nonsingleton	0	0	0	0	0	bgs	V1_c1	10	2	1
lfmm_snp	6	5	1	1	4	bgs	V1_c1	10	2	1
emmax_snp	14	14	0	1	13	bgs	V1_c1	10	3	1
emmax_snp_nonsingleton	14	14	0	1	13	bgs	V1_c1	10	3	1
lfmm_snp	15	15	0	1	14	bgs	V1_c1	10	3	1
emmax_snp	4	4	0	1	3	bgs	V1_c1	10	4	2
emmax_snp_nonsingleton	4	4	0	1	3	bgs	V1_c1	10	4	2
lfmm_snp	4	4	0	1	3	bgs	V1_c1	10	4	2
emmax_snp	7	7	0	1	6	bgs	V1_c1	10	5	1
emmax_snp_nonsingleton	7	7	0	1	6	bgs	V1_c1	10	5	1
lfmm_snp	5	5	0	1	4	bgs	V1_c1	10	5	1
emmax_snp	1	1	0	1	0	bgs	V1_c1	10	6	1
emmax_snp_nonsingleton	1	1	0	1	0	bgs	V1_c1	10	6	1
lfmm_snp	1	1	0	1	0	bgs	V1_c1	10	6	1
emmax_snp	27	26	1	1	25	bgs	V1_c1	10	7	1
emmax_snp_nonsingleton	26	25	1	1	24	bgs	V1_c1	10	7	1
lfmm_snp	32	32	0	1	31	bgs	V1_c1	10	7	1
emmax_snp	22	17	5	1	16	bgs	V1_c1	10	8	1
emmax_snp_nonsingleton	22	17	5	1	16	bgs	V1_c1	10	8	1
lfmm_snp	43	19	24	1	18	bgs	V1_c1	10	8	1
emmax_snp	3	2	1	1	1	bgs	V1_c1	10	9	2
emmax_snp_nonsingleton	2	2	0	1	1	bgs	V1_c1	10	9	2
lfmm_snp	2	2	0	1	1	bgs	V1_c1	10	9	2
emmax_snp	5	5	0	1	4	bgs	V1_c1	10	10	1
emmax_snp_nonsingleton	3	3	0	1	2	bgs	V1_c1	10	10	1
lfmm_snp	19	11	8	1	10	bgs	V1_c1	10	10	1
emmax_snp	2	1	1	1	0	bgs	V1_c1.5	1	1	2
emmax_snp_nonsingleton	1	1	0	1	0	bgs	V1_c1.5	1	1	2
lfmm_snp	1	1	0	1	0	bgs	V1_c1.5	1	1	2
emmax_snp	8	0	8	0	0	bgs	V1_c1.5	1	2	1
emmax_snp_nonsingleton	8	0	8	0	0	bgs	V1_c1.5	1	2	1
lfmm_snp	3	0	3	0	0	bgs	V1_c1.5	1	2	1
emmax_snp	15	7	8	1	6	bgs	V1_c1.5	1	3	3
emmax_snp_nonsingleton	15	7	8	1	6	bgs	V1_c1.5	1	3	3
lfmm_snp	8	4	4	1	3	bgs	V1_c1.5	1	3	3
emmax_snp	0	0	0	0	0	bgs	V1_c1.5	1	4	2
emmax_snp_nonsingleton	0	0	0	0	0	bgs	V1_c1.5	1	4	2
lfmm_snp	17	4	13	1	3	bgs	V1_c1.5	1	4	2
emmax_snp	9	0	9	0	0	bgs	V1_c1.5	1	5	1
emmax_snp_nonsingleton	9	0	9	0	0	bgs	V1_c1.5	1	5	1
lfmm_snp	14	0	14	0	0	bgs	V1_c1.5	1	5	1
emmax_snp	88	0	88	0	0	bgs	V1_c1.5	1	6	1
emmax_snp_nonsingleton	86	0	86	0	0	bgs	V1_c1.5	1	6	1
lfmm_snp	140	0	140	0	0	bgs	V1_c1.5	1	6	1
emmax_snp	1	0	1	0	0	bgs	V1_c1.5	1	7	2
emmax_snp_nonsingleton	1	0	1	0	0	bgs	V1_c1.5	1	7	2
lfmm_snp	26	8	18	1	7	bgs	V1_c1.5	1	7	2
emmax_snp	0	0	0	0	0	bgs	V1_c1.5	1	8	1
emmax_snp_nonsingleton	0	0	0	0	0	bgs	V1_c1.5	1	8	1
lfmm_snp	0	0	0	0	0	bgs	V1_c1.5	1	8	1
emmax_snp	0	0	0	0	0	bgs	V1_c1.5	1	9	2
emmax_snp_nonsingleton	0	0	0	0	0	bgs	V1_c1.5	1	9	2
lfmm_snp	0	0	0	0	0	bgs	V1_c1.5	1	9	2
emmax_snp	39	3	36	1	2	bgs	V1_c1.5	1	10	2
emmax_snp_nonsingleton	39	3	36	1	2	bgs	V1_c1.5	1	10	2
lfmm_snp	54	3	51	1	2	bgs	V1_c1.5	1	10	2
emmax_snp	1	1	0	1	0	bgs	V1_c1.5	2	1	3
emmax_snp_nonsingleton	1	1	0	1	0	bgs	V1_c1.5	2	1	3
lfmm_snp	1	1	0	1	0	bgs	V1_c1.5	2	1	3
emmax_snp	3	0	3	0	0	bgs	V1_c1.5	2	2	4
emmax_snp_nonsingleton	3	0	3	0	0	bgs	V1_c1.5	2	2	4
lfmm_snp	14	0	14	0	0	bgs	V1_c1.5	2	2	4
emmax_snp	4	0	4	0	0	bgs	V1_c1.5	2	3	4
emmax_snp_nonsingleton	4	0	4	0	0	bgs	V1_c1.5	2	3	4
lfmm_snp	7	0	7	0	0	bgs	V1_c1.5	2	3	4
emmax_snp	0	0	0	0	0	bgs	V1_c1.5	2	4	4
emmax_snp_nonsingleton	0	0	0	0	0	bgs	V1_c1.5	2	4	4
lfmm_snp	1	1	0	1	0	bgs	V1_c1.5	2	4	4
emmax_snp	41	0	41	0	0	bgs	V1_c1.5	2	5	3
emmax_snp_nonsingleton	41	0	41	0	0	bgs	V1_c1.5	2	5	3
lfmm_snp	30	2	28	2	0	bgs	V1_c1.5	2	5	3
emmax_snp	42	0	42	0	0	bgs	V1_c1.5	2	6	4
emmax_snp_nonsingleton	40	0	40	0	0	bgs	V1_c1.5	2	6	4
lfmm_snp	86	0	86	0	0	bgs	V1_c1.5	2	6	4
emmax_snp	9	7	2	2	5	bgs	V1_c1.5	2	7	4
emmax_snp_nonsingleton	7	6	1	1	5	bgs	V1_c1.5	2	7	4
lfmm_snp	38	10	28	2	8	bgs	V1_c1.5	2	7	4
emmax_snp	6	0	6	0	0	bgs	V1_c1.5	2	8	4
emmax_snp_nonsingleton	6	0	6	0	0	bgs	V1_c1.5	2	8	4
lfmm_snp	2	0	2	0	0	bgs	V1_c1.5	2	8	4
emmax_snp	0	0	0	0	0	bgs	V1_c1.5	2	9	4
emmax_snp_nonsingleton	0	0	0	0	0	bgs	V1_c1.5	2	9	4
lfmm_snp	6	3	3	2	1	bgs	V1_c1.5	2	9	4
emmax_snp	0	0	0	0	0	bgs	V1_c1.5	2	10	2
emmax_snp_nonsingleton	0	0	0	0	0	bgs	V1_c1.5	2	10	2
lfmm_snp	0	0	0	0	0	bgs	V1_c1.5	2	10	2
emmax_snp	1	1	0	1	0	bgs	V1_c1.5	3	1	3
emmax_snp_nonsingleton	1	1	0	1	0	bgs	V1_c1.5	3	1	3
lfmm_snp	2	2	0	1	1	bgs	V1_c1.5	3	1	3
emmax_snp	1	0	1	0	0	bgs	V1_c1.5	3	2	2
emmax_snp_nonsingleton	1	0	1	0	0	bgs	V1_c1.5	3	2	2
lfmm_snp	3	0	3	0	0	bgs	V1_c1.5	3	2	2
emmax_snp	0	0	0	0	0	bgs	V1_c1.5	3	3	2
emmax_snp_nonsingleton	0	0	0	0	0	bgs	V1_c1.5	3	3	2
lfmm_snp	3	0	3	0	0	bgs	V1_c1.5	3	3	2
emmax_snp	0	0	0	0	0	bgs	V1_c1.5	3	4	2
emmax_snp_nonsingleton	0	0	0	0	0	bgs	V1_c1.5	3	4	2
lfmm_snp	0	0	0	0	0	bgs	V1_c1.5	3	4	2
emmax_snp	29	15	14	1	14	bgs	V1_c1.5	3	5	4
emmax_snp_nonsingleton	26	15	11	1	14	bgs	V1_c1.5	3	5	4
lfmm_snp	2	2	0	1	1	bgs	V1_c1.5	3	5	4
emmax_snp	1	0	1	0	0	bgs	V1_c1.5	3	6	2
emmax_snp_nonsingleton	1	0	1	0	0	bgs	V1_c1.5	3	6	2
lfmm_snp	127	0	127	0	0	bgs	V1_c1.5	3	6	2
emmax_snp	2	0	2	0	0	bgs	V1_c1.5	3	7	3
emmax_snp_nonsingleton	2	0	2	0	0	bgs	V1_c1.5	3	7	3
lfmm_snp	19	2	17	1	1	bgs	V1_c1.5	3	7	3
emmax_snp	11	1	10	1	0	bgs	V1_c1.5	3	8	4
emmax_snp_nonsingleton	10	1	9	1	0	bgs	V1_c1.5	3	8	4
lfmm_snp	10	1	9	1	0	bgs	V1_c1.5	3	8	4
emmax_snp	3	0	3	0	0	bgs	V1_c1.5	3	9	3
emmax_snp_nonsingleton	3	0	3	0	0	bgs	V1_c1.5	3	9	3
lfmm_snp	41	7	34	1	6	bgs	V1_c1.5	3	9	3
emmax_snp	5	5	0	1	4	bgs	V1_c1.5	3	10	2
emmax_snp_nonsingleton	5	5	0	1	4	bgs	V1_c1.5	3	10	2
lfmm_snp	5	5	0	1	4	bgs	V1_c1.5	3	10	2
emmax_snp	0	0	0	0	0	bgs	V1_c1.5	4	1	2
emmax_snp_nonsingleton	0	0	0	0	0	bgs	V1_c1.5	4	1	2
lfmm_snp	2	0	2	0	0	bgs	V1_c1.5	4	1	2
emmax_snp	30	3	27	1	2	bgs	V1_c1.5	4	2	2
emmax_snp_nonsingleton	29	3	26	1	2	bgs	V1_c1.5	4	2	2
lfmm_snp	39	3	36	1	2	bgs	V1_c1.5	4	2	2
emmax_snp	15	0	15	0	0	bgs	V1_c1.5	4	3	4
emmax_snp_nonsingleton	15	0	15	0	0	bgs	V1_c1.5	4	3	4
lfmm_snp	0	0	0	0	0	bgs	V1_c1.5	4	3	4
emmax_snp	2	0	2	0	0	bgs	V1_c1.5	4	4	2
emmax_snp_nonsingleton	2	0	2	0	0	bgs	V1_c1.5	4	4	2
lfmm_snp	3	0	3	0	0	bgs	V1_c1.5	4	4	2
emmax_snp	14	0	14	0	0	bgs	V1_c1.5	4	5	3
emmax_snp_nonsingleton	14	0	14	0	0	bgs	V1_c1.5	4	5	3
lfmm_snp	12	0	12	0	0	bgs	V1_c1.5	4	5	3
emmax_snp	17	3	14	1	2	bgs	V1_c1.5	4	6	2
emmax_snp_nonsingleton	17	3	14	1	2	bgs	V1_c1.5	4	6	2
lfmm_snp	27	3	24	1	2	bgs	V1_c1.5	4	6	2
emmax_snp	2	1	1	1	0	bgs	V1_c1.5	4	7	2
emmax_snp_nonsingleton	1	1	0	1	0	bgs	V1_c1.5	4	7	2
lfmm_snp	23	2	21	1	1	bgs	V1_c1.5	4	7	2
emmax_snp	21	3	18	1	2	bgs	V1_c1.5	4	8	3
emmax_snp_nonsingleton	21	3	18	1	2	bgs	V1_c1.5	4	8	3
lfmm_snp	142	10	132	1	9	bgs	V1_c1.5	4	8	3
emmax_snp	0	0	0	0	0	bgs	V1_c1.5	4	9	3
emmax_snp_nonsingleton	0	0	0	0	0	bgs	V1_c1.5	4	9	3
lfmm_snp	7	4	3	1	3	bgs	V1_c1.5	4	9	3
emmax_snp	0	0	0	0	0	bgs	V1_c1.5	4	10	1
emmax_snp_nonsingleton	0	0	0	0	0	bgs	V1_c1.5	4	10	1
lfmm_snp	1	0	1	0	0	bgs	V1_c1.5	4	10	1
emmax_snp	0	0	0	0	0	bgs	V1_c1.5	5	1	5
emmax_snp_nonsingleton	0	0	0	0	0	bgs	V1_c1.5	5	1	5
lfmm_snp	70	19	51	3	16	bgs	V1_c1.5	5	1	5
emmax_snp	0	0	0	0	0	bgs	V1_c1.5	5	2	3
emmax_snp_nonsingleton	0	0	0	0	0	bgs	V1_c1.5	5	2	3
lfmm_snp	17	0	17	0	0	bgs	V1_c1.5	5	2	3
emmax_snp	12	0	12	0	0	bgs	V1_c1.5	5	3	4
emmax_snp_nonsingleton	12	0	12	0	0	bgs	V1_c1.5	5	3	4
lfmm_snp	139	28	111	2	26	bgs	V1_c1.5	5	3	4
emmax_snp	1	0	1	0	0	bgs	V1_c1.5	5	4	3
emmax_snp_nonsingleton	1	0	1	0	0	bgs	V1_c1.5	5	4	3
lfmm_snp	2	0	2	0	0	bgs	V1_c1.5	5	4	3
emmax_snp	4	0	4	0	0	bgs	V1_c1.5	5	5	3
emmax_snp_nonsingleton	4	0	4	0	0	bgs	V1_c1.5	5	5	3
lfmm_snp	2	0	2	0	0	bgs	V1_c1.5	5	5	3
emmax_snp	7	0	7	0	0	bgs	V1_c1.5	5	6	4
emmax_snp_nonsingleton	7	0	7	0	0	bgs	V1_c1.5	5	6	4
lfmm_snp	52	2	50	2	0	bgs	V1_c1.5	5	6	4
emmax_snp	0	0	0	0	0	bgs	V1_c1.5	5	7	3
emmax_snp_nonsingleton	0	0	0	0	0	bgs	V1_c1.5	5	7	3
lfmm_snp	0	0	0	0	0	bgs	V1_c1.5	5	7	3
emmax_snp	6	0	6	0	0	bgs	V1_c1.5	5	8	3
emmax_snp_nonsingleton	6	0	6	0	0	bgs	V1_c1.5	5	8	3
lfmm_snp	4	0	4	0	0	bgs	V1_c1.5	5	8	3
emmax_snp	0	0	0	0	0	bgs	V1_c1.5	5	9	2
emmax_snp_nonsingleton	0	0	0	0	0	bgs	V1_c1.5	5	9	2
lfmm_snp	0	0	0	0	0	bgs	V1_c1.5	5	9	2
emmax_snp	0	0	0	0	0	bgs	V1_c1.5	5	10	5
emmax_snp_nonsingleton	0	0	0	0	0	bgs	V1_c1.5	5	10	5
lfmm_snp	0	0	0	0	0	bgs	V1_c1.5	5	10	5
emmax_snp	0	0	0	0	0	bgs	V1_c1.5	6	1	2
emmax_snp_nonsingleton	0	0	0	0	0	bgs	V1_c1.5	6	1	2
lfmm_snp	0	0	0	0	0	bgs	V1_c1.5	6	1	2
emmax_snp	66	19	47	1	18	bgs	V1_c1.5	6	2	4
emmax_snp_nonsingleton	65	19	46	1	18	bgs	V1_c1.5	6	2	4
lfmm_snp	80	24	56	1	23	bgs	V1_c1.5	6	2	4
emmax_snp	0	0	0	0	0	bgs	V1_c1.5	6	3	2
emmax_snp_nonsingleton	0	0	0	0	0	bgs	V1_c1.5	6	3	2
lfmm_snp	0	0	0	0	0	bgs	V1_c1.5	6	3	2
emmax_snp	0	0	0	0	0	bgs	V1_c1.5	6	4	1
emmax_snp_nonsingleton	0	0	0	0	0	bgs	V1_c1.5	6	4	1
lfmm_snp	0	0	0	0	0	bgs	V1_c1.5	6	4	1
emmax_snp	3	0	3	0	0	bgs	V1_c1.5	6	5	2
emmax_snp_nonsingleton	3	0	3	0	0	bgs	V1_c1.5	6	5	2
lfmm_snp	2	0	2	0	0	bgs	V1_c1.5	6	5	2
emmax_snp	32	8	24	1	7	bgs	V1_c1.5	6	6	2
emmax_snp_nonsingleton	31	8	23	1	7	bgs	V1_c1.5	6	6	2
lfmm_snp	83	14	69	1	13	bgs	V1_c1.5	6	6	2
emmax_snp	1	0	1	0	0	bgs	V1_c1.5	6	7	3
emmax_snp_nonsingleton	1	0	1	0	0	bgs	V1_c1.5	6	7	3
lfmm_snp	14	3	11	1	2	bgs	V1_c1.5	6	7	3
emmax_snp	53	10	43	1	9	bgs	V1_c1.5	6	8	3
emmax_snp_nonsingleton	50	10	40	1	9	bgs	V1_c1.5	6	8	3
lfmm_snp	54	10	44	1	9	bgs	V1_c1.5	6	8	3
emmax_snp	0	0	0	0	0	bgs	V1_c1.5	6	9	3
emmax_snp_nonsingleton	0	0	0	0	0	bgs	V1_c1.5	6	9	3
lfmm_snp	1	0	1	0	0	bgs	V1_c1.5	6	9	3
emmax_snp	2	0	2	0	0	bgs	V1_c1.5	6	10	2
emmax_snp_nonsingleton	2	0	2	0	0	bgs	V1_c1.5	6	10	2
lfmm_snp	7	1	6	1	0	bgs	V1_c1.5	6	10	2
emmax_snp	0	0	0	0	0	bgs	V1_c1.5	7	1	2
emmax_snp_nonsingleton	0	0	0	0	0	bgs	V1_c1.5	7	1	2
lfmm_snp	12	1	11	1	0	bgs	V1_c1.5	7	1	2
emmax_snp	7	0	7	0	0	bgs	V1_c1.5	7	2	1
emmax_snp_nonsingleton	5	0	5	0	0	bgs	V1_c1.5	7	2	1
lfmm_snp	13	0	13	0	0	bgs	V1_c1.5	7	2	1
emmax_snp	1	0	1	0	0	bgs	V1_c1.5	7	3	2
emmax_snp_nonsingleton	1	0	1	0	0	bgs	V1_c1.5	7	3	2
lfmm_snp	2	0	2	0	0	bgs	V1_c1.5	7	3	2
emmax_snp	0	0	0	0	0	bgs	V1_c1.5	7	4	2
emmax_snp_nonsingleton	0	0	0	0	0	bgs	V1_c1.5	7	4	2
lfmm_snp	0	0	0	0	0	bgs	V1_c1.5	7	4	2
emmax_snp	1	0	1	0	0	bgs	V1_c1.5	7	5	1
emmax_snp_nonsingleton	0	0	0	0	0	bgs	V1_c1.5	7	5	1
lfmm_snp	0	0	0	0	0	bgs	V1_c1.5	7	5	1
emmax_snp	27	0	27	0	0	bgs	V1_c1.5	7	6	2
emmax_snp_nonsingleton	27	0	27	0	0	bgs	V1_c1.5	7	6	2
lfmm_snp	68	0	68	0	0	bgs	V1_c1.5	7	6	2
emmax_snp	22	0	22	0	0	bgs	V1_c1.5	7	7	1
emmax_snp_nonsingleton	19	0	19	0	0	bgs	V1_c1.5	7	7	1
lfmm_snp	0	0	0	0	0	bgs	V1_c1.5	7	7	1
emmax_snp	77	0	77	0	0	bgs	V1_c1.5	7	8	2
emmax_snp_nonsingleton	76	0	76	0	0	bgs	V1_c1.5	7	8	2
lfmm_snp	8	1	7	1	0	bgs	V1_c1.5	7	8	2
emmax_snp	49	29	20	1	28	bgs	V1_c1.5	7	9	2
emmax_snp_nonsingleton	46	29	17	1	28	bgs	V1_c1.5	7	9	2
lfmm_snp	47	15	32	2	13	bgs	V1_c1.5	7	9	2
emmax_snp	2	0	2	0	0	bgs	V1_c1.5	7	10	1
emmax_snp_nonsingleton	1	0	1	0	0	bgs	V1_c1.5	7	10	1
lfmm_snp	1	0	1	0	0	bgs	V1_c1.5	7	10	1
emmax_snp	1	0	1	0	0	bgs	V1_c1.5	8	1	4
emmax_snp_nonsingleton	1	0	1	0	0	bgs	V1_c1.5	8	1	4
lfmm_snp	0	0	0	0	0	bgs	V1_c1.5	8	1	4
emmax_snp	137	12	125	1	11	bgs	V1_c1.5	8	2	4
emmax_snp_nonsingleton	134	12	122	1	11	bgs	V1_c1.5	8	2	4
lfmm_snp	45	12	33	1	11	bgs	V1_c1.5	8	2	4
emmax_snp	0	0	0	0	0	bgs	V1_c1.5	8	3	2
emmax_snp_nonsingleton	0	0	0	0	0	bgs	V1_c1.5	8	3	2
lfmm_snp	16	10	6	1	9	bgs	V1_c1.5	8	3	2
emmax_snp	0	0	0	0	0	bgs	V1_c1.5	8	4	2
emmax_snp_nonsingleton	0	0	0	0	0	bgs	V1_c1.5	8	4	2
lfmm_snp	2	0	2	0	0	bgs	V1_c1.5	8	4	2
emmax_snp	0	0	0	0	0	bgs	V1_c1.5	8	5	2
emmax_snp_nonsingleton	0	0	0	0	0	bgs	V1_c1.5	8	5	2
lfmm_snp	1	0	1	0	0	bgs	V1_c1.5	8	5	2
emmax_snp	5	0	5	0	0	bgs	V1_c1.5	8	6	3
emmax_snp_nonsingleton	4	0	4	0	0	bgs	V1_c1.5	8	6	3
lfmm_snp	23	0	23	0	0	bgs	V1_c1.5	8	6	3
emmax_snp	58	18	40	1	17	bgs	V1_c1.5	8	7	3
emmax_snp_nonsingleton	56	18	38	1	17	bgs	V1_c1.5	8	7	3
lfmm_snp	42	17	25	1	16	bgs	V1_c1.5	8	7	3
emmax_snp	5	0	5	0	0	bgs	V1_c1.5	8	8	2
emmax_snp_nonsingleton	4	0	4	0	0	bgs	V1_c1.5	8	8	2
lfmm_snp	15	0	15	0	0	bgs	V1_c1.5	8	8	2
emmax_snp	0	0	0	0	0	bgs	V1_c1.5	8	9	2
emmax_snp_nonsingleton	0	0	0	0	0	bgs	V1_c1.5	8	9	2
lfmm_snp	0	0	0	0	0	bgs	V1_c1.5	8	9	2
emmax_snp	27	0	27	0	0	bgs	V1_c1.5	8	10	2
emmax_snp_nonsingleton	25	0	25	0	0	bgs	V1_c1.5	8	10	2
lfmm_snp	26	0	26	0	0	bgs	V1_c1.5	8	10	2
emmax_snp	0	0	0	0	0	bgs	V1_c1.5	9	1	4
emmax_snp_nonsingleton	0	0	0	0	0	bgs	V1_c1.5	9	1	4
lfmm_snp	0	0	0	0	0	bgs	V1_c1.5	9	1	4
emmax_snp	16	2	14	1	1	bgs	V1_c1.5	9	2	3
emmax_snp_nonsingleton	15	2	13	1	1	bgs	V1_c1.5	9	2	3
lfmm_snp	14	11	3	1	10	bgs	V1_c1.5	9	2	3
emmax_snp	0	0	0	0	0	bgs	V1_c1.5	9	3	4
emmax_snp_nonsingleton	0	0	0	0	0	bgs	V1_c1.5	9	3	4
lfmm_snp	2	1	1	1	0	bgs	V1_c1.5	9	3	4
emmax_snp	0	0	0	0	0	bgs	V1_c1.5	9	4	1
emmax_snp_nonsingleton	0	0	0	0	0	bgs	V1_c1.5	9	4	1
lfmm_snp	3	0	3	0	0	bgs	V1_c1.5	9	4	1
emmax_snp	4	0	4	0	0	bgs	V1_c1.5	9	5	3
emmax_snp_nonsingleton	4	0	4	0	0	bgs	V1_c1.5	9	5	3
lfmm_snp	0	0	0	0	0	bgs	V1_c1.5	9	5	3
emmax_snp	9	0	9	0	0	bgs	V1_c1.5	9	6	2
emmax_snp_nonsingleton	8	0	8	0	0	bgs	V1_c1.5	9	6	2
lfmm_snp	52	2	50	1	1	bgs	V1_c1.5	9	6	2
emmax_snp	1	0	1	0	0	bgs	V1_c1.5	9	7	3
emmax_snp_nonsingleton	1	0	1	0	0	bgs	V1_c1.5	9	7	3
lfmm_snp	9	2	7	1	1	bgs	V1_c1.5	9	7	3
emmax_snp	0	0	0	0	0	bgs	V1_c1.5	9	8	2
emmax_snp_nonsingleton	0	0	0	0	0	bgs	V1_c1.5	9	8	2
lfmm_snp	8	7	1	1	6	bgs	V1_c1.5	9	8	2
emmax_snp	0	0	0	0	0	bgs	V1_c1.5	9	9	2
emmax_snp_nonsingleton	0	0	0	0	0	bgs	V1_c1.5	9	9	2
lfmm_snp	5	3	2	1	2	bgs	V1_c1.5	9	9	2
emmax_snp	0	0	0	0	0	bgs	V1_c1.5	9	10	1
emmax_snp_nonsingleton	0	0	0	0	0	bgs	V1_c1.5	9	10	1
lfmm_snp	1	0	1	0	0	bgs	V1_c1.5	9	10	1
emmax_snp	7	4	3	1	3	bgs	V1_c1.5	10	1	3
emmax_snp_nonsingleton	7	4	3	1	3	bgs	V1_c1.5	10	1	3
lfmm_snp	7	4	3	1	3	bgs	V1_c1.5	10	1	3
emmax_snp	20	0	20	0	0	bgs	V1_c1.5	10	2	2
emmax_snp_nonsingleton	19	0	19	0	0	bgs	V1_c1.5	10	2	2
lfmm_snp	22	0	22	0	0	bgs	V1_c1.5	10	2	2
emmax_snp	1	0	1	0	0	bgs	V1_c1.5	10	3	2
emmax_snp_nonsingleton	1	0	1	0	0	bgs	V1_c1.5	10	3	2
lfmm_snp	2	0	2	0	0	bgs	V1_c1.5	10	3	2
emmax_snp	0	0	0	0	0	bgs	V1_c1.5	10	4	3
emmax_snp_nonsingleton	0	0	0	0	0	bgs	V1_c1.5	10	4	3
lfmm_snp	0	0	0	0	0	bgs	V1_c1.5	10	4	3
emmax_snp	0	0	0	0	0	bgs	V1_c1.5	10	5	3
emmax_snp_nonsingleton	0	0	0	0	0	bgs	V1_c1.5	10	5	3
lfmm_snp	21	0	21	0	0	bgs	V1_c1.5	10	5	3
emmax_snp	6	0	6	0	0	bgs	V1_c1.5	10	6	2
emmax_snp_nonsingleton	6	0	6	0	0	bgs	V1_c1.5	10	6	2
lfmm_snp	192	1	191	1	0	bgs	V1_c1.5	10	6	2
emmax_snp	0	0	0	0	0	bgs	V1_c1.5	10	7	3
emmax_snp_nonsingleton	0	0	0	0	0	bgs	V1_c1.5	10	7	3
lfmm_snp	4	2	2	1	1	bgs	V1_c1.5	10	7	3
emmax_snp	16	0	16	0	0	bgs	V1_c1.5	10	8	2
emmax_snp_nonsingleton	15	0	15	0	0	bgs	V1_c1.5	10	8	2
lfmm_snp	21	0	21	0	0	bgs	V1_c1.5	10	8	2
emmax_snp	0	0	0	0	0	bgs	V1_c1.5	10	9	3
emmax_snp_nonsingleton	0	0	0	0	0	bgs	V1_c1.5	10	9	3
lfmm_snp	2	0	2	0	0	bgs	V1_c1.5	10	9	3
emmax_snp	0	0	0	0	0	bgs	V1_c1.5	10	10	3
emmax_snp_nonsingleton	0	0	0	0	0	bgs	V1_c1.5	10	10	3
lfmm_snp	0	0	0	0	0	bgs	V1_c1.5	10	10	3
emmax_snp	0	0	0	0	0	bgs	V2_c1	1	1	1
emmax_snp_nonsingleton	0	0	0	0	0	bgs	V2_c1	1	1	1
lfmm_snp	0	0	0	0	0	bgs	V2_c1	1	1	1
emmax_snp	30	15	15	1	14	bgs	V2_c1	1	2	2
emmax_snp_nonsingleton	29	15	14	1	14	bgs	V2_c1	1	2	2
lfmm_snp	27	20	7	1	19	bgs	V2_c1	1	2	2
emmax_snp	3	0	3	0	0	bgs	V2_c1	1	3	0
emmax_snp_nonsingleton	3	0	3	0	0	bgs	V2_c1	1	3	0
lfmm_snp	4	0	4	0	0	bgs	V2_c1	1	3	0
emmax_snp	0	0	0	0	0	bgs	V2_c1	1	4	1
emmax_snp_nonsingleton	0	0	0	0	0	bgs	V2_c1	1	4	1
lfmm_snp	0	0	0	0	0	bgs	V2_c1	1	4	1
emmax_snp	0	0	0	0	0	bgs	V2_c1	1	5	1
emmax_snp_nonsingleton	0	0	0	0	0	bgs	V2_c1	1	5	1
lfmm_snp	0	0	0	0	0	bgs	V2_c1	1	5	1
emmax_snp	0	0	0	0	0	bgs	V2_c1	1	6	1
emmax_snp_nonsingleton	0	0	0	0	0	bgs	V2_c1	1	6	1
lfmm_snp	0	0	0	0	0	bgs	V2_c1	1	6	1
emmax_snp	30	21	9	1	20	bgs	V2_c1	1	7	1
emmax_snp_nonsingleton	30	21	9	1	20	bgs	V2_c1	1	7	1
lfmm_snp	26	19	7	1	18	bgs	V2_c1	1	7	1
emmax_snp	0	0	0	0	0	bgs	V2_c1	1	8	1
emmax_snp_nonsingleton	0	0	0	0	0	bgs	V2_c1	1	8	1
lfmm_snp	0	0	0	0	0	bgs	V2_c1	1	8	1
emmax_snp	0	0	0	0	0	bgs	V2_c1	1	9	1
emmax_snp_nonsingleton	0	0	0	0	0	bgs	V2_c1	1	9	1
lfmm_snp	0	0	0	0	0	bgs	V2_c1	1	9	1
emmax_snp	0	0	0	0	0	bgs	V2_c1	1	10	2
emmax_snp_nonsingleton	0	0	0	0	0	bgs	V2_c1	1	10	2
lfmm_snp	17	3	14	1	2	bgs	V2_c1	1	10	2
emmax_snp	0	0	0	0	0	bgs	V2_c1	2	1	2
emmax_snp_nonsingleton	0	0	0	0	0	bgs	V2_c1	2	1	2
lfmm_snp	0	0	0	0	0	bgs	V2_c1	2	1	2
emmax_snp	9	2	7	1	1	bgs	V2_c1	2	2	1
emmax_snp_nonsingleton	7	2	5	1	1	bgs	V2_c1	2	2	1
lfmm_snp	9	2	7	1	1	bgs	V2_c1	2	2	1
emmax_snp	3	0	3	0	0	bgs	V2_c1	2	3	2
emmax_snp_nonsingleton	3	0	3	0	0	bgs	V2_c1	2	3	2
lfmm_snp	0	0	0	0	0	bgs	V2_c1	2	3	2
emmax_snp	0	0	0	0	0	bgs	V2_c1	2	4	1
emmax_snp_nonsingleton	0	0	0	0	0	bgs	V2_c1	2	4	1
lfmm_snp	0	0	0	0	0	bgs	V2_c1	2	4	1
emmax_snp	0	0	0	0	0	bgs	V2_c1	2	5	1
emmax_snp_nonsingleton	0	0	0	0	0	bgs	V2_c1	2	5	1
lfmm_snp	0	0	0	0	0	bgs	V2_c1	2	5	1
emmax_snp	0	0	0	0	0	bgs	V2_c1	2	6	1
emmax_snp_nonsingleton	0	0	0	0	0	bgs	V2_c1	2	6	1
lfmm_snp	11	1	10	1	0	bgs	V2_c1	2	6	1
emmax_snp	3	0	3	0	0	bgs	V2_c1	2	7	1
emmax_snp_nonsingleton	3	0	3	0	0	bgs	V2_c1	2	7	1
lfmm_snp	6	0	6	0	0	bgs	V2_c1	2	7	1
emmax_snp	0	0	0	0	0	bgs	V2_c1	2	8	1
emmax_snp_nonsingleton	0	0	0	0	0	bgs	V2_c1	2	8	1
lfmm_snp	5	0	5	0	0	bgs	V2_c1	2	8	1
emmax_snp	0	0	0	0	0	bgs	V2_c1	2	9	1
emmax_snp_nonsingleton	0	0	0	0	0	bgs	V2_c1	2	9	1
lfmm_snp	0	0	0	0	0	bgs	V2_c1	2	9	1
emmax_snp	0	0	0	0	0	bgs	V2_c1	2	10	1
emmax_snp_nonsingleton	0	0	0	0	0	bgs	V2_c1	2	10	1
lfmm_snp	1	0	1	0	0	bgs	V2_c1	2	10	1
emmax_snp	0	0	0	0	0	bgs	V2_c1	3	1	2
emmax_snp_nonsingleton	0	0	0	0	0	bgs	V2_c1	3	1	2
lfmm_snp	1	0	1	0	0	bgs	V2_c1	3	1	2
emmax_snp	0	0	0	0	0	bgs	V2_c1	3	2	2
emmax_snp_nonsingleton	0	0	0	0	0	bgs	V2_c1	3	2	2
lfmm_snp	0	0	0	0	0	bgs	V2_c1	3	2	2
emmax_snp	23	21	2	1	20	bgs	V2_c1	3	3	2
emmax_snp_nonsingleton	23	21	2	1	20	bgs	V2_c1	3	3	2
lfmm_snp	32	24	8	1	23	bgs	V2_c1	3	3	2
emmax_snp	0	0	0	0	0	bgs	V2_c1	3	4	3
emmax_snp_nonsingleton	0	0	0	0	0	bgs	V2_c1	3	4	3
lfmm_snp	3	3	0	1	2	bgs	V2_c1	3	4	3
emmax_snp	0	0	0	0	0	bgs	V2_c1	3	5	3
emmax_snp_nonsingleton	0	0	0	0	0	bgs	V2_c1	3	5	3
lfmm_snp	0	0	0	0	0	bgs	V2_c1	3	5	3
emmax_snp	0	0	0	0	0	bgs	V2_c1	3	6	2
emmax_snp_nonsingleton	0	0	0	0	0	bgs	V2_c1	3	6	2
lfmm_snp	10	7	3	1	6	bgs	V2_c1	3	6	2
emmax_snp	1	0	1	0	0	bgs	V2_c1	3	7	2
emmax_snp_nonsingleton	1	0	1	0	0	bgs	V2_c1	3	7	2
lfmm_snp	0	0	0	0	0	bgs	V2_c1	3	7	2
emmax_snp	3	0	3	0	0	bgs	V2_c1	3	8	1
emmax_snp_nonsingleton	3	0	3	0	0	bgs	V2_c1	3	8	1
lfmm_snp	5	3	2	1	2	bgs	V2_c1	3	8	1
emmax_snp	1	0	1	0	0	bgs	V2_c1	3	9	1
emmax_snp_nonsingleton	0	0	0	0	0	bgs	V2_c1	3	9	1
lfmm_snp	1	0	1	0	0	bgs	V2_c1	3	9	1
emmax_snp	0	0	0	0	0	bgs	V2_c1	3	10	1
emmax_snp_nonsingleton	0	0	0	0	0	bgs	V2_c1	3	10	1
lfmm_snp	1	0	1	0	0	bgs	V2_c1	3	10	1
emmax_snp	0	0	0	0	0	bgs	V2_c1	4	1	2
emmax_snp_nonsingleton	0	0	0	0	0	bgs	V2_c1	4	1	2
lfmm_snp	0	0	0	0	0	bgs	V2_c1	4	1	2
emmax_snp	1	0	1	0	0	bgs	V2_c1	4	2	2
emmax_snp_nonsingleton	0	0	0	0	0	bgs	V2_c1	4	2	2
lfmm_snp	0	0	0	0	0	bgs	V2_c1	4	2	2
emmax_snp	3	2	1	1	1	bgs	V2_c1	4	3	1
emmax_snp_nonsingleton	3	2	1	1	1	bgs	V2_c1	4	3	1
lfmm_snp	14	7	7	1	6	bgs	V2_c1	4	3	1
emmax_snp	0	0	0	0	0	bgs	V2_c1	4	4	1
emmax_snp_nonsingleton	0	0	0	0	0	bgs	V2_c1	4	4	1
lfmm_snp	10	1	9	1	0	bgs	V2_c1	4	4	1
emmax_snp	0	0	0	0	0	bgs	V2_c1	4	5	1
emmax_snp_nonsingleton	0	0	0	0	0	bgs	V2_c1	4	5	1
lfmm_snp	0	0	0	0	0	bgs	V2_c1	4	5	1
emmax_snp	1	1	0	1	0	bgs	V2_c1	4	6	1
emmax_snp_nonsingleton	1	1	0	1	0	bgs	V2_c1	4	6	1
lfmm_snp	7	7	0	1	6	bgs	V2_c1	4	6	1
emmax_snp	1	1	0	1	0	bgs	V2_c1	4	7	1
emmax_snp_nonsingleton	0	0	0	0	0	bgs	V2_c1	4	7	1
lfmm_snp	2	1	1	1	0	bgs	V2_c1	4	7	1
emmax_snp	1	0	1	0	0	bgs	V2_c1	4	8	1
emmax_snp_nonsingleton	0	0	0	0	0	bgs	V2_c1	4	8	1
lfmm_snp	1	0	1	0	0	bgs	V2_c1	4	8	1
emmax_snp	0	0	0	0	0	bgs	V2_c1	4	9	1
emmax_snp_nonsingleton	0	0	0	0	0	bgs	V2_c1	4	9	1
lfmm_snp	0	0	0	0	0	bgs	V2_c1	4	9	1
emmax_snp	2	0	2	0	0	bgs	V2_c1	4	10	0
emmax_snp_nonsingleton	2	0	2	0	0	bgs	V2_c1	4	10	0
lfmm_snp	7	0	7	0	0	bgs	V2_c1	4	10	0
emmax_snp	0	0	0	0	0	bgs	V2_c1	5	1	3
emmax_snp_nonsingleton	0	0	0	0	0	bgs	V2_c1	5	1	3
lfmm_snp	60	25	35	1	24	bgs	V2_c1	5	1	3
emmax_snp	19	18	1	1	17	bgs	V2_c1	5	2	1
emmax_snp_nonsingleton	19	18	1	1	17	bgs	V2_c1	5	2	1
lfmm_snp	30	28	2	1	27	bgs	V2_c1	5	2	1
emmax_snp	30	7	23	1	6	bgs	V2_c1	5	3	1
emmax_snp_nonsingleton	29	7	22	1	6	bgs	V2_c1	5	3	1
lfmm_snp	27	7	20	1	6	bgs	V2_c1	5	3	1
emmax_snp	12	12	0	1	11	bgs	V2_c1	5	4	2
emmax_snp_nonsingleton	12	12	0	1	11	bgs	V2_c1	5	4	2
lfmm_snp	27	25	2	1	24	bgs	V2_c1	5	4	2
emmax_snp	0	0	0	0	0	bgs	V2_c1	5	5	1
emmax_snp_nonsingleton	0	0	0	0	0	bgs	V2_c1	5	5	1
lfmm_snp	0	0	0	0	0	bgs	V2_c1	5	5	1
emmax_snp	0	0	0	0	0	bgs	V2_c1	5	6	1
emmax_snp_nonsingleton	0	0	0	0	0	bgs	V2_c1	5	6	1
lfmm_snp	0	0	0	0	0	bgs	V2_c1	5	6	1
emmax_snp	0	0	0	0	0	bgs	V2_c1	5	7	2
emmax_snp_nonsingleton	0	0	0	0	0	bgs	V2_c1	5	7	2
lfmm_snp	0	0	0	0	0	bgs	V2_c1	5	7	2
emmax_snp	15	15	0	1	14	bgs	V2_c1	5	8	1
emmax_snp_nonsingleton	15	15	0	1	14	bgs	V2_c1	5	8	1
lfmm_snp	39	36	3	1	35	bgs	V2_c1	5	8	1
emmax_snp	1	0	1	0	0	bgs	V2_c1	5	9	1
emmax_snp_nonsingleton	0	0	0	0	0	bgs	V2_c1	5	9	1
lfmm_snp	0	0	0	0	0	bgs	V2_c1	5	9	1
emmax_snp	0	0	0	0	0	bgs	V2_c1	5	10	1
emmax_snp_nonsingleton	0	0	0	0	0	bgs	V2_c1	5	10	1
lfmm_snp	0	0	0	0	0	bgs	V2_c1	5	10	1
emmax_snp	0	0	0	0	0	bgs	V2_c1	6	1	1
emmax_snp_nonsingleton	0	0	0	0	0	bgs	V2_c1	6	1	1
lfmm_snp	6	6	0	1	5	bgs	V2_c1	6	1	1
emmax_snp	0	0	0	0	0	bgs	V2_c1	6	2	1
emmax_snp_nonsingleton	0	0	0	0	0	bgs	V2_c1	6	2	1
lfmm_snp	0	0	0	0	0	bgs	V2_c1	6	2	1
emmax_snp	0	0	0	0	0	bgs	V2_c1	6	3	1
emmax_snp_nonsingleton	0	0	0	0	0	bgs	V2_c1	6	3	1
lfmm_snp	1	1	0	1	0	bgs	V2_c1	6	3	1
emmax_snp	0	0	0	0	0	bgs	V2_c1	6	4	0
emmax_snp_nonsingleton	0	0	0	0	0	bgs	V2_c1	6	4	0
lfmm_snp	1	0	1	0	0	bgs	V2_c1	6	4	0
emmax_snp	1	1	0	1	0	bgs	V2_c1	6	5	2
emmax_snp_nonsingleton	1	1	0	1	0	bgs	V2_c1	6	5	2
lfmm_snp	5	5	0	1	4	bgs	V2_c1	6	5	2
emmax_snp	3	0	3	0	0	bgs	V2_c1	6	6	0
emmax_snp_nonsingleton	2	0	2	0	0	bgs	V2_c1	6	6	0
lfmm_snp	3	0	3	0	0	bgs	V2_c1	6	6	0
emmax_snp	1	0	1	0	0	bgs	V2_c1	6	7	2
emmax_snp_nonsingleton	0	0	0	0	0	bgs	V2_c1	6	7	2
lfmm_snp	1	0	1	0	0	bgs	V2_c1	6	7	2
emmax_snp	3	0	3	0	0	bgs	V2_c1	6	8	0
emmax_snp_nonsingleton	1	0	1	0	0	bgs	V2_c1	6	8	0
lfmm_snp	10	0	10	0	0	bgs	V2_c1	6	8	0
emmax_snp	0	0	0	0	0	bgs	V2_c1	6	9	0
emmax_snp_nonsingleton	0	0	0	0	0	bgs	V2_c1	6	9	0
lfmm_snp	0	0	0	0	0	bgs	V2_c1	6	9	0
emmax_snp	0	0	0	0	0	bgs	V2_c1	6	10	1
emmax_snp_nonsingleton	0	0	0	0	0	bgs	V2_c1	6	10	1
lfmm_snp	1	1	0	1	0	bgs	V2_c1	6	10	1
emmax_snp	0	0	0	0	0	bgs	V2_c1	7	1	1
emmax_snp_nonsingleton	0	0	0	0	0	bgs	V2_c1	7	1	1
lfmm_snp	0	0	0	0	0	bgs	V2_c1	7	1	1
emmax_snp	0	0	0	0	0	bgs	V2_c1	7	2	2
emmax_snp_nonsingleton	0	0	0	0	0	bgs	V2_c1	7	2	2
lfmm_snp	0	0	0	0	0	bgs	V2_c1	7	2	2
emmax_snp	29	10	19	2	8	bgs	V2_c1	7	3	2
emmax_snp_nonsingleton	26	10	16	2	8	bgs	V2_c1	7	3	2
lfmm_snp	23	10	13	2	8	bgs	V2_c1	7	3	2
emmax_snp	3	3	0	1	2	bgs	V2_c1	7	4	1
emmax_snp_nonsingleton	3	3	0	1	2	bgs	V2_c1	7	4	1
lfmm_snp	3	3	0	1	2	bgs	V2_c1	7	4	1
emmax_snp	0	0	0	0	0	bgs	V2_c1	7	5	1
emmax_snp_nonsingleton	0	0	0	0	0	bgs	V2_c1	7	5	1
lfmm_snp	0	0	0	0	0	bgs	V2_c1	7	5	1
emmax_snp	6	0	6	0	0	bgs	V2_c1	7	6	1
emmax_snp_nonsingleton	6	0	6	0	0	bgs	V2_c1	7	6	1
lfmm_snp	7	0	7	0	0	bgs	V2_c1	7	6	1
emmax_snp	0	0	0	0	0	bgs	V2_c1	7	7	0
emmax_snp_nonsingleton	0	0	0	0	0	bgs	V2_c1	7	7	0
lfmm_snp	0	0	0	0	0	bgs	V2_c1	7	7	0
emmax_snp	1	1	0	1	0	bgs	V2_c1	7	8	1
emmax_snp_nonsingleton	0	0	0	0	0	bgs	V2_c1	7	8	1
lfmm_snp	15	3	12	1	2	bgs	V2_c1	7	8	1
emmax_snp	0	0	0	0	0	bgs	V2_c1	7	9	1
emmax_snp_nonsingleton	0	0	0	0	0	bgs	V2_c1	7	9	1
lfmm_snp	0	0	0	0	0	bgs	V2_c1	7	9	1
emmax_snp	2	1	1	1	0	bgs	V2_c1	7	10	2
emmax_snp_nonsingleton	1	1	0	1	0	bgs	V2_c1	7	10	2
lfmm_snp	3	1	2	1	0	bgs	V2_c1	7	10	2
emmax_snp	0	0	0	0	0	bgs	V2_c1	8	1	2
emmax_snp_nonsingleton	0	0	0	0	0	bgs	V2_c1	8	1	2
lfmm_snp	0	0	0	0	0	bgs	V2_c1	8	1	2
emmax_snp	0	0	0	0	0	bgs	V2_c1	8	2	2
emmax_snp_nonsingleton	0	0	0	0	0	bgs	V2_c1	8	2	2
lfmm_snp	1	0	1	0	0	bgs	V2_c1	8	2	2
emmax_snp	0	0	0	0	0	bgs	V2_c1	8	3	2
emmax_snp_nonsingleton	0	0	0	0	0	bgs	V2_c1	8	3	2
lfmm_snp	0	0	0	0	0	bgs	V2_c1	8	3	2
emmax_snp	2	2	0	1	1	bgs	V2_c1	8	4	1
emmax_snp_nonsingleton	2	2	0	1	1	bgs	V2_c1	8	4	1
lfmm_snp	4	4	0	1	3	bgs	V2_c1	8	4	1
emmax_snp	3	3	0	1	2	bgs	V2_c1	8	5	1
emmax_snp_nonsingleton	3	3	0	1	2	bgs	V2_c1	8	5	1
lfmm_snp	6	6	0	1	5	bgs	V2_c1	8	5	1
emmax_snp	4	0	4	0	0	bgs	V2_c1	8	6	0
emmax_snp_nonsingleton	3	0	3	0	0	bgs	V2_c1	8	6	0
lfmm_snp	0	0	0	0	0	bgs	V2_c1	8	6	0
emmax_snp	0	0	0	0	0	bgs	V2_c1	8	7	1
emmax_snp_nonsingleton	0	0	0	0	0	bgs	V2_c1	8	7	1
lfmm_snp	0	0	0	0	0	bgs	V2_c1	8	7	1
emmax_snp	1	1	0	1	0	bgs	V2_c1	8	8	1
emmax_snp_nonsingleton	1	1	0	1	0	bgs	V2_c1	8	8	1
lfmm_snp	11	11	0	1	10	bgs	V2_c1	8	8	1
emmax_snp	0	0	0	0	0	bgs	V2_c1	8	9	1
emmax_snp_nonsingleton	0	0	0	0	0	bgs	V2_c1	8	9	1
lfmm_snp	0	0	0	0	0	bgs	V2_c1	8	9	1
emmax_snp	0	0	0	0	0	bgs	V2_c1	8	10	1
emmax_snp_nonsingleton	0	0	0	0	0	bgs	V2_c1	8	10	1
lfmm_snp	0	0	0	0	0	bgs	V2_c1	8	10	1
emmax_snp	0	0	0	0	0	bgs	V2_c1	9	1	2
emmax_snp_nonsingleton	0	0	0	0	0	bgs	V2_c1	9	1	2
lfmm_snp	0	0	0	0	0	bgs	V2_c1	9	1	2
emmax_snp	0	0	0	0	0	bgs	V2_c1	9	2	1
emmax_snp_nonsingleton	0	0	0	0	0	bgs	V2_c1	9	2	1
lfmm_snp	1	1	0	1	0	bgs	V2_c1	9	2	1
emmax_snp	3	2	1	1	1	bgs	V2_c1	9	3	1
emmax_snp_nonsingleton	2	2	0	1	1	bgs	V2_c1	9	3	1
lfmm_snp	2	2	0	1	1	bgs	V2_c1	9	3	1
emmax_snp	53	39	14	1	38	bgs	V2_c1	9	4	1
emmax_snp_nonsingleton	51	38	13	1	37	bgs	V2_c1	9	4	1
lfmm_snp	53	40	13	1	39	bgs	V2_c1	9	4	1
emmax_snp	0	0	0	0	0	bgs	V2_c1	9	5	1
emmax_snp_nonsingleton	0	0	0	0	0	bgs	V2_c1	9	5	1
lfmm_snp	0	0	0	0	0	bgs	V2_c1	9	5	1
emmax_snp	10	4	6	1	3	bgs	V2_c1	9	6	2
emmax_snp_nonsingleton	10	4	6	1	3	bgs	V2_c1	9	6	2
lfmm_snp	12	4	8	1	3	bgs	V2_c1	9	6	2
emmax_snp	0	0	0	0	0	bgs	V2_c1	9	7	2
emmax_snp_nonsingleton	0	0	0	0	0	bgs	V2_c1	9	7	2
lfmm_snp	1	1	0	1	0	bgs	V2_c1	9	7	2
emmax_snp	0	0	0	0	0	bgs	V2_c1	9	8	1
emmax_snp_nonsingleton	0	0	0	0	0	bgs	V2_c1	9	8	1
lfmm_snp	0	0	0	0	0	bgs	V2_c1	9	8	1
emmax_snp	0	0	0	0	0	bgs	V2_c1	9	9	1
emmax_snp_nonsingleton	0	0	0	0	0	bgs	V2_c1	9	9	1
lfmm_snp	0	0	0	0	0	bgs	V2_c1	9	9	1
emmax_snp	0	0	0	0	0	bgs	V2_c1	9	10	1
emmax_snp_nonsingleton	0	0	0	0	0	bgs	V2_c1	9	10	1
lfmm_snp	0	0	0	0	0	bgs	V2_c1	9	10	1
emmax_snp	10	8	2	1	7	bgs	V2_c1	10	1	2
emmax_snp_nonsingleton	10	8	2	1	7	bgs	V2_c1	10	1	2
lfmm_snp	7	6	1	1	5	bgs	V2_c1	10	1	2
emmax_snp	2	0	2	0	0	bgs	V2_c1	10	2	1
emmax_snp_nonsingleton	0	0	0	0	0	bgs	V2_c1	10	2	1
lfmm_snp	15	11	4	1	10	bgs	V2_c1	10	2	1
emmax_snp	45	22	23	1	21	bgs	V2_c1	10	3	1
emmax_snp_nonsingleton	42	22	20	1	21	bgs	V2_c1	10	3	1
lfmm_snp	44	22	22	1	21	bgs	V2_c1	10	3	1
emmax_snp	1	1	0	1	0	bgs	V2_c1	10	4	1
emmax_snp_nonsingleton	0	0	0	0	0	bgs	V2_c1	10	4	1
lfmm_snp	1	1	0	1	0	bgs	V2_c1	10	4	1
emmax_snp	0	0	0	0	0	bgs	V2_c1	10	5	0
emmax_snp_nonsingleton	0	0	0	0	0	bgs	V2_c1	10	5	0
lfmm_snp	0	0	0	0	0	bgs	V2_c1	10	5	0
emmax_snp	7	2	5	1	1	bgs	V2_c1	10	6	1
emmax_snp_nonsingleton	7	2	5	1	1	bgs	V2_c1	10	6	1
lfmm_snp	0	0	0	0	0	bgs	V2_c1	10	6	1
emmax_snp	0	0	0	0	0	bgs	V2_c1	10	7	0
emmax_snp_nonsingleton	0	0	0	0	0	bgs	V2_c1	10	7	0
lfmm_snp	0	0	0	0	0	bgs	V2_c1	10	7	0
emmax_snp	0	0	0	0	0	bgs	V2_c1	10	8	1
emmax_snp_nonsingleton	0	0	0	0	0	bgs	V2_c1	10	8	1
lfmm_snp	0	0	0	0	0	bgs	V2_c1	10	8	1
emmax_snp	11	11	0	1	10	bgs	V2_c1	10	9	1
emmax_snp_nonsingleton	11	11	0	1	10	bgs	V2_c1	10	9	1
lfmm_snp	11	11	0	1	10	bgs	V2_c1	10	9	1
emmax_snp	13	12	1	1	11	bgs	V2_c1	10	10	1
emmax_snp_nonsingleton	12	12	0	1	11	bgs	V2_c1	10	10	1
lfmm_snp	35	28	7	1	27	bgs	V2_c1	10	10	1
emmax_snp	3	0	3	0	0	bgs	V2_c1.5	1	1	1
emmax_snp_nonsingleton	3	0	3	0	0	bgs	V2_c1.5	1	1	1
lfmm_snp	9	6	3	1	5	bgs	V2_c1.5	1	1	1
emmax_snp	20	0	20	0	0	bgs	V2_c1.5	1	2	1
emmax_snp_nonsingleton	19	0	19	0	0	bgs	V2_c1.5	1	2	1
lfmm_snp	139	33	106	1	32	bgs	V2_c1.5	1	2	1
emmax_snp	1	0	1	0	0	bgs	V2_c1.5	1	3	2
emmax_snp_nonsingleton	1	0	1	0	0	bgs	V2_c1.5	1	3	2
lfmm_snp	3	0	3	0	0	bgs	V2_c1.5	1	3	2
emmax_snp	2	0	2	0	0	bgs	V2_c1.5	1	4	2
emmax_snp_nonsingleton	2	0	2	0	0	bgs	V2_c1.5	1	4	2
lfmm_snp	0	0	0	0	0	bgs	V2_c1.5	1	4	2
emmax_snp	0	0	0	0	0	bgs	V2_c1.5	1	5	2
emmax_snp_nonsingleton	0	0	0	0	0	bgs	V2_c1.5	1	5	2
lfmm_snp	21	3	18	1	2	bgs	V2_c1.5	1	5	2
emmax_snp	59	2	57	1	1	bgs	V2_c1.5	1	6	1
emmax_snp_nonsingleton	55	2	53	1	1	bgs	V2_c1.5	1	6	1
lfmm_snp	88	4	84	1	3	bgs	V2_c1.5	1	6	1
emmax_snp	0	0	0	0	0	bgs	V2_c1.5	1	7	1
emmax_snp_nonsingleton	0	0	0	0	0	bgs	V2_c1.5	1	7	1
lfmm_snp	9	0	9	0	0	bgs	V2_c1.5	1	7	1
emmax_snp	19	10	9	1	9	bgs	V2_c1.5	1	8	2
emmax_snp_nonsingleton	18	10	8	1	9	bgs	V2_c1.5	1	8	2
lfmm_snp	27	9	18	1	8	bgs	V2_c1.5	1	8	2
emmax_snp	0	0	0	0	0	bgs	V2_c1.5	1	9	2
emmax_snp_nonsingleton	0	0	0	0	0	bgs	V2_c1.5	1	9	2
lfmm_snp	0	0	0	0	0	bgs	V2_c1.5	1	9	2
emmax_snp	0	0	0	0	0	bgs	V2_c1.5	1	10	1
emmax_snp_nonsingleton	0	0	0	0	0	bgs	V2_c1.5	1	10	1
lfmm_snp	1	0	1	0	0	bgs	V2_c1.5	1	10	1
emmax_snp	1	0	1	0	0	bgs	V2_c1.5	2	1	1
emmax_snp_nonsingleton	1	0	1	0	0	bgs	V2_c1.5	2	1	1
lfmm_snp	10	0	10	0	0	bgs	V2_c1.5	2	1	1
emmax_snp	28	3	25	1	2	bgs	V2_c1.5	2	2	2
emmax_snp_nonsingleton	27	3	24	1	2	bgs	V2_c1.5	2	2	2
lfmm_snp	27	4	23	1	3	bgs	V2_c1.5	2	2	2
emmax_snp	1	1	0	1	0	bgs	V2_c1.5	2	3	2
emmax_snp_nonsingleton	1	1	0	1	0	bgs	V2_c1.5	2	3	2
lfmm_snp	16	8	8	1	7	bgs	V2_c1.5	2	3	2
emmax_snp	1	0	1	0	0	bgs	V2_c1.5	2	4	4
emmax_snp_nonsingleton	1	0	1	0	0	bgs	V2_c1.5	2	4	4
lfmm_snp	1	0	1	0	0	bgs	V2_c1.5	2	4	4
emmax_snp	0	0	0	0	0	bgs	V2_c1.5	2	5	2
emmax_snp_nonsingleton	0	0	0	0	0	bgs	V2_c1.5	2	5	2
lfmm_snp	0	0	0	0	0	bgs	V2_c1.5	2	5	2
emmax_snp	3	0	3	0	0	bgs	V2_c1.5	2	6	2
emmax_snp_nonsingleton	3	0	3	0	0	bgs	V2_c1.5	2	6	2
lfmm_snp	0	0	0	0	0	bgs	V2_c1.5	2	6	2
emmax_snp	1	0	1	0	0	bgs	V2_c1.5	2	7	2
emmax_snp_nonsingleton	1	0	1	0	0	bgs	V2_c1.5	2	7	2
lfmm_snp	3	0	3	0	0	bgs	V2_c1.5	2	7	2
emmax_snp	6	0	6	0	0	bgs	V2_c1.5	2	8	2
emmax_snp_nonsingleton	6	0	6	0	0	bgs	V2_c1.5	2	8	2
lfmm_snp	21	0	21	0	0	bgs	V2_c1.5	2	8	2
emmax_snp	6	0	6	0	0	bgs	V2_c1.5	2	9	2
emmax_snp_nonsingleton	6	0	6	0	0	bgs	V2_c1.5	2	9	2
lfmm_snp	0	0	0	0	0	bgs	V2_c1.5	2	9	2
emmax_snp	0	0	0	0	0	bgs	V2_c1.5	2	10	2
emmax_snp_nonsingleton	0	0	0	0	0	bgs	V2_c1.5	2	10	2
lfmm_snp	7	0	7	0	0	bgs	V2_c1.5	2	10	2
emmax_snp	0	0	0	0	0	bgs	V2_c1.5	3	1	1
emmax_snp_nonsingleton	0	0	0	0	0	bgs	V2_c1.5	3	1	1
lfmm_snp	0	0	0	0	0	bgs	V2_c1.5	3	1	1
emmax_snp	0	0	0	0	0	bgs	V2_c1.5	3	2	0
emmax_snp_nonsingleton	0	0	0	0	0	bgs	V2_c1.5	3	2	0
lfmm_snp	18	0	18	0	0	bgs	V2_c1.5	3	2	0
emmax_snp	0	0	0	0	0	bgs	V2_c1.5	3	3	0
emmax_snp_nonsingleton	0	0	0	0	0	bgs	V2_c1.5	3	3	0
lfmm_snp	0	0	0	0	0	bgs	V2_c1.5	3	3	0
emmax_snp	0	0	0	0	0	bgs	V2_c1.5	3	4	3
emmax_snp_nonsingleton	0	0	0	0	0	bgs	V2_c1.5	3	4	3
lfmm_snp	9	9	0	1	8	bgs	V2_c1.5	3	4	3
emmax_snp	12	0	12	0	0	bgs	V2_c1.5	3	5	2
emmax_snp_nonsingleton	11	0	11	0	0	bgs	V2_c1.5	3	5	2
lfmm_snp	25	0	25	0	0	bgs	V2_c1.5	3	5	2
emmax_snp	40	1	39	1	0	bgs	V2_c1.5	3	6	2
emmax_snp_nonsingleton	39	1	38	1	0	bgs	V2_c1.5	3	6	2
lfmm_snp	56	2	54	1	1	bgs	V2_c1.5	3	6	2
emmax_snp	0	0	0	0	0	bgs	V2_c1.5	3	7	4
emmax_snp_nonsingleton	0	0	0	0	0	bgs	V2_c1.5	3	7	4
lfmm_snp	12	0	12	0	0	bgs	V2_c1.5	3	7	4
emmax_snp	17	0	17	0	0	bgs	V2_c1.5	3	8	2
emmax_snp_nonsingleton	17	0	17	0	0	bgs	V2_c1.5	3	8	2
lfmm_snp	1	0	1	0	0	bgs	V2_c1.5	3	8	2
emmax_snp	0	0	0	0	0	bgs	V2_c1.5	3	9	3
emmax_snp_nonsingleton	0	0	0	0	0	bgs	V2_c1.5	3	9	3
lfmm_snp	1	0	1	0	0	bgs	V2_c1.5	3	9	3
emmax_snp	28	12	16	1	11	bgs	V2_c1.5	3	10	3
emmax_snp_nonsingleton	28	12	16	1	11	bgs	V2_c1.5	3	10	3
lfmm_snp	40	16	24	1	15	bgs	V2_c1.5	3	10	3
emmax_snp	1	0	1	0	0	bgs	V2_c1.5	4	1	2
emmax_snp_nonsingleton	1	0	1	0	0	bgs	V2_c1.5	4	1	2
lfmm_snp	0	0	0	0	0	bgs	V2_c1.5	4	1	2
emmax_snp	0	0	0	0	0	bgs	V2_c1.5	4	2	1
emmax_snp_nonsingleton	0	0	0	0	0	bgs	V2_c1.5	4	2	1
lfmm_snp	0	0	0	0	0	bgs	V2_c1.5	4	2	1
emmax_snp	46	17	29	1	16	bgs	V2_c1.5	4	3	2
emmax_snp_nonsingleton	45	17	28	1	16	bgs	V2_c1.5	4	3	2
lfmm_snp	53	21	32	1	20	bgs	V2_c1.5	4	3	2
emmax_snp	0	0	0	0	0	bgs	V2_c1.5	4	4	1
emmax_snp_nonsingleton	0	0	0	0	0	bgs	V2_c1.5	4	4	1
lfmm_snp	0	0	0	0	0	bgs	V2_c1.5	4	4	1
emmax_snp	33	0	33	0	0	bgs	V2_c1.5	4	5	2
emmax_snp_nonsingleton	33	0	33	0	0	bgs	V2_c1.5	4	5	2
lfmm_snp	24	0	24	0	0	bgs	V2_c1.5	4	5	2
emmax_snp	47	0	47	0	0	bgs	V2_c1.5	4	6	0
emmax_snp_nonsingleton	46	0	46	0	0	bgs	V2_c1.5	4	6	0
lfmm_snp	40	0	40	0	0	bgs	V2_c1.5	4	6	0
emmax_snp	0	0	0	0	0	bgs	V2_c1.5	4	7	1
emmax_snp_nonsingleton	0	0	0	0	0	bgs	V2_c1.5	4	7	1
lfmm_snp	12	0	12	0	0	bgs	V2_c1.5	4	7	1
emmax_snp	0	0	0	0	0	bgs	V2_c1.5	4	8	1
emmax_snp_nonsingleton	0	0	0	0	0	bgs	V2_c1.5	4	8	1
lfmm_snp	1	0	1	0	0	bgs	V2_c1.5	4	8	1
emmax_snp	1	0	1	0	0	bgs	V2_c1.5	4	9	2
emmax_snp_nonsingleton	0	0	0	0	0	bgs	V2_c1.5	4	9	2
lfmm_snp	0	0	0	0	0	bgs	V2_c1.5	4	9	2
emmax_snp	1	0	1	0	0	bgs	V2_c1.5	4	10	1
emmax_snp_nonsingleton	1	0	1	0	0	bgs	V2_c1.5	4	10	1
lfmm_snp	3	0	3	0	0	bgs	V2_c1.5	4	10	1
emmax_snp	0	0	0	0	0	bgs	V2_c1.5	5	1	4
emmax_snp_nonsingleton	0	0	0	0	0	bgs	V2_c1.5	5	1	4
lfmm_snp	0	0	0	0	0	bgs	V2_c1.5	5	1	4
emmax_snp	45	27	18	1	26	bgs	V2_c1.5	5	2	3
emmax_snp_nonsingleton	43	27	16	1	26	bgs	V2_c1.5	5	2	3
lfmm_snp	38	31	7	1	30	bgs	V2_c1.5	5	2	3
emmax_snp	4	0	4	0	0	bgs	V2_c1.5	5	3	1
emmax_snp_nonsingleton	4	0	4	0	0	bgs	V2_c1.5	5	3	1
lfmm_snp	4	0	4	0	0	bgs	V2_c1.5	5	3	1
emmax_snp	0	0	0	0	0	bgs	V2_c1.5	5	4	1
emmax_snp_nonsingleton	0	0	0	0	0	bgs	V2_c1.5	5	4	1
lfmm_snp	0	0	0	0	0	bgs	V2_c1.5	5	4	1
emmax_snp	0	0	0	0	0	bgs	V2_c1.5	5	5	4
emmax_snp_nonsingleton	0	0	0	0	0	bgs	V2_c1.5	5	5	4
lfmm_snp	0	0	0	0	0	bgs	V2_c1.5	5	5	4
emmax_snp	11	0	11	0	0	bgs	V2_c1.5	5	6	2
emmax_snp_nonsingleton	10	0	10	0	0	bgs	V2_c1.5	5	6	2
lfmm_snp	69	1	68	1	0	bgs	V2_c1.5	5	6	2
emmax_snp	0	0	0	0	0	bgs	V2_c1.5	5	7	2
emmax_snp_nonsingleton	0	0	0	0	0	bgs	V2_c1.5	5	7	2
lfmm_snp	9	0	9	0	0	bgs	V2_c1.5	5	7	2
emmax_snp	2	0	2	0	0	bgs	V2_c1.5	5	8	3
emmax_snp_nonsingleton	2	0	2	0	0	bgs	V2_c1.5	5	8	3
lfmm_snp	35	2	33	1	1	bgs	V2_c1.5	5	8	3
emmax_snp	0	0	0	0	0	bgs	V2_c1.5	5	9	2
emmax_snp_nonsingleton	0	0	0	0	0	bgs	V2_c1.5	5	9	2
lfmm_snp	0	0	0	0	0	bgs	V2_c1.5	5	9	2
emmax_snp	0	0	0	0	0	bgs	V2_c1.5	5	10	2
emmax_snp_nonsingleton	0	0	0	0	0	bgs	V2_c1.5	5	10	2
lfmm_snp	11	0	11	0	0	bgs	V2_c1.5	5	10	2
emmax_snp	0	0	0	0	0	bgs	V2_c1.5	6	1	3
emmax_snp_nonsingleton	0	0	0	0	0	bgs	V2_c1.5	6	1	3
lfmm_snp	0	0	0	0	0	bgs	V2_c1.5	6	1	3
emmax_snp	12	0	12	0	0	bgs	V2_c1.5	6	2	3
emmax_snp_nonsingleton	12	0	12	0	0	bgs	V2_c1.5	6	2	3
lfmm_snp	0	0	0	0	0	bgs	V2_c1.5	6	2	3
emmax_snp	13	3	10	1	2	bgs	V2_c1.5	6	3	2
emmax_snp_nonsingleton	13	3	10	1	2	bgs	V2_c1.5	6	3	2
lfmm_snp	11	3	8	1	2	bgs	V2_c1.5	6	3	2
emmax_snp	0	0	0	0	0	bgs	V2_c1.5	6	4	3
emmax_snp_nonsingleton	0	0	0	0	0	bgs	V2_c1.5	6	4	3
lfmm_snp	0	0	0	0	0	bgs	V2_c1.5	6	4	3
emmax_snp	0	0	0	0	0	bgs	V2_c1.5	6	5	3
emmax_snp_nonsingleton	0	0	0	0	0	bgs	V2_c1.5	6	5	3
lfmm_snp	4	0	4	0	0	bgs	V2_c1.5	6	5	3
emmax_snp	15	0	15	0	0	bgs	V2_c1.5	6	6	2
emmax_snp_nonsingleton	15	0	15	0	0	bgs	V2_c1.5	6	6	2
lfmm_snp	14	0	14	0	0	bgs	V2_c1.5	6	6	2
emmax_snp	2	2	0	1	1	bgs	V2_c1.5	6	7	3
emmax_snp_nonsingleton	2	2	0	1	1	bgs	V2_c1.5	6	7	3
lfmm_snp	22	4	18	2	2	bgs	V2_c1.5	6	7	3
emmax_snp	70	0	70	0	0	bgs	V2_c1.5	6	8	3
emmax_snp_nonsingleton	68	0	68	0	0	bgs	V2_c1.5	6	8	3
lfmm_snp	90	3	87	1	2	bgs	V2_c1.5	6	8	3
emmax_snp	0	0	0	0	0	bgs	V2_c1.5	6	9	2
emmax_snp_nonsingleton	0	0	0	0	0	bgs	V2_c1.5	6	9	2
lfmm_snp	0	0	0	0	0	bgs	V2_c1.5	6	9	2
emmax_snp	1	0	1	0	0	bgs	V2_c1.5	6	10	3
emmax_snp_nonsingleton	1	0	1	0	0	bgs	V2_c1.5	6	10	3
lfmm_snp	4	2	2	1	1	bgs	V2_c1.5	6	10	3
emmax_snp	1	0	1	0	0	bgs	V2_c1.5	7	1	2
emmax_snp_nonsingleton	0	0	0	0	0	bgs	V2_c1.5	7	1	2
lfmm_snp	0	0	0	0	0	bgs	V2_c1.5	7	1	2
emmax_snp	18	0	18	0	0	bgs	V2_c1.5	7	2	2
emmax_snp_nonsingleton	16	0	16	0	0	bgs	V2_c1.5	7	2	2
lfmm_snp	0	0	0	0	0	bgs	V2_c1.5	7	2	2
emmax_snp	0	0	0	0	0	bgs	V2_c1.5	7	3	2
emmax_snp_nonsingleton	0	0	0	0	0	bgs	V2_c1.5	7	3	2
lfmm_snp	0	0	0	0	0	bgs	V2_c1.5	7	3	2
emmax_snp	0	0	0	0	0	bgs	V2_c1.5	7	4	2
emmax_snp_nonsingleton	0	0	0	0	0	bgs	V2_c1.5	7	4	2
lfmm_snp	7	5	2	1	4	bgs	V2_c1.5	7	4	2
emmax_snp	0	0	0	0	0	bgs	V2_c1.5	7	5	1
emmax_snp_nonsingleton	0	0	0	0	0	bgs	V2_c1.5	7	5	1
lfmm_snp	1	0	1	0	0	bgs	V2_c1.5	7	5	1
emmax_snp	25	0	25	0	0	bgs	V2_c1.5	7	6	1
emmax_snp_nonsingleton	24	0	24	0	0	bgs	V2_c1.5	7	6	1
lfmm_snp	84	0	84	0	0	bgs	V2_c1.5	7	6	1
emmax_snp	1	0	1	0	0	bgs	V2_c1.5	7	7	2
emmax_snp_nonsingleton	1	0	1	0	0	bgs	V2_c1.5	7	7	2
lfmm_snp	45	0	45	0	0	bgs	V2_c1.5	7	7	2
emmax_snp	15	0	15	0	0	bgs	V2_c1.5	7	8	2
emmax_snp_nonsingleton	14	0	14	0	0	bgs	V2_c1.5	7	8	2
lfmm_snp	19	0	19	0	0	bgs	V2_c1.5	7	8	2
emmax_snp	1	0	1	0	0	bgs	V2_c1.5	7	9	2
emmax_snp_nonsingleton	1	0	1	0	0	bgs	V2_c1.5	7	9	2
lfmm_snp	0	0	0	0	0	bgs	V2_c1.5	7	9	2
emmax_snp	0	0	0	0	0	bgs	V2_c1.5	7	10	1
emmax_snp_nonsingleton	0	0	0	0	0	bgs	V2_c1.5	7	10	1
lfmm_snp	1	0	1	0	0	bgs	V2_c1.5	7	10	1
emmax_snp	3	1	2	1	0	bgs	V2_c1.5	8	1	2
emmax_snp_nonsingleton	3	1	2	1	0	bgs	V2_c1.5	8	1	2
lfmm_snp	1	1	0	1	0	bgs	V2_c1.5	8	1	2
emmax_snp	38	0	38	0	0	bgs	V2_c1.5	8	2	2
emmax_snp_nonsingleton	36	0	36	0	0	bgs	V2_c1.5	8	2	2
lfmm_snp	78	0	78	0	0	bgs	V2_c1.5	8	2	2
emmax_snp	6	0	6	0	0	bgs	V2_c1.5	8	3	3
emmax_snp_nonsingleton	6	0	6	0	0	bgs	V2_c1.5	8	3	3
lfmm_snp	5	0	5	0	0	bgs	V2_c1.5	8	3	3
emmax_snp	0	0	0	0	0	bgs	V2_c1.5	8	4	2
emmax_snp_nonsingleton	0	0	0	0	0	bgs	V2_c1.5	8	4	2
lfmm_snp	1	0	1	0	0	bgs	V2_c1.5	8	4	2
emmax_snp	0	0	0	0	0	bgs	V2_c1.5	8	5	2
emmax_snp_nonsingleton	0	0	0	0	0	bgs	V2_c1.5	8	5	2
lfmm_snp	1	0	1	0	0	bgs	V2_c1.5	8	5	2
emmax_snp	17	0	17	0	0	bgs	V2_c1.5	8	6	2
emmax_snp_nonsingleton	17	0	17	0	0	bgs	V2_c1.5	8	6	2
lfmm_snp	48	0	48	0	0	bgs	V2_c1.5	8	6	2
emmax_snp	1	1	0	1	0	bgs	V2_c1.5	8	7	3
emmax_snp_nonsingleton	1	1	0	1	0	bgs	V2_c1.5	8	7	3
lfmm_snp	3	1	2	1	0	bgs	V2_c1.5	8	7	3
emmax_snp	25	1	24	1	0	bgs	V2_c1.5	8	8	2
emmax_snp_nonsingleton	25	1	24	1	0	bgs	V2_c1.5	8	8	2
lfmm_snp	58	1	57	1	0	bgs	V2_c1.5	8	8	2
emmax_snp	4	0	4	0	0	bgs	V2_c1.5	8	9	3
emmax_snp_nonsingleton	4	0	4	0	0	bgs	V2_c1.5	8	9	3
lfmm_snp	0	0	0	0	0	bgs	V2_c1.5	8	9	3
emmax_snp	5	0	5	0	0	bgs	V2_c1.5	8	10	2
emmax_snp_nonsingleton	5	0	5	0	0	bgs	V2_c1.5	8	10	2
lfmm_snp	43	0	43	0	0	bgs	V2_c1.5	8	10	2
emmax_snp	0	0	0	0	0	bgs	V2_c1.5	9	1	1
emmax_snp_nonsingleton	0	0	0	0	0	bgs	V2_c1.5	9	1	1
lfmm_snp	0	0	0	0	0	bgs	V2_c1.5	9	1	1
emmax_snp	17	0	17	0	0	bgs	V2_c1.5	9	2	1
emmax_snp_nonsingleton	15	0	15	0	0	bgs	V2_c1.5	9	2	1
lfmm_snp	4	0	4	0	0	bgs	V2_c1.5	9	2	1
emmax_snp	6	0	6	0	0	bgs	V2_c1.5	9	3	1
emmax_snp_nonsingleton	4	0	4	0	0	bgs	V2_c1.5	9	3	1
lfmm_snp	5	0	5	0	0	bgs	V2_c1.5	9	3	1
emmax_snp	0	0	0	0	0	bgs	V2_c1.5	9	4	1
emmax_snp_nonsingleton	0	0	0	0	0	bgs	V2_c1.5	9	4	1
lfmm_snp	0	0	0	0	0	bgs	V2_c1.5	9	4	1
emmax_snp	0	0	0	0	0	bgs	V2_c1.5	9	5	2
emmax_snp_nonsingleton	0	0	0	0	0	bgs	V2_c1.5	9	5	2
lfmm_snp	3	0	3	0	0	bgs	V2_c1.5	9	5	2
emmax_snp	23	0	23	0	0	bgs	V2_c1.5	9	6	1
emmax_snp_nonsingleton	21	0	21	0	0	bgs	V2_c1.5	9	6	1
lfmm_snp	69	0	69	0	0	bgs	V2_c1.5	9	6	1
emmax_snp	5	0	5	0	0	bgs	V2_c1.5	9	7	1
emmax_snp_nonsingleton	5	0	5	0	0	bgs	V2_c1.5	9	7	1
lfmm_snp	15	1	14	1	0	bgs	V2_c1.5	9	7	1
emmax_snp	18	0	18	0	0	bgs	V2_c1.5	9	8	1
emmax_snp_nonsingleton	17	0	17	0	0	bgs	V2_c1.5	9	8	1
lfmm_snp	5	0	5	0	0	bgs	V2_c1.5	9	8	1
emmax_snp	0	0	0	0	0	bgs	V2_c1.5	9	9	1
emmax_snp_nonsingleton	0	0	0	0	0	bgs	V2_c1.5	9	9	1
lfmm_snp	0	0	0	0	0	bgs	V2_c1.5	9	9	1
emmax_snp	0	0	0	0	0	bgs	V2_c1.5	9	10	1
emmax_snp_nonsingleton	0	0	0	0	0	bgs	V2_c1.5	9	10	1
lfmm_snp	0	0	0	0	0	bgs	V2_c1.5	9	10	1
emmax_snp	0	0	0	0	0	bgs	V2_c1.5	10	1	2
emmax_snp_nonsingleton	0	0	0	0	0	bgs	V2_c1.5	10	1	2
lfmm_snp	0	0	0	0	0	bgs	V2_c1.5	10	1	2
emmax_snp	15	0	15	0	0	bgs	V2_c1.5	10	2	2
emmax_snp_nonsingleton	14	0	14	0	0	bgs	V2_c1.5	10	2	2
lfmm_snp	23	0	23	0	0	bgs	V2_c1.5	10	2	2
emmax_snp	0	0	0	0	0	bgs	V2_c1.5	10	3	2
emmax_snp_nonsingleton	0	0	0	0	0	bgs	V2_c1.5	10	3	2
lfmm_snp	1	0	1	0	0	bgs	V2_c1.5	10	3	2
emmax_snp	0	0	0	0	0	bgs	V2_c1.5	10	4	2
emmax_snp_nonsingleton	0	0	0	0	0	bgs	V2_c1.5	10	4	2
lfmm_snp	0	0	0	0	0	bgs	V2_c1.5	10	4	2
emmax_snp	0	0	0	0	0	bgs	V2_c1.5	10	5	2
emmax_snp_nonsingleton	0	0	0	0	0	bgs	V2_c1.5	10	5	2
lfmm_snp	0	0	0	0	0	bgs	V2_c1.5	10	5	2
emmax_snp	0	0	0	0	0	bgs	V2_c1.5	10	6	2
emmax_snp_nonsingleton	0	0	0	0	0	bgs	V2_c1.5	10	6	2
lfmm_snp	98	1	97	1	0	bgs	V2_c1.5	10	6	2
emmax_snp	3	0	3	0	0	bgs	V2_c1.5	10	7	2
emmax_snp_nonsingleton	3	0	3	0	0	bgs	V2_c1.5	10	7	2
lfmm_snp	9	0	9	0	0	bgs	V2_c1.5	10	7	2
emmax_snp	22	0	22	0	0	bgs	V2_c1.5	10	8	2
emmax_snp_nonsingleton	22	0	22	0	0	bgs	V2_c1.5	10	8	2
lfmm_snp	50	1	49	1	0	bgs	V2_c1.5	10	8	2
emmax_snp	0	0	0	0	0	bgs	V2_c1.5	10	9	2
emmax_snp_nonsingleton	0	0	0	0	0	bgs	V2_c1.5	10	9	2
lfmm_snp	14	0	14	0	0	bgs	V2_c1.5	10	9	2
emmax_snp	1	0	1	0	0	bgs	V2_c1.5	10	10	1
emmax_snp_nonsingleton	1	0	1	0	0	bgs	V2_c1.5	10	10	1
lfmm_snp	24	0	24	0	0	bgs	V2_c1.5	10	10	1
emmax_snp	0	0	0	0	0	nobgs	V0.5_c1	1	1	1
emmax_snp_nonsingleton	0	0	0	0	0	nobgs	V0.5_c1	1	1	1
lfmm_snp	0	0	0	0	0	nobgs	V0.5_c1	1	1	1
emmax_snp	57	0	57	0	0	nobgs	V0.5_c1	1	2	1
emmax_snp_nonsingleton	52	0	52	0	0	nobgs	V0.5_c1	1	2	1
lfmm_snp	73	4	69	1	3	nobgs	V0.5_c1	1	2	1
emmax_snp	261	60	201	3	57	nobgs	V0.5_c1	1	3	3
emmax_snp_nonsingleton	254	59	195	3	56	nobgs	V0.5_c1	1	3	3
lfmm_snp	172	41	131	3	38	nobgs	V0.5_c1	1	3	3
emmax_snp	30	10	20	1	9	nobgs	V0.5_c1	1	4	1
emmax_snp_nonsingleton	30	10	20	1	9	nobgs	V0.5_c1	1	4	1
lfmm_snp	44	12	32	1	11	nobgs	V0.5_c1	1	4	1
emmax_snp	6	6	0	2	4	nobgs	V0.5_c1	1	5	2
emmax_snp_nonsingleton	6	6	0	2	4	nobgs	V0.5_c1	1	5	2
lfmm_snp	6	6	0	2	4	nobgs	V0.5_c1	1	5	2
emmax_snp	36	3	33	1	2	nobgs	V0.5_c1	1	6	1
emmax_snp_nonsingleton	33	3	30	1	2	nobgs	V0.5_c1	1	6	1
lfmm_snp	48	10	38	1	9	nobgs	V0.5_c1	1	6	1
emmax_snp	5	3	2	1	2	nobgs	V0.5_c1	1	7	2
emmax_snp_nonsingleton	5	3	2	1	2	nobgs	V0.5_c1	1	7	2
lfmm_snp	14	7	7	2	5	nobgs	V0.5_c1	1	7	2
emmax_snp	35	7	28	1	6	nobgs	V0.5_c1	1	8	2
emmax_snp_nonsingleton	33	7	26	1	6	nobgs	V0.5_c1	1	8	2
lfmm_snp	28	7	21	1	6	nobgs	V0.5_c1	1	8	2
emmax_snp	0	0	0	0	0	nobgs	V0.5_c1	1	9	1
emmax_snp_nonsingleton	0	0	0	0	0	nobgs	V0.5_c1	1	9	1
lfmm_snp	4	3	1	1	2	nobgs	V0.5_c1	1	9	1
emmax_snp	34	25	9	3	22	nobgs	V0.5_c1	1	10	3
emmax_snp_nonsingleton	34	25	9	3	22	nobgs	V0.5_c1	1	10	3
lfmm_snp	54	38	16	3	35	nobgs	V0.5_c1	1	10	3
emmax_snp	54	22	32	1	21	nobgs	V0.5_c1	2	1	1
emmax_snp_nonsingleton	54	22	32	1	21	nobgs	V0.5_c1	2	1	1
lfmm_snp	0	0	0	0	0	nobgs	V0.5_c1	2	1	1
emmax_snp	1	1	0	1	0	nobgs	V0.5_c1	2	2	2
emmax_snp_nonsingleton	1	1	0	1	0	nobgs	V0.5_c1	2	2	2
lfmm_snp	7	7	0	1	6	nobgs	V0.5_c1	2	2	2
emmax_snp	509	123	386	2	121	nobgs	V0.5_c1	2	3	2
emmax_snp_nonsingleton	499	122	377	2	120	nobgs	V0.5_c1	2	3	2
lfmm_snp	256	79	177	2	77	nobgs	V0.5_c1	2	3	2
emmax_snp	7	6	1	1	5	nobgs	V0.5_c1	2	4	1
emmax_snp_nonsingleton	6	6	0	1	5	nobgs	V0.5_c1	2	4	1
lfmm_snp	9	9	0	1	8	nobgs	V0.5_c1	2	4	1
emmax_snp	2	1	1	1	0	nobgs	V0.5_c1	2	5	1
emmax_snp_nonsingleton	1	1	0	1	0	nobgs	V0.5_c1	2	5	1
lfmm_snp	4	3	1	1	2	nobgs	V0.5_c1	2	5	1
emmax_snp	10	5	5	2	3	nobgs	V0.5_c1	2	6	2
emmax_snp_nonsingleton	9	5	4	2	3	nobgs	V0.5_c1	2	6	2
lfmm_snp	33	9	24	2	7	nobgs	V0.5_c1	2	6	2
emmax_snp	2	2	0	1	1	nobgs	V0.5_c1	2	7	1
emmax_snp_nonsingleton	2	2	0	1	1	nobgs	V0.5_c1	2	7	1
lfmm_snp	2	2	0	1	1	nobgs	V0.5_c1	2	7	1
emmax_snp	69	24	45	1	23	nobgs	V0.5_c1	2	8	2
emmax_snp_nonsingleton	66	23	43	1	22	nobgs	V0.5_c1	2	8	2
lfmm_snp	93	25	68	1	24	nobgs	V0.5_c1	2	8	2
emmax_snp	1	1	0	1	0	nobgs	V0.5_c1	2	9	2
emmax_snp_nonsingleton	1	1	0	1	0	nobgs	V0.5_c1	2	9	2
lfmm_snp	2	2	0	1	1	nobgs	V0.5_c1	2	9	2
emmax_snp	15	11	4	2	9	nobgs	V0.5_c1	2	10	2
emmax_snp_nonsingleton	13	10	3	1	9	nobgs	V0.5_c1	2	10	2
lfmm_snp	25	18	7	2	16	nobgs	V0.5_c1	2	10	2
emmax_snp	77	49	28	3	46	nobgs	V0.5_c1	3	1	3
emmax_snp_nonsingleton	71	46	25	3	43	nobgs	V0.5_c1	3	1	3
lfmm_snp	44	30	14	3	27	nobgs	V0.5_c1	3	1	3
emmax_snp	0	0	0	0	0	nobgs	V0.5_c1	3	2	2
emmax_snp_nonsingleton	0	0	0	0	0	nobgs	V0.5_c1	3	2	2
lfmm_snp	0	0	0	0	0	nobgs	V0.5_c1	3	2	2
emmax_snp	49	35	14	2	33	nobgs	V0.5_c1	3	3	3
emmax_snp_nonsingleton	43	34	9	2	32	nobgs	V0.5_c1	3	3	3
lfmm_snp	43	33	10	2	31	nobgs	V0.5_c1	3	3	3
emmax_snp	5	5	0	1	4	nobgs	V0.5_c1	3	4	2
emmax_snp_nonsingleton	5	5	0	1	4	nobgs	V0.5_c1	3	4	2
lfmm_snp	7	7	0	1	6	nobgs	V0.5_c1	3	4	2
emmax_snp	11	11	0	1	10	nobgs	V0.5_c1	3	5	1
emmax_snp_nonsingleton	11	11	0	1	10	nobgs	V0.5_c1	3	5	1
lfmm_snp	15	14	1	1	13	nobgs	V0.5_c1	3	5	1
emmax_snp	4	4	0	1	3	nobgs	V0.5_c1	3	6	3
emmax_snp_nonsingleton	4	4	0	1	3	nobgs	V0.5_c1	3	6	3
lfmm_snp	5	5	0	1	4	nobgs	V0.5_c1	3	6	3
emmax_snp	4	4	0	1	3	nobgs	V0.5_c1	3	7	3
emmax_snp_nonsingleton	4	4	0	1	3	nobgs	V0.5_c1	3	7	3
lfmm_snp	9	8	1	2	6	nobgs	V0.5_c1	3	7	3
emmax_snp	167	40	127	2	38	nobgs	V0.5_c1	3	8	2
emmax_snp_nonsingleton	162	40	122	2	38	nobgs	V0.5_c1	3	8	2
lfmm_snp	46	29	17	2	27	nobgs	V0.5_c1	3	8	2
emmax_snp	5	5	0	1	4	nobgs	V0.5_c1	3	9	2
emmax_snp_nonsingleton	5	5	0	1	4	nobgs	V0.5_c1	3	9	2
lfmm_snp	17	11	6	2	9	nobgs	V0.5_c1	3	9	2
emmax_snp	0	0	0	0	0	nobgs	V0.5_c1	3	10	1
emmax_snp_nonsingleton	0	0	0	0	0	nobgs	V0.5_c1	3	10	1
lfmm_snp	3	0	3	0	0	nobgs	V0.5_c1	3	10	1
emmax_snp	7	5	2	1	4	nobgs	V0.5_c1	4	1	3
emmax_snp_nonsingleton	7	5	2	1	4	nobgs	V0.5_c1	4	1	3
lfmm_snp	37	6	31	1	5	nobgs	V0.5_c1	4	1	3
emmax_snp	12	8	4	2	6	nobgs	V0.5_c1	4	2	3
emmax_snp_nonsingleton	11	8	3	2	6	nobgs	V0.5_c1	4	2	3
lfmm_snp	21	12	9	2	10	nobgs	V0.5_c1	4	2	3
emmax_snp	21	20	1	1	19	nobgs	V0.5_c1	4	3	3
emmax_snp_nonsingleton	20	20	0	1	19	nobgs	V0.5_c1	4	3	3
lfmm_snp	26	22	4	1	21	nobgs	V0.5_c1	4	3	3
emmax_snp	100	31	69	2	29	nobgs	V0.5_c1	4	4	2
emmax_snp_nonsingleton	97	31	66	2	29	nobgs	V0.5_c1	4	4	2
lfmm_snp	90	26	64	2	24	nobgs	V0.5_c1	4	4	2
emmax_snp	579	104	475	4	100	nobgs	V0.5_c1	4	5	4
emmax_snp_nonsingleton	572	104	468	4	100	nobgs	V0.5_c1	4	5	4
lfmm_snp	1	1	0	1	0	nobgs	V0.5_c1	4	5	4
emmax_snp	11	6	5	1	5	nobgs	V0.5_c1	4	6	2
emmax_snp_nonsingleton	10	5	5	1	4	nobgs	V0.5_c1	4	6	2
lfmm_snp	7	7	0	1	6	nobgs	V0.5_c1	4	6	2
emmax_snp	2	2	0	1	1	nobgs	V0.5_c1	4	7	3
emmax_snp_nonsingleton	2	2	0	1	1	nobgs	V0.5_c1	4	7	3
lfmm_snp	2	2	0	1	1	nobgs	V0.5_c1	4	7	3
emmax_snp	10	8	2	1	7	nobgs	V0.5_c1	4	8	1
emmax_snp_nonsingleton	10	8	2	1	7	nobgs	V0.5_c1	4	8	1
lfmm_snp	26	13	13	1	12	nobgs	V0.5_c1	4	8	1
emmax_snp	0	0	0	0	0	nobgs	V0.5_c1	4	9	4
emmax_snp_nonsingleton	0	0	0	0	0	nobgs	V0.5_c1	4	9	4
lfmm_snp	0	0	0	0	0	nobgs	V0.5_c1	4	9	4
emmax_snp	30	17	13	3	14	nobgs	V0.5_c1	4	10	3
emmax_snp_nonsingleton	29	17	12	3	14	nobgs	V0.5_c1	4	10	3
lfmm_snp	56	29	27	3	26	nobgs	V0.5_c1	4	10	3
emmax_snp	0	0	0	0	0	nobgs	V0.5_c1	5	1	3
emmax_snp_nonsingleton	0	0	0	0	0	nobgs	V0.5_c1	5	1	3
lfmm_snp	32	5	27	2	3	nobgs	V0.5_c1	5	1	3
emmax_snp	10	9	1	1	8	nobgs	V0.5_c1	5	2	2
emmax_snp_nonsingleton	9	9	0	1	8	nobgs	V0.5_c1	5	2	2
lfmm_snp	14	10	4	1	9	nobgs	V0.5_c1	5	2	2
emmax_snp	17	16	1	2	14	nobgs	V0.5_c1	5	3	2
emmax_snp_nonsingleton	17	16	1	2	14	nobgs	V0.5_c1	5	3	2
lfmm_snp	31	30	1	2	28	nobgs	V0.5_c1	5	3	2
emmax_snp	4	4	0	1	3	nobgs	V0.5_c1	5	4	1
emmax_snp_nonsingleton	4	4	0	1	3	nobgs	V0.5_c1	5	4	1
lfmm_snp	5	5	0	1	4	nobgs	V0.5_c1	5	4	1
emmax_snp	0	0	0	0	0	nobgs	V0.5_c1	5	5	1
emmax_snp_nonsingleton	0	0	0	0	0	nobgs	V0.5_c1	5	5	1
lfmm_snp	1	1	0	1	0	nobgs	V0.5_c1	5	5	1
emmax_snp	384	112	272	2	110	nobgs	V0.5_c1	5	6	2
emmax_snp_nonsingleton	373	112	261	2	110	nobgs	V0.5_c1	5	6	2
lfmm_snp	135	87	48	2	85	nobgs	V0.5_c1	5	6	2
emmax_snp	5	4	1	1	3	nobgs	V0.5_c1	5	7	1
emmax_snp_nonsingleton	4	4	0	1	3	nobgs	V0.5_c1	5	7	1
lfmm_snp	6	5	1	1	4	nobgs	V0.5_c1	5	7	1
emmax_snp	0	0	0	0	0	nobgs	V0.5_c1	5	8	1
emmax_snp_nonsingleton	0	0	0	0	0	nobgs	V0.5_c1	5	8	1
lfmm_snp	0	0	0	0	0	nobgs	V0.5_c1	5	8	1
emmax_snp	0	0	0	0	0	nobgs	V0.5_c1	5	9	1
emmax_snp_nonsingleton	0	0	0	0	0	nobgs	V0.5_c1	5	9	1
lfmm_snp	0	0	0	0	0	nobgs	V0.5_c1	5	9	1
emmax_snp	14	12	2	1	11	nobgs	V0.5_c1	5	10	2
emmax_snp_nonsingleton	13	12	1	1	11	nobgs	V0.5_c1	5	10	2
lfmm_snp	35	29	6	1	28	nobgs	V0.5_c1	5	10	2
emmax_snp	0	0	0	0	0	nobgs	V0.5_c1	6	1	2
emmax_snp_nonsingleton	0	0	0	0	0	nobgs	V0.5_c1	6	1	2
lfmm_snp	12	12	0	1	11	nobgs	V0.5_c1	6	1	2
emmax_snp	17	10	7	1	9	nobgs	V0.5_c1	6	2	3
emmax_snp_nonsingleton	14	10	4	1	9	nobgs	V0.5_c1	6	2	3
lfmm_snp	21	12	9	1	11	nobgs	V0.5_c1	6	2	3
emmax_snp	32	20	12	2	18	nobgs	V0.5_c1	6	3	3
emmax_snp_nonsingleton	28	20	8	2	18	nobgs	V0.5_c1	6	3	3
lfmm_snp	41	30	11	3	27	nobgs	V0.5_c1	6	3	3
emmax_snp	6	6	0	2	4	nobgs	V0.5_c1	6	4	2
emmax_snp_nonsingleton	6	6	0	2	4	nobgs	V0.5_c1	6	4	2
lfmm_snp	14	13	1	2	11	nobgs	V0.5_c1	6	4	2
emmax_snp	84	29	55	2	27	nobgs	V0.5_c1	6	5	2
emmax_snp_nonsingleton	83	29	54	2	27	nobgs	V0.5_c1	6	5	2
lfmm_snp	44	21	23	1	20	nobgs	V0.5_c1	6	5	2
emmax_snp	22	0	22	0	0	nobgs	V0.5_c1	6	6	0
emmax_snp_nonsingleton	21	0	21	0	0	nobgs	V0.5_c1	6	6	0
lfmm_snp	20	0	20	0	0	nobgs	V0.5_c1	6	6	0
emmax_snp	11	9	2	1	8	nobgs	V0.5_c1	6	7	1
emmax_snp_nonsingleton	10	9	1	1	8	nobgs	V0.5_c1	6	7	1
lfmm_snp	12	10	2	1	9	nobgs	V0.5_c1	6	7	1
emmax_snp	8	6	2	1	5	nobgs	V0.5_c1	6	8	2
emmax_snp_nonsingleton	7	6	1	1	5	nobgs	V0.5_c1	6	8	2
lfmm_snp	11	7	4	1	6	nobgs	V0.5_c1	6	8	2
emmax_snp	0	0	0	0	0	nobgs	V0.5_c1	6	9	1
emmax_snp_nonsingleton	0	0	0	0	0	nobgs	V0.5_c1	6	9	1
lfmm_snp	0	0	0	0	0	nobgs	V0.5_c1	6	9	1
emmax_snp	1	0	1	0	0	nobgs	V0.5_c1	6	10	2
emmax_snp_nonsingleton	0	0	0	0	0	nobgs	V0.5_c1	6	10	2
lfmm_snp	0	0	0	0	0	nobgs	V0.5_c1	6	10	2
emmax_snp	36	15	21	2	13	nobgs	V0.5_c1	7	1	2
emmax_snp_nonsingleton	34	14	20	2	12	nobgs	V0.5_c1	7	1	2
lfmm_snp	30	11	19	2	9	nobgs	V0.5_c1	7	1	2
emmax_snp	37	25	12	2	23	nobgs	V0.5_c1	7	2	2
emmax_snp_nonsingleton	34	24	10	2	22	nobgs	V0.5_c1	7	2	2
lfmm_snp	78	39	39	2	37	nobgs	V0.5_c1	7	2	2
emmax_snp	33	17	16	1	16	nobgs	V0.5_c1	7	3	1
emmax_snp_nonsingleton	32	17	15	1	16	nobgs	V0.5_c1	7	3	1
lfmm_snp	56	28	28	1	27	nobgs	V0.5_c1	7	3	1
emmax_snp	10	6	4	1	5	nobgs	V0.5_c1	7	4	2
emmax_snp_nonsingleton	10	6	4	1	5	nobgs	V0.5_c1	7	4	2
lfmm_snp	42	19	23	1	18	nobgs	V0.5_c1	7	4	2
emmax_snp	6	6	0	1	5	nobgs	V0.5_c1	7	5	1
emmax_snp_nonsingleton	6	6	0	1	5	nobgs	V0.5_c1	7	5	1
lfmm_snp	7	7	0	1	6	nobgs	V0.5_c1	7	5	1
emmax_snp	53	24	29	1	23	nobgs	V0.5_c1	7	6	3
emmax_snp_nonsingleton	52	24	28	1	23	nobgs	V0.5_c1	7	6	3
lfmm_snp	87	32	55	2	30	nobgs	V0.5_c1	7	6	3
emmax_snp	1	1	0	1	0	nobgs	V0.5_c1	7	7	2
emmax_snp_nonsingleton	1	1	0	1	0	nobgs	V0.5_c1	7	7	2
lfmm_snp	3	1	2	1	0	nobgs	V0.5_c1	7	7	2
emmax_snp	102	30	72	2	28	nobgs	V0.5_c1	7	8	2
emmax_snp_nonsingleton	101	30	71	2	28	nobgs	V0.5_c1	7	8	2
lfmm_snp	186	42	144	2	40	nobgs	V0.5_c1	7	8	2
emmax_snp	3	2	1	1	1	nobgs	V0.5_c1	7	9	1
emmax_snp_nonsingleton	3	2	1	1	1	nobgs	V0.5_c1	7	9	1
lfmm_snp	2	2	0	1	1	nobgs	V0.5_c1	7	9	1
emmax_snp	172	47	125	2	45	nobgs	V0.5_c1	7	10	3
emmax_snp_nonsingleton	166	47	119	2	45	nobgs	V0.5_c1	7	10	3
lfmm_snp	84	22	62	2	20	nobgs	V0.5_c1	7	10	3
emmax_snp	7	5	2	1	4	nobgs	V0.5_c1	8	1	3
emmax_snp_nonsingleton	7	5	2	1	4	nobgs	V0.5_c1	8	1	3
lfmm_snp	15	11	4	2	9	nobgs	V0.5_c1	8	1	3
emmax_snp	10	8	2	1	7	nobgs	V0.5_c1	8	2	2
emmax_snp_nonsingleton	9	8	1	1	7	nobgs	V0.5_c1	8	2	2
lfmm_snp	27	22	5	2	20	nobgs	V0.5_c1	8	2	2
emmax_snp	11	9	2	3	6	nobgs	V0.5_c1	8	3	4
emmax_snp_nonsingleton	11	9	2	3	6	nobgs	V0.5_c1	8	3	4
lfmm_snp	79	45	34	4	41	nobgs	V0.5_c1	8	3	4
emmax_snp	6	6	0	1	5	nobgs	V0.5_c1	8	4	4
emmax_snp_nonsingleton	6	6	0	1	5	nobgs	V0.5_c1	8	4	4
lfmm_snp	44	37	7	3	34	nobgs	V0.5_c1	8	4	4
emmax_snp	3	3	0	1	2	nobgs	V0.5_c1	8	5	2
emmax_snp_nonsingleton	3	3	0	1	2	nobgs	V0.5_c1	8	5	2
lfmm_snp	12	10	2	1	9	nobgs	V0.5_c1	8	5	2
emmax_snp	16	6	10	1	5	nobgs	V0.5_c1	8	6	2
emmax_snp_nonsingleton	14	6	8	1	5	nobgs	V0.5_c1	8	6	2
lfmm_snp	18	8	10	1	7	nobgs	V0.5_c1	8	6	2
emmax_snp	8	7	1	1	6	nobgs	V0.5_c1	8	7	1
emmax_snp_nonsingleton	8	7	1	1	6	nobgs	V0.5_c1	8	7	1
lfmm_snp	8	7	1	1	6	nobgs	V0.5_c1	8	7	1
emmax_snp	24	16	8	2	14	nobgs	V0.5_c1	8	8	3
emmax_snp_nonsingleton	21	14	7	2	12	nobgs	V0.5_c1	8	8	3
lfmm_snp	34	24	10	2	22	nobgs	V0.5_c1	8	8	3
emmax_snp	51	16	35	1	15	nobgs	V0.5_c1	8	9	2
emmax_snp_nonsingleton	48	16	32	1	15	nobgs	V0.5_c1	8	9	2
lfmm_snp	43	13	30	1	12	nobgs	V0.5_c1	8	9	2
emmax_snp	14	12	2	1	11	nobgs	V0.5_c1	8	10	3
emmax_snp_nonsingleton	12	12	0	1	11	nobgs	V0.5_c1	8	10	3
lfmm_snp	17	14	3	1	13	nobgs	V0.5_c1	8	10	3
emmax_snp	1	1	0	1	0	nobgs	V0.5_c1	9	1	1
emmax_snp_nonsingleton	0	0	0	0	0	nobgs	V0.5_c1	9	1	1
lfmm_snp	1	1	0	1	0	nobgs	V0.5_c1	9	1	1
emmax_snp	1	1	0	1	0	nobgs	V0.5_c1	9	2	2
emmax_snp_nonsingleton	0	0	0	0	0	nobgs	V0.5_c1	9	2	2
lfmm_snp	1	1	0	1	0	nobgs	V0.5_c1	9	2	2
emmax_snp	13	5	8	3	2	nobgs	V0.5_c1	9	3	3
emmax_snp_nonsingleton	13	5	8	3	2	nobgs	V0.5_c1	9	3	3
lfmm_snp	13	5	8	3	2	nobgs	V0.5_c1	9	3	3
emmax_snp	4	4	0	1	3	nobgs	V0.5_c1	9	4	3
emmax_snp_nonsingleton	3	3	0	1	2	nobgs	V0.5_c1	9	4	3
lfmm_snp	5	5	0	1	4	nobgs	V0.5_c1	9	4	3
emmax_snp	2	1	1	1	0	nobgs	V0.5_c1	9	5	2
emmax_snp_nonsingleton	1	0	1	0	0	nobgs	V0.5_c1	9	5	2
lfmm_snp	1	1	0	1	0	nobgs	V0.5_c1	9	5	2
emmax_snp	0	0	0	0	0	nobgs	V0.5_c1	9	6	3
emmax_snp_nonsingleton	0	0	0	0	0	nobgs	V0.5_c1	9	6	3
lfmm_snp	6	3	3	3	0	nobgs	V0.5_c1	9	6	3
emmax_snp	1	1	0	1	0	nobgs	V0.5_c1	9	7	3
emmax_snp_nonsingleton	0	0	0	0	0	nobgs	V0.5_c1	9	7	3
lfmm_snp	1	1	0	1	0	nobgs	V0.5_c1	9	7	3
emmax_snp	1	1	0	1	0	nobgs	V0.5_c1	9	8	2
emmax_snp_nonsingleton	1	1	0	1	0	nobgs	V0.5_c1	9	8	2
lfmm_snp	3	3	0	1	2	nobgs	V0.5_c1	9	8	2
emmax_snp	0	0	0	0	0	nobgs	V0.5_c1	9	9	3
emmax_snp_nonsingleton	0	0	0	0	0	nobgs	V0.5_c1	9	9	3
lfmm_snp	7	5	2	2	3	nobgs	V0.5_c1	9	9	3
emmax_snp	0	0	0	0	0	nobgs	V0.5_c1	9	10	3
emmax_snp_nonsingleton	0	0	0	0	0	nobgs	V0.5_c1	9	10	3
lfmm_snp	7	2	5	2	0	nobgs	V0.5_c1	9	10	3
emmax_snp	1	1	0	1	0	nobgs	V0.5_c1	10	1	1
emmax_snp_nonsingleton	0	0	0	0	0	nobgs	V0.5_c1	10	1	1
lfmm_snp	2	2	0	1	1	nobgs	V0.5_c1	10	1	1
emmax_snp	56	43	13	2	41	nobgs	V0.5_c1	10	2	2
emmax_snp_nonsingleton	52	43	9	2	41	nobgs	V0.5_c1	10	2	2
lfmm_snp	59	46	13	2	44	nobgs	V0.5_c1	10	2	2
emmax_snp	26	23	3	2	21	nobgs	V0.5_c1	10	3	2
emmax_snp_nonsingleton	25	23	2	2	21	nobgs	V0.5_c1	10	3	2
lfmm_snp	30	26	4	2	24	nobgs	V0.5_c1	10	3	2
emmax_snp	4	4	0	1	3	nobgs	V0.5_c1	10	4	1
emmax_snp_nonsingleton	3	3	0	1	2	nobgs	V0.5_c1	10	4	1
lfmm_snp	9	8	1	1	7	nobgs	V0.5_c1	10	4	1
emmax_snp	15	12	3	1	11	nobgs	V0.5_c1	10	5	2
emmax_snp_nonsingleton	14	12	2	1	11	nobgs	V0.5_c1	10	5	2
lfmm_snp	15	14	1	1	13	nobgs	V0.5_c1	10	5	2
emmax_snp	10	9	1	1	8	nobgs	V0.5_c1	10	6	2
emmax_snp_nonsingleton	8	8	0	1	7	nobgs	V0.5_c1	10	6	2
lfmm_snp	13	12	1	1	11	nobgs	V0.5_c1	10	6	2
emmax_snp	8	6	2	1	5	nobgs	V0.5_c1	10	7	2
emmax_snp_nonsingleton	8	6	2	1	5	nobgs	V0.5_c1	10	7	2
lfmm_snp	5	5	0	1	4	nobgs	V0.5_c1	10	7	2
emmax_snp	9	7	2	1	6	nobgs	V0.5_c1	10	8	1
emmax_snp_nonsingleton	8	7	1	1	6	nobgs	V0.5_c1	10	8	1
lfmm_snp	8	5	3	1	4	nobgs	V0.5_c1	10	8	1
emmax_snp	0	0	0	0	0	nobgs	V0.5_c1	10	9	2
emmax_snp_nonsingleton	0	0	0	0	0	nobgs	V0.5_c1	10	9	2
lfmm_snp	11	10	1	2	8	nobgs	V0.5_c1	10	9	2
emmax_snp	4	4	0	1	3	nobgs	V0.5_c1	10	10	2
emmax_snp_nonsingleton	3	3	0	1	2	nobgs	V0.5_c1	10	10	2
lfmm_snp	13	9	4	1	8	nobgs	V0.5_c1	10	10	2
emmax_snp	0	0	0	0	0	nobgs	V0.5_c1.5	1	1	3
emmax_snp_nonsingleton	0	0	0	0	0	nobgs	V0.5_c1.5	1	1	3
lfmm_snp	0	0	0	0	0	nobgs	V0.5_c1.5	1	1	3
emmax_snp	10	0	10	0	0	nobgs	V0.5_c1.5	1	2	3
emmax_snp_nonsingleton	10	0	10	0	0	nobgs	V0.5_c1.5	1	2	3
lfmm_snp	39	1	38	1	0	nobgs	V0.5_c1.5	1	2	3
emmax_snp	0	0	0	0	0	nobgs	V0.5_c1.5	1	3	3
emmax_snp_nonsingleton	0	0	0	0	0	nobgs	V0.5_c1.5	1	3	3
lfmm_snp	10	8	2	1	7	nobgs	V0.5_c1.5	1	3	3
emmax_snp	1	1	0	1	0	nobgs	V0.5_c1.5	1	4	2
emmax_snp_nonsingleton	1	1	0	1	0	nobgs	V0.5_c1.5	1	4	2
lfmm_snp	1	1	0	1	0	nobgs	V0.5_c1.5	1	4	2
emmax_snp	8	6	2	1	5	nobgs	V0.5_c1.5	1	5	3
emmax_snp_nonsingleton	8	6	2	1	5	nobgs	V0.5_c1.5	1	5	3
lfmm_snp	7	6	1	1	5	nobgs	V0.5_c1.5	1	5	3
emmax_snp	42	6	36	1	5	nobgs	V0.5_c1.5	1	6	2
emmax_snp_nonsingleton	39	6	33	1	5	nobgs	V0.5_c1.5	1	6	2
lfmm_snp	71	7	64	1	6	nobgs	V0.5_c1.5	1	6	2
emmax_snp	23	13	10	1	12	nobgs	V0.5_c1.5	1	7	2
emmax_snp_nonsingleton	21	13	8	1	12	nobgs	V0.5_c1.5	1	7	2
lfmm_snp	27	13	14	1	12	nobgs	V0.5_c1.5	1	7	2
emmax_snp	36	2	34	1	1	nobgs	V0.5_c1.5	1	8	2
emmax_snp_nonsingleton	35	2	33	1	1	nobgs	V0.5_c1.5	1	8	2
lfmm_snp	57	6	51	1	5	nobgs	V0.5_c1.5	1	8	2
emmax_snp	4	4	0	1	3	nobgs	V0.5_c1.5	1	9	3
emmax_snp_nonsingleton	4	4	0	1	3	nobgs	V0.5_c1.5	1	9	3
lfmm_snp	96	46	50	2	44	nobgs	V0.5_c1.5	1	9	3
emmax_snp	14	0	14	0	0	nobgs	V0.5_c1.5	1	10	3
emmax_snp_nonsingleton	13	0	13	0	0	nobgs	V0.5_c1.5	1	10	3
lfmm_snp	2	0	2	0	0	nobgs	V0.5_c1.5	1	10	3
emmax_snp	0	0	0	0	0	nobgs	V0.5_c1.5	2	1	4
emmax_snp_nonsingleton	0	0	0	0	0	nobgs	V0.5_c1.5	2	1	4
lfmm_snp	1	1	0	1	0	nobgs	V0.5_c1.5	2	1	4
emmax_snp	1	0	1	0	0	nobgs	V0.5_c1.5	2	2	1
emmax_snp_nonsingleton	1	0	1	0	0	nobgs	V0.5_c1.5	2	2	1
lfmm_snp	21	0	21	0	0	nobgs	V0.5_c1.5	2	2	1
emmax_snp	0	0	0	0	0	nobgs	V0.5_c1.5	2	3	3
emmax_snp_nonsingleton	0	0	0	0	0	nobgs	V0.5_c1.5	2	3	3
lfmm_snp	6	0	6	0	0	nobgs	V0.5_c1.5	2	3	3
emmax_snp	0	0	0	0	0	nobgs	V0.5_c1.5	2	4	1
emmax_snp_nonsingleton	0	0	0	0	0	nobgs	V0.5_c1.5	2	4	1
lfmm_snp	5	2	3	1	1	nobgs	V0.5_c1.5	2	4	1
emmax_snp	0	0	0	0	0	nobgs	V0.5_c1.5	2	5	3
emmax_snp_nonsingleton	0	0	0	0	0	nobgs	V0.5_c1.5	2	5	3
lfmm_snp	0	0	0	0	0	nobgs	V0.5_c1.5	2	5	3
emmax_snp	45	0	45	0	0	nobgs	V0.5_c1.5	2	6	3
emmax_snp_nonsingleton	43	0	43	0	0	nobgs	V0.5_c1.5	2	6	3
lfmm_snp	55	0	55	0	0	nobgs	V0.5_c1.5	2	6	3
emmax_snp	284	56	228	2	54	nobgs	V0.5_c1.5	2	7	2
emmax_snp_nonsingleton	279	56	223	2	54	nobgs	V0.5_c1.5	2	7	2
lfmm_snp	1	0	1	0	0	nobgs	V0.5_c1.5	2	7	2
emmax_snp	14	10	4	1	9	nobgs	V0.5_c1.5	2	8	3
emmax_snp_nonsingleton	14	10	4	1	9	nobgs	V0.5_c1.5	2	8	3
lfmm_snp	71	26	45	1	25	nobgs	V0.5_c1.5	2	8	3
emmax_snp	2	0	2	0	0	nobgs	V0.5_c1.5	2	9	3
emmax_snp_nonsingleton	2	0	2	0	0	nobgs	V0.5_c1.5	2	9	3
lfmm_snp	0	0	0	0	0	nobgs	V0.5_c1.5	2	9	3
emmax_snp	14	11	3	1	10	nobgs	V0.5_c1.5	2	10	3
emmax_snp_nonsingleton	14	11	3	1	10	nobgs	V0.5_c1.5	2	10	3
lfmm_snp	19	11	8	1	10	nobgs	V0.5_c1.5	2	10	3
emmax_snp	0	0	0	0	0	nobgs	V0.5_c1.5	3	1	2
emmax_snp_nonsingleton	0	0	0	0	0	nobgs	V0.5_c1.5	3	1	2
lfmm_snp	0	0	0	0	0	nobgs	V0.5_c1.5	3	1	2
emmax_snp	3	0	3	0	0	nobgs	V0.5_c1.5	3	2	3
emmax_snp_nonsingleton	3	0	3	0	0	nobgs	V0.5_c1.5	3	2	3
lfmm_snp	29	0	29	0	0	nobgs	V0.5_c1.5	3	2	3
emmax_snp	80	12	68	1	11	nobgs	V0.5_c1.5	3	3	3
emmax_snp_nonsingleton	80	12	68	1	11	nobgs	V0.5_c1.5	3	3	3
lfmm_snp	23	13	10	2	11	nobgs	V0.5_c1.5	3	3	3
emmax_snp	0	0	0	0	0	nobgs	V0.5_c1.5	3	4	3
emmax_snp_nonsingleton	0	0	0	0	0	nobgs	V0.5_c1.5	3	4	3
lfmm_snp	0	0	0	0	0	nobgs	V0.5_c1.5	3	4	3
emmax_snp	0	0	0	0	0	nobgs	V0.5_c1.5	3	5	3
emmax_snp_nonsingleton	0	0	0	0	0	nobgs	V0.5_c1.5	3	5	3
lfmm_snp	0	0	0	0	0	nobgs	V0.5_c1.5	3	5	3
emmax_snp	25	4	21	1	3	nobgs	V0.5_c1.5	3	6	3
emmax_snp_nonsingleton	24	4	20	1	3	nobgs	V0.5_c1.5	3	6	3
lfmm_snp	60	5	55	1	4	nobgs	V0.5_c1.5	3	6	3
emmax_snp	4	3	1	1	2	nobgs	V0.5_c1.5	3	7	5
emmax_snp_nonsingleton	3	3	0	1	2	nobgs	V0.5_c1.5	3	7	5
lfmm_snp	26	9	17	2	7	nobgs	V0.5_c1.5	3	7	5
emmax_snp	18	10	8	1	9	nobgs	V0.5_c1.5	3	8	3
emmax_snp_nonsingleton	18	10	8	1	9	nobgs	V0.5_c1.5	3	8	3
lfmm_snp	27	15	12	1	14	nobgs	V0.5_c1.5	3	8	3
emmax_snp	0	0	0	0	0	nobgs	V0.5_c1.5	3	9	2
emmax_snp_nonsingleton	0	0	0	0	0	nobgs	V0.5_c1.5	3	9	2
lfmm_snp	0	0	0	0	0	nobgs	V0.5_c1.5	3	9	2
emmax_snp	0	0	0	0	0	nobgs	V0.5_c1.5	3	10	3
emmax_snp_nonsingleton	0	0	0	0	0	nobgs	V0.5_c1.5	3	10	3
lfmm_snp	0	0	0	0	0	nobgs	V0.5_c1.5	3	10	3
emmax_snp	9	2	7	2	0	nobgs	V0.5_c1.5	4	1	2
emmax_snp_nonsingleton	9	2	7	2	0	nobgs	V0.5_c1.5	4	1	2
lfmm_snp	3	2	1	2	0	nobgs	V0.5_c1.5	4	1	2
emmax_snp	13	0	13	0	0	nobgs	V0.5_c1.5	4	2	2
emmax_snp_nonsingleton	12	0	12	0	0	nobgs	V0.5_c1.5	4	2	2
lfmm_snp	65	2	63	2	0	nobgs	V0.5_c1.5	4	2	2
emmax_snp	1	1	0	1	0	nobgs	V0.5_c1.5	4	3	2
emmax_snp_nonsingleton	1	1	0	1	0	nobgs	V0.5_c1.5	4	3	2
lfmm_snp	6	6	0	2	4	nobgs	V0.5_c1.5	4	3	2
emmax_snp	0	0	0	0	0	nobgs	V0.5_c1.5	4	4	4
emmax_snp_nonsingleton	0	0	0	0	0	nobgs	V0.5_c1.5	4	4	4
lfmm_snp	1	0	1	0	0	nobgs	V0.5_c1.5	4	4	4
emmax_snp	1	1	0	1	0	nobgs	V0.5_c1.5	4	5	3
emmax_snp_nonsingleton	1	1	0	1	0	nobgs	V0.5_c1.5	4	5	3
lfmm_snp	7	4	3	1	3	nobgs	V0.5_c1.5	4	5	3
emmax_snp	31	2	29	1	1	nobgs	V0.5_c1.5	4	6	2
emmax_snp_nonsingleton	31	2	29	1	1	nobgs	V0.5_c1.5	4	6	2
lfmm_snp	185	4	181	2	2	nobgs	V0.5_c1.5	4	6	2
emmax_snp	5	1	4	1	0	nobgs	V0.5_c1.5	4	7	2
emmax_snp_nonsingleton	5	1	4	1	0	nobgs	V0.5_c1.5	4	7	2
lfmm_snp	36	2	34	2	0	nobgs	V0.5_c1.5	4	7	2
emmax_snp	23	3	20	2	1	nobgs	V0.5_c1.5	4	8	2
emmax_snp_nonsingleton	23	3	20	2	1	nobgs	V0.5_c1.5	4	8	2
lfmm_snp	8	3	5	2	1	nobgs	V0.5_c1.5	4	8	2
emmax_snp	0	0	0	0	0	nobgs	V0.5_c1.5	4	9	2
emmax_snp_nonsingleton	0	0	0	0	0	nobgs	V0.5_c1.5	4	9	2
lfmm_snp	2	1	1	1	0	nobgs	V0.5_c1.5	4	9	2
emmax_snp	13	11	2	2	9	nobgs	V0.5_c1.5	4	10	3
emmax_snp_nonsingleton	12	11	1	2	9	nobgs	V0.5_c1.5	4	10	3
lfmm_snp	13	12	1	2	10	nobgs	V0.5_c1.5	4	10	3
emmax_snp	0	0	0	0	0	nobgs	V0.5_c1.5	5	1	2
emmax_snp_nonsingleton	0	0	0	0	0	nobgs	V0.5_c1.5	5	1	2
lfmm_snp	0	0	0	0	0	nobgs	V0.5_c1.5	5	1	2
emmax_snp	74	9	65	1	8	nobgs	V0.5_c1.5	5	2	2
emmax_snp_nonsingleton	72	9	63	1	8	nobgs	V0.5_c1.5	5	2	2
lfmm_snp	26	11	15	2	9	nobgs	V0.5_c1.5	5	2	2
emmax_snp	0	0	0	0	0	nobgs	V0.5_c1.5	5	3	3
emmax_snp_nonsingleton	0	0	0	0	0	nobgs	V0.5_c1.5	5	3	3
lfmm_snp	19	12	7	2	10	nobgs	V0.5_c1.5	5	3	3
emmax_snp	25	19	6	2	17	nobgs	V0.5_c1.5	5	4	3
emmax_snp_nonsingleton	24	19	5	2	17	nobgs	V0.5_c1.5	5	4	3
lfmm_snp	24	18	6	1	17	nobgs	V0.5_c1.5	5	4	3
emmax_snp	10	4	6	1	3	nobgs	V0.5_c1.5	5	5	3
emmax_snp_nonsingleton	10	4	6	1	3	nobgs	V0.5_c1.5	5	5	3
lfmm_snp	5	4	1	1	3	nobgs	V0.5_c1.5	5	5	3
emmax_snp	1	0	1	0	0	nobgs	V0.5_c1.5	5	6	1
emmax_snp_nonsingleton	1	0	1	0	0	nobgs	V0.5_c1.5	5	6	1
lfmm_snp	77	0	77	0	0	nobgs	V0.5_c1.5	5	6	1
emmax_snp	1	0	1	0	0	nobgs	V0.5_c1.5	5	7	2
emmax_snp_nonsingleton	0	0	0	0	0	nobgs	V0.5_c1.5	5	7	2
lfmm_snp	198	50	148	1	49	nobgs	V0.5_c1.5	5	7	2
emmax_snp	38	0	38	0	0	nobgs	V0.5_c1.5	5	8	2
emmax_snp_nonsingleton	38	0	38	0	0	nobgs	V0.5_c1.5	5	8	2
lfmm_snp	31	4	27	1	3	nobgs	V0.5_c1.5	5	8	2
emmax_snp	0	0	0	0	0	nobgs	V0.5_c1.5	5	9	2
emmax_snp_nonsingleton	0	0	0	0	0	nobgs	V0.5_c1.5	5	9	2
lfmm_snp	0	0	0	0	0	nobgs	V0.5_c1.5	5	9	2
emmax_snp	0	0	0	0	0	nobgs	V0.5_c1.5	5	10	2
emmax_snp_nonsingleton	0	0	0	0	0	nobgs	V0.5_c1.5	5	10	2
lfmm_snp	3	1	2	1	0	nobgs	V0.5_c1.5	5	10	2
emmax_snp	0	0	0	0	0	nobgs	V0.5_c1.5	6	1	3
emmax_snp_nonsingleton	0	0	0	0	0	nobgs	V0.5_c1.5	6	1	3
lfmm_snp	0	0	0	0	0	nobgs	V0.5_c1.5	6	1	3
emmax_snp	0	0	0	0	0	nobgs	V0.5_c1.5	6	2	2
emmax_snp_nonsingleton	0	0	0	0	0	nobgs	V0.5_c1.5	6	2	2
lfmm_snp	2	0	2	0	0	nobgs	V0.5_c1.5	6	2	2
emmax_snp	9	5	4	2	3	nobgs	V0.5_c1.5	6	3	4
emmax_snp_nonsingleton	9	5	4	2	3	nobgs	V0.5_c1.5	6	3	4
lfmm_snp	35	14	21	3	11	nobgs	V0.5_c1.5	6	3	4
emmax_snp	0	0	0	0	0	nobgs	V0.5_c1.5	6	4	3
emmax_snp_nonsingleton	0	0	0	0	0	nobgs	V0.5_c1.5	6	4	3
lfmm_snp	0	0	0	0	0	nobgs	V0.5_c1.5	6	4	3
emmax_snp	0	0	0	0	0	nobgs	V0.5_c1.5	6	5	3
emmax_snp_nonsingleton	0	0	0	0	0	nobgs	V0.5_c1.5	6	5	3
lfmm_snp	3	0	3	0	0	nobgs	V0.5_c1.5	6	5	3
emmax_snp	8	0	8	0	0	nobgs	V0.5_c1.5	6	6	3
emmax_snp_nonsingleton	8	0	8	0	0	nobgs	V0.5_c1.5	6	6	3
lfmm_snp	79	6	73	1	5	nobgs	V0.5_c1.5	6	6	3
emmax_snp	4	3	1	1	2	nobgs	V0.5_c1.5	6	7	4
emmax_snp_nonsingleton	4	3	1	1	2	nobgs	V0.5_c1.5	6	7	4
lfmm_snp	12	8	4	2	6	nobgs	V0.5_c1.5	6	7	4
emmax_snp	3	0	3	0	0	nobgs	V0.5_c1.5	6	8	3
emmax_snp_nonsingleton	3	0	3	0	0	nobgs	V0.5_c1.5	6	8	3
lfmm_snp	7	0	7	0	0	nobgs	V0.5_c1.5	6	8	3
emmax_snp	0	0	0	0	0	nobgs	V0.5_c1.5	6	9	4
emmax_snp_nonsingleton	0	0	0	0	0	nobgs	V0.5_c1.5	6	9	4
lfmm_snp	10	6	4	1	5	nobgs	V0.5_c1.5	6	9	4
emmax_snp	10	6	4	1	5	nobgs	V0.5_c1.5	6	10	3
emmax_snp_nonsingleton	10	6	4	1	5	nobgs	V0.5_c1.5	6	10	3
lfmm_snp	15	8	7	2	6	nobgs	V0.5_c1.5	6	10	3
emmax_snp	0	0	0	0	0	nobgs	V0.5_c1.5	7	1	3
emmax_snp_nonsingleton	0	0	0	0	0	nobgs	V0.5_c1.5	7	1	3
lfmm_snp	40	13	27	3	10	nobgs	V0.5_c1.5	7	1	3
emmax_snp	436	27	409	1	26	nobgs	V0.5_c1.5	7	2	3
emmax_snp_nonsingleton	430	27	403	1	26	nobgs	V0.5_c1.5	7	2	3
lfmm_snp	296	26	270	1	25	nobgs	V0.5_c1.5	7	2	3
emmax_snp	109	9	100	1	8	nobgs	V0.5_c1.5	7	3	2
emmax_snp_nonsingleton	108	9	99	1	8	nobgs	V0.5_c1.5	7	3	2
lfmm_snp	93	9	84	1	8	nobgs	V0.5_c1.5	7	3	2
emmax_snp	0	0	0	0	0	nobgs	V0.5_c1.5	7	4	2
emmax_snp_nonsingleton	0	0	0	0	0	nobgs	V0.5_c1.5	7	4	2
lfmm_snp	1	1	0	1	0	nobgs	V0.5_c1.5	7	4	2
emmax_snp	3	0	3	0	0	nobgs	V0.5_c1.5	7	5	3
emmax_snp_nonsingleton	2	0	2	0	0	nobgs	V0.5_c1.5	7	5	3
lfmm_snp	1	0	1	0	0	nobgs	V0.5_c1.5	7	5	3
emmax_snp	3	0	3	0	0	nobgs	V0.5_c1.5	7	6	2
emmax_snp_nonsingleton	3	0	3	0	0	nobgs	V0.5_c1.5	7	6	2
lfmm_snp	75	0	75	0	0	nobgs	V0.5_c1.5	7	6	2
emmax_snp	154	0	154	0	0	nobgs	V0.5_c1.5	7	7	2
emmax_snp_nonsingleton	153	0	153	0	0	nobgs	V0.5_c1.5	7	7	2
lfmm_snp	130	0	130	0	0	nobgs	V0.5_c1.5	7	7	2
emmax_snp	91	26	65	1	25	nobgs	V0.5_c1.5	7	8	2
emmax_snp_nonsingleton	90	26	64	1	25	nobgs	V0.5_c1.5	7	8	2
lfmm_snp	2	0	2	0	0	nobgs	V0.5_c1.5	7	8	2
emmax_snp	0	0	0	0	0	nobgs	V0.5_c1.5	7	9	3
emmax_snp_nonsingleton	0	0	0	0	0	nobgs	V0.5_c1.5	7	9	3
lfmm_snp	0	0	0	0	0	nobgs	V0.5_c1.5	7	9	3
emmax_snp	0	0	0	0	0	nobgs	V0.5_c1.5	7	10	2
emmax_snp_nonsingleton	0	0	0	0	0	nobgs	V0.5_c1.5	7	10	2
lfmm_snp	3	0	3	0	0	nobgs	V0.5_c1.5	7	10	2
emmax_snp	6	0	6	0	0	nobgs	V0.5_c1.5	8	1	1
emmax_snp_nonsingleton	6	0	6	0	0	nobgs	V0.5_c1.5	8	1	1
lfmm_snp	0	0	0	0	0	nobgs	V0.5_c1.5	8	1	1
emmax_snp	39	3	36	1	2	nobgs	V0.5_c1.5	8	2	3
emmax_snp_nonsingleton	38	3	35	1	2	nobgs	V0.5_c1.5	8	2	3
lfmm_snp	58	6	52	1	5	nobgs	V0.5_c1.5	8	2	3
emmax_snp	53	14	39	1	13	nobgs	V0.5_c1.5	8	3	2
emmax_snp_nonsingleton	49	14	35	1	13	nobgs	V0.5_c1.5	8	3	2
lfmm_snp	15	0	15	0	0	nobgs	V0.5_c1.5	8	3	2
emmax_snp	0	0	0	0	0	nobgs	V0.5_c1.5	8	4	2
emmax_snp_nonsingleton	0	0	0	0	0	nobgs	V0.5_c1.5	8	4	2
lfmm_snp	4	0	4	0	0	nobgs	V0.5_c1.5	8	4	2
emmax_snp	0	0	0	0	0	nobgs	V0.5_c1.5	8	5	1
emmax_snp_nonsingleton	0	0	0	0	0	nobgs	V0.5_c1.5	8	5	1
lfmm_snp	0	0	0	0	0	nobgs	V0.5_c1.5	8	5	1
emmax_snp	26	2	24	1	1	nobgs	V0.5_c1.5	8	6	3
emmax_snp_nonsingleton	25	2	23	1	1	nobgs	V0.5_c1.5	8	6	3
lfmm_snp	46	5	41	1	4	nobgs	V0.5_c1.5	8	6	3
emmax_snp	0	0	0	0	0	nobgs	V0.5_c1.5	8	7	3
emmax_snp_nonsingleton	0	0	0	0	0	nobgs	V0.5_c1.5	8	7	3
lfmm_snp	14	1	13	1	0	nobgs	V0.5_c1.5	8	7	3
emmax_snp	19	14	5	2	12	nobgs	V0.5_c1.5	8	8	2
emmax_snp_nonsingleton	19	14	5	2	12	nobgs	V0.5_c1.5	8	8	2
lfmm_snp	31	18	13	2	16	nobgs	V0.5_c1.5	8	8	2
emmax_snp	0	0	0	0	0	nobgs	V0.5_c1.5	8	9	3
emmax_snp_nonsingleton	0	0	0	0	0	nobgs	V0.5_c1.5	8	9	3
lfmm_snp	0	0	0	0	0	nobgs	V0.5_c1.5	8	9	3
emmax_snp	58	30	28	2	28	nobgs	V0.5_c1.5	8	10	3
emmax_snp_nonsingleton	56	30	26	2	28	nobgs	V0.5_c1.5	8	10	3
lfmm_snp	51	34	17	2	32	nobgs	V0.5_c1.5	8	10	3
emmax_snp	0	0	0	0	0	nobgs	V0.5_c1.5	9	1	2
emmax_snp_nonsingleton	0	0	0	0	0	nobgs	V0.5_c1.5	9	1	2
lfmm_snp	0	0	0	0	0	nobgs	V0.5_c1.5	9	1	2
emmax_snp	17	1	16	1	0	nobgs	V0.5_c1.5	9	2	2
emmax_snp_nonsingleton	15	1	14	1	0	nobgs	V0.5_c1.5	9	2	2
lfmm_snp	13	1	12	1	0	nobgs	V0.5_c1.5	9	2	2
emmax_snp	13	6	7	2	4	nobgs	V0.5_c1.5	9	3	4
emmax_snp_nonsingleton	12	6	6	2	4	nobgs	V0.5_c1.5	9	3	4
lfmm_snp	16	9	7	3	6	nobgs	V0.5_c1.5	9	3	4
emmax_snp	1	1	0	1	0	nobgs	V0.5_c1.5	9	4	3
emmax_snp_nonsingleton	1	1	0	1	0	nobgs	V0.5_c1.5	9	4	3
lfmm_snp	1	1	0	1	0	nobgs	V0.5_c1.5	9	4	3
emmax_snp	1	0	1	0	0	nobgs	V0.5_c1.5	9	5	2
emmax_snp_nonsingleton	1	0	1	0	0	nobgs	V0.5_c1.5	9	5	2
lfmm_snp	7	0	7	0	0	nobgs	V0.5_c1.5	9	5	2
emmax_snp	1	0	1	0	0	nobgs	V0.5_c1.5	9	6	4
emmax_snp_nonsingleton	1	0	1	0	0	nobgs	V0.5_c1.5	9	6	4
lfmm_snp	57	2	55	1	1	nobgs	V0.5_c1.5	9	6	4
emmax_snp	0	0	0	0	0	nobgs	V0.5_c1.5	9	7	2
emmax_snp_nonsingleton	0	0	0	0	0	nobgs	V0.5_c1.5	9	7	2
lfmm_snp	7	1	6	1	0	nobgs	V0.5_c1.5	9	7	2
emmax_snp	1	0	1	0	0	nobgs	V0.5_c1.5	9	8	2
emmax_snp_nonsingleton	1	0	1	0	0	nobgs	V0.5_c1.5	9	8	2
lfmm_snp	34	0	34	0	0	nobgs	V0.5_c1.5	9	8	2
emmax_snp	0	0	0	0	0	nobgs	V0.5_c1.5	9	9	3
emmax_snp_nonsingleton	0	0	0	0	0	nobgs	V0.5_c1.5	9	9	3
lfmm_snp	34	22	12	1	21	nobgs	V0.5_c1.5	9	9	3
emmax_snp	0	0	0	0	0	nobgs	V0.5_c1.5	9	10	2
emmax_snp_nonsingleton	0	0	0	0	0	nobgs	V0.5_c1.5	9	10	2
lfmm_snp	0	0	0	0	0	nobgs	V0.5_c1.5	9	10	2
emmax_snp	2	2	0	1	1	nobgs	V0.5_c1.5	10	1	2
emmax_snp_nonsingleton	2	2	0	1	1	nobgs	V0.5_c1.5	10	1	2
lfmm_snp	5	1	4	1	0	nobgs	V0.5_c1.5	10	1	2
emmax_snp	4	0	4	0	0	nobgs	V0.5_c1.5	10	2	4
emmax_snp_nonsingleton	4	0	4	0	0	nobgs	V0.5_c1.5	10	2	4
lfmm_snp	4	1	3	1	0	nobgs	V0.5_c1.5	10	2	4
emmax_snp	7	1	6	1	0	nobgs	V0.5_c1.5	10	3	3
emmax_snp_nonsingleton	6	1	5	1	0	nobgs	V0.5_c1.5	10	3	3
lfmm_snp	2	1	1	1	0	nobgs	V0.5_c1.5	10	3	3
emmax_snp	6	6	0	1	5	nobgs	V0.5_c1.5	10	4	3
emmax_snp_nonsingleton	6	6	0	1	5	nobgs	V0.5_c1.5	10	4	3
lfmm_snp	6	6	0	1	5	nobgs	V0.5_c1.5	10	4	3
emmax_snp	2	0	2	0	0	nobgs	V0.5_c1.5	10	5	2
emmax_snp_nonsingleton	2	0	2	0	0	nobgs	V0.5_c1.5	10	5	2
lfmm_snp	5	0	5	0	0	nobgs	V0.5_c1.5	10	5	2
emmax_snp	23	0	23	0	0	nobgs	V0.5_c1.5	10	6	3
emmax_snp_nonsingleton	22	0	22	0	0	nobgs	V0.5_c1.5	10	6	3
lfmm_snp	54	1	53	1	0	nobgs	V0.5_c1.5	10	6	3
emmax_snp	3	2	1	1	1	nobgs	V0.5_c1.5	10	7	4
emmax_snp_nonsingleton	3	2	1	1	1	nobgs	V0.5_c1.5	10	7	4
lfmm_snp	18	2	16	1	1	nobgs	V0.5_c1.5	10	7	4
emmax_snp	5	0	5	0	0	nobgs	V0.5_c1.5	10	8	5
emmax_snp_nonsingleton	5	0	5	0	0	nobgs	V0.5_c1.5	10	8	5
lfmm_snp	25	0	25	0	0	nobgs	V0.5_c1.5	10	8	5
emmax_snp	13	3	10	1	2	nobgs	V0.5_c1.5	10	9	4
emmax_snp_nonsingleton	13	3	10	1	2	nobgs	V0.5_c1.5	10	9	4
lfmm_snp	24	6	18	2	4	nobgs	V0.5_c1.5	10	9	4
emmax_snp	1	0	1	0	0	nobgs	V0.5_c1.5	10	10	2
emmax_snp_nonsingleton	1	0	1	0	0	nobgs	V0.5_c1.5	10	10	2
lfmm_snp	49	0	49	0	0	nobgs	V0.5_c1.5	10	10	2
emmax_snp	0	0	0	0	0	nobgs	V0.5_c2	1	1	4
emmax_snp_nonsingleton	0	0	0	0	0	nobgs	V0.5_c2	1	1	4
lfmm_snp	42	0	42	0	0	nobgs	V0.5_c2	1	1	4
emmax_snp	56	0	56	0	0	nobgs	V0.5_c2	1	2	4
emmax_snp_nonsingleton	54	0	54	0	0	nobgs	V0.5_c2	1	2	4
lfmm_snp	85	1	84	1	0	nobgs	V0.5_c2	1	2	4
emmax_snp	14	0	14	0	0	nobgs	V0.5_c2	1	3	5
emmax_snp_nonsingleton	14	0	14	0	0	nobgs	V0.5_c2	1	3	5
lfmm_snp	82	6	76	1	5	nobgs	V0.5_c2	1	3	5
emmax_snp	24	0	24	0	0	nobgs	V0.5_c2	1	4	3
emmax_snp_nonsingleton	24	0	24	0	0	nobgs	V0.5_c2	1	4	3
lfmm_snp	75	1	74	1	0	nobgs	V0.5_c2	1	4	3
emmax_snp	64	0	64	0	0	nobgs	V0.5_c2	1	5	3
emmax_snp_nonsingleton	63	0	63	0	0	nobgs	V0.5_c2	1	5	3
lfmm_snp	78	1	77	1	0	nobgs	V0.5_c2	1	5	3
emmax_snp	68	0	68	0	0	nobgs	V0.5_c2	1	6	4
emmax_snp_nonsingleton	67	0	67	0	0	nobgs	V0.5_c2	1	6	4
lfmm_snp	205	0	205	0	0	nobgs	V0.5_c2	1	6	4
emmax_snp	63	1	62	1	0	nobgs	V0.5_c2	1	7	5
emmax_snp_nonsingleton	61	1	60	1	0	nobgs	V0.5_c2	1	7	5
lfmm_snp	92	2	90	2	0	nobgs	V0.5_c2	1	7	5
emmax_snp	25	0	25	0	0	nobgs	V0.5_c2	1	8	3
emmax_snp_nonsingleton	25	0	25	0	0	nobgs	V0.5_c2	1	8	3
lfmm_snp	191	0	191	0	0	nobgs	V0.5_c2	1	8	3
emmax_snp	0	0	0	0	0	nobgs	V0.5_c2	1	9	4
emmax_snp_nonsingleton	0	0	0	0	0	nobgs	V0.5_c2	1	9	4
lfmm_snp	50	0	50	0	0	nobgs	V0.5_c2	1	9	4
emmax_snp	19	0	19	0	0	nobgs	V0.5_c2	1	10	4
emmax_snp_nonsingleton	19	0	19	0	0	nobgs	V0.5_c2	1	10	4
lfmm_snp	87	1	86	1	0	nobgs	V0.5_c2	1	10	4
emmax_snp	0	0	0	0	0	nobgs	V0.5_c2	2	1	4
emmax_snp_nonsingleton	0	0	0	0	0	nobgs	V0.5_c2	2	1	4
lfmm_snp	18	1	17	1	0	nobgs	V0.5_c2	2	1	4
emmax_snp	176	1	175	1	0	nobgs	V0.5_c2	2	2	4
emmax_snp_nonsingleton	172	1	171	1	0	nobgs	V0.5_c2	2	2	4
lfmm_snp	773	4	769	1	3	nobgs	V0.5_c2	2	2	4
emmax_snp	188	0	188	0	0	nobgs	V0.5_c2	2	3	3
emmax_snp_nonsingleton	186	0	186	0	0	nobgs	V0.5_c2	2	3	3
lfmm_snp	186	8	178	1	7	nobgs	V0.5_c2	2	3	3
emmax_snp	85	0	85	0	0	nobgs	V0.5_c2	2	4	3
emmax_snp_nonsingleton	81	0	81	0	0	nobgs	V0.5_c2	2	4	3
lfmm_snp	181	0	181	0	0	nobgs	V0.5_c2	2	4	3
emmax_snp	36	1	35	1	0	nobgs	V0.5_c2	2	5	4
emmax_snp_nonsingleton	33	0	33	0	0	nobgs	V0.5_c2	2	5	4
lfmm_snp	21	1	20	1	0	nobgs	V0.5_c2	2	5	4
emmax_snp	63	0	63	0	0	nobgs	V0.5_c2	2	6	3
emmax_snp_nonsingleton	62	0	62	0	0	nobgs	V0.5_c2	2	6	3
lfmm_snp	394	0	394	0	0	nobgs	V0.5_c2	2	6	3
emmax_snp	69	0	69	0	0	nobgs	V0.5_c2	2	7	3
emmax_snp_nonsingleton	68	0	68	0	0	nobgs	V0.5_c2	2	7	3
lfmm_snp	164	0	164	0	0	nobgs	V0.5_c2	2	7	3
emmax_snp	17	0	17	0	0	nobgs	V0.5_c2	2	8	3
emmax_snp_nonsingleton	17	0	17	0	0	nobgs	V0.5_c2	2	8	3
lfmm_snp	33	0	33	0	0	nobgs	V0.5_c2	2	8	3
emmax_snp	0	0	0	0	0	nobgs	V0.5_c2	2	9	3
emmax_snp_nonsingleton	0	0	0	0	0	nobgs	V0.5_c2	2	9	3
lfmm_snp	83	1	82	1	0	nobgs	V0.5_c2	2	9	3
emmax_snp	28	0	28	0	0	nobgs	V0.5_c2	2	10	3
emmax_snp_nonsingleton	28	0	28	0	0	nobgs	V0.5_c2	2	10	3
lfmm_snp	55	0	55	0	0	nobgs	V0.5_c2	2	10	3
emmax_snp	113	4	109	2	2	nobgs	V0.5_c2	3	1	4
emmax_snp_nonsingleton	110	4	106	2	2	nobgs	V0.5_c2	3	1	4
lfmm_snp	241	7	234	3	4	nobgs	V0.5_c2	3	1	4
emmax_snp	159	6	153	1	5	nobgs	V0.5_c2	3	2	2
emmax_snp_nonsingleton	154	6	148	1	5	nobgs	V0.5_c2	3	2	2
lfmm_snp	470	11	459	1	10	nobgs	V0.5_c2	3	2	2
emmax_snp	134	0	134	0	0	nobgs	V0.5_c2	3	3	4
emmax_snp_nonsingleton	132	0	132	0	0	nobgs	V0.5_c2	3	3	4
lfmm_snp	144	1	143	1	0	nobgs	V0.5_c2	3	3	4
emmax_snp	4	0	4	0	0	nobgs	V0.5_c2	3	4	4
emmax_snp_nonsingleton	3	0	3	0	0	nobgs	V0.5_c2	3	4	4
lfmm_snp	19	3	16	1	2	nobgs	V0.5_c2	3	4	4
emmax_snp	20	0	20	0	0	nobgs	V0.5_c2	3	5	4
emmax_snp_nonsingleton	17	0	17	0	0	nobgs	V0.5_c2	3	5	4
lfmm_snp	122	2	120	2	0	nobgs	V0.5_c2	3	5	4
emmax_snp	151	0	151	0	0	nobgs	V0.5_c2	3	6	4
emmax_snp_nonsingleton	148	0	148	0	0	nobgs	V0.5_c2	3	6	4
lfmm_snp	287	1	286	1	0	nobgs	V0.5_c2	3	6	4
emmax_snp	59	0	59	0	0	nobgs	V0.5_c2	3	7	3
emmax_snp_nonsingleton	59	0	59	0	0	nobgs	V0.5_c2	3	7	3
lfmm_snp	79	0	79	0	0	nobgs	V0.5_c2	3	7	3
emmax_snp	54	2	52	1	1	nobgs	V0.5_c2	3	8	2
emmax_snp_nonsingleton	53	2	51	1	1	nobgs	V0.5_c2	3	8	2
lfmm_snp	70	1	69	1	0	nobgs	V0.5_c2	3	8	2
emmax_snp	0	0	0	0	0	nobgs	V0.5_c2	3	9	3
emmax_snp_nonsingleton	0	0	0	0	0	nobgs	V0.5_c2	3	9	3
lfmm_snp	182	8	174	2	6	nobgs	V0.5_c2	3	9	3
emmax_snp	44	0	44	0	0	nobgs	V0.5_c2	3	10	4
emmax_snp_nonsingleton	44	0	44	0	0	nobgs	V0.5_c2	3	10	4
lfmm_snp	69	5	64	1	4	nobgs	V0.5_c2	3	10	4
emmax_snp	36	3	33	1	2	nobgs	V0.5_c2	4	1	3
emmax_snp_nonsingleton	36	3	33	1	2	nobgs	V0.5_c2	4	1	3
lfmm_snp	55	4	51	2	2	nobgs	V0.5_c2	4	1	3
emmax_snp	36	0	36	0	0	nobgs	V0.5_c2	4	2	2
emmax_snp_nonsingleton	35	0	35	0	0	nobgs	V0.5_c2	4	2	2
lfmm_snp	207	6	201	1	5	nobgs	V0.5_c2	4	2	2
emmax_snp	17	0	17	0	0	nobgs	V0.5_c2	4	3	4
emmax_snp_nonsingleton	17	0	17	0	0	nobgs	V0.5_c2	4	3	4
lfmm_snp	36	0	36	0	0	nobgs	V0.5_c2	4	3	4
emmax_snp	104	0	104	0	0	nobgs	V0.5_c2	4	4	4
emmax_snp_nonsingleton	103	0	103	0	0	nobgs	V0.5_c2	4	4	4
lfmm_snp	157	0	157	0	0	nobgs	V0.5_c2	4	4	4
emmax_snp	59	0	59	0	0	nobgs	V0.5_c2	4	5	4
emmax_snp_nonsingleton	57	0	57	0	0	nobgs	V0.5_c2	4	5	4
lfmm_snp	193	0	193	0	0	nobgs	V0.5_c2	4	5	4
emmax_snp	6	0	6	0	0	nobgs	V0.5_c2	4	6	3
emmax_snp_nonsingleton	6	0	6	0	0	nobgs	V0.5_c2	4	6	3
lfmm_snp	392	14	378	3	11	nobgs	V0.5_c2	4	6	3
emmax_snp	32	0	32	0	0	nobgs	V0.5_c2	4	7	2
emmax_snp_nonsingleton	32	0	32	0	0	nobgs	V0.5_c2	4	7	2
lfmm_snp	128	0	128	0	0	nobgs	V0.5_c2	4	7	2
emmax_snp	134	0	134	0	0	nobgs	V0.5_c2	4	8	2
emmax_snp_nonsingleton	132	0	132	0	0	nobgs	V0.5_c2	4	8	2
lfmm_snp	372	1	371	1	0	nobgs	V0.5_c2	4	8	2
emmax_snp	4	0	4	0	0	nobgs	V0.5_c2	4	9	4
emmax_snp_nonsingleton	4	0	4	0	0	nobgs	V0.5_c2	4	9	4
lfmm_snp	14	0	14	0	0	nobgs	V0.5_c2	4	9	4
emmax_snp	20	0	20	0	0	nobgs	V0.5_c2	4	10	4
emmax_snp_nonsingleton	20	0	20	0	0	nobgs	V0.5_c2	4	10	4
lfmm_snp	46	0	46	0	0	nobgs	V0.5_c2	4	10	4
emmax_snp	45	0	45	0	0	nobgs	V0.5_c2	5	1	3
emmax_snp_nonsingleton	44	0	44	0	0	nobgs	V0.5_c2	5	1	3
lfmm_snp	53	5	48	1	4	nobgs	V0.5_c2	5	1	3
emmax_snp	114	0	114	0	0	nobgs	V0.5_c2	5	2	4
emmax_snp_nonsingleton	110	0	110	0	0	nobgs	V0.5_c2	5	2	4
lfmm_snp	211	0	211	0	0	nobgs	V0.5_c2	5	2	4
emmax_snp	75	0	75	0	0	nobgs	V0.5_c2	5	3	4
emmax_snp_nonsingleton	74	0	74	0	0	nobgs	V0.5_c2	5	3	4
lfmm_snp	96	0	96	0	0	nobgs	V0.5_c2	5	3	4
emmax_snp	93	3	90	2	1	nobgs	V0.5_c2	5	4	3
emmax_snp_nonsingleton	91	2	89	1	1	nobgs	V0.5_c2	5	4	3
lfmm_snp	128	3	125	2	1	nobgs	V0.5_c2	5	4	3
emmax_snp	1	0	1	0	0	nobgs	V0.5_c2	5	5	5
emmax_snp_nonsingleton	1	0	1	0	0	nobgs	V0.5_c2	5	5	5
lfmm_snp	60	11	49	1	10	nobgs	V0.5_c2	5	5	5
emmax_snp	69	0	69	0	0	nobgs	V0.5_c2	5	6	3
emmax_snp_nonsingleton	68	0	68	0	0	nobgs	V0.5_c2	5	6	3
lfmm_snp	311	1	310	1	0	nobgs	V0.5_c2	5	6	3
emmax_snp	92	3	89	1	2	nobgs	V0.5_c2	5	7	4
emmax_snp_nonsingleton	91	3	88	1	2	nobgs	V0.5_c2	5	7	4
lfmm_snp	135	6	129	1	5	nobgs	V0.5_c2	5	7	4
emmax_snp	144	1	143	1	0	nobgs	V0.5_c2	5	8	4
emmax_snp_nonsingleton	139	1	138	1	0	nobgs	V0.5_c2	5	8	4
lfmm_snp	91	1	90	1	0	nobgs	V0.5_c2	5	8	4
emmax_snp	0	0	0	0	0	nobgs	V0.5_c2	5	9	3
emmax_snp_nonsingleton	0	0	0	0	0	nobgs	V0.5_c2	5	9	3
lfmm_snp	81	1	80	1	0	nobgs	V0.5_c2	5	9	3
emmax_snp	16	0	16	0	0	nobgs	V0.5_c2	5	10	4
emmax_snp_nonsingleton	15	0	15	0	0	nobgs	V0.5_c2	5	10	4
lfmm_snp	56	1	55	1	0	nobgs	V0.5_c2	5	10	4
emmax_snp	1	0	1	0	0	nobgs	V0.5_c2	6	1	3
emmax_snp_nonsingleton	1	0	1	0	0	nobgs	V0.5_c2	6	1	3
lfmm_snp	34	13	21	2	11	nobgs	V0.5_c2	6	1	3
emmax_snp	91	0	91	0	0	nobgs	V0.5_c2	6	2	4
emmax_snp_nonsingleton	90	0	90	0	0	nobgs	V0.5_c2	6	2	4
lfmm_snp	303	0	303	0	0	nobgs	V0.5_c2	6	2	4
emmax_snp	41	0	41	0	0	nobgs	V0.5_c2	6	3	3
emmax_snp_nonsingleton	40	0	40	0	0	nobgs	V0.5_c2	6	3	3
lfmm_snp	66	0	66	0	0	nobgs	V0.5_c2	6	3	3
emmax_snp	10	0	10	0	0	nobgs	V0.5_c2	6	4	5
emmax_snp_nonsingleton	10	0	10	0	0	nobgs	V0.5_c2	6	4	5
lfmm_snp	127	16	111	3	13	nobgs	V0.5_c2	6	4	5
emmax_snp	0	0	0	0	0	nobgs	V0.5_c2	6	5	5
emmax_snp_nonsingleton	0	0	0	0	0	nobgs	V0.5_c2	6	5	5
lfmm_snp	276	24	252	1	23	nobgs	V0.5_c2	6	5	5
emmax_snp	70	0	70	0	0	nobgs	V0.5_c2	6	6	3
emmax_snp_nonsingleton	70	0	70	0	0	nobgs	V0.5_c2	6	6	3
lfmm_snp	262	0	262	0	0	nobgs	V0.5_c2	6	6	3
emmax_snp	24	0	24	0	0	nobgs	V0.5_c2	6	7	4
emmax_snp_nonsingleton	24	0	24	0	0	nobgs	V0.5_c2	6	7	4
lfmm_snp	43	0	43	0	0	nobgs	V0.5_c2	6	7	4
emmax_snp	100	18	82	2	16	nobgs	V0.5_c2	6	8	5
emmax_snp_nonsingleton	95	18	77	2	16	nobgs	V0.5_c2	6	8	5
lfmm_snp	291	39	252	3	36	nobgs	V0.5_c2	6	8	5
emmax_snp	24	0	24	0	0	nobgs	V0.5_c2	6	9	4
emmax_snp_nonsingleton	22	0	22	0	0	nobgs	V0.5_c2	6	9	4
lfmm_snp	25	0	25	0	0	nobgs	V0.5_c2	6	9	4
emmax_snp	25	1	24	1	0	nobgs	V0.5_c2	6	10	5
emmax_snp_nonsingleton	25	1	24	1	0	nobgs	V0.5_c2	6	10	5
lfmm_snp	116	4	112	1	3	nobgs	V0.5_c2	6	10	5
emmax_snp	18	0	18	0	0	nobgs	V0.5_c2	7	1	3
emmax_snp_nonsingleton	17	0	17	0	0	nobgs	V0.5_c2	7	1	3
lfmm_snp	0	0	0	0	0	nobgs	V0.5_c2	7	1	3
emmax_snp	242	1	241	1	0	nobgs	V0.5_c2	7	2	3
emmax_snp_nonsingleton	236	1	235	1	0	nobgs	V0.5_c2	7	2	3
lfmm_snp	153	2	151	2	0	nobgs	V0.5_c2	7	2	3
emmax_snp	106	0	106	0	0	nobgs	V0.5_c2	7	3	5
emmax_snp_nonsingleton	102	0	102	0	0	nobgs	V0.5_c2	7	3	5
lfmm_snp	109	18	91	1	17	nobgs	V0.5_c2	7	3	5
emmax_snp	12	0	12	0	0	nobgs	V0.5_c2	7	4	3
emmax_snp_nonsingleton	11	0	11	0	0	nobgs	V0.5_c2	7	4	3
lfmm_snp	142	0	142	0	0	nobgs	V0.5_c2	7	4	3
emmax_snp	3	0	3	0	0	nobgs	V0.5_c2	7	5	3
emmax_snp_nonsingleton	3	0	3	0	0	nobgs	V0.5_c2	7	5	3
lfmm_snp	32	0	32	0	0	nobgs	V0.5_c2	7	5	3
emmax_snp	80	0	80	0	0	nobgs	V0.5_c2	7	6	4
emmax_snp_nonsingleton	75	0	75	0	0	nobgs	V0.5_c2	7	6	4
lfmm_snp	631	0	631	0	0	nobgs	V0.5_c2	7	6	4
emmax_snp	19	0	19	0	0	nobgs	V0.5_c2	7	7	5
emmax_snp_nonsingleton	19	0	19	0	0	nobgs	V0.5_c2	7	7	5
lfmm_snp	48	0	48	0	0	nobgs	V0.5_c2	7	7	5
emmax_snp	22	0	22	0	0	nobgs	V0.5_c2	7	8	4
emmax_snp_nonsingleton	21	0	21	0	0	nobgs	V0.5_c2	7	8	4
lfmm_snp	9	0	9	0	0	nobgs	V0.5_c2	7	8	4
emmax_snp	0	0	0	0	0	nobgs	V0.5_c2	7	9	3
emmax_snp_nonsingleton	0	0	0	0	0	nobgs	V0.5_c2	7	9	3
lfmm_snp	103	0	103	0	0	nobgs	V0.5_c2	7	9	3
emmax_snp	91	17	74	1	16	nobgs	V0.5_c2	7	10	3
emmax_snp_nonsingleton	91	17	74	1	16	nobgs	V0.5_c2	7	10	3
lfmm_snp	221	22	199	2	20	nobgs	V0.5_c2	7	10	3
emmax_snp	1	0	1	0	0	nobgs	V0.5_c2	8	1	3
emmax_snp_nonsingleton	1	0	1	0	0	nobgs	V0.5_c2	8	1	3
lfmm_snp	19	0	19	0	0	nobgs	V0.5_c2	8	1	3
emmax_snp	79	0	79	0	0	nobgs	V0.5_c2	8	2	2
emmax_snp_nonsingleton	77	0	77	0	0	nobgs	V0.5_c2	8	2	2
lfmm_snp	232	0	232	0	0	nobgs	V0.5_c2	8	2	2
emmax_snp	50	0	50	0	0	nobgs	V0.5_c2	8	3	4
emmax_snp_nonsingleton	50	0	50	0	0	nobgs	V0.5_c2	8	3	4
lfmm_snp	56	0	56	0	0	nobgs	V0.5_c2	8	3	4
emmax_snp	40	0	40	0	0	nobgs	V0.5_c2	8	4	3
emmax_snp_nonsingleton	40	0	40	0	0	nobgs	V0.5_c2	8	4	3
lfmm_snp	106	1	105	1	0	nobgs	V0.5_c2	8	4	3
emmax_snp	40	0	40	0	0	nobgs	V0.5_c2	8	5	3
emmax_snp_nonsingleton	40	0	40	0	0	nobgs	V0.5_c2	8	5	3
lfmm_snp	72	0	72	0	0	nobgs	V0.5_c2	8	5	3
emmax_snp	70	0	70	0	0	nobgs	V0.5_c2	8	6	5
emmax_snp_nonsingleton	67	0	67	0	0	nobgs	V0.5_c2	8	6	5
lfmm_snp	155	2	153	2	0	nobgs	V0.5_c2	8	6	5
emmax_snp	28	0	28	0	0	nobgs	V0.5_c2	8	7	3
emmax_snp_nonsingleton	26	0	26	0	0	nobgs	V0.5_c2	8	7	3
lfmm_snp	60	1	59	1	0	nobgs	V0.5_c2	8	7	3
emmax_snp	66	1	65	1	0	nobgs	V0.5_c2	8	8	4
emmax_snp_nonsingleton	62	1	61	1	0	nobgs	V0.5_c2	8	8	4
lfmm_snp	170	0	170	0	0	nobgs	V0.5_c2	8	8	4
emmax_snp	15	0	15	0	0	nobgs	V0.5_c2	8	9	5
emmax_snp_nonsingleton	15	0	15	0	0	nobgs	V0.5_c2	8	9	5
lfmm_snp	40	0	40	0	0	nobgs	V0.5_c2	8	9	5
emmax_snp	38	13	25	1	12	nobgs	V0.5_c2	8	10	5
emmax_snp_nonsingleton	38	13	25	1	12	nobgs	V0.5_c2	8	10	5
lfmm_snp	131	13	118	1	12	nobgs	V0.5_c2	8	10	5
emmax_snp	1	0	1	0	0	nobgs	V0.5_c2	9	1	4
emmax_snp_nonsingleton	1	0	1	0	0	nobgs	V0.5_c2	9	1	4
lfmm_snp	47	1	46	1	0	nobgs	V0.5_c2	9	1	4
emmax_snp	73	0	73	0	0	nobgs	V0.5_c2	9	2	2
emmax_snp_nonsingleton	72	0	72	0	0	nobgs	V0.5_c2	9	2	2
lfmm_snp	66	0	66	0	0	nobgs	V0.5_c2	9	2	2
emmax_snp	69	0	69	0	0	nobgs	V0.5_c2	9	3	2
emmax_snp_nonsingleton	67	0	67	0	0	nobgs	V0.5_c2	9	3	2
lfmm_snp	76	0	76	0	0	nobgs	V0.5_c2	9	3	2
emmax_snp	38	0	38	0	0	nobgs	V0.5_c2	9	4	4
emmax_snp_nonsingleton	38	0	38	0	0	nobgs	V0.5_c2	9	4	4
lfmm_snp	83	0	83	0	0	nobgs	V0.5_c2	9	4	4
emmax_snp	1	0	1	0	0	nobgs	V0.5_c2	9	5	3
emmax_snp_nonsingleton	1	0	1	0	0	nobgs	V0.5_c2	9	5	3
lfmm_snp	89	1	88	1	0	nobgs	V0.5_c2	9	5	3
emmax_snp	68	0	68	0	0	nobgs	V0.5_c2	9	6	3
emmax_snp_nonsingleton	66	0	66	0	0	nobgs	V0.5_c2	9	6	3
lfmm_snp	560	2	558	2	0	nobgs	V0.5_c2	9	6	3
emmax_snp	49	6	43	2	4	nobgs	V0.5_c2	9	7	3
emmax_snp_nonsingleton	49	6	43	2	4	nobgs	V0.5_c2	9	7	3
lfmm_snp	69	6	63	1	5	nobgs	V0.5_c2	9	7	3
emmax_snp	30	1	29	1	0	nobgs	V0.5_c2	9	8	2
emmax_snp_nonsingleton	27	0	27	0	0	nobgs	V0.5_c2	9	8	2
lfmm_snp	107	3	104	1	2	nobgs	V0.5_c2	9	8	2
emmax_snp	12	0	12	0	0	nobgs	V0.5_c2	9	9	3
emmax_snp_nonsingleton	12	0	12	0	0	nobgs	V0.5_c2	9	9	3
lfmm_snp	15	0	15	0	0	nobgs	V0.5_c2	9	9	3
emmax_snp	18	0	18	0	0	nobgs	V0.5_c2	9	10	3
emmax_snp_nonsingleton	17	0	17	0	0	nobgs	V0.5_c2	9	10	3
lfmm_snp	95	6	89	1	5	nobgs	V0.5_c2	9	10	3
emmax_snp	26	0	26	0	0	nobgs	V0.5_c2	10	1	4
emmax_snp_nonsingleton	26	0	26	0	0	nobgs	V0.5_c2	10	1	4
lfmm_snp	18	2	16	1	1	nobgs	V0.5_c2	10	1	4
emmax_snp	35	0	35	0	0	nobgs	V0.5_c2	10	2	2
emmax_snp_nonsingleton	33	0	33	0	0	nobgs	V0.5_c2	10	2	2
lfmm_snp	145	1	144	1	0	nobgs	V0.5_c2	10	2	2
emmax_snp	172	4	168	2	2	nobgs	V0.5_c2	10	3	4
emmax_snp_nonsingleton	172	4	168	2	2	nobgs	V0.5_c2	10	3	4
lfmm_snp	123	4	119	2	2	nobgs	V0.5_c2	10	3	4
emmax_snp	9	1	8	1	0	nobgs	V0.5_c2	10	4	2
emmax_snp_nonsingleton	8	0	8	0	0	nobgs	V0.5_c2	10	4	2
lfmm_snp	22	1	21	1	0	nobgs	V0.5_c2	10	4	2
emmax_snp	10	0	10	0	0	nobgs	V0.5_c2	10	5	3
emmax_snp_nonsingleton	9	0	9	0	0	nobgs	V0.5_c2	10	5	3
lfmm_snp	37	5	32	2	3	nobgs	V0.5_c2	10	5	3
emmax_snp	31	0	31	0	0	nobgs	V0.5_c2	10	6	4
emmax_snp_nonsingleton	31	0	31	0	0	nobgs	V0.5_c2	10	6	4
lfmm_snp	141	2	139	1	1	nobgs	V0.5_c2	10	6	4
emmax_snp	52	1	51	1	0	nobgs	V0.5_c2	10	7	2
emmax_snp_nonsingleton	51	1	50	1	0	nobgs	V0.5_c2	10	7	2
lfmm_snp	98	1	97	1	0	nobgs	V0.5_c2	10	7	2
emmax_snp	90	0	90	0	0	nobgs	V0.5_c2	10	8	1
emmax_snp_nonsingleton	89	0	89	0	0	nobgs	V0.5_c2	10	8	1
lfmm_snp	41	0	41	0	0	nobgs	V0.5_c2	10	8	1
emmax_snp	15	0	15	0	0	nobgs	V0.5_c2	10	9	3
emmax_snp_nonsingleton	13	0	13	0	0	nobgs	V0.5_c2	10	9	3
lfmm_snp	45	0	45	0	0	nobgs	V0.5_c2	10	9	3
emmax_snp	56	0	56	0	0	nobgs	V0.5_c2	10	10	3
emmax_snp_nonsingleton	52	0	52	0	0	nobgs	V0.5_c2	10	10	3
lfmm_snp	80	1	79	1	0	nobgs	V0.5_c2	10	10	3
emmax_snp	63	43	20	2	41	nobgs	V1_c1	1	1	2
emmax_snp_nonsingleton	59	43	16	2	41	nobgs	V1_c1	1	1	2
lfmm_snp	55	43	12	2	41	nobgs	V1_c1	1	1	2
emmax_snp	10	9	1	1	8	nobgs	V1_c1	1	2	2
emmax_snp_nonsingleton	9	8	1	1	7	nobgs	V1_c1	1	2	2
lfmm_snp	13	11	2	1	10	nobgs	V1_c1	1	2	2
emmax_snp	3	3	0	1	2	nobgs	V1_c1	1	3	1
emmax_snp_nonsingleton	3	3	0	1	2	nobgs	V1_c1	1	3	1
lfmm_snp	5	5	0	1	4	nobgs	V1_c1	1	3	1
emmax_snp	0	0	0	0	0	nobgs	V1_c1	1	4	2
emmax_snp_nonsingleton	0	0	0	0	0	nobgs	V1_c1	1	4	2
lfmm_snp	1	1	0	1	0	nobgs	V1_c1	1	4	2
emmax_snp	51	19	32	1	18	nobgs	V1_c1	1	5	2
emmax_snp_nonsingleton	50	19	31	1	18	nobgs	V1_c1	1	5	2
lfmm_snp	43	16	27	1	15	nobgs	V1_c1	1	5	2
emmax_snp	3	0	3	0	0	nobgs	V1_c1	1	6	1
emmax_snp_nonsingleton	3	0	3	0	0	nobgs	V1_c1	1	6	1
lfmm_snp	4	0	4	0	0	nobgs	V1_c1	1	6	1
emmax_snp	4	4	0	1	3	nobgs	V1_c1	1	7	2
emmax_snp_nonsingleton	4	4	0	1	3	nobgs	V1_c1	1	7	2
lfmm_snp	7	6	1	1	5	nobgs	V1_c1	1	7	2
emmax_snp	0	0	0	0	0	nobgs	V1_c1	1	8	2
emmax_snp_nonsingleton	0	0	0	0	0	nobgs	V1_c1	1	8	2
lfmm_snp	6	1	5	1	0	nobgs	V1_c1	1	8	2
emmax_snp	0	0	0	0	0	nobgs	V1_c1	1	9	1
emmax_snp_nonsingleton	0	0	0	0	0	nobgs	V1_c1	1	9	1
lfmm_snp	0	0	0	0	0	nobgs	V1_c1	1	9	1
emmax_snp	1	1	0	1	0	nobgs	V1_c1	1	10	1
emmax_snp_nonsingleton	1	1	0	1	0	nobgs	V1_c1	1	10	1
lfmm_snp	2	2	0	1	1	nobgs	V1_c1	1	10	1
emmax_snp	40	15	25	1	14	nobgs	V1_c1	2	1	1
emmax_snp_nonsingleton	39	15	24	1	14	nobgs	V1_c1	2	1	1
lfmm_snp	49	15	34	1	14	nobgs	V1_c1	2	1	1
emmax_snp	6	4	2	1	3	nobgs	V1_c1	2	2	1
emmax_snp_nonsingleton	6	4	2	1	3	nobgs	V1_c1	2	2	1
lfmm_snp	5	4	1	1	3	nobgs	V1_c1	2	2	1
emmax_snp	2	2	0	1	1	nobgs	V1_c1	2	3	2
emmax_snp_nonsingleton	2	2	0	1	1	nobgs	V1_c1	2	3	2
lfmm_snp	6	5	1	2	3	nobgs	V1_c1	2	3	2
emmax_snp	2	1	1	1	0	nobgs	V1_c1	2	4	2
emmax_snp_nonsingleton	2	1	1	1	0	nobgs	V1_c1	2	4	2
lfmm_snp	1	1	0	1	0	nobgs	V1_c1	2	4	2
emmax_snp	0	0	0	0	0	nobgs	V1_c1	2	5	2
emmax_snp_nonsingleton	0	0	0	0	0	nobgs	V1_c1	2	5	2
lfmm_snp	2	2	0	1	1	nobgs	V1_c1	2	5	2
emmax_snp	0	0	0	0	0	nobgs	V1_c1	2	6	1
emmax_snp_nonsingleton	0	0	0	0	0	nobgs	V1_c1	2	6	1
lfmm_snp	2	2	0	1	1	nobgs	V1_c1	2	6	1
emmax_snp	3	3	0	1	2	nobgs	V1_c1	2	7	1
emmax_snp_nonsingleton	3	3	0	1	2	nobgs	V1_c1	2	7	1
lfmm_snp	5	4	1	1	3	nobgs	V1_c1	2	7	1
emmax_snp	2	2	0	1	1	nobgs	V1_c1	2	8	1
emmax_snp_nonsingleton	2	2	0	1	1	nobgs	V1_c1	2	8	1
lfmm_snp	4	2	2	1	1	nobgs	V1_c1	2	8	1
emmax_snp	0	0	0	0	0	nobgs	V1_c1	2	9	1
emmax_snp_nonsingleton	0	0	0	0	0	nobgs	V1_c1	2	9	1
lfmm_snp	0	0	0	0	0	nobgs	V1_c1	2	9	1
emmax_snp	24	13	11	1	12	nobgs	V1_c1	2	10	1
emmax_snp_nonsingleton	23	13	10	1	12	nobgs	V1_c1	2	10	1
lfmm_snp	82	17	65	1	16	nobgs	V1_c1	2	10	1
emmax_snp	1	1	0	1	0	nobgs	V1_c1	3	1	2
emmax_snp_nonsingleton	1	1	0	1	0	nobgs	V1_c1	3	1	2
lfmm_snp	2	2	0	1	1	nobgs	V1_c1	3	1	2
emmax_snp	10	6	4	1	5	nobgs	V1_c1	3	2	1
emmax_snp_nonsingleton	9	6	3	1	5	nobgs	V1_c1	3	2	1
lfmm_snp	26	21	5	1	20	nobgs	V1_c1	3	2	1
emmax_snp	7	6	1	1	5	nobgs	V1_c1	3	3	2
emmax_snp_nonsingleton	6	6	0	1	5	nobgs	V1_c1	3	3	2
lfmm_snp	9	8	1	1	7	nobgs	V1_c1	3	3	2
emmax_snp	3	3	0	1	2	nobgs	V1_c1	3	4	2
emmax_snp_nonsingleton	3	3	0	1	2	nobgs	V1_c1	3	4	2
lfmm_snp	4	4	0	1	3	nobgs	V1_c1	3	4	2
emmax_snp	6	2	4	1	1	nobgs	V1_c1	3	5	2
emmax_snp_nonsingleton	6	2	4	1	1	nobgs	V1_c1	3	5	2
lfmm_snp	5	5	0	1	4	nobgs	V1_c1	3	5	2
emmax_snp	4	4	0	1	3	nobgs	V1_c1	3	6	1
emmax_snp_nonsingleton	4	4	0	1	3	nobgs	V1_c1	3	6	1
lfmm_snp	25	12	13	1	11	nobgs	V1_c1	3	6	1
emmax_snp	14	13	1	1	12	nobgs	V1_c1	3	7	1
emmax_snp_nonsingleton	13	13	0	1	12	nobgs	V1_c1	3	7	1
lfmm_snp	17	16	1	1	15	nobgs	V1_c1	3	7	1
emmax_snp	20	16	4	1	15	nobgs	V1_c1	3	8	2
emmax_snp_nonsingleton	17	16	1	1	15	nobgs	V1_c1	3	8	2
lfmm_snp	20	17	3	1	16	nobgs	V1_c1	3	8	2
emmax_snp	8	5	3	1	4	nobgs	V1_c1	3	9	2
emmax_snp_nonsingleton	5	4	1	1	3	nobgs	V1_c1	3	9	2
lfmm_snp	9	6	3	1	5	nobgs	V1_c1	3	9	2
emmax_snp	0	0	0	0	0	nobgs	V1_c1	3	10	2
emmax_snp_nonsingleton	0	0	0	0	0	nobgs	V1_c1	3	10	2
lfmm_snp	0	0	0	0	0	nobgs	V1_c1	3	10	2
emmax_snp	111	78	33	2	76	nobgs	V1_c1	4	1	2
emmax_snp_nonsingleton	109	78	31	2	76	nobgs	V1_c1	4	1	2
lfmm_snp	54	39	15	2	37	nobgs	V1_c1	4	1	2
emmax_snp	1	1	0	1	0	nobgs	V1_c1	4	2	2
emmax_snp_nonsingleton	0	0	0	0	0	nobgs	V1_c1	4	2	2
lfmm_snp	1	1	0	1	0	nobgs	V1_c1	4	2	2
emmax_snp	34	18	16	1	17	nobgs	V1_c1	4	3	2
emmax_snp_nonsingleton	33	18	15	1	17	nobgs	V1_c1	4	3	2
lfmm_snp	44	18	26	1	17	nobgs	V1_c1	4	3	2
emmax_snp	155	96	59	2	94	nobgs	V1_c1	4	4	2
emmax_snp_nonsingleton	151	96	55	2	94	nobgs	V1_c1	4	4	2
lfmm_snp	100	61	39	2	59	nobgs	V1_c1	4	4	2
emmax_snp	117	30	87	1	29	nobgs	V1_c1	4	5	2
emmax_snp_nonsingleton	116	30	86	1	29	nobgs	V1_c1	4	5	2
lfmm_snp	92	26	66	1	25	nobgs	V1_c1	4	5	2
emmax_snp	73	16	57	1	15	nobgs	V1_c1	4	6	2
emmax_snp_nonsingleton	69	16	53	1	15	nobgs	V1_c1	4	6	2
lfmm_snp	70	14	56	1	13	nobgs	V1_c1	4	6	2
emmax_snp	139	86	53	2	84	nobgs	V1_c1	4	7	2
emmax_snp_nonsingleton	137	86	51	2	84	nobgs	V1_c1	4	7	2
lfmm_snp	123	81	42	2	79	nobgs	V1_c1	4	7	2
emmax_snp	4	1	3	1	0	nobgs	V1_c1	4	8	1
emmax_snp_nonsingleton	2	1	1	1	0	nobgs	V1_c1	4	8	1
lfmm_snp	27	8	19	1	7	nobgs	V1_c1	4	8	1
emmax_snp	0	0	0	0	0	nobgs	V1_c1	4	9	2
emmax_snp_nonsingleton	0	0	0	0	0	nobgs	V1_c1	4	9	2
lfmm_snp	0	0	0	0	0	nobgs	V1_c1	4	9	2
emmax_snp	0	0	0	0	0	nobgs	V1_c1	4	10	1
emmax_snp_nonsingleton	0	0	0	0	0	nobgs	V1_c1	4	10	1
lfmm_snp	0	0	0	0	0	nobgs	V1_c1	4	10	1
emmax_snp	0	0	0	0	0	nobgs	V1_c1	5	1	0
emmax_snp_nonsingleton	0	0	0	0	0	nobgs	V1_c1	5	1	0
lfmm_snp	0	0	0	0	0	nobgs	V1_c1	5	1	0
emmax_snp	6	4	2	1	3	nobgs	V1_c1	5	2	1
emmax_snp_nonsingleton	5	4	1	1	3	nobgs	V1_c1	5	2	1
lfmm_snp	7	4	3	1	3	nobgs	V1_c1	5	2	1
emmax_snp	99	27	72	2	25	nobgs	V1_c1	5	3	2
emmax_snp_nonsingleton	97	27	70	2	25	nobgs	V1_c1	5	3	2
lfmm_snp	111	27	84	2	25	nobgs	V1_c1	5	3	2
emmax_snp	5	5	0	1	4	nobgs	V1_c1	5	4	2
emmax_snp_nonsingleton	5	5	0	1	4	nobgs	V1_c1	5	4	2
lfmm_snp	4	4	0	1	3	nobgs	V1_c1	5	4	2
emmax_snp	23	19	4	1	18	nobgs	V1_c1	5	5	1
emmax_snp_nonsingleton	23	19	4	1	18	nobgs	V1_c1	5	5	1
lfmm_snp	30	26	4	1	25	nobgs	V1_c1	5	5	1
emmax_snp	271	126	145	2	124	nobgs	V1_c1	5	6	2
emmax_snp_nonsingleton	266	125	141	2	123	nobgs	V1_c1	5	6	2
lfmm_snp	230	115	115	2	113	nobgs	V1_c1	5	6	2
emmax_snp	20	19	1	1	18	nobgs	V1_c1	5	7	1
emmax_snp_nonsingleton	20	19	1	1	18	nobgs	V1_c1	5	7	1
lfmm_snp	187	26	161	1	25	nobgs	V1_c1	5	7	1
emmax_snp	6	0	6	0	0	nobgs	V1_c1	5	8	2
emmax_snp_nonsingleton	5	0	5	0	0	nobgs	V1_c1	5	8	2
lfmm_snp	0	0	0	0	0	nobgs	V1_c1	5	8	2
emmax_snp	0	0	0	0	0	nobgs	V1_c1	5	9	2
emmax_snp_nonsingleton	0	0	0	0	0	nobgs	V1_c1	5	9	2
lfmm_snp	3	3	0	1	2	nobgs	V1_c1	5	9	2
emmax_snp	0	0	0	0	0	nobgs	V1_c1	5	10	2
emmax_snp_nonsingleton	0	0	0	0	0	nobgs	V1_c1	5	10	2
lfmm_snp	0	0	0	0	0	nobgs	V1_c1	5	10	2
emmax_snp	1	0	1	0	0	nobgs	V1_c1	6	1	1
emmax_snp_nonsingleton	1	0	1	0	0	nobgs	V1_c1	6	1	1
lfmm_snp	0	0	0	0	0	nobgs	V1_c1	6	1	1
emmax_snp	1	1	0	1	0	nobgs	V1_c1	6	2	1
emmax_snp_nonsingleton	1	1	0	1	0	nobgs	V1_c1	6	2	1
lfmm_snp	3	1	2	1	0	nobgs	V1_c1	6	2	1
emmax_snp	4	4	0	1	3	nobgs	V1_c1	6	3	1
emmax_snp_nonsingleton	4	4	0	1	3	nobgs	V1_c1	6	3	1
lfmm_snp	4	4	0	1	3	nobgs	V1_c1	6	3	1
emmax_snp	0	0	0	0	0	nobgs	V1_c1	6	4	1
emmax_snp_nonsingleton	0	0	0	0	0	nobgs	V1_c1	6	4	1
lfmm_snp	0	0	0	0	0	nobgs	V1_c1	6	4	1
emmax_snp	0	0	0	0	0	nobgs	V1_c1	6	5	3
emmax_snp_nonsingleton	0	0	0	0	0	nobgs	V1_c1	6	5	3
lfmm_snp	0	0	0	0	0	nobgs	V1_c1	6	5	3
emmax_snp	29	22	7	1	21	nobgs	V1_c1	6	6	2
emmax_snp_nonsingleton	25	22	3	1	21	nobgs	V1_c1	6	6	2
lfmm_snp	32	23	9	1	22	nobgs	V1_c1	6	6	2
emmax_snp	0	0	0	0	0	nobgs	V1_c1	6	7	2
emmax_snp_nonsingleton	0	0	0	0	0	nobgs	V1_c1	6	7	2
lfmm_snp	0	0	0	0	0	nobgs	V1_c1	6	7	2
emmax_snp	0	0	0	0	0	nobgs	V1_c1	6	8	1
emmax_snp_nonsingleton	0	0	0	0	0	nobgs	V1_c1	6	8	1
lfmm_snp	0	0	0	0	0	nobgs	V1_c1	6	8	1
emmax_snp	0	0	0	0	0	nobgs	V1_c1	6	9	1
emmax_snp_nonsingleton	0	0	0	0	0	nobgs	V1_c1	6	9	1
lfmm_snp	1	1	0	1	0	nobgs	V1_c1	6	9	1
emmax_snp	16	12	4	1	11	nobgs	V1_c1	6	10	1
emmax_snp_nonsingleton	15	12	3	1	11	nobgs	V1_c1	6	10	1
lfmm_snp	46	29	17	1	28	nobgs	V1_c1	6	10	1
emmax_snp	6	6	0	1	5	nobgs	V1_c1	7	1	1
emmax_snp_nonsingleton	6	6	0	1	5	nobgs	V1_c1	7	1	1
lfmm_snp	25	14	11	1	13	nobgs	V1_c1	7	1	1
emmax_snp	12	8	4	1	7	nobgs	V1_c1	7	2	1
emmax_snp_nonsingleton	9	7	2	1	6	nobgs	V1_c1	7	2	1
lfmm_snp	28	9	19	1	8	nobgs	V1_c1	7	2	1
emmax_snp	184	45	139	2	43	nobgs	V1_c1	7	3	2
emmax_snp_nonsingleton	183	45	138	2	43	nobgs	V1_c1	7	3	2
lfmm_snp	154	42	112	2	40	nobgs	V1_c1	7	3	2
emmax_snp	29	26	3	1	25	nobgs	V1_c1	7	4	1
emmax_snp_nonsingleton	27	26	1	1	25	nobgs	V1_c1	7	4	1
lfmm_snp	37	31	6	1	30	nobgs	V1_c1	7	4	1
emmax_snp	0	0	0	0	0	nobgs	V1_c1	7	5	3
emmax_snp_nonsingleton	0	0	0	0	0	nobgs	V1_c1	7	5	3
lfmm_snp	0	0	0	0	0	nobgs	V1_c1	7	5	3
emmax_snp	191	59	132	2	57	nobgs	V1_c1	7	6	2
emmax_snp_nonsingleton	186	59	127	2	57	nobgs	V1_c1	7	6	2
lfmm_snp	196	64	132	2	62	nobgs	V1_c1	7	6	2
emmax_snp	2	2	0	1	1	nobgs	V1_c1	7	7	2
emmax_snp_nonsingleton	2	2	0	1	1	nobgs	V1_c1	7	7	2
lfmm_snp	2	2	0	1	1	nobgs	V1_c1	7	7	2
emmax_snp	0	0	0	0	0	nobgs	V1_c1	7	8	1
emmax_snp_nonsingleton	0	0	0	0	0	nobgs	V1_c1	7	8	1
lfmm_snp	0	0	0	0	0	nobgs	V1_c1	7	8	1
emmax_snp	0	0	0	0	0	nobgs	V1_c1	7	9	1
emmax_snp_nonsingleton	0	0	0	0	0	nobgs	V1_c1	7	9	1
lfmm_snp	0	0	0	0	0	nobgs	V1_c1	7	9	1
emmax_snp	0	0	0	0	0	nobgs	V1_c1	7	10	1
emmax_snp_nonsingleton	0	0	0	0	0	nobgs	V1_c1	7	10	1
lfmm_snp	0	0	0	0	0	nobgs	V1_c1	7	10	1
emmax_snp	234	51	183	2	49	nobgs	V1_c1	8	1	2
emmax_snp_nonsingleton	228	51	177	2	49	nobgs	V1_c1	8	1	2
lfmm_snp	91	18	73	2	16	nobgs	V1_c1	8	1	2
emmax_snp	1	0	1	0	0	nobgs	V1_c1	8	2	3
emmax_snp_nonsingleton	1	0	1	0	0	nobgs	V1_c1	8	2	3
lfmm_snp	0	0	0	0	0	nobgs	V1_c1	8	2	3
emmax_snp	254	53	201	2	51	nobgs	V1_c1	8	3	2
emmax_snp_nonsingleton	248	52	196	2	50	nobgs	V1_c1	8	3	2
lfmm_snp	178	40	138	2	38	nobgs	V1_c1	8	3	2
emmax_snp	0	0	0	0	0	nobgs	V1_c1	8	4	1
emmax_snp_nonsingleton	0	0	0	0	0	nobgs	V1_c1	8	4	1
lfmm_snp	0	0	0	0	0	nobgs	V1_c1	8	4	1
emmax_snp	9	8	1	1	7	nobgs	V1_c1	8	5	1
emmax_snp_nonsingleton	8	8	0	1	7	nobgs	V1_c1	8	5	1
lfmm_snp	16	14	2	1	13	nobgs	V1_c1	8	5	1
emmax_snp	0	0	0	0	0	nobgs	V1_c1	8	6	1
emmax_snp_nonsingleton	0	0	0	0	0	nobgs	V1_c1	8	6	1
lfmm_snp	23	14	9	1	13	nobgs	V1_c1	8	6	1
emmax_snp	68	16	52	1	15	nobgs	V1_c1	8	7	1
emmax_snp_nonsingleton	66	16	50	1	15	nobgs	V1_c1	8	7	1
lfmm_snp	65	16	49	1	15	nobgs	V1_c1	8	7	1
emmax_snp	4	0	4	0	0	nobgs	V1_c1	8	8	1
emmax_snp_nonsingleton	2	0	2	0	0	nobgs	V1_c1	8	8	1
lfmm_snp	12	2	10	1	1	nobgs	V1_c1	8	8	1
emmax_snp	0	0	0	0	0	nobgs	V1_c1	8	9	3
emmax_snp_nonsingleton	0	0	0	0	0	nobgs	V1_c1	8	9	3
lfmm_snp	0	0	0	0	0	nobgs	V1_c1	8	9	3
emmax_snp	0	0	0	0	0	nobgs	V1_c1	8	10	1
emmax_snp_nonsingleton	0	0	0	0	0	nobgs	V1_c1	8	10	1
lfmm_snp	0	0	0	0	0	nobgs	V1_c1	8	10	1
emmax_snp	2	2	0	1	1	nobgs	V1_c1	9	1	3
emmax_snp_nonsingleton	2	2	0	1	1	nobgs	V1_c1	9	1	3
lfmm_snp	14	13	1	2	11	nobgs	V1_c1	9	1	3
emmax_snp	0	0	0	0	0	nobgs	V1_c1	9	2	2
emmax_snp_nonsingleton	0	0	0	0	0	nobgs	V1_c1	9	2	2
lfmm_snp	9	9	0	1	8	nobgs	V1_c1	9	2	2
emmax_snp	71	34	37	1	33	nobgs	V1_c1	9	3	1
emmax_snp_nonsingleton	67	32	35	1	31	nobgs	V1_c1	9	3	1
lfmm_snp	88	35	53	1	34	nobgs	V1_c1	9	3	1
emmax_snp	0	0	0	0	0	nobgs	V1_c1	9	4	1
emmax_snp_nonsingleton	0	0	0	0	0	nobgs	V1_c1	9	4	1
lfmm_snp	0	0	0	0	0	nobgs	V1_c1	9	4	1
emmax_snp	2	1	1	1	0	nobgs	V1_c1	9	5	2
emmax_snp_nonsingleton	1	1	0	1	0	nobgs	V1_c1	9	5	2
lfmm_snp	3	3	0	1	2	nobgs	V1_c1	9	5	2
emmax_snp	18	0	18	0	0	nobgs	V1_c1	9	6	2
emmax_snp_nonsingleton	14	0	14	0	0	nobgs	V1_c1	9	6	2
lfmm_snp	22	1	21	1	0	nobgs	V1_c1	9	6	2
emmax_snp	0	0	0	0	0	nobgs	V1_c1	9	7	2
emmax_snp_nonsingleton	0	0	0	0	0	nobgs	V1_c1	9	7	2
lfmm_snp	0	0	0	0	0	nobgs	V1_c1	9	7	2
emmax_snp	0	0	0	0	0	nobgs	V1_c1	9	8	1
emmax_snp_nonsingleton	0	0	0	0	0	nobgs	V1_c1	9	8	1
lfmm_snp	0	0	0	0	0	nobgs	V1_c1	9	8	1
emmax_snp	0	0	0	0	0	nobgs	V1_c1	9	9	2
emmax_snp_nonsingleton	0	0	0	0	0	nobgs	V1_c1	9	9	2
lfmm_snp	1	0	1	0	0	nobgs	V1_c1	9	9	2
emmax_snp	36	11	25	1	10	nobgs	V1_c1	9	10	1
emmax_snp_nonsingleton	35	11	24	1	10	nobgs	V1_c1	9	10	1
lfmm_snp	43	12	31	1	11	nobgs	V1_c1	9	10	1
emmax_snp	1	1	0	1	0	nobgs	V1_c1	10	1	2
emmax_snp_nonsingleton	1	1	0	1	0	nobgs	V1_c1	10	1	2
lfmm_snp	1	1	0	1	0	nobgs	V1_c1	10	1	2
emmax_snp	40	35	5	2	33	nobgs	V1_c1	10	2	2
emmax_snp_nonsingleton	36	35	1	2	33	nobgs	V1_c1	10	2	2
lfmm_snp	50	43	7	2	41	nobgs	V1_c1	10	2	2
emmax_snp	0	0	0	0	0	nobgs	V1_c1	10	3	2
emmax_snp_nonsingleton	0	0	0	0	0	nobgs	V1_c1	10	3	2
lfmm_snp	0	0	0	0	0	nobgs	V1_c1	10	3	2
emmax_snp	1	1	0	1	0	nobgs	V1_c1	10	4	1
emmax_snp_nonsingleton	1	1	0	1	0	nobgs	V1_c1	10	4	1
lfmm_snp	1	1	0	1	0	nobgs	V1_c1	10	4	1
emmax_snp	1	1	0	1	0	nobgs	V1_c1	10	5	1
emmax_snp_nonsingleton	0	0	0	0	0	nobgs	V1_c1	10	5	1
lfmm_snp	1	1	0	1	0	nobgs	V1_c1	10	5	1
emmax_snp	0	0	0	0	0	nobgs	V1_c1	10	6	1
emmax_snp_nonsingleton	0	0	0	0	0	nobgs	V1_c1	10	6	1
lfmm_snp	0	0	0	0	0	nobgs	V1_c1	10	6	1
emmax_snp	3	3	0	1	2	nobgs	V1_c1	10	7	1
emmax_snp_nonsingleton	3	3	0	1	2	nobgs	V1_c1	10	7	1
lfmm_snp	1	1	0	1	0	nobgs	V1_c1	10	7	1
emmax_snp	2	2	0	1	1	nobgs	V1_c1	10	8	3
emmax_snp_nonsingleton	2	2	0	1	1	nobgs	V1_c1	10	8	3
lfmm_snp	7	3	4	1	2	nobgs	V1_c1	10	8	3
emmax_snp	1	0	1	0	0	nobgs	V1_c1	10	9	1
emmax_snp_nonsingleton	0	0	0	0	0	nobgs	V1_c1	10	9	1
lfmm_snp	0	0	0	0	0	nobgs	V1_c1	10	9	1
emmax_snp	0	0	0	0	0	nobgs	V1_c1	10	10	1
emmax_snp_nonsingleton	0	0	0	0	0	nobgs	V1_c1	10	10	1
lfmm_snp	2	0	2	0	0	nobgs	V1_c1	10	10	1
emmax_snp	1	1	0	1	0	nobgs	V1_c1.5	1	1	3
emmax_snp_nonsingleton	1	1	0	1	0	nobgs	V1_c1.5	1	1	3
lfmm_snp	1	1	0	1	0	nobgs	V1_c1.5	1	1	3
emmax_snp	95	36	59	1	35	nobgs	V1_c1.5	1	2	3
emmax_snp_nonsingleton	92	36	56	1	35	nobgs	V1_c1.5	1	2	3
lfmm_snp	101	38	63	3	35	nobgs	V1_c1.5	1	2	3
emmax_snp	0	0	0	0	0	nobgs	V1_c1.5	1	3	3
emmax_snp_nonsingleton	0	0	0	0	0	nobgs	V1_c1.5	1	3	3
lfmm_snp	1	1	0	1	0	nobgs	V1_c1.5	1	3	3
emmax_snp	4	0	4	0	0	nobgs	V1_c1.5	1	4	3
emmax_snp_nonsingleton	3	0	3	0	0	nobgs	V1_c1.5	1	4	3
lfmm_snp	1	1	0	1	0	nobgs	V1_c1.5	1	4	3
emmax_snp	21	2	19	2	0	nobgs	V1_c1.5	1	5	2
emmax_snp_nonsingleton	20	2	18	2	0	nobgs	V1_c1.5	1	5	2
lfmm_snp	22	1	21	1	0	nobgs	V1_c1.5	1	5	2
emmax_snp	44	0	44	0	0	nobgs	V1_c1.5	1	6	3
emmax_snp_nonsingleton	42	0	42	0	0	nobgs	V1_c1.5	1	6	3
lfmm_snp	64	1	63	1	0	nobgs	V1_c1.5	1	6	3
emmax_snp	0	0	0	0	0	nobgs	V1_c1.5	1	7	4
emmax_snp_nonsingleton	0	0	0	0	0	nobgs	V1_c1.5	1	7	4
lfmm_snp	0	0	0	0	0	nobgs	V1_c1.5	1	7	4
emmax_snp	6	0	6	0	0	nobgs	V1_c1.5	1	8	1
emmax_snp_nonsingleton	6	0	6	0	0	nobgs	V1_c1.5	1	8	1
lfmm_snp	14	2	12	1	1	nobgs	V1_c1.5	1	8	1
emmax_snp	0	0	0	0	0	nobgs	V1_c1.5	1	9	2
emmax_snp_nonsingleton	0	0	0	0	0	nobgs	V1_c1.5	1	9	2
lfmm_snp	0	0	0	0	0	nobgs	V1_c1.5	1	9	2
emmax_snp	0	0	0	0	0	nobgs	V1_c1.5	1	10	2
emmax_snp_nonsingleton	0	0	0	0	0	nobgs	V1_c1.5	1	10	2
lfmm_snp	10	1	9	1	0	nobgs	V1_c1.5	1	10	2
emmax_snp	0	0	0	0	0	nobgs	V1_c1.5	2	1	3
emmax_snp_nonsingleton	0	0	0	0	0	nobgs	V1_c1.5	2	1	3
lfmm_snp	0	0	0	0	0	nobgs	V1_c1.5	2	1	3
emmax_snp	11	0	11	0	0	nobgs	V1_c1.5	2	2	3
emmax_snp_nonsingleton	10	0	10	0	0	nobgs	V1_c1.5	2	2	3
lfmm_snp	14	0	14	0	0	nobgs	V1_c1.5	2	2	3
emmax_snp	6	0	6	0	0	nobgs	V1_c1.5	2	3	1
emmax_snp_nonsingleton	6	0	6	0	0	nobgs	V1_c1.5	2	3	1
lfmm_snp	9	0	9	0	0	nobgs	V1_c1.5	2	3	1
emmax_snp	1	1	0	1	0	nobgs	V1_c1.5	2	4	1
emmax_snp_nonsingleton	1	1	0	1	0	nobgs	V1_c1.5	2	4	1
lfmm_snp	2	1	1	1	0	nobgs	V1_c1.5	2	4	1
emmax_snp	2	1	1	1	0	nobgs	V1_c1.5	2	5	3
emmax_snp_nonsingleton	2	1	1	1	0	nobgs	V1_c1.5	2	5	3
lfmm_snp	26	1	25	1	0	nobgs	V1_c1.5	2	5	3
emmax_snp	52	20	32	1	19	nobgs	V1_c1.5	2	6	3
emmax_snp_nonsingleton	51	20	31	1	19	nobgs	V1_c1.5	2	6	3
lfmm_snp	11	0	11	0	0	nobgs	V1_c1.5	2	6	3
emmax_snp	11	0	11	0	0	nobgs	V1_c1.5	2	7	2
emmax_snp_nonsingleton	11	0	11	0	0	nobgs	V1_c1.5	2	7	2
lfmm_snp	39	1	38	1	0	nobgs	V1_c1.5	2	7	2
emmax_snp	1	0	1	0	0	nobgs	V1_c1.5	2	8	2
emmax_snp_nonsingleton	1	0	1	0	0	nobgs	V1_c1.5	2	8	2
lfmm_snp	2	1	1	1	0	nobgs	V1_c1.5	2	8	2
emmax_snp	0	0	0	0	0	nobgs	V1_c1.5	2	9	4
emmax_snp_nonsingleton	0	0	0	0	0	nobgs	V1_c1.5	2	9	4
lfmm_snp	1	1	0	1	0	nobgs	V1_c1.5	2	9	4
emmax_snp	0	0	0	0	0	nobgs	V1_c1.5	2	10	3
emmax_snp_nonsingleton	0	0	0	0	0	nobgs	V1_c1.5	2	10	3
lfmm_snp	27	1	26	1	0	nobgs	V1_c1.5	2	10	3
emmax_snp	0	0	0	0	0	nobgs	V1_c1.5	3	1	3
emmax_snp_nonsingleton	0	0	0	0	0	nobgs	V1_c1.5	3	1	3
lfmm_snp	3	3	0	3	0	nobgs	V1_c1.5	3	1	3
emmax_snp	2	0	2	0	0	nobgs	V1_c1.5	3	2	2
emmax_snp_nonsingleton	2	0	2	0	0	nobgs	V1_c1.5	3	2	2
lfmm_snp	6	3	3	1	2	nobgs	V1_c1.5	3	2	2
emmax_snp	0	0	0	0	0	nobgs	V1_c1.5	3	3	2
emmax_snp_nonsingleton	0	0	0	0	0	nobgs	V1_c1.5	3	3	2
lfmm_snp	3	1	2	1	0	nobgs	V1_c1.5	3	3	2
emmax_snp	0	0	0	0	0	nobgs	V1_c1.5	3	4	4
emmax_snp_nonsingleton	0	0	0	0	0	nobgs	V1_c1.5	3	4	4
lfmm_snp	26	10	16	3	7	nobgs	V1_c1.5	3	4	4
emmax_snp	1	0	1	0	0	nobgs	V1_c1.5	3	5	2
emmax_snp_nonsingleton	1	0	1	0	0	nobgs	V1_c1.5	3	5	2
lfmm_snp	1	0	1	0	0	nobgs	V1_c1.5	3	5	2
emmax_snp	41	1	40	1	0	nobgs	V1_c1.5	3	6	2
emmax_snp_nonsingleton	38	1	37	1	0	nobgs	V1_c1.5	3	6	2
lfmm_snp	102	3	99	2	1	nobgs	V1_c1.5	3	6	2
emmax_snp	3	2	1	2	0	nobgs	V1_c1.5	3	7	2
emmax_snp_nonsingleton	3	2	1	2	0	nobgs	V1_c1.5	3	7	2
lfmm_snp	5	3	2	2	1	nobgs	V1_c1.5	3	7	2
emmax_snp	70	14	56	2	12	nobgs	V1_c1.5	3	8	2
emmax_snp_nonsingleton	63	14	49	2	12	nobgs	V1_c1.5	3	8	2
lfmm_snp	111	17	94	2	15	nobgs	V1_c1.5	3	8	2
emmax_snp	1	1	0	1	0	nobgs	V1_c1.5	3	9	3
emmax_snp_nonsingleton	1	1	0	1	0	nobgs	V1_c1.5	3	9	3
lfmm_snp	2	1	1	1	0	nobgs	V1_c1.5	3	9	3
emmax_snp	13	8	5	1	7	nobgs	V1_c1.5	3	10	3
emmax_snp_nonsingleton	13	8	5	1	7	nobgs	V1_c1.5	3	10	3
lfmm_snp	20	8	12	1	7	nobgs	V1_c1.5	3	10	3
emmax_snp	0	0	0	0	0	nobgs	V1_c1.5	4	1	3
emmax_snp_nonsingleton	0	0	0	0	0	nobgs	V1_c1.5	4	1	3
lfmm_snp	0	0	0	0	0	nobgs	V1_c1.5	4	1	3
emmax_snp	105	15	90	1	14	nobgs	V1_c1.5	4	2	3
emmax_snp_nonsingleton	102	15	87	1	14	nobgs	V1_c1.5	4	2	3
lfmm_snp	187	15	172	1	14	nobgs	V1_c1.5	4	2	3
emmax_snp	0	0	0	0	0	nobgs	V1_c1.5	4	3	1
emmax_snp_nonsingleton	0	0	0	0	0	nobgs	V1_c1.5	4	3	1
lfmm_snp	0	0	0	0	0	nobgs	V1_c1.5	4	3	1
emmax_snp	0	0	0	0	0	nobgs	V1_c1.5	4	4	1
emmax_snp_nonsingleton	0	0	0	0	0	nobgs	V1_c1.5	4	4	1
lfmm_snp	7	6	1	1	5	nobgs	V1_c1.5	4	4	1
emmax_snp	0	0	0	0	0	nobgs	V1_c1.5	4	5	3
emmax_snp_nonsingleton	0	0	0	0	0	nobgs	V1_c1.5	4	5	3
lfmm_snp	2	2	0	1	1	nobgs	V1_c1.5	4	5	3
emmax_snp	4	0	4	0	0	nobgs	V1_c1.5	4	6	1
emmax_snp_nonsingleton	4	0	4	0	0	nobgs	V1_c1.5	4	6	1
lfmm_snp	173	8	165	1	7	nobgs	V1_c1.5	4	6	1
emmax_snp	7	0	7	0	0	nobgs	V1_c1.5	4	7	2
emmax_snp_nonsingleton	7	0	7	0	0	nobgs	V1_c1.5	4	7	2
lfmm_snp	1	0	1	0	0	nobgs	V1_c1.5	4	7	2
emmax_snp	9	0	9	0	0	nobgs	V1_c1.5	4	8	2
emmax_snp_nonsingleton	9	0	9	0	0	nobgs	V1_c1.5	4	8	2
lfmm_snp	4	0	4	0	0	nobgs	V1_c1.5	4	8	2
emmax_snp	1	0	1	0	0	nobgs	V1_c1.5	4	9	2
emmax_snp_nonsingleton	1	0	1	0	0	nobgs	V1_c1.5	4	9	2
lfmm_snp	0	0	0	0	0	nobgs	V1_c1.5	4	9	2
emmax_snp	6	0	6	0	0	nobgs	V1_c1.5	4	10	2
emmax_snp_nonsingleton	6	0	6	0	0	nobgs	V1_c1.5	4	10	2
lfmm_snp	18	0	18	0	0	nobgs	V1_c1.5	4	10	2
emmax_snp	0	0	0	0	0	nobgs	V1_c1.5	5	1	4
emmax_snp_nonsingleton	0	0	0	0	0	nobgs	V1_c1.5	5	1	4
lfmm_snp	6	6	0	1	5	nobgs	V1_c1.5	5	1	4
emmax_snp	66	12	54	1	11	nobgs	V1_c1.5	5	2	4
emmax_snp_nonsingleton	65	12	53	1	11	nobgs	V1_c1.5	5	2	4
lfmm_snp	39	15	24	1	14	nobgs	V1_c1.5	5	2	4
emmax_snp	0	0	0	0	0	nobgs	V1_c1.5	5	3	3
emmax_snp_nonsingleton	0	0	0	0	0	nobgs	V1_c1.5	5	3	3
lfmm_snp	3	0	3	0	0	nobgs	V1_c1.5	5	3	3
emmax_snp	0	0	0	0	0	nobgs	V1_c1.5	5	4	3
emmax_snp_nonsingleton	0	0	0	0	0	nobgs	V1_c1.5	5	4	3
lfmm_snp	0	0	0	0	0	nobgs	V1_c1.5	5	4	3
emmax_snp	0	0	0	0	0	nobgs	V1_c1.5	5	5	2
emmax_snp_nonsingleton	0	0	0	0	0	nobgs	V1_c1.5	5	5	2
lfmm_snp	4	0	4	0	0	nobgs	V1_c1.5	5	5	2
emmax_snp	4	0	4	0	0	nobgs	V1_c1.5	5	6	3
emmax_snp_nonsingleton	4	0	4	0	0	nobgs	V1_c1.5	5	6	3
lfmm_snp	51	0	51	0	0	nobgs	V1_c1.5	5	6	3
emmax_snp	0	0	0	0	0	nobgs	V1_c1.5	5	7	4
emmax_snp_nonsingleton	0	0	0	0	0	nobgs	V1_c1.5	5	7	4
lfmm_snp	11	6	5	2	4	nobgs	V1_c1.5	5	7	4
emmax_snp	4	0	4	0	0	nobgs	V1_c1.5	5	8	4
emmax_snp_nonsingleton	4	0	4	0	0	nobgs	V1_c1.5	5	8	4
lfmm_snp	7	0	7	0	0	nobgs	V1_c1.5	5	8	4
emmax_snp	0	0	0	0	0	nobgs	V1_c1.5	5	9	6
emmax_snp_nonsingleton	0	0	0	0	0	nobgs	V1_c1.5	5	9	6
lfmm_snp	0	0	0	0	0	nobgs	V1_c1.5	5	9	6
emmax_snp	3	0	3	0	0	nobgs	V1_c1.5	5	10	4
emmax_snp_nonsingleton	3	0	3	0	0	nobgs	V1_c1.5	5	10	4
lfmm_snp	25	2	23	1	1	nobgs	V1_c1.5	5	10	4
emmax_snp	2	2	0	2	0	nobgs	V1_c1.5	6	1	2
emmax_snp_nonsingleton	2	2	0	2	0	nobgs	V1_c1.5	6	1	2
lfmm_snp	2	2	0	2	0	nobgs	V1_c1.5	6	1	2
emmax_snp	6	0	6	0	0	nobgs	V1_c1.5	6	2	4
emmax_snp_nonsingleton	5	0	5	0	0	nobgs	V1_c1.5	6	2	4
lfmm_snp	16	0	16	0	0	nobgs	V1_c1.5	6	2	4
emmax_snp	5	0	5	0	0	nobgs	V1_c1.5	6	3	3
emmax_snp_nonsingleton	5	0	5	0	0	nobgs	V1_c1.5	6	3	3
lfmm_snp	3	0	3	0	0	nobgs	V1_c1.5	6	3	3
emmax_snp	0	0	0	0	0	nobgs	V1_c1.5	6	4	3
emmax_snp_nonsingleton	0	0	0	0	0	nobgs	V1_c1.5	6	4	3
lfmm_snp	3	3	0	2	1	nobgs	V1_c1.5	6	4	3
emmax_snp	0	0	0	0	0	nobgs	V1_c1.5	6	5	3
emmax_snp_nonsingleton	0	0	0	0	0	nobgs	V1_c1.5	6	5	3
lfmm_snp	2	2	0	1	1	nobgs	V1_c1.5	6	5	3
emmax_snp	16	0	16	0	0	nobgs	V1_c1.5	6	6	4
emmax_snp_nonsingleton	16	0	16	0	0	nobgs	V1_c1.5	6	6	4
lfmm_snp	150	3	147	2	1	nobgs	V1_c1.5	6	6	4
emmax_snp	10	2	8	1	1	nobgs	V1_c1.5	6	7	3
emmax_snp_nonsingleton	9	2	7	1	1	nobgs	V1_c1.5	6	7	3
lfmm_snp	0	0	0	0	0	nobgs	V1_c1.5	6	7	3
emmax_snp	9	0	9	0	0	nobgs	V1_c1.5	6	8	4
emmax_snp_nonsingleton	9	0	9	0	0	nobgs	V1_c1.5	6	8	4
lfmm_snp	11	2	9	2	0	nobgs	V1_c1.5	6	8	4
emmax_snp	0	0	0	0	0	nobgs	V1_c1.5	6	9	2
emmax_snp_nonsingleton	0	0	0	0	0	nobgs	V1_c1.5	6	9	2
lfmm_snp	1	1	0	1	0	nobgs	V1_c1.5	6	9	2
emmax_snp	2	1	1	1	0	nobgs	V1_c1.5	6	10	3
emmax_snp_nonsingleton	2	1	1	1	0	nobgs	V1_c1.5	6	10	3
lfmm_snp	2	1	1	1	0	nobgs	V1_c1.5	6	10	3
emmax_snp	14	11	3	1	10	nobgs	V1_c1.5	7	1	2
emmax_snp_nonsingleton	14	11	3	1	10	nobgs	V1_c1.5	7	1	2
lfmm_snp	11	11	0	1	10	nobgs	V1_c1.5	7	1	2
emmax_snp	9	7	2	1	6	nobgs	V1_c1.5	7	2	2
emmax_snp_nonsingleton	8	7	1	1	6	nobgs	V1_c1.5	7	2	2
lfmm_snp	52	23	29	1	22	nobgs	V1_c1.5	7	2	2
emmax_snp	1	1	0	1	0	nobgs	V1_c1.5	7	3	3
emmax_snp_nonsingleton	1	1	0	1	0	nobgs	V1_c1.5	7	3	3
lfmm_snp	4	1	3	1	0	nobgs	V1_c1.5	7	3	3
emmax_snp	2	0	2	0	0	nobgs	V1_c1.5	7	4	1
emmax_snp_nonsingleton	2	0	2	0	0	nobgs	V1_c1.5	7	4	1
lfmm_snp	0	0	0	0	0	nobgs	V1_c1.5	7	4	1
emmax_snp	0	0	0	0	0	nobgs	V1_c1.5	7	5	3
emmax_snp_nonsingleton	0	0	0	0	0	nobgs	V1_c1.5	7	5	3
lfmm_snp	1	0	1	0	0	nobgs	V1_c1.5	7	5	3
emmax_snp	22	11	11	1	10	nobgs	V1_c1.5	7	6	2
emmax_snp_nonsingleton	22	11	11	1	10	nobgs	V1_c1.5	7	6	2
lfmm_snp	104	15	89	1	14	nobgs	V1_c1.5	7	6	2
emmax_snp	1	0	1	0	0	nobgs	V1_c1.5	7	7	3
emmax_snp_nonsingleton	1	0	1	0	0	nobgs	V1_c1.5	7	7	3
lfmm_snp	171	18	153	1	17	nobgs	V1_c1.5	7	7	3
emmax_snp	3	0	3	0	0	nobgs	V1_c1.5	7	8	3
emmax_snp_nonsingleton	3	0	3	0	0	nobgs	V1_c1.5	7	8	3
lfmm_snp	22	0	22	0	0	nobgs	V1_c1.5	7	8	3
emmax_snp	3	0	3	0	0	nobgs	V1_c1.5	7	9	4
emmax_snp_nonsingleton	3	0	3	0	0	nobgs	V1_c1.5	7	9	4
lfmm_snp	2	2	0	1	1	nobgs	V1_c1.5	7	9	4
emmax_snp	0	0	0	0	0	nobgs	V1_c1.5	7	10	1
emmax_snp_nonsingleton	0	0	0	0	0	nobgs	V1_c1.5	7	10	1
lfmm_snp	8	0	8	0	0	nobgs	V1_c1.5	7	10	1
emmax_snp	0	0	0	0	0	nobgs	V1_c1.5	8	1	2
emmax_snp_nonsingleton	0	0	0	0	0	nobgs	V1_c1.5	8	1	2
lfmm_snp	3	0	3	0	0	nobgs	V1_c1.5	8	1	2
emmax_snp	6	0	6	0	0	nobgs	V1_c1.5	8	2	1
emmax_snp_nonsingleton	5	0	5	0	0	nobgs	V1_c1.5	8	2	1
lfmm_snp	4	0	4	0	0	nobgs	V1_c1.5	8	2	1
emmax_snp	1	0	1	0	0	nobgs	V1_c1.5	8	3	2
emmax_snp_nonsingleton	1	0	1	0	0	nobgs	V1_c1.5	8	3	2
lfmm_snp	0	0	0	0	0	nobgs	V1_c1.5	8	3	2
emmax_snp	0	0	0	0	0	nobgs	V1_c1.5	8	4	2
emmax_snp_nonsingleton	0	0	0	0	0	nobgs	V1_c1.5	8	4	2
lfmm_snp	0	0	0	0	0	nobgs	V1_c1.5	8	4	2
emmax_snp	3	0	3	0	0	nobgs	V1_c1.5	8	5	1
emmax_snp_nonsingleton	3	0	3	0	0	nobgs	V1_c1.5	8	5	1
lfmm_snp	1	0	1	0	0	nobgs	V1_c1.5	8	5	1
emmax_snp	15	0	15	0	0	nobgs	V1_c1.5	8	6	2
emmax_snp_nonsingleton	14	0	14	0	0	nobgs	V1_c1.5	8	6	2
lfmm_snp	16	0	16	0	0	nobgs	V1_c1.5	8	6	2
emmax_snp	8	8	0	1	7	nobgs	V1_c1.5	8	7	2
emmax_snp_nonsingleton	8	8	0	1	7	nobgs	V1_c1.5	8	7	2
lfmm_snp	31	21	10	1	20	nobgs	V1_c1.5	8	7	2
emmax_snp	19	0	19	0	0	nobgs	V1_c1.5	8	8	2
emmax_snp_nonsingleton	14	0	14	0	0	nobgs	V1_c1.5	8	8	2
lfmm_snp	2	0	2	0	0	nobgs	V1_c1.5	8	8	2
emmax_snp	0	0	0	0	0	nobgs	V1_c1.5	8	9	2
emmax_snp_nonsingleton	0	0	0	0	0	nobgs	V1_c1.5	8	9	2
lfmm_snp	0	0	0	0	0	nobgs	V1_c1.5	8	9	2
emmax_snp	1	0	1	0	0	nobgs	V1_c1.5	8	10	1
emmax_snp_nonsingleton	1	0	1	0	0	nobgs	V1_c1.5	8	10	1
lfmm_snp	0	0	0	0	0	nobgs	V1_c1.5	8	10	1
emmax_snp	0	0	0	0	0	nobgs	V1_c1.5	9	1	5
emmax_snp_nonsingleton	0	0	0	0	0	nobgs	V1_c1.5	9	1	5
lfmm_snp	3	3	0	2	1	nobgs	V1_c1.5	9	1	5
emmax_snp	8	0	8	0	0	nobgs	V1_c1.5	9	2	2
emmax_snp_nonsingleton	8	0	8	0	0	nobgs	V1_c1.5	9	2	2
lfmm_snp	17	0	17	0	0	nobgs	V1_c1.5	9	2	2
emmax_snp	4	2	2	1	1	nobgs	V1_c1.5	9	3	4
emmax_snp_nonsingleton	4	2	2	1	1	nobgs	V1_c1.5	9	3	4
lfmm_snp	5	2	3	1	1	nobgs	V1_c1.5	9	3	4
emmax_snp	1	0	1	0	0	nobgs	V1_c1.5	9	4	5
emmax_snp_nonsingleton	1	0	1	0	0	nobgs	V1_c1.5	9	4	5
lfmm_snp	1	0	1	0	0	nobgs	V1_c1.5	9	4	5
emmax_snp	0	0	0	0	0	nobgs	V1_c1.5	9	5	4
emmax_snp_nonsingleton	0	0	0	0	0	nobgs	V1_c1.5	9	5	4
lfmm_snp	1	1	0	1	0	nobgs	V1_c1.5	9	5	4
emmax_snp	2	0	2	0	0	nobgs	V1_c1.5	9	6	4
emmax_snp_nonsingleton	2	0	2	0	0	nobgs	V1_c1.5	9	6	4
lfmm_snp	34	6	28	3	3	nobgs	V1_c1.5	9	6	4
emmax_snp	0	0	0	0	0	nobgs	V1_c1.5	9	7	3
emmax_snp_nonsingleton	0	0	0	0	0	nobgs	V1_c1.5	9	7	3
lfmm_snp	0	0	0	0	0	nobgs	V1_c1.5	9	7	3
emmax_snp	2	0	2	0	0	nobgs	V1_c1.5	9	8	2
emmax_snp_nonsingleton	2	0	2	0	0	nobgs	V1_c1.5	9	8	2
lfmm_snp	33	1	32	1	0	nobgs	V1_c1.5	9	8	2
emmax_snp	0	0	0	0	0	nobgs	V1_c1.5	9	9	2
emmax_snp_nonsingleton	0	0	0	0	0	nobgs	V1_c1.5	9	9	2
lfmm_snp	0	0	0	0	0	nobgs	V1_c1.5	9	9	2
emmax_snp	51	0	51	0	0	nobgs	V1_c1.5	9	10	3
emmax_snp_nonsingleton	48	0	48	0	0	nobgs	V1_c1.5	9	10	3
lfmm_snp	45	0	45	0	0	nobgs	V1_c1.5	9	10	3
emmax_snp	0	0	0	0	0	nobgs	V1_c1.5	10	1	4
emmax_snp_nonsingleton	0	0	0	0	0	nobgs	V1_c1.5	10	1	4
lfmm_snp	0	0	0	0	0	nobgs	V1_c1.5	10	1	4
emmax_snp	43	1	42	1	0	nobgs	V1_c1.5	10	2	3
emmax_snp_nonsingleton	41	1	40	1	0	nobgs	V1_c1.5	10	2	3
lfmm_snp	91	1	90	1	0	nobgs	V1_c1.5	10	2	3
emmax_snp	0	0	0	0	0	nobgs	V1_c1.5	10	3	3
emmax_snp_nonsingleton	0	0	0	0	0	nobgs	V1_c1.5	10	3	3
lfmm_snp	0	0	0	0	0	nobgs	V1_c1.5	10	3	3
emmax_snp	0	0	0	0	0	nobgs	V1_c1.5	10	4	3
emmax_snp_nonsingleton	0	0	0	0	0	nobgs	V1_c1.5	10	4	3
lfmm_snp	1	1	0	1	0	nobgs	V1_c1.5	10	4	3
emmax_snp	0	0	0	0	0	nobgs	V1_c1.5	10	5	4
emmax_snp_nonsingleton	0	0	0	0	0	nobgs	V1_c1.5	10	5	4
lfmm_snp	14	1	13	1	0	nobgs	V1_c1.5	10	5	4
emmax_snp	10	0	10	0	0	nobgs	V1_c1.5	10	6	4
emmax_snp_nonsingleton	10	0	10	0	0	nobgs	V1_c1.5	10	6	4
lfmm_snp	33	0	33	0	0	nobgs	V1_c1.5	10	6	4
emmax_snp	22	0	22	0	0	nobgs	V1_c1.5	10	7	4
emmax_snp_nonsingleton	21	0	21	0	0	nobgs	V1_c1.5	10	7	4
lfmm_snp	32	1	31	1	0	nobgs	V1_c1.5	10	7	4
emmax_snp	0	0	0	0	0	nobgs	V1_c1.5	10	8	4
emmax_snp_nonsingleton	0	0	0	0	0	nobgs	V1_c1.5	10	8	4
lfmm_snp	4	0	4	0	0	nobgs	V1_c1.5	10	8	4
emmax_snp	0	0	0	0	0	nobgs	V1_c1.5	10	9	3
emmax_snp_nonsingleton	0	0	0	0	0	nobgs	V1_c1.5	10	9	3
lfmm_snp	1	1	0	1	0	nobgs	V1_c1.5	10	9	3
emmax_snp	0	0	0	0	0	nobgs	V1_c1.5	10	10	3
emmax_snp_nonsingleton	0	0	0	0	0	nobgs	V1_c1.5	10	10	3
lfmm_snp	20	0	20	0	0	nobgs	V1_c1.5	10	10	3
emmax_snp	0	0	0	0	0	nobgs	V2_c1	1	1	1
emmax_snp_nonsingleton	0	0	0	0	0	nobgs	V2_c1	1	1	1
lfmm_snp	0	0	0	0	0	nobgs	V2_c1	1	1	1
emmax_snp	20	15	5	1	14	nobgs	V2_c1	1	2	1
emmax_snp_nonsingleton	19	15	4	1	14	nobgs	V2_c1	1	2	1
lfmm_snp	26	20	6	1	19	nobgs	V2_c1	1	2	1
emmax_snp	59	42	17	1	41	nobgs	V2_c1	1	3	1
emmax_snp_nonsingleton	56	42	14	1	41	nobgs	V2_c1	1	3	1
lfmm_snp	56	43	13	1	42	nobgs	V2_c1	1	3	1
emmax_snp	66	39	27	1	38	nobgs	V2_c1	1	4	1
emmax_snp_nonsingleton	66	39	27	1	38	nobgs	V2_c1	1	4	1
lfmm_snp	82	40	42	1	39	nobgs	V2_c1	1	4	1
emmax_snp	1	1	0	1	0	nobgs	V2_c1	1	5	1
emmax_snp_nonsingleton	1	1	0	1	0	nobgs	V2_c1	1	5	1
lfmm_snp	2	2	0	1	1	nobgs	V2_c1	1	5	1
emmax_snp	2	0	2	0	0	nobgs	V2_c1	1	6	1
emmax_snp_nonsingleton	0	0	0	0	0	nobgs	V2_c1	1	6	1
lfmm_snp	19	7	12	1	6	nobgs	V2_c1	1	6	1
emmax_snp	1	0	1	0	0	nobgs	V2_c1	1	7	2
emmax_snp_nonsingleton	0	0	0	0	0	nobgs	V2_c1	1	7	2
lfmm_snp	1	0	1	0	0	nobgs	V2_c1	1	7	2
emmax_snp	0	0	0	0	0	nobgs	V2_c1	1	8	1
emmax_snp_nonsingleton	0	0	0	0	0	nobgs	V2_c1	1	8	1
lfmm_snp	0	0	0	0	0	nobgs	V2_c1	1	8	1
emmax_snp	0	0	0	0	0	nobgs	V2_c1	1	9	1
emmax_snp_nonsingleton	0	0	0	0	0	nobgs	V2_c1	1	9	1
lfmm_snp	0	0	0	0	0	nobgs	V2_c1	1	9	1
emmax_snp	2	2	0	1	1	nobgs	V2_c1	1	10	2
emmax_snp_nonsingleton	2	2	0	1	1	nobgs	V2_c1	1	10	2
lfmm_snp	10	6	4	1	5	nobgs	V2_c1	1	10	2
emmax_snp	31	2	29	1	1	nobgs	V2_c1	2	1	3
emmax_snp_nonsingleton	30	2	28	1	1	nobgs	V2_c1	2	1	3
lfmm_snp	18	7	11	1	6	nobgs	V2_c1	2	1	3
emmax_snp	33	13	20	1	12	nobgs	V2_c1	2	2	2
emmax_snp_nonsingleton	31	13	18	1	12	nobgs	V2_c1	2	2	2
lfmm_snp	46	14	32	1	13	nobgs	V2_c1	2	2	2
emmax_snp	19	6	13	1	5	nobgs	V2_c1	2	3	2
emmax_snp_nonsingleton	19	6	13	1	5	nobgs	V2_c1	2	3	2
lfmm_snp	29	9	20	1	8	nobgs	V2_c1	2	3	2
emmax_snp	33	15	18	1	14	nobgs	V2_c1	2	4	1
emmax_snp_nonsingleton	32	15	17	1	14	nobgs	V2_c1	2	4	1
lfmm_snp	24	13	11	1	12	nobgs	V2_c1	2	4	1
emmax_snp	0	0	0	0	0	nobgs	V2_c1	2	5	2
emmax_snp_nonsingleton	0	0	0	0	0	nobgs	V2_c1	2	5	2
lfmm_snp	0	0	0	0	0	nobgs	V2_c1	2	5	2
emmax_snp	0	0	0	0	0	nobgs	V2_c1	2	6	1
emmax_snp_nonsingleton	0	0	0	0	0	nobgs	V2_c1	2	6	1
lfmm_snp	18	5	13	1	4	nobgs	V2_c1	2	6	1
emmax_snp	0	0	0	0	0	nobgs	V2_c1	2	7	2
emmax_snp_nonsingleton	0	0	0	0	0	nobgs	V2_c1	2	7	2
lfmm_snp	1	1	0	1	0	nobgs	V2_c1	2	7	2
emmax_snp	0	0	0	0	0	nobgs	V2_c1	2	8	2
emmax_snp_nonsingleton	0	0	0	0	0	nobgs	V2_c1	2	8	2
lfmm_snp	2	2	0	1	1	nobgs	V2_c1	2	8	2
emmax_snp	0	0	0	0	0	nobgs	V2_c1	2	9	0
emmax_snp_nonsingleton	0	0	0	0	0	nobgs	V2_c1	2	9	0
lfmm_snp	0	0	0	0	0	nobgs	V2_c1	2	9	0
emmax_snp	6	5	1	1	4	nobgs	V2_c1	2	10	1
emmax_snp_nonsingleton	6	5	1	1	4	nobgs	V2_c1	2	10	1
lfmm_snp	10	5	5	1	4	nobgs	V2_c1	2	10	1
emmax_snp	4	4	0	1	3	nobgs	V2_c1	3	1	2
emmax_snp_nonsingleton	4	4	0	1	3	nobgs	V2_c1	3	1	2
lfmm_snp	0	0	0	0	0	nobgs	V2_c1	3	1	2
emmax_snp	4	2	2	1	1	nobgs	V2_c1	3	2	1
emmax_snp_nonsingleton	3	2	1	1	1	nobgs	V2_c1	3	2	1
lfmm_snp	13	8	5	1	7	nobgs	V2_c1	3	2	1
emmax_snp	2	2	0	1	1	nobgs	V2_c1	3	3	1
emmax_snp_nonsingleton	2	2	0	1	1	nobgs	V2_c1	3	3	1
lfmm_snp	3	3	0	1	2	nobgs	V2_c1	3	3	1
emmax_snp	4	4	0	1	3	nobgs	V2_c1	3	4	1
emmax_snp_nonsingleton	4	4	0	1	3	nobgs	V2_c1	3	4	1
lfmm_snp	7	7	0	1	6	nobgs	V2_c1	3	4	1
emmax_snp	6	5	1	1	4	nobgs	V2_c1	3	5	2
emmax_snp_nonsingleton	5	5	0	1	4	nobgs	V2_c1	3	5	2
lfmm_snp	5	5	0	1	4	nobgs	V2_c1	3	5	2
emmax_snp	11	7	4	1	6	nobgs	V2_c1	3	6	1
emmax_snp_nonsingleton	8	6	2	1	5	nobgs	V2_c1	3	6	1
lfmm_snp	21	16	5	1	15	nobgs	V2_c1	3	6	1
emmax_snp	4	4	0	1	3	nobgs	V2_c1	3	7	2
emmax_snp_nonsingleton	4	4	0	1	3	nobgs	V2_c1	3	7	2
lfmm_snp	11	7	4	1	6	nobgs	V2_c1	3	7	2
emmax_snp	7	6	1	1	5	nobgs	V2_c1	3	8	1
emmax_snp_nonsingleton	5	5	0	1	4	nobgs	V2_c1	3	8	1
lfmm_snp	14	10	4	1	9	nobgs	V2_c1	3	8	1
emmax_snp	0	0	0	0	0	nobgs	V2_c1	3	9	1
emmax_snp_nonsingleton	0	0	0	0	0	nobgs	V2_c1	3	9	1
lfmm_snp	0	0	0	0	0	nobgs	V2_c1	3	9	1
emmax_snp	0	0	0	0	0	nobgs	V2_c1	3	10	0
emmax_snp_nonsingleton	0	0	0	0	0	nobgs	V2_c1	3	10	0
lfmm_snp	1	0	1	0	0	nobgs	V2_c1	3	10	0
emmax_snp	19	11	8	1	10	nobgs	V2_c1	4	1	1
emmax_snp_nonsingleton	19	11	8	1	10	nobgs	V2_c1	4	1	1
lfmm_snp	18	14	4	1	13	nobgs	V2_c1	4	1	1
emmax_snp	0	0	0	0	0	nobgs	V2_c1	4	2	3
emmax_snp_nonsingleton	0	0	0	0	0	nobgs	V2_c1	4	2	3
lfmm_snp	0	0	0	0	0	nobgs	V2_c1	4	2	3
emmax_snp	13	9	4	1	8	nobgs	V2_c1	4	3	1
emmax_snp_nonsingleton	13	9	4	1	8	nobgs	V2_c1	4	3	1
lfmm_snp	16	9	7	1	8	nobgs	V2_c1	4	3	1
emmax_snp	0	0	0	0	0	nobgs	V2_c1	4	4	1
emmax_snp_nonsingleton	0	0	0	0	0	nobgs	V2_c1	4	4	1
lfmm_snp	0	0	0	0	0	nobgs	V2_c1	4	4	1
emmax_snp	0	0	0	0	0	nobgs	V2_c1	4	5	1
emmax_snp_nonsingleton	0	0	0	0	0	nobgs	V2_c1	4	5	1
lfmm_snp	3	3	0	1	2	nobgs	V2_c1	4	5	1
emmax_snp	1	1	0	1	0	nobgs	V2_c1	4	6	1
emmax_snp_nonsingleton	0	0	0	0	0	nobgs	V2_c1	4	6	1
lfmm_snp	3	1	2	1	0	nobgs	V2_c1	4	6	1
emmax_snp	1	1	0	1	0	nobgs	V2_c1	4	7	1
emmax_snp_nonsingleton	1	1	0	1	0	nobgs	V2_c1	4	7	1
lfmm_snp	1	1	0	1	0	nobgs	V2_c1	4	7	1
emmax_snp	38	20	18	1	19	nobgs	V2_c1	4	8	2
emmax_snp_nonsingleton	36	20	16	1	19	nobgs	V2_c1	4	8	2
lfmm_snp	19	11	8	1	10	nobgs	V2_c1	4	8	2
emmax_snp	0	0	0	0	0	nobgs	V2_c1	4	9	1
emmax_snp_nonsingleton	0	0	0	0	0	nobgs	V2_c1	4	9	1
lfmm_snp	0	0	0	0	0	nobgs	V2_c1	4	9	1
emmax_snp	0	0	0	0	0	nobgs	V2_c1	4	10	2
emmax_snp_nonsingleton	0	0	0	0	0	nobgs	V2_c1	4	10	2
lfmm_snp	10	3	7	1	2	nobgs	V2_c1	4	10	2
emmax_snp	0	0	0	0	0	nobgs	V2_c1	5	1	1
emmax_snp_nonsingleton	0	0	0	0	0	nobgs	V2_c1	5	1	1
lfmm_snp	86	13	73	1	12	nobgs	V2_c1	5	1	1
emmax_snp	1	1	0	1	0	nobgs	V2_c1	5	2	2
emmax_snp_nonsingleton	1	1	0	1	0	nobgs	V2_c1	5	2	2
lfmm_snp	4	4	0	1	3	nobgs	V2_c1	5	2	2
emmax_snp	0	0	0	0	0	nobgs	V2_c1	5	3	1
emmax_snp_nonsingleton	0	0	0	0	0	nobgs	V2_c1	5	3	1
lfmm_snp	99	17	82	1	16	nobgs	V2_c1	5	3	1
emmax_snp	23	23	0	1	22	nobgs	V2_c1	5	4	1
emmax_snp_nonsingleton	23	23	0	1	22	nobgs	V2_c1	5	4	1
lfmm_snp	55	46	9	1	45	nobgs	V2_c1	5	4	1
emmax_snp	1	1	0	1	0	nobgs	V2_c1	5	5	2
emmax_snp_nonsingleton	1	1	0	1	0	nobgs	V2_c1	5	5	2
lfmm_snp	1	1	0	1	0	nobgs	V2_c1	5	5	2
emmax_snp	0	0	0	0	0	nobgs	V2_c1	5	6	1
emmax_snp_nonsingleton	0	0	0	0	0	nobgs	V2_c1	5	6	1
lfmm_snp	1	0	1	0	0	nobgs	V2_c1	5	6	1
emmax_snp	3	3	0	1	2	nobgs	V2_c1	5	7	1
emmax_snp_nonsingleton	3	3	0	1	2	nobgs	V2_c1	5	7	1
lfmm_snp	3	3	0	1	2	nobgs	V2_c1	5	7	1
emmax_snp	0	0	0	0	0	nobgs	V2_c1	5	8	1
emmax_snp_nonsingleton	0	0	0	0	0	nobgs	V2_c1	5	8	1
lfmm_snp	4	0	4	0	0	nobgs	V2_c1	5	8	1
emmax_snp	0	0	0	0	0	nobgs	V2_c1	5	9	1
emmax_snp_nonsingleton	0	0	0	0	0	nobgs	V2_c1	5	9	1
lfmm_snp	1	0	1	0	0	nobgs	V2_c1	5	9	1
emmax_snp	1	0	1	0	0	nobgs	V2_c1	5	10	1
emmax_snp_nonsingleton	1	0	1	0	0	nobgs	V2_c1	5	10	1
lfmm_snp	2	0	2	0	0	nobgs	V2_c1	5	10	1
emmax_snp	0	0	0	0	0	nobgs	V2_c1	6	1	1
emmax_snp_nonsingleton	0	0	0	0	0	nobgs	V2_c1	6	1	1
lfmm_snp	0	0	0	0	0	nobgs	V2_c1	6	1	1
emmax_snp	37	21	16	2	19	nobgs	V2_c1	6	2	2
emmax_snp_nonsingleton	31	20	11	2	18	nobgs	V2_c1	6	2	2
lfmm_snp	31	19	12	1	18	nobgs	V2_c1	6	2	2
emmax_snp	1	1	0	1	0	nobgs	V2_c1	6	3	1
emmax_snp_nonsingleton	1	1	0	1	0	nobgs	V2_c1	6	3	1
lfmm_snp	1	1	0	1	0	nobgs	V2_c1	6	3	1
emmax_snp	1	1	0	1	0	nobgs	V2_c1	6	4	1
emmax_snp_nonsingleton	0	0	0	0	0	nobgs	V2_c1	6	4	1
lfmm_snp	1	1	0	1	0	nobgs	V2_c1	6	4	1
emmax_snp	9	8	1	1	7	nobgs	V2_c1	6	5	2
emmax_snp_nonsingleton	9	8	1	1	7	nobgs	V2_c1	6	5	2
lfmm_snp	32	29	3	1	28	nobgs	V2_c1	6	5	2
emmax_snp	0	0	0	0	0	nobgs	V2_c1	6	6	2
emmax_snp_nonsingleton	0	0	0	0	0	nobgs	V2_c1	6	6	2
lfmm_snp	10	5	5	1	4	nobgs	V2_c1	6	6	2
emmax_snp	0	0	0	0	0	nobgs	V2_c1	6	7	2
emmax_snp_nonsingleton	0	0	0	0	0	nobgs	V2_c1	6	7	2
lfmm_snp	0	0	0	0	0	nobgs	V2_c1	6	7	2
emmax_snp	4	4	0	1	3	nobgs	V2_c1	6	8	2
emmax_snp_nonsingleton	3	3	0	1	2	nobgs	V2_c1	6	8	2
lfmm_snp	7	4	3	1	3	nobgs	V2_c1	6	8	2
emmax_snp	0	0	0	0	0	nobgs	V2_c1	6	9	2
emmax_snp_nonsingleton	0	0	0	0	0	nobgs	V2_c1	6	9	2
lfmm_snp	0	0	0	0	0	nobgs	V2_c1	6	9	2
emmax_snp	0	0	0	0	0	nobgs	V2_c1	6	10	1
emmax_snp_nonsingleton	0	0	0	0	0	nobgs	V2_c1	6	10	1
lfmm_snp	1	1	0	1	0	nobgs	V2_c1	6	10	1
emmax_snp	20	3	17	1	2	nobgs	V2_c1	7	1	1
emmax_snp_nonsingleton	20	3	17	1	2	nobgs	V2_c1	7	1	1
lfmm_snp	2	1	1	1	0	nobgs	V2_c1	7	1	1
emmax_snp	3	0	3	0	0	nobgs	V2_c1	7	2	1
emmax_snp_nonsingleton	3	0	3	0	0	nobgs	V2_c1	7	2	1
lfmm_snp	12	0	12	0	0	nobgs	V2_c1	7	2	1
emmax_snp	222	34	188	1	33	nobgs	V2_c1	7	3	1
emmax_snp_nonsingleton	218	34	184	1	33	nobgs	V2_c1	7	3	1
lfmm_snp	88	21	67	1	20	nobgs	V2_c1	7	3	1
emmax_snp	0	0	0	0	0	nobgs	V2_c1	7	4	2
emmax_snp_nonsingleton	0	0	0	0	0	nobgs	V2_c1	7	4	2
lfmm_snp	4	2	2	1	1	nobgs	V2_c1	7	4	2
emmax_snp	28	13	15	1	12	nobgs	V2_c1	7	5	1
emmax_snp_nonsingleton	28	13	15	1	12	nobgs	V2_c1	7	5	1
lfmm_snp	34	17	17	1	16	nobgs	V2_c1	7	5	1
emmax_snp	3	0	3	0	0	nobgs	V2_c1	7	6	1
emmax_snp_nonsingleton	2	0	2	0	0	nobgs	V2_c1	7	6	1
lfmm_snp	6	0	6	0	0	nobgs	V2_c1	7	6	1
emmax_snp	11	0	11	0	0	nobgs	V2_c1	7	7	1
emmax_snp_nonsingleton	11	0	11	0	0	nobgs	V2_c1	7	7	1
lfmm_snp	11	0	11	0	0	nobgs	V2_c1	7	7	1
emmax_snp	43	28	15	1	27	nobgs	V2_c1	7	8	1
emmax_snp_nonsingleton	38	28	10	1	27	nobgs	V2_c1	7	8	1
lfmm_snp	21	10	11	1	9	nobgs	V2_c1	7	8	1
emmax_snp	0	0	0	0	0	nobgs	V2_c1	7	9	2
emmax_snp_nonsingleton	0	0	0	0	0	nobgs	V2_c1	7	9	2
lfmm_snp	0	0	0	0	0	nobgs	V2_c1	7	9	2
emmax_snp	0	0	0	0	0	nobgs	V2_c1	7	10	1
emmax_snp_nonsingleton	0	0	0	0	0	nobgs	V2_c1	7	10	1
lfmm_snp	0	0	0	0	0	nobgs	V2_c1	7	10	1
emmax_snp	2	2	0	1	1	nobgs	V2_c1	8	1	1
emmax_snp_nonsingleton	2	2	0	1	1	nobgs	V2_c1	8	1	1
lfmm_snp	2	0	2	0	0	nobgs	V2_c1	8	1	1
emmax_snp	6	4	2	1	3	nobgs	V2_c1	8	2	1
emmax_snp_nonsingleton	5	4	1	1	3	nobgs	V2_c1	8	2	1
lfmm_snp	7	6	1	1	5	nobgs	V2_c1	8	2	1
emmax_snp	0	0	0	0	0	nobgs	V2_c1	8	3	1
emmax_snp_nonsingleton	0	0	0	0	0	nobgs	V2_c1	8	3	1
lfmm_snp	5	5	0	1	4	nobgs	V2_c1	8	3	1
emmax_snp	0	0	0	0	0	nobgs	V2_c1	8	4	0
emmax_snp_nonsingleton	0	0	0	0	0	nobgs	V2_c1	8	4	0
lfmm_snp	0	0	0	0	0	nobgs	V2_c1	8	4	0
emmax_snp	48	19	29	1	18	nobgs	V2_c1	8	5	2
emmax_snp_nonsingleton	48	19	29	1	18	nobgs	V2_c1	8	5	2
lfmm_snp	23	11	12	1	10	nobgs	V2_c1	8	5	2
emmax_snp	0	0	0	0	0	nobgs	V2_c1	8	6	0
emmax_snp_nonsingleton	0	0	0	0	0	nobgs	V2_c1	8	6	0
lfmm_snp	0	0	0	0	0	nobgs	V2_c1	8	6	0
emmax_snp	6	5	1	1	4	nobgs	V2_c1	8	7	1
emmax_snp_nonsingleton	5	5	0	1	4	nobgs	V2_c1	8	7	1
lfmm_snp	7	5	2	1	4	nobgs	V2_c1	8	7	1
emmax_snp	15	11	4	1	10	nobgs	V2_c1	8	8	2
emmax_snp_nonsingleton	15	11	4	1	10	nobgs	V2_c1	8	8	2
lfmm_snp	42	20	22	1	19	nobgs	V2_c1	8	8	2
emmax_snp	0	0	0	0	0	nobgs	V2_c1	8	9	2
emmax_snp_nonsingleton	0	0	0	0	0	nobgs	V2_c1	8	9	2
lfmm_snp	2	2	0	1	1	nobgs	V2_c1	8	9	2
emmax_snp	4	4	0	1	3	nobgs	V2_c1	8	10	1
emmax_snp_nonsingleton	4	4	0	1	3	nobgs	V2_c1	8	10	1
lfmm_snp	22	12	10	1	11	nobgs	V2_c1	8	10	1
emmax_snp	0	0	0	0	0	nobgs	V2_c1	9	1	2
emmax_snp_nonsingleton	0	0	0	0	0	nobgs	V2_c1	9	1	2
lfmm_snp	38	6	32	1	5	nobgs	V2_c1	9	1	2
emmax_snp	3	0	3	0	0	nobgs	V2_c1	9	2	1
emmax_snp_nonsingleton	3	0	3	0	0	nobgs	V2_c1	9	2	1
lfmm_snp	3	0	3	0	0	nobgs	V2_c1	9	2	1
emmax_snp	22	19	3	1	18	nobgs	V2_c1	9	3	1
emmax_snp_nonsingleton	22	19	3	1	18	nobgs	V2_c1	9	3	1
lfmm_snp	28	26	2	1	25	nobgs	V2_c1	9	3	1
emmax_snp	0	0	0	0	0	nobgs	V2_c1	9	4	1
emmax_snp_nonsingleton	0	0	0	0	0	nobgs	V2_c1	9	4	1
lfmm_snp	3	2	1	1	1	nobgs	V2_c1	9	4	1
emmax_snp	0	0	0	0	0	nobgs	V2_c1	9	5	1
emmax_snp_nonsingleton	0	0	0	0	0	nobgs	V2_c1	9	5	1
lfmm_snp	0	0	0	0	0	nobgs	V2_c1	9	5	1
emmax_snp	1	1	0	1	0	nobgs	V2_c1	9	6	2
emmax_snp_nonsingleton	0	0	0	0	0	nobgs	V2_c1	9	6	2
lfmm_snp	7	3	4	1	2	nobgs	V2_c1	9	6	2
emmax_snp	1	0	1	0	0	nobgs	V2_c1	9	7	1
emmax_snp_nonsingleton	0	0	0	0	0	nobgs	V2_c1	9	7	1
lfmm_snp	1	0	1	0	0	nobgs	V2_c1	9	7	1
emmax_snp	2	0	2	0	0	nobgs	V2_c1	9	8	1
emmax_snp_nonsingleton	2	0	2	0	0	nobgs	V2_c1	9	8	1
lfmm_snp	0	0	0	0	0	nobgs	V2_c1	9	8	1
emmax_snp	0	0	0	0	0	nobgs	V2_c1	9	9	2
emmax_snp_nonsingleton	0	0	0	0	0	nobgs	V2_c1	9	9	2
lfmm_snp	0	0	0	0	0	nobgs	V2_c1	9	9	2
emmax_snp	2	0	2	0	0	nobgs	V2_c1	9	10	1
emmax_snp_nonsingleton	1	0	1	0	0	nobgs	V2_c1	9	10	1
lfmm_snp	1	0	1	0	0	nobgs	V2_c1	9	10	1
emmax_snp	0	0	0	0	0	nobgs	V2_c1	10	1	0
emmax_snp_nonsingleton	0	0	0	0	0	nobgs	V2_c1	10	1	0
lfmm_snp	0	0	0	0	0	nobgs	V2_c1	10	1	0
emmax_snp	1	1	0	1	0	nobgs	V2_c1	10	2	2
emmax_snp_nonsingleton	0	0	0	0	0	nobgs	V2_c1	10	2	2
lfmm_snp	1	1	0	1	0	nobgs	V2_c1	10	2	2
emmax_snp	1	1	0	1	0	nobgs	V2_c1	10	3	1
emmax_snp_nonsingleton	0	0	0	0	0	nobgs	V2_c1	10	3	1
lfmm_snp	1	1	0	1	0	nobgs	V2_c1	10	3	1
emmax_snp	0	0	0	0	0	nobgs	V2_c1	10	4	1
emmax_snp_nonsingleton	0	0	0	0	0	nobgs	V2_c1	10	4	1
lfmm_snp	0	0	0	0	0	nobgs	V2_c1	10	4	1
emmax_snp	1	0	1	0	0	nobgs	V2_c1	10	5	0
emmax_snp_nonsingleton	0	0	0	0	0	nobgs	V2_c1	10	5	0
lfmm_snp	0	0	0	0	0	nobgs	V2_c1	10	5	0
emmax_snp	0	0	0	0	0	nobgs	V2_c1	10	6	1
emmax_snp_nonsingleton	0	0	0	0	0	nobgs	V2_c1	10	6	1
lfmm_snp	0	0	0	0	0	nobgs	V2_c1	10	6	1
emmax_snp	1	1	0	1	0	nobgs	V2_c1	10	7	1
emmax_snp_nonsingleton	0	0	0	0	0	nobgs	V2_c1	10	7	1
lfmm_snp	1	1	0	1	0	nobgs	V2_c1	10	7	1
emmax_snp	0	0	0	0	0	nobgs	V2_c1	10	8	2
emmax_snp_nonsingleton	0	0	0	0	0	nobgs	V2_c1	10	8	2
lfmm_snp	4	1	3	1	0	nobgs	V2_c1	10	8	2
emmax_snp	0	0	0	0	0	nobgs	V2_c1	10	9	1
emmax_snp_nonsingleton	0	0	0	0	0	nobgs	V2_c1	10	9	1
lfmm_snp	0	0	0	0	0	nobgs	V2_c1	10	9	1
emmax_snp	0	0	0	0	0	nobgs	V2_c1	10	10	1
emmax_snp_nonsingleton	0	0	0	0	0	nobgs	V2_c1	10	10	1
lfmm_snp	0	0	0	0	0	nobgs	V2_c1	10	10	1
emmax_snp	0	0	0	0	0	nobgs	V2_c1.5	1	1	1
emmax_snp_nonsingleton	0	0	0	0	0	nobgs	V2_c1.5	1	1	1
lfmm_snp	0	0	0	0	0	nobgs	V2_c1.5	1	1	1
emmax_snp	7	0	7	0	0	nobgs	V2_c1.5	1	2	1
emmax_snp_nonsingleton	7	0	7	0	0	nobgs	V2_c1.5	1	2	1
lfmm_snp	15	0	15	0	0	nobgs	V2_c1.5	1	2	1
emmax_snp	4	3	1	1	2	nobgs	V2_c1.5	1	3	2
emmax_snp_nonsingleton	4	3	1	1	2	nobgs	V2_c1.5	1	3	2
lfmm_snp	8	3	5	1	2	nobgs	V2_c1.5	1	3	2
emmax_snp	0	0	0	0	0	nobgs	V2_c1.5	1	4	3
emmax_snp_nonsingleton	0	0	0	0	0	nobgs	V2_c1.5	1	4	3
lfmm_snp	0	0	0	0	0	nobgs	V2_c1.5	1	4	3
emmax_snp	0	0	0	0	0	nobgs	V2_c1.5	1	5	1
emmax_snp_nonsingleton	0	0	0	0	0	nobgs	V2_c1.5	1	5	1
lfmm_snp	0	0	0	0	0	nobgs	V2_c1.5	1	5	1
emmax_snp	12	5	7	1	4	nobgs	V2_c1.5	1	6	3
emmax_snp_nonsingleton	11	5	6	1	4	nobgs	V2_c1.5	1	6	3
lfmm_snp	84	17	67	1	16	nobgs	V2_c1.5	1	6	3
emmax_snp	10	9	1	1	8	nobgs	V2_c1.5	1	7	3
emmax_snp_nonsingleton	10	9	1	1	8	nobgs	V2_c1.5	1	7	3
lfmm_snp	38	11	27	1	10	nobgs	V2_c1.5	1	7	3
emmax_snp	25	2	23	1	1	nobgs	V2_c1.5	1	8	2
emmax_snp_nonsingleton	24	2	22	1	1	nobgs	V2_c1.5	1	8	2
lfmm_snp	17	2	15	1	1	nobgs	V2_c1.5	1	8	2
emmax_snp	2	0	2	0	0	nobgs	V2_c1.5	1	9	3
emmax_snp_nonsingleton	2	0	2	0	0	nobgs	V2_c1.5	1	9	3
lfmm_snp	3	0	3	0	0	nobgs	V2_c1.5	1	9	3
emmax_snp	0	0	0	0	0	nobgs	V2_c1.5	1	10	2
emmax_snp_nonsingleton	0	0	0	0	0	nobgs	V2_c1.5	1	10	2
lfmm_snp	6	0	6	0	0	nobgs	V2_c1.5	1	10	2
emmax_snp	0	0	0	0	0	nobgs	V2_c1.5	2	1	2
emmax_snp_nonsingleton	0	0	0	0	0	nobgs	V2_c1.5	2	1	2
lfmm_snp	0	0	0	0	0	nobgs	V2_c1.5	2	1	2
emmax_snp	0	0	0	0	0	nobgs	V2_c1.5	2	2	1
emmax_snp_nonsingleton	0	0	0	0	0	nobgs	V2_c1.5	2	2	1
lfmm_snp	0	0	0	0	0	nobgs	V2_c1.5	2	2	1
emmax_snp	19	0	19	0	0	nobgs	V2_c1.5	2	3	2
emmax_snp_nonsingleton	18	0	18	0	0	nobgs	V2_c1.5	2	3	2
lfmm_snp	29	0	29	0	0	nobgs	V2_c1.5	2	3	2
emmax_snp	0	0	0	0	0	nobgs	V2_c1.5	2	4	2
emmax_snp_nonsingleton	0	0	0	0	0	nobgs	V2_c1.5	2	4	2
lfmm_snp	0	0	0	0	0	nobgs	V2_c1.5	2	4	2
emmax_snp	0	0	0	0	0	nobgs	V2_c1.5	2	5	4
emmax_snp_nonsingleton	0	0	0	0	0	nobgs	V2_c1.5	2	5	4
lfmm_snp	1	0	1	0	0	nobgs	V2_c1.5	2	5	4
emmax_snp	109	0	109	0	0	nobgs	V2_c1.5	2	6	1
emmax_snp_nonsingleton	107	0	107	0	0	nobgs	V2_c1.5	2	6	1
lfmm_snp	174	0	174	0	0	nobgs	V2_c1.5	2	6	1
emmax_snp	12	0	12	0	0	nobgs	V2_c1.5	2	7	1
emmax_snp_nonsingleton	12	0	12	0	0	nobgs	V2_c1.5	2	7	1
lfmm_snp	13	0	13	0	0	nobgs	V2_c1.5	2	7	1
emmax_snp	3	0	3	0	0	nobgs	V2_c1.5	2	8	3
emmax_snp_nonsingleton	3	0	3	0	0	nobgs	V2_c1.5	2	8	3
lfmm_snp	32	3	29	1	2	nobgs	V2_c1.5	2	8	3
emmax_snp	9	3	6	1	2	nobgs	V2_c1.5	2	9	3
emmax_snp_nonsingleton	9	3	6	1	2	nobgs	V2_c1.5	2	9	3
lfmm_snp	12	4	8	1	3	nobgs	V2_c1.5	2	9	3
emmax_snp	0	0	0	0	0	nobgs	V2_c1.5	2	10	1
emmax_snp_nonsingleton	0	0	0	0	0	nobgs	V2_c1.5	2	10	1
lfmm_snp	1	0	1	0	0	nobgs	V2_c1.5	2	10	1
emmax_snp	0	0	0	0	0	nobgs	V2_c1.5	3	1	2
emmax_snp_nonsingleton	0	0	0	0	0	nobgs	V2_c1.5	3	1	2
lfmm_snp	0	0	0	0	0	nobgs	V2_c1.5	3	1	2
emmax_snp	4	0	4	0	0	nobgs	V2_c1.5	3	2	2
emmax_snp_nonsingleton	2	0	2	0	0	nobgs	V2_c1.5	3	2	2
lfmm_snp	16	1	15	1	0	nobgs	V2_c1.5	3	2	2
emmax_snp	9	6	3	1	5	nobgs	V2_c1.5	3	3	2
emmax_snp_nonsingleton	9	6	3	1	5	nobgs	V2_c1.5	3	3	2
lfmm_snp	20	6	14	1	5	nobgs	V2_c1.5	3	3	2
emmax_snp	1	1	0	1	0	nobgs	V2_c1.5	3	4	2
emmax_snp_nonsingleton	1	1	0	1	0	nobgs	V2_c1.5	3	4	2
lfmm_snp	1	1	0	1	0	nobgs	V2_c1.5	3	4	2
emmax_snp	0	0	0	0	0	nobgs	V2_c1.5	3	5	3
emmax_snp_nonsingleton	0	0	0	0	0	nobgs	V2_c1.5	3	5	3
lfmm_snp	0	0	0	0	0	nobgs	V2_c1.5	3	5	3
emmax_snp	4	0	4	0	0	nobgs	V2_c1.5	3	6	3
emmax_snp_nonsingleton	4	0	4	0	0	nobgs	V2_c1.5	3	6	3
lfmm_snp	20	0	20	0	0	nobgs	V2_c1.5	3	6	3
emmax_snp	3	1	2	1	0	nobgs	V2_c1.5	3	7	2
emmax_snp_nonsingleton	1	0	1	0	0	nobgs	V2_c1.5	3	7	2
lfmm_snp	11	1	10	1	0	nobgs	V2_c1.5	3	7	2
emmax_snp	5	0	5	0	0	nobgs	V2_c1.5	3	8	3
emmax_snp_nonsingleton	4	0	4	0	0	nobgs	V2_c1.5	3	8	3
lfmm_snp	7	0	7	0	0	nobgs	V2_c1.5	3	8	3
emmax_snp	0	0	0	0	0	nobgs	V2_c1.5	3	9	3
emmax_snp_nonsingleton	0	0	0	0	0	nobgs	V2_c1.5	3	9	3
lfmm_snp	0	0	0	0	0	nobgs	V2_c1.5	3	9	3
emmax_snp	18	13	5	1	12	nobgs	V2_c1.5	3	10	4
emmax_snp_nonsingleton	16	13	3	1	12	nobgs	V2_c1.5	3	10	4
lfmm_snp	31	20	11	1	19	nobgs	V2_c1.5	3	10	4
emmax_snp	0	0	0	0	0	nobgs	V2_c1.5	4	1	2
emmax_snp_nonsingleton	0	0	0	0	0	nobgs	V2_c1.5	4	1	2
lfmm_snp	0	0	0	0	0	nobgs	V2_c1.5	4	1	2
emmax_snp	10	0	10	0	0	nobgs	V2_c1.5	4	2	2
emmax_snp_nonsingleton	10	0	10	0	0	nobgs	V2_c1.5	4	2	2
lfmm_snp	17	0	17	0	0	nobgs	V2_c1.5	4	2	2
emmax_snp	0	0	0	0	0	nobgs	V2_c1.5	4	3	3
emmax_snp_nonsingleton	0	0	0	0	0	nobgs	V2_c1.5	4	3	3
lfmm_snp	0	0	0	0	0	nobgs	V2_c1.5	4	3	3
emmax_snp	0	0	0	0	0	nobgs	V2_c1.5	4	4	2
emmax_snp_nonsingleton	0	0	0	0	0	nobgs	V2_c1.5	4	4	2
lfmm_snp	2	0	2	0	0	nobgs	V2_c1.5	4	4	2
emmax_snp	0	0	0	0	0	nobgs	V2_c1.5	4	5	1
emmax_snp_nonsingleton	0	0	0	0	0	nobgs	V2_c1.5	4	5	1
lfmm_snp	0	0	0	0	0	nobgs	V2_c1.5	4	5	1
emmax_snp	2	0	2	0	0	nobgs	V2_c1.5	4	6	1
emmax_snp_nonsingleton	0	0	0	0	0	nobgs	V2_c1.5	4	6	1
lfmm_snp	27	0	27	0	0	nobgs	V2_c1.5	4	6	1
emmax_snp	0	0	0	0	0	nobgs	V2_c1.5	4	7	4
emmax_snp_nonsingleton	0	0	0	0	0	nobgs	V2_c1.5	4	7	4
lfmm_snp	8	6	2	1	5	nobgs	V2_c1.5	4	7	4
emmax_snp	62	30	32	1	29	nobgs	V2_c1.5	4	8	1
emmax_snp_nonsingleton	59	30	29	1	29	nobgs	V2_c1.5	4	8	1
lfmm_snp	100	33	67	1	32	nobgs	V2_c1.5	4	8	1
emmax_snp	0	0	0	0	0	nobgs	V2_c1.5	4	9	1
emmax_snp_nonsingleton	0	0	0	0	0	nobgs	V2_c1.5	4	9	1
lfmm_snp	0	0	0	0	0	nobgs	V2_c1.5	4	9	1
emmax_snp	2	0	2	0	0	nobgs	V2_c1.5	4	10	1
emmax_snp_nonsingleton	2	0	2	0	0	nobgs	V2_c1.5	4	10	1
lfmm_snp	26	0	26	0	0	nobgs	V2_c1.5	4	10	1
emmax_snp	4	0	4	0	0	nobgs	V2_c1.5	5	1	1
emmax_snp_nonsingleton	4	0	4	0	0	nobgs	V2_c1.5	5	1	1
lfmm_snp	12	2	10	1	1	nobgs	V2_c1.5	5	1	1
emmax_snp	5	0	5	0	0	nobgs	V2_c1.5	5	2	1
emmax_snp_nonsingleton	5	0	5	0	0	nobgs	V2_c1.5	5	2	1
lfmm_snp	15	0	15	0	0	nobgs	V2_c1.5	5	2	1
emmax_snp	0	0	0	0	0	nobgs	V2_c1.5	5	3	2
emmax_snp_nonsingleton	0	0	0	0	0	nobgs	V2_c1.5	5	3	2
lfmm_snp	5	0	5	0	0	nobgs	V2_c1.5	5	3	2
emmax_snp	0	0	0	0	0	nobgs	V2_c1.5	5	4	0
emmax_snp_nonsingleton	0	0	0	0	0	nobgs	V2_c1.5	5	4	0
lfmm_snp	0	0	0	0	0	nobgs	V2_c1.5	5	4	0
emmax_snp	0	0	0	0	0	nobgs	V2_c1.5	5	5	2
emmax_snp_nonsingleton	0	0	0	0	0	nobgs	V2_c1.5	5	5	2
lfmm_snp	0	0	0	0	0	nobgs	V2_c1.5	5	5	2
emmax_snp	171	56	115	1	55	nobgs	V2_c1.5	5	6	1
emmax_snp_nonsingleton	169	56	113	1	55	nobgs	V2_c1.5	5	6	1
lfmm_snp	238	59	179	1	58	nobgs	V2_c1.5	5	6	1
emmax_snp	0	0	0	0	0	nobgs	V2_c1.5	5	7	3
emmax_snp_nonsingleton	0	0	0	0	0	nobgs	V2_c1.5	5	7	3
lfmm_snp	43	37	6	1	36	nobgs	V2_c1.5	5	7	3
emmax_snp	15	0	15	0	0	nobgs	V2_c1.5	5	8	1
emmax_snp_nonsingleton	14	0	14	0	0	nobgs	V2_c1.5	5	8	1
lfmm_snp	6	0	6	0	0	nobgs	V2_c1.5	5	8	1
emmax_snp	0	0	0	0	0	nobgs	V2_c1.5	5	9	3
emmax_snp_nonsingleton	0	0	0	0	0	nobgs	V2_c1.5	5	9	3
lfmm_snp	2	1	1	1	0	nobgs	V2_c1.5	5	9	3
emmax_snp	0	0	0	0	0	nobgs	V2_c1.5	5	10	0
emmax_snp_nonsingleton	0	0	0	0	0	nobgs	V2_c1.5	5	10	0
lfmm_snp	18	0	18	0	0	nobgs	V2_c1.5	5	10	0
emmax_snp	0	0	0	0	0	nobgs	V2_c1.5	6	1	2
emmax_snp_nonsingleton	0	0	0	0	0	nobgs	V2_c1.5	6	1	2
lfmm_snp	0	0	0	0	0	nobgs	V2_c1.5	6	1	2
emmax_snp	0	0	0	0	0	nobgs	V2_c1.5	6	2	1
emmax_snp_nonsingleton	0	0	0	0	0	nobgs	V2_c1.5	6	2	1
lfmm_snp	1	0	1	0	0	nobgs	V2_c1.5	6	2	1
emmax_snp	3	0	3	0	0	nobgs	V2_c1.5	6	3	3
emmax_snp_nonsingleton	3	0	3	0	0	nobgs	V2_c1.5	6	3	3
lfmm_snp	5	2	3	1	1	nobgs	V2_c1.5	6	3	3
emmax_snp	0	0	0	0	0	nobgs	V2_c1.5	6	4	2
emmax_snp_nonsingleton	0	0	0	0	0	nobgs	V2_c1.5	6	4	2
lfmm_snp	0	0	0	0	0	nobgs	V2_c1.5	6	4	2
emmax_snp	11	0	11	0	0	nobgs	V2_c1.5	6	5	2
emmax_snp_nonsingleton	11	0	11	0	0	nobgs	V2_c1.5	6	5	2
lfmm_snp	3	0	3	0	0	nobgs	V2_c1.5	6	5	2
emmax_snp	78	22	56	1	21	nobgs	V2_c1.5	6	6	2
emmax_snp_nonsingleton	78	22	56	1	21	nobgs	V2_c1.5	6	6	2
lfmm_snp	155	15	140	2	13	nobgs	V2_c1.5	6	6	2
emmax_snp	2	0	2	0	0	nobgs	V2_c1.5	6	7	3
emmax_snp_nonsingleton	2	0	2	0	0	nobgs	V2_c1.5	6	7	3
lfmm_snp	2	0	2	0	0	nobgs	V2_c1.5	6	7	3
emmax_snp	28	0	28	0	0	nobgs	V2_c1.5	6	8	1
emmax_snp_nonsingleton	28	0	28	0	0	nobgs	V2_c1.5	6	8	1
lfmm_snp	9	0	9	0	0	nobgs	V2_c1.5	6	8	1
emmax_snp	9	4	5	1	3	nobgs	V2_c1.5	6	9	3
emmax_snp_nonsingleton	9	4	5	1	3	nobgs	V2_c1.5	6	9	3
lfmm_snp	7	6	1	1	5	nobgs	V2_c1.5	6	9	3
emmax_snp	3	2	1	1	1	nobgs	V2_c1.5	6	10	1
emmax_snp_nonsingleton	3	2	1	1	1	nobgs	V2_c1.5	6	10	1
lfmm_snp	8	2	6	1	1	nobgs	V2_c1.5	6	10	1
emmax_snp	0	0	0	0	0	nobgs	V2_c1.5	7	1	2
emmax_snp_nonsingleton	0	0	0	0	0	nobgs	V2_c1.5	7	1	2
lfmm_snp	0	0	0	0	0	nobgs	V2_c1.5	7	1	2
emmax_snp	0	0	0	0	0	nobgs	V2_c1.5	7	2	2
emmax_snp_nonsingleton	0	0	0	0	0	nobgs	V2_c1.5	7	2	2
lfmm_snp	29	0	29	0	0	nobgs	V2_c1.5	7	2	2
emmax_snp	1	0	1	0	0	nobgs	V2_c1.5	7	3	1
emmax_snp_nonsingleton	1	0	1	0	0	nobgs	V2_c1.5	7	3	1
lfmm_snp	4	0	4	0	0	nobgs	V2_c1.5	7	3	1
emmax_snp	0	0	0	0	0	nobgs	V2_c1.5	7	4	2
emmax_snp_nonsingleton	0	0	0	0	0	nobgs	V2_c1.5	7	4	2
lfmm_snp	0	0	0	0	0	nobgs	V2_c1.5	7	4	2
emmax_snp	0	0	0	0	0	nobgs	V2_c1.5	7	5	2
emmax_snp_nonsingleton	0	0	0	0	0	nobgs	V2_c1.5	7	5	2
lfmm_snp	2	0	2	0	0	nobgs	V2_c1.5	7	5	2
emmax_snp	124	12	112	1	11	nobgs	V2_c1.5	7	6	1
emmax_snp_nonsingleton	118	12	106	1	11	nobgs	V2_c1.5	7	6	1
lfmm_snp	265	15	250	1	14	nobgs	V2_c1.5	7	6	1
emmax_snp	0	0	0	0	0	nobgs	V2_c1.5	7	7	1
emmax_snp_nonsingleton	0	0	0	0	0	nobgs	V2_c1.5	7	7	1
lfmm_snp	42	1	41	1	0	nobgs	V2_c1.5	7	7	1
emmax_snp	0	0	0	0	0	nobgs	V2_c1.5	7	8	1
emmax_snp_nonsingleton	0	0	0	0	0	nobgs	V2_c1.5	7	8	1
lfmm_snp	2	0	2	0	0	nobgs	V2_c1.5	7	8	1
emmax_snp	6	0	6	0	0	nobgs	V2_c1.5	7	9	0
emmax_snp_nonsingleton	6	0	6	0	0	nobgs	V2_c1.5	7	9	0
lfmm_snp	1	0	1	0	0	nobgs	V2_c1.5	7	9	0
emmax_snp	3	1	2	1	0	nobgs	V2_c1.5	7	10	2
emmax_snp_nonsingleton	3	1	2	1	0	nobgs	V2_c1.5	7	10	2
lfmm_snp	1	1	0	1	0	nobgs	V2_c1.5	7	10	2
emmax_snp	8	0	8	0	0	nobgs	V2_c1.5	8	1	3
emmax_snp_nonsingleton	6	0	6	0	0	nobgs	V2_c1.5	8	1	3
lfmm_snp	7	0	7	0	0	nobgs	V2_c1.5	8	1	3
emmax_snp	31	6	25	1	5	nobgs	V2_c1.5	8	2	2
emmax_snp_nonsingleton	30	6	24	1	5	nobgs	V2_c1.5	8	2	2
lfmm_snp	81	6	75	1	5	nobgs	V2_c1.5	8	2	2
emmax_snp	0	0	0	0	0	nobgs	V2_c1.5	8	3	2
emmax_snp_nonsingleton	0	0	0	0	0	nobgs	V2_c1.5	8	3	2
lfmm_snp	0	0	0	0	0	nobgs	V2_c1.5	8	3	2
emmax_snp	0	0	0	0	0	nobgs	V2_c1.5	8	4	2
emmax_snp_nonsingleton	0	0	0	0	0	nobgs	V2_c1.5	8	4	2
lfmm_snp	0	0	0	0	0	nobgs	V2_c1.5	8	4	2
emmax_snp	1	0	1	0	0	nobgs	V2_c1.5	8	5	2
emmax_snp_nonsingleton	1	0	1	0	0	nobgs	V2_c1.5	8	5	2
lfmm_snp	1	0	1	0	0	nobgs	V2_c1.5	8	5	2
emmax_snp	0	0	0	0	0	nobgs	V2_c1.5	8	6	3
emmax_snp_nonsingleton	0	0	0	0	0	nobgs	V2_c1.5	8	6	3
lfmm_snp	93	0	93	0	0	nobgs	V2_c1.5	8	6	3
emmax_snp	0	0	0	0	0	nobgs	V2_c1.5	8	7	2
emmax_snp_nonsingleton	0	0	0	0	0	nobgs	V2_c1.5	8	7	2
lfmm_snp	8	0	8	0	0	nobgs	V2_c1.5	8	7	2
emmax_snp	11	0	11	0	0	nobgs	V2_c1.5	8	8	1
emmax_snp_nonsingleton	11	0	11	0	0	nobgs	V2_c1.5	8	8	1
lfmm_snp	30	0	30	0	0	nobgs	V2_c1.5	8	8	1
emmax_snp	0	0	0	0	0	nobgs	V2_c1.5	8	9	2
emmax_snp_nonsingleton	0	0	0	0	0	nobgs	V2_c1.5	8	9	2
lfmm_snp	0	0	0	0	0	nobgs	V2_c1.5	8	9	2
emmax_snp	0	0	0	0	0	nobgs	V2_c1.5	8	10	1
emmax_snp_nonsingleton	0	0	0	0	0	nobgs	V2_c1.5	8	10	1
lfmm_snp	20	0	20	0	0	nobgs	V2_c1.5	8	10	1
emmax_snp	0	0	0	0	0	nobgs	V2_c1.5	9	1	2
emmax_snp_nonsingleton	0	0	0	0	0	nobgs	V2_c1.5	9	1	2
lfmm_snp	1	0	1	0	0	nobgs	V2_c1.5	9	1	2
emmax_snp	0	0	0	0	0	nobgs	V2_c1.5	9	2	3
emmax_snp_nonsingleton	0	0	0	0	0	nobgs	V2_c1.5	9	2	3
lfmm_snp	1	0	1	0	0	nobgs	V2_c1.5	9	2	3
emmax_snp	1	0	1	0	0	nobgs	V2_c1.5	9	3	2
emmax_snp_nonsingleton	1	0	1	0	0	nobgs	V2_c1.5	9	3	2
lfmm_snp	2	0	2	0	0	nobgs	V2_c1.5	9	3	2
emmax_snp	0	0	0	0	0	nobgs	V2_c1.5	9	4	1
emmax_snp_nonsingleton	0	0	0	0	0	nobgs	V2_c1.5	9	4	1
lfmm_snp	0	0	0	0	0	nobgs	V2_c1.5	9	4	1
emmax_snp	5	0	5	0	0	nobgs	V2_c1.5	9	5	2
emmax_snp_nonsingleton	5	0	5	0	0	nobgs	V2_c1.5	9	5	2
lfmm_snp	5	0	5	0	0	nobgs	V2_c1.5	9	5	2
emmax_snp	3	0	3	0	0	nobgs	V2_c1.5	9	6	2
emmax_snp_nonsingleton	3	0	3	0	0	nobgs	V2_c1.5	9	6	2
lfmm_snp	52	0	52	0	0	nobgs	V2_c1.5	9	6	2
emmax_snp	20	8	12	1	7	nobgs	V2_c1.5	9	7	1
emmax_snp_nonsingleton	19	8	11	1	7	nobgs	V2_c1.5	9	7	1
lfmm_snp	29	10	19	1	9	nobgs	V2_c1.5	9	7	1
emmax_snp	0	0	0	0	0	nobgs	V2_c1.5	9	8	4
emmax_snp_nonsingleton	0	0	0	0	0	nobgs	V2_c1.5	9	8	4
lfmm_snp	0	0	0	0	0	nobgs	V2_c1.5	9	8	4
emmax_snp	0	0	0	0	0	nobgs	V2_c1.5	9	9	1
emmax_snp_nonsingleton	0	0	0	0	0	nobgs	V2_c1.5	9	9	1
lfmm_snp	2	0	2	0	0	nobgs	V2_c1.5	9	9	1
emmax_snp	0	0	0	0	0	nobgs	V2_c1.5	9	10	2
emmax_snp_nonsingleton	0	0	0	0	0	nobgs	V2_c1.5	9	10	2
lfmm_snp	3	0	3	0	0	nobgs	V2_c1.5	9	10	2
emmax_snp	2	0	2	0	0	nobgs	V2_c1.5	10	1	3
emmax_snp_nonsingleton	2	0	2	0	0	nobgs	V2_c1.5	10	1	3
lfmm_snp	0	0	0	0	0	nobgs	V2_c1.5	10	1	3
emmax_snp	6	0	6	0	0	nobgs	V2_c1.5	10	2	3
emmax_snp_nonsingleton	6	0	6	0	0	nobgs	V2_c1.5	10	2	3
lfmm_snp	71	9	62	1	8	nobgs	V2_c1.5	10	2	3
emmax_snp	0	0	0	0	0	nobgs	V2_c1.5	10	3	1
emmax_snp_nonsingleton	0	0	0	0	0	nobgs	V2_c1.5	10	3	1
lfmm_snp	7	0	7	0	0	nobgs	V2_c1.5	10	3	1
emmax_snp	0	0	0	0	0	nobgs	V2_c1.5	10	4	3
emmax_snp_nonsingleton	0	0	0	0	0	nobgs	V2_c1.5	10	4	3
lfmm_snp	0	0	0	0	0	nobgs	V2_c1.5	10	4	3
emmax_snp	0	0	0	0	0	nobgs	V2_c1.5	10	5	2
emmax_snp_nonsingleton	0	0	0	0	0	nobgs	V2_c1.5	10	5	2
lfmm_snp	0	0	0	0	0	nobgs	V2_c1.5	10	5	2
emmax_snp	28	18	10	1	17	nobgs	V2_c1.5	10	6	4
emmax_snp_nonsingleton	28	18	10	1	17	nobgs	V2_c1.5	10	6	4
lfmm_snp	164	26	138	1	25	nobgs	V2_c1.5	10	6	4
emmax_snp	0	0	0	0	0	nobgs	V2_c1.5	10	7	2
emmax_snp_nonsingleton	0	0	0	0	0	nobgs	V2_c1.5	10	7	2
lfmm_snp	1	1	0	1	0	nobgs	V2_c1.5	10	7	2
emmax_snp	5	0	5	0	0	nobgs	V2_c1.5	10	8	1
emmax_snp_nonsingleton	4	0	4	0	0	nobgs	V2_c1.5	10	8	1
lfmm_snp	14	0	14	0	0	nobgs	V2_c1.5	10	8	1
emmax_snp	5	5	0	1	4	nobgs	V2_c1.5	10	9	3
emmax_snp_nonsingleton	5	5	0	1	4	nobgs	V2_c1.5	10	9	3
lfmm_snp	8	6	2	1	5	nobgs	V2_c1.5	10	9	3
emmax_snp	0	0	0	0	0	nobgs	V2_c1.5	10	10	1
emmax_snp_nonsingleton	0	0	0	0	0	nobgs	V2_c1.5	10	10	1
lfmm_snp	1	0	1	0	0	nobgs	V2_c1.5	10	10	1
