tag	cell	rep	env	method	r2_axes	mantel_r	n_pop	n_regions	n_FP	fp_prop	any_fp	mean_null
bgs	V0.5_c1	2	1	emmax_consensus	0.871161451154444	0.483191016296714	80	0	0		0	0.15
bgs	V0.5_c1	2	1	emmax_simes	0.871161451154444	0.483191016296714	80	0	0		0	0.125
bgs	V0.5_c1	2	2	emmax_consensus	0.91490844713297	0.446695810284165	80	5	2	0.4	1	0.31
bgs	V0.5_c1	2	2	emmax_simes	0.91490844713297	0.446695810284165	80	2	0	0	0	0.27
bgs	V0.5_c1	2	3	emmax_consensus	0.915910890404747	0.538105263163729	80	2	0	0	0	1.2
bgs	V0.5_c1	2	3	emmax_simes	0.915910890404747	0.538105263163729	80	2	0	0	0	1.19
bgs	V0.5_c1	2	4	emmax_consensus	0.881380016444424	0.49153922760812	80	2	1	0.5	1	0.525
bgs	V0.5_c1	2	4	emmax_simes	0.881380016444424	0.49153922760812	80	1	0	0	0	0.64
bgs	V0.5_c1	2	5	emmax_consensus	0.882496557365119	0.41978357130126	80	1	1	1	1	0.445
bgs	V0.5_c1	2	5	emmax_simes	0.882496557365119	0.41978357130126	80	2	1	0.5	1	0.435
bgs	V0.5_c1	2	6	emmax_consensus	0.878617761383325	0.348366659392151	80	0	0		0	0.025
bgs	V0.5_c1	2	6	emmax_simes	0.878617761383325	0.348366659392151	80	0	0		0	0.04
bgs	V0.5_c1	2	7	emmax_consensus	0.85762161236537	0.346275016655581	80	1	0	0	0	0.525
bgs	V0.5_c1	2	7	emmax_simes	0.85762161236537	0.346275016655581	80	1	0	0	0	0.745
bgs	V0.5_c1	2	8	emmax_consensus	0.83161541350932	0.322108373755746	80	3	3	1	1	0.325
bgs	V0.5_c1	2	8	emmax_simes	0.83161541350932	0.322108373755746	80	3	3	1	1	0.235
bgs	V0.5_c1	2	9	emmax_consensus	0.789993187813214	0.327406291376781	80	0	0		0	0.195
bgs	V0.5_c1	2	9	emmax_simes	0.789993187813214	0.327406291376781	80	0	0		0	0.205
bgs	V0.5_c1	2	10	emmax_consensus	0.844692412389919	0.384388397681443	80	1	0	0	0	0.055
bgs	V0.5_c1	2	10	emmax_simes	0.844692412389919	0.384388397681443	80	2	1	0.5	1	0.195
bgs	V0.5_c1	3	1	emmax_consensus	0.900095784386167	0.577404969377471	80	4	1	0.25	1	0.045
bgs	V0.5_c1	3	1	emmax_simes	0.900095784386167	0.577404969377471	80	3	0	0	0	0.045
bgs	V0.5_c1	3	2	emmax_consensus	0.89279404984157	0.451319376864216	80	1	0	0	0	1.435
bgs	V0.5_c1	3	2	emmax_simes	0.89279404984157	0.451319376864216	80	1	0	0	0	1.305
bgs	V0.5_c1	3	3	emmax_consensus	0.902837391411983	0.539654277428175	80	1	0	0	0	0.275
bgs	V0.5_c1	3	3	emmax_simes	0.902837391411983	0.539654277428175	80	1	0	0	0	0.325
bgs	V0.5_c1	3	4	emmax_consensus	0.881764333974141	0.508860028809175	80	1	0	0	0	1.255
bgs	V0.5_c1	3	4	emmax_simes	0.881764333974141	0.508860028809175	80	1	0	0	0	1.16
bgs	V0.5_c1	3	5	emmax_consensus	0.863282894984398	0.399746701755594	80	0	0		0	0.1
bgs	V0.5_c1	3	5	emmax_simes	0.863282894984398	0.399746701755594	80	0	0		0	0.05
bgs	V0.5_c1	3	6	emmax_consensus	0.879124234930153	0.374764074146204	80	1	0	0	0	0.44
bgs	V0.5_c1	3	6	emmax_simes	0.879124234930153	0.374764074146204	80	1	0	0	0	0.295
bgs	V0.5_c1	3	7	emmax_consensus	0.865335788095087	0.370082062700179	80	0	0		0	0.15
bgs	V0.5_c1	3	7	emmax_simes	0.865335788095087	0.370082062700179	80	0	0		0	0.28
bgs	V0.5_c1	3	8	emmax_consensus	0.843264059353464	0.299090371091279	80	1	1	1	1	0.075
bgs	V0.5_c1	3	8	emmax_simes	0.843264059353464	0.299090371091279	80	2	2	1	1	0.045
bgs	V0.5_c1	3	9	emmax_consensus	0.792547664555328	0.363793670334386	80	1	0	0	0	0.13
bgs	V0.5_c1	3	9	emmax_simes	0.792547664555328	0.363793670334386	80	0	0		0	0.085
bgs	V0.5_c1	3	10	emmax_consensus	0.800476093737722	0.329937342389946	80	0	0		0	0.26
bgs	V0.5_c1	3	10	emmax_simes	0.800476093737722	0.329937342389946	80	0	0		0	0.37
bgs	V0.5_c1	5	1	emmax_consensus	0.880214433308003	0.562951617231963	80	1	0	0	0	0.88
bgs	V0.5_c1	5	1	emmax_simes	0.880214433308003	0.562951617231963	80	1	0	0	0	0.775
bgs	V0.5_c1	5	2	emmax_consensus	0.899803767529654	0.460269184537847	80	0	0		0	0.175
bgs	V0.5_c1	5	2	emmax_simes	0.899803767529654	0.460269184537847	80	0	0		0	0.32
bgs	V0.5_c1	5	3	emmax_consensus	0.909352800366006	0.525377612755143	80	0	0		0	0.44
bgs	V0.5_c1	5	3	emmax_simes	0.909352800366006	0.525377612755143	80	0	0		0	0.33
bgs	V0.5_c1	5	4	emmax_consensus	0.876819320231439	0.490389880198225	80	0	0		0	0.135
bgs	V0.5_c1	5	4	emmax_simes	0.876819320231439	0.490389880198225	80	0	0		0	0.13
bgs	V0.5_c1	5	5	emmax_consensus	0.870794110267528	0.429325455452725	80	3	2	0.666666666666667	1	0.845
bgs	V0.5_c1	5	5	emmax_simes	0.870794110267528	0.429325455452725	80	2	1	0.5	1	0.7
bgs	V0.5_c1	5	6	emmax_consensus	0.883323807986686	0.376137889003188	80	2	1	0.5	1	0.16
bgs	V0.5_c1	5	6	emmax_simes	0.883323807986686	0.376137889003188	80	1	0	0	0	0.16
bgs	V0.5_c1	5	7	emmax_consensus	0.895570945658342	0.382416661106781	80	2	1	0.5	1	0.415
bgs	V0.5_c1	5	7	emmax_simes	0.895570945658342	0.382416661106781	80	2	1	0.5	1	0.115
bgs	V0.5_c1	5	8	emmax_consensus	0.82526705682829	0.369745876298992	80	2	0	0	0	0.125
bgs	V0.5_c1	5	8	emmax_simes	0.82526705682829	0.369745876298992	80	3	1	0.333333333333333	1	0.09
bgs	V0.5_c1	5	9	emmax_consensus	0.823391773680845	0.328532724810089	80	2	1	0.5	1	0.075
bgs	V0.5_c1	5	9	emmax_simes	0.823391773680845	0.328532724810089	80	2	1	0.5	1	0.025
bgs	V0.5_c1	5	10	emmax_consensus	0.823193718543636	0.353959533036725	80	0	0		0	0.01
bgs	V0.5_c1	5	10	emmax_simes	0.823193718543636	0.353959533036725	80	0	0		0	0.01
bgs	V0.5_c1	6	1	emmax_consensus	0.876581924805015	0.50358816527533	80	0	0		0	0.055
bgs	V0.5_c1	6	1	emmax_simes	0.876581924805015	0.50358816527533	80	0	0		0	0.125
bgs	V0.5_c1	6	2	emmax_consensus	0.914913834842652	0.486428236205193	80	2	1	0.5	1	0.335
bgs	V0.5_c1	6	2	emmax_simes	0.914913834842652	0.486428236205193	80	3	2	0.666666666666667	1	0.395
bgs	V0.5_c1	6	3	emmax_consensus	0.929849749070193	0.568992575559732	80	3	1	0.333333333333333	1	0.415
bgs	V0.5_c1	6	3	emmax_simes	0.929849749070193	0.568992575559732	80	3	1	0.333333333333333	1	0.545
bgs	V0.5_c1	6	4	emmax_consensus	0.877299846625716	0.477088041442469	80	1	1	1	1	1.47
bgs	V0.5_c1	6	4	emmax_simes	0.877299846625716	0.477088041442469	80	1	1	1	1	1.49
bgs	V0.5_c1	6	5	emmax_consensus	0.888567078894022	0.439801282662062	80	1	0	0	0	0.21
bgs	V0.5_c1	6	5	emmax_simes	0.888567078894022	0.439801282662062	80	1	0	0	0	0.12
bgs	V0.5_c1	6	6	emmax_consensus	0.876923956315471	0.349068091571533	80	3	0	0	0	0.15
bgs	V0.5_c1	6	6	emmax_simes	0.876923956315471	0.349068091571533	80	3	0	0	0	0.11
bgs	V0.5_c1	6	7	emmax_consensus	0.845041179816176	0.379643188788252	80	3	2	0.666666666666667	1	0.175
bgs	V0.5_c1	6	7	emmax_simes	0.845041179816176	0.379643188788252	80	3	2	0.666666666666667	1	0.15
bgs	V0.5_c1	6	8	emmax_consensus	0.87459496435047	0.36742860068115	80	1	0	0	0	0.2
bgs	V0.5_c1	6	8	emmax_simes	0.87459496435047	0.36742860068115	80	1	0	0	0	0.155
bgs	V0.5_c1	6	9	emmax_consensus	0.832295320905444	0.340792004224589	80	0	0		0	0.63
bgs	V0.5_c1	6	9	emmax_simes	0.832295320905444	0.340792004224589	80	0	0		0	0.695
bgs	V0.5_c1	6	10	emmax_consensus	0.82601857806999	0.367926389126541	80	1	1	1	1	0.2
bgs	V0.5_c1	6	10	emmax_simes	0.82601857806999	0.367926389126541	80	1	1	1	1	0.255
bgs	V0.5_c1	8	1	emmax_consensus	0.865410107086876	0.486654357987801	80	1	1	1	1	0.235
bgs	V0.5_c1	8	1	emmax_simes	0.865410107086876	0.486654357987801	80	1	1	1	1	0.195
bgs	V0.5_c1	8	2	emmax_consensus	0.910747089464121	0.483643403730845	80	5	3	0.6	1	0.465
bgs	V0.5_c1	8	2	emmax_simes	0.910747089464121	0.483643403730845	80	3	1	0.333333333333333	1	0.49
bgs	V0.5_c1	8	3	emmax_consensus	0.925853608913242	0.57423076794975	80	11	9	0.818181818181818	1	0.145
bgs	V0.5_c1	8	3	emmax_simes	0.925853608913242	0.57423076794975	80	9	7	0.777777777777778	1	0.12
bgs	V0.5_c1	8	4	emmax_consensus	0.891032516244555	0.495404295954252	80	2	1	0.5	1	0.125
bgs	V0.5_c1	8	4	emmax_simes	0.891032516244555	0.495404295954252	80	4	3	0.75	1	0.135
bgs	V0.5_c1	8	5	emmax_consensus	0.869991505191127	0.419486744309932	80	5	3	0.6	1	0.75
bgs	V0.5_c1	8	5	emmax_simes	0.869991505191127	0.419486744309932	80	5	4	0.8	1	0.775
bgs	V0.5_c1	8	6	emmax_consensus	0.864377796071724	0.395820335237423	80	9	6	0.666666666666667	1	0.225
bgs	V0.5_c1	8	6	emmax_simes	0.864377796071724	0.395820335237423	80	9	7	0.777777777777778	1	0.28
bgs	V0.5_c1	8	7	emmax_consensus	0.863587929672345	0.39542194274949	80	4	3	0.75	1	0.095
bgs	V0.5_c1	8	7	emmax_simes	0.863587929672345	0.39542194274949	80	3	2	0.666666666666667	1	0.075
bgs	V0.5_c1	8	8	emmax_consensus	0.87957641938082	0.358963951795783	80	1	0	0	0	0.605
bgs	V0.5_c1	8	8	emmax_simes	0.87957641938082	0.358963951795783	80	0	0		0	0.425
bgs	V0.5_c1	8	9	emmax_consensus	0.820792632606069	0.349265159664693	80	1	0	0	0	0.205
bgs	V0.5_c1	8	9	emmax_simes	0.820792632606069	0.349265159664693	80	1	0	0	0	0.15
bgs	V0.5_c1	8	10	emmax_consensus	0.835268002470723	0.355663644311747	80	0	0		0	0.28
bgs	V0.5_c1	8	10	emmax_simes	0.835268002470723	0.355663644311747	80	0	0		0	0.195
bgs	V0.5_c1.5	2	1	emmax_consensus	0.8822666674035	0.570581479340172	80	3	2	0.666666666666667	1	7.345
bgs	V0.5_c1.5	2	1	emmax_simes	0.8822666674035	0.570581479340172	80	4	3	0.75	1	5.525
bgs	V0.5_c1.5	2	2	emmax_consensus	0.930459040571315	0.485503749140267	80	6	6	1	1	9.425
bgs	V0.5_c1.5	2	2	emmax_simes	0.930459040571315	0.485503749140267	80	0	0		0	7.395
bgs	V0.5_c1.5	2	3	emmax_consensus	0.932430076886022	0.579900448051499	80	2	1	0.5	1	5.73
bgs	V0.5_c1.5	2	3	emmax_simes	0.932430076886022	0.579900448051499	80	2	1	0.5	1	4.725
bgs	V0.5_c1.5	2	4	emmax_consensus	0.884612411962264	0.532201413588189	80	0	0		0	7.2
bgs	V0.5_c1.5	2	4	emmax_simes	0.884612411962264	0.532201413588189	80	2	2	1	1	5.75
bgs	V0.5_c1.5	2	5	emmax_consensus	0.885920833031576	0.431538976160226	80	0	0		0	12.515
bgs	V0.5_c1.5	2	5	emmax_simes	0.885920833031576	0.431538976160226	80	0	0		0	8.34
bgs	V0.5_c1.5	2	6	emmax_consensus	0.886458947626463	0.365290531461251	80	4	4	1	1	12.875
bgs	V0.5_c1.5	2	6	emmax_simes	0.886458947626463	0.365290531461251	80	0	0		0	10.595
bgs	V0.5_c1.5	2	7	emmax_consensus	0.926523584175793	0.441355355261811	80	1	0	0	0	9.465
bgs	V0.5_c1.5	2	7	emmax_simes	0.926523584175793	0.441355355261811	80	0	0		0	7.12
bgs	V0.5_c1.5	2	8	emmax_consensus	0.866865345592296	0.351217215604783	80	2	2	1	1	10.435
bgs	V0.5_c1.5	2	8	emmax_simes	0.866865345592296	0.351217215604783	80	2	2	1	1	8.245
bgs	V0.5_c1.5	2	9	emmax_consensus	0.845632196668967	0.384726491674141	80	0	0		0	10.83
bgs	V0.5_c1.5	2	9	emmax_simes	0.845632196668967	0.384726491674141	80	0	0		0	8.34
bgs	V0.5_c1.5	2	10	emmax_consensus	0.848857199753731	0.35425699596756	80	0	0		0	9.45
bgs	V0.5_c1.5	2	10	emmax_simes	0.848857199753731	0.35425699596756	80	0	0		0	7.495
bgs	V0.5_c1.5	3	1	emmax_consensus	0.882006748793326	0.531561658111225	80	0	0		0	6.43
bgs	V0.5_c1.5	3	1	emmax_simes	0.882006748793326	0.531561658111225	80	0	0		0	4.99
bgs	V0.5_c1.5	3	2	emmax_consensus	0.927824399489276	0.495648066479661	80	4	4	1	1	13.515
bgs	V0.5_c1.5	3	2	emmax_simes	0.927824399489276	0.495648066479661	80	4	4	1	1	9.415
bgs	V0.5_c1.5	3	3	emmax_consensus	0.921901271288804	0.550231804415643	80	6	5	0.833333333333333	1	12.865
bgs	V0.5_c1.5	3	3	emmax_simes	0.921901271288804	0.550231804415643	80	1	1	1	1	10.085
bgs	V0.5_c1.5	3	4	emmax_consensus	0.89038717198327	0.540952021343469	80	0	0		0	6.645
bgs	V0.5_c1.5	3	4	emmax_simes	0.89038717198327	0.540952021343469	80	0	0		0	5.695
bgs	V0.5_c1.5	3	5	emmax_consensus	0.910844334000874	0.439050944331032	80	1	1	1	1	9.33
bgs	V0.5_c1.5	3	5	emmax_simes	0.910844334000874	0.439050944331032	80	0	0		0	7.66
bgs	V0.5_c1.5	3	6	emmax_consensus	0.889660576867461	0.360538649808682	80	10	10	1	1	12.22
bgs	V0.5_c1.5	3	6	emmax_simes	0.889660576867461	0.360538649808682	80	9	9	1	1	9.07
bgs	V0.5_c1.5	3	7	emmax_consensus	0.910616357830912	0.431561047485624	80	6	4	0.666666666666667	1	13.98
bgs	V0.5_c1.5	3	7	emmax_simes	0.910616357830912	0.431561047485624	80	4	2	0.5	1	11.145
bgs	V0.5_c1.5	3	8	emmax_consensus	0.882059460260402	0.356021136253144	80	1	1	1	1	15.39
bgs	V0.5_c1.5	3	8	emmax_simes	0.882059460260402	0.356021136253144	80	0	0		0	11.87
bgs	V0.5_c1.5	3	9	emmax_consensus	0.857485083852708	0.366650364903286	80	0	0		0	10.92
bgs	V0.5_c1.5	3	9	emmax_simes	0.857485083852708	0.366650364903286	80	0	0		0	8.615
bgs	V0.5_c1.5	3	10	emmax_consensus	0.845511275927122	0.345754154033763	80	0	0		0	12.64
bgs	V0.5_c1.5	3	10	emmax_simes	0.845511275927122	0.345754154033763	80	0	0		0	8.845
bgs	V0.5_c1.5	6	1	emmax_consensus	0.884623756151437	0.545915177385724	80	1	0	0	0	9.715
bgs	V0.5_c1.5	6	1	emmax_simes	0.884623756151437	0.545915177385724	80	1	0	0	0	7.36
bgs	V0.5_c1.5	6	2	emmax_consensus	0.921992166820715	0.485545262597314	80	10	9	0.9	1	17.11
bgs	V0.5_c1.5	6	2	emmax_simes	0.921992166820715	0.485545262597314	80	9	8	0.888888888888889	1	13.15
bgs	V0.5_c1.5	6	3	emmax_consensus	0.920533370523399	0.555068525121842	80	1	1	1	1	10.96
bgs	V0.5_c1.5	6	3	emmax_simes	0.920533370523399	0.555068525121842	80	2	2	1	1	8.995
bgs	V0.5_c1.5	6	4	emmax_consensus	0.877575795552354	0.528539076579354	80	0	0		0	8.275
bgs	V0.5_c1.5	6	4	emmax_simes	0.877575795552354	0.528539076579354	80	0	0		0	6.345
bgs	V0.5_c1.5	6	5	emmax_consensus	0.894405297966517	0.432259413039729	80	2	2	1	1	10.17
bgs	V0.5_c1.5	6	5	emmax_simes	0.894405297966517	0.432259413039729	80	0	0		0	7.02
bgs	V0.5_c1.5	6	6	emmax_consensus	0.878575915252812	0.352201326644073	80	0	0		0	10.305
bgs	V0.5_c1.5	6	6	emmax_simes	0.878575915252812	0.352201326644073	80	3	2	0.666666666666667	1	8.97
bgs	V0.5_c1.5	6	7	emmax_consensus	0.924483526653532	0.446141637815688	80	1	0	0	0	9.61
bgs	V0.5_c1.5	6	7	emmax_simes	0.924483526653532	0.446141637815688	80	0	0		0	6
bgs	V0.5_c1.5	6	8	emmax_consensus	0.858544297159516	0.3391390215337	80	2	1	0.5	1	13.39
bgs	V0.5_c1.5	6	8	emmax_simes	0.858544297159516	0.3391390215337	80	0	0		0	9.225
bgs	V0.5_c1.5	6	9	emmax_consensus	0.849724476956993	0.38970188558653	80	0	0		0	9.78
bgs	V0.5_c1.5	6	9	emmax_simes	0.849724476956993	0.38970188558653	80	0	0		0	7.615
bgs	V0.5_c1.5	6	10	emmax_consensus	0.831190743693023	0.372838052263599	80	0	0		0	7.285
bgs	V0.5_c1.5	6	10	emmax_simes	0.831190743693023	0.372838052263599	80	2	1	0.5	1	6.345
bgs	V0.5_c1.5	8	1	emmax_consensus	0.900405079014513	0.546364859527223	80	0	0		0	7.24
bgs	V0.5_c1.5	8	1	emmax_simes	0.900405079014513	0.546364859527223	80	0	0		0	4.795
bgs	V0.5_c1.5	8	2	emmax_consensus	0.931303885417511	0.509485765182003	80	8	7	0.875	1	12.52
bgs	V0.5_c1.5	8	2	emmax_simes	0.931303885417511	0.509485765182003	80	9	8	0.888888888888889	1	9.725
bgs	V0.5_c1.5	8	3	emmax_consensus	0.940540323348211	0.577855224517792	80	2	2	1	1	14.2
bgs	V0.5_c1.5	8	3	emmax_simes	0.940540323348211	0.577855224517792	80	0	0		0	10.915
bgs	V0.5_c1.5	8	4	emmax_consensus	0.894751868329949	0.518057174599161	80	0	0		0	4.665
bgs	V0.5_c1.5	8	4	emmax_simes	0.894751868329949	0.518057174599161	80	0	0		0	3.77
bgs	V0.5_c1.5	8	5	emmax_consensus	0.881300145297422	0.435141385023272	80	6	4	0.666666666666667	1	12.365
bgs	V0.5_c1.5	8	5	emmax_simes	0.881300145297422	0.435141385023272	80	3	1	0.333333333333333	1	9.705
bgs	V0.5_c1.5	8	6	emmax_consensus	0.890604196784423	0.366444247013432	80	13	12	0.923076923076923	1	10.185
bgs	V0.5_c1.5	8	6	emmax_simes	0.890604196784423	0.366444247013432	80	13	12	0.923076923076923	1	6.825
bgs	V0.5_c1.5	8	7	emmax_consensus	0.923983718979298	0.441045679857233	80	0	0		0	11.685
bgs	V0.5_c1.5	8	7	emmax_simes	0.923983718979298	0.441045679857233	80	0	0		0	9.13
bgs	V0.5_c1.5	8	8	emmax_consensus	0.875803590585039	0.342110795394876	80	2	2	1	1	12.645
bgs	V0.5_c1.5	8	8	emmax_simes	0.875803590585039	0.342110795394876	80	2	2	1	1	10.015
bgs	V0.5_c1.5	8	9	emmax_consensus	0.849629041691559	0.39613878413246	80	0	0		0	11.02
bgs	V0.5_c1.5	8	9	emmax_simes	0.849629041691559	0.39613878413246	80	0	0		0	8.09
bgs	V0.5_c1.5	8	10	emmax_consensus	0.82995115789531	0.367215751558089	80	0	0		0	14.64
bgs	V0.5_c1.5	8	10	emmax_simes	0.82995115789531	0.367215751558089	80	0	0		0	12.45
bgs	V0.5_c1.5	10	1	emmax_consensus	0.881132785400495	0.555645394165843	80	0	0		0	5.85
bgs	V0.5_c1.5	10	1	emmax_simes	0.881132785400495	0.555645394165843	80	2	1	0.5	1	4.745
bgs	V0.5_c1.5	10	2	emmax_consensus	0.916589347484886	0.486034117818851	80	8	7	0.875	1	12.93
bgs	V0.5_c1.5	10	2	emmax_simes	0.916589347484886	0.486034117818851	80	6	5	0.833333333333333	1	10.915
bgs	V0.5_c1.5	10	3	emmax_consensus	0.927644617672432	0.56847777464785	80	2	2	1	1	8.76
bgs	V0.5_c1.5	10	3	emmax_simes	0.927644617672432	0.56847777464785	80	1	1	1	1	6.885
bgs	V0.5_c1.5	10	4	emmax_consensus	0.878974889200094	0.523507300876355	80	0	0		0	9.175
bgs	V0.5_c1.5	10	4	emmax_simes	0.878974889200094	0.523507300876355	80	0	0		0	6.73
bgs	V0.5_c1.5	10	5	emmax_consensus	0.917605560072552	0.422078803809957	80	0	0		0	13.63
bgs	V0.5_c1.5	10	5	emmax_simes	0.917605560072552	0.422078803809957	80	0	0		0	9.925
bgs	V0.5_c1.5	10	6	emmax_consensus	0.888759440820639	0.352375988234906	80	10	9	0.9	1	13.485
bgs	V0.5_c1.5	10	6	emmax_simes	0.888759440820639	0.352375988234906	80	1	0	0	0	9.74
bgs	V0.5_c1.5	10	7	emmax_consensus	0.929065281570856	0.432961248384403	80	3	2	0.666666666666667	1	10.015
bgs	V0.5_c1.5	10	7	emmax_simes	0.929065281570856	0.432961248384403	80	2	1	0.5	1	8.395
bgs	V0.5_c1.5	10	8	emmax_consensus	0.859846423777737	0.350457731665229	80	2	2	1	1	10.915
bgs	V0.5_c1.5	10	8	emmax_simes	0.859846423777737	0.350457731665229	80	1	1	1	1	7.835
bgs	V0.5_c1.5	10	9	emmax_consensus	0.846314595742453	0.362805964676675	80	0	0		0	7.36
bgs	V0.5_c1.5	10	9	emmax_simes	0.846314595742453	0.362805964676675	80	0	0		0	5.975
bgs	V0.5_c1.5	10	10	emmax_consensus	0.842931632101672	0.360038773126296	80	2	1	0.5	1	9.62
bgs	V0.5_c1.5	10	10	emmax_simes	0.842931632101672	0.360038773126296	80	3	2	0.666666666666667	1	6.77
bgs	V0.5_c2	2	1	emmax_consensus	0.889161484906949	0.526609675069189	80	0	0		0	26.56
bgs	V0.5_c2	2	1	emmax_simes	0.889161484906949	0.526609675069189	80	0	0		0	27.235
bgs	V0.5_c2	2	2	emmax_consensus	0.919597329808677	0.478060304723465	80	14	13	0.928571428571429	1	36.175
bgs	V0.5_c2	2	2	emmax_simes	0.919597329808677	0.478060304723465	80	22	21	0.954545454545455	1	36.21
bgs	V0.5_c2	2	3	emmax_consensus	0.925180432349117	0.552698380600527	80	21	21	1	1	39.815
bgs	V0.5_c2	2	3	emmax_simes	0.925180432349117	0.552698380600527	80	28	27	0.964285714285714	1	42.41
bgs	V0.5_c2	2	4	emmax_consensus	0.890775215873184	0.525927891551125	80	2	2	1	1	25.87
bgs	V0.5_c2	2	4	emmax_simes	0.890775215873184	0.525927891551125	80	6	6	1	1	28.675
bgs	V0.5_c2	2	5	emmax_consensus	0.908184280199961	0.445919050482822	80	0	0		0	40.025
bgs	V0.5_c2	2	5	emmax_simes	0.908184280199961	0.445919050482822	80	0	0		0	42.73
bgs	V0.5_c2	2	6	emmax_consensus	0.889974146606627	0.341212658654682	80	7	7	1	1	35.27
bgs	V0.5_c2	2	6	emmax_simes	0.889974146606627	0.341212658654682	80	16	16	1	1	37.355
bgs	V0.5_c2	2	7	emmax_consensus	0.927628256653683	0.472820387242885	80	3	3	1	1	37.295
bgs	V0.5_c2	2	7	emmax_simes	0.927628256653683	0.472820387242885	80	8	8	1	1	38.58
bgs	V0.5_c2	2	8	emmax_consensus	0.878732626531853	0.322574179449659	80	14	13	0.928571428571429	1	39.325
bgs	V0.5_c2	2	8	emmax_simes	0.878732626531853	0.322574179449659	80	17	16	0.941176470588235	1	41.405
bgs	V0.5_c2	2	9	emmax_consensus	0.862576787877494	0.414912934385693	80	0	0		0	30.685
bgs	V0.5_c2	2	9	emmax_simes	0.862576787877494	0.414912934385693	80	3	3	1	1	33.495
bgs	V0.5_c2	2	10	emmax_consensus	0.852828103119882	0.379589419296365	80	15	15	1	1	33.41
bgs	V0.5_c2	2	10	emmax_simes	0.852828103119882	0.379589419296365	80	18	18	1	1	34.435
bgs	V0.5_c2	5	1	emmax_consensus	0.886540697332939	0.522872987269463	80	2	2	1	1	26.06
bgs	V0.5_c2	5	1	emmax_simes	0.886540697332939	0.522872987269463	80	0	0		0	28.005
bgs	V0.5_c2	5	2	emmax_consensus	0.926229183562618	0.492016808743596	80	17	17	1	1	31.65
bgs	V0.5_c2	5	2	emmax_simes	0.926229183562618	0.492016808743596	80	20	20	1	1	34.915
bgs	V0.5_c2	5	3	emmax_consensus	0.924161864825531	0.550921436545118	80	20	19	0.95	1	33.635
bgs	V0.5_c2	5	3	emmax_simes	0.924161864825531	0.550921436545118	80	24	23	0.958333333333333	1	37.63
bgs	V0.5_c2	5	4	emmax_consensus	0.891420636535124	0.500402227651544	80	1	1	1	1	27.46
bgs	V0.5_c2	5	4	emmax_simes	0.891420636535124	0.500402227651544	80	9	8	0.888888888888889	1	29.355
bgs	V0.5_c2	5	5	emmax_consensus	0.891524828997937	0.465283252231826	80	1	1	1	1	47.965
bgs	V0.5_c2	5	5	emmax_simes	0.891524828997937	0.465283252231826	80	4	3	0.75	1	49.88
bgs	V0.5_c2	5	6	emmax_consensus	0.882117509737237	0.349004411381895	80	16	15	0.9375	1	29.72
bgs	V0.5_c2	5	6	emmax_simes	0.882117509737237	0.349004411381895	80	16	15	0.9375	1	31.1
bgs	V0.5_c2	5	7	emmax_consensus	0.922697986651165	0.458535279066402	80	8	8	1	1	31.625
bgs	V0.5_c2	5	7	emmax_simes	0.922697986651165	0.458535279066402	80	9	9	1	1	31.235
bgs	V0.5_c2	5	8	emmax_consensus	0.869612620545686	0.323605394339839	80	21	21	1	1	32.925
bgs	V0.5_c2	5	8	emmax_simes	0.869612620545686	0.323605394339839	80	27	26	0.962962962962963	1	32.665
bgs	V0.5_c2	5	9	emmax_consensus	0.847302823202097	0.415364172344636	80	0	0		0	26.165
bgs	V0.5_c2	5	9	emmax_simes	0.847302823202097	0.415364172344636	80	0	0		0	28.795
bgs	V0.5_c2	5	10	emmax_consensus	0.860438047496724	0.360488175860517	80	5	5	1	1	24.575
bgs	V0.5_c2	5	10	emmax_simes	0.860438047496724	0.360488175860517	80	14	14	1	1	27.005
bgs	V0.5_c2	6	1	emmax_consensus	0.888587917692522	0.521469109892088	80	1	0	0	0	30.79
bgs	V0.5_c2	6	1	emmax_simes	0.888587917692522	0.521469109892088	80	1	0	0	0	32.9
bgs	V0.5_c2	6	2	emmax_consensus	0.918580176967599	0.4716189673295	80	10	10	1	1	36.68
bgs	V0.5_c2	6	2	emmax_simes	0.918580176967599	0.4716189673295	80	11	11	1	1	40.61
bgs	V0.5_c2	6	3	emmax_consensus	0.924164780018208	0.540448116022082	80	17	17	1	1	36.82
bgs	V0.5_c2	6	3	emmax_simes	0.924164780018208	0.540448116022082	80	28	27	0.964285714285714	1	39.885
bgs	V0.5_c2	6	4	emmax_consensus	0.894150350264146	0.490526029956674	80	2	2	1	1	28.29
bgs	V0.5_c2	6	4	emmax_simes	0.894150350264146	0.490526029956674	80	0	0		0	30.885
bgs	V0.5_c2	6	5	emmax_consensus	0.898344930971625	0.436504289768514	80	6	6	1	1	40.11
bgs	V0.5_c2	6	5	emmax_simes	0.898344930971625	0.436504289768514	80	11	11	1	1	43.43
bgs	V0.5_c2	6	6	emmax_consensus	0.887228499003404	0.372289598937837	80	11	11	1	1	33.525
bgs	V0.5_c2	6	6	emmax_simes	0.887228499003404	0.372289598937837	80	14	14	1	1	36.14
bgs	V0.5_c2	6	7	emmax_consensus	0.929572023586744	0.500215351604408	80	8	8	1	1	36.915
bgs	V0.5_c2	6	7	emmax_simes	0.929572023586744	0.500215351604408	80	17	16	0.941176470588235	1	42.555
bgs	V0.5_c2	6	8	emmax_consensus	0.883428520416713	0.313214893212348	80	18	17	0.944444444444444	1	38.445
bgs	V0.5_c2	6	8	emmax_simes	0.883428520416713	0.313214893212348	80	14	13	0.928571428571429	1	40.695
bgs	V0.5_c2	6	9	emmax_consensus	0.862398586911643	0.40802985264673	80	4	4	1	1	33.68
bgs	V0.5_c2	6	9	emmax_simes	0.862398586911643	0.40802985264673	80	3	3	1	1	36.93
bgs	V0.5_c2	6	10	emmax_consensus	0.843281985092048	0.372063318116827	80	11	11	1	1	30.535
bgs	V0.5_c2	6	10	emmax_simes	0.843281985092048	0.372063318116827	80	17	17	1	1	33.025
bgs	V0.5_c2	8	1	emmax_consensus	0.90349281193833	0.531444497116458	80	0	0		0	29.56
bgs	V0.5_c2	8	1	emmax_simes	0.90349281193833	0.531444497116458	80	0	0		0	31.37
bgs	V0.5_c2	8	2	emmax_consensus	0.929727809173891	0.486717490872237	80	14	14	1	1	36.735
bgs	V0.5_c2	8	2	emmax_simes	0.929727809173891	0.486717490872237	80	19	19	1	1	37.98
bgs	V0.5_c2	8	3	emmax_consensus	0.939490337486578	0.545280439480894	80	22	22	1	1	33.3
bgs	V0.5_c2	8	3	emmax_simes	0.939490337486578	0.545280439480894	80	31	30	0.967741935483871	1	35.155
bgs	V0.5_c2	8	4	emmax_consensus	0.886470865420566	0.50463921254959	80	6	5	0.833333333333333	1	35.74
bgs	V0.5_c2	8	4	emmax_simes	0.886470865420566	0.50463921254959	80	24	23	0.958333333333333	1	38.83
bgs	V0.5_c2	8	5	emmax_consensus	0.891889145944287	0.450588524072627	80	4	4	1	1	42.425
bgs	V0.5_c2	8	5	emmax_simes	0.891889145944287	0.450588524072627	80	2	2	1	1	44.76
bgs	V0.5_c2	8	6	emmax_consensus	0.888531392972783	0.35943957740945	80	15	15	1	1	30.805
bgs	V0.5_c2	8	6	emmax_simes	0.888531392972783	0.35943957740945	80	17	17	1	1	31.605
bgs	V0.5_c2	8	7	emmax_consensus	0.918260909652002	0.482972192523765	80	16	15	0.9375	1	40.605
bgs	V0.5_c2	8	7	emmax_simes	0.918260909652002	0.482972192523765	80	35	34	0.971428571428571	1	43.85
bgs	V0.5_c2	8	8	emmax_consensus	0.858054151517369	0.333319656334633	80	11	11	1	1	36.975
bgs	V0.5_c2	8	8	emmax_simes	0.858054151517369	0.333319656334633	80	12	12	1	1	36.105
bgs	V0.5_c2	8	9	emmax_consensus	0.842879797779658	0.41223824075927	80	1	1	1	1	32.85
bgs	V0.5_c2	8	9	emmax_simes	0.842879797779658	0.41223824075927	80	0	0		0	33.35
bgs	V0.5_c2	8	10	emmax_consensus	0.849172626286197	0.360545620558477	80	6	6	1	1	26.895
bgs	V0.5_c2	8	10	emmax_simes	0.849172626286197	0.360545620558477	80	8	8	1	1	30.065
bgs	V0.5_c2	10	1	emmax_consensus	0.900816424201632	0.531854655118415	80	0	0		0	29.355
bgs	V0.5_c2	10	1	emmax_simes	0.900816424201632	0.531854655118415	80	0	0		0	31.3
bgs	V0.5_c2	10	2	emmax_consensus	0.918082647789378	0.481469926106296	80	15	13	0.866666666666667	1	36.355
bgs	V0.5_c2	10	2	emmax_simes	0.918082647789378	0.481469926106296	80	19	17	0.894736842105263	1	37.245
bgs	V0.5_c2	10	3	emmax_consensus	0.928765708258297	0.543127867963617	80	24	24	1	1	35.39
bgs	V0.5_c2	10	3	emmax_simes	0.928765708258297	0.543127867963617	80	25	25	1	1	37.115
bgs	V0.5_c2	10	4	emmax_consensus	0.89086090952377	0.501911458640321	80	2	2	1	1	27.73
bgs	V0.5_c2	10	4	emmax_simes	0.89086090952377	0.501911458640321	80	11	11	1	1	31.05
bgs	V0.5_c2	10	5	emmax_consensus	0.89972843417522	0.456753352775134	80	10	10	1	1	49.16
bgs	V0.5_c2	10	5	emmax_simes	0.89972843417522	0.456753352775134	80	18	18	1	1	47.54
bgs	V0.5_c2	10	6	emmax_consensus	0.880413065438668	0.359612998835485	80	15	15	1	1	32.125
bgs	V0.5_c2	10	6	emmax_simes	0.880413065438668	0.359612998835485	80	24	24	1	1	33.51
bgs	V0.5_c2	10	7	emmax_consensus	0.927309913296005	0.481226197967526	80	3	3	1	1	43.675
bgs	V0.5_c2	10	7	emmax_simes	0.927309913296005	0.481226197967526	80	16	15	0.9375	1	44.19
bgs	V0.5_c2	10	8	emmax_consensus	0.859670710315421	0.323082550859212	80	15	15	1	1	36.145
bgs	V0.5_c2	10	8	emmax_simes	0.859670710315421	0.323082550859212	80	19	18	0.947368421052632	1	35.69
bgs	V0.5_c2	10	9	emmax_consensus	0.850986794125555	0.41189854913806	80	0	0		0	31.79
bgs	V0.5_c2	10	9	emmax_simes	0.850986794125555	0.41189854913806	80	0	0		0	34.34
bgs	V0.5_c2	10	10	emmax_consensus	0.849708722977668	0.350779485293176	80	8	8	1	1	29.45
bgs	V0.5_c2	10	10	emmax_simes	0.849708722977668	0.350779485293176	80	9	9	1	1	31.3
bgs	V1_c1	1	1	emmax_consensus	0.868293365862574	0.48301732785061	80	1	1	1	1	0.105
bgs	V1_c1	1	1	emmax_simes	0.868293365862574	0.48301732785061	80	1	1	1	1	0.105
bgs	V1_c1	1	2	emmax_consensus	0.920083172758874	0.444576402869225	80	2	1	0.5	1	0.52
bgs	V1_c1	1	2	emmax_simes	0.920083172758874	0.444576402869225	80	1	0	0	0	0.475
bgs	V1_c1	1	3	emmax_consensus	0.906872533584495	0.537149512702677	80	0	0		0	0.07
bgs	V1_c1	1	3	emmax_simes	0.906872533584495	0.537149512702677	80	1	0	0	0	0.11
bgs	V1_c1	1	4	emmax_consensus	0.878116445165877	0.489334136258973	80	3	1	0.333333333333333	1	0.295
bgs	V1_c1	1	4	emmax_simes	0.878116445165877	0.489334136258973	80	3	1	0.333333333333333	1	0.2
bgs	V1_c1	1	5	emmax_consensus	0.880174422791857	0.413135939662642	80	1	0	0	0	0.385
bgs	V1_c1	1	5	emmax_simes	0.880174422791857	0.413135939662642	80	1	0	0	0	0.39
bgs	V1_c1	1	6	emmax_consensus	0.879608010587678	0.311310644748456	80	1	0	0	0	0.445
bgs	V1_c1	1	6	emmax_simes	0.879608010587678	0.311310644748456	80	0	0		0	0.325
bgs	V1_c1	1	7	emmax_consensus	0.882286148094823	0.354126771540219	80	2	1	0.5	1	1.025
bgs	V1_c1	1	7	emmax_simes	0.882286148094823	0.354126771540219	80	2	1	0.5	1	0.9
bgs	V1_c1	1	8	emmax_consensus	0.82182919065917	0.283046855114109	80	0	0		0	0.015
bgs	V1_c1	1	8	emmax_simes	0.82182919065917	0.283046855114109	80	0	0		0	0
bgs	V1_c1	1	9	emmax_consensus	0.801684404697821	0.356086334688004	80	0	0		0	0.16
bgs	V1_c1	1	9	emmax_simes	0.801684404697821	0.356086334688004	80	0	0		0	0.165
bgs	V1_c1	1	10	emmax_consensus	0.80117883456449	0.330036861030664	80	0	0		0	0.125
bgs	V1_c1	1	10	emmax_simes	0.80117883456449	0.330036861030664	80	1	1	1	1	0.32
bgs	V1_c1	2	1	emmax_consensus	0.868052799735026	0.523011395338024	80	0	0		0	0.325
bgs	V1_c1	2	1	emmax_simes	0.868052799735026	0.523011395338024	80	2	1	0.5	1	0.44
bgs	V1_c1	2	2	emmax_consensus	0.91960335938597	0.457458666490751	80	7	6	0.857142857142857	1	0.075
bgs	V1_c1	2	2	emmax_simes	0.91960335938597	0.457458666490751	80	6	5	0.833333333333333	1	0.28
bgs	V1_c1	2	3	emmax_consensus	0.915341052054559	0.559607596314579	80	2	0	0	0	0.12
bgs	V1_c1	2	3	emmax_simes	0.915341052054559	0.559607596314579	80	2	0	0	0	0.065
bgs	V1_c1	2	4	emmax_consensus	0.869430824501041	0.499968800497095	80	3	0	0	0	0.445
bgs	V1_c1	2	4	emmax_simes	0.869430824501041	0.499968800497095	80	4	1	0.25	1	0.5
bgs	V1_c1	2	5	emmax_consensus	0.86031952121921	0.398232383192913	80	0	0		0	0.11
bgs	V1_c1	2	5	emmax_simes	0.86031952121921	0.398232383192913	80	0	0		0	0.195
bgs	V1_c1	2	6	emmax_consensus	0.886994634094495	0.368127597085386	80	1	0	0	0	0.115
bgs	V1_c1	2	6	emmax_simes	0.886994634094495	0.368127597085386	80	1	0	0	0	0.08
bgs	V1_c1	2	7	emmax_consensus	0.889592612404324	0.374498456496928	80	1	0	0	0	0.475
bgs	V1_c1	2	7	emmax_simes	0.889592612404324	0.374498456496928	80	1	0	0	0	0.435
bgs	V1_c1	2	8	emmax_consensus	0.851557589232031	0.35001415012256	80	2	2	1	1	0.655
bgs	V1_c1	2	8	emmax_simes	0.851557589232031	0.35001415012256	80	1	1	1	1	0.795
bgs	V1_c1	2	9	emmax_consensus	0.834786546264969	0.357780274516758	80	1	0	0	0	0.175
bgs	V1_c1	2	9	emmax_simes	0.834786546264969	0.357780274516758	80	4	3	0.75	1	0.08
bgs	V1_c1	2	10	emmax_consensus	0.827369833923398	0.336707836474414	80	0	0		0	0.185
bgs	V1_c1	2	10	emmax_simes	0.827369833923398	0.336707836474414	80	0	0		0	0.135
bgs	V1_c1	4	1	emmax_consensus	0.870184610188413	0.486572685900967	80	0	0		0	0.38
bgs	V1_c1	4	1	emmax_simes	0.870184610188413	0.486572685900967	80	0	0		0	0.42
bgs	V1_c1	4	2	emmax_consensus	0.89143371968521	0.446228271401147	80	2	0	0	0	0.46
bgs	V1_c1	4	2	emmax_simes	0.89143371968521	0.446228271401147	80	2	0	0	0	0.57
bgs	V1_c1	4	3	emmax_consensus	0.908443509930124	0.541100165088773	80	0	0		0	0.625
bgs	V1_c1	4	3	emmax_simes	0.908443509930124	0.541100165088773	80	0	0		0	0.75
bgs	V1_c1	4	4	emmax_consensus	0.862670230429121	0.459015072873861	80	2	0	0	0	0.11
bgs	V1_c1	4	4	emmax_simes	0.862670230429121	0.459015072873861	80	2	0	0	0	0.11
bgs	V1_c1	4	5	emmax_consensus	0.894044864241583	0.424858659138766	80	1	1	1	1	0.635
bgs	V1_c1	4	5	emmax_simes	0.894044864241583	0.424858659138766	80	0	0		0	0.55
bgs	V1_c1	4	6	emmax_consensus	0.884839791397889	0.333636636086883	80	1	1	1	1	0.01
bgs	V1_c1	4	6	emmax_simes	0.884839791397889	0.333636636086883	80	0	0		0	0.02
bgs	V1_c1	4	7	emmax_consensus	0.695537610601691	0.352507988850488	80	1	0	0	0	1.265
bgs	V1_c1	4	7	emmax_simes	0.695537610601691	0.352507988850488	80	1	0	0	0	1.05
bgs	V1_c1	4	8	emmax_consensus	0.825075532559887	0.292535960859355	80	0	0		0	0.37
bgs	V1_c1	4	8	emmax_simes	0.825075532559887	0.292535960859355	80	0	0		0	0.305
bgs	V1_c1	4	9	emmax_consensus	0.822630843358873	0.341904939372881	80	0	0		0	0.155
bgs	V1_c1	4	9	emmax_simes	0.822630843358873	0.341904939372881	80	0	0		0	0.07
bgs	V1_c1	4	10	emmax_consensus	0.74678686915448	0.360558730296155	80	1	1	1	1	1.09
bgs	V1_c1	4	10	emmax_simes	0.74678686915448	0.360558730296155	80	0	0		0	1.02
bgs	V1_c1	9	1	emmax_consensus	0.88534897290375	0.51993430533703	80	4	2	0.5	1	0.335
bgs	V1_c1	9	1	emmax_simes	0.88534897290375	0.51993430533703	80	7	4	0.571428571428571	1	0.28
bgs	V1_c1	9	2	emmax_consensus	0.912425261509911	0.44759664815546	80	2	1	0.5	1	0.39
bgs	V1_c1	9	2	emmax_simes	0.912425261509911	0.44759664815546	80	2	1	0.5	1	0.335
bgs	V1_c1	9	3	emmax_consensus	0.913852838861147	0.562335553991299	80	0	0		0	0.165
bgs	V1_c1	9	3	emmax_simes	0.913852838861147	0.562335553991299	80	2	1	0.5	1	0.165
bgs	V1_c1	9	4	emmax_consensus	0.891895251747502	0.515966881449356	80	1	0	0	0	0.225
bgs	V1_c1	9	4	emmax_simes	0.891895251747502	0.515966881449356	80	1	0	0	0	0.255
bgs	V1_c1	9	5	emmax_consensus	0.876007881020308	0.418734986439116	80	3	0	0	0	0.135
bgs	V1_c1	9	5	emmax_simes	0.876007881020308	0.418734986439116	80	3	0	0	0	0.08
bgs	V1_c1	9	6	emmax_consensus	0.877853304215157	0.344660159556167	80	1	0	0	0	1.06
bgs	V1_c1	9	6	emmax_simes	0.877853304215157	0.344660159556167	80	1	0	0	0	0.87
bgs	V1_c1	9	7	emmax_consensus	0.901107523192106	0.390902619610365	80	5	3	0.6	1	0.015
bgs	V1_c1	9	7	emmax_simes	0.901107523192106	0.390902619610365	80	5	3	0.6	1	0.075
bgs	V1_c1	9	8	emmax_consensus	0.839670458031243	0.313069897854744	80	0	0		0	0.14
bgs	V1_c1	9	8	emmax_simes	0.839670458031243	0.313069897854744	80	0	0		0	0.06
bgs	V1_c1	9	9	emmax_consensus	0.814011597728693	0.340220119486482	80	0	0		0	1.35
bgs	V1_c1	9	9	emmax_simes	0.814011597728693	0.340220119486482	80	0	0		0	1.17
bgs	V1_c1	9	10	emmax_consensus	0.797892275848219	0.339437547027295	80	3	2	0.666666666666667	1	0.415
bgs	V1_c1	9	10	emmax_simes	0.797892275848219	0.339437547027295	80	3	2	0.666666666666667	1	0.24
bgs	V1_c1	10	1	emmax_consensus	0.900665823422982	0.534112296583441	80	1	1	1	1	0.01
bgs	V1_c1	10	1	emmax_simes	0.900665823422982	0.534112296583441	80	1	1	1	1	0
bgs	V1_c1	10	2	emmax_consensus	0.907129557479826	0.43262980915147	80	2	1	0.5	1	0.825
bgs	V1_c1	10	2	emmax_simes	0.907129557479826	0.43262980915147	80	0	0		0	0.51
bgs	V1_c1	10	3	emmax_consensus	0.913365181197771	0.531876794887094	80	2	0	0	0	0.63
bgs	V1_c1	10	3	emmax_simes	0.913365181197771	0.531876794887094	80	1	0	0	0	0.37
bgs	V1_c1	10	4	emmax_consensus	0.861385797272832	0.480490514227645	80	1	0	0	0	0.29
bgs	V1_c1	10	4	emmax_simes	0.861385797272832	0.480490514227645	80	1	0	0	0	0.215
bgs	V1_c1	10	5	emmax_consensus	0.855509324437459	0.398627650572639	80	1	0	0	0	0.62
bgs	V1_c1	10	5	emmax_simes	0.855509324437459	0.398627650572639	80	1	0	0	0	0.47
bgs	V1_c1	10	6	emmax_consensus	0.871635286787697	0.360378171020875	80	0	0		0	0
bgs	V1_c1	10	6	emmax_simes	0.871635286787697	0.360378171020875	80	1	0	0	0	0
bgs	V1_c1	10	7	emmax_consensus	0.905590313019665	0.427538509959952	80	1	0	0	0	0.3
bgs	V1_c1	10	7	emmax_simes	0.905590313019665	0.427538509959952	80	1	0	0	0	0.28
bgs	V1_c1	10	8	emmax_consensus	0.83985323017619	0.31343706113965	80	4	2	0.5	1	0.215
bgs	V1_c1	10	8	emmax_simes	0.83985323017619	0.31343706113965	80	6	3	0.5	1	0.37
bgs	V1_c1	10	9	emmax_consensus	0.814867884097684	0.302975639693636	80	1	0	0	0	0.405
bgs	V1_c1	10	9	emmax_simes	0.814867884097684	0.302975639693636	80	1	0	0	0	0.405
bgs	V1_c1	10	10	emmax_consensus	0.802442578617251	0.327901575184124	80	1	0	0	0	0.07
bgs	V1_c1	10	10	emmax_simes	0.802442578617251	0.327901575184124	80	1	0	0	0	0.12
bgs	V1_c1.5	2	1	emmax_consensus	0.892003562417288	0.546284307344211	80	0	0		0	5.705
bgs	V1_c1.5	2	1	emmax_simes	0.892003562417288	0.546284307344211	80	1	0	0	0	3.875
bgs	V1_c1.5	2	2	emmax_consensus	0.932278180446807	0.465486779849517	80	2	2	1	1	9.795
bgs	V1_c1.5	2	2	emmax_simes	0.932278180446807	0.465486779849517	80	2	2	1	1	7.03
bgs	V1_c1.5	2	3	emmax_consensus	0.939618906993613	0.547735395200624	80	2	2	1	1	10.28
bgs	V1_c1.5	2	3	emmax_simes	0.939618906993613	0.547735395200624	80	3	3	1	1	8.465
bgs	V1_c1.5	2	4	emmax_consensus	0.88522581949144	0.508472771421993	80	0	0		0	9.125
bgs	V1_c1.5	2	4	emmax_simes	0.88522581949144	0.508472771421993	80	0	0		0	7.335
bgs	V1_c1.5	2	5	emmax_consensus	0.899617054188279	0.449468901777772	80	0	0		0	14.11
bgs	V1_c1.5	2	5	emmax_simes	0.899617054188279	0.449468901777772	80	0	0		0	12.86
bgs	V1_c1.5	2	6	emmax_consensus	0.891370262123806	0.365742421764843	80	0	0		0	12.845
bgs	V1_c1.5	2	6	emmax_simes	0.891370262123806	0.365742421764843	80	1	1	1	1	10.49
bgs	V1_c1.5	2	7	emmax_consensus	0.923456678063972	0.420460748299585	80	0	0		0	14.265
bgs	V1_c1.5	2	7	emmax_simes	0.923456678063972	0.420460748299585	80	0	0		0	10.495
bgs	V1_c1.5	2	8	emmax_consensus	0.860724585307853	0.3227196189636	80	3	3	1	1	10.615
bgs	V1_c1.5	2	8	emmax_simes	0.860724585307853	0.3227196189636	80	2	2	1	1	9.16
bgs	V1_c1.5	2	9	emmax_consensus	0.865296821004657	0.411124396338929	80	0	0		0	10.41
bgs	V1_c1.5	2	9	emmax_simes	0.865296821004657	0.411124396338929	80	0	0		0	8.07
bgs	V1_c1.5	2	10	emmax_consensus	0.841934210843705	0.337557684212444	80	0	0		0	11.465
bgs	V1_c1.5	2	10	emmax_simes	0.841934210843705	0.337557684212444	80	0	0		0	8.485
bgs	V1_c1.5	4	1	emmax_consensus	0.898878809391333	0.54746569048616	80	0	0		0	5.87
bgs	V1_c1.5	4	1	emmax_simes	0.898878809391333	0.54746569048616	80	0	0		0	4.94
bgs	V1_c1.5	4	2	emmax_consensus	0.936098511324344	0.500314717596	80	9	8	0.888888888888889	1	12.475
bgs	V1_c1.5	4	2	emmax_simes	0.936098511324344	0.500314717596	80	5	4	0.8	1	10.37
bgs	V1_c1.5	4	3	emmax_consensus	0.927059759323649	0.569907806484059	80	3	3	1	1	10.945
bgs	V1_c1.5	4	3	emmax_simes	0.927059759323649	0.569907806484059	80	0	0		0	9.35
bgs	V1_c1.5	4	4	emmax_consensus	0.903120022766318	0.547991343189367	80	0	0		0	7.385
bgs	V1_c1.5	4	4	emmax_simes	0.903120022766318	0.547991343189367	80	0	0		0	5.755
bgs	V1_c1.5	4	5	emmax_consensus	0.915036972629833	0.429717627867074	80	2	2	1	1	13.07
bgs	V1_c1.5	4	5	emmax_simes	0.915036972629833	0.429717627867074	80	1	1	1	1	10.785
bgs	V1_c1.5	4	6	emmax_consensus	0.880291142577241	0.370829324302104	80	3	2	0.666666666666667	1	11.635
bgs	V1_c1.5	4	6	emmax_simes	0.880291142577241	0.370829324302104	80	5	4	0.8	1	9.245
bgs	V1_c1.5	4	7	emmax_consensus	0.932887963386951	0.424563338961651	80	0	0		0	11.305
bgs	V1_c1.5	4	7	emmax_simes	0.932887963386951	0.424563338961651	80	1	0	0	0	9.96
bgs	V1_c1.5	4	8	emmax_consensus	0.863831570899709	0.336551212944232	80	5	4	0.8	1	7.565
bgs	V1_c1.5	4	8	emmax_simes	0.863831570899709	0.336551212944232	80	5	4	0.8	1	6.62
bgs	V1_c1.5	4	9	emmax_consensus	0.835846569594259	0.387913877136698	80	2	1	0.5	1	8.375
bgs	V1_c1.5	4	9	emmax_simes	0.835846569594259	0.387913877136698	80	0	0		0	7.465
bgs	V1_c1.5	4	10	emmax_consensus	0.843230423859102	0.361294124872136	80	0	0		0	8.255
bgs	V1_c1.5	4	10	emmax_simes	0.843230423859102	0.361294124872136	80	0	0		0	6.23
bgs	V1_c1.5	6	1	emmax_consensus	0.894349638483397	0.550991956728652	80	0	0		0	6.275
bgs	V1_c1.5	6	1	emmax_simes	0.894349638483397	0.550991956728652	80	0	0		0	5.02
bgs	V1_c1.5	6	2	emmax_consensus	0.916964203681408	0.482129030407513	80	3	2	0.666666666666667	1	12.025
bgs	V1_c1.5	6	2	emmax_simes	0.916964203681408	0.482129030407513	80	4	3	0.75	1	10.465
bgs	V1_c1.5	6	3	emmax_consensus	0.932561723588907	0.549464311792243	80	1	1	1	1	7.895
bgs	V1_c1.5	6	3	emmax_simes	0.932561723588907	0.549464311792243	80	0	0		0	6.5
bgs	V1_c1.5	6	4	emmax_consensus	0.897053636961823	0.515442360630602	80	0	0		0	6.085
bgs	V1_c1.5	6	4	emmax_simes	0.897053636961823	0.515442360630602	80	0	0		0	5.365
bgs	V1_c1.5	6	5	emmax_consensus	0.891167174816184	0.422093242457625	80	0	0		0	12.335
bgs	V1_c1.5	6	5	emmax_simes	0.891167174816184	0.422093242457625	80	1	1	1	1	8.17
bgs	V1_c1.5	6	6	emmax_consensus	0.886013600836177	0.376623918979678	80	6	5	0.833333333333333	1	11.55
bgs	V1_c1.5	6	6	emmax_simes	0.886013600836177	0.376623918979678	80	12	11	0.916666666666667	1	8.99
bgs	V1_c1.5	6	7	emmax_consensus	0.93072321440122	0.419510434018717	80	0	0		0	12.805
bgs	V1_c1.5	6	7	emmax_simes	0.93072321440122	0.419510434018717	80	1	1	1	1	10.115
bgs	V1_c1.5	6	8	emmax_consensus	0.864061800002617	0.337375316840451	80	9	8	0.888888888888889	1	14.02
bgs	V1_c1.5	6	8	emmax_simes	0.864061800002617	0.337375316840451	80	14	13	0.928571428571429	1	10.265
bgs	V1_c1.5	6	9	emmax_consensus	0.844911722641465	0.373648163309089	80	0	0		0	11.145
bgs	V1_c1.5	6	9	emmax_simes	0.844911722641465	0.373648163309089	80	0	0		0	9.295
bgs	V1_c1.5	6	10	emmax_consensus	0.84149584357816	0.389504909332371	80	2	2	1	1	6.965
bgs	V1_c1.5	6	10	emmax_simes	0.84149584357816	0.389504909332371	80	1	1	1	1	5.865
bgs	V1_c1.5	8	1	emmax_consensus	0.888533363208369	0.527795446303256	80	0	0		0	10.04
bgs	V1_c1.5	8	1	emmax_simes	0.888533363208369	0.527795446303256	80	1	1	1	1	7.22
bgs	V1_c1.5	8	2	emmax_consensus	0.930278331578182	0.492110605570393	80	5	3	0.6	1	13.4
bgs	V1_c1.5	8	2	emmax_simes	0.930278331578182	0.492110605570393	80	10	8	0.8	1	10.87
bgs	V1_c1.5	8	3	emmax_consensus	0.934168151838728	0.566967154843552	80	0	0		0	9.88
bgs	V1_c1.5	8	3	emmax_simes	0.934168151838728	0.566967154843552	80	0	0		0	8.03
bgs	V1_c1.5	8	4	emmax_consensus	0.894692013824026	0.508186884464747	80	0	0		0	7.275
bgs	V1_c1.5	8	4	emmax_simes	0.894692013824026	0.508186884464747	80	0	0		0	5.4
bgs	V1_c1.5	8	5	emmax_consensus	0.884371338191014	0.417185477400752	80	2	2	1	1	13.38
bgs	V1_c1.5	8	5	emmax_simes	0.884371338191014	0.417185477400752	80	0	0		0	9.855
bgs	V1_c1.5	8	6	emmax_consensus	0.893155483594184	0.388621011831962	80	3	3	1	1	12.37
bgs	V1_c1.5	8	6	emmax_simes	0.893155483594184	0.388621011831962	80	2	2	1	1	11.08
bgs	V1_c1.5	8	7	emmax_consensus	0.928633555781958	0.432629911957025	80	4	3	0.75	1	11.165
bgs	V1_c1.5	8	7	emmax_simes	0.928633555781958	0.432629911957025	80	2	1	0.5	1	9.03
bgs	V1_c1.5	8	8	emmax_consensus	0.840949305228873	0.337541411296412	80	1	1	1	1	10.645
bgs	V1_c1.5	8	8	emmax_simes	0.840949305228873	0.337541411296412	80	1	1	1	1	8.43
bgs	V1_c1.5	8	9	emmax_consensus	0.848295356309899	0.373895435274707	80	0	0		0	7.98
bgs	V1_c1.5	8	9	emmax_simes	0.848295356309899	0.373895435274707	80	0	0		0	5.845
bgs	V1_c1.5	8	10	emmax_consensus	0.827542522015803	0.366738037395565	80	5	5	1	1	9.795
bgs	V1_c1.5	8	10	emmax_simes	0.827542522015803	0.366738037395565	80	2	2	1	1	6.485
bgs	V1_c1.5	10	1	emmax_consensus	0.890608020489261	0.559160701281418	80	1	0	0	0	9.385
bgs	V1_c1.5	10	1	emmax_simes	0.890608020489261	0.559160701281418	80	1	0	0	0	7.255
bgs	V1_c1.5	10	2	emmax_consensus	0.921786626857169	0.482706162828333	80	7	7	1	1	9.12
bgs	V1_c1.5	10	2	emmax_simes	0.921786626857169	0.482706162828333	80	7	7	1	1	6.385
bgs	V1_c1.5	10	3	emmax_consensus	0.943139482292662	0.576118382043533	80	7	6	0.857142857142857	1	9.12
bgs	V1_c1.5	10	3	emmax_simes	0.943139482292662	0.576118382043533	80	3	3	1	1	7.045
bgs	V1_c1.5	10	4	emmax_consensus	0.888221268781924	0.513032437218866	80	0	0		0	9.34
bgs	V1_c1.5	10	4	emmax_simes	0.888221268781924	0.513032437218866	80	0	0		0	6.695
bgs	V1_c1.5	10	5	emmax_consensus	0.895568299111735	0.435824549235195	80	0	0		0	11.235
bgs	V1_c1.5	10	5	emmax_simes	0.895568299111735	0.435824549235195	80	0	0		0	9.645
bgs	V1_c1.5	10	6	emmax_consensus	0.910269418753208	0.367161437829067	80	1	1	1	1	10.875
bgs	V1_c1.5	10	6	emmax_simes	0.910269418753208	0.367161437829067	80	4	4	1	1	8.745
bgs	V1_c1.5	10	7	emmax_consensus	0.928714500504316	0.425776980681085	80	0	0		0	13.515
bgs	V1_c1.5	10	7	emmax_simes	0.928714500504316	0.425776980681085	80	0	0		0	9.66
bgs	V1_c1.5	10	8	emmax_consensus	0.86198807214946	0.329408983906633	80	1	1	1	1	12.01
bgs	V1_c1.5	10	8	emmax_simes	0.86198807214946	0.329408983906633	80	4	4	1	1	9.485
bgs	V1_c1.5	10	9	emmax_consensus	0.852549016063326	0.358890972117211	80	0	0		0	11.35
bgs	V1_c1.5	10	9	emmax_simes	0.852549016063326	0.358890972117211	80	1	1	1	1	8.45
bgs	V1_c1.5	10	10	emmax_consensus	0.833568455523718	0.360643490928071	80	0	0		0	11.325
bgs	V1_c1.5	10	10	emmax_simes	0.833568455523718	0.360643490928071	80	0	0		0	9.885
bgs	V2_c1	1	1	emmax_consensus	0.858140529288268	0.473828779453578	80	0	0		0	0.2
bgs	V2_c1	1	1	emmax_simes	0.858140529288268	0.473828779453578	80	0	0		0	0.17
bgs	V2_c1	1	2	emmax_consensus	0.913816017126638	0.46028462800805	80	7	5	0.714285714285714	1	0.505
bgs	V2_c1	1	2	emmax_simes	0.913816017126638	0.46028462800805	80	6	4	0.666666666666667	1	0.465
bgs	V2_c1	1	3	emmax_consensus	0.912745784831248	0.509673205112876	80	1	1	1	1	0.19
bgs	V2_c1	1	3	emmax_simes	0.912745784831248	0.509673205112876	80	2	2	1	1	0.135
bgs	V2_c1	1	4	emmax_consensus	0.886466567172947	0.502654337761032	80	0	0		0	0.285
bgs	V2_c1	1	4	emmax_simes	0.886466567172947	0.502654337761032	80	0	0		0	0.35
bgs	V2_c1	1	5	emmax_consensus	0.858153001273313	0.390984649018017	80	0	0		0	0.265
bgs	V2_c1	1	5	emmax_simes	0.858153001273313	0.390984649018017	80	0	0		0	0.165
bgs	V2_c1	1	6	emmax_consensus	0.870671641249624	0.332991561112415	80	0	0		0	0.325
bgs	V2_c1	1	6	emmax_simes	0.870671641249624	0.332991561112415	80	0	0		0	0.28
bgs	V2_c1	1	7	emmax_consensus	0.908535654520742	0.372573252924587	80	1	0	0	0	0.265
bgs	V2_c1	1	7	emmax_simes	0.908535654520742	0.372573252924587	80	2	1	0.5	1	0.255
bgs	V2_c1	1	8	emmax_consensus	0.847687681473604	0.300751935743202	80	0	0		0	0.245
bgs	V2_c1	1	8	emmax_simes	0.847687681473604	0.300751935743202	80	0	0		0	0.28
bgs	V2_c1	1	9	emmax_consensus	0.840148275582168	0.331145238455884	80	0	0		0	0.265
bgs	V2_c1	1	9	emmax_simes	0.840148275582168	0.331145238455884	80	0	0		0	0.295
bgs	V2_c1	1	10	emmax_consensus	0.762274349913047	0.365014037229821	80	0	0		0	0.215
bgs	V2_c1	1	10	emmax_simes	0.762274349913047	0.365014037229821	80	1	0	0	0	0.19
bgs	V2_c1	3	1	emmax_consensus	0.871492116789629	0.49998913817943	80	0	0		0	0.205
bgs	V2_c1	3	1	emmax_simes	0.871492116789629	0.49998913817943	80	0	0		0	0.185
bgs	V2_c1	3	2	emmax_consensus	0.90612312536668	0.455554550013104	80	0	0		0	0.255
bgs	V2_c1	3	2	emmax_simes	0.90612312536668	0.455554550013104	80	0	0		0	0.235
bgs	V2_c1	3	3	emmax_consensus	0.911114244903261	0.538605581417481	80	1	0	0	0	0.18
bgs	V2_c1	3	3	emmax_simes	0.911114244903261	0.538605581417481	80	1	0	0	0	0.2
bgs	V2_c1	3	4	emmax_consensus	0.889143936717212	0.511236382982788	80	0	0		0	0.27
bgs	V2_c1	3	4	emmax_simes	0.889143936717212	0.511236382982788	80	0	0		0	0.175
bgs	V2_c1	3	5	emmax_consensus	0.83441719938249	0.390572392751334	80	0	0		0	0.395
bgs	V2_c1	3	5	emmax_simes	0.83441719938249	0.390572392751334	80	1	1	1	1	0.375
bgs	V2_c1	3	6	emmax_consensus	0.876482238450312	0.341716964777656	80	0	0		0	0.465
bgs	V2_c1	3	6	emmax_simes	0.876482238450312	0.341716964777656	80	0	0		0	0.705
bgs	V2_c1	3	7	emmax_consensus	0.853819748369764	0.379009957659966	80	1	1	1	1	0.36
bgs	V2_c1	3	7	emmax_simes	0.853819748369764	0.379009957659966	80	1	1	1	1	0.275
bgs	V2_c1	3	8	emmax_consensus	0.847955130887213	0.350457114783414	80	2	2	1	1	0.275
bgs	V2_c1	3	8	emmax_simes	0.847955130887213	0.350457114783414	80	4	3	0.75	1	0.14
bgs	V2_c1	3	9	emmax_consensus	0.822764407785714	0.348094523707633	80	0	0		0	0.235
bgs	V2_c1	3	9	emmax_simes	0.822764407785714	0.348094523707633	80	0	0		0	0.385
bgs	V2_c1	3	10	emmax_consensus	0.81865221198843	0.33651719290415	80	0	0		0	0.435
bgs	V2_c1	3	10	emmax_simes	0.81865221198843	0.33651719290415	80	0	0		0	0.41
bgs	V2_c1	4	1	emmax_consensus	0.856963477208656	0.503993555233839	80	0	0		0	0.54
bgs	V2_c1	4	1	emmax_simes	0.856963477208656	0.503993555233839	80	0	0		0	0.555
bgs	V2_c1	4	2	emmax_consensus	0.893308134411338	0.430216113419601	80	0	0		0	0.37
bgs	V2_c1	4	2	emmax_simes	0.893308134411338	0.430216113419601	80	0	0		0	0.32
bgs	V2_c1	4	3	emmax_consensus	0.924896966496038	0.533538273606738	80	1	0	0	0	0.68
bgs	V2_c1	4	3	emmax_simes	0.924896966496038	0.533538273606738	80	1	0	0	0	0.69
bgs	V2_c1	4	4	emmax_consensus	0.83494029789887	0.468493722057898	80	0	0		0	0.105
bgs	V2_c1	4	4	emmax_simes	0.83494029789887	0.468493722057898	80	0	0		0	0.095
bgs	V2_c1	4	5	emmax_consensus	0.879630844270624	0.398130103787901	80	0	0		0	0.785
bgs	V2_c1	4	5	emmax_simes	0.879630844270624	0.398130103787901	80	0	0		0	0.72
bgs	V2_c1	4	6	emmax_consensus	0.846710247953938	0.36573061588633	80	0	0		0	0.13
bgs	V2_c1	4	6	emmax_simes	0.846710247953938	0.36573061588633	80	1	0	0	0	0.075
bgs	V2_c1	4	7	emmax_consensus	0.813267146268863	0.366269380309289	80	0	0		0	0.2
bgs	V2_c1	4	7	emmax_simes	0.813267146268863	0.366269380309289	80	0	0		0	0.33
bgs	V2_c1	4	8	emmax_consensus	0.840964072790634	0.317873767644026	80	0	0		0	0.49
bgs	V2_c1	4	8	emmax_simes	0.840964072790634	0.317873767644026	80	0	0		0	0.265
bgs	V2_c1	4	9	emmax_consensus	0.842877811623018	0.324499686955146	80	1	1	1	1	0.185
bgs	V2_c1	4	9	emmax_simes	0.842877811623018	0.324499686955146	80	0	0		0	0.135
bgs	V2_c1	4	10	emmax_consensus	0.781331679305966	0.346150469313189	80	1	1	1	1	0.3
bgs	V2_c1	4	10	emmax_simes	0.781331679305966	0.346150469313189	80	2	2	1	1	0.31
bgs	V2_c1	5	1	emmax_consensus	0.879239142851213	0.498472855252787	80	0	0		0	0.11
bgs	V2_c1	5	1	emmax_simes	0.879239142851213	0.498472855252787	80	0	0		0	0.09
bgs	V2_c1	5	2	emmax_consensus	0.895549876186836	0.472084885214082	80	1	0	0	0	0.11
bgs	V2_c1	5	2	emmax_simes	0.895549876186836	0.472084885214082	80	2	1	0.5	1	0.21
bgs	V2_c1	5	3	emmax_consensus	0.927305459860089	0.521823284628879	80	2	1	0.5	1	0.16
bgs	V2_c1	5	3	emmax_simes	0.927305459860089	0.521823284628879	80	2	1	0.5	1	0.175
bgs	V2_c1	5	4	emmax_consensus	0.891025982315835	0.511978737835079	80	1	0	0	0	0.175
bgs	V2_c1	5	4	emmax_simes	0.891025982315835	0.511978737835079	80	1	0	0	0	0.26
bgs	V2_c1	5	5	emmax_consensus	0.858815930843916	0.391504904310859	80	0	0		0	0.385
bgs	V2_c1	5	5	emmax_simes	0.858815930843916	0.391504904310859	80	0	0		0	0.47
bgs	V2_c1	5	6	emmax_consensus	0.866555296587476	0.324630035389765	80	0	0		0	0.705
bgs	V2_c1	5	6	emmax_simes	0.866555296587476	0.324630035389765	80	0	0		0	0.465
bgs	V2_c1	5	7	emmax_consensus	0.906040035299609	0.378547700341522	80	1	1	1	1	0.135
bgs	V2_c1	5	7	emmax_simes	0.906040035299609	0.378547700341522	80	0	0		0	0.095
bgs	V2_c1	5	8	emmax_consensus	0.844725144693751	0.296864799235913	80	1	0	0	0	0.695
bgs	V2_c1	5	8	emmax_simes	0.844725144693751	0.296864799235913	80	1	0	0	0	0.445
bgs	V2_c1	5	9	emmax_consensus	0.797477610524438	0.333811692913983	80	0	0		0	0.115
bgs	V2_c1	5	9	emmax_simes	0.797477610524438	0.333811692913983	80	0	0		0	0.07
bgs	V2_c1	5	10	emmax_consensus	0.83103910661915	0.330481768213726	80	0	0		0	0.53
bgs	V2_c1	5	10	emmax_simes	0.83103910661915	0.330481768213726	80	0	0		0	0.44
bgs	V2_c1	6	1	emmax_consensus	0.882526402984482	0.499545247197113	80	3	1	0.333333333333333	1	0.24
bgs	V2_c1	6	1	emmax_simes	0.882526402984482	0.499545247197113	80	2	0	0	0	0.15
bgs	V2_c1	6	2	emmax_consensus	0.926942872871114	0.474028087542748	80	0	0		0	0.78
bgs	V2_c1	6	2	emmax_simes	0.926942872871114	0.474028087542748	80	0	0		0	0.615
bgs	V2_c1	6	3	emmax_consensus	0.908016158800439	0.539298180368579	80	0	0		0	0.015
bgs	V2_c1	6	3	emmax_simes	0.908016158800439	0.539298180368579	80	0	0		0	0.005
bgs	V2_c1	6	4	emmax_consensus	0.866388460566665	0.444552084287566	80	0	0		0	0.465
bgs	V2_c1	6	4	emmax_simes	0.866388460566665	0.444552084287566	80	0	0		0	0.245
bgs	V2_c1	6	5	emmax_consensus	0.891190158485709	0.40809009488569	80	0	0		0	0.32
bgs	V2_c1	6	5	emmax_simes	0.891190158485709	0.40809009488569	80	1	0	0	0	0.305
bgs	V2_c1	6	6	emmax_consensus	0.843954751511335	0.301364695222867	80	1	1	1	1	0.105
bgs	V2_c1	6	6	emmax_simes	0.843954751511335	0.301364695222867	80	1	1	1	1	0.095
bgs	V2_c1	6	7	emmax_consensus	0.878580460477351	0.364042013779968	80	0	0		0	0.22
bgs	V2_c1	6	7	emmax_simes	0.878580460477351	0.364042013779968	80	0	0		0	0.255
bgs	V2_c1	6	8	emmax_consensus	0.860981325887151	0.344027465226546	80	1	1	1	1	0.36
bgs	V2_c1	6	8	emmax_simes	0.860981325887151	0.344027465226546	80	1	1	1	1	0.205
bgs	V2_c1	6	9	emmax_consensus	0.778609228508067	0.331191282982169	80	0	0		0	0.56
bgs	V2_c1	6	9	emmax_simes	0.778609228508067	0.331191282982169	80	0	0		0	0.505
bgs	V2_c1	6	10	emmax_consensus	0.812619420499916	0.364038346266793	80	3	2	0.666666666666667	1	0.29
bgs	V2_c1	6	10	emmax_simes	0.812619420499916	0.364038346266793	80	0	0		0	0.25
bgs	V2_c1.5	1	1	emmax_consensus	0.89384111066794	0.553021424719058	80	2	2	1	1	8.615
bgs	V2_c1.5	1	1	emmax_simes	0.89384111066794	0.553021424719058	80	1	1	1	1	6.5
bgs	V2_c1.5	1	2	emmax_consensus	0.936666535466149	0.483168858138575	80	9	9	1	1	9.725
bgs	V2_c1.5	1	2	emmax_simes	0.936666535466149	0.483168858138575	80	0	0		0	6.47
bgs	V2_c1.5	1	3	emmax_consensus	0.927881685304916	0.561837489733163	80	2	2	1	1	12.265
bgs	V2_c1.5	1	3	emmax_simes	0.927881685304916	0.561837489733163	80	1	1	1	1	8.68
bgs	V2_c1.5	1	4	emmax_consensus	0.890173646570923	0.508308744980338	80	3	3	1	1	6.42
bgs	V2_c1.5	1	4	emmax_simes	0.890173646570923	0.508308744980338	80	2	2	1	1	5.055
bgs	V2_c1.5	1	5	emmax_consensus	0.90059201729529	0.433776310446588	80	4	4	1	1	9.76
bgs	V2_c1.5	1	5	emmax_simes	0.90059201729529	0.433776310446588	80	0	0		0	7
bgs	V2_c1.5	1	6	emmax_consensus	0.900599923154583	0.376292732443983	80	9	8	0.888888888888889	1	11.55
bgs	V2_c1.5	1	6	emmax_simes	0.900599923154583	0.376292732443983	80	8	7	0.875	1	8.57
bgs	V2_c1.5	1	7	emmax_consensus	0.932992754275601	0.421749256644014	80	4	4	1	1	13.445
bgs	V2_c1.5	1	7	emmax_simes	0.932992754275601	0.421749256644014	80	3	3	1	1	9.54
bgs	V2_c1.5	1	8	emmax_consensus	0.875930042812312	0.333296527621488	80	9	8	0.888888888888889	1	11.95
bgs	V2_c1.5	1	8	emmax_simes	0.875930042812312	0.333296527621488	80	6	5	0.833333333333333	1	9.895
bgs	V2_c1.5	1	9	emmax_consensus	0.845017765629481	0.390528747406569	80	1	1	1	1	8.25
bgs	V2_c1.5	1	9	emmax_simes	0.845017765629481	0.390528747406569	80	0	0		0	6.15
bgs	V2_c1.5	1	10	emmax_consensus	0.845317160373086	0.346939352602444	80	0	0		0	8.5
bgs	V2_c1.5	1	10	emmax_simes	0.845317160373086	0.346939352602444	80	0	0		0	5.735
bgs	V2_c1.5	2	1	emmax_consensus	0.875478656385742	0.514757132221174	80	0	0		0	11.04
bgs	V2_c1.5	2	1	emmax_simes	0.875478656385742	0.514757132221174	80	1	1	1	1	8.64
bgs	V2_c1.5	2	2	emmax_consensus	0.917936864645757	0.4949464500112	80	10	9	0.9	1	9.99
bgs	V2_c1.5	2	2	emmax_simes	0.917936864645757	0.4949464500112	80	11	10	0.909090909090909	1	7.945
bgs	V2_c1.5	2	3	emmax_consensus	0.930547121584196	0.552355571669043	80	2	1	0.5	1	9.22
bgs	V2_c1.5	2	3	emmax_simes	0.930547121584196	0.552355571669043	80	1	0	0	0	6.825
bgs	V2_c1.5	2	4	emmax_consensus	0.885120740950251	0.522188964427801	80	0	0		0	8.88
bgs	V2_c1.5	2	4	emmax_simes	0.885120740950251	0.522188964427801	80	0	0		0	6.645
bgs	V2_c1.5	2	5	emmax_consensus	0.90298141205924	0.442900431488482	80	0	0		0	10.91
bgs	V2_c1.5	2	5	emmax_simes	0.90298141205924	0.442900431488482	80	0	0		0	7.67
bgs	V2_c1.5	2	6	emmax_consensus	0.888643162305472	0.384712420062205	80	3	3	1	1	10.31
bgs	V2_c1.5	2	6	emmax_simes	0.888643162305472	0.384712420062205	80	5	5	1	1	8.075
bgs	V2_c1.5	2	7	emmax_consensus	0.92463935789009	0.41471217118619	80	2	2	1	1	11.985
bgs	V2_c1.5	2	7	emmax_simes	0.92463935789009	0.41471217118619	80	1	1	1	1	10.775
bgs	V2_c1.5	2	8	emmax_consensus	0.869488461890006	0.351620951465338	80	5	4	0.8	1	14.11
bgs	V2_c1.5	2	8	emmax_simes	0.869488461890006	0.351620951465338	80	3	3	1	1	11.27
bgs	V2_c1.5	2	9	emmax_consensus	0.859358907308719	0.36723071769754	80	3	3	1	1	10.01
bgs	V2_c1.5	2	9	emmax_simes	0.859358907308719	0.36723071769754	80	2	2	1	1	7.165
bgs	V2_c1.5	2	10	emmax_consensus	0.866855087055324	0.373017358726518	80	0	0		0	7.635
bgs	V2_c1.5	2	10	emmax_simes	0.866855087055324	0.373017358726518	80	0	0		0	5.25
bgs	V2_c1.5	5	1	emmax_consensus	0.880146813063634	0.513053532953564	80	0	0		0	5.475
bgs	V2_c1.5	5	1	emmax_simes	0.880146813063634	0.513053532953564	80	0	0		0	4.515
bgs	V2_c1.5	5	2	emmax_consensus	0.927676723014748	0.479549739935567	80	3	2	0.666666666666667	1	13.42
bgs	V2_c1.5	5	2	emmax_simes	0.927676723014748	0.479549739935567	80	1	0	0	0	10.895
bgs	V2_c1.5	5	3	emmax_consensus	0.929136693385003	0.566455238694264	80	3	3	1	1	6.765
bgs	V2_c1.5	5	3	emmax_simes	0.929136693385003	0.566455238694264	80	2	2	1	1	6.375
bgs	V2_c1.5	5	4	emmax_consensus	0.890985313752144	0.512194936469088	80	0	0		0	7.99
bgs	V2_c1.5	5	4	emmax_simes	0.890985313752144	0.512194936469088	80	0	0		0	5.92
bgs	V2_c1.5	5	5	emmax_consensus	0.890068866556177	0.433411739181887	80	0	0		0	10.25
bgs	V2_c1.5	5	5	emmax_simes	0.890068866556177	0.433411739181887	80	0	0		0	7.765
bgs	V2_c1.5	5	6	emmax_consensus	0.888580223181069	0.37049989765647	80	7	7	1	1	11.135
bgs	V2_c1.5	5	6	emmax_simes	0.888580223181069	0.37049989765647	80	8	8	1	1	9.295
bgs	V2_c1.5	5	7	emmax_consensus	0.918806687580798	0.404066829836444	80	0	0		0	9.255
bgs	V2_c1.5	5	7	emmax_simes	0.918806687580798	0.404066829836444	80	0	0		0	7.635
bgs	V2_c1.5	5	8	emmax_consensus	0.86026931116609	0.335692330941449	80	1	1	1	1	9.73
bgs	V2_c1.5	5	8	emmax_simes	0.86026931116609	0.335692330941449	80	1	1	1	1	7.8
bgs	V2_c1.5	5	9	emmax_consensus	0.849162310603142	0.374048206049704	80	0	0		0	7.755
bgs	V2_c1.5	5	9	emmax_simes	0.849162310603142	0.374048206049704	80	0	0		0	5.06
bgs	V2_c1.5	5	10	emmax_consensus	0.856613555998998	0.366692017968527	80	0	0		0	9.08
bgs	V2_c1.5	5	10	emmax_simes	0.856613555998998	0.366692017968527	80	0	0		0	6.195
bgs	V2_c1.5	8	1	emmax_consensus	0.889431485483673	0.538584092566876	80	1	0	0	0	7.095
bgs	V2_c1.5	8	1	emmax_simes	0.889431485483673	0.538584092566876	80	1	0	0	0	5.805
bgs	V2_c1.5	8	2	emmax_consensus	0.940048891241697	0.475553399073235	80	11	11	1	1	13.635
bgs	V2_c1.5	8	2	emmax_simes	0.940048891241697	0.475553399073235	80	9	9	1	1	10.805
bgs	V2_c1.5	8	3	emmax_consensus	0.929872536664029	0.571766743790522	80	0	0		0	7.175
bgs	V2_c1.5	8	3	emmax_simes	0.929872536664029	0.571766743790522	80	3	3	1	1	6.535
bgs	V2_c1.5	8	4	emmax_consensus	0.884617110776174	0.50999613547525	80	1	1	1	1	8.475
bgs	V2_c1.5	8	4	emmax_simes	0.884617110776174	0.50999613547525	80	1	1	1	1	7.165
bgs	V2_c1.5	8	5	emmax_consensus	0.900327073145429	0.427439283412826	80	0	0		0	15.17
bgs	V2_c1.5	8	5	emmax_simes	0.900327073145429	0.427439283412826	80	0	0		0	11.13
bgs	V2_c1.5	8	6	emmax_consensus	0.888153613518529	0.368635000666526	80	4	4	1	1	11.75
bgs	V2_c1.5	8	6	emmax_simes	0.888153613518529	0.368635000666526	80	3	3	1	1	9.12
bgs	V2_c1.5	8	7	emmax_consensus	0.91686181947551	0.437546180058844	80	1	0	0	0	11.32
bgs	V2_c1.5	8	7	emmax_simes	0.91686181947551	0.437546180058844	80	1	0	0	0	7.55
bgs	V2_c1.5	8	8	emmax_consensus	0.845955626956557	0.335886680462447	80	4	4	1	1	12.845
bgs	V2_c1.5	8	8	emmax_simes	0.845955626956557	0.335886680462447	80	9	8	0.888888888888889	1	10.335
bgs	V2_c1.5	8	9	emmax_consensus	0.852756208803307	0.385167402594317	80	2	2	1	1	8.625
bgs	V2_c1.5	8	9	emmax_simes	0.852756208803307	0.385167402594317	80	1	1	1	1	6.68
bgs	V2_c1.5	8	10	emmax_consensus	0.838675564459794	0.367491897782864	80	0	0		0	10.34
bgs	V2_c1.5	8	10	emmax_simes	0.838675564459794	0.367491897782864	80	0	0		0	7.27
bgs	V2_c1.5	9	1	emmax_consensus	0.883583751406689	0.546182174579046	80	0	0		0	6.175
bgs	V2_c1.5	9	1	emmax_simes	0.883583751406689	0.546182174579046	80	0	0		0	4.31
bgs	V2_c1.5	9	2	emmax_consensus	0.92874451771098	0.466328715535021	80	7	7	1	1	11.655
bgs	V2_c1.5	9	2	emmax_simes	0.92874451771098	0.466328715535021	80	7	7	1	1	7.82
bgs	V2_c1.5	9	3	emmax_consensus	0.93376555078084	0.571592174817025	80	1	1	1	1	8.815
bgs	V2_c1.5	9	3	emmax_simes	0.93376555078084	0.571592174817025	80	2	2	1	1	7.325
bgs	V2_c1.5	9	4	emmax_consensus	0.886311184982448	0.504852539326637	80	0	0		0	4.665
bgs	V2_c1.5	9	4	emmax_simes	0.886311184982448	0.504852539326637	80	0	0		0	3.34
bgs	V2_c1.5	9	5	emmax_consensus	0.909660447861353	0.433821098504171	80	2	2	1	1	12.67
bgs	V2_c1.5	9	5	emmax_simes	0.909660447861353	0.433821098504171	80	0	0		0	9.085
bgs	V2_c1.5	9	6	emmax_consensus	0.893146391530223	0.377708122692002	80	2	2	1	1	10.12
bgs	V2_c1.5	9	6	emmax_simes	0.893146391530223	0.377708122692002	80	4	4	1	1	8.65
bgs	V2_c1.5	9	7	emmax_consensus	0.931579492398863	0.439370691006875	80	1	1	1	1	12.285
bgs	V2_c1.5	9	7	emmax_simes	0.931579492398863	0.439370691006875	80	1	1	1	1	8.805
bgs	V2_c1.5	9	8	emmax_consensus	0.858103000790496	0.330952524267495	80	7	7	1	1	10.795
bgs	V2_c1.5	9	8	emmax_simes	0.858103000790496	0.330952524267495	80	2	2	1	1	7.38
bgs	V2_c1.5	9	9	emmax_consensus	0.847782337395033	0.389933010012868	80	0	0		0	7.19
bgs	V2_c1.5	9	9	emmax_simes	0.847782337395033	0.389933010012868	80	0	0		0	5.56
bgs	V2_c1.5	9	10	emmax_consensus	0.843989644162573	0.376175214826745	80	2	2	1	1	9.105
bgs	V2_c1.5	9	10	emmax_simes	0.843989644162573	0.376175214826745	80	0	0		0	6.525
nobgs	V0.5_c1	2	1	emmax_consensus	0.878250296154142	0.519024426224644	80	1	0	0	0	0.06
nobgs	V0.5_c1	2	1	emmax_simes	0.878250296154142	0.519024426224644	80	1	0	0	0	0.055
nobgs	V0.5_c1	2	2	emmax_consensus	0.890964065427158	0.460059208139224	80	1	0	0	0	0.43
nobgs	V0.5_c1	2	2	emmax_simes	0.890964065427158	0.460059208139224	80	1	0	0	0	0.365
nobgs	V0.5_c1	2	3	emmax_consensus	0.932652059246201	0.56684416382617	80	4	3	0.75	1	0.62
nobgs	V0.5_c1	2	3	emmax_simes	0.932652059246201	0.56684416382617	80	3	2	0.666666666666667	1	0.57
nobgs	V0.5_c1	2	4	emmax_consensus	0.87874732748203	0.499447631202423	80	1	0	0	0	0.03
nobgs	V0.5_c1	2	4	emmax_simes	0.87874732748203	0.499447631202423	80	1	0	0	0	0.1
nobgs	V0.5_c1	2	5	emmax_consensus	0.871887788513201	0.412047158388057	80	0	0		0	0.13
nobgs	V0.5_c1	2	5	emmax_simes	0.871887788513201	0.412047158388057	80	0	0		0	0.09
nobgs	V0.5_c1	2	6	emmax_consensus	0.873024295892808	0.352451205800406	80	4	2	0.5	1	0.435
nobgs	V0.5_c1	2	6	emmax_simes	0.873024295892808	0.352451205800406	80	3	1	0.333333333333333	1	0.37
nobgs	V0.5_c1	2	7	emmax_consensus	0.896940207512753	0.369780900520601	80	1	0	0	0	0.015
nobgs	V0.5_c1	2	7	emmax_simes	0.896940207512753	0.369780900520601	80	1	0	0	0	0.015
nobgs	V0.5_c1	2	8	emmax_consensus	0.853102193700409	0.338580267385312	80	1	0	0	0	0.145
nobgs	V0.5_c1	2	8	emmax_simes	0.853102193700409	0.338580267385312	80	1	0	0	0	0.185
nobgs	V0.5_c1	2	9	emmax_consensus	0.821435819342323	0.354557144153956	80	2	1	0.5	1	0.005
nobgs	V0.5_c1	2	9	emmax_simes	0.821435819342323	0.354557144153956	80	1	0	0	0	0.005
nobgs	V0.5_c1	2	10	emmax_consensus	0.824208241108949	0.37256547104874	80	2	1	0.5	1	0.105
nobgs	V0.5_c1	2	10	emmax_simes	0.824208241108949	0.37256547104874	80	2	1	0.5	1	0.18
nobgs	V0.5_c1	3	1	emmax_consensus	0.863255369624879	0.55959607279778	80	3	0	0	0	0.04
nobgs	V0.5_c1	3	1	emmax_simes	0.863255369624879	0.55959607279778	80	2	0	0	0	0.035
nobgs	V0.5_c1	3	2	emmax_consensus	0.903764353978443	0.460726259279677	80	0	0		0	0.125
nobgs	V0.5_c1	3	2	emmax_simes	0.903764353978443	0.460726259279677	80	0	0		0	0.12
nobgs	V0.5_c1	3	3	emmax_consensus	0.913954081818001	0.526480015560054	80	4	2	0.5	1	0.415
nobgs	V0.5_c1	3	3	emmax_simes	0.913954081818001	0.526480015560054	80	5	2	0.4	1	0.34
nobgs	V0.5_c1	3	4	emmax_consensus	0.866607508040153	0.5036902963363	80	2	0	0	0	0.225
nobgs	V0.5_c1	3	4	emmax_simes	0.866607508040153	0.5036902963363	80	2	0	0	0	0.25
nobgs	V0.5_c1	3	5	emmax_consensus	0.8885362425366	0.420254740814275	80	1	0	0	0	0.215
nobgs	V0.5_c1	3	5	emmax_simes	0.8885362425366	0.420254740814275	80	2	0	0	0	0.26
nobgs	V0.5_c1	3	6	emmax_consensus	0.878987194206871	0.349859777032653	80	1	0	0	0	0.845
nobgs	V0.5_c1	3	6	emmax_simes	0.878987194206871	0.349859777032653	80	1	0	0	0	0.695
nobgs	V0.5_c1	3	7	emmax_consensus	0.910665833975627	0.396976395849095	80	0	0		0	0.735
nobgs	V0.5_c1	3	7	emmax_simes	0.910665833975627	0.396976395849095	80	1	0	0	0	0.61
nobgs	V0.5_c1	3	8	emmax_consensus	0.841463167151244	0.345680064474737	80	6	4	0.666666666666667	1	0.695
nobgs	V0.5_c1	3	8	emmax_simes	0.841463167151244	0.345680064474737	80	6	4	0.666666666666667	1	0.76
nobgs	V0.5_c1	3	9	emmax_consensus	0.828494998878545	0.352834275540679	80	3	2	0.666666666666667	1	1.845
nobgs	V0.5_c1	3	9	emmax_simes	0.828494998878545	0.352834275540679	80	1	0	0	0	1.61
nobgs	V0.5_c1	3	10	emmax_consensus	0.807788396424909	0.31787593270314	80	0	0		0	0.275
nobgs	V0.5_c1	3	10	emmax_simes	0.807788396424909	0.31787593270314	80	0	0		0	0.215
nobgs	V0.5_c1	5	1	emmax_consensus	0.878409222824107	0.519826205520897	80	0	0		0	0.365
nobgs	V0.5_c1	5	1	emmax_simes	0.878409222824107	0.519826205520897	80	0	0		0	0.575
nobgs	V0.5_c1	5	2	emmax_consensus	0.906952781418607	0.436565971909322	80	1	0	0	0	0.19
nobgs	V0.5_c1	5	2	emmax_simes	0.906952781418607	0.436565971909322	80	1	0	0	0	0.185
nobgs	V0.5_c1	5	3	emmax_consensus	0.91408861543399	0.551952048285871	80	9	5	0.555555555555556	1	0.13
nobgs	V0.5_c1	5	3	emmax_simes	0.91408861543399	0.551952048285871	80	11	5	0.454545454545455	1	0.14
nobgs	V0.5_c1	5	4	emmax_consensus	0.880020440460099	0.48009342372017	80	1	0	0	0	0.18
nobgs	V0.5_c1	5	4	emmax_simes	0.880020440460099	0.48009342372017	80	1	0	0	0	0.1
nobgs	V0.5_c1	5	5	emmax_consensus	0.870303157658887	0.40658509869077	80	0	0		0	0.61
nobgs	V0.5_c1	5	5	emmax_simes	0.870303157658887	0.40658509869077	80	0	0		0	0.575
nobgs	V0.5_c1	5	6	emmax_consensus	0.885264996357745	0.393370186659558	80	4	0	0	0	0
nobgs	V0.5_c1	5	6	emmax_simes	0.885264996357745	0.393370186659558	80	3	1	0.333333333333333	1	0.05
nobgs	V0.5_c1	5	7	emmax_consensus	0.887252679719394	0.406285028711119	80	1	0	0	0	0.615
nobgs	V0.5_c1	5	7	emmax_simes	0.887252679719394	0.406285028711119	80	1	0	0	0	0.5
nobgs	V0.5_c1	5	8	emmax_consensus	0.843220434185329	0.318164746106749	80	0	0		0	0.215
nobgs	V0.5_c1	5	8	emmax_simes	0.843220434185329	0.318164746106749	80	0	0		0	0.27
nobgs	V0.5_c1	5	9	emmax_consensus	0.821102416362601	0.357159208921978	80	0	0		0	0.415
nobgs	V0.5_c1	5	9	emmax_simes	0.821102416362601	0.357159208921978	80	0	0		0	0.25
nobgs	V0.5_c1	5	10	emmax_consensus	0.82432702797335	0.349481535416264	80	1	0	0	0	0.275
nobgs	V0.5_c1	5	10	emmax_simes	0.82432702797335	0.349481535416264	80	2	0	0	0	0.24
nobgs	V0.5_c1	6	1	emmax_consensus	0.870445149723115	0.479631814108846	80	0	0		0	0.305
nobgs	V0.5_c1	6	1	emmax_simes	0.870445149723115	0.479631814108846	80	0	0		0	0.215
nobgs	V0.5_c1	6	2	emmax_consensus	0.920613707621734	0.480028408753028	80	3	2	0.666666666666667	1	0.545
nobgs	V0.5_c1	6	2	emmax_simes	0.920613707621734	0.480028408753028	80	3	2	0.666666666666667	1	0.625
nobgs	V0.5_c1	6	3	emmax_consensus	0.914401954646828	0.525202741128618	80	3	1	0.333333333333333	1	2.175
nobgs	V0.5_c1	6	3	emmax_simes	0.914401954646828	0.525202741128618	80	4	2	0.5	1	2.24
nobgs	V0.5_c1	6	4	emmax_consensus	0.873145894488484	0.471030639486804	80	2	0	0	0	0.395
nobgs	V0.5_c1	6	4	emmax_simes	0.873145894488484	0.471030639486804	80	2	0	0	0	0.405
nobgs	V0.5_c1	6	5	emmax_consensus	0.861983201263638	0.4305623179964	80	6	4	0.666666666666667	1	0.34
nobgs	V0.5_c1	6	5	emmax_simes	0.861983201263638	0.4305623179964	80	6	5	0.833333333333333	1	0.36
nobgs	V0.5_c1	6	6	emmax_consensus	0.867213963348272	0.328754432531514	80	3	3	1	1	0.195
nobgs	V0.5_c1	6	6	emmax_simes	0.867213963348272	0.328754432531514	80	3	3	1	1	0.15
nobgs	V0.5_c1	6	7	emmax_consensus	0.847376705388138	0.38296136281414	80	1	0	0	0	0.34
nobgs	V0.5_c1	6	7	emmax_simes	0.847376705388138	0.38296136281414	80	1	0	0	0	0.215
nobgs	V0.5_c1	6	8	emmax_consensus	0.830845773278448	0.371621948118495	80	2	1	0.5	1	0.935
nobgs	V0.5_c1	6	8	emmax_simes	0.830845773278448	0.371621948118495	80	2	1	0.5	1	0.955
nobgs	V0.5_c1	6	9	emmax_consensus	0.816146905143506	0.334665644700831	80	0	0		0	0.265
nobgs	V0.5_c1	6	9	emmax_simes	0.816146905143506	0.334665644700831	80	0	0		0	0.38
nobgs	V0.5_c1	6	10	emmax_consensus	0.819483186954818	0.327560200136511	80	0	0		0	1.525
nobgs	V0.5_c1	6	10	emmax_simes	0.819483186954818	0.327560200136511	80	0	0		0	1.36
nobgs	V0.5_c1	8	1	emmax_consensus	0.882164587159374	0.494281740867087	80	0	0		0	3.085
nobgs	V0.5_c1	8	1	emmax_simes	0.882164587159374	0.494281740867087	80	1	1	1	1	2.605
nobgs	V0.5_c1	8	2	emmax_consensus	0.917498689982822	0.456596658235103	80	1	0	0	0	1.65
nobgs	V0.5_c1	8	2	emmax_simes	0.917498689982822	0.456596658235103	80	1	0	0	0	1.38
nobgs	V0.5_c1	8	3	emmax_consensus	0.924823151493638	0.537022938683694	80	5	1	0.2	1	0.33
nobgs	V0.5_c1	8	3	emmax_simes	0.924823151493638	0.537022938683694	80	3	0	0	0	0.18
nobgs	V0.5_c1	8	4	emmax_consensus	0.881623887632805	0.468389915792037	80	1	0	0	0	0.035
nobgs	V0.5_c1	8	4	emmax_simes	0.881623887632805	0.468389915792037	80	1	0	0	0	0.035
nobgs	V0.5_c1	8	5	emmax_consensus	0.898168717230583	0.383968893819792	80	0	0		0	1.345
nobgs	V0.5_c1	8	5	emmax_simes	0.898168717230583	0.383968893819792	80	1	0	0	0	1.15
nobgs	V0.5_c1	8	6	emmax_consensus	0.874627954279935	0.34656416798266	80	4	3	0.75	1	0.555
nobgs	V0.5_c1	8	6	emmax_simes	0.874627954279935	0.34656416798266	80	3	2	0.666666666666667	1	0.705
nobgs	V0.5_c1	8	7	emmax_consensus	0.86195806505726	0.392902107846837	80	1	0	0	0	0.11
nobgs	V0.5_c1	8	7	emmax_simes	0.86195806505726	0.392902107846837	80	2	1	0.5	1	0.105
nobgs	V0.5_c1	8	8	emmax_consensus	0.833718594603398	0.345789916703036	80	4	2	0.5	1	0.655
nobgs	V0.5_c1	8	8	emmax_simes	0.833718594603398	0.345789916703036	80	3	1	0.333333333333333	1	0.665
nobgs	V0.5_c1	8	9	emmax_consensus	0.801439333815104	0.340465550716052	80	1	0	0	0	2.355
nobgs	V0.5_c1	8	9	emmax_simes	0.801439333815104	0.340465550716052	80	1	0	0	0	2.045
nobgs	V0.5_c1	8	10	emmax_consensus	0.82866592773767	0.359282599397436	80	1	0	0	0	0.44
nobgs	V0.5_c1	8	10	emmax_simes	0.82866592773767	0.359282599397436	80	1	0	0	0	0.39
nobgs	V0.5_c1.5	2	1	emmax_consensus	0.890063318090179	0.535677311787799	80	0	0		0	6.92
nobgs	V0.5_c1.5	2	1	emmax_simes	0.890063318090179	0.535677311787799	80	0	0		0	5.38
nobgs	V0.5_c1.5	2	2	emmax_consensus	0.919782859570651	0.489131668534394	80	4	4	1	1	8.215
nobgs	V0.5_c1.5	2	2	emmax_simes	0.919782859570651	0.489131668534394	80	2	2	1	1	6.16
nobgs	V0.5_c1.5	2	3	emmax_consensus	0.927799746997957	0.553707017988708	80	1	1	1	1	12.695
nobgs	V0.5_c1.5	2	3	emmax_simes	0.927799746997957	0.553707017988708	80	0	0		0	10.465
nobgs	V0.5_c1.5	2	4	emmax_consensus	0.899036904034722	0.524537523336498	80	0	0		0	7.555
nobgs	V0.5_c1.5	2	4	emmax_simes	0.899036904034722	0.524537523336498	80	0	0		0	4.97
nobgs	V0.5_c1.5	2	5	emmax_consensus	0.880108142210325	0.427364420242421	80	0	0		0	9.42
nobgs	V0.5_c1.5	2	5	emmax_simes	0.880108142210325	0.427364420242421	80	0	0		0	6.84
nobgs	V0.5_c1.5	2	6	emmax_consensus	0.895681837510005	0.37966414777449	80	12	12	1	1	10.025
nobgs	V0.5_c1.5	2	6	emmax_simes	0.895681837510005	0.37966414777449	80	11	11	1	1	7.72
nobgs	V0.5_c1.5	2	7	emmax_consensus	0.924829014654067	0.418675979180915	80	5	3	0.6	1	11.225
nobgs	V0.5_c1.5	2	7	emmax_simes	0.924829014654067	0.418675979180915	80	7	4	0.571428571428571	1	8.67
nobgs	V0.5_c1.5	2	8	emmax_consensus	0.856904924267495	0.313365676811264	80	0	0		0	9.91
nobgs	V0.5_c1.5	2	8	emmax_simes	0.856904924267495	0.313365676811264	80	3	2	0.666666666666667	1	7.445
nobgs	V0.5_c1.5	2	9	emmax_consensus	0.842198130836287	0.394659371637041	80	1	1	1	1	8.685
nobgs	V0.5_c1.5	2	9	emmax_simes	0.842198130836287	0.394659371637041	80	1	1	1	1	5.92
nobgs	V0.5_c1.5	2	10	emmax_consensus	0.841085161659697	0.384051303694403	80	5	4	0.8	1	11.98
nobgs	V0.5_c1.5	2	10	emmax_simes	0.841085161659697	0.384051303694403	80	2	1	0.5	1	8.425
nobgs	V0.5_c1.5	3	1	emmax_consensus	0.885591591366154	0.537112291820785	80	1	1	1	1	7.165
nobgs	V0.5_c1.5	3	1	emmax_simes	0.885591591366154	0.537112291820785	80	1	1	1	1	5.825
nobgs	V0.5_c1.5	3	2	emmax_consensus	0.928499197806972	0.471636955432675	80	6	6	1	1	9.48
nobgs	V0.5_c1.5	3	2	emmax_simes	0.928499197806972	0.471636955432675	80	0	0		0	8.09
nobgs	V0.5_c1.5	3	3	emmax_consensus	0.925916272182936	0.563182966321983	80	4	3	0.75	1	12.23
nobgs	V0.5_c1.5	3	3	emmax_simes	0.925916272182936	0.563182966321983	80	1	0	0	0	9.205
nobgs	V0.5_c1.5	3	4	emmax_consensus	0.881445716033896	0.513666664825433	80	0	0		0	8.515
nobgs	V0.5_c1.5	3	4	emmax_simes	0.881445716033896	0.513666664825433	80	0	0		0	5.99
nobgs	V0.5_c1.5	3	5	emmax_consensus	0.888589631805739	0.442084458657724	80	0	0		0	11.005
nobgs	V0.5_c1.5	3	5	emmax_simes	0.888589631805739	0.442084458657724	80	0	0		0	8.59
nobgs	V0.5_c1.5	3	6	emmax_consensus	0.900015574734457	0.375210346468035	80	4	3	0.75	1	12.43
nobgs	V0.5_c1.5	3	6	emmax_simes	0.900015574734457	0.375210346468035	80	6	5	0.833333333333333	1	9.5
nobgs	V0.5_c1.5	3	7	emmax_consensus	0.926092476657218	0.398298205422567	80	2	1	0.5	1	15.415
nobgs	V0.5_c1.5	3	7	emmax_simes	0.926092476657218	0.398298205422567	80	1	0	0	0	12.54
nobgs	V0.5_c1.5	3	8	emmax_consensus	0.86400944552072	0.331080140520877	80	5	4	0.8	1	11.99
nobgs	V0.5_c1.5	3	8	emmax_simes	0.86400944552072	0.331080140520877	80	4	3	0.75	1	8.23
nobgs	V0.5_c1.5	3	9	emmax_consensus	0.843966310203166	0.375532239000284	80	0	0		0	10.565
nobgs	V0.5_c1.5	3	9	emmax_simes	0.843966310203166	0.375532239000284	80	0	0		0	8.885
nobgs	V0.5_c1.5	3	10	emmax_consensus	0.839319582005167	0.36655770392636	80	0	0		0	8.955
nobgs	V0.5_c1.5	3	10	emmax_simes	0.839319582005167	0.36655770392636	80	0	0		0	7.375
nobgs	V0.5_c1.5	6	1	emmax_consensus	0.898616727818551	0.51542889933537	80	0	0		0	7.505
nobgs	V0.5_c1.5	6	1	emmax_simes	0.898616727818551	0.51542889933537	80	0	0		0	6.335
nobgs	V0.5_c1.5	6	2	emmax_consensus	0.924504705384019	0.469157193083225	80	2	2	1	1	9.545
nobgs	V0.5_c1.5	6	2	emmax_simes	0.924504705384019	0.469157193083225	80	0	0		0	7.205
nobgs	V0.5_c1.5	6	3	emmax_consensus	0.924361577726751	0.552776176674449	80	3	2	0.666666666666667	1	11.44
nobgs	V0.5_c1.5	6	3	emmax_simes	0.924361577726751	0.552776176674449	80	3	1	0.333333333333333	1	8.89
nobgs	V0.5_c1.5	6	4	emmax_consensus	0.892178806885717	0.528926760982169	80	0	0		0	9.01
nobgs	V0.5_c1.5	6	4	emmax_simes	0.892178806885717	0.528926760982169	80	0	0		0	6.655
nobgs	V0.5_c1.5	6	5	emmax_consensus	0.909074926386879	0.431034327842671	80	0	0		0	8.58
nobgs	V0.5_c1.5	6	5	emmax_simes	0.909074926386879	0.431034327842671	80	0	0		0	6.695
nobgs	V0.5_c1.5	6	6	emmax_consensus	0.890322991206183	0.364212484061957	80	2	2	1	1	8.37
nobgs	V0.5_c1.5	6	6	emmax_simes	0.890322991206183	0.364212484061957	80	2	2	1	1	6.26
nobgs	V0.5_c1.5	6	7	emmax_consensus	0.928100567053781	0.407290122064469	80	2	1	0.5	1	9.675
nobgs	V0.5_c1.5	6	7	emmax_simes	0.928100567053781	0.407290122064469	80	3	2	0.666666666666667	1	7.225
nobgs	V0.5_c1.5	6	8	emmax_consensus	0.850004298097486	0.3350600509005	80	1	1	1	1	9.935
nobgs	V0.5_c1.5	6	8	emmax_simes	0.850004298097486	0.3350600509005	80	3	3	1	1	7.775
nobgs	V0.5_c1.5	6	9	emmax_consensus	0.863894158745334	0.369057970842395	80	0	0		0	5.47
nobgs	V0.5_c1.5	6	9	emmax_simes	0.863894158745334	0.369057970842395	80	0	0		0	4.59
nobgs	V0.5_c1.5	6	10	emmax_consensus	0.83302171084068	0.383390164369679	80	3	2	0.666666666666667	1	9.53
nobgs	V0.5_c1.5	6	10	emmax_simes	0.83302171084068	0.383390164369679	80	4	3	0.75	1	6.665
nobgs	V0.5_c1.5	8	1	emmax_consensus	0.885949293141549	0.540087280653997	80	1	1	1	1	6.59
nobgs	V0.5_c1.5	8	1	emmax_simes	0.885949293141549	0.540087280653997	80	1	1	1	1	4.885
nobgs	V0.5_c1.5	8	2	emmax_consensus	0.927665458144087	0.484848846147516	80	9	8	0.888888888888889	1	9.31
nobgs	V0.5_c1.5	8	2	emmax_simes	0.927665458144087	0.484848846147516	80	4	3	0.75	1	7.25
nobgs	V0.5_c1.5	8	3	emmax_consensus	0.932363865188156	0.566551999813458	80	0	0		0	9.43
nobgs	V0.5_c1.5	8	3	emmax_simes	0.932363865188156	0.566551999813458	80	1	1	1	1	6.875
nobgs	V0.5_c1.5	8	4	emmax_consensus	0.89127208761524	0.526862796423125	80	0	0		0	7.18
nobgs	V0.5_c1.5	8	4	emmax_simes	0.89127208761524	0.526862796423125	80	0	0		0	4.78
nobgs	V0.5_c1.5	8	5	emmax_consensus	0.890708362162563	0.435208831824185	80	0	0		0	9.96
nobgs	V0.5_c1.5	8	5	emmax_simes	0.890708362162563	0.435208831824185	80	0	0		0	7.895
nobgs	V0.5_c1.5	8	6	emmax_consensus	0.889199188834885	0.370959814973867	80	12	11	0.916666666666667	1	8.785
nobgs	V0.5_c1.5	8	6	emmax_simes	0.889199188834885	0.370959814973867	80	14	13	0.928571428571429	1	6.82
nobgs	V0.5_c1.5	8	7	emmax_consensus	0.916767315894243	0.440466374224133	80	0	0		0	13.76
nobgs	V0.5_c1.5	8	7	emmax_simes	0.916767315894243	0.440466374224133	80	0	0		0	10.575
nobgs	V0.5_c1.5	8	8	emmax_consensus	0.870510983249482	0.348221909543758	80	1	1	1	1	11.82
nobgs	V0.5_c1.5	8	8	emmax_simes	0.870510983249482	0.348221909543758	80	1	1	1	1	9.465
nobgs	V0.5_c1.5	8	9	emmax_consensus	0.861279776744517	0.377611412828625	80	0	0		0	9.265
nobgs	V0.5_c1.5	8	9	emmax_simes	0.861279776744517	0.377611412828625	80	0	0		0	7.495
nobgs	V0.5_c1.5	8	10	emmax_consensus	0.836747328982289	0.402006007364147	80	8	5	0.625	1	8.075
nobgs	V0.5_c1.5	8	10	emmax_simes	0.836747328982289	0.402006007364147	80	4	3	0.75	1	5.98
nobgs	V0.5_c1.5	10	1	emmax_consensus	0.876229211429927	0.518163059091594	80	0	0		0	7.545
nobgs	V0.5_c1.5	10	1	emmax_simes	0.876229211429927	0.518163059091594	80	1	0	0	0	6.02
nobgs	V0.5_c1.5	10	2	emmax_consensus	0.937473235058334	0.483439121931145	80	1	1	1	1	7.735
nobgs	V0.5_c1.5	10	2	emmax_simes	0.937473235058334	0.483439121931145	80	2	2	1	1	5.67
nobgs	V0.5_c1.5	10	3	emmax_consensus	0.924290724085454	0.56607952423557	80	2	2	1	1	11.63
nobgs	V0.5_c1.5	10	3	emmax_simes	0.924290724085454	0.56607952423557	80	3	2	0.666666666666667	1	8.6
nobgs	V0.5_c1.5	10	4	emmax_consensus	0.896674545416298	0.489957703000521	80	0	0		0	6.49
nobgs	V0.5_c1.5	10	4	emmax_simes	0.896674545416298	0.489957703000521	80	0	0		0	4.415
nobgs	V0.5_c1.5	10	5	emmax_consensus	0.89036184940275	0.427225855027921	80	0	0		0	11.12
nobgs	V0.5_c1.5	10	5	emmax_simes	0.89036184940275	0.427225855027921	80	0	0		0	9.455
nobgs	V0.5_c1.5	10	6	emmax_consensus	0.895527068353499	0.346982741828322	80	3	3	1	1	11.89
nobgs	V0.5_c1.5	10	6	emmax_simes	0.895527068353499	0.346982741828322	80	3	3	1	1	9.465
nobgs	V0.5_c1.5	10	7	emmax_consensus	0.928546649692094	0.435333981730177	80	0	0		0	10.85
nobgs	V0.5_c1.5	10	7	emmax_simes	0.928546649692094	0.435333981730177	80	2	1	0.5	1	9.69
nobgs	V0.5_c1.5	10	8	emmax_consensus	0.859645999636222	0.326393472669673	80	3	3	1	1	13.44
nobgs	V0.5_c1.5	10	8	emmax_simes	0.859645999636222	0.326393472669673	80	3	3	1	1	11.705
nobgs	V0.5_c1.5	10	9	emmax_consensus	0.846950986640686	0.37655787896002	80	2	2	1	1	10.42
nobgs	V0.5_c1.5	10	9	emmax_simes	0.846950986640686	0.37655787896002	80	1	1	1	1	9.19
nobgs	V0.5_c1.5	10	10	emmax_consensus	0.844720615663299	0.362174554120174	80	1	1	1	1	10.11
nobgs	V0.5_c1.5	10	10	emmax_simes	0.844720615663299	0.362174554120174	80	1	1	1	1	7.48
nobgs	V0.5_c2	2	1	emmax_consensus	0.912228189784359	0.518510615608324	80	0	0		0	18.585
nobgs	V0.5_c2	2	1	emmax_simes	0.912228189784359	0.518510615608324	80	0	0		0	21.17
nobgs	V0.5_c2	2	2	emmax_consensus	0.921916190805584	0.470875238281055	80	13	13	1	1	31.21
nobgs	V0.5_c2	2	2	emmax_simes	0.921916190805584	0.470875238281055	80	17	16	0.941176470588235	1	31.62
nobgs	V0.5_c2	2	3	emmax_consensus	0.93132993358473	0.554006261988372	80	17	17	1	1	27.61
nobgs	V0.5_c2	2	3	emmax_simes	0.93132993358473	0.554006261988372	80	20	20	1	1	27.7
nobgs	V0.5_c2	2	4	emmax_consensus	0.891528312461105	0.506055906859874	80	3	3	1	1	22.35
nobgs	V0.5_c2	2	4	emmax_simes	0.891528312461105	0.506055906859874	80	11	11	1	1	23.595
nobgs	V0.5_c2	2	5	emmax_consensus	0.896690985489268	0.447448864455907	80	4	4	1	1	27.585
nobgs	V0.5_c2	2	5	emmax_simes	0.896690985489268	0.447448864455907	80	14	14	1	1	27.805
nobgs	V0.5_c2	2	6	emmax_consensus	0.894323075656409	0.364992737728678	80	7	7	1	1	25.465
nobgs	V0.5_c2	2	6	emmax_simes	0.894323075656409	0.364992737728678	80	10	10	1	1	25.815
nobgs	V0.5_c2	2	7	emmax_consensus	0.917561560017571	0.468242887492299	80	5	5	1	1	30.865
nobgs	V0.5_c2	2	7	emmax_simes	0.917561560017571	0.468242887492299	80	18	18	1	1	29.465
nobgs	V0.5_c2	2	8	emmax_consensus	0.862926651572758	0.319672686709763	80	8	8	1	1	26.59
nobgs	V0.5_c2	2	8	emmax_simes	0.862926651572758	0.319672686709763	80	10	10	1	1	27.455
nobgs	V0.5_c2	2	9	emmax_consensus	0.846983862113251	0.427049380297613	80	0	0		0	23.14
nobgs	V0.5_c2	2	9	emmax_simes	0.846983862113251	0.427049380297613	80	0	0		0	22.275
nobgs	V0.5_c2	2	10	emmax_consensus	0.853119893927464	0.362824738259781	80	5	5	1	1	23.27
nobgs	V0.5_c2	2	10	emmax_simes	0.853119893927464	0.362824738259781	80	9	9	1	1	25.125
nobgs	V0.5_c2	5	1	emmax_consensus	0.900937560134745	0.511397344219782	80	4	4	1	1	19.82
nobgs	V0.5_c2	5	1	emmax_simes	0.900937560134745	0.511397344219782	80	6	6	1	1	20.005
nobgs	V0.5_c2	5	2	emmax_consensus	0.925851116502009	0.497426550746412	80	11	11	1	1	22.21
nobgs	V0.5_c2	5	2	emmax_simes	0.925851116502009	0.497426550746412	80	11	11	1	1	22.945
nobgs	V0.5_c2	5	3	emmax_consensus	0.929094710880534	0.557385916892152	80	12	12	1	1	22.335
nobgs	V0.5_c2	5	3	emmax_simes	0.929094710880534	0.557385916892152	80	12	12	1	1	22.325
nobgs	V0.5_c2	5	4	emmax_consensus	0.88445958918078	0.533494787803134	80	3	3	1	1	22.12
nobgs	V0.5_c2	5	4	emmax_simes	0.88445958918078	0.533494787803134	80	14	13	0.928571428571429	1	22.665
nobgs	V0.5_c2	5	5	emmax_consensus	0.895463482179507	0.447442267045473	80	1	1	1	1	23.18
nobgs	V0.5_c2	5	5	emmax_simes	0.895463482179507	0.447442267045473	80	1	1	1	1	24.52
nobgs	V0.5_c2	5	6	emmax_consensus	0.886961767198283	0.351458507697487	80	7	7	1	1	22.605
nobgs	V0.5_c2	5	6	emmax_simes	0.886961767198283	0.351458507697487	80	10	10	1	1	24.325
nobgs	V0.5_c2	5	7	emmax_consensus	0.92160832102715	0.469447431290667	80	8	8	1	1	23.175
nobgs	V0.5_c2	5	7	emmax_simes	0.92160832102715	0.469447431290667	80	11	10	0.909090909090909	1	24.335
nobgs	V0.5_c2	5	8	emmax_consensus	0.867361670010218	0.345662350671242	80	19	18	0.947368421052632	1	25.03
nobgs	V0.5_c2	5	8	emmax_simes	0.867361670010218	0.345662350671242	80	20	19	0.95	1	23.58
nobgs	V0.5_c2	5	9	emmax_consensus	0.846139562653177	0.397112111524595	80	0	0		0	18.04
nobgs	V0.5_c2	5	9	emmax_simes	0.846139562653177	0.397112111524595	80	0	0		0	20.175
nobgs	V0.5_c2	5	10	emmax_consensus	0.856182672863715	0.369014995444264	80	3	3	1	1	20.455
nobgs	V0.5_c2	5	10	emmax_simes	0.856182672863715	0.369014995444264	80	6	6	1	1	19.835
nobgs	V0.5_c2	6	1	emmax_consensus	0.890496295062359	0.502752360442175	80	0	0		0	20.535
nobgs	V0.5_c2	6	1	emmax_simes	0.890496295062359	0.502752360442175	80	1	1	1	1	22.39
nobgs	V0.5_c2	6	2	emmax_consensus	0.932162640949416	0.481099560568395	80	15	15	1	1	25.465
nobgs	V0.5_c2	6	2	emmax_simes	0.932162640949416	0.481099560568395	80	11	11	1	1	29.475
nobgs	V0.5_c2	6	3	emmax_consensus	0.92430512240471	0.55574511148307	80	13	13	1	1	26.73
nobgs	V0.5_c2	6	3	emmax_simes	0.92430512240471	0.55574511148307	80	12	12	1	1	25.34
nobgs	V0.5_c2	6	4	emmax_consensus	0.886524686847083	0.519122373238991	80	0	0		0	22.575
nobgs	V0.5_c2	6	4	emmax_simes	0.886524686847083	0.519122373238991	80	0	0		0	24.94
nobgs	V0.5_c2	6	5	emmax_consensus	0.884020899881153	0.439636706809823	80	4	4	1	1	28.16
nobgs	V0.5_c2	6	5	emmax_simes	0.884020899881153	0.439636706809823	80	0	0		0	28.725
nobgs	V0.5_c2	6	6	emmax_consensus	0.90050371815058	0.366933063956594	80	12	12	1	1	22.545
nobgs	V0.5_c2	6	6	emmax_simes	0.90050371815058	0.366933063956594	80	7	7	1	1	23.94
nobgs	V0.5_c2	6	7	emmax_consensus	0.92574253560432	0.461551184110716	80	8	8	1	1	25.305
nobgs	V0.5_c2	6	7	emmax_simes	0.92574253560432	0.461551184110716	80	12	12	1	1	27.16
nobgs	V0.5_c2	6	8	emmax_consensus	0.881246273086564	0.322544779250741	80	14	12	0.857142857142857	1	21.545
nobgs	V0.5_c2	6	8	emmax_simes	0.881246273086564	0.322544779250741	80	20	18	0.9	1	27.065
nobgs	V0.5_c2	6	9	emmax_consensus	0.847466940067398	0.393299863540594	80	5	5	1	1	21.68
nobgs	V0.5_c2	6	9	emmax_simes	0.847466940067398	0.393299863540594	80	7	7	1	1	24.775
nobgs	V0.5_c2	6	10	emmax_consensus	0.863277442995261	0.352122465279835	80	10	10	1	1	22.13
nobgs	V0.5_c2	6	10	emmax_simes	0.863277442995261	0.352122465279835	80	5	5	1	1	23.83
nobgs	V0.5_c2	8	1	emmax_consensus	0.896835047515742	0.507105374190184	80	1	1	1	1	21.41
nobgs	V0.5_c2	8	1	emmax_simes	0.896835047515742	0.507105374190184	80	1	1	1	1	22.57
nobgs	V0.5_c2	8	2	emmax_consensus	0.929655087371099	0.489321564337951	80	15	15	1	1	25.765
nobgs	V0.5_c2	8	2	emmax_simes	0.929655087371099	0.489321564337951	80	11	11	1	1	26.17
nobgs	V0.5_c2	8	3	emmax_consensus	0.93069756211606	0.562795822363221	80	12	12	1	1	27.425
nobgs	V0.5_c2	8	3	emmax_simes	0.93069756211606	0.562795822363221	80	15	15	1	1	26.69
nobgs	V0.5_c2	8	4	emmax_consensus	0.893136151523514	0.530501069263556	80	3	3	1	1	21.44
nobgs	V0.5_c2	8	4	emmax_simes	0.893136151523514	0.530501069263556	80	5	4	0.8	1	24.1
nobgs	V0.5_c2	8	5	emmax_consensus	0.896996938953211	0.451171856476163	80	3	3	1	1	31.82
nobgs	V0.5_c2	8	5	emmax_simes	0.896996938953211	0.451171856476163	80	1	1	1	1	34.12
nobgs	V0.5_c2	8	6	emmax_consensus	0.887877558814881	0.363266015773113	80	9	9	1	1	23.74
nobgs	V0.5_c2	8	6	emmax_simes	0.887877558814881	0.363266015773113	80	12	12	1	1	25.4
nobgs	V0.5_c2	8	7	emmax_consensus	0.919242618412046	0.463953766936134	80	9	9	1	1	32.905
nobgs	V0.5_c2	8	7	emmax_simes	0.919242618412046	0.463953766936134	80	13	13	1	1	34.27
nobgs	V0.5_c2	8	8	emmax_consensus	0.893001134557668	0.32536782647119	80	5	5	1	1	24.435
nobgs	V0.5_c2	8	8	emmax_simes	0.893001134557668	0.32536782647119	80	18	18	1	1	26.585
nobgs	V0.5_c2	8	9	emmax_consensus	0.869042945433134	0.41418152926458	80	3	3	1	1	23.925
nobgs	V0.5_c2	8	9	emmax_simes	0.869042945433134	0.41418152926458	80	4	4	1	1	24.465
nobgs	V0.5_c2	8	10	emmax_consensus	0.851897594462955	0.365465560423932	80	2	2	1	1	23.145
nobgs	V0.5_c2	8	10	emmax_simes	0.851897594462955	0.365465560423932	80	6	5	0.833333333333333	1	23.385
nobgs	V0.5_c2	10	1	emmax_consensus	0.8946764434386	0.517106377881181	80	7	6	0.857142857142857	1	18.355
nobgs	V0.5_c2	10	1	emmax_simes	0.8946764434386	0.517106377881181	80	7	7	1	1	21.28
nobgs	V0.5_c2	10	2	emmax_consensus	0.920849917270904	0.473358821655439	80	10	10	1	1	24.475
nobgs	V0.5_c2	10	2	emmax_simes	0.920849917270904	0.473358821655439	80	15	15	1	1	26.195
nobgs	V0.5_c2	10	3	emmax_consensus	0.919564517693543	0.559749850708736	80	14	13	0.928571428571429	1	24.905
nobgs	V0.5_c2	10	3	emmax_simes	0.919564517693543	0.559749850708736	80	15	13	0.866666666666667	1	25.78
nobgs	V0.5_c2	10	4	emmax_consensus	0.881099813580436	0.508850671213432	80	4	4	1	1	17.43
nobgs	V0.5_c2	10	4	emmax_simes	0.881099813580436	0.508850671213432	80	5	5	1	1	17.965
nobgs	V0.5_c2	10	5	emmax_consensus	0.890382502128852	0.456185545613514	80	7	7	1	1	27.855
nobgs	V0.5_c2	10	5	emmax_simes	0.890382502128852	0.456185545613514	80	6	6	1	1	29.53
nobgs	V0.5_c2	10	6	emmax_consensus	0.88309135915164	0.352879475503749	80	2	2	1	1	22.85
nobgs	V0.5_c2	10	6	emmax_simes	0.88309135915164	0.352879475503749	80	8	8	1	1	24.39
nobgs	V0.5_c2	10	7	emmax_consensus	0.917786258802375	0.454375699389134	80	10	9	0.9	1	30.455
nobgs	V0.5_c2	10	7	emmax_simes	0.917786258802375	0.454375699389134	80	14	13	0.928571428571429	1	32.815
nobgs	V0.5_c2	10	8	emmax_consensus	0.873754115783343	0.343350484865023	80	17	17	1	1	25.445
nobgs	V0.5_c2	10	8	emmax_simes	0.873754115783343	0.343350484865023	80	18	18	1	1	27.59
nobgs	V0.5_c2	10	9	emmax_consensus	0.847624377885551	0.401266407405905	80	1	1	1	1	21.045
nobgs	V0.5_c2	10	9	emmax_simes	0.847624377885551	0.401266407405905	80	1	1	1	1	23.025
nobgs	V0.5_c2	10	10	emmax_consensus	0.862459484509451	0.365303680783465	80	8	8	1	1	20.875
nobgs	V0.5_c2	10	10	emmax_simes	0.862459484509451	0.365303680783465	80	9	9	1	1	20.89
nobgs	V1_c1	1	1	emmax_consensus	0.873092136003377	0.482494337827437	80	0	0		0	0.44
nobgs	V1_c1	1	1	emmax_simes	0.873092136003377	0.482494337827437	80	0	0		0	0.255
nobgs	V1_c1	1	2	emmax_consensus	0.898707439270936	0.458200699551527	80	1	0	0	0	0.67
nobgs	V1_c1	1	2	emmax_simes	0.898707439270936	0.458200699551527	80	1	0	0	0	0.59
nobgs	V1_c1	1	3	emmax_consensus	0.907515905526055	0.524010077336065	80	1	0	0	0	0.145
nobgs	V1_c1	1	3	emmax_simes	0.907515905526055	0.524010077336065	80	1	0	0	0	0.125
nobgs	V1_c1	1	4	emmax_consensus	0.88009894951843	0.479999449391893	80	1	1	1	1	0.53
nobgs	V1_c1	1	4	emmax_simes	0.88009894951843	0.479999449391893	80	0	0		0	0.585
nobgs	V1_c1	1	5	emmax_consensus	0.849743405616974	0.430249961953031	80	2	1	0.5	1	0.44
nobgs	V1_c1	1	5	emmax_simes	0.849743405616974	0.430249961953031	80	1	0	0	0	0.17
nobgs	V1_c1	1	6	emmax_consensus	0.853132464807251	0.374848595705057	80	0	0		0	0.095
nobgs	V1_c1	1	6	emmax_simes	0.853132464807251	0.374848595705057	80	1	1	1	1	0.205
nobgs	V1_c1	1	7	emmax_consensus	0.845866655995781	0.385483163079193	80	2	0	0	0	0.52
nobgs	V1_c1	1	7	emmax_simes	0.845866655995781	0.385483163079193	80	2	0	0	0	0.335
nobgs	V1_c1	1	8	emmax_consensus	0.854332649513809	0.32794855791723	80	0	0		0	0.105
nobgs	V1_c1	1	8	emmax_simes	0.854332649513809	0.32794855791723	80	0	0		0	0.1
nobgs	V1_c1	1	9	emmax_consensus	0.816484584157882	0.341727328023643	80	0	0		0	0.35
nobgs	V1_c1	1	9	emmax_simes	0.816484584157882	0.341727328023643	80	0	0		0	0.25
nobgs	V1_c1	1	10	emmax_consensus	0.824462808851024	0.327327957398892	80	1	0	0	0	0.085
nobgs	V1_c1	1	10	emmax_simes	0.824462808851024	0.327327957398892	80	1	0	0	0	0.035
nobgs	V1_c1	2	1	emmax_consensus	0.870788874337069	0.492766219505955	80	1	0	0	0	0.055
nobgs	V1_c1	2	1	emmax_simes	0.870788874337069	0.492766219505955	80	1	0	0	0	0.04
nobgs	V1_c1	2	2	emmax_consensus	0.907616094464676	0.429600353245032	80	4	3	0.75	1	0.105
nobgs	V1_c1	2	2	emmax_simes	0.907616094464676	0.429600353245032	80	3	2	0.666666666666667	1	0.135
nobgs	V1_c1	2	3	emmax_consensus	0.914287247610888	0.513325774394777	80	1	0	0	0	0.145
nobgs	V1_c1	2	3	emmax_simes	0.914287247610888	0.513325774394777	80	1	0	0	0	0.14
nobgs	V1_c1	2	4	emmax_consensus	0.865382716354531	0.493192604226654	80	0	0		0	0.365
nobgs	V1_c1	2	4	emmax_simes	0.865382716354531	0.493192604226654	80	0	0		0	0.32
nobgs	V1_c1	2	5	emmax_consensus	0.880827555781674	0.413421020324505	80	0	0		0	0.595
nobgs	V1_c1	2	5	emmax_simes	0.880827555781674	0.413421020324505	80	0	0		0	0.42
nobgs	V1_c1	2	6	emmax_consensus	0.875083027588849	0.317798149400989	80	0	0		0	0.09
nobgs	V1_c1	2	6	emmax_simes	0.875083027588849	0.317798149400989	80	0	0		0	0.075
nobgs	V1_c1	2	7	emmax_consensus	0.886193108718357	0.372138079514232	80	1	0	0	0	0.335
nobgs	V1_c1	2	7	emmax_simes	0.886193108718357	0.372138079514232	80	1	0	0	0	0.24
nobgs	V1_c1	2	8	emmax_consensus	0.851706420247677	0.31524509147209	80	2	1	0.5	1	0.56
nobgs	V1_c1	2	8	emmax_simes	0.851706420247677	0.31524509147209	80	1	0	0	0	0.53
nobgs	V1_c1	2	9	emmax_consensus	0.796988602549151	0.345729250905121	80	0	0		0	0.21
nobgs	V1_c1	2	9	emmax_simes	0.796988602549151	0.345729250905121	80	0	0		0	0.12
nobgs	V1_c1	2	10	emmax_consensus	0.833355535833027	0.37253406615452	80	1	0	0	0	0.29
nobgs	V1_c1	2	10	emmax_simes	0.833355535833027	0.37253406615452	80	2	1	0.5	1	0.235
nobgs	V1_c1	4	1	emmax_consensus	0.860736318282055	0.484726214095092	80	1	0	0	0	0.025
nobgs	V1_c1	4	1	emmax_simes	0.860736318282055	0.484726214095092	80	1	0	0	0	0.055
nobgs	V1_c1	4	2	emmax_consensus	0.911853715225139	0.420413058981076	80	0	0		0	0.435
nobgs	V1_c1	4	2	emmax_simes	0.911853715225139	0.420413058981076	80	0	0		0	0.34
nobgs	V1_c1	4	3	emmax_consensus	0.897421674055936	0.504969377183066	80	2	1	0.5	1	0.13
nobgs	V1_c1	4	3	emmax_simes	0.897421674055936	0.504969377183066	80	2	1	0.5	1	0.175
nobgs	V1_c1	4	4	emmax_consensus	0.870728271369631	0.473725703424781	80	2	0	0	0	0.145
nobgs	V1_c1	4	4	emmax_simes	0.870728271369631	0.473725703424781	80	2	0	0	0	0.075
nobgs	V1_c1	4	5	emmax_consensus	0.869277576900981	0.385523166741846	80	2	0	0	0	0.695
nobgs	V1_c1	4	5	emmax_simes	0.869277576900981	0.385523166741846	80	2	0	0	0	0.65
nobgs	V1_c1	4	6	emmax_consensus	0.860205616287746	0.353464075938123	80	4	3	0.75	1	0.025
nobgs	V1_c1	4	6	emmax_simes	0.860205616287746	0.353464075938123	80	3	2	0.666666666666667	1	0.14
nobgs	V1_c1	4	7	emmax_consensus	0.882931529808673	0.391068172804945	80	2	0	0	0	0.345
nobgs	V1_c1	4	7	emmax_simes	0.882931529808673	0.391068172804945	80	2	0	0	0	0.22
nobgs	V1_c1	4	8	emmax_consensus	0.802151143786813	0.306716145520767	80	2	1	0.5	1	0.01
nobgs	V1_c1	4	8	emmax_simes	0.802151143786813	0.306716145520767	80	2	1	0.5	1	0.01
nobgs	V1_c1	4	9	emmax_consensus	0.825967678248352	0.341282538553713	80	0	0		0	0.36
nobgs	V1_c1	4	9	emmax_simes	0.825967678248352	0.341282538553713	80	0	0		0	0.22
nobgs	V1_c1	4	10	emmax_consensus	0.809096611502107	0.342878573940826	80	0	0		0	0.27
nobgs	V1_c1	4	10	emmax_simes	0.809096611502107	0.342878573940826	80	0	0		0	0.24
nobgs	V1_c1	9	1	emmax_consensus	0.869092257728123	0.50347114854384	80	1	0	0	0	0.2
nobgs	V1_c1	9	1	emmax_simes	0.869092257728123	0.50347114854384	80	1	0	0	0	0.35
nobgs	V1_c1	9	2	emmax_consensus	0.925023586560873	0.475541246516201	80	1	0	0	0	0.15
nobgs	V1_c1	9	2	emmax_simes	0.925023586560873	0.475541246516201	80	0	0		0	0.17
nobgs	V1_c1	9	3	emmax_consensus	0.925616778220383	0.524156403900386	80	4	2	0.5	1	0.405
nobgs	V1_c1	9	3	emmax_simes	0.925616778220383	0.524156403900386	80	3	2	0.666666666666667	1	0.415
nobgs	V1_c1	9	4	emmax_consensus	0.870258905272779	0.484149060449572	80	0	0		0	0.33
nobgs	V1_c1	9	4	emmax_simes	0.870258905272779	0.484149060449572	80	0	0		0	0.305
nobgs	V1_c1	9	5	emmax_consensus	0.865263211136026	0.39925165840653	80	1	0	0	0	0.43
nobgs	V1_c1	9	5	emmax_simes	0.865263211136026	0.39925165840653	80	1	0	0	0	0.555
nobgs	V1_c1	9	6	emmax_consensus	0.888892734996212	0.315931720755952	80	2	2	1	1	0.26
nobgs	V1_c1	9	6	emmax_simes	0.888892734996212	0.315931720755952	80	0	0		0	0.225
nobgs	V1_c1	9	7	emmax_consensus	0.882747413191461	0.37968977029773	80	0	0		0	0.26
nobgs	V1_c1	9	7	emmax_simes	0.882747413191461	0.37968977029773	80	0	0		0	0.255
nobgs	V1_c1	9	8	emmax_consensus	0.856144452878668	0.314190460372036	80	0	0		0	0.825
nobgs	V1_c1	9	8	emmax_simes	0.856144452878668	0.314190460372036	80	0	0		0	0.875
nobgs	V1_c1	9	9	emmax_consensus	0.837909833071759	0.35454266011813	80	0	0		0	0.035
nobgs	V1_c1	9	9	emmax_simes	0.837909833071759	0.35454266011813	80	0	0		0	0.125
nobgs	V1_c1	9	10	emmax_consensus	0.802881897582519	0.354739643020295	80	2	1	0.5	1	0.05
nobgs	V1_c1	9	10	emmax_simes	0.802881897582519	0.354739643020295	80	4	3	0.75	1	0.165
nobgs	V1_c1	10	1	emmax_consensus	0.870857061696038	0.512409379249624	80	1	0	0	0	0.22
nobgs	V1_c1	10	1	emmax_simes	0.870857061696038	0.512409379249624	80	1	0	0	0	0.13
nobgs	V1_c1	10	2	emmax_consensus	0.907366461788431	0.448638910551764	80	1	0	0	0	0.545
nobgs	V1_c1	10	2	emmax_simes	0.907366461788431	0.448638910551764	80	1	0	0	0	0.505
nobgs	V1_c1	10	3	emmax_consensus	0.899321379795429	0.506974352773536	80	0	0		0	0.955
nobgs	V1_c1	10	3	emmax_simes	0.899321379795429	0.506974352773536	80	0	0		0	0.965
nobgs	V1_c1	10	4	emmax_consensus	0.853649398611487	0.451852370128605	80	1	0	0	0	0.22
nobgs	V1_c1	10	4	emmax_simes	0.853649398611487	0.451852370128605	80	1	0	0	0	0.29
nobgs	V1_c1	10	5	emmax_consensus	0.885889407021693	0.418899489666619	80	0	0		0	0.745
nobgs	V1_c1	10	5	emmax_simes	0.885889407021693	0.418899489666619	80	0	0		0	0.815
nobgs	V1_c1	10	6	emmax_consensus	0.874849663845064	0.343676048405036	80	0	0		0	0.265
nobgs	V1_c1	10	6	emmax_simes	0.874849663845064	0.343676048405036	80	0	0		0	0.42
nobgs	V1_c1	10	7	emmax_consensus	0.885391256935971	0.385825113010395	80	1	0	0	0	0.18
nobgs	V1_c1	10	7	emmax_simes	0.885391256935971	0.385825113010395	80	1	0	0	0	0.12
nobgs	V1_c1	10	8	emmax_consensus	0.853543683661632	0.307465932736515	80	2	1	0.5	1	0.275
nobgs	V1_c1	10	8	emmax_simes	0.853543683661632	0.307465932736515	80	2	1	0.5	1	0.345
nobgs	V1_c1	10	9	emmax_consensus	0.835554227145544	0.334439054747878	80	0	0		0	0.015
nobgs	V1_c1	10	9	emmax_simes	0.835554227145544	0.334439054747878	80	0	0		0	0.035
nobgs	V1_c1	10	10	emmax_consensus	0.839911148718322	0.349112606963448	80	0	0		0	0.03
nobgs	V1_c1	10	10	emmax_simes	0.839911148718322	0.349112606963448	80	0	0		0	0.07
nobgs	V1_c1.5	2	1	emmax_consensus	0.879656541755122	0.530091337602294	80	0	0		0	6.36
nobgs	V1_c1.5	2	1	emmax_simes	0.879656541755122	0.530091337602294	80	0	0		0	4.21
nobgs	V1_c1.5	2	2	emmax_consensus	0.921567967918428	0.488104768427158	80	3	3	1	1	11.87
nobgs	V1_c1.5	2	2	emmax_simes	0.921567967918428	0.488104768427158	80	5	5	1	1	8.975
nobgs	V1_c1.5	2	3	emmax_consensus	0.925594185468692	0.567637791441071	80	2	2	1	1	7.055
nobgs	V1_c1.5	2	3	emmax_simes	0.925594185468692	0.567637791441071	80	0	0		0	4.525
nobgs	V1_c1.5	2	4	emmax_consensus	0.881920219497266	0.536937089117081	80	1	0	0	0	5.17
nobgs	V1_c1.5	2	4	emmax_simes	0.881920219497266	0.536937089117081	80	2	1	0.5	1	3.3
nobgs	V1_c1.5	2	5	emmax_consensus	0.897326143659295	0.429180790390778	80	3	2	0.666666666666667	1	14.42
nobgs	V1_c1.5	2	5	emmax_simes	0.897326143659295	0.429180790390778	80	3	2	0.666666666666667	1	12.51
nobgs	V1_c1.5	2	6	emmax_consensus	0.891321254446309	0.356569382788234	80	2	2	1	1	9.125
nobgs	V1_c1.5	2	6	emmax_simes	0.891321254446309	0.356569382788234	80	1	1	1	1	6.82
nobgs	V1_c1.5	2	7	emmax_consensus	0.92572107126443	0.430246317769595	80	2	2	1	1	8.52
nobgs	V1_c1.5	2	7	emmax_simes	0.92572107126443	0.430246317769595	80	4	4	1	1	6.75
nobgs	V1_c1.5	2	8	emmax_consensus	0.861797706028099	0.347671137156621	80	3	3	1	1	9.585
nobgs	V1_c1.5	2	8	emmax_simes	0.861797706028099	0.347671137156621	80	1	1	1	1	7.005
nobgs	V1_c1.5	2	9	emmax_consensus	0.873275913582249	0.375594158103028	80	1	1	1	1	8.175
nobgs	V1_c1.5	2	9	emmax_simes	0.873275913582249	0.375594158103028	80	0	0		0	6.07
nobgs	V1_c1.5	2	10	emmax_consensus	0.864760126507564	0.37428200189303	80	3	2	0.666666666666667	1	9.655
nobgs	V1_c1.5	2	10	emmax_simes	0.864760126507564	0.37428200189303	80	0	0		0	6.965
nobgs	V1_c1.5	4	1	emmax_consensus	0.897963366990336	0.526584467721025	80	0	0		0	7.04
nobgs	V1_c1.5	4	1	emmax_simes	0.897963366990336	0.526584467721025	80	0	0		0	4.945
nobgs	V1_c1.5	4	2	emmax_consensus	0.919383596968498	0.5087400709908	80	8	7	0.875	1	6.73
nobgs	V1_c1.5	4	2	emmax_simes	0.919383596968498	0.5087400709908	80	0	0		0	4.395
nobgs	V1_c1.5	4	3	emmax_consensus	0.933864340885588	0.577912828571942	80	0	0		0	5.915
nobgs	V1_c1.5	4	3	emmax_simes	0.933864340885588	0.577912828571942	80	0	0		0	4.18
nobgs	V1_c1.5	4	4	emmax_consensus	0.885097700266426	0.531328554916191	80	1	1	1	1	3.53
nobgs	V1_c1.5	4	4	emmax_simes	0.885097700266426	0.531328554916191	80	0	0		0	3.085
nobgs	V1_c1.5	4	5	emmax_consensus	0.895098183059206	0.43092860152165	80	0	0		0	9.19
nobgs	V1_c1.5	4	5	emmax_simes	0.895098183059206	0.43092860152165	80	0	0		0	5.785
nobgs	V1_c1.5	4	6	emmax_consensus	0.899370307363233	0.370872547747845	80	8	8	1	1	8.26
nobgs	V1_c1.5	4	6	emmax_simes	0.899370307363233	0.370872547747845	80	3	3	1	1	6.39
nobgs	V1_c1.5	4	7	emmax_consensus	0.917775497675779	0.414387357553592	80	1	1	1	1	9.315
nobgs	V1_c1.5	4	7	emmax_simes	0.917775497675779	0.414387357553592	80	1	1	1	1	7.18
nobgs	V1_c1.5	4	8	emmax_consensus	0.866637753104476	0.363861659422266	80	3	3	1	1	8.56
nobgs	V1_c1.5	4	8	emmax_simes	0.866637753104476	0.363861659422266	80	5	5	1	1	5.92
nobgs	V1_c1.5	4	9	emmax_consensus	0.857010953518075	0.367524949960579	80	1	1	1	1	5.33
nobgs	V1_c1.5	4	9	emmax_simes	0.857010953518075	0.367524949960579	80	1	1	1	1	3.945
nobgs	V1_c1.5	4	10	emmax_consensus	0.850497143164472	0.369630728087142	80	0	0		0	5.575
nobgs	V1_c1.5	4	10	emmax_simes	0.850497143164472	0.369630728087142	80	0	0		0	4.78
nobgs	V1_c1.5	6	1	emmax_consensus	0.896072275408243	0.559491795493232	80	1	0	0	0	5.66
nobgs	V1_c1.5	6	1	emmax_simes	0.896072275408243	0.559491795493232	80	2	0	0	0	4.145
nobgs	V1_c1.5	6	2	emmax_consensus	0.926768469996647	0.458928958802674	80	8	8	1	1	11.1
nobgs	V1_c1.5	6	2	emmax_simes	0.926768469996647	0.458928958802674	80	7	7	1	1	8.875
nobgs	V1_c1.5	6	3	emmax_consensus	0.937822155774071	0.563863439170003	80	0	0		0	11.515
nobgs	V1_c1.5	6	3	emmax_simes	0.937822155774071	0.563863439170003	80	3	2	0.666666666666667	1	10.93
nobgs	V1_c1.5	6	4	emmax_consensus	0.890054681456004	0.52141974359043	80	0	0		0	9
nobgs	V1_c1.5	6	4	emmax_simes	0.890054681456004	0.52141974359043	80	0	0		0	7.6
nobgs	V1_c1.5	6	5	emmax_consensus	0.887021876795105	0.43426151303198	80	0	0		0	12.19
nobgs	V1_c1.5	6	5	emmax_simes	0.887021876795105	0.43426151303198	80	0	0		0	9.87
nobgs	V1_c1.5	6	6	emmax_consensus	0.900211753260546	0.378289825640915	80	2	2	1	1	8.01
nobgs	V1_c1.5	6	6	emmax_simes	0.900211753260546	0.378289825640915	80	5	5	1	1	6.48
nobgs	V1_c1.5	6	7	emmax_consensus	0.915642088181266	0.418995802636	80	2	1	0.5	1	10.605
nobgs	V1_c1.5	6	7	emmax_simes	0.915642088181266	0.418995802636	80	1	1	1	1	7.8
nobgs	V1_c1.5	6	8	emmax_consensus	0.877466226255429	0.343421060543988	80	6	6	1	1	12.115
nobgs	V1_c1.5	6	8	emmax_simes	0.877466226255429	0.343421060543988	80	4	4	1	1	9.925
nobgs	V1_c1.5	6	9	emmax_consensus	0.848442374736297	0.368053977455211	80	0	0		0	8.235
nobgs	V1_c1.5	6	9	emmax_simes	0.848442374736297	0.368053977455211	80	0	0		0	5.67
nobgs	V1_c1.5	6	10	emmax_consensus	0.839185551305985	0.371162937311039	80	0	0		0	9.545
nobgs	V1_c1.5	6	10	emmax_simes	0.839185551305985	0.371162937311039	80	1	0	0	0	7.29
nobgs	V1_c1.5	8	1	emmax_consensus	0.879035206991668	0.53295241222536	80	1	1	1	1	6.41
nobgs	V1_c1.5	8	1	emmax_simes	0.879035206991668	0.53295241222536	80	0	0		0	4.73
nobgs	V1_c1.5	8	2	emmax_consensus	0.914160392713329	0.494155516611801	80	1	1	1	1	8.215
nobgs	V1_c1.5	8	2	emmax_simes	0.914160392713329	0.494155516611801	80	5	5	1	1	6.45
nobgs	V1_c1.5	8	3	emmax_consensus	0.933188953225417	0.55332894976219	80	1	1	1	1	8.935
nobgs	V1_c1.5	8	3	emmax_simes	0.933188953225417	0.55332894976219	80	1	1	1	1	6.02
nobgs	V1_c1.5	8	4	emmax_consensus	0.885331058516852	0.523515725472617	80	0	0		0	6.805
nobgs	V1_c1.5	8	4	emmax_simes	0.885331058516852	0.523515725472617	80	0	0		0	4.9
nobgs	V1_c1.5	8	5	emmax_consensus	0.905039918703384	0.440255913511191	80	1	1	1	1	9.14
nobgs	V1_c1.5	8	5	emmax_simes	0.905039918703384	0.440255913511191	80	1	1	1	1	6.63
nobgs	V1_c1.5	8	6	emmax_consensus	0.88432741660075	0.369997901513298	80	6	6	1	1	8.81
nobgs	V1_c1.5	8	6	emmax_simes	0.88432741660075	0.369997901513298	80	5	5	1	1	7.34
nobgs	V1_c1.5	8	7	emmax_consensus	0.928817018033513	0.428213703310479	80	1	0	0	0	10.77
nobgs	V1_c1.5	8	7	emmax_simes	0.928817018033513	0.428213703310479	80	1	0	0	0	7.575
nobgs	V1_c1.5	8	8	emmax_consensus	0.863285693196534	0.347047728586393	80	2	2	1	1	12.925
nobgs	V1_c1.5	8	8	emmax_simes	0.863285693196534	0.347047728586393	80	3	3	1	1	9.23
nobgs	V1_c1.5	8	9	emmax_consensus	0.851710571500142	0.362713079252905	80	0	0		0	8.72
nobgs	V1_c1.5	8	9	emmax_simes	0.851710571500142	0.362713079252905	80	0	0		0	6.235
nobgs	V1_c1.5	8	10	emmax_consensus	0.835106853555404	0.379854505301584	80	0	0		0	7.91
nobgs	V1_c1.5	8	10	emmax_simes	0.835106853555404	0.379854505301584	80	1	1	1	1	5.445
nobgs	V1_c1.5	10	1	emmax_consensus	0.893061985633767	0.523464722064941	80	0	0		0	7.91
nobgs	V1_c1.5	10	1	emmax_simes	0.893061985633767	0.523464722064941	80	0	0		0	6.28
nobgs	V1_c1.5	10	2	emmax_consensus	0.925370529465019	0.483029127989784	80	7	7	1	1	10.69
nobgs	V1_c1.5	10	2	emmax_simes	0.925370529465019	0.483029127989784	80	7	6	0.857142857142857	1	8.26
nobgs	V1_c1.5	10	3	emmax_consensus	0.9262398157148	0.571738502673291	80	1	0	0	0	5.75
nobgs	V1_c1.5	10	3	emmax_simes	0.9262398157148	0.571738502673291	80	0	0		0	4.735
nobgs	V1_c1.5	10	4	emmax_consensus	0.886406565599732	0.540514358058671	80	0	0		0	7.595
nobgs	V1_c1.5	10	4	emmax_simes	0.886406565599732	0.540514358058671	80	0	0		0	5.22
nobgs	V1_c1.5	10	5	emmax_consensus	0.900419473024297	0.436927620546968	80	1	1	1	1	8.355
nobgs	V1_c1.5	10	5	emmax_simes	0.900419473024297	0.436927620546968	80	0	0		0	6.83
nobgs	V1_c1.5	10	6	emmax_consensus	0.882785681745414	0.359246656917361	80	5	5	1	1	6.825
nobgs	V1_c1.5	10	6	emmax_simes	0.882785681745414	0.359246656917361	80	5	5	1	1	4.865
nobgs	V1_c1.5	10	7	emmax_consensus	0.927384855326935	0.428327032395725	80	2	2	1	1	10.36
nobgs	V1_c1.5	10	7	emmax_simes	0.927384855326935	0.428327032395725	80	2	2	1	1	6.97
nobgs	V1_c1.5	10	8	emmax_consensus	0.851533662116784	0.320195890405479	80	1	1	1	1	11.255
nobgs	V1_c1.5	10	8	emmax_simes	0.851533662116784	0.320195890405479	80	0	0		0	9.51
nobgs	V1_c1.5	10	9	emmax_consensus	0.845718994156063	0.370665662504508	80	0	0		0	8.95
nobgs	V1_c1.5	10	9	emmax_simes	0.845718994156063	0.370665662504508	80	0	0		0	7.025
nobgs	V1_c1.5	10	10	emmax_consensus	0.843518174595109	0.357157078766383	80	0	0		0	8.125
nobgs	V1_c1.5	10	10	emmax_simes	0.843518174595109	0.357157078766383	80	0	0		0	6.31
nobgs	V2_c1	1	1	emmax_consensus	0.844542476494437	0.473120472367472	80	0	0		0	0.345
nobgs	V2_c1	1	1	emmax_simes	0.844542476494437	0.473120472367472	80	0	0		0	0.43
nobgs	V2_c1	1	2	emmax_consensus	0.885716785636765	0.45322575701585	80	2	1	0.5	1	0.1
nobgs	V2_c1	1	2	emmax_simes	0.885716785636765	0.45322575701585	80	3	2	0.666666666666667	1	0.02
nobgs	V2_c1	1	3	emmax_consensus	0.921556260947262	0.513297243888563	80	2	1	0.5	1	0.21
nobgs	V2_c1	1	3	emmax_simes	0.921556260947262	0.513297243888563	80	2	1	0.5	1	0.255
nobgs	V2_c1	1	4	emmax_consensus	0.876218680952684	0.4842356246216	80	1	0	0	0	0.495
nobgs	V2_c1	1	4	emmax_simes	0.876218680952684	0.4842356246216	80	1	0	0	0	0.44
nobgs	V2_c1	1	5	emmax_consensus	0.86875870796962	0.405644762800601	80	2	0	0	0	0.085
nobgs	V2_c1	1	5	emmax_simes	0.86875870796962	0.405644762800601	80	1	0	0	0	0.025
nobgs	V2_c1	1	6	emmax_consensus	0.868602389370538	0.346793583885916	80	0	0		0	0.325
nobgs	V2_c1	1	6	emmax_simes	0.868602389370538	0.346793583885916	80	0	0		0	0.26
nobgs	V2_c1	1	7	emmax_consensus	0.874691133033724	0.393147768580341	80	0	0		0	0.125
nobgs	V2_c1	1	7	emmax_simes	0.874691133033724	0.393147768580341	80	0	0		0	0.045
nobgs	V2_c1	1	8	emmax_consensus	0.857199678361395	0.320179056266374	80	0	0		0	0.215
nobgs	V2_c1	1	8	emmax_simes	0.857199678361395	0.320179056266374	80	0	0		0	0.215
nobgs	V2_c1	1	9	emmax_consensus	0.786700264238479	0.338568924948937	80	0	0		0	0.265
nobgs	V2_c1	1	9	emmax_simes	0.786700264238479	0.338568924948937	80	0	0		0	0.325
nobgs	V2_c1	1	10	emmax_consensus	0.801850494765765	0.304332559572641	80	2	1	0.5	1	0.1
nobgs	V2_c1	1	10	emmax_simes	0.801850494765765	0.304332559572641	80	1	0	0	0	0.13
nobgs	V2_c1	3	1	emmax_consensus	0.863304698390012	0.474733183570395	80	0	0		0	0.17
nobgs	V2_c1	3	1	emmax_simes	0.863304698390012	0.474733183570395	80	0	0		0	0.18
nobgs	V2_c1	3	2	emmax_consensus	0.919804653488724	0.44689654019323	80	1	1	1	1	0.17
nobgs	V2_c1	3	2	emmax_simes	0.919804653488724	0.44689654019323	80	2	1	0.5	1	0.19
nobgs	V2_c1	3	3	emmax_consensus	0.911678452098366	0.531486902781871	80	1	0	0	0	0.07
nobgs	V2_c1	3	3	emmax_simes	0.911678452098366	0.531486902781871	80	1	0	0	0	0.155
nobgs	V2_c1	3	4	emmax_consensus	0.858930716732644	0.486459008248349	80	1	0	0	0	0.185
nobgs	V2_c1	3	4	emmax_simes	0.858930716732644	0.486459008248349	80	2	0	0	0	0.055
nobgs	V2_c1	3	5	emmax_consensus	0.858017608910477	0.382695461303216	80	1	0	0	0	0.53
nobgs	V2_c1	3	5	emmax_simes	0.858017608910477	0.382695461303216	80	1	0	0	0	0.605
nobgs	V2_c1	3	6	emmax_consensus	0.868334626590604	0.329813741432397	80	4	1	0.25	1	0.57
nobgs	V2_c1	3	6	emmax_simes	0.868334626590604	0.329813741432397	80	5	2	0.4	1	0.66
nobgs	V2_c1	3	7	emmax_consensus	0.839540174329588	0.366314879950142	80	1	0	0	0	0.115
nobgs	V2_c1	3	7	emmax_simes	0.839540174329588	0.366314879950142	80	1	0	0	0	0.055
nobgs	V2_c1	3	8	emmax_consensus	0.852872527370914	0.323084276250773	80	1	0	0	0	0.45
nobgs	V2_c1	3	8	emmax_simes	0.852872527370914	0.323084276250773	80	1	0	0	0	0.505
nobgs	V2_c1	3	9	emmax_consensus	0.793218099718666	0.325172387553843	80	0	0		0	0.195
nobgs	V2_c1	3	9	emmax_simes	0.793218099718666	0.325172387553843	80	0	0		0	0.19
nobgs	V2_c1	3	10	emmax_consensus	0.806889069869505	0.334484834097545	80	0	0		0	0.365
nobgs	V2_c1	3	10	emmax_simes	0.806889069869505	0.334484834097545	80	0	0		0	0.265
nobgs	V2_c1	4	1	emmax_consensus	0.855821966600032	0.462596501770888	80	3	2	0.666666666666667	1	0.26
nobgs	V2_c1	4	1	emmax_simes	0.855821966600032	0.462596501770888	80	3	2	0.666666666666667	1	0.17
nobgs	V2_c1	4	2	emmax_consensus	0.928002683212462	0.454964708339314	80	0	0		0	0.4
nobgs	V2_c1	4	2	emmax_simes	0.928002683212462	0.454964708339314	80	0	0		0	0.215
nobgs	V2_c1	4	3	emmax_consensus	0.908242172528047	0.503963282755515	80	2	1	0.5	1	0.28
nobgs	V2_c1	4	3	emmax_simes	0.908242172528047	0.503963282755515	80	2	1	0.5	1	0.25
nobgs	V2_c1	4	4	emmax_consensus	0.879938506375893	0.451218593848978	80	0	0		0	0.16
nobgs	V2_c1	4	4	emmax_simes	0.879938506375893	0.451218593848978	80	0	0		0	0.165
nobgs	V2_c1	4	5	emmax_consensus	0.852200057493135	0.420293857140748	80	0	0		0	0.06
nobgs	V2_c1	4	5	emmax_simes	0.852200057493135	0.420293857140748	80	0	0		0	0.045
nobgs	V2_c1	4	6	emmax_consensus	0.861170854115964	0.307511993053242	80	0	0		0	0.38
nobgs	V2_c1	4	6	emmax_simes	0.861170854115964	0.307511993053242	80	0	0		0	0.425
nobgs	V2_c1	4	7	emmax_consensus	0.851652811992959	0.390636733723131	80	1	0	0	0	0.09
nobgs	V2_c1	4	7	emmax_simes	0.851652811992959	0.390636733723131	80	1	0	0	0	0.14
nobgs	V2_c1	4	8	emmax_consensus	0.816955254993393	0.313161824342374	80	2	1	0.5	1	0.17
nobgs	V2_c1	4	8	emmax_simes	0.816955254993393	0.313161824342374	80	0	0		0	0.195
nobgs	V2_c1	4	9	emmax_consensus	0.766197059957456	0.334382581765998	80	0	0		0	0.015
nobgs	V2_c1	4	9	emmax_simes	0.766197059957456	0.334382581765998	80	0	0		0	0.01
nobgs	V2_c1	4	10	emmax_consensus	0.819555937710271	0.370886829407951	80	0	0		0	0.22
nobgs	V2_c1	4	10	emmax_simes	0.819555937710271	0.370886829407951	80	0	0		0	0.245
nobgs	V2_c1	5	1	emmax_consensus	0.859458104928394	0.485360821546097	80	0	0		0	0.075
nobgs	V2_c1	5	1	emmax_simes	0.859458104928394	0.485360821546097	80	0	0		0	0.145
nobgs	V2_c1	5	2	emmax_consensus	0.900015450291864	0.424178985485122	80	2	1	0.5	1	0.285
nobgs	V2_c1	5	2	emmax_simes	0.900015450291864	0.424178985485122	80	4	3	0.75	1	0.145
nobgs	V2_c1	5	3	emmax_consensus	0.910841925970618	0.529555302105747	80	0	0		0	0.705
nobgs	V2_c1	5	3	emmax_simes	0.910841925970618	0.529555302105747	80	0	0		0	0.765
nobgs	V2_c1	5	4	emmax_consensus	0.876920864382977	0.508405913700583	80	1	0	0	0	0.02
nobgs	V2_c1	5	4	emmax_simes	0.876920864382977	0.508405913700583	80	1	0	0	0	0.02
nobgs	V2_c1	5	5	emmax_consensus	0.830896353286576	0.406597323651084	80	1	0	0	0	0.05
nobgs	V2_c1	5	5	emmax_simes	0.830896353286576	0.406597323651084	80	1	0	0	0	0.1
nobgs	V2_c1	5	6	emmax_consensus	0.854509978066692	0.342774202062597	80	0	0		0	0.085
nobgs	V2_c1	5	6	emmax_simes	0.854509978066692	0.342774202062597	80	0	0		0	0.115
nobgs	V2_c1	5	7	emmax_consensus	0.867833284561268	0.384489067819045	80	1	0	0	0	0.385
nobgs	V2_c1	5	7	emmax_simes	0.867833284561268	0.384489067819045	80	1	0	0	0	0.49
nobgs	V2_c1	5	8	emmax_consensus	0.843581733763335	0.308878042611416	80	0	0		0	0.3
nobgs	V2_c1	5	8	emmax_simes	0.843581733763335	0.308878042611416	80	0	0		0	0.195
nobgs	V2_c1	5	9	emmax_consensus	0.771237269165941	0.330948549711159	80	0	0		0	0.06
nobgs	V2_c1	5	9	emmax_simes	0.771237269165941	0.330948549711159	80	0	0		0	0.03
nobgs	V2_c1	5	10	emmax_consensus	0.802371796986962	0.313670853640783	80	1	1	1	1	0.51
nobgs	V2_c1	5	10	emmax_simes	0.802371796986962	0.313670853640783	80	1	1	1	1	0.315
nobgs	V2_c1	6	1	emmax_consensus	0.880827479089665	0.48591122075191	80	0	0		0	0.23
nobgs	V2_c1	6	1	emmax_simes	0.880827479089665	0.48591122075191	80	0	0		0	0.28
nobgs	V2_c1	6	2	emmax_consensus	0.921526199666404	0.457237729237443	80	5	3	0.6	1	0.295
nobgs	V2_c1	6	2	emmax_simes	0.921526199666404	0.457237729237443	80	2	1	0.5	1	0.21
nobgs	V2_c1	6	3	emmax_consensus	0.898282415129023	0.512776044374193	80	1	0	0	0	0.04
nobgs	V2_c1	6	3	emmax_simes	0.898282415129023	0.512776044374193	80	1	0	0	0	0.035
nobgs	V2_c1	6	4	emmax_consensus	0.870774766225298	0.480932922337687	80	0	0		0	0.16
nobgs	V2_c1	6	4	emmax_simes	0.870774766225298	0.480932922337687	80	0	0		0	0.105
nobgs	V2_c1	6	5	emmax_consensus	0.852802824127269	0.425582225332583	80	1	0	0	0	0.125
nobgs	V2_c1	6	5	emmax_simes	0.852802824127269	0.425582225332583	80	1	0	0	0	0.06
nobgs	V2_c1	6	6	emmax_consensus	0.864787204819564	0.33147974623632	80	0	0		0	0.19
nobgs	V2_c1	6	6	emmax_simes	0.864787204819564	0.33147974623632	80	0	0		0	0.07
nobgs	V2_c1	6	7	emmax_consensus	0.853578585589107	0.366594961232377	80	0	0		0	0.175
nobgs	V2_c1	6	7	emmax_simes	0.853578585589107	0.366594961232377	80	0	0		0	0.26
nobgs	V2_c1	6	8	emmax_consensus	0.854289113652333	0.312069427611876	80	2	0	0	0	0.175
nobgs	V2_c1	6	8	emmax_simes	0.854289113652333	0.312069427611876	80	2	0	0	0	0.15
nobgs	V2_c1	6	9	emmax_consensus	0.77978955903427	0.323234390023904	80	0	0		0	0.3
nobgs	V2_c1	6	9	emmax_simes	0.77978955903427	0.323234390023904	80	0	0		0	0.105
nobgs	V2_c1	6	10	emmax_consensus	0.807298200862513	0.357974614042931	80	0	0		0	0.18
nobgs	V2_c1	6	10	emmax_simes	0.807298200862513	0.357974614042931	80	0	0		0	0.315
nobgs	V2_c1.5	1	1	emmax_consensus	0.876371721466452	0.516649202971393	80	0	0		0	6.62
nobgs	V2_c1.5	1	1	emmax_simes	0.876371721466452	0.516649202971393	80	0	0		0	3.82
nobgs	V2_c1.5	1	2	emmax_consensus	0.922122870123723	0.478840862646856	80	2	2	1	1	11.845
nobgs	V2_c1.5	1	2	emmax_simes	0.922122870123723	0.478840862646856	80	3	3	1	1	8.775
nobgs	V2_c1.5	1	3	emmax_consensus	0.939989387432317	0.561447881964657	80	1	0	0	0	7.385
nobgs	V2_c1.5	1	3	emmax_simes	0.939989387432317	0.561447881964657	80	0	0		0	5.27
nobgs	V2_c1.5	1	4	emmax_consensus	0.89287219211747	0.527652427272827	80	0	0		0	6.735
nobgs	V2_c1.5	1	4	emmax_simes	0.89287219211747	0.527652427272827	80	0	0		0	4.555
nobgs	V2_c1.5	1	5	emmax_consensus	0.89294770881521	0.415320478024045	80	0	0		0	8.155
nobgs	V2_c1.5	1	5	emmax_simes	0.89294770881521	0.415320478024045	80	2	2	1	1	5.66
nobgs	V2_c1.5	1	6	emmax_consensus	0.879328850408109	0.358759391540157	80	10	9	0.9	1	11.135
nobgs	V2_c1.5	1	6	emmax_simes	0.879328850408109	0.358759391540157	80	3	2	0.666666666666667	1	7.65
nobgs	V2_c1.5	1	7	emmax_consensus	0.911338146208864	0.433251261431761	80	1	0	0	0	11.575
nobgs	V2_c1.5	1	7	emmax_simes	0.911338146208864	0.433251261431761	80	1	0	0	0	8.135
nobgs	V2_c1.5	1	8	emmax_consensus	0.859415780971024	0.347969974413165	80	4	4	1	1	11.2
nobgs	V2_c1.5	1	8	emmax_simes	0.859415780971024	0.347969974413165	80	8	7	0.875	1	8.22
nobgs	V2_c1.5	1	9	emmax_consensus	0.851766170975515	0.381702171040206	80	0	0		0	8.79
nobgs	V2_c1.5	1	9	emmax_simes	0.851766170975515	0.381702171040206	80	0	0		0	6.83
nobgs	V2_c1.5	1	10	emmax_consensus	0.848705802009406	0.375981181932494	80	0	0		0	8.585
nobgs	V2_c1.5	1	10	emmax_simes	0.848705802009406	0.375981181932494	80	0	0		0	6.045
nobgs	V2_c1.5	2	1	emmax_consensus	0.891342247477546	0.538454176908427	80	0	0		0	7.49
nobgs	V2_c1.5	2	1	emmax_simes	0.891342247477546	0.538454176908427	80	0	0		0	5.03
nobgs	V2_c1.5	2	2	emmax_consensus	0.921039660687216	0.488966184105611	80	3	3	1	1	8.015
nobgs	V2_c1.5	2	2	emmax_simes	0.921039660687216	0.488966184105611	80	0	0		0	5.55
nobgs	V2_c1.5	2	3	emmax_consensus	0.92544895035728	0.56741588271134	80	1	1	1	1	8.855
nobgs	V2_c1.5	2	3	emmax_simes	0.92544895035728	0.56741588271134	80	2	2	1	1	6.165
nobgs	V2_c1.5	2	4	emmax_consensus	0.889831277892258	0.510892390231554	80	0	0		0	7.27
nobgs	V2_c1.5	2	4	emmax_simes	0.889831277892258	0.510892390231554	80	0	0		0	5.215
nobgs	V2_c1.5	2	5	emmax_consensus	0.894932804914326	0.434826557282088	80	2	2	1	1	7.855
nobgs	V2_c1.5	2	5	emmax_simes	0.894932804914326	0.434826557282088	80	0	0		0	5.685
nobgs	V2_c1.5	2	6	emmax_consensus	0.87969390177236	0.353995036966818	80	9	9	1	1	6.99
nobgs	V2_c1.5	2	6	emmax_simes	0.87969390177236	0.353995036966818	80	9	9	1	1	5.38
nobgs	V2_c1.5	2	7	emmax_consensus	0.932979673241037	0.421681002508922	80	3	3	1	1	11.64
nobgs	V2_c1.5	2	7	emmax_simes	0.932979673241037	0.421681002508922	80	1	1	1	1	9.485
nobgs	V2_c1.5	2	8	emmax_consensus	0.863666287343252	0.320320486368075	80	5	5	1	1	8.98
nobgs	V2_c1.5	2	8	emmax_simes	0.863666287343252	0.320320486368075	80	5	5	1	1	5.93
nobgs	V2_c1.5	2	9	emmax_consensus	0.842204431484841	0.378482979845746	80	1	1	1	1	10.505
nobgs	V2_c1.5	2	9	emmax_simes	0.842204431484841	0.378482979845746	80	0	0		0	7.43
nobgs	V2_c1.5	2	10	emmax_consensus	0.83977109686911	0.344539320521324	80	0	0		0	7.47
nobgs	V2_c1.5	2	10	emmax_simes	0.83977109686911	0.344539320521324	80	0	0		0	5.8
nobgs	V2_c1.5	5	1	emmax_consensus	0.887172574046043	0.524230174591382	80	0	0		0	6.095
nobgs	V2_c1.5	5	1	emmax_simes	0.887172574046043	0.524230174591382	80	1	1	1	1	4.29
nobgs	V2_c1.5	5	2	emmax_consensus	0.921912141128767	0.480437964152447	80	2	2	1	1	8.51
nobgs	V2_c1.5	5	2	emmax_simes	0.921912141128767	0.480437964152447	80	2	2	1	1	6.575
nobgs	V2_c1.5	5	3	emmax_consensus	0.93009599383217	0.566538435041239	80	3	2	0.666666666666667	1	7.02
nobgs	V2_c1.5	5	3	emmax_simes	0.93009599383217	0.566538435041239	80	0	0		0	6.405
nobgs	V2_c1.5	5	4	emmax_consensus	0.882908011464348	0.516744571620265	80	1	1	1	1	4.065
nobgs	V2_c1.5	5	4	emmax_simes	0.882908011464348	0.516744571620265	80	0	0		0	3.39
nobgs	V2_c1.5	5	5	emmax_consensus	0.906273686385586	0.446715190491727	80	1	1	1	1	8.17
nobgs	V2_c1.5	5	5	emmax_simes	0.906273686385586	0.446715190491727	80	0	0		0	5.785
nobgs	V2_c1.5	5	6	emmax_consensus	0.883438528234511	0.35366950343736	80	2	2	1	1	9.105
nobgs	V2_c1.5	5	6	emmax_simes	0.883438528234511	0.35366950343736	80	1	1	1	1	6.69
nobgs	V2_c1.5	5	7	emmax_consensus	0.928964099290068	0.415027885755973	80	0	0		0	9.06
nobgs	V2_c1.5	5	7	emmax_simes	0.928964099290068	0.415027885755973	80	0	0		0	6.685
nobgs	V2_c1.5	5	8	emmax_consensus	0.868486556063983	0.350093103587054	80	7	7	1	1	9.425
nobgs	V2_c1.5	5	8	emmax_simes	0.868486556063983	0.350093103587054	80	8	8	1	1	6.105
nobgs	V2_c1.5	5	9	emmax_consensus	0.857227483634002	0.375432905467919	80	0	0		0	5.49
nobgs	V2_c1.5	5	9	emmax_simes	0.857227483634002	0.375432905467919	80	0	0		0	3.62
nobgs	V2_c1.5	5	10	emmax_consensus	0.840401915289168	0.365465632444448	80	1	1	1	1	7.635
nobgs	V2_c1.5	5	10	emmax_simes	0.840401915289168	0.365465632444448	80	0	0		0	4.885
nobgs	V2_c1.5	8	1	emmax_consensus	0.88771148833551	0.518131515786882	80	1	1	1	1	7.36
nobgs	V2_c1.5	8	1	emmax_simes	0.88771148833551	0.518131515786882	80	3	3	1	1	6.485
nobgs	V2_c1.5	8	2	emmax_consensus	0.927200247020289	0.50027950947482	80	4	3	0.75	1	10.75
nobgs	V2_c1.5	8	2	emmax_simes	0.927200247020289	0.50027950947482	80	2	1	0.5	1	8.985
nobgs	V2_c1.5	8	3	emmax_consensus	0.921422275982837	0.537048043255286	80	1	1	1	1	6.53
nobgs	V2_c1.5	8	3	emmax_simes	0.921422275982837	0.537048043255286	80	1	1	1	1	4.525
nobgs	V2_c1.5	8	4	emmax_consensus	0.895524741409938	0.528423619596187	80	0	0		0	4.76
nobgs	V2_c1.5	8	4	emmax_simes	0.895524741409938	0.528423619596187	80	0	0		0	3.295
nobgs	V2_c1.5	8	5	emmax_consensus	0.897383047289964	0.436949015945618	80	1	1	1	1	11.98
nobgs	V2_c1.5	8	5	emmax_simes	0.897383047289964	0.436949015945618	80	1	1	1	1	7.295
nobgs	V2_c1.5	8	6	emmax_consensus	0.892473327297974	0.369257093097295	80	3	3	1	1	9.915
nobgs	V2_c1.5	8	6	emmax_simes	0.892473327297974	0.369257093097295	80	6	6	1	1	7.185
nobgs	V2_c1.5	8	7	emmax_consensus	0.920191750178938	0.42115138765002	80	0	0		0	7.45
nobgs	V2_c1.5	8	7	emmax_simes	0.920191750178938	0.42115138765002	80	0	0		0	6.295
nobgs	V2_c1.5	8	8	emmax_consensus	0.868905489829715	0.338844317665087	80	4	4	1	1	11.635
nobgs	V2_c1.5	8	8	emmax_simes	0.868905489829715	0.338844317665087	80	4	4	1	1	9.52
nobgs	V2_c1.5	8	9	emmax_consensus	0.833157332598704	0.388101552768816	80	1	1	1	1	9.3
nobgs	V2_c1.5	8	9	emmax_simes	0.833157332598704	0.388101552768816	80	1	1	1	1	7.495
nobgs	V2_c1.5	8	10	emmax_consensus	0.848794093918777	0.368155567931126	80	3	3	1	1	8.205
nobgs	V2_c1.5	8	10	emmax_simes	0.848794093918777	0.368155567931126	80	3	3	1	1	5.94
nobgs	V2_c1.5	9	1	emmax_consensus	0.877456456043938	0.515768262905836	80	0	0		0	7.435
nobgs	V2_c1.5	9	1	emmax_simes	0.877456456043938	0.515768262905836	80	0	0		0	5.82
nobgs	V2_c1.5	9	2	emmax_consensus	0.927465369671772	0.487579757428068	80	0	0		0	8.54
nobgs	V2_c1.5	9	2	emmax_simes	0.927465369671772	0.487579757428068	80	0	0		0	5.71
nobgs	V2_c1.5	9	3	emmax_consensus	0.934857972191643	0.568485138743271	80	5	4	0.8	1	10.77
nobgs	V2_c1.5	9	3	emmax_simes	0.934857972191643	0.568485138743271	80	1	1	1	1	7.765
nobgs	V2_c1.5	9	4	emmax_consensus	0.905482420012327	0.540808124359053	80	0	0		0	6.78
nobgs	V2_c1.5	9	4	emmax_simes	0.905482420012327	0.540808124359053	80	0	0		0	4.35
nobgs	V2_c1.5	9	5	emmax_consensus	0.901800667032733	0.424193881783126	80	3	3	1	1	11.435
nobgs	V2_c1.5	9	5	emmax_simes	0.901800667032733	0.424193881783126	80	3	3	1	1	8.69
nobgs	V2_c1.5	9	6	emmax_consensus	0.8851643863768	0.364130852031281	80	5	5	1	1	9.255
nobgs	V2_c1.5	9	6	emmax_simes	0.8851643863768	0.364130852031281	80	4	4	1	1	7.095
nobgs	V2_c1.5	9	7	emmax_consensus	0.915981491038484	0.416101060390834	80	4	3	0.75	1	9.305
nobgs	V2_c1.5	9	7	emmax_simes	0.915981491038484	0.416101060390834	80	3	2	0.666666666666667	1	6.595
nobgs	V2_c1.5	9	8	emmax_consensus	0.837065437884143	0.340730233358697	80	2	2	1	1	9.36
nobgs	V2_c1.5	9	8	emmax_simes	0.837065437884143	0.340730233358697	80	0	0		0	7.21
nobgs	V2_c1.5	9	9	emmax_consensus	0.865384647034246	0.373854216735318	80	0	0		0	6.75
nobgs	V2_c1.5	9	9	emmax_simes	0.865384647034246	0.373854216735318	80	0	0		0	4.565
nobgs	V2_c1.5	9	10	emmax_consensus	0.848211049257227	0.386700514604264	80	1	1	1	1	8.695
nobgs	V2_c1.5	9	10	emmax_simes	0.848211049257227	0.386700514604264	80	2	2	1	1	6.085
